date,open,high,low,close,volume,amount,turn
2020-01-02,10.154152,10.4203288,10.0851432,10.3611784,21364276,223002131.13,1.938900
2020-01-03,10.3611784,10.7357976,10.2724528,10.696364,31165854,332465171.77,2.828400
2020-01-06,10.8639568,11.1301336,10.548488,10.7555144,34082175,373412843.13,3.093100
2020-01-07,10.6667888,11.2977264,10.647072,11.2484344,41202113,461684656.77,3.739300
2020-01-08,11.4258856,11.534328,11.041408,11.2287176,34394113,393128848.91,3.121400
2020-01-09,11.139992,11.4061688,11.0019744,11.33716,33422684,380898401.65,3.033300
2020-01-10,11.33716,11.4160272,11.1498504,11.2090008,17955162,204728131.05,1.629500
2020-01-13,11.1597088,11.3075848,11.0808416,11.2681512,14749071,168132193.41,1.338500
2020-01-14,11.287868,11.3174432,11.1104168,11.1794256,15376720,174414818.08,1.395500
2020-01-15,11.1695672,11.2188592,10.9231072,11.139992,17040475,191635600.77,1.546500
2020-01-16,11.1597088,11.879372,11.1202752,11.8497968,44911812,531015546.03,4.076000
2020-01-17,11.8399384,11.8695136,11.5540448,11.58362,18269577,216533654.12,1.658000
2020-01-20,12.1849824,12.7469112,11.9878144,12.7469112,66421491,846813821.75,6.028100
2020-01-21,12.8750704,13.5651584,12.7469112,13.0032296,68311102,906196661.31,6.199500
2020-01-22,12.963796,13.3482736,12.7567696,13.2398312,41488196,550140140.14,3.765200
2020-01-23,13.013088,13.8313352,12.9243624,13.111672,50600931,683692976.48,4.592300
2020-02-03,11.8005048,12.1159736,11.8005048,11.8005048,42622211,511691893.66,3.868200
2020-02-04,11.83008,12.668044,11.83008,12.421584,45799925,576190114.74,4.156600
2020-02-05,12.5398848,13.1511056,12.372292,12.8947872,45781520,594125842.38,4.154900
2020-02-06,12.865212,13.4862912,12.5793184,13.4862912,53531801,710827292.37,4.858300
2020-02-07,13.4271408,13.456716,13.06238,13.1708224,52712185,706915180.41,4.783900
2020-02-10,12.914504,14.2355296,12.8750704,13.998928,53872621,743737992.83,4.889200
2020-02-11,13.703176,13.9693528,13.4764328,13.703176,33736457,468716654.97,3.061700
2020-02-12,13.5454416,13.7426096,13.1708224,13.6341672,33394218,456132052.2,3.030700
2020-02-13,13.703176,13.703176,12.9835128,12.9933712,38654276,519909379.91,3.508100
2020-02-14,12.914504,13.456716,12.8257784,13.06238,29723752,397060686.37,2.697600
2020-02-17,13.407424,14.3735472,13.407424,14.3735472,56174664,812047829.08,5.098100
2020-02-18,15.0932104,15.625564,14.8960424,15.28052,106572432,1646878841.8,9.671900
2020-02-19,14.935476,15.3593872,14.6298656,14.6495824,58629416,888877481.75,5.320900
2020-02-20,14.7777416,14.9551928,14.4129808,14.7974584,43448885,648802946.64,3.943200
2020-02-21,14.7974584,15.231228,14.6495824,14.9749096,48089576,729901154.18,4.364400
2020-02-24,14.7777416,15.4678296,14.491848,15.2115112,43564568,670974770.98,3.953700
2020-02-25,14.6692992,15.822732,14.5017064,15.7438648,65943085,1016905808.71,5.984600
2020-02-26,15.8128736,16.5522536,15.379104,15.4678296,67272651,1091348488.64,6.105300
2020-02-27,15.5664136,15.9311744,14.7876,15.3889624,45326882,709904289.43,4.113600
2020-02-28,14.5214232,14.886184,13.851052,13.851052,54401104,783687651.09,4.722900
2020-03-02,13.9102024,15.0734936,13.8116184,14.6200072,54847097,807271192.94,4.761600
2020-03-03,14.7876,15.625564,14.7876,15.0242016,43187633,667245629.72,3.582800
2020-03-04,14.9256176,15.3100952,14.7284496,15.0734936,29803874,453392335.04,2.472500
2020-03-05,15.3396704,15.52698,14.984768,15.1227856,27798818,429733079.78,2.306200
2020-03-06,14.935476,15.0734936,14.689016,14.9157592,18203763,275046514.64,1.510200
2020-03-09,14.6002904,14.6002904,13.7327512,13.8806272,41798837,597376147.91,3.467600
2020-03-10,13.6637424,14.8566088,13.6637424,14.8073168,43808076,637751178.28,3.634300
2020-03-11,15.1720776,15.28052,14.4031224,14.4031224,35773121,539380216.75,2.967700
2020-03-12,14.04822,14.491848,13.9397776,14.3242552,32936379,474623678.52,2.732400
2020-03-13,13.5651584,14.5509984,13.3186984,14.1369456,30045148,425547059.69,2.492500
2020-03-16,14.393264,14.393264,12.8553536,13.0525216,41641001,572999889.22,3.454500
2020-03-17,13.2989816,13.4369992,12.766628,13.1905392,30296129,403781382.82,2.513400
2020-03-18,13.30884,13.5750168,12.7469112,12.766628,24688356,330783350.85,2.048100
2020-03-19,12.8947872,13.3482736,12.7469112,13.2496896,25031795,330294280.36,2.076600
2020-03-20,13.3877072,14.3735472,13.358132,14.29468,42547391,605883426.42,3.529700
2020-03-23,13.8904856,14.1369456,13.4764328,13.604592,25016034,349660781.87,2.075300
2020-03-24,13.949636,14.0087864,13.2989816,13.7623264,23691477,329756155.68,1.965400
2020-03-25,14.1270872,14.196096,13.8313352,13.9102024,19594930,277965696.66,1.625600
2020-03-26,13.8313352,14.639724,13.5947336,14.3636888,29618991,427510446.13,2.457200
2020-03-27,14.4129808,14.7087328,13.9397776,13.949636,20206500,292306441.57,1.676300
2020-03-30,13.9102024,14.0876536,13.1708224,13.407424,24251526,333764901.3,2.011900
2020-03-31,13.653884,13.7721848,13.1313888,13.259548,16014001,217771963.86,1.328500
2020-04-01,13.210256,13.6637424,13.111672,13.3679904,16268658,221909771.73,1.349600
2020-04-02,13.3285568,14.7087328,13.3285568,14.7087328,40103272,579606990.45,3.327000
2020-04-03,14.738308,15.0537768,14.5017064,14.7678832,43214983,646679053.85,3.585100
2020-04-07,15.2509448,15.2509448,14.7087328,14.836892,45636419,689330058.69,3.786000
2020-04-08,14.6594408,15.0636352,14.6002904,14.8171752,33394698,503601987.34,2.770400
2020-04-09,14.886184,15.132644,14.5312816,14.689016,27475986,412981700.84,2.279400
2020-04-10,14.7876,14.836892,14.4228392,14.4721312,22270320,330265908.73,1.847500
2020-04-13,14.3834056,14.935476,14.3143968,14.8960424,27438701,409656897.78,2.276300
2020-04-14,14.9453344,15.0932104,14.6495824,15.0044848,25491152,384360573.7,2.114700
2020-04-15,14.9256176,14.9256176,14.4228392,14.4228392,26872669,399369621.94,2.229300
2020-04-16,14.4228392,15.477688,14.2552464,15.2706616,55717248,849789524.6,4.622300
2020-04-17,15.3002368,15.7044312,15.0636352,15.1720776,39217812,610628713.35,3.253500
2020-04-20,15.2213696,15.4579712,15.0439184,15.3100952,25968105,401434145.54,2.154300
2020-04-21,15.2115112,15.3495288,14.9256176,15.1227856,23033634,353103933.71,1.910900
2020-04-22,15.0439184,15.1129272,14.7284496,15.0439184,19630009,297331267.43,1.628500
2020-04-23,15.0636352,15.9804664,14.9157592,15.6157056,45228799,717252144.24,3.752200
2020-04-24,15.5861304,15.7537232,14.6594408,14.7876,43166325,656742607.03,3.581100
2020-04-27,14.738308,14.8566088,14.4129808,14.5115648,21406122,316452955.84,1.775800
2020-04-28,14.4524144,14.8566088,13.7919016,14.54114,29008022,422113694.66,2.406500
2020-04-29,14.4031224,15.132644,14.4031224,15.1129272,20533702,309720001.0,1.703500
2020-04-30,15.3100952,15.3692456,14.6791576,15.1425024,30738909,466903373.59,2.550100
2020-05-06,15.28052,15.8523072,14.7876,15.8030152,50850946,802712470.52,4.218600
2020-05-07,15.8030152,16.0987672,15.5171216,15.52698,43878765,700972218.45,3.640200
2020-05-08,15.7340064,15.7537232,15.4678296,15.6354224,29490036,466534500.24,2.446500
2020-05-11,15.6354224,16.2072096,15.5466968,15.7340064,36251620,580419444.91,3.007400
2020-05-12,15.7142896,15.7635816,15.3593872,15.52698,22459990,353228515.4,1.863300
2020-05-13,15.4875464,15.8424488,15.379104,15.7832984,26692034,425258999.37,2.214400
2020-05-14,15.724148,16.0494752,15.4974048,15.5565552,24999013,398432522.73,2.073900
2020-05-15,15.6058472,15.6452808,15.2016528,15.2608032,28931874,451895642.24,2.400200
2020-05-18,15.3593872,16.315652,15.3002368,15.9607496,61510378,995859272.1,5.102900
2020-05-19,15.9311744,16.1579176,15.822732,15.9410328,38612919,625078919.92,3.203300
2020-05-20,15.9903248,16.0494752,15.1227856,15.1720776,47888656,752965023.49,3.972800
2020-05-21,15.231228,15.4579712,14.8566088,14.9453344,24247978,371440377.64,2.011600
2020-05-22,14.8664672,15.1227856,14.590432,14.7087328,20692916,311301776.99,1.716700
2020-05-25,14.6988744,14.8664672,14.29468,14.5312816,19833211,291991522.2,1.645400
2020-05-26,14.5312816,14.7481664,14.5115648,14.7185912,11852128,176166416.29,0.983200
2020-05-27,14.7876,14.9256176,14.29468,14.3538304,19559369,287952444.02,1.622600
2020-05-28,14.2651048,14.4819896,13.9200608,14.442556,20914968,300415044.91,1.735100
2020-05-29,14.3045384,14.4326976,14.0876536,14.3636888,20212037,292739069.56,1.676800
2020-06-01,14.3834056,14.7876,14.3834056,14.7185912,23374228,347445881.24,1.939100
2020-06-02,14.7185912,14.738308,14.4524144,14.5115648,23466434,346909684.95,1.946800
2020-06-03,14.5115648,14.5509984,14.0186448,14.0876536,33788969,485300308.28,2.803100
2020-06-04,14.245388,14.4622728,14.0383616,14.146804,19226707,276750162.76,1.595000
2020-06-05,14.097512,14.1566624,13.8707688,13.949636,17347391,245324406.38,1.439100
2020-06-08,13.9792112,14.1172288,13.80176,14.097512,18859383,266569381.44,1.564600
2020-06-09,14.0777952,14.1763792,13.9594944,14.097512,10518241,150240660.47,0.872600
2020-06-10,14.0777952,14.2256712,13.9594944,14.1665208,15028020,215130226.47,1.246700
2020-06-11,14.1763792,14.2158128,13.9693528,14.097512,13537804,193383939.59,1.123100
2020-06-12,13.900344,14.1369456,13.8214768,14.0087864,15378347,218461625.83,1.275800
2020-06-15,13.9890696,14.0087864,13.8214768,13.8609104,13181886,185996131.6,1.093600
2020-06-16,13.9693528,14.393264,13.9102024,14.2256712,22656697,326762120.78,1.879600
2020-06-17,14.3045384,14.6692992,14.1665208,14.4721312,29739201,434748991.81,2.467200
2020-06-18,14.4228392,14.4228392,13.9693528,14.0383616,25402210,362725605.44,2.107400
2020-06-19,14.04822,14.2158128,13.9200608,14.1566624,18542001,264780965.59,1.538200
2020-06-22,14.1073704,14.2848216,13.949636,14.0087864,19951856,284370332.62,1.655200
2020-06-23,14.04822,14.196096,13.80176,13.8806272,30294711,427344250.86,2.513200
2020-06-24,13.8806272,13.9200608,13.1806808,13.2299728,51607741,699080917.16,4.281400
2020-06-29,13.2398312,13.3186984,13.06238,13.0722384,22400597,299522647.9,1.858300
2020-06-30,13.17149679,13.62808221,13.12186794,13.56852759,27826298,376141693.16,2.308500
2020-07-01,13.5983049,13.73726568,13.47919566,13.63800798,22055342,302807583.16,1.829700
2020-07-02,13.72733991,14.25340572,13.64793375,14.16407379,41145348,584561542.88,3.413400
2020-07-03,14.25340572,14.38244073,13.896078,14.26333149,28924176,414844594.67,2.399500
2020-07-06,14.3923665,15.14672502,14.3923665,15.0871704,46728962,700883546.97,3.876600
2020-07-07,15.2856858,16.05989586,15.21620541,15.27576003,66616407,1047702819.65,5.526500
2020-07-08,15.1864281,16.80432861,15.16657656,16.80432861,84536641,1378206681.3,7.013100
2020-07-09,17.82668292,18.48178374,17.3700975,18.48178374,138126258,2511944510.6,11.458900
2020-07-10,18.858963,18.858963,17.54876136,18.04504986,105971970,1938464097.85,8.791400
2020-07-13,17.91601485,17.99542101,17.42965212,17.93586639,82332831,1470456526.87,6.830300
2020-07-14,17.75720253,18.54133836,17.38002327,17.4693552,87809436,1588026021.11,7.284600
2020-07-15,17.6678706,17.98549524,16.86388323,16.9730667,69090909,1204974164.62,5.731800
2020-07-16,16.94328939,17.26091403,15.94078662,16.08967317,55314223,933205388.9,4.588800
2020-07-17,16.1790051,17.25098826,16.0797474,16.82418015,62499539,1054230697.65,5.184900
2020-07-20,17.25098826,18.27334257,16.98299247,18.18401064,82905446,1496272752.64,6.877800
2020-07-21,17.95571793,18.11453025,17.14180479,17.39987481,68170364,1199725416.05,5.655400
2020-07-22,17.0723244,18.12445602,17.03262132,17.6678706,62753548,1125183658.87,5.206000
2020-07-23,17.87631177,18.22371372,17.3700975,18.01527255,74137254,1334640520.49,6.150400
2020-07-24,18.01527255,18.3626745,16.95321516,17.0723244,83796850,1506905869.28,6.951800
2020-07-27,17.31054288,17.50905828,16.75469976,16.83410592,48166325,828986749.63,3.995900
2020-07-28,16.9730667,17.69764791,16.72492245,17.60831598,46798538,819006545.14,3.882400
2020-07-29,17.48920674,18.22371372,17.32046865,18.05497563,57430103,1034660012.81,4.764400
2020-07-30,18.45200643,18.5611899,17.5686129,17.82668292,49247905,892285433.71,4.085600
2020-07-31,17.98549524,18.03512409,17.45942943,17.57853867,42027636,749736072.36,3.486600
2020-08-03,18.14430756,19.33539996,17.866386,19.33539996,90373635,1723331378.89,7.497400
2020-08-04,19.85154,19.86146577,18.6604476,18.81925992,85773241,1648933204.58,7.115700
2020-08-05,18.5611899,19.62324729,18.52148682,19.22621649,73184347,1410499040.29,6.071300
2020-08-06,19.17658764,19.6530246,18.7597053,19.3552515,80958712,1570446401.51,6.716300
2020-08-07,19.1567361,21.2411478,18.59096721,20.45701197,112526587,2233713297.07,9.335200
2020-08-10,20.43716043,22.4322402,19.74235653,19.82176269,111248837,2340768730.43,9.229200
2020-08-11,19.72250499,21.09226125,19.3552515,20.27834811,82917854,1696567896.43,6.878800
2020-08-12,20.09968425,20.09968425,18.51156105,18.99792378,71621191,1384436912.53,5.941700
2020-08-13,19.0574784,19.5537669,18.76963107,18.80933415,43079590,828468183.64,3.573900
2020-08-14,18.6604476,19.70265345,18.6604476,19.52398959,48917976,954567168.44,4.058200
2020-08-17,19.91109462,20.50664082,19.60339575,20.15923887,57360722,1158835937.87,4.758600
2020-08-18,19.96072347,20.93344893,19.96072347,20.66545314,47467015,981193676.56,3.937800
2020-08-19,20.4470862,21.64810437,20.21879349,20.6456016,58839556,1238725548.89,4.881300
2020-08-20,20.32797696,20.92352316,19.41480612,19.70265345,43962479,883757123.7,3.647100
2020-08-21,19.70265345,21.0426324,19.70265345,20.07983271,41766316,857397866.43,3.464900
2020-08-24,19.9507977,20.39745735,19.68280191,19.88131731,27206139,545843996.57,2.257000
2020-08-25,19.85154,19.94087193,18.15423333,18.34282296,70419004,1335162669.88,5.841900
2020-08-26,18.28326834,18.50163528,17.52890982,17.77705407,39692010,714646394.84,3.292800
2020-08-27,17.81675715,18.41230335,17.48920674,18.40237758,32692175,594920003.81,2.712100
2020-08-28,19.02770109,19.3552515,18.68029914,18.858963,43820831,840100334.34,3.635400
2020-08-31,19.09718148,20.62575006,18.94829493,20.12946156,72468702,1451695439.74,6.012000
2020-09-01,20.4470862,22.14439287,20.19894195,22.1344671,125289396,2751283919.77,10.394000
2020-09-02,21.836694,22.2337248,21.37018281,21.86647131,80972042,1778874557.74,6.717400
2020-09-03,21.91610016,22.3329825,21.28085088,21.78706515,48479561,1060213180.61,4.021800
2020-09-04,21.3404055,21.97565478,21.12203856,21.64810437,32790098,711096565.97,2.720300
2020-09-07,21.80691669,22.42231443,20.47686351,20.47686351,69878671,1491415564.5,5.797100
2020-09-08,20.70515622,21.1418901,19.9507977,20.3478285,46328326,955675665.27,3.843400
2020-09-09,20.23864503,20.59597275,19.3552515,19.73243076,44315972,885792347.47,3.676400
2020-09-10,19.85154,20.2485708,19.12695879,19.19643918,25108102,496620868.02,2.083000
2020-09-11,19.18651341,19.58354421,18.87881454,19.4545092,20669164,400477727.19,1.714700
2020-09-14,19.46443497,19.80191115,18.98799801,19.29569688,28871008,561962017.67,2.395100
2020-09-15,19.26591957,19.50413805,19.04755263,19.22621649,26243343,508649689.72,2.177100
2020-09-16,19.31554842,19.32547419,18.69022491,18.81925992,23950095,455131280.1,1.986900
2020-09-17,18.858963,18.97807224,18.38252604,18.82918569,30972370,580913653.62,2.569500
2020-09-18,18.67037337,19.49421228,18.67037337,19.49421228,34258973,662778110.3,2.842100
2020-09-21,19.71257922,21.01285509,19.5537669,20.29819965,51092540,1050946331.1,4.238600
2020-09-22,19.93094616,19.99050078,19.5537669,19.85154,29049208,579531936.99,2.409900
2020-09-23,19.76220807,20.28827388,19.34532573,20.15923887,23833688,477321753.93,1.977200
2020-09-24,19.90116885,20.5463439,19.70265345,19.92102039,31635404,643093911.74,2.624500
2020-09-25,20.01035232,20.88382008,19.90116885,20.60589852,39009658,805947754.42,3.236200
2020-09-28,20.75478507,20.9433747,20.08975848,20.15923887,22136509,454412569.82,1.836400
2020-09-29,20.39745735,21.12203856,20.22871926,20.96322624,39410788,826164867.71,3.269500
2020-09-30,20.844117,21.45951474,20.52649236,21.10218702,27473770,583101889.76,2.279200
2020-10-09,21.61832706,21.88632285,21.20144472,21.38010858,25849684,560382408.68,2.144500
2020-10-12,21.52899513,22.2337248,21.2411478,22.11461556,45476536,1007179414.41,3.772700
2020-10-13,22.08483825,23.60348106,21.75728784,23.31563373,47134390,1091612828.19,3.910300
2020-10-14,23.2263018,23.61340683,23.0277864,23.3255595,33157508,778447545.19,2.750700
2020-10-15,23.08734102,23.80199646,22.9285287,23.30570796,32424953,764686215.3,2.690000
2020-10-16,23.10719256,23.56377798,22.7300133,23.09726679,28479136,663927521.63,2.362600
2020-10-19,22.9285287,23.70273876,22.91860293,23.13696987,28086034,658802201.5,2.330000
2020-10-20,22.96823178,23.4248172,22.88882562,23.30570796,21638681,505388514.13,1.795100
2020-10-21,23.30570796,23.61340683,22.87889985,23.08734102,21927262,511590793.2,1.819100
2020-10-22,23.13696987,23.21637603,22.18409595,22.5314979,32497364,740609756.4,2.696000
2020-10-23,22.74986484,23.03771217,21.4396632,21.45951474,30592265,679419076.56,2.537900
2020-10-26,20.41730889,21.37018281,20.3478285,21.12203856,31266782,660119997.97,2.593900
2020-10-27,21.12203856,21.7374363,21.0426324,21.49921782,22822437,492656985.17,1.893300
2020-10-28,21.62825283,21.836694,20.96322624,21.39003435,17737475,380019002.8,1.471500
2020-10-29,21.09226125,21.1418901,20.57612121,20.90367162,18693795,392972093.51,1.550800
2020-10-30,21.05255817,21.59847552,19.9507977,19.97064924,30024218,621768031.29,2.490800
2020-11-02,19.96072347,20.27834811,19.53391536,19.84161423,21705742,433657708.95,1.800700
2020-11-03,20.00042655,20.53641813,19.83168846,20.42723466,22792653,466425795.66,1.890900
2020-11-04,20.50664082,20.60589852,20.04012963,20.31805119,20411568,416793184.68,1.693300
2020-11-05,20.35775427,20.59597275,19.7522823,20.27834811,26377581,535509201.53,2.188300
2020-11-06,20.23864503,20.95330047,19.85154,20.21879349,27081084,552079616.39,2.246600
2020-11-09,20.27834811,20.844117,20.0500554,20.51656659,45936710,947260652.47,3.810900
2020-11-10,20.51656659,20.68530468,19.7522823,19.85154,28473829,577810785.6,2.362200
2020-11-11,19.85154,20.04012963,18.9582207,19.0574784,32289898,629907951.51,2.678800
2020-11-12,19.11703302,19.85154,19.11703302,19.42473189,26116308,512757779.88,2.166600
2020-11-13,19.70265345,20.82426546,19.21629072,20.39745735,36915359,751990380.28,3.062500
2020-11-16,20.47686351,21.05255817,20.39745735,20.844117,27882285,583318621.09,2.313100
2020-11-17,20.9433747,20.9433747,20.03020386,20.20886772,17029287,348562991.19,1.412700
2020-11-18,20.29819965,20.4470862,19.73243076,19.94087193,18065787,363357508.31,1.498700
2020-11-19,19.84161423,20.9433747,19.4545092,20.844117,40042314,820786848.94,3.321900
2020-11-20,20.7448593,21.46944051,20.5463439,20.99300355,28678267,606485892.01,2.379100
2020-11-23,21.02278086,21.10218702,20.45701197,20.67537891,21745789,454948465.56,1.804000
2020-11-24,20.68530468,20.99300355,20.28827388,20.33790273,18944429,392577133.18,1.571600
2020-11-25,20.35775427,20.5463439,19.9507977,20.33790273,18156676,369863968.52,1.506300
2020-11-26,20.38753158,20.65552737,20.08975848,20.19894195,19638544,401990000.98,1.629200
2020-11-27,20.1493131,21.20144472,19.86146577,20.76471084,37481977,780838125.15,3.109500
2020-11-30,20.93344893,21.78706515,20.75478507,21.6381786,43268289,928809465.67,3.589500
2020-12-01,21.5389209,21.86647131,21.2411478,21.71758476,28905179,629933935.4,2.398000
2020-12-02,21.74736207,22.01535786,21.28085088,21.48929205,22343954,484278473.59,1.853600
2020-12-03,21.54884667,21.56869821,20.76471084,21.30070242,23229714,493259691.26,1.927100
2020-12-04,21.31062819,22.00543209,21.29077665,21.9359517,25176911,549910155.78,2.088700
2020-12-07,22.3329825,22.75979061,21.98558055,22.56127521,28981371,657256030.34,2.404300
2020-12-08,22.39253712,23.05756371,22.26350211,22.6307556,24512285,559348964.57,2.033500
2020-12-09,22.60097829,23.13696987,22.38261135,22.52157213,30031968,690892676.82,2.491400
2020-12-10,22.34290827,23.0277864,21.89624862,22.71016176,25275828,573970844.04,2.096900
2020-12-11,22.49179482,22.70023599,21.39996012,21.7374363,33668905,747204891.75,2.793200
2020-12-14,21.95580324,22.62082983,21.48929205,22.20394749,17343541,387298951.87,1.438800
2020-12-15,22.3329825,22.49179482,21.51906936,21.9359517,17947350,396474095.84,1.488900
2020-12-16,22.04513517,22.29327942,21.6381786,22.0352094,15634823,346429891.12,1.297100
2020-12-17,21.95580324,22.46201751,21.56869821,22.4322402,23820604,527835620.43,1.976100
2020-12-18,22.4322402,24.35783958,22.31313096,23.55385221,44375403,1054691101.75,3.681400
2020-12-21,23.56377798,24.26850765,23.20645026,24.12954687,33849873,814542097.49,2.808200
2020-12-22,23.83177377,24.12954687,23.40496566,23.47444605,25343831,606303401.36,2.102500
2020-12-23,23.70273876,25.06256925,23.35533681,24.82435077,43913058,1077517565.15,3.643000
2020-12-24,24.79457346,25.78715046,24.47694882,24.50672613,48463282,1229392850.49,4.020500
2020-12-25,24.35783958,25.65811545,24.35783958,25.35041658,37308263,946975638.48,3.095100
2020-12-28,25.37026812,26.3032905,25.1121981,25.46952582,29832797,769008703.53,2.474900
2020-12-29,25.47945159,26.55143475,25.1121981,25.40004543,36271373,944532300.66,3.009100
2020-12-30,25.12212387,26.03529471,24.6159096,25.85663085,48837898,1244370672.76,4.051600
2020-12-31,25.9062597,27.37527366,25.89633393,27.2958675,53848350,1446244241.56,4.467200
2021-01-04,27.8914137,29.92619655,27.67304676,29.65820076,62339950,1807741723.13,5.171700
2021-01-05,29.36042766,31.02795702,28.83436185,30.41255928,59826498,1811442463.64,4.963200
2021-01-06,29.96589963,31.62350322,29.75745846,30.55152006,47615803,1471900202.01,3.950200
2021-01-07,29.9758254,31.07758587,29.56886883,30.72025815,51085256,1559263571.62,4.238000
2021-01-08,30.4721139,30.72025815,28.5862176,29.92619655,52355306,1555472949.2,4.343400
2021-01-11,30.16441503,30.3728562,28.1891868,28.34799912,59482574,1745009079.41,4.934700
2021-01-12,28.14948372,29.32072458,27.792156,28.40755374,69964042,2011651828.65,5.804200
2021-01-13,28.784733,28.86413916,27.10727787,27.74252715,59330606,1655718395.59,4.922000
2021-01-14,27.792156,27.87156216,25.84670508,25.98566586,60629430,1628375563.03,5.029800
2021-01-15,26.04522048,26.47202859,24.88390539,25.46952582,50501351,1306426627.28,4.189600
2021-01-18,25.807002,26.63084091,25.49930313,26.11470087,38127030,1003606650.24,3.163000
2021-01-19,25.98566586,26.15440395,24.76479615,25.02286617,36907834,943120247.36,3.061900
2021-01-20,25.0129404,25.9062597,24.93353424,25.46952582,32360831,828460467.16,2.684600
2021-01-21,25.4099712,26.15440395,25.06256925,25.7077443,32539304,844710825.08,2.699400
2021-01-22,25.59856083,25.87648239,25.16182695,25.6084866,24670448,632506603.98,2.046700
2021-01-25,25.807002,27.07750056,25.52908044,25.7077443,53960639,1429694917.09,4.476600
2021-01-26,25.26108465,25.26108465,23.821848,24.70524153,53995585,1324260951.67,4.479500
2021-01-27,24.62583537,26.19410703,24.62583537,25.65811545,43594485,1117341862.07,3.616600
2021-01-28,25.19160426,26.02536894,25.00301463,25.32063927,25939197,665605472.6,2.151900
2021-01-29,25.14197541,25.61841237,23.91117993,24.65561268,41066707,1013187362.16,3.406900
2021-02-01,24.57620652,24.7151673,22.19402172,22.19402172,69778050,1617351388.41,5.788800
2021-02-02,21.836694,22.20394749,20.95330047,21.91610016,60627449,1328459490.67,5.029600
2021-02-03,21.94587747,22.40246289,20.4470862,20.6456016,63825643,1356934803.83,5.295000
2021-02-04,20.85404277,21.16174164,19.9507977,20.33790273,41029443,845112955.4,3.403800
2021-02-05,20.55626967,20.65552737,19.88131731,20.05998117,32384089,657742777.95,2.686600
2021-02-08,20.06990694,20.67537891,19.84161423,20.12946156,32681788,665979475.2,2.711300
2021-02-09,20.3478285,21.20144472,19.96072347,20.6456016,60416626,1249568145.76,5.012100
2021-02-10,20.48678928,20.49671505,18.7597053,19.9507977,89857269,1758320766.29,7.454500
2021-02-18,20.07983271,20.5463439,19.64309883,19.76220807,48859661,984148600.84,4.053400
2021-02-19,19.86146577,20.32797696,19.46443497,20.18901618,43405022,871465347.82,3.600900
2021-02-22,20.4470862,21.50914359,20.03020386,20.15923887,74888672,1555470943.5,6.212700
2021-02-23,19.97064924,21.41981166,19.56369267,21.25107357,80610363,1686036273.14,6.687400
2021-02-24,21.25107357,21.6381786,20.51656659,20.71508199,63650343,1336738473.15,5.280400
2021-02-25,20.71508199,21.1418901,19.89124308,20.53641813,50111034,1036539263.22,4.157200
2021-02-26,19.92102039,20.31805119,19.73243076,19.84161423,35317256,710296367.97,2.929900
2021-03-01,19.88131731,20.15923887,19.6530246,20.13938733,28628395,575218437.85,2.375000
2021-03-02,20.1493131,20.20886772,19.3552515,19.69272768,39316185,779111397.51,3.261700
2021-03-03,19.37510304,19.6530246,18.90859185,19.63317306,39326415,765004722.61,3.262500
2021-03-04,19.43465766,19.88131731,19.09718148,19.16666187,36551173,715184654.66,3.032300
2021-03-05,18.92844339,18.97807224,18.27334257,18.73985376,41935791,788147924.95,3.479000
2021-03-08,18.73985376,18.92844339,17.03262132,17.03262132,58411170,1052940746.43,4.845800
2021-03-09,16.92343785,17.12195325,16.0797474,16.61573898,47227064,795126450.51,3.917900
2021-03-10,16.82418015,16.94328939,16.3775205,16.61573898,28308986,473956733.22,2.348500
2021-03-11,16.61573898,17.11202748,16.50655551,16.96314093,28950131,492278324.04,2.401700
2021-03-12,17.03262132,17.0723244,16.50655551,16.95321516,22494199,380135343.36,1.866100
2021-03-15,16.82418015,17.15173056,16.6752936,16.85395746,20317636,345566820.31,1.685500
2021-03-16,16.88373477,17.32046865,16.85395746,16.88373477,28340171,486658900.84,2.351100
2021-03-17,17.04254709,17.866386,16.95321516,17.41972635,44423822,781018154.9,3.685400
2021-03-18,17.3700975,17.9656437,17.29069134,17.866386,34436723,613487424.02,2.856900
2021-03-19,17.5686129,18.4619322,17.4693552,18.04504986,34358889,621460269.58,2.850400
2021-03-22,17.866386,19.85154,17.77705407,19.62324729,73303588,1432408715.85,6.081200
2021-03-23,19.50413805,19.60339575,18.87881454,18.96814647,37666180,725032642.81,3.124800
2021-03-24,19.03762686,19.31554842,18.37260027,18.65052183,28016326,528450362.23,2.324200
2021-03-25,18.68029914,18.94829493,18.44208066,18.78948261,20782217,391240893.57,1.724100
2021-03-26,18.77955684,19.00784955,18.61081875,18.92844339,18414115,349927440.28,1.527600
2021-03-29,19.2559938,19.44458343,18.54133836,18.65052183,24806253,472725009.23,2.057900
2021-03-30,18.57111567,19.19643918,18.54133836,18.64059606,29829105,567418872.05,2.474600
2021-03-31,18.4619322,18.48178374,17.79690561,18.34282296,27199706,496639619.13,2.256500
2021-04-01,18.64059606,18.67037337,18.02519832,18.27334257,13348077,245455980.02,1.107400
2021-04-02,18.25349103,18.38252604,17.98549524,18.24356526,12013306,220502485.5,0.996600
2021-04-06,18.33289719,18.53141259,18.07482717,18.30311988,16557552,305529087.74,1.373600
2021-04-07,18.30311988,18.31304565,17.7671283,17.85646023,20626550,372037695.32,1.711200
2021-04-08,17.7671283,17.97556947,17.58846444,17.6678706,12506151,223563967.47,1.037500
2021-04-09,17.65794483,17.82668292,17.3700975,17.60831598,15154001,267767691.47,1.257200
2021-04-12,17.5686129,17.58846444,16.873809,16.98299247,17704317,306535962.85,1.468700
2021-04-13,16.90358631,17.09217594,16.79440284,16.86388323,10451203,178121355.56,0.867000
2021-04-14,16.85395746,17.14180479,16.83410592,17.05247286,10570821,181281630.22,0.877000
2021-04-15,17.28076557,17.64801906,16.82418015,16.92343785,29786975,514868391.17,2.471100
2021-04-16,16.7745513,17.51898405,16.58596167,17.42965212,26350603,455924627.7,2.186000
2021-04-19,17.41972635,17.81675715,17.2708398,17.75720253,22776351,404020735.97,1.889500
2021-04-20,17.63809329,17.90608908,17.53883559,17.67779637,17497785,312361426.75,1.451600
2021-04-21,17.59839021,17.68772214,17.30061711,17.40980058,11333940,199288935.45,0.940300
2021-04-22,17.42965212,17.98549524,17.39987481,17.74727676,17123930,305578605.24,1.420600
2021-04-23,17.68772214,17.91601485,17.52890982,17.88623754,15308971,274078192.41,1.270000
2021-04-26,17.99542101,18.20386218,17.77705407,17.84653446,21162513,383213738.79,1.755600
2021-04-27,17.70757368,17.78697984,17.43957789,17.51898405,13221279,234153375.89,1.096800
2021-04-28,17.57853867,17.61824175,17.2708398,17.38002327,13454109,236026242.87,1.116100
2021-04-29,17.43957789,17.81675715,17.35024596,17.38994904,11460741,202603272.04,0.950800
2021-04-30,17.3700975,17.38994904,16.60581321,16.873809,22153873,378136109.9,1.837900
2021-05-06,16.873809,17.31054288,16.79440284,16.90358631,14242364,244055140.74,1.181500
2021-05-07,16.86388323,17.05247286,16.78447707,16.82418015,11893038,202193665.68,0.986600
2021-05-10,16.72492245,16.82418015,16.41722358,16.4767782,13894998,231898819.37,1.152700
2021-05-11,16.4767782,17.09217594,16.38744627,17.01276978,16115453,272367828.75,1.336900
2021-05-12,17.01276978,17.01276978,16.64551629,16.84403169,11173893,188605232.44,0.927000
2021-05-13,16.7745513,17.52890982,16.68521937,16.94328939,23577705,406445314.75,1.956000
2021-05-14,16.83410592,17.54876136,16.61573898,17.48920674,29412605,508237721.69,2.440800
2021-05-17,17.77705407,17.92594062,17.11202748,17.1715821,25651864,451420525.86,2.128700
2021-05-18,17.03262132,17.74727676,16.91351208,17.62816752,28248980,498709056.6,2.293700
2021-05-19,17.61824175,18.71007645,17.42965212,18.23363949,41618837,762434268.83,3.379200
2021-05-20,18.24356526,18.47185797,17.91601485,17.9656437,27082810,496082789.54,2.199000
2021-05-21,18.17408487,18.21378795,17.4693552,17.5686129,22675238,405695789.74,1.841100
2021-05-24,17.51898405,17.80683138,17.49913251,17.61824175,15869615,281623350.41,1.288500
2021-05-25,17.68772214,18.63067029,17.4693552,18.3626745,41136900,754364528.72,3.340100
2021-05-26,18.43215489,18.88874031,18.24356526,18.40237758,39801422,743810869.52,3.231600
2021-05-27,18.44208066,18.51156105,18.1641591,18.20386218,24409980,450507983.92,1.981900
2021-05-28,18.22371372,18.64059606,18.13438179,18.44208066,25058136,464498825.39,2.034600
2021-05-31,18.49170951,18.73985376,18.1641591,18.63067029,30626449,570658562.99,2.486700
2021-06-01,18.4619322,18.62074452,18.21378795,18.29319411,25520332,472388618.59,2.072100
2021-06-02,18.0649014,18.35274873,17.7671283,17.80683138,23411411,424203172.4,1.900900
2021-06-03,17.70757368,17.99542101,17.6678706,17.72742522,15295876,275110560.76,1.241900
2021-06-04,17.57853867,17.91601485,17.57853867,17.7671283,16436242,294097124.43,1.334500
2021-06-07,17.84653446,18.33289719,17.83660869,18.33289719,25677643,466794376.43,2.084900
2021-06-08,18.37260027,19.04755263,18.10460448,19.03762686,49209212,922458652.78,3.995500
2021-06-09,19.06740417,19.23614226,18.62074452,18.77955684,35858429,682725389.47,2.911500
2021-06-10,18.79940838,18.94829493,18.52148682,18.87881454,27500002,519089834.91,2.232800
2021-06-11,18.9582207,18.99792378,18.15423333,18.24356526,30732371,570604793.13,2.495300
2021-06-15,18.21378795,18.48178374,17.90608908,18.2634168,18586393,342450000.66,1.509100
2021-06-16,18.21378795,18.49170951,17.89616331,18.03512409,18180483,332635473.81,1.476100
2021-06-17,18.1641591,18.4619322,17.9656437,18.23363949,18001992,329178897.86,1.461700
2021-06-18,18.24356526,18.80933415,18.21378795,18.68029914,30722977,575231677.87,2.494500
2021-06-21,18.69022491,19.10710725,18.47185797,19.06740417,42457071,805630605.71,3.447300
2021-06-22,19.18651341,19.19643918,18.62074452,18.7597053,30549406,579914135.26,2.480400
2021-06-23,18.80933415,19.13688456,18.59096721,18.99792378,31532114,598929977.97,2.560200
2021-06-24,18.9582207,19.33539996,18.71007645,18.7597053,27355092,523166291.38,2.221100
2021-06-25,18.73985376,18.858963,18.3626745,18.64059606,27973123,523783187.77,2.271300
2021-06-28,18.65052183,19.11703302,18.64059606,19.09718148,31216319,597192091.02,2.534600
2021-06-29,19.13688456,19.30562265,18.63067029,18.6604476,27090277,516834364.07,2.199600
2021-06-30,18.6604476,18.77955684,18.39245181,18.72992799,22258616,416380392.66,1.807300
2021-07-01,18.79940838,18.91851762,17.90608908,17.90608908,33997446,622241112.32,2.760400
2021-07-02,17.77705407,17.77705407,17.11202748,17.1715821,28218780,493370925.63,2.291200
2021-07-05,17.23113672,17.36017173,16.95321516,17.06239863,19996029,344692251.98,1.623600
2021-07-06,17.05247286,17.20135941,16.91351208,17.1715821,13309348,228812129.71,1.080600
2021-07-07,17.16165633,17.5686129,17.01276978,17.31054288,17857463,311522175.75,1.449900
2021-07-08,17.27076519,17.82756591,17.2011651,17.57899416,23637088,419232642.06,1.919200
2021-07-09,17.4994512,17.68836573,17.31053667,17.47956546,14573914,255901748.9,1.183300
2021-07-12,17.57899416,18.01648044,17.43979398,17.93693748,22110374,395194058.46,1.795200
2021-07-13,17.9965947,18.17556636,17.70825147,17.92699461,18198510,328520625.1,1.477600
2021-07-14,17.92699461,17.93693748,17.53922268,17.57899416,13725669,243867198.3,1.114400
2021-07-15,17.47956546,17.74802295,17.38013676,17.58893703,12591824,222225683.64,1.022400
2021-07-16,17.55910842,18.45396672,17.46962259,18.15568062,32875934,597930545.11,2.669300
2021-07-19,18.41419524,18.45396672,18.04630905,18.37442376,27882627,512401987.93,2.263900
2021-07-20,18.27499506,19.0903104,18.0960234,18.9908817,49534742,933554243.06,4.021900
2021-07-21,18.92128161,19.15991049,18.84173865,19.02071031,35838093,685105871.13,2.909800
2021-07-22,18.97099596,19.4880252,18.74230995,19.1897391,35381331,682144821.02,2.872800
2021-07-23,19.22951058,19.54768242,18.85168152,19.26928206,39133133,755914799.8,3.177400
2021-07-26,19.23945345,20.34311202,19.16985336,19.54768242,68582981,1363292142.14,5.568500
2021-07-27,19.2891678,20.20391184,18.97099596,19.56756816,59075626,1163785502.77,4.796600
2021-07-28,19.14002475,19.3885965,18.01648044,18.44402385,53754464,999572647.5,4.364500
2021-07-29,18.67270986,19.10025327,18.2948808,18.97099596,41586091,786204419.07,3.376500
2021-07-30,18.90139587,19.6868826,18.54345255,19.55762529,44336482,859057640.34,3.599900
2021-08-02,19.4880252,20.9794557,19.44825372,20.86014126,75970922,1567118245.21,6.168400
2021-08-03,20.96951283,21.22802745,20.56185516,20.70105534,60852480,1274938968.21,4.940900
2021-08-04,20.54196942,20.9794557,20.43259785,20.73088395,45271431,942634247.05,3.675800
2021-08-05,20.7805983,21.874314,20.7805983,21.40699911,72563484,1562169556.35,5.891700
2021-08-06,21.72517095,23.41545885,21.31751328,22.79900091,78829507,1765510876.12,6.400500
2021-08-09,22.6697436,23.21660145,22.33168602,22.9680297,64900438,1490437344.37,5.269500
2021-08-10,22.73934369,24.11145975,22.62997212,23.04757266,73362504,1724613562.34,5.956600
2021-08-11,22.9680297,23.2663158,22.1726001,22.45100046,62529241,1424568341.73,5.077000
2021-08-12,22.59020064,22.71945795,21.70528521,22.1726001,51106315,1135226648.95,4.149500
2021-08-13,22.21237158,22.56037203,22.09305714,22.30185741,40083837,899730722.22,3.253600
2021-08-16,22.31180028,22.43111472,21.3771705,21.59591364,36394429,798239941.31,2.954100
2021-08-17,21.70528521,21.79477104,20.82036978,20.93968422,46719534,1000218385.44,3.792200
2021-08-18,20.99934144,21.6754566,20.96951283,21.46665633,30970554,665933663.06,2.513900
2021-08-19,21.28768467,22.22231445,21.05899866,22.0731714,43143869,947484611.52,3.502000
2021-08-20,22.05328566,22.71945795,21.61579938,22.06322853,46070831,1029790205.19,3.739600
2021-08-23,22.14277149,23.14700136,22.09305714,23.01774405,55698972,1277324559.83,4.521100
2021-08-24,21.99362844,22.91831535,21.6754566,22.70951508,54541935,1220377851.86,4.427200
2021-08-25,22.50071481,22.94814396,21.95385696,22.1726001,36763692,824319644.2,2.984100
2021-08-26,21.99362844,23.4651732,21.99362844,23.12711562,67675874,1568050283.22,5.493200
2021-08-27,23.2663158,23.2663158,22.3714575,22.88848674,41310742,944580175.55,3.353200
2021-08-30,20.60162664,20.61156951,20.60162664,20.60162664,20855800,432138964.71,1.692900
2021-08-31,18.70253847,19.43831085,18.54345255,18.54345255,85654820,1602357860.66,6.952600
2021-09-01,18.35453802,18.35453802,16.69407873,16.99236483,147694717,2569502158.19,11.988300
2021-09-02,16.96253622,17.14150788,16.5051642,17.01225057,55796218,951909627.72,4.529000
2021-09-03,16.902879,17.0023077,15.68984886,15.98813496,111608060,1819728313.36,9.059200
2021-09-06,15.86882052,16.09750653,15.75944895,15.88870626,58261614,932778202.28,4.729100
2021-09-07,15.908592,16.23670671,15.85887765,16.01796357,66269585,1066017529.87,5.379100
2021-09-08,16.06767792,16.09750653,15.8091633,15.94836348,42425267,678730960.76,3.443600
2021-09-09,15.94836348,16.13727801,15.75944895,16.11739227,58350663,936432465.47,4.736300
2021-09-10,16.03784931,16.06767792,15.83899191,15.86882052,44540437,713721136.21,3.615300
2021-09-13,15.87876339,16.3063068,15.75944895,16.29636393,62263685,1005759626.73,5.053900
2021-09-14,16.19693523,16.39579263,16.1074494,16.13727801,41509335,677924692.57,3.369300
2021-09-15,16.08756366,16.22676384,15.95830635,16.09750653,27975023,452257981.86,2.270700
2021-09-16,16.09750653,16.17704949,15.74950608,15.74950608,35198545,562725837.09,2.857100
2021-09-17,15.74950608,15.87876339,14.39727576,14.68561899,67425260,1010028055.41,5.472900
2021-09-22,14.54641881,14.67567612,14.26801845,14.57624742,27753958,403293634.58,2.252800
2021-09-23,14.58619029,15.24241971,14.55636168,15.16287675,38599071,580300909.32,3.133100
2021-09-24,15.12310527,15.6103059,15.06344805,15.19270536,32575703,502993720.85,2.644200
2021-09-27,15.20264823,15.40150563,14.96401935,15.27224832,26480495,404535123.99,2.149400
2021-09-28,15.06344805,15.57053442,15.06344805,15.39156276,19905069,308109410.62,1.615700
2021-09-29,15.35179128,15.35179128,14.96401935,15.04356231,17627259,267392849.75,1.430800
2021-09-30,15.04356231,15.20264823,14.914305,14.98390509,14288911,215671326.19,1.159800
2021-10-08,14.98390509,15.64013451,14.98390509,15.57053442,26907643,416177663.87,2.184100
2021-10-11,15.58047729,15.98813496,15.52082007,15.908592,30112887,480555456.48,2.444300
2021-10-12,15.908592,15.908592,15.5108772,15.74950608,20152101,318255317.15,1.635700
2021-10-13,15.64013451,15.67990599,15.35179128,15.59042016,17606762,274680139.53,1.429100
2021-10-14,15.59042016,15.8091633,15.46116285,15.50093433,17679811,278118896.22,1.435100
2021-10-15,15.47110572,16.06767792,15.3120198,15.87876339,30960507,494541001.7,2.513100
2021-10-18,15.93842061,16.04779218,15.66002025,15.81910617,20957062,333936014.65,1.701100
2021-10-19,15.77933469,15.79922043,15.5108772,15.66002025,18378779,288846562.06,1.491800
2021-10-20,15.6103059,15.77933469,15.52082007,15.76939182,15666272,246665424.6,1.271600
2021-10-21,15.66996312,15.77933469,15.52082007,15.58047729,13337642,209491693.1,1.082600
2021-10-22,15.49099146,15.65007738,15.4114485,15.50093433,14236017,222070896.29,1.155500
2021-10-25,15.46116285,15.47110572,15.26230545,15.40150563,12465588,192597305.22,1.011800
2021-10-26,15.37167702,15.49099146,15.0137337,15.05350518,19921293,304324470.83,1.617000
2021-10-27,15.16287675,15.43133424,14.69556186,14.8148763,19757317,298981555.88,1.603700
2021-10-28,14.7154476,15.06344805,14.60607603,14.69556186,15657369,232034003.28,1.270900
2021-10-29,14.75521908,15.44127711,14.62596177,15.26230545,24163782,369456459.67,1.961400
2021-11-01,15.26230545,15.47110572,14.96401935,15.27224832,24174308,370656099.04,1.962200
2021-11-02,15.46116285,16.38584976,15.4114485,16.38584976,83129979,1342439572.4,6.747600
2021-11-03,16.3063068,16.3063068,15.6103059,15.99807783,45430011,727361569.86,3.687500
2021-11-04,15.95830635,16.21682097,15.79922043,16.04779218,33067906,532404507.24,2.684100
2021-11-05,16.12733514,16.61453577,15.908592,16.26653532,45423489,743816556.16,3.687000
2021-11-08,16.24664958,16.24664958,15.81910617,16.05773505,22140424,356250951.86,1.797100
2021-11-09,15.97819209,16.46539272,15.97819209,16.38584976,36515848,598611264.05,2.964000
2021-11-10,16.38584976,17.08185066,16.32619254,16.88299326,58328352,985421015.21,4.734500
2021-11-11,16.8034503,17.2011651,16.58470716,16.84322178,41751290,706593269.32,3.388900
2021-11-12,16.75373595,17.38013676,16.61453577,17.26082232,50642074,869795624.1,4.110600
2021-11-15,17.38013676,17.4994512,16.8034503,16.95259335,42590290,730161892.74,3.457000
2021-11-16,16.78356456,17.04207918,16.2068781,16.22676384,49502999,824646440.16,4.018100
2021-11-17,16.19693523,17.3005938,16.02790644,17.13156501,56506191,952640743.83,4.586600
2021-11-18,16.96253622,17.16139362,16.74379308,16.93270761,32999614,562522029.35,2.678600
2021-11-19,16.94265048,17.28070806,16.77362169,17.08185066,31306043,537156402.84,2.541100
2021-11-22,17.08185066,17.24093658,16.902879,17.16139362,26524185,455998463.86,2.153000
2021-11-23,17.13156501,17.13156501,16.81339317,16.84322178,28367212,483702994.76,2.302600
2021-11-24,16.902879,16.99236483,16.52504994,16.57476429,26507465,445030999.02,2.151600
2021-11-25,16.65430725,16.72390734,16.52504994,16.57476429,16515534,275559057.2,1.340600
2021-11-26,16.57476429,16.58470716,16.21682097,16.26653532,22748175,374207295.53,1.846500
2021-11-29,15.95830635,16.19693523,15.73956321,15.89864913,37001815,593338495.08,3.003400
2021-11-30,15.92847774,16.41567837,15.89864913,16.26653532,39694640,646497888.14,3.222000
2021-12-01,16.15716375,16.49522133,16.0080207,16.13727801,24703028,401601428.9,2.005100
2021-12-02,16.12733514,16.15716375,15.65007738,15.8091633,30965506,495082506.32,2.513500
2021-12-03,15.81910617,16.29636393,15.81910617,15.95830635,35671794,576002745.9,2.895500
2021-12-06,15.99807783,16.13727801,15.66002025,15.99807783,28675449,458182748.29,2.327600
2021-12-07,16.05773505,16.05773505,15.24241971,15.32196267,45436309,710444493.99,3.688100
2021-12-08,15.32196267,16.05773505,15.3120198,16.02790644,50912755,810414711.27,4.132600
2021-12-09,16.0080207,16.15716375,15.84893478,16.13727801,32111889,517769999.03,2.606500
2021-12-10,16.06767792,16.1074494,15.59042016,15.72962034,40052269,635545986.07,3.251000
2021-12-13,15.74950608,15.8091633,15.49099146,15.63019164,29337211,461323425.3,2.381300
2021-12-14,15.56059155,15.83899191,15.50093433,15.58047729,23330707,367403614.75,1.893700
2021-12-15,15.57053442,16.04779218,15.45121998,15.73956321,36928998,583489928.19,2.997500
2021-12-16,16.1074494,17.31053667,16.09750653,17.31053667,110792305,1886607013.58,8.993000
2021-12-17,17.64859425,17.70825147,17.22105084,17.28070806,153220140,2688764325.03,12.436800
2021-12-20,17.22105084,17.28070806,16.52504994,16.67419299,75670213,1276109850.51,6.142100
2021-12-21,16.75373595,16.91282187,16.43556411,16.69407873,43161688,723367796.87,3.503400
2021-12-22,16.6045929,16.84322178,16.46539272,16.74379308,41369017,693107078.17,3.357900
2021-12-23,16.73385021,16.74379308,16.21682097,16.21682097,47591926,784959922.3,3.863000
2021-12-24,16.18699236,16.43556411,16.08756366,16.3063068,29393722,481193314.06,2.385900
2021-12-27,16.31624967,16.36596402,15.7097346,15.83899191,38722734,617640955.15,3.143100
2021-12-28,15.8091633,16.48527846,15.73956321,16.25659245,37848095,614215264.55,3.072100
2021-12-29,16.25659245,16.76367882,16.14722088,16.67419299,54154276,903690904.95,4.395700
2021-12-30,16.6045929,16.95259335,16.49522133,16.71396447,44313446,745842020.92,3.596900
2021-12-31,16.75373595,16.85316465,16.57476429,16.6045929,27621742,463624320.16,2.242000
2022-01-04,16.58470716,17.23099371,16.52504994,17.02219344,50161119,853107357.76,4.071600
2022-01-05,17.02219344,17.07190779,16.4057355,16.55487855,34916193,585104097.42,2.834100
2022-01-06,16.47533559,16.98242196,16.43556411,16.72390734,37270409,629420671.94,3.025200
2022-01-07,16.69407873,17.14150788,16.52504994,16.8034503,38153145,644835245.54,3.096900
2022-01-10,16.7040216,17.17133649,16.53499281,17.05202205,34092617,579785716.46,2.767300
2022-01-11,16.93270761,17.09179353,16.63442151,16.75373595,31137214,528203472.13,2.527400
2022-01-12,16.73385021,17.08185066,16.68413586,17.05202205,29909897,506953267.7,2.427800
2022-01-13,16.96253622,17.0023077,16.72390734,16.74379308,20357012,344755641.64,1.652400
2022-01-14,16.65430725,16.65430725,15.8091633,15.93842061,50776153,824939221.09,4.121500
2022-01-17,15.91853487,17.05202205,15.85887765,16.97247909,58405035,979493341.66,4.740700
2022-01-18,17.0023077,17.1017364,16.59465003,16.75373595,30425889,513198261.57,2.469700
2022-01-19,16.59465003,16.68413586,16.03784931,16.14722088,40599124,663487118.3,3.295400
2022-01-20,16.17704949,16.2068781,15.7097346,15.97819209,30346450,485464805.39,2.463200
2022-01-21,15.89864913,16.1074494,15.62024877,15.81910617,27824808,443299711.33,2.258500
2022-01-24,15.73956321,15.92847774,15.54070581,15.65007738,20055733,317041886.87,1.627900
2022-01-25,15.60036303,15.77933469,14.93419074,15.0137337,24792421,383662933.93,2.012400
2022-01-26,15.0137337,15.16287675,14.84470491,15.1131624,15628443,236261408.09,1.268600
2022-01-27,15.04356231,15.08333379,14.57624742,14.60607603,17430261,258877481.78,1.414800
2022-01-28,14.90436213,14.95407648,14.59613316,14.7154476,15335952,228041857.03,1.244800
2022-02-07,15.03361944,15.08333379,14.8148763,14.87453352,12312208,185273520.22,0.999400
2022-02-08,14.84470491,15.09327666,14.75521908,15.09327666,11901867,178626488.6,0.966100
2022-02-09,15.04356231,15.3120198,15.0137337,15.26230545,14233325,217573212.97,1.155300
2022-02-10,15.27224832,15.28219119,14.914305,15.02367657,17803423,269320878.42,1.445100
2022-02-11,14.99384796,14.99384796,14.8148763,14.86459065,11826053,177011278.06,0.959900
2022-02-14,14.86459065,15.04356231,14.74527621,14.78504769,18459764,275886081.48,1.498400
2022-02-15,14.79499056,14.87453352,14.74527621,14.87453352,11613155,172939943.76,0.942600
2022-02-16,14.84470491,14.98390509,14.78504769,14.96401935,12903423,193374813.24,1.047400
2022-02-17,14.92424787,15.06344805,14.82481917,14.88447639,15079385,226187810.93,1.224000
2022-02-18,14.8148763,14.85464778,14.72539047,14.83476204,11189477,166423732.75,0.908200
2022-02-21,14.83476204,14.94413361,14.8148763,14.93419074,13864123,207805615.51,1.125300
2022-02-22,15.06344805,15.14299101,14.73533334,14.85464778,15211031,227727480.79,1.234700
2022-02-23,14.78504769,15.06344805,14.77510482,15.0137337,19099125,287164653.27,1.550300
2022-02-24,15.04356231,15.44127711,14.90436213,15.26230545,44390511,675995718.17,3.603200
2022-02-25,15.09327666,15.09327666,14.78504769,15.02367657,21425820,322752280.31,1.739100
2022-02-28,15.09327666,15.09327666,14.84470491,14.90436213,18103679,272019152.0,1.469500
2022-03-01,14.914305,14.97396222,14.82481917,14.88447639,18116888,271233584.0,1.470500
2022-03-02,14.89441926,14.89441926,14.57624742,14.68561899,29202887,431429760.0,2.370400
2022-03-03,14.7154476,14.7154476,14.26801845,14.30778993,37478765,542104048.0,3.042100
2022-03-04,14.26801845,14.27796132,12.93567387,13.0251597,105120728,1412525248.0,8.532600
2022-03-07,13.0251597,13.03510257,12.55784481,12.68710212,36728651,470804672.0,2.981300
2022-03-08,12.61750203,12.76664508,11.99110122,12.02092983,43820309,541109600.0,3.556900
2022-03-09,12.01098696,12.08058705,10.97692848,11.57350068,59348400,690525104.0,4.817300
2022-03-10,11.81212956,11.931444,11.58344355,11.60332929,37199946,439771776.0,3.019500
2022-03-11,11.39452902,11.87178678,11.31498606,11.84195817,29402160,342884144.0,2.386600
2022-03-14,11.66298651,12.09052992,11.64310077,11.7325866,33122972,394652256.0,2.688600
2022-03-15,11.68287225,11.68287225,10.937157,11.02664283,27238683,310944288.0,2.211000
2022-03-16,11.2354431,11.47407198,10.75818534,11.45418624,40260571,451870208.0,3.267900
2022-03-17,11.56355781,11.92150113,11.52378633,11.69281512,34423983,407164608.0,2.794200
2022-03-18,11.61327216,11.69281512,11.49395772,11.67292938,20466783,239292307.71,1.661300
2022-03-21,11.72264373,11.86184391,11.5337292,11.67292938,21309222,251018782.39,1.729700
2022-03-22,11.59338642,11.7325866,11.5337292,11.58344355,18031939,210553626.5,1.463600
2022-03-23,11.58344355,11.87178678,11.42435763,11.70275799,28913694,339187452.44,2.346900
2022-03-24,11.6331579,11.6331579,11.36470041,11.40447189,23589536,271590235.1,1.914800
2022-03-25,11.40447189,11.50390059,11.22550023,11.24538597,23365637,267177824.03,1.896600
2022-03-28,11.09624292,11.26527171,10.96698561,11.11612866,17294593,192889399.58,1.403800
2022-03-29,11.12607153,11.19567162,10.86755691,10.88744265,24848115,275114133.3,2.016900
2022-03-30,10.88744265,11.05647144,10.87749978,11.02664283,23626924,261035476.34,1.917800
2022-03-31,11.00675709,11.05647144,10.79795682,10.81784256,26476461,290463181.97,2.149100
2022-04-01,10.81784256,11.02664283,10.61898516,10.937157,24887007,272054618.63,2.020100
2022-04-06,10.94709987,10.95704274,10.70847099,10.80789969,26373149,286974455.85,2.140700
2022-04-07,10.79795682,11.06641431,10.61898516,10.62892803,34417416,374417173.2,2.793700
2022-04-08,10.60904229,10.64881377,10.3405848,10.48972785,25576508,269660206.76,2.076000
2022-04-11,10.48972785,10.51955646,9.99258435,10.09201305,23149200,237976731.1,1.879000
2022-04-12,10.1417274,10.45989924,9.92298426,10.41018489,26491391,271723795.25,2.150300
2022-04-13,10.33064193,10.8377283,10.18149888,10.5394422,35390908,374598899.15,2.872700
2022-04-14,10.54938507,10.57921368,10.3405848,10.43007063,25333417,266326561.73,2.056300
2022-04-15,10.3405848,10.61898516,10.31075619,10.49967072,22458879,236761595.93,1.823000
2022-04-18,10.46984211,10.67864238,10.3405848,10.61898516,18095034,192025253.75,1.468800
2022-04-19,10.62892803,10.7382996,10.4400135,10.49967072,18414818,195677947.58,1.494700
2022-04-20,10.55932794,10.62892803,10.36047054,10.43007063,16864898,178369514.98,1.368900
2022-04-21,10.32069906,10.45989924,9.93292713,9.98264148,21650917,221279756.59,1.757400
2022-04-22,9.98264148,10.01247009,9.72412686,9.83349843,18347890,181596279.85,1.489300
2022-04-25,9.7440126,9.7440126,8.8491543,8.8491543,35335404,325647848.57,2.868200
2022-04-26,8.71989699,8.81932569,8.12332479,8.2525821,43041400,366695149.31,3.493700
2022-04-27,8.10343905,8.70001125,8.02389609,8.68012551,36404098,307865058.14,2.954900
2022-04-28,8.69006838,8.69006838,8.32218219,8.46138237,30113625,256915724.31,2.444300
2022-04-29,8.5508682,8.948583,8.51109672,8.93864013,42359399,374258651.07,3.438300
2022-05-05,8.98835448,9.2468691,8.80938282,9.0480117,31224100,285729869.23,2.534500
2022-05-06,8.97841161,9.09772605,8.82926856,8.97841161,26345059,237872697.31,2.138400
2022-05-09,8.95852587,9.4457265,8.88892578,9.16732614,28619159,264772487.61,2.323000
2022-05-10,9.0480117,9.2468691,9.00824022,9.20709762,23320802,214804331.29,1.892900
2022-05-11,9.25681197,9.70424112,9.25681197,9.41589789,48394007,463808265.46,3.928100
2022-05-12,9.41589789,9.53521233,9.26675484,9.38606928,27084940,256192816.98,2.198000
2022-05-13,9.4457265,9.47555511,9.28664058,9.41589789,20673066,195072589.59,1.677600
2022-05-16,9.48549798,9.68435538,9.32641206,9.39601215,22837650,217528021.21,1.853300
2022-05-17,9.35624067,9.47555511,9.19715475,9.43578363,17732941,166473811.43,1.407300
2022-05-18,9.43578363,9.61475529,9.40595502,9.47555511,25587879,244680891.01,2.030700
2022-05-19,9.3462978,9.52526946,9.2468691,9.49544085,21790765,205150203.02,1.729300
2022-05-20,9.49544085,9.65452677,9.41589789,9.55509807,25054370,239895036.73,1.988300
2022-05-23,9.56504094,9.65452677,9.4457265,9.57498381,23407161,224703132.68,1.857600
2022-05-24,9.63464103,9.78378408,8.99829735,9.00824022,47509665,450257976.0,3.770400
2022-05-25,9.00824022,9.35624067,8.96846874,9.26675484,25341482,233791428.49,2.011100
2022-05-26,9.38606928,10.19144175,9.29658345,10.19144175,70549222,701049066.86,5.598900
2022-05-27,10.61898516,11.02664283,10.4400135,10.8377283,160204597,1726998353.93,12.714000
2022-05-30,10.7382996,11.61327216,10.44995637,11.31498606,142884675,1573657631.94,11.339500
2022-05-31,11.05647144,11.98115835,10.8377283,11.40447189,154308096,1777480803.29,12.246100
2022-06-01,11.32492893,12.29933019,11.28515745,11.98115835,131855140,1559137755.44,10.464200
2022-06-02,11.81212956,12.1303014,11.64310077,11.92150113,104471182,1245876365.02,8.291000
2022-06-06,11.79224382,12.02092983,11.58344355,11.92150113,94779945,1120045044.79,7.521900
2022-06-07,11.86184391,12.37887315,11.74252947,11.97121548,89064906,1076265272.88,7.068300
2022-06-08,11.88172965,12.37887315,11.66298651,11.931444,86579565,1042612353.91,6.871100
2022-06-09,11.931444,11.931444,11.59338642,11.59338642,59928296,704633787.16,4.756000
2022-06-10,11.5337292,11.88172965,11.48401485,11.72264373,57717602,680986423.31,4.580500
2022-06-13,11.72264373,11.931444,11.3348718,11.62321503,61972626,719964091.45,4.918200
2022-06-14,11.47407198,11.5337292,11.04652857,11.44424337,47828451,543958068.4,3.795700
2022-06-15,11.51384346,11.98115835,11.39452902,11.51384346,78809976,924755193.13,6.254500
2022-06-16,11.51384346,11.76241521,11.38458615,11.47407198,39500610,458462352.72,3.134800
2022-06-17,11.34481467,11.61327216,11.17578588,11.54367207,40783883,469332223.65,3.236700
2022-06-20,11.56355781,12.17007288,11.42435763,12.14024427,92895837,1110430038.54,7.372300
2022-06-21,12.14024427,12.14024427,11.66298651,11.80218669,56917762,678972078.08,4.517100
2022-06-22,11.81212956,11.81212956,11.1360144,11.18572875,58861100,675836892.25,4.671300
2022-06-23,11.09624292,12.0308727,11.09624292,11.89167252,87928606,1039513207.23,6.978100
2022-06-24,11.931444,12.2297301,11.82207243,11.95132974,70886466,856103210.44,5.625600
2022-06-27,11.99110122,12.04081557,11.68287225,11.71270086,54055656,642891632.81,4.289900
2022-06-28,11.71270086,12.2297301,11.67292938,12.2297301,82888717,1006985409.03,6.578200
2022-06-29,12.33910167,12.34904454,11.71270086,11.74252947,64758121,781627335.03,5.139300
2022-06-30,11.74252947,11.95132974,11.54367207,11.87178678,45513981,537988964.09,3.612000
2022-07-01,11.8518764,12.11082496,11.67260432,11.702483,40376103,480799844.24,3.204300
2022-07-04,11.702483,12.87771108,11.59292784,12.4992478,106315222,1330401080.64,8.437300
2022-07-05,12.5490456,12.5988434,12.08094628,12.3000566,66061232,814011586.63,5.242700
2022-07-06,12.200461,12.43949044,12.02118892,12.35981396,55466157,679214292.47,4.401900
2022-07-07,12.21042056,12.31001616,11.6028874,11.951472,79320753,949418717.29,6.295000
2022-07-08,11.77219992,11.951472,11.6526852,11.6526852,40218486,475141712.0,3.191800
2022-07-11,11.63276608,11.63276608,11.11486896,11.21446456,42238489,478143104.18,3.352100
2022-07-12,11.21446456,11.42361532,10.92563732,10.94555644,37037755,415219021.82,2.348400
2022-07-13,10.92563732,11.03519248,10.84596084,10.96547556,27869425,306156363.11,1.767100
2022-07-14,10.94555644,11.26426236,10.9057182,11.02523292,34890899,388661539.55,2.212300
2022-07-15,11.03519248,11.1049094,10.6069314,10.6069314,44845558,486537101.22,2.843500
2022-07-18,10.56709316,11.01527336,10.5571336,10.97543512,40728936,443955302.18,2.582400
2022-07-19,10.98539468,11.19454544,10.91567776,11.04515204,30619197,339581318.08,1.941400
2022-07-20,11.06507116,11.53317048,11.06507116,11.46345356,55592065,634561046.09,3.524800
2022-07-21,11.47341312,11.48337268,11.21446456,11.27422192,33920188,385945676.45,2.150700
2022-07-22,11.27422192,11.43357488,11.02523292,11.204505,25458940,285905593.44,1.614200
2022-07-25,11.2543028,11.33397928,10.93559688,10.98539468,22294600,248017803.42,1.413600
2022-07-26,11.0053138,11.12482852,10.9057182,11.04515204,15513257,171670471.73,0.983600
2022-07-27,11.0053138,11.23438368,10.955516,11.0551116,23819507,265395262.52,1.510300
2022-07-28,11.12482852,11.61284696,11.08499028,11.6028874,59425063,678357620.43,3.767900
2022-07-29,11.53317048,11.53317048,11.204505,11.37381752,42335259,481480682.12,2.684300
2022-08-01,11.48337268,12.50920736,11.48337268,12.50920736,124528465,1537676286.01,7.895800
2022-08-02,13.25617436,13.76411192,12.96734712,13.76411192,329434297,4440153121.25,20.888000
2022-08-03,13.8437884,15.1385312,13.23625524,14.56087672,367718283,5386085000.01,23.315400
2022-08-04,14.25213036,14.37164508,13.27609348,13.445406,241380676,3316285446.98,15.304900
2022-08-05,13.62467808,13.81390972,12.70839856,13.2462148,197903250,2606758642.74,12.548200
2022-08-08,13.13665964,13.27609348,12.80799416,12.95738756,143448019,1873255511.55,9.095400
2022-08-09,12.92750888,13.445406,12.81795372,13.445406,168925423,2223143663.23,10.710800
2022-08-10,13.32589128,13.5947994,13.0470236,13.1466192,117600048,1566773072.24,7.456500
2022-08-11,13.0470236,13.32589128,12.97730668,12.97730668,103374156,1356904968.69,6.554500
2022-08-12,12.8478324,13.01714492,12.6486412,12.73827724,90649467,1164538281.1,5.747700
2022-08-15,12.73827724,12.8478324,12.60880296,12.8478324,70507351,903060867.23,4.470600
2022-08-16,12.7980346,12.88767064,12.5490456,12.66856032,78119214,994712338.93,4.953200
2022-08-17,12.6486412,12.76815592,12.52912648,12.73827724,61004107,775871864.65,3.868000
2022-08-18,12.72831768,13.21633612,12.65860076,13.18645744,127773052,1671102492.4,8.101500
2022-08-19,13.0968214,13.1466192,12.65860076,12.65860076,77629638,1001892182.49,4.922200
2022-08-22,12.50920736,12.51916692,12.06102716,12.19050144,68958167,845483961.97,4.372300
2022-08-23,12.1008654,12.33989484,12.07098672,12.11082496,43508271,531720418.06,2.758700
2022-08-24,11.702483,11.73236168,11.11486896,11.16466676,107990364,1232736930.61,6.847200
2022-08-25,11.14474764,11.22442412,10.87583952,11.06507116,46634047,516032287.29,2.956900
2022-08-26,11.11486896,11.13478808,10.71648656,10.78620348,51543911,565045689.98,3.268200
2022-08-29,10.62685052,10.88579908,10.57705272,10.8061226,35286690,381549008.31,2.237400
2022-08-30,10.7563248,10.9057182,10.68660788,10.72644612,28426943,307490861.31,1.802400
2022-08-31,10.72644612,10.78620348,10.47745712,10.53721448,32062995,341354446.83,2.033000
2022-09-01,10.51729536,10.84596084,10.51729536,10.71648656,29272874,314251605.33,1.856100
2022-09-02,10.71648656,11.2543028,10.706527,11.08499028,51680717,569462810.74,3.276800
2022-09-05,11.11486896,11.12482852,10.87583952,10.99535424,28490115,313734699.87,1.806400
2022-09-06,11.0551116,11.37381752,10.98539468,11.2543028,43176017,485959169.91,2.737600
2022-09-07,11.204505,11.39373664,11.11486896,11.24434324,33107369,374726478.44,2.099200
2022-09-08,11.204505,11.48337268,11.17462632,11.27422192,35772795,405533494.33,2.268200
2022-09-09,11.27422192,11.33397928,11.01527336,11.204505,26164212,293371485.89,1.659000
2022-09-13,11.1547072,11.38377708,11.14474764,11.34393884,25016312,283848053.29,1.586200
2022-09-14,11.13478808,11.42361532,11.03519248,11.2543028,27487103,310511585.44,1.742800
2022-09-15,11.453494,11.49333224,10.88579908,11.08499028,41228925,462367233.28,2.614100
2022-09-16,11.04515204,11.32401972,10.93559688,10.97543512,37951376,424184390.91,2.406300
2022-09-19,11.0551116,11.08499028,10.53721448,10.79616304,36979212,398491150.84,2.344700
2022-09-20,10.79616304,10.92563732,10.69656744,10.84596084,21677214,235686390.27,1.374500
2022-09-21,10.84596084,10.9057182,10.457538,10.83600128,24059882,257852646.28,1.525500
2022-09-22,10.83600128,11.08499028,10.76628436,10.93559688,24013861,264889134.59,1.522600
2022-09-23,11.03519248,11.31406016,10.66668876,10.68660788,32043694,351781761.63,2.031700
2022-09-26,10.53721448,10.57705272,10.23842768,10.24838724,25789506,269375681.21,1.635200
2022-09-27,10.31810416,10.58701228,10.2583468,10.53721448,22367703,234470304.01,1.418200
2022-09-28,10.5073358,10.59697184,9.95956,10.03923648,26170182,268960978.56,1.659300
2022-09-29,10.12887252,10.37786152,10.0093578,10.0591556,21299329,217635339.9,1.350500
2022-09-30,10.0591556,10.1089534,9.87988352,9.9097622,17366750,173905869.23,1.101100
2022-10-10,9.94960044,9.94960044,9.47154156,9.5611776,19839312,192195775.45,1.257900
2022-10-11,9.55121804,9.6109754,9.39186508,9.5113798,16203984,154881465.52,1.027400
2022-10-12,9.52133936,9.92968132,9.43170332,9.9097622,21074927,204473180.67,1.336300
2022-10-13,9.8599644,10.12887252,9.83008572,9.95956,21627238,216785577.37,1.371300
2022-10-14,10.01931736,10.17867032,9.98943868,10.14879164,20091551,204010812.93,1.273900
2022-10-17,10.17867032,10.42765932,10.1089534,10.3579424,26518754,274704708.28,1.681400
2022-10-18,10.4077402,10.4077402,10.17867032,10.21850856,22726261,234043462.85,1.441000
2022-10-19,10.16871076,10.29818504,10.07907472,10.08903428,17853792,181979416.48,1.132000
2022-10-20,10.06911516,10.36790196,9.89980264,10.1587512,29579358,301190831.01,1.875500
2022-10-21,10.18862988,10.2583468,10.02927692,10.1587512,17562710,179206701.24,1.113600
2022-10-24,10.3081446,10.64676964,10.09899384,10.19858944,42620956,443538413.51,2.702400
2022-10-25,10.208549,10.27826592,9.8599644,10.03923648,32196854,324693878.5,2.041500
2022-10-26,9.8101666,10.3081446,9.62093496,10.2583468,41017877,414839463.18,2.600800
2022-10-27,10.33802328,10.457538,10.19858944,10.29818504,28258312,293079952.33,1.791700
2022-10-28,10.23842768,10.34798284,10.02927692,10.09899384,28804297,295489323.53,1.826400
2022-10-31,10.11891296,10.54717404,10.0591556,10.42765932,38229960,399144947.4,2.424000
2022-11-01,10.457538,10.5073358,10.3081446,10.49737624,38775544,405177767.69,2.458600
2022-11-02,10.5571336,10.72644612,10.47745712,10.64676964,37960862,404469212.62,2.406900
2022-11-03,10.52725492,10.61689096,10.39778064,10.5571336,28797826,303962485.08,1.825900
2022-11-04,10.54717404,10.68660788,10.51729536,10.6567292,30696792,327326744.99,1.946300
2022-11-07,10.64676964,10.74636524,10.457538,10.5073358,37104848,393316638.02,2.352700
2022-11-08,10.5073358,10.66668876,10.36790196,10.58701228,28304417,299302988.44,1.794700
2022-11-09,10.6567292,10.69656744,10.43761888,10.457538,24736982,261321091.32,1.568500
2022-11-10,10.33802328,10.48741668,10.2583468,10.3081446,28115255,292552804.7,1.782700
2022-11-11,10.44757844,10.61689096,10.32806372,10.53721448,41568362,438373084.41,2.635700
2022-11-14,10.59697184,10.69656744,10.4077402,10.48741668,32872202,348388816.7,2.084300
2022-11-15,10.457538,10.58701228,10.36790196,10.58701228,27289074,288504132.71,1.730300
2022-11-16,10.59697184,10.97543512,10.57705272,10.79616304,58561255,635726352.26,3.713100
2022-11-17,10.77624392,10.84596084,10.58701228,10.83600128,34334209,368716293.62,2.177000
2022-11-18,10.81608216,10.91567776,10.61689096,10.63681008,28126532,303748524.51,1.783400
2022-11-21,10.57705272,10.68660788,10.48741668,10.62685052,18085967,192487924.29,1.146800
2022-11-22,10.59697184,10.76628436,10.5073358,10.59697184,22942217,244766449.28,1.454700
2022-11-23,10.59697184,10.6069314,10.3081446,10.44757844,22689314,237732714.59,1.438600
2022-11-24,10.457538,10.53721448,10.3081446,10.33802328,17717367,184620389.79,1.123400
2022-11-25,10.31810416,10.31810416,10.18862988,10.208549,16765414,172291102.99,1.063000
2022-11-28,10.04919604,10.13883208,9.97947912,10.12887252,17099513,172836462.83,1.084200
2022-11-29,10.11891296,10.28822548,10.1089534,10.26830636,15683439,161152674.02,0.994400
2022-11-30,10.33802328,10.37786152,10.24838724,10.2583468,18476721,191029043.49,1.171500
2022-12-01,10.31810416,10.44757844,10.29818504,10.3579424,21820124,227305709.38,1.383500
2022-12-02,10.3579424,10.42765932,10.29818504,10.3081446,14912918,154943437.84,0.945600
2022-12-05,10.33802328,10.6069314,10.31810416,10.57705272,29568086,310866362.21,1.874800
2022-12-06,10.64676964,10.8061226,10.48741668,10.5571336,27292758,291268685.26,1.730500
2022-12-07,10.48741668,10.58701228,10.43761888,10.47745712,17164076,180783015.84,1.088300
2022-12-08,10.457538,10.457538,10.27826592,10.31810416,17133761,178131540.94,1.086400
2022-12-09,10.3081446,10.34798284,10.1587512,10.26830636,19373307,199315355.09,1.228400
2022-12-12,10.24838724,10.36790196,10.1587512,10.3081446,15476254,159561556.32,0.981300
2022-12-13,10.29818504,10.3081446,10.1089534,10.1089534,18369388,187671933.2,1.164700
2022-12-14,10.1089534,10.24838724,9.97947912,10.01931736,20345094,206042276.63,1.290000
2022-12-15,10.0093578,10.09899384,9.91972176,10.07907472,12571114,126879380.98,0.797100
2022-12-16,10.0093578,10.04919604,9.84004528,9.88984308,22487099,223905065.84,1.425800
2022-12-19,9.88984308,9.89980264,9.62093496,9.6607732,16601803,162341148.72,1.052600
2022-12-20,9.6607732,9.7603688,9.64085408,9.69065188,11082235,107883266.19,0.702700
2022-12-21,9.69065188,9.72053056,9.57113716,9.62093496,9309470,90135786.42,0.590300
2022-12-22,9.64085408,9.70061144,9.48150112,9.50142024,12557509,120934700.87,0.796200
2022-12-23,9.48150112,9.5611776,9.42174376,9.44166288,8894131,84589674.88,0.563900
2022-12-26,9.49146068,9.6109754,9.47154156,9.6109754,9653953,92596398.18,0.612100
2022-12-27,9.63089452,9.67073276,9.5113798,9.64085408,9547912,92072389.29,0.605400
2022-12-28,9.62093496,9.68069232,9.461582,9.47154156,13506726,129411411.42,0.856400
2022-12-29,9.40182464,9.49146068,9.2623908,9.28230992,21474977,201762389.1,1.361600
2022-12-30,9.3121886,9.37194596,9.25243124,9.35202684,10391632,97223222.33,0.658900
2023-01-03,9.33210772,9.75040924,9.32214816,9.6607732,20660865,199068165.42,1.310000
2023-01-04,9.65081364,9.72053056,9.59105628,9.67073276,15254100,147959956.0,0.967200
2023-01-05,9.6607732,9.710571,9.62093496,9.69065188,13260005,128872518.26,0.840800
2023-01-06,9.67073276,9.80020704,9.65081364,9.73049012,13726900,134069407.94,0.870400
2023-01-09,9.74044968,9.77032836,9.69065188,9.73049012,11798700,115274437.0,0.748100
2023-01-10,9.7603688,9.7603688,9.54125848,9.59105628,15520757,149628335.0,0.984100
2023-01-11,9.54125848,9.63089452,9.48150112,9.50142024,10784061,103528855.27,0.683800
2023-01-12,9.59105628,9.68069232,9.5113798,9.53129892,12424300,119639516.0,0.787800
2023-01-13,9.54125848,9.69065188,9.49146068,9.6109754,10674498,102918241.27,0.676800
2023-01-16,9.67073276,9.89980264,9.63089452,9.82012616,22315917,219708399.65,1.415000
2023-01-17,9.86992396,10.0093578,9.83008572,9.88984308,18932866,188629425.26,1.200400
2023-01-18,9.8599644,10.11891296,9.8599644,10.07907472,23805732,240080150.26,1.509400
2023-01-19,10.01931736,10.1089534,10.0093578,10.08903428,16050137,162084176.1,1.017700
2023-01-20,10.1587512,10.22846812,10.04919604,10.11891296,20947400,212948314.71,1.328200
2023-01-30,10.27826592,10.74636524,10.23842768,10.43761888,51940546,545741859.78,3.293300
2023-01-31,10.34798284,10.5571336,10.28822548,10.54717404,29814390,313477370.24,1.890400
2023-02-01,10.53721448,10.72644612,10.46749756,10.706527,33880526,362231199.12,2.148200
2023-02-02,10.71648656,10.76628436,10.53721448,10.54717404,30729409,327277741.25,1.948400
2023-02-03,10.5571336,10.62685052,10.44757844,10.61689096,26076565,275912192.53,1.653400
2023-02-06,10.61689096,10.79616304,10.53721448,10.706527,27495009,294877132.91,1.743300
2023-02-07,10.64676964,10.73640568,10.58701228,10.6567292,21456703,229593087.92,1.360500
2023-02-08,10.66668876,10.69656744,10.53721448,10.53721448,18288361,194399829.9,1.159600
2023-02-09,10.47745712,10.77624392,10.47745712,10.7563248,32395722,348175890.82,2.054100
2023-02-10,10.7563248,10.93559688,10.71648656,10.78620348,29391973,318965398.87,1.863600
2023-02-13,10.7563248,11.03519248,10.706527,11.0053138,40082838,439961830.15,2.541500
2023-02-14,11.0053138,11.01527336,10.77624392,10.82604172,29207215,318438808.23,1.850900
2023-02-15,10.8559204,11.29414104,10.77624392,11.17462632,53373759,593127497.79,3.366200
2023-02-16,11.14474764,11.27422192,10.71648656,10.91567776,53217544,590412536.4,3.356400
2023-02-17,10.87583952,10.92563732,10.58701228,10.706527,40047434,431741468.95,2.525800
2023-02-20,10.8061226,10.8061226,10.6069314,10.77624392,24332820,261627494.75,1.534700
2023-02-21,10.76628436,11.06507116,10.72644612,10.89575864,33603844,368318949.48,2.119400
2023-02-22,10.91567776,11.08499028,10.83600128,11.01527336,36670178,404136730.09,2.312800
2023-02-23,10.955516,11.0053138,10.77624392,10.84596084,27831377,304001349.46,1.755300
2023-02-24,10.83600128,11.08499028,10.78620348,11.0053138,40867943,450946927.99,2.577500
2023-02-27,10.98539468,11.19454544,10.83600128,10.87583952,39510334,436157639.07,2.491900
2023-02-28,10.89575864,11.13478808,10.86587996,11.03519248,31396933,346978907.8,1.980200
2023-03-01,10.98539468,11.18458588,10.94555644,11.17462632,46153710,515514969.45,2.910900
2023-03-02,11.17462632,11.69252344,11.13478808,11.42361532,89620314,1031628599.14,5.652300
2023-03-03,11.46345356,11.67260432,11.31406016,11.5530896,77094726,890950227.35,4.862300
2023-03-06,11.68256388,11.94151244,11.57300872,11.87179552,99266984,1175618741.0,6.260700
2023-03-07,11.7522808,11.7522808,11.23438368,11.27422192,89006226,1022909509.83,5.613500
2023-03-08,11.18458588,12.2502588,11.1547072,11.93155288,129490417,1536594052.53,8.166900
2023-03-09,11.84191684,11.89171464,11.54313004,11.74232124,70013329,823214283.89,4.415700
2023-03-10,11.57300872,11.86183596,11.47341312,11.51325136,62175543,728013853.56,3.921400
2023-03-13,11.37381752,11.64272564,11.27422192,11.63276608,53008140,611591633.88,3.343200
2023-03-14,11.54313004,11.82199772,11.42361532,11.59292784,78739061,921592516.82,4.966000
2023-03-15,11.58296828,11.62280652,11.34393884,11.37381752,55318927,636152714.29,3.488900
2023-03-16,11.29414104,11.29414104,10.89575864,10.96547556,62505324,694384505.85,3.942200
2023-03-17,11.08499028,11.33397928,11.01527336,11.19454544,51576808,581438692.68,3.252900
2023-03-20,11.31406016,11.32401972,10.98539468,11.02523292,36118657,402783352.09,2.278000
2023-03-21,11.204505,11.34393884,11.16466676,11.2543028,42496754,480338976.67,2.680200
2023-03-22,11.21446456,11.43357488,11.17462632,11.41365576,42402989,482611334.63,2.674300
2023-03-23,11.36385796,11.67260432,11.34393884,11.6526852,52399478,607960416.65,3.304800
2023-03-24,11.66264476,11.72240212,11.48337268,11.64272564,42976421,500828707.99,2.710500
2023-03-27,11.64272564,11.74232124,11.41365576,11.53317048,34342248,398353427.06,2.165900
2023-03-28,11.54313004,11.68256388,11.29414104,11.36385796,35368545,407430173.52,2.230700
2023-03-29,11.38377708,11.38377708,11.12482852,11.19454544,27451742,309150235.75,1.731400
2023-03-30,11.22442412,11.2543028,11.02523292,11.08499028,23198289,259055008.43,1.463100
2023-03-31,11.13478808,11.204505,10.97543512,11.204505,24838975,276999270.85,1.566600
2023-04-03,11.18458588,12.12078452,11.12482852,11.88175508,90335847,1068459218.09,5.697400
2023-04-04,11.8518764,12.02118892,11.72240212,11.88175508,60166143,716415100.71,3.794600
2023-04-06,11.84191684,11.8518764,11.6028874,11.69252344,38413646,452602645.66,2.422700
2023-04-07,11.74232124,11.76224036,11.5530896,11.59292784,29284612,341881703.97,1.847000
2023-04-10,11.63276608,11.71244256,11.3041006,11.32401972,33418362,385539487.34,2.107700
2023-04-11,11.34393884,11.42361532,11.21446456,11.38377708,31908036,362789636.49,2.012400
2023-04-12,11.38377708,11.71244256,11.3041006,11.5530896,33307221,384586731.15,2.100700
2023-04-13,11.53317048,11.53317048,11.17462632,11.22442412,39532304,448205431.53,2.493300
2023-04-14,11.21446456,11.31406016,11.06507116,11.29414104,27843401,313181630.12,1.756100
2023-04-17,11.17462632,11.18458588,10.7563248,10.9057182,50581274,553622725.11,3.190100
2023-04-18,10.8559204,10.89575864,10.63681008,10.72644612,34807228,375122244.64,2.195300
2023-04-19,10.72644612,10.82604172,10.6567292,10.69656744,20465923,220905297.2,1.290800
2023-04-20,10.81608216,10.92563732,10.6567292,10.74636524,23994358,259153786.53,1.513300
2023-04-21,10.74636524,10.92563732,10.38782108,10.44757844,45062703,482775156.31,2.842100
2023-04-24,10.27826592,10.34798284,10.04919604,10.13883208,30289932,309967520.61,1.907000
2023-04-25,10.12887252,10.14879164,9.83008572,9.94960044,27302209,273159056.93,1.718900
2023-04-26,9.95956,10.13883208,9.92968132,9.96951956,17867007,179680075.31,1.124900
2023-04-27,9.94960044,10.07907472,9.84004528,9.94960044,19820637,197931848.27,1.247900
2023-04-28,9.9097622,10.1089534,9.89980264,10.09899384,18590585,187298762.8,1.170400
2023-05-04,9.60101584,9.70061144,9.34206728,9.6607732,37060972,356550772.69,2.333300
2023-05-05,9.6607732,9.74044968,9.58109672,9.65081364,17407434,168540834.72,1.095900
2023-05-08,9.6607732,9.82012616,9.6607732,9.78028792,20832908,204207673.85,1.311600
2023-05-09,9.80020704,10.01931736,9.75040924,9.8599644,30519700,303254416.04,1.921500
2023-05-10,9.86992396,9.94960044,9.8101666,9.89980264,15239638,151245747.55,0.959500
2023-05-11,9.88984308,9.92968132,9.73049012,9.75040924,16488400,161995342.0,1.038100
2023-05-12,9.72053056,9.80020704,9.59105628,9.60101584,14729293,142892314.43,0.927300
2023-05-15,9.60101584,9.77032836,9.53129892,9.77032836,12954500,125463080.0,0.815600
2023-05-16,9.80020704,9.8101666,9.64085408,9.73049012,10929107,106514027.47,0.688100
2023-05-17,9.68069232,9.87988352,9.67073276,9.85000484,16117800,158814963.72,1.014800
2023-05-18,9.85000484,9.9097622,9.78028792,9.85000484,14996945,148340603.81,0.944200
2023-05-19,9.8101666,9.8599644,9.77032836,9.82012616,11532018,113561805.34,0.726000
2023-05-22,9.82012616,9.83008572,9.68069232,9.75040924,12325728,120451130.4,0.776000
2023-05-23,9.77032836,9.77032836,9.63089452,9.63089452,9895192,96159189.66,0.623000
2023-05-24,9.63089452,9.77032836,9.52133936,9.60101584,18552397,179331501.04,1.168000
2023-05-25,9.58109672,9.67073276,9.39186508,9.50142024,14970233,142797706.16,0.942500
2023-05-26,9.5113798,9.5611776,9.4117842,9.54125848,9066119,86381327.89,0.570800
2023-05-29,9.67073276,9.68069232,9.53129892,9.55121804,10003749,96339987.35,0.629800
2023-05-30,9.58109672,9.64085408,9.37194596,9.63089452,14941058,142292827.32,0.940700
2023-05-31,9.57113716,9.710571,9.5611776,9.68069232,13085263,126830071.36,0.823800
2023-06-01,9.68069232,9.86992396,9.59105628,9.78028792,18104192,177427803.74,1.139800
2023-06-02,9.8101666,9.82012616,9.73049012,9.7603688,12560952,123223496.55,0.790800
2023-06-05,9.77032836,9.89980264,9.7603688,9.80020704,12504516,123487582.23,0.787300
2023-06-06,9.79024748,9.80020704,9.461582,9.54125848,15851908,153165701.84,0.998000
2023-06-07,9.53129892,9.60101584,9.49146068,9.55121804,8194800,78561537.52,0.515900
2023-06-08,9.53129892,9.5611776,9.38190552,9.52133936,11366980,107940724.19,0.715600
2023-06-09,9.52133936,9.60101584,9.42174376,9.59105628,13534523,129056197.0,0.852100
2023-06-12,9.5611776,9.62093496,9.52133936,9.57113716,10190691,97825332.93,0.641600
2023-06-13,9.54125848,9.6607732,9.50142024,9.64085408,11672552,112493073.86,0.734900
2023-06-14,9.64085408,9.65081364,9.57113716,9.58109672,8769077,84535402.74,0.552100
2023-06-15,9.57113716,9.6109754,9.50142024,9.5611776,12165839,116605853.01,0.765900
2023-06-16,9.57113716,9.80020704,9.5611776,9.79024748,23021882,224980570.54,1.449400
2023-06-19,9.78028792,9.8599644,9.7603688,9.8101666,17972583,177253909.57,1.131500
2023-06-20,9.80020704,9.97947912,9.72053056,9.95956,31606263,314343588.7,1.989900
2023-06-21,9.94960044,9.94960044,9.77032836,9.8101666,20227593,200274032.05,1.273500
2023-06-26,9.74044968,9.85000484,9.58109672,9.60101584,16402486,159861514.8,1.032700
2023-06-27,9.60101584,9.78028792,9.59105628,9.74044968,10784690,105218530.7,0.679000
2023-06-28,9.7603688,9.88984308,9.49146068,9.88984308,23449796,228747515.94,1.476400
2023-06-29,9.85000484,9.92968132,9.8101666,9.85000484,17080150,169308401.17,1.075300
2023-06-30,9.87,10.04,9.86,10.0,22218122,221681816.25,1.398800
2023-07-03,10.06,10.09,9.95,9.99,19892395,199081308.05,1.252400
2023-07-04,9.99,10.02,9.95,10.0,16285496,162682685.04,1.025300
2023-07-05,10.0,10.0,9.85,9.86,15753603,156294546.67,0.991800
2023-07-06,9.85,9.92,9.81,9.81,11295426,111302364.45,0.711100
2023-07-07,9.79,9.88,9.68,9.74,15161280,147670752.8,0.954500
2023-07-10,9.82,9.95,9.75,9.89,15621265,154169953.88,0.983500
2023-07-11,9.89,10.05,9.85,10.02,21268696,212480406.48,1.339000
2023-07-12,10.01,10.02,9.86,9.88,16313605,162206346.38,1.027100
2023-07-13,9.88,10.0,9.86,9.99,14072087,140280972.2,0.886000
2023-07-14,9.97,9.99,9.93,9.96,11830983,117852123.9,0.744900
2023-07-17,9.6,9.68,9.35,9.54,28183847,268603112.4,1.774400
2023-07-18,9.52,9.57,9.45,9.49,17275716,164178281.26,1.087700
2023-07-19,9.47,9.52,9.43,9.5,11843694,112310372.89,0.745700
2023-07-20,9.48,9.52,9.37,9.38,13413147,126586915.65,0.844500
2023-07-21,9.39,9.42,9.33,9.37,9930113,93133802.02,0.625200
2023-07-24,9.38,9.48,9.36,9.44,8075415,76173380.39,0.508400
2023-07-25,9.49,9.53,9.46,9.53,10776417,102345536.88,0.678500
2023-07-26,9.52,9.52,9.46,9.48,7866522,74592696.48,0.495300
2023-07-27,9.48,9.56,9.47,9.49,11225191,106727472.87,0.706700
2023-07-28,9.45,9.54,9.43,9.54,11631389,110505950.31,0.732300
2023-07-31,9.55,9.63,9.55,9.62,14394602,138200231.92,0.906300
2023-08-01,9.62,9.62,9.54,9.57,13152900,125829216.76,0.828100
2023-08-02,9.55,9.59,9.5,9.52,10132223,96609580.77,0.637900
2023-08-03,9.5,9.54,9.47,9.51,7712481,73276512.75,0.485600
2023-08-04,9.52,9.62,9.52,9.56,11571210,110674450.3,0.728500
2023-08-07,9.56,9.59,9.52,9.54,7311601,69804966.56,0.460300
2023-08-08,9.57,9.57,9.43,9.49,9385541,88964219.36,0.590900
2023-08-09,9.48,9.48,9.42,9.45,7417174,70067074.89,0.467000
2023-08-10,9.43,9.53,9.43,9.52,7362339,69943732.1,0.463500
2023-08-11,9.51,9.53,9.36,9.36,10598904,99888624.06,0.667300
2023-08-14,9.35,9.35,9.21,9.33,9722100,90319443.0,0.612100
2023-08-15,9.33,9.34,9.06,9.13,16372226,150221927.89,1.030800
2023-08-16,9.13,9.19,9.09,9.11,9460200,86387750.0,0.595600
2023-08-17,9.05,9.23,9.0,9.21,12131369,110983160.98,0.763800
2023-08-18,9.21,9.27,9.14,9.2,11205649,103113370.68,0.705500
2023-08-21,9.15,9.24,9.02,9.04,8808119,80454954.65,0.554500
2023-08-22,9.04,9.12,8.81,8.95,15132425,135428708.79,0.952700
2023-08-23,8.96,8.96,8.63,8.64,17086500,149557418.0,1.075700
2023-08-24,8.69,8.7,8.35,8.4,25584831,216776408.31,1.610800
2023-08-25,8.4,8.4,8.13,8.16,19976074,164937966.87,1.257700
2023-08-28,8.52,8.58,8.3,8.31,22160659,187620003.85,1.395200
2023-08-29,8.47,8.6,8.36,8.57,18371396,156645851.84,1.156600
2023-08-30,8.59,8.74,8.59,8.65,14648750,126888268.39,0.922300
2023-08-31,8.61,8.63,8.5,8.53,10729071,91692349.26,0.675500
2023-09-01,8.57,8.58,8.48,8.53,7294500,62187881.0,0.459200
2023-09-04,8.55,8.66,8.52,8.66,10719744,92165799.81,0.674900
2023-09-05,8.77,8.77,8.61,8.64,10887083,94409261.95,0.685400
2023-09-06,8.59,8.86,8.56,8.85,19245693,168481165.33,1.211700
2023-09-07,8.84,8.94,8.75,8.77,14109964,124705866.63,0.888300
2023-09-08,8.76,8.97,8.76,8.96,16390934,145799760.83,1.031900
2023-09-11,9.0,9.01,8.83,8.86,16536367,146726703.95,1.041100
2023-09-12,8.87,8.89,8.8,8.87,8689700,76932794.0,0.547100
2023-09-13,8.9,8.91,8.69,8.76,10700900,93829669.97,0.673700
2023-09-14,8.73,8.82,8.7,8.73,9753400,85414588.0,0.614100
2023-09-15,8.74,8.79,8.66,8.68,8089012,70514116.16,0.509300
2023-09-18,8.65,8.8,8.62,8.75,8577200,74809402.93,0.540000
2023-09-19,8.72,8.74,8.56,8.58,8641242,74474115.47,0.544000
2023-09-20,8.53,8.65,8.5,8.52,6086700,52076147.0,0.383200
2023-09-21,8.46,8.66,8.46,8.5,9048301,77441492.55,0.569700
2023-09-22,8.52,8.65,8.47,8.63,7442405,63792263.02,0.468600
2023-09-25,8.62,8.64,8.45,8.48,9494273,80748406.18,0.597700
2023-09-26,8.48,8.51,8.4,8.45,7490974,63357483.61,0.471600
2023-09-27,8.48,8.54,8.43,8.44,6607250,55958042.0,0.416000
2023-09-28,8.45,8.61,8.45,8.59,10606150,90637161.0,0.667700
2023-10-09,8.59,8.66,8.48,8.56,9233976,79031130.28,0.581400
2023-10-10,8.59,8.75,8.58,8.72,13193560,114722411.8,0.830600
2023-10-11,8.71,8.75,8.63,8.68,8458500,73526679.0,0.532500
2023-10-12,8.7,8.74,8.66,8.71,6825200,59359417.0,0.429700
2023-10-13,8.68,8.75,8.64,8.71,8225283,71688149.1,0.517900
2023-10-16,8.73,8.77,8.6,8.63,8945100,77575348.0,0.563200
2023-10-17,8.65,8.65,8.5,8.6,8312300,71287091.0,0.523300
2023-10-18,8.59,8.59,8.4,8.4,9893850,83653187.93,0.622900
2023-10-19,8.38,8.52,8.34,8.36,7928283,66887187.74,0.499200
2023-10-20,8.36,8.38,8.16,8.18,10166463,83852996.34,0.640100
2023-10-23,8.17,8.29,8.02,8.08,11892147,96799379.32,0.748700
2023-10-24,8.1,8.25,7.98,8.22,12659005,103043121.45,0.797000
2023-10-25,8.25,8.49,8.23,8.38,14037427,117940841.98,0.883800
2023-10-26,8.39,8.49,8.27,8.47,12194007,102469528.06,0.767700
2023-10-27,8.44,8.51,8.41,8.48,10157553,85963379.65,0.639500
2023-10-30,8.48,8.6,8.42,8.56,10656718,90995865.58,0.670900
2023-10-31,8.48,8.61,8.44,8.49,11678576,99568960.48,0.735300
2023-11-01,8.47,8.54,8.42,8.45,9502577,80524330.73,0.598300
2023-11-02,8.46,8.52,8.33,8.34,11103468,93205092.16,0.699100
2023-11-03,8.34,8.57,8.31,8.52,13172046,111896587.02,0.829300
2023-11-06,8.56,8.65,8.54,8.62,11588789,99717581.12,0.729600
2023-11-07,8.64,8.66,8.57,8.63,8706635,75103905.7,0.548200
2023-11-08,8.64,8.66,8.55,8.59,9605556,82740538.87,0.604800
2023-11-09,8.58,8.59,8.5,8.53,7946940,67832059.8,0.500300
2023-11-10,8.51,8.55,8.44,8.52,6999402,59563276.44,0.440700
2023-11-13,8.52,8.84,8.51,8.82,19478299,169879442.05,1.226300
2023-11-14,8.8,9.18,8.78,9.12,37663321,339766941.22,2.371200
2023-11-15,9.11,9.45,9.09,9.34,51688853,480350578.71,3.254200
2023-11-16,9.45,10.04,9.35,9.39,95686480,925325088.72,6.024300
2023-11-17,9.4,9.44,9.18,9.31,41585319,385454896.13,2.618100
2023-11-20,9.37,9.94,9.33,9.9,72104258,702310901.73,4.539600
2023-11-21,9.86,9.89,9.49,9.57,49051057,472302393.8,3.088200
2023-11-22,9.53,9.6,9.28,9.3,28923776,272172248.46,1.821000
2023-11-23,9.28,9.35,9.2,9.33,21166320,196447372.2,1.332600
2023-11-24,9.32,9.32,9.06,9.1,23533991,215024588.01,1.481700
2023-11-27,9.09,9.24,9.06,9.1,17539006,160507726.25,1.104200
2023-11-28,9.09,9.19,9.07,9.13,13748441,125426723.87,0.865600
2023-11-29,9.11,9.15,9.06,9.09,12850306,116925667.19,0.809000
2023-11-30,9.09,9.1,8.86,8.91,15778010,141303056.7,0.993400
2023-12-01,8.92,9.07,8.89,9.03,15409884,138370072.82,0.970200
2023-12-04,9.03,9.2,8.99,9.03,13713506,124236611.73,0.863400
2023-12-05,9.0,9.03,8.82,8.85,15371737,136648725.34,0.967800
2023-12-06,8.83,8.87,8.74,8.77,17362600,152579159.34,1.093100
2023-12-07,8.77,8.85,8.7,8.81,14329953,125822756.59,0.902200
2023-12-08,8.81,8.89,8.68,8.68,16413713,143476412.73,1.033400
2023-12-11,8.66,8.89,8.61,8.88,21895181,191805660.56,1.378500
2023-12-12,8.87,9.08,8.86,8.93,12347810,110541786.7,0.777400
2023-12-13,8.88,8.97,8.78,8.79,11612006,102933759.22,0.731100
2023-12-14,8.79,8.93,8.78,8.82,10776336,95351355.32,0.678500
2023-12-15,8.82,8.84,8.7,8.71,11127761,97381391.58,0.700600
2023-12-18,8.72,8.72,8.46,8.5,13679550,117032756.5,0.861200
2023-12-19,8.51,8.55,8.42,8.49,9080600,77054747.0,0.571700
2023-12-20,8.52,8.52,8.26,8.29,13106735,109814496.95,0.825200
2023-12-21,8.24,8.32,8.12,8.24,14801375,121753314.25,0.931900
2023-12-22,8.25,8.35,8.18,8.25,13973643,115298026.03,0.879800
2023-12-25,8.23,8.39,8.22,8.24,14094100,116755525.0,0.887300
2023-12-26,8.23,8.28,8.05,8.11,13729900,111382293.0,0.864400
2023-12-27,8.1,8.2,8.05,8.11,13618402,110227829.24,0.857400
2023-12-28,8.08,8.28,7.96,8.24,18095488,147483236.51,1.139300
2023-12-29,8.23,8.39,8.22,8.37,14230920,118696004.33,0.896000
2024-01-02,8.42,8.51,8.37,8.4,13981484,118083382.58,0.880300
2024-01-03,8.36,8.37,8.25,8.3,13477049,111942468.24,0.848500
2024-01-04,8.26,8.36,8.22,8.25,11164197,92369260.0,0.702900
2024-01-05,8.24,8.25,8.0,8.03,16206700,131285603.04,1.020300
2024-01-08,8.05,8.05,7.7,7.71,26878048,208796022.88,1.692200
2024-01-09,7.71,7.84,7.68,7.74,15204472,117890307.52,0.957200
2024-01-10,7.69,7.77,7.56,7.67,9444762,72357238.54,0.594600
2024-01-11,7.65,7.82,7.65,7.77,11023426,85339571.28,0.694000
2024-01-12,7.77,7.85,7.75,7.83,11491200,89726383.0,0.723500
2024-01-15,7.79,7.79,7.66,7.67,12537622,96625224.96,0.789300
2024-01-16,7.66,7.7,7.48,7.61,12965502,98208553.92,0.816300
2024-01-17,7.56,7.6,7.34,7.35,13590200,101256903.0,0.855600
2024-01-18,7.29,7.33,7.09,7.31,18534136,133493484.64,1.166900
2024-01-19,7.33,7.35,7.25,7.27,9294600,67900422.0,0.585200
2024-01-22,7.29,7.29,6.74,6.81,18533964,130095745.83,1.166900
2024-01-23,6.8,6.98,6.73,6.94,14786738,101673223.79,0.930900
2024-01-24,6.99,7.14,6.79,7.11,13781657,95907057.68,0.867700
2024-01-25,7.12,7.5,7.11,7.49,21412441,157297701.02,1.348100
2024-01-26,7.48,7.54,7.44,7.47,13794178,103270576.65,0.868500
2024-01-29,7.49,7.56,7.26,7.27,12407571,91504575.3,0.781200
2024-01-30,7.25,7.32,7.06,7.08,10073034,72546904.44,0.634200
2024-01-31,6.71,6.81,6.37,6.37,41471915,269278159.45,2.611000
2024-02-01,6.37,6.51,6.22,6.39,23366018,149017817.09,1.471100
2024-02-02,6.39,6.5,5.85,6.12,28125753,173328583.89,1.770800
2024-02-05,6.05,6.11,5.51,5.56,37230754,212182464.92,2.344000
2024-02-06,5.55,6.12,5.48,6.12,33685876,198331350.44,2.120800
2024-02-07,6.27,6.73,6.2,6.73,47970216,318021185.74,3.020100
2024-02-08,6.84,7.37,6.74,7.03,50945949,363799919.16,3.207500
2024-02-19,7.04,7.1,6.81,6.95,31793845,219377011.08,2.001700
2024-02-20,6.9,6.91,6.74,6.88,19989417,136495052.59,1.258500
2024-02-21,6.84,7.11,6.78,6.93,23268173,162255771.34,1.464900
2024-02-22,6.94,7.06,6.91,7.03,18146276,126930143.05,1.142500
2024-02-23,7.05,7.17,6.96,7.17,20682757,146183892.1,1.302200
2024-02-26,7.22,7.46,7.14,7.32,26472620,193358602.83,1.666700
2024-02-27,7.32,7.51,7.28,7.5,22855200,169719476.0,1.438900
2024-02-28,7.5,7.67,7.1,7.11,34896700,258158442.0,2.197000
2024-02-29,7.07,7.42,7.04,7.4,24560475,179814985.87,1.546300
2024-03-01,7.37,7.52,7.36,7.47,19685256,146548289.2,1.239400
2024-03-04,7.47,7.52,7.33,7.39,18396285,136310796.24,1.158200
2024-03-05,7.34,7.48,7.33,7.37,18766169,139198794.16,1.181500
2024-03-06,7.34,7.46,7.25,7.35,16443956,120811977.6,1.035300
2024-03-07,7.37,7.4,7.2,7.2,15398974,112482484.28,0.969500
2024-03-08,7.23,7.3,7.14,7.28,12398597,89589288.27,0.780600
2024-03-11,7.27,7.65,7.23,7.57,25666539,191637413.46,1.615900
2024-03-12,7.58,7.74,7.54,7.7,30079082,230337722.33,1.893700
2024-03-13,7.84,8.18,7.76,7.95,50902606,404409316.84,3.204700
2024-03-14,7.94,7.95,7.58,7.67,34387200,265841858.0,2.165000
2024-03-15,7.64,7.78,7.62,7.74,17701606,136125529.28,1.114500
2024-03-18,7.74,7.93,7.7,7.92,24012035,188290646.42,1.511800
2024-03-19,7.88,7.92,7.8,7.83,20429473,160533947.64,1.286200
2024-03-20,7.81,7.98,7.81,7.86,17054100,134223215.0,1.073700
2024-03-21,7.86,7.95,7.74,7.89,19736221,154910624.48,1.242600
2024-03-22,7.9,7.91,7.67,7.74,17609416,136713748.96,1.108700
2024-03-25,7.71,7.74,7.47,7.48,16319901,124244607.53,1.027500
2024-03-26,7.47,7.52,7.24,7.32,16218619,119589834.94,1.021100
2024-03-27,7.3,7.35,7.0,7.01,20811361,148334903.24,1.310200
2024-03-28,7.11,7.57,7.06,7.49,34919400,257936829.0,2.198500
2024-03-29,7.5,7.53,7.3,7.51,19556394,144947833.34,1.231200
2024-04-01,7.53,7.63,7.52,7.58,17707954,133993072.29,1.114900
2024-04-02,7.56,7.59,7.38,7.43,16419006,122377637.32,1.033700
2024-04-03,7.42,7.42,7.18,7.26,16762539,121793543.36,1.055300
2024-04-08,7.22,7.25,7.07,7.07,16592106,118718220.17,1.044600
2024-04-09,7.08,7.18,7.05,7.16,11800462,84150229.06,0.742900
2024-04-10,7.12,7.15,6.86,6.97,19652861,136899682.73,1.237300
2024-04-11,6.92,7.05,6.89,6.94,11924400,83354955.0,0.750700
2024-04-12,6.9,7.0,6.8,6.81,13073400,89927195.0,0.823100
2024-04-15,6.75,6.9,6.6,6.74,16627684,112612567.2,1.046900
2024-04-16,6.71,6.78,6.35,6.36,23995522,156076041.51,1.510700
2024-04-17,6.45,6.69,6.41,6.68,20222301,133829372.21,1.273200
2024-04-18,6.68,6.93,6.61,6.84,19580861,133276035.45,1.232800
2024-04-19,6.82,6.87,6.71,6.74,16553931,112005978.99,1.042200
2024-04-22,7.02,7.06,6.75,6.87,30716035,211831363.92,1.933800
2024-04-23,6.82,7.01,6.75,6.86,23331459,160885919.04,1.468900
2024-04-24,6.87,7.25,6.85,7.2,35849888,254573723.88,2.257100
2024-04-25,7.15,7.15,6.98,7.0,24165854,170256724.08,1.521400
2024-04-26,6.96,7.23,6.95,7.18,27457843,196304453.58,1.728700
2024-04-29,7.16,7.27,7.11,7.26,26527822,191223948.76,1.670100
2024-04-30,7.16,7.29,7.08,7.16,21522400,154111808.0,1.355000
2024-05-06,7.2,7.27,7.12,7.16,23404200,167942532.0,1.473500
2024-05-07,7.18,7.39,7.13,7.33,29287992,213595412.36,1.843900
2024-05-08,7.3,7.32,7.17,7.19,17898293,129290865.35,1.126800
2024-05-09,7.2,7.34,7.17,7.3,18923300,137493834.0,1.191400
2024-05-10,7.3,7.4,7.17,7.19,16741349,120956787.31,1.054000
2024-05-13,7.12,7.14,7.01,7.07,16490984,116639857.24,1.038200
2024-05-14,7.07,7.18,7.03,7.06,13462650,95304491.47,0.847600
2024-05-15,7.06,7.11,6.98,7.01,11127823,78307034.69,0.700600
2024-05-16,7.01,7.08,6.92,6.95,15293494,106953690.69,0.962900
2024-05-17,6.95,7.17,6.92,7.16,21112401,149529993.02,1.329200
2024-05-20,7.09,7.29,7.08,7.17,19781001,142349249.23,1.245400
2024-05-21,7.14,7.14,7.02,7.04,15140335,106915493.74,0.953200
2024-05-22,7.04,7.1,6.97,7.0,13141073,91953736.77,0.827300
2024-05-23,6.98,7.05,6.93,6.94,15973140,111361198.4,1.005600
2024-05-24,6.9,6.92,6.77,6.78,17413092,118895684.6,1.096300
2024-05-27,6.83,6.83,6.63,6.79,13417965,90114152.9,0.844800
2024-05-28,6.78,6.88,6.69,6.83,13889685,94556701.9,0.874500
2024-05-29,7.0,7.12,6.76,6.81,22333991,154372755.57,1.406100
2024-05-30,6.68,6.93,6.58,6.85,23603600,161082176.0,1.486000
2024-05-31,6.88,7.15,6.81,7.07,34968664,244666044.87,2.201600
2024-06-03,7.06,7.07,6.72,6.78,30156894,207523027.78,1.898600
2024-06-04,6.7,6.74,6.51,6.66,25812731,170493765.67,1.625100
2024-06-05,6.65,6.87,6.63,6.73,23005711,156134294.78,1.448400
2024-06-06,6.73,6.74,6.37,6.4,30620795,197782382.93,1.927800
2024-06-07,6.41,6.5,6.37,6.47,17949821,115836736.61,1.130100
2024-06-11,6.43,6.61,6.34,6.59,15810290,102791890.74,0.995400
2024-06-12,6.59,6.76,6.54,6.67,14770576,98755771.52,0.929900
2024-06-13,6.65,6.67,6.49,6.51,16006559,104712142.6,1.007700
2024-06-14,6.5,6.5,6.35,6.4,28416132,182132719.24,1.789000
2024-06-17,6.36,6.42,6.23,6.27,25142086,158029615.65,1.582900
2024-06-18,6.28,6.4,6.26,6.34,19416277,123328951.83,1.222400
2024-06-19,6.35,6.4,6.27,6.34,14845475,94057262.74,0.934600
2024-06-20,6.31,6.34,6.11,6.12,19601840,121420586.67,1.234100
2024-06-21,6.11,6.16,6.02,6.09,10736394,65585277.15,0.675900
2024-06-24,6.08,6.09,5.83,5.84,17838063,105753231.09,1.123100
2024-06-25,5.84,5.91,5.75,5.8,14187686,82631694.45,0.893200
2024-06-26,5.78,5.93,5.71,5.93,12311952,71773471.64,0.775100
2024-06-27,5.92,5.96,5.8,5.81,11384900,66817971.0,0.716800
2024-06-28,5.8,5.99,5.78,5.86,13067100,77144211.0,0.822700
2024-07-01,5.8,5.89,5.71,5.88,14586993,84516426.74,0.918400
2024-07-02,5.85,5.96,5.83,5.88,10897260,64302539.65,0.686100
2024-07-03,5.9,6.06,5.85,5.92,23010177,136735215.23,1.448700
2024-07-04,5.91,5.93,5.71,5.77,15924334,92601698.52,1.002600
2024-07-05,5.75,5.91,5.67,5.9,11794734,68466477.92,0.742600
2024-07-08,5.85,5.89,5.67,5.68,12646355,72498668.91,0.796200
2024-07-09,5.68,5.75,5.52,5.73,13831350,78031627.0,0.870800
2024-07-10,5.65,5.75,5.62,5.67,9667430,54982628.7,0.608600
2024-07-11,5.75,5.91,5.75,5.89,15115566,88340582.08,0.951700
2024-07-12,5.9,5.92,5.84,5.87,7553500,44344465.0,0.475600
2024-07-15,5.85,5.9,5.79,5.81,9100709,52973579.11,0.573000
2024-07-16,5.83,5.88,5.78,5.88,7057835,41143268.48,0.444300
2024-07-17,5.86,5.95,5.84,5.89,8939309,52735207.83,0.562800
2024-07-18,5.85,5.89,5.74,5.88,10759899,62495965.24,0.677400
2024-07-19,5.86,5.98,5.82,5.95,12188511,72263045.97,0.767400
2024-07-22,5.96,6.06,5.96,6.02,12159003,73163151.97,0.765500
2024-07-23,6.02,6.02,5.9,5.9,11174232,66593579.4,0.703500
2024-07-24,5.9,6.03,5.85,5.94,11622440,69014558.2,0.731700
2024-07-25,5.91,5.97,5.85,5.92,8455543,49875580.04,0.532300
2024-07-26,5.93,6.22,5.92,6.21,27273636,166697679.88,1.717100
2024-07-29,6.25,6.42,6.25,6.34,24508593,155559569.76,1.543000
2024-07-30,6.31,6.44,6.26,6.44,26111319,166465105.59,1.643900
2024-07-31,6.45,6.55,6.35,6.54,31742442,205230203.26,1.998500
2024-08-01,6.55,7.19,6.55,7.19,28243209,199715545.28,1.778100
2024-08-02,7.2,7.68,7.05,7.09,145156494,1076930802.48,9.138800
2024-08-05,7.0,7.5,6.91,6.91,91210761,652958080.19,5.742500
2024-08-06,6.91,7.31,6.63,7.16,95555049,669401922.28,6.016000
2024-08-07,6.99,7.88,6.89,7.88,119445187,899123824.73,7.520100
2024-08-08,8.15,8.57,7.65,7.8,209954297,1711320227.9,13.218400
2024-08-09,7.3,7.44,7.02,7.02,127113512,916298884.07,8.002900
2024-08-12,6.9,6.94,6.69,6.72,63572629,429649796.11,4.002400
2024-08-13,6.76,6.9,6.7,6.83,44064053,299149243.45,2.774200
2024-08-14,6.83,6.92,6.8,6.81,34003005,233061688.6,2.140800
2024-08-15,6.76,6.82,6.61,6.78,37098634,249401731.76,2.335700
2024-08-16,7.28,7.4,6.78,6.83,67569400,471512196.18,4.254100
2024-08-19,6.72,6.94,6.62,6.78,42414307,287281223.06,2.670300
2024-08-20,6.72,6.75,6.53,6.57,33779600,223602963.0,2.126700
2024-08-21,6.55,6.6,6.45,6.46,21206665,138226152.05,1.335100
2024-08-22,6.46,6.66,6.42,6.47,28505630,186050278.8,1.794700
2024-08-23,6.42,6.45,6.28,6.31,23775027,150840040.87,1.496800
2024-08-26,6.32,6.35,6.25,6.29,14597900,91876234.0,0.919100
2024-08-27,6.22,6.28,6.08,6.1,17595600,107923489.0,1.107800
2024-08-28,6.08,6.14,6.06,6.07,11338882,69067039.62,0.713900
2024-08-29,6.0,6.19,5.99,6.14,15189078,93004748.26,0.956300
2024-08-30,6.12,6.26,6.11,6.18,22894480,142285104.6,1.441400
2024-09-02,6.15,6.18,6.03,6.03,15526672,94500254.95,0.977500
2024-09-03,6.07,6.14,6.05,6.13,12100683,73812569.96,0.761800
2024-09-04,6.13,6.18,6.08,6.09,12642700,77445456.0,0.796000
2024-09-05,6.1,6.22,6.09,6.21,15663340,96823638.4,0.986100
2024-09-06,6.21,6.23,6.11,6.11,11550901,71222860.21,0.727200
2024-09-09,6.09,6.19,6.06,6.14,10256700,62823645.0,0.645700
2024-09-10,6.18,6.3,6.08,6.28,19887132,123155677.32,1.252100
2024-09-11,6.23,6.28,6.09,6.14,15779600,97015434.0,0.993500
2024-09-12,6.15,6.26,6.15,6.18,13050637,81033052.88,0.821600
2024-09-13,6.19,6.25,6.11,6.14,9522737,58774237.81,0.599500
2024-09-18,6.14,6.18,6.03,6.13,9653000,58798292.0,0.607700
2024-09-19,6.14,6.28,6.09,6.26,16084432,100001027.04,1.012600
2024-09-20,6.26,6.31,6.22,6.25,11022884,69048294.0,0.694000
2024-09-23,6.25,6.35,6.24,6.26,16287932,102321634.6,1.025500
2024-09-24,6.32,6.41,6.24,6.4,25015253,158604255.67,1.574900
2024-09-25,6.45,6.62,6.44,6.54,35867931,234318245.12,2.258200
2024-09-26,6.53,6.7,6.46,6.7,30695578,202634839.16,1.932500
2024-09-27,6.76,7.24,6.76,7.11,53469388,373944295.94,3.366300
2024-09-30,7.41,7.82,7.23,7.81,84623134,644122541.66,5.327700
2024-10-08,8.59,8.59,7.82,8.55,114452462,956315811.75,7.205700
2024-10-09,8.4,8.4,7.72,7.74,73407655,589686443.71,4.621600
2024-10-10,7.7,8.02,7.56,7.74,47496035,370351713.59,2.990300
2024-10-11,7.7,7.71,7.22,7.29,37404652,276759001.68,2.354900
2024-10-14,7.43,7.64,7.33,7.59,41698840,313046042.19,2.625300
2024-10-15,7.54,7.74,7.43,7.53,36381674,276251690.29,2.290500
2024-10-16,7.45,7.53,7.33,7.41,27689400,205973403.0,1.743300
2024-10-17,7.44,7.62,7.44,7.45,31484200,236893056.0,1.982200
2024-10-18,7.42,7.74,7.35,7.6,41240818,312134299.63,2.596500
2024-10-21,7.72,8.15,7.72,8.08,69524354,555983910.93,4.377100
2024-10-22,8.11,8.15,7.87,7.94,43501096,346008249.79,2.738800
2024-10-23,7.94,8.25,7.88,8.09,63546396,516748467.24,4.000800
2024-10-24,8.09,8.12,7.88,7.95,31639205,251443173.1,1.992000
2024-10-25,7.9,8.03,7.89,7.93,36163943,287299457.49,2.276800
2024-10-28,7.99,8.27,7.98,8.22,53975682,440317305.29,3.398200
2024-10-29,8.3,8.59,8.21,8.27,72143211,602811142.01,4.542000
2024-10-30,8.32,8.4,8.13,8.24,50899623,420602338.77,3.204600
2024-10-31,8.14,8.58,8.14,8.42,64483396,539004856.93,4.059800
2024-11-01,8.41,8.43,7.92,7.95,57174470,462778462.5,3.599600
2024-11-04,7.95,8.35,7.95,8.21,37184970,303333700.7,2.341100
2024-11-05,8.23,8.68,8.21,8.61,73989574,631975733.2,4.658300
2024-11-06,8.8,9.36,8.59,9.04,125239770,1123325295.54,7.884900
2024-11-07,9.0,9.1,8.71,8.95,80929028,720204792.56,5.095200
2024-11-08,8.99,9.24,8.97,9.04,72909798,664095811.62,4.590300
2024-11-11,9.13,9.19,8.93,9.1,57913694,523758815.42,3.646200
2024-11-12,9.12,9.17,8.74,8.82,62269402,554663004.37,3.920400
2024-11-13,8.82,9.1,8.72,8.83,42556514,377663613.08,2.679300
2024-11-14,8.83,8.84,8.47,8.48,39654000,341426974.0,2.496600
2024-11-15,8.46,8.56,8.22,8.23,42028153,353916335.12,2.646000
2024-11-18,8.24,8.35,7.99,8.16,45629730,372351127.4,2.872800
2024-11-19,8.43,8.98,8.36,8.65,125249025,1088889675.89,7.885500
2024-11-20,8.28,8.55,8.07,8.48,88504227,737373186.51,5.572100
2024-11-21,8.43,8.67,8.33,8.45,44786251,380573910.03,2.819700
2024-11-22,8.39,8.52,8.12,8.13,39239271,326966098.16,2.470400
2024-11-25,8.08,8.16,7.8,7.96,41710870,331218586.1,2.626000
2024-11-26,7.96,8.05,7.83,7.88,21454800,170090162.0,1.350800
2024-11-27,7.81,8.03,7.69,8.02,27845205,218801231.49,1.753100
2024-11-28,8.05,8.31,8.01,8.08,26493178,215389289.24,1.668000
2024-11-29,8.04,8.13,7.93,8.09,25972101,209094731.98,1.635200
2024-12-02,8.12,8.22,8.1,8.19,25827723,211180529.14,1.626100
2024-12-03,8.19,8.2,8.0,8.09,31358366,253189822.94,1.974300
2024-12-04,8.07,8.11,7.94,7.97,22678178,181888976.9,1.427800
2024-12-05,7.98,8.14,7.94,8.09,18584200,149604738.0,1.170000
2024-12-06,8.19,8.2,8.06,8.16,22044069,179456512.98,1.387900
2024-12-09,8.16,8.18,8.0,8.07,21223600,171309396.0,1.336200
2024-12-10,8.22,8.32,8.14,8.16,31945440,262282684.17,2.011200
2024-12-11,8.17,8.25,8.14,8.24,21769579,178711122.17,1.370600
2024-12-12,8.23,8.36,8.18,8.29,22538200,186382375.0,1.419000
2024-12-13,8.25,8.25,8.03,8.04,27817302,225791412.3,1.751300
2024-12-16,8.02,8.07,7.9,7.95,18775602,149750746.82,1.182100
2024-12-17,7.94,7.97,7.7,7.71,23940362,186870535.51,1.507200
2024-12-18,7.75,7.98,7.7,7.89,22204679,174768062.31,1.398000
2024-12-19,7.8,7.94,7.72,7.9,15798664,123581170.64,0.994700
2024-12-20,7.9,7.93,7.82,7.88,12786990,100682259.52,0.805000
2024-12-23,7.85,7.88,7.56,7.59,22016200,169377313.0,1.386100
2024-12-24,7.55,7.71,7.51,7.61,15850114,120535373.4,0.997900
2024-12-25,7.58,7.63,7.44,7.48,15898701,119233793.49,1.001000
2024-12-26,7.48,7.65,7.47,7.58,14418900,109366069.0,0.907800
2024-12-27,7.66,7.73,7.63,7.67,20288300,155980551.0,1.277300
2024-12-30,7.68,7.79,7.51,7.71,16836934,129477643.84,1.060000
2024-12-31,7.67,7.7,7.3,7.31,29103909,216372534.87,1.832300
2025-01-02,7.3,7.35,6.97,7.04,22529694,161254905.08,1.418400
2025-01-03,7.07,7.09,6.76,6.78,19253690,132423839.4,1.212200
2025-01-06,6.75,6.82,6.65,6.73,13337850,89814913.0,0.839700
2025-01-07,6.77,6.84,6.71,6.83,10729400,72614188.0,0.675500
2025-01-08,6.84,6.9,6.66,6.87,14713951,99952911.37,0.926400
2025-01-09,6.8,7.01,6.8,6.92,14990361,103873973.56,0.943800
2025-01-10,6.93,6.95,6.72,6.72,10231705,69921351.5,0.644200
2025-01-13,6.66,6.78,6.55,6.73,9425500,62994920.3,0.593400
2025-01-14,6.75,6.94,6.71,6.93,12192217,83705996.51,0.767600
2025-01-15,6.93,6.99,6.85,6.87,10496600,72444566.0,0.660800
2025-01-16,6.94,7.02,6.84,6.93,12573010,86965578.0,0.791600
2025-01-17,6.89,7.01,6.84,6.95,10392000,72029434.0,0.654300
2025-01-20,6.95,7.04,6.91,6.97,9612400,67036585.0,0.605200
2025-01-21,6.94,6.98,6.74,6.82,17971020,122393426.0,1.131400
2025-01-22,6.81,6.81,6.67,6.72,12499142,83995476.24,0.786900
2025-01-23,6.78,6.92,6.73,6.74,14997613,102717896.32,0.944200
2025-01-24,6.75,6.93,6.72,6.89,13461500,91921835.0,0.847500
2025-01-27,6.9,7.0,6.83,6.86,11051745,76323476.48,0.695800
2025-02-05,6.92,7.05,6.87,6.96,19069700,133027722.35,1.200600
2025-02-06,6.94,7.08,6.88,7.07,16891500,118365945.0,1.063500
2025-02-07,7.08,7.25,7.04,7.18,22283565,159465893.7,1.402900
2025-02-10,7.2,7.39,7.2,7.38,20949765,152932311.2,1.319000
2025-02-11,7.38,7.39,7.24,7.3,16884483,122950246.99,1.063000
2025-02-12,7.3,7.34,7.24,7.31,14286646,104099571.8,0.899500
2025-02-13,7.31,7.34,7.17,7.18,16716550,120817804.75,1.052400
2025-02-14,7.2,7.23,7.15,7.21,11521825,82875823.45,0.725400
2025-02-17,7.24,7.28,7.13,7.18,16512396,118969897.2,1.039600
2025-02-18,7.18,7.18,6.92,6.93,20747904,146365410.12,1.306300
2025-02-19,6.94,7.1,6.94,7.08,14039846,98845701.62,0.883900
2025-02-20,7.13,7.79,7.13,7.79,48474145,371187784.57,3.051900
2025-02-21,7.8,8.11,7.69,7.86,109483311,861702715.26,6.892900
2025-02-24,7.81,8.13,7.81,8.03,67891743,541979741.89,4.274400
2025-02-25,7.9,8.1,7.81,7.93,43724380,347800540.49,2.752800
2025-02-26,7.91,8.0,7.86,8.0,38269909,304869169.55,2.409400
2025-02-27,7.98,8.0,7.68,7.82,41363956,323279911.12,2.604200
2025-02-28,7.79,7.86,7.49,7.53,31003788,237238684.58,1.951900
2025-03-03,7.55,7.69,7.43,7.49,24160575,182731254.5,1.521100
2025-03-04,7.53,7.73,7.5,7.7,35152100,269120121.24,2.213100
2025-03-05,7.68,7.77,7.6,7.75,26510306,204157111.09,1.669000
2025-03-06,7.79,7.84,7.7,7.75,29346975,227514852.5,1.847600
2025-03-07,7.73,7.91,7.7,7.74,31990075,249733586.75,2.014000
2025-03-10,7.8,7.86,7.71,7.74,21727851,168682441.66,1.368000
2025-03-11,7.68,7.95,7.63,7.9,34580062,271076524.55,2.177100
2025-03-12,7.94,8.02,7.85,7.85,25771400,203764013.0,1.622500
2025-03-13,7.86,7.89,7.67,7.78,21434700,165861818.0,1.349500
2025-03-14,7.75,7.81,7.64,7.78,22234800,172275062.0,1.399900
2025-03-17,7.79,7.83,7.74,7.75,18716172,145476567.6,1.178300
2025-03-18,7.74,7.75,7.65,7.66,18691100,143518784.0,1.176800
2025-03-19,7.69,7.72,7.59,7.61,16264500,124255495.0,1.024000
2025-03-20,7.61,7.76,7.56,7.66,20874901,160225001.44,1.314300
2025-03-21,7.63,7.91,7.6,7.69,32414508,250802740.68,2.040800
2025-03-24,7.69,7.86,7.3,7.48,37246056,279642315.33,2.345000
2025-03-25,7.43,7.71,7.41,7.51,23780479,180152322.61,1.497200
2025-03-26,7.47,7.61,7.45,7.49,12948210,97147196.8,0.815200
2025-03-27,7.47,7.49,7.3,7.42,15955545,118022942.5,1.004500
2025-03-28,7.41,7.45,7.28,7.3,14541310,106693384.99,0.915500
2025-03-31,7.25,7.3,7.11,7.22,16151816,116283706.17,1.016900
2025-04-01,7.24,7.43,7.24,7.34,14332645,105324190.25,0.902400
2025-04-02,7.34,7.36,7.26,7.29,9717000,70860819.0,0.611800
2025-04-03,7.23,7.35,7.22,7.28,10491326,76440373.28,0.660500
2025-04-07,7.01,7.06,6.55,6.55,32278700,216360914.0,2.032200
2025-04-08,6.6,6.72,6.45,6.57,21623401,141746741.13,1.361400
2025-04-09,6.55,6.95,6.42,6.88,38007398,256336339.06,2.392900
2025-04-10,6.9,7.04,6.85,6.92,24397700,169965113.0,1.536000
2025-04-11,6.93,7.03,6.84,6.93,21656428,150035683.76,1.363500
2025-04-14,6.95,7.02,6.94,6.99,13069805,91260183.95,0.822900
2025-04-15,6.97,7.0,6.85,6.9,10995900,75824470.0,0.692300
2025-04-16,6.89,6.95,6.7,6.81,11748200,80091508.0,0.739600
2025-04-17,6.76,6.92,6.74,6.81,12321000,84683389.0,0.775700
2025-04-18,6.82,6.86,6.77,6.82,8231532,56040019.59,0.518200
2025-04-21,6.82,6.99,6.79,6.97,13608550,94495017.5,0.856800
2025-04-22,6.96,6.97,6.89,6.96,10802600,74892364.0,0.680100
2025-04-23,6.99,7.13,6.96,6.98,18048567,126533279.27,1.136300
2025-04-24,6.99,7.0,6.87,6.95,12540027,87056878.57,0.789500
2025-04-25,6.95,6.99,6.89,6.93,9295331,64546095.65,0.585200
2025-04-28,6.93,6.93,6.8,6.8,10282600,70265056.0,0.647400
2025-04-29,6.8,6.82,6.74,6.82,7426403,50470517.34,0.467600
2025-04-30,6.82,6.85,6.78,6.82,11624840,79238821.0,0.731900
2025-05-06,6.88,6.97,6.86,6.96,14021740,97052625.8,0.882800
2025-05-07,7.05,7.38,7.05,7.25,43436662,313706868.06,2.734700
2025-05-08,7.38,7.5,7.2,7.5,41853043,308720679.18,2.635000
2025-05-09,7.52,7.56,7.33,7.4,35419312,263066204.0,2.229900
2025-05-12,7.41,7.8,7.36,7.65,52620226,403368807.67,3.312900
2025-05-13,7.7,7.7,7.48,7.5,29163821,220920201.02,1.836100
2025-05-14,7.47,7.54,7.36,7.4,21897400,162423774.0,1.378600
2025-05-15,7.38,7.5,7.25,7.26,17741400,130086523.0,1.117000
2025-05-16,7.25,7.39,7.22,7.22,14350269,104545143.18,0.903500
2025-05-19,7.3,7.5,7.23,7.46,29714069,219503921.03,1.870700
2025-05-20,7.42,7.54,7.36,7.4,20420801,151693461.37,1.285700
2025-05-21,7.41,7.43,7.28,7.29,14342005,104974507.45,0.902900
2025-05-22,7.3,7.38,7.21,7.24,15650000,114185800.0,0.985300
2025-05-23,7.27,7.28,7.14,7.15,14375200,103649904.0,0.905000
2025-05-26,7.16,7.32,7.12,7.29,15568068,112890148.39,0.980100
2025-05-27,7.37,7.39,7.26,7.33,14511000,106084702.0,0.913600
2025-05-28,7.28,7.37,7.24,7.25,10690728,77979690.56,0.673100
2025-05-29,7.25,7.42,7.23,7.41,18923303,139183108.81,1.191400
2025-05-30,7.39,7.41,7.34,7.38,12089885,89126015.6,0.761200
2025-06-03,7.39,7.53,7.38,7.41,24257689,180523439.72,1.527200
2025-06-04,7.39,7.51,7.38,7.4,16590100,123227538.0,1.044500
2025-06-05,7.39,7.43,7.3,7.42,14754700,108719153.0,0.928900
2025-06-06,7.42,7.49,7.4,7.42,14143200,105107526.0,0.890400
2025-06-09,7.45,7.53,7.43,7.48,19765905,147964912.45,1.244400
2025-06-10,7.47,7.48,7.25,7.32,21620500,158870581.0,1.361200
2025-06-11,7.31,7.37,7.29,7.33,9702300,71132179.0,0.610800
2025-06-12,7.31,7.32,7.24,7.27,9992775,72726174.65,0.629100
2025-06-13,7.27,7.48,7.24,7.38,26214430,192778716.8,1.650400
2025-06-16,7.4,7.43,7.31,7.38,16373900,120522837.0,1.030900
2025-06-17,7.37,7.44,7.31,7.44,15899500,117211909.0,1.001000
2025-06-18,7.42,7.5,7.4,7.46,21531122,160511152.9,1.355600
2025-06-19,7.45,7.45,7.2,7.31,26205903,191077648.84,1.649900
2025-06-20,7.28,7.32,7.23,7.24,11300901,82220189.29,0.711500
2025-06-23,7.3,7.96,7.21,7.96,110167484,864364675.27,6.936000
2025-06-24,7.79,7.86,7.65,7.8,95458288,742568189.5,6.009900
2025-06-25,7.78,8.03,7.77,7.94,92209287,729112871.89,5.805300
2025-06-26,8.09,8.32,8.01,8.03,121997915,993576464.91,7.680800
2025-06-27,7.96,8.25,7.96,8.14,76199211,621453728.16,4.797400
2025-06-30,8.2,8.46,8.16,8.4,90655701,757277898.99,5.707500
2025-07-01,8.41,8.48,8.21,8.36,85169004,710042031.25,5.362100
2025-07-02,8.33,8.33,8.08,8.12,55649210,454722437.8,3.503600
2025-07-03,8.11,8.26,8.11,8.16,33524653,273965427.39,2.110700
2025-07-04,8.13,8.15,8.02,8.07,32831650,265298342.91,2.067000
2025-07-07,8.06,8.09,7.97,8.03,21616500,173343164.0,1.360900
2025-07-08,8.03,8.07,7.99,8.04,21966608,176464836.3,1.383000
2025-07-09,8.04,8.11,7.98,8.0,32220674,259092229.0,2.028600
2025-07-10,7.99,8.03,7.9,8.02,26077100,207667553.33,1.641800
2025-07-11,8.02,8.07,7.97,8.05,24287676,195116692.04,1.529100
2025-07-14,8.04,8.07,7.97,8.0,22347700,179127116.0,1.407000
2025-07-15,7.7,7.8,7.52,7.61,67043896,512279900.87,4.221000
2025-07-16,7.61,7.71,7.55,7.65,21008106,160688261.83,1.322600
2025-07-17,7.65,7.83,7.57,7.8,25765701,199297644.79,1.622200
2025-07-18,7.82,8.04,7.81,7.91,31568698,249815816.42,1.987500
2025-07-21,7.93,8.01,7.92,7.94,21193110,168426244.3,1.334300
2025-07-22,7.9,8.0,7.88,7.93,30189304,239682150.64,1.900700
2025-07-23,7.95,7.95,7.8,7.82,22605324,178017828.48,1.423200
2025-07-24,7.83,8.38,7.81,8.17,81066113,658306608.79,5.103800
2025-07-25,8.26,8.33,8.13,8.2,46510327,381833587.64,2.928200
2025-07-28,8.23,8.32,8.16,8.28,51516269,425073476.97,3.243400
2025-07-29,8.25,8.33,8.19,8.33,37631228,310810667.78,2.369200
2025-07-30,8.32,8.4,8.13,8.2,42547700,351524025.54,2.678700
2025-07-31,8.17,8.29,8.1,8.14,27395164,224162512.79,1.724800
2025-08-01,8.28,8.3,8.02,8.1,43136869,351345801.14,2.715800
2025-08-04,8.04,8.31,8.01,8.3,53039105,436837627.4,3.339300
2025-08-05,8.29,8.49,8.26,8.36,52756724,442217760.72,3.321500
2025-08-06,8.34,8.61,8.32,8.53,66288101,564349983.3,4.173400
2025-08-07,8.53,8.56,8.42,8.51,52205694,442542745.72,3.286800
2025-08-08,8.47,8.69,8.46,8.58,60404549,519770389.76,3.803000
2025-08-11,8.54,8.85,8.54,8.76,66800850,585021142.5,4.205700
2025-08-12,8.88,9.63,8.77,9.1,155870718,1444556855.76,9.813400
2025-08-13,8.99,9.41,8.98,9.23,131984120,1219189295.29,8.309500
2025-08-14,9.23,9.24,8.73,8.74,107589793,958392813.42,6.773700
2025-08-15,8.71,8.79,8.62,8.69,63328320,550161804.4,3.987000
2025-08-18,8.71,8.75,8.6,8.66,66945440,580684889.6,4.214800
2025-08-19,8.67,8.68,8.55,8.6,45767998,393620435.1,2.881500
2025-08-20,8.6,8.67,8.52,8.64,45323870,390242372.9,2.853500
2025-08-21,8.65,8.7,8.57,8.62,35119695,302963503.4,2.211100
2025-08-22,8.62,8.7,8.52,8.7,42799109,368064161.11,2.694600
2025-08-25,8.71,9.08,8.62,9.01,101931829,899125468.68,6.417500
2025-08-26,9.01,9.03,8.83,8.87,56208674,500710018.26,3.538800
2025-08-27,8.87,8.87,8.53,8.53,53978983,471481788.71,3.398400
2025-08-28,8.57,8.79,8.41,8.76,52490312,453606669.08,3.304700
2025-08-29,8.76,8.85,8.65,8.78,41802091,364667061.25,2.631800
2025-09-01,8.76,8.77,8.61,8.66,31109489,269321177.21,1.958600
2025-09-02,8.67,8.68,8.32,8.45,37620300,317568573.36,2.368500
2025-09-03,8.46,8.49,7.92,7.95,50093698,408301385.24,3.153800
2025-09-04,7.92,8.03,7.76,7.88,30921953,244337467.06,1.946800
2025-09-05,7.9,7.96,7.83,7.96,19218331,151888882.36,1.210000
2025-09-08,7.98,8.04,7.87,8.03,24831223,197580454.34,1.563300
2025-09-09,8.02,8.02,7.86,7.87,20775566,164603846.42,1.308000
2025-09-10,7.87,7.95,7.85,7.87,14577159,114991849.25,0.917800
2025-09-11,7.86,7.94,7.81,7.93,19164787,151288795.0,1.206600
2025-09-12,7.92,7.96,7.88,7.88,23816298,188689720.59,1.499400
2025-09-15,7.89,7.9,7.77,7.78,23274666,181544330.59,1.465300
2025-09-16,7.79,7.87,7.72,7.87,18471477,144242596.1,1.162900
2025-09-17,7.89,7.9,7.82,7.85,13462232,105720939.31,0.847600
2025-09-18,7.86,7.88,7.68,7.73,24860400,194163343.0,1.565200
2025-09-19,7.73,7.86,7.7,7.75,20795844,161698746.48,1.309300
2025-09-22,7.75,7.76,7.61,7.68,16832539,128893254.08,1.059700
2025-09-23,7.68,7.68,7.41,7.54,23934831,179421408.43,1.506900
2025-09-24,7.52,7.65,7.46,7.65,16320600,123738547.0,1.027500
2025-09-25,7.64,7.65,7.57,7.58,11855194,90196559.32,0.746400
2025-09-26,7.56,7.69,7.52,7.58,16142547,122859439.87,1.016300
2025-09-29,7.55,7.6,7.37,7.58,17812544,133528447.88,1.121400
2025-09-30,7.57,7.76,7.57,7.74,20491556,157623896.32,1.290100
2025-10-09,7.75,7.8,7.68,7.8,19679396,152769930.06,1.239000
2025-10-10,7.79,7.82,7.73,7.75,16352718,127068019.84,1.029500
2025-10-13,7.6,7.8,7.47,7.8,20800958,160325739.07,1.309600
2025-10-14,7.82,7.9,7.73,7.78,20376538,159077158.18,1.282900
2025-10-15,7.77,7.78,7.67,7.75,15819656,122223339.32,0.996000
2025-10-16,7.74,7.76,7.61,7.63,15126843,115985095.3,0.952400
2025-10-17,7.62,7.72,7.47,7.48,16224605,122714898.19,1.021500
2025-10-20,7.55,7.61,7.51,7.58,12221211,92409367.39,0.769400
2025-10-21,7.58,7.67,7.56,7.64,12182506,92983217.31,0.767000
2025-10-22,7.64,7.86,7.58,7.82,32271734,250319016.49,2.031800
2025-10-23,7.8,7.82,7.67,7.81,17015600,131713192.0,1.071300
2025-10-24,8.1,8.3,7.95,7.98,61529942,500461090.64,3.873800
2025-10-27,8.0,8.18,7.94,8.04,43322334,348810091.99,2.727500
2025-10-28,7.99,8.84,7.97,8.84,161015998,1398880184.36,10.137300
2025-10-29,8.6,9.0,8.41,8.75,172205097,1508820645.17,10.841800
2025-10-30,8.7,8.82,8.51,8.6,103593451,893535914.07,6.522100
2025-10-31,8.57,8.62,8.34,8.37,68604409,578518026.68,4.319200
2025-11-03,8.37,8.61,8.33,8.6,74800931,635183737.71,4.709300
2025-11-04,8.52,9.26,8.5,8.98,136575029,1210078422.55,8.598500
2025-11-05,8.76,8.91,8.67,8.81,82345967,724730421.18,5.184400
2025-11-06,8.77,8.8,8.6,8.65,55318801,479421046.5,3.482800
2025-11-07,8.67,8.75,8.56,8.67,59249669,511859017.86,3.730300
2025-11-10,8.74,8.79,8.51,8.53,51370542,441558189.31,3.234200
2025-11-11,8.48,8.54,8.39,8.47,44031481,372186191.71,2.772200
2025-11-12,8.45,8.57,8.26,8.48,47254205,396731255.92,2.975000
2025-11-13,8.47,8.62,8.42,8.55,44728099,382129768.53,2.816000
2025-11-14,8.48,9.41,8.45,9.41,270843028,2528868151.48,17.051800
2025-11-17,10.35,10.35,10.35,10.35,21397251,221461547.85,1.347100
2025-11-18,11.0,11.39,10.85,11.39,409135317,4597092681.67,25.758500
2025-11-19,12.25,12.53,11.98,12.53,185057280,2288534180.54,11.650900
2025-11-20,13.78,13.78,11.8,13.78,676562111,8763126819.07,42.595300
2025-11-21,13.72,13.77,12.4,12.4,412816067,5250637956.59,25.990200
2025-11-24,11.98,13.64,11.42,13.64,533859742,6810383063.18,33.610900
2025-11-25,13.27,14.95,13.04,14.1,615168780,8626103508.93,38.730000
2025-11-26,14.39,14.5,12.69,12.69,495587325,6514400443.61,31.201400
2025-11-27,11.8,13.22,11.43,12.28,483979293,5812888553.18,30.470600
2025-11-28,12.0,13.51,11.86,13.51,409083086,5171347398.23,25.755200
2025-12-01,14.8,14.86,14.4,14.86,142563203,2108895924.85,8.975500
2025-12-02,15.51,16.35,15.27,16.35,357941917,5726846518.36,22.535400
2025-12-03,16.8,17.65,15.62,17.2,746366411,12469190934.47,46.990000
2025-12-04,17.0,18.92,16.62,18.7,690130431,12634638564.75,43.449500
2025-12-05,18.0,20.57,17.8,20.57,603206012,11673952376.39,37.976900
2025-12-08,21.91,22.63,21.25,22.0,601247761,13317202311.31,37.853600
2025-12-09,21.5,23.0,21.48,22.13,613769330,13670745954.9,38.641900
2025-12-10,21.38,22.0,20.63,20.74,487967820,10385784108.51,30.721700
2025-12-11,21.0,21.16,19.99,20.25,429402834,8797666848.91,27.034500
2025-12-12,20.05,21.8,20.03,21.31,509074368,10752017139.74,32.050500
2025-12-15,20.5,21.82,19.2,21.55,508787760,10555321954.04,32.032500
2025-12-16,21.28,23.71,20.2,22.93,624836378,13669331089.9,39.338700
2025-12-17,22.02,22.5,21.05,21.05,437083865,9505863315.14,27.518100
2025-12-18,21.05,22.2,20.69,21.45,368590786,7932407695.68,23.205900
2025-12-19,21.25,23.15,21.24,22.3,476771717,10632168882.79,30.016800
2025-12-22,22.2,23.38,21.71,22.85,443278287,10049596011.36,27.894600
2025-12-23,22.63,22.99,21.75,22.8,443664577,9971555725.78,27.918900
2025-12-24,22.56,24.99,22.52,24.93,500536501,11952170900.08,31.497700
2025-12-25,24.5,25.75,24.3,25.6,528597758,13344745459.87,33.263500
2025-12-26,27.59,28.16,27.23,28.16,300790244,8424016376.21,18.928100
2025-12-29,29.8,30.98,29.5,30.98,338217591,10298857520.89,21.283300
2025-12-30,32.01,33.88,29.75,30.01,675928763,21618450292.59,42.534800
2025-12-31,30.89,33.01,30.07,33.01,568428479,17932273846.88,35.770000
2026-01-05,33.01,34.33,31.6,33.08,524559733,17328595351.86,33.009400
2026-01-06,32.65,35.27,31.36,34.08,507137829,16751652796.71,31.913100
2026-01-07,33.4,37.0,33.06,36.7,506630597,17948648300.56,31.881200
2026-01-08,35.8,37.19,35.36,36.83,453021751,16455070663.37,28.507700
2026-01-09,36.71,37.79,36.3,37.78,430467930,16009517084.23,27.088400
2026-01-12,37.76,40.65,37.3,40.0,566759829,22222330343.76,35.665000
2026-01-13,38.19,38.2,36.0,36.0,289916160,10559361547.5,18.243800
2026-01-14,33.58,35.1,32.4,32.47,412168033,13708242867.11,25.936900
2026-01-15,31.7,32.45,29.22,30.04,352706919,10712105437.18,22.195100
2026-01-16,30.5,30.94,29.22,30.4,265962351,8030434450.03,16.736400
2026-01-19,29.6,30.36,28.83,28.9,221846052,6580138054.42,13.960300
2026-01-20,29.0,29.35,26.01,26.91,315051277,8540222761.96,19.825500
2026-01-21,26.85,27.1,25.76,25.88,191432272,5068538698.29,12.046400
2026-01-22,25.91,27.5,25.91,27.26,234583057,6280254663.23,14.761800
2026-01-23,27.33,29.5,26.67,29.42,311213938,8865492264.96,19.584000
2026-01-26,28.42,28.84,26.48,26.48,244577696,6648065233.46,15.390800
2026-01-27,25.91,28.1,25.91,27.73,201035025,5507091299.58,12.650700
2026-01-28,27.73,27.74,26.31,26.58,182574451,4888106436.75,11.489000
2026-01-29,26.5,27.6,26.5,27.18,186115077,5056430330.83,11.711800
2026-01-30,26.9,29.8,26.8,28.48,343500739,9866735326.42,21.615800
2026-02-02,28.1,29.69,27.18,29.44,337006978,9636044074.46,21.207100
2026-02-03,29.53,32.38,28.75,32.38,446843944,13872226053.72,28.118900
2026-02-04,33.47,34.64,32.46,32.5,495677493,16639138132.13,31.191900
2026-02-05,31.02,33.77,30.63,32.0,400680704,12929821762.11,25.214000
2026-02-06,31.5,32.58,30.27,30.35,322691959,10087143543.43,20.306300
2026-02-09,30.84,31.28,29.8,30.34,279638427,8534418622.1,17.597000
2026-02-10,30.01,30.2,28.02,28.5,277685196,8018886879.88,17.474100
2026-02-11,28.5,29.35,28.0,28.0,240817346,6875108947.54,15.154100
2026-02-12,27.19,28.45,26.86,28.42,235095860,6489498337.23,14.794100
2026-02-13,28.14,29.2,28.0,28.1,184787757,5297203920.18,11.628300
2026-02-24,27.75,28.45,27.38,27.58,156695241,4380099871.67,9.860500
2026-02-25,27.76,30.34,27.34,30.34,270370888,7843031966.82,17.013900
2026-02-26,30.04,31.55,29.13,30.74,365490715,11174353779.18,22.999600
2026-02-27,30.72,31.96,30.47,30.75,289887573,9026578160.76,18.242000
2026-03-02,30.68,32.55,30.22,31.99,301967084,9547966239.28,19.002100
2026-03-03,31.5,31.73,29.0,29.02,242161599,7301354588.17,15.238700
2026-03-04,28.51,30.1,27.9,29.35,162686147,4799247001.6,10.237500
2026-03-05,29.99,32.29,29.0,31.61,311613070,9517460040.14,19.609100
2026-03-06,31.2,33.99,31.2,32.66,413923343,13584532605.5,26.047300
2026-03-09,31.3,33.32,31.3,32.1,311748689,10160659100.86,19.617700
2026-03-10,32.51,34.3,32.12,33.66,364988789,12202207226.06,22.968000
2026-03-11,34.0,34.0,32.8,33.31,297030040,9915401392.4,18.691500
2026-03-12,33.0,33.31,31.09,31.47,257034557,8229475138.62,16.174600
2026-03-13,30.8,32.18,30.09,31.03,221309292,6944499576.83,13.926500
2026-03-16,30.7,31.88,30.18,31.87,186508461,5805779460.44,11.736600
2026-03-17,31.88,32.35,30.35,30.49,169925054,5309781594.53,10.693000
2026-03-18,30.24,32.0,29.89,31.4,220801956,6904177354.53,13.894600
2026-03-19,30.51,31.33,30.0,30.36,163200034,4988371941.92,10.269800
2026-03-20,30.58,30.76,27.6,28.0,206576171,5996466024.64,12.999400
2026-03-23,27.0,28.01,26.05,26.29,163910771,4425021695.94,10.314600
2026-03-24,26.88,27.29,24.83,26.93,225662125,5926499489.03,14.200400
2026-03-25,26.7,27.45,26.68,27.07,178578544,4838352954.39,11.237600
2026-03-26,27.52,28.8,26.42,28.15,261404152,7210639540.02,16.449600
2026-03-27,27.02,28.43,26.8,27.36,177464186,4894238621.01,11.167400
2026-03-30,27.1,29.3,27.1,28.68,235789747,6692091094.55,14.837700
2026-03-31,28.67,29.78,28.2,28.46,250427091,7286702252.37,15.758800
2026-04-01,28.46,28.8,27.16,27.84,200341160,5586852869.94,12.607000
2026-04-02,27.79,28.21,26.91,27.03,123738467,3399678470.99,7.786600
2026-04-03,27.19,27.3,25.7,25.78,132626594,3507843753.43,8.345900
2026-04-07,25.77,26.28,25.57,25.93,102646035,2659742698.53,6.459300
2026-04-08,26.61,27.76,26.3,27.6,175407503,4789443330.43,11.038000
2026-04-09,27.18,27.5,26.65,26.78,133634323,3603637314.35,8.409300
2026-04-10,27.1,27.41,26.35,26.49,126024847,3376608460.58,7.930500
2026-04-13,26.14,26.8,26.14,26.42,86606012,2296752854.57,5.449900
2026-04-14,26.6,27.34,26.12,27.17,196079316,5243673488.25,12.338900
2026-04-15,27.18,28.57,26.97,27.67,243176325,6765338443.22,15.302600
2026-04-16,27.3,27.79,26.75,27.4,194603068,5287451928.49,12.246000
2026-04-17,27.12,27.9,26.85,26.98,205683987,5601446146.7,12.943300
2026-04-20,26.88,29.5,26.7,28.75,313716730,8834132800.68,19.741500
2026-04-21,28.7,29.07,27.52,28.01,224455300,6320579698.99,14.124500
2026-04-22,27.46,27.64,26.86,27.2,183993454,4994805413.68,11.578300
2026-04-23,27.0,27.14,26.2,26.22,143773115,3816563313.1,9.047300
2026-04-24,26.12,26.58,25.81,26.3,93534926,2459264562.8,5.886000
2026-04-27,26.0,26.04,25.1,25.34,124736366,3184913690.13,7.849400
2026-04-28,25.06,25.06,23.5,23.5,153423473,3689391001.71,9.654600
2026-04-29,23.5,24.24,23.44,24.06,98682775,2371656004.06,6.209900
2026-04-30,24.36,24.74,24.25,24.58,95169541,2334045866.88,5.988800
2026-05-06,24.58,25.34,24.58,24.95,105065775,2633017878.86,6.611600
2026-05-07,25.18,25.21,24.7,25.08,107320039,2675855586.36,6.753400
2026-05-08,24.83,27.59,24.68,27.59,246230303,6484442306.11,15.494700
2026-05-11,28.59,29.97,27.47,28.81,379520947,10753372033.34,23.882400
2026-05-12,28.83,29.0,27.64,27.66,222322896,6272537277.05,13.990300
2026-05-13,27.37,28.2,27.32,27.96,177373245,4932116416.12,11.161700
2026-05-14,27.83,28.08,26.01,26.03,166914456,4476943800.72,10.503600
2026-05-15,25.94,26.35,25.17,25.3,117979459,3013441109.84,7.424200
