date,open,high,low,close,volume,amount,turnover
2020-01-02,14.3978943,14.71454902,14.21977602,14.63538534,30021095,440750807.19,2.967400
2020-01-03,14.63538534,14.90256276,14.46716252,14.52653528,31339813,466286898.68,3.097700
2020-01-06,14.52653528,15.19942656,14.37810338,14.96193552,38147978,574064424.51,3.770700
2020-01-07,15.00151736,15.61503588,14.8926673,15.22911294,38065993,588092211.2,3.762600
2020-01-08,15.13015834,15.55566312,14.98172644,15.17963564,33446208,516243032.78,3.306000
2020-01-09,15.4369176,15.71399048,15.34785846,15.65461772,30653210,481041479.68,3.029900
2020-01-10,15.66451318,15.72388594,15.22911294,15.31817208,26564997,414230497.39,2.625800
2020-01-13,15.4369176,16.84207292,15.41712668,16.6738501,56450201,927366548.16,5.579800
2020-01-14,16.65405918,17.317055,16.54520912,16.83217746,52369416,896541654.03,5.176400
2020-01-15,16.58479096,16.64416372,16.06033158,16.44625452,32225213,533131630.95,3.185300
2020-01-16,16.4264636,16.9212366,16.24834532,16.90144568,29924863,501676122.54,2.957900
2020-01-17,16.822282,18.59356934,16.327509,18.59356934,78594892,1420319467.28,7.768600
2020-01-20,19.61280172,20.45391582,19.20708786,20.45391582,92045233,1845958810.25,9.098100
2020-01-21,20.36485668,22.27468046,19.4940562,20.79036146,86483295,1820888954.63,8.548300
2020-01-22,21.11691164,22.86840806,20.4341249,22.86840806,57621784,1276351256.6,5.695600
2020-01-23,23.82826768,25.15425932,23.43244928,24.6891727,128618757,3199179041.25,12.713200
2020-02-03,22.22520316,22.70018524,22.22520316,22.22520316,73968245,1663421139.07,7.311300
2020-02-04,22.76945346,24.17460878,22.0668758,23.3038083,135233219,3175638502.09,13.367000
2020-02-05,23.37307652,25.63913686,22.264785,25.63913686,141729784,3514633421.14,14.009100
2020-02-06,24.6891727,28.202061,24.42199528,28.202061,131976972,3576344932.23,13.045100
2020-02-07,27.81613806,29.2905616,25.51049588,25.728196,127471653,3468600289.31,12.599800
2020-02-10,25.233423,26.83648752,25.06520018,26.5198328,87317977,2294484023.19,8.630800
2020-02-11,26.41098274,26.41098274,23.86784952,23.87774498,95942126,2391478910.17,9.483300
2020-02-12,23.41265836,24.77823184,23.254331,24.18450424,79573798,1951742794.42,7.865400
2020-02-13,24.07565418,25.06520018,24.07565418,24.43189074,70553823,1755488634.94,6.973800
2020-02-14,24.4417862,24.89697736,23.92722228,23.9964905,70556335,1738791760.47,6.974100
2020-02-17,24.33293614,25.52039134,24.13502694,25.1839457,78290873,1965014022.75,7.738600
2020-02-18,25.0849911,25.46101858,24.56053172,24.95635012,65314532,1646042964.18,6.455900
2020-02-19,27.45000604,27.45000604,25.6292414,25.68861416,136884034,3704335121.16,13.530100
2020-02-20,25.94589612,27.2619923,25.1839457,26.60889194,105580630,2821201205.49,10.436000
2020-02-21,25.728196,26.53962372,25.5302868,26.00526888,78696790,2065902948.97,7.778700
2020-02-24,25.24331846,25.26310938,23.5017175,23.85795406,93426687,2277647058.32,9.234700
2020-02-25,22.65070794,25.8271506,22.42311236,25.1839457,94827896,2308111529.25,9.373200
2020-02-26,24.71885908,25.0355138,23.254331,23.46213566,56494175,1379235563.82,5.584100
2020-02-27,23.70952216,24.4912635,23.44234474,23.71941762,36541503,882317564.2,3.611900
2020-02-28,22.0668758,24.03607234,21.97781666,22.04708488,49960042,1149830800.72,4.949900
2020-03-02,22.35384414,22.68039432,21.76011654,22.264785,39783269,898186249.73,3.941600
2020-03-03,22.759558,23.43244928,22.2153077,22.5121715,41480369,958591520.18,4.109800
2020-03-04,22.1658304,22.71997616,21.70074378,22.32415776,30227825,677552191.63,2.994900
2020-03-05,22.74966254,22.86840806,22.0668758,22.33405322,30673713,694509870.29,3.039100
2020-03-06,22.0668758,23.42255382,21.84917568,22.70018524,51692924,1193595256.13,5.121600
2020-03-09,22.07677126,22.73976708,20.64192956,20.6815114,48711705,1055737924.78,4.826200
2020-03-10,19.9888292,21.43356636,19.9888292,21.40387998,39154639,825314202.21,3.879300
2020-03-11,21.46325274,22.00750304,20.8794206,20.94868882,40223168,870308772.0,3.985200
2020-03-12,20.37475214,20.69140686,19.85029276,20.22632024,28548902,583733025.93,2.828600
2020-03-13,18.96959682,20.19663386,18.81126946,19.75133816,42057764,827596355.31,4.167000
2020-03-16,20.04820196,20.04820196,17.77224616,17.77224616,55471769,1051143014.24,5.496000
2020-03-17,18.07900542,18.5539875,17.67329156,18.19775094,42625874,780130609.89,4.223300
2020-03-18,18.6034648,19.77112908,18.36597376,18.59356934,53765168,1031497910.12,5.326900
2020-03-19,18.9992832,19.07844688,18.2571237,18.87064222,44745375,845367462.75,4.433300
2020-03-20,19.30604246,19.38520614,17.9602599,18.3560783,38234135,716100183.0,3.788100
2020-03-23,17.4160096,17.7623507,16.6738501,16.79259562,38167654,664772831.77,3.781600
2020-03-24,17.2181004,17.54465058,16.58479096,17.28736862,31819201,552195042.01,3.152600
2020-03-25,17.811828,18.6034648,17.69308248,18.28681008,43880555,808918616.9,4.347600
2020-03-26,18.1086918,18.38576468,17.7128734,17.82172346,26939376,491047613.39,2.669100
2020-03-27,18.19775094,18.306601,17.32695046,17.42590506,25327368,454043342.78,2.509400
2020-03-30,17.12904126,17.95036444,16.30771808,17.48527782,43442561,750531031.29,4.304200
2020-03-31,17.72276886,17.74255978,17.12904126,17.29726408,27879246,490278591.83,2.762200
2020-04-01,17.55454604,18.5045102,17.3665323,17.80193254,56544804,1025085458.6,5.602300
2020-04-02,17.6139188,18.42534652,17.4654869,18.4055556,46973471,852032340.61,4.654000
2020-04-03,18.306601,18.306601,17.5149642,17.65350064,35292500,638684384.07,3.496700
2020-04-07,18.0097372,18.39566014,17.92067806,18.37586922,35570562,652354880.23,3.524200
2020-04-08,18.33628738,18.3560783,18.0097372,18.22743732,28386062,521640937.86,2.812400
2020-04-09,18.4055556,18.53419658,17.99984174,18.19775094,27354036,504683823.22,2.710200
2020-04-10,18.27691462,18.58367388,17.27747316,17.33684592,35731152,645502969.01,3.540200
2020-04-13,17.05977304,17.10925034,16.68374556,16.83217746,19151217,326527361.49,1.897500
2020-04-14,17.03008666,18.4550329,17.0201912,18.32639192,58323827,1057844711.15,5.778600
2020-04-15,18.5045102,18.88053768,18.22743732,18.39566014,48277811,906199854.86,4.783200
2020-04-16,18.31649646,20.2362157,18.13837818,20.2362157,72832425,1441704508.52,7.216100
2020-04-17,20.780466,21.4236709,20.41433398,20.66172048,76966407,1625250591.0,7.625600
2020-04-20,20.79036146,22.72987162,20.79036146,22.33405322,90899589,2031473174.7,9.006100
2020-04-21,21.7205347,24.57042718,21.5721028,24.57042718,115602210,2708019574.52,11.453600
2020-04-22,24.57042718,26.68805562,23.4522402,25.59955502,109862686,2813134404.64,10.884900
2020-04-23,24.3428316,24.6891727,23.03663088,23.03663088,100725216,2397694755.81,9.979600
2020-04-24,22.42311236,23.61056756,21.84917568,22.78924438,82038878,1884117281.91,8.128200
2020-04-27,22.64081248,23.1058991,21.94813028,21.95802574,46455905,1052578228.72,4.602700
2020-04-28,21.92833936,22.9574672,21.0773298,22.45279874,55140379,1227618918.79,5.463200
2020-04-29,20.780466,22.32415776,20.780466,21.60178918,54307375,1188572012.29,5.380600
2020-04-30,22.1658304,23.254331,22.02729396,22.6111261,49630213,1134084968.11,4.917200
2020-05-06,22.71997616,24.0459678,22.7100807,23.749104,52975268,1261088467.18,5.248700
2020-05-07,23.81837222,24.91676828,23.56109026,24.71885908,49662220,1223332597.87,4.920400
2020-05-08,24.6396954,24.81781368,23.24443554,24.02617688,65359993,1582130628.7,6.475700
2020-05-11,23.8480586,24.6891727,23.3038083,24.1449224,46536231,1123487459.23,4.610700
2020-05-12,23.90743136,25.09488656,23.90743136,24.86729098,44501815,1107900704.0,4.409100
2020-05-13,24.73865,25.55997318,24.06575872,24.06575872,47106092,1180893202.46,4.667200
2020-05-14,23.85795406,24.25377246,23.33349468,23.4522402,48891319,1172086915.48,4.844000
2020-05-15,23.749104,25.10478202,23.254331,24.90687282,60439687,1493211091.17,5.988200
2020-05-18,25.0355138,25.44122766,24.50115896,24.87718644,41409461,1044657679.54,4.102700
2020-05-19,25.2829003,27.19272408,24.97614104,26.89586028,58580430,1556855645.63,5.804000
2020-05-29,29.5874254,29.5874254,29.5874254,29.5874254,2215900,66255410.0,0.219500
2020-06-01,32.54616794,32.54616794,32.54616794,32.54616794,548781,18049407.09,0.054400
2020-06-02,35.80177428,35.80177428,31.665472,31.98212672,161854303,5578588194.22,16.036100
2020-06-03,32.26909506,32.63522708,29.3400389,30.7748806,123505125,3820518227.88,12.236600
2020-06-04,30.29989852,31.40819004,29.1421297,29.15202516,84868843,2582097928.01,8.408600
2020-06-05,29.191607,29.62700724,27.42031966,27.7567653,95984681,2752886767.86,9.509900
2020-06-08,27.9051972,29.13223424,27.5093788,28.29112014,71934568,2066782170.84,7.127100
2020-06-09,28.58798394,28.8947432,27.61822886,28.0536291,54274288,1547303456.22,5.377400
2020-06-10,27.94477904,29.8842892,27.43021512,29.50826172,79236887,2317955005.07,7.850600
2020-06-11,29.59732086,31.33892182,29.34993436,30.73529876,93313807,2866432910.45,9.245300
2020-06-12,29.69627546,30.71550784,28.98380234,29.7358573,77791720,2340815006.96,7.707400
2020-06-15,28.9936978,29.44888896,28.3504929,28.3504929,59600422,1735640162.77,5.905100
2020-06-16,28.7463113,29.03327964,28.27132922,28.696834,46317963,1341676801.37,4.589100
2020-06-17,28.4494475,28.48902934,26.8661739,27.1135604,71884610,2002266734.42,7.122200
2020-06-18,27.1135604,27.44011058,26.88596482,27.23230592,34465550,947276237.23,3.414800
2020-06-19,26.99481488,29.36972528,26.73753292,29.0431751,78749502,2240150875.67,7.802300
2020-06-22,28.5978794,29.34993436,28.19216554,28.202061,58957161,1711947495.82,5.841300
2020-06-23,27.9051972,27.9051972,27.19272408,27.39063328,48317032,1341068264.29,4.787100
2020-06-24,27.09376948,27.20261954,26.28234176,26.34171452,58792636,1585146620.54,5.825000
2020-06-29,26.20317808,26.7672193,26.0250598,26.3219236,35441292,945827537.6,3.511400
2020-06-30,26.70784654,27.29167868,26.48025096,26.55941464,43990046,1194277768.08,4.358400
2020-07-01,27.0146058,27.212515,26.20317808,26.43077366,39027745,1051892048.71,3.866800
2020-07-02,26.4208782,26.88596482,26.14380532,26.59899648,36325330,973853623.67,3.599000
2020-07-03,26.8661739,28.46923842,26.717742,28.03383818,75539402,2105102809.88,6.890500
2020-07-06,28.23174738,29.33014344,27.5093788,28.78589314,79997646,2303601285.35,7.297100
2020-07-07,29.0926524,31.44777188,29.0926524,30.181153,91627164,2831237584.89,8.357900
2020-07-08,30.73529876,31.27954906,29.79523006,30.15146662,73601024,2255070888.83,6.713600
2020-07-09,29.8842892,30.2801076,29.32024798,29.90408012,82698877,2487376028.98,7.543500
2020-07-10,30.0821984,31.78421752,29.77543914,30.46812134,89855698,2800070785.43,8.196300
2020-07-13,30.98268526,33.42686388,30.675926,32.6055407,107312818,3452595968.79,9.788700
2020-07-14,32.0118131,32.0118131,29.7853346,30.49780772,95100862,2973128053.95,8.674800
2020-07-15,29.2905616,29.68638,27.45000604,27.45000604,112554582,3193689352.09,10.266900
2020-07-16,27.1630377,27.707288,25.56986864,25.85683698,59479805,1612610791.22,5.425500
2020-07-17,26.23286446,27.02450126,25.94589612,26.45056458,39430267,1052276599.83,3.596700
2020-07-20,27.4104242,27.49948334,26.222969,27.00471034,34264453,930671004.67,3.125500
2020-07-21,27.23230592,27.4104242,26.5198328,26.69795108,30184526,818918981.94,2.753300
2020-07-22,26.74742838,27.3609469,26.43077366,26.77711476,36782851,997168610.6,3.355200
2020-07-23,26.3219236,26.4703555,25.16415478,25.9755825,45462964,1189419978.48,4.147000
2020-07-24,25.71830054,26.09432802,23.5511948,23.80847676,65064232,1617591149.99,5.934900
2020-07-27,23.88764044,24.3923089,23.33349468,24.1449224,32090393,776163622.13,2.927200
2020-07-28,24.42199528,25.09488656,24.20429516,24.51105442,29034951,721583332.57,2.648500
2020-07-29,24.60011356,25.88652336,24.40220436,25.42143674,41220020,1053054004.02,3.760000
2020-07-30,25.44122766,25.54018226,24.8376046,24.8870819,26088761,659066778.03,2.379700
2020-07-31,24.73865,25.54018226,24.6396954,24.99593196,29968347,759672451.43,2.733600
2020-08-03,24.79802276,25.22352754,24.6396954,25.17405024,40872607,1029324982.67,3.728300
2020-08-04,25.14436386,25.36206398,24.48136804,24.50115896,37924774,950832927.38,3.459400
2020-08-05,24.42199528,25.19384116,24.05586326,24.86729098,31959893,797650921.38,2.915300
2020-08-06,24.91676828,27.1135604,24.73865,26.28234176,78558928,2069550997.46,7.165900
2020-08-07,26.03495526,26.03495526,24.61990448,25.01572288,52171084,1331613874.86,4.758900
2020-08-10,25.01572288,25.65892778,24.80791822,25.34227306,24706974,631355838.28,2.253700
2020-08-11,25.34227306,27.08387402,25.233423,26.15370078,68025173,1806985150.58,6.205000
2020-08-12,26.16359624,27.68749708,25.9261052,27.66770616,81944016,2227087548.72,7.176900
2020-08-13,27.707288,28.12289732,26.8166966,26.94533758,49593468,1364094830.8,4.343600
2020-08-14,27.0640831,27.32136506,25.98547796,26.63857832,38915369,1045068318.72,3.408300
2020-08-17,26.6187874,26.9156512,25.9261052,26.70784654,38131824,1017300170.62,3.339700
2020-08-18,26.82659206,27.35105144,26.2724463,26.44066912,40889502,1107870625.14,3.581200
2020-08-19,26.26255084,26.41098274,25.5302868,25.68861416,38568385,1007581758.9,3.377900
2020-08-20,25.51049588,25.60945048,24.97614104,25.00582742,22281090,567503133.13,1.951400
2020-08-21,25.22352754,25.55007772,24.79802276,25.04540926,16908792,429775608.85,1.480900
2020-08-24,25.1344684,25.46101858,24.65948632,25.22352754,20496704,520179963.98,1.795200
2020-08-25,25.233423,25.3323776,24.52094988,24.6396954,24151978,605513662.84,2.115300
2020-08-26,24.73865,24.82770914,23.6996267,23.76889492,25022269,610562493.52,2.191500
2020-08-27,23.82826768,24.65948632,23.82826768,24.45168166,20921036,513846235.79,1.813700
2020-08-28,24.45168166,25.27300484,24.1943997,25.06520018,26921000,678760173.12,2.333900
2020-08-31,25.1839457,25.56986864,24.8376046,25.07509564,21839015,556037437.95,1.893300
2020-09-01,25.1344684,25.88652336,25.0355138,25.63913686,27822999,718181920.55,2.412100
2020-09-02,25.5797641,25.70840508,24.82770914,24.9860365,22693655,576480902.65,1.967400
2020-09-03,24.8376046,24.9365592,24.47147258,24.5902181,15994468,398269850.4,1.386600
2020-09-04,24.05586326,24.61990448,23.9964905,24.56053172,11976476,294413804.71,1.038300
2020-09-07,24.3923089,24.84750006,23.6501494,23.75899946,20321428,496191457.36,1.724200
2020-09-08,23.9470132,23.9470132,23.09600364,23.37307652,17297052,409397818.11,1.467600
2020-09-09,22.92778082,23.0069445,21.75022108,21.88875752,31233465,702584087.51,2.650000
2020-09-10,22.264785,22.30436684,21.45335728,21.50283458,18190292,402644523.5,1.543400
2020-09-11,21.36429814,22.05698034,21.36429814,22.04708488,13018504,286772527.89,1.104600
2020-09-14,22.28457592,22.93767628,22.19551678,22.4132169,15765046,359641845.22,1.337600
2020-09-15,22.64081248,22.79913984,22.264785,22.54185788,12553081,286239651.6,1.065100
2020-09-16,22.58143972,23.03663088,22.35384414,22.94757174,18105066,416772057.51,1.536100
2020-09-17,22.83872168,23.41265836,22.4626942,23.03663088,19301116,447594257.09,1.637600
2020-09-18,23.09600364,23.31370376,22.65070794,23.17516732,18930038,440655105.45,1.606100
2020-09-21,23.23454008,23.72931308,22.77934892,22.9079899,16127591,378734152.05,1.368400
2020-09-22,22.60123064,23.1553764,22.52206696,22.759558,13240545,305651679.24,1.123400
2020-09-23,22.78924438,23.01683996,22.5121715,22.9574672,12515768,288510513.81,1.061900
2020-09-24,22.7100807,22.83872168,22.07677126,22.07677126,15758729,356174821.01,1.337100
2020-09-25,22.24499408,23.42255382,21.88875752,22.05698034,27733335,633487859.28,2.353100
2020-09-28,22.0668758,22.25488954,21.43356636,21.6215801,15067080,330602350.07,1.278400
2020-09-29,22.09656218,22.6111261,21.770012,21.9679212,17505642,391401371.77,1.485300
2020-09-30,22.17572586,24.02617688,21.9184439,23.5511948,53932566,1269590744.74,4.576000
2020-10-09,24.20429516,24.74854546,24.03607234,24.30324976,42121894,1037220492.91,3.573900
2020-10-12,24.67927724,26.04485072,24.64959086,25.5797641,57647553,1484767537.58,4.891200
2020-10-13,25.3323776,26.13390986,24.94645466,25.85683698,34744861,896418695.93,2.948000
2020-10-14,26.0745371,26.20317808,25.31258668,25.3818549,31986642,830686941.48,2.713900
2020-10-15,25.233423,25.86673244,25.09488656,25.11467748,31600800,811767281.1,2.681200
2020-10-16,25.0849911,25.36206398,23.83816314,24.0459678,39697267,977168427.41,3.368100
2020-10-19,24.1449224,24.33293614,23.63035848,23.749104,20876590,505211286.96,1.771300
2020-10-20,23.67983578,24.38241344,23.57098572,24.36262252,21734248,526892171.9,1.844100
2020-10-21,24.20429516,24.22408608,23.6501494,23.8480586,15157879,365296036.94,1.286100
2020-10-22,23.8975359,26.23286446,23.64025394,26.23286446,71878881,1856852148.71,6.098600
2020-10-23,26.28234176,27.20261954,25.51049588,25.65892778,74859401,2000070683.54,6.351500
2020-10-26,25.728196,26.98491942,25.3818549,26.85627844,59970101,1603747808.97,5.088200
2020-10-27,26.5198328,26.94533758,25.65892778,26.05474618,47973679,1269662614.99,4.070400
2020-10-28,25.9755825,27.212515,25.86673244,26.82659206,54470952,1460204519.85,4.621600
2020-10-29,26.4208782,26.60889194,26.0250598,26.25265538,36975726,984916677.29,3.137200
2020-10-30,26.5198328,27.39063328,25.8766279,26.08443256,54044789,1456057148.98,4.585500
2020-11-02,25.64903232,27.0146058,25.61934594,26.75732384,47237757,1268379946.49,4.007900
2020-11-03,26.93544212,27.1630377,26.222969,26.67816016,37001037,993848654.0,3.139400
2020-11-04,27.0146058,29.34993436,26.92554666,29.34993436,130499048,3828718192.48,11.072300
2020-11-05,29.68638,30.2306303,29.21139792,29.89418466,112347615,3378886981.61,9.532200
2020-11-06,29.87439374,30.55718048,27.33126052,27.94477904,115068146,3346137523.04,9.763100
2020-11-09,27.9051972,28.7957886,27.40052874,28.3999702,64844513,1843290968.79,5.501800
2020-11-10,27.8557199,28.08331548,27.04429218,27.54896064,49816758,1388221607.36,4.226700
2020-11-11,27.3114696,27.87551082,26.50993734,26.5198328,36655232,1006268685.96,3.110000
2020-11-12,26.84638298,27.19272408,26.44066912,26.8166966,26450625,715676581.13,2.244200
2020-11-13,27.0146058,28.21195646,26.6682647,27.92498812,51140434,1426136889.19,4.339100
2020-11-16,27.62812432,29.00359326,27.37084236,28.7957886,50740980,1458196841.53,4.305200
2020-11-17,28.8452659,29.27077068,27.707288,28.3010156,40451896,1161615691.85,3.432200
2020-11-18,27.9546745,28.38017928,26.89586028,27.45000604,34978244,972231696.22,2.967800
2020-11-19,27.212515,28.0041518,27.212515,27.47969242,24853820,693969270.69,2.108700
2020-11-20,27.53906518,29.2905616,27.53906518,28.9936978,63891816,1857685291.62,5.421000
2020-11-23,28.98380234,29.94366196,28.45934296,29.67648454,69957909,2082673594.44,5.935600
2020-11-24,30.06240748,30.55718048,28.9442205,29.25097976,64050772,1916611556.87,5.434400
2020-11-25,29.54784356,31.50714464,29.34993436,30.00303472,86323000,2652303014.19,7.324200
2020-11-26,29.68638,29.87439374,28.39007474,29.18171154,50032227,1469692028.62,4.245000
2020-11-27,29.20150246,29.84470736,28.66714762,29.191607,31688161,934932875.56,2.688600
2020-11-30,29.15202516,29.2905616,28.46923842,28.96401142,37024104,1077889444.6,3.141300
2020-12-01,28.696834,29.34993436,28.45934296,29.34993436,32399278,951047605.52,2.748900
2020-12-02,29.191607,29.34993436,28.21195646,28.21195646,36261020,1049852404.96,3.076600
2020-12-03,28.0041518,28.53850664,27.3114696,27.99425634,38075137,1073722555.32,3.230500
2020-12-04,27.87551082,29.20150246,27.76666076,28.36038836,32724809,943841524.74,2.776600
2020-12-07,28.0041518,29.02338418,27.93488358,28.78589314,27376808,793666549.66,2.322800
2020-12-08,28.78589314,30.02282564,28.61767032,29.68638,56775042,1691616018.22,4.817100
2020-12-09,29.45878442,29.96345288,29.10254786,29.18171154,49242663,1473533407.12,4.178000
2020-12-10,29.35982982,31.7644266,29.35982982,30.5274941,87904002,2715514062.43,7.458300
2020-12-11,30.53738956,31.62589016,30.01293018,30.9727898,79307124,2476500596.29,6.728900
2020-12-14,30.8738352,32.5560634,30.38895766,32.5065861,84631312,2696415790.67,7.180600
2020-12-15,32.2591996,32.69459984,31.10143078,31.9623358,66967542,2156093966.76,5.681900
2020-12-16,31.73474022,31.8633812,30.69571692,31.5170401,46417094,1466617846.11,3.938300
2020-12-17,31.08163986,34.67369184,31.05195348,34.67369184,104452496,3545654229.97,8.862400
2020-12-18,34.69348276,35.60386508,34.24818706,34.7825419,82991376,2922808026.98,7.041500
2020-12-21,34.80233282,37.5037934,34.7825419,37.04860224,90319555,3301809051.42,7.663200
2020-12-22,36.5142474,38.12720738,35.5741787,35.78198336,82650457,3063648992.1,7.012600
2020-12-23,36.7121566,38.23605744,36.18769722,37.28609328,89401041,3370417978.74,7.585300
2020-12-24,37.37515242,37.7017026,35.54449232,35.80177428,60140227,2214921986.37,5.102700
2020-12-25,35.63355146,37.5037934,35.26741944,37.107975,61814667,2275631591.11,5.244700
2020-12-28,36.96943856,39.4828854,36.77152936,38.94853056,84186177,3258848173.77,7.142900
2020-12-29,38.92873964,38.92873964,35.04971932,35.04971932,80663336,2978032678.39,6.844000
2020-12-30,34.9309738,37.7017026,34.9309738,36.87048396,89028171,3278334400.27,7.553700
2020-12-31,37.8006572,40.56149054,37.8006572,38.71103952,107311818,4282275593.0,9.105000
2021-01-04,39.087067,41.3630228,38.70114406,40.48232686,89492325,3622822970.63,7.593100
2021-01-05,40.076613,41.94685494,39.3344535,41.1156363,77864278,3215103974.47,6.606500
2021-01-06,41.37291826,41.84790034,39.21570798,40.77919066,69256538,2818185815.28,5.876100
2021-01-07,41.1651136,44.07437884,40.78908612,43.9358424,86578810,3698012121.39,7.345900
2021-01-08,44.52957,44.64831552,40.571386,42.54058254,84899337,3594839674.47,7.203400
2021-01-11,43.5895013,44.20301982,39.26518528,39.31466258,95259278,3959346417.81,8.082400
2021-01-12,38.90894872,43.045251,38.55271216,42.22392782,84962813,3527202689.75,7.208700
2021-01-13,41.66978206,42.97598278,37.9985664,38.72093498,94649609,3848204405.81,8.030600
2021-01-14,38.592294,39.37403534,36.42518826,36.94964764,69210645,2613261331.4,5.872200
2021-01-15,36.93975218,38.592294,36.20748814,37.98867094,54077951,2043552750.66,4.588300
2021-01-18,37.0090204,38.3943848,36.32623366,37.4048388,45928904,1735031906.11,3.896900
2021-01-19,37.39494334,37.73138898,36.3658155,36.613202,39538095,1475504846.42,3.354600
2021-01-20,36.5637247,38.18658014,36.5637247,37.3058842,48882656,1853021839.08,4.147500
2021-01-21,37.54337524,38.6912486,36.29654728,38.2459529,56771623,2167800249.73,4.816800
2021-01-22,37.81055266,41.93695948,37.78086628,41.76873666,79455383,3219519634.22,6.741500
2021-01-25,41.04636808,44.96497024,40.93751802,42.70880536,94797756,4132803935.24,8.043200
2021-01-26,42.58016438,43.22336928,41.24427728,42.53068708,57945609,2471972867.01,4.916400
2021-01-27,42.56037346,43.0947283,39.34434896,41.3630228,65661252,2712964087.66,5.571100
2021-01-28,39.6313173,40.03703116,37.8996118,38.43396664,58794348,2313893133.02,4.988500
2021-01-29,38.62198038,39.2354989,35.5741787,36.20748814,60095565,2244997872.47,5.098900
2021-02-01,36.39550188,38.55271216,36.39550188,37.02881132,56931075,2159306472.6,4.830400
2021-02-02,37.0584977,38.35480296,36.50435194,37.54337524,44149883,1675914204.22,3.745900
2021-02-03,37.8501345,39.36413988,37.49389794,37.5037934,45557891,1758984021.52,3.865400
2021-02-04,37.8996118,38.28553474,35.20804668,36.5142474,53949266,1990337152.3,4.577400
2021-02-05,36.5142474,39.8787038,36.50435194,37.11787046,76592068,2954323306.42,6.498500
2021-02-08,37.51368886,38.92873964,36.613202,38.35480296,44798090,1716440312.9,3.800900
2021-02-09,38.40428026,40.15577668,37.96888002,39.84901742,54242523,2151166095.36,4.602300
2021-02-10,39.57194454,40.571386,38.20637106,40.0271357,58631556,2327316866.2,4.974600
2021-02-18,40.8682498,40.94741348,38.11731192,39.90839018,48793087,1939349426.73,4.139900
2021-02-19,39.14643976,39.5323627,38.18658014,39.05738062,30956260,1214085181.51,2.626500
2021-02-22,38.8891578,39.64121276,37.48400248,38.43396664,40089181,1563613962.42,3.401400
2021-02-23,38.58239854,41.33333642,37.9985664,39.85891288,56070716,2259717235.59,4.757400
2021-02-24,40.2250449,42.6494326,40.2250449,40.61096784,73480506,3079715067.61,6.234500
2021-02-25,41.3630228,41.55103654,37.83034358,38.1964756,56187872,2207030644.68,4.767300
2021-02-26,36.80121574,37.44442064,36.02936986,36.50435194,30831924,1142927209.45,2.616000
2021-03-01,37.58295708,37.91940272,36.9100658,37.58295708,22965108,868467005.96,1.948500
2021-03-02,38.0480437,38.17668468,36.5142474,36.70226114,26181544,986433450.18,2.221400
2021-03-03,36.70226114,37.59285254,36.04916078,37.38504788,25393558,947268500.04,2.154500
2021-03-04,36.75173844,36.7616339,34.16902338,34.37682804,42767845,1528733292.66,3.628700
2021-03-05,33.644564,34.8814965,32.73418168,34.24818706,27673594,947912162.83,2.348000
2021-03-08,34.8320192,34.8320192,32.160245,32.34825874,30921939,1044271360.74,2.623600
2021-03-09,32.46700426,33.644564,31.27954906,32.71439076,33605235,1104955025.56,2.851300
2021-03-10,33.644564,34.10965062,32.8529272,33.36749112,20552034,694162153.48,1.743800
2021-03-11,33.7435186,36.613202,33.66435492,36.4152928,48336484,1736847912.64,4.101200
2021-03-12,36.613202,38.55271216,36.04916078,38.11731192,45096762,1705337462.3,3.826300
2021-03-15,37.7017026,37.8501345,35.80177428,36.4152928,33077301,1223774637.33,2.806500
2021-03-16,36.88037942,37.08818408,34.63411,35.06951024,27802855,1000660890.4,2.359000
2021-03-17,35.4257468,37.59285254,35.28721036,37.2069296,34266745,1275272849.25,2.907400
2021-03-18,37.2564069,39.90839018,37.23661598,39.1860216,55499345,2190745255.55,4.708900
2021-03-19,38.47354848,39.4828854,37.44442064,37.8501345,39521209,1527519538.67,3.353200
2021-03-22,37.8501345,39.24539436,37.0584977,38.91884418,36244100,1407069110.04,3.075200
2021-03-23,39.6807946,39.83912196,37.37515242,38.08762554,32289212,1249831628.99,2.739600
2021-03-24,37.3058842,37.72149352,35.76219244,36.38560642,32670471,1207037204.3,2.772000
2021-03-25,35.40595588,37.49389794,34.89139196,36.5637247,33924236,1233078659.71,2.878300
2021-03-26,36.50435194,37.54337524,36.0689517,37.11787046,23735066,885131939.58,2.013800
2021-03-29,36.8605885,36.88037942,35.89083342,36.15801084,22268057,815843091.58,1.889400
2021-03-30,35.83146066,37.01891586,35.54449232,36.3163382,21801502,802273234.42,1.849800
2021-03-31,36.3163382,36.74184298,35.02003294,35.65334238,19429360,700569031.83,1.648500
2021-04-01,36.20748814,38.6912486,35.86114704,38.6912486,43762028,1657232457.37,3.713000
2021-04-02,38.20637106,39.10685792,37.8006572,38.77041228,28148381,1096863357.71,2.388300
2021-04-06,38.89905326,39.75006282,38.2954302,39.04748516,25395605,1000252931.15,2.154700
2021-04-07,38.8891578,38.8891578,35.54449232,35.9205198,63164489,2328425668.81,5.359200
2021-04-08,36.10853354,36.57362016,35.48511956,36.0689517,24021880,877073179.27,2.038200
2021-04-09,36.00957894,36.00957894,34.0403824,34.35703712,37515105,1311478284.15,3.183000
2021-04-12,34.4362008,34.59452816,32.41752696,32.72428622,30911152,1035417716.47,2.622700
2021-04-13,32.73418168,33.43675934,32.26909506,33.36749112,18393392,612951185.09,1.560600
2021-04-14,33.16958192,34.7330646,33.16958192,34.5351554,21345960,735679724.51,1.811100
2021-04-15,33.8424732,34.11954608,32.8034499,33.46644572,19197373,647250227.57,1.628800
2021-04-16,33.6940413,34.5846327,33.1003137,34.17891884,19431840,665995029.24,1.648700
2021-04-19,31.170699,34.21850068,31.170699,33.86226412,53856636,1794336341.31,4.569500
2021-04-20,33.67425038,35.50491048,33.5950867,34.3372462,32848202,1150662791.92,2.787000
2021-04-21,33.90184596,34.59452816,32.88261358,33.9414278,20805889,708846508.75,1.765300
2021-04-22,34.24818706,34.56484178,33.0508364,33.36749112,22228952,752439702.5,1.886000
2021-04-23,33.52581848,34.8814965,33.32790928,34.0898597,26560933,916094336.6,2.253600
2021-04-26,34.139337,35.40595588,33.68414584,33.8424732,32013350,1120792441.68,2.716200
2021-04-27,33.8424732,34.3372462,32.9024045,33.45655026,20105067,679920172.89,1.705800
2021-04-28,33.82268228,34.71327368,33.3477002,34.00080056,25899614,894577333.56,2.197500
2021-04-29,33.8424732,34.3372462,33.55550486,33.65445946,17456587,597549907.17,1.481100
2021-04-30,33.68414584,35.31689674,33.149791,34.37682804,32141960,1112587156.69,2.727100
2021-05-06,34.63411,34.7330646,32.27899052,33.1003137,36143390,1211245138.98,3.066600
2021-05-07,32.9024045,33.0508364,31.55662194,31.7149493,26242247,855695995.35,2.226500
2021-05-10,31.70505384,32.0118131,31.04205802,31.7644266,16887050,539181162.83,1.432800
2021-05-11,31.2201763,31.8139039,30.88373066,31.49724918,17919813,566808945.22,1.520400
2021-05-12,31.4675628,31.8633812,31.0717444,31.4675628,13156047,418476875.73,1.116200
2021-05-13,30.99258072,31.18059446,30.4780168,30.7748806,19584366,609034303.04,1.661700
2021-05-14,30.6264487,31.5170401,30.29000306,31.48735372,18713378,587403236.67,1.587800
2021-05-17,30.74519422,31.8139039,30.7254033,31.77432206,25731043,817005928.25,2.183200
2021-05-18,31.43787642,31.59620378,30.84414882,31.170699,18212015,574120904.69,1.545200
2021-05-19,31.0717444,33.51592302,30.8243579,33.20916376,45520434,1511703851.81,3.862200
2021-05-20,32.655018,33.82268228,32.54616794,33.33780474,26512341,896853097.9,2.249500
2021-05-21,33.53571394,33.80289136,32.91229996,33.644564,20568450,693309730.03,1.745100
2021-05-24,33.71383222,33.7929959,32.79355444,33.27843198,20468930,687996568.51,1.736700
2021-05-25,33.149791,34.32735074,33.0508364,33.82268228,27520877,942108162.48,2.335000
2021-05-26,33.2487456,33.8919505,32.91229996,33.48623664,22321087,753377116.63,1.893900
2021-05-27,33.3477002,34.47578264,33.11020916,34.42630534,28675921,984114368.61,2.433000
2021-05-28,34.2877689,35.68302876,34.17891884,35.01013748,39460384,1404599731.12,3.348100
2021-05-31,35.3267922,36.13821992,34.91118288,35.51480594,44101759,1585635720.32,3.741900
2021-06-01,36.68247022,38.097521,35.84135612,36.13821992,60339561,2246031750.44,5.119600
2021-06-02,35.97989256,37.0090204,35.128883,35.4257468,38837910,1414495236.4,3.295200
2021-06-03,35.3267922,35.85125158,34.55494632,35.09919662,25089451,892457017.72,2.128700
2021-06-04,35.08930116,37.4048388,34.82212374,37.3553615,59522283,2203772707.0,5.050200
2021-06-07,37.46421156,38.21626652,37.2564069,37.58295708,43269177,1648627165.18,3.671200
2021-06-08,37.41473426,38.42407118,35.93041526,36.37571096,45368217,1691256991.34,3.849300
2021-06-09,36.37571096,36.60330654,35.7720879,36.1679063,21761082,795817824.74,1.846300
2021-06-10,36.09863808,36.9595431,35.9205198,36.39550188,33513302,1236389281.77,2.843500
2021-06-11,36.2173836,36.5637247,35.09919662,35.623656,33093794,1191460811.79,2.807900
2021-06-15,36.1679063,36.3658155,34.71327368,35.04971932,25340554,902497402.44,2.150000
2021-06-16,35.0299284,35.0299284,32.8529272,33.06073186,32444249,1103102909.98,2.752800
2021-06-17,32.9518818,33.7435186,32.88261358,33.25864106,19291953,649623902.67,1.636800
2021-06-18,33.149791,33.78310044,32.77376352,33.57529578,26814069,902098035.73,2.275100
2021-06-21,33.58519124,34.2877689,32.99146364,33.88205504,27573267,939111076.99,2.339500
2021-06-22,33.88205504,35.93041526,33.37738658,35.64344692,43942658,1543353111.77,3.728400
2021-06-23,35.28721036,37.56316616,35.16846484,36.87048396,53397548,1981953694.68,4.530600
2021-06-24,37.107975,38.1964756,36.29654728,37.31577966,48095258,1818193052.68,4.080700
2021-06-25,37.43452518,38.10741646,37.06839316,37.66212076,38808550,1472659854.78,3.292700
2021-06-28,38.592294,41.43229102,38.592294,41.43229102,102849878,4226160552.6,8.726400
2021-06-29,42.57026892,42.8473418,40.90783164,41.37291826,73849739,3120113692.06,6.265800
2021-06-30,41.4619774,43.9358424,40.44274502,43.10462376,69889376,2991892395.79,5.929800
2021-07-01,42.75828266,43.1936829,41.2640682,41.30365004,50413151,2145781977.13,4.277300
2021-07-02,42.12497322,42.97598278,41.37291826,41.87758672,49075365,2089740441.74,4.163800
2021-07-05,42.31298696,43.69835136,41.28385912,42.43173248,52755783,2253061633.0,4.476100
2021-07-06,42.62964168,45.06392484,41.54114108,42.550478,76448674,3332176276.68,6.486400
2021-07-07,43.10462376,46.8055258,42.59005984,46.8055258,54507214,2501553837.7,4.624700
2021-07-08,48.32942664,48.55702222,46.19200728,46.66698936,88638507,4224997062.75,7.520600
2021-07-09,46.3107528,48.97263154,45.3212068,48.1414129,83718923,4036006238.44,7.103200
2021-07-12,49.0320043,50.04134122,47.3992534,48.30963572,78917145,3878492915.59,6.695800
2021-07-13,49.2793908,53.1386202,49.05179522,52.3964607,110278135,5742033278.91,9.356600
2021-07-14,55.27603956,57.6410545,52.445938,55.5135306,169736656,9594678355.43,14.401500
2021-07-15,54.20732988,56.9978496,51.7037785,55.3156214,121328925,6684374681.4,10.294300
2021-07-16,54.41513454,54.5734619,51.8027331,52.42614708,74481815,4010380887.2,6.319500
2021-07-19,52.92092008,54.65262558,51.57513752,51.69388304,72368379,3877288815.69,6.140200
2021-07-20,51.58503298,55.9588263,51.5553466,55.18698042,79799522,4380136628.68,6.770700
2021-07-21,56.2062128,57.62126358,54.5239846,57.01764052,77207069,4382843091.02,6.550700
2021-07-22,56.97805868,57.393668,54.7218938,56.48328568,66397408,3749063162.33,5.633500
2021-07-23,56.88899954,59.8180557,55.9588263,59.24411902,75661032,4466971921.8,6.419500
2021-07-26,58.2347821,59.0758962,53.435484,55.55311244,82921333,4700802155.15,7.035500
2021-07-27,55.70154434,56.62182212,50.8626644,50.97151446,87836964,4799964928.24,7.452600
2021-07-28,49.972073,51.8027331,47.98308554,49.61583644,81044024,4094983243.25,6.876300
2021-07-29,51.66419666,53.79172056,51.0110963,53.30684302,61053284,3242611294.37,5.180100
2021-07-30,53.0396656,55.84008078,52.80217456,54.06879344,67070580,3667854555.44,5.690700
2021-08-02,55.96872176,56.90879046,52.42614708,54.34586632,72217716,3993249620.13,6.127400
2021-08-03,54.05889798,54.11827074,50.80329164,51.34754194,65325260,3419300865.68,5.542600
2021-08-04,51.46628746,56.48328568,50.961619,56.48328568,86124653,4756866815.91,7.307300
2021-08-05,60.362306,62.13359334,59.43213276,62.13359334,97919735,6101199540.63,8.308100
2021-08-06,64.32049,65.29024508,62.22265248,63.1825121,114036895,7347805843.99,9.675600
2021-08-09,62.2424434,62.25233886,58.06655928,60.5107379,78281763,4741873086.81,6.641900
2021-08-10,60.4612606,61.5497612,56.404122,57.6905318,84356405,5003695019.19,7.157300
2021-08-11,57.92802284,59.64983288,57.0968042,58.69986872,67015913,3952278221.53,5.686000
2021-08-12,58.30405032,58.6306005,55.99840814,57.76969548,58039770,3365264073.3,4.924400
2021-08-13,56.2062128,59.2738054,55.91924446,56.26558556,59881380,3459862303.88,5.080700
2021-08-16,54.6229392,55.59269428,52.2480288,52.50531076,69278647,3730732121.03,5.878000
2021-08-17,53.0396656,53.56412498,50.5658006,51.1595282,51439613,2703149719.22,4.364400
2021-08-18,51.73346488,52.6933245,50.1699822,50.87255986,43061764,2233378455.91,3.653600
2021-08-19,50.961619,53.72245234,50.39757778,52.60426536,52137465,2748758273.99,4.423600
2021-08-20,51.9016877,53.42558854,51.18921458,52.43604254,41712142,2196075325.74,3.539100
2021-08-23,52.3469834,52.41625162,50.0710276,51.43660108,62036919,3227439609.76,5.263600
2021-08-24,51.66419666,54.2765981,50.466846,52.5943699,70268699,3744945532.68,5.962000
2021-08-25,52.5448926,52.9901883,51.0605736,52.1985515,36659951,1924944794.5,3.110400
2021-08-26,52.0501196,53.02977014,49.5762546,49.84343202,52775401,2714615597.92,4.477800
2021-08-27,49.4773,54.1281662,48.8835724,52.96050192,75931020,3978107858.11,6.442400
2021-08-30,51.1595282,56.76035856,50.92203716,56.0083036,94088414,5173965902.11,7.983700
2021-08-31,55.414576,55.909349,53.00008376,53.1880975,65212333,3561417136.5,5.533500
2021-09-01,52.92092008,53.7323478,48.49764946,49.4773,65158664,3337671032.59,5.528900
2021-09-02,49.46740454,54.35576178,49.04189976,53.00008376,68181108,3598128072.44,5.785400
2021-09-03,53.435484,54.31617994,50.34810048,51.53555568,49190658,2586509302.83,4.174000
2021-09-06,51.05067814,53.6333932,49.55646368,53.2870521,49236542,2562867855.96,4.177900
2021-09-07,53.54433406,57.47283168,52.71311542,55.52342606,76201376,4272837402.57,6.465900
2021-09-08,55.8103944,56.71088126,54.3260754,55.09792128,49209489,2754336864.97,4.175600
2021-09-09,55.414576,57.85875462,54.42503,57.2947134,65014559,3719061507.33,5.516700
2021-09-10,57.1957588,58.02697744,55.3650987,57.79938186,55898178,3208886437.33,4.743100
2021-09-13,58.2842594,58.62070504,55.48384422,55.58279882,50541179,2874591013.28,4.288600
2021-09-14,56.58224028,58.15561842,54.42503,56.21610826,58855730,3361744958.8,4.994100
2021-09-15,56.404122,58.04676836,55.2661441,57.36398162,48255905,2782161053.25,4.094700
2021-09-16,57.45304076,57.47283168,52.45583346,52.95060646,62382555,3433138695.92,5.293300
2021-09-17,52.8912337,53.57402044,49.64552282,51.44649654,46262812,2402182335.42,3.925500
2021-09-22,50.2689368,51.78294218,50.08092306,50.54600968,25080982,1283188743.84,2.128200
2021-09-23,50.6647552,52.02043322,50.6647552,50.961619,23792346,1232429175.85,2.018800
2021-09-24,51.41681016,52.940711,50.03144576,51.19911004,29875643,1555812703.4,2.535000
2021-09-27,51.19911004,52.3964607,47.003435,47.992981,48405622,2393028513.14,4.107400
2021-09-28,47.8445491,48.57681314,47.09249414,47.2013442,23181938,1118785392.21,1.967100
2021-09-29,46.71646666,47.45862616,44.52957,45.2222522,36006206,1667873822.75,3.055200
2021-09-30,46.013889,47.7455945,45.53890692,46.99353954,35645048,1689682911.23,3.024600
2021-10-08,48.05235376,48.07214468,45.4201614,45.74671158,25131131,1176385026.38,2.132400
2021-10-11,45.74671158,47.09249414,44.8759111,45.7665025,19321676,899602980.78,1.639500
2021-10-12,46.2117982,46.4591847,44.21291528,45.13319306,23765714,1089452230.65,2.016600
2021-10-13,45.14308852,46.73625758,45.14308852,46.73625758,23529924,1101902638.95,1.996600
2021-10-14,46.18211182,48.46796308,46.013889,47.66643082,24288916,1162521508.27,2.061000
2021-10-15,47.48831254,49.64552282,46.69667574,49.0814816,34166814,1679955023.48,2.899200
2021-10-18,48.76482688,51.33764648,48.5867086,50.47674146,35666520,1812691734.97,3.026400
2021-10-19,51.8522104,52.6933245,50.7142325,51.4069147,37650193,1964632498.19,3.194700
2021-10-20,51.1595282,52.70321996,50.99130538,51.3079601,36743751,1932232012.89,3.117800
2021-10-21,51.33764648,53.1880975,51.26837826,52.2480288,32639516,1723337415.44,2.769600
2021-10-22,52.27771518,52.92092008,51.51576476,52.1985515,24592460,1297177493.19,2.086700
2021-10-25,52.72301088,57.42335438,52.445938,57.42335438,67677718,3807179915.22,5.742600
2021-10-26,59.37276,60.24356048,56.4535993,56.74056764,82358437,4849533116.04,6.988300
2021-10-27,57.25513156,59.68941472,56.5030766,58.68997326,59957166,3544539764.08,5.087500
2021-10-28,58.877987,59.8180557,56.57234482,57.08690874,47548657,2792111009.87,4.034600
2021-10-29,57.0473269,58.54154136,54.21722534,58.2842594,66532987,3816340330.32,5.645500
2021-11-01,58.39310946,59.64983288,56.91868592,58.383214,46363686,2744708629.71,3.934100
2021-11-02,58.26446848,60.6591698,58.01708198,59.1253735,53118017,3194644254.62,4.507200
2021-11-03,59.1748508,61.1044655,57.6410545,60.0654422,51903661,3114047003.38,4.404200
2021-11-04,60.18418772,60.72843802,58.68997326,59.36286454,37846164,2281068489.56,3.211400
2021-11-05,59.23422356,59.92690576,56.79004494,57.9873956,46528592,2743365823.83,3.948100
2021-11-08,57.08690874,60.04565128,56.74056764,59.67951926,41820891,2500973809.48,3.548600
2021-11-09,59.84774208,61.3023747,59.0758962,59.2243281,34739898,2104621314.95,2.947800
2021-11-10,58.383214,59.5706692,56.90879046,58.26446848,34174966,2000956564.2,2.899800
2021-11-11,58.1853048,59.06600074,57.4926226,58.51185498,28664119,1687937178.5,2.432200
2021-11-12,59.25401448,64.1225808,59.05610528,63.2319894,63353253,3978766768.12,5.375700
2021-11-15,63.25178032,63.825717,56.90879046,56.90879046,77315052,4573599488.66,6.560400
2021-11-16,56.404122,58.26446848,54.2765981,57.63115904,58996070,3350602848.86,5.006000
2021-11-17,57.13638604,58.59101866,56.404122,57.3441907,38078545,2222738773.64,3.231100
2021-11-18,57.97750014,58.6306005,56.6515085,57.90823192,27160270,1587932023.61,2.304600
2021-11-19,57.888441,61.1539428,57.40356346,59.9664876,43797706,2646932297.09,3.716400
2021-11-22,60.04565128,62.77679824,59.43213276,62.15338426,51389993,3178675111.73,4.360600
2021-11-23,62.51951628,65.33972238,61.70808856,61.70808856,51716525,3295380913.82,4.388300
2021-11-24,62.1434888,63.15282572,60.2633514,60.45136514,36287110,2252193432.82,3.079100
2021-11-25,60.5602152,61.67840218,59.7685784,60.55031974,29977539,1835114718.71,2.543700
2021-11-26,61.2528974,65.310036,60.8076017,63.26167578,56399559,3617847304.24,4.785700
2021-11-29,61.91589322,64.79547208,60.93624268,61.67840218,55791336,3520073981.66,4.734100
2021-11-30,61.6487158,65.9037636,61.5497612,65.82459992,69841967,4560483073.13,5.926300
2021-12-01,64.815263,65.8542863,60.2633514,62.59867996,77331314,4883932129.52,6.561800
2021-12-02,62.37108438,63.1825121,61.07477912,62.0445342,35389947,2226389979.23,3.002900
2021-12-03,62.72732094,64.7163084,61.67840218,62.341398,36806432,2343737041.82,3.123100
2021-12-06,61.12425642,62.1434888,59.33317816,59.34307362,44275005,2713439569.85,3.756900
2021-12-07,59.4222373,59.85763754,56.27548102,56.404122,52391773,3034807941.61,4.445600
2021-12-08,57.28481794,58.40300492,57.17596788,57.46293622,27250759,1589155602.77,2.312300
2021-12-09,57.47283168,57.9873956,56.17652642,56.3546447,31209839,1794170273.28,2.648200
2021-12-10,56.14684004,59.94669668,55.42447146,59.48161006,57545440,3380074651.12,4.882900
2021-12-13,59.35296908,61.52997028,57.94781376,59.98627852,40400805,2451831561.87,3.428100
2021-12-14,60.0159649,61.57944758,58.81861424,59.20453718,28866045,1740125198.4,2.449400
2021-12-15,59.2243281,60.13471042,57.72021818,58.05666382,25574818,1519593751.71,2.170100
2021-12-16,58.52175044,58.6306005,56.36454016,57.00774506,27291368,1573236582.57,2.315800
2021-12-17,56.9978496,57.0968042,55.7114398,55.84008078,20441485,1160452203.78,1.734500
2021-12-20,57.25513156,58.19520026,52.95060646,53.06935198,44291617,2455466390.76,3.758300
2021-12-21,54.10837528,54.79116202,53.09903836,54.2765981,25614991,1399630505.04,2.173500
2021-12-22,55.07813036,58.0368729,54.78126656,57.58168174,42295350,2415742500.06,3.588900
2021-12-23,58.383214,59.88732392,57.0968042,57.32439978,37756657,2222352253.67,3.203800
2021-12-24,57.07701328,57.0968042,52.77248818,53.65318412,45009559,2459616879.57,3.819200
2021-12-27,52.940711,53.62349774,51.23869188,51.6543012,27825489,1468119922.97,2.361100
2021-12-28,51.951165,53.44537946,51.0605736,53.1386202,29006970,1528768759.88,2.461300
2021-12-29,52.5943699,52.91102462,51.2584828,51.2584828,25619532,1340973042.01,2.173900
2021-12-30,52.445938,52.445938,50.63506882,50.93193262,25304021,1312776058.47,2.147100
2021-12-31,51.05067814,51.7037785,49.88301386,50.7142325,24990849,1277756453.3,2.120500
2022-01-04,51.6048239,51.951165,47.498208,47.82475818,46229660,2273908093.78,3.922700
2022-01-05,47.992981,47.992981,45.89514348,45.97430716,33574447,1576300918.34,2.848900
2022-01-06,45.98420262,46.82531672,45.35089318,46.24148458,28844578,1342530024.02,2.447500
2022-01-07,45.9644117,46.38991648,44.56915184,44.61862914,28799605,1313961017.06,2.443700
2022-01-10,44.60873368,45.1232976,43.40148756,44.25249712,22474099,1007659370.95,1.907000
2022-01-11,44.48998816,44.7769565,43.23326474,43.40148756,22205545,986646482.58,1.884200
2022-01-12,44.52957,44.88580656,43.62908314,44.78685196,29016555,1303113459.84,2.462100
2022-01-13,44.8264338,45.024343,43.4905467,43.75772412,21724311,970164229.09,1.843400
2022-01-14,43.4410694,45.87535256,43.28274204,45.15298398,40309730,1828565097.9,3.420400
2022-01-17,45.3706841,46.46908016,44.8264338,45.60817514,27821080,1282911966.51,2.360700
2022-01-18,45.38057956,45.7665025,44.84622472,45.2717295,18012107,823031560.45,1.528400
2022-01-19,45.2222522,45.2222522,43.05514646,43.35201026,26380606,1166403834.05,2.238500
2022-01-20,43.05514646,43.82699234,42.1546596,42.7978645,21937106,951612108.1,1.861400
2022-01-21,42.6494326,43.3421148,41.87758672,42.12497322,16953368,728050748.71,1.438500
2022-01-24,41.67967752,43.56971038,41.59061838,43.10462376,20546447,888536523.53,1.743400
2022-01-25,42.58016438,43.33221934,41.04636808,41.13542722,17645421,749903235.2,1.497300
2022-01-26,41.52135016,41.92706402,40.43284956,41.69946844,19186388,801513812.77,1.628000
2022-01-27,41.6598866,42.1546596,40.3734768,40.43284956,18001141,747794782.47,1.527400
2022-01-28,40.60107238,41.1156363,38.99800786,39.58184,20272771,819244665.34,1.720200
2022-02-07,40.5219087,41.38281372,39.58184,40.06671754,18872257,770246340.0,1.601400
2022-02-08,40.10629938,40.2250449,38.3943848,39.74016736,18502052,732620946.2,1.570000
2022-02-09,39.78964466,41.1651136,39.09696246,40.8187725,20571624,838175126.74,1.745600
2022-02-10,40.80887704,40.9177271,38.84957596,39.3344535,22022243,880600957.87,1.868700
2022-02-11,39.0375897,40.8682498,38.31522112,38.75062136,22951141,917090721.37,1.947500
2022-02-14,38.592294,40.16567214,38.097521,39.00790332,18842383,747778800.96,1.598800
2022-02-15,39.19591706,40.54169962,38.76051682,40.1755676,23857468,964691948.92,2.024400
2022-02-16,40.55159508,41.2145909,39.58184,39.93807656,23294615,951711895.65,1.976600
2022-02-17,39.93807656,41.43229102,39.6313173,40.92762256,29855347,1231839288.83,2.533300
2022-02-18,40.49222232,40.79898158,39.71048098,39.96776294,23052850,933485213.27,1.956100
2022-02-21,39.91828564,40.4229541,39.70058552,40.3239995,13393264,542276941.33,1.136500
2022-02-22,40.09640392,40.9177271,39.3839308,40.89793618,26313917,1070996797.47,2.232800
2022-02-23,41.07605446,42.9957737,40.7692952,42.48120978,32624238,1390757192.63,2.768300
2022-02-24,41.9567504,43.30253296,40.9177271,41.81821396,36779015,1569161106.73,3.120800
2022-02-25,42.63953714,43.03535554,42.1546596,42.42183702,23929598,1029517096.93,2.030500
2022-02-28,42.055705,42.93640094,41.83800488,42.62964168,20670999,884152256.0,1.754000
2022-03-01,42.75828266,43.01556462,41.25417274,41.67967752,23287744,987393856.0,1.976000
2022-03-02,41.32344096,41.63020022,40.73960882,40.78908612,19681878,815154080.0,1.670100
2022-03-03,41.13542722,41.20469544,39.3344535,39.40372172,27420317,1106439792.0,2.326700
2022-03-04,38.97821694,39.6313173,37.4048388,37.56316616,31485638,1217018432.0,2.671600
2022-03-07,36.99912494,37.33557058,35.48511956,35.73250606,28757032,1051766368.0,2.440100
2022-03-08,35.44553772,36.09863808,33.644564,34.11954608,33846675,1187491056.0,2.872000
2022-03-09,34.4362008,34.55494632,31.97223126,33.63466854,32497138,1097084128.0,2.757500
2022-03-10,34.84191466,35.78198336,34.41640988,35.54449232,36894280,1310496064.0,3.130600
2022-03-11,34.7330646,35.60386508,34.2382916,35.2278376,27229271,961590592.0,2.310500
2022-03-14,34.67369184,35.04971932,34.15912792,34.17891884,20292327,707670784.0,1.721900
2022-03-15,33.92163688,34.91118288,32.9518818,32.9518818,25349335,869296928.0,2.151000
2022-03-16,34.14923246,35.4257468,32.53627248,35.2773149,38728496,1340691376.0,3.286200
2022-03-17,36.4152928,36.73194752,35.23773306,35.40595588,42567605,1548973648.0,3.612000
2022-03-18,35.4257468,36.08874262,34.6835873,35.80177428,24874223,886715850.13,2.110600
2022-03-21,36.59341108,37.42462972,35.99968348,36.27675636,40819415,1514552873.98,3.463600
2022-03-22,36.02936986,36.93975218,35.74240152,36.34602458,20778437,764491188.71,1.763100
2022-03-23,36.99912494,37.08818408,35.78198336,36.14811538,18679322,685433292.22,1.585000
2022-03-24,35.63355146,36.47466556,35.4257468,35.9205198,19946458,724173778.31,1.692500
2022-03-25,36.118429,36.118429,34.9309738,35.10909208,16769442,600075543.79,1.422900
2022-03-28,35.01013748,35.0794057,33.8424732,34.139337,19967003,692593251.17,1.694300
2022-03-29,34.2382916,35.4752241,33.8424732,34.07996424,24431188,853763142.38,2.073100
2022-03-30,34.3372462,35.60386508,34.139337,35.46532864,26355664,938318684.48,2.236400
2022-03-31,35.4752241,35.4752241,33.9909051,34.05027786,24658365,856839516.65,2.092300
2022-04-01,33.644564,34.89139196,33.644564,34.25808252,15711916,545191139.81,1.333200
2022-04-06,34.49557356,34.51536448,33.31801382,33.56540032,17141049,580984044.34,1.454500
2022-04-07,33.3971775,33.53571394,32.48679518,32.6055407,16008480,532288927.52,1.358400
2022-04-08,32.56595886,32.83313628,31.29933998,31.74463568,20635825,665401350.87,1.751000
2022-04-11,31.21028084,31.23007176,29.2410843,29.27077068,33590850,1013546555.89,2.850300
2022-04-12,29.2905616,29.77543914,29.12233878,29.56763448,17653021,526092825.08,1.497900
2022-04-13,29.31035252,29.87439374,28.97390688,28.97390688,15080373,447704706.32,1.279600
2022-04-14,29.37962074,29.4884708,28.4989248,28.78589314,16338482,477519852.83,1.386400
2022-04-15,28.3504929,28.5978794,27.39063328,28.26143376,22146306,625534548.42,1.879200
2022-04-18,27.79634714,28.5978794,27.58854248,28.52861118,13569440,386140807.51,1.151400
2022-04-19,28.46923842,29.2905616,28.37028382,28.58798394,16291188,472600497.09,1.382400
2022-04-20,28.47913388,28.6473567,27.69739254,27.707288,13021223,369547608.13,1.104900
2022-04-21,27.99425634,28.27132922,26.5198328,26.62868286,19388040,534457568.54,1.645100
2022-04-22,26.69795108,26.85627844,26.08443256,26.09432802,15579470,415727861.74,1.322000
2022-04-25,25.728196,25.9261052,23.48192658,23.48192658,34196173,842706947.85,2.901600
2022-04-26,23.43244928,23.59077664,22.43300782,22.7100807,33084086,768498604.1,2.807300
2022-04-27,22.759558,24.9860365,22.44290328,24.9860365,40550224,974186307.31,3.440800
2022-04-28,24.73865,25.7776733,24.6396954,25.0355138,30925933,786446647.61,2.624200
2022-04-29,25.09488656,26.72763746,25.0355138,26.5198328,31419932,821711814.35,2.800200
2022-05-05,25.93600066,27.88540628,25.93600066,27.29167868,32779399,900338430.03,2.921400
2022-05-06,26.6682647,27.14324678,26.222969,26.73753292,24918838,672140997.91,2.072800
2022-05-09,26.75732384,27.5588561,26.73753292,27.14324678,13600850,373596652.03,1.131300
2022-05-10,27.212515,28.696834,27.04429218,28.696834,35992904,1020954974.42,2.994000
2022-05-11,28.58798394,31.09153532,28.47913388,29.9832438,47715241,1445074413.2,3.969000
2022-05-12,29.61711178,30.45822588,29.3895162,29.85460282,24958839,754786843.06,2.076100
2022-05-13,30.15146662,30.181153,29.61711178,30.0821984,16100300,486336286.76,1.339300
2022-05-16,30.3790622,31.09153532,29.9832438,30.17125754,23183714,712630721.31,1.928500
2022-05-17,30.0821984,31.8139039,30.0821984,31.54672648,31366856,987376159.78,2.609200
2022-05-18,31.77432206,32.33836328,31.3191309,31.68526292,23624005,759179523.15,1.965100
2022-05-19,31.0717444,32.18003592,30.99258072,32.14045408,23413655,750671693.54,1.947600
2022-05-20,32.43731788,35.35647858,32.42742242,34.14923246,64088896,2201523492.98,5.331000
2022-05-23,34.4362008,35.00024202,33.82268228,34.9804511,48476723,1689922542.45,4.032400
2022-05-24,34.4362008,35.08930116,33.0508364,33.0508364,44639149,1538688409.24,3.713200
2022-05-25,33.06073186,33.5456094,32.43731788,32.93209088,30212189,1003736844.11,2.513100
2022-05-26,33.41696842,33.70393676,32.3086769,33.33780474,30869163,1033600823.99,2.567800
2022-05-27,33.67425038,35.28721036,33.67425038,34.10965062,40032484,1394378986.72,3.330000
2022-05-30,35.00024202,35.30700128,34.52525994,34.84191466,30330137,1070465479.21,2.522900
2022-05-31,34.9309738,37.01891586,34.44609626,36.49445648,42127361,1528705501.01,3.504200
2022-06-01,36.15801084,39.9776584,36.12832446,39.58184,67485820,2625317382.12,5.613600
2022-06-02,38.94853056,41.560932,38.68135314,39.9776584,60954731,2497390725.56,5.070300
2022-06-06,40.01724024,43.33221934,40.01724024,42.73849174,55974293,2382426294.67,4.656000
2022-06-07,42.7483872,43.0947283,41.84790034,42.90671456,40911703,1754814126.85,3.403100
2022-06-08,42.91661002,43.51033762,41.22448636,42.43173248,49147390,2099487919.76,4.088200
2022-06-09,42.2536142,43.1442056,42.02601862,42.6989099,42026355,1812091358.43,3.495800
2022-06-10,42.3525688,44.8264338,42.2536142,44.12385614,50109244,2230201419.32,4.168200
2022-06-13,43.6389786,45.50922054,43.3915921,44.7274792,38891315,1754268912.11,3.235000
2022-06-14,44.1337516,44.70768828,43.02546008,44.35145172,36265704,1605134361.48,3.016600
2022-06-15,44.70768828,45.82587526,43.61918768,44.19312436,32599413,1469695065.46,2.711700
2022-06-16,44.4306154,45.1727749,44.034797,44.52957,21906738,985016250.81,1.822200
2022-06-17,44.27172,45.759345,44.07337,45.045285,31953266,1449008316.22,2.657900
2022-06-20,45.4122325,46.4139,45.0552025,46.116375,34497658,1595882294.09,2.869600
2022-06-21,46.037035,46.0866225,44.4304,45.2337175,25504016,1159528081.2,2.121500
2022-06-22,44.78743,46.116375,44.78743,45.2337175,24243200,1112507680.3,2.016600
2022-06-23,45.2733875,47.2370525,44.807265,47.04862,37001512,1728821989.0,3.077900
2022-06-24,47.16763,47.24697,45.918025,46.1064575,31652940,1478157529.35,2.632900
2022-06-27,46.13621,46.8998575,45.81885,46.61225,27527316,1290953370.49,2.289800
2022-06-28,46.5031575,47.0982075,45.957695,46.6618375,23003497,1080327117.46,1.913500
2022-06-29,46.711425,46.8601875,44.4006475,44.4304,32828416,1500538009.52,2.730700
2022-06-30,44.0436175,45.6205,44.0337,45.2238,21147263,961855165.81,1.759100
2022-07-01,45.2238,45.7097575,42.9328575,43.2898875,42486750,1883232758.61,3.534100
2022-07-04,42.9526925,46.13621,42.80393,46.09654,40665133,1849175384.51,3.382600
2022-07-05,46.116375,46.513075,44.846935,45.6700875,25686690,1178584586.45,2.136700
2022-07-06,45.5114075,45.9676125,43.974195,44.7973475,24856883,1128345346.18,2.067600
2022-07-07,44.62875,49.2800575,44.2816375,49.2800575,64332508,3114407995.63,5.351300
2022-07-08,49.686675,50.57925,44.35106,44.35106,81923818,3865151380.58,6.814600
2022-07-11,44.529575,45.02545,43.379145,43.9841125,38745281,1722266771.41,3.222900
2022-07-12,43.934525,45.322975,43.43865,44.1427925,30135900,1347137230.34,2.506800
2022-07-13,43.934525,44.251885,41.3658925,43.458485,36031209,1557676059.63,2.997100
2022-07-14,43.2403,47.028785,42.942775,46.235385,41636935,1921317740.58,3.463400
2022-07-15,46.17588,46.8106,45.42215,45.50149,25407422,1182273064.99,2.113400
2022-07-18,45.6105825,45.918025,43.0518675,44.1824625,41571612,1845770886.2,3.458000
2022-07-19,44.0436175,44.4799875,42.6948375,42.8535175,31703651,1387693884.29,2.637200
2022-07-20,42.8931875,43.339475,41.61383,42.0502,36169932,1535614529.31,3.008700
2022-07-21,41.85185,42.942775,41.2865525,41.85185,21867746,931405391.61,1.819000
2022-07-22,42.64525,43.0915375,41.4650675,42.030365,23449360,999225764.95,1.950600
2022-07-25,41.45515,42.387395,41.33614,41.6535,26386846,1111144678.78,2.194900
2022-07-26,41.673335,42.8931875,40.403895,41.6535,32499969,1366803736.67,2.703400
2022-07-27,41.474985,41.97086,40.681585,41.6535,18163485,759599874.91,1.379800
2022-07-28,42.1394575,42.4171475,39.90802,40.02703,36871808,1503697660.93,2.801100
2022-07-29,39.7592575,40.443565,38.698085,38.7476725,28004978,1109231927.62,2.127500
2022-08-01,38.7476725,40.364225,38.1129525,40.165875,34541534,1375161441.67,2.624000
2022-08-02,39.47165,39.888185,38.063365,38.341055,33191550,1298404532.53,2.521500
2022-08-03,39.174125,39.769175,37.2203775,37.388975,30174501,1166784508.75,2.292300
2022-08-04,37.7162525,38.5493225,37.40881,37.8947675,20592229,788292405.98,1.564300
2022-08-05,37.9542725,39.0650325,37.7162525,38.4898175,20942237,808954024.85,1.590900
2022-08-08,38.380725,38.7873425,37.5972425,38.7675075,19474206,753972966.8,1.479400
2022-08-09,38.7476725,39.9179375,38.36089,39.293135,30904636,1227225696.89,2.347700
2022-08-10,39.174125,39.82868,38.0534475,38.103035,25683213,1000902774.82,1.951100
2022-08-11,38.4104775,39.4418975,37.56749,39.174125,26579964,1034796689.46,2.019200
2022-08-12,38.83693,39.253465,38.0534475,38.20221,22195050,860458912.38,1.686100
2022-08-15,38.380725,40.78076,38.301385,39.3427225,42270303,1691228396.93,3.211200
2022-08-16,39.372475,40.007195,39.0055275,39.332805,28885497,1150137273.28,2.194400
2022-08-17,39.59066,41.05845,38.618745,40.8601,49052041,1983598285.44,3.726400
2022-08-18,40.66175,43.83535,40.4634,42.784095,69738115,2989991496.53,5.297800
2022-08-19,42.64525,42.8436,40.8601,41.05845,41983464,1758393225.91,3.189400
2022-08-22,40.78076,42.20888,39.82868,42.109705,32873057,1373158477.66,2.497300
2022-08-23,42.0799525,43.894855,41.85185,42.8931875,39483763,1713993829.79,2.999500
2022-08-24,43.7460925,43.83535,39.3427225,39.5609075,52314227,2159596382.01,3.974200
2022-08-25,39.47165,39.8385975,37.4782325,38.2716325,32560019,1257007771.08,2.473500
2022-08-26,38.2716325,39.0848675,37.785675,37.9146025,20659972,798305130.41,1.569500
2022-08-29,36.7046675,36.9823575,35.26663,35.50465,49226712,1785124759.19,3.975200
2022-08-30,35.484815,36.317885,35.10795,35.6534125,23878927,860460354.23,1.928300
2022-08-31,35.5344025,35.9707725,33.739335,34.07653,33169132,1154456542.89,2.678500
2022-09-01,34.017025,34.612075,33.580655,33.580655,18330115,627891605.82,1.480200
2022-09-02,33.898015,34.017025,33.08478,33.421975,20852614,704249107.08,1.683900
2022-09-05,33.4913975,33.79884,32.945935,33.501315,19371900,653224138.42,1.564300
2022-09-06,33.7195,34.47323,32.5591525,34.39389,29757724,1011700813.96,2.403000
2022-09-07,34.017025,35.50465,33.8285925,34.850095,23808127,836757582.62,1.922600
2022-09-08,34.6616625,34.929435,33.8682625,34.0071075,20786644,718240478.47,1.678600
2022-09-09,34.1261175,34.3046325,33.540985,34.096365,13217225,451839934.46,1.067300
2022-09-13,34.3641375,34.810425,33.91785,34.43356,13803153,478092023.21,1.114600
2022-09-14,33.6302425,34.1162,33.3525525,33.8087575,16218256,551216032.74,1.309700
2022-09-15,33.858345,34.017025,31.6269075,31.8054225,28809707,942612457.27,2.326500
2022-09-16,31.69633,32.1327,30.82359,30.90293,22521687,712340170.72,1.818700
2022-09-19,30.843425,32.4996475,30.82359,32.09303,27750106,892510377.62,2.240900
2022-09-20,32.72775,33.00544,32.112865,32.231875,18293029,600741149.21,1.477200
2022-09-21,32.1227825,32.6186575,31.597155,32.3608025,15294520,496596497.35,1.235100
2022-09-22,31.93435,32.5789875,31.81534,31.9442675,14146051,458163475.99,1.142300
2022-09-23,32.0434425,32.9261,31.4880625,32.3608025,22514275,730040092.43,1.818100
2022-09-26,31.7459175,32.9161825,31.636825,32.3409675,23691633,776957472.6,1.913200
2022-09-27,32.5194825,32.88643,31.7459175,32.8170075,19736280,644383157.71,1.593800
2022-09-28,32.826925,32.9261,31.438475,31.4682275,17562290,564638959.51,1.418200
2022-09-29,31.835175,32.3806375,31.25996,31.41864,15243016,487432108.34,1.230900
2022-09-30,31.3293825,31.7855875,30.22854,30.2781275,16524853,512175327.33,1.334400
2022-10-10,30.327715,31.398805,29.851675,30.0202725,19865814,613509170.42,1.604200
2022-10-11,30.446725,31.97402,30.3376325,31.06161,23377639,737311803.11,1.887800
2022-10-12,31.1905375,33.60049,30.74425,33.56082,37506979,1216455391.56,3.028800
2022-10-13,33.421975,33.8285925,32.9756875,33.40214,27958926,943537047.91,2.257800
2022-10-14,33.91785,34.0666125,33.3128825,33.9079325,26559329,902346477.27,2.144700
2022-10-17,33.421975,33.60049,32.2616275,32.9161825,28294402,935958172.56,2.284800
2022-10-18,33.2137075,34.19554,32.945935,33.620325,29664707,1004220165.97,2.395500
2022-10-19,33.7195,35.2567125,33.4715625,34.017025,40394462,1407703712.79,3.262000
2022-10-20,33.7195,34.017025,32.2616275,33.20379,33946727,1131361577.88,2.741300
2022-10-21,33.20379,33.44181,32.430225,32.68808,18578661,616415040.61,1.500300
2022-10-24,32.7178325,33.0351925,31.29963,31.676495,25644006,831157761.26,2.070800
2022-10-25,31.57732,32.9261,30.8335075,32.707915,23943453,775828374.41,1.933500
2022-10-26,32.7376675,33.223625,32.3608025,32.628575,20133142,664408265.8,1.625800
2022-10-27,32.7971725,33.60049,31.41864,31.45831,30845716,1005540567.43,2.490900
2022-10-28,31.121115,31.1310325,29.097945,29.256625,30586198,925634323.32,2.469900
2022-10-31,28.7706675,30.3971375,28.7706675,29.8020875,21164772,635639279.15,1.709100
2022-11-01,29.772335,32.787255,29.55415,32.787255,48505443,1551048806.56,3.916900
2022-11-02,33.7095825,34.79059,33.4120575,34.3046325,54011403,1858704269.85,4.361600
2022-11-03,34.017025,34.8401775,33.818675,34.43356,29595687,1027939501.61,2.389900
2022-11-04,34.71125,36.37739,34.3641375,35.703,42775733,1530101519.98,3.454300
2022-11-07,35.2567125,36.0897825,35.0385275,35.1575375,30266487,1079301248.73,2.444100
2022-11-08,35.703,36.000525,34.4633125,34.9591875,24311212,860322868.68,1.962900
2022-11-09,35.0781975,35.3063,34.19554,34.2451275,18655708,650494835.37,1.506300
2022-11-10,34.0666125,34.0666125,33.16412,33.3525525,18484515,624208040.6,1.492500
2022-11-11,34.413725,34.612075,33.3228,33.779005,24306120,829352085.44,1.962500
2022-11-14,33.5310675,34.017025,32.6186575,32.80709,21789228,727896735.67,1.759300
2022-11-15,32.8368425,33.4715625,32.311215,33.3922225,21867154,726780399.59,1.765600
2022-11-16,33.24346,33.382305,32.430225,32.5194825,19532459,645060742.26,1.577100
2022-11-17,32.41039,32.4798125,31.61699,31.914515,18197353,583929721.07,1.469300
2022-11-18,31.993855,32.390555,31.6070725,32.231875,17367183,560854703.76,1.402200
2022-11-21,31.736,32.430225,31.57732,32.3012975,17613390,568715430.0,1.422100
2022-11-22,32.1327,32.1327,31.2500425,31.45831,17055450,542659943.59,1.377100
2022-11-23,31.53765,31.89468,30.90293,31.636825,13627850,432261617.26,1.100300
2022-11-24,31.736,32.3211325,31.4483925,31.755835,15364676,493308310.19,1.240600
2022-11-25,31.4682275,31.65666,30.7938375,30.82359,14083600,439694953.19,1.137100
2022-11-28,30.2781275,30.9326825,30.010355,30.8731775,11772217,362064875.61,0.950500
2022-11-29,31.121115,31.716165,30.8136725,31.3095475,21146819,666386869.46,1.707400
2022-11-30,31.49798,31.954185,31.0516925,31.736,20269108,646053936.9,1.636500
2022-12-01,32.33105,32.8963475,32.01369,32.033525,25329739,827744930.91,2.045100
2022-12-02,32.033525,32.430225,31.81534,32.33105,22632685,735812327.67,1.827400
2022-12-05,32.2219575,32.311215,31.795505,32.01369,16530381,532644214.11,1.334700
2022-12-06,31.9045975,32.5294,31.4087225,32.1029475,17744624,572598973.64,1.432700
2022-12-07,31.89468,33.144285,31.8450925,32.4203075,29117845,959641930.36,2.351000
2022-12-08,32.29138,32.96577,32.0434425,32.4599775,15110248,495469866.97,1.220000
2022-12-09,32.469895,32.5294,31.9442675,32.4599775,15909135,516704132.89,1.284500
2022-12-12,32.3012975,32.33105,31.6070725,31.954185,14901118,479631478.91,1.203100
2022-12-13,32.1227825,32.5194825,31.0715275,31.0913625,18002357,575133796.47,1.453500
2022-12-14,31.041775,31.4087225,30.34755,30.70458,14730322,457095637.83,1.189300
2022-12-15,30.724415,32.430225,30.5756525,32.2814625,27097091,864106297.35,2.187800
2022-12-16,31.93435,32.430225,31.10128,31.4285575,16953803,539869811.48,1.368900
2022-12-19,31.2698775,32.390555,30.4963125,30.6549925,18974401,600513474.39,1.532000
2022-12-20,30.7343325,30.8533425,30.0202725,30.2186225,12218060,373043016.17,0.986500
2022-12-21,30.2186225,30.367385,29.6037375,29.83184,15290555,460285197.18,1.234600
2022-12-22,29.9210975,30.0996125,28.9095125,28.9491825,14557167,430939781.18,1.175400
2022-12-23,28.740915,29.177285,28.463225,28.68141,10885462,316375420.59,0.878900
2022-12-26,28.84009,29.9210975,28.661575,29.9210975,15122824,449617505.47,1.221000
2022-12-27,29.87151,30.42689,29.732665,30.288045,14700689,447559971.96,1.186900
2022-12-28,30.0004375,30.0996125,29.43514,29.772335,11891389,356512370.82,0.960100
2022-12-29,29.6830775,30.0599425,29.3657175,29.4053875,9539112,284882030.65,0.770200
2022-12-30,29.55415,29.83184,28.5128125,28.5921525,17482649,510713034.53,1.411600
2023-01-03,28.5624,29.335965,28.0367725,29.2268725,19002598,549992368.93,1.534300
2023-01-04,29.1078625,29.23679,28.264875,28.463225,17200317,496002057.73,1.388800
2023-01-05,28.661575,29.7822525,28.423555,29.39547,21642737,636479551.89,1.747500
2023-01-06,29.39547,30.288045,29.2863775,29.891345,21499295,648526207.0,1.735900
2023-01-09,30.129365,30.5459,29.970685,30.2582925,15768732,481492004.53,1.273200
2023-01-10,30.248375,31.041775,30.06986,30.78392,19059475,587959136.59,1.538900
2023-01-11,30.5954875,30.8930125,30.30788,30.3574675,14274253,439283086.99,1.152500
2023-01-12,30.3971375,31.041775,30.30788,30.3971375,19840833,611880546.13,1.602000
2023-01-13,30.4368075,31.160785,29.95085,31.160785,22109736,679176365.58,1.785200
2023-01-16,30.645075,30.90293,30.0004375,30.58557,23389931,720049502.07,1.888500
2023-01-17,30.74425,30.9921875,30.486395,30.70458,11940504,369890003.11,0.964100
2023-01-18,31.14095,31.3393,30.843425,30.883095,12129723,379621222.35,0.979400
2023-01-19,30.883095,31.14095,30.70458,31.041775,11302078,352613957.74,0.912500
2023-01-20,31.041775,31.636825,30.9326825,31.5277325,16344844,516285784.57,1.319700
2023-01-30,32.72775,33.025275,31.8054225,31.835175,24481096,798646381.92,1.976600
2023-01-31,31.914515,32.4599775,31.835175,32.1822875,17412992,565743656.6,1.405900
2023-02-01,32.231875,33.4913975,32.2219575,32.9261,24794695,824278571.57,2.001900
2023-02-02,32.9756875,33.183955,32.549235,32.6384925,14207850,469585697.21,1.147200
2023-02-03,32.549235,32.72775,31.69633,32.0831125,14381607,465478035.79,1.161200
2023-02-06,32.0632775,32.1822875,31.5475675,31.874845,11800835,378329664.74,0.952800
2023-02-07,31.77567,32.01369,31.65666,31.9045975,10026968,322055646.64,0.809600
2023-02-08,32.033525,32.866595,31.954185,32.549235,28777173,941543818.12,2.323500
2023-02-09,32.5294,32.588905,32.112865,32.4401425,18262465,595739286.27,1.474500
2023-02-10,32.430225,32.430225,31.5872375,31.8054225,17738923,571215843.26,1.432300
2023-02-13,31.6864125,32.231875,31.65666,31.8252575,12560138,403637884.37,1.014100
2023-02-14,31.8252575,31.9641025,31.1905375,31.4483925,14470055,458342447.21,1.168300
2023-02-15,31.6070725,31.9045975,31.0913625,31.1905375,15183012,480003617.36,1.225900
2023-02-16,31.06161,31.29963,30.0797775,30.367385,19392401,602609200.01,1.565800
2023-02-17,30.367385,30.4169725,29.6632425,29.6632425,16497243,498615439.37,1.332000
2023-02-20,29.47481,29.573985,28.80042,29.5640675,20601221,605912783.42,1.663400
2023-02-21,29.55415,30.1591175,29.4053875,29.91118,17137068,515667808.72,1.383700
2023-02-22,29.7425825,29.83184,29.4847275,29.63349,12314813,367943050.17,0.994300
2023-02-23,29.7525,29.931015,29.454975,29.7525,12462471,372943749.84,1.006200
2023-02-24,29.931015,29.95085,29.296295,29.454975,12420628,370299658.46,1.002900
2023-02-27,29.31613,29.534315,29.018605,29.1475325,10004574,294742064.03,0.807800
2023-02-28,29.27646,29.454975,29.018605,29.3260475,10881055,320574528.93,0.878500
2023-03-01,29.31613,29.5045625,29.0681925,29.4847275,10728832,317372589.84,0.866300
2023-03-02,29.494645,29.534315,28.978935,29.0483575,12655820,372437210.2,1.021800
2023-03-03,29.137615,29.256625,28.8301725,29.03844,8574976,250940284.16,0.692400
2023-03-06,29.0483575,29.2665425,28.7309975,29.15745,12597955,368546479.07,1.017200
2023-03-07,29.2070375,29.23679,28.542565,28.60207,12077174,351218327.9,0.975100
2023-03-08,28.6119875,28.859925,28.5128125,28.780585,7182411,207746536.13,0.579900
2023-03-09,28.9591,29.3260475,28.68141,29.177285,14382087,422039321.37,1.161200
2023-03-10,28.91943,29.15745,28.5624,28.859925,11520052,334708663.61,0.930100
2023-03-13,28.99877,29.1673675,28.6318225,28.68141,10071160,292600432.88,0.813200
2023-03-14,28.7111625,28.7111625,27.7392475,28.20537,16346652,463291959.42,1.319800
2023-03-15,28.225205,28.6119875,28.1756175,28.20537,8714658,249567845.65,0.703600
2023-03-16,27.92768,28.04669,26.9458475,27.0450225,20860900,576162094.57,1.684300
2023-03-17,27.1640325,27.5210625,26.9756,27.0648575,16448966,450495358.69,1.328100
2023-03-20,27.0648575,27.630155,26.8070025,27.2235375,13271230,364543092.84,1.071500
2023-03-21,27.2632075,29.63349,27.193785,29.454975,35643767,1031742346.67,2.877900
2023-03-22,29.23679,30.0797775,29.0681925,29.494645,29117859,866761706.54,2.351000
2023-03-23,29.256625,29.55415,28.9591,29.3062125,16539975,487527718.43,1.335500
2023-03-24,29.3062125,30.0004375,29.1475325,29.87151,25616271,768005736.85,2.068300
2023-03-27,29.71283,30.0004375,29.256625,29.9210975,19897960,595787691.67,1.606600
2023-03-28,29.8814275,29.9012625,29.2268725,29.375635,14859445,442367774.85,1.199800
2023-03-29,29.375635,29.851675,29.15745,29.27646,11894700,352987266.56,0.960400
2023-03-30,29.27646,29.67316,29.15745,29.43514,13227638,391749551.58,1.068000
2023-03-31,29.4252225,29.812005,29.27646,29.5640675,14346392,427252211.17,1.158300
2023-04-03,29.494645,29.732665,29.0483575,29.4252225,14770439,437348328.44,1.192600
2023-04-04,29.39547,29.415305,28.423555,28.8103375,22610364,654672848.77,1.825600
2023-04-06,28.64174,28.64174,27.96735,28.2549575,16697856,475251463.35,1.348200
2023-04-07,28.185535,28.5624,28.1657,28.2747925,10409082,297296862.13,0.840400
2023-04-10,28.304545,28.84009,28.28471,28.582235,16185370,466363382.05,1.306800
2023-04-11,28.5326475,28.76075,27.987185,28.661575,13655213,391997226.33,1.102500
2023-04-12,28.44339,28.5624,27.868175,27.9772675,16809850,476964534.44,1.357200
2023-04-13,27.7987525,28.502895,27.6797425,28.1359475,11146550,315602282.81,0.900000
2023-04-14,28.1359475,29.03844,28.066525,28.7905025,19543718,566129088.58,1.578000
2023-04-17,28.72108,29.03844,28.6516575,28.978935,13214130,385272818.44,1.066900
2023-04-18,29.0086875,29.3657175,28.64174,28.9095125,12516836,365372321.28,1.010600
2023-04-19,28.780585,28.899595,28.3938025,28.7706675,11851785,341917739.01,0.956900
2023-04-20,28.7111625,28.72108,27.5607325,27.7194125,18850683,528979702.33,1.522000
2023-04-21,27.8780925,28.2351225,27.0846925,27.2037025,13936104,387690424.45,1.125200
2023-04-24,27.193785,27.312795,26.3706325,26.53923,15167714,408669753.38,1.224700
2023-04-25,26.7871675,27.0053525,25.66649,26.043355,15813290,417226537.84,1.276800
2023-04-26,25.924345,27.7590825,25.7954175,27.471475,21666696,590080024.17,1.749400
2023-04-27,27.2830425,27.769,27.074775,27.7194125,13830445,383639599.2,1.116700
2023-04-28,27.3822175,27.6599075,26.916095,27.273125,15546859,426461133.6,1.255300
2023-05-04,27.273125,27.88801,27.074775,27.5607325,12849008,355555140.22,1.037400
2023-05-05,27.3723,27.5210625,26.93593,27.074775,10912110,298340016.93,0.881100
2023-05-08,27.312795,27.550815,27.05494,27.4417225,10728889,295252174.56,0.866300
2023-05-09,27.3723,27.4218875,26.876425,26.9756,10701411,291442825.48,0.864000
2023-05-10,26.8466725,27.630155,26.45989,27.273125,16275192,445106438.27,1.314100
2023-05-11,27.907845,29.216955,27.6995775,28.5624,35632660,1021937785.52,2.877000
2023-05-12,28.36405,28.701245,27.868175,27.8780925,16952332,480194720.65,1.368700
2023-05-15,27.9574325,28.8500075,27.9574325,28.7706675,23381919,675290130.25,1.887900
2023-05-16,29.0483575,29.0483575,28.4731425,28.64174,12347345,357254516.46,0.996900
2023-05-17,28.6913275,28.820255,28.1657,28.5326475,10231863,293180247.54,0.826100
2023-05-18,28.64174,28.64174,27.9574325,28.145865,10296556,292442392.06,0.831400
2023-05-19,28.1359475,28.1557825,27.8780925,28.066525,7872072,222468772.67,0.635600
2023-05-22,28.264875,28.44339,27.947515,28.0962775,9243788,262500766.62,0.746400
2023-05-23,28.026855,28.32438,27.80867,27.8582575,7675136,216959478.6,0.619700
2023-05-24,27.669825,28.0367725,27.5408975,27.6202375,8601131,240868326.93,0.694500
2023-05-25,27.471475,28.08636,27.352465,27.8185875,9579383,269016383.3,0.773400
2023-05-26,27.828505,27.828505,26.9260125,27.25329,9722178,267270078.98,0.785000
2023-05-29,27.25329,27.3723,26.5888175,26.6483225,10224111,276410782.75,0.825500
2023-05-30,26.5293125,26.9260125,26.34088,26.638405,9748056,261310300.11,0.787100
2023-05-31,26.65824,26.69791,26.2714575,26.3904675,8467737,225378243.95,0.683700
2023-06-01,26.45989,26.7673325,26.1326125,26.241705,9776496,260762265.35,0.789400
2023-06-02,26.241705,27.1243625,26.241705,26.9458475,13115032,354957369.49,1.058900
2023-06-05,27.05494,27.1243625,26.519395,26.559065,10169367,273207693.72,0.821100
2023-06-06,26.559065,26.5789,26.0929425,26.0929425,10275323,272508929.52,0.829600
2023-06-07,26.1822,26.26154,25.19045,25.3392125,16673931,430443443.77,1.346300
2023-06-08,25.3392125,25.884675,25.19045,25.4383875,11620054,298638797.49,0.938200
2023-06-09,25.2400375,25.74583,25.0416875,25.3987175,12325019,315036099.34,0.995100
2023-06-12,25.2202025,25.8350875,25.1805325,25.6764075,11325531,291849326.45,0.914400
2023-06-13,25.5970675,25.7855,25.4185525,25.5375625,6989046,180149784.44,0.564300
2023-06-14,25.5375625,25.6764075,25.249955,25.249955,9537929,244339784.36,0.770100
2023-06-15,25.3590475,27.0846925,25.289625,26.93593,34070987,914646908.33,2.750900
2023-06-16,26.93593,27.64999,26.757415,27.471475,30016425,824714461.68,2.423500
2023-06-19,27.45164,27.84834,27.1045275,27.550815,18033072,501923092.35,1.456000
2023-06-20,27.6202375,27.9971025,27.4218875,27.550815,14922682,416095726.49,1.204900
2023-06-21,27.4218875,27.828505,27.0251875,27.09461,11594759,320129923.65,0.936200
2023-06-26,26.7871675,27.4218875,26.6284875,26.89626,13086309,356150715.42,1.056600
2023-06-27,27.29296,27.29296,26.678075,26.9061775,8004638,217144347.61,0.646300
2023-06-28,26.836755,26.9756,26.5094775,26.69791,8587033,231491599.61,0.693300
2023-06-29,26.678075,26.85659,26.4698075,26.65824,7845806,210877984.25,0.633500
2023-06-30,26.65824,27.6599075,26.5689825,27.392135,20002520,550502402.54,1.552500
2023-07-03,27.4020525,27.92768,27.4020525,27.7590825,16258834,454334337.35,1.312800
2023-07-04,27.769,27.907845,27.57065,27.7392475,10554133,295068840.45,0.852100
2023-07-05,27.7194125,27.8384225,27.4218875,27.4615575,9924846,275959277.7,0.801300
2023-07-06,27.3723,27.4615575,26.9756,27.05494,8260864,226368639.82,0.667000
2023-07-07,27.0053525,27.0053525,26.440055,26.4698075,9335805,251108182.06,0.753800
2023-07-10,26.5293125,27.709495,26.5293125,27.3425475,13689574,376951652.72,1.105300
2023-07-11,27.33263,27.57065,27.0846925,27.392135,7312857,201296198.53,0.590400
2023-07-12,27.3028775,27.5805675,27.09461,27.1243625,9009258,248240688.99,0.727400
2023-07-13,27.1243625,27.6797425,26.995435,27.154115,9245793,253940045.95,0.746500
2023-07-14,27.074775,27.09461,26.598735,26.7276625,11832701,319401954.26,0.955400
2023-07-17,26.876425,27.01527,26.5789,26.69791,8091733,218275769.79,0.653300
2023-07-18,26.6879925,26.955765,26.42022,26.678075,7823373,210151998.47,0.631700
2023-07-19,26.5789,26.6879925,26.0929425,26.2714575,9366010,248621835.7,0.756200
2023-07-20,26.281375,26.73758,26.003685,26.0532725,8800333,233774607.67,0.710500
2023-07-21,25.9937675,26.2317875,25.845005,26.0136025,6258955,164168410.94,0.505400
2023-07-24,25.964015,25.964015,25.5375625,25.5772325,8344000,216115511.46,0.673700
2023-07-25,25.7954175,26.1524475,25.7359125,25.9937675,11008278,288325368.57,0.888800
2023-07-26,25.98385,26.043355,25.70616,25.7755825,8539799,222434580.29,0.689500
2023-07-27,26.678075,27.4417225,26.440055,26.4698075,33593852,910476378.59,2.712400
2023-07-28,26.479725,26.8268375,26.0334375,26.7078275,15500676,413724718.0,1.251500
2023-07-31,26.6284875,27.471475,26.6284875,27.312795,21344582,586121271.03,1.723400
2023-08-01,27.17395,27.3822175,27.074775,27.2235375,8896461,244134841.62,0.718300
2023-08-02,27.2235375,27.3028775,27.01527,27.193785,6722951,184015087.55,0.542800
2023-08-03,27.074775,27.45164,26.9756,27.4417225,9157240,252252065.56,0.739400
2023-08-04,27.590485,27.8780925,27.3227125,27.64999,13449002,375134586.24,1.085900
2023-08-07,27.53098,27.72933,27.25329,27.3425475,7385202,203938972.73,0.596300
2023-08-08,27.273125,27.4020525,27.074775,27.1441975,5261108,144302355.7,0.424800
2023-08-09,27.074775,27.25329,26.93593,27.0846925,5028849,137396465.2,0.406000
2023-08-10,27.0846925,27.3723,26.995435,27.114445,4916386,134604659.92,0.397000
2023-08-11,27.074775,27.13428,26.4103025,26.42022,6581458,177304980.25,0.531400
2023-08-14,26.0929425,26.202035,25.5970675,25.7855,11350643,295208219.18,0.916500
2023-08-15,25.7855,25.884675,25.1011925,25.210285,12544661,320583095.2,1.012900
2023-08-16,25.2202025,25.4383875,25.0416875,25.051605,9225413,234390243.52,0.744900
2023-08-17,25.03177,25.2598725,24.67474,25.210285,8695584,219180607.14,0.702100
2023-08-18,25.210285,25.4383875,24.8235025,24.8235025,8301618,210147924.25,0.670300
2023-08-21,24.7838325,24.7838325,24.1292775,24.15903,11266568,277451523.3,0.909700
2023-08-22,24.258205,24.4466375,23.56398,23.92101,14972050,360550602.98,1.208900
2023-08-23,23.821835,23.9110925,23.2565375,23.3557125,9124236,216724396.42,0.736700
2023-08-24,23.464805,23.802,23.3358775,23.3953825,8610647,204376949.32,0.695200
2023-08-25,23.24662,23.4945575,22.8796725,22.9986825,8518876,198644628.13,0.687800
2023-08-28,24.297875,24.43672,23.3358775,23.504475,22198748,536771039.16,1.792300
2023-08-29,23.4945575,24.1987,23.3557125,24.1689475,13960923,337191623.02,1.127200
2023-08-30,24.4268025,24.5656475,24.0697725,24.27804,13152907,322670288.99,1.020800
2023-08-31,24.099525,24.27804,23.861505,24.020185,6815259,164932948.2,0.529000
2023-09-01,24.099525,24.27804,24.020185,24.1491125,5724633,139422411.2,0.444300
2023-09-04,24.3672975,24.535895,24.1292775,24.4664725,8495451,208913763.76,0.659400
2023-09-05,24.47639,24.5854825,24.27804,24.416885,7940643,195698089.47,0.616300
2023-09-06,24.3077925,24.3871325,24.15903,24.2879575,6703311,163914830.47,0.520300
2023-09-07,24.1987,24.2879575,23.663155,23.663155,7598773,183103695.29,0.589800
2023-09-08,23.5738975,23.7325775,23.4548875,23.60365,5581117,132783413.6,0.433200
2023-09-11,24.0102675,24.297875,23.6730725,23.92101,12993086,313472802.38,1.008400
2023-09-12,23.92101,24.337545,23.76233,24.0102675,9683547,234640607.05,0.751600
2023-09-13,24.020185,24.1987,23.52431,23.5540625,8256028,198065996.86,0.640800
2023-09-14,23.4548875,23.6334025,23.0978575,23.3160425,8518994,200199136.65,0.661200
2023-09-15,23.385465,23.48464,22.9590125,23.0581875,8654717,201837048.25,0.671700
2023-09-18,23.1573625,23.861505,23.12761,23.52431,11652227,276781102.98,0.904400
2023-09-19,23.504475,23.6730725,23.2168675,23.3358775,6779302,159767536.58,0.526200
2023-09-20,23.20695,23.2565375,22.711075,22.750745,10243300,236398664.31,0.795000
2023-09-21,22.750745,22.9193425,22.65157,22.77058,6516924,149749037.58,0.505800
2023-09-22,22.6614875,23.1176925,22.6119,23.107775,8724279,201484901.18,0.677100
2023-09-25,22.9590125,23.20695,22.473055,22.8400025,11746741,269662423.57,0.911700
2023-09-26,22.81025,22.8201675,22.53256,22.5623125,6901750,157422219.78,0.535700
2023-09-27,22.5623125,23.48464,22.354045,23.0086,13345926,310004990.32,1.035800
2023-09-28,23.0581875,23.1970325,22.88959,23.0086,6912698,160356649.2,0.536500
2023-10-09,22.9788475,23.12761,22.711075,22.830085,7538475,173670868.52,0.585100
2023-10-10,22.88959,23.147445,22.8003325,22.8003325,8536000,197328442.14,0.662500
2023-10-11,22.8995075,23.1573625,22.81025,22.9391775,8432135,195260468.87,0.654500
2023-10-12,23.107775,24.059855,23.04827,24.020185,23248149,555261168.68,1.804400
2023-10-13,23.802,23.980515,23.623485,23.802,12182808,291859068.78,0.945600
2023-10-16,23.802,23.802,23.107775,23.2168675,10606554,249705907.38,0.823200
2023-10-17,23.20695,23.5540625,23.04827,23.12761,9854260,230934194.86,0.764800
2023-10-18,23.0581875,23.0581875,22.7209925,22.8400025,7454778,172018291.89,0.578600
2023-10-19,22.6218175,22.7606625,22.13586,22.155695,13597732,306843437.21,1.055400
2023-10-20,21.957345,22.790415,21.89784,22.5028075,12832310,290753756.75,0.996000
2023-10-23,22.5821475,22.6019825,21.58048,21.73916,10948234,241872699.46,0.849700
2023-10-24,21.719325,21.9672625,21.4515525,21.639985,11628909,253865060.59,0.902600
2023-10-25,21.719325,22.1457775,21.6895725,21.7094075,9345429,206231773.18,0.725300
2023-10-26,21.6697375,21.758995,21.1738625,21.73916,13028608,281340461.73,1.011200
2023-10-27,21.6300675,23.306125,21.54081,23.2168675,28112293,645106425.16,2.181900
2023-10-30,22.8201675,23.0383525,22.7408275,22.9590125,13813226,319109529.5,1.070400
2023-10-31,22.84992,22.9391775,22.3837975,22.57223,11395030,259321005.72,0.883000
2023-11-01,22.81025,23.028435,22.5623125,22.77058,10708793,246123495.01,0.829900
2023-11-02,22.7804975,22.9391775,22.41355,22.4433025,7151464,163158616.58,0.554200
2023-11-03,22.433385,22.8598375,22.41355,22.7606625,8731068,199890118.31,0.676600
2023-11-06,22.8796725,23.901175,22.711075,23.6334025,19538644,464217243.91,1.514100
2023-11-07,23.5540625,23.6135675,23.306125,23.385465,9903394,233934099.54,0.767400
2023-11-08,23.4053,23.48464,23.107775,23.3755475,8573580,201616364.65,0.664400
2023-11-09,23.28629,23.544145,23.20695,23.464805,10426987,245708523.34,0.808000
2023-11-10,23.306125,23.3755475,23.0581875,23.20695,8044290,187860727.26,0.623400
2023-11-13,23.20695,23.663155,23.08794,23.5738975,13125043,309207352.23,1.017100
2023-11-14,23.5342275,23.6730725,23.24662,23.3557125,7610535,179576650.17,0.589800
2023-11-15,23.6929075,23.7722475,23.48464,23.60365,11070633,263436651.39,0.857900
2023-11-16,23.60365,23.6135675,23.12761,23.147445,7434423,174533330.74,0.576100
2023-11-17,23.107775,23.28629,23.0185175,23.2168675,7099594,165746269.57,0.550200
2023-11-20,23.24662,23.2565375,22.6119,23.0581875,10632572,245817969.1,0.824000
2023-11-21,23.16728,23.226785,22.88959,22.9193425,8069096,187658786.56,0.625300
2023-11-22,22.8201675,22.8400025,22.2152,22.2152,11169675,253004921.62,0.865600
2023-11-23,22.195365,22.473055,22.17553,22.41355,6489762,146253847.69,0.502900
2023-11-24,22.393715,22.393715,22.0069325,22.0466025,6699181,149288256.54,0.517700
2023-11-27,22.05652,22.116025,21.69949,21.9870975,8305254,183272059.29,0.641900
2023-11-28,21.9474275,22.235035,21.7689125,22.17553,8234376,182368852.47,0.636400
2023-11-29,22.116025,22.3242925,21.8482525,22.195365,9317085,207732824.42,0.720100
2023-11-30,22.1457775,22.3441275,21.89784,21.9672625,8656245,192975330.7,0.669000
2023-12-01,21.9870975,22.01685,21.34246,21.50114,11404382,247750087.08,0.881400
2023-12-04,21.89784,22.3639625,21.6300675,21.639985,14473942,321044082.73,1.118600
2023-12-05,21.4218,21.9672625,21.2532025,21.2928725,13398966,291427317.02,1.035500
2023-12-06,21.2928725,22.77058,21.2333675,22.29454,32005765,722697078.97,2.419700
2023-12-07,22.314375,22.7209925,22.2251175,22.5821475,14492477,328145574.9,1.095700
2023-12-08,22.711075,22.8598375,22.25487,22.314375,11263917,254836918.42,0.851600
2023-12-11,22.195365,22.25487,21.481305,22.17553,12358844,272257001.96,0.934400
2023-12-12,22.1656125,22.25487,21.8284175,21.9474275,5818712,129032230.98,0.439900
2023-12-13,21.917675,21.97718,21.441635,21.441635,8320741,181346763.9,0.629100
2023-12-14,21.77883,21.8680875,20.54906,20.58873,17811427,378829208.88,1.346600
2023-12-15,20.6284,20.8763375,20.3407925,20.3804625,13136435,271707412.58,0.993200
2023-12-18,20.2416175,20.39038,19.735825,19.7854125,12439823,250394498.04,0.940500
2023-12-19,19.775495,20.07302,19.6267325,19.95401,8811680,176568015.42,0.666200
2023-12-20,19.934175,20.053185,19.5870625,19.5870625,6929772,138202950.25,0.523900
2023-12-21,19.497805,20.2019475,19.4383,20.03335,11097825,222003162.59,0.839000
2023-12-22,20.03335,20.608565,19.696155,20.2317,11575040,235360243.06,0.875100
2023-12-25,20.3011225,20.5589775,20.2416175,20.4002975,7031203,144686568.59,0.531600
2023-12-26,20.4399675,20.5986475,20.092855,20.15236,5024431,102425946.8,0.379900
2023-12-27,20.15236,20.2317,19.835,19.9639275,8775382,176557576.98,0.663400
2023-12-28,19.87467,21.2730375,19.854835,21.203615,21587835,454210201.8,1.632100
2023-12-29,21.22345,21.4713875,21.124275,21.322625,13867064,298195361.36,1.048400
2024-01-02,21.34246,21.362295,20.82675,20.82675,10567834,223612192.74,0.799000
2024-01-03,20.806915,20.9755125,20.6581525,20.82675,6398714,134062960.6,0.483800
2024-01-04,20.7771625,20.8168325,20.3606275,20.46972,6084825,125856315.1,0.460000
2024-01-05,20.767245,21.362295,20.2812875,20.3804625,16795678,353131735.18,1.269800
2024-01-08,20.2416175,20.8763375,19.99368,20.013515,11409242,233199326.95,0.862600
2024-01-09,20.0234325,20.489555,19.79533,20.0829375,10255832,207583003.42,0.775400
2024-01-10,19.95401,20.43005,19.6862375,19.9639275,10688250,216198608.54,0.808100
2024-01-11,19.9837625,21.10444,19.7655775,20.8565025,21839101,452168564.75,1.651100
2024-01-12,20.82675,21.1143575,20.7176575,20.7969975,14198682,299158788.39,1.073500
2024-01-15,20.7771625,20.9755125,20.3804625,20.7374925,10336273,215697618.86,0.781500
2024-01-16,20.6383175,21.203615,20.5589775,20.925925,11779775,248044011.14,0.890600
2024-01-17,20.82675,20.82675,20.3011225,20.3011225,10068876,208381397.82,0.761200
2024-01-18,19.99368,20.50939,19.8250825,20.410215,13409509,272626609.22,1.013800
2024-01-19,20.2812875,20.94576,20.2317,20.35071,11333449,234528237.38,0.856800
2024-01-22,19.9837625,20.35071,19.3887125,19.63665,19546262,390904236.17,1.477800
2024-01-23,19.6465675,19.8052475,19.00193,19.1110225,17029679,332586291.83,1.287500
2024-01-24,19.1705275,19.2895375,18.2779525,18.9126725,18684677,352941352.45,1.412600
2024-01-25,18.80358,19.3292075,18.48622,19.23995,14971116,286360179.99,1.131900
2024-01-26,19.140775,19.27962,18.8730025,18.942425,11456872,219816041.23,0.866200
2024-01-29,18.88292,18.9920125,18.2482,18.2482,10584111,197751146.53,0.800200
2024-01-30,18.664735,19.418465,18.3969625,18.44655,22075143,421955583.22,1.668900
2024-01-31,18.44655,19.3688775,18.426715,18.545725,21192216,402875863.33,1.602200
2024-02-01,18.44655,18.44655,17.791995,18.0002625,16260376,296886584.11,1.229300
2024-02-02,17.950675,18.2184475,16.7506575,17.315955,18848217,332421808.14,1.424300
2024-02-05,17.17711,17.315955,15.967175,16.5919775,21343562,361110878.31,1.612900
2024-02-06,16.2151125,17.97051,16.0961025,17.8515,20363635,353969978.86,1.538800
2024-02-07,17.8614175,18.52589,17.6829025,18.0597675,18079599,331150346.94,1.366200
2024-02-08,18.1589425,18.545725,17.8515,18.466385,18708564,345206977.45,1.413800
2024-02-19,18.5358075,18.6746525,18.149025,18.6548175,14644123,272721842.04,1.106600
2024-02-20,18.44655,18.545725,18.28787,18.506055,8995036,167103602.45,0.679700
2024-02-21,18.347375,19.101105,18.268035,18.6349825,14705603,277881104.62,1.111300
2024-02-22,18.545725,18.88292,18.4763025,18.8134975,8657353,163700975.55,0.654200
2024-02-23,18.80358,19.3292075,18.72424,19.16061,16034960,307752842.3,1.211700
2024-02-26,19.1705275,19.4085475,18.8928375,19.0118475,13015264,250654870.39,0.983500
2024-02-27,18.902755,19.2895375,18.863085,19.2697025,13446173,259301920.61,1.016100
2024-02-28,19.418465,20.013515,18.84325,18.8531675,23859376,470185984.48,1.803000
2024-02-29,18.863085,19.6267325,18.8531675,19.6267325,19580703,380631960.72,1.479700
2024-03-01,19.59698,19.894505,19.4383,19.71599,14771306,292780580.25,1.116200
2024-03-04,19.71599,19.99368,19.5275575,19.55731,11943542,236858016.72,0.902600
2024-03-05,19.4383,19.47797,19.1506925,19.259785,12796368,248784498.84,0.967000
2024-03-06,19.0515175,19.815165,19.0118475,19.5870625,12614331,247058349.15,0.953200
2024-03-07,19.5275575,19.696155,19.1705275,19.1903625,9421113,184344619.47,0.711900
2024-03-08,19.180445,19.378795,18.8730025,19.0515175,9790724,188232248.68,0.739900
2024-03-11,19.3093725,20.70774,19.2895375,20.4002975,37431258,757635738.69,2.828600
2024-03-12,20.4796375,20.58873,20.11269,20.3011225,24602192,503386621.93,1.859200
2024-03-13,20.410215,20.86642,20.2317,20.5788125,26100046,540539100.32,1.972300
2024-03-14,20.46972,20.78708,20.013515,20.172195,18608313,381637592.06,1.406200
2024-03-15,20.013515,20.1027725,19.6465675,19.973845,18190687,364199014.42,1.374600
2024-03-18,20.330875,20.6779875,20.1226075,20.5788125,23898021,491545799.01,1.805900
2024-03-19,20.727575,21.124275,20.4796375,20.4994725,24284549,508167712.44,1.835100
2024-03-20,20.70774,21.719325,20.66807,21.0151825,33425141,713215862.36,2.525900
2024-03-21,20.965595,21.1143575,20.46972,20.78708,26579264,556595210.81,2.008600
2024-03-22,20.727575,20.74741,19.99368,20.0829375,19039169,388587990.63,1.438800
2024-03-25,19.99368,20.053185,19.3887125,19.418465,17595193,349841595.12,1.329600
2024-03-26,19.418465,20.43005,19.418465,20.2317,26219887,527000415.64,1.981400
2024-03-27,20.2317,20.330875,19.4085475,19.4085475,17270299,344730755.51,1.305100
2024-03-28,19.4283825,20.4598025,19.418465,20.1424425,24208202,489132616.3,1.829400
2024-03-29,20.330875,20.5788125,19.835,20.0829375,19447071,396412123.64,1.469600
2024-04-01,20.211865,20.6184825,20.211865,20.4201325,22905832,471760924.04,1.731000
2024-04-02,20.66807,21.639985,20.4399675,21.30279,48838953,1036434040.19,3.690700
2024-04-03,20.7969975,21.2928725,20.687905,20.70774,33345421,703487097.02,2.519900
2024-04-08,20.6779875,21.10444,19.835,19.8647525,31105525,640337800.6,2.350600
2024-04-09,19.9044225,21.0548525,19.9044225,20.8366675,35192331,733426888.43,2.659400
2024-04-10,21.0350175,21.124275,20.4002975,20.6383175,25298602,527276796.23,1.911800
2024-04-11,20.43005,20.50939,19.934175,20.2416175,21654939,441702624.68,1.636400
2024-04-12,20.1226075,20.15236,19.2498675,19.3688775,28765470,569201456.48,2.173800
2024-04-15,19.299455,19.8647525,18.76391,19.0118475,21894649,423769369.66,1.654500
2024-04-16,18.9523425,18.96226,17.990345,18.01018,26082446,480980497.43,1.971000
2024-04-17,18.3374575,18.744075,18.2581175,18.704405,19417724,362574945.45,1.467400
2024-04-18,18.5754775,19.08127,18.2184475,18.80358,21426173,404737765.2,1.619100
2024-04-19,18.84325,18.8531675,18.2977875,18.3969625,20096999,374757151.61,1.518700
2024-04-22,18.44655,18.4763025,17.65315,17.9209225,26442793,480125499.24,1.997700
2024-04-23,18.04985,18.20853,17.514305,17.61348,21440082,383317218.72,1.619700
2024-04-24,17.61348,17.6829025,17.17711,17.6630675,18710611,329751554.47,1.413500
2024-04-25,17.57381,18.109355,17.4548,17.911005,21916417,394652859.84,1.655700
2024-04-26,17.8515,18.2382825,17.6630675,18.0597675,24360106,442451047.82,1.840300
2024-04-29,18.04985,18.982095,17.9605925,18.8333325,30225142,568597716.88,2.283400
2024-04-30,18.8928375,18.96226,18.52589,18.60523,15893018,298883815.12,1.200700
2024-05-06,18.9721775,19.39863,18.9523425,19.16061,23315877,450603441.38,1.761400
2024-05-07,19.4383,19.4383,19.0416,19.1705275,14937792,288604807.27,1.128500
2024-05-08,19.0911875,19.2101975,18.80358,18.8333325,11760616,225054803.84,0.888500
2024-05-09,19.339125,19.55731,19.140775,19.299455,24183606,471754311.24,1.827000
2024-05-10,19.12094,19.23995,18.84325,19.061435,17742521,340125357.97,1.340400
2024-05-13,19.140775,19.140775,18.5953125,18.7936625,14418236,274085886.26,1.089200
2024-05-14,18.7738275,18.92259,18.664735,18.7738275,12126955,229585615.56,0.916100
2024-05-15,18.744075,18.9920125,18.4167975,18.4366325,11694800,219333865.0,0.883500
2024-05-16,18.4564675,18.6151475,18.32754,18.40688,9169805,170803849.15,0.692700
2024-05-17,18.60523,20.251535,18.3771275,20.251535,53509435,1057799834.65,4.042400
2024-05-20,21.243285,21.560645,20.7771625,20.90609,84643156,1800557067.79,6.394400
2024-05-21,20.78708,22.314375,20.78708,21.8680875,87259657,1912382961.03,6.592100
2024-05-22,21.62015,21.9870975,21.322625,21.69949,57507247,1255263251.67,4.344400
2024-05-23,21.719325,21.798665,20.846585,20.98543,42036505,897466206.37,3.175700
2024-05-24,20.846585,21.14411,20.46972,20.50939,28349370,592294642.89,2.141700
2024-05-27,20.7374925,21.4515525,20.50939,21.163945,49614704,1055503586.29,3.748200
2024-05-28,20.846585,20.98543,20.2614525,20.2812875,36103117,746441202.05,2.727400
2024-05-29,20.172195,20.9755125,20.0829375,20.6581525,36118580,748156915.37,2.728600
2024-05-30,20.66807,20.90609,20.251535,20.3209575,29272412,605597296.37,2.211400
2024-05-31,20.4201325,20.648235,20.132525,20.132525,23861903,489929333.45,1.802700
2024-06-03,20.172195,20.3011225,19.775495,20.2019475,25428251,513504951.83,1.921000
2024-06-04,20.0631025,20.66807,19.8449175,20.5193075,28790084,590957185.05,2.175000
2024-06-05,20.370545,20.5986475,20.0234325,20.0432675,21076348,431093448.85,1.592200
2024-06-06,19.934175,20.1821125,19.4680525,19.537475,27735780,550858184.13,2.095300
2024-06-07,19.5473925,19.7655775,18.8134975,19.12094,29461926,570366317.9,2.225700
2024-06-11,19.0416,19.2895375,18.625065,19.2895375,17350220,333421417.38,1.310700
2024-06-12,19.1903625,19.23995,18.96226,19.1705275,13779427,265803154.68,1.041000
2024-06-13,19.12094,19.220115,18.863085,18.8928375,17042251,325837727.99,1.287500
2024-06-14,18.96226,19.08127,18.6449,19.0416,16616771,316067203.33,1.255300
2024-06-17,19.0515175,20.925925,18.9920125,20.6581525,54812838,1119526489.2,4.125800
2024-06-18,20.6284,20.727575,20.2317,20.50939,25393134,523083517.68,1.911400
2024-06-19,20.4994725,20.4994725,20.03335,20.0829375,16994774,345712193.32,1.279200
2024-06-20,20.092855,20.2217825,19.577145,19.5870625,17994277,359615324.21,1.354500
2024-06-21,19.68674075,19.92597203,19.36776571,19.62693293,17228188,339503200.16,1.296800
2024-06-24,19.39766962,19.7365806,19.2381821,19.29798992,16053729,313923301.01,1.208400
2024-06-25,19.37773368,19.62693293,18.82949533,18.98898285,17664232,339355099.5,1.329600
2024-06-26,19.19831022,19.55715714,18.76968751,19.55715714,19651982,380088749.1,1.479200
2024-06-27,19.4375415,19.44750947,19.01888676,19.10859849,13683669,263523231.6,1.030000
2024-06-28,18.97901488,19.35779774,18.94911097,19.08866255,16509464,317516176.66,1.242700
2024-07-01,18.81952736,18.96904691,18.15167337,18.5404242,21162671,391224824.65,1.592900
2024-07-02,18.4407445,18.67000781,18.28125698,18.35103277,12987624,239965419.36,0.977600
2024-07-03,18.39090465,18.80955939,18.2413851,18.60023202,14061690,261308816.28,1.058400
2024-07-04,18.59026405,18.67997578,18.22144916,18.25135307,9794010,180568130.38,0.737200
2024-07-05,18.17160931,18.32112886,17.92241006,18.28125698,11445849,207569433.97,0.861500
2024-07-08,18.23141713,18.23141713,17.72305066,17.81276239,11330820,203305358.64,0.852900
2024-07-09,17.78285848,18.18157728,17.65327487,18.09186555,11633383,209233922.19,0.875700
2024-07-10,18.01212179,18.52048826,17.96228194,18.26132104,12031983,220747857.49,0.905700
2024-07-11,18.61019999,18.89927112,18.48061638,18.7397836,15855235,297777336.41,1.193400
2024-07-12,18.78962345,19.07869458,18.67000781,18.76968751,10945475,206538967.96,0.823900
2024-07-15,18.7397836,18.82949533,18.50055232,18.60023202,8696400,162361467.88,0.654600
2024-07-16,18.60023202,19.26808601,18.5404242,19.16840631,20033437,381965849.92,1.507900
2024-07-17,19.05875864,19.12853443,18.86936721,19.02885473,11179203,213140651.05,0.841500
2024-07-18,18.939143,19.20827819,18.69991172,19.09863052,12583011,239409661.85,0.947100
2024-07-19,19.02885473,19.18834225,18.84943127,19.12853443,10642638,203417371.35,0.801100
2024-07-22,19.10859849,19.27805398,18.939143,19.04879067,9818328,187835478.02,0.739000
2024-07-23,19.04879067,19.08866255,18.52048826,18.56036014,12109603,228889088.16,0.911500
2024-07-24,18.56036014,18.71984766,18.46068044,18.55039217,9552515,178033119.37,0.719000
2024-07-25,18.35103277,18.91920706,18.31116089,18.81952736,9243258,173905231.8,0.695800
2024-07-26,18.76968751,19.27805398,18.76968751,19.15843834,11007944,211168424.86,0.828600
2024-07-29,19.27805398,19.31792586,18.77965548,19.01888676,9323153,177367173.63,0.701800
2024-07-30,18.91920706,19.09863052,18.8394633,19.07869458,7086668,134985140.62,0.533400
2024-07-31,19.07869458,19.49734932,18.95907894,19.46744541,16148879,312944315.21,1.215500
2024-08-01,19.41760556,19.60699699,19.36776571,19.45747744,12189677,238127583.99,0.917500
2024-08-02,19.3378618,19.50731729,19.14847037,19.18834225,9990654,193703237.0,0.752000
2024-08-05,19.12853443,19.51728526,19.00891879,19.0388227,12919883,249668996.34,0.972500
2024-08-06,19.21824616,19.41760556,18.91920706,19.2381821,9862241,189706918.84,0.742300
2024-08-07,19.20827819,19.32789383,19.10859849,19.14847037,6979209,134591152.64,0.525300
2024-08-08,19.04879067,19.24815007,18.8394633,19.04879067,8020830,153059613.2,0.603700
2024-08-09,19.10859849,19.26808601,18.76968751,18.76968751,7538353,143470657.95,0.567400
2024-08-12,18.92917503,19.07869458,18.41084059,18.49058435,8175633,152649851.01,0.615400
2024-08-13,18.43077653,18.81952736,18.3410648,18.65007187,7946885,147923423.69,0.598200
2024-08-14,18.59026405,18.82949533,18.32112886,18.32112886,6652877,122871056.67,0.500800
2024-08-15,18.2413851,18.48061638,18.10183352,18.39090465,7451496,137046907.08,0.560900
2024-08-16,18.40087262,18.41084059,18.1417054,18.15167337,6614911,121000155.92,0.497900
2024-08-19,18.11180149,18.28125698,17.99218585,18.06196164,6894851,125208062.3,0.519000
2024-08-20,18.20151322,18.27128901,17.93237803,17.99218585,8202096,148519880.8,0.617400
2024-08-21,17.88253818,18.39090465,17.82273036,18.2413851,12542263,229001419.51,0.944100
2024-08-22,18.47064841,19.1385024,18.26132104,18.66003984,28917530,545887134.09,2.176700
2024-08-23,18.38093668,18.49058435,17.81276239,17.89250615,19016902,343295558.11,1.431400
2024-08-26,17.92241006,18.939143,17.91244209,18.51052029,19674435,366653724.97,1.480900
2024-08-27,18.4407445,18.45071247,17.942346,18.02208976,12827099,232551652.13,0.965500
2024-08-28,17.89250615,18.06196164,17.5436272,18.0420257,9457104,169138339.44,0.711800
2024-08-29,18.0420257,18.63013593,17.95231397,18.3410648,15109542,278634692.57,1.136700
2024-08-30,18.2413851,18.80955939,18.23141713,18.60023202,17052495,318099475.3,1.282800
2024-09-02,18.63013593,18.99895082,18.33109683,18.3410648,13192646,246262793.03,0.992500
2024-09-03,18.2413851,18.79959142,18.19154525,18.67000781,11470232,213863461.32,0.862900
2024-09-04,18.47064841,19.12853443,18.4407445,18.87933518,17788237,337025856.25,1.338200
2024-09-05,18.81952736,19.0388227,18.67000781,18.78962345,10091300,190229501.0,0.759200
2024-09-06,18.7397836,18.75971954,18.43077653,18.45071247,7415761,138103071.74,0.557900
2024-09-09,18.30119292,18.5404242,18.20151322,18.27128901,7144200,131467662.4,0.537400
2024-09-10,18.28125698,18.38093668,17.87257021,18.23141713,8674830,157360185.7,0.652600
2024-09-11,18.2413851,19.05875864,18.20151322,18.87933518,19640594,369832848.4,1.477500
2024-09-12,18.74975157,19.02885473,18.69991172,18.81952736,11257505,213245479.98,0.846900
2024-09-13,18.81952736,18.86936721,18.21148119,18.22144916,11429300,210749498.0,0.859800
2024-09-18,18.22144916,18.27128901,17.77289051,18.03205773,10284684,185056827.92,0.773700
2024-09-19,18.09186555,18.35103277,17.79282645,18.11180149,9558797,173406366.17,0.718000
2024-09-20,18.11180149,18.13173743,17.78285848,18.02208976,10509041,188553122.54,0.789300
2024-09-23,18.01212179,18.16164134,17.85263427,17.99218585,6791236,122802309.43,0.510100
2024-09-24,18.06196164,18.81952736,17.98221788,18.80955939,20330467,376397715.96,1.527000
2024-09-25,18.8394633,19.42757353,18.8394633,18.92917503,21560683,415187181.09,1.619400
2024-09-26,18.75971954,19.42757353,18.75971954,19.42757353,17038941,326789347.81,1.279800
2024-09-27,19.6369009,21.31151986,19.6369009,20.932737,36502076,750178681.28,2.741700
2024-09-30,21.86972618,23.0260107,21.54078317,23.0260107,53354585,1200013822.04,4.007500
2024-10-08,25.32861177,25.32861177,23.78357642,25.32861177,67292344,1681363740.62,5.054400
2024-10-09,25.10931643,25.10931643,23.00607476,23.01604273,54106592,1299218150.66,4.064000
2024-10-10,23.03597867,23.78357642,22.54754814,22.73693957,33006916,765032773.34,2.479200
2024-10-11,22.73693957,22.73693957,21.25171204,21.55075114,29252012,640100498.17,2.197100
2024-10-14,21.58065505,21.98934182,21.30155189,21.83982227,23758529,516753599.79,1.784500
2024-10-15,21.83982227,21.95943791,21.26168001,21.29158392,20360671,442013632.4,1.529300
2024-10-16,20.91280106,21.21184016,20.6336979,20.85299324,21613368,452309788.85,1.623400
2024-10-17,20.932737,21.24174407,20.60379399,20.62372993,16770860,352089153.63,1.259700
2024-10-18,20.58385805,22.07905355,20.58385805,21.58065505,31837995,680501535.26,2.391400
2024-10-21,22.5276122,22.7269716,21.93950197,22.08902152,39461053,883015605.54,2.963900
2024-10-22,22.09898949,22.57745205,21.93950197,22.43790047,31704837,709513742.41,2.381400
2024-10-23,22.44786844,22.99610679,22.10895746,22.65719581,36616933,828806239.11,2.750300
2024-10-24,22.60735596,22.60735596,22.00927776,22.09898949,18461823,411147505.04,1.386700
2024-10-25,22.15879731,23.2253701,22.15879731,22.90639506,44462551,1020322619.2,3.339600
2024-10-28,23.39482559,23.43469747,22.70703566,23.08581852,33295184,768351087.47,2.500800
2024-10-29,23.08581852,23.37488965,22.51764423,22.56748408,28599379,654088374.54,2.148100
2024-10-30,22.43790047,22.80671536,22.28838092,22.57745205,22740195,515043842.35,1.708000
2024-10-31,22.77681145,22.926331,22.3282528,22.69706769,29613841,673995535.58,2.224300
2024-11-01,22.68709972,23.17553025,22.06908558,22.29834889,28487129,643588927.49,2.139700
2024-11-04,22.48774032,24.18229522,22.47777235,23.29514589,47930643,1125600267.4,3.600100
2024-11-05,22.93629897,23.67392875,22.7269716,23.59418499,47055908,1100854504.16,3.522200
2024-11-06,23.6240889,24.55111011,23.55431311,23.76364048,57548932,1388341711.8,4.307600
2024-11-07,23.923128,24.25207101,23.58421702,24.06267958,46804242,1125572873.21,3.503400
2024-11-08,24.23213507,25.20899613,23.99290379,24.0228077,56127569,1381776849.92,4.201200
2024-11-11,24.4215265,25.68745869,24.15239131,25.19902816,73895585,1868007833.59,5.531200
2024-11-12,25.19902816,25.96656185,24.71059763,24.96976485,63629097,1618537348.65,4.762700
2024-11-13,24.75046951,25.4183235,24.2221671,24.84018124,42327553,1047946323.28,3.168300
2024-11-14,25.26880395,25.4183235,24.1224874,24.15239131,44199962,1100268315.1,3.308400
2024-11-15,23.93309597,24.25207101,23.25527401,23.25527401,33739848,804756574.01,2.525500
2024-11-18,23.43469747,24.10255146,22.97617085,23.13565837,36885921,869636553.9,2.761000
2024-11-19,23.18549822,23.91316003,22.7269716,23.89322409,37738314,884232792.93,2.824800
2024-11-20,23.89322409,24.27200695,23.64402484,23.98293582,37384882,899668160.72,2.798300
2024-11-21,24.07264755,24.10255146,23.35495371,23.67392875,30089786,717432687.19,2.252300
2024-11-22,23.5244092,23.5244092,22.57745205,22.6272919,32555031,755046593.67,2.436800
2024-11-25,22.80671536,24.87008515,22.79674739,24.6208859,91779276,2227479545.84,6.869800
2024-11-26,24.25207101,24.25207101,22.97617085,23.04594664,59073394,1387610165.19,4.421700
2024-11-27,22.6272919,23.17553025,22.03918167,23.14562634,38559552,871870486.52,2.886200
2024-11-28,23.17553025,23.87328815,23.0260107,23.06588258,32381681,758429276.13,2.417500
2024-11-29,22.93629897,23.37488965,22.56748408,23.13565837,31929985,736263825.71,2.383800
2024-12-02,23.14562634,23.26524198,22.63725987,23.20543416,29461777,681988631.18,2.199500
2024-12-03,23.19546619,23.20543416,22.63725987,22.80671536,26416227,604342708.89,1.972100
2024-12-04,22.73693957,22.74690754,22.23854107,22.34818874,21702868,488813745.82,1.620300
2024-12-05,22.23854107,22.46780438,22.18870122,22.43790047,17407636,390303187.71,1.299300
2024-12-06,22.43790047,22.81668333,22.14882934,22.63725987,22051897,497990130.45,1.645900
2024-12-09,22.6272919,22.79674739,22.27841295,22.45783641,17373470,392363929.96,1.296700
2024-12-10,23.03597867,23.1256904,22.48774032,22.5276122,28023876,639608340.82,2.091600
2024-12-11,22.4279325,22.55751611,22.3282528,22.49770829,18109378,407200413.14,1.351600
2024-12-12,22.49770829,22.6272919,22.24850904,22.61732393,20874677,470252029.74,1.558000
2024-12-13,22.59738799,22.59738799,22.1288934,22.13886137,20621839,460495655.53,1.539100
2024-12-16,22.0292137,22.10895746,21.44110347,21.56071911,24434293,530728975.44,1.417300
2024-12-17,21.5308152,21.98934182,21.51087926,21.61055896,17056438,371948772.04,0.989300
2024-12-18,21.70027069,21.75011054,21.56071911,21.65043084,9585581,208089529.64,0.556000
2024-12-19,21.4311355,21.68033475,21.24174407,21.66039881,11565000,249789236.0,0.670800
2024-12-20,21.65043084,22.27841295,21.54078317,21.75011054,26243561,577870445.87,1.522200
2024-12-23,21.8298543,22.14882934,21.59062302,21.59062302,15920107,349223778.12,0.923400
2024-12-24,21.71023866,22.0292137,21.66039881,21.94946994,13185102,289432579.54,0.764800
2024-12-25,21.94946994,22.04914964,21.5308152,21.6304949,10073489,219143351.22,0.584300
2024-12-26,21.7301746,21.81988633,21.58065505,21.64046287,9963631,216840905.4,0.577900
2024-12-27,21.65043084,21.97937385,21.52084723,21.75011054,14309374,312701228.75,0.830000
2024-12-30,21.66039881,21.95943791,21.60059099,21.86972618,13509500,295595117.31,0.783600
2024-12-31,21.81988633,21.929534,21.09222452,21.15203234,16312169,350417938.38,0.946100
2025-01-02,21.1320964,21.1320964,20.21504316,20.3346588,20118373,416419835.8,1.166900
2025-01-03,20.3346588,20.52405023,19.78642045,19.86616421,16207732,327145389.1,0.940100
2025-01-06,20.00571579,20.37453068,19.96584391,20.09542752,13561700,274087324.2,0.786600
2025-01-07,20.40443459,20.58385805,20.2349791,20.58385805,12841300,262970486.0,0.744800
2025-01-08,20.5340182,20.57389008,19.91600406,20.37453068,12249570,248958181.26,0.710500
2025-01-09,20.2349791,20.54398617,20.14526737,20.36456271,9462834,193809619.73,0.548900
2025-01-10,20.4343385,20.48417835,20.0356197,20.05555564,10436032,211955326.28,0.605300
2025-01-13,19.96584391,20.48417835,19.82629233,20.29478692,11109775,225728700.8,0.644400
2025-01-14,20.47421038,20.91280106,20.25491504,20.91280106,17316650,358650336.7,1.004400
2025-01-15,20.91280106,21.01248076,20.6336979,20.84302527,12591456,263330102.74,0.730300
2025-01-16,20.99254482,21.18193625,20.65363384,20.86296121,10940753,229588486.93,0.634600
2025-01-17,20.74334557,21.00251279,20.68353775,20.89286512,9472762,197912154.06,0.549400
2025-01-20,21.09222452,21.57068708,21.06232061,21.31151986,16145199,345289173.41,0.936400
2025-01-21,21.44110347,21.50091129,21.00251279,21.09222452,10145464,215240396.32,0.588400
2025-01-22,21.00251279,21.08225655,20.77324948,20.89286512,9232252,193747963.57,0.535500
2025-01-23,21.18193625,21.32148783,20.8330573,20.85299324,11024770,232953912.6,0.639400
2025-01-24,20.78321745,20.98257685,20.70347369,20.85299324,10507238,219870094.7,0.609400
2025-01-27,20.87292918,21.06232061,20.62372993,20.62372993,8079789,168517422.15,0.468600
2025-02-05,20.81312136,21.00251279,20.64366587,20.84302527,11399785,238781940.9,0.661200
2025-02-06,20.82308933,21.62052693,20.74334557,21.61055896,20096651,430847521.33,1.165600
2025-02-07,21.56071911,22.00927776,21.44110347,21.81988633,22068927,482893236.25,1.280000
2025-02-10,22.09898949,22.15879731,21.80991836,22.00927776,19843156,437227597.12,1.150900
2025-02-11,21.929534,21.93950197,21.66039881,21.71023866,12007760,261877177.81,0.696500
2025-02-12,21.72020663,22.1288934,21.58065505,21.97937385,17318602,378751576.28,1.004500
2025-02-13,21.98934182,22.41796453,21.94946994,22.00927776,25365201,565585773.13,1.471200
2025-02-14,22.11892543,22.66716378,22.06908558,22.49770829,30133593,679621627.21,1.747800
2025-02-17,22.74690754,22.78677942,22.17873325,22.31828483,25112383,562800903.23,1.456500
2025-02-18,22.65719581,22.94626694,22.2285731,22.35815671,38058151,865189682.04,2.207400
2025-02-19,22.07905355,22.56748408,22.0292137,22.49770829,26015076,584039256.53,1.508900
2025-02-20,22.50767626,22.55751611,22.15879731,22.30831686,18583035,415939273.26,1.077800
2025-02-21,22.36812468,22.91636303,22.34818874,22.85655521,35105701,800562622.45,2.036200
2025-02-24,23.07585055,23.25527401,22.73693957,22.94626694,33160032,765978730.68,1.923300
2025-02-25,22.69706769,23.1256904,22.57745205,22.85655521,24474211,562063202.4,1.419500
2025-02-26,22.87649115,23.40479356,22.87649115,23.16556228,26325393,611352290.38,1.526900
2025-02-27,23.3250498,23.98293582,23.2253701,23.48453732,50429623,1192512958.14,2.925000
2025-02-28,23.50447326,24.05271161,23.15559431,23.21540213,49505930,1172067677.74,2.871400
2025-03-03,23.70383266,24.70062966,23.51444123,24.1224874,65933388,1599115881.32,3.824200
2025-03-04,23.88325612,23.88325612,23.1256904,23.57424905,41140974,964932540.02,2.386200
2025-03-05,23.51444123,23.60415296,23.05591461,23.24530604,24911071,580289876.92,1.444900
2025-03-06,23.37488965,23.55431311,23.20543416,23.38485762,27933088,654606935.84,1.620200
2025-03-07,23.27520995,23.27520995,22.8266513,22.93629897,26651015,616309353.02,1.545800
2025-03-10,23.01604273,23.30511386,22.86652318,23.03597867,18308540,423286884.42,1.061900
2025-03-11,22.78677942,23.08581852,22.65719581,23.08581852,14348256,329977873.26,0.832200
2025-03-12,23.14562634,23.25527401,22.94626694,23.05591461,18576147,430618524.77,1.077400
2025-03-13,23.1256904,23.41476153,22.67713175,22.86652318,21144909,488062658.42,1.226400
2025-03-14,22.88645912,23.17553025,22.7269716,23.14562634,21033468,486217361.58,1.220000
2025-03-17,23.21540213,23.36492168,23.04594664,23.25527401,24721898,576197919.49,1.433900
2025-03-18,23.40479356,23.71380063,23.27520995,23.3250498,24875571,585381482.05,1.442800
2025-03-19,23.24530604,23.30511386,22.89642709,23.10575446,20317511,469872079.68,1.178400
2025-03-20,23.20543416,23.21540213,22.83661927,22.85655521,13462144,310200050.46,0.780800
2025-03-21,22.7269716,22.926331,22.30831686,22.44786844,18871223,426880186.27,1.094600
2025-03-24,22.4279325,22.47777235,21.90959806,22.23854107,14154344,314681205.28,0.821000
2025-03-25,22.27841295,22.41796453,22.04914964,22.25847701,10732562,239266254.68,0.622500
2025-03-26,22.2285731,22.33822077,22.14882934,22.16876528,10169317,226768101.24,0.589800
2025-03-27,22.10895746,22.28838092,21.85975821,22.1288934,11762944,260592928.18,0.682300
2025-03-28,22.16876528,22.25847701,21.96940588,22.0292137,8349823,184866827.91,0.484300
2025-03-31,22.13886137,22.29834889,21.5308152,21.71023866,16576218,363980052.35,0.961400
2025-04-01,21.69030272,21.91956603,21.60059099,21.78001445,10061778,219865724.84,0.583600
2025-04-02,21.78001445,21.93950197,21.68033475,21.76007851,8179107,178992844.64,0.474400
2025-04-03,21.48097535,21.83982227,21.4311355,21.5308152,8766001,189989774.93,0.508400
2025-04-07,19.81632436,20.50411429,19.37773368,19.37773368,24547327,484330500.39,1.423800
2025-04-08,19.15843834,19.62693293,18.8394633,19.1385024,25906672,497198207.13,1.502600
2025-04-09,18.7397836,19.27805398,18.35103277,19.21824616,23803120,452436001.35,1.380600
2025-04-10,19.7365806,19.86616421,19.46744541,19.58706105,19816014,391226551.62,1.149400
2025-04-11,19.37773368,20.09542752,19.32789383,20.01568376,17648461,350509761.55,1.023600
2025-04-14,20.3346588,20.6336979,20.21504316,20.29478692,16225550,332044009.84,0.941100
2025-04-15,20.32469083,20.57389008,20.14526737,20.2349791,12621559,257496966.03,0.732100
2025-04-16,20.09542752,20.30475489,19.81632436,20.26488301,12296155,247511077.13,0.713200
2025-04-17,20.06552361,20.30475489,20.0356197,20.10539549,9818093,198362809.7,0.569500
2025-04-18,20.10539549,20.20507519,19.92597203,20.15523534,7638106,153890184.97,0.443000
2025-04-21,20.16520331,20.29478692,20.02565173,20.2349791,8780670,177822170.08,0.509300
2025-04-22,20.12533143,20.15523534,19.92597203,20.0356197,9339186,187732795.82,0.541700
2025-04-23,20.1352994,20.22501113,19.92597203,20.09542752,11202977,225487564.45,0.649800
2025-04-24,20.09542752,20.25491504,19.91600406,19.96584391,10057761,202520922.95,0.583400
2025-04-25,20.1352994,20.25491504,19.96584391,20.20507519,10660994,215498919.65,0.618000
2025-04-28,20.32469083,20.38449865,20.0356197,20.04558767,10319361,208760686.65,0.598200
2025-04-29,19.99574782,20.37453068,19.99574782,20.32469083,11386200,231632388.18,0.660000
2025-04-30,20.31472286,20.70347369,20.27485098,20.59382602,12400069,255286637.5,0.718800
2025-05-06,20.7333776,20.95267294,20.72340963,20.95267294,14814765,309368357.33,0.858800
2025-05-07,21.2317761,21.26168001,20.78321745,20.932737,15565692,327057190.58,0.902300
2025-05-08,21.00251279,21.40123159,20.94270497,21.2317761,15551769,330670889.32,0.901500
2025-05-09,21.28161595,23.35495371,21.0324167,23.17553025,57380967,1299979258.55,3.326200
2025-05-12,23.94306394,24.81027733,23.33501777,24.07264755,117275588,2830241117.85,6.798100
2025-05-13,23.81348033,23.94306394,23.37488965,23.85335221,69944062,1661323987.36,4.054400
2025-05-14,23.67392875,24.21219913,23.58421702,23.75367251,55111794,1317725700.61,3.194700
2025-05-15,23.63405687,23.69386469,22.91636303,22.96620288,49966892,1160136989.88,2.896400
2025-05-16,22.8266513,23.65399281,22.80671536,23.0260107,46894716,1089020765.15,2.718300
2025-05-19,23.1256904,23.64402484,23.0260107,23.04594664,48987595,1141886429.57,2.839700
2025-05-20,23.43469747,25.03954064,23.43469747,24.15239131,103478587,2512458822.3,5.998300
2025-05-21,24.17232725,26.56464005,24.17232725,26.56464005,127905049,3329746385.32,7.410300
2025-05-22,26.913519,27.50162923,25.7173626,25.8170423,187820729,5005061440.79,10.881600
2025-05-23,25.82701027,26.14598531,25.02957267,25.16912425,109323772,2794627683.17,6.333800
2025-05-26,24.89998906,25.29870786,24.66075778,24.87008515,66101050,1651462301.1,3.829600
2025-05-27,24.77040545,26.09614546,24.53117417,25.86688215,130417482,3319166485.88,7.555900
2025-05-28,25.37845162,25.39838756,24.8202453,24.83021327,73947567,1858069297.18,4.284200
2025-05-29,24.55111011,25.0196047,24.50127026,24.71059763,54352278,1349740788.77,3.149000
2025-05-30,24.69066169,24.99966876,24.38165462,24.41155853,47833465,1183850113.52,2.771300
2025-06-03,24.0228077,24.68069372,24.0228077,24.48133432,40270013,986038381.31,2.333100
2025-06-04,24.57104605,25.45819538,24.44146244,25.02957267,64152473,1613211575.98,3.716700
2025-06-05,25.03954064,25.13922034,24.74050154,24.90995703,39254474,979295743.7,2.274300
2025-06-06,24.94982891,25.90675403,24.87008515,25.17909222,71735792,1829061404.92,4.156100
2025-06-09,25.32861177,26.0164017,25.22893207,25.76720245,62516006,1612507791.2,3.621900
2025-06-10,25.87685012,26.33537674,25.1192844,25.22893207,80892764,2083989973.13,4.686600
2025-06-11,25.1192844,25.96656185,25.05947658,25.10931643,54754374,1396196978.47,3.172300
2025-06-12,25.00963673,25.29870786,24.73053357,25.10931643,42536097,1066026080.98,2.464400
2025-06-13,24.919925,25.06944455,24.55111011,24.63085387,35622742,884649242.22,2.063800
2025-06-16,24.56107808,24.89002109,24.54114214,24.86011718,24659687,612542880.66,1.428700
2025-06-17,24.87008515,25.23890004,24.75046951,25.0196047,35436645,887925592.16,2.053100
2025-06-18,24.919925,26.29550486,24.65078981,25.89678606,75425955,1930891095.78,4.369900
2025-06-19,25.90675403,27.16271825,25.79710636,26.4151205,99134225,2632096702.54,5.743400
2025-06-20,26.2157611,26.7141596,25.68745869,25.77717042,65683802,1725132213.18,3.805500
2025-06-23,25.5180032,27.910316,25.50803523,27.66111675,112246737,3058274862.13,6.503100
2025-06-24,27.39198156,30.43221241,27.2125581,30.43221241,171152757,4969612079.01,9.915900
2025-06-25,31.1000664,33.47244326,30.97048279,32.91423694,272398810,8852103156.5,15.781700
2025-06-26,32.95410882,34.37952853,32.18657513,32.28625483,256080752,8500685051.69,14.836300
2025-06-27,32.31615874,33.3926995,31.7978243,32.20651107,155534815,5065571577.95,9.011100
2025-06-30,32.23641498,33.17340416,31.72804851,32.35603062,142165388,4611624479.54,8.236500
2025-07-01,31.93737588,32.30619077,30.75118745,31.62836881,131362556,4133441326.5,7.610600
2025-07-02,31.62836881,31.68817663,30.91067497,31.02032264,61520898,1926502667.46,3.564300
2025-07-03,31.27948986,31.32932971,30.6016679,31.08013046,81065745,2522006280.1,4.696600
2025-07-04,30.77112339,31.05022655,30.04346158,30.54186008,79976787,2443933197.34,4.633500
2025-07-07,30.54186008,30.79105933,30.2029491,30.33253271,48207212,1473323245.5,2.792900
2025-07-08,30.22288504,30.45214835,30.08333346,30.23285301,62112566,1884716315.49,3.598600
2025-07-09,30.3026288,30.98045076,29.84410218,29.94378188,110371314,3365682295.76,6.394500
2025-07-10,29.69458263,30.19298113,29.57496699,29.81419827,59112259,1766144535.49,3.424700
2025-07-11,29.72448654,30.6016679,29.63477481,30.17304519,83309995,2527512238.46,4.822400
2025-07-14,30.18301316,30.53189211,29.8042303,29.97368579,50430293,1518902958.69,2.919200
2025-07-15,29.86403812,30.34250068,29.1064724,29.3058318,73714180,2186086540.75,4.266900
2025-07-16,29.29586383,29.56499902,29.11644037,29.32576774,36765770,1081032123.24,2.128200
2025-07-17,29.31579977,30.05342955,28.95695285,29.90391,68821284,2052132989.09,3.983700
2025-07-18,30.2029491,31.67820866,30.01355767,31.12000234,121120613,3764923841.08,7.011100
2025-07-21,31.1,31.49,30.48,31.19,77202609,2389457091.32,4.468900
2025-07-22,30.9,31.57,30.55,30.92,78570874,2441396740.51,4.548100
2025-07-23,30.68,30.69,30.0,30.03,70316955,2125665308.95,4.070300
2025-07-24,29.95,30.58,29.88,30.43,54362727,1649504938.99,3.146800
2025-07-25,30.48,31.25,30.48,30.57,61931645,1909560841.76,3.584900
2025-07-28,30.55,31.36,30.3,31.16,70216914,2177816229.02,4.064500
2025-07-29,30.91,31.27,30.45,30.81,54208891,1673065962.88,3.137900
2025-07-30,30.96,30.97,29.35,29.59,76165021,2284845786.12,4.408800
2025-07-31,29.45,30.12,29.05,29.23,47028380,1386674340.52,2.722200
2025-08-01,29.1,29.33,28.75,28.78,38640775,1119129477.98,2.236700
2025-08-04,28.54,29.14,28.4,29.09,32926624,949714212.19,1.906000
2025-08-05,29.18,29.46,29.02,29.15,29356681,856482955.59,1.699300
2025-08-06,29.3,29.3,28.98,29.25,27960363,815937651.1,1.618500
2025-08-07,29.1,29.22,28.74,29.06,33243784,963527403.64,1.924300
2025-08-08,29.16,29.58,29.01,29.07,31071674,906986191.23,1.798600
2025-08-11,29.32,29.89,29.2,29.85,55470376,1645729220.63,3.210900
2025-08-12,29.96,29.96,29.06,29.21,44742873,1311968737.6,2.589900
2025-08-13,29.3,30.5,29.3,30.14,71253007,2133266284.63,4.124500
2025-08-14,30.39,30.84,29.66,29.89,62070471,1879427947.2,3.592900
2025-08-15,29.7,30.59,29.67,30.46,51547256,1562701286.87,2.983800
2025-08-18,30.5,30.94,30.21,30.65,65450597,2002123229.28,3.788600
2025-08-19,30.64,33.5,30.4,32.43,124648432,3997271851.8,7.215300
2025-08-20,32.01,32.32,31.5,32.24,71355700,2278738207.29,4.130400
2025-08-21,32.25,32.38,31.1,31.24,61086817,1931860705.77,3.536000
2025-08-22,31.25,31.96,31.24,31.79,56091082,1778196323.19,3.246800
2025-08-25,31.91,32.62,31.75,32.14,74127602,2381818844.94,4.290900
2025-08-26,32.16,33.35,31.78,32.52,86022876,2802682381.26,4.979400
2025-08-27,32.33,33.55,32.18,32.37,90479564,2975668293.66,5.237400
2025-08-28,32.36,33.44,31.97,33.15,87394626,2868467255.32,5.058800
2025-08-29,33.17,36.47,33.01,36.47,86744851,3045143799.02,5.021200
2025-09-01,38.49,40.12,38.3,40.12,161297749,6338507772.11,9.336900
2025-09-02,41.3,42.47,39.58,40.2,265605881,10867738780.76,15.374800
2025-09-03,40.33,43.19,39.81,42.04,236488979,9907979839.64,13.689400
2025-09-04,42.0,44.5,39.71,40.6,252703299,10672197791.82,14.628000
2025-09-05,40.63,44.66,40.63,44.03,286119295,12410851256.72,16.562300
2025-09-08,44.0,46.24,41.99,44.62,287404599,12504217717.38,16.636700
2025-09-09,43.03,49.0,42.8,47.47,281443909,12979988932.53,16.291600
2025-09-10,46.0,47.6,45.23,46.76,210624857,9763487148.29,12.192200
2025-09-11,46.06,47.9,44.51,47.0,192919212,8905105656.69,11.167300
2025-09-12,47.51,49.83,46.7,47.22,212465622,10251246368.7,12.298800
2025-09-15,47.23,48.79,45.45,45.96,206041616,9699762761.54,11.926900
2025-09-16,45.46,46.6,45.2,46.4,148145024,6805672811.5,8.575500
2025-09-17,45.94,46.5,44.6,45.22,142621823,6492995686.06,8.255800
2025-09-18,45.15,46.41,43.9,44.5,163201951,7386127990.35,9.447100
2025-09-19,44.46,45.3,43.88,43.9,110719321,4919518359.27,6.409100
2025-09-22,43.99,44.92,43.63,44.57,77246062,3410385656.77,4.451400
2025-09-23,44.65,45.66,43.37,44.27,117538102,5228740320.39,6.773200
2025-09-24,43.88,45.48,43.3,45.05,134507903,5999261857.43,7.751100
2025-09-25,44.61,46.49,44.44,46.24,149554078,6826628721.39,8.618200
2025-09-26,45.5,46.66,44.0,44.01,103705007,4697049399.66,5.976100
2025-09-29,44.4,46.47,44.4,45.79,112960309,5144091647.13,6.509400
2025-09-30,45.8,47.68,45.38,46.68,120255175,5609101472.02,6.928100
2025-10-09,47.39,49.6,46.53,49.3,130985495,6331034312.12,7.546300
2025-10-10,49.06,49.06,44.37,44.39,144920745,6656013886.39,8.349100
2025-10-13,41.25,43.36,41.25,42.9,87275112,3711440675.11,5.028100
2025-10-14,44.25,44.39,40.69,40.98,84099988,3575182006.42,4.845100
2025-10-15,40.99,41.97,40.3,41.88,60113884,2470424093.45,3.463300
2025-10-16,41.8,43.33,41.18,42.07,56026970,2362829086.53,3.227800
2025-10-17,42.05,42.64,40.4,40.52,49850227,2049487141.97,2.871900
2025-10-20,41.27,43.2,40.98,42.03,59269241,2496572897.6,3.414600
2025-10-21,42.4,42.44,41.64,42.15,43632862,1834591842.91,2.513800
2025-10-22,42.14,42.15,41.16,41.57,31781482,1322458669.22,1.831000
2025-10-23,41.27,41.76,40.37,41.67,39325541,1614262392.02,2.265600
2025-10-24,41.9,42.42,41.71,42.2,47004762,1977248162.36,2.708000
2025-10-27,44.0,46.42,43.54,44.73,149486246,6761465395.45,8.611900
2025-10-28,44.0,44.77,43.01,44.1,88897338,3898040930.84,5.121400
2025-10-29,43.89,46.2,43.82,46.0,114593329,5214299716.7,6.601700
2025-10-30,46.08,47.32,45.62,45.81,131927169,6120154547.54,7.600300
2025-10-31,46.36,47.58,45.35,45.51,115443951,5362171725.72,6.650700
2025-11-03,44.6,44.6,42.12,43.83,105057691,4547230048.04,6.052400
2025-11-04,43.56,43.83,41.9,42.19,54847388,2337706412.14,3.159800
2025-11-05,41.31,43.88,41.24,43.27,64033337,2727123329.39,3.689000
2025-11-06,43.36,44.65,43.13,43.73,55534006,2435635181.29,3.199300
2025-11-07,43.76,45.07,43.23,44.29,72689189,3219626954.16,4.187600
2025-11-10,44.54,44.93,42.86,43.27,63888333,2801094592.87,3.680600
2025-11-11,43.42,44.37,42.6,42.66,53240089,2311983217.85,3.067200
2025-11-12,42.21,42.57,40.85,41.41,55910459,2318756032.46,3.221000
2025-11-13,41.39,44.1,41.3,43.4,90247975,3887772258.91,5.199200
2025-11-14,43.0,43.98,42.4,42.88,55341804,2386647613.14,3.188200
2025-11-17,42.5,43.63,42.09,43.0,44999830,1929630874.77,2.592400
2025-11-18,42.87,43.48,41.65,42.02,51496348,2177310215.83,2.966700
2025-11-19,41.7,42.56,40.49,40.9,49320899,2033057891.38,2.841400
2025-11-20,40.94,41.73,39.59,39.59,50568878,2052026364.6,2.913300
2025-11-21,39.1,39.45,37.77,37.77,64075808,2454392780.74,3.691400
2025-11-24,38.41,38.6,37.55,37.87,38375087,1455971705.1,2.210800
2025-11-25,38.03,38.57,37.81,38.25,38402199,1468941523.22,2.212300
2025-11-26,38.15,38.86,37.75,38.34,38145143,1461310024.48,2.197500
2025-11-27,38.41,39.55,38.41,38.5,47119795,1833385711.09,2.714600
2025-11-28,38.37,39.38,38.27,39.09,42087606,1641732855.41,2.424700
2025-12-01,39.33,39.55,38.91,39.28,34567597,1354664903.98,1.991400
2025-12-02,39.0,39.05,38.46,38.62,26256489,1015964785.91,1.512600
2025-12-03,38.67,38.95,37.9,38.0,24534277,938949882.02,1.413400
2025-12-04,37.9,38.29,37.51,38.13,21156307,803099955.78,1.218800
2025-12-05,38.29,38.58,37.86,38.54,24725748,947015922.77,1.424400
2025-12-08,38.56,39.57,38.56,39.31,37040545,1450662217.97,2.133900
2025-12-09,38.96,39.43,38.76,39.09,26082159,1018331398.26,1.502600
2025-12-10,39.08,39.22,38.38,39.0,25575649,992816877.09,1.473400
2025-12-11,39.14,39.8,38.49,38.5,35618383,1395747576.19,2.052000
2025-12-12,38.56,38.94,37.9,38.7,34836928,1338166313.15,2.007000
2025-12-15,38.63,38.87,37.88,38.03,25163019,961547276.5,1.449600
2025-12-16,37.93,38.02,36.87,37.1,29824813,1110953860.94,1.718200
2025-12-17,37.26,38.38,37.26,38.27,31822719,1204476513.47,1.833300
2025-12-18,37.98,38.35,37.51,37.58,23684569,896211787.01,1.364500
2025-12-19,37.73,38.25,37.65,38.0,26534186,1007516337.63,1.528600
2025-12-22,38.16,38.84,38.16,38.59,31334701,1209232200.2,1.805200
2025-12-23,38.61,39.98,38.6,39.32,56289706,2216115119.21,3.242800
2025-12-24,39.2,39.59,39.01,39.34,34439964,1352634244.47,1.984100
2025-12-25,39.29,39.67,38.82,39.39,29796862,1166939000.13,1.716600
2025-12-26,39.64,40.74,39.35,40.08,58036342,2327236347.75,3.343500
2025-12-29,40.31,40.31,39.12,39.48,39687310,1569196340.55,2.286400
2025-12-30,38.99,39.85,38.84,39.5,32032950,1261048443.73,1.845400
2025-12-31,39.65,39.85,39.0,39.11,26075402,1025327154.72,1.502200
2026-01-05,38.99,40.42,38.99,40.29,49111941,1959710253.83,2.829300
2026-01-06,40.5,41.4,40.38,40.91,53890506,2201143470.95,3.104600
2026-01-07,41.01,42.29,40.77,41.13,55269898,2288209435.34,3.184100
2026-01-08,40.71,41.51,40.28,40.67,41448375,1693364957.8,2.387800
2026-01-09,40.69,41.6,40.31,41.03,46095351,1892456484.0,2.655000
2026-01-12,40.75,40.75,39.38,40.08,74913979,2987545986.83,4.314800
2026-01-13,40.0,40.69,39.41,39.6,58543489,2332327641.35,3.371900
2026-01-14,39.5,41.18,39.31,40.0,74461976,3008124740.31,4.288800
2026-01-15,39.9,41.5,39.72,40.96,69808545,2864070687.88,4.020800
2026-01-16,41.41,41.95,41.06,41.34,61622659,2553016482.11,3.549300
2026-01-19,41.35,41.69,40.62,41.32,44874531,1850535435.73,2.584700
2026-01-20,41.29,41.5,39.51,39.97,62359121,2503575017.25,3.591700
2026-01-21,39.85,41.14,39.61,40.48,43135402,1750513082.15,2.484500
2026-01-22,40.49,41.47,39.7,39.83,46406091,1864181640.07,2.672900
2026-01-23,39.83,41.64,39.83,41.51,81802183,3352618732.56,4.711600
2026-01-26,42.0,42.1,40.16,40.36,58415965,2385108866.63,3.364600
2026-01-27,40.06,40.29,38.01,39.0,71579678,2773929582.39,4.122800
2026-01-28,39.0,39.09,38.07,38.46,44256893,1701250314.66,2.549100
2026-01-29,38.25,38.58,37.66,37.68,40179267,1523648000.41,2.314200
2026-01-30,37.55,38.1,36.9,37.98,41101221,1544636513.09,2.367300
2026-02-02,38.26,38.34,37.37,37.54,37750558,1425817127.81,2.174300
2026-02-03,37.8,37.96,37.17,37.96,32150089,1209721027.99,1.851800
2026-02-04,37.59,38.08,37.21,37.95,30950797,1163861226.23,1.782700
2026-02-05,37.61,37.8,37.05,37.14,25938629,966798118.9,1.494000
2026-02-06,36.38,37.44,35.65,36.7,40925386,1498045027.57,2.357200
2026-02-09,36.92,37.36,36.89,37.16,27145539,1007149766.36,1.563500
2026-02-10,37.1,37.36,36.82,36.84,21706170,802395432.46,1.250200
2026-02-11,36.84,37.93,36.7,37.39,38636242,1441561721.0,2.225300
2026-02-12,37.02,37.35,36.77,37.18,26385472,979099567.06,1.519700
2026-02-13,37.0,37.46,36.77,36.91,23252784,863641548.58,1.339300
2026-02-24,37.3,37.94,37.21,37.69,30848798,1160346428.79,1.776800
2026-02-25,37.69,38.53,37.62,38.42,41955116,1606184963.45,2.416500
2026-02-26,38.53,38.62,37.83,38.07,31381017,1191991183.06,1.807500
2026-02-27,37.73,38.0,37.66,37.9,22894951,866153470.36,1.318700
2026-03-02,37.01,37.65,36.73,37.2,36429511,1352160072.14,2.098200
2026-03-03,37.2,37.98,36.2,36.24,43811626,1622593307.97,2.523400
2026-03-04,35.9,36.63,35.74,35.91,28479404,1029060120.5,1.640300
2026-03-05,36.6,36.9,36.27,36.48,25661059,937756226.47,1.478000
2026-03-06,36.41,36.57,35.98,36.3,22256212,806438558.03,1.281900
2026-03-09,35.82,37.79,34.89,37.73,62937799,2306217460.46,3.625000
2026-03-10,37.8,38.59,37.72,38.06,43379547,1654632480.11,2.498500
2026-03-11,38.1,39.66,38.1,38.96,75628804,2951378942.79,4.356000
2026-03-12,38.72,39.02,38.37,38.98,43925386,1699108619.73,2.530000
2026-03-13,38.7,39.5,38.46,38.73,45862659,1791224878.1,2.641600
2026-03-16,38.6,39.2,37.91,38.84,37399207,1448011586.18,2.154100
2026-03-17,38.8,39.37,37.7,37.73,36306310,1397907601.54,2.091100
2026-03-18,37.91,38.07,36.37,37.01,36748534,1356428184.69,2.116600
2026-03-19,36.64,37.86,36.5,36.98,33509408,1243049909.15,1.930100
2026-03-20,37.51,38.88,37.31,37.7,67508176,2575535706.89,3.888300
2026-03-23,37.27,38.29,36.91,37.04,50785310,1906131496.11,2.925100
2026-03-24,37.39,37.64,34.98,37.14,49713686,1804413622.74,2.863400
2026-03-25,37.01,37.72,36.7,37.2,37196394,1383140950.53,2.142400
2026-03-26,37.12,38.11,36.53,36.92,41626462,1557037177.73,2.397600
2026-03-27,36.39,38.08,36.3,37.6,46976752,1754089600.51,2.705700
2026-03-30,37.53,38.03,36.31,37.0,39171887,1450650691.39,2.256200
2026-03-31,36.77,36.96,35.65,35.7,38545186,1394396674.59,2.220100
2026-04-01,36.32,36.44,35.45,35.92,28354671,1017160039.24,1.633200
2026-04-02,35.72,36.23,34.68,34.8,32920687,1162526330.71,1.896100
2026-04-03,34.73,35.08,33.45,33.46,30532767,1035473413.33,1.758600
2026-04-07,33.8,34.24,33.49,33.8,19946968,675712085.37,1.148900
2026-04-08,34.61,35.17,34.44,35.17,32275640,1122403029.01,1.859000
2026-04-09,34.92,35.58,34.58,35.28,25812235,906991996.58,1.486700
2026-04-10,35.7,38.81,35.68,38.81,104898811,4036248576.3,6.041900
2026-04-13,38.8,39.5,38.5,39.5,136987072,5358797923.2,7.890100
2026-04-14,39.29,39.99,38.92,39.92,89997406,3553898391.36,5.183600
2026-04-15,39.65,39.65,38.6,38.72,70114429,2740326556.51,4.038400
2026-04-16,39.14,39.96,38.61,39.78,82596263,3263227403.55,4.757300
2026-04-17,39.66,40.45,39.5,40.23,73450144,2937610661.49,4.230500
2026-04-20,40.24,40.34,39.39,39.94,57286876,2282864026.3,3.299600
2026-04-21,40.15,41.1,39.3,40.56,76561058,3089986398.37,4.409700
2026-04-22,40.36,41.49,40.1,40.5,69129809,2808602506.33,3.981700
2026-04-23,40.76,40.8,39.5,39.76,52631474,2099733720.94,3.031400
2026-04-24,39.51,40.23,39.12,39.88,55364607,2200194396.31,3.188900
2026-04-27,39.67,40.16,39.1,39.46,45494719,1794872882.78,2.620400
2026-04-28,39.45,39.58,38.67,39.04,40182034,1570099379.28,2.314400
2026-04-29,37.0,38.2,35.5,37.75,96621688,3566714687.73,5.565000
2026-04-30,37.5,37.96,36.69,36.74,56402831,2094164307.64,3.248600
2026-05-06,37.23,39.39,36.98,38.56,65577837,2492619418.62,3.777000
2026-05-07,38.76,38.97,37.73,38.15,45789968,1747155206.52,2.637300
2026-05-08,38.14,38.54,37.11,37.23,50976435,1920633630.09,2.936000
2026-05-11,37.35,37.93,37.02,37.28,45060555,1684286866.97,2.595300
2026-05-12,37.28,37.46,36.46,36.68,37789772,1387411002.66,2.176500
2026-05-13,36.66,38.38,36.24,37.39,56705103,2107308177.35,3.266000
2026-05-14,37.79,38.2,36.69,36.7,57978958,2167723634.37,3.339400
2026-05-15,36.7,37.11,35.8,36.13,48128097,1749540951.58,2.772000
2026-05-18,36.48,36.92,35.86,36.08,36915356,1341274304.03,2.126200
