date,open,high,low,close,volume,amount,turnover
2020-01-02,14.5080966,15.7040107,14.4120743,15.5294247,10233095,176734664.85,1.285600
2020-01-03,15.538154,16.4547305,15.538154,16.1753929,8744395,160645161.73,1.098600
2020-01-06,15.887326,16.7253388,15.800033,16.4721891,7165136,134464360.97,0.900100
2020-01-07,16.4634598,17.4149535,16.3063324,17.109428,9614993,187746055.87,1.207900
2020-01-08,16.9523006,17.2403675,16.4460012,16.672963,6907135,132686202.56,0.867700
2020-01-09,16.8388197,16.9697592,16.4809184,16.7340681,4912641,94168022.47,0.617200
2020-01-10,16.9697592,17.0919694,16.672963,16.8126318,4037533,78058597.72,0.507200
2020-01-13,16.8388197,17.3887656,16.7427974,16.9784885,4003225,77899392.09,0.502900
2020-01-14,16.9784885,17.3451191,16.8999248,17.0395936,3266568,63933346.84,0.410400
2020-01-15,17.0134057,17.8688771,16.9959471,17.2927433,4663580,93198944.33,0.585900
2020-01-16,17.4411414,17.5808102,16.411084,17.3014726,4713381,92628830.84,0.592100
2020-01-17,17.0745108,17.8426892,16.6991509,17.022135,4979363,97469767.41,0.625600
2020-01-20,17.3363898,18.1744026,17.022135,17.9299822,4824796,98451094.28,0.606100
2020-01-21,17.9474408,18.4886574,17.1006987,17.6942911,5959223,120743550.64,0.748700
2020-01-22,17.6681032,19.117167,17.3363898,18.8116415,4402361,92543525.33,0.553100
2020-01-23,18.6021383,19.20446,17.7903134,18.3664472,4363140,92039042.54,0.548100
2020-02-03,16.5332942,16.5332942,16.5332942,16.5332942,465200,8810888.0,0.058400
2020-02-04,15.0580425,17.9474408,15.0580425,17.5982688,9766345,179008537.19,1.226900
2020-02-05,17.196721,17.2665554,16.411084,16.4896477,8741554,168057230.57,1.098200
2020-02-06,16.2277687,17.109428,15.8436795,17.0483229,8424426,159824855.12,1.058400
2020-02-07,16.58567,17.0308643,16.498377,16.672963,4369643,83706725.02,0.549000
2020-02-10,16.672963,16.8650076,16.236498,16.7427974,4542617,86106216.43,0.570700
2020-02-11,16.760256,17.633186,16.5071063,17.3887656,6978201,138353291.86,0.876700
2020-02-12,17.371307,18.3228007,17.0483229,18.2005905,6482327,132122175.07,0.814400
2020-02-13,18.1918612,18.4013644,17.5720809,18.0434631,4070798,83580182.88,0.511400
2020-02-14,17.982358,18.2093198,17.7030204,18.1918612,2847134,58771944.24,0.357700
2020-02-17,18.2005905,18.593409,17.9998166,18.244237,5366283,111879879.66,0.674200
2020-02-18,18.1394854,18.3751765,17.4673293,18.3664472,8270810,169685259.13,1.039100
2020-02-19,18.156944,18.156944,17.633186,17.7728548,4983676,101875210.79,0.626100
2020-02-20,17.7641255,17.9387115,17.6069981,17.7903134,2933974,59726856.33,0.368600
2020-02-21,17.895065,17.982358,17.1530745,17.2752847,5564726,110765841.37,0.699100
2020-02-24,17.1181573,17.3538484,16.7253388,16.8562783,4737897,91938981.31,0.595200
2020-02-25,16.5245649,17.2752847,16.3325203,17.0657815,5414876,104464629.48,0.680300
2020-02-26,16.8213611,17.0134057,16.323791,16.3499789,6285597,119632504.44,0.789700
2020-02-27,16.7340681,17.2403675,16.4634598,17.0395936,6296994,122015263.97,0.791100
2020-02-28,16.58567,17.2752847,16.1404757,16.1404757,7745817,146456701.86,0.973100
2020-03-02,16.323791,17.1618038,16.323791,17.0483229,9837833,191554699.86,1.235900
2020-03-03,17.2229089,17.2316382,16.7253388,17.109428,6275743,121887863.97,0.788400
2020-03-04,16.9435713,17.0395936,16.5158356,16.9173834,4244338,81439609.69,0.533200
2020-03-05,16.8824662,18.156944,16.8824662,17.9387115,11101249,226758518.69,1.394600
2020-03-06,17.8863357,18.7418071,17.545893,17.9125236,14307152,296006479.5,1.797400
2020-03-09,18.2878835,19.6147371,18.156944,18.9862275,16217780,349897924.63,2.037400
2020-03-10,18.8378294,19.6933008,18.3402593,19.5099855,10443860,228795847.48,1.312100
2020-03-11,19.2655651,20.2868932,19.0211447,19.0997084,9268285,206473624.18,1.164400
2020-03-12,18.9513103,19.2306479,18.0521924,18.767995,6298609,135138533.92,0.791300
2020-03-13,17.5109758,19.1258963,17.5109758,18.593409,10062790,211808292.62,1.264200
2020-03-16,18.2529663,18.5584918,16.7340681,16.7340681,12220556,242611904.41,1.535300
2020-03-17,16.7427974,17.5808102,15.8349502,17.1792624,9142303,176307940.75,1.148500
2020-03-18,17.4236828,18.8640173,17.4236828,17.720479,8641153,181523856.51,1.085400
2020-03-19,17.9387115,18.156944,16.5158356,17.2141796,7964471,155984657.1,1.000600
2020-03-20,17.5284344,17.7815841,16.498377,17.0308643,4674525,91016211.87,0.587300
2020-03-23,16.672963,16.7515267,15.3461094,15.625447,8171439,147295471.05,1.026600
2020-03-24,15.887326,16.0357241,15.2151699,15.5992591,6060712,107508397.48,0.761400
2020-03-25,16.0008069,16.498377,15.4595903,16.4285426,7658456,139812973.92,0.962100
2020-03-26,16.1666636,17.0395936,15.9920776,16.5245649,5640786,107518282.17,0.708600
2020-03-27,16.7864439,17.8776064,16.5943993,17.284014,6821217,135326208.45,0.856900
2020-03-30,17.0657815,17.109428,15.9833483,16.3325203,6552178,122406231.48,0.823100
2020-03-31,16.4285426,16.6467751,15.7651158,16.2190394,5892068,108529514.99,0.740200
2020-04-01,15.8087623,17.0919694,15.7214693,16.8911955,5522040,105039027.94,0.693700
2020-04-02,16.8213611,17.4498707,16.5158356,17.3538484,3662795,71666119.77,0.460200
2020-04-03,17.3538484,18.156944,17.2141796,17.720479,6895858,139948855.62,0.866300
2020-04-07,17.7903134,18.2005905,17.4149535,17.6419153,8555965,173264569.59,1.074900
2020-04-08,17.5633516,17.5633516,17.0657815,17.4935172,4569253,90590941.23,0.574000
2020-04-09,17.5022465,18.855288,17.5022465,18.6370555,8178274,172793879.2,1.027400
2020-04-10,18.4711988,18.855288,18.4450109,18.6108676,4993941,106598377.98,0.627400
2020-04-13,18.4275523,18.680702,18.2616956,18.5846797,2640212,55934224.42,0.331700
2020-04-14,18.9862275,19.9813677,18.593409,19.1957307,5944365,131018178.71,0.746800
2020-04-15,19.1608135,19.5449027,18.9774982,19.2568358,4259008,93777827.28,0.535100
2020-04-16,19.2568358,20.2170588,19.117167,19.815511,5244477,118177761.6,0.658900
2020-04-17,19.902804,20.164683,19.5972785,19.990097,3526030,80207034.58,0.443000
2020-04-20,19.815511,20.2345174,19.5710906,20.0337435,3315771,75512570.07,0.416500
2020-04-21,20.164683,20.164683,19.4488804,19.815511,3784433,85418416.25,0.475400
2020-04-22,19.466339,19.9464505,19.20446,19.640925,5288140,118234490.8,0.664300
2020-04-23,19.728218,20.8193805,19.728218,20.0599314,7059021,164017144.36,0.886800
2020-04-24,20.1297658,20.7582754,19.902804,20.2781639,3990621,92930463.23,0.501300
2020-04-27,20.2868932,21.648664,20.164683,21.1510939,6793528,164089628.75,0.853500
2020-04-28,21.4828073,23.2635845,21.4828073,22.7398265,16199389,419016607.86,2.034800
2020-04-29,22.7922023,23.9706578,22.69618,23.4643584,12621917,339859456.75,1.585400
2020-04-30,23.4643584,23.9968457,22.7572851,23.2897724,7483868,199832860.84,0.940000
2020-05-06,22.7310972,25.140384,22.7049093,24.7999413,6861826,188458252.33,0.861900
2020-05-07,24.5031451,25.489556,24.1888903,24.8872343,5127442,145817207.21,0.644100
2020-05-08,25.2451356,26.3450274,24.9134222,26.1791707,5561173,164262004.68,0.698500
2020-05-11,26.5021548,26.6156357,24.9134222,25.3586165,6232838,182942741.47,0.782900
2020-05-12,25.2451356,26.100607,25.0967375,25.8299987,6424066,189887670.04,0.806900
2020-05-13,26.0307726,28.3614957,25.5157439,27.9424893,6098596,188802804.61,0.766000
2020-05-14,27.6806103,28.2392855,26.6505529,26.7291166,5646126,176098626.24,0.709200
2020-05-15,26.9822663,27.4711071,26.1879,27.322709,3558800,109638443.43,0.447000
2020-05-18,26.9124319,28.544811,25.9434796,27.6456931,4737531,147854296.28,0.595100
2020-05-19,27.5147536,28.108346,26.9211612,27.4187313,2816731,88154298.71,0.353800
2020-05-20,27.8901135,28.195639,26.7727631,26.8338682,4400600,138097754.52,0.552800
2020-05-21,27.0084542,27.846467,26.7203873,27.2004988,4904884,153221868.4,0.616100
2020-05-22,27.93376,27.9512186,26.7291166,26.7291166,2852258,88554973.51,0.358300
2020-05-25,27.148123,28.195639,26.2490051,27.584588,3220646,99958565.97,0.404500
2020-05-26,27.93376,28.9201709,27.410002,28.4226008,5655247,182456679.36,0.710400
2020-05-27,28.5535403,29.2256964,27.9424893,28.282932,5182517,169485931.63,0.651000
2020-05-28,28.5360817,29.6534321,28.021053,29.6534321,4277856,142020116.39,0.537300
2020-05-29,29.243155,30.989015,28.7019384,30.5350914,5869869,202444441.64,0.737300
2020-06-01,30.6311137,31.7571934,30.3343175,31.0588494,5725342,203209026.21,0.719200
2020-06-02,31.0588494,31.0588494,29.243155,30.2470245,5425454,186776359.04,0.681500
2020-06-03,29.8629353,30.203378,27.93376,28.80669,11558636,379472166.03,1.451900
2020-06-04,28.6059161,30.028792,27.9424893,29.3653652,7425890,245557373.73,0.932800
2020-06-05,29.29467144,29.9484126,28.90596048,29.63037636,3588325,119724024.12,0.450700
2020-06-08,29.9042409,30.17810544,29.0208069,29.03847558,3774433,126354827.27,0.474100
2020-06-09,29.25049974,29.8600692,28.98546954,29.44485522,4263562,142342378.69,0.535500
2020-06-10,29.12681898,29.8158975,29.00313822,29.58620466,2303381,76818122.85,0.289300
2020-06-11,29.7717258,30.00141864,28.5349182,28.92362916,4593403,151231850.54,0.577000
2020-06-12,28.3582314,28.69393632,28.0932012,28.30522536,4521314,144953861.58,0.567900
2020-06-15,28.43774046,29.48902692,28.10203554,28.27872234,4738424,153627685.23,0.595200
2020-06-16,28.45540914,30.19577412,28.4465748,29.84240052,7787337,262122969.92,0.978200
2020-06-17,30.19577412,31.60926852,29.27700276,31.32656964,7332793,254378638.07,0.921100
2020-06-18,31.25589492,31.8919674,29.79822882,31.86546438,6892846,241721083.99,0.865800
2020-06-19,31.5385938,32.22767232,31.43258172,31.43258172,3662053,131869387.74,0.460000
2020-06-22,31.82129268,32.56337724,30.92019,31.28239794,4260249,151547310.44,0.535100
2020-06-23,31.6269372,32.50153686,31.30006662,32.1128259,5105796,184812749.4,0.641300
2020-06-24,32.75773272,32.75773272,30.64632546,31.26472926,5643003,199706170.1,0.708800
2020-06-29,31.39724436,31.52092512,30.478473,31.32656964,4788880,168636754.09,0.601500
2020-06-30,31.83896136,32.74006404,31.60043418,32.22767232,3470978,126562267.39,0.436000
2020-07-01,32.9520882,32.9520882,31.55626248,31.91847042,2767102,100256933.24,0.347600
2020-07-02,32.27184402,32.91675084,31.03503642,31.2735636,4243298,152709368.31,0.533000
2020-07-03,31.1410485,31.4502504,30.478473,30.92019,6260983,219253899.56,0.786400
2020-07-06,30.8318466,31.17638586,29.82473184,30.05442468,8764546,298611593.39,1.100900
2020-07-07,30.04559034,31.11454548,29.63037636,30.82301226,8047119,278104157.68,1.010800
2020-07-08,30.79650924,31.60926852,30.19577412,31.59159984,6799322,239484707.84,0.854100
2020-07-09,31.50325644,33.4379769,30.93785868,32.38669044,6760689,246975883.91,0.849200
2020-07-10,32.36018742,32.8637448,31.7152806,32.5103712,4950277,180839185.11,0.621800
2020-07-13,32.5545429,33.95036862,32.54570856,33.64116672,6351856,240492153.44,0.797900
2020-07-14,33.24362142,37.00705026,33.00509424,37.00705026,11021963,447518102.76,1.384500
2020-07-15,38.85342732,40.70863872,37.8993186,40.70863872,10387608,468684493.21,1.304800
2020-07-16,40.69980438,40.69980438,36.82152912,37.09539366,10676953,471529440.47,1.341100
2020-07-17,37.86398124,40.62912966,37.84631256,38.62373448,8040025,354576999.6,1.009900
2020-07-20,39.76336434,40.4612772,37.545945,38.43821334,6087844,264841531.35,0.764700
2020-07-21,39.20680092,41.963115,37.36042386,41.48606064,4936450,222027826.11,0.620100
2020-07-22,41.521398,41.6980848,39.64851792,40.62029532,5421280,248572615.19,0.681000
2020-07-23,40.27575606,44.59574832,40.03722888,44.26887774,6190755,296709184.77,0.777600
2020-07-24,43.44728412,43.44728412,39.8428734,39.8428734,9929269,464408561.96,1.247200
2020-07-27,39.8428734,41.50372932,38.19085182,40.6821357,4657338,210887508.36,0.585000
2020-07-28,40.42593984,44.69292606,40.00189152,44.03035056,6288981,305190126.55,0.790000
2020-07-29,44.01268188,46.2035982,43.09391052,44.51623926,6730135,338516360.74,0.845400
2020-07-30,44.3483868,44.613417,43.3766094,44.3483868,3501656,173898368.43,0.439800
2020-07-31,43.5974679,45.496851,42.41366634,43.95967584,5143789,255412829.8,0.646100
2020-08-03,43.9508415,44.22470604,42.2723169,42.92605806,7448170,361775139.58,0.935600
2020-08-04,42.404832,43.48262148,41.8305999,42.12213312,5182594,248405481.79,0.651000
2020-08-05,42.21047652,42.90838938,41.6980848,42.57268446,4078564,195937973.23,0.512300
2020-08-06,42.404832,42.7140339,40.47011154,41.05317798,5900258,275530967.83,0.741100
2020-08-07,40.74397608,41.9189433,40.23158436,40.7704791,4122928,191244851.56,0.517900
2020-08-10,39.75453,40.77931344,39.06545148,39.5336715,7122988,320336327.14,0.894700
2020-08-11,40.2845904,40.8588225,38.54422542,39.1361262,6502522,290907168.31,0.816800
2020-08-12,39.1361262,39.33048168,36.220794,37.79330652,6728209,286273577.48,0.845100
2020-08-13,38.0760054,39.0036111,36.4858242,37.0158846,7057514,297578503.01,0.886500
2020-08-14,37.545945,38.34986994,36.80386044,37.66962576,5313815,225673259.15,0.667500
2020-08-17,37.97882766,38.1643488,37.12189668,37.37809254,6231836,264572765.08,0.782800
2020-08-18,37.36042386,40.13440662,37.24557744,39.19796658,7981994,353710530.54,1.002600
2020-08-19,39.20680092,40.2404187,37.97882766,38.429379,6796584,300230950.86,0.853700
2020-08-20,37.89048426,38.50888806,36.95404422,38.0760054,5501732,234697407.87,0.691100
2020-08-21,38.21735484,40.22275002,38.04066804,38.6944092,5566183,247487671.79,0.699200
2020-08-24,39.2244696,39.2244696,37.90815294,38.57072844,5048353,220591074.34,0.634100
2020-08-25,38.9594394,40.88532552,38.79158694,39.75453,6762491,306377821.75,0.849400
2020-08-26,39.75453,40.18741266,36.9717129,37.987662,7437929,321202965.99,0.934300
2020-08-27,38.6944092,39.6661866,34.9398147,36.63600798,14273395,588267673.63,1.792900
2020-08-28,37.545945,39.0919545,36.63600798,38.88876468,9847571,426591071.74,1.237000
2020-08-31,39.33048168,39.94005114,38.3410356,38.9152677,5354812,237328530.54,0.672600
2020-09-01,38.5177224,40.637964,38.5177224,39.9312168,7993943,359423471.39,1.004100
2020-09-02,39.9753885,40.30225908,37.79330652,39.0036111,7076977,308935857.11,0.888900
2020-09-03,38.97710808,40.00189152,38.0318337,38.14668012,4621566,202197840.55,0.580500
2020-09-04,37.61661972,38.0760054,36.4858242,37.82864388,5448279,230259822.08,0.684400
2020-09-07,37.987662,38.04950238,34.95748338,35.0281581,9814245,399336704.3,1.232800
2020-09-08,35.14300452,35.39920038,33.4379769,34.02987768,7516541,289454032.42,0.944200
2020-09-09,33.6588354,34.453926,32.53687422,33.75601314,6628209,251484772.86,0.832600
2020-09-10,33.8355222,34.9398147,33.0404316,33.11110632,4346854,167302780.38,0.546000
2020-09-11,33.11110632,33.9238656,32.96092254,33.8796939,3784186,143897765.38,0.475300
2020-09-14,33.76484748,34.6306128,33.3054618,34.24190184,5368788,206641857.12,0.674400
2020-09-15,34.25957052,35.5140468,34.1888958,35.33736,3928608,155798518.3,0.493500
2020-09-16,35.4257034,36.06177588,34.71012186,34.99282074,2940926,117613660.0,0.369400
2020-09-17,35.25785094,35.65539624,34.42742298,35.4698751,3714474,147737974.91,0.466600
2020-09-18,34.8514713,36.45048684,34.78963092,36.21195966,5369133,218004667.19,0.674400
2020-09-21,35.65539624,35.78791134,33.81785352,34.96631772,5540553,217595820.09,0.695900
2020-09-22,34.86030564,36.37981212,34.55110374,35.66423058,3914019,158139081.24,0.491600
2020-09-23,35.77024266,36.4416525,35.22251358,36.20312532,3459586,140639707.8,0.434600
2020-09-24,36.30030306,36.662511,35.6465619,36.15011928,3188211,130482259.41,0.400500
2020-09-25,36.72435138,37.0600563,35.5582185,36.9275412,3381146,139999934.83,0.424700
2020-09-28,37.12189668,37.48410462,36.42398382,36.98054724,3309412,138571648.62,0.415700
2020-09-29,36.8391978,37.46643594,35.9557638,36.3091374,3497193,144651349.06,0.439300
2020-09-30,36.3974808,37.51944198,36.05294154,36.5741676,3184713,132530715.74,0.400000
2020-10-09,37.08655932,38.62373448,35.59355586,38.24385786,5139746,216783735.03,0.645600
2020-10-12,38.43821334,39.02127978,36.95404422,37.44876726,6866541,292110322.86,0.862500
2020-10-13,37.27208046,37.545945,36.51232722,37.21907442,4402209,184101413.96,0.553000
2020-10-14,37.40459556,38.62373448,36.71551704,37.5901167,6133727,263159634.88,0.770500
2020-10-15,39.75453,41.35354554,38.871096,41.35354554,8266598,380099965.68,1.038400
2020-10-16,41.2563678,43.9950132,40.64679834,43.38544374,14484641,701484173.17,1.819400
2020-10-19,43.1999226,43.9508415,43.1557509,43.31476902,6310069,310530472.44,0.792600
2020-10-20,43.36777506,43.79182338,41.57440404,42.846549,7482277,361646631.47,0.939800
2020-10-21,43.29710034,44.02151622,42.60802182,43.25292864,5110125,250359804.82,0.641900
2020-10-22,43.0674075,43.58863356,40.8146508,42.46667238,5610606,266864393.51,0.704700
2020-10-23,42.47550672,42.846549,39.38348772,39.86937642,5913257,271894655.65,0.742800
2020-10-26,39.75453,41.9189433,39.1361262,41.50372932,4451509,204630104.69,0.559200
2020-10-27,41.50372932,43.4207811,40.9029942,41.58323838,8512198,404044168.67,1.069200
2020-10-28,42.46667238,42.50200974,41.09734968,41.3888829,5139312,241881099.06,0.645500
2020-10-29,41.079681,41.83943424,40.69980438,40.79698212,7729196,360348871.59,0.970900
2020-10-30,41.40655158,41.41538592,38.9152677,39.10078884,4925331,222321513.99,0.618700
2020-11-02,39.4011564,42.94372674,39.2244696,42.51967842,10013627,469963466.0,1.257800
2020-11-03,42.64335918,43.49145582,41.50372932,43.0674075,8326050,400527379.72,1.045800
2020-11-04,43.14691656,43.9950132,42.28115124,43.32360336,7438716,362736099.09,0.934400
2020-11-05,43.45611846,45.21415212,43.39427808,43.9066698,8743357,436139864.35,1.098300
2020-11-06,43.8183264,44.2600434,42.68753088,44.2600434,4883025,240871131.69,0.613400
2020-11-09,44.613417,45.21415212,42.846549,44.28654642,9175282,455856025.59,1.152500
2020-11-10,42.404832,42.404832,39.86054208,39.86054208,11493961,522212743.85,1.443800
2020-11-11,39.54250584,41.1680244,39.19796658,39.4453281,5555953,252213472.04,0.697900
2020-11-12,39.39232206,40.34643078,38.7827526,40.1079036,3809532,171119236.21,0.478500
2020-11-13,40.1079036,41.0355093,39.68385528,40.3729338,3204469,146438045.58,0.402500
2020-11-16,40.98250326,41.1238527,39.6661866,39.83403906,4475595,203490905.79,0.562200
2020-11-17,39.8428734,40.24925304,39.03011412,40.11673794,4296171,193374390.96,0.539600
2020-11-18,39.92238246,40.27575606,38.95060506,39.1361262,3899342,174166082.3,0.489800
2020-11-19,38.86226166,39.71919264,37.64312274,39.55134018,3644600,161528843.63,0.457800
2020-11-20,39.51600282,40.9029942,39.41882508,40.5496206,4505631,206529591.11,0.566000
2020-11-23,40.54078626,41.33587686,39.58667754,40.80581646,3573529,165244498.37,0.448900
2020-11-24,40.5937923,40.80581646,37.104228,38.15551446,8148344,354832437.34,1.023500
2020-11-25,39.0477828,39.0477828,37.35158952,38.06717106,4762587,205002674.75,0.598200
2020-11-26,37.6342884,38.32336692,35.96459814,36.4416525,6667834,276429291.4,0.837500
2020-11-27,36.14128494,36.662511,35.5582185,36.55649892,4765489,193893692.44,0.598600
2020-11-30,35.9999355,37.2367431,34.61294412,37.2367431,8229166,338133369.12,1.033700
2020-12-01,36.7508544,36.81269478,35.4257034,36.15895362,7349106,299723682.64,0.923100
2020-12-02,36.11478192,36.30030306,35.1606732,35.28435396,5580698,224814270.48,0.701000
2020-12-03,35.27551962,35.66423058,34.895643,35.2931883,4145551,165680247.35,0.520700
2020-12-04,35.25785094,36.72435138,34.9839864,36.51232722,5120976,210202427.87,0.643200
2020-12-07,36.7508544,37.24557744,36.3974808,37.0158846,4175017,174646931.69,0.524400
2020-12-08,37.4576016,37.5901167,36.5741676,37.08655932,3003049,126205124.41,0.377200
2020-12-09,37.17490272,38.68557486,37.04238762,38.2526922,6086409,262005154.01,0.764500
2020-12-10,37.92582162,37.987662,36.47698986,37.7226318,4582481,194195977.41,0.575600
2020-12-11,38.0760054,38.6060658,37.59895104,38.00533068,3980836,171568663.32,0.500000
2020-12-14,38.0760054,38.89759902,36.7950261,37.3692582,4732024,200664503.71,0.594400
2020-12-15,37.545945,38.52655674,37.38692688,37.545945,4625241,198533481.41,0.581000
2020-12-16,38.02299936,38.31453258,36.87453516,37.08655932,3465661,146845495.07,0.435300
2020-12-17,37.0600563,39.51600282,36.85686648,39.27747564,8071025,351699559.77,1.013800
2020-12-18,39.2244696,39.34815036,38.22618918,38.3410356,4557853,198724869.18,0.572500
2020-12-21,38.26152654,40.88532552,37.97882766,40.58495796,6355755,286663176.23,0.798300
2020-12-22,40.39060248,40.67330136,37.987662,38.41171032,6010299,266273204.59,0.755000
2020-12-23,38.41171032,38.71207788,37.56361368,37.8109752,4069447,174918337.88,0.511200
2020-12-24,37.70496312,37.83747822,36.3974808,36.77735742,3580671,149261988.46,0.449800
2020-12-25,36.62717364,36.99821592,35.22251358,35.98226682,4427074,180104642.11,0.556100
2020-12-28,36.46815552,37.545945,35.779077,36.4858242,4970241,206479326.67,0.624300
2020-12-29,37.08655932,37.3692582,35.97343248,37.07772498,4019355,167002140.49,0.504900
2020-12-30,36.69784836,37.987662,36.0441072,37.3692582,4059640,171017891.37,0.509900
2020-12-31,37.74913482,37.7668035,36.3974808,37.3250865,4255626,178703264.02,0.534500
2021-01-04,37.35158952,39.56900886,36.98938158,38.63256882,5929361,258694763.05,0.744800
2021-01-05,38.71207788,38.71207788,36.51232722,37.104228,9394954,393407400.42,1.180100
2021-01-06,37.43993292,38.23502352,36.22962834,36.9717129,7106697,297785480.85,0.892700
2021-01-07,36.75968874,37.06889064,35.43453774,35.9557638,6003422,245872511.95,0.754100
2021-01-08,36.05294154,38.22618918,35.93809512,37.42226424,7291205,308141084.31,0.915800
2021-01-11,37.02471894,38.76508392,36.07061022,38.39404164,10068541,431288503.26,1.264700
2021-01-12,38.12901144,41.6097414,37.3692582,40.64679834,9832265,447033733.2,1.235000
2021-01-13,41.1680244,42.51967842,40.20508134,41.41538592,9377515,439173654.89,1.177900
2021-01-14,41.521398,43.18225392,40.7704791,42.13096746,9996160,473884972.35,1.255600
2021-01-15,41.521398,42.52851276,40.7263074,41.8305999,6101218,287881723.24,0.766400
2021-01-18,41.521398,45.496851,39.95771982,44.85194418,9784494,479335833.19,1.229000
2021-01-19,44.7017604,46.6453152,43.73881734,44.50740492,11368798,579204299.18,1.428000
2021-01-20,43.71231432,48.7213851,43.34127204,48.7213851,7956817,418901708.28,0.999500
2021-01-21,48.21782772,50.65610556,47.42273712,50.4882531,7153818,399862385.75,0.898600
2021-01-22,50.0023644,51.1950003,49.2956172,50.86812972,5772292,329084049.67,0.725100
2021-01-25,49.3839606,49.46346966,45.90323064,47.73193902,14244340,768463855.07,1.789200
2021-01-26,47.91746016,48.58003566,46.23010122,47.76727638,10259965,546542516.28,1.288800
2021-01-27,46.5569718,47.22838164,44.613417,44.95795626,7218857,372944167.97,0.906800
2021-01-28,44.6575887,45.496851,44.11869396,44.2600434,4440907,224867223.71,0.557800
2021-01-29,44.71059474,45.59402874,42.41366634,43.6416396,6840426,343613958.15,0.859200
2021-02-01,43.80065772,45.3643359,43.30593468,44.93145324,7069968,356348730.62,0.888100
2021-02-02,44.57807964,46.00040838,43.7741547,45.07280268,5044598,257157552.79,0.633700
2021-02-03,45.22298646,46.380285,44.86077852,45.4085076,4283443,220538000.41,0.538000
2021-02-04,44.8784472,45.6735378,43.73881734,44.68409172,3820127,192627514.58,0.479800
2021-02-05,44.26887774,45.4526793,43.6416396,44.22470604,3662090,184519798.51,0.460000
2021-02-08,44.18053434,44.613417,42.28115124,44.55157662,5183424,255698832.46,0.651100
2021-02-09,44.5250736,46.57464048,44.5250736,45.51451968,4819938,249174479.05,0.605400
2021-02-10,46.31844462,46.37145066,43.40311242,44.1717,6090770,304787531.69,0.765100
2021-02-18,44.94912192,45.3201642,40.7704791,40.9913376,9109974,433593332.06,1.144300
2021-02-19,40.80581646,42.6256905,40.4612772,42.36949464,4899441,231030876.46,0.615400
2021-02-22,42.2723169,42.2723169,39.75453,41.32704252,8496818,394990377.38,1.067300
2021-02-23,40.637964,41.963115,40.24925304,41.6539131,3796179,177378402.53,0.476800
2021-02-24,41.70691914,42.3164886,40.04606322,40.45244286,3589010,165565560.49,0.450800
2021-02-25,40.64679834,40.9913376,39.5778432,39.95771982,3052259,138569498.72,0.383400
2021-02-26,39.312813,39.70152396,38.6944092,39.25980696,4827784,213885994.77,0.606400
2021-03-01,39.27747564,39.91354812,38.1643488,39.19796658,4896886,215482143.28,0.615100
2021-03-02,39.78986736,40.4171055,38.59723146,39.18913224,5044647,224572693.48,0.633700
2021-03-03,39.18913224,40.24925304,38.96827374,39.6220149,4707692,212303054.08,0.591300
2021-03-04,39.69268962,39.69268962,37.5017733,38.1643488,3141828,136146563.37,0.394600
2021-03-05,37.57244802,38.871096,37.104228,38.8269243,3202464,138374634.76,0.402300
2021-03-08,39.64851792,39.74569566,36.7066827,37.09539366,4635942,200078987.49,0.582300
2021-03-09,36.36214344,37.0600563,35.6023902,35.94692946,4518700,185627108.13,0.567600
2021-03-10,36.34447476,37.43993292,36.20312532,36.31797174,3848126,159975307.36,0.483400
2021-03-11,36.68017968,36.83036346,35.14300452,35.77024266,7285111,293556430.66,0.915100
2021-03-12,35.75257398,36.33564042,34.86030564,35.74373964,3887428,156369188.3,0.488300
2021-03-15,35.50521246,35.53171548,33.570492,34.19773014,4357810,169733471.44,0.547400
2021-03-16,34.19773014,35.15183886,34.19773014,34.55110374,4113431,161514451.92,0.516700
2021-03-17,34.83380262,35.01932376,33.95036862,34.55993808,2991142,116729936.35,0.375700
2021-03-18,34.53343506,34.88680866,33.73834446,34.22423316,3898396,150870935.22,0.489700
2021-03-19,33.90619692,34.26840486,32.41319346,32.89908216,5642443,211030928.3,0.708700
2021-03-22,32.9520882,33.9680373,32.51920554,32.8195731,4874549,182420929.77,0.612300
2021-03-23,32.94325386,33.01392858,31.803624,32.245341,4064009,148122347.03,0.510500
2021-03-24,31.8919674,32.36018742,31.361907,31.56509682,3543116,127158991.76,0.445100
2021-03-25,31.55626248,32.10399156,31.11454548,31.4060787,3675355,131313594.54,0.461700
2021-03-26,31.4060787,31.9803108,31.12337982,31.7594523,3791933,135972483.16,0.476300
2021-03-29,32.3336844,32.41319346,31.33540398,31.77712098,2991507,107342111.63,0.375800
2021-03-30,31.63577154,32.9962599,31.0085334,32.5103712,9188379,331340705.33,1.154200
2021-03-31,32.65172064,32.94325386,30.7876749,30.92019,8267402,294182517.47,1.038500
2021-04-01,30.036756,32.58104592,30.036756,32.52803988,7480280,266495922.5,0.939600
2021-04-02,32.2895127,33.34079916,31.7152806,32.5987146,5179554,191423649.19,0.650600
2021-04-06,32.69589234,33.27012444,32.4220278,32.85491046,4284547,159543568.58,0.538200
2021-04-07,32.8637448,33.1729467,31.41491304,31.803624,4117938,148610304.98,0.517300
2021-04-08,31.7152806,32.09515722,30.99969906,31.83012702,3048414,108995339.94,0.382900
2021-04-09,31.78595532,32.23650666,31.2735636,31.57393116,2104269,75298899.66,0.264300
2021-04-12,31.6269372,32.0686542,30.59331942,30.76117188,2654749,93495196.8,0.333500
2021-04-13,30.7435032,31.0085334,30.23994582,30.70816584,2948343,102494292.7,0.370300
2021-04-14,30.70816584,31.13221416,29.97491562,30.036756,5300388,182511351.8,0.665800
2021-04-15,30.53147904,30.53147904,29.153322,29.93957826,3394117,114707550.21,0.426300
2021-04-16,30.0809277,30.45196998,29.6833824,29.84240052,3247551,110336796.83,0.407900
2021-04-19,29.69221674,31.32656964,29.63037636,30.99969906,3576215,124636376.25,0.449200
2021-04-20,31.07920812,31.66227456,30.76117188,31.16755152,3066232,108419162.97,0.385100
2021-04-21,30.84951528,31.25589492,30.59331942,31.01736774,1914321,67026370.19,0.240500
2021-04-22,31.02620208,31.4944221,30.3459579,31.08804246,3196170,111875809.98,0.401500
2021-04-23,31.08804246,32.29834704,30.92902434,32.01564816,4399558,158400873.87,0.552600
2021-04-26,32.16583194,32.65172064,30.5226447,30.70816584,4891979,172990670.36,0.614500
2021-04-27,30.77000622,31.21172322,30.3901296,30.46963866,3938139,136961314.9,0.494700
2021-04-28,32.687058,33.51748596,32.3336844,33.51748596,12941407,488361019.89,1.625600
2021-04-29,33.56165766,35.19601056,31.28239794,34.453926,21595806,804446571.28,2.712600
2021-04-30,33.128775,34.012209,32.69589234,33.07576896,10195081,383986043.58,1.280600
2021-05-06,33.41147388,33.42030822,31.54742814,31.8919674,7310395,266328256.2,0.918300
2021-05-07,31.7594523,31.76828664,28.86178878,28.99430388,13287410,448906147.57,1.669000
2021-05-10,28.34056272,29.5066956,26.5913634,29.13565332,9080033,293011113.44,1.140500
2021-05-11,28.60559292,28.87945746,26.51185434,27.0330804,8681302,266751489.07,1.090500
2021-05-12,26.70620982,27.57197514,25.71676374,27.05074908,8394488,253888823.19,1.054400
2021-05-13,26.83872492,28.85295444,26.3263332,28.43774046,7542220,236688351.43,0.947400
2021-05-14,28.26105366,28.96780086,28.0932012,28.711605,4634043,149962986.19,0.582100
2021-05-17,28.711605,29.51552994,28.39356876,29.39184918,5566228,182176051.2,0.699200
2021-05-18,29.38301484,29.8158975,28.72043934,29.39184918,2463955,81991394.0,0.309500
2021-05-19,29.82473184,29.85123486,28.14620724,28.26105366,3600771,116220386.25,0.452300
2021-05-20,28.73810802,30.59331942,28.5790899,30.37246092,6607076,223880758.55,0.829900
2021-05-21,30.55798206,30.77884056,29.35651182,29.78056014,4029370,136307976.77,0.506100
2021-05-24,29.34767748,30.97319604,29.23283106,30.68166282,4708645,162160436.63,0.591500
2021-05-25,30.75233754,30.75233754,29.52436428,30.18693978,5801956,196742301.25,0.728800
2021-05-26,30.06325902,30.10743072,28.58792424,28.92362916,7368134,242553556.72,0.925500
2021-05-27,28.60559292,29.36534616,28.49958084,29.14448766,6174639,201583798.84,0.775600
2021-05-28,28.8882918,29.04730992,27.9165144,28.69393632,9456353,304120033.53,1.187800
2021-05-31,28.4024031,28.9766352,28.0490295,28.1815446,7982955,256755186.82,1.002700
2021-06-01,28.3582314,28.5349182,27.10375512,27.35111664,11098027,344720252.76,1.394000
2021-06-02,27.37761966,27.42179136,26.89173096,26.92706832,7242491,222148022.0,0.909700
2021-06-03,27.08608644,27.24510456,26.6355351,26.9889087,3960965,121302386.12,0.497500
2021-06-04,26.83872492,27.66031854,26.70620982,27.32461362,5701490,176279542.0,0.716200
2021-06-07,27.2981106,27.2981106,26.2821615,26.40584226,7296946,219364826.59,0.916600
2021-06-08,26.40584226,27.89884572,26.22915546,27.39528834,9477745,293477764.42,1.190500
2021-06-09,27.40412268,27.66031854,26.2379898,26.26449282,8221494,246909555.59,1.032700
2021-06-10,26.3263332,26.87406228,26.061303,26.8563936,8060432,241382735.51,1.012500
2021-06-11,26.8122219,26.8122219,26.22915546,26.34400188,3920772,117296295.29,0.492500
2021-06-15,26.39700792,26.47651698,25.0011822,25.8404445,6201620,180174954.53,0.779000
2021-06-16,25.85811318,25.91995356,25.0453539,25.07185692,3246053,93015632.55,0.407700
2021-06-17,25.1801685,26.2451362,24.8913637,25.24334455,5495447,155922421.67,0.690300
2021-06-18,25.24334455,25.3606715,24.3498547,25.2162691,6780452,186494134.22,0.851700
2021-06-21,25.06284155,25.7036272,24.9996655,25.5411745,3705919,104348911.41,0.465500
2021-06-22,25.64045115,26.353438,25.2884703,25.7397278,4831761,138569073.34,0.606900
2021-06-23,25.85705475,26.3353877,25.36969665,26.2812368,4251180,121705872.92,0.534000
2021-06-24,26.4617398,26.4797901,25.09894215,25.1982188,5557087,157058061.91,0.698000
2021-06-25,25.3426212,25.35164635,24.728911,24.86428825,6411576,176884475.53,0.805400
2021-06-28,24.8552631,24.8552631,23.65491815,24.23252775,11663892,310813784.95,1.465100
2021-06-29,24.2235026,24.4581565,23.6639433,23.7361445,9551320,253974694.01,1.199700
2021-06-30,23.72711935,24.16032655,23.2126858,23.69101875,7932721,207744699.76,0.996400
2021-07-01,23.6639433,23.7361445,22.71630255,22.95095645,6950850,177464702.71,0.873100
2021-07-02,22.95095645,23.07730855,22.42749775,22.6892271,7454139,187283102.9,0.934900
2021-07-05,23.1224343,23.14950975,22.2560199,22.743378,7603439,191280915.41,0.953600
2021-07-06,22.7794786,23.45636485,22.60800075,22.8155792,7358037,187331410.65,0.922800
2021-07-07,22.7975289,23.40221395,22.30114565,22.4184726,10368770,261661498.27,1.300400
2021-07-08,22.3462714,22.82460435,22.1116175,22.64410135,6742123,168556583.36,0.845600
2021-07-09,22.64410135,22.7794786,21.38058035,21.56108335,14009084,337317887.87,1.757000
2021-07-12,21.52498275,22.06649175,21.3535049,21.5701085,15369888,369699009.89,1.868400
2021-07-13,21.7686618,22.42749775,21.34447975,22.2379696,14117759,343237721.09,1.716200
2021-07-14,22.40944745,22.71630255,21.59718395,22.201869,10349199,254373781.46,1.258100
2021-07-15,22.0033157,22.1116175,21.3354546,21.5881588,8404373,201283339.21,1.021700
2021-07-16,21.56108335,21.6423097,20.85712165,20.8661468,8081148,189294567.83,0.982400
2021-07-19,20.757845,20.89322225,20.3065875,20.7217444,7963015,181298832.89,0.968000
2021-07-20,20.71271925,21.16397675,20.5953923,20.757845,5863895,135400290.33,0.712800
2021-07-21,20.74881985,20.98347375,20.55026655,20.62246775,4342161,99631830.08,0.527900
2021-07-22,20.62246775,20.80297075,20.2524366,20.3246378,5476126,123911020.11,0.665700
2021-07-23,20.33366295,20.33366295,19.5484749,19.674827,7935298,174381707.43,0.964700
2021-07-26,19.674827,19.7289779,18.97989045,19.1874689,7063293,151019429.81,0.858700
2021-07-27,19.25064495,19.44919825,18.60083415,18.6279096,5941155,125146135.79,0.722200
2021-07-28,18.6279096,18.772312,17.869797,18.0864006,8626839,172972569.12,1.048700
2021-07-29,18.25787845,18.7001108,18.1044509,18.591809,7412730,151760106.15,0.901100
2021-07-30,18.61888445,18.97989045,18.34812995,18.85353835,5838031,121236190.02,0.709700
2021-08-02,18.34812995,19.2957707,17.87882215,19.08819225,11668346,241717302.64,1.418500
2021-08-03,19.2777204,19.8011791,18.97989045,19.25064495,11050217,236124423.38,1.343300
2021-08-04,19.133318,19.2777204,18.61888445,18.74523655,8658301,180928259.28,1.052500
2021-08-05,18.74523655,18.8445132,18.34812995,18.411306,5916734,121668553.53,0.719300
2021-08-06,18.42033115,18.4835072,17.9780988,18.02322455,5316283,106836259.0,0.646300
2021-08-09,18.0503,19.82825455,18.0503,19.82825455,13087151,280851551.69,1.590900
2021-08-10,20.26146175,20.6314929,19.5845755,20.15315995,21658748,482862771.77,2.632900
2021-08-11,20.1621851,20.47806535,19.37699705,19.43114795,12491284,272937041.77,1.518500
2021-08-12,19.4762737,19.73800305,19.0430665,19.0791671,8369977,178495879.98,1.017500
2021-08-13,18.96184015,19.41309765,18.78133715,19.25064495,9818869,208136086.09,1.193600
2021-08-16,19.32284615,19.97265695,19.08819225,19.6206761,11104601,241315058.43,1.349900
2021-08-17,19.6026258,19.66580185,18.230803,18.3030042,11496217,239947928.82,1.397500
2021-08-18,18.2849539,20.13510965,18.0322497,20.13510965,15707620,335176668.91,1.909500
2021-08-19,20.18926055,20.9924989,20.11705935,20.8119959,30248339,691468511.6,3.677100
2021-08-20,20.4870905,21.3896055,20.2343863,21.2091025,20257126,470493442.34,2.462600
2021-08-23,21.25422825,21.4257061,20.6314929,21.1369013,13079671,304608112.23,1.590000
2021-08-24,20.82102105,20.9202977,20.1621851,20.4870905,11285100,256135377.33,1.371900
2021-08-25,20.38781385,21.39863065,20.13510965,21.1910522,13498500,314851195.05,1.640900
2021-08-26,21.1549516,21.1549516,20.3065875,20.67661865,8839599,202796259.98,1.074600
2021-08-27,20.938348,20.938348,19.21454435,19.4401731,17986880,396105439.82,2.186600
2021-08-30,19.4401731,19.90045575,18.3030042,18.88963895,17250901,362396005.38,2.097100
2021-08-31,18.772312,19.0430665,18.4835072,18.6640102,7946219,164429954.22,0.966000
2021-09-01,18.8264629,19.313821,18.411306,19.19649405,10661786,223104721.47,1.296100
2021-09-02,19.133318,19.28674555,18.60083415,18.7001108,8189698,170696288.62,0.995600
2021-09-03,18.5557084,19.6206761,18.4835072,19.313821,8812778,186445992.78,1.071300
2021-09-06,19.3318713,20.6495432,19.0430665,20.38781385,12464767,274716473.91,1.515300
2021-09-07,20.31561265,20.55026655,20.04485815,20.396839,8190915,184483543.69,0.995700
2021-09-08,20.3065875,20.6314929,20.13510965,20.15315995,5801480,130541492.03,0.705300
2021-09-09,20.1260845,20.56831685,19.6387264,20.1982857,8091358,180264544.66,0.983600
2021-09-10,20.20731085,20.4509899,19.7650785,19.82825455,9900583,219697636.3,1.203600
2021-09-13,19.7470282,19.8372797,19.133318,19.1874689,8375731,180058742.22,1.018200
2021-09-14,19.2235695,19.3679719,18.9708653,19.08819225,4604322,97773667.64,0.559700
2021-09-15,19.08819225,19.4221228,18.78133715,18.81743775,6774037,143107040.31,0.823500
2021-09-16,18.78133715,18.952815,18.20372755,18.20372755,8659648,177505642.22,1.052700
2021-09-17,18.20372755,18.36618025,16.8409299,17.7073443,14585392,282340722.99,1.773100
2021-09-22,17.17486045,17.4546401,16.5882257,16.59725085,12116710,226702360.45,1.473000
2021-09-23,16.6243263,16.77775385,16.4979742,16.6784772,5328128,98346948.6,0.647700
2021-09-24,16.6784772,16.7687287,16.3535718,16.4077227,6626942,121261957.1,0.805600
2021-09-27,16.4077227,16.8409299,16.2813706,16.48894905,6801258,124863518.01,0.826800
2021-09-28,16.425773,16.59725085,16.00159095,16.0286664,7841859,140700150.43,0.953300
2021-09-29,15.9745155,15.9745155,15.6676604,15.6857107,6239637,109194573.72,0.758500
2021-09-30,15.7579119,16.65140175,15.7579119,16.57920055,8985364,163237914.58,1.092300
2021-10-08,16.5882257,17.0033826,16.43479815,16.8589802,7483483,139011482.52,0.909700
2021-10-11,16.8589802,17.508791,16.4799239,16.5701754,9197954,172107699.19,1.118200
2021-10-12,16.5521251,17.12070955,16.4077227,16.967282,8901307,166253908.45,1.082100
2021-10-13,16.83190475,18.6640102,16.83190475,18.6640102,16558519,328217999.16,2.012900
2021-10-14,18.47448205,18.92573955,18.230803,18.591809,11744797,242840180.91,1.427800
2021-10-15,18.6459599,19.03404135,18.22177785,18.34812995,10212779,209312466.38,1.241500
2021-10-18,18.45643175,18.49253235,17.8878473,18.1405515,7151688,143354916.36,0.869400
2021-10-19,18.13152635,18.591809,17.9600485,18.42033115,5695140,115865284.07,0.692300
2021-10-20,18.33007965,18.5015575,18.0864006,18.23982815,4612381,93219960.22,0.560700
2021-10-21,18.3210545,19.14234315,18.11347605,18.78133715,11173910,229891992.1,1.358400
2021-10-22,18.42033115,20.3246378,18.3210545,19.55750005,22269020,470886586.75,2.707100
2021-10-25,19.21454435,19.57555035,18.81743775,19.2235695,11748331,248949344.38,1.428200
2021-10-26,19.1513683,19.28674555,18.4654569,18.5196078,8225551,171830842.25,0.999900
2021-10-27,18.20372755,18.7903623,17.9419982,18.61888445,8807047,179006041.4,1.070200
2021-10-28,18.5015575,20.47806535,18.411306,20.47806535,39835570,887260293.65,4.840500
2021-10-29,19.9455815,20.49611565,19.674827,20.24341145,26296117,584671900.76,3.195300
2021-11-01,20.4870905,21.16397675,19.8192294,20.92932285,19577986,449553718.08,2.378900
2021-11-02,20.7397947,22.17479355,20.58636715,22.04844145,22524825,538810293.18,2.737000
2021-11-03,22.04844145,22.1116175,21.30837915,21.6784103,12713527,305675511.19,1.544800
2021-11-04,21.68743545,23.5556415,21.43473125,23.33001275,18803985,476172241.32,2.284900
2021-11-05,23.0682834,24.909414,22.923881,23.645893,17100297,450551399.76,2.077900
2021-11-08,23.284887,23.9166475,22.87875525,23.13145945,11419302,295256027.24,1.387600
2021-11-09,23.0141325,23.13145945,22.3282211,22.9058307,8885263,224285270.41,1.079700
2021-11-10,22.69825225,22.86070495,22.01234085,22.4906738,7323220,181470355.44,0.889900
2021-11-11,22.562875,23.284887,22.24699475,22.8697301,9530494,240097416.47,1.158100
2021-11-12,22.6531265,22.8697301,21.7506115,22.2199193,10187208,249386363.36,1.237900
2021-11-15,22.0394163,23.4112391,21.9491648,23.0682834,12872445,326442837.04,1.564100
2021-11-16,23.0863337,25.27042,23.0682834,23.88957205,19476335,526838559.98,2.366600
2021-11-17,24.07007505,24.4581565,23.5195409,23.5917421,10473642,278226205.2,1.272700
2021-11-18,23.60076725,23.69101875,22.1116175,22.28309535,12234120,306044849.65,1.486600
2021-11-19,22.562875,23.1585349,22.1838187,22.6170259,8469269,213294707.68,1.029100
2021-11-22,22.4004223,22.8155792,22.2740702,22.6892271,5804977,145223755.37,0.705400
2021-11-23,22.5448247,22.58995045,21.39863065,21.68743545,13070631,316280372.06,1.588200
2021-11-24,21.7867121,22.1116175,21.2091025,21.479857,10247105,245244144.63,1.245100
2021-11-25,21.52498275,21.7867121,21.4076558,21.59718395,5445831,130465356.73,0.661700
2021-11-26,21.6062091,21.7686618,21.3354546,21.43473125,4130766,98510410.48,0.501900
2021-11-29,20.96542345,22.39139715,20.96542345,22.13869295,9718730,235640812.4,1.180900
2021-11-30,22.13869295,22.3101708,21.4618067,21.5340079,9772203,235038184.83,1.187400
2021-12-01,21.56108335,21.7686618,21.03762465,21.6784103,5894396,139662914.22,0.716200
2021-12-02,21.56108335,21.8589133,21.479857,21.6784103,3793796,91060361.21,0.461000
2021-12-03,21.66938515,21.9672151,20.98347375,21.1369013,5556860,131647032.77,0.675200
2021-12-06,21.1369013,21.840863,20.9202977,20.96542345,7970159,188942613.0,0.968500
2021-12-07,21.05567495,22.15674325,20.92932285,21.81378755,8617488,206862636.38,1.047100
2021-12-08,21.75963665,22.8336295,21.61523425,22.4726235,9591773,237729155.53,1.165500
2021-12-09,22.49969895,23.5375912,22.382372,23.13145945,13820011,351291057.46,1.679300
2021-12-10,22.93290615,23.1765852,22.44554805,22.5989756,7954868,200335983.63,0.966600
2021-12-13,22.60800075,22.82460435,22.21089415,22.53579955,7496682,186459449.95,0.910900
2021-12-14,22.49969895,22.64410135,21.56108335,21.84988815,13380674,323710482.1,1.625900
2021-12-15,21.75963665,22.0935672,21.5340079,21.59718395,6213140,149704282.35,0.755000
2021-12-16,21.5520582,21.74158635,21.2271528,21.3896055,5514333,130569921.24,0.670100
2021-12-17,21.34447975,21.7325612,20.8480965,21.68743545,6750650,159879080.11,0.820300
2021-12-20,21.5881588,22.44554805,21.52498275,21.9672151,7143985,174908929.54,0.868100
2021-12-21,21.84988815,22.1116175,21.2091025,21.72353605,6818528,163847240.5,0.828500
2021-12-22,21.7325612,21.79573725,21.3174043,21.56108335,4870476,116137469.6,0.591800
2021-12-23,21.4979073,21.66036,20.80297075,20.8841971,7248529,169276631.12,0.880800
2021-12-24,20.91127255,21.09177555,20.216336,20.64051805,6966386,158381950.11,0.846500
2021-12-27,20.8480965,21.1730019,20.35171325,21.1730019,4890300,112757830.0,0.594200
2021-12-28,21.1730019,23.29391215,21.1730019,23.29391215,24782306,628101001.96,3.011300
2021-12-29,22.96900675,23.7722451,22.021366,22.0935672,21607166,542750203.6,2.625500
2021-12-30,22.3282211,22.4726235,21.8589133,22.2379696,10454555,256834239.41,1.270300
2021-12-31,22.1296678,22.60800075,22.021366,22.2921205,6977861,172556949.05,0.847900
2022-01-04,22.30114565,22.73435285,21.94013965,22.6531265,8097712,201022822.65,0.984000
2022-01-05,22.60800075,24.6206092,22.382372,24.0971505,23822209,622773841.11,2.894700
2022-01-06,23.92567265,25.1621182,23.56466665,24.12422595,15340074,413771811.45,1.864000
2022-01-07,24.1332511,26.2812368,23.645893,25.7758284,21369434,601011224.8,2.596600
2022-01-10,26.0646332,26.41661405,25.27944515,25.9021805,17850726,510708713.9,2.169100
2022-01-11,25.83900445,25.8480296,24.187402,24.41303075,16504270,454937923.26,2.005500
2022-01-12,24.17837685,24.6386595,23.56466665,24.44913135,10726365,286949946.34,1.303400
2022-01-13,24.21447745,24.7650116,22.96900675,23.0682834,13438990,351717353.45,1.633000
2022-01-14,23.0141325,23.3209876,22.46359835,22.7253277,12361351,311594662.04,1.502000
2022-01-17,22.39139715,22.57190015,21.34447975,21.34447975,14242170,342635996.43,1.730600
2022-01-18,21.34447975,21.66036,20.396839,21.52498275,16785149,389607296.37,2.039600
2022-01-19,21.16397675,22.6711768,20.87517195,22.5448247,17037323,419788060.49,2.070200
2022-01-20,22.6350762,23.0141325,22.2740702,22.64410135,9228253,231020271.9,1.121300
2022-01-21,22.3643217,22.8336295,20.757845,21.03762465,11646386,278210689.69,1.415200
2022-01-24,21.2091025,21.5340079,20.74881985,21.2632534,7199342,168923149.99,0.874800
2022-01-25,21.20007735,21.34447975,19.90045575,19.9275312,9766460,221049888.59,1.186700
2022-01-26,19.93655635,20.396839,19.35894675,19.57555035,8154032,178241379.68,0.990800
2022-01-27,19.6387264,19.71995275,18.591809,18.65498505,8843132,186018800.07,1.074500
2022-01-28,18.7181611,19.0972174,18.4654569,18.54668325,5667481,117692758.51,0.688700
2022-02-07,18.87158865,19.133318,18.3932557,18.49253235,4918600,101190154.38,0.597700
2022-02-08,18.3752054,18.8445132,18.2849539,18.6640102,5225557,107376344.23,0.635000
2022-02-09,18.772312,19.34089645,18.6279096,19.2416198,7364128,155098707.29,0.894800
2022-02-10,19.2235695,19.2235695,18.72718625,18.9167144,5459500,114380060.0,0.663400
2022-02-11,18.85353835,18.85353835,17.7795455,17.84272155,14053582,282359832.0,1.707700
2022-02-14,17.6170928,17.9780988,17.26511195,17.80662095,6915550,135724101.4,0.840300
2022-02-15,17.7795455,17.93297305,17.5629419,17.7795455,4180564,81920015.33,0.508000
2022-02-16,17.84272155,18.09542575,17.6712437,17.89687245,4083029,80793037.64,0.496100
2022-02-17,17.9058976,17.98712395,17.55391675,17.64416825,5742137,112491499.96,0.697700
2022-02-18,17.4546401,17.80662095,17.4185395,17.689294,4004917,78018831.77,0.486600
2022-02-21,17.62611795,17.8336964,17.4726904,17.7975958,4483293,87499461.53,0.544800
2022-02-22,17.64416825,17.689294,16.95825685,17.0575335,7618015,145289401.72,0.925700
2022-02-23,17.0575335,17.508791,17.0575335,17.48171555,4295966,82592398.22,0.522000
2022-02-24,17.46366525,17.7795455,16.59725085,16.786779,9201312,173818697.53,1.118100
2022-02-25,16.9131311,17.22901135,16.8589802,17.0575335,5318963,100502841.21,0.646300
2022-02-28,17.19291075,17.30121255,16.606276,17.147785,5805479,109375739.0,0.705400
2022-03-01,17.19291075,17.51781615,16.9853323,17.2921874,7286883,139570819.0,0.885400
2022-03-02,17.2921874,17.8336964,17.12070955,17.508791,8058603,156285222.0,0.979200
2022-03-03,17.5990425,17.73441975,17.328288,17.508791,7417050,144079943.0,0.901300
2022-03-04,17.33731315,17.68026885,17.19291075,17.2560868,4487764,86389417.0,0.545300
2022-03-07,17.1116844,17.1116844,16.16404365,16.2994209,9558214,174001910.0,1.161400
2022-03-08,16.43479815,16.57920055,15.523258,15.6676604,8261683,145671251.0,1.003900
2022-03-09,15.6676604,15.7759622,14.44024,15.1983526,8279896,138912499.0,1.006100
2022-03-10,15.5954592,15.85718855,15.46008195,15.65863525,6668283,115801549.0,0.810300
2022-03-11,15.46008195,15.91133945,15.1983526,15.8301131,4496623,77506625.0,0.546400
2022-03-14,15.8120628,15.92938975,15.342755,15.3608053,3802328,65656886.0,0.462000
2022-03-15,15.2705538,15.3608053,14.2777873,14.28681245,6078212,99560537.0,0.738600
2022-03-16,14.66586875,14.7290448,13.7904292,14.6026927,5750808,91076886.0,0.698800
2022-03-17,14.88247235,16.064767,14.7109945,15.55033345,8846167,152723900.0,1.074900
2022-03-18,15.6676604,15.9384149,15.4330065,15.82108795,4483652,77894261.17,0.544800
2022-03-21,15.7759622,15.8662137,15.38788075,15.5774089,3630075,62772892.28,0.441100
2022-03-22,15.4691071,15.78498735,15.42398135,15.5593586,3477272,59969909.18,0.422500
2022-03-23,15.523258,15.69473585,15.3608053,15.4691071,3359449,57580146.88,0.408200
2022-03-24,15.53228315,15.5954592,15.1983526,15.3247047,4350248,74179570.39,0.528600
2022-03-25,15.83913825,16.5160245,15.09907595,15.22542805,10885492,191010523.43,1.322700
2022-03-28,15.0539502,15.74888675,14.6929442,15.5954592,9851287,167388924.52,1.197000
2022-03-29,15.5593586,15.6315598,14.66586875,14.72001965,8880343,147706410.12,1.079100
2022-03-30,14.8553969,15.29762925,14.73806995,15.20737775,8202751,136818201.76,0.996700
2022-03-31,15.523258,15.5954592,14.93662325,15.0539502,5050931,84526183.56,0.613700
2022-04-01,14.95467355,15.24347835,14.7651454,15.162252,5358827,89537178.77,0.651200
2022-04-06,15.00882445,15.33372985,14.9997993,15.22542805,4022433,67585040.66,0.488800
2022-04-07,15.2164029,15.92938975,14.70196935,14.73806995,9588980,162482428.27,1.165200
2022-04-08,14.66586875,14.8734472,14.1333849,14.2958376,6487078,103195522.4,0.788300
2022-04-11,14.0972843,14.4763406,13.76335375,13.85360525,5323527,83138243.5,0.646900
2022-04-12,13.81750465,14.14241005,13.40234775,14.12435975,9067174,138141923.54,1.101800
2022-04-13,14.0250831,14.4221897,13.72725315,13.90775615,5418910,84164027.03,0.658500
2022-04-14,14.05215855,14.59366755,13.94385675,14.52146635,7479402,118965106.2,0.908800
2022-04-15,14.26876215,15.0720005,14.23266155,14.6748939,9138600,148555896.98,1.110400
2022-04-18,14.48536575,14.6387933,14.10630945,14.32291305,5289697,83695197.25,0.642800
2022-04-19,14.2777873,14.5124412,14.05215855,14.1514352,3987579,62918127.23,0.484500
2022-04-20,14.1514352,15.162252,14.10630945,14.79222085,9564156,156469774.4,1.162200
2022-04-21,14.72001965,15.69473585,14.66586875,15.2344532,14189530,240564771.4,1.724200
2022-04-22,15.18932745,15.884264,15.06297535,15.884264,18979367,325477759.1,2.306200
2022-04-25,15.4871574,15.78498735,14.2958376,14.2958376,17307147,286731883.65,2.103000
2022-04-26,13.85360525,15.00882445,12.8698639,13.7723789,17926510,277270769.57,2.178300
2022-04-27,13.31209625,13.7001777,12.68033575,13.20379445,13627139,198034674.16,1.655900
2022-04-28,13.29404595,13.9528819,12.996216,13.52869985,14907272,221571171.01,1.811400
2022-04-29,13.49259925,14.88247235,13.42039805,14.88247235,15326595,245549193.17,1.862400
2022-05-05,15.162252,16.064767,15.1442017,15.62253465,20359620,351885458.21,2.473900
2022-05-06,15.3788556,16.1008676,15.2525035,15.6496101,12571353,218976368.89,1.527600
2022-05-09,15.7218113,16.3174712,15.3608053,16.10989275,12883765,224867205.47,1.565500
2022-05-10,15.92938975,16.606276,15.7218113,16.3896724,14424917,260433417.9,1.752800
2022-05-11,16.606276,16.74165325,15.87523885,15.91133945,18008387,325973141.27,2.188200
2022-05-12,15.9203646,16.3535718,15.83913825,16.23624485,14297724,255175392.78,1.737300
2022-05-13,16.23624485,16.8048293,16.0467167,16.21819455,10750038,194451008.18,1.306300
2022-05-16,16.3174712,16.4799239,15.65863525,15.74888675,10844769,191194429.91,1.317800
2022-05-17,15.80303765,16.01964125,15.53228315,15.9745155,7775589,136542675.98,0.944800
2022-05-18,15.8120628,16.0106161,15.47813225,15.69473585,6853176,119317052.84,0.832700
2022-05-19,15.51423285,15.83913825,15.162252,15.7940125,6270251,108174466.04,0.761900
2022-05-20,15.9745155,16.606276,15.82108795,16.5340748,12959807,234801877.61,1.574800
2022-05-23,16.606276,16.8770305,15.884264,16.18209395,11564516,207495946.62,1.405200
2022-05-24,16.09184245,16.48894905,15.47813225,15.523258,11100542,195017258.17,1.348800
2022-05-25,15.4149562,15.56838375,15.18932745,15.4149562,7092312,120545845.36,0.861800
2022-05-26,15.51423285,16.1550185,15.26152865,16.07379215,8518158,148798905.27,1.035100
2022-05-27,16.21819455,16.425773,15.58643405,15.6857107,8467169,149221414.76,1.028900
2022-05-30,15.69473585,15.8481634,15.4330065,15.74888675,5329050,92512443.72,0.647500
2022-05-31,15.703761,16.18209395,15.4510568,16.07379215,7885168,138381330.35,0.958100
2022-06-01,16.1189179,17.01240775,16.07379215,16.5882257,15198656,280033595.33,1.846800
2022-06-02,16.5882257,16.8409299,16.30844605,16.75970355,10796154,198762168.51,1.311900
2022-06-06,17.0214329,17.7795455,16.786779,17.37341375,17100180,328818028.84,2.077900
2022-06-07,17.3463383,17.3643886,16.786779,17.0033826,8643224,162624364.12,1.050200
2022-06-08,16.88605565,17.13875985,16.47089875,16.8409299,11543786,214366854.56,1.402700
2022-06-09,17.328288,17.95102335,17.19291075,17.4004892,16473506,319637965.69,2.001700
2022-06-10,17.546399,18.750206,17.26368675,18.458374,17220746,343744967.86,2.092500
2022-06-13,18.24861975,19.06939725,17.984147,18.96908,14051221,286409337.47,1.707400
2022-06-14,18.59517025,20.42824,18.59517025,20.01785125,18580496,401939911.79,2.257700
2022-06-15,20.01785125,20.01785125,19.224433,19.23355275,12493607,267638830.36,1.518100
2022-06-16,19.19707375,19.96313275,19.19707375,19.68954025,9529571,205106838.66,1.158000
2022-06-17,19.516265,20.391761,19.10587625,20.23672525,13087618,283092009.83,1.590300
2022-06-20,20.25496475,20.3005635,19.2061935,19.954013,13055504,282569745.33,1.586400
2022-06-21,19.78073775,20.14552775,19.4250675,19.58010325,8227305,177561284.88,0.999700
2022-06-22,19.443307,19.7533785,19.25179225,19.30651075,6010775,128283712.36,0.730400
2022-06-23,19.50714525,19.65306125,19.0602775,19.4250675,5910195,125046465.59,0.718200
2022-06-24,19.552744,20.16376725,19.443307,19.83545625,7997029,174356872.44,0.971700
2022-06-27,19.90841425,20.1546475,19.33387,19.87193525,8971411,194629288.33,1.090100
2022-06-28,20.06345,20.79303,19.52538475,20.537677,9978316,222774581.27,1.212500
2022-06-29,20.47383875,20.902467,19.990492,20.14552775,7400306,165849022.63,0.899200
2022-06-30,20.16376725,20.38264125,19.87193525,20.05433025,7772738,171350719.35,0.944500
2022-07-01,20.09080925,20.2640845,19.2061935,19.41594775,10987911,234789676.86,1.335200
2022-07-04,19.41594775,20.01785125,18.77756525,19.85369575,13279066,281158940.74,1.613600
2022-07-05,19.76249825,20.4464795,19.625702,19.954013,8432140,184918685.81,1.024600
2022-07-06,19.954013,20.4464795,19.14235525,19.406828,8757091,188901287.63,1.064100
2022-07-07,19.406828,19.406828,18.531332,18.64988875,11079444,227863666.22,1.346300
2022-07-08,18.640769,18.9143615,18.3671765,18.5495715,7432356,151442223.41,0.903100
2022-07-11,18.46749375,18.7319665,18.17566175,18.677248,6238533,126302231.89,0.758100
2022-07-12,18.75932575,19.43418725,18.2395,18.26685925,8722812,178575030.77,1.059900
2022-07-13,18.39453575,18.458374,18.01150625,18.203021,5778306,115440204.17,0.702100
2022-07-14,18.421895,18.6590085,17.5646385,17.66495575,10134649,199285735.65,1.231500
2022-07-15,19.151475,19.43418725,18.39453575,19.33387,38162849,802004775.51,4.637200
2022-07-18,19.33387,20.7747905,18.85052325,20.45559925,32834443,718059824.9,3.989800
2022-07-19,20.41912025,21.3219755,20.4100005,20.9571855,16967384,389589615.41,2.061700
2022-07-20,21.00278425,21.22165825,20.6288745,21.09398175,9377516,215850060.76,1.139500
2022-07-21,21.0666225,21.413173,20.65623375,20.8842275,10813879,249082469.01,1.314000
2022-07-22,21.0666225,21.2490175,20.06345,20.30968325,10244443,229641241.64,1.244800
2022-07-25,20.3735215,20.91158675,20.1181685,20.43735975,9657028,217274722.16,1.173400
2022-07-26,20.3735215,21.54996925,20.16376725,21.22165825,11482487,265008034.01,1.395300
2022-07-27,21.2490175,21.65940625,20.72919175,21.31285575,9269979,215935633.83,1.126400
2022-07-28,21.3219755,21.7597235,21.084862,21.3949335,7092776,166612959.05,0.861900
2022-07-29,21.29461625,21.52261,20.6288745,20.74743125,10211389,235022959.1,1.240800
2022-08-01,20.61975475,20.975425,20.36440175,20.74743125,9451845,215348601.4,1.148500
2022-08-02,20.3735215,20.4464795,19.516265,19.54362425,13651010,297365048.03,1.658800
2022-08-03,19.70777975,20.0816895,19.12411575,19.224433,8782783,188901935.91,1.067200
2022-08-04,19.36122925,19.479786,18.750206,19.19707375,8443902,176530104.08,1.026000
2022-08-05,19.33387,19.6804205,18.97819975,19.516265,5903072,125658498.81,0.717300
2022-08-08,19.43418725,19.69866,19.187954,19.2426725,6414635,136463032.6,0.779500
2022-08-09,19.36122925,19.4615465,18.713727,18.823164,8706854,181399319.41,1.058000
2022-08-10,18.85052325,18.96908,18.26685925,18.421895,7358519,149096313.92,0.894100
2022-08-11,18.5860505,19.4980255,18.4401345,19.224433,9808196,205393409.89,1.191800
2022-08-12,19.224433,19.56186375,18.81404425,18.90524175,6246700,129901285.0,0.759000
2022-08-15,18.83228375,19.50714525,18.70460725,19.34298975,7612120,160214441.7,0.925000
2022-08-16,19.34298975,19.52538475,18.9508405,19.0237985,7416944,155840658.29,0.901200
2022-08-17,18.896122,19.10587625,18.6954875,18.932601,6967981,144601855.79,0.846700
2022-08-18,18.92348125,18.95996025,18.3306975,18.70460725,7682028,156714770.54,0.933500
2022-08-19,18.786685,19.16059475,18.5130925,18.6954875,7597558,157450671.35,0.923200
2022-08-22,18.859643,19.21531325,18.6225295,19.0967565,6592848,137217648.09,0.801100
2022-08-23,18.8414035,19.0602775,18.33981725,18.61340975,9055993,184691263.44,1.100400
2022-08-24,18.60429,18.83228375,17.92030875,17.947668,9955218,199346597.33,1.209700
2022-08-25,18.0388655,18.94172075,17.87471,18.79580475,8660874,175521354.63,1.052400
2022-08-26,18.7684455,19.2061935,18.4766135,18.5130925,6545888,134437654.16,0.795400
2022-08-29,18.2395,18.8414035,17.64671625,17.86559025,15793490,311952871.68,1.919100
2022-08-30,17.90206925,18.2942185,17.37312375,17.6011175,14260074,276334452.19,1.732800
2022-08-31,17.4187225,18.12094325,17.26368675,17.473441,12142051,234544801.3,1.475400
2022-09-01,17.42784225,18.057105,17.28192625,17.4916805,11990259,232302895.04,1.457000
2022-09-02,17.62847675,18.01150625,17.400483,17.5646385,10532100,204034584.76,1.279800
2022-09-05,17.55551875,17.5646385,16.889777,17.09953125,12155640,227745226.93,1.477000
2022-09-06,17.0174535,17.14513,16.77122025,16.95361525,8902294,165286801.17,1.081700
2022-09-07,16.95361525,17.181609,16.7985795,17.035693,9454729,176268657.42,1.148900
2022-09-08,17.02657325,17.19072875,16.6526635,16.73474125,7369547,136523022.99,0.895500
2022-09-09,16.75298075,17.04481275,16.597945,16.89889675,7491402,138490320.59,0.910300
2022-09-13,16.999214,17.19072875,16.78034,16.95361525,7868796,146355651.97,0.956100
2022-09-14,16.6891425,17.13601025,16.64354375,16.99009425,5704464,105677759.05,0.693200
2022-09-15,17.13601025,17.28192625,16.488508,16.6891425,7339422,135891674.1,0.891800
2022-09-16,16.60706475,17.00833375,16.31523275,16.47938825,7342100,134049342.31,0.892100
2022-09-19,16.3973105,16.4702685,16.00516125,16.27875375,6678657,118801720.82,0.811500
2022-09-20,16.342592,16.5797055,16.1419575,16.47938825,5486704,98496983.59,0.666700
2022-09-21,16.3243525,16.4702685,15.78628725,16.09635875,6482330,113963539.7,0.787700
2022-09-22,15.941323,16.1054785,15.7406885,15.84100575,5113212,89136064.32,0.621300
2022-09-23,15.722449,15.91396375,15.32118,15.7406885,6035829,103513901.76,0.733400
2022-09-26,15.62213175,15.977802,15.47621575,15.62213175,6097825,104902940.2,0.741000
2022-09-27,15.62213175,16.22403525,15.47621575,16.16931675,7466475,130450469.87,0.907300
2022-09-28,16.123718,16.4337895,15.941323,15.95044275,6297594,111202927.61,0.765200
2022-09-29,16.11459825,16.269634,15.722449,15.8501255,5775356,101046792.73,0.701800
2022-09-30,15.82276625,16.524987,15.5947725,16.160197,11177335,197833361.45,1.358200
2022-10-10,16.1419575,16.452029,15.54917375,15.649491,9735919,171082885.26,1.183000
2022-10-11,15.6312515,15.95044275,15.36677875,15.7771675,9514409,163248851.97,1.156100
2022-10-12,15.78628725,15.78628725,14.92903075,15.540054,10678850,178561662.81,1.297600
2022-10-13,15.430617,15.977802,15.32118,15.7042095,6974488,120509915.07,0.847500
2022-10-14,15.82276625,16.4702685,15.82276625,16.22403525,6992036,124735151.57,0.849600
2022-10-17,16.13283775,16.47938825,16.05076,16.20579575,5373767,95501948.56,0.653000
2022-10-18,16.2513945,16.342592,16.00516125,16.1419575,5235958,92748864.72,0.636200
2022-10-19,16.13283775,16.13283775,15.613012,15.68597,5392914,93344516.89,0.655300
2022-10-20,15.62213175,15.74980825,15.36677875,15.40325775,5626757,95823314.06,0.683700
2022-10-21,15.42149725,15.56741325,15.102306,15.211743,4926646,82613844.52,0.598600
2022-10-24,15.34853925,15.49445525,14.58248025,14.65543825,9545499,156411423.68,1.159900
2022-10-25,14.5916,14.81959375,14.36360625,14.5916,7693117,123014599.32,0.934800
2022-10-26,14.6098395,15.5582935,14.5916,15.29382075,9035614,151254329.72,1.097900
2022-10-27,15.3029405,15.43973675,15.03846775,15.3394195,5925611,99240235.81,0.720000
2022-10-28,15.503575,15.91396375,14.664558,14.74663575,10731985,180012522.02,1.304100
2022-10-31,14.74663575,14.91079125,14.372726,14.58248025,8600279,137680860.76,1.045000
2022-11-01,14.737516,15.2299825,14.153852,15.22086275,13656732,220617754.13,1.659400
2022-11-02,15.09318625,15.34853925,14.96550975,15.175264,11041134,183380923.23,1.341600
2022-11-03,15.0475875,15.14790475,14.81959375,15.029348,7781389,127656746.94,0.945500
2022-11-04,14.992869,15.51269475,14.8651925,15.503575,10053032,168731629.52,1.221600
2022-11-07,15.4123775,15.80452675,15.34853925,15.62213175,9950467,170265181.68,1.209100
2022-11-08,15.68597,15.73156875,15.1935035,15.38501825,9184492,154689755.5,1.116000
2022-11-09,15.40325775,15.5218145,15.248222,15.31206025,5417819,91146420.21,0.658300
2022-11-10,15.138785,15.3029405,15.00198875,15.1570245,5541328,91867822.07,0.673300
2022-11-11,15.51269475,15.85924525,15.36677875,15.58565275,12309349,210588231.82,1.495700
2022-11-14,15.7771675,16.16931675,15.5582935,15.62213175,11950590,207677588.64,1.452100
2022-11-15,15.51269475,16.02340075,15.45797625,15.9595625,8999569,156442253.12,1.093500
2022-11-16,15.9595625,16.670903,15.9595625,16.33347225,13475659,242520709.9,1.637400
2022-11-17,16.1784365,16.452029,16.087239,16.40643025,8560811,152647566.65,1.040200
2022-11-18,16.35171175,16.488508,16.05987975,16.1054785,8302100,147979056.0,1.008800
2022-11-21,16.11459825,16.1419575,15.7042095,15.831886,6903844,119806246.57,0.838900
2022-11-22,15.831886,15.9595625,15.5947725,15.64037125,6210069,107189902.35,0.754600
2022-11-23,15.613012,15.78628725,15.3029405,15.53093425,7339881,124871822.75,0.891900
2022-11-24,15.64037125,15.7406885,15.45797625,15.5947725,4687897,80017485.42,0.569600
2022-11-25,15.5947725,15.722449,15.3029405,15.467096,5412201,91871339.92,0.657600
2022-11-28,15.22086275,15.357659,14.89255175,15.32118,6407943,106167587.44,0.778600
2022-11-29,15.47621575,15.941323,15.430617,15.8866045,8518600,146935653.13,1.035100
2022-11-30,15.74980825,15.82276625,15.36677875,15.45797625,10996624,187793601.12,1.336200
2022-12-01,15.7042095,16.18755625,15.7042095,15.8136465,9814143,171013655.72,1.192500
2022-12-02,15.722449,16.33347225,15.6677305,16.13283775,10742776,189072554.21,1.305400
2022-12-05,16.15107725,16.38819075,16.0689995,16.2878735,9483198,168773508.38,1.152300
2022-12-06,16.233155,16.68002275,16.13283775,16.41555,9926267,178772404.09,1.206200
2022-12-07,16.3243525,17.0539325,16.31523275,16.853298,11471263,209953827.15,1.393900
2022-12-08,16.82593875,16.9080165,16.561466,16.71650175,8605185,157824746.32,1.045600
2022-12-09,16.7621005,17.218088,16.60706475,17.09953125,15355496,284949638.83,1.865900
2022-12-12,16.99009425,17.17248925,16.6891425,16.73474125,10495115,193703660.11,1.275300
2022-12-13,16.73474125,16.962735,16.46114875,16.8715375,7694710,141530558.31,0.935000
2022-12-14,16.73474125,16.95361525,16.66178325,16.88065725,5273914,97304634.71,0.640800
2022-12-15,16.89889675,17.2363275,16.71650175,16.743861,6888421,127866055.43,0.837000
2022-12-16,16.62530425,16.86241775,16.524987,16.6891425,5822787,106346772.1,0.707500
2022-12-19,16.853298,16.853298,16.26051425,16.306113,6574413,118286363.49,0.798900
2022-12-20,16.26051425,16.26051425,15.831886,15.868365,6260734,109597518.0,0.760800
2022-12-21,15.868365,16.087239,15.722449,15.868365,3701852,64433445.38,0.449800
2022-12-22,15.904844,16.4702685,15.8136465,16.05076,5812665,103120940.99,0.706300
2022-12-23,15.91396375,16.04164025,15.62213175,15.78628725,3809300,66155380.0,0.462900
2022-12-26,15.868365,16.087239,15.73156875,15.758928,4385481,76262168.9,0.532900
2022-12-27,15.78628725,16.1784365,15.758928,16.1054785,5238332,91937654.14,0.636500
2022-12-28,16.05987975,16.05987975,15.43973675,15.467096,7143578,122580427.62,0.868000
2022-12-29,15.394138,15.54917375,15.22086275,15.25734175,4903953,82550753.23,0.595900
2022-12-30,15.27558125,15.36677875,15.029348,15.18438375,5433663,90362002.85,0.660300
2023-01-03,15.029348,15.248222,15.029348,15.175264,9358016,155317367.49,1.137100
2023-01-04,15.1935035,15.45797625,14.846953,15.34853925,14462611,241461152.19,1.757400
2023-01-05,15.357659,15.977802,15.33029975,15.9230835,12985252,224218182.64,1.577900
2023-01-06,15.9230835,15.98692175,15.76804775,15.85924525,5339738,92829019.76,0.648800
2023-01-09,15.87748475,15.93220325,15.65861075,15.8136465,5375189,93031620.18,0.653100
2023-01-10,15.82276625,15.9595625,15.60389225,15.7771675,6722782,116553074.22,0.816900
2023-01-11,15.82276625,16.4702685,15.68597,16.04164025,12925474,229086622.43,1.570600
2023-01-12,16.02340075,16.02340075,15.613012,15.795407,9259338,160100490.25,1.125100
2023-01-13,15.8501255,16.9444955,15.82276625,16.93537575,20365766,369641915.81,2.474700
2023-01-16,17.0904115,17.254567,16.60706475,17.0904115,17970972,333800397.03,2.183700
2023-01-17,17.0904115,17.39136325,16.7985795,17.37312375,16097189,301996647.59,1.956000
2023-01-18,17.28192625,17.3822435,16.6891425,16.816819,12977971,240616973.74,1.577000
2023-01-19,16.71650175,16.78945975,16.51586725,16.73474125,10216010,186841470.85,1.241400
2023-01-20,16.78034,16.9080165,16.51586725,16.62530425,8544810,155947495.2,1.038300
2023-01-30,16.816819,16.999214,16.51586725,16.5432265,11386522,209223197.11,1.383600
2023-01-31,16.51586725,16.77122025,16.40643025,16.5797055,9514400,172801852.0,1.156100
2023-02-01,16.597945,16.743861,16.42466975,16.7256215,9757838,177658670.44,1.185700
2023-02-02,16.743861,16.80769925,16.44290925,16.5067475,11835104,214764643.74,1.438100
2023-02-03,16.46114875,16.53410675,16.1784365,16.33347225,8543376,153149768.61,1.038100
2023-02-06,16.33347225,16.33347225,15.98692175,16.160197,8527338,150816093.5,1.036200
2023-02-07,16.233155,16.561466,16.123718,16.4702685,10273173,184940487.03,1.248300
2023-02-08,16.4702685,16.55234625,16.2513945,16.2878735,6816140,122166239.51,0.828200
2023-02-09,16.24227475,16.66178325,16.196676,16.60706475,9917765,179617287.78,1.205100
2023-02-10,16.524987,16.66178325,16.38819075,16.40643025,7485126,135544894.55,0.909500
2023-02-13,16.452029,17.0174535,16.379071,16.86241775,16274171,299940292.03,1.977500
2023-02-14,16.9444955,17.218088,16.853298,17.13601025,11873672,222366529.75,1.442800
2023-02-15,17.0539325,17.181609,16.78034,16.926256,8121300,150577408.27,0.986800
2023-02-16,16.93537575,17.7835125,16.926256,17.24544725,24881242,475868790.07,3.023400
2023-02-17,17.5281595,17.77439275,17.19072875,17.1998485,17619296,337733677.62,2.140900
2023-02-20,17.14513,18.2212605,17.09953125,18.093584,22459078,438536570.19,2.729000
2023-02-21,18.057105,18.932601,18.02974575,18.86876275,23472540,479174596.85,2.852200
2023-02-22,18.786685,19.33387,18.57693075,19.17883425,19682533,412691110.02,2.391700
2023-02-23,19.12411575,19.3885885,18.7684455,18.9873195,11893349,248105514.94,1.445200
2023-02-24,18.86876275,18.99643925,18.531332,18.60429,10666494,218449928.03,1.296100
2023-02-27,18.640769,18.74108625,18.312458,18.59517025,7852651,159207465.52,0.954200
2023-02-28,17.95678775,18.3671765,17.1998485,17.42784225,25724896,497940059.51,3.125900
2023-03-01,17.42784225,17.436962,17.0174535,17.2363275,21300970,401331436.58,2.588300
2023-03-02,17.24544725,17.327525,16.853298,16.962735,16282777,304509424.97,1.978500
2023-03-03,16.9444955,16.97185475,16.60706475,16.6891425,15491859,284046516.32,1.882400
2023-03-06,16.71650175,16.71650175,16.16931675,16.306113,23841199,425879974.43,2.897000
2023-03-07,16.24227475,16.40643025,16.1784365,16.2149155,14905015,266040873.36,1.811100
2023-03-08,16.196676,16.33347225,16.0689995,16.3243525,8794692,156818208.63,1.068700
2023-03-09,16.3243525,16.6161845,16.2513945,16.42466975,13526922,244209663.67,1.643700
2023-03-10,16.269634,16.379071,15.78628725,15.831886,13915166,243618221.7,1.690900
2023-03-13,15.68597,15.87748475,15.56741325,15.74980825,9570512,164432922.24,1.162900
2023-03-14,15.7406885,15.8136465,15.47621575,15.53093425,8820734,150928707.84,1.071800
2023-03-15,15.60389225,15.73156875,15.53093425,15.613012,5441026,93294421.33,0.661100
2023-03-16,15.5218145,15.722449,15.3394195,15.467096,5274285,89913131.96,0.640900
2023-03-17,15.54917375,15.68597,15.3394195,15.467096,8846182,150205351.63,1.074900
2023-03-20,15.430617,15.430617,15.0475875,15.3394195,8237221,137427939.84,1.000900
2023-03-21,15.4123775,15.67685025,15.32118,15.65861075,7279675,123857763.82,0.884600
2023-03-22,15.62213175,15.795407,15.5947725,15.65861075,6293876,108307131.5,0.764800
2023-03-23,15.6312515,15.74980825,15.53093425,15.7042095,5170455,88744218.29,0.628300
2023-03-24,15.73156875,15.91396375,15.649491,15.85924525,6729485,116653837.6,0.817700
2023-03-27,15.85924525,15.9230835,15.47621575,15.62213175,8656350,148350067.51,1.051800
2023-03-28,15.60389225,15.6312515,15.25734175,15.33029975,8392364,141835036.4,1.019800
2023-03-29,15.33029975,15.394138,15.138785,15.1935035,7498157,125250810.75,0.911100
2023-03-30,15.175264,15.758928,15.138785,15.62213175,8850418,150049349.36,1.075400
2023-03-31,15.64037125,15.649491,15.4488565,15.540054,4939949,84126317.06,0.600300
2023-04-03,15.54917375,15.7042095,15.49445525,15.65861075,5589213,95783379.98,0.679200
2023-04-04,15.5947725,15.5947725,15.29382075,15.3394195,7070865,119492105.56,0.859200
2023-04-06,15.33029975,15.540054,15.29382075,15.45797625,3869195,65582272.12,0.470200
2023-04-07,15.503575,15.80452675,15.4488565,15.649491,6700637,115245184.43,0.814200
2023-04-10,15.722449,16.02340075,15.62213175,15.722449,9796369,169628077.75,1.190400
2023-04-11,15.758928,15.904844,15.64037125,15.82276625,6169149,106894749.16,0.749600
2023-04-12,15.87748475,15.8866045,15.4853355,15.5218145,7699173,131730514.69,0.935500
2023-04-13,15.503575,16.087239,15.1570245,16.087239,18024976,309523601.11,2.190200
2023-04-14,15.9595625,16.18755625,15.7771675,15.95044275,10702274,187118939.75,1.300400
2023-04-17,15.9960415,16.8715375,15.9960415,16.75298075,25264902,461167209.41,3.070000
2023-04-18,16.69826225,16.91713625,16.488508,16.6891425,14779428,271012053.38,1.795900
2023-04-19,16.7621005,16.7985795,16.3243525,16.452029,11013657,199131170.93,1.338300
2023-04-20,16.4702685,16.69826225,16.2513945,16.58882525,12419555,224553550.27,1.509100
2023-04-21,16.57058575,16.670903,15.93220325,15.98692175,10024310,178726460.55,1.218100
2023-04-24,15.977802,16.2149155,15.3029405,15.43973675,13411208,230323958.91,1.629600
2023-04-25,15.430617,15.5947725,15.09318625,15.284701,8502191,142625368.28,1.033100
2023-04-26,15.16614425,15.25734175,14.98374925,15.16614425,6725621,111437766.53,0.817200
2023-04-27,15.16614425,15.2299825,14.482163,14.56424075,11638698,190319720.9,1.414200
2023-04-28,14.71015675,15.29382075,14.71015675,14.89255175,10272673,168163533.2,1.248300
2023-05-04,14.5916,14.773995,14.32712725,14.701037,11389508,181841611.98,1.384000
2023-05-05,14.65543825,14.65543825,14.21769025,14.32712725,8847676,139342407.74,1.075100
2023-05-08,14.3909655,14.58248025,14.36360625,14.36360625,5072589,80364290.13,0.616400
2023-05-09,14.3909655,14.773995,14.25416925,14.52776175,7793655,123911809.04,0.947000
2023-05-10,14.4639235,14.518642,14.2815285,14.34536675,5086971,80039468.28,0.618100
2023-05-11,14.3180075,14.40008525,14.27240875,14.32712725,4269029,67074513.72,0.518700
2023-05-12,14.32712725,14.5916,14.2815285,14.3909655,4860431,76901009.82,0.590600
2023-05-15,14.3909655,15.23910225,14.2815285,15.175264,13226271,215427720.49,1.607200
2023-05-16,15.09318625,15.14790475,14.8287135,14.95639,6168308,101250159.84,0.749500
2023-05-17,14.9746295,15.0475875,14.87431225,14.94727025,2848718,46674032.03,0.346200
2023-05-18,14.91079125,15.22086275,14.91079125,15.00198875,5184715,85616477.02,0.630000
2023-05-19,15.0840665,15.868365,15.0111085,15.42149725,14970666,254641565.08,1.819100
2023-05-22,15.43973675,16.22403525,15.36677875,15.941323,15478321,269657155.13,1.880800
2023-05-23,16.014281,16.05076,15.60389225,15.69508975,7127032,123005609.14,0.866000
2023-05-24,15.5582935,15.82276625,15.43973675,15.68597,5176700,88799927.3,0.629000
2023-05-25,15.6312515,15.868365,15.4488565,15.76804775,5035619,86431332.88,0.611900
2023-05-26,15.73156875,15.73156875,15.4123775,15.53093425,4732245,80527643.42,0.575000
2023-05-29,15.613012,15.6677305,15.36677875,15.45797625,3467705,58982265.67,0.421400
2023-05-30,15.394138,15.503575,15.0475875,15.34853925,5206765,87044026.35,0.632700
2023-05-31,15.394138,15.394138,14.8651925,14.992869,6226383,102459204.89,0.756600
2023-06-01,14.95639,15.211743,14.7557555,15.05670725,4139701,68173984.63,0.503000
2023-06-02,15.0840665,15.758928,14.9381505,15.60389225,7985837,135701993.05,0.970400
2023-06-05,15.649491,16.18755625,15.45797625,16.07811925,11876156,207456954.97,1.443100
2023-06-06,16.09635875,16.233155,15.82276625,15.8501255,5979094,104777445.74,0.726500
2023-06-07,15.93220325,16.123718,15.758928,15.82276625,4884600,85020562.0,0.593500
2023-06-08,15.76804775,15.831886,15.503575,15.7406885,4466579,76652757.08,0.542700
2023-06-09,15.8247234,15.871404,15.47928696,15.58198428,4041133,67579560.71,0.491100
2023-06-12,15.53530368,16.6182936,15.43260636,16.4782518,15323529,268601666.73,1.862000
2023-06-13,16.36621836,16.58094912,16.2448488,16.42223508,6486175,114196284.58,0.788200
2023-06-14,16.35688224,16.79567988,16.35688224,16.64630196,7527593,134003935.39,0.914700
2023-06-15,16.65563808,17.01041064,16.571613,16.59962136,8670625,155887182.99,1.053600
2023-06-16,16.54360464,16.6182936,16.11414312,16.2448488,8293001,144736158.2,1.007700
2023-06-19,16.31953776,16.31953776,16.0114458,16.17015984,5056894,87229580.56,0.614500
2023-06-20,16.17015984,16.41289896,16.07679864,16.21684044,5543800,96185490.92,0.673600
2023-06-21,16.23551268,16.7583354,16.1514876,16.45024344,9069869,160410479.62,1.102100
2023-06-26,16.35688224,16.79567988,16.2448488,16.31953776,5860710,103183116.65,0.712200
2023-06-27,16.31953776,16.7116548,16.16082372,16.41289896,4329857,76216156.31,0.526100
2023-06-28,16.37555448,16.571613,16.0581264,16.31020164,4184960,72983144.09,0.508500
2023-06-29,16.27285716,16.59962136,16.08613476,16.39422672,6514819,113943557.88,0.791600
2023-06-30,16.39422672,17.038419,16.39422672,16.83302436,9723913,175793957.28,1.181600
2023-07-03,16.76767152,17.8786698,16.6182936,17.54256948,17600383,330374686.72,2.138700
2023-07-04,17.54256948,17.738628,17.3185026,17.51456112,6645459,124562752.61,0.807500
2023-07-05,17.5519056,17.85999756,17.1784608,17.5519056,7562312,142378078.08,0.918900
2023-07-06,17.51456112,18.00937548,17.3651832,17.40252768,4673134,88367802.91,0.567800
2023-07-07,17.28115812,17.70128352,17.271822,17.49588888,6493003,121357555.06,0.789000
2023-07-10,17.56124172,17.6452668,17.12244408,17.15978856,3878265,71630810.4,0.471300
2023-07-11,17.2251414,17.6452668,17.14111632,17.39319156,4431326,82907171.8,0.538500
2023-07-12,17.3651832,17.8319892,17.3651832,17.44920828,4112635,77381552.07,0.499700
2023-07-13,17.35584708,17.74796412,17.2251414,17.40252768,5209354,97453715.3,0.633000
2023-07-14,17.3651832,17.48655276,16.90771332,17.02908288,7233448,132132571.21,0.879000
2023-07-17,16.9917384,17.19713304,16.73032704,17.15978856,4925054,89468138.39,0.598500
2023-07-18,17.14111632,17.14111632,16.76767152,16.83302436,4135126,74773546.27,0.502500
2023-07-19,16.76767152,16.9450578,16.6182936,16.805016,2939452,52806771.12,0.357200
2023-07-20,16.90771332,16.98240228,16.63696584,16.7116548,4249992,76670341.6,0.516400
2023-07-21,16.69298256,16.8983772,16.45957956,16.49692404,3046638,54269694.14,0.370200
2023-07-24,16.59028524,16.6649742,16.2915294,16.50626016,2991641,52571069.11,0.363500
2023-07-25,16.79567988,16.98240228,16.5249324,16.59028524,4373676,78184161.86,0.531500
2023-07-26,16.59028524,16.7583354,16.2448488,16.32887388,4435121,77783188.1,0.538900
2023-07-27,16.33821,16.77700764,16.33821,16.5249324,4764049,84819000.54,0.578900
2023-07-28,16.5249324,17.06642736,16.45024344,16.98240228,5792104,104916159.29,0.703800
2023-07-31,17.04775512,17.26248588,16.7583354,17.15978856,7021779,127845011.85,0.853200
2023-08-01,17.15978856,17.35584708,16.86103272,16.91704944,3176036,58135724.34,0.385900
2023-08-02,16.9917384,17.0850996,16.805016,16.9917384,2549470,46262131.34,0.309800
2023-08-03,16.93572168,17.06642736,16.82368824,17.00107452,2364424,42918715.86,0.287300
2023-08-04,17.14111632,17.24381364,16.805016,16.87036884,3484732,63201953.87,0.423400
2023-08-07,16.81435212,16.86103272,16.571613,16.70231868,2736970,48828502.52,0.332600
2023-08-08,16.70231868,16.70231868,16.35688224,16.58094912,2524502,44644535.16,0.306800
2023-08-09,16.6182936,16.7583354,16.49692404,16.63696584,2497572,44550059.93,0.303500
2023-08-10,16.62762972,16.67431032,16.34754612,16.5249324,2154633,37999584.58,0.261800
2023-08-11,16.48758792,16.58094912,16.06746252,16.08613476,4229286,73491639.35,0.513900
2023-08-14,15.9647652,16.13281536,15.72202608,16.09547088,2676645,45665012.52,0.325200
2023-08-15,16.12347924,16.42223508,15.90874848,16.3848906,4638428,80721745.79,0.563600
2023-08-16,16.2915294,16.33821,15.99277356,16.0114458,2574624,44383181.61,0.312900
2023-08-17,15.9647652,16.805016,15.871404,16.77700764,7329846,129655594.64,0.890700
2023-08-18,16.72099092,16.72099092,16.2448488,16.26352104,4380897,77143212.06,0.532300
2023-08-21,16.2448488,16.55294076,15.871404,15.9647652,4484972,77627433.6,0.545000
2023-08-22,16.03945416,16.06746252,15.66600936,15.871404,4105474,69560001.6,0.498900
2023-08-23,15.7780428,15.95542908,15.404598,15.53530368,3727453,62038323.16,0.452900
2023-08-24,15.55397592,15.8247234,15.4979592,15.58198428,2159000,36211495.64,0.262300
2023-08-25,15.55397592,15.64733712,15.18053112,15.32990904,3888500,63861267.22,0.472500
2023-08-28,16.17949596,16.1981682,15.2645562,15.32057292,4079400,67745811.0,0.495700
2023-08-29,15.34858128,16.104807,15.27389232,16.03011804,8351067,141287463.73,1.014700
2023-08-30,16.0581264,16.3848906,15.93675684,16.25418492,4498590,78296297.61,0.546600
2023-08-31,16.33821,16.6649742,16.2915294,16.45957956,5924808,104827928.73,0.719900
2023-09-01,16.5249324,16.76767152,16.4782518,16.68364644,4144925,74001406.33,0.503700
2023-09-04,16.81435212,17.1317802,16.805016,17.04775512,7655180,139488983.25,0.930200
2023-09-05,17.01041064,17.0850996,16.87036884,16.9450578,3487191,63453585.23,0.423700
2023-09-06,16.86103272,17.038419,16.6182936,16.86103272,5389239,97623024.55,0.654900
2023-09-07,16.83302436,16.97306616,16.56227688,16.59962136,3819410,68352583.8,0.464100
2023-09-08,16.53426852,16.69298256,16.51559628,16.56227688,2309700,41038189.0,0.280700
2023-09-11,16.56227688,16.73032704,16.39422672,16.59028524,4043808,71846558.98,0.491400
2023-09-12,16.6182936,16.95439392,16.58094912,16.78634376,4108750,73933104.66,0.499300
2023-09-13,16.76767152,16.82368824,16.59962136,16.76767152,2933200,52492412.0,0.356400
2023-09-14,16.68364644,16.7583354,16.3848906,16.5249324,4229900,74894781.0,0.514000
2023-09-15,16.56227688,16.7583354,16.34754612,16.48758792,3307691,58591039.42,0.401900
2023-09-18,16.4315712,16.83302436,16.2448488,16.805016,4795700,85801090.0,0.582700
2023-09-19,16.74899928,16.78634376,16.50626016,16.63696584,3859049,68684612.25,0.468900
2023-09-20,16.56227688,16.63696584,16.35688224,16.40356284,3359013,59213350.15,0.408200
2023-09-21,16.45024344,16.56227688,16.27285716,16.39422672,2980200,52321958.0,0.362100
2023-09-22,16.33821,16.805016,16.31953776,16.805016,4137051,73747558.94,0.502700
2023-09-25,16.73966316,16.9917384,16.51559628,16.55294076,5503842,98364431.9,0.668800
2023-09-26,16.51559628,16.56227688,15.9180846,16.03011804,6570400,113557017.0,0.798400
2023-09-27,16.08613476,16.17949596,15.871404,16.06746252,4067087,69822692.17,0.494200
2023-09-28,16.07679864,16.55294076,16.0114458,16.45957956,4875476,85365870.32,0.592400
2023-10-09,16.37555448,16.48758792,16.1981682,16.30086552,2963339,51845719.01,0.360100
2023-10-10,16.32887388,16.34754612,15.7780428,15.89007624,5258601,89860177.4,0.639000
2023-10-11,15.89007624,16.0114458,15.65667324,15.86206788,4374100,74189860.78,0.531500
2023-10-12,15.95542908,16.00210968,15.638001,15.80605116,6681150,113182932.85,0.811800
2023-10-13,15.71268996,15.84339564,15.4979592,15.7313622,6885175,115575356.5,0.836600
2023-10-16,15.7780428,15.85273176,15.65667324,15.6846816,3035145,51192802.9,0.368800
2023-10-17,15.638001,15.89941236,15.62866488,15.83405952,3412899,57570218.93,0.414700
2023-10-18,15.79671504,15.85273176,15.60065652,15.61932876,2949985,49545326.31,0.358500
2023-10-19,15.5913204,15.6846816,15.38592576,15.46995084,3096201,51426160.61,0.376200
2023-10-20,15.44194248,15.44194248,15.2178756,15.27389232,2924900,47933074.0,0.355400
2023-10-23,15.23654784,15.30190068,14.80708632,14.937792,6015969,96625625.55,0.731000
2023-10-24,15.06849768,15.15252276,14.88177528,15.11517828,3066451,49466086.63,0.372600
2023-10-25,15.16185888,15.19920336,14.7510696,14.7977502,6385708,101655273.72,0.775900
2023-10-26,14.7510696,14.88177528,14.67638064,14.81642244,4028184,63835047.52,0.489500
2023-10-27,15.02181708,15.46061472,14.95646424,15.36725352,7456662,121766742.83,0.906100
2023-10-30,15.44194248,15.7780428,15.38592576,15.638001,6742526,112713297.3,0.819300
2023-10-31,15.62866488,15.86206788,15.50729532,15.66600936,4520602,76236142.58,0.549300
2023-11-01,15.70335384,15.99277356,15.55397592,15.9180846,5599726,95145452.83,0.680400
2023-11-02,15.92742072,15.95542908,15.61932876,15.64733712,4111473,69308945.16,0.499600
2023-11-03,15.638001,15.871404,15.5446398,15.75937056,3027015,51190124.1,0.367800
2023-11-06,15.86206788,16.0581264,15.7313622,15.88074012,5720500,97351801.04,0.695100
2023-11-07,15.871404,15.95542908,15.79671504,15.8247234,2491815,42338973.43,0.302800
2023-11-08,15.8247234,15.93675684,15.53530368,15.66600936,4589700,76812652.0,0.557700
2023-11-09,15.75003444,15.871404,15.60999264,15.66600936,3815500,64167046.0,0.463600
2023-11-10,15.638001,15.67534548,15.3579174,15.55397592,4813722,79927904.33,0.584900
2023-11-13,15.5913204,15.80605116,15.29256456,15.404598,5561092,92209207.78,0.675700
2023-11-14,15.39526188,15.5446398,15.32990904,15.53530368,3642221,60348657.39,0.442600
2023-11-15,15.72202608,15.78737892,15.5913204,15.67534548,4091100,68688133.0,0.497100
2023-11-16,15.67534548,15.89007624,15.48862308,15.74069832,5519491,92984015.97,0.670700
2023-11-17,15.6846816,15.871404,15.5446398,15.75937056,4186200,70401058.0,0.508700
2023-11-20,15.7780428,15.89941236,15.60999264,15.8247234,5236494,88478367.12,0.636300
2023-11-21,15.85273176,16.0581264,15.6846816,15.72202608,4714478,80170009.21,0.572900
2023-11-22,15.76870668,15.80605116,15.47928696,15.47928696,3800005,63635772.49,0.461700
2023-11-23,15.53530368,15.83405952,15.46061472,15.7780428,4158100,69755664.0,0.505300
2023-11-24,15.75937056,15.8247234,15.57264816,15.72202608,3704869,62270160.49,0.450200
2023-11-27,15.638001,15.7313622,15.3579174,15.46061472,5483954,90903917.77,0.666400
2023-11-28,15.50729532,15.60065652,15.32057292,15.56331204,4885689,81072035.0,0.593700
2023-11-29,15.43260636,15.58198428,15.32990904,15.37658964,3859401,63715911.32,0.469000
2023-11-30,15.3112368,15.42327024,15.1245144,15.32990904,4041977,66142227.23,0.491100
2023-12-01,15.32057292,15.3579174,15.1245144,15.19920336,5196908,84586087.76,0.631500
2023-12-04,15.15252276,15.25522008,14.88177528,14.95646424,6339302,101703017.65,0.770300
2023-12-05,14.937792,14.97513648,14.80708632,14.83509468,4049454,64523149.3,0.492100
2023-12-06,14.82575856,15.1245144,14.73239736,14.8444308,5005820,79641530.95,0.608300
2023-12-07,14.8444308,14.91911976,14.62970004,14.7977502,4110900,64912860.0,0.499500
2023-12-08,14.76974184,14.94712812,14.62970004,14.78841408,8504585,134526325.63,1.033400
2023-12-11,14.62036392,14.62970004,13.84546596,14.27492748,15965221,241918608.89,1.940000
2023-12-12,14.20957464,14.39629704,14.08820508,14.29359972,6629420,101260002.63,0.805500
2023-12-13,14.237583,14.2842636,13.98550776,14.04152448,5729810,86391396.73,0.696200
2023-12-14,14.06953284,14.2842636,13.8641382,13.9108188,5443278,81832632.7,0.661400
2023-12-15,13.87347432,14.02285224,13.770777,13.79878536,5525584,81980544.52,0.671400
2023-12-18,13.73343252,13.78011312,13.48135728,13.5840546,7037890,102604272.6,0.855200
2023-12-19,13.48135728,13.7240964,13.4440128,13.54671012,4822947,69810082.15,0.586000
2023-12-20,13.537374,13.68675192,13.33197936,13.34131548,3758498,54240650.44,0.459400
2023-12-21,13.303971,13.51870176,13.22928204,13.4906934,3827942,54942657.41,0.467900
2023-12-22,13.48135728,13.537374,13.3506516,13.40666832,5277962,75978754.9,0.645100
2023-12-25,13.45334892,13.4906934,13.31330712,13.3973322,2789569,39980107.53,0.341000
2023-12-26,13.41600444,13.41600444,13.06123188,13.13592084,5079800,71740409.0,0.620900
2023-12-27,13.1639292,13.1639292,12.9772068,13.13592084,4715115,66093578.55,0.576300
2023-12-28,13.1172486,13.61206296,12.9772068,13.4906934,7192463,102615465.96,0.879100
2023-12-29,13.4440128,13.62139908,13.40666832,13.60272684,5916611,85776908.87,0.723200
2024-01-02,13.64940744,13.64940744,13.4906934,13.4906934,3886672,56414389.27,0.475100
2024-01-03,13.50002952,13.51870176,13.2106098,13.32264324,5647118,80563907.05,0.690300
2024-01-04,13.31330712,13.32264324,13.13592084,13.28529876,4431600,62719026.0,0.541700
2024-01-05,13.2572904,13.4440128,13.1639292,13.20127368,4166843,59391311.78,0.509300
2024-01-08,13.21994592,13.21994592,12.98654292,13.00521516,4233896,59224555.09,0.517500
2024-01-09,13.0238874,13.12658472,12.84650112,13.00521516,5201075,72307405.25,0.635700
2024-01-10,13.06123188,13.19193756,12.90251784,13.07990412,4720939,66215098.11,0.577000
2024-01-11,13.01455128,13.1172486,12.92119008,13.070568,5158819,71945009.5,0.630600
2024-01-12,13.0238874,13.1172486,12.91185396,12.91185396,4607350,64188160.5,0.563200
2024-01-15,12.85583724,13.0238874,12.79982052,12.94919844,3374100,46773429.5,0.412400
2024-01-16,12.95853456,13.00521516,12.66911484,12.86517336,4485100,61588625.03,0.548200
2024-01-17,12.837165,12.94919844,12.66911484,12.66911484,4085653,56170440.8,0.499400
2024-01-18,12.70645932,12.70645932,12.12761988,12.4637202,6796415,89937051.91,0.830700
2024-01-19,12.47305632,12.6971232,12.37969512,12.57575364,5526205,74437999.9,0.675500
2024-01-22,12.51973692,12.57575364,11.81952792,11.89421688,7771063,101802112.03,0.949900
2024-01-23,11.94089748,12.19297272,11.69815836,12.09961152,6011345,77065169.05,0.734800
2024-01-24,12.17430048,12.4170396,11.89421688,12.370359,6005567,78614792.93,0.734100
2024-01-25,12.45438408,12.6504426,12.19297272,12.59442588,5090870,68034224.3,0.622300
2024-01-26,12.57575364,12.67845096,12.39836736,12.4637202,3668084,49179425.6,0.448400
2024-01-29,12.5104008,12.58508976,12.2769978,12.4637202,7245368,96609784.08,0.885600
2024-01-30,12.34235064,12.34235064,11.77284732,11.82886404,7104300,91975796.73,0.868400
2024-01-31,11.69815836,11.8568724,11.3433858,11.39940252,8152900,100800079.61,0.996500
2024-02-01,11.3900664,11.60479716,11.19400788,11.40873864,7314140,89433127.61,0.894000
2024-02-02,11.44608312,11.61413328,10.66184904,11.03529384,9029669,108225195.76,1.103700
2024-02-05,10.969941,11.00728548,10.0830096,10.47512664,11632476,131497918.21,1.421900
2024-02-06,10.43778216,11.52077208,10.34442096,11.52077208,11640365,137616467.4,1.422800
2024-02-07,11.5767888,12.50106468,11.45541924,12.4170396,12528685,163394894.43,1.531400
2024-02-08,12.603762,13.43467668,12.603762,12.67845096,14797851,206495602.02,1.808800
2024-02-19,12.67845096,13.00521516,12.5104008,12.77181216,10659559,145798314.8,1.302900
2024-02-20,12.73446768,12.75313992,12.4170396,12.67845096,5804011,78169156.83,0.709400
2024-02-21,12.66911484,13.2572904,12.5570814,12.7438038,8329882,115569921.9,1.018200
2024-02-22,12.7438038,12.94919844,12.63177036,12.73446768,5383894,73455127.12,0.658100
2024-02-23,12.78114828,12.78114828,12.49172856,12.72513156,6375336,86201940.28,0.779300
2024-02-26,12.95853456,13.10791248,12.61309812,12.837165,9354969,128762239.37,1.143500
2024-02-27,12.7904844,13.09857636,12.66911484,13.09857636,7257292,100377917.83,0.887100
2024-02-28,13.09857636,13.35998772,12.6504426,12.65977872,10043594,139758057.6,1.227600
2024-02-29,12.81849276,13.75210476,12.71579544,13.6307352,15265242,217997887.89,1.865900
2024-03-01,13.5840546,13.61206296,13.35998772,13.50936564,9990182,144424531.25,1.221100
2024-03-04,13.6307352,13.76144088,13.40666832,13.70542416,9614916,140227639.8,1.175200
2024-03-05,13.62139908,14.1442218,13.46268504,14.0975412,14753631,218293028.96,1.803400
2024-03-06,13.96683552,14.3776248,13.9108188,14.26559136,12456098,189048510.57,1.522500
2024-03-07,14.27492748,14.48965824,13.9574994,13.9574994,8089110,122732396.66,0.988700
2024-03-08,13.97617164,14.31227196,13.9108188,14.06953284,6033256,91033586.12,0.737500
2024-03-11,13.93882716,14.26559136,13.92949104,14.1909024,6249193,94560947.02,0.763800
2024-03-12,14.18156628,15.09650604,14.11621344,15.06849768,16565943,261532896.34,2.024900
2024-03-13,14.90978364,14.97513648,14.73239736,14.81642244,8075793,128301592.56,0.987100
2024-03-14,14.83509468,15.04048932,14.6577084,15.00314484,5601776,89200704.75,0.684700
2024-03-15,14.91911976,15.0778338,14.5643472,15.06849768,9786848,154803184.88,1.196300
2024-03-18,15.06849768,15.3112368,14.81642244,15.19920336,9844600,159437523.75,1.203300
2024-03-19,15.18053112,15.67534548,15.04982544,15.41393412,7413672,122628842.25,0.906200
2024-03-20,15.37658964,15.51663144,15.2645562,15.43260636,3325822,54879856.86,0.406500
2024-03-21,15.41393412,15.53530368,15.04982544,15.06849768,4824001,78576752.19,0.589600
2024-03-22,15.04048932,15.30190068,14.95646424,15.2178756,4110209,66634148.78,0.502400
2024-03-25,15.19920336,15.30190068,14.94712812,14.95646424,4364677,70795688.27,0.533500
2024-03-26,15.02181708,15.19920336,14.82575856,15.06849768,4994589,80410654.16,0.610500
2024-03-27,15.11517828,15.57264816,15.0311532,15.13385052,6086265,99901165.57,0.743900
2024-03-28,15.15252276,15.50729532,15.0311532,15.33924516,5822226,95586493.66,0.711700
2024-03-29,15.56331204,15.56331204,15.2178756,15.4979592,4110759,67736606.44,0.502500
2024-04-01,15.4979592,16.4315712,15.4979592,16.28219328,11283816,194587930.68,1.379200
2024-04-02,16.28219328,16.69298256,16.21684044,16.62762972,10765610,191229375.92,1.315900
2024-04-03,16.59028524,17.33717484,16.51559628,16.87036884,12883332,233649510.29,1.574700
2024-04-08,16.76767152,17.38385544,16.59028524,17.01974676,11113783,203660173.45,1.358500
2024-04-09,17.01974676,17.15045244,16.5249324,16.69298256,9511176,171149518.1,1.162600
2024-04-10,16.73966316,17.07576348,16.48758792,16.6182936,8018681,144210457.26,0.980100
2024-04-11,16.45957956,16.73032704,16.3848906,16.55294076,4391453,77925954.1,0.536800
2024-04-12,16.6182936,17.70128352,16.60895748,17.49588888,13746562,255190657.61,1.680300
2024-04-15,17.18779692,17.6919474,17.0850996,17.62659456,7671655,143309829.7,0.937700
2024-04-16,17.37451932,17.7853086,17.28115812,17.46788052,7403951,138506475.26,0.905000
2024-04-17,17.32783872,17.57057784,16.83302436,17.4118638,9766648,179359165.41,1.193800
2024-04-18,17.505225,17.91601428,17.26248588,17.32783872,8199987,153752694.59,1.002300
2024-04-19,17.28115812,17.44920828,17.15045244,17.32783872,6262100,116012513.48,0.765400
2024-04-22,17.271822,17.505225,16.9450578,17.02908288,7312212,134260319.43,0.893800
2024-04-23,16.9917384,17.0850996,15.871404,16.58094912,18493059,325389123.61,2.260400
2024-04-24,16.60895748,16.9450578,16.46891568,16.91704944,8961174,160493586.04,1.095300
2024-04-25,16.84236048,17.07576348,16.69298256,16.87970496,4516382,81635877.7,0.552000
2024-04-26,16.87970496,17.14111632,16.67431032,16.96373004,7476000,135561987.0,0.913800
2024-04-29,16.58094912,16.58094912,15.2645562,15.43260636,31101625,513660642.0,3.801600
2024-04-30,15.2178756,15.81538728,15.171195,15.51663144,19004152,317714521.58,2.322900
2024-05-06,15.7780428,16.40356284,15.6846816,16.104807,16645532,287422773.55,2.034600
2024-05-07,16.08613476,16.46891568,15.90874848,16.02078192,10944801,188978448.31,1.337800
2024-05-08,16.0114458,16.11414312,15.71268996,15.76870668,8562900,145526539.0,1.046700
2024-05-09,15.80605116,16.21684044,15.76870668,16.1514876,6927666,119007683.46,0.846800
2024-05-10,16.1514876,16.35688224,15.7780428,16.0581264,7691460,132112777.31,0.940100
2024-05-13,16.0114458,16.82368824,15.76870668,16.74899928,14072785,247817281.12,1.720100
2024-05-14,16.77700764,16.805016,16.1981682,16.40356284,12617345,221825226.3,1.542200
2024-05-15,16.28219328,16.8516966,16.17015984,16.6182936,9644700,171911775.0,1.178900
2024-05-16,16.59028524,16.6182936,15.88074012,16.08613476,10621303,183897559.53,1.298300
2024-05-17,16.14215148,16.14215148,15.7313622,16.04879028,8833471,150667448.26,1.079700
2024-05-20,16.0581264,16.0581264,15.50729532,15.70335384,10707000,179773395.0,1.308700
2024-05-21,15.75003444,15.89007624,15.56331204,15.66600936,7556800,127238050.0,0.923700
2024-05-22,15.66600936,16.0581264,15.64733712,15.69401772,11066300,188174771.0,1.352600
2024-05-23,15.53530368,15.61932876,15.18986724,15.27389232,6466350,106282763.5,0.790400
2024-05-24,15.27389232,15.39526188,15.04048932,15.08716992,4888197,79556813.37,0.600200
2024-05-27,15.2178756,15.3579174,14.97513648,15.32990904,4708814,76509901.09,0.578200
2024-05-28,15.29256456,15.32990904,15.04048932,15.0778338,4521154,73440271.56,0.555200
2024-05-29,15.01248096,15.08716992,14.8911114,14.99380872,4967064,79729822.08,0.609900
2024-05-30,14.99380872,15.05916156,14.73239736,14.80708632,4272155,67996654.95,0.524600
2024-05-31,14.86310304,15.04982544,14.85376692,14.90978364,5016700,80359186.0,0.616000
2024-06-03,14.90978364,15.1245144,14.76040572,14.8444308,4524222,72441693.9,0.555500
2024-06-04,14.80708632,15.00314484,14.73239736,14.9844726,3940008,62819083.45,0.483800
2024-06-05,14.9844726,14.9844726,14.5643472,14.57368332,7294834,114787963.08,0.895700
2024-06-06,14.64837228,14.76974184,14.50833048,14.53633884,3978034,62301563.83,0.488500
2024-06-07,14.60169168,14.82575856,14.25625524,14.44297764,5047937,77835244.34,0.619800
2024-06-11,14.44297764,14.49899436,14.12554956,14.3309442,3856897,58959278.07,0.473600
2024-06-12,14.237583,14.45231376,14.17223016,14.3309442,3865384,59386765.6,0.474600
2024-06-13,14.31227196,14.4243054,14.01351612,14.07886896,5200825,78757702.92,0.638600
2024-06-14,14.23231684,14.63511826,14.08845919,14.62552775,6165400,92686359.15,0.757100
2024-06-17,14.4816701,14.75979489,14.46248908,14.62552775,4834900,73798645.11,0.593700
2024-06-18,14.62552775,14.68307081,14.4816701,14.58716571,3248100,49335211.0,0.398800
2024-06-19,14.5775752,14.64470877,14.26108837,14.31863143,2945272,44178528.96,0.361700
2024-06-20,14.25149786,14.32822194,13.91583001,13.97337307,3781240,55529988.4,0.464300
2024-06-21,14.0021446,14.17477378,13.86787746,14.04050664,2240657,32820146.05,0.275100
2024-06-24,14.01173511,14.07886868,13.65688624,13.75279134,3837700,55425974.0,0.471200
2024-06-25,13.63770522,14.04050664,13.63770522,13.85828695,3221000,46521293.0,0.395500
2024-06-26,13.84869644,14.05009715,13.69524828,14.04050664,3519201,50969711.5,0.432100
2024-06-27,14.01173511,14.01173511,13.66647675,13.7144293,3908700,56177476.0,0.480000
2024-06-28,13.68565777,13.89664899,13.46507604,13.49384757,4525100,64603820.0,0.555600
2024-07-01,13.46507604,13.65688624,13.37876145,13.48425706,4249725,59814682.38,0.521800
2024-07-02,13.48425706,13.48425706,12.90882646,12.98555054,7669900,104416608.0,0.941800
2024-07-03,13.10063666,13.15817972,12.7553783,12.7553783,5036360,67757660.17,0.618400
2024-07-04,12.81292136,13.02391258,12.60193014,12.66906371,4658042,62132227.41,0.572000
2024-07-05,12.66906371,12.79374034,12.44848198,12.73619728,3518164,46301452.76,0.432000
2024-07-08,12.63070167,12.67865422,12.3717579,12.43889147,4346600,56666944.0,0.533700
2024-07-09,12.38134841,12.5635681,12.15117617,12.54438708,4670656,60331658.24,0.573500
2024-07-10,12.53479657,12.67865422,12.43889147,12.51561555,4362100,57172257.2,0.535600
2024-07-11,12.6594732,12.96636952,12.57315861,12.91841697,5300400,70784276.0,0.650800
2024-07-12,12.9471885,13.01432207,12.55397759,12.69783524,6552100,86785603.0,0.804500
2024-07-15,12.69783524,12.71701626,12.53479657,12.63070167,4384600,57742034.0,0.538400
2024-07-16,12.53479657,12.60193014,12.40052943,12.45807249,4220900,54901303.0,0.518300
2024-07-17,12.33339586,12.42930096,12.05527107,12.31421484,5132318,65467313.98,0.630200
2024-07-18,12.31421484,12.73619728,12.13199515,12.69783524,6596352,85953755.4,0.810000
2024-07-19,12.67865422,12.67865422,12.53479657,12.63070167,4115175,54015342.64,0.505300
2024-07-22,12.63070167,12.66906371,12.467663,12.51561555,3683200,48189451.0,0.452300
2024-07-23,12.51561555,12.61152065,12.18953821,12.19912872,3616884,46599255.08,0.444100
2024-07-24,12.13199515,12.22790025,11.99772801,12.00731852,3717800,46932567.0,0.456500
2024-07-25,12.00731852,12.22790025,11.92100393,12.14158566,2783772,35123772.12,0.341800
2024-07-26,12.29503382,12.6594732,12.29503382,12.48684402,5664518,73868334.82,0.695600
2024-07-29,12.52520606,12.5635681,12.2758528,12.30462433,4672855,60302835.52,0.573800
2024-07-30,12.2758528,12.32380535,12.13199515,12.18953821,4167056,53024369.79,0.511700
2024-07-31,12.20871923,12.96636952,12.13199515,12.9471885,8822076,116942778.72,1.083300
2024-08-01,12.97596003,13.02391258,12.69783524,12.70742575,5893354,78738801.36,0.723700
2024-08-02,12.63070167,12.87046442,12.52520606,12.58274912,5804972,76822489.67,0.712800
2024-08-05,12.467663,12.80333085,12.19912872,12.22790025,8539842,110917300.82,1.048600
2024-08-06,12.35257688,12.5635681,12.29503382,12.44848198,4032038,52111679.06,0.495100
2024-08-07,12.3717579,12.44848198,12.16076668,12.19912872,4178349,53406765.77,0.513100
2024-08-08,12.18953821,12.54438708,12.09363311,12.44848198,4674724,60244536.56,0.574000
2024-08-09,12.49643453,12.60193014,12.2758528,12.28544331,3041707,39406424.48,0.373500
2024-08-12,12.30462433,12.40052943,12.18953821,12.29503382,2757369,35379719.79,0.338600
2024-08-13,12.2758528,12.35257688,12.0840426,12.22790025,5177300,65710657.0,0.635700
2024-08-14,12.21830974,12.25667178,11.9881375,11.99772801,3401100,42775922.0,0.417600
2024-08-15,12.00731852,12.22790025,11.88264189,12.07445209,3761300,47394273.0,0.461900
2024-08-16,12.0840426,12.1799477,11.9881375,11.99772801,3467069,43597821.19,0.425700
2024-08-19,11.94018495,12.23749076,11.91141342,12.09363311,3400968,42990158.78,0.417600
2024-08-20,12.07445209,12.12240464,11.87305138,11.93059444,3408600,42498173.1,0.418500
2024-08-21,11.87305138,11.9881375,11.73878424,11.85387036,3213730,39749848.93,0.394600
2024-08-22,11.88264189,11.97854699,11.7004222,11.90182291,3789586,46782477.91,0.465300
2024-08-23,11.87305138,12.31421484,11.80591781,12.14158566,5855000,73936409.1,0.718900
2024-08-26,12.20871923,12.21830974,11.90182291,12.16076668,4144298,52190637.7,0.508900
2024-08-27,12.13199515,12.13199515,11.94977546,12.01690903,3619115,45341925.86,0.444400
2024-08-28,12.05527107,12.15117617,11.47024996,12.0840426,8656534,107482334.03,1.063000
2024-08-29,12.01690903,12.22790025,11.9881375,12.18953821,6621037,83902760.0,0.813000
2024-08-30,12.19912872,12.62111116,12.0840426,12.36216739,9629689,124809109.67,1.182400
2024-09-02,12.32380535,12.40052943,11.94977546,11.9881375,7458001,94299295.41,0.915700
2024-09-03,11.83468934,12.26626229,11.83468934,12.11281413,5965744,75198539.94,0.732500
2024-09-04,12.00731852,12.21830974,11.96895648,12.06486158,4269201,53867637.56,0.524200
2024-09-05,12.12240464,12.3717579,12.10322362,12.24708127,3966200,50489155.0,0.487000
2024-09-06,12.22790025,12.31421484,12.03609005,12.05527107,4510100,57167223.0,0.553800
2024-09-09,12.02649954,12.05527107,11.71960322,11.80591781,5864670,72462102.39,0.725700
2024-09-10,11.81550832,11.94977546,11.64287914,11.88264189,3709440,45664726.4,0.459000
2024-09-11,11.83468934,12.30462433,11.7963273,12.22790025,6266200,79352415.0,0.775400
2024-09-12,12.22790025,12.36216739,12.03609005,12.04568056,3664272,46485711.32,0.453400
2024-09-13,12.04568056,12.16076668,11.94018495,11.94977546,3193872,40099627.0,0.395200
2024-09-18,11.94977546,12.21830974,11.84427985,12.16076668,4144272,51970724.08,0.512800
2024-09-19,12.17035719,13.0430936,12.13199515,12.97596003,15091355,200514406.7,1.867400
2024-09-20,12.92800748,12.9471885,12.74578779,12.84169289,7637169,102088826.46,0.945000
2024-09-23,12.93759799,13.0430936,12.70742575,12.76496881,4928060,65882385.6,0.609800
2024-09-24,12.80333085,13.14858921,12.49643453,13.11022717,11820890,158416529.78,1.462700
2024-09-25,13.16777023,13.41712349,12.91841697,12.95677901,13719678,188349833.98,1.697600
2024-09-26,12.88005493,13.60893369,12.86087391,13.59934318,9557938,131955812.44,1.182700
2024-09-27,13.7144293,14.23231684,13.64729573,14.0980497,11117501,161302316.86,1.375700
2024-09-30,14.62552775,15.31604447,14.33781245,15.12423427,20046806,310136841.37,2.480500
2024-10-08,16.62994434,16.62994434,14.8652905,15.74761742,23791757,390415614.85,2.943900
2024-10-09,15.4407211,15.50785467,14.49126061,14.60634673,14436335,225358072.89,1.786300
2024-10-10,14.60634673,15.10505325,14.47207959,14.50085112,10479576,161039929.42,1.296700
2024-10-11,14.47207959,14.53921316,13.77197236,13.92542052,10052720,147971726.6,1.243900
2024-10-14,14.05009715,14.37617449,13.67606726,14.29945041,8880198,130330782.29,1.098800
2024-10-15,14.24190735,14.2898599,13.75279134,13.8103344,8225164,120424481.48,1.017800
2024-10-16,13.69524828,13.9062395,13.56098114,13.73361032,5841160,83515942.9,0.722800
2024-10-17,13.79115338,13.93501103,13.56098114,13.57057165,6578400,94101597.0,0.814000
2024-10-18,13.51302859,14.1939548,13.50343808,13.9062395,10156382,146698421.58,1.256700
2024-10-21,13.95419205,13.97337307,13.55139063,13.72401981,10067379,144286308.56,1.245700
2024-10-22,13.72401981,14.12682123,13.65688624,14.05009715,9119904,132935238.21,1.128500
2024-10-23,14.05009715,14.14600225,13.9062395,13.96378256,7949772,116157729.52,0.983700
2024-10-24,13.94460154,14.05968766,13.83910593,13.91583001,5198310,75467455.7,0.643200
2024-10-25,13.94460154,14.1939548,13.83910593,14.08845919,8577720,125238162.2,1.061400
2024-10-28,14.0980497,14.35699347,13.99255409,14.26108837,8622428,127460561.56,1.066900
2024-10-29,14.43371755,15.69007436,14.35699347,15.35440651,32877066,517499764.19,4.068100
2024-10-30,15.36399702,15.40235906,14.20354531,14.40494602,28419904,431902795.85,3.516600
2024-10-31,14.50085112,14.59675622,13.91583001,14.24190735,18850016,277973972.85,2.332500
2024-11-01,14.07886868,14.17477378,13.73361032,13.75279134,14638969,212840751.51,1.811400
2024-11-04,13.8103344,14.0980497,13.8103344,14.05009715,9843937,143434714.14,1.218100
2024-11-05,14.05968766,14.42412704,14.03091613,14.37617449,14341317,213112458.62,1.774600
2024-11-06,14.37617449,14.385765,14.01173511,14.11723072,15249915,225781478.45,1.887000
2024-11-07,13.98296358,14.52962265,13.86787746,14.52962265,16083703,239653440.89,1.990200
2024-11-08,14.6734803,14.77897591,14.29945041,14.54880367,17827407,270274374.03,2.205900
2024-11-11,14.52962265,14.60634673,14.39535551,14.59675622,11527390,174351339.12,1.426400
2024-11-12,14.65429928,14.94201458,14.4816701,14.62552775,17006866,261181636.01,2.104400
2024-11-13,14.5775752,14.6734803,14.33781245,14.56798469,8815241,133471056.05,1.090800
2024-11-14,14.56798469,14.60634673,14.22272633,14.2898599,9600051,144332618.07,1.187900
2024-11-15,14.25149786,14.43371755,14.11723072,14.12682123,7882354,117339490.83,0.975300
2024-11-18,14.17477378,14.24190735,13.83910593,13.94460154,8274832,121154605.6,1.023900
2024-11-19,13.97337307,14.26108837,13.95419205,14.24190735,6935211,102273186.12,0.858100
2024-11-20,14.24190735,14.35699347,14.14600225,14.30904092,6840253,101705008.88,0.846400
2024-11-21,14.36658398,14.385765,13.93501103,14.10764021,8895720,130801240.74,1.100700
2024-11-22,14.0980497,14.22272633,13.53220961,13.53220961,11097021,160439250.39,1.373100
2024-11-25,13.57057165,13.73361032,13.38835196,13.56098114,6123225,86498734.32,0.757700
2024-11-26,13.5226191,13.65688624,13.49384757,13.51302859,4296064,60743297.52,0.531600
2024-11-27,13.47466655,13.84869644,13.3308089,13.84869644,6838771,97250306.67,0.846200
2024-11-28,13.84869644,13.88705848,13.65688624,13.69524828,5269749,75594012.67,0.652100
2024-11-29,13.59934318,14.0021446,13.58975267,13.92542052,6491422,94055616.92,0.803200
2024-12-02,13.93501103,14.0980497,13.83910593,14.04050664,6948621,101605541.06,0.859800
2024-12-03,14.04050664,14.07886868,13.83910593,14.05968766,6676800,97123243.54,0.826200
2024-12-04,13.97337307,14.21313582,13.9062395,13.96378256,5696859,83380022.24,0.704900
2024-12-05,13.86787746,14.02132562,13.78156287,13.95419205,3649504,52942976.04,0.451600
2024-12-06,13.95419205,14.15559276,13.91583001,14.13641174,6994836,102618144.63,0.865500
2024-12-09,14.17477378,14.41453653,14.10764021,14.26108837,8387591,124804236.34,1.037900
2024-12-10,14.56798469,14.65429928,14.21313582,14.24190735,13815906,208386451.87,1.709500
2024-12-11,14.22272633,14.53921316,14.20354531,14.46248908,7608976,114705472.53,0.941500
2024-12-12,14.52003214,14.68307081,14.43371755,14.6734803,8117700,123249770.0,1.004500
2024-12-13,14.6734803,14.68307081,14.32822194,14.34740296,8545388,128830816.46,1.057400
2024-12-16,14.35699347,14.45289857,14.15559276,14.26108837,6700200,99611244.0,0.829100
2024-12-17,14.23231684,14.42412704,14.10764021,14.1939548,6211267,92174040.6,0.768600
2024-12-18,14.14600225,14.29945041,14.12682123,14.18436429,4053010,60086383.7,0.501500
2024-12-19,14.11723072,14.21313582,13.88705848,14.21313582,6134901,89888179.79,0.759100
2024-12-20,14.18436429,14.61593724,14.13641174,14.32822194,8297681,124770311.38,1.026700
2024-12-23,14.35699347,14.6734803,14.31863143,14.47207959,11963746,180805953.54,1.480400
2024-12-24,14.45289857,14.85569999,14.45289857,14.78856642,14494647,222689412.27,1.793500
2024-12-25,14.78856642,14.78856642,14.50085112,14.62552775,8537800,130189999.16,1.056400
2024-12-26,14.62552775,14.68307081,14.51044163,14.60634673,7049400,107187767.0,0.872300
2024-12-27,14.53921316,14.62552775,14.37617449,14.52962265,7805132,118108542.58,0.965800
2024-12-30,14.42412704,14.66388979,14.41453653,14.52962265,5859440,89046399.29,0.725000
2024-12-31,14.54880367,14.70225183,14.36658398,14.385765,8574316,129560982.38,1.061000
2025-01-02,14.34740296,14.77897591,14.24190735,14.37617449,13084890,197970824.08,1.619100
2025-01-03,14.385765,14.72143285,14.05009715,14.10764021,13440149,201799165.43,1.663100
2025-01-06,13.99255409,14.55839418,13.95419205,14.31863143,10394516,154966031.29,1.286200
2025-01-07,14.37617449,15.04751019,14.20354531,14.89406203,22057657,340806490.15,2.729400
2025-01-08,14.8652905,15.22972988,14.70225183,15.16259631,22696215,354750369.33,2.808400
2025-01-09,15.0571007,15.1530058,14.75979489,14.98037662,14215921,222095353.25,1.759000
2025-01-10,14.9611956,14.99955764,14.50085112,14.52003214,14004600,214215334.28,1.732900
2025-01-13,14.30904092,14.45289857,13.9062395,13.96378256,12492905,183624740.47,1.545800
2025-01-14,13.96378256,14.60634673,13.89664899,14.60634673,12958094,193795946.06,1.603400
2025-01-15,14.5775752,14.75979489,14.41453653,14.56798469,10282965,156306047.73,1.272400
2025-01-16,14.61593724,15.21054886,14.60634673,14.81733795,16236531,252987787.43,2.009100
2025-01-17,14.73102336,14.97078611,14.53921316,14.90365254,8950249,137896264.91,1.107500
2025-01-20,15.03791968,15.22972988,14.95160509,15.11464376,10701988,168720826.49,1.324200
2025-01-21,15.07628172,15.1530058,14.74061387,14.95160509,8146800,126628228.0,1.008100
2025-01-22,14.88447152,14.97078611,14.58716571,14.80774744,6801423,104571839.24,0.841600
2025-01-23,15.00914815,15.06669121,14.73102336,14.74061387,7972765,123703063.55,0.986500
2025-01-24,14.70225183,14.9611956,14.68307081,14.91324305,6739074,104424500.44,0.833900
2025-01-27,14.91324305,15.09546274,14.87488101,15.00914815,7325098,114563431.72,0.906400
2025-02-05,15.0571007,15.10505325,14.33781245,14.34740296,12428903,188810534.77,1.537900
2025-02-06,14.37617449,14.53921316,14.28026939,14.50085112,12903686,194012558.53,1.596700
2025-02-07,14.51044163,14.89406203,14.33781245,14.72143285,12485820,191345039.19,1.545000
2025-02-10,14.72143285,14.75020438,14.51044163,14.53921316,9042980,137572094.84,1.119000
2025-02-11,14.62552775,14.77897591,14.42412704,14.66388979,7105653,108078183.9,0.879200
2025-02-12,14.6734803,14.78856642,14.52962265,14.6734803,6606247,100873673.68,0.817400
2025-02-13,14.6734803,14.81733795,14.39535551,14.43371755,9818404,149138519.79,1.214900
2025-02-14,14.40494602,14.53921316,14.33781245,14.385765,7513116,112981387.73,0.929700
2025-02-17,14.39535551,14.47207959,14.17477378,14.25149786,11240973,167467231.57,1.390900
2025-02-18,14.25149786,14.2898599,14.02132562,14.0980497,8263456,122077058.68,1.022500
2025-02-19,14.0980497,14.20354531,13.96378256,14.1939548,6995657,102824808.04,0.865600
2025-02-20,14.35699347,14.84610948,14.35699347,14.6734803,18411526,281476180.38,2.278200
2025-02-21,14.66388979,15.01873866,14.58716571,14.88447152,14006592,215710648.06,1.733100
2025-02-24,14.87488101,15.02832917,14.70225183,14.77897591,10309500,159784531.0,1.275700
2025-02-25,14.6734803,14.7693854,14.47207959,14.55839418,8354448,127347681.49,1.033800
2025-02-26,14.56798469,14.7693854,14.56798469,14.6734803,5425400,83010790.0,0.671300
2025-02-27,14.72143285,14.82692846,14.59675622,14.79815693,7043700,108114021.12,0.871600
2025-02-28,14.79815693,15.81475099,14.79815693,15.18177733,22332800,357888754.0,2.763400
2025-03-03,15.18177733,15.51744518,15.11464376,15.20095835,14047430,224284696.54,1.738200
2025-03-04,15.08587223,15.61335028,14.98996713,15.42154008,13118324,210396991.6,1.623200
2025-03-05,15.4407211,15.7284364,15.27768243,15.45031161,16319569,263527795.76,2.019300
2025-03-06,15.51744518,16.06410425,15.35440651,15.79556997,20611807,337145441.62,2.550500
2025-03-07,15.75720793,16.02574221,15.5366262,15.69007436,15730852,258064012.37,1.946500
2025-03-10,15.57498824,16.28468598,15.49826416,16.22714292,20482492,341172356.76,2.534500
2025-03-11,16.0161517,16.303867,15.93942762,16.13123782,11549001,193703922.48,1.429000
2025-03-12,16.14082833,16.19837139,15.8243415,15.85311303,10999978,183424506.06,1.361100
2025-03-13,15.91065609,15.99697068,15.68048385,15.84352252,8444262,139336557.94,1.044900
2025-03-14,15.81475099,16.25591445,15.78597946,16.1120568,10118969,169229053.57,1.252100
2025-03-17,16.10246629,16.23673343,15.97778966,15.98738017,7877858,131939076.02,0.974800
2025-03-18,16.07369476,16.07369476,15.7284364,15.87229405,11239733,185762760.82,1.390800
2025-03-19,15.8243415,15.89147507,15.70925538,15.77638895,6749957,111008301.38,0.835200
2025-03-20,15.77638895,15.84352252,15.60375977,15.6325313,6655886,109199026.8,0.823600
2025-03-21,15.62294079,15.92983711,15.60375977,15.67089334,7004469,114858059.05,0.866700
2025-03-24,15.81475099,15.98738017,15.66130283,15.86270354,9474169,156433530.56,1.172300
2025-03-25,15.8243415,15.93942762,15.69966487,15.77638895,5969771,98280461.08,0.738700
2025-03-26,15.69007436,15.79556997,15.51744518,15.55580722,5956033,96818457.99,0.737000
2025-03-27,15.54621671,15.60375977,15.4407211,15.49826416,4250635,68793057.25,0.526000
2025-03-28,15.40235906,15.65171232,15.40235906,15.45031161,4359159,70513546.16,0.539400
2025-03-31,15.35440651,15.69966487,15.30645396,15.49826416,5623275,90818377.09,0.695800
2025-04-01,15.48867365,15.60375977,15.36399702,15.4407211,4665063,75270868.53,0.577200
2025-04-02,15.51744518,15.67089334,15.37358753,15.60375977,3673043,59655416.01,0.454500
2025-04-03,15.40235906,15.40235906,14.32822194,14.35699347,18502337,282304537.83,2.289400
2025-04-07,13.1389987,13.62811471,12.91841697,12.91841697,9106665,123999171.62,1.126800
2025-04-08,12.47725351,12.72660677,11.94018495,12.29503382,16077878,205029215.81,1.989400
2025-04-09,12.00731852,12.25667178,11.55656455,12.17035719,11516281,144178749.34,1.425000
2025-04-10,12.93759799,13.10063666,12.66906371,12.72660677,12757254,170875378.31,1.578600
2025-04-11,12.59233963,12.98555054,12.467663,12.82251187,7319947,97052788.08,0.905800
2025-04-14,13.05268411,13.10063666,12.55397759,12.67865422,10154400,135264403.46,1.256500
2025-04-15,12.69783524,12.69783524,12.45807249,12.60193014,6070397,79589689.75,0.751100
2025-04-16,12.51561555,12.54438708,12.09363311,12.21830974,9803473,125191509.56,1.213100
2025-04-17,12.18953821,12.39093892,12.14158566,12.2758528,3956013,50670335.4,0.489500
2025-04-18,12.24708127,12.38134841,12.15117617,12.33339586,3968035,50752915.75,0.491000
2025-04-21,12.35257688,12.57315861,12.25667178,12.55397759,5029800,65250755.0,0.622400
2025-04-22,12.55397759,12.55397759,12.3717579,12.44848198,4667646,60614507.54,0.577600
2025-04-23,12.63070167,12.88005493,12.63070167,12.7553783,9227623,122715381.26,1.141800
2025-04-24,12.78414983,12.97596003,12.67865422,12.70742575,5794700,77408628.0,0.717000
2025-04-25,12.71701626,12.88964544,12.71701626,12.78414983,4873328,65173522.34,0.603000
2025-04-28,12.77455932,12.83210238,12.40052943,12.467663,6238800,81334566.0,0.772000
2025-04-29,12.84169289,13.37876145,12.80333085,12.99514105,12281545,166941759.11,1.519700
2025-04-30,13.00473156,13.40753298,13.00473156,13.25408482,8356025,115364323.65,1.034000
2025-05-06,13.40753298,13.46507604,13.25408482,13.46507604,8064507,112555135.38,0.997900
2025-05-07,13.7144293,13.76238185,13.40753298,13.47466655,7476700,105512106.84,0.925100
2025-05-08,13.44589502,13.79115338,13.37876145,13.70483879,6191836,88055936.99,0.766200
2025-05-09,13.66647675,13.78156287,13.47466655,13.50343808,7585864,107304503.98,0.938700
2025-05-12,13.85828695,14.36658398,13.80074389,14.22272633,14168336,208885966.41,1.753200
2025-05-13,14.60634673,14.61593724,14.17477378,14.31863143,10599117,158662035.65,1.311500
2025-05-14,14.17477378,14.47207959,14.05009715,14.31863143,6725900,100082408.32,0.832200
2025-05-15,14.32822194,14.35699347,14.14600225,14.25149786,5608717,83368130.13,0.694000
2025-05-16,14.24190735,14.29945041,14.12682123,14.13641174,4646800,68875755.77,0.575000
2025-05-19,14.10764021,14.1939548,13.98296358,14.12682123,3661541,53740491.52,0.453100
2025-05-20,14.12682123,14.1939548,14.0021446,14.11723072,3248163,47749628.84,0.401900
2025-05-21,14.10764021,14.14600225,14.01173511,14.08845919,3757863,55121903.73,0.465000
2025-05-22,14.05968766,14.16518327,13.9062395,13.95419205,4265556,62334988.36,0.527800
2025-05-23,13.95419205,14.07886868,13.76238185,13.76238185,3727067,54052091.21,0.461200
2025-05-26,13.78156287,13.85828695,13.6185242,13.7144293,3503091,50173695.14,0.433500
2025-05-27,13.78156287,13.80074389,13.426714,13.69524828,3100800,44241494.0,0.383700
2025-05-28,13.7144293,13.80074389,13.62811471,13.72401981,2953556,42178449.24,0.365500
2025-05-29,13.79115338,13.95419205,13.74320083,13.88705848,5221028,75353684.88,0.646000
2025-05-30,13.86787746,13.86787746,13.58016216,13.58975267,4141700,59020542.0,0.512500
2025-06-03,13.5226191,13.62811471,13.43630451,13.58016216,4453883,62856177.13,0.551100
2025-06-04,13.6185242,13.80074389,13.58975267,13.76238185,3271098,46823444.08,0.404800
2025-06-05,13.72401981,13.83910593,13.69524828,13.76238185,2880978,41384512.86,0.356500
2025-06-06,13.76238185,13.8103344,13.6185242,13.76238185,3465793,49544540.53,0.428800
2025-06-09,13.76238185,13.89664899,13.72401981,13.85828695,4584784,66041842.04,0.567300
2025-06-10,13.85828695,13.98296358,13.60893369,13.76238185,3816300,54908714.44,0.472200
2025-06-11,13.80198006,13.98019788,13.78217808,13.90098996,3823710,53680091.0,0.473100
2025-06-12,13.94059392,13.9603959,13.6633662,13.861386,3995800,55642422.66,0.494400
2025-06-13,13.7623761,13.80198006,13.43564343,13.57425729,5404500,74132976.26,0.668700
2025-06-16,13.57425729,13.74257412,13.54455432,13.63366323,3304709,45647463.33,0.408900
2025-06-17,13.69306917,13.69306917,13.48514838,13.58415828,2756697,37784257.55,0.341100
2025-06-18,13.58415828,13.64356422,13.37623749,13.40594046,3337071,45421723.08,0.412900
2025-06-19,13.40594046,13.50495036,13.23762363,13.44554442,4703900,63566546.0,0.582000
2025-06-20,13.39603947,13.51485135,13.30693056,13.37623749,3595444,48608999.44,0.444900
2025-06-23,13.29702957,13.3663365,13.17821769,13.27722759,3125793,41882723.13,0.386800
2025-06-24,13.33663353,13.64356422,13.31683155,13.64356422,3899857,53377507.35,0.482600
2025-06-25,13.64356422,15.00990084,13.54455432,15.00990084,25984090,384177548.81,3.215200
2025-06-26,15.43564341,15.83168301,14.97029688,15.17821767,42104985,651002271.71,5.210000
2025-06-27,15.09900975,15.1485147,14.57425728,14.6534652,23893871,356040748.75,2.956600
2025-06-30,14.83168302,14.84158401,14.42574243,14.5544553,16092469,236036615.02,1.991200
2025-07-01,14.51485134,14.851485,14.41584144,14.67326718,18280660,269867138.89,2.262000
2025-07-02,14.5544553,14.82178203,14.42574243,14.54455431,13806222,203785206.19,1.708300
2025-07-03,14.50495035,14.60396025,14.42574243,14.51485134,8846515,129591111.3,1.094600
2025-07-04,14.61386124,14.6534652,14.32673253,14.3564355,9108603,132897785.64,1.127100
2025-07-07,14.36633649,14.50495035,14.30693055,14.42574243,6344244,92405317.4,0.785000
2025-07-08,14.43564342,14.56435629,14.3564355,14.5544553,8825732,129105987.76,1.092100
2025-07-09,14.56435629,14.62376223,14.36633649,14.39603946,7907100,115859650.1,0.978400
2025-07-10,14.39603946,14.46534639,14.34653451,14.4554454,5174548,75307343.84,0.640300
2025-07-11,14.42574243,14.81188104,14.40594045,14.56435629,13116243,194041216.22,1.623000
2025-07-14,14.56435629,14.93069292,14.56435629,14.851485,13616210,203823984.75,1.684800
2025-07-15,14.86138599,15.03960381,14.66336619,14.80198005,10950220,163797076.55,1.355000
2025-07-16,14.7524751,14.98019787,14.62376223,14.71287114,11168776,166420183.2,1.382000
2025-07-17,14.71287114,14.7524751,14.54455431,14.64356421,9074852,133892665.4,1.122900
2025-07-18,14.66336619,14.72277213,14.56435629,14.71287114,8001590,118365724.54,0.990100
2025-07-21,14.72277213,14.88118797,14.64356421,14.88118797,9681157,144469153.31,1.197900
2025-07-22,14.88118797,14.88118797,14.59405926,14.77227708,9496847,141255334.42,1.175100
2025-07-23,14.72277213,14.93069292,14.71287114,14.73267312,11172233,167294618.55,1.382400
2025-07-24,14.7524751,14.93069292,14.69306916,14.851485,10693480,159723512.6,1.323200
2025-07-25,14.89108896,15.10891074,14.79207906,14.91089094,10692867,161257013.07,1.323100
2025-07-28,14.92079193,14.96039589,14.74257411,14.78217807,8105889,121429119.43,1.003000
2025-07-29,14.7524751,14.77227708,14.57425728,14.7524751,7886903,116777941.49,0.975900
2025-07-30,14.76237609,15.00990084,14.67326718,14.94059391,12547383,188921733.94,1.552600
2025-07-31,14.91089094,14.94059391,14.58415827,14.62376223,9127206,135740799.01,1.129400
2025-08-01,14.63366322,14.80198005,14.60396025,14.74257411,6366648,94613499.76,0.787800
2025-08-04,14.68316817,14.73267312,14.44554441,14.58415827,7323147,107563137.48,0.906100
2025-08-05,14.60396025,15.16831668,14.59405926,14.99999985,14571698,220199142.88,1.803100
2025-08-06,14.99999985,15.03960381,14.86138599,15.02970282,7343804,111057653.11,0.908700
2025-08-07,14.98019787,15.11881173,14.96039589,15.0495048,7938800,120561678.0,0.982300
2025-08-08,15.0495048,15.69306915,14.99999985,15.37623747,15909871,247347549.8,1.968700
2025-08-11,15.35643549,15.57425727,15.22772262,15.52475232,9661050,150978505.5,1.195400
2025-08-12,15.45544539,15.59405925,15.42574242,15.48514836,8457984,132399228.42,1.046600
2025-08-13,15.58415826,15.88118796,15.47524737,15.79207905,11981228,189676117.06,1.482500
2025-08-14,15.80198004,15.90098994,15.59405925,15.70297014,10165932,161620910.94,1.257900
2025-08-15,15.70297014,15.99009885,15.65346519,15.97029687,9466479,152149707.1,1.171400
2025-08-18,16.01980182,16.21782162,15.72277212,15.82178202,12914899,207359808.44,1.598100
2025-08-19,15.82178202,15.91089093,15.56435628,15.78217806,9279135,147259492.07,1.148200
2025-08-20,15.73267311,15.841584,15.61386123,15.841584,7491201,119075868.86,0.926900
2025-08-21,16.0396038,16.88118795,15.89108895,16.5346533,22647146,375184915.47,2.802300
2025-08-22,16.49504934,17.27722755,16.4356434,16.96039587,17005752,291606974.22,2.104300
2025-08-25,17.1287127,17.1287127,16.6336632,16.89108894,15670608,267010479.91,1.939000
2025-08-26,16.90098993,16.95049488,16.7326731,16.78217805,8307669,141141644.18,1.028000
2025-08-27,16.77227706,17.04950478,16.41584142,16.4356434,12220263,206529425.94,1.512200
2025-08-28,16.5346533,16.81188102,16.20792063,16.6336632,13759266,229933359.91,1.702700
2025-08-29,16.81188102,16.81188102,16.12871271,16.19801964,13694109,226056226.51,1.694600
2025-09-01,16.00990083,16.18811865,15.59405925,15.66336618,16045631,255773060.38,1.985600
2025-09-02,15.69306915,15.72277212,15.2475246,15.51485133,11584629,180947029.24,1.433600
2025-09-03,15.52475232,15.61386123,15.23762361,15.32673252,5664190,88067882.94,0.700900
2025-09-04,15.32673252,15.42574242,15.10891074,15.31683153,7320710,113121656.59,0.905900
2025-09-05,15.33663351,15.52475232,15.2475246,15.48514836,8313589,129579790.69,1.028800
2025-09-08,15.49504935,15.67326717,15.42574242,15.59405925,9511480,149139268.29,1.177000
2025-09-09,15.57425727,15.57425727,15.30693054,15.47524737,6063484,94443248.02,0.750300
2025-09-10,15.43564341,15.5445543,15.36633648,15.46534638,6528498,102123485.26,0.807900
2025-09-11,15.46534638,15.61386123,15.36633648,15.61386123,6329775,99177262.65,0.783300
2025-09-12,15.62376222,15.6435642,15.41584143,15.4455444,5916264,92614700.57,0.732100
2025-09-15,15.42574242,15.58415826,15.26732658,15.51485133,6248481,97632761.56,0.773200
2025-09-16,15.51485133,15.89108895,15.48514836,15.72277212,8259185,130907780.18,1.022000
2025-09-17,15.68316816,16.1386137,15.68316816,16.02970281,9754223,157434120.27,1.207100
2025-09-18,16.02970281,16.26732657,15.85148499,16.02970281,12255011,199125062.09,1.516500
2025-09-19,15.99999984,16.18811865,15.73267311,16.12871271,8799498,141849642.9,1.088900
2025-09-22,16.10891073,16.58415825,15.98019786,16.05940578,11069640,181741361.78,1.369800
2025-09-23,16.02970281,16.20792063,15.69306915,15.98019786,9258419,148793465.88,1.145700
2025-09-24,15.92079192,16.3366335,15.841584,16.25742558,7495761,121981501.83,0.927600
2025-09-25,16.25742558,16.25742558,15.89108895,15.96039588,5949596,96386950.08,0.736200
2025-09-26,15.92079192,15.93069291,15.62376222,15.82178202,7050165,112204866.51,0.872400
2025-09-29,15.79207905,15.81188103,15.37623747,15.53465331,8518369,133498940.06,1.054100
2025-09-30,15.55445529,15.65346519,15.41584143,15.56435628,4924001,77289506.66,0.609300
2025-10-09,15.56435628,15.80198004,15.26732658,15.67326717,7713200,120745117.84,0.954500
2025-10-10,15.61386123,15.99999984,15.56435628,15.87128697,7240801,116060701.0,0.896000
2025-10-13,15.3465345,15.42574242,15.03960381,15.26732658,9831700,150909468.0,1.216600
2025-10-14,15.27722757,15.50495034,15.09900975,15.09900975,8032358,123572442.24,0.994000
2025-10-15,15.17821767,15.36633648,15.09900975,15.21782163,6901441,106034738.53,0.854000
2025-10-16,15.19801965,15.21782163,14.94059391,14.99999985,5671000,86383473.0,0.701800
2025-10-17,15.1,15.18,14.95,14.95,4957407,74730585.72,0.613500
2025-10-20,15.09,15.12,14.83,14.9,5605505,83625371.34,0.693700
2025-10-21,14.93,15.03,14.83,14.98,3920300,58688602.0,0.485100
2025-10-22,14.97,15.5,14.94,15.33,8019965,122832752.4,0.992400
2025-10-23,15.3,15.44,15.17,15.38,3716000,56878424.0,0.459800
2025-10-24,15.38,15.58,15.31,15.47,4907362,75742502.74,0.607300
2025-10-27,15.57,16.15,15.53,15.79,11008358,175012785.21,1.362200
2025-10-28,15.82,15.95,15.52,15.6,6431700,100907212.0,0.795900
2025-10-29,15.58,15.75,15.43,15.53,3899582,60428208.8,0.482600
2025-10-30,15.6,15.78,15.32,15.33,5619820,87168034.17,0.695400
2025-10-31,15.34,15.48,15.07,15.13,12271500,185847816.0,1.518600
2025-11-03,15.1,15.21,14.97,15.14,7064489,106707776.51,0.874200
2025-11-04,15.17,15.2,14.84,14.95,7057496,105961105.58,0.873300
2025-11-05,14.9,15.08,14.85,14.96,5422066,81198239.44,0.671000
2025-11-06,15.03,15.23,15.01,15.15,7440445,112669744.5,0.920700
2025-11-07,15.04,15.14,14.98,15.07,5273604,79421346.28,0.652600
2025-11-10,15.08,15.54,15.03,15.44,11644204,178233878.52,1.440900
2025-11-11,15.4,15.46,15.24,15.3,7758190,118827993.0,0.960000
2025-11-12,15.29,15.67,15.26,15.62,10797836,167827563.22,1.336200
2025-11-13,15.57,15.78,15.47,15.57,6990800,108767343.0,0.865100
2025-11-14,15.57,15.84,15.51,15.56,6405300,100390606.0,0.792600
2025-11-17,15.51,15.52,15.17,15.18,7022500,107282627.0,0.869000
2025-11-18,15.15,15.23,15.06,15.14,4521840,68537883.17,0.559600
2025-11-19,15.2,15.21,14.94,15.0,4713900,70913181.0,0.583300
2025-11-20,15.05,15.14,14.95,14.98,4110900,61819224.0,0.508700
2025-11-21,14.95,15.1,14.73,14.73,6805400,101285785.28,0.842100
2025-11-24,14.84,14.88,14.59,14.65,6122974,90064871.88,0.757700
2025-11-25,14.71,14.85,14.56,14.78,4824188,71164772.88,0.597000
2025-11-26,14.79,14.86,14.68,14.71,3058200,45099391.0,0.378400
2025-11-27,14.74,15.0,14.69,14.81,4015400,59669782.0,0.496900
2025-11-28,14.77,14.88,14.62,14.84,3108000,45813662.0,0.384600
2025-12-01,14.9,15.06,14.79,14.9,5918301,88386937.74,0.732400
2025-12-02,14.93,15.03,14.83,14.98,3615003,54067401.43,0.447300
2025-12-03,14.92,15.22,14.92,15.1,5828498,88154178.91,0.721300
2025-12-04,15.08,15.12,14.9,15.02,3561591,53521876.45,0.440700
2025-12-05,14.99,15.02,14.8,14.89,4313336,64166806.34,0.533800
2025-12-08,14.92,14.95,14.71,14.72,5334688,78950704.39,0.660100
2025-12-09,14.71,14.81,14.56,14.6,5160845,75735585.65,0.638600
2025-12-10,14.59,14.7,14.49,14.66,4060291,59182139.14,0.502400
2025-12-11,14.68,14.68,14.24,14.25,7911456,113918325.15,0.979000
2025-12-12,14.32,14.32,14.18,14.19,5691472,81015549.96,0.704300
2025-12-15,14.19,14.25,14.11,14.12,3817070,54139653.45,0.472300
2025-12-16,14.13,14.27,14.07,14.19,5281216,74899263.53,0.653500
2025-12-17,14.21,14.35,14.11,14.29,5039217,71657104.76,0.623600
2025-12-18,14.25,14.33,14.2,14.27,2836134,40470440.18,0.351000
2025-12-19,14.28,14.53,14.27,14.45,5090071,73488384.46,0.629900
2025-12-22,14.45,14.55,14.32,14.35,4525395,65115906.8,0.560000
2025-12-23,14.35,14.4,14.24,14.28,3597365,51427545.2,0.445200
2025-12-24,14.3,14.35,14.2,14.31,3982900,56924250.0,0.492900
2025-12-25,14.32,14.45,14.27,14.38,4820169,69350168.43,0.596500
2025-12-26,14.4,14.46,14.3,14.31,3703103,53184166.59,0.458200
2025-12-29,14.31,14.36,14.15,14.17,4284632,61048154.2,0.530200
2025-12-30,14.15,14.22,14.05,14.1,4667306,65991753.26,0.577600
2025-12-31,14.12,14.36,14.1,14.26,5264656,75000112.34,0.651500
2026-01-05,14.33,14.37,14.18,14.31,6735762,96306561.22,0.833500
2026-01-06,14.34,14.43,14.25,14.36,9454508,135438296.98,1.170000
2026-01-07,14.36,14.36,14.14,14.15,9777705,138851309.8,1.210000
2026-01-08,14.15,14.23,14.07,14.22,6237724,88430296.65,0.771900
2026-01-09,14.21,14.37,14.18,14.35,7221613,103146248.99,0.893600
2026-01-12,14.34,14.53,14.3,14.52,9185018,132608720.32,1.136600
2026-01-13,14.52,14.71,14.4,14.41,9935327,144466507.08,1.229500
2026-01-14,14.42,14.67,14.31,14.49,10054122,145881780.53,1.244200
2026-01-15,14.47,14.58,14.41,14.54,5612425,81409400.0,0.694500
2026-01-16,14.62,14.62,14.38,14.54,6875258,99600389.94,0.850800
2026-01-19,14.55,14.79,14.52,14.77,9381100,138061300.01,1.160900
2026-01-20,14.74,14.89,14.68,14.79,6862042,101275450.88,0.849200
2026-01-21,14.72,14.79,14.67,14.71,5891880,86713842.98,0.729100
2026-01-22,14.76,14.84,14.68,14.77,6207115,91648334.4,0.768100
2026-01-23,14.79,14.87,14.73,14.87,7166631,106119324.72,0.886800
2026-01-26,14.88,14.9,14.61,14.68,7843983,115483219.34,0.970700
2026-01-27,14.68,14.74,14.42,14.55,7804926,113472446.97,0.965800
2026-01-28,14.57,14.58,14.35,14.37,5326400,76829589.0,0.659100
2026-01-29,14.32,14.54,14.29,14.5,6090258,87916032.65,0.753600
2026-01-30,14.39,14.53,14.3,14.44,4855734,70101223.61,0.600900
2026-02-02,14.44,14.61,14.08,14.1,7875635,112812887.21,0.974600
2026-02-03,14.2,14.23,14.0,14.06,8121969,114390307.45,1.005100
2026-02-04,14.05,14.11,13.99,14.11,9548291,134157067.77,1.181600
2026-02-05,14.09,14.27,14.05,14.19,7397744,104961967.47,0.915400
2026-02-06,14.15,14.28,14.1,14.15,5615862,79738306.91,0.694900
2026-02-09,14.24,14.39,14.18,14.39,8599096,123022427.53,1.064100
2026-02-10,14.35,14.42,14.3,14.37,5275193,75819811.69,0.652800
2026-02-11,14.38,14.44,14.3,14.34,3828184,55090807.92,0.473700
2026-02-12,14.36,14.38,14.15,14.16,5293400,75172315.2,0.655000
2026-02-13,14.14,14.2,14.07,14.07,4563026,64453756.6,0.564700
2026-02-24,14.22,14.73,14.19,14.53,12120357,175378407.19,1.499900
2026-02-25,14.6,14.68,14.49,14.52,8497288,124107290.66,1.051500
2026-02-26,14.52,14.55,14.38,14.5,5853400,84560267.0,0.724300
2026-02-27,14.45,14.55,14.41,14.47,4290200,62071110.0,0.530900
2026-03-02,14.28,14.31,13.88,13.95,11502079,161489785.26,1.423300
2026-03-03,13.97,14.12,13.8,13.96,9297349,129916960.18,1.150500
2026-03-04,13.8,13.89,13.37,13.44,10527404,142801581.51,1.302700
2026-03-05,13.59,13.61,13.35,13.41,6715578,90442124.37,0.831000
2026-03-06,13.41,13.62,13.37,13.6,5159434,69726886.04,0.638500
2026-03-09,13.45,13.48,13.23,13.34,6746900,89792905.26,0.834900
2026-03-10,13.47,13.66,13.42,13.63,5601500,75827059.86,0.693200
2026-03-11,13.62,13.68,13.53,13.64,4335437,58997245.96,0.536500
2026-03-12,13.63,13.8,13.58,13.74,5567247,76275816.77,0.688900
2026-03-13,13.73,14.12,13.68,13.92,7777500,108186165.85,0.962400
2026-03-16,13.92,13.93,13.63,13.72,6596926,90667732.0,0.816300
2026-03-17,13.72,13.89,13.68,13.71,5339773,73703351.69,0.660800
2026-03-18,13.76,13.83,13.61,13.72,4688456,64211070.09,0.580200
2026-03-19,13.59,13.69,13.4,13.41,3933200,53147337.0,0.486700
2026-03-20,13.42,13.58,13.32,13.33,4721652,63446888.3,0.584300
2026-03-23,13.2,13.2,12.54,12.6,8107598,103901424.31,1.003300
2026-03-24,12.79,12.91,12.65,12.89,4293552,54947829.78,0.531300
2026-03-25,12.96,13.53,12.87,13.43,9829213,130204651.45,1.216300
2026-03-26,14.48,14.77,14.3,14.77,50649597,743152835.07,6.267700
2026-03-27,14.47,15.01,14.05,14.88,51145079,741444044.66,6.329000
2026-03-30,14.5,15.38,14.5,15.15,37025091,556723198.19,4.581700
2026-03-31,15.01,15.2,14.79,14.85,22565663,336955143.47,2.792400
2026-04-01,14.9,15.57,14.83,15.2,29426722,446695548.2,3.641500
2026-04-02,15.04,15.27,14.87,15.02,17491356,263289536.74,2.164500
2026-04-03,15.05,15.15,14.43,14.46,18114927,265176475.89,2.241700
2026-04-07,14.51,15.09,14.33,14.69,16107239,236686134.57,1.993200
2026-04-08,14.91,15.28,14.85,15.06,19566791,294748679.63,2.421300
2026-04-09,14.91,15.18,14.87,14.93,13984608,209976941.46,1.730500
2026-04-10,14.96,15.59,14.93,15.38,25736829,394771709.87,3.184800
2026-04-13,15.18,15.28,14.96,15.11,15754878,237308219.54,1.949600
2026-04-14,15.23,15.97,15.1,15.76,28162747,438337506.71,3.485000
2026-04-15,16.11,17.34,15.71,17.34,49706714,834157500.79,6.151000
2026-04-16,18.13,19.0,17.37,17.89,84694851,1534630087.15,10.480700
2026-04-17,17.3,18.49,17.1,17.75,60446791,1077169970.21,7.480100
2026-04-20,17.58,18.28,17.54,18.07,43125034,772928273.83,5.336600
2026-04-21,17.82,18.47,17.59,17.84,33313970,597394821.89,4.122500
2026-04-22,17.4,17.99,17.01,17.93,36995520,647751509.57,4.578100
2026-04-23,17.71,19.68,17.51,18.5,58057143,1071567051.68,7.184400
2026-04-24,18.21,19.38,17.82,18.75,47357291,882587357.2,5.860300
2026-04-27,18.28,18.5,16.88,16.88,48881535,851080634.44,6.048900
2026-04-28,16.66,16.78,15.72,15.93,41627192,667891904.87,5.151200
2026-04-29,15.44,16.32,15.1,16.0,37000213,582541662.62,4.581300
2026-04-30,16.01,16.07,15.02,15.13,37076816,568960177.93,4.590800
2026-05-06,15.0,15.12,14.43,14.59,35909834,525061980.01,4.446300
2026-05-07,14.53,14.7,14.44,14.49,22746703,330589861.42,2.816500
2026-05-08,14.58,15.08,14.49,14.78,27759988,412392425.41,3.437200
2026-05-11,14.7,14.75,14.25,14.36,25066216,360686660.72,3.103700
2026-05-12,14.36,14.38,13.97,14.06,18736746,264164304.34,2.320000
2026-05-13,13.97,14.12,13.97,14.07,11773100,165385541.94,1.457700
2026-05-14,14.1,14.21,13.6,13.78,19339597,266883879.01,2.394600
2026-05-15,13.79,13.85,13.4,13.48,16082550,219076285.93,1.991300
2026-05-18,13.39,13.42,13.13,13.26,11438398,151320265.39,1.416300
