date,open,high,low,close,volume,amount,turnover
2021-04-06,13.6928016,16.43136192,13.6928016,16.43136192,216117,5585868.2600,0.864500
2021-04-07,18.07323026,18.07323026,18.07323026,18.07323026,124726,3555938.2600,0.498900
2021-04-08,19.87991936,19.87991936,19.87991936,19.87991936,71163,2231671.6800,0.284700
2021-04-09,21.870447,21.870447,21.870447,21.870447,119419,4119955.5000,0.477700
2021-04-12,24.0574917,24.0574917,24.0574917,24.0574917,242200,9191490.0000,0.968800
2021-04-13,26.4664105,26.4664105,26.4664105,26.4664105,272533,11378252.7500,1.090100
2021-04-14,29.11622118,29.11622118,29.11622118,29.11622118,151684,6966846.1200,0.606700
2021-04-15,32.02594152,32.02594152,26.21917936,26.61221348,16517170,744840676.8700,66.068700
2021-04-16,23.94972428,24.70409622,23.94972428,23.94972428,5390900,203844278.7100,21.563600
2021-04-19,24.5963288,24.5963288,22.6628545,22.70722932,10891806,401071915.2600,43.567200
2021-04-20,21.9021433,23.10026344,21.6168766,22.04794628,8807075,307421455.3300,35.228300
2021-04-21,21.72464402,23.12562048,21.55982326,22.89740712,8624426,303725258.8100,34.497700
2021-04-22,22.58044412,24.64704288,22.22544556,23.46160126,11001564,408848863.0700,44.006300
2021-04-23,22.8847286,23.2650842,21.12241432,21.19848544,9100489,316774535.4300,36.402000
2021-04-26,20.6659876,20.78009428,19.57563488,19.65804526,6794402,215630835.8000,27.177600
2021-04-27,19.66438452,20.46947054,19.46786746,20.1905431,5082612,160642423.8500,20.330400
2021-04-28,19.8418838,20.81179058,19.01778,20.1588468,5031056,157048081.1400,20.124200
2021-04-29,19.7150986,20.16518606,19.2079578,19.26501114,4199945,130242796.8200,16.799800
2021-04-30,19.26501114,19.28402892,18.45992512,18.5106392,3553942,105220167.1600,14.215800
2021-05-06,18.5740318,19.16992224,18.51697846,18.80224516,2894010,85854047.2900,11.576000
2021-05-07,18.87831628,20.68500538,18.2887651,20.68500538,5346326,168417700.8700,21.385300
2021-05-10,21.27455656,22.75160414,20.92589726,22.75160414,10387146,363884465.3400,41.548600
2021-05-11,23.05588862,24.04481318,20.68500538,21.08437876,12118243,427856739.2300,48.473000
2021-05-12,19.50590302,20.4124172,19.47420672,20.0637579,7141875,223883744.7300,28.567500
2021-05-13,19.651706,20.26661422,19.5566171,19.651706,4448038,139173716.9700,17.792200
2021-05-14,19.5249208,20.59625574,19.10019038,20.00670456,5296906,166292030.2100,21.187600
2021-05-17,20.285632,20.285632,18.9226911,19.02411926,4883942,148712821.2800,19.535800
2021-05-18,19.03679778,20.89420096,19.03679778,20.19688236,5367419,167951179.2300,21.469700
2021-05-19,19.82286602,20.74839798,19.651706,19.72777712,4734572,149995536.2400,18.938300
2021-05-20,19.6834023,19.96232974,19.16358298,19.44251042,3130164,95896940.9300,12.520700
2021-05-21,19.34108226,19.56295636,19.09385112,19.4932245,2435661,74393698.4000,9.742600
2021-05-24,19.8418838,19.98768678,19.00510148,19.04313704,2817603,85237523.0500,11.270400
2021-05-25,18.93536962,18.93536962,18.4472466,18.80858442,2892471,85205710.7600,11.569900
2021-05-26,18.78956664,19.19527928,18.59304958,19.05581556,2353921,70370055.1700,9.415700
2021-05-27,18.9543874,19.9369727,18.83394146,19.57563488,3978017,121844991.2300,15.912100
2021-05-28,19.43617116,19.56929562,19.01778,19.05581556,2793373,84691216.8900,11.173500
2021-05-31,19.2396541,19.68974156,18.96072666,19.334743,2511787,76254408.3200,10.047100
2021-06-01,19.89259788,20.90054022,19.61367044,19.968669,6640356,210919286.6100,26.561400
2021-06-02,19.67706304,21.9655359,19.65804526,21.9655359,6303509,210414753.6100,25.214000
2021-06-03,22.05428554,22.27615964,20.61527352,20.77375502,9017854,302559794.0200,36.071400
2021-06-04,20.3490246,20.71670168,19.7150986,19.75947342,5255041,166689160.6300,21.020200
2021-06-07,19.5883134,20.0954542,19.34742152,19.8735801,3306813,103009887.5400,13.227300
2021-06-08,19.7467949,19.85456232,19.22063632,19.37911782,3010641,92598343.4500,12.042600
2021-06-09,19.16992224,19.31572522,18.82126294,18.94804814,2664762,79986171.2000,10.659000
2021-06-10,19.09385112,19.6200097,19.01778,19.23331484,2657359,81033784.9000,10.629400
2021-06-11,19.63902748,19.63902748,18.9543874,19.02411926,2178624,65800974.5300,8.714500
2021-06-15,18.7325133,19.46786746,18.383854,19.32206448,3170447,93956767.0000,12.681800
2021-06-16,19.09385112,19.2079578,18.65010292,18.68813848,1678830,50016769.3900,6.715300
2021-06-17,18.8909948,19.3030467,18.87831628,18.9543874,1388091,41658162.5000,5.552400
2021-06-18,18.68813848,19.2079578,18.67545996,18.99876222,1518720,45428520.2900,6.074900
2021-06-21,18.9543874,19.13188668,18.73885256,18.96072666,1571010,47077059.0300,6.284000
2021-06-22,18.94804814,19.29670744,18.83394146,19.2713504,2087053,62815276.1500,8.348200
2021-06-23,19.27768966,19.334743,18.82126294,18.9226911,1905457,57259197.7500,7.621800
2021-06-24,18.9226911,18.9226911,18.32680066,18.4155503,2088929,61176631.5100,8.355700
2021-06-25,18.36483622,18.36483622,17.76894578,17.83867764,2472427,69840564.1900,9.889700
2021-06-28,17.749928,18.46626438,17.69287466,18.11126582,1513463,43069537.1400,6.053900
2021-06-29,18.11126582,18.6374244,17.86403468,18.40287178,2136263,61715805.1700,8.545100
2021-06-30,18.3204614,18.32680066,17.8767132,17.9401058,1536058,43672019.1500,6.144200
2021-07-01,17.8450169,18.1619799,17.6865354,17.71189244,1330064,37509738.4500,5.320300
2021-07-02,17.749928,17.76260652,16.90046716,16.93850272,2094966,56664417.2600,8.379900
2021-07-05,16.9892168,17.3378761,16.93850272,17.116002,1042664,28056632.2500,4.170700
2021-07-06,17.0209131,17.09698422,16.93850272,17.0843057,1012804,27181270.7900,4.051200
2021-07-07,17.09698422,17.53439316,17.09698422,17.26814424,1356519,37060424.8600,5.426100
2021-07-08,17.0843057,17.42662574,16.49475452,16.5454686,2003234,53521738.6800,8.012900
2021-07-09,16.5454686,16.71662862,16.24118412,16.62787898,1398205,36546902.5000,5.592800
2021-07-12,16.6088612,16.84341382,16.5454686,16.59618268,1137013,29895790.4600,4.548100
2021-07-13,16.6088612,16.799039,16.39966562,16.66591454,1277909,33385447.1600,5.111600
2021-07-14,16.74832492,16.90046716,16.50743304,16.5454686,967862,25517339.3100,3.871400
2021-07-15,16.48841526,16.60252194,16.27288042,16.2918982,1064881,27514137.8600,4.259500
2021-07-16,16.3235945,16.3869871,15.87350704,15.93056038,1321869,33414792.5600,5.287500
2021-07-19,16.02564928,16.02564928,15.214224,15.42341958,1382870,33883996.7400,5.531500
2021-07-20,15.27127734,15.51216922,15.2459203,15.38538402,694964,16867005.3600,2.779900
2021-07-21,15.6579722,16.482076,15.6579722,15.83547148,1874308,47397392.8200,7.497200
2021-07-22,15.83547148,15.83547148,15.4677944,15.4994907,1060811,26050113.4900,4.243200
2021-07-23,15.56922256,15.5945796,14.8655647,14.897261,1392092,33238473.2400,5.568400
2021-07-26,14.94797508,15.17618844,14.3901202,14.59297652,1030401,23937611.8800,4.121600
2021-07-27,14.65002986,14.85922544,14.31404908,14.33306686,1213106,27808146.0800,4.852400
2021-07-28,14.30137056,14.30137056,13.80056902,13.93369348,1294407,28510728.9200,5.177600
2021-07-29,14.0731572,14.44717354,14.01610386,14.1365498,908091,20318945.7200,3.632400
2021-07-30,14.0097646,14.3584239,14.0097646,14.33940612,930702,20857835.5400,3.722800
2021-08-02,14.40279872,14.65002986,14.24431722,14.60565504,979977,22409737.5700,3.919900
2021-08-03,14.49154836,14.72610098,14.37744168,14.4218165,951833,21892955.3000,3.807300
2021-08-04,14.47253058,14.70074394,14.4218165,14.53592318,862133,19823097.6700,3.448500
2021-08-05,14.6436906,15.98127446,14.3584239,15.7213648,3930595,94402740.6800,15.722400
2021-08-06,15.3410092,15.531187,14.98601064,15.06208176,2181031,52463952.2300,8.724100
2021-08-09,14.82118988,15.32199142,14.80851136,15.06208176,1185358,28229026.7000,4.741400
2021-08-10,15.0874388,15.26493808,14.95431434,15.16350992,936963,22396702.4300,3.747900
2021-08-11,15.29029512,15.31565216,15.07476028,15.1508314,1027715,24595795.5700,4.110900
2021-08-12,15.0874388,15.1825277,14.90360026,14.9289573,1008866,23897658.9700,4.035500
2021-08-13,15.01136768,15.01136768,14.7704758,14.897261,798795,18739455.8100,3.195200
2021-08-16,14.897261,15.51216922,14.80851136,15.32199142,1716135,41294891.9700,6.864500
2021-08-17,15.44877662,16.0700241,14.99868916,15.5628833,2359535,57733544.2400,9.438100
2021-08-18,15.5628833,15.58190108,15.22056326,15.38538402,1364805,32994916.8500,5.459200
2021-08-19,15.3093129,15.4360981,15.07476028,15.07476028,904483,21671158.6400,3.617900
2021-08-20,14.99868916,15.26493808,14.52324466,14.57395874,963866,22430300.8200,3.855500
2021-08-23,14.580298,14.97967138,14.580298,14.897261,724993,16993190.0200,2.900000
2021-08-24,14.85922544,16.3869871,14.85922544,16.07636336,4218057,107499591.7100,16.872200
2021-08-25,15.63261516,15.7213648,15.29663438,15.4994907,4388555,106880238.1100,17.554200
2021-08-26,15.33466994,15.54386552,15.12547436,15.12547436,1684782,40714090.3400,6.739100
2021-08-27,15.0874388,15.19520622,14.85288618,15.1508314,1289468,30452693.4800,5.157900
2021-08-30,15.10011732,15.41074106,14.9606536,15.07476028,1044172,25019626.6900,4.176700
2021-08-31,15.01770694,15.18886696,14.78315432,14.88458248,877411,20656512.0300,3.509600
2021-09-01,14.88458248,15.07476028,14.7070832,15.07476028,912364,21497710.8900,3.649500
2021-09-02,15.07476028,15.20154548,14.93529656,15.10645658,690559,16398616.6100,2.762200
2021-09-03,15.10011732,15.1825277,14.97333212,15.13181362,702959,16733258.6100,2.811800
2021-09-06,15.12547436,15.23958104,15.0240462,15.22056326,852927,20367009.3300,3.411700
2021-09-07,15.15717066,15.49315144,15.13181362,15.36002698,1153617,27889410.7400,4.614500
2021-09-08,15.35368772,15.46145514,15.2459203,15.29029512,924559,22332901.8500,3.698200
2021-09-09,15.29029512,15.5628833,15.16350992,15.54386552,1630858,39686716.0500,6.523400
2021-09-10,15.53752626,15.5945796,15.28395586,15.3093129,1091429,26514727.8400,4.365700
2021-09-13,15.2776166,15.2776166,14.897261,14.9923499,959964,22717272.6400,3.839900
2021-09-14,14.90993952,15.1191351,14.7070832,14.80851136,817777,19189296.4100,3.271100
2021-09-15,14.8021721,14.84654692,14.59931578,14.71342246,749342,17374982.5900,2.997400
2021-09-16,14.71976172,14.897261,14.71342246,14.72610098,600664,14021440.6800,2.402700
2021-09-17,14.82752914,14.82752914,14.52958392,14.6119943,635266,14686320.5700,2.541100
2021-09-22,14.60565504,14.6436906,14.17458536,14.580298,509533,11653818.7500,2.038100
2021-09-23,14.6119943,14.92261804,14.5169054,14.87824322,699897,16285004.5800,2.799600
2021-09-24,14.8655647,14.8655647,14.6436906,14.7387795,622212,14491726.6400,2.488800
2021-09-27,14.58663726,14.7704758,14.15556758,14.16190684,693657,15735508.8500,2.774600
2021-09-28,14.20628166,14.263335,14.0414609,14.1365498,468497,10446703.9900,1.874000
2021-09-29,14.12387128,14.12387128,13.77521198,13.77521198,612049,13463118.5000,2.448200
2021-09-30,13.7878905,14.00342534,13.7878905,13.946372,289848,6376872.6200,1.159400
2021-10-08,14.08583572,14.34574538,14.0731572,14.1365498,375782,8405468.5200,1.503100
2021-10-11,14.1682461,14.3584239,14.08583572,14.25699574,345455,7767806.2000,1.381800
2021-10-12,14.25699574,14.3584239,14.0414609,14.09217498,380431,8468788.9200,1.521700
2021-10-13,14.09217498,14.33306686,13.98440756,14.3267276,503945,11313628.3100,2.015800
2021-10-14,14.32038834,14.4535128,14.17458536,14.34574538,455615,10292048.8000,1.822500
2021-10-15,14.3267276,14.4218165,14.15556758,14.18092462,366049,8213098.8400,1.464200
2021-10-18,14.25699574,14.25699574,13.9146757,13.9780683,558793,12332102.4700,2.235200
2021-10-19,13.98440756,14.09851424,13.93369348,13.97172904,355131,7843784.1100,1.420500
2021-10-20,13.95905052,13.96538978,13.7561942,13.80056902,585286,12765510.3200,2.341100
2021-10-21,13.76253346,13.87030088,13.73717642,13.80056902,326399,7108769.2900,1.305600
2021-10-22,13.80056902,13.87030088,13.7244979,13.7244979,388900,8440603.7000,1.555600
2021-10-25,13.77521198,13.77521198,13.57235566,13.629409,451443,9702485.7200,1.805800
2021-10-26,13.64208752,14.25699574,13.61673048,14.02878238,897789,19672365.2900,3.591200
2021-10-27,14.03512164,14.03512164,13.61039122,13.61039122,679352,14690809.8300,2.717400
2021-10-28,13.73717642,13.7561942,12.67852,12.9637867,997547,20586588.3800,3.990200
2021-10-29,12.91941188,13.20467858,12.88137632,13.09691116,367633,7596705.7600,1.470500
2021-11-01,13.10325042,13.2490534,13.05253634,13.1856608,323878,6727485.6000,1.295500
2021-11-02,13.0588756,13.2490534,12.8686978,12.9320904,461423,9470541.3400,1.845700
2021-11-03,13.04619708,13.17298228,12.88771558,13.06521486,401199,8236937.9900,1.604800
2021-11-04,13.10325042,13.16664302,12.995483,13.11592894,429200,8851162.0000,1.716800
2021-11-05,13.10958968,13.35048156,13.04619708,13.27441044,607988,12665790.4000,2.432000
2021-11-08,13.2490534,14.59931578,13.20467858,14.59931578,3760924,84495771.6900,15.043700
2021-11-09,13.95271126,15.77207888,13.95271126,14.65636912,5078672,118138848.3600,20.314700
2021-11-10,14.6436906,16.08904188,14.4535128,15.77207888,6680866,161486910.8300,26.723500
2021-11-11,16.0383278,16.21582708,15.47413366,15.99395298,5784608,144773989.0700,23.138400
2021-11-12,15.84815,16.65323602,15.531187,16.50109378,4932410,125039100.1200,19.729600
2021-11-15,16.40600488,17.432965,16.2602019,17.35689388,6058986,162327278.2400,24.235900
2021-11-16,17.41394722,18.2253725,16.95118124,17.88305246,5820885,162069843.2500,23.283500
2021-11-17,17.8133206,18.700817,17.22376942,18.39019326,5381448,152091453.1800,21.525800
2021-11-18,18.5106392,18.62474588,17.5597502,17.75626726,3755974,105901603.3100,15.023900
2021-11-19,17.70555318,18.30778288,16.90046716,17.88305246,3897315,108735660.4900,15.589300
2021-11-22,18.31412214,18.9226911,17.57242872,17.88305246,3134995,88619805.7300,12.540000
2021-11-23,17.73724948,17.99715914,17.43930426,17.6548391,1900624,52892873.5900,7.602500
2021-11-24,17.90207024,17.90207024,17.3695724,17.64216058,1575547,43582044.5900,6.302200
2021-11-25,17.6231428,17.78796356,17.28716202,17.62948206,1653182,45891781.8100,6.612700
2021-11-26,17.66117836,17.9401058,17.24912646,17.6548391,1365148,37859467.0600,5.460600
2021-11-29,17.29350128,17.73091022,16.97653828,17.60412502,1484142,40910775.6000,5.936600
2021-11-30,17.76260652,17.9401058,17.29350128,17.4646613,1673600,46253586.0000,6.694400
2021-12-01,17.39492944,18.1619799,17.39492944,18.04153396,1582419,44564213.9600,6.329700
2021-12-02,18.2253725,18.5740318,17.16671608,17.37591166,2166128,60859038.8000,8.664500
2021-12-03,17.4963576,17.89573098,17.09064496,17.2744835,1720621,47341410.5800,6.882500
2021-12-06,17.36323314,17.36323314,16.26654116,16.39966562,1807848,47376164.0000,7.231400
2021-12-07,16.7356464,16.9892168,16.27921968,16.66591454,2179966,57293918.0600,8.719900
2021-12-08,16.72930714,16.799039,16.36796932,16.5771649,1516449,39469024.1300,6.065800
2021-12-09,16.6088612,16.84975308,16.36796932,16.74832492,1570649,41097206.0100,6.282600
2021-12-10,16.7356464,16.799039,16.26654116,16.63421824,1969500,51146136.3500,7.878000
2021-12-13,16.7356464,16.7356464,16.1017204,16.28555894,1803961,46238497.3100,7.215800
2021-12-14,16.165113,16.9892168,15.88618556,16.77368196,3598259,93691288.7700,14.393000
2021-12-15,16.69127158,16.87511012,16.18413078,16.58984342,3077016,79917106.7800,12.308100
2021-12-16,16.482076,16.482076,16.15877374,16.40600488,1772700,45596891.9100,7.090800
2021-12-17,16.2918982,16.2918982,15.58190108,15.71502554,2496943,62428718.4000,9.987800
2021-12-20,15.63895442,16.12707744,15.63895442,15.67698998,1160800,29136264.0000,4.643200
2021-12-21,15.60091886,16.0066315,15.58190108,15.8798463,833800,20811523.0000,3.335200
2021-12-22,15.8798463,16.25386264,15.86082852,16.07636336,2244033,56943414.5300,8.976100
2021-12-23,16.5454686,16.5454686,15.5945796,15.84815,2352391,58978019.6200,9.409600
2021-12-24,15.74038258,15.86716778,14.4535128,15.25859882,3383833,81659214.3100,13.535300
2021-12-27,15.0874388,15.5945796,14.80851136,15.2459203,1507949,36478513.8400,6.031800
2021-12-28,15.25859882,15.37904476,14.99868916,15.27127734,1067194,25503025.5900,4.268800
2021-12-29,15.13815288,15.9749352,15.04306398,15.77207888,3409030,83868989.6700,13.636100
2021-12-30,15.7213648,16.31725524,15.64529368,15.93056038,3500649,88183571.9000,14.002600
2021-12-31,15.98761372,16.02564928,15.6262759,15.7847574,2145349,53524170.3600,8.581400
2022-01-04,15.71502554,15.98761372,15.54386552,15.82279296,1319933,33033127.9900,5.279700
2022-01-05,15.82279296,15.91788186,15.214224,15.60725812,1340533,32819308.6000,5.362100
2022-01-06,15.58824034,16.15877374,15.36002698,15.8798463,1993358,49884741.4300,7.973400
2022-01-07,15.9432389,16.1334167,15.31565216,15.70234702,1669700,41184276.0000,6.678800
2022-01-10,15.63261516,15.63261516,15.09377806,15.44243736,1426300,34522414.0000,5.705200
2022-01-11,15.4044018,15.55654404,15.12547436,15.39172328,1741233,42089316.5700,6.964900
2022-01-12,15.32199142,15.57556182,15.11279584,15.41074106,2335849,56807087.5600,9.343400
2022-01-13,15.47413366,15.531187,15.1825277,15.31565216,1865600,45217895.0000,7.462400
2022-01-14,15.31565216,15.38538402,14.84654692,14.9289573,1406200,33391623.7800,5.624800
2022-01-17,14.897261,15.26493808,14.82752914,14.91627878,1428963,33858777.7500,5.715900
2022-01-18,14.97967138,14.97967138,14.30770982,14.580298,2629233,60161680.6400,10.516900
2022-01-19,14.58663726,14.7070832,14.40279872,14.55494096,1109248,25457760.9700,4.437000
2022-01-20,14.55494096,14.68172616,14.06047868,14.06047868,1302776,29287728.1500,5.211100
2022-01-21,14.02878238,14.18726388,13.78155124,13.9780683,1007100,22131782.0000,4.028400
2022-01-24,13.946372,14.02878238,13.7244979,13.88931866,520756,11409813.2800,2.083000
2022-01-25,13.88931866,13.90199718,13.33146378,13.33146378,804800,17252117.0000,3.219200
2022-01-26,13.5026238,13.65476604,13.36316008,13.60405196,615349,13109808.6400,2.461400
2022-01-27,13.45824898,13.62306974,12.7102163,13.0588756,1006100,20884178.2000,4.024400
2022-01-28,13.07155412,13.38851712,12.90673336,13.2490534,600600,12536395.0000,2.402400
2022-02-07,13.32512452,13.58503418,13.27441044,13.39485638,798500,16903936.0000,3.194000
2022-02-08,13.39485638,13.73083716,13.312446,13.71181938,758349,16296298.5000,3.033400
2022-02-09,13.71181938,14.00342534,13.69914086,13.946372,794682,17405516.3300,3.178700
2022-02-10,13.98440756,14.02244312,13.7244979,13.92101496,476820,10448324.0000,1.907300
2022-02-11,13.92101496,13.946372,13.54065936,13.5660164,654200,14134163.0000,2.616800
2022-02-14,13.5660164,13.7561942,13.3758386,13.59137344,491149,10582700.3300,1.964600
2022-02-15,13.57869492,14.1048535,13.55333788,13.61673048,898500,19415220.0000,3.594000
2022-02-16,13.61039122,13.83226532,13.61039122,13.83226532,841249,18265562.2200,3.365000
2022-02-17,13.80690828,14.06047868,13.64842678,13.96538978,1088200,23744058.0700,4.352800
2022-02-18,13.8829794,13.93369348,13.58503418,13.73717642,861275,18635914.2900,3.445100
2022-02-21,13.73717642,13.84494384,13.5977127,13.82592606,791357,17173064.1000,3.165400
2022-02-22,13.79422976,13.8195868,13.4075349,13.4392312,791100,16883053.0000,3.164400
2022-02-23,13.48994528,13.68012308,13.44557046,13.61039122,646733,13869418.9100,2.586900
2022-02-24,13.62306974,14.263335,13.04619708,13.2490534,1974800,42554380.1200,7.899200
2022-02-25,13.32512452,13.71181938,13.2490534,13.3758386,1121000,23745193.0000,4.484000
2022-02-28,13.42655268,13.45190972,13.04619708,13.23637488,890982,18519400.0000,3.563900
2022-03-01,13.23637488,13.42021342,13.12860746,13.39485638,670900,14133544.0000,2.683600
2022-03-02,13.3758386,13.5343201,13.25539266,13.48994528,744900,15829474.0000,2.979600
2022-03-03,13.52164158,13.59137344,13.29976748,13.4075349,562400,11902156.0000,2.249600
2022-03-04,13.41387416,13.54699862,13.26173192,13.46458824,753400,15897278.0000,3.013600
2022-03-07,13.36949934,13.70548012,13.22369636,13.38851712,1157496,24586831.0000,4.630000
2022-03-08,13.31878526,13.38851712,12.79262668,13.00182226,1342994,27505418.0000,5.372000
2022-03-09,12.87503706,12.94476892,11.89245176,12.39959256,1596115,31294892.0000,6.384500
2022-03-10,12.4883422,12.87503706,12.41861034,12.55807406,1081286,21620696.0000,4.325100
2022-03-11,12.48200294,12.65316296,12.22209328,12.60878814,782949,15336013.0000,3.131800
2022-03-14,12.5517348,12.5834311,12.2664681,12.27280736,686700,13433100.0000,2.746800
2022-03-15,12.27280736,12.27280736,11.48039986,11.49307838,912900,17107383.0000,3.651600
2022-03-16,11.68959544,11.95584436,11.49307838,11.89879102,908300,16839108.0000,3.633200
2022-03-17,12.08896882,12.17771846,11.9178088,11.93048732,1093698,20816881.0000,4.374800
2022-03-18,11.93048732,12.2664681,11.8544162,12.21575402,841882,16130829.3000,3.367500
2022-03-21,13.02084004,13.4392312,13.02084004,13.4392312,917482,19404973.2800,3.669900
2022-03-22,13.946372,13.946372,12.91941188,12.995483,3677202,76790947.1500,14.708800
2022-03-23,12.995483,13.2173571,12.77994816,12.79262668,1653700,33793412.1000,6.614800
2022-03-24,12.81798372,13.17298228,12.75459112,12.9003941,1454206,29652866.3300,5.816800
2022-03-25,12.92575114,13.82592606,12.89405484,13.16030376,2789635,58842328.6200,11.158500
2022-03-28,13.20467858,13.23637488,12.72923408,12.81164446,1696752,34507597.1400,6.787000
2022-03-29,12.81164446,12.89405484,12.40593182,12.48200294,1020531,20269081.9500,4.082100
2022-03-30,12.60878814,12.60878814,12.3298607,12.38691404,810798,15886974.1800,3.243200
2022-03-31,12.4566459,12.995483,12.30450366,12.6468237,1297508,25912013.2000,5.190000
2022-04-01,12.7102163,12.75459112,12.3298607,12.3298607,956600,18761324.0000,3.826400
2022-04-06,12.40593182,13.0905719,12.3298607,12.84334076,1932133,39155258.8600,6.072500
2022-04-07,12.76726964,12.94476892,12.39959256,12.39959256,824000,16350787.0000,2.589800
2022-04-08,12.43762812,12.63414518,12.1713792,12.33619996,702200,13649882.0000,2.207000
2022-04-11,12.2981644,12.37423552,12.044594,12.12066512,611949,11755563.8200,1.923300
2022-04-12,12.11432586,12.27914662,11.7910236,12.26012884,875900,16586339.0000,2.752900
2022-04-13,12.26012884,12.29182514,12.00021918,12.00021918,650200,12471009.0000,2.043500
2022-04-14,12.0128977,12.2347718,12.0128977,12.10164734,456833,8757207.5800,1.435800
2022-04-15,12.044594,12.044594,11.6642384,11.727631,732999,13686535.0600,2.303800
2022-04-18,11.76566656,11.90513028,11.4423643,11.87977324,496200,9140994.0000,1.559500
2022-04-19,11.74030952,12.0762903,11.74030952,12.044594,547033,10319704.0700,1.719300
2022-04-20,12.1079866,12.361557,11.89879102,12.0128977,733900,14071026.0000,2.306600
2022-04-21,11.92414806,12.2981644,11.8544162,12.11432586,1287666,24499601.7000,4.047000
2022-04-22,12.67852,13.32512452,12.67852,13.32512452,1866649,39152965.9800,5.866700
2022-04-25,13.946372,14.65636912,13.71181938,13.9780683,10719887,242214048.4000,33.691800
2022-04-26,12.5834311,12.65316296,12.5834311,12.5834311,2496000,49546239.0000,7.844700
2022-04-27,11.32825762,11.80370212,11.32825762,11.6008458,6848379,123589809.4300,21.523900
2022-04-28,11.1570976,11.52477468,10.7133494,10.8084383,4893897,85175744.7900,15.381100
2022-04-29,10.79575978,11.1570976,10.776742,10.96058054,2969117,51622628.7500,9.331700
2022-05-05,10.9669198,11.34093614,10.59924272,11.30290058,2715066,47461683.9000,8.533200
2022-05-06,10.97325906,11.70861322,10.776742,11.1887939,3067414,54912488.6700,9.640700
2022-05-09,10.99227684,11.58182802,10.98593758,11.46138208,1887782,33870202.1600,5.933200
2022-05-10,11.3155791,11.4740606,11.2521865,11.40432874,1468200,26352521.0200,4.614400
2022-05-11,11.40432874,11.71495248,11.32191836,11.32825762,2276633,41535707.5400,7.155300
2022-05-12,11.16977612,11.89879102,11.16977612,11.8227199,3021100,55565896.0000,9.495100
2022-05-13,11.86075546,11.9178088,11.53111394,11.64522062,2072500,38190533.0000,6.513700
2022-05-16,11.63888136,11.70861322,11.48673912,11.5374532,1257623,22950408.6000,3.952600
2022-05-17,11.58816728,11.58816728,11.16977612,11.32191836,1620800,28843318.6700,5.094100
2022-05-18,11.44870356,11.81638064,11.26486502,11.60718506,2011900,36788199.0000,6.323200
2022-05-19,11.46138208,11.6008458,11.4423643,11.55647098,979100,17784439.0000,3.077200
2022-05-20,11.52477468,11.7910236,11.52477468,11.62620284,1328382,24386831.6200,4.175000
2022-05-23,11.62620284,11.84173768,11.62620284,11.73397026,911907,16893197.5000,2.866100
2022-05-24,11.80370212,11.87977324,11.16343686,11.16977612,1344944,24264908.9600,4.227100
2022-05-25,11.16977612,11.41700726,11.14441908,11.3155791,631800,11261544.0000,1.985700
2022-05-26,11.40432874,11.5057569,11.0620087,11.4740606,816900,14570005.0000,2.567500
2022-05-27,11.60718506,11.6325421,11.34093614,11.46138208,800900,14507017.0000,2.517200
2022-05-30,11.39798948,11.5374532,11.26486502,11.38531096,588170,10516502.1900,1.848600
2022-05-31,11.3789717,11.4423643,11.16343686,11.410668,728100,12992913.0000,2.288400
2022-06-01,11.4423643,11.58182802,11.35995392,11.48673912,819500,14839878.0000,2.575600
2022-06-02,11.53111394,11.63888136,11.3472754,11.6325421,818300,14867545.0000,2.571900
2022-06-06,11.6325421,11.95584436,11.55013172,11.86709472,1418482,26379928.2200,4.458200
2022-06-07,11.9812014,12.01923696,11.70861322,12.01923696,1454572,27246552.5300,4.571600
2022-06-08,12.01923696,12.01923696,11.61986358,11.86075546,1347100,25118328.0000,4.233800
2022-06-09,12.1137652,12.1137652,11.5770794,11.66908268,1298160,19792235.6000,3.400000
2022-06-10,11.73808514,12.0754305,11.5770794,11.87609006,1552559,24051581.1100,4.066300
2022-06-13,12.00642804,12.25943706,11.81475454,12.0370958,1862760,29086248.6000,4.878800
2022-06-14,11.86842312,12.24410318,11.75341902,11.98342722,1676880,26197845.0000,4.391900
2022-06-15,12.0754305,12.17510072,11.96809334,12.02176192,1817217,28614828.6900,4.759500
2022-06-16,12.06009662,12.09843132,11.883757,11.99109416,1054080,16481192.6000,2.760700
2022-06-17,12.02942886,12.0370958,11.70741738,11.91442476,1034120,16010887.2000,2.708500
2022-06-20,11.90675782,12.02176192,11.82242148,11.9604264,866037,13487710.2300,2.268200
2022-06-21,11.883757,11.9987611,11.79175372,11.95275946,924780,14388190.0000,2.422100
2022-06-22,11.95275946,11.97576028,11.7304182,11.7304182,714280,11009211.0000,1.870800
2022-06-23,11.71508432,11.86842312,11.6537488,11.8070876,545337,8370323.1800,1.428300
2022-06-24,11.79175372,11.95275946,11.7304182,11.90675782,698180,10814137.6000,1.828600
2022-06-27,12.0370958,12.0370958,11.86842312,11.91442476,707480,11008097.2000,1.853000
2022-06-28,11.89142394,12.05242968,11.82242148,12.01409498,822580,12866700.6000,2.154400
2022-06-29,12.02176192,12.12143214,11.93742558,11.93742558,1140319,17897889.7200,2.986600
2022-06-30,12.05242968,12.05242968,11.91442476,11.95275946,710180,11096213.4300,1.860000
2022-07-01,11.95275946,12.21343542,11.89142394,12.04476274,1154280,18156358.0000,3.023200
2022-07-04,12.09076438,12.13676602,11.883757,12.06009662,751619,11787329.0800,1.968600
2022-07-05,12.267104,12.48944526,12.00642804,12.12143214,2379176,38082326.0200,6.231300
2022-07-06,12.1137652,12.68111876,11.83775536,12.43577668,3072097,49129079.2600,8.046100
2022-07-07,12.25177012,12.27477094,11.9604264,11.99109416,2311840,36416290.4000,6.054900
2022-07-08,11.9220917,12.0370958,11.9220917,11.93742558,906977,14161535.6200,2.375500
2022-07-11,11.86842312,12.0370958,11.66141574,11.8070876,1130771,17420443.8000,2.961600
2022-07-12,11.81475454,11.883757,11.50807694,11.50807694,1145606,17410148.8500,3.000500
2022-07-13,11.54641164,11.71508432,11.50807694,11.6920835,629893,9561875.8600,1.649800
2022-07-14,11.79942066,11.79942066,11.6154141,11.6920835,497899,7606190.8200,1.304000
2022-07-15,11.71508432,11.77641984,11.4620753,11.4620753,852135,12838592.1000,2.231800
2022-07-18,11.4620753,11.86075618,11.4620753,11.71508432,1087679,16652131.2400,2.848700
2022-07-19,11.79942066,11.85308924,11.6920835,11.8454223,596530,9179150.2000,1.562400
2022-07-20,11.87609006,11.9987611,11.83008842,11.99109416,772640,12029971.0000,2.023600
2022-07-21,11.99109416,12.08309744,11.89142394,11.96809334,633058,9895975.8000,1.658000
2022-07-22,11.9987611,12.12909908,11.8454223,12.02176192,1036240,16206542.3800,2.714000
2022-07-25,12.01409498,12.24410318,11.92975864,12.0754305,1039620,16371345.8000,2.722900
2022-07-26,11.9987611,12.06776356,11.86842312,11.99109416,898710,13998718.6000,2.353800
2022-07-27,12.05242968,12.16743378,11.91442476,12.15976684,1010272,15933411.6500,2.646000
2022-07-28,12.1520999,12.31310564,12.02176192,12.1137652,787172,12477025.2800,2.061700
2022-07-29,12.12143214,12.1904346,11.97576028,11.9987611,609443,9577246.1900,1.596200
2022-08-01,11.9987611,12.25943706,11.9604264,12.18276766,1220017,19311276.9300,3.195400
2022-08-02,11.9987611,12.32843952,11.76108596,11.9604264,2268980,35551581.0700,5.942700
2022-08-03,11.9604264,13.15646904,11.86842312,12.23643624,6534696,107565743.2500,17.115000
2022-08-04,12.04476274,12.1520999,11.86075618,12.06009662,3742002,58584800.3100,9.800700
2022-08-05,12.0754305,12.13676602,11.89142394,12.05242968,1671285,26174508.3000,4.377300
2022-08-08,12.05242968,12.17510072,11.9604264,12.1520999,1292800,20389871.4000,3.386000
2022-08-09,12.23643624,12.42810974,12.16743378,12.36677422,1648419,26483759.3400,4.317400
2022-08-10,12.36677422,12.5737816,11.40073978,12.5354469,3018226,48842363.7200,7.905000
2022-08-11,12.52777996,12.6121163,12.40510892,12.44344362,1790620,29082110.8000,4.689800
2022-08-12,12.44344362,12.48177832,12.32843952,12.45111056,977280,15841827.3200,2.559600
2022-08-15,12.4587775,12.650451,12.18276766,12.3821081,950740,15284426.4000,2.490100
2022-08-16,12.44344362,12.51244608,12.37444116,12.44344362,1190271,19309997.5600,3.117400
2022-08-17,12.52011302,12.5354469,12.33610646,12.45111056,1154700,18692712.2000,3.024300
2022-08-18,12.4971122,12.4971122,12.32077258,12.4204428,1022920,16528156.6000,2.679100
2022-08-19,12.45111056,12.4587775,12.32843952,12.37444116,740865,11971380.5000,1.940400
2022-08-22,12.4204428,12.43577668,12.27477094,12.38977504,862860,13924837.6300,2.259900
2022-08-23,12.38977504,12.8421245,12.28243788,12.83445756,2229979,36573407.5700,5.840500
2022-08-24,12.7271204,12.7271204,12.32077258,12.32077258,1973359,32138001.0000,5.168400
2022-08-25,12.31310564,12.39744198,12.00642804,12.08309744,1832560,28955424.1400,4.799700
2022-08-26,12.1137652,12.25943706,11.90675782,11.9220917,1193100,18765995.6000,3.124900
2022-08-29,11.883757,12.650451,11.69975044,12.5737816,2960298,47533155.0500,7.753300
2022-08-30,12.47411138,12.71945346,12.35910728,12.37444116,1804899,29391619.6200,4.727200
2022-08-31,12.41277586,12.5354469,12.10609826,12.15976684,1874560,30082746.0000,4.909700
2022-09-01,12.12143214,12.40510892,12.08309744,12.25943706,1193380,19168609.2000,3.125600
2022-09-02,12.25177012,12.5354469,12.25177012,12.48944526,1445274,23463222.5700,3.785300
2022-09-05,12.5354469,13.3021409,12.3821081,12.9954633,3803162,63974000.7400,9.960900
2022-09-06,12.86512532,13.10280046,12.650451,12.91112696,2725843,45716736.7400,7.139300
2022-09-07,13.0721327,13.33280866,12.87279226,13.09513352,3631921,62164941.2800,9.512400
2022-09-08,12.94946166,13.24847232,12.71178652,12.88812614,2231800,37400028.8000,5.845300
2022-09-09,12.87279226,13.04146494,12.73478734,12.92646084,1611039,27176771.9600,4.219500
2022-09-13,12.85745838,13.16413598,12.77312204,12.97246248,2340759,39749332.5400,6.130700
2022-09-14,12.8804592,13.2254715,12.8804592,13.10280046,1805100,30700631.3000,4.727700
2022-09-15,13.1104674,13.1104674,12.52011302,12.7271204,1982920,33062810.1200,5.193500
2022-09-16,12.81912368,13.3021409,12.3821081,12.45111056,2668917,44785474.3400,6.990200
2022-09-19,12.47411138,12.48944526,11.8454223,11.8454223,1631356,25701050.2000,4.272700
2022-09-20,11.92975864,12.48944526,11.92975864,12.43577668,1897260,30467004.1700,4.969100
2022-09-21,12.45111056,13.2638062,12.32077258,12.98779636,3176827,53159862.7400,8.320400
2022-09-22,13.04146494,13.6088185,12.9571286,13.09513352,4432043,76590667.8900,11.608000
2022-09-23,13.09513352,13.3021409,12.60444936,12.6121163,3570299,60008043.6200,9.351000
2022-09-26,12.5737816,13.73148954,12.5737816,13.033798,4823078,81877048.5000,12.632100
2022-09-27,13.04146494,14.3371778,12.94179472,14.3371778,7915775,144156214.3900,20.732200
2022-09-28,14.77419338,15.36454776,13.92316304,14.183839,15168127,288614615.9500,39.726900
2022-09-29,14.2221737,14.9121983,13.67782096,14.4905166,12135508,227900444.9900,31.784200
2022-09-30,13.73148954,13.90782916,13.16413598,13.6471532,8905096,157313000.2500,23.323400
2022-10-10,13.800492,14.7588595,13.800492,13.96149774,8566037,158598058.8200,22.435300
2022-10-11,13.9921655,15.35688082,13.5704838,15.35688082,9824762,184787963.1200,25.732100
2022-10-12,15.8705658,16.43025242,15.4105494,15.60988984,13480899,278171761.8800,35.307900
2022-10-13,15.76322864,15.81689722,15.01186852,15.24187672,10831254,218206796.2600,28.368200
2022-10-14,15.1038718,15.47188492,14.92753218,14.93519912,8879570,175526526.0700,23.256500
2022-10-17,14.93519912,15.6788923,14.65918928,15.6788923,9026792,178831379.7800,23.642100
2022-10-18,15.3722147,15.4105494,14.2988431,14.39084638,9682320,187301237.5400,25.359000
2022-10-19,14.36017862,14.86619666,13.8771614,14.85086278,8238414,154260198.5500,21.577300
2022-10-20,14.45984884,14.82786196,14.183839,14.59018682,5122666,96963053.8900,13.416800
2022-10-21,14.21450676,14.82019502,13.97683162,14.27584228,4521414,84816606.2500,11.842100
2022-10-24,14.1071696,14.61318764,13.9538308,14.4521819,4413568,82686464.8500,11.559600
2022-10-25,14.3371778,14.3371778,13.01079718,13.04913188,6059528,105419407.6800,15.870500
2022-10-26,13.04913188,13.3404756,13.04146494,13.10280046,4538493,77893816.0700,11.886800
2022-10-27,12.8037898,12.81145674,12.41277586,12.43577668,5188793,84937589.0800,13.590000
2022-10-28,12.45111056,12.5354469,11.86842312,11.92975864,3629738,57337035.6700,9.506700
2022-10-31,12.00642804,12.23643624,11.94509252,12.06009662,2615227,41180891.4100,6.849600
2022-11-01,12.1137652,12.33610646,11.96809334,12.29010482,2811460,44619570.0000,7.363500
2022-11-02,12.2287693,12.35910728,12.1520999,12.3054387,3276871,52490540.6300,8.582500
2022-11-03,12.21343542,12.39744198,12.18276766,12.3437734,1933240,31068152.0900,5.063400
2022-11-04,12.3437734,12.46644444,12.3054387,12.42810974,2234999,36165798.0700,5.853700
2022-11-07,12.41277586,12.61978324,12.41277586,12.6121163,3482500,56961594.0000,9.121000
2022-11-08,12.54311384,12.83445756,12.43577668,12.6887857,2918707,48109632.1500,7.644400
2022-11-09,12.650451,12.74245428,12.55844772,12.69645264,2413307,39795868.1000,6.320700
2022-11-10,12.650451,12.98012942,12.5737816,12.7271204,1969759,32703043.6500,5.159000
2022-11-11,12.8037898,12.9571286,12.5737816,12.73478734,2741541,45563094.3800,7.180400
2022-11-14,12.73478734,12.88812614,12.650451,12.74245428,2204260,36651406.2000,5.773200
2022-11-15,12.74245428,13.35580948,12.68111876,13.24847232,3530650,59711610.5200,9.247100
2022-11-16,13.1488021,13.50914828,13.05679882,13.24080538,3604639,62502392.1000,9.440900
2022-11-17,13.24847232,13.28680702,13.07979964,13.27914008,1681620,28942245.0000,4.404300
2022-11-18,13.27147314,13.32514172,13.13346822,13.2638062,1703160,29313326.2000,4.460800
2022-11-21,13.23313844,13.56281686,13.07979964,13.53981604,2327418,40474414.5600,6.095700
2022-11-22,13.46314664,13.81582588,13.36347642,13.74682342,2951597,52307276.1700,7.730500
2022-11-23,13.67015402,13.8388267,13.62415238,13.79282506,2281680,40907082.0000,5.976000
2022-11-24,13.78515812,13.8388267,13.417145,13.63181932,2122369,37745518.8800,5.558700
2022-11-25,13.63181932,13.66248708,13.48614746,13.60115156,1270289,22480843.1200,3.327000
2022-11-28,13.59348462,13.60115156,13.32514172,13.37114336,1142760,20000384.2000,2.993000
2022-11-29,13.37114336,13.55514992,13.35580948,13.51681522,2072780,36367699.2000,5.428800
2022-11-30,13.51681522,13.5704838,13.417145,13.47081358,1236157,21766926.4600,3.237600
2022-12-01,13.44781276,13.63181932,13.35580948,13.46314664,1920378,33840995.1400,5.029700
2022-12-02,13.46314664,13.73915648,13.46314664,13.63181932,1811800,32169473.0000,4.745300
2022-12-05,13.73148954,13.8388267,13.52448216,13.56281686,1641071,29113415.4000,4.298100
2022-12-06,13.5704838,13.61648544,13.4554797,13.46314664,1246860,22014179.0000,3.265700
2022-12-07,13.47081358,13.65482014,13.34814254,13.56281686,1811828,32045448.3600,4.745400
2022-12-08,13.56281686,13.63948626,13.34814254,13.50914828,1556676,27424603.0300,4.077100
2022-12-09,13.56281686,13.62415238,13.27914008,13.40181112,1342780,23491053.2000,3.516900
2022-12-12,13.40181112,13.50914828,13.3788103,13.44014582,941458,16505412.8000,2.465800
2022-12-13,13.44014582,13.7238226,13.39414418,13.67015402,2371958,42227229.8100,6.212400
2022-12-14,13.58581768,13.60115156,13.42481194,13.5321491,1347160,23751178.8000,3.528400
2022-12-15,13.52448216,13.71615566,13.4938144,13.5321491,1453818,25759903.6200,3.807700
2022-12-16,13.53981604,13.75449036,13.47848052,13.6471532,2065262,36628909.3000,5.409100
2022-12-19,13.6471532,13.9921655,13.33280866,13.59348462,3403087,60249083.3000,8.913000
2022-12-20,13.5704838,13.74682342,13.40947806,13.56281686,2217977,39227634.6700,5.809100
2022-12-21,13.4938144,13.63181932,13.3021409,13.54748298,2329889,40976142.9200,6.102200
2022-12-22,13.6471532,13.70848872,13.35580948,13.52448216,2225440,39122130.2000,5.828700
2022-12-23,13.52448216,13.6088185,13.19480374,13.5321491,2131799,37361081.3900,5.583400
2022-12-26,13.60115156,13.78515812,13.5321491,13.65482014,3630535,64662319.3700,9.508700
2022-12-27,13.65482014,13.74682342,13.3788103,13.50148134,2523381,44370197.8600,6.609000
2022-12-28,13.4938144,13.6471532,13.29447396,13.55514992,2590160,45450620.6000,6.783900
2022-12-29,13.5704838,13.5704838,13.34814254,13.3788103,1471420,25746929.7600,3.853800
2022-12-30,13.38647724,13.5704838,13.3404756,13.4938144,2011544,35409980.0000,5.268400
2023-01-03,13.55514992,13.5704838,13.32514172,13.4938144,1720440,30220542.6000,4.506000
2023-01-04,13.4938144,13.55514992,13.40947806,13.44014582,1416719,24912953.0700,3.710500
2023-01-05,13.40947806,13.63948626,13.25613926,13.54748298,2766308,48734610.3600,7.245200
2023-01-06,13.55514992,13.57815074,13.35580948,13.4554797,1793820,31429802.0000,4.698200
2023-01-09,13.4554797,13.76982424,13.42481194,13.47081358,2316671,41013442.2200,6.067600
2023-01-10,13.47081358,13.47081358,13.20247068,13.24847232,1736060,30095724.6000,4.546900
2023-01-11,13.24847232,13.47848052,13.21780456,13.417145,2037789,35582867.4300,5.337200
2023-01-12,13.4938144,13.6854879,13.33280866,13.63948626,2385041,42188591.9200,6.246700
2023-01-13,13.79282506,13.84649364,13.50148134,13.71615566,1981520,35399233.4000,5.189800
2023-01-16,13.76982424,13.89249528,13.65482014,13.69315484,1737140,31170071.8000,4.549700
2023-01-17,13.76982424,14.7588595,13.66248708,14.1071696,4920654,91102456.8000,12.887700
2023-01-18,14.09183572,15.0272024,13.90016222,14.61318764,4184981,79163140.9100,10.960900
2023-01-19,14.50585048,14.567186,14.09950266,14.19150594,2792959,51856199.8500,7.315000
2023-01-20,14.2605084,14.36784556,14.11483654,14.28350922,1787840,33223332.7700,4.682500
2023-01-30,14.4905166,14.50585048,14.16850512,14.183839,1697979,31695578.7900,4.447200
2023-01-31,14.13783736,14.29117616,14.00749938,14.25284146,1321281,24449426.4900,3.460600
2023-02-01,14.19917288,14.31417698,14.1071696,14.23750758,1538920,28465268.2000,4.030600
2023-02-02,14.23750758,14.28350922,14.15317124,14.19150594,1231560,22817794.2000,3.225600
2023-02-03,14.183839,14.4521819,14.1071696,14.3755125,2314079,43155470.8500,6.060800
2023-02-06,14.3755125,14.50585048,14.12250348,14.16083818,1982579,36860756.7500,5.192600
2023-02-07,14.16083818,14.32951086,14.1455043,14.23750758,1131659,21001961.2100,2.963900
2023-02-08,14.2605084,14.2988431,14.16850512,14.16850512,916299,16970799.1000,2.399900
2023-02-09,14.16850512,14.3371778,14.07650184,14.23750758,1133001,21036349.1700,2.967400
2023-02-10,14.24517452,14.36017862,14.23750758,14.32951086,1386787,25885627.4400,3.632100
2023-02-13,14.32951086,14.8355289,14.27584228,14.82786196,2831573,54021546.0000,7.416200
2023-02-14,15.01953546,15.09620486,14.62085458,14.62085458,1919593,37005371.1700,5.027600
2023-02-15,14.70519092,14.80486114,14.47518272,14.51351742,1144619,21757537.8700,2.997900
2023-02-16,14.70519092,14.75119256,14.36017862,14.46751578,2018996,38369157.5200,5.288000
2023-02-17,14.47518272,14.63618846,14.42918108,14.5288513,1416380,26782335.4000,3.709600
2023-02-20,14.65918928,14.96586688,14.46751578,14.91986524,1733235,33477559.0500,4.539500
2023-02-21,14.8738636,15.0272024,14.7588595,14.85852972,1235200,23971292.6000,3.235100
2023-02-22,14.85852972,15.14987344,14.7588595,15.11920568,1325729,25971162.8500,3.472200
2023-02-23,15.09620486,15.49488574,15.0272024,15.20354202,1869040,37128136.0000,4.895200
2023-02-24,15.38754858,15.60988984,15.20354202,15.51021962,2062816,41586835.0000,5.402700
2023-02-27,15.4872188,15.4872188,15.19587508,15.27254448,1303100,25970589.6000,3.413000
2023-02-28,15.35688082,15.6022229,15.35688082,15.59455596,1781080,36078749.0000,4.664800
2023-03-01,15.6022229,15.717227,15.3722147,15.4105494,1220960,24618859.8000,3.197800
2023-03-02,15.4872188,15.64822454,15.41821634,15.5638882,1534459,31122545.7800,4.018900
2023-03-03,15.67122536,15.67122536,15.2572106,15.28787836,1404720,28217193.0000,3.679100
2023-03-06,15.26487754,15.4488841,15.14987344,15.34921388,1263200,25211742.4000,3.308500
2023-03-07,15.27254448,15.41821634,15.0655371,15.2188759,1354320,26841805.2000,3.547100
2023-03-08,15.1422065,15.35688082,15.1038718,15.24187672,797320,15827418.4000,2.088300
2023-03-09,15.31854612,15.31854612,15.11920568,15.2188759,756400,14992291.8000,1.981100
2023-03-10,15.11920568,15.27254448,15.11920568,15.2572106,801400,15894136.0000,2.098900
2023-03-13,15.5638882,15.67122536,15.01186852,15.34921388,2113717,42003650.4200,5.536000
2023-03-14,15.40288246,15.40288246,14.95819994,15.1038718,1574520,31012548.6000,4.123800
2023-03-15,15.1038718,15.2955453,14.95819994,15.1805412,1559660,30786659.0000,4.084900
2023-03-16,15.31854612,15.31854612,15.05020322,15.05020322,978500,19370252.4000,2.562800
2023-03-17,15.17287426,15.1805412,14.95819994,14.95819994,732860,14412720.2000,1.919400
2023-03-20,14.97353382,15.22654284,14.950533,15.17287426,1219319,24038024.6000,3.193500
2023-03-21,15.22654284,15.39521552,15.11153874,15.30321224,902779,18004816.4700,2.364500
2023-03-22,15.31087918,15.43355022,15.14987344,15.26487754,668359,13320320.5100,1.750500
2023-03-23,15.31087918,15.32621306,15.1038718,15.17287426,671379,13309014.5300,1.758400
2023-03-24,15.14987344,15.28021142,15.08087098,15.15754038,788920,15586139.6000,2.066300
2023-03-27,15.16520732,15.18820814,14.950533,15.1038718,701460,13771820.4000,1.837200
2023-03-28,15.1038718,15.15754038,15.04253628,15.11920568,566739,11156791.3400,1.484300
2023-03-29,15.03486934,15.20354202,14.89686442,15.11920568,1146680,22522325.2000,3.003300
2023-03-30,15.1038718,15.2955453,14.65152234,15.11153874,1360319,26605381.4200,3.562800
2023-03-31,15.11153874,15.26487754,14.8738636,15.11920568,1333338,26226054.1000,3.492200
2023-04-03,15.12687262,15.14987344,14.82786196,15.05020322,988300,19340468.8000,2.588500
2023-04-04,15.05787016,15.16520732,14.92753218,15.14987344,1275200,25051802.0000,3.339900
2023-04-06,15.13453956,15.2955453,14.88919748,15.16520732,1463620,28784695.8000,3.833400
2023-04-07,15.12687262,15.1805412,14.96586688,15.11153874,942880,18542531.6000,2.469500
2023-04-10,15.08853792,15.31087918,14.97353382,15.24187672,1577919,31192425.5100,4.132700
2023-04-11,15.24187672,15.24954366,13.9538308,14.19150594,3146020,59615481.0800,8.239800
2023-04-12,14.0305002,14.06116796,13.4938144,13.62415238,2180939,38915316.0000,5.712100
2023-04-13,13.62415238,13.70848872,13.417145,13.56281686,983740,17380144.2000,2.576500
2023-04-14,13.56281686,13.6088185,13.30980784,13.38647724,939240,16438417.6000,2.460000
2023-04-17,13.38647724,13.51681522,13.33280866,13.4554797,855659,15016164.2500,2.241100
2023-04-18,13.417145,13.58581768,13.40947806,13.4938144,490140,8637742.6000,1.283700
2023-04-19,13.4938144,13.57815074,13.3788103,13.3788103,511720,8976986.6000,1.340200
2023-04-20,13.3788103,13.48614746,13.0721327,13.23313844,596840,10284501.2000,1.563200
2023-04-21,13.27914008,13.47081358,13.04146494,13.24080538,828200,14332256.2000,2.169100
2023-04-24,13.28680702,13.800492,12.94946166,13.56281686,1511396,26400002.6800,3.958500
2023-04-25,13.56281686,13.76982424,13.11813434,13.27147314,1319676,23167997.5200,3.456400
2023-04-26,13.12580128,13.9921655,13.0721327,13.73915648,1779080,31870027.4000,4.659600
2023-04-27,13.78515812,13.86182752,13.4938144,13.51681522,658840,11719923.4000,1.725600
2023-04-28,13.77749118,13.8388267,13.5321491,13.6088185,1009280,17977769.4000,2.643400
2023-05-04,13.7621573,14.08416878,13.63181932,14.06116796,1024420,18642739.6000,2.683100
2023-05-05,14.12250348,14.17617206,13.88482834,14.0305002,522460,9544018.4000,1.368400
2023-05-08,14.13783736,14.1455043,13.86182752,14.0305002,529040,9658686.6000,1.385600
2023-05-09,13.98449856,14.48284966,13.98449856,14.01516632,819601,15119915.3800,2.146600
2023-05-10,13.99983244,14.183839,13.99983244,14.08416878,423740,7774777.4000,1.109800
2023-05-11,14.08416878,14.4521819,14.0305002,14.35251168,605019,11262827.8900,1.584600
2023-05-12,14.29117616,14.65918928,14.29117616,14.47518272,660600,12525796.6000,1.730200
2023-05-15,14.36784556,14.48284966,14.20683982,14.39851332,598440,11197165.8000,1.567400
2023-05-16,14.36017862,14.4905166,14.19150594,14.36017862,482200,9028344.0000,1.262900
2023-05-17,14.40618026,14.61318764,14.32184392,14.59018682,476820,8992501.0000,1.248800
2023-05-18,14.567186,14.71285786,14.53651824,14.65918928,466040,8898996.2000,1.220600
2023-05-19,14.65918928,14.7205248,14.46751578,14.62085458,482440,9197277.8000,1.263600
2023-05-22,14.62852152,14.78186032,14.57485294,14.70519092,359300,6879029.6000,0.941000
2023-05-23,14.85086278,14.85086278,14.59018682,14.59018682,351760,6737249.5500,0.921300
2023-05-24,14.65918928,14.73585868,14.5288513,14.567186,530967,10128267.8300,1.390700
2023-05-25,14.63618846,14.67452316,14.3755125,14.6438554,701207,13297822.6500,1.836500
2023-05-26,14.63618846,14.70519092,14.46751578,14.66685622,517800,9859561.4000,1.356200
2023-05-29,14.66685622,14.71285786,14.51351742,14.59785376,524480,9972850.6000,1.373700
2023-05-30,14.6055207,14.65152234,14.42151414,14.47518272,337379,6384030.2400,0.883600
2023-05-31,14.47518272,14.567186,14.23750758,14.3371778,618820,11580709.0000,1.620800
2023-06-01,14.34484474,14.5288513,14.31417698,14.47518272,558700,10525745.2000,1.463300
2023-06-02,14.48284966,14.53651824,14.38317944,14.38317944,369157,6951580.5400,0.966900
2023-06-05,14.42151414,14.7205248,14.42151414,14.62852152,894900,17055084.2000,2.343800
2023-06-06,14.6055207,14.7205248,14.47518272,14.47518272,584477,11129151.9300,1.530800
2023-06-07,14.50585048,14.6055207,14.3755125,14.47518272,356600,6735998.8000,0.934000
2023-06-08,14.53158062,14.73836896,14.3811891,14.53158062,687268,10623301.2400,1.500000
2023-06-09,14.63497479,14.6631732,14.30599334,14.42818645,763440,11744676.6000,1.666300
2023-06-12,14.3811891,14.73836896,14.2871944,14.70077108,906176,14046579.7200,1.977800
2023-06-13,14.55037956,14.88876048,14.55037956,14.77596684,725588,11398688.0400,1.583700
2023-06-14,14.7571679,14.89815995,14.55037956,14.80416525,635572,10007019.6400,1.387200
2023-06-15,14.78536631,14.81356472,14.52218115,14.5691785,651716,10123286.1600,1.422400
2023-06-16,14.58797744,14.6631732,14.43758592,14.58797744,597948,9268419.4000,1.305100
2023-06-19,14.58797744,14.62557532,14.42818645,14.58797744,647695,9998162.7100,1.413700
2023-06-20,14.58797744,14.71017055,14.41878698,14.43758592,1002196,15484247.0800,2.187400
2023-06-21,14.42818645,14.52218115,14.34359122,14.39998804,533684,8189619.2800,1.164800
2023-06-26,14.39058857,14.39058857,14.05220765,14.11800394,752782,11347175.5000,1.643000
2023-06-27,14.11800394,14.51278168,14.07100659,14.43758592,958912,14718156.4000,2.092900
2023-06-28,14.43758592,14.52218115,14.29659387,14.42818645,665108,10203471.7600,1.451700
2023-06-29,14.51278168,14.79476578,14.41878698,14.74776843,1036680,16179099.8800,2.262600
2023-06-30,14.74776843,15.02035306,14.69137161,14.90755942,1045172,16582291.6000,2.281200
2023-07-03,14.91695889,15.00155412,14.81356472,14.92635836,795644,12603028.1200,1.736600
2023-07-04,15.05795094,15.05795094,14.88876048,15.02975253,620280,9878016.4000,1.353800
2023-07-05,15.07674988,15.08614935,14.86056207,14.91695889,735204,11706707.6400,1.604600
2023-07-06,14.96395624,15.02035306,14.77596684,14.90755942,557804,8843472.3200,1.217500
2023-07-07,14.96395624,15.07674988,14.91695889,15.02975253,435714,6959829.5800,0.951000
2023-07-10,15.06735041,15.20834246,14.97335571,15.039152,669352,10744068.4000,1.460900
2023-07-11,15.12374723,15.19894299,14.99215465,15.17074458,628760,10111177.9200,1.372300
2023-07-12,15.14254617,15.27413875,14.9451573,15.02975253,580188,9303045.5600,1.266300
2023-07-13,15.11434776,15.20834246,14.92635836,15.12374723,663912,10651871.8400,1.449000
2023-07-14,15.18014405,15.18014405,14.95455677,15.039152,563536,9032762.4800,1.230000
2023-07-17,15.18014405,15.18014405,14.78536631,14.93575783,585080,9262321.9600,1.277000
2023-07-18,15.02975253,15.07674988,14.86056207,15.05795094,651606,10402680.5600,1.422200
2023-07-19,15.05795094,15.1331467,14.96395624,15.06735041,468756,7506026.4000,1.023100
2023-07-20,15.11434776,15.23654087,14.97335571,15.039152,693812,11137827.9100,1.514300
2023-07-21,15.01095359,15.10494829,14.92635836,15.00155412,486852,7777232.4000,1.062600
2023-07-24,15.01095359,15.09554882,14.96395624,15.01095359,449228,7182598.1200,0.980500
2023-07-25,15.09554882,15.18954352,15.01095359,15.17074458,792344,12750917.8400,1.729400
2023-07-26,15.15194564,15.33993504,15.15194564,15.3211361,687424,11158384.4000,1.500400
2023-07-27,15.30233716,15.37753292,15.23654087,15.33993504,550932,8979900.2400,1.202500
2023-07-28,15.34933451,15.75351172,15.25533981,15.64071808,1906452,31629758.1600,4.161000
2023-07-31,15.62191914,15.62191914,15.31173663,15.4151308,1817672,29802562.1600,3.967200
2023-08-01,15.42453027,15.43392974,15.2271414,15.31173663,746636,12163277.0400,1.629600
2023-08-02,15.40573133,15.40573133,15.17074458,15.23654087,765163,12435284.0700,1.670000
2023-08-03,15.2271414,15.35873398,15.01095359,15.23654087,729656,11776338.4400,1.592500
2023-08-04,15.20834246,15.20834246,14.83236366,14.86056207,1317639,20970645.4700,2.875900
2023-08-07,14.86996154,14.92635836,14.68197214,14.79476578,738420,11620048.4400,1.611700
2023-08-08,14.77596684,14.98275518,14.71957002,14.93575783,668460,10582256.8000,1.459000
2023-08-09,14.99215465,14.99215465,14.68197214,14.70077108,705428,11059458.0000,1.539700
2023-08-10,14.73836896,14.78536631,14.60677638,14.78536631,488792,7651207.3200,1.066800
2023-08-11,14.73836896,14.90755942,14.68197214,14.70077108,669436,10514961.0800,1.461100
2023-08-14,14.62557532,14.8511626,14.53158062,14.81356472,717959,11240731.5500,1.567000
2023-08-15,14.82296419,15.01095359,14.78536631,14.96395624,736547,11702748.1500,1.607600
2023-08-16,14.96395624,15.039152,14.71017055,14.73836896,660483,10442926.6900,1.441600
2023-08-17,14.89815995,14.96395624,14.59737691,14.9451573,808777,12709149.7500,1.765200
2023-08-18,14.95455677,15.11434776,14.83236366,14.96395624,781781,12482651.3400,1.706300
2023-08-21,14.9451573,15.18014405,14.8511626,15.04855147,731276,11727177.9600,1.596100
2023-08-22,15.18014405,15.18014405,14.6631732,14.79476578,806184,12722989.0400,1.759600
2023-08-23,14.84176313,14.87936101,14.62557532,14.6631732,694864,10888685.8400,1.516600
2023-08-24,14.70077108,14.78536631,14.45638486,14.64437426,1022163,15843362.8800,2.231000
2023-08-25,14.50338221,14.78536631,14.27779493,14.30599334,1046240,16197178.1600,2.283500
2023-08-28,14.98275518,15.02035306,14.61617585,14.65377373,2090848,33018577.5600,4.563500
2023-08-29,14.65377373,15.11434776,14.62557532,15.06735041,1715644,27386462.9600,3.744500
2023-08-30,15.11434776,15.3211361,15.10494829,15.19894299,1238276,20038980.4400,2.702600
2023-08-31,15.20834246,15.30233716,15.06735041,15.24594034,913740,14764702.6000,1.994300
2023-09-01,15.23654087,15.36813345,15.07674988,15.33993504,955652,15536797.0000,2.085800
2023-09-04,15.34933451,15.49032656,15.3211361,15.45272868,1132976,18577676.4800,2.472800
2023-09-05,15.45272868,15.51852497,15.36813345,15.49032656,950640,15630332.5600,2.074900
2023-09-06,15.49972603,15.6031202,15.40573133,15.51852497,882272,14554377.7200,1.925600
2023-09-07,15.52792444,15.6971149,15.44332921,15.52792444,1438600,23884881.6000,3.139900
2023-09-08,15.53732391,15.57492179,15.29293769,15.39633186,1116232,18282476.2000,2.436300
2023-09-11,15.33993504,15.56552232,15.29293769,15.5091255,1071650,17645078.0200,2.339000
2023-09-12,15.5091255,15.55612285,15.33053557,15.47152762,909112,14971542.2800,1.984200
2023-09-13,15.54672338,15.57492179,15.35873398,15.42453027,913688,15025691.4400,1.994200
2023-09-14,15.46212815,15.58432126,15.19894299,15.28353822,912662,14874832.6200,1.992000
2023-09-15,15.34933451,15.47152762,15.18014405,15.28353822,863040,14081208.8000,1.883700
2023-09-18,15.39633186,15.6971149,15.21774193,15.63131861,1439884,23877173.9600,3.142700
2023-09-19,15.6031202,15.74411225,15.3211361,15.4151308,716160,11766830.0800,1.563100
2023-09-20,15.4151308,15.67831596,15.33053557,15.51852497,1149632,19036815.4800,2.509200
2023-09-21,15.51852497,15.55612285,15.15194564,15.2271414,998660,16244262.0000,2.179700
2023-09-22,15.18014405,15.5091255,15.10494829,15.46212815,1006980,16465544.1200,2.197800
2023-09-25,15.46212815,15.54672338,15.30233716,15.43392974,588432,9650355.4400,1.284300
2023-09-26,15.44332921,15.54672338,15.27413875,15.29293769,477583,7798817.3400,1.042400
2023-09-27,15.30233716,15.54672338,15.2271414,15.49032656,697199,11460675.6200,1.521700
2023-09-28,15.49972603,15.61251967,15.37753292,15.58432126,800634,13232012.9200,1.747500
2023-10-09,15.6031202,15.62191914,15.17074458,15.29293769,970960,15846574.7200,2.119200
2023-10-10,15.35873398,15.44332921,15.11434776,15.17074458,825544,13388595.1300,1.801800
2023-10-11,15.23654087,15.31173663,14.99215465,15.17074458,772035,12444633.8300,1.685000
2023-10-12,15.21774193,15.40573133,15.18014405,15.20834246,929035,15094258.0500,2.027700
2023-10-13,15.18014405,15.23654087,14.92635836,14.95455677,1060724,16938610.7600,2.315100
2023-10-16,14.95455677,15.30233716,14.87936101,15.15194564,1401932,22622208.3200,3.059800
2023-10-17,15.29293769,15.47152762,15.08614935,15.19894299,1037696,16819713.8000,2.264900
2023-10-18,15.2271414,15.30233716,14.9451573,15.01095359,883608,14151529.1300,1.928600
2023-10-19,15.00155412,15.15194564,14.71017055,14.73836896,857172,13561592.6900,1.870900
2023-10-20,14.71017055,14.99215465,14.67257267,14.78536631,637428,10033824.5200,1.391200
2023-10-23,14.78536631,14.84176313,14.08980553,14.45638486,1010936,15614888.4400,2.206500
2023-10-24,14.40938751,15.23654087,14.40938751,15.08614935,1699808,27021654.9200,3.710000
2023-10-25,15.09554882,15.26473928,14.8511626,15.18014405,1413500,22704733.9700,3.085100
2023-10-26,15.04855147,15.35873398,15.04855147,15.09554882,819364,13224383.8000,1.788300
2023-10-27,15.04855147,15.54672338,15.04855147,15.49972603,1143543,18789983.6700,2.495900
2023-10-30,15.49032656,15.6031202,15.37753292,15.42453027,934856,15399074.5600,2.040400
2023-10-31,15.70651437,16.19528681,15.5091255,16.09189264,3342135,56696227.0800,7.294500
2023-11-01,16.09189264,16.27988204,15.85690589,15.979099,3025464,51676572.4400,6.603300
2023-11-02,15.99789794,16.20468628,15.86630536,15.979099,1456408,24805979.3200,3.178700
2023-11-03,15.979099,16.10129211,15.80050907,15.80990854,1344460,22777815.5600,2.934400
2023-11-06,15.82870748,16.06369423,15.82870748,15.90390324,1321488,22362260.9600,2.884300
2023-11-07,15.89450377,16.03549582,15.71591384,16.00729741,1166200,19724918.9200,2.545300
2023-11-08,15.96969953,16.08249317,15.82870748,15.91330271,1026780,17438973.3200,2.241000
2023-11-09,15.83810695,15.979099,15.6971149,15.92270218,1102924,18633300.6000,2.407200
2023-11-10,15.90390324,15.92270218,15.72531331,15.78171013,844124,14206862.0800,1.842400
2023-11-13,15.86630536,16.18588734,15.86630536,16.06369423,1396560,23775801.9400,3.048100
2023-11-14,16.13888999,16.1670884,15.83810695,16.03549582,936164,15891893.2000,2.043300
2023-11-15,16.1670884,16.1670884,15.92270218,16.13888999,1009656,17266295.1200,2.203700
2023-11-16,16.14828946,16.24228416,15.979099,16.05429476,758052,12994861.3300,1.654500
2023-11-17,16.13888999,16.18588734,15.99789794,16.14828946,806062,13801104.6600,1.759300
2023-11-20,16.21408575,16.36447727,15.93210165,16.33627886,999860,17193631.7800,2.182300
2023-11-21,16.2610831,16.39267568,16.10129211,16.20468628,1087052,18776117.0800,2.372600
2023-11-22,16.1670884,16.34567833,16.11069158,16.1670884,927416,16011295.4400,2.024200
2023-11-23,16.15768893,16.27988204,16.09189264,16.1670884,1015211,17470358.0600,2.215800
2023-11-24,16.19528681,16.30808045,16.01669688,16.15768893,861980,14777210.8400,1.881300
2023-11-27,16.1670884,16.1670884,15.73471278,16.12949052,1282416,21850361.0400,2.799000
2023-11-28,16.12949052,16.29868098,15.93210165,16.28928151,1085511,18689091.9900,2.369200
2023-11-29,16.3550778,16.3550778,15.92270218,16.09189264,1041276,17781462.1200,2.272700
2023-11-30,16.0730937,16.13888999,15.86630536,16.08249317,1119764,19045547.6000,2.444000
2023-12-01,16.03549582,16.30808045,15.99789794,16.17648787,1156700,19887139.3200,2.524600
2023-12-04,16.29868098,16.41147462,16.03549582,16.1670884,1430820,24682415.0000,3.122900
2023-12-05,16.27988204,16.30808045,15.92270218,15.96030006,750208,12848262.2000,1.637400
2023-12-06,15.92270218,16.25168363,15.91330271,16.14828946,1138199,19492966.2300,2.484200
2023-12-07,16.15768893,16.2610831,16.00729741,16.05429476,843900,14452768.5200,1.841900
2023-12-08,16.06369423,16.13888999,15.45272868,15.49972603,1312436,21927761.6000,2.864500
2023-12-11,15.49972603,15.8851043,15.35873398,15.76291119,1999600,33453985.8400,4.364300
2023-12-12,15.68771543,16.04489529,15.5091255,15.93210165,1131748,19017095.0400,2.470100
2023-12-13,15.8851043,16.12009105,15.76291119,15.7911096,635408,10735072.9600,1.386800
2023-12-14,15.82870748,16.00729741,15.6971149,15.87570483,1044376,17610318.8400,2.279400
2023-12-15,15.8851043,16.0730937,15.80990854,16.00729741,1030060,17511764.2400,2.248200
2023-12-18,15.95090059,16.19528681,15.76291119,15.85690589,1096739,18585620.7900,2.393700
2023-12-19,15.78171013,15.95090059,15.58432126,15.77231066,900776,15075001.7200,1.966000
2023-12-20,15.78171013,15.979099,15.68771543,15.72531331,1016845,17135743.3900,2.219400
2023-12-21,15.65011755,16.04489529,15.5091255,16.02609635,1321400,22272569.3200,2.884100
2023-12-22,16.02609635,16.20468628,15.82870748,15.89450377,1362316,23206768.8000,2.973400
2023-12-25,15.92270218,15.93210165,15.29293769,15.4151308,2156864,35415373.4400,4.707500
2023-12-26,15.40573133,15.51852497,15.05795094,15.10494829,1588676,25761233.2000,3.467400
2023-12-27,15.10494829,15.35873398,15.01095359,15.28353822,1191064,19265292.7200,2.599600
2023-12-28,15.36813345,15.37753292,15.039152,15.30233716,1349744,21923727.8000,2.945900
2023-12-29,15.3211361,15.75351172,15.20834246,15.65011755,1187411,19573837.8100,2.591600
2024-01-02,15.65011755,16.00729741,15.65011755,15.96030006,2035052,34435470.5200,4.441700
2024-01-03,15.96030006,15.99789794,15.78171013,15.96969953,1406655,23758048.9600,3.070100
2024-01-04,15.96969953,16.09189264,15.65951702,16.05429476,1287207,21909303.3900,2.809400
2024-01-05,15.96969953,16.23288469,15.78171013,15.87570483,1405091,23927084.8200,3.066700
2024-01-08,15.83810695,15.90390324,15.65011755,15.70651437,1586760,26649380.6800,3.463200
2024-01-09,15.70651437,16.01669688,15.64071808,15.8851043,1589751,26828306.7500,3.469800
2024-01-10,15.80990854,15.979099,15.6971149,15.81930801,1412060,23812777.0000,3.081900
2024-01-11,15.82870748,15.96969953,15.74411225,15.95090059,994492,16795998.2000,2.170600
2024-01-12,15.87570483,16.12949052,15.6971149,15.74411225,1203744,20374910.7200,2.627300
2024-01-15,15.81930801,15.93210165,15.65011755,15.7911096,1345872,22565535.4400,2.937500
2024-01-16,15.7911096,15.85690589,15.42453027,15.67831596,1388016,23109879.6400,3.029500
2024-01-17,15.68771543,15.92270218,15.52792444,15.52792444,1284396,21526771.8400,2.803300
2024-01-18,15.52792444,15.63131861,14.40938751,14.70077108,3494736,55283256.8400,7.627600
2024-01-19,14.8511626,15.27413875,14.74776843,14.87936101,2296940,36491363.7600,5.013300
2024-01-22,14.77596684,14.92635836,13.8172209,13.95821295,2347035,35983174.7800,5.122600
2024-01-23,13.95821295,14.16500129,13.20625535,13.49763892,3637172,52135495.8800,7.938400
2024-01-24,13.61043256,14.0052103,13.16865747,13.65742991,2213868,32104710.3200,4.832000
2024-01-25,13.83601984,14.37178963,13.6292315,14.29659387,1847804,27502128.5600,4.033000
2024-01-26,14.31539281,14.65377373,14.26839546,14.39058857,1611116,24810523.9600,3.516400
2024-01-29,14.31539281,14.55977903,13.86421825,14.02400924,2093608,31413129.0400,4.569500
2024-01-30,13.88301719,13.89241666,13.30025005,13.32844846,1674884,24151239.2800,3.655600
2024-01-31,13.28145111,13.31904899,12.46369722,12.49189563,2605456,35510648.7600,5.686600
2024-02-01,12.36970252,12.49189563,11.81513379,12.219311,2423118,31295528.0000,5.288700
2024-02-02,12.219311,12.64228715,10.9973799,11.54254916,3344149,41165798.8200,7.298900
2024-02-05,11.26056506,11.279364,10.38641435,10.38641435,2364248,26408286.7200,5.160200
2024-02-06,9.5874594,10.19842495,9.35247265,9.85064456,5480607,55631889.1000,11.961900
2024-02-07,9.84124509,9.85064456,9.06108908,9.09868696,4365204,43314570.4100,9.527400
2024-02-08,9.13628484,10.01043555,9.10808643,10.01043555,5935627,60901025.3300,12.955000
2024-02-19,10.23602283,10.73419474,10.14202813,10.42401223,4696375,52208377.7500,10.250200
2024-02-20,10.56500428,10.65899898,10.38641435,10.55560481,2300784,25823263.1500,5.021700
2024-02-21,10.45221064,11.29816294,10.41461276,10.9973799,2463456,28795567.7400,5.376700
2024-02-22,10.95978202,11.26056506,10.85638785,11.22296718,1736392,20434498.8400,3.789800
2024-02-23,11.50495128,11.8433322,11.28876347,11.7493375,2498107,30825682.5300,5.452300
2024-02-26,11.8433322,12.52949351,11.6553428,11.89972902,3752593,47871585.1400,8.190400
2024-02-27,11.88093008,12.58589033,11.88093008,12.53889298,2939725,38735016.0800,6.416200
2024-02-28,12.54829245,12.66108609,11.28876347,11.29816294,4711076,59581356.1200,10.282300
2024-02-29,11.03497778,11.5613481,10.9033852,11.5613481,3360360,40615593.3200,7.334300
2024-03-01,11.66474227,11.7493375,11.32636135,11.47675287,2480380,30345594.2000,5.413600
2024-03-04,11.47675287,11.61774492,11.03497778,11.23236665,2966121,35426759.9900,6.473800
2024-03-05,11.19476877,11.25116559,10.88458626,10.92218414,2032660,23810764.6800,4.436500
2024-03-06,10.96918149,11.19476877,10.86578732,11.16657036,1547324,18246588.0000,3.377200
2024-03-07,11.23236665,11.54254916,11.00677937,11.11957301,2278130,27441671.3000,4.972200
2024-03-08,11.26056506,11.35455976,11.12897248,11.26056506,1083872,12964297.4800,2.365600
2024-03-11,11.17596983,11.42035605,11.17596983,11.42035605,1697013,20426346.7000,3.703900
2024-03-12,11.42975552,11.89972902,11.41095658,11.87153061,2230736,27671191.5600,4.868800
2024-03-13,11.83393273,11.92792743,11.5613481,11.76813644,1569420,19552446.9200,3.425400
2024-03-14,11.71173962,11.89032955,11.63654386,11.83393273,1283264,16076163.8400,2.800800
2024-03-15,11.83393273,12.02192213,11.70234015,12.02192213,1232652,15624307.8800,2.690400
2024-03-18,12.19111259,12.29450676,11.96552531,12.23810994,1517124,19573911.5600,3.311300
2024-03-19,12.219311,12.35090358,12.11591683,12.26630835,1344952,17524892.6000,2.935500
2024-03-20,12.22871047,12.43549881,12.20051206,12.4073004,1030328,13503655.2000,2.248800
2024-03-21,12.4073004,12.58589033,12.20991153,12.38850146,1634214,21531357.4800,3.566800
2024-03-22,12.38850146,12.43549881,12.05012054,12.24750941,1513012,19742345.3200,3.302300
2024-03-25,12.15351471,12.38850146,11.89032955,11.91852796,1407979,18210781.5600,3.073000
2024-03-26,12.00312319,12.08771842,11.72113909,11.96552531,1398172,17747655.4400,3.051600
2024-03-27,12.05952001,12.05952001,11.52375022,11.52375022,1728840,21702154.0000,3.773300
2024-03-28,11.60834545,11.95612584,11.4673534,11.79633485,1745472,21829656.5600,3.809600
2024-03-29,11.92792743,12.09711789,11.79633485,12.07831895,1746464,22223540.4400,3.811800
2024-04-01,12.09711789,12.38850146,12.09711789,12.38850146,1470852,19223235.3200,3.210300
2024-04-02,12.46369722,12.60468927,12.219311,12.46369722,1602832,21280212.4400,3.498300
2024-04-03,12.4073004,12.70808344,12.37910199,12.65168662,1845312,24661636.0800,4.027600
2024-04-08,13.14985853,13.92061507,12.73628185,13.92061507,3422865,49476915.9700,2.377000
2024-04-09,13.59163362,13.59163362,12.52949351,13.13105959,9574426,130588984.1600,6.648900
2024-04-10,12.6892845,12.73628185,11.97492478,12.20991153,5977884,78452824.1000,4.151300
2024-04-11,11.85273167,12.24750941,11.69294068,11.88093008,4151601,52978856.7900,2.883100
2024-04-12,11.88093008,12.19111259,11.79633485,12.18171312,3705392,47441241.9600,2.573200
2024-04-15,11.97492478,12.11591683,10.95978202,11.03497778,5322001,63850561.1200,3.695800
2024-04-16,10.87518679,11.02557831,10.44281117,10.77179262,4051904,46497611.3700,2.813800
2024-04-17,10.82818944,11.3733587,10.82818944,11.22296718,3276621,39020247.8500,2.275400
2024-04-18,11.17596983,11.26996453,10.91278467,11.08197513,1931975,22779061.1700,1.341600
2024-04-19,11.08197513,11.23236665,10.9033852,10.94098308,1548368,18149641.1200,1.075300
2024-04-22,10.9973799,11.15717089,10.61200163,10.9033852,1290844,14952658.7200,0.896400
2024-04-23,10.9033852,11.24176612,10.79999103,11.15717089,1493780,17630569.8400,1.037300
2024-04-24,11.15717089,11.47675287,11.15717089,11.47675287,1398248,16894831.6800,0.971000
2024-04-25,11.3733587,11.79633485,11.3733587,11.75873697,1766000,21957470.2000,1.226400
2024-04-26,11.81513379,11.81513379,11.57074757,11.6553428,1875946,23310874.9700,1.302700
2024-04-29,11.58954651,12.04072107,11.58954651,12.04072107,2272767,28693995.1900,1.578300
2024-04-30,12.04072107,12.29450676,11.89972902,12.1253163,2227767,28696028.1800,1.547100
2024-05-06,12.22871047,12.46369722,12.219311,12.4073004,2009236,26438599.0800,1.395300
2024-05-07,12.44489828,12.76448026,12.37910199,12.76448026,1885352,25237253.2000,1.309300
2024-05-08,12.76448026,12.89607284,12.55769192,12.66108609,1712852,23203586.6000,1.189500
2024-05-09,12.67048556,12.86787443,12.60468927,12.76448026,1296476,17566998.7200,0.900300
2024-05-10,12.6892845,12.85847496,12.5952898,12.69868397,1104908,14933708.5200,0.767300
2024-05-13,12.69868397,12.69868397,12.18171312,12.52949351,1475892,19516914.0400,1.024900
2024-05-14,12.64228715,12.96186913,12.58589033,12.85847496,1525064,20753806.7200,1.059100
2024-05-15,12.8772739,12.99006754,12.69868397,12.73628185,979560,13379459.2000,0.680300
2024-05-16,12.7832792,12.92427125,12.67988503,12.74568132,1341628,18281663.0000,0.931700
2024-05-17,12.74568132,12.82087708,12.52009404,12.71748291,1035392,13946247.6400,0.719000
2024-05-20,12.75508079,13.02766542,12.66108609,12.75508079,1921960,26305766.7600,1.334700
2024-05-21,12.64228715,12.74568132,12.5012951,12.61408874,1298980,17432525.2000,0.902100
2024-05-22,12.5952898,13.87361772,12.52949351,13.14985853,7868803,113224192.6800,5.464400
2024-05-23,12.70808344,13.09346171,12.14411524,12.64228715,7947754,106597432.0400,5.519300
2024-05-24,12.61408874,12.76448026,12.19111259,12.27570782,3352464,44279340.0400,2.328100
2024-05-27,12.36970252,12.67988503,12.22871047,12.64228715,2445728,32341659.6400,1.698400
2024-05-28,12.6892845,12.69868397,12.41669987,12.43549881,1686463,22492938.8500,1.171200
2024-05-29,12.44489828,12.80207814,12.36970252,12.60468927,1725229,23169453.4200,1.198100
2024-05-30,12.66108609,12.72688238,12.48249616,12.69868397,2008456,26990113.9600,1.394800
2024-05-31,12.6892845,12.9712686,12.6892845,12.72688238,1191604,16210480.7200,0.827500
2024-06-03,12.83027655,12.8772739,12.35090358,12.47309669,1664591,22239824.9800,1.156000
2024-06-04,12.47309669,12.53889298,12.219311,12.43549881,1417248,18649197.9200,0.984200
2024-06-05,12.43549033,12.60995551,12.02840491,12.47426037,1804842,23171053.7200,1.253400
2024-06-06,12.48395288,12.600263,11.5340869,11.99932738,3060429,37673470.2400,2.125300
2024-06-07,12.00901989,12.600263,11.9217873,12.46456786,1942077,24381586.9900,1.348700
2024-06-11,12.46456786,12.47426037,12.18348507,12.37733527,1080088,13737538.2000,0.750100
2024-06-12,12.37733527,12.41610531,12.31918021,12.38702778,941540,12020749.8800,0.653800
2024-06-13,12.4064128,12.46456786,12.23194762,12.33856523,786312,9985073.7600,0.546100
2024-06-14,12.24164013,12.5033379,12.15440754,12.35795025,833500,10559555.3600,0.578800
2024-06-17,12.3094877,12.42579782,12.1156375,12.25133264,1541692,19548050.0000,1.070600
2024-06-18,12.13502252,12.54210794,11.94117232,12.45487535,1879528,23774682.8400,1.305200
2024-06-19,12.44518284,12.49364539,12.00901989,12.08655997,1086159,13626326.4900,0.754300
2024-06-20,12.08655997,12.12533001,11.89270977,11.93147981,891240,11017819.4000,0.618900
2024-06-21,11.93147981,12.04778993,11.84424722,11.99932738,497196,6132838.1600,0.345300
2024-06-24,11.94117232,11.94117232,11.31115917,11.47593184,1359868,16202083.6000,0.944400
2024-06-25,11.61162698,11.75701463,11.39839176,11.7279371,748408,8980515.6400,0.519700
2024-06-26,11.71824459,11.89270977,11.67947455,11.8248622,1115936,13604114.4400,0.775000
2024-06-27,11.81516969,11.86363224,11.68916706,11.74732212,1077220,13102038.1200,0.748100
2024-06-28,11.74732212,11.85393973,11.73762961,11.83455471,790468,9632903.7600,0.548900
2024-07-01,11.84424722,11.94117232,11.71824459,11.90240228,917596,11202051.4400,0.637200
2024-07-02,11.93147981,12.04778993,11.83455471,12.00901989,852151,10523533.5000,0.591800
2024-07-03,11.99932738,12.03809742,11.77639965,11.8248622,719103,8793059.3900,0.499400
2024-07-04,11.8248622,11.99932738,11.73762961,11.87332475,1386800,16970143.0000,0.963100
2024-07-05,11.78609216,11.85393973,11.58254945,11.85393973,674364,8150591.2800,0.468300
2024-07-08,11.78609216,11.8248622,11.38869925,11.39839176,853092,10196667.7600,0.592400
2024-07-09,11.61162698,11.61162698,10.93315128,11.26269662,911436,10509403.4400,0.632900
2024-07-10,11.22392658,11.30146666,11.09792395,11.20454156,817616,9424481.4400,0.567800
2024-07-11,11.33054419,11.66008953,11.32085168,11.62131949,669809,7951535.7600,0.465100
2024-07-12,11.631012,11.74732212,11.5340869,11.58254945,472888,5657434.4800,0.328400
2024-07-15,11.58254945,12.02840491,11.46623933,11.89270977,2424796,29633525.8400,1.683900
2024-07-16,11.77639965,11.80547718,11.50500937,11.57285694,1473201,17656594.5600,1.023100
2024-07-17,11.61162698,11.66978204,11.39839176,11.51470188,845368,10045288.0800,0.587100
2024-07-18,11.38869925,11.42746929,11.2433116,11.36931423,785107,9173529.5700,0.545200
2024-07-19,11.36931423,11.4371618,11.25300411,11.35962172,470924,5521674.8400,0.327000
2024-07-22,11.40808427,11.40808427,11.11730897,11.35962172,373172,4354931.8800,0.259100
2024-07-23,11.36931423,11.42746929,11.05915391,11.05915391,535100,6186580.0000,0.371600
2024-07-24,10.97192132,11.06884642,10.84591869,10.89438124,587820,6636459.2800,0.408200
2024-07-25,10.8556112,11.10761646,10.81684116,10.93315128,660956,7456004.4000,0.459000
2024-07-26,10.96222881,11.03976889,10.86530371,10.99130634,547565,6185956.0100,0.380300
2024-07-29,10.99130634,11.09792395,10.83622618,10.84591869,653952,7355530.2800,0.454100
2024-07-30,10.84591869,10.89438124,10.76837861,10.86530371,456704,5103532.5600,0.317200
2024-07-31,10.87499622,11.32085168,10.77807112,11.26269662,821444,9387535.4000,0.570400
2024-08-01,11.28208164,11.30146666,10.9525363,10.99130634,827988,9476739.7600,0.575000
2024-08-02,10.97192132,11.10761646,10.89438124,11.00099885,518844,5900135.6400,0.360300
2024-08-05,11.09792395,11.1463865,10.76837861,10.82653367,777164,8792955.2800,0.539700
2024-08-06,10.9525363,11.00099885,10.84591869,10.98161383,593572,6688129.8000,0.412200
2024-08-07,11.03976889,11.0494614,10.87499622,11.03976889,308644,3499147.6400,0.214300
2024-08-08,11.07853893,11.07853893,10.88468873,11.01069136,322544,3659607.6000,0.224000
2024-08-09,11.01069136,11.12700148,10.87499622,10.87499622,445792,5074067.8000,0.309600
2024-08-12,10.87499622,11.01069136,10.77807112,10.89438124,258668,2907560.6000,0.179600
2024-08-13,10.92345877,11.01069136,10.82653367,10.91376626,374240,4210076.6000,0.259900
2024-08-14,10.91376626,11.01069136,10.88468873,10.96222881,381542,4314009.3400,0.265000
2024-08-15,10.83622618,11.05915391,10.83622618,10.96222881,590320,6683945.6000,0.409900
2024-08-16,10.96222881,11.02038387,10.78776363,10.81684116,580222,6504879.2800,0.402900
2024-08-19,10.7586861,10.93315128,10.7586861,10.82653367,364300,4076467.0000,0.253000
2024-08-20,10.80714865,10.82653367,10.47760331,10.54545088,543300,5949441.2000,0.377300
2024-08-21,10.53575837,10.59391343,10.3709857,10.43883327,481900,5211789.2000,0.334700
2024-08-22,10.47760331,10.5648359,10.34190817,10.40006323,374644,4042045.2000,0.260200
2024-08-23,10.45821829,10.45821829,10.22559805,10.29344562,548400,5829436.0000,0.380800
2024-08-26,10.33221566,10.50668084,10.22559805,10.4679108,465288,4993971.3600,0.323100
2024-08-27,10.44852578,10.54545088,10.33221566,10.44852578,637500,6872364.0000,0.465900
2024-08-28,10.3709857,10.53575837,10.06082538,10.35160068,1306258,13953085.0400,0.954700
2024-08-29,10.2740606,10.49698833,10.23529056,10.49698833,779060,8359146.6000,0.569400
2024-08-30,10.44852578,10.70053104,10.44852578,10.62299096,862663,9431009.4500,0.630500
2024-09-02,10.62299096,10.79745614,10.55514339,10.61329845,1045300,11549049.0000,0.764000
2024-09-03,10.61329845,10.71991606,10.47760331,10.60360594,847568,9247700.2800,0.619500
2024-09-04,10.84591869,10.84591869,10.36129319,10.59391343,784200,8546996.0000,0.573100
2024-09-05,10.5648359,11.65039702,10.5648359,10.69083853,4364816,48835105.6800,3.190100
2024-09-06,10.32252315,10.57452841,10.26436809,10.2740606,2501180,26823103.9200,1.828000
2024-09-09,10.22559805,10.34190817,10.05113287,10.30313813,1020180,10764894.7600,0.745600
2024-09-10,10.30313813,10.36129319,10.13836546,10.2740606,593280,6278663.2000,0.433600
2024-09-11,10.31283064,10.31283064,10.07051789,10.0802104,727000,7606579.8800,0.531300
2024-09-12,10.0802104,10.1771355,10.03174785,10.04144036,438748,4571013.8000,0.320700
2024-09-13,10.02205534,10.04144036,9.77974259,9.81851263,741000,7574469.2000,0.541600
2024-09-18,9.81851263,9.8863602,9.61496992,9.81851263,548963,5517215.8400,0.401200
2024-09-19,9.84759016,10.09959542,9.83789765,10.06082538,572748,5910142.9600,0.418600
2024-09-20,10.06082538,10.10928793,9.92513024,10.02205534,385744,3980982.7600,0.281900
2024-09-23,10.05113287,10.07051789,9.92513024,10.04144036,293040,3029204.0000,0.214200
2024-09-24,10.07051789,10.25467558,10.03174785,10.23529056,882252,9258068.0000,0.644800
2024-09-25,10.34190817,10.44852578,10.25467558,10.28375311,1340039,14328046.1800,0.979400
2024-09-26,10.2740606,10.52606586,10.26436809,10.51637335,1148420,12361062.6000,0.839300
2024-09-27,10.57452841,10.98161383,10.51637335,10.94284379,1387584,15370545.0000,1.014100
2024-09-30,11.26269662,11.88301726,11.09792395,11.70855208,3362800,39832937.6800,2.457800
2024-10-08,12.82319073,12.82319073,11.75701463,12.39672029,3937784,49569637.1200,2.878000
2024-10-09,12.23194762,12.25133264,11.49531686,11.55347192,3365123,40766542.5200,2.459500
2024-10-10,11.56316443,11.95086483,11.56316443,11.70855208,2116108,25644612.1200,1.546600
2024-10-11,11.86363224,11.86363224,11.35962172,11.47593184,1503875,17863709.0900,1.099100
2024-10-14,11.61162698,11.631012,11.31115917,11.5340869,1258444,14935261.5600,0.919800
2024-10-15,11.62131949,11.62131949,11.3402367,11.34992921,911704,10789816.8800,0.666300
2024-10-16,11.20454156,11.71824459,11.15607901,11.52439439,1432568,17026728.8000,1.047000
2024-10-17,11.5340869,11.66008953,11.3402367,11.36931423,1288499,15213256.5300,0.941700
2024-10-18,11.36931423,12.04778993,11.33054419,11.74732212,2738658,33230897.8000,2.001600
2024-10-21,11.85393973,11.97024985,11.54377941,11.54377941,2291795,27634278.0600,1.675000
2024-10-22,11.75701463,11.75701463,11.52439439,11.60193447,1479492,17668995.8800,1.081300
2024-10-23,11.59224196,11.66978204,11.54377941,11.57285694,1629604,19519829.2000,1.191000
2024-10-24,11.56316443,11.65039702,11.54377941,11.57285694,1015840,12150623.4400,0.742400
2024-10-25,11.631012,11.71824459,11.59224196,11.68916706,1479404,17804677.9600,1.081300
2024-10-28,11.86363224,12.03809742,11.69885957,12.0187124,2081976,25614306.3600,1.521700
2024-10-29,12.08655997,12.15440754,11.83455471,11.87332475,1642717,20265702.6600,1.200600
2024-10-30,11.61162698,11.8248622,11.49531686,11.7279371,1805240,21652979.8700,1.319400
2024-10-31,11.69885957,11.93147981,11.60193447,11.8248622,2450104,29818740.9200,1.790700
2024-11-01,11.91209479,12.27071766,11.44685431,11.54377941,2681152,32262367.7300,1.959600
2024-11-04,11.59224196,11.75701463,11.54377941,11.73762961,2183035,26279683.7900,1.595500
2024-11-05,11.80547718,11.97994236,11.7279371,11.88301726,2222163,27090831.6700,1.624100
2024-11-06,11.89270977,11.94117232,11.68916706,11.80547718,1555415,18954393.4500,1.136800
2024-11-07,11.79578467,12.02840491,11.70855208,12.02840491,3731740,45800683.7600,2.727400
2024-11-08,12.09625248,12.52272292,11.86363224,12.49364539,5001956,62866970.2900,3.655800
2024-11-11,12.44518284,12.64872555,12.14471503,12.54210794,3724782,48002552.4600,2.722300
2024-11-12,12.48395288,12.63903304,12.06717495,12.16410005,3661480,46794053.5400,2.676100
2024-11-13,12.2125626,12.35795025,12.02840491,12.29979519,2833844,35708355.2500,2.071200
2024-11-14,12.29010268,12.43549033,12.20287009,12.27071766,2450552,31052358.2200,1.791000
2024-11-15,12.19317758,12.62934053,12.19317758,12.51303041,3495771,44841996.1600,2.555000
2024-11-18,12.49364539,12.60995551,11.97994236,12.12533001,3975891,50111335.7800,2.905900
2024-11-19,12.17379256,12.5033379,11.99932738,12.49364539,4204212,53309078.2800,3.072700
2024-11-20,12.49364539,13.74397918,12.13502252,13.39504882,14565233,195465644.3700,10.645300
2024-11-21,13.11396603,14.7326152,13.11396603,14.7326152,7060430,103629952.6000,5.160300
2024-11-22,16.20587672,16.20587672,14.47091743,15.3141658,6619520,107865632.6400,4.838000
2024-11-25,16.50634453,16.84558238,15.35293584,16.84558238,17147332,291183363.5700,12.532500
2024-11-26,15.82786883,18.53207912,15.82786883,18.53207912,15575980,282450120.8100,11.384000
2024-11-27,19.78241291,20.36396351,16.68080971,19.5788702,15642686,298705952.1000,11.432800
2024-11-28,18.88100948,19.35594247,17.62098318,17.62098318,12137048,228099252.4500,8.870600
2024-11-29,18.93916454,19.38502,18.91008701,19.38502,5034271,99755124.4800,3.679400
2024-12-02,21.323522,21.323522,21.323522,21.323522,706736,15548192.0000,0.516500
2024-12-03,23.4558742,23.4558742,20.86797403,22.62231834,21960213,519575986.3800,16.050000
2024-12-04,21.24598192,24.88067317,21.24598192,24.88067317,11864559,293950818.2800,8.671400
2024-12-05,25.41376122,27.37164824,25.41376122,27.37164824,10267560,285552947.5400,7.504200
2024-12-06,27.37164824,29.8529308,24.64805293,25.19083349,14245351,391886562.2100,10.411500
2024-12-09,24.70620799,25.03575333,22.67078089,22.67078089,8971391,214241554.1000,6.556900
2024-12-10,22.95186368,23.73695699,21.34290702,23.53341428,6894107,162926311.4700,5.038700
2024-12-11,23.34925659,24.19250496,22.6804734,23.4558742,4770592,115240196.1300,3.486700
2024-12-12,23.63033938,23.79511205,23.08755882,23.4558742,3390031,81894323.0500,2.477700
2024-12-13,23.34925659,24.50266528,23.0681738,24.28943006,3722560,92553867.0000,2.720700
2024-12-16,24.28943006,26.72225007,24.28943006,25.6851515,4232201,111634842.2500,3.093200
2024-12-17,25.47191628,26.45085979,23.11663635,25.7820766,5767632,147807719.2400,4.215400
2024-12-18,25.7820766,26.99364035,24.84190313,26.7513276,4863905,132567409.2200,3.554900
2024-12-19,26.76102011,29.34892028,25.42345373,28.43782434,5711301,165411677.3500,4.174200
2024-12-20,28.74798466,31.27772977,27.22626059,29.63969558,9279036,283587545.6300,6.781800
2024-12-23,29.34892028,29.34892028,26.67378752,26.67378752,5229663,147311795.1000,3.822200
2024-12-24,25.54945636,28.09858649,25.54945636,27.09056545,4017481,110954033.2900,2.936300
2024-12-25,26.19885453,26.54778489,24.4251252,25.5882264,4043222,105814617.8700,2.955100
2024-12-26,25.04544584,26.79979015,23.85326711,25.64638146,5582630,145521857.6900,4.080200
2024-12-27,25.96623429,26.3636272,25.1036009,26.24731708,3217510,85578511.8000,2.351600
2024-12-30,26.72225007,26.82886768,24.88067317,25.22960353,2507385,65198684.7000,1.832600
2024-12-31,25.52037883,26.14069947,24.5220503,25.99531182,3077660,80237232.6000,2.249400
2025-01-02,25.19083349,26.2667021,25.19083349,25.5882264,2575498,67941784.1400,1.882400
2025-01-03,26.28608712,26.28608712,25.08421588,25.84992417,2710986,71806603.6000,1.981400
2025-01-06,26.0728519,26.0728519,24.7159005,25.07452337,1406372,36463979.8000,1.027900
2025-01-07,24.94852074,25.42345373,24.47358775,25.27806608,2118866,54641431.6400,1.548600
2025-01-08,25.26837357,25.67545899,24.7159005,25.5882264,2077164,54102684.8000,1.518100
2025-01-09,25.9759268,25.9759268,25.11329341,25.46222377,1556764,41183456.9600,1.137800
2025-01-10,25.46222377,25.57853389,24.76436305,24.78374807,1758604,45593659.4800,1.285300
2025-01-13,24.89036568,24.89036568,24.18281245,24.40574018,1414368,35663688.7200,1.033700
2025-01-14,24.40574018,24.91944321,24.27973755,24.67713046,1759880,44610076.3000,1.286200
2025-01-15,24.48328026,25.19083349,24.48328026,25.04544584,1837660,47129858.0000,1.343100
2025-01-16,25.22960353,25.36529867,24.3282001,24.53174281,1336540,33938399.2000,0.976800
2025-01-17,24.51235779,25.2974511,24.37666265,24.85159564,1297795,33285508.3200,0.948500
2025-01-20,25.56884138,27.3328782,24.99698329,27.3328782,4022116,110405141.3600,2.939600
2025-01-21,28.3021292,29.55246299,27.83688872,28.9806049,5626646,166460670.3000,4.112300
2025-01-22,28.9806049,29.24230267,28.03073892,28.83521725,3333932,98353517.2600,2.436700
2025-01-23,28.96121988,29.3683053,28.26335916,28.7867547,2172704,64402864.6400,1.588000
2025-01-24,28.5929045,30.00801096,26.70286505,27.64303852,6407442,185979093.8400,4.683000
2025-01-27,27.50734338,28.108279,26.64470999,26.8482527,3272308,92156199.5200,2.391600
2025-02-05,26.69317254,26.90640776,25.89838672,26.15039198,2312728,62581619.0800,1.690300
2025-02-06,26.17946951,26.45085979,25.66576648,25.84023166,1719062,45931208.4000,1.256400
2025-02-07,25.84023166,26.17946951,25.52037883,25.89838672,1885636,50309194.7600,1.378200
2025-02-10,25.89838672,25.89838672,25.26837357,25.62699644,1771728,46646094.5600,1.294900
2025-02-11,25.84023166,26.79979015,25.3943762,25.62699644,1964712,52328968.4000,1.435900
2025-02-12,25.6851515,25.80146162,25.2974511,25.53007134,1595804,41958691.7600,1.166300
2025-02-13,25.55914887,26.03408186,25.21021851,25.53007134,1446460,38089286.3600,1.057200
2025-02-14,25.53976385,25.84023166,25.2974511,25.76269158,1547796,40897409.8000,1.131200
2025-02-17,25.76269158,26.08254441,25.21021851,25.59791891,2293050,60280399.3000,1.675900
2025-02-18,25.5882264,25.81115413,24.9097507,25.200526,2032946,53331651.2200,1.485800
2025-02-19,25.17144847,26.10192943,24.92913572,25.89838672,2457726,64674475.2600,1.796300
2025-02-20,25.82084664,26.53809238,25.35560616,25.62699644,1666568,44421816.8000,1.218000
2025-02-21,25.32652863,25.74330656,24.84190313,25.43314624,2433799,63542960.5000,1.778800
2025-02-24,25.200526,25.200526,24.56082034,24.56082034,2124348,54319832.4400,1.552600
2025-02-25,24.3282001,24.66743795,24.14404241,24.44451022,1734704,43424219.4200,1.267800
2025-02-26,24.38635516,25.12298592,24.19250496,24.63836042,2284092,58236027.8800,1.669400
2025-02-27,24.85159564,25.02606082,24.28943006,24.8128256,1360420,34507610.0000,0.994300
2025-02-28,24.83221062,26.6544025,24.57051285,24.6189754,3087752,80742580.8000,2.256700
2025-03-03,24.66743795,25.18114098,24.18281245,24.34758512,1840836,46562667.4800,1.345400
2025-03-04,24.59959038,24.72559301,24.19250496,24.65774544,1146216,28978068.3600,0.837700
2025-03-05,24.7159005,25.07452337,24.45420273,24.64805293,1133099,28926772.4600,0.828100
2025-03-06,25.18114098,26.169777,24.54143532,25.9759268,2882077,75839619.5500,2.106400
2025-03-07,25.8790017,26.2667021,25.08421588,26.05346688,2524386,66764376.2000,1.845000
2025-03-10,25.57853389,25.8790017,24.90005819,25.30714361,1754869,45504930.2400,1.282600
2025-03-11,24.7159005,25.02606082,24.37666265,24.6189754,1363753,34701533.4300,0.996700
2025-03-12,24.90005819,25.2974511,24.74497803,24.96790576,1182220,30512182.1800,0.864000
2025-03-13,24.96790576,25.63668895,24.72559301,25.4913013,1153970,29963660.1600,0.843400
2025-03-14,25.51068632,27.07118043,25.11329341,26.39270473,2559037,69802959.4200,1.870300
2025-03-17,26.39270473,27.07118043,25.35560616,25.93715676,2480441,65918029.8000,1.812900
2025-03-18,25.92746425,26.04377437,25.34591365,25.53007134,1969940,51972776.9600,1.439800
2025-03-19,25.51068632,27.2359531,25.48160879,26.44116728,3596840,98612124.9200,2.628800
2025-03-20,26.45085979,27.2359531,26.08254441,27.12933549,1984108,54824686.3600,1.450100
2025-03-21,27.0421029,27.139028,26.23762457,26.86763772,2592553,71507327.8600,1.894800
2025-03-24,27.05179541,27.40072577,26.10192943,26.83856019,1888895,51906813.5800,1.380500
2025-03-25,27.50734338,27.78842617,26.71255756,27.29410816,1942816,54636133.5600,1.419900
2025-03-26,27.10995047,28.38936179,26.51870736,27.96289135,2192899,62957393.5200,1.602700
2025-03-27,27.8175037,30.3375563,27.73027111,29.07753,3580964,107341047.3600,2.617200
2025-03-28,29.06783749,29.4652304,28.47659438,28.73829215,2419240,72439495.8400,1.768100
2025-03-31,28.73829215,28.73829215,27.0421029,27.31349318,3003632,85149238.2000,2.195300
2025-04-01,27.73027111,28.06950896,27.21656808,28.04043143,1514472,43365575.0400,1.106900
2025-04-02,28.09858649,28.09858649,27.6236535,27.96289135,857272,24710297.1200,0.626600
2025-04-03,27.6236535,28.41843932,27.6236535,27.94350633,1172200,33765975.8000,0.856700
2025-04-07,26.7513276,27.139028,25.15206345,25.15206345,3358852,90534297.9900,2.454900
2025-04-08,24.5220503,26.15039198,24.5220503,25.46222377,1929808,50675704.4000,1.410400
2025-04-09,25.46222377,27.08087294,24.3282001,26.57686242,2355100,62857137.4400,1.721300
2025-04-10,26.77071262,27.0421029,26.3636272,26.6544025,1480100,40705203.8000,1.081800
2025-04-11,26.54778489,27.6236535,26.54778489,26.96456282,1094136,30604496.2800,0.799700
2025-04-14,27.14872051,27.14872051,26.48962983,27.00333286,945816,26126368.0400,0.691300
2025-04-15,26.9451778,27.34257071,26.56716991,27.34257071,750284,20864791.6400,0.548400
2025-04-16,27.35226322,27.59457597,26.38301222,26.8482527,999360,27734919.4000,0.730400
2025-04-17,26.8482527,27.38134075,26.62532497,27.01302537,1167244,32413606.8000,0.853100
2025-04-18,27.28441565,27.4298033,26.89671525,27.18749055,1372248,38461720.1200,1.002900
2025-04-21,27.18749055,27.48795836,26.47993732,27.47826585,1505588,42021877.3600,1.100400
2025-04-22,27.47826585,27.79811868,26.86763772,26.89671525,2625380,73763940.8400,1.918800
2025-04-23,26.89671525,27.09056545,26.64470999,26.72225007,1719816,47699936.2400,1.257000
2025-04-24,26.70286505,27.22626059,26.6544025,26.92579278,1563938,43461346.5200,1.143000
2025-04-25,26.56716991,27.67211605,26.38301222,27.3328782,2277047,64232785.8400,1.664200
2025-04-28,29.07753,29.07753,26.8482527,28.22458912,4385000,125031727.0500,3.204900
2025-04-29,28.04043143,28.68013709,27.84658123,28.36997677,2580408,75442325.9200,1.885900
2025-04-30,28.15674155,29.70754315,28.15674155,29.58154052,2842820,85426408.5600,2.077700
2025-05-06,29.39738283,29.86262331,28.62198203,29.2713802,2845109,85304701.7000,2.079400
2025-05-07,29.54277048,29.8529308,29.2713802,29.51369295,2854857,86807550.8600,2.086500
2025-05-08,29.41676785,29.49430793,28.28274418,28.9806049,2559760,76142207.5500,1.870800
2025-05-09,28.95152737,30.31817128,28.5929045,29.72692817,3642068,111088205.1200,2.661900
2025-05-12,30.05647351,30.32786379,29.10660753,29.61061805,2313777,70745714.3400,1.691100
2025-05-13,29.76569821,30.59925407,29.62031056,30.4344814,2588726,80762279.6600,1.892000
2025-05-14,30.4344814,30.4344814,29.33922777,29.74631319,2746120,83984278.4000,2.007100
2025-05-15,29.74631319,29.89170084,28.87398729,28.9806049,1499420,45239064.0000,1.095900
2025-05-16,28.71890713,29.74631319,28.34089924,29.05814498,1832480,54867255.1200,1.339300
2025-05-19,29.05814498,29.43615287,28.61228952,28.80613972,1332888,39628025.1600,0.974200
2025-05-20,28.5929045,29.20353263,28.5929045,28.74798466,1254348,37349676.6000,0.916800
2025-05-21,28.6898296,28.9806049,28.50567191,28.56382697,1025356,30352566.9200,0.749400
2025-05-22,28.40874681,28.95152737,28.14704904,28.84490976,1599780,47193273.0000,1.169200
2025-05-23,28.62198203,29.10660753,28.43782434,29.06783749,1539212,45917938.6800,1.125000
2025-05-26,28.87398729,28.97091239,28.28274418,28.5929045,1219979,35857153.9300,0.891600
2025-05-27,28.55413446,29.16476259,28.3990543,28.8836798,995460,29609971.7600,0.727600
2025-05-28,28.97091239,29.1744551,28.65105956,29.07753,955532,28527726.4800,0.698400
2025-05-29,29.05814498,29.42646036,28.87398729,29.42646036,1112065,33483196.4500,0.812800
2025-05-30,31.3068073,32.3729834,30.05647351,32.3729834,5045825,165635198.5000,3.687800
2025-06-03,31.70420021,31.72358523,29.5621555,30.15339861,8258810,256961422.4400,6.036100
2025-06-04,29.8529308,29.8529308,28.14704904,29.1744551,6258259,185925637.1900,4.574000
2025-06-05,28.79644721,29.44584538,28.79644721,29.28107271,3637982,109447097.5600,2.658900
2025-06-06,29.41676785,30.39571136,28.83521725,29.95954841,3883998,118629757.3600,2.838700
2025-06-09,29.62031056,30.20186116,29.4652304,29.82385327,3064630,94372065.2100,2.239800
2025-06-10,29.78508323,31.51035001,29.4652304,30.80279678,4788615,150987084.5200,3.499900
2025-06-11,30.80279678,31.86897288,30.46355893,31.29711479,3593635,115850443.0000,2.626500
2025-06-12,31.016032,31.52973503,30.1437061,30.26001622,2340484,73983421.6800,1.710600
2025-06-13,30.05647351,30.35694132,29.19384012,29.37799781,2042000,62225440.0000,1.492400
2025-06-16,29.37799781,29.61061805,29.07753,29.1744551,1784932,53948006.8000,1.304600
2025-06-17,29.15507008,29.35861279,28.79644721,28.91275733,1493524,44672631.8000,1.091600
2025-06-18,28.91275733,29.19384012,28.50567191,29.1744551,1057672,31557313.8000,0.773000
2025-06-19,29.18414761,29.23261016,28.50567191,28.62198203,1300983,38609505.9600,0.950800
2025-06-20,29.64938809,29.64938809,27.83688872,28.3990543,2074860,60474778.3200,1.516500
2025-06-23,27.8175037,27.99196888,26.66409501,27.9144288,2164000,61276022.0000,1.581600
2025-06-24,27.78842617,28.07920147,27.48795836,27.69150107,1777712,50862213.1600,1.299300
2025-06-25,27.82719621,27.94350633,27.51703589,27.8175037,1448367,41430910.1900,1.058600
2025-06-26,27.80781119,27.80781119,27.19718306,27.29410816,2030676,57524874.8400,1.484200
2025-06-27,27.60426848,27.90473629,27.2359531,27.47826585,1965160,56035726.0000,1.436300
2025-06-30,27.4782599,27.8223526,26.28868228,27.14399842,3370409,92590955.6400,2.463300
2025-07-01,27.1341672,28.018977,26.56395644,27.64539064,2635006,73900983.2800,1.925800
2025-07-02,27.63555942,27.63555942,27.035855,27.035855,1309000,36286482.0000,0.956700
2025-07-03,27.035855,27.40944136,26.89821792,27.11450476,1037220,28632759.9600,0.758100
2025-07-04,26.95720524,27.32096038,26.86872426,27.1833233,935000,25829636.0000,0.683400
2025-07-07,27.16366086,27.59623454,26.90804914,27.5765721,1001400,27913857.0000,0.731900
2025-07-08,27.56674088,27.7731965,27.36028526,27.70437796,1041350,29272116.0000,0.761100
2025-07-09,27.29146672,28.19593896,26.92771158,28.05830188,2261584,63667566.7300,1.652900
2025-07-10,28.4613819,28.57935654,27.93049602,28.44171946,1694487,48826690.5600,1.238400
2025-07-11,28.39256336,29.28720438,28.2156014,29.1987234,2359960,69323344.6000,1.724800
2025-07-14,29.1987234,29.23804828,28.29425116,28.510538,1551427,45030889.2900,1.133900
2025-07-15,28.4613819,28.510538,27.64539064,27.66505308,1754044,49717498.4000,1.282000
2025-07-16,27.65522186,27.80269016,27.38977892,27.527416,1379583,38670233.8000,1.008300
2025-07-17,27.59623454,27.70437796,27.45859746,27.54707844,871431,24415681.5400,0.636900
2025-07-18,27.61589698,28.6580063,27.4291038,27.85184626,2078582,58911037.6800,1.519200
2025-07-21,27.7731965,28.00914578,27.48809112,27.95015846,1518620,42798567.8000,1.109900
2025-07-22,27.9206648,28.47121312,27.81252138,28.018977,1461873,41890208.4400,1.068400
2025-07-23,28.018977,28.23526384,27.85184626,28.07796432,942263,26873279.5600,0.688700
2025-07-24,28.00914578,28.37290092,27.91083358,28.23526384,1076644,30853150.6400,0.786900
2025-07-25,28.23526384,28.58918776,28.14678286,28.510538,1663685,48093785.1500,1.215900
2025-07-28,28.4122258,28.8546307,28.2156014,28.29425116,1515428,43874016.9200,1.107600
2025-07-29,28.29425116,28.49087556,27.91083358,27.95015846,947488,27034740.5200,0.692500
2025-07-30,27.8715087,28.18610774,27.527416,28.10745798,1151907,32635239.3100,0.841900
2025-07-31,27.99931456,27.99931456,27.48809112,27.70437796,1083950,30540213.0000,0.792200
2025-08-01,27.5765721,28.04847066,27.5765721,27.80269016,944164,26669542.3600,0.690100
2025-08-04,27.6748843,27.94032724,27.527416,27.8223526,806944,22803022.9200,0.589800
2025-08-05,27.94032724,28.2156014,27.73387162,27.88133992,1132200,32122821.0000,0.827500
2025-08-06,27.8715087,27.95998968,27.035855,27.58640332,2774542,77342035.6600,2.027800
2025-08-07,27.58640332,27.65522186,27.21281696,27.24231062,1778050,49509416.8400,1.299500
2025-08-08,27.30129794,27.30129794,26.7900745,27.07517988,1247028,34200078.3600,0.911400
2025-08-11,27.0850111,27.12433598,26.78024328,26.97686768,1406976,38596317.2800,1.028300
2025-08-12,26.97686768,27.10467354,26.80973694,26.89821792,1077100,29515855.0000,0.787200
2025-08-13,27.035855,27.035855,26.61311254,26.63277498,1884152,51235882.9600,1.377100
2025-08-14,26.63277498,26.82939938,26.45581302,26.53446278,1769016,47920140.6600,1.292900
2025-08-15,26.53446278,26.97686768,26.25918862,26.76058084,2074072,56262002.0800,1.515900
2025-08-18,26.80973694,27.51758478,26.5934501,27.25214184,3114392,85518647.4000,2.276200
2025-08-19,27.2816355,28.83496826,27.2816355,28.4122258,5047712,144542078.3200,3.689200
2025-08-20,28.39256336,28.68749996,28.09762676,28.3630697,2171471,62733678.3500,1.587100
2025-08-21,28.3630697,29.17906096,28.05830188,29.0512551,2837060,83122259.8400,2.073500
2025-08-22,28.86446192,29.0512551,27.64539064,27.7240404,4177248,119741683.8500,3.053000
2025-08-25,27.7731965,30.14252052,26.6426062,29.09057998,8282053,235679871.9200,6.053100
2025-08-26,28.9529429,30.21133906,28.1664453,29.5919722,5811701,173548881.4500,4.247600
2025-08-27,29.49366,29.52315366,26.63277498,26.63277498,11051606,310642455.0500,8.077300
2025-08-28,25.08927344,25.54150956,24.35193194,24.58788122,10548192,265426709.1800,7.709300
2025-08-29,24.42075048,24.46007536,23.7423963,24.00783924,4408358,107901694.3600,3.221900
2025-09-01,23.7915524,23.7915524,21.60902156,22.9067426,15107096,339325743.1400,11.041300
2025-09-02,22.42501282,23.14269188,21.9236206,22.05142646,8452473,192294554.1800,6.177700
2025-09-03,21.9236206,21.9236206,21.24526642,21.39273472,5373742,117635628.4000,3.927500
2025-09-04,21.2354352,22.35619428,21.137123,22.08092012,6271264,139333339.4800,4.583500
2025-09-05,21.90395816,23.2999914,21.70733376,22.8575865,7023336,161214575.8300,5.133100
2025-09-08,22.8575865,23.50644702,22.7101182,23.0050548,6128962,144599813.9000,4.479500
2025-09-09,23.0050548,23.37864116,22.71994942,22.76910552,4171272,97582398.5200,3.048700
2025-09-10,22.76910552,23.88003338,22.54298746,23.73256508,5785730,137116125.6900,4.228600
2025-09-11,23.85053972,23.88003338,23.22134164,23.57526556,4176185,99602047.7100,3.052200
2025-09-12,23.56543434,23.8898646,23.27049774,23.2999914,2933900,70103584.6400,2.144300
2025-09-15,23.37,23.98,22.91,23.91,5215531,122908619.6000,3.811900
2025-09-16,23.86,25.08,23.57,24.3,4291174,104444129.7200,3.136300
2025-09-17,24.31,24.6,24.03,24.17,2774445,67160160.4900,2.027800
2025-09-18,24.1,24.96,23.53,23.66,5095048,123638331.8400,3.723800
2025-09-19,23.65,24.08,23.1,23.47,3371996,79150931.5200,2.464500
2025-09-22,23.54,23.65,23.05,23.61,2714068,63357483.1600,1.983600
2025-09-23,23.69,24.04,23.21,23.99,3373596,79612210.0400,2.465700
2025-09-24,23.9,24.5,23.75,24.38,2861820,69385354.8000,2.091600
2025-09-25,24.39,25.06,24.14,24.42,4470524,110383416.0400,3.267400
2025-09-26,24.25,24.76,23.7,23.97,2160228,52455902.6000,1.578800
2025-09-29,23.87,24.85,23.45,24.47,2819220,68097282.6000,2.060500
2025-09-30,24.48,24.53,23.9,23.93,1971532,47499786.8400,1.440900
2025-10-09,23.94,24.06,23.3,23.49,2398917,56403175.8400,1.753300
2025-10-10,23.47,23.8,23.3,23.54,2111400,49884195.3200,1.543200
2025-10-13,22.78,23.0,22.2,22.88,2937344,66822320.1600,2.146800
2025-10-14,22.88,23.33,22.2,22.68,1969500,44937385.6000,1.439400
2025-10-15,22.71,24.95,22.71,24.95,3792132,93514418.1600,2.771600
2025-10-16,26.4,26.4,24.0,24.57,8161895,201946004.7800,5.965300
2025-10-17,25.18,25.99,24.3,25.26,7251342,183265791.6900,5.299800
2025-10-20,25.4,26.05,25.04,25.79,4889246,125357106.6200,3.573400
2025-10-21,25.68,27.29,25.68,27.06,5792502,153983328.5800,4.233600
2025-10-22,26.84,27.88,26.83,27.5,4323504,118822093.8000,3.159900
2025-10-23,27.4,27.55,26.3,27.0,4177735,112464125.4000,3.053400
2025-10-24,27.44,29.18,27.39,28.53,5741128,163016526.4000,4.196000
2025-10-27,28.53,29.9,27.73,29.83,7961185,229697338.1600,5.818600
2025-10-28,29.52,30.77,29.52,30.41,6033172,181813777.9200,4.409500
2025-10-29,30.46,32.0,30.19,31.68,6588996,206776661.4400,4.815700
2025-10-30,32.1,33.5,31.48,33.38,8018536,261218206.3600,5.860500
2025-10-31,33.36,33.36,30.04,30.04,9284981,281918219.6600,6.786100
2025-11-03,28.26,32.66,28.26,32.19,13103289,407448687.1200,9.576800
2025-11-04,31.82,32.12,30.12,30.82,7460196,231235431.9600,5.452400
2025-11-12,33.9,33.9,33.9,33.9,633264,21467649.6000,0.462800
2025-11-13,37.29,37.29,37.29,37.29,137428,5124690.1200,0.100400
2025-11-14,41.02,41.02,41.02,41.02,1031452,42310161.0400,0.753900
2025-11-17,45.12,45.12,43.5,45.12,9471526,426474380.0600,6.922400
2025-11-18,48.88,49.63,48.0,49.63,3730712,183120783.5600,2.726700
2025-11-19,54.59,54.59,51.0,54.59,21364968,1146632685.3600,15.615000
2025-11-20,54.69,58.68,51.52,54.93,17183982,943116160.0000,12.559200
2025-11-21,54.93,58.58,52.85,57.0,15583669,871529180.5700,11.389600
2025-11-24,58.1,58.16,51.3,54.4,17375038,931103395.0400,12.698900
2025-11-25,55.6,59.84,53.6,59.84,18593070,1059656768.3400,13.589100
2025-11-26,56.85,60.99,53.86,59.02,15537110,889211229.8000,11.355600
2025-11-27,61.57,64.92,55.0,59.05,21702920,1322471523.8800,15.862000
2025-11-28,57.12,58.6,53.15,53.8,18986870,1047108034.1200,13.876900
2025-12-01,53.89,55.49,49.38,49.47,15996420,824866610.0000,11.691300
2025-12-02,49.07,52.8,48.1,51.17,13265050,669837563.9400,9.695000
2025-12-03,51.01,52.86,48.66,49.25,11449252,575514325.2400,8.367900
2025-12-04,48.76,49.47,45.9,46.28,11240028,528492833.2400,8.215000
2025-12-05,46.27,47.5,45.12,46.06,6033738,281183516.0000,4.409900
2025-12-08,46.41,46.88,45.01,46.3,6493384,299067894.9200,4.745800
2025-12-09,46.11,46.34,44.71,45.1,4493008,203678274.0400,3.283800
2025-12-10,44.95,45.2,43.8,45.2,4335100,193347145.0000,3.168400
2025-12-11,45.01,45.3,42.85,43.05,4415320,193511495.9200,3.227000
2025-12-12,42.85,43.2,42.0,42.29,4664240,198135820.4000,3.408900
2025-12-15,42.3,43.27,42.01,42.6,3269920,139164430.6000,2.389900
2025-12-16,42.6,42.77,40.86,41.21,3379348,140855421.1600,2.469900
2025-12-17,41.2,41.68,40.8,41.4,2874520,118352395.2000,2.100900
2025-12-18,41.03,42.3,40.68,41.15,3911320,161807186.6000,2.858700
2025-12-19,41.2,42.43,40.31,41.71,4930120,204712711.0000,3.603300
2025-12-22,42.1,43.09,41.44,42.47,6124412,259192669.7300,4.476100
2025-12-23,42.38,43.74,41.44,42.18,5716200,241976671.0800,4.177800
2025-12-24,42.49,43.06,41.81,42.87,3918532,167251033.8400,2.863900
2025-12-25,42.82,44.6,42.2,43.48,4659520,201774097.8000,3.405500
2025-12-26,43.48,46.5,43.2,44.95,8721828,393986279.6000,6.374500
2025-12-29,44.52,48.0,43.9,46.55,12289000,572354539.4400,8.981700
2025-12-30,49.5,51.21,48.84,49.84,14123680,710825549.4400,10.322600
2025-12-31,49.6,54.82,48.0,54.33,15025888,790096203.8400,10.982000
2026-01-05,53.01,56.17,51.28,54.98,12789056,689416882.6000,9.347100
2026-01-06,55.01,60.0,55.01,57.15,10045627,575136067.9100,7.342000
2026-01-07,56.1,58.79,54.95,55.31,9265372,522970967.4800,6.771800
2026-01-08,55.39,56.05,53.32,53.96,8677951,470674110.9100,6.342400
2026-01-09,53.97,58.68,53.08,58.22,8422940,475092034.6800,6.156100
2026-01-12,64.04,64.04,62.33,64.04,4677449,297768263.2500,3.418600
2026-01-13,70.44,70.44,66.66,70.44,9766226,681410915.7200,7.137800
2026-01-14,69.03,74.0,66.06,68.0,17066632,1190104037.7200,12.473500
2026-01-15,63.25,65.6,61.91,62.96,9951568,631798156.6800,7.273300
2026-01-16,62.33,63.47,58.86,59.4,7910044,478279510.6400,5.781200
2026-01-19,58.98,60.36,57.12,57.6,5631100,327663131.1200,4.115600
2026-01-20,57.2,58.66,55.8,56.45,3840400,217150789.0000,2.806800
2026-01-21,56.0,58.5,55.14,57.22,4796000,274362931.0000,3.505200
2026-01-22,57.16,58.8,56.7,57.51,4524704,261508975.8800,3.307000
2026-01-23,57.78,63.26,57.0,63.26,6514028,396490776.9200,4.760900
2026-01-26,64.4,65.8,59.14,59.75,7741176,476902485.9600,5.657800
2026-01-27,59.75,61.6,57.28,60.07,5423020,320021075.6000,3.963500
2026-01-28,59.51,64.18,56.13,61.05,8604208,514420334.0400,6.288600
2026-01-29,60.67,66.01,60.67,62.85,8570936,547211290.2000,6.264200
2026-01-30,62.01,68.3,62.01,66.48,9664441,637975843.7200,7.063400
2026-02-02,66.0,66.37,61.07,61.32,7303440,461058540.8000,5.337900
2026-02-03,62.0,64.13,60.9,63.46,4378996,273588557.8800,3.200500
2026-02-04,63.46,63.5,57.17,58.49,6871556,406147173.7600,5.022200
2026-02-05,55.57,58.24,55.57,57.61,4324484,246236483.9200,3.160600
2026-02-06,60.76,63.37,59.07,63.35,12844548,802536540.8700,9.387700
2026-02-09,63.84,65.35,59.03,61.9,12244820,761416808.7200,8.949400
2026-02-10,61.89,65.98,59.51,63.85,8622307,541896419.7900,6.301800
2026-02-11,64.49,67.5,62.59,64.02,7965000,516600572.6400,5.821400
2026-02-12,64.36,65.2,61.8,63.94,5249748,333994849.0400,3.836900
2026-02-13,63.03,64.63,61.03,62.0,4297876,269214702.0800,3.141200
2026-02-24,63.51,66.32,59.99,60.74,5019144,313010633.1600,3.668300
2026-02-25,60.74,60.98,58.15,58.35,5727440,338572575.1200,4.186000
2026-02-26,58.35,58.78,57.31,57.45,3521780,204095109.0400,2.574000
2026-02-27,57.2,57.88,56.37,57.78,2405152,137827813.7600,1.757900
2026-03-02,56.51,57.68,55.9,55.98,2918260,164488662.2400,2.132900
2026-03-03,55.96,56.58,51.59,51.77,4503536,240641299.1600,3.291500
2026-03-04,51.0,52.0,50.5,51.09,3135248,160660718.4000,2.291500
2026-03-05,52.0,52.86,51.11,51.69,1782994,92171988.8700,1.303100
2026-03-06,52.0,53.3,52.0,52.55,2510408,132204430.2500,1.834800
2026-03-09,51.14,52.76,50.55,52.63,2627900,135621544.8000,1.920700
2026-03-10,53.93,54.1,52.66,53.98,2349765,125690954.9500,1.717400
2026-03-11,57.0,59.38,52.71,57.97,11951958,680852963.2800,8.735300
2026-03-12,57.16,63.77,55.4,63.5,13882663,862540770.0900,10.146400
2026-03-13,61.98,69.85,60.1,69.85,15282712,1003420234.6600,11.169700
2026-03-16,69.42,69.59,65.66,65.9,9801884,655809211.3200,7.163900
2026-03-17,67.38,68.3,61.61,61.94,7606508,488315333.0000,5.559400
2026-03-18,62.48,63.5,57.47,58.47,9147872,542223523.4400,6.685900
2026-03-19,57.36,57.65,55.01,55.5,4991824,278327739.6300,3.648400
2026-03-20,55.72,57.35,53.0,53.27,3574960,195670820.2000,2.612800
2026-03-23,53.05,53.1,48.5,49.3,5076680,258114341.0000,3.710400
2026-03-24,50.59,52.2,48.05,50.39,3903620,193639123.0000,2.853000
2026-03-25,51.4,53.7,51.0,52.24,5042724,263600442.6000,3.685600
2026-03-26,52.23,52.39,50.03,50.46,2708127,138281426.3300,1.979300
2026-03-27,50.0,51.26,49.28,50.38,2538200,127976324.0000,1.855100
2026-03-30,49.66,50.11,48.73,49.77,2663200,131802594.4000,1.946500
2026-03-31,49.77,51.2,48.97,49.38,2861000,142770663.0000,2.091000
2026-04-01,50.18,53.42,49.63,52.79,6064311,315296749.7200,4.432200
2026-04-02,53.0,53.81,51.15,52.3,4487900,236091398.0000,3.280100
2026-04-03,52.07,52.28,50.03,50.27,2849600,144466975.0000,2.082700
2026-04-07,50.4,50.9,48.4,48.48,2780251,136805916.0700,2.032000
2026-04-08,49.93,53.33,49.51,53.33,5903376,308021418.4800,4.314600
2026-04-09,53.22,53.84,52.25,52.45,4650206,245788227.2500,3.398700
2026-04-10,52.96,53.94,52.1,52.17,3562480,188898435.8000,2.603700
2026-04-13,51.88,52.52,50.9,51.72,2902920,149687766.6000,2.121700
2026-04-14,52.02,53.25,51.72,52.05,2847124,148877776.9200,2.080900
2026-04-15,52.09,53.95,52.09,52.7,3526850,186594234.5000,2.577700
2026-04-16,54.0,57.97,53.75,57.97,5198515,292970070.3000,3.799400
2026-04-17,57.9,59.97,57.39,57.78,7106449,417475813.9800,5.193900
2026-04-20,60.65,63.56,60.0,61.37,9507871,590584250.1800,6.949000
2026-04-21,62.25,65.02,61.11,62.22,8388972,527719007.9100,6.131200
2026-04-28,56.0,57.99,56.0,56.0,3871600,217634252.0000,2.829600
2026-04-29,50.53,54.14,50.4,52.55,9000848,467378503.1500,6.578400
2026-04-30,53.99,54.0,51.54,52.4,4503727,235675698.2300,3.291600
2026-05-06,52.48,57.64,52.42,57.64,7436080,414896833.2000,5.434800
2026-05-07,59.09,63.4,57.01,63.4,9477745,573060146.0000,6.927000
2026-05-08,64.21,66.59,62.93,64.3,8363380,542185341.8000,6.112500
2026-05-11,64.24,70.0,63.65,69.68,8458228,574173631.8800,6.181900
2026-05-12,69.0,71.0,65.38,65.66,6788574,455855684.5000,4.961600
2026-05-13,66.55,66.99,63.67,65.28,4888384,318188041.6800,3.572800
2026-05-14,65.32,66.92,63.06,63.11,2915040,187393258.8800,2.130500
2026-05-15,62.61,64.54,61.82,62.24,3411000,214375530.0000,2.493000
