date,open,high,low,close,volume,amount,turnover
2020-01-02,4.23520044,4.39577676,4.181675,4.30210724,26784140,171165167.4000,7.909000
2020-01-03,4.32217928,4.47606492,4.22181908,4.3823954,25366896,163396907.6800,7.490500
2020-01-06,4.2151284,4.4493022,4.10138684,4.40246744,34523094,220099832.1200,10.194200
2020-01-07,4.40246744,4.43592084,4.2820352,4.34225132,22331178,144841864.9800,6.594100
2020-01-08,4.30210724,4.69016668,4.27534452,4.53628104,36929641,248202146.0300,10.904800
2020-01-09,4.53628104,4.850743,4.4493022,4.65671328,35931520,249912425.7600,10.610000
2020-01-10,4.6165692,4.64333192,4.42253948,4.55635308,20688138,139675833.4800,6.108900
2020-01-13,4.56304376,4.9845566,4.5496624,4.90426844,36161913,259891228.8000,10.678100
2020-01-14,4.87081504,5.24549312,4.7838362,4.90426844,42971475,321534616.9500,12.688800
2020-01-15,4.86412436,4.97786592,4.7838362,4.87750572,18467211,133911807.0700,5.453100
2020-01-16,4.82398028,4.87081504,4.70354804,4.7503828,18558068,132684264.7200,5.479900
2020-01-17,4.7503828,4.79721756,4.52959036,4.56973444,20755784,143931213.5000,6.128900
2020-01-20,4.58980648,4.683476,4.54297172,4.60987852,17061546,117572830.0800,5.038000
2020-01-21,4.60318784,4.86412436,4.5496624,4.74369212,20845502,146495237.5000,6.155400
2020-01-22,4.69685736,4.97786592,4.348942,4.85743368,24868432,176856258.0200,7.343300
2020-01-23,4.76376416,5.01801,4.60987852,4.683476,22531516,162473132.1500,6.653200
2020-02-03,4.2151284,5.0849168,4.2151284,4.79721756,45345038,314731051.9000,13.389700
2020-02-04,4.99124728,5.27894652,4.79721756,5.27894652,42824076,329517013.9400,12.645300
2020-02-05,5.52650168,5.80751024,5.352544,5.44621352,64635833,536729158.0900,19.086000
2020-02-06,5.2856372,5.9881586,5.2521838,5.9881586,61502720,518002095.5500,18.160800
2020-02-07,5.98146792,6.356146,5.519811,5.71384072,57779651,515807835.4200,17.061500
2020-02-10,5.7874382,5.86772636,5.39937876,5.77405684,40479137,340768601.0200,11.952900
2020-02-11,5.70715004,6.34945532,5.61348052,6.34945532,51340967,470523667.8600,15.160200
2020-02-12,6.21564172,6.98506992,6.1219722,6.98506992,43641992,433065197.6400,12.886800
2020-02-13,7.4266548,7.68090064,7.0921208,7.68090064,73695694,824191412.8400,21.761200
2020-02-14,8.01543464,8.28975252,7.2593878,8.10910416,74355280,884923355.9500,21.956000
2020-02-17,7.9284558,8.91867644,7.4935616,8.91867644,62168455,775589614.8900,18.357400
2020-02-18,9.04579936,9.80853688,8.94543916,9.80853688,46492494,656826326.0200,13.728500
2020-02-19,10.49098624,10.6381812,8.82500692,8.99227392,72068945,1030001874.5100,21.280900
2020-02-20,8.73802808,9.6680326,8.73802808,9.29335452,52065333,720528808.0200,15.374100
2020-02-21,9.03910868,9.46062152,8.7313374,9.1662316,46714504,636183730.8800,13.794100
2020-02-24,9.1662316,9.82191824,9.1662316,9.25321044,44188149,624506517.9600,13.048100
2020-02-25,9.25321044,10.06278272,9.2331384,9.92896912,60953668,878395791.4300,17.998700
2020-02-26,9.5007656,9.8018462,8.93874848,8.93874848,43247613,599632665.7700,12.770400
2020-02-27,8.61090516,8.88522304,8.04219736,8.10241348,43436918,535423683.9500,12.826300
2020-02-28,7.90838376,8.47040088,7.70766336,7.8950024,36497852,441125609.3700,10.777300
2020-03-02,7.9284558,8.2964432,7.9284558,8.06896008,29678519,359808464.2900,8.763600
2020-03-03,8.23622708,8.48378224,8.04219736,8.14924824,32864748,406308065.6300,9.704500
2020-03-04,8.08234144,8.27637116,7.80133288,7.95521852,20874345,248946126.1600,6.163900
2020-03-05,8.2295364,8.4302568,8.04888804,8.2295364,27163141,333102314.3900,8.020900
2020-03-06,8.31651524,9.05249004,8.10910416,8.81162556,45379605,590373203.2400,13.399900
2020-03-09,8.81831624,9.03910868,8.28975252,8.2964432,39428886,508083349.8400,11.642800
2020-03-10,7.70766336,7.9619092,7.46679888,7.80802356,37567267,429201862.8800,11.093100
2020-03-11,7.73442608,8.00205328,7.16571828,7.16571828,38539634,434423493.8100,11.380200
2020-03-12,7.07873944,7.31960392,6.67729864,6.8914004,32510811,337471537.9500,9.600000
2020-03-13,6.59701048,6.66391728,6.30262056,6.4899596,43242274,418120812.6600,12.768800
2020-03-16,6.60370116,6.77096816,6.08182812,6.12866288,36107380,349959957.8200,10.662000
2020-03-17,6.28254852,6.356146,5.854345,6.00153996,27564362,248955798.2100,8.139300
2020-03-18,6.14873492,6.19556968,5.90117976,5.90117976,24685625,223577570.6000,7.316800
2020-03-19,6.04837472,6.14873492,5.7874382,6.13535356,28868108,259377682.3200,8.524300
2020-03-20,6.21564172,6.24240444,5.9212518,6.02830268,21092394,190636887.1400,6.228300
2020-03-23,5.88110772,5.91456112,5.58002712,5.69376868,20137860,174014880.0000,5.946400
2020-03-24,5.8877984,5.90117976,5.49304828,5.76067548,20116671,171180848.7800,5.940200
2020-03-25,5.8877984,6.188879,5.84096364,6.10859084,29218829,261888346.8000,8.627900
2020-03-26,6.02830268,6.04837472,5.7874382,5.86772636,19881406,175779859.2700,5.870700
2020-03-27,5.9547052,5.9881586,5.7205314,5.7205314,14161774,123603649.5200,4.181800
2020-03-30,5.61348052,5.70045936,5.352544,5.49304828,16954103,139406093.4300,5.006300
2020-03-31,5.60009916,5.66700596,5.44621352,5.4863576,17614320,145792064.6000,5.201200
2020-04-01,5.50642964,6.03499336,5.50642964,6.03499336,23566447,207984431.0900,6.958800
2020-04-02,6.1219722,6.53010368,6.0885188,6.32938328,63971809,598828695.1200,18.889900
2020-04-03,6.31600192,6.42974348,6.13535356,6.17549764,41129286,384663132.0000,12.144900
2020-04-07,6.69068,6.7910402,6.43643416,6.7910402,35019806,345367518.6600,10.340800
2020-04-08,6.94492584,7.47348956,6.84456564,7.27276916,71248404,769186182.3100,21.038600
2020-04-09,7.01852332,7.17240896,6.7910402,7.11888352,50086859,521504360.2100,14.789900
2020-04-10,7.0586674,7.58054044,6.91816312,7.18579032,49699592,539856940.5700,14.675500
2020-04-13,6.97837924,7.43334548,6.7241334,7.29953188,43173122,458221043.1800,12.748400
2020-04-14,7.359748,7.694282,7.03190468,7.54708704,48116320,529531661.0400,14.208000
2020-04-15,7.4266548,7.861549,7.36643868,7.4601082,43457824,496545826.4600,12.832400
2020-04-16,7.25269712,7.58723112,7.10550216,7.14564624,39088485,425777167.3700,11.542200
2020-04-17,7.17240896,7.2928412,6.96499788,6.97837924,31692513,336825915.8600,9.358300
2020-04-20,7.01183264,7.2259344,6.9583072,7.15233692,23412081,248568177.2700,6.913200
2020-04-21,6.9917606,7.4935616,6.97837924,7.4266548,38650251,423969636.4700,11.455900
2020-04-22,7.38651072,7.3932014,7.11219284,7.2259344,23594429,254745460.9800,6.993300
2020-04-23,7.27945984,7.40658276,6.9917606,6.9917606,22280016,237712640.4400,6.603800
2020-04-24,6.97837924,7.0921208,6.59701048,6.65053592,23111423,234586174.0700,6.850200
2020-04-27,6.67060796,6.77096816,6.51003164,6.63046388,14887683,147782110.0700,4.412700
2020-04-28,6.5903198,6.67729864,6.14204424,6.47657824,19011072,182633067.1300,5.634800
2020-04-29,6.523413,6.81111224,6.43643416,6.70406136,19824282,198757941.9000,5.875900
2020-04-30,6.77096816,7.27945984,6.77096816,7.11888352,29290060,307382600.6000,8.681500
2020-05-06,7.08543012,7.694282,7.03859536,7.58723112,35911364,402030324.9300,10.644100
2020-05-07,7.5604684,8.26968048,7.50025228,7.95521852,44391455,523015790.0200,13.157500
2020-05-08,7.8950024,8.18270164,7.86823968,7.97529056,33220863,398549833.8000,9.846600
2020-05-11,7.93514648,8.40349408,7.93514648,8.0622694,29345746,358261344.8800,8.698000
2020-05-12,8.17601096,8.21615504,7.86823968,8.04888804,23702002,285001933.3800,7.025200
2020-05-13,8.00205328,8.15593892,7.95521852,8.03550668,13301402,160053751.3600,3.942500
2020-05-14,8.0957228,8.22284572,7.861549,7.91507444,18367520,220278396.8000,5.444100
2020-05-15,8.028816,8.08234144,7.80133288,7.88162104,15457602,183344977.4900,4.581600
2020-05-18,8.13586688,8.45032884,7.35305732,7.37312936,43502932,508788955.2400,12.894200
2020-05-19,7.4935616,7.70766336,7.37312936,7.48018024,28332752,318619016.7600,8.397800
2020-05-20,7.62068452,7.68759132,7.37982004,7.40658276,23398082,263092134.9200,6.935100
2020-05-21,7.56715908,7.60061248,7.11219284,7.16571828,18807112,204967626.7600,5.574400
2020-05-22,7.19917168,7.33967596,7.00514196,7.0586674,14905442,159038683.7000,4.417900
2020-05-25,7.05197672,7.37982004,6.94492584,7.24600644,19217299,206028722.5100,5.696000
2020-05-26,7.24600644,7.3932014,7.20586236,7.36643868,15158264,165548878.6000,4.492900
2020-05-27,7.36644616,7.56808246,7.2589068,7.27234922,18168580,200143565.2000,5.385100
2020-05-28,7.1916947,7.29251285,7.06399171,7.21857954,13229522,141031151.6800,3.921200
2020-05-29,7.21857954,7.31939769,7.13120381,7.20513712,8217100,88444889.3800,2.435500
2020-06-01,7.37316737,7.91086417,7.25218559,7.8638157,30679460,347003919.1900,9.093300
2020-06-02,7.9310278,8.02512474,7.7293915,7.77643997,22325032,260717791.5700,6.617100
2020-06-03,7.75627634,7.87725812,7.64201577,7.65545819,16754880,193399470.1300,4.966100
2020-06-04,7.60840972,7.74955513,7.50759157,7.58152488,12634929,143319162.4500,3.745000
2020-06-05,7.58152488,8.34102161,7.47398552,8.34102161,51635616,627633529.5300,15.304700
2020-06-08,8.56282154,8.79134268,8.26036709,8.6031488,47734707,607611441.9900,14.148500
2020-06-09,8.60987001,8.79806389,8.50905186,8.65019727,27760259,356239232.0900,8.228100
2020-06-10,8.78462147,8.78462147,8.1998762,8.39479129,26522048,331364586.6800,7.861100
2020-06-11,8.34774282,8.8047851,8.18643378,8.34102161,33828528,425828529.5200,10.026700
2020-06-12,8.11922168,8.56282154,8.07217321,8.34102161,24670900,306999326.6000,7.312400
2020-06-15,8.41495492,8.42839734,7.9310278,7.9310278,28293000,343748005.4000,8.386000
2020-06-16,8.09905805,8.72413058,8.065452,8.72413058,31050894,396994794.6600,9.203400
2020-06-17,9.05346987,9.1408456,8.58970638,8.85855478,46980334,619498697.0600,13.924900
2020-06-18,8.81822752,9.63149393,8.58970638,9.39625158,45051395,605250347.0600,13.353100
2020-06-19,9.29543343,9.62477272,9.2080577,9.33576069,33086239,463068505.0100,9.806700
2020-06-22,9.33576069,9.85329386,9.29543343,9.66509998,31107897,443778778.4900,9.220300
2020-06-23,9.67182119,9.7457545,9.2080577,9.28199101,30140120,422744283.7400,8.933500
2020-06-24,9.409694,9.4769061,9.20133649,9.34920311,17552965,243999347.6500,5.202700
2020-06-29,9.26854859,9.409694,9.09379713,9.21477891,17086440,234701826.8400,5.064400
2020-06-30,9.25510617,9.66509998,9.19461528,9.36264553,24530408,344782058.4000,7.270800
2020-07-01,9.3424819,9.65165756,9.22822133,9.6113303,27475036,387565767.1600,8.143500
2020-07-02,9.5441182,9.8801787,9.37608795,9.42985763,30920540,440594335.8400,9.164800
2020-07-03,9.38953037,9.4769061,9.10051834,9.34920311,22011738,303619191.6100,6.524200
2020-07-06,9.36936674,9.9473908,9.30215464,9.89362112,34527326,498230982.8800,10.233800
2020-07-07,10.07509379,10.60606938,9.79952418,10.26328767,32690620,495371356.2500,9.689400
2020-07-08,10.19607557,11.2916328,10.1490271,11.2916328,29351854,469478502.6800,8.699800
2020-07-09,11.6276933,12.42079608,11.29835401,12.42079608,48672340,872793471.9000,14.426400
2020-07-10,12.71652932,13.48274726,12.10489921,12.60898996,51494010,979503382.1000,15.262700
2020-07-13,13.26766854,13.61717146,12.58210512,13.01226256,48239242,932153040.3000,14.298000
2020-07-14,12.770299,12.93832925,11.87637807,11.93014775,48607943,894245304.2300,14.407300
2020-07-15,12.15194768,12.33342035,11.64785693,11.7621175,37103941,665719201.4400,10.997500
2020-07-16,12.01080227,12.01080227,10.6195118,10.64639664,39175935,659131604.4900,11.611700
2020-07-17,10.82786931,11.67474177,10.74049358,11.13032376,36189522,600144294.8400,10.726500
2020-07-20,11.5604812,11.99735985,11.23786312,11.92342654,30065019,523145595.4000,8.911200
2020-07-21,11.74867508,12.2326022,11.74867508,11.99735985,24025264,427589985.8300,7.121000
2020-07-22,11.98391743,12.13850526,11.77555992,11.8293296,19163520,339147491.6000,5.680000
2020-07-23,11.6276933,12.05785074,11.4932691,12.00408106,21497838,378044632.4100,6.371900
2020-07-24,11.97047501,12.02424469,11.09671771,11.25802675,25362529,433509092.1100,7.517400
2020-07-27,11.41933579,11.73523266,11.29835401,11.4932691,14657535,250909746.1600,4.344500
2020-07-28,11.64113572,12.28637188,11.58736604,11.97719622,21455852,381648822.0400,6.359500
2020-07-29,12.07801437,12.2326022,11.74867508,12.2326022,23585320,423926771.7000,6.990600
2020-07-30,12.2326022,12.33342035,11.8293296,12.11162042,23659146,423079525.0300,7.012500
2020-07-31,12.11162042,13.30127459,12.0309659,12.95849288,48631841,915448247.9500,14.070800
2020-08-03,13.3079958,13.9801168,13.1063595,13.47602605,47603200,956588837.1800,13.773100
2020-08-04,13.52307452,13.54995936,12.6358748,12.770299,36105927,697913716.2400,10.446600
2020-08-05,12.57538391,12.93832925,12.2998143,12.69636569,23431467,440633898.4900,6.779500
2020-08-06,12.69636569,12.81062626,12.10489921,12.2326022,24549707,449399504.2100,7.103000
2020-08-07,12.13850526,12.2998143,11.51343273,11.78900234,20802400,367333203.2000,6.018800
2020-08-10,11.71506903,11.97047501,11.52015394,11.72179024,16098975,280029521.3000,4.658000
2020-08-11,11.68146298,11.95031138,11.47310547,11.54703878,14044880,245518801.3900,4.063600
2020-08-12,11.77555992,12.1653901,11.6949054,12.08473558,22903066,406233374.2500,6.626600
2020-08-13,12.13178405,12.24604462,11.84277202,11.93686896,11925160,212301778.6000,3.450300
2020-08-14,11.86293565,11.93014775,11.3588449,11.62097209,16262620,279538089.8000,4.705300
2020-08-17,11.55375999,11.66129935,11.19753586,11.47982668,16274862,275969580.5800,4.708800
2020-08-18,11.4932691,11.6949054,11.40589337,11.66129935,13145336,225945865.2400,3.803400
2020-08-19,11.55375999,11.55375999,11.27819038,11.29835401,11701620,197779012.4000,3.385700
2020-08-20,11.13704497,11.29835401,11.05639045,11.06311166,8395000,139063113.0000,2.428900
2020-08-21,11.21097828,11.41933579,11.09671771,11.13704497,7789740,130357912.8000,2.253800
2020-08-24,11.2916328,11.74867508,10.8211481,11.50671152,16859040,285164797.1400,4.877900
2020-08-25,11.426057,11.66129935,11.27819038,11.426057,11015802,187357315.6600,3.187200
2020-08-26,11.48654789,11.59408725,11.04294803,11.15048739,10778922,181537187.9600,3.118700
2020-08-27,11.15048739,11.54703878,10.96229351,11.37228732,8999920,151385569.9600,2.604000
2020-08-28,11.33868127,12.46784455,11.33196006,11.95703259,27769475,496348296.8900,8.034600
2020-08-31,12.26620825,12.26620825,11.7621175,11.76883871,15665780,276966666.4000,4.532600
2020-09-01,11.76883871,12.15866889,11.54031757,12.09145679,14499953,255910025.6700,4.195300
2020-09-02,12.19899615,12.22588099,11.83605081,12.0309659,11518726,205413575.4100,3.332700
2020-09-03,12.098178,12.098178,11.68146298,11.71506903,9075228,159419977.1000,2.625800
2020-09-04,11.3588449,11.93014775,11.32523885,11.86293565,8714768,151992171.5200,2.521500
2020-09-07,12.06457195,12.20571736,11.84949323,12.05785074,15469554,277566199.6200,4.475800
2020-09-08,12.05785074,12.05785074,11.34540248,11.52687515,15170775,261847123.3500,4.389400
2020-09-09,11.3588449,11.3588449,10.4850876,10.4850876,19834940,317896140.2500,5.738900
2020-09-10,10.753936,10.94885109,10.30361493,10.3506634,12532865,198553835.0000,3.626200
2020-09-11,10.16919073,10.54557849,10.16919073,10.47836639,7642660,118141613.2000,2.211300
2020-09-14,10.49180881,10.72032995,10.38426945,10.55902091,9767117,153135027.9000,2.825900
2020-09-15,10.65311785,11.14376618,10.5522997,10.98245714,13542860,218792423.6000,3.918400
2020-09-16,10.83459052,10.85475415,10.60606938,10.67328148,8201160,130592979.0000,2.372900
2020-09-17,10.74049358,11.14376618,10.5522997,10.8883602,13111740,212269040.6000,3.793700
2020-09-18,10.79426326,10.93540867,10.58590575,10.76065721,8997502,143725241.8000,2.603300
2020-09-21,10.85475415,10.87491778,10.64639664,10.70016632,5777175,92385107.8000,1.671500
2020-09-22,10.5522997,10.81442689,10.47164518,10.51869365,6488114,102895518.6000,1.877200
2020-09-23,10.53213607,10.79426326,10.42459671,10.6867239,5821440,92103054.9000,1.684300
2020-09-24,10.74721479,10.74721479,10.24984525,10.2834513,7529900,117164316.8000,2.178600
2020-09-25,10.41115429,10.49853002,10.19607557,10.2834513,4696620,72099394.4000,1.358900
2020-09-28,10.37082703,10.37754824,9.92050596,9.92050596,7516260,112654676.6000,2.174700
2020-09-29,9.94066959,10.36410582,9.91378475,10.20279678,9528866,144315655.7800,2.757000
2020-09-30,10.16246952,10.39771187,10.16246952,10.23640283,5817354,88942014.5400,1.683100
2020-10-09,10.45820276,10.98245714,10.4178755,10.8211481,11175380,179696227.5000,3.233400
2020-10-12,10.90852383,11.58736604,10.85475415,11.56720241,15567540,262026746.7700,4.504200
2020-10-13,11.4932691,11.72179024,11.33868127,11.60752967,13469775,231901440.6000,3.897200
2020-10-14,11.53359636,11.60752967,11.2916328,11.39245095,13736861,233807766.0000,3.974500
2020-10-15,11.46638426,11.63441451,11.31179643,11.33196006,9063540,154495530.6400,2.622400
2020-10-16,11.26474796,11.43277821,11.09671771,11.2916328,6684069,112041493.6600,1.933900
2020-10-19,11.34540248,11.426057,10.97573593,10.98917835,8734820,144890193.2000,2.527300
2020-10-20,11.03622682,11.2244207,10.89508141,11.2244207,7327265,120983561.4800,2.120000
2020-10-21,13.46930484,13.46930484,11.65457814,11.88982049,49329194,911550582.6700,14.272500
2020-10-22,11.7621175,11.82260839,11.0899965,11.11016013,29126669,491727634.6300,8.427300
2020-10-23,11.05639045,11.06983287,10.42459671,10.53885728,23704024,378367753.0300,6.858300
2020-10-26,10.41115429,10.70016632,10.13558468,10.51197244,11284728,175819410.5400,3.265000
2020-10-27,10.36410582,10.84803294,10.2834513,10.56574212,10879772,171516187.1200,3.147900
2020-10-28,10.54557849,10.65983906,10.2834513,10.51197244,9836140,153231306.6000,2.845900
2020-10-29,10.3506634,10.73377237,10.26328767,10.42459671,8826605,138092772.9900,2.553800
2020-10-30,10.47164518,10.59262696,10.2162392,10.22968162,10202227,157651774.5900,2.951800
2020-11-02,10.22968162,10.39099066,9.9473908,10.04820895,9720477,145685027.7500,2.812400
2020-11-03,10.10197863,10.47164518,10.03476653,10.40443308,9283169,142612671.9500,2.685900
2020-11-04,10.47836639,11.34540248,10.47836639,10.92196625,21567860,353424597.0500,6.240300
2020-11-05,11.05639045,11.25802675,10.85475415,11.1572086,15878592,261458303.2200,4.594200
2020-11-06,11.16392981,11.54703878,11.16392981,11.25130554,18116140,306262637.3700,5.241600
2020-11-09,11.28491159,11.59408725,11.2244207,11.4932691,16718029,285383988.9600,4.837100
2020-11-10,11.67474177,11.67474177,11.2244207,11.29835401,12198091,206575118.0100,3.529300
2020-11-11,11.30507522,11.39245095,10.97573593,11.00934198,9065169,150608693.0100,2.622800
2020-11-12,11.06983287,11.27819038,10.80098447,10.86819657,7597777,124672215.8600,2.198300
2020-11-13,10.79426326,10.98917835,10.65311785,10.84131173,6978675,112360174.8000,2.019200
2020-11-16,10.81442689,10.99589956,10.65311785,10.92196625,6661220,106929795.7600,1.927300
2020-11-17,11.0899965,12.15194768,10.96229351,11.71506903,29449178,517748418.5700,8.520600
2020-11-18,11.7621175,11.97719622,11.27819038,11.48654789,16713462,287467291.4700,4.835700
2020-11-19,11.41933579,11.90998412,11.23114191,11.64785693,14702371,255835373.6300,4.253900
2020-11-20,11.70834782,11.9637538,11.61425088,11.76883871,11657362,203555796.7400,3.372900
2020-11-23,11.90326291,12.09145679,11.71506903,11.80244476,12682861,224075368.0300,3.669600
2020-11-24,11.7621175,11.99735985,11.4932691,11.68818419,11074453,193084943.7600,3.204200
2020-11-25,11.76883871,11.97047501,11.66802056,11.77555992,10929220,191913421.3300,3.162200
2020-11-26,11.7621175,11.8293296,11.58064483,11.61425088,7490845,130107739.6500,2.167300
2020-11-27,11.66802056,11.71506903,11.43277821,11.52015394,7046040,121017608.1900,2.038600
2020-11-30,11.68818419,12.03768711,11.57392362,11.80244476,16718500,295064670.4500,4.837200
2020-12-01,11.7621175,11.92342654,11.63441451,11.79572355,12212964,214690772.9200,3.533600
2020-12-02,11.72851145,11.85621444,11.60080846,11.78228113,10475640,182508953.2000,3.030900
2020-12-03,11.90326291,12.0309659,11.45966305,11.49999031,12962514,226196015.8000,3.750500
2020-12-04,11.45294184,11.64785693,11.19753586,11.58736604,9562040,161677978.0000,2.766600
2020-12-07,11.8293296,13.44242,11.75539629,12.84423231,45610634,846670662.5400,13.196600
2020-12-08,12.770299,14.01372285,12.55522028,13.32143822,56920732,1132731077.5600,16.469000
2020-12-09,13.3079958,13.70454719,13.09291708,13.1735716,33898233,675375156.3600,9.807900
2020-12-10,13.3079958,13.3752079,12.99209893,13.07947466,18391921,360168103.6400,5.321400
2020-12-11,13.19373523,13.22062007,12.21915978,12.42079608,23529667,440906799.0600,6.807900
2020-12-14,12.56194149,13.02570498,12.11834163,12.8375111,20242587,378691719.4700,5.856800
2020-12-15,12.770299,13.43569879,12.770299,13.26094733,22787938,448204736.6200,6.593300
2020-12-16,13.11980192,13.29455338,12.79046263,13.0391474,14408113,278313799.6500,4.168700
2020-12-17,13.0391474,13.9801168,13.03242619,13.9801168,31842505,645994444.5900,9.213100
2020-12-18,14.03388648,15.15632855,13.85241381,14.97485588,43620341,947497607.4100,12.620800
2020-12-21,15.47894663,16.22500094,15.00174072,15.44534058,56771929,1311142012.8100,16.426000
2020-12-22,15.27731033,17.73055198,14.80682563,16.58122507,60859415,1466198601.5400,17.608600
2020-12-23,16.35270393,18.12710337,16.33926151,17.06515219,51368830,1302964455.3500,14.862700
2020-12-24,16.99121888,17.8112065,16.7358129,17.30711575,31494788,811562724.6500,9.112500
2020-12-25,17.12564308,18.12038216,16.60810991,18.0128428,38163864,985791263.5500,11.042000
2020-12-28,17.59612778,17.8112065,16.81646742,17.59612778,32338777,832934463.1000,9.026200
2020-12-29,17.30711575,17.42137632,15.62681325,15.91582528,35859476,870427322.6400,10.008900
2020-12-30,16.27204941,17.04498856,16.16451005,16.41319482,29316482,727682180.6200,8.182600
2020-12-31,16.60810991,17.19285518,16.41319482,16.5341766,26413411,659271869.1300,7.372300
2021-01-04,16.90384315,18.25480636,16.90384315,17.93890949,32051250,840299478.8400,8.945900
2021-01-05,17.6767823,18.03300643,16.80974621,17.30711575,30307456,778267580.4900,8.459200
2021-01-06,17.64317625,17.8784186,16.45352208,16.99121888,24289962,616534599.3000,6.779700
2021-01-07,16.72237048,17.60284899,16.55434023,17.11220066,28565630,730197254.1400,7.973000
2021-01-08,17.0046613,17.02482493,15.84861318,16.25188578,23849014,576417678.9100,6.656600
2021-01-11,16.59466749,16.62155233,15.0555104,15.3243588,23143205,545989885.4700,6.459600
2021-01-12,15.48566784,16.03680706,15.22354065,15.51255268,17111117,395269752.5600,4.775900
2021-01-13,15.46550421,15.55287994,14.3833894,14.59174691,20048882,444208169.1300,5.595900
2021-01-14,14.82026805,15.42517695,14.30945609,14.42371666,20103905,444395197.4200,5.611300
2021-01-15,14.14814705,14.51109239,13.87257744,14.26240762,19761180,415773105.2000,5.515600
2021-01-18,14.02044406,16.03680706,14.02044406,15.95615254,26458288,599827557.2000,7.384900
2021-01-19,16.00320101,16.13762521,15.26386791,15.45206179,20884665,485474587.1100,5.829200
2021-01-20,15.92254649,15.92254649,14.4506015,15.37812848,22433493,511984851.7100,6.261500
2021-01-21,15.5259951,16.99121888,15.33780122,16.44680087,31583915,765957534.6200,8.815500
2021-01-22,16.3325403,18.3489033,16.31909788,18.147267,40355821,1056944025.4600,11.263800
2021-01-25,19.10167882,20.94329036,18.69840622,20.29133299,41716014,1235075875.0700,11.643500
2021-01-26,19.49823021,20.88952068,19.491509,20.41903598,30064200,910056627.9800,8.391300
2021-01-27,20.7013268,21.76327798,19.77379982,20.94329036,31224409,970893631.8300,8.715100
2021-01-28,20.65427833,21.68934467,20.0964179,20.53329655,23188686,720790648.6000,6.472300
2021-01-29,20.71476922,20.94329036,18.6849638,19.38396964,28074481,816663161.3000,7.836000
2021-02-01,19.95527249,20.42575719,19.0882364,19.5587211,17473405,511645572.6600,4.877100
2021-02-02,19.85445434,20.0964179,18.6849638,19.59232715,15601197,451084851.6000,4.354500
2021-02-03,19.79396345,19.93510886,18.85971526,19.00758188,15417990,444882022.5100,4.303400
2021-02-04,18.94036978,19.07479398,17.95235191,18.43627903,15300130,419813960.9700,4.270500
2021-02-05,18.819388,19.04118793,17.80448529,17.84481255,11412602,312008596.1400,3.185400
2021-02-08,18.18087305,18.73201227,17.89858223,18.31529725,11225523,306695554.6600,3.133200
2021-02-09,18.32873967,19.05463035,18.20103668,18.72529106,15067405,419258103.7900,4.205500
2021-02-10,18.84627284,19.18905455,18.22120031,18.76561832,11086648,308509498.5200,3.094400
2021-02-18,19.39741206,19.47806658,17.70366714,17.84481255,16408839,446579969.0300,4.579900
2021-02-19,17.65661867,17.65661867,16.68204322,17.48858842,13607344,347259369.4800,3.798000
2021-02-22,17.75071561,17.83809134,16.70892806,16.77614016,12582952,320825384.7100,3.512100
2021-02-23,16.45352208,16.7358129,16.1981161,16.44680087,10412235,254729653.1600,2.906200
2021-02-24,16.5341766,16.72237048,15.90238286,16.27204941,12301046,296563127.5300,3.433400
2021-02-25,16.803025,17.7439944,16.6013887,17.63645504,26535988,679842432.6500,7.406500
2021-02-26,17.42809753,19.59904836,17.19957639,19.45790295,30904972,861424020.2300,8.626000
2021-03-01,19.46462416,20.35182388,18.85299405,20.06281185,23611660,691270908.0800,6.590300
2021-03-02,19.92838765,21.69606588,19.92838765,21.38689022,23286357,731775035.9100,6.499500
2021-03-03,21.507872,21.507872,20.41231477,21.20541755,16233561,505130061.2500,4.531000
2021-03-04,21.08443577,21.50115079,18.819388,19.19577576,22823832,672438179.9900,6.370400
2021-03-05,18.82610921,19.38396964,18.18759426,18.40267298,17834820,493888247.8000,4.977900
2021-03-08,18.53709718,18.73873348,17.22646123,17.43481874,15105148,401597472.0800,4.216000
2021-03-09,17.48186721,18.98069704,16.13762521,18.40267298,23613691,620766718.6600,6.590900
2021-03-10,18.819388,19.32347875,18.01956401,18.0800549,15446439,429113754.2700,4.311300
2021-03-11,17.87169739,18.4833275,17.4079339,18.15398821,12519757,334266257.0400,3.494400
2021-03-12,18.36234572,18.86643647,17.37432785,18.67824259,16961144,456852671.8800,4.734100
2021-03-15,18.67824259,19.28315149,17.93218828,18.69168501,12830249,356425202.8700,3.581100
2021-03-16,18.51693355,19.0210243,18.26152757,18.2816912,10065349,277470079.5600,2.809400
2021-03-17,18.2816912,20.13002395,17.85825497,20.02248459,18982867,543510816.7800,5.298400
2021-03-18,19.7603574,20.82902979,19.4242969,20.33166025,20200543,603172598.4600,5.638200
2021-03-19,19.8275695,20.0292058,19.13528487,19.13528487,13132578,380914082.8700,3.665500
2021-03-22,19.40413327,20.47952687,18.87315768,19.44446053,12736179,370839373.2700,3.554800
2021-03-23,19.4242969,19.65281804,18.84627284,19.4242969,7807120,223266554.1200,2.179100
2021-03-24,19.18905455,19.43773932,18.69168501,18.72529106,6861998,193404896.9100,1.915300
2021-03-25,18.53037597,20.2980542,18.32873967,20.24428452,19890166,582077900.1300,5.551600
2021-03-26,19.9619937,21.49442958,19.80068466,20.64755712,24436432,759775022.5800,6.820500
2021-03-29,20.84247221,22.05229001,20.7013268,20.97689641,24689681,784011230.4300,6.891200
2021-03-30,21.0373873,22.08589606,20.41903598,21.68262346,26060484,831184538.2800,7.273800
2021-03-31,22.03884759,22.10605969,19.5587211,20.02248459,28932623,879515526.1100,8.075500
2021-04-01,20.21739968,20.24428452,19.2226606,19.6259332,15607400,456143098.3300,4.356200
2021-04-02,19.49823021,19.94183007,19.4242969,19.6931453,10642682,311034741.8000,2.970500
2021-04-06,19.70658772,21.1718115,19.5587211,21.11804182,18234674,560200219.7100,5.089500
2021-04-07,21.27262965,21.43393869,20.4996905,20.80214495,14834919,459665760.6300,4.140600
2021-04-08,20.75509648,21.64901741,20.38542993,21.43393869,16412378,516750166.6600,4.580900
2021-04-09,21.24574481,21.56836289,20.39215114,20.4324784,14182046,438610730.6700,3.958400
2021-04-12,20.33166025,20.73493285,18.78578195,19.21593939,19832427,575953895.9100,5.535500
2021-04-13,19.23610302,19.6931453,18.84627284,18.98069704,12697222,362813210.7200,3.544000
2021-04-14,19.0882364,20.67444196,19.0210243,20.15690879,21254034,626027837.2900,5.932300
2021-04-15,19.97543612,20.10986032,19.23610302,19.57216352,13259829,386768898.4500,3.701000
2021-04-16,20.17707242,20.28461178,19.41085448,19.46462416,18099149,534936056.9400,5.051700
2021-04-19,19.46462416,20.9701752,18.96725462,20.9029631,25561586,774780428.6500,7.134600
2021-04-20,20.81558737,21.507872,20.18379363,20.18379363,17562775,540745298.8000,4.902000
2021-04-21,20.16363,20.27789057,19.31003633,19.69986651,15477697,454025692.3900,4.320000
2021-04-22,19.73347256,20.80214495,19.50495142,20.15018758,16545885,498554626.3300,4.618200
2021-04-23,19.97543612,20.95673278,19.94855128,20.4996905,18182281,556784351.7500,4.673300
2021-04-26,20.64083591,21.07771456,19.5587211,19.72003014,18748683,566301108.4400,4.818900
2021-04-27,19.73347256,19.9619937,19.4242969,19.84773313,11479479,335818341.2700,2.950500
2021-04-28,19.8275695,20.40559356,19.5587211,19.90150281,11012647,327085445.5900,2.830500
2021-04-29,19.72675135,19.87461797,19.2898727,19.38396964,10399856,301967489.9600,2.673000
2021-04-30,19.28315149,19.40413327,17.48186721,18.73201227,24938792,690285335.7500,6.409900
2021-05-06,18.5505396,19.491509,18.4161154,19.40413327,14401594,408382931.1500,3.701600
2021-05-07,19.40413327,19.5587211,18.8866001,19.02774551,9245397,264070105.1800,2.376300
2021-05-10,19.02774551,19.78052103,18.67152138,19.59904836,17147247,492837717.6000,4.407300
2021-05-11,19.33019996,19.51839384,18.7521759,19.36380601,9392697,268454537.4000,2.414100
2021-05-12,19.31675754,19.61249078,18.96053341,19.2226606,7633943,219590618.3700,1.962100
2021-05-13,18.98741825,19.46462416,18.71856985,18.8866001,8076289,228432405.9800,2.075800
2021-05-14,18.97397583,19.4242969,18.18759426,18.67152138,15783422,442987041.6800,4.056700
2021-05-17,18.4833275,19.3570848,18.39595177,18.81266679,13244360,374344508.4800,3.404100
2021-05-18,18.7521759,19.06135156,18.53709718,18.59758807,9651890,268291428.3200,2.480800
2021-05-19,18.51693355,20.0964179,18.3489033,19.82084829,21214738,610702704.6600,5.452700
2021-05-20,19.491509,19.98215733,18.6849638,19.59904836,21628508,622473633.9200,5.559000
2021-05-21,19.59904836,20.16363,19.27643028,19.59232715,11264316,329930412.6700,2.895200
2021-05-24,20.04936943,20.28461178,19.65953925,20.04264822,12417795,368710361.2900,3.191700
2021-05-25,19.88806039,20.2308421,19.6931453,19.83429071,12181019,361823747.6900,3.130800
2021-05-26,19.92838765,20.10986032,19.45790295,19.49823021,9412338,276562806.4000,2.419200
2021-05-27,19.36331595,20.8808172,19.36331595,20.5570836,20488323,618549077.0000,5.266000
2021-05-28,20.5570836,23.39649705,20.5570836,23.38300815,39044858,1304264136.5700,10.035500
2021-05-31,23.7539529,25.09609845,23.605575,25.0219095,24885128,903833564.8200,6.396100
2021-06-01,24.69143145,25.8312435,24.3339756,25.12307625,26842055,1001152919.2100,6.899100
2021-06-02,25.1972652,26.2224216,24.90725385,25.2512208,22901412,870295535.6900,5.886200
2021-06-03,25.3321542,27.47014485,25.13656515,26.7619776,25531105,1004466716.0200,6.562100
2021-06-04,26.303355,30.0128025,26.14823265,29.96559135,22655691,964517763.6600,5.823100
2021-06-07,29.9723358,31.15261455,28.866246,30.754692,22438301,1005654003.0100,5.767200
2021-06-08,29.68232445,30.889581,29.4732465,29.7025578,16603572,739436954.6000,4.267500
2021-06-09,30.080247,32.0361375,29.5002243,30.7816698,18931453,866905199.8200,4.865800
2021-06-10,30.7816698,32.56894905,29.9318691,32.1575376,18072051,852254231.5100,4.645000
2021-06-11,31.3616925,32.3059155,30.350025,31.3616925,13438961,629320643.8900,3.454100
2021-06-15,31.65170385,32.37336,30.8086476,32.0361375,14474528,682219542.7400,3.720300
2021-06-16,32.4273156,32.508249,27.787134,28.3401789,31843200,1382332140.0500,8.184500
2021-06-17,28.48181235,29.4732465,28.3941345,29.33161305,18841557,814172064.7000,4.842700
2021-06-18,29.9183802,30.50514735,28.67065695,30.2286249,22281625,976896139.1000,5.726900
2021-06-21,30.15443595,31.02447,28.91345715,29.79023565,13625863,600496258.6000,3.502200
2021-06-22,29.2034685,30.15443595,28.0434231,29.7969801,13515448,582392974.5200,3.473800
2021-06-23,30.0128025,32.9264049,29.68232445,32.54197125,15071122,705292197.5500,3.873600
2021-06-24,31.7798484,32.6026713,29.9723358,31.23354795,17447968,800739346.0500,4.484500
2021-06-25,31.02447,31.93497075,29.9048913,31.4965815,10940551,501808567.1900,2.812000
2021-06-28,32.0900931,34.4371617,31.3616925,33.20292735,18222604,897996300.0100,4.683600
2021-06-29,33.7896945,34.3427394,32.36661555,32.8454715,13656896,674433336.9400,3.510200
2021-06-30,33.0612939,33.2501385,32.27219325,32.39359335,10099430,490123214.4600,2.595800
2021-07-01,32.6566269,33.452472,31.564026,32.36661555,10814722,520522811.2800,2.779600
2021-07-02,31.968693,33.94481685,31.3616925,33.35130525,15032034,734329715.6800,3.863600
2021-07-05,35.0576511,40.0215663,34.80810645,40.0215663,23120635,1344313775.4600,5.942600
2021-07-06,41.7211677,42.11909025,36.89888595,38.2410315,29926633,1764847665.4500,7.691900
2021-07-07,39.11781,41.141145,36.45375225,40.4667,20622258,1206961579.0900,5.300400
2021-07-08,40.6690335,42.38886825,39.3471213,39.8192328,16717690,1008479272.2300,4.296800
2021-07-09,40.67577795,43.56240255,40.00133295,42.55073505,21183944,1329624116.1200,5.444800
2021-07-12,43.16448,50.448486,43.16448,47.6832615,24702202,1722934386.5500,6.349100
2021-07-13,46.09831575,48.28351755,44.9585037,47.90582835,16971682,1173281010.9700,4.362100
2021-07-14,46.08482685,49.5717075,45.187815,46.536705,14559075,1019475351.1600,3.742000
2021-07-15,47.23138335,48.290262,44.37173655,46.74578295,21853573,1498306345.0100,5.616900
2021-07-16,46.7525274,49.3019295,45.12711495,47.1437055,14140288,996765762.6500,3.634400
2021-07-19,46.8739275,49.639152,45.3092151,45.6329487,16607526,1165556888.9600,4.268500
2021-07-20,44.6347701,47.6562837,44.37173655,45.81504885,12148910,828346011.3100,3.122600
2021-07-21,46.66484955,52.58647665,44.5943034,50.52267495,22468242,1640946406.2500,5.774900
2021-07-22,51.33200895,52.30320975,49.25471835,51.88505385,16492150,1252607911.0000,4.238900
2021-07-23,51.91203165,51.91203165,45.8487711,46.1994825,21229321,1512950501.0400,5.456400
2021-07-26,46.6041495,47.615817,43.16448,45.1203705,20065616,1347549596.4300,5.157300
2021-07-27,45.3901485,45.39689295,38.443365,40.5071667,40331678,2465587188.1500,10.366200
2021-07-28,39.70457715,42.4091016,39.657366,40.63531125,23065648,1405227663.4000,5.928400
2021-07-29,41.84931225,43.54891365,39.81248835,40.4801889,26381737,1627488434.5900,6.780700
2021-07-30,41.81559,41.8560567,34.14715035,37.634031,53194054,2882637283.1500,13.672100
2021-08-02,40.4397222,45.1608372,40.4397222,43.57589145,54254535,3466929483.2600,13.944700
2021-08-03,41.81559,43.838925,40.4397222,41.45813415,24860592,1549150121.6100,6.389800
2021-08-04,42.1528125,49.5312408,41.81559,48.694929,33687013,2261370768.1000,8.658400
2021-08-05,47.5348836,49.80776325,45.84202665,47.2785945,25525533,1807228006.3800,6.560700
2021-08-06,48.2228175,50.583375,47.1571944,47.98676175,23443385,1691242218.4400,6.025500
2021-08-09,47.20440555,47.20440555,42.86097975,44.4324366,25847777,1694457864.9300,6.643500
2021-08-10,44.43918105,44.7291924,41.3839452,43.03633545,20904113,1334342153.0700,5.372900
2021-08-11,43.22518005,45.4036374,43.22518005,44.14242525,16163061,1061794934.2300,4.154300
2021-08-12,43.3533246,47.43371685,42.3956127,46.3748382,20137844,1337929830.5700,5.175900
2021-08-13,45.86900445,50.5563972,45.187815,47.3999946,24066685,1729641580.9000,6.185700
2021-08-16,45.47782635,46.36809375,42.6923685,44.20986975,19292107,1266644297.0700,4.958500
2021-08-17,43.704036,45.727371,42.18653475,44.0952141,17117692,1120604112.1600,4.399700
2021-08-18,44.72244795,48.00025065,44.2975476,47.16393885,19175216,1323718839.1900,4.928500
2021-08-19,47.885595,55.31123445,47.21115,52.55949885,26880278,2046255398.3900,6.908900
2021-08-20,52.6201989,58.3394925,52.6201989,56.84896905,23921739,1981571944.1800,6.148500
2021-08-23,57.327825,62.8178073,54.3063114,59.61419355,21417841,1854601549.6800,5.504900
2021-08-24,59.620938,62.73012945,56.3161575,57.32108055,17906852,1564067614.0500,4.602500
2021-08-25,58.3394925,58.676715,53.9556,56.4915132,15015484,1244263168.0600,3.859300
2021-08-26,56.5724466,57.94156995,55.08192315,55.4528679,10417328,869692129.7400,2.677500
2021-08-27,56.0328906,60.834939,54.2118891,59.65466025,18012832,1546264133.7600,4.629700
2021-08-30,58.7171817,65.41442055,58.676715,62.21755125,20009708,1844809123.2900,5.143000
2021-08-31,60.4572498,67.2151887,59.35116,64.73997555,15962541,1502369353.5200,4.102800
2021-09-01,68.61128985,69.59597955,57.9213366,60.5381832,20838547,1947179299.6100,5.356000
2021-09-02,62.6424516,72.64447095,59.4186045,71.8283925,23205859,2347839620.4600,5.964500
2021-09-03,75.402951,80.258955,67.42426665,71.05278075,32182317,3487771215.6200,8.271600
2021-09-06,70.98533625,72.7591266,59.9446716,65.556054,25601081,2494085446.5600,6.580100
2021-09-07,66.0686322,71.895837,65.0974314,70.41880245,18461812,1905764287.0800,4.745100
2021-09-08,69.9534354,75.5917956,69.01595685,70.97184735,16227479,1736624903.5700,4.170900
2021-09-09,74.18895,81.30434475,74.18895,77.50047495,17867864,2045278166.6900,4.592500
2021-09-10,77.56791945,92.803632,76.9002189,91.78522005,21514364,2739624279.0300,5.529700
2021-09-13,91.050075,91.050075,84.29888055,90.105852,19858321,2622339944.9900,5.104100
2021-09-14,90.88146375,91.72452,84.305625,87.5294721,15170138,1985588866.9100,3.899100
2021-09-15,88.352295,91.184964,82.8758016,83.2130241,19678033,2487469369.1800,5.057700
2021-09-16,82.956735,82.956735,73.1772825,75.32876205,27356820,3142353935.2000,7.031400
2021-09-17,77.561175,79.09216515,72.60400425,76.88673,17980861,2033246587.1500,4.621500
2021-09-22,74.2563945,80.91316665,74.2294167,76.09762935,14324402,1639559905.9400,3.681700
2021-09-23,76.21902945,77.2779081,70.9246362,72.98169345,16920491,1841956679.5300,4.349000
2021-09-24,73.1907714,74.77571715,68.79339,71.0460363,13572599,1441008435.3600,3.488500
2021-09-27,78.23562,79.24054305,65.1918537,68.31453405,26332450,2735681270.6700,6.768100
2021-09-28,68.84060115,72.570282,67.66706685,71.1404586,15835655,1662578059.6200,4.070100
2021-09-29,70.48624695,73.0963491,62.98641855,63.0606075,21838222,2174532099.9200,5.612900
2021-09-30,66.19677675,73.0423935,66.19677675,72.40167075,19387160,2022607466.0300,4.983000
2021-10-08,73.514505,75.4569066,70.14228,72.435393,20014402,2154627683.7600,5.144200
2021-10-11,71.49117,73.8517275,66.5407437,69.2655015,17365583,1806827652.0300,4.463400
2021-10-12,68.44942305,70.4795025,63.6945858,65.3402316,22171682,2181816290.8000,5.698700
2021-10-13,65.421165,71.07975855,64.74672,69.198057,17980366,1797177973.4400,4.621400
2021-10-14,67.4175222,72.90076005,66.3114324,71.895837,20190090,2115669983.6700,5.189300
2021-10-15,71.49117,73.0423935,67.5119445,70.3446135,19984255,2091357402.3700,5.136400
2021-10-18,70.00064655,76.8192855,67.27588875,76.09762935,25998043,2765052981.2200,6.682100
2021-10-19,73.3661271,79.29449865,72.974949,77.426286,18829388,2131609058.0300,4.839600
2021-10-20,76.88673,83.63118,75.65249565,79.34845425,17389120,2074543176.8400,4.469400
2021-10-21,79.5710211,80.8524666,76.077396,76.56974085,12199500,1406996805.6300,3.135600
2021-10-22,77.23069695,79.58451,74.85665055,74.863395,12097787,1387137238.9500,3.109400
2021-10-25,73.44031605,75.53784,70.21646895,74.18895,22595942,2443536543.8300,5.807700
2021-10-26,76.8192855,78.3030645,71.4641922,71.8283925,17960715,1984567390.9300,4.616300
2021-10-27,72.17235945,76.4685741,70.14228,74.33058345,19952459,2185160896.7500,4.743000
2021-10-28,73.14356025,75.53784,68.6719899,69.8050575,18681265,1980651787.6100,4.440800
2021-10-29,70.1557689,72.6377265,69.8320353,71.83513695,11524566,1220421900.8400,2.739600
2021-11-01,71.8418814,74.5801281,66.770055,67.64008905,21877616,2255462269.9800,5.200600
2021-11-02,67.984056,69.2520126,65.016498,66.2979435,17109266,1695685697.7200,4.067100
2021-11-03,66.7835439,66.9723885,62.723385,65.22557595,17693726,1692079230.6900,4.206000
2021-11-04,66.06188775,66.60144375,61.5633396,61.7117175,19617550,1848424123.7600,4.663400
2021-11-05,62.71664055,63.59341905,59.5534935,59.81652705,21165833,1932345274.8600,5.031400
2021-11-08,59.00719305,66.09561,59.00719305,64.41624195,28680415,2671990397.9000,6.817700
2021-11-09,64.8006756,68.38197855,63.7350525,67.579389,21096110,2091199316.2700,5.014800
2021-11-10,67.6468335,67.6468335,61.104717,61.509384,19881008,1856423559.7400,4.726000
2021-11-11,61.914051,63.05386305,60.9023835,61.4419395,12530889,1145944136.0700,2.978800
2021-11-12,62.0219622,62.9526963,60.9428502,62.35244025,9145116,843154442.0100,2.173900
2021-11-15,61.71846195,63.09432975,59.24999325,62.183829,12836329,1163532712.6600,3.051400
2021-11-16,62.183829,62.723385,59.14208205,59.4725601,12616385,1133844378.2800,2.999100
2021-11-17,60.7540056,69.198057,60.7540056,66.3114324,30500548,2964421748.7700,7.250400
2021-11-18,67.43775555,71.4102366,62.5210515,69.09689025,29009140,2873592641.2100,6.895900
2021-11-19,66.770055,68.8338567,65.0704536,65.8932765,21581869,2132615782.6600,5.130300
2021-11-22,66.500277,69.48806835,66.500277,67.7817225,15725361,1586908966.3800,3.738100
2021-11-23,67.7817225,68.98897905,64.6253199,64.881609,14434182,1418441281.2200,3.431200
2021-11-24,64.96928685,66.230499,63.6541191,63.93064155,10007565,956173997.7600,2.378900
2021-11-25,63.79575255,64.98277575,61.86683985,62.66268495,11200361,1045570700.7500,2.662500
2021-11-26,63.3168966,68.79339,62.858274,66.09561,18483365,1811739640.4100,4.393800
2021-11-29,64.6388088,72.55004865,64.5308976,71.87560365,22816955,2379688292.7200,5.423900
2021-11-30,73.2177492,75.74691795,72.300504,75.53784,21485527,2370759729.1400,5.107400
2021-12-01,74.863395,76.5495075,72.2195706,74.72176155,15278440,1679467015.9400,3.631900
2021-12-02,74.6071059,75.9829737,73.379616,75.16689525,10248858,1134472431.7800,2.436300
2021-12-03,74.5261725,77.52745275,74.27662785,76.1313516,12084549,1362662557.9800,2.872700
2021-12-06,74.19569445,76.212285,72.4084152,72.53655975,11593678,1268446704.6700,2.756000
2021-12-07,73.0423935,73.7168385,64.9490535,66.1630545,18942193,1895039596.8000,4.502800
2021-12-08,66.09561,67.18146645,64.95579795,66.230499,14151273,1378580087.0800,3.364000
2021-12-09,65.76513195,66.72284385,63.6406302,64.3285641,15926645,1523676560.7700,3.786000
2021-12-10,63.39783,67.7817225,63.31015215,66.904944,18658552,1842109953.0400,4.435400
2021-12-13,66.904944,67.57264455,65.151387,66.64191045,11228890,1100052874.7600,2.669300
2021-12-14,66.62842155,66.62842155,63.1820076,63.60690795,12941191,1229392634.2100,3.076300
2021-12-15,64.0587861,64.3555419,61.04401695,61.36775055,13098349,1207440224.4500,3.113700
2021-12-16,61.7117175,62.183829,60.0930495,60.4977165,11958657,1078306138.0100,2.842700
2021-12-17,60.4977165,60.8079612,58.7036928,58.83183735,10334442,908640450.5100,2.456600
2021-12-20,58.7036928,60.2549163,56.6803578,57.02432475,12220407,1056067292.6600,2.905000
2021-12-21,57.0175803,58.3934481,55.439379,56.788269,12342241,1033206780.3300,2.933900
2021-12-22,57.1794471,57.7594698,56.34987975,56.9771136,10271309,867154749.1600,2.441600
2021-12-23,57.327825,57.63132525,54.4412004,54.8054007,11615339,953376031.2000,2.761100
2021-12-24,55.25727885,55.3719345,49.1670405,49.8954411,23423157,1769535127.8500,5.568000
2021-12-27,50.4619749,53.31487725,49.9898634,52.7550879,20246971,1566217587.4500,4.813000
2021-12-28,52.86974355,56.18801295,51.4871313,55.18983435,18020830,1459590271.6300,4.283800
2021-12-29,54.630045,57.7999365,54.6165561,55.30449,13523423,1130038162.1300,3.214700
2021-12-30,55.439379,55.97219055,54.0095556,54.12421125,8513149,690345717.0600,2.023700
2021-12-31,54.5221338,55.43263455,53.4834885,54.630045,11227264,905068627.0200,2.668900
2022-01-04,55.97219055,55.97219055,52.77532125,54.79865625,14908174,1198265084.1500,3.543900
2022-01-05,53.6048886,54.9537786,51.75016485,53.146266,14383904,1125546642.1900,3.419300
2022-01-06,53.0788215,55.5068235,51.0419976,53.9690889,13271081,1052207788.1200,3.154700
2022-01-07,53.4699996,54.44794485,50.77896405,51.1768866,12523422,961981224.9500,2.977000
2022-01-10,50.6508195,51.5950425,49.4637963,49.7875299,14310373,1066558649.2900,3.401800
2022-01-11,49.51100745,49.8414855,46.65136065,47.4674391,19848734,1404118759.2900,4.718300
2022-01-12,49.48402965,50.41476375,46.70531625,48.22956195,25313549,1801706854.4000,6.017400
2022-01-13,48.21607305,48.7623735,46.12529355,46.23320475,13573545,947759784.7500,3.226600
2022-01-14,46.23320475,46.7390385,45.54527085,45.8083044,11464551,783551109.2200,2.725300
2022-01-17,46.266927,48.020484,45.2957262,47.4944169,12714545,889751062.1700,3.022400
2022-01-18,47.2381278,48.6814401,46.8739275,47.64953925,9647839,686369633.1100,2.293400
2022-01-19,47.21789445,47.43371685,45.24851505,45.3901485,13423971,914261394.8200,3.191100
2022-01-20,45.58573755,45.85551555,42.79353525,42.8272575,20625344,1334846316.6500,4.902900
2022-01-21,43.569147,44.648259,42.5709684,43.7579916,13911653,904218008.7300,3.307000
2022-01-24,43.7579916,48.6274845,43.3668135,47.35278345,20219294,1396491821.8800,4.806400
2022-01-25,47.82489495,48.56004,46.8199719,46.86718305,14612886,1031659667.9100,3.473700
2022-01-26,48.06769515,48.3577065,46.0915713,47.5483725,14749667,1032094105.6400,3.506200
2022-01-27,47.9260617,48.8972625,45.88249335,45.9431934,13098475,921476330.6800,3.113700
2022-01-28,46.536705,47.12347215,44.243592,44.378481,11655472,783600497.8300,2.770700
2022-02-07,45.85551555,47.9395506,45.052926,45.70713765,12446671,852694585.0600,2.958800
2022-02-08,44.5673256,45.30247065,43.7175249,44.62802565,12367206,814326178.6000,2.939900
2022-02-09,45.22153725,46.0645935,42.3146793,44.648259,20217760,1328674173.8600,4.806000
2022-02-10,45.15409275,46.05784905,44.1221919,45.53178195,17521428,1168460196.8500,4.165100
2022-02-11,45.86226,51.25782,44.27731425,49.0321515,29772090,2157230696.4700,7.077200
2022-02-14,48.79609575,53.05858815,48.2497953,50.84640855,26940396,2045879339.5900,6.404100
2022-02-15,51.9862206,52.50554325,49.7065965,51.932265,17205218,1312382187.7100,4.089900
2022-02-16,52.60671,55.30449,52.3504209,53.146266,19047888,1510783554.4400,4.528000
2022-02-17,52.5662433,58.89928185,52.4043765,57.2468916,29341269,2454077175.5300,6.974800
2022-02-18,56.74105785,59.4995379,56.13405735,57.327825,19334760,1657187117.8600,4.596100
2022-02-21,57.327825,58.137159,55.98567945,57.42899175,14900291,1258246524.5600,3.542000
2022-02-22,60.025605,61.48915065,58.7576484,60.025605,25393104,2258130541.5600,6.036300
2022-02-23,59.9446716,60.2818941,58.27879245,59.43883785,15105756,1327485158.4400,3.590900
2022-02-24,58.17088125,59.12859315,55.21681215,57.65830305,21718226,1838747149.1500,5.162700
2022-02-25,58.3394925,60.3763164,56.97036915,58.946493,17452150,1518909726.9700,4.148600
2022-02-28,58.676715,61.03052805,58.272048,60.565161,14528432,1292774144.0000,3.453600
2022-03-01,60.09979395,60.295383,53.28789945,54.3332892,31608048,2607439744.0000,7.513700
2022-03-02,54.32654475,55.02796755,52.1885541,53.92187775,16608573,1318500192.0000,3.948100
2022-03-03,54.1174668,54.34003365,51.8108649,51.88505385,15242524,1184420448.0000,3.623400
2022-03-04,51.50736465,53.146266,49.4233296,49.63240755,20103092,1517798768.0000,4.778800
2022-03-07,49.3019295,49.94265225,47.62256145,48.0744396,14476158,1042133728.0000,3.441200
2022-03-08,48.4116621,48.7623735,45.5250375,45.8487711,18413112,1271200080.0000,4.377100
2022-03-09,46.2399492,46.35460485,42.26746815,44.2705698,19954849,1301800928.0000,4.743600
2022-03-10,46.0645935,47.12347215,44.918037,46.31413815,23778641,1625166848.0000,5.652500
2022-03-11,45.69364875,49.8279966,45.35642625,49.43007405,28601748,2037754336.0000,6.799000
2022-03-14,48.0879285,49.7605521,47.90582835,48.05420625,18502136,1340015360.0000,4.398200
2022-03-15,48.3442176,51.0554865,47.73047265,48.694929,23534397,1727329664.0000,5.594500
2022-03-16,50.1211962,51.8190687,48.5591535,51.8190687,28069374,2088768288.0000,6.672500
2022-03-17,53.61881355,54.11459232,50.03969832,50.5286856,28141092,2175868624.0000,6.689500
2022-03-18,50.257026,50.84109414,48.58631946,50.84109414,17279596,1261923022.3000,4.107600
2022-03-21,49.78841319,52.73591985,49.39450677,51.23500056,21361199,1602803364.4200,5.077900
2022-03-22,51.4115793,53.56448163,50.26381749,52.89212412,20260203,1568582707.8700,4.816100
2022-03-23,53.35394544,53.90405613,51.33687291,52.4303028,14022214,1079769147.0000,3.333300
2022-03-24,51.7511538,53.43544332,50.52189411,53.0415369,13616672,1044905099.7400,3.236900
2022-03-25,53.652771,54.11459232,51.2078346,51.2078346,13663224,1053938576.5400,3.233400
2022-03-28,50.60339199,51.615324,48.2874939,49.44883869,13548158,986048897.5300,3.167000
2022-03-29,49.86311958,51.33687291,48.9666429,50.20948557,10971460,814315660.5100,2.564700
2022-03-30,50.5966005,51.90735807,49.7137068,51.8869836,10020273,757086628.4900,2.342300
2022-03-31,51.5474091,51.70361337,48.219579,48.6270684,14559453,1058570863.5700,3.403400
2022-04-01,48.62027691,50.51510262,48.0837492,49.3741323,9828377,715817296.9700,2.297500
2022-04-06,49.35375783,50.02611534,46.50812352,47.4046002,12784347,890062819.8700,2.988500
2022-04-07,47.4725151,50.3928558,47.18048103,48.76968969,17994696,1300260355.6400,4.206500
2022-04-08,51.26216652,51.60853251,47.4725151,47.66946831,26320497,1906210501.6000,6.152700
2022-04-11,46.182132,46.182132,42.27702525,42.37210611,26941867,1728592746.2300,6.298000
2022-04-12,42.36531462,44.20580841,42.18873588,43.90698285,14601322,936323472.2200,3.413200
2022-04-13,43.3976211,45.6388128,42.4468125,43.65569772,16572316,1075858586.6800,3.874000
2022-04-14,44.34163821,44.5521744,42.786387,43.36366365,9916229,635673100.3900,2.318000
2022-04-15,43.11237852,44.13789351,42.1751529,42.9901317,10865553,687496542.2300,2.539900
2022-04-18,42.786387,43.61494878,40.55198679,43.39082961,10484500,654334017.9700,2.450900
2022-04-19,42.80676147,43.70323815,42.1751529,42.75922104,10069977,633137255.5200,2.354000
2022-04-20,42.89505084,43.45195302,40.95947619,41.0885145,10992340,674874493.4000,2.569600
2022-04-21,41.27867622,41.76087201,37.68597801,38.2360887,20742767,1195154902.0100,4.848900
2022-04-22,38.20892274,38.52812277,36.6061311,36.78950133,15178306,833326402.9300,3.548100
2022-04-25,35.47195227,36.29372256,33.278301,33.95745,16171946,823737126.8100,3.780400
2022-04-26,34.49397771,34.96938201,33.28509249,33.40733931,12058509,607876213.2000,2.818800
2022-04-27,33.4141308,39.0510675,33.05418183,38.96956962,26881969,1430680524.5800,6.284000
2022-04-28,37.69956099,41.05455705,37.4890248,40.05620802,27705853,1614959745.3700,6.476500
2022-04-29,40.05620802,41.84236989,39.39743349,41.55033582,28912241,1735627739.5600,6.758600
2022-05-05,40.74894,40.85081235,38.52812277,39.79133991,24590167,1441089573.7100,5.748200
2022-05-06,38.65036959,40.98664215,38.4398334,39.24122922,15755624,922916980.3300,3.683100
2022-05-09,39.20727177,40.09016547,38.8473228,39.69625905,10752182,625267242.9600,2.513400
2022-05-10,38.711493,41.12247195,38.44662489,40.35503358,15419650,911973038.3700,3.604500
2022-05-11,40.069791,43.11917001,39.83208885,41.3601741,23540474,1450577459.6800,5.502800
2022-05-12,40.83722937,41.40771453,39.85925481,40.49086338,15262564,913441611.1900,3.567800
2022-05-13,40.94589321,41.07493152,39.66909309,40.15808037,10035572,594888144.3600,2.345900
2022-05-16,40.6810251,41.7676635,39.90000375,40.17166335,10935785,653243037.8900,2.567700
2022-05-17,40.17166335,42.8543019,40.12412292,42.33135717,23163902,1423849226.1100,5.438800
2022-05-18,42.41285505,42.70488912,41.30584218,41.43488049,16287999,1005398784.5500,3.824400
2022-05-19,40.8847698,42.10044651,40.02904206,41.9714082,20030531,1213899095.6600,4.703100
2022-05-20,42.14798694,43.15991895,40.8847698,42.9222168,25819032,1607330743.6900,6.062300
2022-05-23,43.11237852,44.80345953,42.4468125,44.27372331,23902775,1538961947.1200,5.612300
2022-05-24,44.26014033,44.57934036,41.61825072,41.74728903,20972390,1331956810.7400,4.924300
2022-05-25,42.18194439,42.3109827,40.64706765,41.40771453,13733675,833893681.8200,3.224600
2022-05-26,41.3601741,41.53675284,39.73700799,40.74894,11379107,684100815.8900,2.671800
2022-05-27,41.25830175,42.1751529,40.1377059,40.30749315,12446413,753980849.8100,2.922400
2022-05-30,40.8168549,41.8355784,40.28032719,40.73535702,13286904,798696053.5600,3.119700
2022-05-31,40.75573149,40.9526847,39.04427601,40.9526847,17985478,1055740705.1900,4.223000
2022-06-01,40.41615699,41.0205996,39.24122922,40.32107613,14769646,873149215.8800,3.467900
2022-06-02,40.07658249,41.61145923,39.74379948,40.8847698,16319589,985944149.6900,3.831800
2022-06-06,40.9526847,47.45214063,40.9526847,46.9971108,40987003,2726373207.8000,9.623700
2022-06-07,46.9971108,47.87321301,46.75940865,47.47930659,25555823,1781404446.3500,6.000500
2022-06-08,47.73738321,50.936175,47.64230235,50.34531537,36851795,2694454287.0900,8.652700
2022-06-09,49.54391955,50.75959626,49.04134929,49.53712806,21669360,1588429570.2100,5.087900
2022-06-10,48.6949833,52.21297512,48.26032794,50.92938351,33736580,2529037868.6900,7.921300
2022-06-13,50.1891111,52.81741773,49.78841319,51.90735807,26600413,2011872193.7400,6.245700
2022-06-14,50.86146861,52.7698773,50.3928558,52.14506022,20372262,1547582471.7300,4.783400
2022-06-15,52.36917939,57.72087351,51.44553675,54.88882218,28888399,2317666425.5800,6.782900
2022-06-16,54.33192,55.20802221,53.09586882,53.7206859,16852290,1341844995.8200,3.956900
2022-06-17,53.30640501,57.13001388,52.973622,56.32861806,20675026,1700726790.1500,4.854500
2022-06-20,56.32861806,57.13680537,55.37780946,56.01620952,15096339,1247755879.4400,3.544600
2022-06-21,55.8939627,55.95508611,51.8869836,52.7698773,23911428,1871457464.0500,5.614400
2022-06-22,52.973622,54.2640051,52.74271134,53.29282203,15848158,1252491122.3300,3.721100
2022-06-23,54.02630295,54.32512851,51.24858354,53.83614123,16310859,1271972526.9000,3.829800
2022-06-24,54.33192,55.33026903,52.44388578,54.75299238,15193310,1207655461.6700,3.567400
2022-06-27,55.011069,59.45270346,54.36587745,56.26749465,24696407,2076770073.0900,5.798700
2022-06-28,56.2335372,57.3880905,54.8073243,56.62065213,13963243,1151981829.3100,3.278500
2022-06-29,56.0297925,56.35578402,53.8565157,53.86330719,14509189,1171677512.1700,3.406700
2022-06-30,57.727665,61.06228659,56.9126862,59.3576226,41606341,3613855282.9100,9.769100
2022-07-01,59.765112,67.02521481,59.2217928,65.53108701,43644228,4096222050.3700,10.247600
2022-07-04,65.8095381,67.15425312,64.64140182,66.72638925,32138569,3130667087.5300,7.546100
2022-07-05,66.67884882,66.67884882,63.20160594,64.80439758,29539620,2799865321.4200,6.935800
2022-07-06,64.24070391,66.40039773,63.84679749,65.00135079,23791170,2281237337.1000,5.586100
2022-07-07,65.54466999,65.85707853,62.57678886,64.1795805,19634380,1862747040.2100,4.610100
2022-07-08,65.04889122,66.2170275,63.4325166,63.43930809,19790249,1876622872.5100,4.646700
2022-07-11,62.481708,63.5004315,58.37964804,59.4255375,25632610,2260964536.8900,6.018500
2022-07-12,59.44591197,60.6480057,57.02814153,58.36606506,20831018,1792434794.2100,4.891100
2022-07-13,58.00611609,59.14029492,56.41011594,58.59018423,19935448,1695274251.3400,4.680800
2022-07-14,58.20986079,59.4934524,57.3201756,58.406814,20035623,1722688239.0800,4.704300
2022-07-15,58.406814,61.22528235,58.2030693,58.66489062,22066933,1939504565.4200,5.181300
2022-07-18,58.3388991,59.09275449,57.048516,57.53071179,20394377,1732199541.6100,4.788600
2022-07-19,57.92461821,58.10798844,56.03658399,56.59348617,16323182,1370437719.9400,3.832600
2022-07-20,57.2522607,58.91617575,56.43049041,56.8447713,18671535,1580666326.1900,4.384000
2022-07-21,56.5051968,56.5051968,53.89726464,53.9244306,24099597,1951726286.3000,5.658500
2022-07-22,54.33192,54.71224344,52.89891561,53.652771,15055148,1191260178.0400,3.534900
2022-07-25,53.33357097,54.48812427,52.9057071,53.07549435,10773413,849997613.3900,2.529600
2022-07-26,53.1094518,56.49161382,52.973622,54.90919665,22738613,1842413886.0700,5.339000
2022-07-27,54.84128175,55.19443923,53.53731567,54.27079659,13258521,1059526102.3600,3.113100
2022-07-28,54.6035796,55.11294135,53.60523057,53.87689017,13196726,1053208933.6100,3.098600
2022-07-29,53.87689017,54.11459232,52.7698773,52.9057071,12633975,989534385.1200,2.966400
2022-08-01,52.62725601,54.31833702,51.54061761,53.84293272,17977872,1402740045.0700,4.221200
2022-08-02,52.81741773,52.8377922,50.41323027,50.75280477,17472322,1322180215.9500,4.102500
2022-08-03,51.615324,52.54575813,50.22306855,50.42681325,12165648,919505237.1700,2.856500
2022-08-04,51.17387715,52.81741773,50.08044726,51.78511125,16936609,1284287964.8700,3.976700
2022-08-05,51.58815804,53.34715395,51.17387715,53.12303478,17092360,1317378351.4200,4.013200
2022-08-08,53.09586882,54.54924768,52.30805598,53.61881355,18613899,1466507346.2200,4.370500
2022-08-09,53.64597951,55.3506435,53.3131965,54.99748602,17324710,1390446904.2100,4.067800
2022-08-10,54.95673708,55.94829462,53.39469438,53.68672845,15336359,1226792390.7100,3.600900
2022-08-11,53.7206859,53.9923455,52.16543469,53.80218378,14488847,1133953140.3300,3.401900
2022-08-12,53.49656673,55.2827286,53.19774117,53.37431991,11603511,925452933.6800,2.724500
2022-08-15,52.973622,55.5543882,52.89212412,54.69186897,15125768,1218709465.0300,3.551500
2022-08-16,54.92957112,55.3506435,53.84972421,54.3998349,12222947,980184879.4800,2.869900
2022-08-17,54.20967318,54.39304341,52.02960489,53.34715395,17380288,1352259967.2700,4.080900
2022-08-18,52.98041349,53.59164759,52.74271134,52.87174965,8737455,682028000.9200,2.051500
2022-08-19,52.88533263,53.04832839,51.02446437,51.04483884,12785868,975019044.1100,2.990900
2022-08-22,50.94975798,58.14194589,50.48114517,57.97215864,35418991,2884547836.0400,8.285400
2022-08-23,57.727665,58.0672395,55.68342651,56.69535852,24325729,2024942599.5300,5.690400
2022-08-24,56.68177554,58.09440546,53.93801358,54.39304341,19587502,1601058971.6600,4.582000
2022-08-25,54.88882218,55.46609883,51.62211549,53.57127312,18891292,1484028613.0500,4.419100
2022-08-26,53.8565157,57.727665,52.7698773,55.690218,31898725,2627469558.7400,7.461900
2022-08-29,55.4185584,55.56117969,52.98720498,53.80897527,20517633,1627836894.2200,4.799600
2022-08-30,53.9244306,55.68342651,53.0415369,54.33871149,18524045,1479815734.0300,4.333200
2022-08-31,54.33192,55.60872012,51.90056658,52.98041349,21616190,1693497224.3000,5.056600
2022-09-01,52.36917939,52.96003902,50.80713669,50.8682601,13809844,1049474704.2000,3.230500
2022-09-02,51.0040899,52.21297512,49.89028554,50.29098345,13426463,1005448038.5300,3.140800
2022-09-05,50.1211962,50.6645154,49.0345578,49.55750253,10842270,792916865.0600,2.536300
2022-09-06,49.97857491,52.5661326,49.49637912,52.26051555,19216572,1454497329.6200,4.495200
2022-09-07,51.615324,52.53896664,51.18746013,51.8869836,11368093,867028677.3900,2.659300
2022-09-08,52.30126449,52.6340475,51.30970695,51.41837079,9343550,712982587.7400,2.185700
2022-09-09,51.79190274,53.16378372,51.51345165,52.58650707,13729071,1061636567.4200,3.211600
2022-09-13,52.973622,54.02630295,52.51180068,53.41506885,13741004,1079765757.5400,3.214400
2022-09-14,52.28089002,54.1960902,52.05677085,53.21132415,13389705,1047081206.4400,3.132200
2022-09-15,53.652771,54.61716258,50.51510262,51.0040899,17024491,1308914112.9600,3.982500
2022-09-16,50.39964729,50.6645154,47.54043,49.06851525,14795632,1074486430.0500,3.461100
2022-09-19,48.22637049,49.49637912,47.11935762,48.03620877,16256339,1149575142.3700,3.802800
2022-09-20,48.219579,51.08558778,48.219579,49.92424299,17776585,1310985110.2600,4.158400
2022-09-21,49.59145998,50.15515365,48.97343439,49.08888972,10897045,793185242.5600,2.549100
2022-09-22,48.4912386,49.99894938,47.9479194,48.80364714,8799636,634345386.5900,2.058500
2022-09-23,48.81723012,49.02097482,46.55566395,47.9479194,14070462,986357669.9200,3.291400
2022-09-26,47.05144272,48.40974072,47.05144272,47.24839593,8802746,618259624.2500,2.059200
2022-09-27,47.53363851,47.71021725,46.10742561,47.25518742,9463818,652918124.8500,2.213800
2022-09-28,47.49968106,47.49968106,44.823834,44.87137443,10831129,727584920.2500,2.533700
2022-09-29,45.53694045,46.50812352,45.33998724,45.62522982,9682678,654359409.5200,2.265000
2022-09-30,45.37394469,46.07346816,45.00720423,45.00720423,6703375,448607994.2700,1.568100
2022-10-10,44.97324678,45.59127237,43.54024239,43.77115305,8015207,523540913.1700,1.875000
2022-10-11,44.30768076,45.08870211,43.55382537,44.23297437,8440377,552339464.6100,1.974400
2022-10-12,46.182132,46.861281,44.19222543,46.33154478,18776225,1258856767.2000,4.392200
2022-10-13,45.502983,46.44020862,45.29244681,45.33998724,12181823,819686938.4700,2.849600
2022-10-14,46.182132,47.12614911,45.55052343,46.73903418,15567239,1063299378.7300,3.641600
2022-10-17,46.19571498,46.71865971,45.59806386,46.37908521,10802265,733912014.6900,2.526900
2022-10-18,46.85448951,47.34347679,46.1142171,46.5896214,10956885,752110368.1400,2.563100
2022-10-19,46.5896214,47.97508536,46.19571498,46.37908521,10496690,727094156.5400,2.455400
2022-10-20,46.03951071,46.10742561,44.72196165,45.38073618,9470550,632588783.7700,2.215400
2022-10-21,45.38752767,45.86972346,44.58613185,44.83741698,6826094,454171008.7600,1.596800
2022-10-24,45.22453191,46.5217065,44.19901692,44.72875314,10203431,684195013.4600,2.386800
2022-10-25,44.74233612,45.35357022,42.70488912,44.99362125,9160373,595476626.6400,2.142800
2022-10-26,44.87816592,46.15496604,44.76950208,45.45544257,9017283,604076561.8100,2.109400
2022-10-27,45.49619151,46.48095756,45.44865108,45.47581704,8352157,564597598.1700,1.953800
2022-10-28,45.40790214,45.42148512,42.01215714,42.39927207,13853955,885960155.6200,3.240800
2022-10-31,42.12761247,43.03767213,41.80162095,42.00536565,10318912,643780785.8500,2.413900
2022-11-01,42.03253161,44.18543394,41.91028479,43.9409403,14878005,950304392.3200,3.480300
2022-11-02,43.59457431,44.70158718,43.3297062,44.43671907,11460011,742787857.5200,2.680800
2022-11-03,44.0088552,45.83576601,43.71002964,45.27207234,11811801,786565088.2600,2.763100
2022-11-04,45.51656598,48.06337473,44.90533188,47.29593636,20367793,1405308321.5000,4.764500
2022-11-07,47.53363851,48.38936625,47.38422573,47.77813215,15618105,1099742810.1000,3.653500
2022-11-08,47.54722149,48.37578327,46.96315335,47.6762598,9986108,699204453.3500,2.336000
2022-11-09,48.219579,48.37578327,47.11935762,47.1329406,7027761,492584710.5100,1.644000
2022-11-10,46.59641289,47.2687704,45.45544257,45.5708979,9794563,663808132.2900,2.291200
2022-11-11,47.01069378,47.26197891,45.7067277,45.89009793,9082515,619941384.3900,2.124600
2022-11-14,45.85614048,46.02592773,44.05639563,44.42313609,10799916,714189822.2100,2.526400
2022-11-15,44.06318712,45.49619151,43.72361262,45.2313234,8944695,589146764.8300,2.092400
2022-11-16,45.36036171,46.01913624,44.49784248,44.51142546,8447432,558757250.2200,1.976100
2022-11-17,44.60650632,44.73554463,43.28895726,43.70323815,7755122,498235785.4100,1.814100
2022-11-18,43.85944242,43.98848073,42.90863382,42.95617425,7030996,449045609.0300,1.644700
2022-11-21,42.73205508,43.465536,42.16156992,43.22104236,6888490,436296843.2900,1.611400
2022-11-22,43.1259615,43.43157855,42.1751529,42.25665078,7372277,462259789.2700,1.724600
2022-11-23,42.44002101,42.84751041,41.6318337,42.59622528,6822629,425932628.7200,1.596000
2022-11-24,42.67772316,43.6013658,42.43322952,43.10558703,8743362,554972182.4300,2.045300
2022-11-25,43.3297062,43.45195302,42.09365502,42.1751529,6375224,397859932.2500,1.491300
2022-11-28,41.6997486,41.6997486,40.44332295,41.19038685,9812538,590677196.9600,2.295400
2022-11-29,41.18359536,41.68616562,40.74894,41.31263367,9246796,561514848.5700,2.163100
2022-11-30,41.31263367,42.63018273,41.01380811,41.3601741,14581860,894477001.2400,3.411100
2022-12-01,42.00536565,42.20231886,41.34659112,41.35338261,10879326,667311728.7000,2.544900
2022-12-02,41.43488049,41.99857416,41.02739109,41.8355784,7882093,483283450.0000,1.843800
2022-12-05,42.107238,42.55547634,41.53675284,41.94424224,10045718,621173614.8600,2.349900
2022-12-06,41.428089,42.55547634,40.89835278,42.1751529,10990023,677861590.5900,2.570800
2022-12-07,41.85595287,43.06483809,41.69295711,42.3109827,11304451,707675874.2600,2.644400
2022-12-08,42.107238,42.75242955,41.5639188,41.77445499,8493876,525741097.5200,1.986900
2022-12-09,42.0393231,42.70488912,41.5639188,42.53510187,11886712,738797069.5500,2.780600
2022-12-12,42.22948482,42.6505572,41.55712731,41.57071029,9224616,567488322.0900,2.157900
2022-12-13,41.87632734,42.33814866,41.23113579,41.35338261,7267920,446174044.7500,1.700100
2022-12-14,41.14963791,41.55033582,40.4093655,40.60631871,7701125,463194769.6700,1.801500
2022-12-15,40.41615699,41.61825072,40.069791,41.43488049,10045755,603084230.7100,2.350000
2022-12-16,41.00701662,41.21076132,39.74379948,40.14449739,8167198,484729328.6700,1.910500
2022-12-19,40.069791,42.1751529,39.8660463,41.19717834,14031255,858075933.2900,3.282300
2022-12-20,40.78289745,40.9526847,39.64871862,39.98829312,8063505,475264166.1900,1.886300
2022-12-21,39.98829312,40.87797831,39.1868973,39.74379948,7146060,421429582.0400,1.671600
2022-12-22,39.99508461,40.10374845,38.14100784,38.25646317,8698099,497453004.9400,2.034700
2022-12-23,37.8965142,39.0510675,37.72672695,38.71828449,6813407,387873153.4500,1.593800
2022-12-26,38.65036959,39.54005478,38.39908446,39.4585569,6318260,364198442.3800,1.478000
2022-12-27,39.5264718,39.83888034,39.19368879,39.67588458,5981706,348592179.9000,1.399300
2022-12-28,39.2548122,39.5943867,38.61641214,38.95598664,7109352,409746529.4400,1.663100
2022-12-29,39.19368879,39.7302165,38.711493,38.711493,6718757,386787527.4200,1.571700
2022-12-30,39.0510675,39.2548122,37.95084612,37.95084612,8300756,468662331.4500,1.941800
2023-01-03,37.95763761,39.58080372,37.46865033,39.26160369,11145555,636151139.0500,2.607200
2023-01-04,39.0510675,39.51968031,38.25646317,38.56887171,6943835,395604350.8700,1.624300
2023-01-05,38.7794079,39.96791865,38.54170575,39.51288882,11766445,683327398.0500,2.752500
2023-01-06,39.38385051,42.27023376,39.24122922,41.12926344,20336984,1225384331.4000,4.757300
2023-01-09,41.40771453,42.04611459,41.20396983,41.43488049,15998122,979447528.2700,3.742400
2023-01-10,41.30584218,41.74049754,40.47048891,41.00022513,12572277,759409920.3000,2.941000
2023-01-11,41.52316986,41.67258264,40.56556977,40.73535702,11146254,674920735.1200,2.607400
2023-01-12,40.83043788,41.95103373,40.75573149,41.32621665,11990738,731835798.3000,2.804900
2023-01-13,41.5639188,41.96461671,41.03418258,41.25151026,10973674,669371016.3100,2.567000
2023-01-16,41.2922592,42.107238,40.91872725,41.59108476,10684022,655532853.7700,2.499300
2023-01-17,41.6318337,42.18873588,41.34659112,41.62504221,9653337,593068165.5100,2.258200
2023-01-18,41.6318337,42.54868485,41.46883794,42.07328055,14180336,879586839.0400,3.317100
2023-01-19,42.05969757,42.19552737,41.5639188,41.88311883,8046608,494806613.4300,1.882300
2023-01-20,42.0393231,43.45874451,41.75408052,42.75242955,14647765,916667388.4800,3.426500
2023-01-30,44.0088552,44.3484297,43.01050617,43.06483809,19311287,1242546264.9500,4.517400
2023-01-31,42.86788488,43.25499981,42.5147274,43.03767213,8934167,564295625.2900,2.089900
2023-02-01,43.22783385,43.57419984,42.82034445,43.26858279,10294745,654367520.6300,2.408200
2023-02-02,43.36366365,43.37045514,42.6505572,42.67772316,9727704,613228338.6900,2.275600
2023-02-03,42.52151889,42.81355296,41.6318337,42.4468125,10782694,669681816.8900,2.522300
2023-02-06,42.107238,42.29739972,41.6318337,42.05969757,6481686,401010941.1900,1.516200
2023-02-07,42.06648906,42.35852313,41.82199542,42.14119545,5681761,352062544.9900,1.329100
2023-02-08,42.3788976,42.9222168,41.73370605,41.88991032,11056562,690161230.4700,2.586400
2023-02-09,41.6997486,42.15477843,41.33979963,42.12761247,9525255,587391860.5500,2.228200
2023-02-10,42.02574012,42.03253161,41.07493152,41.0885145,10913871,665699415.0200,2.553000
2023-02-13,40.8847698,41.33300814,40.77610596,41.11568046,6196011,374700428.2400,1.449400
2023-02-14,41.10888897,41.33979963,40.76931447,40.96626768,5807094,349780297.4000,1.358400
2023-02-15,40.87797831,41.21076132,40.42294848,40.49086338,6865555,411466401.7300,1.606000
2023-02-16,40.42973997,40.81006341,38.9831526,39.37026753,11026484,649868790.9200,2.579400
2023-02-17,39.37026753,39.71663352,38.9831526,39.03069303,6121920,353884042.3600,1.432100
2023-02-20,38.71828449,39.24122922,37.97122059,39.17331432,9488705,537475642.9300,2.219600
2023-02-21,39.17331432,39.62834415,38.97636111,39.26839518,7585169,438686668.5700,1.774400
2023-02-22,38.96956962,39.16652283,38.62320363,38.82015684,5504129,314758460.5900,1.287600
2023-02-23,39.2548122,39.68267607,38.94240366,39.26160369,7111209,411326442.6600,1.663500
2023-02-24,39.38385051,39.38385051,38.71828449,38.96956962,4705837,270223728.3000,1.100800
2023-02-27,38.8473228,39.5264718,38.82694833,38.9152377,6408140,369171050.6400,1.499000
2023-02-28,38.94240366,39.09860793,38.3719185,39.0510675,6397121,364960930.5200,1.496400
2023-03-01,38.8473228,39.09860793,38.5756632,39.00352707,5062144,289994257.5000,1.184200
2023-03-02,39.0510675,39.15293985,38.20892274,38.22929721,7444833,422068888.8300,1.741500
2023-03-03,38.22929721,38.41266744,37.8285993,37.9644291,5605876,313745809.9600,1.311400
2023-03-06,37.9644291,38.09346741,37.16982477,38.04592698,9449315,524497968.0000,2.210400
2023-03-07,38.01876102,38.16138231,37.29207159,37.32602904,6551378,363260986.5500,1.532500
2023-03-08,37.23094818,37.45506735,36.9457056,37.19699073,4443984,243258942.2300,1.039600
2023-03-09,37.19699073,37.78785036,37.1494503,37.23773967,6207308,341702029.5500,1.452000
2023-03-10,36.8777907,37.10190987,36.04922892,36.12393531,9697825,519700191.3000,2.268600
2023-03-13,35.7232374,36.21901617,35.09842032,35.60778207,8531665,446791828.0500,1.995800
2023-03-14,35.61457356,36.68762898,34.88788413,36.08318637,12104352,635721798.0900,2.831500
2023-03-15,36.1307268,36.80308431,35.90660763,35.92019061,7027172,375898153.1200,1.643800
2023-03-16,35.43120333,35.85227571,35.1799182,35.1799182,5471827,285696117.1900,1.280000
2023-03-17,35.42441184,35.85227571,35.18670969,35.29537353,6012807,313865479.5800,1.406500
2023-03-20,35.30216502,35.45836929,34.5686841,34.72488837,9488919,487175645.2200,2.219700
2023-03-21,34.84713519,36.3344715,34.71809688,36.30051405,14171682,742134721.8800,3.315100
2023-03-22,36.63329706,36.9457056,36.00847998,36.28693107,8882206,477002047.0400,2.077800
2023-03-23,36.03564594,36.3344715,35.77756932,36.15789276,6935077,367873795.3600,1.622300
2023-03-24,36.16468425,36.28013958,35.67569697,35.75719485,7386247,390908291.4700,1.727800
2023-03-27,35.7232374,35.84548422,35.17312671,35.6553225,6577548,344218725.7600,1.538700
2023-03-28,35.87944167,35.87944167,35.01692244,35.22745863,6297078,326956403.0500,1.473000
2023-03-29,35.09842032,35.56024164,34.52114367,34.61622453,11019226,566250477.3000,2.658500
2023-03-30,34.5686841,34.85392668,33.79445424,34.8403437,11219948,565865328.5300,2.706900
2023-03-31,34.8403437,35.20029267,34.71809688,34.76563731,7440932,382146120.2300,1.795200
2023-04-03,34.76563731,35.6553225,34.45322877,35.30216502,12849629,664115291.2300,3.100100
2023-04-04,35.03050542,35.16633522,33.87595212,33.99140745,11928584,604134833.9600,2.877800
2023-04-06,33.95065851,34.48718622,33.65183295,34.33098195,9516634,476087115.7300,2.295900
2023-04-07,34.2970245,34.96938201,34.15440321,34.37852238,8417521,428394767.7000,2.030800
2023-04-10,34.37852238,34.90146711,33.99819894,34.82676072,9184240,467464428.0100,2.215800
2023-04-11,34.7045139,34.96259052,34.0253649,34.75884582,10446317,530572167.0100,2.520200
2023-04-12,34.8403437,34.8403437,33.82841169,33.84878616,11765211,590942413.5800,2.838400
2023-04-13,33.69258189,33.69258189,32.9387265,32.96589246,8829504,431666579.6200,2.130200
2023-04-14,33.17642865,37.52977374,33.12888822,36.21901617,36645630,1929329823.3200,8.841000
2023-04-17,36.21901617,36.91174815,35.8590672,36.4023864,18706501,999481948.9200,4.513100
2023-04-18,36.14430978,37.54335672,36.06960339,36.4023864,18872346,1024381294.3500,4.553100
2023-04-19,36.25297362,36.84383325,35.67569697,36.45671832,14363045,768155490.1100,3.465200
2023-04-20,36.06960339,36.23939064,35.12558628,35.32253949,13376683,697333768.3000,3.227200
2023-04-21,35.32253949,35.8590672,34.14082023,34.23590109,12362275,637094473.4700,2.982500
2023-04-24,34.01857341,35.24104161,33.278301,34.72488837,11435780,579568659.1300,2.759000
2023-04-25,34.12044576,34.28344152,31.06427526,31.15935612,21368809,1003062385.1100,5.153600
2023-04-26,30.84694758,34.29023301,30.40550073,33.22396908,17592221,845739956.7200,4.242800
2023-04-27,33.04739034,33.42771378,32.49048816,32.51086263,8238671,397906327.8600,1.987000
2023-04-28,32.51086263,33.278301,32.28674346,33.0066414,8505872,409466821.6400,2.051400
2023-05-04,32.86402011,33.58391805,32.72139882,33.06097332,8228850,402427719.6200,1.984600
2023-05-05,33.2819313,33.2819313,31.31171462,31.6707728,12429147,431389481.5200,2.305800
2023-05-08,31.762839,32.19555014,31.0263094,31.43140068,10297677,351079551.2900,1.910400
2023-05-09,31.4866404,31.4866404,30.1056474,30.21612684,13206515,439348815.8800,2.450100
2023-05-10,29.99516796,31.5326735,29.93992824,30.90662334,12256704,409625197.0300,2.273800
2023-05-11,30.842177,31.44981392,30.5659784,31.09996236,9633905,325314171.3900,1.787300
2023-05-12,31.1183756,31.92855816,30.3358129,30.3358129,9386399,313266748.1800,1.741400
2023-05-15,30.59359826,33.91718808,30.54756516,33.85274174,34479503,1227549026.8500,6.396600
2023-05-16,33.70543582,33.9724278,33.3279644,33.65940272,18762681,685220571.3900,3.480800
2023-05-17,33.65940272,33.90798146,32.74794734,33.03335256,11922108,427869655.2200,2.211800
2023-05-18,32.9596996,34.05528738,32.25078986,33.98163442,27731575,999473201.6700,5.144700
2023-05-19,33.62257624,34.13814696,33.2358982,33.30034454,15893460,580713231.9700,2.921400
2023-05-22,33.2358982,33.4200306,32.95049298,33.36479088,8232490,296944785.3400,1.513200
2023-05-23,33.2358982,33.98163442,32.73874072,32.81239368,11434679,413729682.6300,2.101800
2023-05-24,32.96890622,33.40161736,32.7295341,33.06097242,10232370,368047591.9900,1.880800
2023-05-25,32.67429438,32.8676334,32.02062436,32.49016198,9842907,346544552.8800,1.809200
2023-05-26,32.25999648,32.34285606,31.09996236,31.60632646,13302377,455931162.3000,2.445100
2023-05-29,31.50505364,31.79045886,30.95265644,31.28409476,8573519,290960960.1900,1.575900
2023-05-30,31.0263094,31.47743378,30.73169756,31.14599546,7369642,248793936.9000,1.354600
2023-05-31,31.03551602,31.1644087,30.52915192,30.80535052,8483331,283474590.4700,1.559300
2023-06-01,30.83297038,32.27840972,30.5199453,31.37616096,14326744,492528543.8200,2.633400
2023-06-02,31.3945742,34.81023022,31.3945742,34.10132048,36226403,1325837799.9900,6.658700
2023-06-05,33.80670864,34.31307274,33.26351806,33.9263947,17677054,649148271.6300,3.249200
2023-06-06,33.81591526,34.1565602,33.0517658,33.143832,12419366,451980339.2100,2.282800
2023-06-07,33.34637764,33.80670864,31.6247397,31.8549052,18626151,654424071.9300,3.423700
2023-06-08,31.9930045,34.2486264,31.97459126,32.9596996,27110820,980071297.9000,4.983200
2023-06-09,32.8676334,36.05312392,32.8676334,34.94832952,44712386,1693728964.6400,8.218500
2023-06-12,34.64451106,34.92991628,34.064494,34.18418006,18733277,700986950.4000,3.443300
2023-06-13,34.37751908,34.69054416,33.90798146,34.42355218,13997137,522157810.8800,2.572800
2023-06-14,34.50641176,34.77340374,33.64098948,33.67781596,15227876,560565849.3300,2.799000
2023-06-15,33.65940272,34.524825,33.1898651,34.35910584,29525879,1087446029.3100,5.427100
2023-06-16,34.34989922,34.34989922,33.72384906,33.86194836,18258749,673114255.0600,3.356100
2023-06-19,33.68702258,33.7882954,33.18065848,33.31875778,14545105,527273988.5000,2.673500
2023-06-20,33.45685708,33.604163,32.9136665,32.96890622,14021531,505279647.6700,2.577300
2023-06-21,32.683501,33.26351806,31.88252506,31.88252506,14162376,498909726.2300,2.604600
2023-06-26,31.52346688,32.0850707,31.32092124,31.33933448,9832814,337322057.6300,1.808400
2023-06-27,31.12758222,31.68918604,30.54756516,31.4406073,20985454,708538888.0200,3.430600
2023-06-28,31.28409476,31.74442576,30.77773066,31.60632646,11908634,404901529.2000,1.946700
2023-06-29,31.3945742,31.5326735,31.1183756,31.15520208,9526811,323844821.3500,1.557400
2023-06-30,31.302508,33.58574976,31.2564749,32.9596996,29980394,1066881904.8000,5.513800
2023-07-03,32.8676334,33.604163,32.5914348,32.67429438,19697929,707315098.7900,3.220100
2023-07-04,32.94128636,33.04255918,32.32444282,32.61905466,11930312,423058699.6900,1.950300
2023-07-05,32.8216003,33.33717102,32.52698846,32.85842678,17573066,628037225.0000,2.872700
2023-07-06,32.5914348,32.5914348,31.77204562,31.82728534,13591967,472558490.3600,2.221900
2023-07-07,31.6707728,31.87331844,31.3485411,31.5787066,7956087,272882691.6900,1.300600
2023-07-10,31.58791322,32.93207974,31.58791322,32.2692031,13537635,476671428.0500,2.213000
2023-07-11,32.3612693,32.5454017,31.83649196,32.15872366,8395986,292788516.1700,1.372500
2023-07-12,32.21396338,32.4993686,31.83649196,31.91935154,8671998,302763970.9300,1.417600
2023-07-13,31.9930045,32.58222818,31.95617802,32.19555014,8978486,313973318.3200,1.467700
2023-07-14,32.37968254,32.53619508,31.87331844,32.43492226,14003766,489945020.9200,2.289200
2023-07-17,32.0390376,32.0390376,31.38536758,31.40378082,10017679,343922963.0000,1.637600
2023-07-18,31.41298744,31.50505364,30.6120115,30.7501108,12369894,414407142.2400,2.022100
2023-07-19,30.78693728,31.13678884,30.57518502,30.86979686,7030618,235225826.8000,1.149300
2023-07-20,30.842177,31.66156618,30.842177,31.15520208,12863588,438102056.7800,2.102800
2023-07-21,30.80535052,30.82376376,29.77420908,30.03199444,14280152,468085768.2200,2.334400
2023-07-24,29.8294488,29.8294488,28.8167206,28.93640666,14976852,473555999.4800,2.448300
2023-07-25,29.461184,29.77420908,29.16657216,29.48880386,12555231,401207931.7400,2.052400
2023-07-26,29.56245682,29.72817598,29.15736554,29.16657216,7529221,240561576.2200,1.230800
2023-07-27,29.07450596,29.42435752,28.87196032,28.9087868,7750924,244790934.7700,1.267100
2023-07-28,28.7246544,29.24022512,28.4944889,29.10212582,7575264,237951001.4600,1.238400
2023-07-31,29.16657216,30.0135812,29.16657216,29.5992833,12078441,389747766.2000,1.974500
2023-08-01,29.42435752,29.71896936,29.29546484,29.5532502,6689911,214279754.9900,1.093600
2023-08-02,29.5532502,29.6453164,29.34149794,29.38753104,4898177,156841574.0700,0.800700
2023-08-03,29.3230847,29.62690316,29.1389523,29.35991118,6717141,214666285.2200,1.098100
2023-08-04,29.461184,29.8754819,29.30467146,29.53483696,8270839,265685877.2600,1.352100
2023-08-07,29.461184,29.5532502,29.0468861,29.21260526,7274843,230845401.3300,1.189200
2023-08-08,29.3230847,29.3691178,28.6325882,28.8167206,7848501,246285677.3200,1.283000
2023-08-09,28.70624116,28.99164638,28.54972862,28.70624116,5073442,158661166.3900,0.829400
2023-08-10,28.88116694,29.31387808,28.73386102,28.85354708,4666832,146784740.1500,0.762900
2023-08-11,28.78910074,28.89037356,27.96971156,27.96971156,8526471,263049037.5700,1.393800
2023-08-14,27.61986,27.9881248,27.3436614,27.85923212,7702552,231197350.0600,1.259200
2023-08-15,27.7579593,27.97891818,27.1134959,27.3436614,7311738,217450959.7800,1.195300
2023-08-16,27.32524816,27.7119262,27.08587604,27.159529,5704296,169537905.1600,0.932500
2023-08-17,26.9753966,27.23318196,26.7452311,26.94777674,6480980,189890955.1200,1.059500
2023-08-18,27.0214297,27.15032238,26.15600742,26.16521404,9472995,273217541.5300,1.548600
2023-08-21,26.06394122,26.3769663,25.75091614,25.75091614,7702154,217736164.6500,1.259100
2023-08-22,25.778536,26.1007677,25.05121302,25.57599036,10483045,290144399.4400,1.713700
2023-08-23,25.57599036,25.60361022,24.79342766,24.79342766,7349199,200398397.5200,1.201400
2023-08-24,24.87628724,25.46551092,24.72898132,25.06041964,8997145,245674619.4900,1.470800
2023-08-25,24.87628724,25.2261388,24.59088202,24.63691512,7502870,202591297.9000,1.226500
2023-08-28,26.04552798,26.58871856,24.60008864,24.63691512,13932233,383750958.6600,2.277500
2023-08-29,24.49881582,25.37344472,24.31468342,25.24455204,10557142,287512477.6600,1.725800
2023-08-30,25.24455204,25.5944036,25.02359316,25.14327922,9207482,252952991.1500,1.505200
2023-08-31,25.1801057,25.1801057,24.72898132,24.857874,7344702,198414149.9900,1.350800
2023-09-01,24.97756006,25.11565936,24.6277085,24.69215484,6141927,165318456.0800,1.129600
2023-09-04,24.82104752,25.9166353,24.5816754,25.51154402,16276634,448490561.4100,2.993500
2023-09-05,25.25375866,25.76012276,25.14327922,25.3642381,9677259,266581047.5700,1.779800
2023-09-06,25.2261388,25.37344472,24.9039071,25.29058514,7612801,207742112.7700,1.400100
2023-09-07,25.29979176,25.318205,24.38833638,24.4435761,10200066,273536910.4200,1.875900
2023-09-08,24.397543,24.50802244,23.87276566,23.8911789,8085170,211643896.9200,1.487000
2023-09-11,23.78990608,24.71056808,23.67022002,24.397543,9815814,258415039.8600,1.805300
2023-09-12,24.42516286,25.65884994,24.37912976,24.83025414,16310735,444141020.6200,2.999800
2023-09-13,24.4896092,24.857874,24.03848482,24.19499736,10341558,273964697.2900,1.901900
2023-09-14,24.11213778,24.24103046,23.80831932,23.91879876,6176660,160618759.0600,1.136000
2023-09-15,23.99245172,24.27785694,23.73466636,23.90959214,7621640,198137449.8000,1.401700
2023-09-18,23.81752594,24.92232034,23.58736044,24.38833638,15027685,398263654.8000,2.763800
2023-09-19,24.31468342,24.4435761,23.8451458,24.00165834,7800386,203755701.0100,1.434600
2023-09-20,23.91879876,24.08451792,23.69783988,23.7070465,6786363,175709693.1700,1.248100
2023-09-21,23.68863326,23.81752594,23.4308479,23.5689472,6627695,169960536.1700,1.218900
2023-09-22,23.55053396,24.0292782,23.3848148,23.96483186,8372471,216227605.7200,1.539800
2023-09-25,23.86355904,23.90959214,23.4308479,23.5689472,8513903,218179398.5600,1.565800
2023-09-26,23.46767438,23.6149803,23.01655,23.03496324,10446726,263706370.6000,1.921300
2023-09-27,23.01655,24.31468342,22.8784507,23.57815382,20126421,518649524.7200,3.701500
2023-09-28,23.6610134,24.25023708,23.4308479,23.6610134,12458980,321587588.1200,2.291400
2023-10-09,23.5689472,23.64260016,23.18226916,23.3848148,9256662,235203979.8600,1.702400
2023-10-10,23.54132734,24.54484892,23.48608762,23.937212,16980798,443398418.6800,3.123000
2023-10-11,23.937212,24.11213778,23.62418692,23.73466636,11860434,307465721.1200,2.181300
2023-10-12,23.8911789,25.76012276,23.8911789,25.47471754,38042620,1032983164.9600,6.996500
2023-10-13,25.1801057,25.42868444,24.7658078,24.92232034,17197937,467476518.4800,3.162900
2023-10-16,24.92232034,24.96835344,23.86355904,24.05689806,17327807,456560126.8700,3.186800
2023-10-17,24.00165834,24.6277085,23.97403848,24.14896426,16647018,438830773.3700,3.061600
2023-10-18,23.99245172,24.1213444,23.22830226,23.30195522,12395766,317100345.1600,2.279700
2023-10-19,23.08099634,23.88197228,23.02575662,23.12702944,10931220,277455297.7100,2.010400
2023-10-20,23.02575662,24.65532836,22.9244838,24.06610468,24012716,624506173.2100,4.416200
2023-10-23,23.82673256,23.99245172,23.02575662,23.1086162,15236627,386129613.8600,2.802200
2023-10-24,23.27433536,24.857874,23.27433536,24.22261722,26605983,701768953.4500,4.893200
2023-10-25,24.19499736,24.42516286,23.91879876,23.96483186,17189325,450275065.7300,3.161300
2023-10-26,23.7530796,24.02007158,23.17306254,23.8451458,17187590,437713035.2000,3.161000
2023-10-27,23.55053396,25.72329628,23.40322804,25.2721719,43029880,1164519019.1900,7.913700
2023-10-30,25.14327922,25.6404367,25.03279978,25.4102712,22965407,631617772.3800,4.223600
2023-10-31,25.18931232,25.49313078,24.9039071,25.03279978,15419828,420835710.4700,2.835900
2023-11-01,25.05121302,25.14327922,24.64612174,24.77501442,12560553,338445276.6200,2.310000
2023-11-02,24.83946076,24.89470048,24.18579074,24.18579074,14463132,383095488.2500,2.660000
2023-11-03,24.29627018,24.52643568,24.22261722,24.36071652,11984752,317503476.9000,2.204100
2023-11-06,24.56326216,25.18931232,24.56326216,25.06041964,19990709,541179767.9300,3.676500
2023-11-07,24.9499402,25.03279978,24.60008864,24.9499402,12714008,343289543.1400,2.338300
2023-11-08,24.83946076,25.318205,24.68294822,24.91311372,15114500,410063893.1700,2.779800
2023-11-09,24.9039071,25.43789106,24.78422104,25.1340726,17242811,471879307.9800,3.171200
2023-11-10,25.02359316,25.28137852,24.65532836,24.80263428,14295517,386731220.9800,2.104800
2023-11-13,25.03279978,25.2261388,24.83025414,24.9039071,12604821,342588408.3800,1.855900
2023-11-14,24.92232034,25.01438654,24.47119596,24.57246878,14814952,396330435.6700,2.181300
2023-11-15,24.94073358,26.3309332,24.94073358,25.95346178,43946599,1237094757.5300,6.470400
2023-11-16,25.6864698,25.89822206,25.14327922,25.1801057,25634818,707489853.9700,3.774300
2023-11-17,25.03279978,25.30899838,24.97756006,25.18931232,12181207,332694903.6200,1.793500
2023-11-20,25.2721719,25.35503148,24.9959733,25.17089908,10943908,298959122.6800,1.611300
2023-11-21,25.29058514,25.3642381,24.88549386,24.94073358,12616518,344230100.6000,1.857600
2023-11-22,24.75660118,24.75660118,24.0753113,24.10293116,15678727,415460772.1600,2.308400
2023-11-23,24.08451792,24.2594437,23.8451458,24.2594437,8195037,214182664.4800,1.206600
2023-11-24,24.2134106,24.22261722,23.87276566,23.91879876,7664664,199744658.6700,1.128500
2023-11-27,23.7530796,23.83593918,23.2927486,23.30195522,10179517,259808246.7200,1.498800
2023-11-28,23.16385592,23.44926114,23.12702944,23.34798832,9145632,231321814.4100,1.346500
2023-11-29,23.27433536,23.4308479,22.96131028,23.01655,8652363,217224913.4500,1.273900
2023-11-30,22.9244838,23.0625831,22.12350786,22.1879542,14928979,364427086.0900,2.198000
2023-12-01,22.1419211,22.43653294,21.70920996,22.26160716,12619512,301950725.8800,1.858000
2023-12-04,22.03144166,23.34798832,22.03144166,22.84162422,16779930,416603016.0200,2.470600
2023-12-05,22.6022521,23.63339354,22.556219,22.80479774,17621226,444330931.8600,2.594400
2023-12-06,22.57463224,24.74739456,22.56542562,24.13055102,38761443,1017214243.4400,5.707000
2023-12-07,23.937212,24.00165834,23.36640156,23.68863326,19876943,510377454.1200,2.926600
2023-12-08,23.95562524,24.15817088,23.476881,23.57815382,14850838,381906217.1800,2.186500
2023-12-11,23.3848148,23.42164128,22.49177266,23.22830226,17465710,433794467.7000,2.571500
2023-12-12,23.18226916,23.36640156,22.94289704,22.98893014,7225749,181086761.7100,1.063900
2023-12-13,22.9244838,23.01655,22.40891308,22.49177266,8945518,219469771.4700,1.317100
2023-12-14,22.94289704,23.09020296,22.47335942,22.53780576,8990880,222132275.6000,1.323800
2023-12-15,22.6482852,23.20988902,22.3720866,22.58383886,13607383,337485678.2200,2.003500
2023-12-18,22.2800204,22.77717788,22.0498549,22.10509462,8906255,215497327.3300,1.311300
2023-12-19,22.07747476,22.20636744,21.74603644,21.9117556,7792888,185773335.1400,1.147400
2023-12-20,21.93016884,22.16954096,21.90254898,21.92096222,6377552,152543088.0000,0.939000
2023-12-21,21.635557,22.4181197,21.635557,22.26160716,9276689,223160108.9800,1.365800
2023-12-22,22.16954096,23.14544268,21.82889602,22.556219,16258971,398059571.2500,2.393900
2023-12-25,22.52859914,22.71273154,22.24319392,22.48256604,8024242,195467001.6000,1.181400
2023-12-26,22.5101859,22.67590506,22.26160716,22.27081378,6400032,155845713.2600,0.942300
2023-12-27,22.21557406,22.2800204,21.69079672,21.89334236,8156030,193987856.0000,1.200800
2023-12-28,21.7736563,23.476881,21.75524306,23.32036846,28193217,704177568.5100,4.151000
2023-12-29,23.1086162,23.69783988,23.02575662,23.3387817,15254734,388197493.8500,2.246000
2024-01-02,23.2927486,23.3848148,23.07178972,23.1086162,8735801,219644853.9200,1.286200
2024-01-03,23.04416986,23.35719494,22.99813676,23.2006824,7515810,188898331.1000,1.106600
2024-01-04,23.1086162,23.14544268,22.58383886,22.67590506,8212762,203021008.2600,1.209200
2024-01-05,22.62987196,23.37560818,22.44573956,22.54701238,11799003,294310418.0300,1.737200
2024-01-08,22.39049984,22.85083084,22.02223504,22.02223504,9884029,239821495.6200,1.455300
2024-01-09,22.095888,22.51939252,21.61714376,22.095888,9729627,233090227.1200,1.432500
2024-01-10,22.0038218,22.61145872,21.73682982,22.13271448,11379103,275181886.1100,1.675400
2024-01-11,22.095888,23.81752594,21.98540856,23.476881,26265959,658876372.1500,3.867200
2024-01-12,23.26512874,23.74387298,23.2006824,23.23750888,16625333,422901861.2600,2.447800
2024-01-15,23.21909564,23.39402142,22.71273154,22.7863845,10931177,271947925.6200,1.609400
2024-01-16,22.81400436,23.2006824,22.6022521,22.98893014,11446238,284430131.2600,1.685300
2024-01-17,22.85083084,22.96131028,22.095888,22.095888,9856458,240929446.7700,1.451200
2024-01-18,21.9577887,22.6943183,21.89334236,22.68511168,14273094,345953437.0300,2.101500
2024-01-19,22.65749182,23.7070465,22.47335942,22.62066534,16204926,406257235.7500,2.385900
2024-01-22,22.39049984,22.61145872,21.18443262,21.25808558,19179088,453639691.7300,2.823800
2024-01-23,21.175226,21.62635038,20.37425006,21.23046572,12071450,277699491.1200,1.777300
2024-01-24,21.27649882,21.4514246,20.14408456,20.88061416,14771486,332108518.3100,2.174900
2024-01-25,20.8069612,21.3133253,20.51234936,21.19363924,11399822,260078617.7700,1.678400
2024-01-26,21.11998628,21.53428418,20.9910936,21.00950684,9550458,220065864.3900,1.406100
2024-01-29,21.09236642,21.20284586,20.07963822,20.07963822,11467989,254385386.5400,1.688500
2024-01-30,19.85867934,20.22694414,19.44438144,19.44438144,7925230,170757990.3100,1.166900
2024-01-31,19.11294312,19.67454694,18.11862816,18.11862816,14346153,292432726.8400,2.112200
2024-02-01,18.05418182,18.29355394,17.48337138,17.52019786,13818140,267436136.5100,2.034500
2024-02-02,17.61226406,17.88846266,16.05634528,16.74684178,18187254,335705265.6300,2.677800
2024-02-05,16.58112262,16.88494108,14.83186482,15.56839442,20685434,356174631.4100,3.045600
2024-02-06,15.41188188,17.7227435,15.39346864,17.60305744,23857584,435206373.3800,3.512600
2024-02-07,17.51099124,19.38914172,17.42813166,19.22342256,28282756,581956865.0200,4.164200
2024-02-08,19.36152186,20.84378768,19.0577034,19.43517482,26324902,574078440.6700,3.875900
2024-02-19,20.04281174,20.0704316,18.90119086,19.2418358,16791616,351800383.8900,2.472300
2024-02-20,19.12214974,19.48120792,18.72626508,19.34310862,11877692,246250083.9700,1.748800
2024-02-21,19.07611664,20.19011766,18.97484382,19.50882778,15884296,339421917.0800,2.338700
2024-02-22,19.333902,19.72058004,19.23262918,19.59168736,10157279,215044041.4100,1.495500
2024-02-23,19.57327412,19.8862992,19.3799351,19.87709258,12938567,276556823.5900,1.905000
2024-02-26,19.8402661,20.21773752,19.66534032,19.8402661,13620561,295220483.0500,2.005400
2024-02-27,19.67454694,20.61362218,19.66534032,20.50314274,14930371,328349566.4900,2.198200
2024-02-28,20.75172148,21.99461518,20.27297724,20.27297724,30025439,694682169.1000,4.420700
2024-02-29,20.12567132,21.27649882,20.09805146,21.06474656,22909891,518673679.0500,3.373100
2024-03-01,21.0831598,21.34094516,20.7609281,20.8990274,17605455,400535335.2300,2.592100
2024-03-04,20.8990274,21.3593584,20.4847295,20.63203542,15158346,342460820.7000,2.231800
2024-03-05,20.3466302,20.5307626,20.04281174,20.22694414,12426280,272956702.6500,1.829600
2024-03-06,19.90471244,20.65044866,19.82185286,20.254564,10541987,231094536.1800,1.552100
2024-03-07,20.23615076,20.51234936,19.80343962,19.82185286,9809140,214677773.9000,1.444200
2024-03-08,19.81264624,20.07963822,19.6101006,19.87709258,7479774,160986697.0800,1.101300
2024-03-11,20.09805146,21.1291929,20.05201836,20.8990274,24005593,539231499.2900,3.534400
2024-03-12,20.9910936,21.16601938,20.65044866,20.86220092,15164121,343067070.6300,2.232700
2024-03-13,20.81616782,20.9450605,20.44790302,20.5307626,13171018,294842722.2900,1.939200
2024-03-14,20.52155598,20.88982078,20.19932428,20.38345668,10950913,244440486.1700,1.612300
2024-03-15,20.26377062,20.67806852,20.01519188,20.5767957,11335782,250124378.5200,1.669000
2024-03-18,20.69648176,20.9450605,20.45710964,20.6688619,12902727,288991551.5000,1.899700
2024-03-19,20.54917584,20.88061416,20.45710964,20.47552288,9935045,222546632.6800,1.462800
2024-03-20,20.42028316,20.64124204,20.2085309,20.4386964,7951600,176122255.3500,1.170700
2024-03-21,20.45710964,20.5307626,20.00598526,20.08884484,8890367,195204854.7000,1.309000
2024-03-22,20.0704316,20.18091104,19.16818284,19.2418358,13800294,292017388.8700,2.031900
2024-03-25,19.14056298,19.14056298,18.4592731,18.46847972,12042525,245724953.2900,1.773100
2024-03-26,18.5973724,18.99325706,18.24752084,18.71705846,13054377,264091729.8100,1.922000
2024-03-27,18.65261212,18.72626508,17.9989421,18.00814872,8969109,178647887.1900,1.320600
2024-03-28,18.00814872,18.47768634,18.00814872,18.1370414,8132700,161126967.6100,1.197400
2024-03-29,18.12783478,18.5513393,18.07259506,18.25672746,6341580,125968801.0000,0.933700
2024-04-01,18.34879366,19.26945566,18.34879366,19.1037365,13805430,285004395.5300,2.032600
2024-04-02,19.12214974,19.57327412,18.89198424,19.41676158,15867979,332123555.5800,2.336300
2024-04-03,19.34310862,19.86788596,19.25104242,19.4720013,16394020,348158737.4400,2.413700
2024-04-08,19.2878689,19.64692708,18.67102536,18.7354717,14257593,296376614.2800,2.099200
2024-04-09,18.71705846,19.67454694,18.65261212,19.66534032,16499744,347491639.9800,2.429300
2024-04-10,19.794233,19.85867934,19.02087692,19.20500932,11432467,239602183.7000,1.683200
2024-04-11,18.97484382,19.15897622,18.58816578,18.81833128,9232570,189324790.6600,1.359300
2024-04-12,18.8275379,18.93801734,18.3211738,18.3211738,8850934,177893148.7400,1.303200
2024-04-15,18.3211738,18.84595114,17.87004942,18.21069436,10417472,206724056.7800,1.533800
2024-04-16,18.10021492,18.2291076,17.15193306,17.17955292,12937367,246202308.1600,1.904800
2024-04-17,17.36368532,17.89766928,17.36368532,17.87004942,10252951,197373448.5000,1.509600
2024-04-18,17.89766928,18.58816578,17.41892504,18.10021492,15346514,303008359.3100,2.259500
2024-04-19,17.93449576,17.98973548,17.55702434,17.60305744,9873106,189616365.5200,1.453700
2024-04-22,17.59385082,17.87004942,17.2624125,17.36368532,7532905,143302307.3000,1.109100
2024-04-23,17.4005118,17.5386111,17.02304038,17.15193306,8152872,152248973.8800,1.200400
2024-04-24,17.6306773,18.21069436,17.60305744,18.07259506,16510059,321305028.8600,2.430800
2024-04-25,18.07259506,18.4592731,17.91608252,18.10021492,12592782,249222414.8400,1.854100
2024-04-26,17.98052886,18.45006648,17.952909,18.40403338,11931960,236847221.9000,1.756800
2024-04-29,18.34879366,19.3799351,18.33958704,19.2878689,17286449,358463439.1700,2.545100
2024-04-30,19.34310862,19.86788596,19.29707552,19.5180344,18120275,386336428.2200,2.667900
2024-05-06,19.81264624,20.05201836,19.66534032,19.9323323,13182141,284915090.0000,1.940900
2024-05-07,19.9783654,20.03360512,19.77581976,19.92312568,9655700,208765112.9400,1.421600
2024-05-08,19.89550582,19.95995216,19.39834834,19.4720013,10137288,216005122.1800,1.492500
2024-05-09,19.68375356,20.4386964,19.68375356,20.15329118,18304508,401170765.3200,2.695000
2024-05-10,20.06122498,20.12567132,19.72978666,19.80343962,9933935,214286093.7700,1.462600
2024-05-13,19.58248074,19.75740652,19.21421594,19.61930722,9130790,193945070.9000,1.344400
2024-05-14,19.66534032,19.90471244,19.61930722,19.62851384,8410112,180296284.4200,1.238200
2024-05-15,19.61930722,19.77581976,19.34310862,19.34310862,6782150,143217881.9000,0.998600
2024-05-16,19.50882778,19.5640675,19.07611664,19.13135636,8209355,172076115.4000,1.208700
2024-05-17,19.17738946,19.54565426,19.0116703,19.54565426,7938255,166422911.1500,1.168800
2024-05-20,19.4720013,19.78502638,19.31548876,19.60089398,10015073,212926423.5400,1.474600
2024-05-21,19.52724102,19.52724102,19.31548876,19.3799351,5929722,124897697.2600,0.873100
2024-05-22,19.4259682,19.84947272,19.36152186,19.77581976,10266160,219031112.3000,1.511500
2024-05-23,19.68375356,19.69296018,18.99325706,19.02087692,10968011,228996986.0000,1.614900
2024-05-24,19.02087692,19.2418358,18.97484382,18.97484382,6555200,136041591.2000,0.965100
2024-05-27,19.1497696,19.25104242,18.67102536,19.11294312,6420876,131714615.8100,0.945400
2024-05-28,18.9196041,19.25104242,18.85515776,18.92881072,5359735,110798528.3000,0.789100
2024-05-29,18.88277762,19.48120792,18.88277762,19.17738946,9126936,190956160.1000,1.343800
2024-05-30,19.1958027,19.3799351,18.9656372,19.15897622,9842300,204490353.6900,1.449100
2024-05-31,18.93663432,19.091298,18.67563936,18.67563936,15350981,299176291.1000,2.260200
2024-06-03,18.76263768,18.91730136,18.42431088,18.73363824,8620896,166665144.4800,1.269300
2024-06-04,18.68530584,19.17829632,18.50164272,19.11063096,9105009,178577455.9800,1.340600
2024-06-05,18.98496672,19.60362144,18.95596728,19.16862984,10429399,208736943.5300,1.535600
2024-06-06,19.1879628,19.6229544,18.54030864,18.64663992,11588273,227896376.1400,1.706200
2024-06-07,18.7046388,18.83996952,18.19231536,18.35664552,9815928,186950945.1000,1.445200
2024-06-11,18.19231536,18.50164272,18.0763176,18.366312,5803831,110119633.4500,0.854500
2024-06-12,18.29864664,18.607974,18.1729824,18.50164272,5731715,109574926.6500,0.843900
2024-06-13,18.50164272,18.6563064,18.27931368,18.32764608,6186791,117920989.5100,0.910900
2024-06-14,18.32764608,18.59830752,17.9313204,18.44364384,10051820,189671205.0100,1.480000
2024-06-17,18.32764608,18.67563936,18.1729824,18.45331032,8843091,169073839.0400,1.302000
2024-06-18,18.5113092,18.67563936,18.25998072,18.33731256,8113409,154922297.1100,1.194600
2024-06-19,18.33731256,18.48230976,17.96031984,17.96998632,6840953,128627316.9000,1.007200
2024-06-20,18.0279852,18.0279852,17.47699584,17.47699584,6762639,123907916.2600,0.995400
2024-06-21,17.4963288,17.62199304,17.18700144,17.21600088,6614433,118567735.7400,0.966500
2024-06-24,17.1096696,17.1096696,16.44268248,16.7230104,9135680,158224630.5900,1.334800
2024-06-25,16.73267688,16.8196752,16.40401656,16.52001432,6295256,108038258.4400,0.919800
2024-06-26,16.44268248,17.4963288,16.3363512,17.47699584,11840375,208662908.3000,1.730000
2024-06-27,17.37066456,17.38033104,17.0130048,17.0130048,7004741,124420773.7100,1.023500
2024-06-28,17.00333832,17.18700144,16.58767968,16.60701264,8154639,142387185.2600,1.191500
2024-07-01,16.5780132,16.83900816,16.46201544,16.78100928,6266721,108021180.8700,0.915600
2024-07-02,16.82934168,16.89700704,16.46201544,16.56834672,7385360,127456674.9000,1.079100
2024-07-03,16.6263456,16.88734056,16.49101488,16.63601208,5933270,102441137.1000,0.866900
2024-07-04,16.63601208,16.73267688,16.1430216,16.20102048,6785340,114794488.1000,0.991400
2024-07-05,16.1430216,16.35568416,15.97869144,16.26868584,4612570,77394455.0000,0.674000
2024-07-08,16.2396864,16.2396864,15.6596976,15.70803,6342940,104107107.1000,0.926800
2024-07-09,15.6596976,15.94002552,15.45670152,15.83369424,7443599,121145719.0100,1.087600
2024-07-10,15.81436128,16.61667912,15.7563624,16.05602328,11877333,200395765.9000,1.735400
2024-07-11,16.3846836,17.158002,16.3846836,16.8680076,16500601,287269180.3000,2.410900
2024-07-12,16.81000872,16.91634,16.65534504,16.73267688,9086470,157484729.0000,1.327600
2024-07-15,16.63601208,16.674678,16.32668472,16.36535064,6202394,105532419.1600,0.906200
2024-07-16,16.31701824,16.55868024,16.2396864,16.40401656,5298807,89896768.7600,0.774200
2024-07-17,16.46201544,16.55868024,16.24935288,16.3363512,5657820,95977445.1700,0.826700
2024-07-18,16.2396864,16.40401656,16.02702384,16.30735176,6379205,107075797.4500,0.932100
2024-07-19,16.2396864,16.674678,16.07535624,16.433016,7739870,131109687.9300,1.130900
2024-07-22,16.3363512,16.56834672,16.13335512,16.21068696,6433625,108430403.5500,0.940000
2024-07-23,16.17202104,16.2396864,15.58236576,15.58236576,7166992,117868415.0100,1.047200
2024-07-24,15.55336632,15.70803,15.16670712,15.1763736,7134540,113796959.8000,1.042400
2024-07-25,15.14737416,15.95935848,15.09904176,15.65003112,11854110,191953482.7500,1.732000
2024-07-26,15.68869704,16.1430216,15.68869704,15.93035904,7936900,131247862.6000,1.159700
2024-07-29,15.96902496,16.01735736,15.5630328,15.7563624,6370150,103745391.4000,0.930800
2024-07-30,15.62103168,15.87236016,15.53403336,15.7563624,4507409,73340125.1000,0.658600
2024-07-31,15.77569536,16.76167632,15.72736296,16.74234336,11533319,195443144.2100,1.685200
2024-08-01,16.65534504,16.87767408,16.41368304,16.674678,8969700,153981634.1000,1.310600
2024-08-02,16.674678,16.9646724,16.52001432,16.74234336,9809274,170207233.6600,1.433300
2024-08-05,16.70367744,17.12900256,16.433016,16.50068136,10672267,185022411.5900,1.559400
2024-08-06,16.674678,16.90667352,16.46201544,16.80034224,8753886,151330639.2100,1.279100
2024-08-07,17.03233776,17.19666792,16.31701824,16.39435008,12140732,207631443.2300,1.774700
2024-08-08,16.2880188,16.64567856,16.1430216,16.41368304,8221270,139307155.6100,1.201800
2024-08-09,16.51034784,16.64567856,16.01735736,16.03669032,6395476,107662222.1900,0.934900
2024-08-12,16.0946892,16.17202104,15.87236016,16.00769088,4524070,74874755.9000,0.661300
2024-08-13,16.00769088,16.29768528,15.88202664,16.13335512,6085850,101147372.2700,0.889600
2024-08-14,16.05602328,16.32668472,15.82402776,15.8530272,5541770,91461172.7700,0.810100
2024-08-15,15.76602888,16.16235456,15.69836352,16.05602328,6638846,109896902.6000,0.970500
2024-08-16,16.12368864,16.17202104,15.84336072,15.8530272,5012490,82703272.3000,0.732700
2024-08-19,15.74669592,16.01735736,15.73702944,15.78536184,4306430,70711680.4000,0.629500
2024-08-20,15.88202664,16.29768528,15.53403336,15.57269928,9799439,161247892.7400,1.432500
2024-08-21,15.47603448,15.98835792,15.3697032,15.91102608,8816456,144138892.7600,1.288800
2024-08-22,15.9013596,15.97869144,15.45670152,15.466368,6732440,109033176.8000,0.984100
2024-08-23,15.37936968,15.49536744,15.1763736,15.2730384,6024496,95310661.0900,0.880600
2024-08-26,15.3697032,15.9980244,15.3697032,15.6596976,7053987,114972207.6000,1.031100
2024-08-27,15.59203224,15.6596976,15.36003672,15.43736856,4606897,73809641.6900,0.673400
2024-08-28,15.37936968,15.5147004,15.21503952,15.44703504,3976559,63211756.8300,0.581300
2024-08-29,15.39870264,15.9980244,15.33103728,15.89169312,8801628,143436432.5200,1.286600
2024-08-30,15.77569536,16.31701824,15.73702944,16.07535624,10486575,174900528.8500,1.532900
2024-09-02,16.03669032,16.25901936,15.73702944,15.7563624,7821015,129141994.9000,1.143300
2024-09-03,15.92069256,16.2880188,15.69836352,16.0463568,9811390,163120427.0000,1.459300
2024-09-04,15.9980244,16.59734616,15.92069256,16.25901936,13979945,235753227.3000,2.079400
2024-09-05,16.2396864,16.74234336,16.08502272,16.18168752,10275927,173637986.7400,1.528400
2024-09-06,16.22035344,16.2396864,15.76602888,15.77569536,7499480,123612021.7000,1.115500
2024-09-09,15.67903056,15.98835792,15.6596976,15.79502832,6599565,107977733.8100,0.981600
2024-09-10,15.87236016,15.94002552,15.50503392,15.76602888,6238900,101239237.7000,0.928000
2024-09-11,15.77569536,16.91634,15.76602888,16.674678,29043400,498307931.4600,4.319900
2024-09-12,16.39435008,16.7230104,16.26868584,16.26868584,17865066,304251720.2300,2.657200
2024-09-13,16.31701824,16.35568416,15.59203224,15.59203224,13375990,219309213.2000,1.989500
2024-09-18,15.58236576,15.63069816,15.224706,15.5147004,8312804,132330874.3000,1.236400
2024-09-19,15.63069816,15.89169312,15.29237136,15.6113652,10175771,164237261.7600,1.513500
2024-09-20,15.58236576,15.58236576,15.2730384,15.40836912,6981953,111057534.8300,1.038500
2024-09-23,15.3697032,15.5147004,15.24403896,15.36003672,5794300,92134194.1700,0.861800
2024-09-24,15.466368,16.5296808,15.466368,16.47168192,24405654,406178022.2700,3.630100
2024-09-25,16.674678,16.87767408,16.50068136,16.52001432,20266894,349936837.8500,3.014500
2024-09-26,16.44268248,17.09033664,16.3846836,17.09033664,15207278,263664027.7000,2.261900
2024-09-27,17.45766288,20.19327672,17.45766288,19.88394936,49975107,989172606.7800,7.433200
2024-09-30,21.4112532,23.85687264,21.15025824,23.85687264,68655290,1600638359.0900,10.211700
2024-10-08,28.63211376,28.63211376,26.1961608,28.63211376,74822257,2159778515.2400,11.129000
2024-10-09,27.066144,28.516116,24.75585528,24.77518824,66529342,1839938829.9600,9.895500
2024-10-10,24.94918488,25.96416528,23.86653912,24.1662,40079332,1026694288.7700,5.961300
2024-10-11,24.0212028,24.14686704,21.6529152,22.02024144,35274439,825783679.8800,5.246700
2024-10-14,22.40690064,22.84189224,21.7979124,22.77422688,29196057,676289108.9700,4.342600
2024-10-15,22.44556656,22.77422688,21.81724536,21.82691184,25163938,580507539.9800,3.742800
2024-10-16,21.29525544,21.83657832,21.23725656,21.49825152,18820305,418511135.3800,2.799300
2024-10-17,21.81724536,21.90424368,21.15025824,21.1695912,19172859,426313482.0800,2.851700
2024-10-18,21.1695912,23.66354304,21.00526104,22.64856264,38522894,881915727.5000,5.729800
2024-10-21,22.9095576,23.67320952,22.60023024,23.01588888,34789618,828862006.6900,5.174600
2024-10-22,23.03522184,23.4895464,22.67756208,23.45088048,25855483,617105414.9400,3.845700
2024-10-23,23.8762056,24.32086368,23.18021904,23.54754528,40491458,991336249.0700,6.022600
2024-10-24,23.199552,23.33488272,22.43590008,22.53256488,24638268,579982057.9300,3.664700
2024-10-25,22.75489392,24.9395184,22.75489392,24.18553296,47354212,1172375661.5300,7.043400
2024-10-28,23.69254248,24.05986872,23.3928816,23.89553856,26595422,652448710.5900,3.955800
2024-10-29,23.75054136,24.1178676,22.83222576,22.99655592,28685871,691674527.0500,4.266700
2024-10-30,22.77422688,23.02555536,22.02024144,22.27156992,23128830,536851995.8400,3.440100
2024-10-31,22.15557216,23.14155312,22.15557216,22.7645604,21501523,505072671.4100,3.198100
2024-11-01,22.5712308,23.85687264,22.21357104,22.60989672,34418176,819159767.8100,5.119300
2024-11-04,22.5712308,23.06422128,22.16523864,22.716228,19479815,455688743.0100,2.897400
2024-11-05,22.56156432,23.76020784,22.43590008,23.61521064,31521114,759158907.6700,4.688400
2024-11-06,23.65387656,25.46150832,23.65387656,24.32086368,49983005,1280224581.0800,7.434400
2024-11-07,24.0695352,24.51419328,23.60554416,24.48519384,31514541,787504015.6300,4.687400
2024-11-08,25.21984632,26.33149152,24.71718936,24.72685584,41623114,1096091828.4200,6.191000
2024-11-11,24.4561944,26.10916248,24.33053016,26.08982952,43143442,1145137389.3900,6.417100
2024-11-12,26.76648312,31.30972872,26.3894904,29.69542656,118938879,3664349818.6200,17.690800
2024-11-13,28.6127808,30.67174104,27.99412608,29.06710536,79441909,2383494754.1600,11.816100
2024-11-14,29.63742768,29.9177556,27.0178116,27.02747808,49541733,1442509890.1500,7.368800
2024-11-15,26.7761496,27.18214176,25.2778452,25.29717816,40192045,1089776995.1300,5.978100
2024-11-18,25.54850664,25.84816752,24.42719496,24.75585528,31444642,814929505.5400,4.677000
2024-11-19,24.85252008,28.31311992,24.56252568,28.14878976,55447315,1519031408.9600,8.247200
2024-11-20,27.91679424,29.27010144,27.27880656,28.25512104,61923652,1810119400.3000,9.210400
2024-11-21,27.6461328,28.35178584,27.51080208,27.8394624,34443576,993802226.9000,5.123100
2024-11-22,27.33680544,28.50644952,26.2928256,26.39915688,36993616,1046589299.6600,5.502400
2024-11-25,26.11882896,27.42380376,26.10916248,26.58282,29614524,817765212.2400,4.404800
2024-11-26,26.37982392,26.58282,25.49050776,25.69350384,23401274,625211905.3200,3.480700
2024-11-27,25.5678396,26.2928256,24.90085248,26.2444932,22610527,597740046.7400,3.363100
2024-11-28,26.099496,26.25415968,25.616172,25.70317032,16994032,455859465.1200,2.527700
2024-11-29,26.01249768,27.7427976,25.64517144,27.1144764,35422261,980349590.9400,5.268700
2024-12-02,26.8728144,27.68479872,26.40882336,27.4044708,28085517,788572038.5900,4.177400
2024-12-03,27.41413728,27.549468,26.6794848,27.066144,18572500,518723413.3600,2.762400
2024-12-04,27.066144,27.1628088,25.93516584,26.07049656,20095293,550018706.4200,2.988900
2024-12-05,25.91583288,26.341158,25.78050216,26.1478284,13359599,360086092.3800,1.987100
2024-12-06,26.099496,26.7278172,25.50984072,26.2928256,19663232,532071598.2800,2.924700
2024-12-09,26.099496,26.35082448,25.63550496,25.97383176,11718010,315307948.5600,1.742900
2024-12-10,27.1144764,27.307806,25.55817312,25.616172,23348613,636238205.1700,3.472800
2024-12-11,25.46150832,25.69350384,24.8428536,25.20051336,21860888,571606590.4700,3.251600
2024-12-12,25.01685024,25.62583848,24.88151952,25.2778452,17459823,455849308.9700,2.596900
2024-12-13,25.0361832,25.12318152,24.407862,24.49486032,21671506,551614226.6500,3.223400
2024-12-16,24.49486032,24.52385976,23.924538,24.22419888,12737793,318824386.9900,1.894600
2024-12-17,24.28219776,24.62052456,23.83753968,23.98253688,12907996,323609729.8400,1.919900
2024-12-18,24.01153632,24.2145324,23.79887376,23.96320392,9227209,228986990.1400,1.372400
2024-12-19,23.70220896,24.05020224,23.51854584,23.98253688,10027354,246529359.9100,1.491500
2024-12-20,23.95353744,24.34986312,23.924538,24.15653352,9270544,231503752.2400,1.378900
2024-12-23,24.05986872,24.39819552,23.45088048,23.54754528,10483333,259198133.5100,1.559300
2024-12-24,23.65387656,24.34019664,23.65387656,23.96320392,11313020,280828029.1000,1.682700
2024-12-25,23.89553856,24.0212028,23.0545548,23.2478844,12740914,307223300.2800,1.895100
2024-12-26,23.27688384,23.40254808,23.11255368,23.18021904,7244643,174469821.9000,1.077600
2024-12-27,23.18021904,23.74087488,23.0062224,23.32521624,9541683,231095182.2800,1.419200
2024-12-30,23.2962168,23.55721176,23.01588888,23.26721736,7435215,178998312.9000,1.105900
2024-12-31,23.23821792,23.37354864,22.24257048,22.2812364,12400957,290546051.2500,1.844500
2025-01-02,22.2812364,22.44556656,21.33392136,21.6529152,12501970,283701371.1000,1.859500
2025-01-03,21.6529152,21.991242,21.05359344,21.15025824,11265390,250216264.3000,1.675600
2025-01-06,21.43058616,22.06857384,21.15025824,21.39192024,11925335,265661736.6000,1.773800
2025-01-07,21.266256,21.75924648,21.13092528,21.73024704,10316840,229542191.0000,1.534500
2025-01-08,21.59491632,21.6529152,20.79259848,21.43058616,11150420,244997441.5000,1.658500
2025-01-09,21.266256,21.72058056,21.25658952,21.4595856,7521760,167594688.4000,1.118800
2025-01-10,21.51758448,21.63358224,20.74426608,20.76359904,9195500,201482440.5000,1.367700
2025-01-13,20.50260408,21.5562504,20.4929376,21.18892416,12382182,271538119.3600,1.841700
2025-01-14,21.18892416,22.00090848,21.04392696,21.90424368,14754511,329923085.5200,2.194600
2025-01-15,21.90424368,22.12657272,21.52725096,21.7979124,11811550,266947355.5000,1.756800
2025-01-16,21.98157552,22.21357104,21.44991912,21.6045828,10776040,242910741.0000,1.602800
2025-01-17,21.6045828,22.2812364,21.54658392,21.73024704,10467846,236564105.4200,1.557000
2025-01-20,21.78824592,22.20390456,21.78824592,21.83657832,9223398,209276562.8600,1.371900
2025-01-21,21.991242,22.0395744,21.39192024,21.64324872,8695141,194158736.3500,1.293300
2025-01-22,21.507918,21.51758448,21.13092528,21.20825712,8431986,185586235.7200,1.254200
2025-01-23,21.43058616,21.86557776,21.17925768,21.18892416,10248178,228401778.2200,1.524300
2025-01-24,21.19859064,21.46925208,21.04392696,21.37258728,7702430,169802081.6000,1.145600
2025-01-27,21.4595856,21.78824592,21.024594,21.024594,8726900,191847036.4000,1.298000
2025-02-05,21.13092528,21.30492192,20.91826272,21.10192584,7397730,161517646.5000,1.100300
2025-02-06,20.98592808,21.64324872,20.8795968,21.62391576,14858645,328391278.0100,2.210100
2025-02-07,21.68191464,22.40690064,21.58524984,22.0879068,20212121,460441480.3900,3.006300
2025-02-10,22.11690624,22.31023584,21.68191464,22.24257048,15920020,362335766.6500,2.367900
2025-02-11,22.19423808,22.22323752,21.57558336,21.7012476,13620993,306444515.9600,2.026000
2025-02-12,21.68191464,22.89022464,21.57558336,22.64856264,24708115,569110376.6600,3.675100
2025-02-13,22.5228984,23.0062224,22.31023584,22.3295688,19911247,466180005.6600,2.961600
2025-02-14,22.3295688,23.11255368,22.25223696,22.31023584,14785289,344448104.0500,2.199100
2025-02-17,22.30056936,22.48423248,21.85591128,22.06857384,17435819,397779856.1500,2.593400
2025-02-18,22.25223696,22.8612252,21.91391016,22.0879068,25158503,583477668.3700,3.742000
2025-02-19,21.9429096,22.20390456,21.6529152,22.17490512,16083748,365832245.8800,2.392300
2025-02-20,22.07824032,22.31990232,21.90424368,22.09757328,14154591,322883743.1800,2.105300
2025-02-21,22.0395744,22.51323192,22.02024144,22.41656712,21054654,486614128.1200,3.131600
2025-02-24,22.4262336,22.5712308,22.0879068,22.22323752,17659550,406631732.0400,2.626700
2025-02-25,22.12657272,23.199552,22.0395744,22.75489392,33663762,794720210.4400,5.007100
2025-02-26,22.51323192,22.92889056,22.48423248,22.78389336,20963364,492701920.5800,3.118100
2025-02-27,22.89022464,23.9728704,22.65822912,23.60554416,38542372,931298385.4900,5.732700
2025-02-28,23.4895464,23.89553856,22.716228,22.78389336,29191459,704738931.5200,4.341900
2025-03-03,22.99655592,24.4561944,22.96755648,24.13720056,46566694,1152636389.9300,6.926300
2025-03-04,23.7795408,23.78920728,23.2478844,23.67320952,27923753,678162483.6500,4.153300
2025-03-05,23.50887936,23.5862112,22.89989112,23.13188664,19056316,455554721.3800,2.834400
2025-03-06,23.21888496,23.96320392,23.1512196,23.54754528,23177203,562391296.6900,3.447300
2025-03-07,23.35421568,23.81820672,22.87089168,22.98688944,22970509,555195274.9300,3.416600
2025-03-10,22.9095576,23.21888496,22.6195632,22.83222576,12956221,306109841.3400,1.927100
2025-03-11,22.43590008,22.77422688,22.39723416,22.75489392,10773270,251405351.2000,1.602400
2025-03-12,22.88055816,22.96755648,22.50356544,22.53256488,11226271,263015116.8700,1.669800
2025-03-13,22.48423248,22.63889616,22.1362392,22.232904,12629388,291771248.9200,1.878500
2025-03-14,22.30056936,22.716228,22.232904,22.6678956,12906299,300846225.9800,1.919700
2025-03-17,22.77422688,22.8612252,22.51323192,22.6678956,9990260,234433349.0000,1.485900
2025-03-18,22.77422688,22.98688944,22.6678956,22.8128928,11793833,278686452.7500,1.754200
2025-03-19,22.73556096,22.73556096,22.36823472,22.45523304,11212744,260883252.7000,1.667800
2025-03-20,22.43590008,22.44556656,22.12657272,22.1362392,9901441,228107894.7100,1.472700
2025-03-21,22.06857384,22.3295688,21.72058056,21.86557776,11370050,258494027.3000,1.691200
2025-03-24,21.83657832,21.9429096,21.27592248,21.63358224,10494992,233303257.5800,1.561000
2025-03-25,21.58524984,21.77857944,21.38225376,21.71091408,7157078,159972892.3400,1.064500
2025-03-26,21.74958,21.85591128,21.57558336,21.6045828,6389707,143470842.6200,0.950400
2025-03-27,21.51758448,21.7012476,21.266256,21.4595856,7029979,156289715.2000,1.045600
2025-03-28,21.46925208,21.57558336,21.24692304,21.266256,5580820,123305571.9700,0.830100
2025-03-31,21.1695912,21.25658952,20.51227056,20.57993592,10896236,234124861.7800,1.620700
2025-04-01,20.59926888,20.90859624,20.5896024,20.66693424,6076950,130267934.0200,0.903900
2025-04-02,20.77326552,20.95692864,20.57993592,20.7345996,5431294,116992818.2800,0.807800
2025-04-03,20.5896024,20.8312644,20.52193704,20.61860184,5257962,112326001.9200,0.782100
2025-04-07,18.83030304,19.58428848,16.49101488,16.78100928,26362359,485272719.0500,3.921100
2025-04-08,17.11933608,18.01831872,17.11933608,17.4963288,17539929,317651336.3700,2.608900
2025-04-09,17.29333272,18.11498352,16.55868024,17.90232096,14427464,261208664.0800,2.145900
2025-04-10,18.4146444,18.73363824,18.18264888,18.29864664,13040200,249059669.3800,1.939600
2025-04-11,18.12465,18.58864104,18.0279852,18.38564496,8479209,161385670.5600,1.261200
2025-04-14,18.57897456,18.87863544,18.57897456,18.69497232,9448780,183165389.3000,1.405400
2025-04-15,18.7046388,18.849636,18.54030864,18.64663992,6806860,131407952.9400,1.012400
2025-04-16,18.52097568,18.6563064,18.18264888,18.52097568,6673019,127083656.0200,0.992500
2025-04-17,18.42431088,18.61764048,18.33731256,18.33731256,5671883,108485547.4400,0.843600
2025-04-18,18.35664552,18.59830752,18.21164832,18.4629768,4938884,94079269.1200,0.734600
2025-04-21,18.49197624,18.73363824,18.25031424,18.67563936,5904212,113794621.9400,0.878200
2025-04-22,18.64663992,18.96563376,18.57897456,18.66597288,6761202,130791944.0200,1.005700
2025-04-23,18.82063656,18.9463008,18.61764048,18.7046388,6286394,121877560.2200,0.935000
2025-04-24,18.8013036,19.45862424,18.73363824,18.85930248,15727023,309662377.3600,2.339200
2025-04-25,17.641326,18.09565056,17.27399976,17.52532824,23124528,419987566.0800,3.441100
2025-04-28,17.40933048,17.4479964,17.2546668,17.28366624,8339950,149521292.0000,1.241000
2025-04-29,17.2063344,17.43832992,17.2063344,17.3029992,5598251,100341256.4000,0.833100
2025-04-30,17.38999752,17.41899696,17.22566736,17.26433328,7321585,131218219.4000,1.089500
2025-05-06,17.3513316,17.86365504,17.3029992,17.86365504,11462016,209086013.4600,1.705600
2025-05-07,18.12465,18.25031424,17.71865784,17.89265448,9613488,178330488.1000,1.430600
2025-05-08,17.86365504,18.28898016,17.7379908,18.19231536,9577570,179324993.5000,1.425200
2025-05-09,18.15364944,18.1729824,17.8346556,17.91198744,6472963,120201598.8000,0.963200
2025-05-12,18.04731816,18.29864664,18.04731816,18.29864664,8168356,153773497.5000,1.215500
2025-05-13,18.54997512,18.61764048,18.2696472,18.30831312,8289450,157621527.7400,1.233500
2025-05-14,18.30831312,18.50164272,18.15364944,18.42431088,8667688,164343645.7300,1.289800
2025-05-15,18.33731256,18.40497792,18.0763176,18.08598408,7685686,144784397.8800,1.143700
2025-05-16,18.0279852,18.18264888,17.80565616,17.82498912,6607191,122926416.0400,0.983200
2025-05-19,17.82498912,17.89265448,17.52532824,17.84432208,5808200,106311142.9000,0.864300
2025-05-20,17.92165392,18.00865224,17.70899136,17.87332152,5394777,99638351.7600,0.802800
2025-05-21,17.87332152,18.23098128,17.81532264,17.94098688,9930750,185505721.6700,1.477800
2025-05-22,17.9313204,18.0763176,17.61232656,17.63165952,6969461,128185381.5700,1.037100
2025-05-23,17.48666232,18.366312,17.48666232,17.53499472,11842929,219261388.4200,1.762300
2025-05-26,17.4479964,17.48666232,17.17733496,17.26433328,8762994,156961918.5500,1.304000
2025-05-27,17.2546668,17.57366064,17.08067016,17.42866344,8344404,149370818.0100,1.241700
2025-05-28,17.34166512,17.45766288,16.97433888,17.05167072,8122878,144148773.3400,1.208700
2025-05-29,17.0613372,17.399664,17.0130048,17.38999752,9965789,177711069.4500,1.483000
2025-05-30,17.49,17.49,17.16,17.18,8132853,140208720.3100,1.210200
2025-06-03,17.1,17.29,17.02,17.18,5661734,97407313.4800,0.842500
2025-06-04,17.19,17.6,17.12,17.51,9435858,164520552.5400,1.404100
2025-06-05,17.52,17.61,17.32,17.48,5424091,94577268.8800,0.807100
2025-06-06,17.49,17.66,17.38,17.5,7197801,125996569.3400,1.071100
2025-06-09,17.49,17.85,17.46,17.73,8010133,141962276.4600,1.192000
2025-06-10,17.74,18.07,17.42,17.55,11392830,202187709.0500,1.695300
2025-06-11,17.58,18.25,17.57,17.88,14588026,262471116.6000,2.170800
2025-06-12,17.82,17.87,17.6,17.74,8954510,158386039.3600,1.332500
2025-06-13,17.61,17.75,17.25,17.3,9968170,173656971.3000,1.483300
2025-06-16,17.33,17.39,17.16,17.25,6273786,108129944.5200,0.933600
2025-06-17,17.26,17.64,17.21,17.52,9248120,161604569.6000,1.376200
2025-06-18,17.48,17.48,17.17,17.34,7750420,134042007.9600,1.153300
2025-06-19,17.31,18.45,17.28,17.82,27685428,499316501.9400,4.119800
2025-06-20,17.96,18.55,17.96,18.21,28825998,526967826.5100,4.289500
2025-06-23,17.85,19.3,17.85,19.2,39497112,747251757.6000,5.877500
2025-06-24,19.09,19.63,18.86,19.46,36477119,701689920.2500,5.428100
2025-06-25,19.37,19.71,19.18,19.37,28084292,544070528.4500,4.179200
2025-06-26,19.37,19.9,19.1,19.14,25833838,502990356.7200,3.844300
2025-06-27,19.31,20.37,19.31,19.49,35292391,699918018.9100,5.251800
2025-06-30,19.49,19.62,18.96,19.07,24880685,475415338.7900,3.702400
2025-07-01,19.09,19.09,18.63,18.92,18657702,351087177.1800,2.776400
2025-07-02,18.91,19.2,18.76,19.12,18102589,343631377.7400,2.693800
2025-07-03,19.21,19.38,18.82,19.2,17717933,339116830.1700,2.636600
2025-07-04,19.08,19.2,18.75,18.75,14864923,280807981.1500,2.212000
2025-07-07,18.73,18.82,18.65,18.71,6675330,125014585.6000,0.993300
2025-07-08,18.71,19.4,18.71,19.24,18654852,357028928.5600,2.776000
2025-07-09,19.25,19.36,19.03,19.08,11553436,221573055.1200,1.719200
2025-07-10,19.04,19.32,19.02,19.05,10402200,198887724.8500,1.547900
2025-07-11,19.18,19.37,19.0,19.13,16285251,313129185.1200,2.423400
2025-07-14,19.44,21.65,19.44,20.36,54715392,1134379272.4600,8.142100
2025-07-15,19.97,20.33,19.55,19.75,32116845,636977378.3400,4.779200
2025-07-16,19.68,19.85,19.45,19.51,15868738,311393489.4200,2.361400
2025-07-17,19.51,20.15,19.38,19.97,22327268,442387816.6800,3.322500
2025-07-18,20.2,20.87,20.03,20.5,33993455,697714603.7800,5.058500
2025-07-21,20.4,20.58,20.27,20.37,17726250,360904061.3600,2.637800
2025-07-22,20.37,20.81,20.21,20.7,24765483,508895380.6700,3.685300
2025-07-23,21.45,21.48,20.13,20.16,31082444,641724562.7500,4.625300
2025-07-24,20.02,21.98,20.02,21.59,54750390,1161473735.5800,8.147300
2025-07-25,21.94,21.99,21.35,21.45,35784112,774783425.8700,5.325000
2025-07-28,21.07,21.44,20.88,21.05,22806537,481528462.5200,3.393800
2025-07-29,20.95,21.31,20.77,21.0,19594210,410993459.4100,2.915800
2025-07-30,21.0,21.09,20.32,20.5,19912400,411814820.9800,2.963100
2025-07-31,20.36,20.48,19.87,19.94,18849582,380526718.0400,2.805000
2025-08-01,19.94,20.18,19.75,19.86,12450550,248102026.2000,1.852700
2025-08-04,19.7,19.88,19.55,19.87,11151336,220075420.1000,1.659400
2025-08-05,19.92,20.14,19.88,19.97,10620358,211938403.5000,1.580400
2025-08-06,19.96,20.08,19.78,20.08,9744845,194416394.0000,1.450100
2025-08-07,20.1,20.3,19.73,20.26,19553145,392358345.8600,2.909700
2025-08-08,20.35,20.81,20.11,20.58,20777711,426118555.0000,3.091900
2025-08-11,21.82,21.97,21.04,21.41,37618156,806820558.3200,5.597900
2025-08-12,21.24,21.28,20.71,20.9,27831086,581228740.1100,4.141500
2025-08-13,20.89,21.49,20.76,20.93,18645870,390964344.5400,2.774700
2025-08-14,20.9,20.99,20.3,20.3,16914489,348651781.7300,2.517000
2025-08-15,20.25,20.85,20.23,20.71,13973943,288560322.5300,2.079400
2025-08-18,21.1,21.3,20.93,21.04,22240444,468725096.1900,3.309600
2025-08-19,21.01,21.19,20.78,20.9,15273997,320225075.8900,2.272900
2025-08-20,20.72,21.06,20.59,20.97,15272998,317901649.4200,2.272700
2025-08-21,20.81,21.08,20.58,20.64,15498927,321714673.7200,2.306400
2025-08-22,20.64,20.86,20.56,20.78,14034404,290750200.6400,2.088400
2025-08-25,20.78,21.26,20.78,20.97,20648253,433287648.5100,3.072600
2025-08-26,20.96,21.01,20.69,20.8,13754071,287122202.1500,2.046700
2025-08-27,20.8,21.17,20.1,20.11,27807876,576174240.9900,4.138000
2025-08-28,19.71,20.08,19.05,19.82,32118314,631911965.4100,4.775700
2025-08-29,19.75,20.6,19.7,20.21,26508156,535361427.2700,3.941500
2025-09-01,20.24,20.47,20.05,20.32,15891543,321780218.4700,2.362900
2025-09-02,20.3,20.46,19.72,19.81,17084145,342089426.9700,2.540300
2025-09-03,19.82,20.5,19.53,19.61,20772885,415882204.4500,3.088700
2025-09-04,19.65,20.62,19.54,19.84,34481573,694939217.8900,5.127100
2025-09-05,20.04,23.81,20.01,23.81,105411992,2349446886.7800,15.673800
2025-09-08,25.0,25.0,23.6,24.03,117473515,2842901381.3000,17.467200
2025-09-09,23.72,24.28,23.24,23.34,59500582,1410092432.1200,8.847200
2025-09-10,22.8,23.35,22.75,23.04,38190080,879203245.2000,5.678500
2025-09-11,22.88,23.18,22.6,23.0,34712466,794348292.7200,5.161400
2025-09-12,23.04,23.23,22.51,22.83,35394813,810670270.1300,5.262900
2025-09-15,23.5,24.18,23.1,23.15,58705513,1386312193.3300,8.729000
2025-09-16,23.28,23.58,22.58,22.99,33450477,766519835.7500,4.973800
2025-09-17,22.83,23.31,22.61,23.14,30008890,689523901.6600,4.462000
2025-09-18,23.05,23.27,22.16,22.48,33389483,761514651.5400,4.964700
2025-09-19,22.5,23.55,22.48,23.24,39317752,909436545.9900,5.846200
2025-09-22,23.5,23.53,22.55,22.92,25608878,585690335.6900,3.807800
2025-09-23,22.72,23.17,21.93,22.5,27639680,621838953.1800,4.109800
2025-09-24,22.3,23.48,22.3,23.28,33215710,763305949.5000,4.938900
2025-09-25,23.33,23.68,23.1,23.18,29654460,694375243.4700,4.409300
2025-09-26,23.21,23.56,22.82,22.85,23240242,539551918.8800,3.455600
2025-09-29,22.99,24.2,22.99,23.9,41512821,983831305.1700,6.172600
2025-09-30,23.95,25.19,23.69,24.99,53022672,1313683233.7200,7.884000
2025-10-09,25.58,26.68,25.25,26.1,51950072,1351908109.6800,7.724500
2025-10-10,25.9,26.15,24.82,24.94,45734253,1157714379.6000,6.800300
2025-10-13,23.52,26.2,23.52,25.96,45681159,1156328643.9000,6.792400
2025-10-14,26.19,26.44,24.77,25.24,34769625,882146796.9000,5.169900
2025-10-15,25.5,25.79,24.8,24.95,20775482,521927244.6100,3.089100
2025-10-16,24.8,25.88,24.59,25.02,22732110,572670172.3500,3.380100
2025-10-17,24.95,25.58,23.86,23.88,24346337,596192007.8000,3.620100
2025-10-20,24.2,24.36,23.34,23.53,19807741,471311336.0000,2.945200
2025-10-21,23.68,23.9,23.25,23.35,16135906,379383492.7500,2.399300
2025-10-22,23.26,23.55,22.72,23.33,14878778,344852112.8400,2.212300
2025-10-23,23.4,25.4,23.35,25.28,44139463,1085571206.3200,6.563100
2025-10-24,25.02,26.68,24.88,25.55,44981768,1161245058.2400,6.688400
2025-10-27,26.0,27.19,25.66,26.52,45658235,1204948492.6700,6.789000
2025-10-28,26.3,26.89,25.97,26.18,27995086,739188702.4500,4.162600
2025-10-29,26.18,26.84,26.01,26.69,27665064,730627673.3900,4.113500
2025-10-30,26.51,31.45,26.41,30.61,92963455,2713519205.1100,13.822800
2025-10-31,29.89,31.67,29.89,30.42,79867033,2456394582.7900,11.875500
2025-11-03,31.36,36.0,31.36,34.07,95353961,3248432765.5600,14.178300
2025-11-04,34.08,34.4,33.03,33.42,52910691,1776390940.8500,7.867300
2025-11-05,33.01,35.1,32.1,33.88,67041822,2262931923.5500,9.968500
2025-11-06,33.87,35.11,33.25,34.46,45675856,1559886186.9800,6.791600
2025-11-07,34.46,40.36,34.1,39.74,97563437,3604954531.5700,14.506800
2025-11-10,40.7,43.69,39.86,41.09,96848041,4057655184.2600,14.400400
2025-11-11,41.26,43.23,40.95,41.76,65725386,2758962597.9800,9.772800
2025-11-12,41.41,41.78,39.74,40.32,52639833,2135701774.0100,7.827100
2025-11-13,41.54,48.3,41.3,48.04,89541286,4062064896.0500,13.314000
2025-11-14,47.0,51.85,46.72,49.81,92782033,4553951423.7800,13.795800
2025-11-17,52.8,59.77,52.8,59.77,90108888,5102041452.4600,13.398400
2025-11-18,59.46,63.0,55.5,56.61,116470415,6814471089.4000,17.318100
2025-11-19,58.03,60.93,56.08,57.44,76793197,4449939582.7600,11.418400
2025-11-20,58.5,64.99,57.27,60.94,96884562,5958562823.4900,14.405800
2025-11-21,52.88,54.84,48.85,48.93,105919107,5347832925.4900,15.749200
2025-11-24,51.0,51.2,47.42,49.98,88730200,4355195665.7200,13.193400
2025-11-25,50.5,52.88,47.45,50.99,83689674,4176107262.0800,12.443900
2025-11-26,51.11,53.14,50.0,50.36,67340726,3461092879.9600,10.012900
2025-11-27,50.36,51.27,49.15,50.13,58818401,2948514890.2400,8.745800
2025-11-28,50.17,54.2,50.12,51.94,69697285,3655324126.0000,10.363300
2025-12-01,53.41,59.84,53.41,55.06,83876288,4769025369.9400,12.471600
2025-12-02,55.18,56.16,53.66,54.0,52146217,2845641801.3900,7.753700
2025-12-03,54.8,55.1,50.5,51.28,53178399,2743538173.9500,7.907100
2025-12-04,51.0,51.66,49.54,50.22,36507696,1839060061.4700,5.428400
2025-12-05,49.82,51.0,47.9,48.03,37871212,1845092281.9800,5.631100
2025-12-08,47.51,52.82,47.18,51.65,57588938,2899576285.9200,8.562900
2025-12-09,50.9,51.6,49.14,50.04,39036486,1962193349.5000,5.804400
2025-12-10,50.0,53.2,49.14,52.11,48894931,2519012653.8400,7.270200
2025-12-11,52.9,54.38,51.79,51.79,54994877,2911458939.2500,8.177200
2025-12-12,53.4,53.87,48.42,49.62,61730555,3107510830.4000,9.178800
2025-12-15,47.94,50.16,46.71,47.84,44163505,2116876157.6700,6.566700
2025-12-16,47.8,48.48,45.52,46.91,34404106,1606193748.5300,5.115600
2025-12-17,48.95,54.38,47.77,53.69,77115382,4023626612.9400,11.466300
2025-12-18,52.42,52.65,49.9,50.53,48691836,2482981787.9500,7.240000
2025-12-19,50.55,51.48,48.4,50.0,54969312,2739847951.1300,8.173400
2025-12-22,51.91,53.26,50.3,50.7,54280150,2811799225.5700,8.071000
2025-12-23,51.22,56.56,51.22,55.0,67742703,3657074722.0000,10.072700
2025-12-24,55.03,56.2,52.37,53.29,63416547,3426914754.7300,9.429500
2025-12-25,50.94,53.0,50.5,52.8,43125866,2237277218.0700,6.412400
2025-12-26,59.0,60.19,54.3,57.03,71346064,4068608123.0900,10.608500
2025-12-29,57.0,57.03,52.0,53.76,66541268,3585314494.5800,9.894100
2025-12-30,52.54,58.0,51.68,56.65,52309782,2891310233.3800,7.778000
2025-12-31,56.65,58.18,54.33,54.61,37726841,2104781995.4300,5.609600
2026-01-05,54.7,57.43,53.0,56.01,52254029,2897977462.6700,7.769700
2026-01-06,58.66,59.08,54.01,55.84,60742686,3393521940.9600,9.031900
2026-01-07,55.56,57.5,54.44,54.95,43714258,2431982025.1700,6.499900
2026-01-08,54.5,57.39,51.08,52.32,59327059,3211916531.4300,8.821400
2026-01-09,51.33,52.44,50.66,51.49,34869128,1797469638.4900,5.184700
2026-01-12,53.0,54.66,52.2,52.9,48431253,2593239435.5100,7.201300
2026-01-13,52.4,57.46,52.2,54.85,68021610,3757694035.2800,10.114200
2026-01-14,53.8,58.54,53.8,54.26,57441563,3224946228.8800,8.541000
2026-01-15,53.7,57.5,52.6,53.4,48951040,2703474157.8200,7.278600
2026-01-16,53.0,54.31,50.05,50.25,53130324,2730614734.3200,7.900000
2026-01-19,50.0,52.09,49.79,50.28,26515890,1345237887.3400,3.942700
2026-01-20,51.5,51.73,47.08,48.68,48997611,2395800035.8400,7.285500
2026-01-21,48.17,52.99,48.0,52.03,53906522,2781099735.0000,8.015400
2026-01-22,51.5,53.3,50.53,51.06,28012304,1439999142.3700,4.165200
2026-01-23,51.25,54.24,50.99,53.76,37939697,2014056184.7400,5.641300
2026-01-26,54.66,54.83,51.36,51.39,39288232,2081716442.0700,5.841800
2026-01-27,50.81,52.2,47.5,49.93,39427037,1937004489.1300,5.862400
2026-01-28,49.93,50.74,47.0,48.51,37497161,1808325874.6700,5.575500
2026-01-29,47.72,49.0,47.12,48.07,23720189,1144308068.1900,3.527000
2026-01-30,47.66,47.66,44.2,46.0,36084316,1649197708.6000,5.365400
2026-02-02,45.49,49.6,45.34,46.7,44444317,2125679484.6100,6.608500
2026-02-03,47.72,48.78,47.1,48.53,26430884,1270830688.0800,3.930000
2026-02-04,48.43,49.28,47.45,48.95,20790111,1004173065.1400,3.091300
2026-02-05,48.3,48.75,45.3,45.88,23578513,1094769099.1300,3.505900
2026-02-06,45.08,48.68,44.92,47.61,26392069,1247471553.0500,3.924300
2026-02-09,47.82,48.47,45.54,46.26,26753452,1240831200.7100,3.978000
2026-02-10,46.26,46.26,43.47,44.5,38111277,1698178474.5200,5.666800
2026-02-11,44.5,46.96,44.4,46.62,34245449,1579883029.1200,5.092000
2026-02-12,46.7,48.59,46.3,48.35,25844405,1232540581.6900,3.842800
2026-02-13,47.66,50.02,47.66,48.36,21334445,1043819263.6200,3.172200
2026-02-24,50.01,51.0,48.0,49.7,31214339,1545103408.1600,4.641300
2026-02-25,49.78,54.0,49.31,52.81,49438943,2592255784.8000,7.351100
2026-02-26,56.0,56.0,49.32,49.9,59057111,3008947462.4000,8.781200
2026-02-27,48.7,50.85,48.68,50.37,25977854,1299386879.1500,3.862700
2026-03-02,49.51,50.98,47.8,48.18,29464338,1441313938.6900,4.381100
2026-03-03,48.01,48.5,45.58,45.69,28337004,1321505759.8000,4.213500
2026-03-04,44.66,46.69,44.66,45.05,16334532,742796448.4900,2.428800
2026-03-05,46.0,47.5,44.55,45.0,17311316,792195711.3600,2.574000
2026-03-06,44.91,45.9,44.7,45.3,13492735,611655679.3000,2.006200
2026-03-09,43.5,45.88,42.89,45.56,21034772,930183703.9500,3.127700
2026-03-10,46.17,48.43,46.09,47.77,25891837,1229703236.2000,3.849900
2026-03-11,47.58,51.85,47.04,51.21,46834178,2347960423.5900,6.963800
2026-03-12,51.7,52.68,50.56,51.36,26048016,1336009703.4900,3.873100
2026-03-13,51.0,55.0,50.75,52.65,36845902,1968430046.6900,5.478600
2026-03-16,52.78,54.41,50.6,53.67,36689333,1944762156.3800,5.455400
2026-03-17,54.0,55.25,52.31,52.47,28501815,1525772269.2200,4.238000
2026-03-18,52.51,53.0,50.0,50.35,31325967,1590547261.6900,4.657900
2026-03-19,50.01,50.09,47.26,47.77,28792741,1396099124.6000,4.281200
2026-03-20,48.0,50.94,46.66,47.77,43084119,2096960068.1900,6.408800
2026-03-23,46.8,52.88,46.8,50.53,58971722,2994214176.4600,8.772100
2026-03-24,51.13,54.49,48.9,54.32,53616128,2786385955.0300,7.975400
2026-03-25,55.2,56.26,53.24,55.5,45458492,2487782808.5800,6.762000
2026-03-26,55.23,57.7,54.79,56.65,45350107,2559251895.4000,6.745800
2026-03-27,57.12,65.85,56.0,64.01,69899226,4292421746.5100,10.397500
2026-03-30,64.0,65.26,61.4,62.67,52159864,3288490182.8200,7.758800
2026-03-31,61.85,62.67,58.1,58.5,45031479,2671693972.4600,6.698400
2026-04-01,58.74,60.0,56.6,58.2,31986364,1860378658.9900,4.758000
2026-04-02,57.96,60.5,56.69,59.35,39435725,2327640404.5100,5.866100
2026-04-03,58.59,59.98,56.9,58.15,29103839,1698159144.9800,4.329200
2026-04-07,59.2,59.59,56.21,56.98,25658268,1469267690.2900,3.816700
2026-04-08,57.01,57.41,55.4,57.02,38897884,2192998348.2300,5.786100
2026-04-09,65.0,66.56,60.9,62.0,110911028,7003236513.5000,16.498000
2026-04-10,62.37,71.18,61.81,68.3,103862256,6978959347.3800,15.449500
2026-04-13,69.36,81.7,69.28,80.2,111288429,8355807807.3400,16.554200
2026-04-14,76.63,81.24,76.63,81.05,84242882,6605817219.0000,12.531200
2026-04-15,79.81,80.0,75.62,76.93,81254234,6287539083.9300,12.086600
2026-04-16,78.69,88.88,77.36,85.68,106211610,8871310562.7300,15.799000
2026-04-17,85.0,91.0,83.7,87.79,82154623,7187756636.2100,12.220500
2026-04-20,86.47,87.87,84.14,86.61,61860338,5331359842.2800,9.201700
2026-04-21,87.05,87.76,83.0,85.81,57510086,4938875209.1700,8.554600
2026-04-22,84.05,86.66,83.44,84.86,54171387,4577163693.6200,8.058000
2026-04-23,84.86,84.86,79.97,80.07,61933697,5037782971.4900,9.212700
2026-04-24,80.3,92.78,79.58,91.0,97797178,8541912156.6600,14.547400
2026-04-27,90.09,97.18,88.51,94.23,89165982,8191962322.0600,13.263500
2026-04-28,93.84,94.83,92.17,92.99,45211607,4208625823.0800,6.725200
2026-04-29,92.0,111.59,91.4,110.5,96587149,9876859984.3800,14.367400
2026-04-30,109.32,112.52,107.52,110.5,70365585,7725000101.9000,10.466900
2026-05-06,113.0,119.06,106.34,114.7,85857931,9598078186.7300,12.771400
2026-05-07,113.0,113.81,107.2,111.08,72972627,8032347529.0800,10.854700
2026-05-08,110.0,117.6,102.9,103.45,95518995,10270356154.3000,14.208500
2026-05-11,104.0,107.0,101.38,105.5,77579618,8070330738.6000,11.540000
2026-05-12,104.94,105.0,98.5,101.74,68820387,6955197999.1400,10.237100
2026-05-13,102.0,103.5,98.01,99.81,63898523,6361727782.1200,9.504900
2026-05-14,99.29,102.6,96.49,96.52,65531366,6517267352.9300,9.747800
2026-05-15,96.56,100.45,93.25,93.65,73501447,7096484819.0100,10.933400
