date,open,high,low,close,volume,amount,turnover
2020-01-02,16.99914984,17.7010896,16.94574138,17.6629407,4635939,105837424.03,5.896800
2020-01-03,17.80027674,17.80027674,17.3958984,17.64005136,4113109,94884092.3,5.231800
2020-01-06,17.5103451,17.9681319,17.3958984,17.92235322,5472967,126776318.75,6.961500
2020-01-07,18.28095288,19.3414923,18.0825786,18.47932716,12678540,307799099.19,16.126800
2020-01-08,18.311472,18.47932716,17.64005136,17.90709366,6993201,165637877.59,8.895200
2020-01-09,18.1588764,18.28095288,17.8155363,17.8918341,6061427,142841672.52,7.710000
2020-01-10,17.8918341,18.1588764,17.70871938,17.79264696,4374842,102707172.91,5.564700
2020-01-13,17.2433028,17.46456642,16.10646558,17.22804324,8689070,194481000.74,11.052300
2020-01-14,17.50271532,17.68583004,16.52610348,16.64055018,8176128,182655165.03,10.399900
2020-01-15,15.09933462,15.641049,14.97725814,15.2977089,14461335,289341984.99,18.394500
2020-01-16,14.9543688,16.8236649,14.9543688,16.34298876,14231432,295969564.32,18.102100
2020-01-17,16.57951194,17.13648588,16.24380162,16.6710693,11230543,247151995.01,14.285000
2020-01-20,16.785516,18.34199112,16.54899282,18.34199112,11436645,266754924.23,14.547200
2020-01-21,18.22754442,18.98289264,17.7010896,18.02917014,10403805,248253096.29,13.233400
2020-01-22,18.2351742,19.82979822,18.03679992,19.82979822,12646172,317082182.84,16.085700
2020-01-23,19.98239382,21.5922774,17.84605542,20.76826116,20144604,537713841.12,25.623500
2020-02-03,18.692961,18.692961,18.692961,18.692961,982100,24061450.0,1.249200
2020-02-04,17.548494,19.74587064,17.548494,18.37251024,14355847,354337981.29,18.260300
2020-02-05,18.5022165,20.21128722,18.5022165,19.6085346,12504151,323228072.84,15.905000
2020-02-06,19.455939,21.56938806,19.10496912,21.56938806,17750890,482272125.23,22.578700
2020-02-07,21.27182664,23.7286158,20.98952478,23.49209262,20162634,587274421.85,25.646400
2020-02-10,23.24030988,23.37001614,21.14212038,22.2026598,16013162,464174730.51,20.368400
2020-02-11,21.87457926,22.98852714,21.2870862,22.66807638,12229296,355108772.61,15.555400
2020-02-12,22.33999584,24.93412104,21.8211708,24.93412104,18217894,572410785.13,23.172800
2020-02-13,24.55263204,26.2464432,24.033807,24.033807,14759265,484691090.5,18.773500
2020-02-14,25.559763,26.4371877,25.559763,26.4371877,7131481,245874035.65,9.071100
2020-02-17,29.08472136,29.08472136,29.08472136,29.08472136,1129749,43066031.88,1.437000
2020-02-18,31.8924804,31.99166754,29.374653,31.99166754,29762837,1202452915.24,37.857700
2020-02-19,30.7861623,31.5109914,28.79478972,29.374653,23437325,931327903.16,29.811800
2020-02-20,28.51248786,29.59591662,26.5516344,28.62693456,20696515,759573500.38,26.325500
2020-02-21,28.230186,29.5272486,27.87158634,29.05420224,16093351,607413958.63,20.470400
2020-02-24,27.848697,29.35939344,27.5435058,28.73375148,14697694,549152664.97,18.695100
2020-02-25,27.3146124,28.37515182,25.85732442,27.14675724,18689596,661191467.95,23.772800
2020-02-26,25.95651156,26.70423,25.4834652,26.17777518,11261447,385380391.06,14.324300
2020-02-27,26.9331234,27.20779548,25.62080124,26.55926418,11552709,401916898.0,14.694800
2020-02-28,25.22405268,25.7123586,23.90410074,23.90410074,9532062,303149991.71,12.124600
2020-03-02,24.033807,24.59078094,23.05719516,24.15588348,8533166,268027123.42,10.854000
2020-03-03,24.42292578,25.83443508,24.1864026,24.85019346,12326680,402914707.37,15.679300
2020-03-04,24.25507062,24.71285742,23.3471268,24.21692172,7170986,226475999.02,9.121300
2020-03-05,24.74337654,25.91073288,23.92699008,25.39953762,8922056,289212907.18,11.348700
2020-03-06,24.9112317,25.3690185,24.68996808,24.7586361,5849396,191225062.86,7.440300
2020-03-09,23.652318,24.10247502,22.28658738,22.28658738,7916300,238215504.8,10.069400
2020-03-10,22.02717486,23.62179888,22.02717486,23.6141691,7599874,229799473.19,9.666900
2020-03-11,23.66757756,23.9193603,22.6604466,22.80541242,5924310,180462970.6,7.535600
2020-03-12,22.61466792,23.30134812,22.17214068,22.61466792,3889381,115818422.61,4.947200
2020-03-13,21.363384,23.41579482,20.981895,22.88934,7224319,213326040.64,9.189200
2020-03-16,23.1182334,23.1182334,20.600406,20.600406,8078184,228763587.14,10.275300
2020-03-17,20.981895,21.35575422,20.02054272,20.41729128,6380952,172293417.33,8.116400
2020-03-18,20.81403984,21.85168992,20.50121886,20.77589094,7747232,213591733.64,9.853200
2020-03-19,20.50884864,21.39390312,20.50884864,21.35575422,6645731,183686801.25,8.453200
2020-03-20,21.67620498,22.01954508,20.8674483,21.1344906,6766018,189700578.77,8.606200
2020-03-23,20.35625304,20.7530016,19.52460702,19.66957284,5783702,152419700.45,7.356700
2020-03-24,20.18839788,20.4096615,18.98289264,19.85268756,5754772,148852619.2,7.319900
2020-03-25,20.2952148,20.53936776,19.76875998,20.05106184,6036501,159449563.38,7.678300
2020-03-26,19.89083646,20.42492106,19.59327504,19.65431328,4705505,122874002.47,5.985300
2020-03-27,20.11210008,20.13498942,19.24993494,19.3033434,4058012,104438449.58,5.161700
2020-03-30,18.8455566,18.98289264,17.86131498,18.5022165,5168905,124914128.28,6.574700
2020-03-31,18.87607572,19.2270456,18.0825786,18.1588764,4792913,116392704.43,6.096500
2020-04-01,18.26569332,19.56275592,18.1588764,18.5785143,6893568,169620136.3,8.768500
2020-04-02,18.57088452,19.7229813,18.3496209,19.71535152,8357214,209996046.29,10.630200
2020-04-03,19.42541988,19.56275592,18.87607572,19.06682022,6395462,160556311.69,8.134900
2020-04-07,19.56275592,19.78401954,19.3033434,19.62379416,6195199,158715758.24,7.880200
2020-04-08,19.65431328,21.58464762,19.5322368,21.58464762,6859146,188418579.94,8.724700
2020-04-09,21.9737664,22.79778264,21.27182664,22.22554914,19033491,550656590.59,24.210200
2020-04-10,21.5922774,21.5922774,20.30284458,20.7148527,10267780,282588569.63,13.060400
2020-04-13,20.2952148,21.31760532,19.99765338,21.2107884,7204575,196175713.26,9.164100
2020-04-14,21.0963417,21.80591124,21.03530346,21.5159796,7747615,217388035.74,9.854800
2020-04-15,21.38627334,21.64568586,20.8292994,20.89033764,6886617,190905743.67,8.759600
2020-04-16,20.7530016,21.14975016,20.24943612,20.96663544,5357647,145625261.61,6.814800
2020-04-17,20.96663544,22.02717486,20.96663544,21.4396818,9474946,267523247.88,12.051900
2020-04-20,21.27945642,21.61516674,21.0963417,21.61516674,5735291,160263510.26,7.294400
2020-04-21,21.33286488,21.47020092,20.51647842,20.95137588,5808023,158922348.97,7.387700
2020-04-22,20.53936776,21.24130752,20.43255084,20.95137588,4359380,119487362.8,5.545000
2020-04-23,20.95137588,21.10397148,20.4478104,20.45544018,4359820,118335238.94,5.545600
2020-04-24,20.1044703,20.42492106,19.31097318,19.31097318,5858130,151379464.35,7.450600
2020-04-27,19.31097318,19.5322368,18.81503748,18.87607572,3762329,94181508.0,4.785100
2020-04-28,18.89133528,19.455939,16.99152006,19.09733934,5646842,138378766.81,7.181900
2020-04-29,18.76162902,19.1888967,18.68533122,18.8837055,3023542,75069588.46,3.845500
2020-04-30,19.14311802,20.32573392,19.13548824,20.15787876,6466929,168924567.37,8.224900
2020-05-06,19.90609602,21.30234576,19.7992791,21.12686082,8449799,229518745.95,10.746800
2020-05-07,21.18026928,21.62279652,20.98952478,21.22604796,8240683,230031613.81,10.480800
2020-05-08,21.45494136,22.21028958,21.26419686,21.56938806,8813313,249979979.61,11.209100
2020-05-11,21.8211708,22.0500642,21.08108214,21.33286488,6129241,172913565.43,7.795400
2020-05-12,21.4015329,21.68383476,20.9055972,21.5922774,5631680,157914232.2,7.162600
2020-05-13,21.41679246,21.96613662,21.30234576,21.69909432,6613800,187600177.0,8.411700
2020-05-14,21.63805608,21.92798772,21.4396818,21.54649872,4695183,133444560.82,5.971500
2020-05-15,21.72961344,22.15688112,21.42442224,21.7067241,7967918,228376152.65,10.133900
2020-05-18,22.13399178,22.33999584,21.11160126,21.1344906,7501062,213643998.6,9.540100
2020-05-19,21.47020092,22.57651902,21.41679246,22.07295354,10513700,304145810.35,13.371700
2020-05-20,21.86694948,23.21742054,21.68383476,22.55362968,13351345,393150774.64,16.980800
2020-05-21,22.4697021,22.5459999,20.43255084,20.5622571,12384771,344958836.03,15.751400
2020-05-22,20.6385549,22.6222977,20.31047436,21.6304263,16539215,473009495.86,21.035200
2020-05-25,21.67620498,21.76013256,19.7992791,19.94424492,12639287,340495679.58,16.075100
2020-05-26,20.15787876,20.68433358,19.74587064,20.63092512,7275707,194283261.06,9.253500
2020-05-27,20.62329534,20.981895,19.84505778,20.18839788,6414908,169558134.92,8.158700
2020-05-28,20.0663214,20.1426192,19.02104154,19.4940879,7079690,180360495.5,9.004200
2020-05-29,19.3796412,19.55512614,18.8837055,18.9218544,5903910,148229112.43,7.508800
2020-06-01,19.05156066,20.4096615,19.01341176,20.2952148,8903871,231978247.92,11.324300
2020-06-02,20.31810414,21.72961344,20.218917,21.72961344,11116361,308272309.6,14.138200
2020-06-03,21.58464762,22.88934,21.19552884,21.98139618,14731979,426800003.58,18.736700
2020-06-04,21.98902596,22.37814474,21.4396818,21.76013256,10398000,297801732.46,13.224600
2020-06-05,21.76776234,22.59940836,21.69909432,21.96613662,9328280,270789377.0,11.864100
2020-06-08,22.0882131,22.41629364,21.41679246,21.8211708,6840370,196892359.1,8.699900
2020-06-09,21.6685752,21.76776234,21.19552884,21.34812444,5035658,141298635.2,6.404500
2020-06-10,21.2870862,21.2870862,20.40203172,20.6767038,5325798,144634852.5,6.773600
2020-06-11,20.58514644,20.9055972,20.20365744,20.32573392,6089063,163685304.03,7.744300
2020-06-12,19.77638976,20.30284458,19.55512614,20.1807681,4697472,123295716.72,5.974400
2020-06-15,19.837428,20.89033764,19.82979822,19.88320668,6162262,162704478.54,7.837400
2020-06-16,20.04343206,21.15737994,20.03580228,21.14975016,8255042,223113418.08,10.499100
2020-06-17,21.14975016,21.23367774,20.16550854,20.76826116,7338142,197711829.53,9.332900
2020-06-18,20.5622571,20.92848654,20.46306996,20.6767038,4668794,126782945.48,5.938000
2020-06-19,20.6385549,20.74537182,20.218917,20.5241082,4686360,125654260.6,5.960300
2020-06-22,20.58514644,21.65331564,20.58514644,21.49309026,9912254,275801419.48,12.606800
2020-06-23,20.81403984,21.04293324,20.2570659,21.01241412,9291383,252468915.39,11.817100
2020-06-24,21.00478434,21.98902596,20.89033764,21.58464762,10156740,284733437.2,12.917700
2020-06-29,21.44731158,22.34762562,20.981895,21.98902596,10498884,299036330.34,13.526800
2020-06-30,21.98139618,22.32473628,21.86694948,22.18740024,9764450,282086417.79,12.580500
2020-07-01,22.86645066,24.2627004,22.43918298,23.36238636,19681883,600162898.75,25.358200
2020-07-02,22.95800802,23.7667647,22.91985912,23.2326801,13059609,398491485.01,16.826000
2020-07-03,23.04956538,23.04956538,21.9737664,22.49259144,11345528,333925557.45,14.617600
2020-07-06,22.29421716,23.9575092,22.28658738,23.9575092,13765730,422172445.13,17.735800
2020-07-07,24.3389982,25.6742097,23.8812114,24.5678916,14447832,468536225.45,18.614600
2020-07-08,24.23218128,24.97989972,24.10247502,24.8349339,9775447,315107192.18,12.594700
2020-07-09,24.415296,25.62080124,24.27033018,25.3308696,12797081,419742903.17,16.492300
2020-07-10,24.94175082,26.7805278,24.796785,26.3990388,14913142,503266639.4,10.587300
2020-07-13,26.6660811,27.2383146,25.7123586,27.02468076,12049147,420364653.1,8.554100
2020-07-14,28.230186,29.21442762,27.19253592,27.40616976,14052952,518452725.74,9.976700
2020-07-15,26.88734472,28.97027466,26.88734472,27.6961014,11033098,403775619.38,7.832800
2020-07-16,27.91736502,28.7642706,25.46820564,26.0556987,12752743,460716562.99,9.053600
2020-07-17,27.20779548,27.3146124,25.941252,26.21592408,8097320,281563727.05,5.748600
2020-07-20,26.46770682,26.82630648,23.59127976,25.2164229,12240674,395464838.46,8.690100
2020-07-21,25.178274,25.78102662,24.32373864,25.0256784,6940909,229087399.53,4.927600
2020-07-22,25.178274,25.559763,24.88071258,25.39190784,6155533,203965558.37,4.370000
2020-07-23,25.1019762,26.1701454,24.62892984,25.68183948,7232820,241500851.7,5.134800
2020-07-24,25.52924388,25.70472882,23.7286158,23.9956581,6087300,197869798.84,4.321600
2020-07-27,24.13299414,24.47633424,23.4234246,24.36951732,3729768,117677175.4,2.647900
2020-07-28,24.4534449,25.54450344,24.033807,24.99515928,5328645,173105108.77,3.783000
2020-07-29,24.81204456,26.5516344,24.80441478,26.322741,9448161,323488318.05,6.707600
2020-07-30,27.07045944,27.07045944,25.7886564,26.33800056,6913270,237608401.9,4.908000
2020-07-31,26.14725606,27.55876536,26.14725606,27.45957822,8165080,287087514.4,5.796700
2020-08-03,27.5816547,28.65745368,27.51298668,28.52011764,8074481,298800885.5,5.732300
2020-08-04,28.66508346,29.28309564,28.0012926,29.00842356,7719661,291927926.51,5.480400
2020-08-05,29.756142,30.7861623,28.06996062,29.1457596,8504441,325248999.56,6.037600
2020-08-06,28.993164,29.74088244,28.59641544,28.93212576,6203200,235256087.97,4.403900
2020-08-07,29.2220574,29.97740562,28.230186,29.5272486,7671740,293658469.6,5.446400
2020-08-10,30.900609,32.47997346,30.900609,32.47997346,4226966,178130791.62,3.000900
2020-08-11,35.72262996,35.73025974,34.6392012,35.5166259,13339932,621675210.44,9.470500
2020-08-12,34.33401,37.21806684,33.952521,36.61531422,15475832,721871655.34,10.986800
2020-08-13,38.1489,38.530389,34.50186516,35.9362638,10432284,495540743.6,7.406200
2020-08-14,36.11174874,37.5385176,35.18091558,37.4622198,9931920,478332982.0,7.051000
2020-08-17,37.385922,41.20844178,37.385922,41.20844178,11482548,600470561.4,8.151900
2020-08-18,41.21607156,43.871235,40.45309356,41.97141978,11621366,644153670.52,8.250400
2020-08-19,42.02482824,42.70387866,39.5222604,40.6667274,9676028,518558621.0,6.869300
2020-08-20,39.68248578,39.85034094,37.82844924,38.77454196,6980566,354798333.41,4.955700
2020-08-21,39.7511538,40.07923434,36.19567632,36.6992418,7762403,381285619.62,5.510800
2020-08-24,37.64533452,40.3615362,35.76840864,39.05684382,10709944,535645526.6,7.603400
2020-08-25,39.07210338,40.10212368,38.3014956,38.82032064,7715108,396886458.48,5.477200
2020-08-26,38.911878,41.0482164,38.1489,38.8355802,8734400,452590423.37,6.200800
2020-08-27,38.1489,40.10212368,37.47747936,38.85846954,7491940,381368488.0,5.318800
2020-08-28,39.24758832,41.6204499,38.04208308,41.58993078,8987420,469420900.94,6.380500
2020-08-31,42.8793636,48.449103,42.0782367,47.19781908,13541516,811893106.17,9.613600
2020-09-01,46.541658,47.9913162,44.9012553,46.06861164,9781288,588747049.8,6.944100
2020-09-02,45.397191,47.21307864,44.09249862,46.09150098,7835549,465502391.42,5.562700
2020-09-03,45.77868,46.160169,44.1001284,44.9394042,5940580,351822028.4,4.217400
2020-09-04,44.26035378,45.8549778,43.13877612,44.74102992,6653576,388106579.6,4.723600
2020-09-07,45.015702,47.0375937,41.96379,43.489746,8410300,496543616.09,5.970800
2020-09-08,43.1845548,50.356548,39.03395448,43.52026512,11226081,621030328.65,7.969800
2020-09-09,42.5741724,42.5741724,38.05734264,39.27047766,8603932,450212504.32,6.108200
2020-09-10,39.293367,40.43020422,36.622944,37.385922,5265555,265155377.66,3.738200
2020-09-11,36.08122962,39.7893027,35.86759578,39.7893027,6492547,320599352.6,4.609300
2020-09-14,39.85797072,40.6667274,38.3014956,40.6667274,6557568,341250046.6,4.655400
2020-09-15,39.674856,40.02582588,38.1489,38.78980152,4528915,232167137.09,3.215200
2020-09-16,38.98054602,39.16366074,37.0807308,37.17991794,3705771,184445226.32,2.630900
2020-09-17,37.2333264,38.48461032,36.7755396,38.33201472,3447929,170684986.3,2.447800
2020-09-18,39.03395448,39.85034094,38.38542318,39.293367,4189016,215401832.8,2.973900
2020-09-21,39.293367,39.9800472,38.4540912,39.20943942,2899811,149870054.65,2.058700
2020-09-22,39.00343536,40.71250608,38.530389,39.50700084,3698012,191515858.68,2.625300
2020-09-23,39.57566886,40.56754026,39.07973316,40.30812774,3527700,184133072.81,2.504400
2020-09-24,40.75828476,41.7348966,40.41494466,40.91088036,5118620,274954924.0,3.633900
2020-09-25,40.91088036,41.36866716,38.27097648,39.54514974,4205063,219025645.32,2.985300
2020-09-28,39.58329864,40.2852384,36.76028004,37.59955584,4751063,236803224.58,3.372900
2020-09-29,38.82032064,38.82032064,37.5385176,37.6148154,1778100,88455345.0,1.262300
2020-09-30,38.7211335,38.7211335,37.09599036,37.71400254,2640216,130730241.7,1.874400
2020-10-09,38.4540912,40.21657038,38.10312132,39.35440524,3426980,175887328.6,2.432900
2020-10-12,40.15553214,40.34627664,38.99580558,40.25471928,4990060,260363602.2,3.542600
2020-10-13,40.19368104,44.1382773,39.23995854,43.0319592,7465571,408910538.45,5.300100
2020-10-14,43.11588678,44.2145751,42.726768,43.5660438,5591560,317238784.8,3.969600
2020-10-15,43.29137172,43.29137172,37.385922,38.74402284,8274800,432593305.0,5.874600
2020-10-16,38.78980152,39.52989018,37.004433,37.45459002,5390680,267797229.2,3.827000
2020-10-19,37.767411,38.1870489,37.385922,37.47747936,2657100,131432569.0,1.886400
2020-10-20,37.47747936,37.81318968,34.57053318,35.859966,7280448,340315617.4,5.168600
2020-10-21,35.87522556,36.622944,31.99166754,32.02218666,8635500,376471490.2,6.130600
2020-10-22,32.045076,32.64019884,31.13713218,32.05270578,6686795,281234896.44,4.747200
2020-10-23,32.09085468,32.3884161,30.6717156,31.12187262,5795475,239268924.07,4.114400
2020-10-26,30.96164724,31.80092304,30.61830714,31.35076602,3678255,151145432.86,2.611300
2020-10-27,31.36602558,32.41893522,31.19817042,31.44995316,6251066,260780810.18,4.437800
2020-10-28,31.61780832,32.25108006,31.28972778,32.12900358,5630252,234853217.55,3.997100
2020-10-29,31.67121678,32.2739694,31.06846416,31.1295024,7298204,302840738.56,5.181200
2020-10-30,31.2439491,32.16715248,30.9387579,31.26683844,6206633,255750119.0,4.406300
2020-11-02,30.81668142,31.75514436,30.2139288,31.5872892,5619088,228721296.44,3.989200
2020-11-03,32.045076,34.31875044,31.90773996,33.17428344,9646014,418063508.02,6.848000
2020-11-04,33.0369474,33.16665366,32.36552676,32.51812236,6013821,257269343.5,4.269400
2020-11-05,33.0750963,34.24245264,32.58679038,33.9143721,9345843,409558170.08,6.634900
2020-11-06,35.31825162,37.25621574,34.3721589,35.56240458,15327918,716139298.98,10.881800
2020-11-09,35.8218171,41.8874922,35.8218171,40.41494466,18526058,954096207.57,13.152300
2020-11-10,39.50700084,45.6642333,38.3014956,40.62094872,20983899,1145405787.85,14.897200
2020-11-11,41.15503332,42.345279,39.35440524,40.81169322,13934657,743105082.26,9.892700
2020-11-12,40.819323,41.53652232,39.1026225,39.75878358,10354277,542256621.94,7.350900
2020-11-13,39.18655008,40.88036124,37.385922,39.69011556,10165101,525419263.98,7.216500
2020-11-16,39.7511538,40.04871522,38.530389,39.17129052,7311103,377455289.9,5.190400
2020-11-17,39.69774534,40.04871522,35.859966,37.66822386,12710970,624632985.17,9.023900
2020-11-18,37.767411,38.95765668,36.82131828,37.89711726,8715007,433054012.01,6.187100
2020-11-19,37.82844924,41.6204499,37.29436464,39.83508138,13656478,712397662.38,9.695200
2020-11-20,38.99580558,39.65196666,37.83607902,38.56090812,9662026,488391712.8,6.859400
2020-11-23,38.36253384,38.62957614,37.40881134,37.9200066,7242540,360879301.8,5.141700
2020-11-24,38.20230846,39.36203502,37.66059408,38.66772504,9138945,463440450.66,6.488000
2020-11-25,38.69061438,39.72826446,37.77504078,38.29386582,8535102,435495916.16,6.059400
2020-11-26,38.1489,38.911878,37.69874298,37.85896836,6742640,337843109.24,4.786800
2020-11-27,37.4622198,38.27097648,36.2033061,36.4703484,9169100,443313511.0,6.509500
2020-11-30,36.63057378,36.9281352,34.33401,34.42556736,11343608,522641501.45,8.053200
2020-12-01,34.24245264,34.76127768,34.04407836,34.4866056,6478240,292473150.38,4.599100
2020-12-02,34.72312878,36.34827192,34.4866056,35.73788952,9528244,441174694.82,6.764400
2020-12-03,36.0125616,37.004433,35.40980898,35.47084722,8184492,388426734.3,5.810400
2020-12-04,35.096988,36.04308072,34.82231592,35.2495836,5268029,244361501.61,3.740000
2020-12-07,35.76840864,36.04308072,34.57816296,34.57816296,5588536,257298466.96,3.967500
2020-12-08,34.38741846,35.0206902,34.38741846,34.76890746,3854811,175626293.13,2.736700
2020-12-09,35.49373656,35.79129798,34.1051166,34.15852506,5972992,274794400.19,4.240400
2020-12-10,33.48710442,34.31875044,33.2658408,33.50999376,5390260,239124421.6,3.826700
2020-12-11,33.7999254,33.8762232,32.13663336,32.55627126,6821340,292717341.8,4.842700
2020-12-14,32.6936073,33.3802875,32.3502672,32.83094334,3690913,158859414.79,2.620300
2020-12-15,32.70886686,33.10561542,32.13663336,32.808054,4065600,174014162.0,2.886300
2020-12-16,32.808054,32.808054,31.90011018,31.90011018,4261473,180349961.86,3.025400
2020-12-17,31.9306293,32.426565,31.29735756,32.3121183,3772395,158277308.8,2.678200
2020-12-18,33.44895552,34.2195633,32.22056094,32.31974808,6916515,301268077.5,4.910300
2020-12-21,31.96114842,33.3039897,31.74751458,32.58679038,5459733,234183448.18,3.876000
2020-12-22,32.3502672,32.86909224,31.50336162,31.5109914,5432120,228946495.22,3.856400
2020-12-23,31.4346936,32.17478226,30.80142186,31.8924804,4763502,197209168.52,3.381800
2020-12-24,32.045076,33.78466584,32.02981644,32.98353894,8424460,365262594.2,5.980800
2020-12-25,32.7317562,32.808054,32.0832249,32.38078632,5148663,218577209.87,3.655200
2020-12-28,32.70886686,32.70886686,29.2220574,29.5272486,8685512,350058620.25,6.166100
2020-12-29,29.28309564,32.1213738,29.28309564,31.21342998,7497600,306520954.87,5.322800
2020-12-30,31.04557482,32.1213738,30.19103946,31.98403776,5842220,238400202.7,4.147600
2020-12-31,32.36552676,33.3802875,31.8924804,33.15902388,5633579,242158329.64,3.999500
2021-01-04,32.86909224,33.76940628,32.53338192,33.4947342,5868408,255614039.4,4.166200
2021-01-05,33.35739816,33.35739816,31.90773996,32.86146246,10177640,433047278.83,6.498100
2021-01-06,33.36502794,33.93726144,32.06033556,32.06033556,7164534,308959182.51,4.574400
2021-01-07,31.78566348,32.03744622,30.31311594,30.53437956,6303717,255714176.67,4.024700
2021-01-08,30.20629902,32.5410117,30.14526078,31.71699546,6912487,287270129.47,4.413400
2021-01-11,32.13663336,33.32687904,31.86959106,31.87722084,7094679,302255400.84,4.529800
2021-01-12,31.8924804,31.91536974,30.46571154,30.99979614,5719985,231818050.95,3.652100
2021-01-13,30.7861623,31.663587,30.19866924,30.99979614,5525920,224216171.4,3.528100
2021-01-14,30.8624601,33.09798564,30.68697516,32.5791606,10073778,425699061.38,6.431800
2021-01-15,32.13663336,32.7317562,30.87008988,31.55677008,8409984,350357230.81,5.369500
2021-01-18,31.282098,33.71599782,31.03031526,33.12087498,10681393,460371311.99,6.819800
2021-01-19,33.28873014,34.22719308,33.0369474,33.43369596,9884300,435287482.95,6.310800
2021-01-20,33.54814266,34.97491152,32.86146246,34.8299457,12292418,552497095.8,7.848400
2021-01-21,35.00543064,35.01306042,33.97541034,34.61631186,9179643,414631554.49,5.860900
2021-01-22,35.53188546,36.0125616,33.57866178,34.70023944,13485418,614132131.6,8.610100
2021-01-25,34.54001406,34.54001406,33.19717278,33.4565853,8761097,388062571.38,5.593700
2021-01-26,33.4947342,34.5247545,32.70123708,32.808054,6489400,284675751.0,4.143300
2021-01-27,32.9987985,33.189543,30.92349834,31.22105976,7688765,319056393.08,4.909100
2021-01-28,30.9769068,31.87722084,30.58778802,30.81668142,4865015,198460728.12,3.106200
2021-01-29,28.9168662,28.9168662,25.3308696,25.9031031,13613038,475084022.86,8.691500
2021-02-01,25.7123586,26.16251562,24.9493806,25.39190784,7195911,239636569.71,4.594400
2021-02-02,25.4071674,25.4834652,24.4915938,24.73574676,6055952,197313968.52,3.866600
2021-02-03,24.9493806,25.14775488,23.79728382,24.00328788,5827390,186723697.4,3.720600
2021-02-04,23.81254338,24.3771471,23.10297384,24.06432612,5796500,180191524.0,3.700900
2021-02-05,24.01854744,24.2627004,22.8511911,23.01141648,4125418,127519346.48,2.634000
2021-02-08,23.16401208,23.8049136,22.89696978,23.35475658,3764178,115798864.78,2.403300
2021-02-09,23.3471268,24.62892984,23.12586318,24.49922358,4169389,131315397.38,2.662000
2021-02-10,24.47633424,24.78152544,24.1864026,24.59841072,3077260,98881022.0,1.964700
2021-02-18,25.10960598,26.5897833,24.8730828,26.12436672,5631309,191890142.64,3.595400
2021-02-19,25.94888178,26.68897044,25.68946926,26.52874506,4151285,142991170.89,2.650500
2021-02-22,26.5516344,27.32224218,26.22355386,26.22355386,4336785,152144046.66,2.768900
2021-02-23,25.83443508,26.8949745,25.5979119,26.39140902,3499200,120991329.0,2.234100
2021-02-24,26.17777518,27.60454404,26.17777518,26.99416164,4753870,168987597.82,3.035200
2021-02-25,27.26120394,27.40616976,26.30748144,26.5897833,3427540,119817298.62,2.188400
2021-02-26,26.3990388,27.2001657,26.20066452,26.46007704,2657715,93073863.12,1.696900
2021-03-01,26.5134855,27.97077348,26.5134855,27.80291832,4028230,145165684.0,2.571900
2021-03-02,28.0394415,28.14625842,27.2001657,27.67321206,3348697,121037478.23,2.138000
2021-03-03,27.47483778,27.75713964,27.06282966,27.45957822,2750708,98438679.96,1.756200
2021-03-04,27.19253592,27.6961014,26.21592408,26.5134855,3717294,130528357.02,2.373400
2021-03-05,26.10147738,27.38328042,26.10147738,27.2001657,3057470,108106572.3,1.952100
2021-03-08,27.3146124,28.22255622,26.63556198,26.79578736,3533300,127078413.2,2.255900
2021-03-09,26.71185978,27.0475701,25.178274,25.51398432,3348356,114205046.52,2.137800
2021-03-10,25.78102662,26.0938476,24.80441478,24.8349339,2682800,88539560.0,1.712900
2021-03-11,25.20879312,27.0094212,24.94175082,26.72711934,4442655,152005553.85,2.836500
2021-03-12,26.5897833,27.3146124,26.00229024,26.21592408,3641791,126862238.27,2.325200
2021-03-15,25.96414134,26.13962628,24.70522764,24.89597214,3549000,117386681.0,2.265900
2021-03-16,26.10147738,27.75713964,26.00992002,26.00992002,6040998,211469400.5,3.857000
2021-03-17,26.33800056,26.61267264,25.49872476,25.9031031,4157476,141228942.6,2.654400
2021-03-18,25.941252,26.10147738,25.24694202,25.46057586,3705246,124417846.2,2.365700
2021-03-19,25.31561004,25.66657992,25.04856774,25.22405268,2249476,74763576.16,1.436200
2021-03-22,25.32323982,25.62080124,25.14775488,25.42242696,2087152,69437026.08,1.332600
2021-03-23,25.66657992,26.50585572,25.50635454,25.79628618,3688532,125460297.68,2.355000
2021-03-24,25.52924388,25.55213322,24.7586361,24.88834236,2656186,87319037.32,1.695900
2021-03-25,24.88071258,25.15538466,24.53737248,24.90360192,1715500,56059731.0,1.095300
2021-03-26,24.93412104,25.65895014,24.72811698,25.53687366,2589624,85552495.96,1.653400
2021-03-29,25.97177112,26.61267264,25.49109498,25.941252,4203582,143800303.82,2.683900
2021-03-30,25.79628618,26.38377924,25.73524794,26.16251562,3030360,103417004.35,1.934800
2021-03-31,26.0938476,27.2383146,25.96414134,27.13149768,5211749,183249844.53,3.327600
2021-04-01,27.16964658,28.24544556,26.99416164,28.1157393,6383779,233278370.71,4.075900
2021-04-02,28.3064838,30.89297922,28.29122424,30.4046733,10723574,419220452.1,6.846700
2021-04-06,30.7098645,31.64069766,29.9087376,31.32787668,8770993,354113516.04,5.600000
2021-04-07,31.1295024,33.69310848,30.52674978,33.20480256,10373134,439382274.92,6.623000
2021-04-08,32.81568378,33.56340222,32.52575214,33.00642828,6599376,285929826.55,4.213500
2021-04-09,34.6392012,36.05834028,33.25821102,35.23432404,17301784,793021536.42,11.046700
2021-04-12,34.95202218,37.2333264,34.95202218,35.859966,13259067,631444722.06,8.465500
2021-04-13,36.4321995,36.59242488,34.57053318,35.096988,10553598,490967866.85,6.738200
2021-04-14,35.096988,36.4321995,35.07409866,35.9362638,6708055,315733139.87,4.282900
2021-04-15,35.5547748,37.17991794,35.48610678,36.85946718,6533953,313163921.88,4.171700
2021-04-16,37.05021168,37.83607902,36.3940506,36.60005466,5437563,262650275.96,3.471700
2021-04-19,36.3177528,36.56190576,35.76840864,36.34827192,6657800,315623791.2,4.250800
2021-04-20,36.0125616,37.59955584,35.6310726,36.47797818,5975748,287603947.08,3.815300
2021-04-21,36.44745906,38.44646142,36.28723368,37.90474704,5790919,285546096.2,3.697300
2021-04-22,38.05734264,39.62907732,37.40118156,38.85846954,7132202,363629380.84,4.553700
2021-04-23,38.88898866,43.6041927,38.88898866,43.52026512,10408553,571119338.98,6.645600
2021-04-26,43.9093839,46.2746157,42.726768,45.03859134,11368200,667691582.4,7.258300
2021-04-27,44.71814058,45.38956122,41.56704144,42.4215768,10989970,617600253.94,7.016800
2021-04-28,42.35290878,43.6423416,41.81882418,42.82595514,6257592,350905281.84,3.995300
2021-04-29,43.06247832,44.91651486,42.40631724,42.5741724,7671085,435135164.36,4.897800
2021-04-30,42.8793636,43.2608526,42.1545345,42.42920658,5260722,294404025.34,3.358800
2021-05-06,42.14690472,42.8793636,41.45259474,42.345279,6587890,365024007.83,4.206200
2021-05-07,42.50550438,42.61995108,37.385922,38.0726022,12898688,665290069.12,8.235500
2021-05-10,38.4922401,38.4922401,36.4703484,36.83657784,6672580,326745925.0,4.260300
2021-05-11,36.82894806,37.51562826,36.46271862,37.1951775,5439196,264028682.2,3.472800
2021-05-12,37.1188797,44.634213,36.87472674,44.634213,11256665,606290541.7,7.187100
2021-05-13,45.77868,50.738037,45.61845462,47.69375478,16274854,1026486495.79,10.391000
2021-05-14,48.55591992,49.18156188,46.79344074,47.80820148,8843143,555234611.0,5.646100
2021-05-17,48.24309894,51.02796864,48.24309894,49.12052364,11075600,722389226.6,7.071500
2021-05-18,49.05185562,50.72277744,48.2583585,49.5172722,6605265,428397489.82,4.217300
2021-05-19,50.15817372,50.2802502,48.8687409,49.7843145,4990607,324215157.76,3.186400
2021-05-20,49.5172722,51.34078962,48.830592,50.00557812,6597569,433959462.35,4.212400
2021-05-21,50.79907524,53.08800924,50.49388404,52.01984004,8597398,584325537.26,5.453300
2021-05-24,52.95830298,53.41608978,48.830592,50.1276546,7719900,510873513.68,4.896700
2021-05-25,50.7761859,51.3484194,49.33415748,49.73090604,5630837,370312634.85,3.571600
2021-05-26,50.26499064,50.26499064,47.96842686,49.50201264,5134117,329949660.0,3.256500
2021-05-27,49.551747,56.2979487,49.50199625,54.51687185,15662568,840546383.16,7.642000
2021-05-28,53.7905109,58.1884772,52.8153962,56.86510725,13621864,761921786.49,6.646400
2021-05-31,56.8551571,57.50191685,55.8800424,56.46710125,7885513,448873731.63,3.847500
2021-06-01,56.52680215,58.85513725,54.8054262,55.6213385,9674602,548610270.74,4.720400
2021-06-02,54.71587485,56.2183475,52.78554575,55.71088985,9902955,543687959.61,4.831800
2021-06-03,55.7009397,59.6013985,54.07906525,57.88002255,11419796,661597652.78,5.571900
2021-06-04,57.9894742,67.5615185,57.8302718,66.71575575,16317478,1035823758.77,7.961600
2021-06-07,69.65105,72.437092,67.8202224,69.00429025,16626567,1166416689.58,8.112400
2021-06-08,69.04409085,70.6659653,66.7655065,69.48189745,11891348,820724559.45,5.802000
2021-06-09,69.4321467,70.2082584,66.3675005,67.61126925,10424438,710430351.67,5.086300
2021-06-10,67.67097015,68.82518755,66.55655335,68.06897615,9154454,622517110.79,4.466600
2021-06-11,68.72568605,72.3176902,67.1436122,70.07890645,11443546,803127623.9,5.583500
2021-06-15,71.442077,73.5117082,68.656035,69.5714488,9210424,656379641.37,4.493900
2021-06-16,68.9943401,71.3624758,66.7456062,67.6212194,8072749,558327734.26,3.938800
2021-06-17,66.33765005,73.89976405,66.33765005,72.02913585,13925472,988216646.98,6.794500
2021-06-18,71.5813791,72.1186872,68.42718155,72.08883675,11578904,817532751.97,5.649600
2021-06-21,70.55651365,81.42207745,70.55651365,78.61613515,12583935,968826202.25,6.139900
2021-06-22,78.81513815,79.63105045,75.17338325,75.9395448,9468672,727737878.63,4.619900
2021-06-23,76.218149,85.0737825,75.223134,83.53150925,13560752,1089892003.65,6.616500
2021-06-24,82.0887375,85.57129,80.00915615,84.974281,10023361,826989325.28,4.890600
2021-06-25,84.974281,89.4319482,82.59619515,86.2678005,9520335,823600580.87,4.645100
2021-06-28,85.57129,103.4616597,85.173284,99.25274625,12684185,1235104542.79,6.188800
2021-06-29,99.5015,110.8844716,98.01892765,109.1531455,14160035,1478652015.09,6.908900
2021-06-30,122.386845,130.9837746,117.9092775,130.9837746,8132036,1035790342.1,3.967800
2021-07-01,137.31207,145.18263865,114.426725,127.958929,19316761,2539539999.87,9.425000
2021-07-02,129.9290587,145.1726885,124.8743825,138.79464235,19372973,2612365605.62,9.452400
2021-07-05,144.68513115,152.038292,127.3221194,143.31201045,29331176,4011093866.7,14.311200
2021-07-06,140.0384111,148.6751413,135.86929825,141.5906345,20343892,2898787153.38,9.926200
2021-07-07,137.64042495,165.4709945,134.327025,161.8690402,21523144,3278527933.12,10.501500
2021-07-08,159.70985765,167.16252,156.814364,158.45613875,19093211,3109643148.28,9.315900
2021-07-09,158.49593935,160.197415,143.23240925,147.6801263,19300151,2886304406.81,9.416900
2021-07-12,149.849259,154.227325,142.29709515,150.89402475,17258315,2587140366.9,8.420600
2021-07-13,147.26222,149.0930476,132.4563968,134.5857289,23192098,3263839218.67,11.315800
2021-07-14,137.2125685,147.26222,134.8245325,140.94387475,20903098,2968883197.15,10.199000
2021-07-15,137.32202015,145.869199,135.9787499,143.5607642,12328806,1763519813.92,6.015400
2021-07-16,141.7498369,149.22239955,139.3021,141.3717312,13753894,1994045573.49,6.710800
2021-07-19,136.3767559,145.7696975,135.7598466,142.5259486,9623838,1373105218.24,4.695600
2021-07-20,141.9488399,148.9338452,138.8045925,147.6403257,13535201,1974702061.59,6.604100
2021-07-21,147.26222,159.3218018,145.60054495,150.0283617,18931902,2890205442.91,9.237200
2021-07-22,148.257235,159.2024,143.27220985,156.814364,18688817,2866782459.38,9.118600
2021-07-23,154.3268265,169.08289895,152.3367965,163.18246,16146594,2633484088.18,7.878200
2021-07-26,160.20736515,173.10275955,156.24720545,169.0331482,18130697,3016468220.17,8.846300
2021-07-27,167.96848215,177.95843275,156.7148625,159.8591099,21772941,3692224259.09,10.623400
2021-07-28,154.227325,156.9934667,135.32204,141.60058465,18327572,2689888479.58,8.942400
2021-07-29,146.7647125,153.97857125,144.32692575,149.89900975,16745244,2501754659.8,8.170300
2021-07-30,150.8840746,157.7894787,145.7696975,146.7647125,13888751,2100495840.71,6.776600
2021-08-02,143.29211015,149.4711533,136.1976532,148.456238,15863995,2263217567.49,7.740300
2021-08-03,148.257235,148.257235,128.754941,131.3220797,19679421,2683086478.47,9.649300
2021-08-04,131.3618803,138.1876832,131.3618803,135.15288745,16778268,2274087646.26,8.226800
2021-08-05,133.4315115,138.506088,131.59073375,131.739986,11791177,1591607237.2,5.781500
2021-08-06,133.83946765,136.10810185,122.93410325,126.9440137,16185389,2066411240.33,7.936100
2021-08-09,125.36193985,130.0484605,122.43659575,128.0584305,12895578,1641384400.98,6.323000
2021-08-10,128.3768353,129.0335452,120.396815,124.34702455,11278444,1407223195.25,5.530100
2021-08-11,123.6604642,125.14303655,120.2575129,123.6206636,9696057,1196138467.95,4.754200
2021-08-12,123.63061375,129.0335452,123.01370445,124.12812125,12955492,1637887573.38,6.352400
2021-08-13,117.81972615,119.4018,113.43171,114.41677485,16772136,1950852164.85,8.223800
2021-08-16,115.7202445,131.33202985,115.023734,128.84449235,23197927,2904848236.74,11.374500
2021-08-17,131.3618803,134.45637695,126.29725395,128.356935,14439138,1877896060.78,7.079900
2021-08-18,129.66040465,134.83448265,125.2126876,129.35195,15677524,2058444482.11,7.687100
2021-08-19,127.53107255,129.550953,121.97888885,125.97884915,11841956,1504450045.14,5.806400
2021-08-20,126.31715425,133.8295175,125.6902948,126.8246119,14312830,1866004455.2,7.017900
2021-08-23,125.3917903,128.356935,122.9639537,123.33210925,13213586,1664982237.5,6.478900
2021-08-24,122.5460474,129.2325482,119.6207033,124.0982708,14431237,1812645417.85,7.076000
2021-08-25,124.5161771,131.8394875,124.5161771,129.35195,14435536,1858430892.15,7.078100
2021-08-26,131.35193015,132.9141037,125.4912918,129.3718503,15079826,1962400053.14,7.394000
2021-08-27,127.0833158,127.1032161,122.67539935,123.38186,12475166,1561678684.59,6.116900
2021-08-30,123.4017603,126.8445122,116.5162565,118.008779,12788987,1561369931.41,6.270800
2021-08-31,116.2973532,119.1032955,114.5262265,117.42172015,9392414,1101746236.99,4.605300
2021-09-01,119.31224865,119.39184985,112.635698,115.222737,8318998,967311710.08,4.079000
2021-09-02,115.42174,115.9590481,110.85462115,111.44168,9755962,1107158027.61,4.783600
2021-09-03,110.4864656,114.15807095,108.058629,111.21282655,9817781,1098212644.83,4.813900
2021-09-06,110.446665,117.5112715,108.46658515,117.06351475,11231137,1287394003.94,5.506900
2021-09-07,116.416755,120.1580114,114.3073232,119.3420991,10046016,1184421047.42,4.925800
2021-09-08,120.396815,120.396815,116.0983502,116.217752,6969913,824297585.4,3.417500
2021-09-09,115.5212415,117.85952675,113.1332055,114.5262265,5896408,681362986.91,2.891200
2021-09-10,114.4466253,121.988839,113.04365415,120.993824,10899055,1298815380.59,5.344100
2021-09-13,120.04855975,120.197812,109.2128464,110.79492025,13614499,1542488539.64,6.675500
2021-09-14,110.7849701,116.38690455,110.45661515,113.232707,10410634,1193270292.08,5.104600
2021-09-15,112.44664515,116.217752,111.1829761,113.3322085,6783940,776321543.34,3.326300
2021-09-16,114.33717365,114.7252295,107.9591275,108.6954386,8169252,904471312.61,4.005600
2021-09-17,109.45165,111.9590878,105.6506927,109.62080255,6920154,757850992.02,3.393100
2021-09-22,108.3571335,116.814761,107.46162,115.07348475,9544163,1093552861.13,4.679700
2021-09-23,116.16800125,123.37190985,113.24265715,114.9043322,12726315,1511474672.76,6.240000
2021-09-24,114.97398325,116.74510995,110.9441725,114.7252295,7946550,911844557.01,3.896400
2021-09-27,115.65059345,116.416755,108.30738275,108.44668485,8624549,962174300.18,4.228800
2021-09-28,108.7352392,116.1182505,108.456635,112.7750001,10607641,1211091151.13,5.201200
2021-09-29,111.44168,112.436695,108.0387287,108.58598695,7812983,859254022.81,3.830900
2021-09-30,108.70538875,112.36704395,107.5213209,111.3222782,6336819,704804443.6,3.107100
2021-10-08,113.3123082,115.27248775,109.48150045,110.7451695,7652055,859474430.64,3.752000
2021-10-11,110.446665,111.90933705,104.98403265,107.05366385,7512410,810284423.35,3.683500
2021-10-12,105.6904933,107.9392272,93.8697151,95.6209415,14736101,1456084357.13,7.225500
2021-10-13,95.0239325,99.2427961,93.22295535,98.8646904,8378712,808510791.29,4.108300
2021-10-14,87.4419182,91.5214797,84.2578702,90.347362,20764285,1819923748.22,10.181200
2021-10-15,89.06379265,91.96923645,88.0588275,88.4767338,14753930,1326682478.49,7.234200
2021-10-18,87.57127015,89.38219745,86.168299,89.24289535,10454550,924313872.8,5.126100
2021-10-19,90.5264647,91.54138,87.4419182,89.6508515,9104606,820183140.41,4.464200
2021-10-20,90.148359,91.01402205,88.50658425,88.60608575,7565999,679278803.35,3.709800
2021-10-21,89.750353,90.347362,87.6807218,87.90957525,7041890,627303465.79,3.452800
2021-10-22,89.8100539,90.4269632,87.90957525,88.0588275,10775743,966831785.53,5.283600
2021-10-25,89.36229715,91.01402205,87.0638125,90.03890735,9874343,882495842.99,4.841600
2021-10-26,89.55135,90.347362,88.0588275,88.2578305,8840165,790596289.45,4.334600
2021-10-27,84.76532785,86.99416145,83.58126,84.775278,10472819,893227611.39,5.135100
2021-10-28,84.76532785,85.89964495,81.0937225,81.58127985,9006780,750894381.47,4.416200
2021-10-29,82.2081393,83.96931585,80.6957165,81.18327385,8632346,711540620.93,4.232700
2021-11-01,81.20317415,81.83998375,79.0439916,80.0987075,8292556,672216932.73,4.066000
2021-11-02,80.596215,83.81011345,78.5066835,79.65095075,11420633,930148489.68,5.599800
2021-11-03,80.66586605,83.07380235,79.84995375,81.4917285,10429177,851567498.28,5.113700
2021-11-04,82.83499875,83.47180835,81.6111303,82.53649425,9072192,751032147.26,4.448300
2021-11-05,83.9593657,84.377272,79.45194775,79.51164865,10254096,840751098.08,5.027800
2021-11-08,77.54151895,78.51663365,76.3176505,78.1285778,8389617,652528797.16,4.113600
2021-11-09,77.97932555,81.99918615,77.1335628,80.795218,10386627,834478028.58,5.092800
2021-11-10,80.2778102,85.1931843,80.08875735,83.33250625,14543037,1209860517.37,7.130800
2021-11-11,82.85489905,87.17326415,81.50167865,85.52153925,17996842,1528079048.48,8.824300
2021-11-12,84.576275,86.33745155,83.86981435,84.4568732,11075400,943372624.4,5.430500
2021-11-15,84.4170726,85.16333385,81.4718282,81.4917285,10308367,858585964.16,5.054400
2021-11-16,81.58127985,82.387242,78.6260853,78.75543725,10040365,810954036.4,4.923000
2021-11-17,79.41214715,79.8997045,78.3872817,79.4220973,6461549,513562517.02,3.168300
2021-11-18,79.41214715,80.1584084,77.6907712,78.45693275,6491533,513255082.74,3.183000
2021-11-19,78.9643904,79.2628949,77.12361265,78.55643425,6774999,531043800.06,3.322000
2021-11-22,78.5862847,86.55635485,78.208179,86.2080996,22123664,1860331976.57,10.847800
2021-11-23,85.57129,90.53641485,84.8747795,87.0638125,20189132,1774571548.84,9.899200
2021-11-24,86.77525815,89.34239685,85.22303475,85.5314894,13209262,1153083181.76,6.476800
2021-11-25,85.52153925,94.47667425,84.82502875,93.133404,23328312,2141947251.9,11.438400
2021-11-26,91.1234737,92.7552983,88.1384287,88.9742413,20683927,1866739166.8,10.141800
2021-11-29,86.367302,91.2428755,86.13844855,90.0488575,12035733,1078655141.79,5.901400
2021-11-30,90.97422145,91.53142985,87.75037285,88.28768095,11999744,1077881359.42,5.883800
2021-12-01,87.3225164,92.8946004,87.07376265,90.91452055,13739745,1251698007.34,6.736900
2021-12-02,90.2478605,93.0140022,89.2329452,89.54139985,11948822,1089729254.98,5.858800
2021-12-03,89.8498545,91.4219782,88.66578665,90.546365,10617737,964223911.54,5.206100
2021-12-06,90.8448695,91.0239722,85.60114045,86.0687975,11894991,1041704124.75,5.832400
2021-12-07,86.0687975,86.8847098,81.50167865,82.63599575,10023925,839389243.58,4.915000
2021-12-08,83.13350325,89.89960525,83.13350325,89.750353,16964869,1497382360.15,8.318300
2021-12-09,89.55135,91.3821776,88.7752383,90.43691335,10620418,962617312.92,5.207500
2021-12-10,90.29761125,90.73541785,87.362317,89.7304527,9290307,830717271.2,4.555300
2021-12-13,89.7304527,90.0289572,88.2578305,88.954341,6542994,585339981.09,3.208200
2021-12-14,89.0538425,90.23791035,87.1434137,88.80508875,8409525,748454414.7,4.123400
2021-12-15,90.1284587,96.3771529,90.0687578,90.81501905,19310816,1797188655.03,9.468600
2021-12-16,90.546365,94.924431,90.43691335,92.18813975,14894012,1394868482.27,7.302900
2021-12-17,91.54138,91.9791866,86.97426115,87.2827158,12222218,1088432766.1,5.992900
2021-12-20,86.3872023,87.37226715,83.41210745,84.9145801,7889353,674289183.93,3.868300
2021-12-21,84.5961753,85.97924615,83.79021315,85.7105921,5112726,437147687.01,2.506900
2021-12-22,86.4469032,87.0638125,84.38722215,84.4369729,5779320,495501596.54,2.833700
2021-12-23,84.576275,85.2926858,82.69569665,84.9145801,5322196,450252918.76,2.609600
2021-12-24,84.9145801,86.0488972,80.795218,81.02407145,8099411,674150398.11,3.951800
2021-12-27,79.69075135,81.790233,79.5016985,79.96935555,4614018,373280921.12,2.251300
2021-12-28,80.9743207,82.13848825,79.999206,81.91958495,4647339,378928479.43,2.267500
2021-12-29,81.70068165,81.87978435,80.10865765,80.28776035,4342925,351978019.54,2.119000
2021-12-30,80.397212,83.0240516,80.397212,81.7504324,5759988,474036264.76,2.810400
2021-12-31,82.4071423,82.4071423,80.3773117,80.64596575,5127482,416642381.5,2.501800
2022-01-04,80.64596575,81.26287505,78.11862765,78.3076805,6186095,491338899.06,3.018300
2022-01-05,77.9096745,79.6012,76.7952577,78.9842907,4848950,382427161.77,2.365900
2022-01-06,78.1683784,80.397212,77.213164,79.7803027,5305275,421845816.57,2.588500
2022-01-07,79.41214715,80.198209,77.412167,77.7305718,4887288,384668430.97,2.384600
2022-01-10,77.412167,78.59623485,75.86989375,77.91962465,3843833,298818271.99,1.875500
2022-01-11,77.6708709,78.3076805,76.4370523,76.5365538,3050347,236092034.23,1.488300
2022-01-12,77.3126655,79.203194,77.22311415,78.7255868,3945148,310447972.09,1.924900
2022-01-13,79.0240913,80.596215,77.5713694,78.43703245,4475015,355443494.96,2.183400
2022-01-14,77.8300733,81.5116288,77.82012315,80.5365141,5951041,480742880.29,2.903600
2022-01-17,79.7803027,81.392227,79.0837922,80.8549189,5629850,454322752.17,2.746900
2022-01-18,80.596215,83.0240516,79.9793057,81.5116288,6053718,497956028.59,2.953700
2022-01-19,80.7156168,80.74546725,79.1036925,79.49174835,3929135,314574385.02,1.917100
2022-01-20,79.03404145,80.18825885,77.52161865,77.8897742,3462757,273594800.62,1.689500
2022-01-21,77.52161865,78.99424085,76.62610515,77.70072135,3472902,271600849.42,1.694500
2022-01-24,76.616155,79.21314415,62.21828795,65.869993,14106209,982276424.23,6.882700
2022-01-25,66.1286969,67.19336295,65.1734825,65.18343265,7440517,494091243.14,3.630400
2022-01-26,65.24313355,66.47695215,64.48692215,64.50682245,4802425,315112245.14,2.343200
2022-01-27,64.675975,65.16353235,62.3476399,62.3476399,4993202,318698752.34,2.436300
2022-01-28,62.89489815,64.5366729,61.72078045,62.9844495,4222484,268091289.41,2.060200
2022-02-07,64.1784675,65.67099,63.0640507,63.49190715,3331012,214029666.18,1.625300
2022-02-08,62.8053468,63.79041165,62.0292351,63.67100985,3039825,191914625.05,1.483200
2022-02-09,63.67100985,64.22821825,62.2680387,64.12871675,4054154,258134670.61,1.978100
2022-02-10,64.6560747,65.42223625,63.1834525,64.44712155,4932402,318910624.75,2.406600
2022-02-11,63.67100985,64.277969,63.2033528,63.27300385,3217631,205712981.59,1.569900
2022-02-14,62.77549635,64.08891615,61.9098333,62.41729095,2976535,188120240.61,1.452300
2022-02-15,62.9844495,64.1386669,62.57649335,64.078966,4480252,286470828.69,2.186000
2022-02-16,65.62123925,65.62123925,63.03420025,63.35260505,4541382,290982063.99,2.215800
2022-02-17,63.0043498,67.3227149,62.79539665,64.80532695,7444341,485477858.64,3.632200
2022-02-18,64.52672275,66.3276999,64.38742065,65.6311894,5136245,337957040.89,2.506100
2022-02-21,65.18343265,65.7903918,64.54662305,65.06403085,3591544,234518004.13,1.752400
2022-02-22,64.38742065,65.16353235,62.8053468,63.92971375,4443392,285087160.31,2.168000
2022-02-23,64.3177696,68.36748065,64.078966,67.7605215,10042318,675217270.04,4.899800
2022-02-24,67.1038116,69.16349265,65.9495942,67.6411197,10378335,707279544.03,5.063800
2022-02-25,68.8351377,69.452047,67.4421167,67.63116955,5952300,408395867.51,2.904200
2022-02-28,66.865008,68.0391257,66.6859053,67.1038116,3909922,263817677.0,1.907700
2022-03-01,67.462017,67.71077075,66.068996,66.61625425,4247068,284571408.0,2.072200
2022-03-02,65.9694945,66.31774975,65.1734825,65.9694945,3221378,212766737.0,1.571800
2022-03-03,66.4471017,67.1436122,64.8351774,64.8351774,4334701,285810704.0,2.115000
2022-03-04,64.94462905,74.427122,64.5366729,71.0838716,15370983,1093814752.0,7.499800
2022-03-07,70.93461935,77.91962465,70.646065,77.6310703,18031426,1346365760.0,8.797900
2022-03-08,77.7106715,82.6857465,76.3972517,78.3076805,18803441,1507148528.0,9.174500
2022-03-09,78.0688769,81.78028285,76.5763544,81.0539219,16220579,1293234544.0,7.914300
2022-03-10,83.0837525,84.06881735,78.606185,79.77035255,15394413,1256278832.0,7.511200
2022-03-11,79.15344325,83.84991405,78.61613515,80.994221,13024890,1063949920.0,6.355100
2022-03-14,79.09374235,83.5016588,76.218149,80.86486905,12349559,993904752.0,6.025600
2022-03-15,80.0987075,86.4469032,77.72062165,83.2827555,18676134,1566586800.0,9.112400
2022-03-16,85.4319879,95.5811409,82.5464444,93.97916675,23424552,2065016320.0,11.429300
2022-03-17,93.56126045,97.51147,91.0239722,92.04883765,21788980,2054459888.0,10.631200
2022-03-18,90.546365,98.1681799,90.148359,96.914461,18787525,1794322312.99,9.166800
2022-03-21,97.32241715,103.3621582,94.09856855,101.292527,16145277,1585786577.63,7.877600
2022-03-22,100.30746215,105.04373355,95.123434,95.123434,17373736,1748580898.32,8.477000
2022-03-23,94.526425,97.54132045,90.6657668,97.12341415,20486573,1934130489.59,9.995800
2022-03-24,95.6408418,97.0537631,88.7354377,89.10359325,15711429,1464587716.47,7.665900
2022-03-25,89.42199805,91.0239722,87.362317,87.6409212,11984556,1075128885.65,5.847500
2022-03-28,86.43695305,90.2279602,85.770293,89.8498545,10255936,914909792.94,5.004100
2022-03-29,89.0936431,91.01402205,84.8349789,85.76034285,12346331,1084473781.76,6.024000
2022-03-30,86.5862053,89.0538425,85.66084135,85.9891963,12097998,1061249024.86,5.902800
2022-03-31,84.9344804,85.44193805,81.1733237,81.59123,14638922,1217492470.98,7.142600
2022-04-01,81.5713297,83.5613597,80.98427085,81.6111303,7615785,628505672.64,3.715900
2022-04-06,81.6111303,82.2479399,78.05892675,78.99424085,8663047,691314952.5,4.226900
2022-04-07,78.59623485,79.2628949,75.9395448,76.00919585,7905928,613976677.44,3.857400
2022-04-08,76.616155,79.75045225,75.63109015,77.810173,9977837,780076626.51,4.868400
2022-04-11,76.2579496,77.80022285,72.72564635,73.034101,9233528,693014055.71,4.505200
2022-04-12,72.92464935,73.5515088,70.1485575,71.8997839,8233542,592054671.51,4.017300
2022-04-13,71.64108,71.64108,68.457032,68.46698215,7096811,496745563.92,3.462700
2022-04-14,69.253044,75.15348295,68.258029,73.85996345,12284683,887207236.14,5.993900
2022-04-15,71.64108,78.45693275,71.5415785,77.412167,13747282,1050528889.35,6.707500
2022-04-18,76.1186475,79.1036925,75.86989375,77.76042225,9315148,728785775.76,4.545000
2022-04-19,75.62114,77.213164,74.31767035,76.12859765,9084138,692274324.77,4.447100
2022-04-20,75.35248595,77.0738619,72.437092,72.50674305,9490896,705868749.19,4.646300
2022-04-21,71.9594848,75.223134,70.7654668,71.3226752,7093350,518683712.56,3.472500
2022-04-22,70.8052674,71.8002824,65.72074075,65.9694945,10292552,702315529.92,5.038700
2022-04-25,63.3824555,64.54662305,57.8302718,57.9894742,10162209,622111970.3,4.974900
2022-04-26,58.6859847,59.302894,54.57657275,55.0044292,7965863,455177661.85,3.899700
2022-04-27,52.8949974,60.52676245,52.8949974,60.0790057,10343671,591838923.89,5.063700
2022-04-28,57.66111925,57.6710694,54.9447283,55.45218595,10269861,581108333.26,5.027600
2022-04-29,57.12381115,57.86012225,55.3825349,57.36261475,8270861,471900456.17,4.049000
2022-05-05,57.312864,58.506882,56.516852,57.2133625,6285881,362910536.24,3.077200
2022-05-06,54.97457875,58.0889757,54.97457875,56.52680215,5479028,310860416.46,2.682300
2022-05-09,56.14869645,57.80042135,55.94969345,56.64620395,3957750,225857676.9,1.937500
2022-05-10,55.23328265,59.27304355,55.23328265,58.3874802,8257956,483070621.63,4.042700
2022-05-11,58.2083775,64.675975,57.909873,61.9496339,12318433,770388813.41,6.030500
2022-05-12,60.70586515,62.884948,60.70586515,61.50187715,7938537,491486778.22,3.886300
2022-05-13,62.03918525,62.3476399,60.5964135,60.8551174,5318412,327894389.62,2.603600
2022-05-16,61.69093,61.9496339,59.302894,59.7009,4855601,293845795.39,2.377100
2022-05-17,60.6760147,61.5914285,59.302894,61.10387115,6712002,409171163.61,3.285900
2022-05-18,60.70586515,62.0491354,60.1984075,60.297909,5514997,337681421.21,2.699900
2022-05-19,58.9446886,63.79041165,58.7456856,62.8252471,9890892,612786311.68,4.842100
2022-05-20,62.83519725,63.1635522,61.3924255,62.4471414,6658311,416777523.21,3.259500
2022-05-23,62.4471414,62.9844495,61.46207655,62.3078393,4687846,292227712.38,2.283300
2022-05-24,61.99938465,62.7655462,58.4073805,58.4670814,7949788,485494773.9,3.872000
2022-05-25,58.4073805,59.4023955,57.54171745,58.67603455,4466946,262070261.97,2.175700
2022-05-26,58.705885,58.705885,55.72084,57.44221595,5348961,307171377.23,2.605300
2022-05-27,57.8103715,60.48696185,57.60141835,58.2282778,5684214,336433110.58,2.768600
2022-05-30,58.3277793,60.66606455,57.4521661,59.8800027,5903749,351931887.41,2.875500
2022-05-31,59.5,61.28,58.16,61.11,6681609,400428507.06,3.254400
2022-06-01,60.81,61.96,60.26,60.5,5180485,315812851.5,2.523200
2022-06-02,61.3,63.36,61.0,62.92,10109388,632058898.21,4.923900
2022-06-06,62.74,64.75,62.38,64.56,9595383,611645434.75,4.673600
2022-06-07,65.33,68.8,64.0,66.25,11033097,735600831.65,5.373800
2022-06-08,65.99,66.69,63.68,64.64,8116229,527778069.59,3.953100
2022-06-09,64.32,64.6,61.74,62.02,6476700,406302177.61,3.154600
2022-06-10,62.02,63.67,61.86,63.38,4973970,314354820.34,2.422600
2022-06-13,63.3,63.95,61.68,62.94,5549253,346940471.52,2.702800
2022-06-14,62.15,62.58,60.02,62.38,5377179,329215672.24,2.619000
2022-06-15,62.3,65.3,62.21,64.15,8749365,564741958.08,4.261500
2022-06-16,64.1,66.24,64.09,64.83,7041027,459914793.17,3.429400
2022-06-17,64.06,64.76,62.71,64.49,4916872,314080334.32,2.394800
2022-06-20,64.49,65.99,64.11,64.71,5702747,371449656.88,2.777600
2022-06-21,64.51,67.95,63.7,66.07,8335703,549626749.63,4.060000
2022-06-22,65.75,66.36,64.5,64.59,5602221,363113385.6,2.728600
2022-06-23,63.99,65.68,63.99,65.04,6063791,393943293.62,2.953800
2022-06-24,65.11,65.79,64.31,65.26,7184881,468248849.35,3.499900
2022-06-27,65.06,66.98,64.94,66.04,9046715,597793817.4,4.168600
2022-06-28,65.9,72.88,63.57,72.2,16714276,1138049716.93,7.701800
2022-06-29,71.0,74.83,70.5,71.15,15746537,1150277526.24,7.255900
2022-06-30,71.87,73.09,71.03,72.06,9853234,711149612.03,4.540300
2022-07-01,72.67,76.05,71.2,75.3,12719815,940109515.14,5.861200
2022-07-04,73.8,73.86,69.8,71.35,10316333,738983344.45,4.753700
2022-07-05,71.0,72.0,67.19,68.11,11190223,776043084.37,5.156400
2022-07-06,68.11,69.98,67.33,67.87,7849873,538928516.56,3.617200
2022-07-07,68.0,68.4,65.51,66.33,8126297,539631039.15,3.744500
2022-07-08,66.61,67.8,65.85,66.17,6789644,453562081.6,3.128600
2022-07-11,65.82,65.82,62.47,63.28,7154321,455330660.11,3.296600
2022-07-12,63.31,63.51,60.56,60.64,5809223,358178223.47,2.676800
2022-07-13,60.71,61.5,60.0,60.18,4326247,262308022.79,1.993500
2022-07-14,60.0,61.34,59.9,60.88,4476155,272397073.02,2.062600
2022-07-15,50.0,57.7,50.0,55.08,12407167,680869153.01,5.717100
2022-07-18,55.38,55.68,53.5,54.72,6173657,335238913.31,2.844800
2022-07-19,54.91,57.28,54.2,56.35,5872766,327249863.79,2.706100
2022-07-20,56.79,58.84,56.61,57.62,6327064,365886115.17,2.915500
2022-07-21,57.8,59.27,57.19,58.52,5310530,312360435.99,2.447000
2022-07-22,58.0,58.9,56.5,57.0,4333348,248261992.51,1.996800
2022-07-25,57.21,57.5,55.37,55.5,3052289,171239694.76,1.406500
2022-07-26,55.9,56.29,54.88,55.99,2463945,136976977.73,1.135400
2022-07-27,55.99,56.2,54.4,54.87,3208364,176691315.39,1.478400
2022-07-28,55.0,56.45,55.0,55.3,3665299,204860309.85,1.688900
2022-07-29,55.38,55.8,53.66,53.91,3560235,193953296.17,1.640500
2022-08-01,53.6,54.9,52.55,54.18,3053179,164908619.83,1.406900
2022-08-02,53.7,54.0,51.79,51.87,5186604,272560636.33,2.389900
2022-08-03,51.86,54.8,51.86,52.88,5435029,289247532.98,2.504400
2022-08-04,53.01,55.58,53.0,55.01,5908878,323506740.52,2.722800
2022-08-05,55.3,60.21,55.1,60.16,12354710,719731772.72,5.692900
2022-08-08,60.78,60.78,57.68,58.9,7221244,424203359.76,3.327500
2022-08-09,58.8,59.28,57.35,59.27,5797761,336158391.68,2.671600
2022-08-10,58.58,62.64,58.38,60.05,9196274,561823477.15,4.237600
2022-08-11,60.09,61.56,59.76,60.24,6482750,392675921.44,2.987200
2022-08-12,59.95,60.49,58.87,58.88,4728849,281954303.13,2.179000
2022-08-15,58.88,60.2,58.5,58.97,3441082,203829032.44,1.585600
2022-08-16,58.89,59.15,57.58,57.94,4223688,246235195.07,1.946200
2022-08-17,57.93,58.55,57.3,58.04,3591092,207929604.43,1.654700
2022-08-18,57.91,59.2,56.95,58.84,5056716,294430881.08,2.330100
2022-08-19,58.75,61.08,57.31,57.33,5719241,337093464.07,2.635400
2022-08-22,56.58,57.29,55.19,56.01,3729536,209384192.55,1.718500
2022-08-23,56.02,56.68,55.11,55.61,2712753,151202793.35,1.250000
2022-08-24,55.76,56.0,52.72,52.8,4424642,238214757.32,2.038800
2022-08-25,52.8,53.45,52.06,53.03,2926129,154045258.33,1.348300
2022-08-26,53.11,53.59,51.6,51.6,2808029,147743303.95,1.293900
2022-08-29,50.38,52.6,50.3,51.86,2664730,138129712.99,1.227900
2022-08-30,51.86,52.62,51.16,52.16,2331284,120943129.18,1.074200
2022-08-31,51.84,52.55,50.81,51.12,2125827,109286446.1,0.979600
2022-09-01,51.05,51.98,50.5,50.61,2007647,103024961.92,0.925100
2022-09-02,50.89,52.29,50.68,52.02,2627177,135650346.82,1.210600
2022-09-05,52.5,52.5,51.11,51.58,1953481,101103615.98,0.900100
2022-09-06,51.65,52.33,51.26,52.15,1910961,99193581.92,0.880600
2022-09-07,51.96,53.5,51.89,52.73,2978326,157803987.1,1.372400
2022-09-08,53.0,53.0,51.36,51.36,2216546,115104469.52,1.021400
2022-09-09,51.28,51.68,50.8,51.38,1638914,83920792.91,0.755200
2022-09-13,51.78,52.49,51.32,51.45,1384204,71707283.72,0.637800
2022-09-14,50.64,51.67,50.5,51.26,1908677,97470956.55,0.879500
2022-09-15,51.42,51.73,50.02,50.23,2415997,122496508.24,1.113300
2022-09-16,50.05,50.58,48.0,48.01,3444401,168427532.42,1.587100
2022-09-19,47.55,48.48,45.0,45.68,3926112,182199971.91,1.809100
2022-09-20,45.85,46.48,45.29,46.13,2628287,120603875.26,1.211100
2022-09-21,46.14,46.43,45.03,46.13,1934158,88570938.5,0.891200
2022-09-22,45.7,46.7,45.29,45.45,1778251,81679045.83,0.819400
2022-09-23,45.79,45.8,42.8,42.95,4311044,188507647.57,1.986500
2022-09-26,42.59,43.85,42.1,43.0,2596381,112305949.95,1.196400
2022-09-27,43.85,44.26,43.04,44.18,2383101,104375526.57,1.098100
2022-09-28,43.99,44.36,42.7,42.7,2212093,96119363.02,1.019300
2022-09-29,43.28,43.36,42.32,42.54,2017916,86538831.12,0.929800
2022-09-30,42.7,42.81,41.0,41.06,2250551,94194642.24,1.037000
2022-10-10,41.59,41.92,38.58,38.6,3840535,152049112.79,1.769700
2022-10-11,38.6,39.15,37.61,37.88,2950711,112906544.9,1.359700
2022-10-12,37.9,40.76,37.7,40.61,4622452,180921121.72,2.130000
2022-10-13,40.6,41.81,39.85,41.12,4245407,174491913.75,1.956200
2022-10-14,41.68,42.55,41.13,42.39,3283457,138010363.73,1.513000
2022-10-17,42.04,43.26,41.8,43.06,2497224,107074168.4,1.150700
2022-10-18,43.19,43.4,42.1,42.4,3229580,137230745.73,1.488200
2022-10-19,42.22,42.75,41.56,41.6,2282015,95913935.3,1.051500
2022-10-20,41.5,43.98,40.98,42.53,6658908,284234872.65,3.068400
2022-10-21,42.4,42.51,41.2,41.7,4146797,172895726.08,1.910800
2022-10-24,42.15,43.39,40.7,41.14,3781546,159748487.0,1.742500
2022-10-25,40.5,41.5,39.71,40.12,3416231,138008600.26,1.574200
2022-10-26,39.62,42.13,39.16,41.72,4901911,201432507.65,2.258800
2022-10-27,41.8,42.4,40.9,41.17,3962979,164887378.08,1.826100
2022-10-28,40.81,42.32,39.21,39.36,5075586,207668465.4,2.338800
2022-10-31,39.8,42.1,39.48,40.7,5238651,215519424.48,2.413900
2022-11-01,40.35,41.86,40.21,41.81,4473540,183965417.57,2.061400
2022-11-02,41.8,42.94,41.5,42.44,4565885,193756815.38,2.103900
2022-11-03,41.9,45.05,41.79,44.36,9774491,428014418.47,4.504000
2022-11-04,44.77,45.1,43.3,44.69,9127269,403260217.05,4.205800
2022-11-07,44.33,45.45,44.07,44.68,6323626,282398339.7,2.913900
2022-11-08,44.95,45.1,43.66,44.18,4220710,186374249.51,1.944900
2022-11-09,44.33,44.95,43.4,44.24,4155985,183848498.82,1.915000
2022-11-10,43.99,44.86,43.18,43.38,4206774,184471994.08,1.938400
2022-11-11,44.5,45.45,43.68,43.75,6516739,290096960.91,3.002900
2022-11-14,43.53,44.8,42.62,43.92,4688708,206761251.12,2.160500
2022-11-15,43.7,47.22,43.5,46.66,12941174,595265613.63,5.963200
2022-11-16,46.8,46.84,45.88,46.52,7118362,330170669.21,3.280100
2022-11-17,46.47,48.0,45.37,47.9,8707640,406512291.4,4.012400
2022-11-18,47.43,48.26,46.0,46.0,7204002,338018182.33,3.319500
2022-11-21,45.4,46.45,45.25,45.74,3292780,151101000.58,1.517300
2022-11-22,45.6,46.58,44.7,44.89,4289987,196050345.86,1.976800
2022-11-23,44.99,45.33,43.27,44.19,3921255,172886420.26,1.806900
2022-11-24,44.42,44.81,43.64,43.76,2429089,107074818.08,1.119300
2022-11-25,43.8,44.94,42.82,42.82,3391167,148193453.15,1.562600
2022-11-28,41.89,43.01,41.82,42.1,2509037,106193960.64,1.156100
2022-11-29,42.5,43.79,42.3,43.21,3535411,152505394.22,1.629100
2022-11-30,43.1,43.75,42.87,42.9,3239390,139710691.87,1.492700
2022-12-01,43.52,44.02,42.4,42.5,5615591,242805986.23,2.587600
2022-12-02,42.59,43.09,42.2,42.2,3110592,132425508.14,1.433300
2022-12-05,42.68,42.89,41.88,42.36,3671802,154980087.26,1.691900
2022-12-06,42.23,43.68,42.13,43.32,5844284,252084614.32,2.693000
2022-12-07,43.06,43.85,42.71,43.65,3977654,172590318.47,1.832900
2022-12-08,43.28,43.55,42.55,42.61,3331984,143149848.25,1.535300
2022-12-09,42.53,43.3,42.53,42.9,2495453,107095325.84,1.149900
2022-12-12,42.77,44.3,42.36,43.56,4651384,202400805.12,2.143300
2022-12-13,43.41,43.5,42.2,42.36,3550919,151793439.45,1.636200
2022-12-14,43.87,47.01,43.3,45.62,15126690,686216974.7,6.970200
2022-12-15,45.07,49.23,44.69,48.38,15641537,742596601.08,7.207500
2022-12-16,47.6,47.93,46.55,46.94,9347480,439487915.45,4.307200
2022-12-19,46.52,47.28,45.8,46.39,6038688,280610665.16,2.782600
2022-12-20,46.01,49.18,46.01,48.58,11290905,539595041.34,5.202700
2022-12-21,48.0,49.99,46.64,46.81,10173207,491529233.73,4.687700
2022-12-22,47.47,47.65,44.27,44.31,8333705,380840457.96,3.840100
2022-12-23,43.94,43.94,41.21,41.94,8018435,340824674.62,3.694800
2022-12-26,41.5,44.17,41.35,43.71,6357009,275838985.66,2.929300
2022-12-27,43.79,43.95,42.71,43.4,4260839,184557562.2,1.963400
2022-12-28,43.39,43.39,41.76,41.97,4172890,176203985.22,1.922800
2022-12-29,41.8,42.35,41.41,41.44,3493787,146150374.67,1.609900
2022-12-30,41.88,42.05,40.63,40.87,3586223,147519921.54,1.652500
2023-01-03,40.87,41.78,40.72,41.65,2937291,121555984.18,1.353500
2023-01-04,41.6,42.94,41.35,41.8,4078664,171752302.33,1.879400
2023-01-05,41.6,42.26,41.31,42.23,3595703,151037069.61,1.656900
2023-01-06,42.05,43.18,41.82,42.52,4173444,177694872.86,1.923100
2023-01-09,42.52,43.49,42.35,42.75,3728691,159852859.71,1.718100
2023-01-10,42.76,43.69,42.68,43.3,4845980,209871080.36,2.233000
2023-01-11,43.0,44.14,41.8,41.84,5037844,216489861.59,2.321400
2023-01-12,41.42,42.14,41.12,41.85,2856192,119473374.77,1.316100
2023-01-13,41.85,42.11,41.22,41.7,2363001,98287559.58,1.088800
2023-01-16,41.42,43.6,41.3,42.93,5908892,252633479.17,2.722800
2023-01-17,43.35,44.25,42.84,43.88,5337526,233920271.93,2.459500
2023-01-18,44.3,44.39,43.24,43.31,3363390,147191737.04,1.549800
2023-01-19,43.11,44.97,43.1,44.83,5693948,251960301.96,2.623700
2023-01-20,44.82,45.23,44.5,45.13,4136182,185903210.96,1.905900
2023-01-30,45.94,46.16,44.8,46.0,6174420,281954731.86,2.845100
2023-01-31,45.0,45.68,44.77,45.12,5266613,237505158.96,2.426800
2023-02-01,45.01,47.38,44.98,46.45,6776683,314494064.27,3.122600
2023-02-02,47.1,47.82,46.51,46.95,6228112,293324357.04,2.869900
2023-02-03,46.71,47.69,46.3,47.24,4879556,229345622.35,2.248500
2023-02-06,46.38,47.19,45.89,46.32,6516876,302767045.86,3.002900
2023-02-07,46.6,46.83,46.14,46.56,3793424,176517545.13,1.748000
2023-02-08,46.56,47.67,45.89,46.0,4487423,209435651.12,2.067800
2023-02-09,45.72,49.83,45.01,49.48,14009091,677778072.23,6.455300
2023-02-10,49.15,50.28,48.0,48.45,9136426,448433356.72,4.210000
2023-02-13,48.48,49.42,47.8,48.85,6272088,305139004.41,2.890100
2023-02-14,48.8,50.5,48.15,48.33,6609625,324632843.42,3.045700
2023-02-15,48.19,48.83,47.65,48.48,4892524,236284930.83,2.254400
2023-02-16,48.48,49.27,46.33,46.8,7389210,352960176.02,3.404900
2023-02-17,47.21,47.29,45.3,45.33,5246838,241071755.13,2.417700
2023-02-20,45.33,46.0,44.7,45.83,3853988,174562292.12,1.775900
2023-02-21,45.95,46.39,45.02,45.52,3668417,167417163.66,1.690400
2023-02-22,45.34,46.08,45.1,45.7,2541643,115918289.91,1.171200
2023-02-23,45.79,49.97,45.73,48.36,13018042,624828984.09,5.998600
2023-02-24,48.6,48.98,47.26,47.6,6591446,315004973.7,3.037300
2023-02-27,47.36,47.68,46.0,46.55,4611864,215572248.9,2.125100
2023-02-28,46.89,47.59,45.7,46.59,4170632,193497012.77,1.921800
2023-03-01,46.28,47.08,46.12,46.79,4647536,216849761.3,2.141500
2023-03-02,46.52,47.26,45.74,45.95,4859125,225083874.48,2.239000
2023-03-03,48.2,50.5,48.0,48.58,16247237,798277886.77,7.486600
2023-03-06,48.0,48.8,47.29,48.03,9102746,436611640.17,4.194500
2023-03-07,48.09,48.8,46.32,46.32,7668376,364393875.01,3.533500
2023-03-08,46.01,47.15,45.88,46.81,5359138,249740662.47,2.469400
2023-03-09,47.0,49.5,46.75,48.96,11737549,571777383.04,5.408600
2023-03-10,48.7,49.84,48.1,48.77,9438758,461911475.21,4.349300
2023-03-13,49.0,50.5,48.31,50.46,11355912,563387936.45,5.232700
2023-03-14,50.35,53.6,49.43,53.1,18031887,937638487.11,8.308900
2023-03-15,53.6,53.6,51.81,51.82,11245736,590548302.64,5.181900
2023-03-16,51.4,52.88,51.2,51.94,7841691,406812570.25,3.613400
2023-03-17,52.72,53.0,50.13,50.21,12092476,624591390.1,5.572100
2023-03-20,50.1,51.39,49.51,50.44,9073928,459252298.32,4.181200
2023-03-21,50.44,50.67,49.38,50.18,7203096,359292519.15,3.319100
2023-03-22,49.92,51.17,49.5,51.17,7439077,375237065.8,3.427900
2023-03-23,50.7,52.97,50.43,52.78,10904832,569618037.42,5.024800
2023-03-24,52.4,53.21,51.3,52.6,8333110,434713420.35,3.839800
2023-03-27,52.95,54.3,52.07,54.0,10187133,541601496.0,4.694100
2023-03-28,53.22,54.22,50.69,51.1,9079038,475992898.69,4.183500
2023-03-29,50.56,53.05,50.5,51.89,7853263,407474237.82,3.618700
2023-03-30,52.0,54.88,51.5,54.36,14959652,801697243.93,6.893300
2023-03-31,54.55,57.0,53.8,54.95,15301666,849782853.37,7.050900
2023-04-03,55.83,57.99,55.03,57.88,15430355,879647178.42,7.110200
2023-04-04,57.1,62.4,57.01,58.81,21252560,1270086293.56,9.793000
2023-04-06,57.79,62.52,57.5,60.4,19815313,1199469883.45,9.130700
2023-04-07,60.4,61.7,58.45,59.25,12485543,744743808.91,5.753200
2023-04-10,58.68,59.11,56.36,56.8,12054063,694222211.56,5.554400
2023-04-11,57.1,58.12,56.08,57.49,8615046,493328251.38,3.969700
2023-04-12,57.18,58.34,56.38,57.97,8981399,517618995.9,4.138500
2023-04-13,56.9,57.36,55.02,55.1,11288783,629603030.03,5.201800
2023-04-14,55.56,56.37,53.46,55.81,10491093,578441525.67,4.834200
2023-04-17,55.75,56.18,53.88,54.03,7088306,387426249.94,3.266200
2023-04-18,54.06,54.23,51.93,52.14,8174000,429718539.72,3.766500
2023-04-19,52.27,52.95,51.43,51.63,6062813,316502720.13,2.793700
2023-04-20,51.55,52.7,51.08,52.26,5467837,285264768.39,2.519500
2023-04-21,51.84,52.08,47.85,47.85,9367036,464339599.16,4.316200
2023-04-24,47.85,48.3,45.86,46.54,5646029,263307254.66,2.601600
2023-04-25,46.49,46.49,43.45,44.28,6509355,291708996.38,2.999500
2023-04-26,44.5,45.39,43.09,43.22,5415522,238527261.85,2.495400
2023-04-27,42.84,44.26,42.65,43.24,4478292,194712721.96,2.063600
2023-04-28,43.16,44.5,43.14,44.27,4570966,200765835.47,2.106300
2023-05-04,43.95,44.5,42.6,43.1,3875126,167676640.65,1.785600
2023-05-05,43.2,44.03,42.16,42.18,3608127,155177779.83,1.662600
2023-05-08,42.19,42.92,42.07,42.86,3186671,135149869.78,1.468400
2023-05-09,42.63,43.21,41.97,42.02,3358228,142723069.08,1.547400
2023-05-10,42.44,42.69,41.38,41.93,3128720,131324708.83,1.441700
2023-05-11,41.85,42.66,41.85,42.28,2343710,99040201.8,1.080000
2023-05-12,42.01,43.09,42.01,42.64,3495162,148918375.96,1.610500
2023-05-15,42.58,43.07,41.58,43.06,3019283,127680597.19,1.391300
2023-05-16,43.1,44.8,42.69,44.08,5148604,225502869.26,2.372400
2023-05-17,44.37,45.8,44.08,45.74,6451160,292333330.53,2.972600
2023-05-18,45.38,45.83,44.5,44.75,4159818,186689369.96,1.916800
2023-05-19,45.19,46.0,45.01,45.55,4483822,204302822.86,2.066100
2023-05-22,45.62,45.79,44.33,44.52,2780321,124308463.36,1.281100
2023-05-23,44.33,44.34,43.28,43.28,2963895,129550074.89,1.365700
2023-05-24,43.26,44.35,42.93,43.56,2639014,115440814.74,1.216000
2023-05-25,43.76,44.84,42.81,43.7,3209993,140642446.72,1.479100
2023-05-26,43.61,43.93,43.01,43.33,2596757,112858248.89,1.196600
2023-05-29,43.57,44.07,42.86,42.87,2776500,120806107.6,1.279400
2023-05-30,42.4,42.84,41.4,42.77,3535411,148516836.27,1.629100
2023-05-31,42.77,43.28,41.88,43.13,3411582,145336184.44,1.572000
2023-06-01,42.84,44.4,42.51,44.22,4344868,189455284.04,2.002100
2023-06-02,44.7,45.3,43.64,45.0,4903291,218584412.17,2.259400
2023-06-05,45.03,46.3,44.34,44.38,5072079,230186136.17,2.337200
2023-06-06,43.7,44.01,42.51,42.68,3374442,145968495.63,1.554900
2023-06-07,42.8,45.8,42.7,45.28,7840821,351704864.12,3.613000
2023-06-08,44.78,44.99,43.89,44.37,3790053,168350522.29,1.746400
2023-06-09,44.5,44.8,43.16,44.09,3751559,164319478.54,1.728700
2023-06-12,43.9,44.4,43.51,43.51,2950166,129237806.68,1.359400
2023-06-13,43.51,44.79,42.94,44.61,4349109,191463120.15,2.004000
2023-06-14,44.33,44.58,43.9,43.92,3160849,139520840.82,1.456500
2023-06-15,43.91,44.3,43.23,43.42,3077510,134395665.8,1.418100
2023-06-16,43.24,44.0,43.23,43.66,2609360,113748366.0,1.202400
2023-06-19,43.66,44.61,43.36,44.41,3747017,165277946.5,1.726600
2023-06-20,44.86,45.45,44.0,44.0,4437786,198067658.24,2.044900
2023-06-21,43.6,44.16,42.34,42.34,3328090,143367097.4,1.533600
2023-06-26,42.0,42.59,41.42,41.83,2732304,114437796.65,1.259000
2023-06-27,42.33,42.33,41.62,41.82,1909040,79877157.12,0.879700
2023-06-28,41.87,42.14,39.88,40.51,3323364,134990936.44,1.531400
2023-06-29,40.5,41.32,40.02,40.35,2139253,87045320.44,0.985700
2023-06-30,40.45,41.15,40.06,40.86,2050734,83665044.66,0.945000
2023-07-03,40.86,41.78,40.86,41.34,2293933,94923379.18,1.057000
2023-07-04,41.85,42.96,41.35,42.48,3528636,148976066.76,1.626000
2023-07-05,42.26,42.7,41.85,41.9,1938274,81870352.7,0.893100
2023-07-06,42.02,42.45,41.84,42.01,1661480,69957453.2,0.765600
2023-07-07,41.86,41.86,40.97,41.18,1764539,72899400.21,0.813100
2023-07-10,41.62,41.85,40.96,41.0,1522563,62925873.98,0.701600
2023-07-11,41.02,41.94,41.0,41.9,2278029,94914917.46,1.049700
2023-07-12,41.8,42.38,40.8,40.83,2203093,91230561.16,1.015200
2023-07-13,40.88,41.79,40.88,41.6,2171775,90196367.98,1.000700
2023-07-14,41.98,41.99,41.08,41.11,2149870,89036081.5,0.990600
2023-07-17,41.0,41.0,40.1,40.59,1858100,75299201.0,0.856200
2023-07-18,40.7,41.68,40.65,40.77,2559316,105474878.06,1.179300
2023-07-19,40.63,41.39,40.44,40.78,1553669,63500247.43,0.715900
2023-07-20,40.78,40.99,39.91,39.93,2343500,94385744.31,1.079900
2023-07-21,39.64,40.4,39.26,39.56,1881520,74911479.76,0.867000
2023-07-24,39.95,39.95,38.51,38.57,2855589,111464483.46,1.315800
2023-07-25,38.91,40.05,38.81,39.85,2967595,117520517.04,1.367400
2023-07-26,40.02,40.07,39.17,39.34,1757200,69323247.5,0.809700
2023-07-27,39.19,39.5,38.28,38.38,2348686,91043121.7,1.082300
2023-07-28,38.13,38.7,37.9,38.42,1974993,75679987.11,0.910100
2023-07-31,38.58,39.48,38.42,39.07,2286276,89274738.5,1.053500
2023-08-01,39.19,39.47,38.85,39.39,1740667,68330388.65,0.802100
2023-08-02,39.36,39.75,39.09,39.16,1367930,53859230.27,0.630300
2023-08-03,38.99,39.48,38.9,39.41,1349137,53032618.1,0.621700
2023-08-04,39.5,39.9,39.24,39.35,1483320,58661262.4,0.683500
2023-08-07,39.31,39.59,38.91,39.26,1471402,57635848.24,0.678000
2023-08-08,39.26,39.38,38.7,38.81,1430265,55724839.4,0.659100
2023-08-09,38.71,39.0,38.35,38.41,1114293,43002621.42,0.513500
2023-08-10,38.42,38.88,38.28,38.66,1136704,43848236.44,0.523800
2023-08-11,38.88,38.88,37.3,37.33,2154714,81482013.02,0.992900
2023-08-14,37.11,37.11,36.09,36.53,2483085,90604400.58,1.144200
2023-08-15,36.64,36.8,34.86,35.44,3114979,110657384.01,1.435400
2023-08-16,35.35,35.5,34.25,34.32,2871481,99655511.65,1.323200
2023-08-17,34.12,35.1,34.1,34.9,2351085,81580377.9,1.083400
2023-08-18,35.11,35.18,34.0,34.0,1806090,62434851.8,0.832200
2023-08-21,34.0,34.18,33.0,33.06,3165700,106169597.16,1.458700
2023-08-22,33.4,33.87,32.48,33.44,2735264,90819334.84,1.260400
2023-08-23,33.44,33.44,32.33,32.41,1970962,64557653.1,0.908200
2023-08-24,32.56,32.99,32.24,32.31,1943675,63380968.85,0.895600
2023-08-25,32.01,32.2,30.98,31.24,2960438,93221286.53,1.364100
2023-08-28,33.0,33.45,30.74,30.9,3959419,126861197.97,1.824500
2023-08-29,30.9,33.08,30.78,32.85,5122208,165669312.51,2.360300
2023-08-30,33.05,34.05,33.0,33.6,4841936,162539693.93,2.231100
2023-08-31,33.26,34.68,33.25,34.18,4361805,148839888.97,2.009900
2023-09-01,34.19,34.67,33.65,33.89,2306443,78453203.82,1.062800
2023-09-04,34.03,34.89,33.67,34.89,3120270,106895133.15,1.437800
2023-09-05,35.16,35.87,35.05,35.28,5459618,193652207.1,2.515700
2023-09-06,35.0,36.97,34.89,36.64,7172628,259881934.66,3.305100
2023-09-07,36.14,36.58,35.54,35.6,3953434,142029815.92,1.821700
2023-09-08,35.57,36.65,35.11,36.31,3647878,132715345.76,1.680900
2023-09-11,36.49,36.65,35.83,35.95,2953681,106828576.57,1.361000
2023-09-12,35.75,36.26,35.75,35.92,1800900,64827504.0,0.829800
2023-09-13,35.75,35.98,34.68,35.09,3196929,112472929.19,1.473100
2023-09-14,35.36,35.4,34.34,34.55,2325000,80587074.43,1.071300
2023-09-15,34.99,36.17,34.45,35.23,3840603,135310288.38,1.769700
2023-09-18,35.3,35.5,34.5,34.6,2513457,87421278.9,1.158200
2023-09-19,34.4,34.63,33.65,33.99,2232663,75940637.92,1.028800
2023-09-20,33.92,34.49,33.58,33.67,1637390,55643156.2,0.754500
2023-09-21,33.82,33.93,33.46,33.68,1478469,49777116.89,0.681300
2023-09-22,33.74,34.33,33.31,34.31,2662910,90207350.04,1.227000
2023-09-25,34.19,34.28,33.33,33.6,2059710,69249143.0,0.949100
2023-09-26,33.6,33.68,33.05,33.13,1400680,46647094.4,0.645400
2023-09-27,33.14,33.89,33.07,33.17,1884513,62921854.39,0.868400
2023-09-28,33.55,33.86,32.86,33.38,2207395,73591157.25,1.017100
2023-10-09,33.37,33.95,33.2,33.57,2309070,77531053.44,1.064000
2023-10-10,33.88,35.4,33.61,34.97,4694060,163123703.0,2.163000
2023-10-11,35.01,35.56,34.54,35.26,3341983,117328457.09,1.539900
2023-10-12,35.63,35.84,35.01,35.68,2964530,105058492.1,1.366000
2023-10-13,35.33,36.48,35.33,36.18,3099430,111683573.9,1.428200
2023-10-16,36.3,36.3,34.46,34.7,3090014,108384578.84,1.423800
2023-10-17,34.88,35.09,34.29,34.59,1809741,62614854.85,0.833900
2023-10-18,34.5,34.85,33.63,33.64,1912854,65126935.82,0.881400
2023-10-19,33.55,36.06,33.52,34.56,5410309,190198699.2,2.493000
2023-10-20,34.43,35.12,33.12,33.15,3074932,104175291.5,1.416900
2023-10-23,32.75,33.17,31.91,32.04,2274496,73598322.35,1.048100
2023-10-24,32.22,33.56,31.7,33.2,3100862,101553848.38,1.428800
2023-10-25,33.17,33.83,32.9,33.57,1960105,65533647.83,0.903200
2023-10-26,33.6,33.8,32.75,33.4,2538169,84212018.96,1.169600
2023-10-27,33.01,34.9,33.01,34.73,3393354,115652469.98,1.563600
2023-10-30,34.23,35.93,34.23,35.68,3437500,121897549.0,1.584000
2023-10-31,35.68,36.28,35.32,35.79,2952256,105328440.72,1.360400
2023-11-01,35.51,36.1,35.34,35.55,2121501,75802966.94,0.977600
2023-11-02,35.63,35.88,34.55,34.68,2060829,72325887.49,0.949600
2023-11-03,34.59,36.18,34.58,36.08,3169042,112952965.18,1.460300
2023-11-06,36.08,37.03,35.88,36.96,4267096,155803867.46,1.966200
2023-11-07,36.8,37.4,36.54,37.23,3470094,128141777.48,1.599000
2023-11-08,37.74,37.74,36.37,36.67,4144329,152551846.68,1.909700
2023-11-09,36.72,36.95,36.06,36.19,2478812,90289811.55,1.142200
2023-11-10,36.02,36.81,36.01,36.2,2307801,83839979.21,1.063400
2023-11-13,36.65,36.94,35.89,36.14,2983377,108412310.84,1.374700
2023-11-14,36.05,37.0,35.95,36.82,2812096,103216601.68,1.295800
2023-11-15,37.0,37.4,36.43,36.58,2461502,90679229.23,1.134200
2023-11-16,36.36,36.8,35.95,35.95,1990405,72198773.94,0.917200
2023-11-17,36.01,36.46,35.83,36.11,1761200,63567625.0,0.811500
2023-11-20,36.11,36.68,35.94,36.4,2621960,95367120.4,1.208200
2023-11-21,36.34,36.65,35.43,35.5,2474000,88736678.0,1.140000
2023-11-22,35.35,35.68,34.7,34.7,2181499,76576226.65,1.005200
2023-11-23,34.88,35.2,34.54,35.04,1964710,68584842.2,0.905300
2023-11-24,35.05,35.24,34.01,34.1,1902640,65481168.8,0.876700
2023-11-27,34.0,34.63,33.97,34.44,1832122,62924170.96,0.844200
2023-11-28,34.35,35.11,34.28,34.75,1754358,60849515.84,0.808400
2023-11-29,34.66,35.77,34.65,34.8,2729000,96241763.46,1.257500
2023-11-30,35.0,35.19,33.83,34.07,2765433,94643808.4,1.274300
2023-12-01,34.02,34.37,33.66,34.28,1591588,54160395.04,0.733400
2023-12-04,34.27,34.45,34.01,34.1,1932103,66146018.81,0.890300
2023-12-05,34.08,34.08,32.85,32.85,2123800,70762363.64,0.978600
2023-12-06,32.68,33.28,32.66,32.78,1768900,58277712.0,0.815100
2023-12-07,32.79,32.95,32.38,32.78,1764484,57575632.92,0.813100
2023-12-08,32.7,33.45,32.66,33.14,2030927,67374413.68,0.935800
2023-12-11,32.89,33.52,32.38,33.46,2178374,71711767.14,1.003800
2023-12-12,33.48,33.75,33.15,33.5,1538940,51554602.4,0.709100
2023-12-13,33.48,33.82,33.08,33.08,1326900,44343544.0,0.611400
2023-12-14,33.08,33.55,32.92,32.92,1719502,57099033.52,0.792300
2023-12-15,32.91,33.22,32.43,32.52,1479410,48477382.5,0.681700
2023-12-18,32.44,32.47,31.73,31.8,1931961,61788347.08,0.890200
2023-12-19,31.76,32.3,31.59,31.99,1588776,50835854.09,0.732100
2023-12-20,32.0,32.28,31.53,31.53,1276724,40721251.62,0.588300
2023-12-21,31.52,31.93,30.84,31.67,1974687,61968589.89,0.909900
2023-12-22,31.77,31.86,30.77,30.82,2152800,66973619.6,0.992000
2023-12-25,30.8,31.25,30.6,30.81,1284192,39655321.44,0.591700
2023-12-26,30.68,30.87,29.8,30.05,2101470,63372009.4,0.968300
2023-12-27,30.3,30.55,29.94,30.22,1519994,46047501.64,0.700400
2023-12-28,30.45,31.77,29.85,31.6,2866920,88919433.8,1.321000
2023-12-29,31.66,32.45,31.55,32.33,2358405,75996705.1,1.086700
2024-01-02,32.31,32.32,31.68,31.72,2048207,65325025.7,0.943800
2024-01-03,31.23,31.68,30.9,31.1,1879180,58642895.8,0.865900
2024-01-04,30.97,31.09,30.5,30.59,1533770,47070183.0,0.706700
2024-01-05,30.57,30.88,29.58,29.75,1789132,53902223.24,0.824400
2024-01-08,29.68,29.72,28.66,28.69,2186621,63255177.76,1.007600
2024-01-09,28.9,29.43,28.74,28.88,1870339,54375485.53,0.861800
2024-01-10,28.85,29.23,28.22,28.69,1435979,41270980.5,0.661700
2024-01-11,28.61,29.5,28.56,29.42,1823411,53128777.29,0.840200
2024-01-12,29.35,29.58,29.0,29.0,1374890,40269227.1,0.633500
2024-01-15,28.78,29.78,28.5,29.16,2221844,64951272.68,1.023800
2024-01-16,29.01,29.28,28.32,28.87,1966321,56568909.88,0.906100
2024-01-17,28.83,29.01,27.91,27.91,1568366,44581214.11,0.722700
2024-01-18,27.9,28.18,27.0,27.88,2733028,75191937.62,1.259300
2024-01-19,27.89,28.44,27.51,27.51,1788081,49755270.57,0.823900
2024-01-22,27.54,27.87,25.45,25.55,2936826,77968181.64,1.353300
2024-01-23,25.43,26.04,25.22,25.79,2384051,61298341.32,1.098500
2024-01-24,26.19,26.25,24.65,25.72,2965088,75306199.28,1.366300
2024-01-25,26.11,26.66,25.34,26.61,2347542,61581844.62,1.081700
2024-01-26,26.59,26.63,25.59,25.65,2402662,62505324.54,1.107100
2024-01-29,25.75,26.09,24.76,24.76,2192011,55152630.95,1.010100
2024-01-30,24.5,24.95,23.62,23.7,2505805,60819571.9,1.154600
2024-01-31,23.45,23.8,22.0,22.22,3848402,87867516.84,1.773300
2024-02-01,22.0,22.55,21.51,21.96,3836358,84530874.02,1.767700
2024-02-02,21.98,22.38,19.55,20.41,4928112,102678137.06,2.270800
2024-02-05,20.06,20.37,17.19,17.62,7232660,133083258.57,3.332700
2024-02-06,17.11,18.93,16.67,18.51,6755123,119790599.16,3.112700
2024-02-07,18.64,19.68,18.41,18.99,6468021,123531976.91,2.980400
2024-02-08,18.97,22.79,18.97,22.79,5211938,111749571.96,2.401600
2024-02-19,24.55,25.73,22.94,23.61,12819708,305006167.02,5.907200
2024-02-20,23.0,23.31,22.18,23.15,8513818,193117067.91,3.923100
2024-02-21,22.77,23.93,22.51,23.23,8002845,188190908.15,3.687600
2024-02-22,23.0,23.95,23.0,23.73,6244969,146992541.88,2.877600
2024-02-23,23.98,24.46,23.47,24.42,6253990,149765047.26,2.881800
2024-02-26,24.8,25.11,24.02,24.67,6376472,156640069.15,2.938200
2024-02-27,24.42,25.77,24.31,25.74,6108318,153400811.77,2.814600
2024-02-28,25.97,26.3,23.47,23.47,8352656,209657807.22,3.848800
2024-02-29,23.08,25.12,23.08,25.12,6586012,161876135.25,3.034800
2024-03-01,25.33,26.17,25.12,26.01,6677011,172066858.89,3.076700
2024-03-04,26.22,26.4,25.33,26.09,5716380,148262135.36,2.634000
2024-03-05,25.56,26.25,25.31,25.57,4435786,114455671.22,2.044000
2024-03-06,25.16,25.84,24.84,25.3,3557119,89973062.3,1.639100
2024-03-07,25.28,25.98,24.61,24.66,3790959,95405936.91,1.746800
2024-03-08,24.82,25.3,24.43,25.28,3552679,88933786.03,1.637000
2024-03-11,25.03,25.45,24.74,25.45,3464610,87087062.4,1.596400
2024-03-12,25.59,26.27,25.3,25.96,4711200,121982835.85,2.170900
2024-03-13,26.09,26.34,25.8,26.05,4324903,113025268.82,1.992900
2024-03-14,25.79,25.91,25.08,25.48,3570688,91251929.34,1.645300
2024-03-15,25.44,25.69,25.03,25.64,2852805,72282073.8,1.314500
2024-03-18,26.18,26.45,25.77,26.44,4782299,125069266.01,2.203600
2024-03-19,26.35,28.12,26.16,26.68,8848097,239780032.68,4.077100
2024-03-20,26.63,26.98,26.29,26.81,5061147,134933606.8,2.332100
2024-03-21,26.82,28.6,26.82,28.19,10155529,282847381.42,4.679500
2024-03-22,27.88,29.5,27.7,28.52,12321248,353146118.75,5.677500
2024-03-25,28.2,28.25,26.21,26.27,8177410,221167367.82,3.768100
2024-03-26,26.18,28.09,26.08,26.73,5804092,155964142.11,2.674500
2024-03-27,26.69,26.76,24.38,24.4,6865257,172813606.5,3.163400
2024-03-28,24.4,25.25,24.2,24.51,4792126,118098283.54,2.208200
2024-03-29,24.29,24.77,23.65,24.45,4333518,104629006.84,1.996800
2024-04-01,24.67,25.8,24.66,25.74,4950831,125384241.23,2.281300
2024-04-02,25.83,25.95,24.92,25.1,3636910,91641590.02,1.675800
2024-04-03,24.9,25.35,24.01,24.41,3415522,84191156.02,1.573800
2024-04-08,24.4,24.41,23.51,23.51,2629330,62572515.7,1.211600
2024-04-09,23.55,24.21,23.45,24.15,2347043,56079629.55,1.081500
2024-04-10,24.02,24.11,23.01,23.15,2702113,63167528.62,1.245100
2024-04-11,22.99,23.68,22.85,22.85,2460053,57164271.22,1.133600
2024-04-12,22.89,23.3,22.5,22.5,2711050,61811337.0,1.249200
2024-04-15,22.18,22.87,20.85,21.26,4508561,97310438.32,2.077500
2024-04-16,21.0,21.24,19.19,19.19,5239602,103888544.82,2.414300
2024-04-17,19.57,21.27,19.51,21.22,4647910,95541720.4,2.141700
2024-04-18,21.38,21.39,20.42,20.79,3307429,69183616.29,1.524000
2024-04-19,20.64,20.64,19.9,19.95,2975515,59865597.35,1.371100
2024-04-22,19.8,20.42,19.17,20.2,3059030,60780963.86,1.409600
2024-04-23,20.21,20.8,20.21,20.58,2733724,56150800.48,1.259700
2024-04-24,20.54,21.3,20.39,21.28,2940000,61841680.9,1.354700
2024-04-25,21.27,22.12,21.08,21.55,3125200,67663322.0,1.440100
2024-04-26,21.86,23.06,21.54,22.69,4251439,95679593.29,1.959000
2024-04-29,22.79,23.74,22.78,23.55,3243530,75774642.5,1.494600
2024-04-30,23.61,23.76,23.15,23.43,2869212,67353864.94,1.322100
2024-05-06,23.84,24.23,23.52,23.55,2641900,62835112.0,1.217400
2024-05-07,23.55,23.87,23.41,23.66,2176820,51456320.0,1.003100
2024-05-08,23.67,23.68,22.96,23.04,2664600,61928055.5,1.227800
2024-05-09,22.91,23.69,22.91,23.47,2654000,62190420.0,1.222900
2024-05-10,23.47,23.84,22.75,22.8,2594800,59772280.0,1.195700
2024-05-13,22.87,22.87,21.9,22.0,2965200,65739429.0,1.366300
2024-05-14,22.01,22.75,22.01,22.18,2049500,45676409.0,0.944400
2024-05-15,22.15,22.88,21.75,22.18,2093350,46871538.0,0.964600
2024-05-16,22.35,22.98,22.33,22.42,2482600,56216855.0,1.144000
2024-05-17,22.42,23.08,22.1,23.08,2866100,65390782.0,1.320700
2024-05-20,23.15,23.68,22.91,22.96,2515200,58394661.0,1.159000
2024-05-21,22.85,23.12,22.43,22.57,2547100,57692388.48,1.173700
2024-05-22,22.56,23.25,22.42,23.15,2549760,58415209.16,1.174900
2024-05-23,23.15,23.34,22.52,22.6,2604000,59546225.0,1.199900
2024-05-24,22.6,22.69,21.63,21.64,3060930,67311635.1,1.410400
2024-05-27,21.78,22.15,20.94,22.14,3307045,71102974.58,1.523800
2024-05-28,22.21,26.57,22.09,25.49,19819004,503292716.04,9.132400
2024-05-29,24.3,25.14,24.03,24.26,14789985,361002488.35,6.815000
2024-05-30,24.11,28.12,23.88,27.48,23091808,599089691.33,10.640400
2024-05-31,26.49,27.45,26.46,26.47,15796632,424134906.08,7.278900
2024-06-03,26.6,27.3,25.95,26.56,12582325,335104104.05,5.797800
2024-06-04,26.0,26.01,24.87,25.2,11443509,288906519.32,5.273000
2024-06-05,24.96,27.17,24.88,25.7,13726307,362871017.87,6.324900
2024-06-06,26.33,27.68,25.26,25.45,14599283,387231568.12,6.727200
2024-06-07,25.57,26.2,24.52,24.68,11015645,277750032.54,5.075900
2024-06-11,24.61,26.55,24.3,26.15,12818067,327727914.31,5.906400
2024-06-12,25.7,26.35,25.68,26.31,9948617,258912774.94,4.584200
2024-06-13,26.3,28.12,25.91,27.18,15206081,410045748.3,7.006800
2024-06-14,27.0,27.0,26.0,26.27,9463838,249497014.96,4.360800
2024-06-17,26.0,26.85,25.68,26.23,7582990,199350965.98,3.494100
2024-06-18,26.14,26.46,25.72,25.92,6914660,179781987.26,3.186200
2024-06-19,26.13,27.17,25.57,26.93,11302309,298776469.21,5.208000
2024-06-20,26.66,29.39,26.42,28.52,21205462,602284793.55,9.771200
2024-06-21,27.58,28.3,26.8,28.17,12424899,341586079.39,5.725200
2024-06-24,27.68,30.65,27.66,28.55,19089755,557469447.02,8.796300
2024-06-25,27.99,28.53,26.5,26.97,13760031,377146871.87,6.340500
2024-06-26,26.57,27.64,25.15,27.56,12214919,322567100.05,5.628500
2024-06-27,27.03,27.3,25.6,25.65,9908459,261276736.66,4.565700
2024-06-28,25.79,26.38,25.31,25.42,7511635,194186757.52,3.461300
2024-07-01,25.52,25.75,24.0,24.69,7700400,188923213.52,3.548200
2024-07-02,24.8,24.8,24.05,24.2,4404165,107190645.5,2.029400
2024-07-03,24.2,25.35,23.51,25.03,8608656,211693773.7,3.966800
2024-07-04,24.88,25.12,23.93,24.03,5589085,137131478.1,2.575400
2024-07-05,23.88,23.92,23.1,23.45,4733693,111285377.52,2.181200
2024-07-08,23.48,28.14,23.48,28.14,21965923,603275562.29,10.121600
2024-07-09,28.75,30.5,28.38,30.11,32727859,968213560.67,15.080600
2024-07-10,29.8,30.1,28.75,28.96,21044869,615757149.95,9.697200
2024-07-11,29.4,29.69,28.51,29.16,15556553,453046768.54,7.168300
2024-07-12,29.0,30.37,28.39,29.75,19655147,577755342.77,9.056900
2024-07-15,29.8,32.2,29.6,29.85,23929286,737705712.63,11.026300
2024-07-16,29.2,30.95,28.79,30.78,19749683,588084773.62,9.100400
2024-07-17,30.0,30.79,29.21,29.33,13538289,405432530.0,6.238300
2024-07-18,28.8,31.82,27.84,31.18,21677129,646617536.53,9.988600
2024-07-19,31.2,36.08,31.2,34.28,28738385,963563066.33,13.242300
2024-07-22,33.67,34.26,33.04,33.48,19830699,665143883.92,9.137700
2024-07-23,33.48,33.98,32.48,32.61,13174889,438504276.48,6.070800
2024-07-24,32.9,34.23,32.2,32.45,16974964,564500162.24,7.821900
2024-07-25,31.5,33.1,31.35,31.6,13064280,416566260.7,6.019900
2024-07-26,31.13,31.53,30.37,30.91,12385200,382738644.4,5.706900
2024-07-29,31.06,32.0,30.4,30.65,9842780,305885971.77,4.535400
2024-07-30,30.21,33.4,29.91,33.4,17405375,551682256.29,8.020200
2024-07-31,32.4,34.0,32.12,32.98,17984834,597571734.59,8.287200
2024-08-01,32.93,35.33,32.85,33.17,18534576,628460409.05,8.540500
2024-08-02,32.86,33.55,31.91,32.05,12080630,393369147.62,5.566600
2024-08-05,31.9,32.15,29.84,29.9,10750954,331329918.11,4.953900
2024-08-06,30.6,30.86,29.35,30.04,6892674,205419681.5,3.176100
2024-08-07,30.05,30.8,29.55,29.67,7026900,211904599.0,3.237900
2024-08-08,29.58,30.59,28.7,29.71,9700424,288616322.96,4.469800
2024-08-09,30.61,30.96,29.34,29.34,7939100,239035439.08,3.658200
2024-08-12,28.76,29.3,28.25,28.59,6188224,177124185.88,2.851500
2024-08-13,28.61,29.3,28.45,29.1,4570700,131782869.0,2.106100
2024-08-14,29.12,29.8,28.83,28.88,6270700,183902036.0,2.889500
2024-08-15,28.5,30.19,28.26,29.8,8990400,266520977.0,4.142700
2024-08-16,29.66,29.9,27.8,28.0,10213350,294432565.4,4.706200
2024-08-19,27.52,28.2,27.27,27.55,5598508,155095807.86,2.579700
2024-08-20,27.64,27.86,27.21,27.35,3856869,106289648.09,1.777200
2024-08-21,27.3,27.67,26.96,27.07,3850817,104916653.83,1.774400
2024-08-22,27.07,27.48,26.81,26.86,3723231,100723695.28,1.715600
2024-08-23,26.85,27.11,26.4,26.61,3961400,105979634.0,1.825400
2024-08-26,26.75,27.14,26.52,26.85,3650000,98037489.0,1.681900
2024-08-27,26.76,26.98,26.14,26.25,3477500,92010736.0,1.602400
2024-08-28,26.14,26.59,25.9,26.29,2868391,75482318.73,1.321700
2024-08-29,25.98,26.77,25.7,26.34,4377890,115919449.9,2.017700
2024-08-30,26.41,27.73,26.41,27.33,6353051,173257905.68,2.928000
2024-09-02,27.16,27.68,26.1,26.11,4636200,124085048.0,2.136800
2024-09-03,26.11,26.83,26.07,26.36,3487184,92134571.32,1.607200
2024-09-04,26.0,26.63,25.82,26.31,3009940,79060608.9,1.387200
2024-09-05,26.36,26.82,26.15,26.67,3126500,83005218.0,1.441000
2024-09-06,26.8,27.17,26.13,26.13,4036966,107100389.14,1.860600
2024-09-09,26.0,26.49,25.81,25.98,3572393,93249359.15,1.646500
2024-09-10,26.0,26.35,25.4,26.21,3933630,101544267.5,1.813000
2024-09-11,26.29,26.29,25.8,26.01,2357400,61275532.0,1.086500
2024-09-12,26.2,26.43,25.56,25.58,2385316,61852341.9,1.099400
2024-09-13,25.5,25.75,25.03,25.04,2641143,66934090.74,1.217300
2024-09-18,25.16,25.48,24.46,24.84,2631200,65285810.0,1.212700
2024-09-19,25.12,25.64,24.63,25.4,3091730,78116740.5,1.424900
2024-09-20,25.36,25.55,24.96,25.27,2540586,64035986.22,1.170900
2024-09-23,25.24,25.53,25.01,25.18,2132420,53903978.0,0.982800
2024-09-24,25.32,26.05,25.06,25.94,4454088,114414921.4,2.052800
2024-09-25,26.28,27.01,26.0,26.08,5831281,154642543.75,2.687600
2024-09-26,26.08,27.64,26.01,27.63,7547433,202880413.95,3.478500
2024-09-27,28.08,30.3,27.8,30.03,11418424,332196757.88,5.262600
2024-09-30,32.19,36.04,31.0,36.04,17764658,602181462.42,8.187500
2024-10-08,43.25,43.25,40.58,43.25,13366844,573752954.84,6.160600
2024-10-09,43.3,51.8,42.83,47.07,39880281,1930886410.78,18.380300
2024-10-10,46.62,49.79,38.62,44.0,27780620,1268199572.77,12.803700
2024-10-11,43.91,45.87,41.61,42.7,16970276,733700977.38,7.821400
2024-10-14,42.06,44.89,41.0,44.55,20645469,889378259.55,9.515200
2024-10-15,44.02,46.28,42.11,42.15,20640292,916066741.82,9.512800
2024-10-16,40.04,42.37,40.01,41.07,12746495,527806436.54,5.874700
2024-10-17,42.02,43.38,41.31,41.39,13155435,555826870.07,6.063200
2024-10-18,40.81,49.61,40.81,47.73,31228872,1418403519.19,14.393000
2024-10-21,48.3,51.77,46.26,46.41,35481694,1729860040.97,16.353000
2024-10-22,46.4,48.86,45.51,46.29,23084900,1084475987.07,10.639500
2024-10-23,45.0,46.85,44.61,45.36,15567536,713302622.13,7.174900
2024-10-24,45.02,46.28,44.5,44.86,11812289,533636052.2,5.444100
2024-10-25,45.6,45.77,44.2,44.55,11472715,513686420.41,5.287600
2024-10-28,44.49,44.68,43.7,44.54,9556717,421790075.98,4.404600
2024-10-29,44.43,45.18,42.91,42.91,12586495,555369403.75,5.800900
2024-10-30,42.6,43.4,41.79,42.69,9622627,409678624.29,4.434900
2024-10-31,42.26,44.6,41.86,43.67,14041025,609659239.83,6.471300
2024-11-01,43.0,43.66,39.83,39.94,15584308,642270161.5,7.182600
2024-11-04,39.53,41.01,39.53,40.88,7832657,317370028.45,3.610000
2024-11-05,40.88,43.33,40.74,43.11,11452290,485455601.38,5.278200
2024-11-06,43.2,44.18,42.18,42.74,11988699,516873727.56,5.525400
2024-11-07,42.78,43.8,42.22,43.55,9169028,394567743.76,4.225900
2024-11-08,44.45,45.5,43.36,43.5,13544055,603380820.77,6.242300
2024-11-11,43.96,45.81,43.78,45.26,15248173,686792847.67,7.027700
2024-11-12,45.0,45.27,43.7,44.24,11194231,496239507.03,5.159300
2024-11-13,43.81,44.1,42.71,43.89,7426280,322643931.54,3.422700
2024-11-14,43.71,43.95,42.02,42.1,6639442,285247369.72,3.060000
2024-11-15,41.7,42.49,39.58,39.61,8040894,329410381.38,3.705900
2024-11-18,39.96,40.08,37.13,37.47,8347811,317621158.02,3.847400
2024-11-19,38.01,39.45,37.69,39.37,6790872,261254134.7,3.129800
2024-11-20,39.37,39.75,38.67,39.37,6213340,243211708.3,2.863600
2024-11-21,39.2,39.58,38.29,38.97,5763818,225136175.32,2.656500
2024-11-22,38.76,39.46,36.74,36.84,6674029,254327107.28,3.076000
2024-11-25,37.11,37.45,36.26,37.36,4766658,176006340.62,2.196900
2024-11-26,37.59,38.68,37.0,37.4,6204668,235579908.71,2.859600
2024-11-27,37.1,38.3,35.91,38.28,6587084,244307719.48,3.035900
2024-11-28,38.28,38.87,37.78,37.87,5711700,218608261.25,2.632400
2024-11-29,37.66,38.95,37.13,38.35,6408935,244284134.75,2.953800
2024-12-02,38.1,38.61,37.9,38.47,5779407,221588865.09,2.663700
2024-12-03,38.61,38.9,37.62,38.07,5506072,210089439.7,2.537700
2024-12-04,39.88,40.35,38.04,38.11,12597216,495002370.17,5.805900
2024-12-05,37.64,38.5,37.35,37.86,7269790,276322709.5,3.350500
2024-12-06,37.87,38.68,37.2,38.61,7928052,302046376.45,3.653900
2024-12-09,38.24,38.69,37.25,37.6,5990196,226607218.42,2.760800
2024-12-10,39.26,39.5,38.21,38.22,8060079,312404586.65,3.714800
2024-12-11,38.06,39.38,38.06,38.9,7178815,278431540.7,3.308600
2024-12-12,38.8,39.04,37.83,38.55,6329253,242747415.01,2.917100
2024-12-13,38.17,38.49,36.96,36.96,8004422,301168427.11,3.689100
2024-12-16,38.36,41.0,38.09,40.0,24398779,977256342.18,11.245100
2024-12-17,40.01,42.42,39.23,40.41,21733336,889685738.92,10.016600
2024-12-18,41.0,46.0,38.0,43.97,30789066,1303910642.87,14.190300
2024-12-19,42.25,43.8,42.01,42.82,20628767,881814114.47,9.507500
2024-12-20,42.35,45.53,42.35,43.28,22039235,971506586.04,10.157600
2024-12-23,42.99,45.51,42.51,44.55,23484933,1048589283.02,10.823900
2024-12-24,45.4,45.6,41.4,43.73,18209558,784307582.75,8.392500
2024-12-25,42.82,42.99,40.0,40.01,15576686,642899778.2,7.179100
2024-12-26,39.2,41.43,39.2,40.79,11985911,486913373.86,5.524100
2024-12-27,40.57,41.49,39.76,39.76,11338252,460140579.37,5.225600
2024-12-30,39.3,39.93,38.14,38.96,8392486,328154127.62,3.868000
2024-12-31,39.28,39.59,35.54,35.54,12651303,466576946.18,5.830800
2025-01-02,35.66,35.84,33.3,33.8,10123259,348966082.1,4.665700
2025-01-03,34.34,34.86,32.15,32.2,8267869,274096102.85,3.810500
2025-01-06,32.5,32.78,31.2,31.67,5793392,184083839.88,2.670100
2025-01-07,32.32,33.33,32.01,33.32,8189426,268103687.65,3.774400
2025-01-08,32.91,33.88,31.72,33.34,8828800,290746138.24,4.069100
2025-01-09,33.17,34.16,33.02,33.28,6699471,225641964.2,3.087700
2025-01-10,32.9,34.18,31.95,32.0,7661346,254107621.66,3.531000
2025-01-13,31.28,32.2,30.65,32.06,5660888,178501108.2,2.609000
2025-01-14,32.3,33.77,32.0,33.75,7263985,240498895.0,3.347900
2025-01-15,33.59,34.3,33.3,33.52,6220452,209767036.8,2.866900
2025-01-16,34.0,34.38,32.93,33.37,6378466,214094501.18,2.939700
2025-01-17,33.55,34.97,33.28,34.33,10099452,345032031.1,4.654700
2025-01-20,34.28,34.31,33.14,33.43,8241960,276267541.8,3.798600
2025-01-21,33.47,34.0,32.9,33.98,7142951,239436633.98,3.292100
2025-01-22,33.65,33.95,32.87,33.09,4848700,161613065.0,2.234700
2025-01-23,33.5,34.16,32.52,32.52,6795059,227150462.79,3.131800
2025-01-24,32.61,32.87,32.26,32.77,4783509,155963336.1,2.204700
2025-01-27,33.05,33.29,31.8,31.8,3960700,128761309.56,1.825400
2025-02-05,32.66,33.56,32.22,32.99,5861984,193332572.94,2.701700
2025-02-06,32.72,34.78,32.6,34.72,8937660,306017730.3,4.119200
2025-02-07,34.74,35.5,34.1,34.71,9646894,336991975.04,4.446100
2025-02-10,34.72,35.92,34.58,35.78,8621487,305470559.73,3.973500
2025-02-11,35.7,35.7,34.6,34.7,6488604,226237619.62,2.990500
2025-02-12,34.51,37.01,34.22,36.8,14884775,535022030.07,6.860200
2025-02-13,36.28,36.44,35.55,35.62,8693877,311985243.0,4.006900
2025-02-14,35.43,35.7,34.68,35.37,6115292,215101413.46,2.818500
2025-02-17,35.35,35.87,34.85,35.41,6364382,224316616.14,2.933300
2025-02-18,35.27,35.67,33.27,33.38,8236000,283761025.0,3.795900
2025-02-19,33.43,34.97,33.42,34.9,7766282,267658913.3,3.579400
2025-02-20,35.1,35.35,34.4,34.69,5517210,192125456.7,2.542800
2025-02-21,34.7,36.25,34.31,36.1,11381230,405173895.9,5.245500
2025-02-24,36.31,37.16,35.68,36.49,10562440,383548289.37,4.868100
2025-02-25,35.8,37.73,35.62,36.84,11763818,435104724.46,5.421800
2025-02-26,36.84,37.9,36.21,37.7,10755650,398461760.0,4.957100
2025-02-27,37.5,37.92,35.95,36.98,9656276,355745941.26,4.450400
2025-02-28,36.55,36.81,34.75,34.95,7486407,267429607.47,3.450400
2025-03-03,35.23,36.13,34.54,34.91,6888310,243736444.6,3.174700
2025-03-04,34.78,38.48,34.4,37.39,13482641,493568982.57,6.214000
2025-03-05,37.5,37.87,36.5,37.13,8422140,312444965.8,3.881600
2025-03-06,37.49,37.51,36.91,37.15,8917480,331828115.4,4.109900
2025-03-07,37.0,37.08,36.0,36.28,7046496,257254437.5,3.247600
2025-03-10,36.28,36.93,36.05,36.74,4984450,182379665.64,2.297300
2025-03-11,36.01,36.8,35.87,36.34,5335500,193214462.12,2.459100
2025-03-12,36.55,36.75,35.94,35.97,5749776,208891891.12,2.650000
2025-03-13,35.72,35.85,34.01,34.27,7433525,258325753.11,3.426000
2025-03-14,34.21,35.21,34.18,35.01,5259645,182582939.0,2.424100
2025-03-17,35.02,35.25,34.7,34.96,3265215,114383445.05,1.504900
2025-03-18,35.17,35.79,34.81,34.86,3729130,131276414.0,1.718700
2025-03-19,34.81,35.08,34.05,34.21,3762947,129555493.41,1.734300
2025-03-20,34.38,34.48,33.42,33.43,4677900,158714483.0,2.156000
2025-03-21,33.3,33.55,32.48,32.57,4277483,140746653.97,1.971400
2025-03-24,32.58,32.8,31.2,32.23,4206730,134633829.6,1.938800
2025-03-25,32.24,33.15,31.65,32.55,4510974,146162132.8,2.079000
2025-03-26,32.43,32.88,32.28,32.29,2850590,92902250.54,1.313800
2025-03-27,32.01,32.85,31.83,32.26,2762400,89458251.02,1.273200
2025-03-28,32.4,32.77,31.58,31.58,2768494,88908267.4,1.276000
2025-03-31,30.0,30.46,26.5,27.0,15948260,443126379.61,7.350300
2025-04-01,27.0,28.2,26.93,27.77,8197816,226048658.14,3.778300
2025-04-02,27.59,28.14,27.51,27.78,4447540,123784308.44,2.049800
2025-04-03,27.77,28.33,27.43,27.64,4406785,122575304.61,2.031000
2025-04-07,25.79,26.4,22.12,23.1,9063566,217654633.37,4.177300
2025-04-08,23.18,25.06,23.18,24.3,7040932,171815342.32,3.245100
2025-04-09,23.6,25.6,22.82,25.42,7709497,191123086.57,3.553200
2025-04-10,26.06,26.84,25.8,25.95,5879430,154444635.4,2.709700
2025-04-11,26.61,31.14,26.57,31.14,7928300,237833254.7,3.654000
2025-04-14,36.08,36.08,32.14,33.21,26870557,897295071.81,12.384300
2025-04-15,33.3,33.59,31.69,32.22,16056707,522079841.5,7.400300
2025-04-16,31.23,32.88,31.12,31.55,12435252,396841252.9,5.731200
2025-04-17,30.99,35.87,30.99,33.57,24887018,847776910.6,11.470100
2025-04-18,32.3,33.45,31.7,32.25,15352232,496080842.6,7.075600
2025-04-21,31.8,32.1,31.43,31.65,9580800,303289462.84,4.412300
2025-04-22,31.38,33.13,31.25,31.96,12977692,418591815.82,5.976700
2025-04-23,31.42,32.08,30.81,31.23,10567500,331397676.0,4.866800
2025-04-24,31.22,31.23,29.98,30.1,7953800,241782665.0,3.663000
2025-04-25,30.02,30.28,29.6,29.87,6056310,181150962.4,2.789200
2025-04-28,29.78,29.98,29.33,29.41,3932530,116199295.3,1.811100
2025-04-29,29.03,29.85,29.03,29.7,3829700,113483961.0,1.763700
2025-04-30,29.71,30.15,29.61,29.61,4851208,144925801.08,2.234200
2025-05-06,29.91,30.81,29.91,30.81,6011200,182379532.7,2.768400
2025-05-07,31.41,31.58,30.1,30.39,6447260,197799369.0,2.969200
2025-05-08,30.37,30.95,30.26,30.91,4909782,150577174.56,2.261100
2025-05-09,30.87,30.88,29.65,29.81,5019200,150749941.0,2.311500
2025-05-12,30.28,31.09,30.1,30.93,5904430,181162252.6,2.719200
2025-05-13,31.36,31.45,30.32,30.45,4993192,153961398.64,2.299600
2025-05-14,30.49,30.79,30.06,30.67,4200600,128065964.0,1.934500
2025-05-15,30.86,30.86,29.66,29.82,3886498,116703600.4,1.789900
2025-05-16,29.8,30.22,29.7,29.9,2858760,85892466.4,1.316600
2025-05-19,29.81,30.37,29.51,30.19,3346722,100427626.3,1.541300
2025-05-20,30.02,30.75,29.89,30.61,4118550,125245756.8,1.896800
2025-05-21,30.43,30.55,29.9,30.5,3870600,117029841.0,1.782600
2025-05-22,30.27,32.25,30.25,30.82,11650790,366984497.7,5.365600
2025-05-23,30.8,32.66,30.5,32.06,15491986,493479444.24,7.134700
2025-05-26,32.11,33.2,31.2,31.6,9916572,315307643.2,4.567000
2025-05-27,31.35,31.54,30.5,30.56,7313163,225193565.7,3.368000
2025-05-28,30.6,34.51,30.13,32.59,16266598,525494179.8,7.491400
2025-05-29,32.64,33.1,32.16,32.99,12171012,397490252.66,5.605200
2025-05-30,32.52,32.68,31.56,31.7,7941600,253958335.8,3.657400
2025-06-03,31.5,31.99,31.31,31.66,5046721,159940778.63,2.324200
2025-06-04,31.66,32.78,31.5,32.44,8682545,280500942.04,3.998700
2025-06-05,32.42,33.0,31.81,32.62,8371562,272455840.18,3.855400
2025-06-06,32.36,33.45,32.2,32.81,8600750,283100182.82,3.961000
2025-06-09,32.52,32.99,32.44,32.78,6672490,218117004.0,3.072900
2025-06-10,32.68,33.48,32.1,32.1,10983300,361143168.0,5.058200
2025-06-11,32.03,32.29,31.6,31.67,7072299,225320147.93,3.257100
2025-06-12,31.5,31.88,31.24,31.83,4464418,141241421.7,2.056000
2025-06-13,31.5,32.22,30.24,30.28,7164304,221750248.84,3.299400
2025-06-16,29.95,30.97,29.88,30.82,4040985,123923118.55,1.861000
2025-06-17,30.75,31.25,30.33,30.95,3892571,120131723.64,1.792700
2025-06-18,30.83,31.48,30.62,31.27,4471564,139168220.72,2.059300
2025-06-19,31.07,31.52,30.08,30.13,5293392,163054222.68,2.437800
2025-06-20,30.2,31.5,30.18,30.22,5649210,173866562.86,2.601700
2025-06-23,29.75,31.12,29.67,30.92,5072271,155786798.4,2.336000
2025-06-24,30.92,31.96,30.9,31.94,6727450,213337159.23,3.098300
2025-06-25,31.92,32.57,31.66,32.55,8613918,277361976.38,3.967100
2025-06-26,32.5,32.85,32.05,32.12,6479834,210226848.22,2.984200
2025-06-27,33.0,33.33,32.08,32.24,6407600,208492039.19,2.951000
2025-06-30,32.27,33.19,32.27,32.75,5984284,195952593.9,2.756000
2025-07-01,32.85,33.8,32.5,32.8,9652990,319402198.2,4.445600
2025-07-02,32.03,32.8,31.79,32.15,6324025,202914876.25,2.912500
2025-07-03,32.11,32.52,31.98,32.18,4197390,135164950.4,1.933100
2025-07-04,32.1,32.27,31.39,31.47,5422500,172019067.0,2.497300
2025-07-07,31.42,31.75,31.3,31.48,2801305,88244385.4,1.290100
2025-07-08,31.45,31.89,31.45,31.79,3589400,113831469.0,1.653100
2025-07-09,31.76,31.85,31.28,31.41,3813900,120175627.0,1.756500
2025-07-10,31.33,31.53,31.06,31.19,3222494,100749474.12,1.484100
2025-07-11,31.07,31.87,30.82,31.68,4504617,141787898.86,2.074600
2025-07-14,31.7,31.78,31.32,31.41,2850000,89716529.0,1.312500
2025-07-15,31.33,31.5,30.6,30.95,4071660,126276371.8,1.875200
2025-07-16,30.88,32.17,30.8,31.21,5706400,180197779.0,2.628000
2025-07-17,31.05,31.6,30.91,31.58,4281520,134005572.2,1.971800
2025-07-18,31.54,31.82,31.2,31.5,3804341,119621130.98,1.752000
2025-07-21,31.5,31.66,31.38,31.53,3013440,94971845.19,1.387800
2025-07-22,31.53,31.75,31.22,31.37,3596995,113039530.35,1.656600
2025-07-23,31.4,31.76,31.16,31.23,4287224,135093854.87,1.974400
2025-07-24,31.26,32.16,31.26,31.88,5956084,189429073.25,2.743000
2025-07-25,32.15,32.48,31.7,32.46,7166392,230513654.42,3.300400
2025-07-28,32.4,32.46,32.12,32.23,3955030,127555417.8,1.821400
2025-07-29,32.23,32.76,32.18,32.64,5863986,190910826.94,2.700600
2025-07-30,32.64,33.3,32.09,32.39,7403489,242314237.23,3.409600
2025-07-31,32.2,32.92,31.92,32.12,6370015,206537954.9,2.933600
2025-08-01,32.01,32.76,31.87,32.25,4826240,155611216.25,2.222700
2025-08-04,32.0,32.67,31.85,32.62,4354310,141078043.8,2.005300
2025-08-05,32.7,32.78,32.49,32.67,4080210,133142812.3,1.879100
2025-08-06,32.56,33.74,32.33,33.5,8415345,278593539.38,3.875600
2025-08-07,33.7,40.2,33.66,40.2,27371853,1048917255.51,12.605800
2025-08-08,40.42,42.06,39.12,39.23,47182314,1919202456.61,21.729300
2025-08-11,38.58,39.43,38.02,39.21,23077410,896411693.21,10.628100
2025-08-12,39.0,45.15,38.72,42.78,43694529,1837161565.04,20.123100
2025-08-13,42.1,44.44,41.5,43.18,32731636,1406513162.91,15.074200
2025-08-14,42.32,43.18,40.51,40.62,27236566,1133445547.83,12.543500
2025-08-15,40.51,41.84,40.0,41.03,19763726,807545649.66,9.102000
2025-08-18,41.43,42.2,40.72,41.45,19550726,809992670.39,9.003900
2025-08-19,41.04,43.38,40.5,42.96,23912900,1012806104.18,11.012800
2025-08-20,42.06,42.5,41.0,42.21,16266749,678328306.71,7.491500
2025-08-21,42.05,45.89,41.0,41.0,25682983,1119437169.86,11.828000
2025-08-22,40.88,42.16,40.59,41.33,20283674,838521337.02,9.341400
2025-08-25,41.35,42.9,41.06,41.64,17718943,739397206.29,8.160300
2025-08-26,41.23,41.68,40.18,40.7,13830670,566186001.24,6.369600
2025-08-27,40.71,41.76,39.23,39.3,16795844,682924159.85,7.735200
2025-08-28,39.09,40.68,39.0,40.68,13522722,538638613.1,6.227700
2025-08-29,40.39,40.39,38.81,39.07,12121424,476453149.09,5.582000
2025-09-01,39.68,40.2,39.1,39.87,8622100,342098388.76,3.970500
2025-09-02,39.56,40.34,37.81,38.42,10256631,396778085.77,4.723300
2025-09-03,38.69,38.77,37.0,37.14,7609222,288592810.81,3.504100
2025-09-04,37.3,37.68,35.07,35.67,8340335,304110194.53,3.840800
2025-09-05,36.0,37.25,35.61,37.03,7739268,282689937.01,3.564000
2025-09-08,37.0,37.29,36.53,37.13,6208065,229291789.42,2.858900
2025-09-09,37.28,37.31,36.18,36.32,5058486,185176771.31,2.329500
2025-09-10,36.52,36.96,36.3,36.62,4155560,152063181.01,1.913700
2025-09-11,36.62,37.72,36.4,37.59,7640577,284311128.75,3.518500
2025-09-12,37.6,38.78,37.33,38.07,10647087,407165854.66,4.903100
2025-09-15,42.0,42.2,39.32,39.36,19834680,805726920.62,9.134000
2025-09-16,38.51,39.44,38.45,38.8,12415748,481380860.24,5.717600
2025-09-17,38.52,39.47,38.05,38.57,8815687,341556975.57,4.059700
2025-09-18,38.3,39.88,38.16,38.37,12337123,482108195.35,5.681300
2025-09-19,38.21,38.93,37.25,37.25,8306791,316142879.13,3.825300
2025-09-22,37.31,37.96,37.16,37.85,6284107,236084063.17,2.893900
2025-09-23,37.85,39.2,36.26,39.19,13574158,514989823.29,6.251000
2025-09-24,38.8,40.74,38.56,40.5,18692713,750136428.04,8.608100
2025-09-25,39.5,40.15,39.38,39.62,11070302,439527476.32,5.098000
2025-09-26,39.39,40.05,38.87,38.87,8604860,340096189.62,3.962600
2025-09-29,39.18,39.22,38.08,38.5,7243483,278783303.9,3.335700
2025-09-30,38.88,39.24,38.24,38.75,7439577,289286133.72,3.426000
2025-10-09,39.39,39.97,38.62,39.54,10609403,418207788.43,4.885700
2025-10-10,39.05,39.1,37.15,37.18,9650123,365756066.38,4.444000
2025-10-13,35.35,37.95,35.3,37.83,6999139,258481225.57,3.223200
2025-10-14,38.0,38.42,36.03,36.15,6986950,259630606.26,3.217500
2025-10-15,36.57,37.13,35.58,36.34,4245282,153957348.31,1.955000
2025-10-16,36.23,36.48,35.48,35.67,4388774,157728327.5,2.021100
2025-10-17,35.6,35.93,34.0,34.1,5702401,198487080.43,2.626000
2025-10-20,34.79,36.05,34.76,35.36,5795801,204749984.24,2.669000
2025-10-21,35.43,35.8,35.0,35.63,4070320,144284638.9,1.874400
2025-10-22,35.18,37.41,34.9,36.37,8457810,306430838.29,3.894900
2025-10-23,35.86,36.07,35.3,35.92,5201098,185775338.66,2.395100
2025-10-24,36.45,36.75,36.07,36.55,6008502,219269895.42,2.767000
2025-10-27,36.43,36.88,35.73,36.08,6671405,241504151.98,3.072200
2025-10-28,35.7,36.48,35.68,35.89,4243389,153294672.72,1.954100
2025-10-29,35.8,36.1,35.21,35.65,4528886,161114526.43,2.085600
2025-10-30,35.41,35.87,35.0,35.01,4286833,151500304.82,1.974100
2025-10-31,35.02,35.7,34.76,35.28,3777217,133547959.31,1.739400
2025-11-03,35.1,35.58,34.69,35.58,4076829,143016022.5,1.877400
2025-11-04,35.6,35.6,34.6,34.9,3332415,116592245.76,1.534600
2025-11-05,34.26,34.84,34.26,34.66,2691945,93044052.81,1.239700
2025-11-06,34.83,34.97,34.42,34.78,2805025,97455545.1,1.291700
2025-11-07,34.44,34.6,34.1,34.51,3690280,126783621.4,1.699400
2025-11-10,34.48,35.45,34.36,35.24,4299165,150816120.04,1.979800
2025-11-11,35.27,35.79,34.97,35.23,3993930,141251918.9,1.839200
2025-11-12,35.0,35.53,34.62,35.0,3401350,119002156.1,1.566300
2025-11-13,34.92,35.88,34.76,35.6,4847675,172150590.66,2.232400
2025-11-14,35.26,35.37,34.31,34.32,4959049,172666575.26,2.283700
2025-11-17,34.01,34.77,34.01,34.71,2826600,97474663.0,1.301700
2025-11-18,34.65,37.24,34.43,36.07,11012494,400597855.04,5.044300
2025-11-19,35.67,36.4,35.54,36.16,6619467,238488663.37,3.032100
2025-11-20,36.19,36.36,34.87,34.88,5490863,194736923.27,2.515100
2025-11-21,34.47,34.82,32.73,32.73,6311220,210536896.68,2.890900
2025-11-24,32.85,33.55,32.23,33.29,4014582,131851365.9,1.838900
2025-11-25,33.31,34.18,33.31,33.51,3852522,129884992.98,1.764700
2025-11-26,33.51,34.19,33.02,33.36,3795000,127421839.36,1.738300
2025-11-27,33.36,34.89,33.33,33.82,5957194,204070939.08,2.728700
2025-11-28,33.79,34.19,33.58,33.91,3213440,108725346.7,1.471900
2025-12-01,33.91,35.15,33.72,35.05,5463718,189486397.0,2.502700
2025-12-02,34.99,35.35,34.6,34.72,3482772,121303049.36,1.595300
2025-12-03,34.63,34.75,33.8,33.96,3488182,119014196.89,1.597800
2025-12-04,33.88,35.57,33.85,35.0,9771404,343113833.62,4.475800
2025-12-05,34.77,35.06,34.05,34.85,5334595,183995347.0,2.443500
2025-12-08,34.53,35.46,34.53,35.28,5086819,178834924.43,2.330000
2025-12-09,35.0,35.41,34.65,34.7,4065866,142286935.5,1.862400
2025-12-10,34.51,34.86,34.05,34.52,3788253,130070637.49,1.735200
2025-12-11,34.56,35.48,33.49,33.49,4487018,154097132.69,2.032000
2025-12-12,33.41,34.29,33.05,33.89,3994104,134438727.15,1.808800
2025-12-15,33.6,33.6,32.58,32.6,4562171,150583819.58,2.066100
2025-12-16,32.5,32.7,31.7,31.89,3644602,116672151.57,1.650500
2025-12-17,31.8,32.28,31.26,32.23,3813658,121109473.98,1.727100
2025-12-18,31.94,32.69,31.78,32.23,3125300,101198993.0,1.415400
2025-12-19,32.5,32.73,32.05,32.09,2849850,91994499.75,1.290600
2025-12-22,32.1,32.79,32.1,32.35,3130850,101699323.75,1.417900
2025-12-23,32.3,32.5,31.82,31.87,3234678,103830845.56,1.464900
2025-12-24,31.87,33.3,31.87,32.68,4500886,147180912.68,2.038300
2025-12-25,33.0,33.85,32.8,33.23,4313434,143969899.86,1.953400
2025-12-26,33.05,33.45,32.75,32.85,3549676,117408255.8,1.608100
2025-12-29,32.85,33.2,32.5,32.63,2393805,78668129.35,1.084400
2025-12-30,32.64,33.0,32.32,32.35,3167500,103228979.4,1.434900
2025-12-31,32.5,32.51,31.83,31.89,3212536,102982921.74,1.455300
2026-01-05,32.17,32.92,32.17,32.79,4002905,130324047.85,1.813400
2026-01-06,32.85,33.62,32.63,33.48,5269506,175142105.38,2.387200
2026-01-07,33.64,34.49,33.35,33.5,5926041,200526683.22,2.684600
2026-01-08,33.4,34.18,33.22,33.87,4444735,150351600.46,2.013500
2026-01-09,33.86,34.24,33.47,34.16,5400598,182939068.66,2.446600
2026-01-12,34.16,35.15,33.89,35.06,7060679,244856380.2,3.198600
2026-01-13,35.15,35.35,34.08,34.1,7145991,248332121.49,3.237200
2026-01-14,34.59,36.17,34.36,35.29,11607889,407657713.76,5.258500
2026-01-15,35.2,35.55,34.22,34.91,6783624,235797468.64,3.073100
2026-01-16,35.08,36.65,34.84,35.94,12707090,454227458.09,5.756500
2026-01-19,35.8,36.18,35.2,35.48,7256662,257571260.8,3.287400
2026-01-20,35.36,36.1,34.84,35.27,7616952,270212380.14,3.450600
2026-01-21,34.97,40.94,34.9,38.5,25508633,961884851.08,11.555800
2026-01-22,39.3,45.88,37.79,44.35,46386241,1946656529.57,21.013700
2026-01-23,42.42,45.99,42.4,44.0,36062684,1600698759.4,16.336900
2026-01-26,46.0,48.97,44.0,45.89,30449497,1418360829.63,13.794100
2026-01-27,45.91,52.48,45.83,51.27,39120971,1945514000.52,17.722400
2026-01-28,54.25,60.88,54.25,56.0,38111265,2172290872.62,17.265000
2026-01-29,55.01,56.78,51.8,52.18,28029951,1510431557.18,12.698000
2026-01-30,53.0,56.0,51.27,53.36,25337866,1346982440.04,11.478400
2026-02-02,50.01,51.18,47.01,47.04,24313991,1186737446.6,11.014600
2026-02-03,48.5,49.68,46.81,49.3,17003737,825493277.24,7.702900
2026-02-04,48.75,49.97,47.14,49.75,14028082,677590308.01,6.354900
2026-02-05,47.8,53.15,47.3,52.0,26099144,1333970171.2,11.823300
2026-02-06,50.8,51.94,49.75,49.97,16242224,823359002.0,7.358000
2026-02-09,50.2,50.69,46.8,47.3,23246525,1118952878.46,10.531000
2026-02-10,47.0,50.28,46.92,47.17,22051550,1069458183.61,9.989700
2026-02-11,47.2,52.5,46.61,50.71,23468023,1160412436.64,10.631400
2026-02-12,51.58,52.2,49.17,51.41,17160733,870701082.45,7.774100
2026-02-13,50.97,51.18,49.13,49.15,11319930,564614874.74,5.128100
2026-02-24,50.55,50.78,48.19,48.44,9380842,459114198.24,4.249700
2026-02-25,48.99,49.19,46.84,47.7,9700315,462932689.0,4.394400
2026-02-26,47.86,48.1,46.13,46.81,10888826,511369660.6,4.932800
2026-02-27,46.65,46.87,44.35,45.37,13524289,612892072.85,6.126700
2026-03-02,44.22,45.19,43.44,43.52,9592616,421810521.16,4.345600
2026-03-03,43.9,44.3,40.05,40.25,11322845,469984455.63,5.129400
2026-03-04,40.08,40.79,39.39,40.1,11011012,441626087.38,4.988200
2026-03-05,41.32,45.5,41.01,43.87,24783394,1089223545.22,11.227200
2026-03-06,42.62,44.15,42.62,42.71,12250916,528275043.31,5.549800
2026-03-09,41.7,42.5,40.8,42.24,10112090,420023146.5,4.580900
2026-03-10,43.15,43.96,42.73,43.28,10267906,444824687.92,4.651500
2026-03-11,43.27,43.55,41.63,41.81,10041664,425645173.56,4.549000
2026-03-12,41.6,42.1,40.3,40.81,6925585,283717177.73,3.137400
2026-03-13,40.32,41.1,39.4,40.15,7073914,284745523.0,3.204600
2026-03-16,39.9,42.2,39.22,41.63,11295762,463456948.05,5.117100
2026-03-17,41.7,41.72,39.65,39.74,7476650,303742173.87,3.387000
2026-03-18,40.46,42.47,39.78,41.74,11783209,487703795.67,5.338000
2026-03-19,41.28,41.72,40.38,40.59,8061310,329212165.2,3.651900
2026-03-20,40.67,41.17,39.08,39.11,8667793,346684735.06,3.926600
2026-03-23,38.38,38.54,36.32,36.5,8506791,318045182.29,3.853700
2026-03-24,37.58,37.85,35.85,37.08,6592494,241009078.83,2.986500
2026-03-25,37.53,40.38,37.48,38.69,13063600,509163829.59,5.918000
2026-03-26,39.16,40.43,38.2,38.38,11355833,445149963.99,5.144400
2026-03-27,37.9,39.0,37.29,38.25,7827223,298492882.51,3.545800
2026-03-30,37.54,38.75,37.36,38.7,5859174,222915821.28,2.654300
2026-03-31,38.43,38.7,37.08,37.08,5949101,224525013.6,2.695000
2026-04-01,38.51,40.4,38.45,40.21,13922670,548289161.61,6.307200
2026-04-02,39.95,40.14,38.2,38.58,9054719,352638084.36,4.101900
2026-04-03,38.91,39.0,37.58,37.95,6338231,242469067.41,2.871300
2026-04-07,38.05,39.91,38.05,38.7,8071062,315338506.78,3.656300
2026-04-08,40.0,40.74,39.48,40.7,9356505,376948141.36,4.238600
2026-04-09,40.06,41.07,39.95,40.59,8771605,356400162.47,3.973700
2026-04-10,40.93,43.75,40.9,42.5,20849884,881573597.75,9.445300
2026-04-13,43.31,48.55,43.18,46.86,30688394,1436668571.86,13.902300
2026-04-14,46.94,49.8,46.78,47.2,20617880,987989464.86,9.340200
2026-04-15,47.48,47.83,44.38,44.52,13833904,629828677.67,6.267000
2026-04-16,44.51,45.1,43.81,44.62,10792081,480420889.14,4.889000
2026-04-17,44.1,45.29,44.06,44.5,9028769,402324914.83,4.090200
2026-04-20,44.8,44.94,43.82,44.55,9679168,428844380.73,4.384800
2026-04-21,44.55,46.59,43.8,46.15,19651835,896284510.86,8.902600
2026-04-22,45.69,47.5,45.13,46.54,17146099,794347159.39,7.767400
2026-04-23,46.54,47.14,44.75,45.81,13080743,600887456.03,5.925800
2026-04-24,45.9,47.88,45.86,47.65,20682051,972249182.34,9.369300
2026-04-27,46.55,46.87,42.88,46.0,18907255,865689820.02,8.565300
2026-04-28,45.28,46.08,43.85,44.49,14401666,645885005.82,6.524200
2026-04-29,44.02,46.5,44.02,45.85,12134959,554923875.63,5.497300
2026-04-30,45.86,46.99,45.4,46.53,14730022,682472042.05,6.672900
2026-05-06,47.24,48.3,47.03,47.1,20155356,960143852.69,9.130700
2026-05-07,47.34,48.58,46.78,48.14,16397823,785303606.68,7.428500
2026-05-08,48.0,55.34,47.23,53.8,31809098,1629833368.39,14.410000
2026-05-11,53.82,54.16,52.18,53.24,26563906,1412268130.49,12.033800
2026-05-12,53.24,54.44,51.8,52.81,17255222,915210809.79,7.816900
2026-05-13,51.39,52.77,50.57,52.46,16859301,873214294.78,7.637500
2026-05-14,52.46,54.82,51.58,53.14,22650157,1217850514.78,10.260900
2026-05-15,52.9,52.91,49.94,50.66,17603884,905899754.03,7.974800
2026-05-18,49.03,51.99,48.5,51.69,13134665,667249980.35,5.950200
