date,open,high,low,close,volume,amount,turnover
2020-01-02,23.89849,24.189935,23.8460299,23.9684368,1194700,49250880.0,6.274700
2020-01-03,23.6361895,24.4114332,23.6361895,24.2365662,1181900,48981035.0,6.207500
2020-01-06,24.3531442,24.7378516,24.2365662,24.48138,1357410,57038144.4,7.129300
2020-01-07,24.423091,24.597958,24.2365662,24.5746424,1169354,48921091.86,6.141600
2020-01-08,24.48138,24.4872089,23.5953872,23.7527675,1437404,59224149.84,7.549400
2020-01-09,23.9101478,24.656247,23.9101478,24.597958,1457773,61114408.79,7.656400
2020-01-10,24.6212736,25.0467833,24.4172621,24.889403,1521973,64533642.18,7.993600
2020-01-13,24.7436805,25.6821334,24.5571557,25.6180155,2050432,89505143.84,10.769100
2020-01-14,25.8161981,25.8570004,25.1283879,25.2915971,1520300,66387611.0,7.984800
2020-01-15,25.2682815,25.7345935,25.0934145,25.4781219,1069312,46598366.31,5.616100
2020-01-16,25.4489774,25.9735784,24.9302053,25.1925058,1332512,57720050.64,6.998500
2020-01-17,25.4489774,25.4548063,24.772825,24.9651787,1137300,48936629.0,5.973200
2020-01-20,25.1691902,25.5538976,24.5454979,25.2915971,1545330,66488924.44,8.116200
2020-01-21,25.1750191,26.521495,25.1750191,25.5946999,1950042,86378910.46,10.241800
2020-01-22,24.8077984,25.3440572,23.7119652,25.0409544,2333396,97906182.34,12.255200
2020-01-23,25.64716,26.3233124,24.6853915,25.1750191,2464461,107743037.06,12.943600
2020-02-03,22.6569343,22.6569343,22.6569343,22.6569343,345800,13441246.0,1.816200
2020-02-04,20.4302945,22.616132,20.4302945,21.5202988,2016828,74772763.4,10.592600
2020-02-05,21.5552722,22.616132,21.5552722,21.8875195,1637699,62176958.08,8.601400
2020-02-06,21.741797,22.5461852,21.6310479,22.3538315,1094577,41624135.09,5.748800
2020-02-07,22.382976,23.2048509,22.3596604,23.2048509,1462764,57129269.28,7.682600
2020-02-10,23.373889,23.373889,22.790999,22.9716949,1097136,43338052.24,5.762300
2020-02-11,23.1815353,23.2281665,22.441265,22.5636719,1021300,39681036.0,5.364000
2020-02-12,22.5986453,23.2339954,22.3538315,23.0707862,1029064,40281072.32,5.404700
2020-02-13,22.9716949,23.490467,22.5053829,23.0941018,1371333,54219028.18,7.202400
2020-02-14,23.024155,24.947692,22.7851701,24.597958,2562091,106268653.17,13.456400
2020-02-17,24.8777452,25.5597265,24.5513268,25.239137,2125317,91486359.08,11.162400
2020-02-18,25.06427,26.5739551,25.06427,26.3407991,2286830,101837618.04,12.010700
2020-02-19,25.938605,26.987807,25.880316,26.5681262,2647344,120552805.4,13.904100
2020-02-20,26.7080198,27.0344382,26.2358789,26.8595712,2006280,91809452.4,10.537200
2020-02-21,27.162674,28.5266366,26.9178602,27.628986,2760401,131727930.32,14.497900
2020-02-24,27.1743318,30.2403332,27.1743318,29.1853023,2658515,131730541.25,13.962800
2020-02-25,28.853055,31.242904,28.4158875,29.9780327,3583959,183902698.05,18.823300
2020-02-26,29.435945,30.2403332,27.4016589,27.4832635,3196075,156804410.83,16.786100
2020-02-27,27.8912865,29.72739,27.4074878,28.2177049,2615800,127491665.0,13.738400
2020-02-28,26.81294,28.1885604,26.5914418,26.638073,2367740,110824537.37,12.435600
2020-03-02,26.8245978,27.687275,26.696362,27.162674,1649343,77151219.39,8.662500
2020-03-03,27.687275,28.3575985,25.9677495,26.521495,2554480,119485359.2,13.416400
2020-03-04,26.521495,26.9644914,25.7695669,26.2242211,1286523,57945902.69,6.756900
2020-03-05,26.579784,26.8595712,26.1251298,26.4748638,1252700,56975368.73,6.579300
2020-03-06,26.0843275,26.6322441,25.8453426,26.3291413,887896,40001542.4,4.663300
2020-03-09,25.64716,25.938605,24.364802,24.48138,1541700,66274750.0,8.097200
2020-03-10,24.189935,25.3848595,23.840201,25.3848595,1224400,52083320.0,6.430700
2020-03-11,25.530582,26.1018142,24.772825,24.8719163,1182000,51640691.0,6.208000
2020-03-12,24.48138,24.6912204,23.9800946,24.4522355,796100,33302973.0,4.181200
2020-03-13,23.3214289,24.423091,22.7443678,24.1141593,1101000,44655690.0,5.782600
2020-03-16,24.423091,25.0584411,22.965866,23.1057596,1258200,52105934.0,6.608200
2020-03-17,23.5720716,23.6012161,22.4820673,23.2514821,872300,34509217.0,4.581400
2020-03-18,23.5196115,23.89849,22.6511054,22.7093944,1054900,42307347.0,5.540400
2020-03-19,22.5695008,23.4671514,22.5695008,23.4438358,1025800,40469571.0,5.387600
2020-03-20,23.6536762,23.6886496,22.8959192,23.4030335,901700,36014506.0,4.735800
2020-03-23,22.907577,23.0299839,22.0857021,22.1731356,807200,31297489.0,4.239500
2020-03-24,22.4645806,22.8376302,21.7534548,22.73271,824590,31730632.64,4.330800
2020-03-25,22.9716949,23.3039422,22.8609458,23.0066683,743800,29460323.66,3.906500
2020-03-26,22.73271,23.0066683,22.5170407,22.6627632,652889,25425598.22,3.429000
2020-03-27,22.9134059,23.2456532,22.499554,22.6511054,665701,26003791.95,3.496300
2020-03-30,22.091531,22.091531,21.0773024,21.4153786,809200,29776595.0,4.250000
2020-03-31,21.6660213,21.7825993,20.9607244,21.0015267,563246,20583996.12,2.958200
2020-04-01,20.9665533,21.6601924,20.7567129,21.158907,591190,21622157.2,3.105000
2020-04-02,20.98404,21.858375,20.576017,21.858375,636590,23396031.1,3.343400
2020-04-03,21.8234016,21.8234016,21.1938804,21.5436144,677246,24940064.9,3.557000
2020-04-07,21.6543635,22.2372535,21.6543635,22.1847934,792400,30010134.0,4.161800
2020-04-08,22.1556489,22.4762384,21.9341507,22.382976,641800,24508253.0,3.370800
2020-04-09,22.4878962,22.6452765,22.2722269,22.5286985,506900,19534371.0,2.662300
2020-04-10,22.499554,22.6569343,21.2871428,21.625219,693000,25901762.0,3.639700
2020-04-13,21.2055382,21.2696561,20.7159106,20.7741996,628443,22551299.84,3.300600
2020-04-14,20.7800285,21.0773024,20.6692794,21.042329,662800,23702500.0,3.481100
2020-04-15,21.217196,21.217196,20.8208308,21.0073556,552300,19903079.0,2.900700
2020-04-16,21.1297625,21.9458085,20.4652679,21.6893369,795700,29255464.0,4.179100
2020-04-17,21.7126525,22.033242,21.2813139,21.3396029,801400,29887672.0,4.209000
2020-04-20,21.56693,21.8467172,21.3279451,21.6951658,540100,20028816.0,2.836700
2020-04-21,21.6951658,21.8175727,20.9898689,21.2696561,593300,21697584.0,3.116100
2020-04-22,21.0947891,21.5552722,20.8907776,21.4620098,511964,18666282.56,2.688900
2020-04-23,21.4561809,21.7534548,21.0365001,21.1997093,526564,19154547.64,2.765600
2020-04-24,21.1997093,21.2638272,20.4536101,20.4885835,585600,20839060.0,3.075600
2020-04-27,20.1563362,20.1563362,18.943925,19.2411989,1187789,39468611.73,6.238400
2020-04-28,19.293659,19.3810925,17.4867,18.3785217,973300,30598647.0,5.111900
2020-04-29,18.3726928,19.0313585,18.0754189,18.4542974,590600,18822934.0,3.101900
2020-04-30,18.4542974,19.4801838,18.4542974,19.3927503,644700,21116863.0,3.386000
2020-05-06,19.118792,19.9698114,19.118792,19.9406669,666440,22411535.44,3.500200
2020-05-07,19.9406669,20.2962298,19.6725375,19.7949444,628840,21534851.4,3.302700
2020-05-08,20.051416,20.6751083,19.8299178,20.342861,918600,32131136.0,4.824600
2020-05-11,20.40115,20.9199221,20.40115,20.7450551,672500,23899401.0,3.532000
2020-05-12,20.7450551,20.8616331,20.1563362,20.5410436,483600,16942258.0,2.539900
2020-05-13,20.5410436,20.6634505,20.226283,20.4536101,399100,13977199.0,2.096100
2020-05-14,20.5935037,22.2022801,20.226283,21.4212075,1442400,53248738.0,7.575600
2020-05-15,20.4128078,21.7009947,20.4128078,21.5319566,1273069,46638628.61,6.686300
2020-05-18,21.217196,21.7884282,20.809173,20.9723822,827155,30163693.1,4.344300
2020-05-19,21.2638272,21.2638272,20.867462,21.1239336,487855,17583360.25,2.562300
2020-05-20,21.0073556,21.1239336,20.576017,20.7450551,551800,19715192.0,2.898100
2020-05-21,20.8907776,20.8907776,20.1796518,20.3078876,486000,17065495.0,2.552500
2020-05-22,20.4536101,20.576017,19.8066022,19.8299178,533600,18408610.0,2.802500
2020-05-25,19.8415756,20.1038761,19.351948,19.9814692,411446,14023423.96,2.161000
2020-05-26,19.9872981,20.5118991,19.934838,20.3195454,540401,18799752.35,2.838200
2020-05-27,20.2787431,20.6226482,20.1271917,20.2146252,525455,18314733.15,2.759700
2020-05-28,20.2146252,20.4885835,19.9464958,20.3020587,485400,16836152.0,2.549400
2020-05-29,20.2554275,20.5876748,20.0397582,20.3078876,480500,16820465.0,2.523600
2020-06-01,20.5118991,21.1239336,20.4069789,20.9315799,555900,19872421.0,2.919600
2020-06-02,20.8849487,21.8292305,20.8849487,21.7825993,1209300,44126851.0,6.351400
2020-06-03,21.56693,21.683508,21.217196,21.3046295,997999,36684271.11,5.241600
2020-06-04,21.3221162,21.5436144,21.0190134,21.1355914,512500,18667867.0,2.691700
2020-06-05,21.1414203,21.2463405,20.8383175,21.0248423,388800,14018890.0,2.042000
2020-06-08,21.4794965,21.4794965,20.8150019,20.8966065,466500,16876296.0,2.450100
2020-06-09,20.9548955,21.2288538,20.7858574,21.2113671,482400,17377498.0,2.533600
2020-06-10,20.9956978,21.1763937,19.0896475,20.867462,564700,20208112.0,2.965900
2020-06-11,20.98404,21.4911543,20.8208308,21.0248423,649100,23480677.0,3.409100
2020-06-12,20.4069789,20.6751083,20.3078876,20.4302945,517401,18151537.36,2.717400
2020-06-15,20.3778344,20.7916863,20.2087963,20.4069789,505100,17799998.0,2.652800
2020-06-16,20.6634505,20.6809372,20.4069789,20.6168193,454600,16033892.0,2.387600
2020-06-17,20.5876748,20.6401349,20.167994,20.3545188,634700,22150918.0,3.333500
2020-06-18,20.342861,20.3953211,20.0572449,20.2495986,418500,14533772.0,2.198000
2020-06-19,20.2495986,20.5118991,20.1271917,20.40115,446100,15552559.0,2.343000
2020-06-22,20.40115,20.8616331,20.2321119,20.6051615,608500,21539193.0,3.195900
2020-06-23,20.5468725,20.7042528,20.2321119,20.2437697,476700,16661498.0,2.503700
2020-06-24,20.3894922,20.3894922,20.167994,20.2554275,345399,12020075.27,1.814100
2020-06-29,20.2612564,20.2612564,19.5967618,19.7249976,498900,16928960.0,2.620300
2020-06-30,19.643393,20.6168193,19.643393,20.3603477,677800,23591439.0,3.559900
2020-07-01,20.342861,20.692595,20.2321119,20.40115,419400,14692623.0,2.202700
2020-07-02,20.5118991,21.1297625,20.2029674,21.0831313,908500,32498701.0,4.771500
2020-07-03,21.0831313,21.1355914,20.8208308,20.9607244,607000,21801578.0,3.188000
2020-07-06,20.9607244,22.1265044,20.9548955,22.0040975,1267750,47237255.5,6.658400
2020-07-07,22.266398,24.2074217,22.266398,24.2074217,1439101,58092773.53,7.558300
2020-07-08,24.9302053,25.3848595,23.5370982,24.7203649,3049128,128304387.54,16.014300
2020-07-09,24.2190795,24.7611672,24.2132506,24.5046956,2257999,94807340.96,11.859200
2020-07-10,24.4464066,24.4522355,23.7469386,23.8227143,1453335,59929572.23,7.633100
2020-07-13,23.7294519,24.2423951,23.7294519,24.2190795,1342564,55444011.55,7.051300
2020-07-14,24.2015928,24.2074217,23.199022,23.7177941,1467280,59559382.6,7.706300
2020-07-15,23.7177941,24.189935,23.3505734,23.7702542,1165647,47554598.31,6.122100
2020-07-16,23.7760831,24.1607905,22.8959192,22.8959192,1225253,49869229.89,6.435200
2020-07-17,23.257311,23.257311,22.091531,22.1731356,886821,34062221.82,4.657700
2020-07-20,22.324687,24.3881176,22.324687,24.3881176,2285680,94466692.7,12.004600
2020-07-21,24.9768365,26.0610119,24.015068,25.1925058,3351508,143946292.41,17.602500
2020-07-22,25.64716,25.64716,22.674421,24.7028782,2004299,84528158.83,10.526800
2020-07-23,25.0292966,25.0292966,23.781912,24.423091,1160500,48210693.0,6.095100
2020-07-24,24.2132506,25.5422398,24.131646,24.4580644,2000980,85329861.05,10.509300
2020-07-27,24.423091,24.4580644,23.4380069,24.3356575,924290,38224666.5,4.854500
2020-07-28,24.3298286,24.9302053,23.840201,24.0208969,724600,29982588.31,3.805700
2020-07-29,23.7177941,26.4224037,23.7177941,25.8511715,2187713,95977342.43,11.490100
2020-07-30,25.5072664,26.3699436,25.239137,25.5364109,1181535,52010102.99,6.205500
2020-07-31,25.5364109,26.2067344,25.1517035,25.6413311,1136571,50005079.0,5.969400
2020-08-03,25.7112779,26.2183922,25.3906884,26.0202096,1373100,60714357.0,7.211700
2020-08-04,26.1601032,26.2125633,24.8019695,24.9068897,1181788,51140996.44,6.206900
2020-08-05,24.9884943,27.39583,24.9884943,27.39583,1525970,70544011.4,8.014500
2020-08-06,28.5499522,29.3659982,26.2067344,26.4865216,4753090,224732082.46,24.963700
2020-08-07,26.0435252,26.0493541,23.9684368,24.2657107,2717937,116145938.8,14.274900
2020-08-10,24.2948552,24.7261938,23.956779,23.956779,1360591,56655173.34,7.146000
2020-08-11,24.189935,24.2015928,22.557843,22.6219609,1910539,75956615.47,4.475000
2020-08-12,22.441265,22.965866,22.3946338,22.9134059,1027539,40099633.22,2.406800
2020-08-13,22.9134059,23.1232463,22.7152233,22.73271,796000,31297360.0,1.864500
2020-08-14,22.7268811,22.9950105,22.4820673,22.9017481,589300,23078210.0,1.380300
2020-08-17,22.9017481,23.8110565,22.8667747,23.607045,1089700,44012677.0,2.552400
2020-08-18,23.4846381,24.539669,23.4380069,23.6012161,759600,30897448.44,1.779200
2020-08-19,23.6012161,23.7119652,22.6627632,22.7035655,749739,29625476.83,1.756100
2020-08-20,22.1964512,22.9716949,22.1381622,22.7268811,508508,19742625.96,1.191100
2020-08-21,22.73271,23.1465619,22.6919077,22.790999,476000,18703038.0,1.114900
2020-08-24,23.0649573,24.539669,22.441265,23.7935698,1088200,44085506.3,2.548900
2020-08-25,23.6128739,24.423091,23.6128739,23.9509501,840700,34633300.0,1.969200
2020-08-26,24.1841061,24.4638933,23.6420184,24.0500414,948900,39195392.0,2.222600
2020-08-27,23.9509501,24.48138,23.4380069,24.3764598,1157011,47766160.55,2.710000
2020-08-28,24.3822887,24.5571557,24.0791859,24.3822887,799200,33319613.0,1.871900
2020-08-31,24.4464066,25.4897797,24.189935,24.189935,950436,40254968.43,2.226200
2020-09-01,24.1957639,24.248224,23.781912,24.131646,677600,27871118.0,1.587100
2020-09-02,24.2657107,24.7203649,23.781912,24.4697222,906500,37639101.0,2.123300
2020-09-03,24.2598818,24.3473153,23.6536762,23.7877409,756200,31123242.0,1.771200
2020-09-04,23.5953872,25.3965173,23.2106798,25.1983347,2221100,93856772.0,5.202400
2020-09-07,26.1775899,27.97872,25.5130953,25.7753958,3096323,140847443.96,7.252400
2020-09-08,26.6555597,27.39583,25.0992434,26.521495,2239562,101603448.97,5.245700
2020-09-09,25.9852362,26.7255065,24.539669,24.7436805,2131600,93527875.0,4.992800
2020-09-10,24.4580644,25.0467833,22.2955425,22.3130292,1976500,79236829.0,4.629500
2020-09-11,21.0073556,22.907577,21.0073556,22.73271,1176100,44688447.0,2.754800
2020-09-14,23.3156,24.1258171,22.7093944,23.723623,1170500,47362745.0,2.741600
2020-09-15,24.0092391,24.1782772,23.432178,23.8110565,938100,38290241.0,2.197300
2020-09-16,24.1025015,24.1025015,23.024155,23.7877409,769923,31048454.04,1.803400
2020-09-17,23.7993987,24.1607905,23.3913757,23.8693455,831612,33926142.56,1.947900
2020-09-18,24.1666194,24.6504181,23.7061363,24.6096158,1038600,43139671.0,2.432700
2020-09-21,24.8544296,24.8719163,23.7469386,23.9917524,1129060,46935756.2,2.644600
2020-09-22,23.607045,24.0558703,23.1465619,23.3913757,691200,27927240.0,1.619000
2020-09-23,23.3913757,23.7760831,23.3913757,23.5662427,515900,20856075.0,1.208400
2020-09-24,23.3797179,23.4088624,22.674421,22.907577,664100,26259281.0,1.555500
2020-09-25,23.1931931,23.4671514,22.6627632,22.73271,556900,21952444.0,1.304400
2020-09-28,22.7793412,22.9483793,21.8933484,21.9924397,491200,18723360.0,1.150500
2020-09-29,22.1090177,22.4296072,21.858375,21.974953,444400,16839956.0,0.763200
2020-09-30,21.9050062,22.208109,21.7359681,21.7592837,345100,13003805.0,0.592700
2020-10-09,22.0215842,22.73271,22.0215842,22.6802499,344300,13325298.0,0.591300
2020-10-12,22.73271,23.5662427,22.7268811,23.490467,579400,23172146.0,0.995100
2020-10-13,23.840201,24.0034102,23.4205202,23.5137826,563600,22901207.0,0.968000
2020-10-14,23.5196115,23.5720716,23.1115885,23.2398243,440223,17593390.92,0.756100
2020-10-15,23.140733,23.6944785,23.140733,23.607045,610000,24576326.0,1.047700
2020-10-16,23.6012161,23.6595051,23.0358128,23.548756,466639,18707226.36,0.801400
2020-10-19,23.6303606,23.8343721,23.4263491,23.5429271,471500,19115435.0,0.809800
2020-10-20,24.3006841,28.2526783,24.3006841,28.2526783,2909587,137959433.09,4.997200
2020-10-21,29.7157322,29.9838616,26.3058257,26.4748638,6282607,299837887.14,10.790300
2020-10-22,25.6763045,29.785679,25.6704756,28.5674389,6117907,292929102.92,10.507400
2020-10-23,28.1127847,28.4974921,26.7779666,26.8245978,3970835,186908436.2,6.819800
2020-10-26,26.2417078,26.5681262,25.3440572,25.9269472,3182700,140653511.0,5.466200
2020-10-27,25.6529889,25.8161981,24.889403,24.9943232,2417000,104469206.0,4.151200
2020-10-28,25.1866769,26.3582858,24.6037869,26.0085518,2765200,121191612.0,4.749200
2020-10-29,25.3382283,26.1018142,25.06427,25.6355022,1630000,71824082.0,2.799500
2020-10-30,25.8686582,27.279252,24.5338401,24.772825,2271000,101178243.92,3.900400
2020-11-02,24.5105245,26.2183922,24.5105245,25.7229357,2036972,88834972.4,3.498500
2020-11-03,25.9677495,26.6788753,25.8453426,26.23005,2620372,117734843.48,4.500400
2020-11-04,26.4865216,26.987807,26.0027229,26.1309587,2491372,112905405.84,4.278900
2020-11-05,27.5298947,29.72739,27.0052937,28.1302714,4088584,196741238.88,7.022100
2020-11-06,28.2759939,31.2195884,27.4599479,28.969633,5139800,258483830.0,8.827500
2020-11-09,30.0246639,34.7635596,29.902257,34.7635596,5998442,341030449.18,10.302200
2020-11-10,35.4630276,36.5064007,32.6476689,32.758418,8428251,493566615.49,14.475400
2020-11-11,32.7467602,33.5569773,29.027922,29.435945,5496451,291047820.48,9.440100
2020-11-12,29.8089946,30.193702,27.4657768,27.9320888,3950581,192706798.25,6.785100
2020-11-13,27.9320888,28.2934806,27.2675942,28.0195223,2658600,126700394.0,4.566100
2020-11-16,28.095298,28.1827315,26.7429932,26.987807,2441800,113710982.0,4.193700
2020-11-17,27.4832635,28.1244425,26.346628,28.1244425,2936400,138123175.0,5.043200
2020-11-18,27.8796287,28.8297394,27.687275,28.4741765,2786781,135022530.64,4.786200
2020-11-19,27.97872,29.6049831,27.5590392,28.6665302,3364032,166497316.28,5.777700
2020-11-20,29.261078,34.099065,29.261078,31.7791628,5826640,319695480.26,10.007200
2020-11-23,30.9922613,32.1522124,29.8381391,32.1522124,4889691,259082028.83,8.398000
2020-11-24,31.359482,31.47606,29.902257,29.902257,3491000,183310336.0,5.995700
2020-11-25,29.9139148,33.7260154,29.9139148,32.0764367,5354650,295392422.02,9.196500
2020-11-26,30.9922613,32.4436574,30.6891585,31.068037,3680799,198736368.08,6.321700
2020-11-27,31.009748,31.8665963,30.1703864,30.6483562,2621642,138063529.68,4.502600
2020-11-30,30.4093713,30.6541851,29.2669069,29.5058918,2689200,137784100.09,4.618700
2020-12-01,29.7332189,30.0130061,28.9871197,29.8789414,2187951,110534482.51,3.757800
2020-12-02,29.843968,32.9799162,29.843968,31.1787861,3953300,213381061.39,6.789700
2020-12-03,31.3303375,31.6334403,29.785679,30.2986222,2703400,141747319.0,4.643000
2020-12-04,30.2345043,30.5376071,28.9055151,29.0337509,2403174,120599279.68,4.127400
2020-12-07,28.969633,29.5700097,28.328454,28.4392031,1613774,79946628.3,2.771600
2020-12-08,28.153587,28.619899,27.8504842,28.4217164,1379274,66909562.74,2.368900
2020-12-09,28.445032,28.7423059,26.8479134,26.9178602,1916874,90248194.26,3.292200
2020-12-10,26.696362,27.7921952,26.5098372,27.3550277,1451700,67852079.0,2.493300
2020-12-11,27.2267919,27.2267919,26.1775899,26.7138487,1063100,48644914.0,1.825900
2020-12-14,27.1218717,27.8446553,26.521495,27.6056704,1240200,57981961.0,2.130000
2020-12-15,27.5998415,27.8329975,27.0694116,27.4366323,933500,43845916.0,1.603300
2020-12-16,27.5881837,27.5881837,25.64716,25.8686582,1504400,67618183.0,2.583800
2020-12-17,25.64716,26.2766812,25.0759278,26.2183922,1234400,54431107.0,2.120100
2020-12-18,26.2708523,26.579784,25.9094605,26.0843275,735234,33019367.8,1.262800
2020-12-21,26.0901564,26.6905331,25.0934145,26.3058257,799200,35956167.0,1.372600
2020-12-22,26.2766812,26.4806927,25.4781219,25.5189242,916900,40870428.0,1.574800
2020-12-23,25.4023462,25.9794073,24.4872089,25.6937912,927600,40797834.0,1.593100
2020-12-24,25.6937912,25.8103692,24.2540529,24.3531442,1401100,59471120.0,2.406400
2020-12-25,24.4347488,25.06427,24.1549616,24.7961406,746100,31625447.0,1.281400
2020-12-28,24.7961406,24.8252851,23.665334,23.8810033,908400,37472371.0,1.560200
2020-12-29,23.8868322,24.5804713,23.8110565,23.8110565,1067100,44229224.0,1.832700
2020-12-30,24.1841061,24.1841061,23.4671514,23.6420184,758400,30926205.0,1.302500
2020-12-31,23.8751744,24.5454979,23.6478473,24.2540529,835300,34747673.0,1.434600
2021-01-04,24.248224,24.8369429,23.8751744,24.6679048,883500,37045805.0,1.517400
2021-01-05,24.6212736,24.772825,24.073357,24.5863002,1051900,44028167.0,1.806600
2021-01-06,24.539669,24.772825,22.73271,22.965866,1570900,63588925.0,2.698000
2021-01-07,22.73271,22.965866,21.3687474,21.5202988,1539500,58129219.0,2.644100
2021-01-08,21.56693,22.0740443,20.809173,21.275485,1163274,42876837.56,1.997900
2021-01-11,21.275485,21.7767704,20.4361234,20.6576216,1006700,36309507.0,1.729000
2021-01-12,20.5352147,21.3745763,20.40115,20.4944124,847188,30167769.24,1.455000
2021-01-13,20.7333973,20.7333973,19.5034994,19.7774577,1338388,45531144.84,2.298700
2021-01-14,19.7774577,20.3720055,19.3636058,19.9290091,1110000,37916748.0,1.906400
2021-01-15,19.8474045,20.9782111,19.7308265,20.692595,1449400,51070106.0,2.489300
2021-01-18,20.459439,21.2988006,20.459439,21.2463405,1068800,38648099.0,1.835600
2021-01-19,21.2521694,22.3654893,21.2230249,21.8467172,1233700,46110479.0,2.118900
2021-01-20,21.7884282,22.324687,21.333774,21.4037208,1071300,39854748.0,1.839900
2021-01-21,21.508641,22.0215842,21.3687474,21.6543635,838400,31265419.0,1.439900
2021-01-22,21.6193901,21.8292305,21.0714735,21.3862341,890700,32722812.0,1.529800
2021-01-25,21.0714735,21.4969832,20.5060702,21.4153786,764550,27663163.0,1.313100
2021-01-26,21.4153786,22.5345274,21.1239336,21.5727589,943100,35299970.0,1.619800
2021-01-27,21.450352,22.2605691,21.450352,21.974953,805500,30217642.0,1.383400
2021-01-28,21.8875195,22.2955425,21.1763937,21.1880515,692300,25793939.0,1.189000
2021-01-29,21.1880515,21.4794965,20.284572,20.5235569,722400,25847602.0,1.240700
2021-02-01,20.0630738,20.7100817,19.8532334,20.1971385,828400,28615122.0,1.422800
2021-02-02,20.1971385,20.9432377,19.9290091,20.8791198,810300,28478401.0,1.391700
2021-02-03,20.8791198,21.0947891,20.2904009,20.3253743,528200,18677192.0,0.907200
2021-02-04,20.2437697,20.284572,19.0546741,19.4801838,764200,25609098.0,1.312500
2021-02-05,19.5209861,19.8707201,18.6991112,18.7807158,544200,17987124.0,0.934700
2021-02-08,18.7515713,18.7515713,17.836434,17.9238675,667800,20788998.0,1.146900
2021-02-09,18.0171299,18.6757956,17.8772363,18.3726928,605900,19040131.0,1.040600
2021-02-10,18.2502859,18.7748869,18.1220501,18.6583089,498900,15917880.0,0.856900
2021-02-18,19.2295411,19.701682,18.9730695,19.3228035,593900,19747046.0,1.020000
2021-02-19,19.3228035,19.7308265,19.23537,19.6492219,561200,18858654.0,0.963900
2021-02-22,20.1038761,20.6226482,19.8532334,20.0047848,801900,27865681.01,1.377200
2021-02-23,20.0689027,20.2729142,19.6317352,20.0689027,718300,24527581.0,1.233700
2021-02-24,20.1155339,20.5060702,19.876549,20.167994,670000,23304071.0,1.150700
2021-02-25,19.9989559,20.284572,19.4568682,19.6958531,533800,18139013.0,0.916800
2021-02-26,19.4976705,20.1738229,19.293659,19.8590623,494500,16862823.0,0.849300
2021-03-01,20.1505073,20.7800285,19.8940357,20.7159106,734400,25878740.0,1.261300
2021-03-02,20.6751083,21.0947891,20.4069789,20.576017,612000,21674224.0,1.051100
2021-03-03,20.5643592,20.809173,20.109705,20.40115,689200,24163823.0,1.183700
2021-03-04,20.4769257,20.6051615,20.0222715,20.167994,490450,17139914.0,0.842300
2021-03-05,20.051416,20.517728,19.9056935,20.4885835,433700,15142350.0,0.744900
2021-03-08,20.4944124,20.8150019,20.0397582,20.051416,460900,16149854.0,0.791600
2021-03-09,20.1038761,20.2087963,18.6583089,19.0197007,557851,18521960.77,0.958100
2021-03-10,19.0779897,19.5209861,18.3318905,18.4251529,405750,12999653.5,0.696900
2021-03-11,18.65248,19.0138718,18.127879,18.8098603,398200,12674152.0,0.683900
2021-03-12,18.769058,19.8124311,18.419324,19.1246209,729300,23818086.0,1.252600
2021-03-15,19.118792,19.2470278,18.011301,18.2852593,678996,21558276.76,1.166200
2021-03-16,18.4542974,18.827347,18.2153125,18.7282557,486704,15551993.64,0.835900
2021-03-17,18.65248,19.3344613,18.477613,19.1945677,483000,15718246.0,0.829500
2021-03-18,19.23537,19.4860127,18.6408222,18.7923736,483900,15784268.0,0.831100
2021-03-19,18.535902,19.1537654,18.4134951,18.710769,691400,22242312.0,1.187500
2021-03-22,18.6816245,18.9730695,18.302746,18.5650465,671904,21349326.44,1.154000
2021-03-23,18.5592176,18.827347,18.1395368,18.6932823,1112000,35054767.26,1.909800
2021-03-24,18.6699667,18.6991112,18.1453657,18.1453657,607600,19123820.0,1.043500
2021-03-25,18.06959,18.2910882,17.894723,17.9704987,421105,13062345.75,0.723200
2021-03-26,18.1453657,18.2386281,17.9005519,18.1045634,397900,12388504.0,0.683400
2021-03-29,18.2677726,18.4134951,18.1162212,18.302746,411100,12886284.0,0.706100
2021-03-30,18.2794304,18.4134951,17.894723,17.9238675,411000,12686150.0,0.705900
2021-03-31,17.7956317,18.0462744,17.7956317,17.9588409,319800,9848261.0,0.549300
2021-04-01,17.9063808,18.1686813,17.4342399,17.9646698,551200,16929025.0,0.946700
2021-04-02,17.9646698,21.5552722,17.9646698,21.5552722,2679966,95723793.71,4.602800
2021-04-06,22.8667747,23.723623,21.3978919,21.3978919,5818109,224417436.87,9.992500
2021-04-07,20.5410436,22.5869875,19.993127,22.1265044,4661684,166207953.9,8.006400
2021-04-08,21.3396029,21.6660213,20.226283,20.3545188,3393200,121961393.62,5.827800
2021-04-09,20.2495986,20.9315799,20.1446784,20.6401349,2176491,76724803.12,3.738100
2021-04-12,19.8823779,21.0714735,19.8823779,20.5643592,1780674,63097591.4,3.058300
2021-04-13,20.3486899,21.0656446,20.284572,20.692595,1512000,53600501.0,2.596800
2021-04-14,20.4069789,21.0306712,20.1446784,20.9432377,1572074,55888173.4,2.700000
2021-04-15,20.7916863,21.5028121,20.40115,20.4419523,1393700,49921004.0,2.393700
2021-04-16,20.4536101,20.8558042,20.0281004,20.7217395,1114500,39213115.0,1.914100
2021-04-19,20.750884,21.0714735,20.4302945,20.9024354,1318300,47116043.0,2.264200
2021-04-20,20.8791198,21.1997093,20.5235569,20.5352147,1220200,43693343.0,2.095700
2021-04-21,20.40115,20.7683707,20.0222715,20.051416,1043200,36280045.04,1.791700
2021-04-22,20.167994,21.858375,20.1446784,21.1297625,2057074,74401638.08,3.533000
2021-04-23,20.9082643,22.033242,20.2321119,21.4969832,2378300,85809479.0,4.084700
2021-04-26,21.56693,21.8525461,20.517728,20.6109904,1377675,49644224.29,2.407700
2021-04-27,20.4885835,22.0857021,20.4827546,21.392063,2119005,77422378.87,3.703300
2021-04-28,21.2463405,21.8816906,20.867462,21.3046295,1773700,65153506.0,3.099900
2021-04-29,20.8849487,21.56693,20.867462,20.9782111,1316500,47721530.0,2.300800
2021-04-30,20.9315799,20.9315799,19.7483132,19.7483132,1327100,45875297.0,2.319300
2021-05-06,19.759971,19.9814692,18.6058488,18.6233355,1031000,33705342.0,1.801900
2021-05-07,18.9380961,18.9380961,18.5009286,18.65248,474200,15213078.0,0.828700
2021-05-10,18.6233355,20.3836633,18.361035,19.8940357,1273000,42577123.0,2.224800
2021-05-11,19.7541421,20.7858574,19.3810925,20.3778344,1319100,46133901.0,2.305400
2021-05-12,20.1155339,21.100618,19.9756403,20.5993326,1193600,42006328.0,2.086000
2021-05-13,20.4069789,21.1122758,20.4069789,20.6051615,841800,30043661.0,1.471200
2021-05-14,20.5818459,21.042329,20.4885835,20.6809372,721300,25614491.0,1.260600
2021-05-17,20.4361234,20.9607244,20.1505073,20.8383175,786100,27854101.0,1.373900
2021-05-18,20.7567129,20.9490666,20.3603477,20.5527014,622200,21916261.0,1.087400
2021-05-19,20.5527014,20.6809372,20.2379408,20.3661766,516774,18084701.64,0.903200
2021-05-20,20.2379408,20.40115,19.9639825,20.0222715,479800,16598369.0,0.838500
2021-05-21,20.342861,20.9898689,20.0047848,20.9898689,1024300,36389811.0,1.790100
2021-05-24,21.1297625,21.1297625,20.6459638,20.9607244,665000,23804133.0,1.162200
2021-05-25,20.9548955,21.0481579,20.7042528,21.0073556,515600,18516004.0,0.901100
2021-05-26,21.0073556,21.2521694,20.8150019,20.9432377,535000,19275985.0,0.935000
2021-05-27,20.8150019,21.8350594,20.8150019,21.6193901,1297600,47805643.0,2.267800
2021-05-28,21.450352,21.858375,20.98404,21.0947891,966000,35074681.0,1.688300
2021-05-31,21.0539868,21.7359681,21.0539868,21.3862341,698400,25695496.0,1.220600
2021-06-01,21.3978919,22.14982,21.2346827,22.14982,1213700,45406486.0,2.121200
2021-06-02,23.0649573,25.9502628,22.73271,23.8110565,3165662,130777253.96,5.532600
2021-06-03,23.5429271,25.355715,23.2281665,24.189935,2442662,102538827.48,4.269000
2021-06-04,23.89849,24.2831974,23.1174174,23.3156,1746100,70355553.0,3.051600
2021-06-07,23.5429271,24.7087071,23.5429271,24.1199882,1573400,65106136.0,2.749800
2021-06-08,23.89849,24.2540529,23.2106798,23.3564023,1461674,59113236.3,2.554500
2021-06-09,23.3097711,23.8868322,22.9425504,23.1815353,823888,32871509.84,1.439900
2021-06-10,23.3039422,24.1141593,22.9950105,23.9101478,1178600,47838422.0,2.059800
2021-06-11,23.723623,24.656247,23.4554936,24.3181708,1576400,65468517.0,2.755000
2021-06-15,24.48138,24.656247,23.723623,24.656247,1180300,48959933.0,2.062800
2021-06-16,24.5921291,24.947692,23.3156,23.5429271,1324000,54632683.0,2.313900
2021-06-17,23.4496647,24.4755511,23.2456532,24.4405777,1447500,59455501.0,2.529800
2021-06-18,24.306513,24.5571557,23.9159767,24.4872089,1067600,44441302.0,1.865800
2021-06-21,24.015068,24.656247,23.5079537,24.364802,1077700,44497493.0,1.883500
2021-06-22,24.3764598,24.5163534,22.3013714,22.9134059,2559500,102276633.0,4.473200
2021-06-23,22.7443678,24.3589731,22.441265,24.0208969,2075200,83876305.81,3.626800
2021-06-24,23.89849,25.64716,23.781912,25.0467833,2501974,106804028.4,4.372600
2021-06-25,24.9418631,25.0584411,23.9276345,24.1607905,1415700,58874074.0,2.474200
2021-06-28,24.0325547,25.2099925,23.8285432,24.6912204,1346716,57019244.0,2.353600
2021-06-29,24.6737337,26.4398904,24.4056043,25.6063577,2534190,110889303.02,4.429000
2021-06-30,25.5189242,26.7604799,25.4081751,26.1309587,2496616,112328111.76,4.363300
2021-07-01,26.1018142,26.1018142,24.48138,24.5571557,1956516,84119879.32,3.419400
2021-07-02,24.9068897,24.9068897,23.4554936,24.539669,1085100,45005899.0,1.896400
2021-07-05,24.4755511,25.5480687,24.2015928,25.5480687,1331400,57384106.0,2.326900
2021-07-06,25.3090838,25.9152894,25.180848,25.6821334,1358300,59460132.0,2.373900
2021-07-07,25.4956086,25.7579091,24.48138,25.06427,1188700,51047339.0,2.077500
2021-07-08,24.9943232,25.3440572,24.3706309,24.3706309,1269300,54025963.0,2.218300
2021-07-09,24.3706309,25.0351255,24.131646,24.4522355,1085200,45834755.0,1.896600
2021-07-12,24.4289199,25.3440572,24.248224,25.2857682,1451000,62207760.0,2.535900
2021-07-13,25.3032549,25.5772132,23.7877409,24.0675281,1526400,63781128.0,2.667700
2021-07-14,24.0279185,24.275629,22.8389081,22.97762598,2120330,49907725.9,2.179800
2021-07-15,22.71009864,22.9875344,21.39227878,21.798524,2553480,56502653.4,2.625100
2021-07-16,21.78861558,22.2444029,21.1049346,21.16438512,1967830,42960869.7,2.023000
2021-07-19,21.16438512,21.88769978,20.96621672,21.798524,1302190,28349234.5,1.338700
2021-07-20,21.77870716,22.23449448,21.303103,21.6003556,1252210,27270088.6,1.287300
2021-07-21,21.71925664,22.1453187,21.63008086,21.82824926,1507220,33259393.6,1.549500
2021-07-22,21.83815768,23.39377962,21.53099666,22.99744282,2977420,67890503.8,3.060900
2021-07-23,23.0866186,23.77029958,22.0957766,22.18495238,2892030,66470764.9,2.973100
2021-07-26,21.87779136,22.67046496,21.61026402,22.60110602,1959410,44071757.2,2.014400
2021-07-27,22.40293762,25.5637236,22.32367026,23.9783764,5403110,131389238.5,5.554600
2021-07-28,24.11709428,24.44407214,22.35339552,22.9875344,3995220,93204256.6,4.107300
2021-07-29,22.9875344,24.77105,22.9875344,24.77105,5250848,127962462.66,5.398100
2021-07-30,24.6224237,25.12775312,23.98828482,24.78095842,4447898,110315019.92,4.572600
2021-08-02,24.34498794,25.52408992,24.33507952,24.78095842,3591000,90205869.4,3.691700
2021-08-03,24.48370582,25.22683732,23.51268066,23.80993326,3614100,88638094.5,3.715500
2021-08-04,23.81984168,26.52484034,23.81984168,25.15747838,4020338,101583382.28,4.133100
2021-08-05,25.64299096,25.64299096,24.3251711,24.77105,2749216,68367747.28,2.826300
2021-08-06,24.73141632,24.94940156,23.8297501,24.09727744,2049150,50146482.7,2.106600
2021-08-09,23.9783764,24.25581216,23.07671018,24.06755218,2166008,51537100.82,2.226800
2021-08-10,24.01801008,24.4737974,23.80002484,24.21617848,1923960,46908544.68,1.977900
2021-08-11,24.275629,24.46388898,23.56222276,23.6811238,1780080,42821605.3,1.830000
2021-08-12,23.79011642,28.41734856,23.5324975,28.41734856,8956116,250384888.92,9.207300
2021-08-13,26.752734,31.9051124,26.41584772,29.6261758,14434084,409643876.64,14.838900
2021-08-16,29.53700002,29.54690844,27.42650656,27.53549918,7821648,221117015.16,8.041000
2021-08-17,28.05073702,28.61551696,26.58429086,27.3472392,6813753,189827212.77,7.004900
2021-08-18,27.45623182,27.743576,26.1582288,27.04007818,5001068,135352113.98,5.141300
2021-08-19,27.02026134,27.71385074,26.66355822,27.26797184,4121910,113142761.76,4.237500
2021-08-20,27.62467496,27.62467496,25.62317412,25.63308254,4293760,114062968.3,4.414200
2021-08-23,25.64299096,26.49511508,25.54390676,26.3563972,3477140,91462994.4,3.574700
2021-08-24,26.9509024,27.04007818,25.761892,26.04923618,2911190,76556423.2,2.992800
2021-08-25,25.79161726,26.58429086,25.00885208,25.15747838,3658830,95037226.0,3.761400
2021-08-26,23.780208,24.74132474,22.89835862,24.21617848,4143110,100313118.5,4.259300
2021-08-27,23.96846798,24.69178264,23.81984168,24.1270027,2545750,62143908.7,2.617100
2021-08-30,24.43416372,24.43416372,23.44332172,23.51268066,1960240,47225893.4,2.015200
2021-08-31,23.5324975,23.77029958,22.3930292,22.87854178,2287717,52853948.35,2.351900
2021-09-01,22.8884502,23.44332172,22.07595976,23.17579438,1806110,41432193.1,1.856800
2021-09-02,23.16588596,23.17579438,22.4921134,22.63083128,1377430,31627175.4,1.416100
2021-09-03,22.5416555,23.35414594,22.5416555,23.35414594,1519470,35325856.5,1.562100
2021-09-06,22.99744282,24.2260869,22.99744282,24.00810166,2117010,51034471.1,2.176400
2021-09-07,23.780208,24.0774606,23.55231434,23.8792922,1438887,34493931.25,1.479200
2021-09-08,23.8792922,24.1765448,23.60185644,23.780208,1350300,32454492.4,1.388200
2021-09-09,23.8792922,23.93874272,23.39377962,23.4829554,1103560,26273227.4,1.134500
2021-09-10,23.3838712,24.18645322,23.1361607,23.75048274,1670540,40006319.9,1.717400
2021-09-13,23.62167328,23.7306659,22.8389081,23.04698492,1394970,32464045.6,1.434100
2021-09-14,22.94790072,23.24515332,22.6902818,22.74973232,1184820,27438544.9,1.218100
2021-09-15,22.79927442,23.54240592,22.3434871,23.24515332,1289332,29785189.9,1.325500
2021-09-16,23.0866186,23.36405436,22.33357868,22.42275446,1084710,24991837.8,1.115100
2021-09-17,22.42275446,22.68037338,22.1453187,22.27412816,829220,18741619.1,0.852500
2021-09-22,22.293945,22.71009864,21.80843242,22.28403658,729875,16433194.6,0.750300
2021-09-23,22.35339552,22.67046496,22.25431132,22.42275446,769065,17415284.35,0.790600
2021-09-24,22.5911976,22.5911976,21.28328616,21.3526451,1367260,30093544.6,1.405600
2021-09-27,21.34273668,21.7489819,20.9563083,21.06530092,816700,17537550.6,0.839600
2021-09-28,21.14456828,21.37246194,20.9067662,21.27337774,467410,9980830.7,0.480500
2021-09-29,21.2535609,21.2535609,19.81684,19.92583262,1026610,21182637.6,1.055400
2021-09-30,19.9654663,21.08511776,19.9654663,20.94639988,753375,15711855.2,0.774500
2021-10-08,21.28328616,21.67962296,20.96621672,21.13465986,519680,11153042.4,0.534300
2021-10-11,21.18420196,22.16513554,20.807682,21.4021872,760720,16493095.3,0.782100
2021-10-12,21.27337774,21.67962296,20.83740726,20.99594198,449835,9541217.7,0.462500
2021-10-13,21.0058504,21.68953138,20.99594198,21.6498977,522510,11266643.0,0.537200
2021-10-14,21.5508135,21.63998928,21.3526451,21.42200404,429950,9316155.4,0.442000
2021-10-15,21.6003556,21.95705872,21.42200404,21.59044718,690870,15118385.8,0.710200
2021-10-18,21.6003556,21.86788294,21.12475144,21.53099666,644590,13976978.7,0.662700
2021-10-19,21.65980612,21.70934822,20.98603356,21.03557566,852210,18307477.0,0.876100
2021-10-20,21.02566724,21.17429354,20.5104294,20.61942202,676780,14185007.0,0.695800
2021-10-21,20.6095136,20.62933044,20.18345154,20.24290206,449360,9226230.9,0.462000
2021-10-22,20.24290206,20.6095136,20.17354312,20.17354312,429740,8812581.6,0.441800
2021-10-25,20.12400102,20.49061256,19.78711474,20.4113452,349250,7105603.8,0.359000
2021-10-26,20.61942202,20.68878096,20.0150084,20.0645505,410700,8371399.3,0.422200
2021-10-27,19.98528314,20.19335996,18.93499062,19.0241664,834660,16225790.9,0.858100
2021-10-28,19.0241664,19.5195874,18.54856224,18.7269138,646070,12360159.0,0.664200
2021-10-29,19.01425798,19.45022846,18.74673064,19.1727927,541330,10458112.1,0.556500
2021-11-01,19.23224322,20.09427576,19.11334218,19.89610736,748000,14873802.6,0.769000
2021-11-02,20.22308522,20.5104294,19.54931266,19.7672979,716825,14467277.65,0.736900
2021-11-03,19.7672979,20.67887254,19.7672979,20.03482524,758300,15476160.6,0.779600
2021-11-04,19.97537472,20.58969676,19.97537472,20.42125362,673120,13843837.5,0.692000
2021-11-05,21.2040188,21.97687556,20.97612514,21.49136298,2147430,46700795.2,2.207700
2021-11-08,21.07520934,21.2040188,20.6095136,20.64914728,1261168,26441977.96,1.296500
2021-11-09,20.64914728,21.3526451,20.54015466,20.9563083,1249060,26289009.6,1.284100
2021-11-10,20.9067662,21.17429354,20.8572241,21.0553925,645100,13671717.5,0.663200
2021-11-11,21.11484302,21.5508135,20.7085978,21.3526451,801630,17249421.3,0.824100
2021-11-12,21.3526451,21.77870716,21.2535609,21.57063034,774130,16851884.3,0.795800
2021-11-15,21.54090508,22.15522712,21.49136298,22.00660082,1054970,23276325.1,1.084600
2021-11-16,22.00660082,22.07595976,21.4021872,21.43191246,750390,16417422.5,0.771400
2021-11-17,21.3526451,21.96696714,21.31301142,21.87779136,768120,16891703.8,0.789700
2021-11-18,21.9966924,21.9966924,21.33282826,21.37246194,666420,14540054.9,0.685100
2021-11-19,21.32291984,21.86788294,21.31301142,21.66971454,685657,14989002.16,0.704900
2021-11-22,21.6003556,23.42350488,21.6003556,23.40368804,2691438,61365240.62,2.766900
2021-11-23,23.780208,23.9783764,22.4425713,22.68037338,3131750,72816056.7,3.219600
2021-11-24,22.789366,22.87854178,22.30385342,22.52183866,1433960,32622207.8,1.474200
2021-11-25,22.789366,22.789366,22.26421974,22.28403658,1064460,24138505.6,1.094300
2021-11-26,22.57138076,22.58128918,21.6994398,21.78861558,1245240,27542361.8,1.280200
2021-11-29,21.59044718,22.06605134,21.34273668,21.75889032,894348,19582792.7,0.919400
2021-11-30,21.80843242,22.5911976,21.76879874,22.40293762,1264768,28441581.2,1.300200
2021-12-01,22.40293762,22.67046496,22.33357868,22.47229656,810740,18397203.8,0.833500
2021-12-02,22.65064812,22.6902818,21.8480661,22.28403658,842260,18845969.2,0.865900
2021-12-03,22.28403658,22.53174708,22.02641766,22.16513554,680757,15290950.47,0.699800
2021-12-06,22.01650924,22.293945,20.86713252,20.93649146,1208100,26024737.0,1.242000
2021-12-07,21.18420196,21.2535609,20.44107046,20.64914728,850747,17779067.91,0.874600
2021-12-08,20.7085978,21.29319458,20.7085978,21.14456828,627290,13326274.4,0.644900
2021-12-09,21.1544767,21.46163772,20.82749884,21.19411038,683690,14662580.2,0.702900
2021-12-10,21.4517293,21.5012714,20.89685778,20.98603356,687670,14605511.6,0.707000
2021-12-13,21.1544767,21.1544767,20.68878096,20.71850622,730218,15319420.3,0.750700
2021-12-14,20.71850622,23.10643544,20.6590557,22.30385342,3207040,71453876.2,3.297000
2021-12-15,22.0462345,22.4921134,21.798524,21.8976082,1617450,36139149.7,1.662800
2021-12-16,22.22458606,22.22458606,21.57063034,21.77870716,1104690,24208305.1,1.135700
2021-12-17,21.9966924,21.9966924,21.22383564,21.2535609,1149580,24821701.0,1.181800
2021-12-20,21.21392722,21.54090508,21.01575882,21.12475144,707390,15145629.5,0.727200
2021-12-21,21.0058504,21.3526451,20.99594198,21.17429354,652870,13977460.7,0.671200
2021-12-22,21.21392722,21.6003556,21.06530092,21.11484302,846000,18177847.5,0.869700
2021-12-23,21.12475144,21.27337774,20.37171152,20.37171152,1062950,22147631.7,1.092800
2021-12-24,20.39152836,20.71850622,19.74748106,19.75738948,1003650,20301423.1,1.031800
2021-12-27,19.75738948,20.08436734,19.6186716,19.83665684,621190,12465540.8,0.638600
2021-12-28,20.0645505,21.11484302,20.00509998,20.30235258,1339920,27715479.0,1.377500
2021-12-29,20.20326838,20.45097888,19.87629052,20.03482524,1045210,21171317.2,1.074500
2021-12-30,20.0150084,20.45097888,20.0150084,20.1636347,702580,14365060.8,0.722300
2021-12-31,20.23299364,20.45097888,20.03482524,20.1636347,617310,12588579.8,0.634600
2022-01-04,20.5599715,20.87704094,20.24290206,20.78786516,1172930,24397063.4,1.205800
2022-01-05,20.78786516,20.79777358,20.15372628,20.37171152,746940,15383958.0,0.767900
2022-01-06,20.37171152,20.8572241,20.22308522,20.52033782,854790,17755793.4,0.878800
2022-01-07,20.50052098,23.284787,20.50052098,21.53099666,3409548,74411410.16,3.505200
2022-01-10,21.01575882,21.65980612,20.81759042,21.65980612,1981960,42342197.4,2.037500
2022-01-11,21.4021872,21.63008086,21.11484302,21.26346932,1148745,24684822.65,1.181000
2022-01-12,21.28328616,21.37246194,21.03557566,21.17429354,790650,16896088.7,0.812800
2022-01-13,21.19411038,21.54090508,20.807682,21.32291984,1089620,23360606.1,1.120200
2022-01-14,21.24365248,21.67962296,21.0058504,21.01575882,1174248,25288642.98,1.207200
2022-01-17,21.07520934,22.35339552,20.9563083,21.9966924,2342390,51578410.0,2.408100
2022-01-18,22.47229656,26.14832038,22.3930292,24.83050052,11873307,292190156.02,12.206300
2022-01-19,23.8297501,24.9692184,22.79927442,24.06755218,7932621,190949273.0,8.155100
2022-01-20,23.8297501,23.9783764,22.2444029,22.67046496,5119596,118383586.62,5.263200
2022-01-21,22.67046496,23.76039116,22.31376184,23.3838712,4640016,108746686.61,4.770200
2022-01-24,22.95780914,23.5820396,22.6902818,23.10643544,2493758,58000376.76,2.563700
2022-01-25,23.10643544,23.10643544,20.4113452,21.12475144,3570350,77534053.6,3.670500
2022-01-26,21.12475144,21.13465986,20.30235258,20.82749884,1722810,36026513.3,1.771100
2022-01-27,20.82749884,21.0058504,19.53940424,19.57903792,1647840,33335430.4,1.694100
2022-01-28,20.05464208,20.94639988,19.82674842,20.67887254,1631220,33704143.0,1.677000
2022-02-07,21.1544767,21.58053876,20.4113452,20.57978834,1037920,21664886.0,1.067000
2022-02-08,20.57978834,21.6003556,20.34198626,21.5012714,1541440,32789368.0,1.584700
2022-02-09,21.5012714,22.71009864,21.2535609,22.27412816,2131660,47650692.1,2.191400
2022-02-10,22.31376184,22.9875344,21.8976082,22.66055654,2182440,49362869.8,2.243600
2022-02-11,22.56147234,22.76954916,21.798524,22.21467764,2187380,48915813.8,2.248700
2022-02-14,21.98678398,22.293945,21.47154614,22.00660082,1305690,28921715.8,1.342300
2022-02-15,21.9966924,22.5911976,21.98678398,22.10568502,1661650,37344816.8,1.708300
2022-02-16,22.11559344,22.789366,22.0462345,22.68037338,1817620,41317690.5,1.868600
2022-02-17,22.57138076,22.8884502,22.2444029,22.41284604,1761050,40087051.5,1.810400
2022-02-18,22.5911976,22.5911976,22.10568502,22.57138076,1310140,29610732.1,1.346900
2022-02-21,22.57138076,23.2352449,22.36330394,23.19561122,2236330,51961039.5,2.299100
2022-02-22,23.06680176,23.26497016,22.62092286,22.85872494,1518440,35100284.2,1.561000
2022-02-23,22.8389081,23.40368804,22.70019022,22.97762598,1583390,36876169.2,1.627800
2022-02-24,22.87854178,23.3838712,22.12550186,22.58128918,2167910,49886811.8,2.228700
2022-02-25,22.6407397,23.17579438,22.28403658,22.4921134,922340,21113348.7,0.948200
2022-02-28,22.37321236,22.47229656,21.65980612,22.10568502,1096870,24360568.0,1.127600
2022-03-01,22.10568502,22.57138076,21.88769978,22.47229656,794460,17884426.0,0.816700
2022-03-02,22.46238814,22.72991548,22.25431132,22.67046496,735680,16736461.0,0.756300
2022-03-03,22.62092286,22.77945758,21.72916506,21.798524,1324910,29410940.0,1.362100
2022-03-04,21.85797452,21.9966924,21.03557566,21.1049346,1075040,23320877.0,1.105200
2022-03-07,21.1049346,21.26346932,20.23299364,20.35189468,1277850,26584121.0,1.313700
2022-03-08,20.3618031,20.6095136,19.58894634,19.6186716,1412960,28423024.0,1.452600
2022-03-09,19.60876318,20.00509998,18.27112648,19.1727927,1742880,33716541.0,1.791800
2022-03-10,19.5195874,19.7672979,18.9250822,18.96471588,1151510,22402646.0,1.183800
2022-03-11,18.75663906,19.08361692,18.12250018,19.08361692,1651673,30955924.0,1.698000
2022-03-14,18.83590642,18.95480746,18.29094332,18.330577,1059920,19836254.0,1.089600
2022-03-15,18.35039384,18.4792033,17.339735,17.339735,1136100,20526103.0,1.168000
2022-03-16,17.7360718,18.09277492,16.86413084,17.85497284,1200600,21388670.0,1.234300
2022-03-17,17.91442336,18.53865382,17.91442336,18.16213386,1150480,21225994.0,1.182700
2022-03-18,18.1819507,18.39993594,18.06304966,18.35039384,644960,11885285.9,0.663000
2022-03-21,18.4296612,18.5287454,18.11259176,18.41975278,674130,12474771.5,0.693000
2022-03-22,18.54856224,18.54856224,17.84506442,18.06304966,931160,16952593.7,0.957300
2022-03-23,18.06304966,18.4792033,18.04323282,18.45938646,925063,17071405.55,0.951000
2022-03-24,18.39002752,18.39002752,17.75588864,17.80543074,1001583,18092108.74,1.029700
2022-03-25,18.02341598,18.21167596,17.835156,17.8846981,705710,12830807.9,0.725500
2022-03-28,17.81533916,18.11259176,17.39918552,17.8846981,542605,9736213.95,0.557800
2022-03-29,17.835156,18.10268334,17.45863604,17.4883613,646610,11546123.7,0.664700
2022-03-30,17.62707918,18.02341598,17.55772024,17.91442336,671896,12084124.16,0.690700
2022-03-31,17.8846981,18.19185912,17.72616338,18.09277492,713510,12985259.2,0.733500
2022-04-01,18.2314928,18.2314928,17.69643812,17.7856139,747970,13494354.42,0.768900
2022-04-06,18.02341598,18.2314928,17.7856139,18.16213386,734120,13419831.2,0.754700
2022-04-07,18.09277492,18.20176754,17.7360718,17.7360718,540100,9778937.0,0.555200
2022-04-08,17.89460652,17.89460652,17.22083396,17.2406508,571820,10032672.01,0.587900
2022-04-11,17.2406508,17.25055922,16.33898458,16.57678666,747030,12615449.3,0.768000
2022-04-12,16.57678666,17.06229924,16.45788562,17.02266556,669650,11369003.9,0.688400
2022-04-13,17.02266556,17.0424824,16.5470614,16.5470614,504560,8530292.4,0.518700
2022-04-14,16.52724456,17.0424824,16.52724456,16.844314,498980,8488647.2,0.513000
2022-04-15,17.2406508,17.27037606,15.9525562,16.1507246,933180,15330590.8,0.959400
2022-04-18,16.1011825,16.50742772,15.72466254,16.36870984,466706,7634790.7,0.479800
2022-04-19,16.48761088,16.66596244,16.25971722,16.61642034,406290,6750499.3,0.417700
2022-04-20,16.37861826,17.35955184,16.33898458,16.85422242,967950,16580636.0,0.995100
2022-04-21,16.85422242,16.98303188,16.06154882,16.1507246,731780,12206729.8,0.752300
2022-04-22,15.97237304,16.2002667,15.7048457,15.81383832,484970,7778923.2,0.498600
2022-04-25,15.81383832,16.19035828,14.01050588,14.1690406,1042510,15663420.2,1.071800
2022-04-26,14.1690406,14.65455318,13.53490172,13.61416908,947940,13458452.1,0.974600
2022-04-27,13.56462698,14.28794164,13.14847334,14.19876586,831410,11535756.2,0.854800
2022-04-28,13.93123852,14.25821638,13.73307012,13.96096378,802260,11304446.5,0.824800
2022-04-29,13.94114694,14.6149195,13.94114694,14.5653774,695880,10108968.4,0.715400
2022-05-05,14.92208052,15.23914996,14.39693426,14.9121721,733490,11053984.9,0.754100
2022-05-06,14.74372896,15.09052366,14.48611004,14.92208052,505540,7581854.0,0.519800
2022-05-09,14.9121721,15.29860048,14.85272158,15.17969944,445170,6812020.8,0.457700
2022-05-10,14.97162262,15.54631098,14.73382054,15.53640256,470870,7301794.5,0.484100
2022-05-11,15.54631098,16.2002667,15.4075931,15.61566992,932540,14991226.0,0.958800
2022-05-12,15.57603624,16.1011825,15.57603624,15.82374674,643710,10283534.4,0.661800
2022-05-13,15.86338042,16.21017512,15.77420464,16.11109092,952200,15443099.0,0.979000
2022-05-16,16.11109092,16.40834352,15.84356358,16.06154882,576650,9364207.2,0.592900
2022-05-17,15.7048457,16.1011825,15.7048457,16.06154882,520810,8391041.6,0.535500
2022-05-18,15.97237304,16.40834352,15.97237304,16.2993509,1009450,16501270.0,1.037800
2022-05-19,15.88319726,16.25971722,15.88319726,16.1507246,763803,12430159.61,0.785300
2022-05-20,16.22008354,16.37861826,15.86338042,16.23990038,865670,14131252.1,0.890000
2022-05-23,16.27953406,16.46779404,16.13090776,16.3984351,816416,13464995.82,0.839400
2022-05-24,16.348893,16.50742772,15.59585308,15.66521202,979920,15868505.7,1.007500
2022-05-25,15.74447938,16.33898458,15.7048457,16.27953406,987320,16060937.5,1.015100
2022-05-26,16.28944248,16.42816036,15.86338042,16.28944248,715260,11650870.3,0.735400
2022-05-27,16.3984351,16.43806878,15.9525562,16.09127408,526240,8590289.2,0.541000
2022-05-30,15.96246462,16.32907616,15.76429622,15.92283094,613010,9862980.0,0.630200
2022-05-31,15.91292252,16.17054144,15.6057615,16.08136566,680580,10968935.6,0.699700
2022-06-01,16.2002667,16.3984351,15.93273936,16.25971722,665850,10927644.5,0.684600
2022-06-02,16.26962564,16.58669508,15.99218988,16.5470614,615110,10135863.86,0.632400
2022-06-06,16.5470614,17.4883613,16.11109092,17.31991816,1633670,28406114.5,1.679600
2022-06-07,17.61717076,17.61717076,16.55696982,16.68577928,1146310,19495566.6,1.178500
2022-06-08,16.61642034,16.72541296,15.96246462,16.4479772,1195670,19727458.9,1.229300
2022-06-09,16.38852668,16.3984351,15.56612782,15.73457096,1003660,16043137.5,1.031900
2022-06-10,15.6057615,15.99218988,15.47695204,15.9030141,462910,7406147.0,0.475900
2022-06-13,15.81383832,16.22008354,15.81383832,16.21017512,729480,11837188.9,0.750000
2022-06-14,16.13090776,16.13090776,15.56612782,15.99218988,630900,10072595.0,0.648600
2022-06-15,16.18137625,16.36061611,15.96230531,15.96230531,450820,7317790.2,0.463500
2022-06-16,15.96230531,16.45023604,15.90255869,16.2311651,842510,13736235.4,0.866200
2022-06-17,16.24112287,16.41040496,15.88264315,16.22120733,585931,9507668.29,0.602400
2022-06-20,16.42036273,16.8286313,16.11167186,16.7290536,965880,16119859.2,0.993000
2022-06-21,16.61951813,17.0277867,16.56972928,16.77884245,644671,10888161.53,0.662800
2022-06-22,16.7290536,16.83858907,16.28095395,16.31082726,469869,7795012.4,0.483100
2022-06-23,16.2311651,16.8286313,16.2311651,16.79875799,691215,11565812.1,0.710700
2022-06-24,16.90829346,17.30660426,16.68922252,17.1273644,1013035,17342162.95,1.041500
2022-06-27,17.13732217,17.40618196,16.94812454,17.18711102,918643,15830590.52,0.944500
2022-06-28,16.98795562,17.59537959,16.98795562,17.51571743,1001158,17481803.5,1.029300
2022-06-29,17.51571743,17.64516844,17.04770224,17.13732217,914040,15941474.5,0.939700
2022-06-30,17.13732217,17.60533736,17.13732217,17.23689987,786220,13744015.2,0.808300
2022-07-01,17.44601304,17.55554851,17.03774447,17.17715325,709260,12234375.0,0.729200
2022-07-04,17.01782893,17.06761778,16.75892691,16.84854684,619000,10500208.2,0.636400
2022-07-05,16.95808231,16.95808231,16.30086949,16.54981374,693881,11535401.27,0.713400
2022-07-06,16.54981374,16.74896914,16.35065834,16.59960259,625710,10405345.3,0.643300
2022-07-07,16.59960259,16.94812454,16.49006712,16.86846238,654164,11015642.22,0.672600
2022-07-08,16.8286313,17.31656203,16.8286313,16.99791339,622950,10689322.0,0.640500
2022-07-11,17.00787116,17.67504175,16.78880022,17.47588635,1681440,29391752.4,1.728700
2022-07-12,17.47588635,17.7248306,16.00213639,16.20129179,1855429,30713390.34,1.907600
2022-07-13,16.20129179,16.56972928,16.04196747,16.51994043,1030379,16901171.62,1.059400
2022-07-14,16.46019381,18.6210299,16.38053165,17.55554851,2749290,48673411.18,2.826600
2022-07-15,17.7248306,17.73478837,17.00787116,17.00787116,1713410,29688266.5,1.761600
2022-07-18,17.2269421,17.54559074,17.13732217,17.27673095,1658870,28806984.5,1.705500
2022-07-19,17.27673095,17.75470391,17.27673095,17.70491506,1332590,23587894.4,1.370100
2022-07-20,17.69495729,17.97377485,17.58542182,17.75470391,1002850,17885210.2,1.031000
2022-07-21,17.74474614,18.14305694,17.67504175,17.96381708,1177780,21242469.8,1.210900
2022-07-22,18.00364816,18.24263464,17.55554851,17.8244083,912350,16371625.3,0.938000
2022-07-25,18.04347924,18.04347924,17.46592858,17.54559074,545030,9663287.5,0.560400
2022-07-26,17.54559074,17.89411269,17.37630865,17.84432384,682250,12095611.3,0.701400
2022-07-27,17.84432384,17.99369039,17.7248306,17.93394377,464055,8341079.15,0.477100
2022-07-28,17.93394377,18.2227191,17.93394377,18.07335255,693800,12614059.6,0.713300
2022-07-29,18.04347924,18.23267687,17.77461945,17.84432384,556200,10030317.6,0.571800
2022-08-01,17.923986,18.13309917,17.57546405,18.07335255,628835,11346872.62,0.646500
2022-08-02,18.13309917,18.13309917,17.2269421,17.43605527,1197635,21088115.1,1.231300
2022-08-03,17.50575966,18.07335255,17.47588635,17.70491506,878645,15793562.55,0.903400
2022-08-04,17.54559074,18.26255018,17.53563297,18.26255018,1189580,21543898.0,1.223000
2022-08-05,18.26255018,19.05917178,18.10322586,18.68077652,2068565,38632937.0,2.126700
2022-08-08,18.69073429,18.8201853,18.37208565,18.8201853,1104745,20628323.45,1.135800
2022-08-09,18.80026976,18.8201853,18.31233903,18.71064983,923860,17233801.8,0.949800
2022-08-10,18.71064983,19.12887617,18.4218745,19.09900286,1360800,25889671.6,1.399100
2022-08-11,19.1189184,19.40769373,18.94963631,19.25832718,1316250,25410195.1,1.353300
2022-08-12,19.25832718,19.39773596,18.73056537,18.83014307,756930,14493371.1,0.778200
2022-08-15,18.919763,19.1189184,18.65090321,19.0193407,795248,15105510.24,0.817600
2022-08-16,18.90980523,19.1189184,18.77039645,18.81022753,504368,9575014.96,0.518600
2022-08-17,18.81022753,18.99942516,18.48162112,18.88988969,720540,13533675.3,0.740800
2022-08-18,18.89984746,19.16870725,18.56128328,19.12887617,672890,12788682.0,0.691800
2022-08-19,19.24836941,19.49731366,18.58119882,18.67081875,827720,15771974.1,0.851000
2022-08-22,18.65090321,18.86997415,18.28246572,18.49157889,631780,11771165.7,0.649500
2022-08-23,18.71064983,19.36786265,18.38204342,18.66086098,1680860,31581132.4,1.706700
2022-08-24,18.80026976,18.83014307,17.79453499,17.8244083,1478630,26842533.4,1.501300
2022-08-25,18.06339478,18.17293025,17.39622419,17.53563297,770250,13623659.0,0.782100
2022-08-26,17.81445053,17.923986,17.27673095,17.33647757,827670,14600382.5,0.840400
2022-08-29,17.08753332,17.61529513,16.93816677,17.55554851,531850,9298468.5,0.540000
2022-08-30,17.51571743,18.01360593,17.15723771,17.73478837,948860,16907653.3,0.963400
2022-08-31,17.90407046,17.90407046,17.17715325,17.20702656,801870,14034891.4,0.814200
2022-09-01,17.1273644,17.54559074,17.1273644,17.16719548,553750,9619599.0,0.562300
2022-09-02,17.16719548,18.49157889,17.16719548,18.27250795,1731350,31437813.6,1.757900
2022-09-05,18.16297248,18.40195896,17.97377485,18.14305694,974180,17763268.6,0.989100
2022-09-06,18.09326809,18.27250795,17.73478837,17.8244083,1012120,18220407.9,1.027700
2022-09-07,17.79453499,18.13309917,17.74474614,17.98373262,958000,17256338.0,0.972700
2022-09-08,18.3222968,19.1189184,17.38626642,17.45597081,2136250,38726236.0,2.169100
2022-09-09,17.49580189,17.69495729,16.8286313,17.54559074,1621040,28054133.2,1.645900
2022-09-13,17.80449276,18.14305694,17.08753332,17.16719548,1019400,17869742.3,1.035100
2022-09-14,16.88837792,17.0277867,16.6294759,16.91825123,882370,14891068.1,0.895900
2022-09-15,16.928209,16.95808231,16.01209416,16.24112287,1245040,20420703.62,1.264200
2022-09-16,17.11740663,18.86997415,16.67926475,16.928209,5618118,100346406.18,5.704400
2022-09-19,15.7332766,16.4303205,15.3349658,15.3349658,4681508,74547348.1,4.753400
2022-09-20,15.19555702,18.40195896,15.1358104,18.40195896,6913592,121084355.0,7.019800
2022-09-21,18.44179004,18.6210299,17.37630865,18.00364816,7263329,130215537.27,7.374900
2022-09-22,17.93394377,18.1231414,17.53563297,17.8244083,4461814,79891317.71,4.530300
2022-09-23,18.01360593,18.01360593,16.7290536,17.10744886,4140720,71100566.8,4.204300
2022-09-26,16.94812454,17.16719548,15.94238977,16.1315874,3234095,52982401.2,3.283800
2022-09-27,16.18137625,16.39048942,15.71336106,16.1315874,2435094,39170407.23,2.472500
2022-09-28,15.95234754,16.91825123,15.76314991,16.41040496,4384768,71896220.56,4.452100
2022-09-29,16.1315874,16.28095395,15.5341212,15.65361444,3138180,49860341.76,3.186400
2022-09-30,15.59386782,16.31082726,15.34492357,15.46441681,2486762,39326350.72,2.525000
2022-10-10,15.71336106,15.91251646,14.94661277,15.00635939,2138424,32925203.84,2.171300
2022-10-11,15.0362327,15.30509249,14.74745737,15.12585263,1238380,18631779.8,1.257400
2022-10-12,15.11589486,15.80298099,14.8370773,15.75319214,1903841,29526481.0,1.933100
2022-10-13,15.75319214,16.928209,15.56399451,16.48010935,3632289,60175136.49,3.688100
2022-10-14,16.50002489,16.99791339,16.38053165,16.4303205,2351027,38965136.16,2.387100
2022-10-17,16.48010935,16.8286313,16.44027827,16.7290536,1514600,25382939.7,1.537900
2022-10-18,16.93816677,16.97799785,16.48010935,16.79875799,1218590,20486634.0,1.237300
2022-10-19,16.77884245,16.97799785,16.66930698,16.90829346,1253500,21212050.84,1.272800
2022-10-20,16.64939144,17.48584412,16.45023604,17.39622419,2076710,35698168.7,2.108600
2022-10-21,18.04347924,18.06339478,16.91825123,17.0277867,2422440,41642019.9,2.459600
2022-10-24,17.33647757,17.4260975,16.54981374,16.60956036,1729530,29501977.3,1.756100
2022-10-25,16.79875799,16.79875799,16.00213639,16.22120733,1314500,21567050.0,1.334700
2022-10-26,16.38053165,17.44601304,16.2311651,17.25681541,2219260,38088281.5,2.253300
2022-10-27,17.3265198,17.69495729,17.1273644,17.20702656,1535830,26788192.8,1.559400
2022-10-28,17.74474614,18.40195896,17.24685764,17.34643534,4710716,83871871.52,4.783100
2022-10-31,17.5256752,18.09326809,17.26677318,17.75470391,2889370,51642361.7,2.933700
2022-11-01,17.74474614,18.20280356,17.61529513,18.14305694,1993330,36067672.1,2.023900
2022-11-02,18.07335255,18.50153666,17.95385931,18.25259241,1786530,32799767.0,1.814000
2022-11-03,17.99369039,18.57124105,17.98373262,18.51149443,1602100,29602383.7,1.626700
2022-11-04,18.41191673,18.8201853,18.28246572,18.44179004,1786540,33238908.4,1.814000
2022-11-07,18.44179004,18.68077652,18.18288802,18.36212788,1570520,28958777.1,1.594600
2022-11-08,18.41191673,18.61107213,17.94390154,18.21276133,1826150,33240174.8,1.854200
2022-11-09,18.27250795,18.4218745,17.99369039,18.18288802,1014973,18558107.02,1.030600
2022-11-10,18.17293025,18.5214522,18.04347924,18.10322586,1183430,21730018.8,1.201600
2022-11-11,18.37208565,18.54136774,17.75470391,17.84432384,1294250,23630661.1,1.314100
2022-11-14,18.09326809,18.09326809,17.58542182,17.95385931,1465140,26253503.7,1.487600
2022-11-15,18.07335255,18.48162112,17.83436607,18.47166335,1370870,25233018.3,1.391900
2022-11-16,18.75048091,18.88988969,18.37208565,18.59115659,1284710,24012156.3,1.304400
2022-11-17,18.5214522,19.43756704,18.38204342,19.36786265,3134483,60100455.73,3.182600
2022-11-18,19.16870725,19.7163846,19.00938293,19.0193407,2086262,40661954.58,2.118300
2022-11-21,18.98946739,19.10896063,18.40195896,18.74052314,2455050,46068450.1,2.492800
2022-11-22,18.83014307,19.06912955,18.51149443,18.60111436,1545420,29175480.2,1.569200
2022-11-23,18.60111436,18.61107213,17.84432384,18.23267687,1424254,26048456.08,1.446100
2022-11-24,18.34221234,18.47166335,17.90407046,18.06339478,1071100,19457170.0,1.087600
2022-11-25,17.923986,18.3222968,17.74474614,17.84432384,1025192,18490927.32,1.040900
2022-11-28,17.84432384,18.0235637,17.37630865,17.45597081,1521200,26841909.3,1.544600
2022-11-29,17.75470391,17.84432384,17.43605527,17.77461945,974850,17302873.5,0.989800
2022-11-30,17.87419715,17.90407046,17.49580189,17.60533736,1191873,21106801.89,1.210200
2022-12-01,17.58542182,17.97377485,17.5256752,17.65512621,1131272,20177533.44,1.148600
2022-12-02,17.87419715,18.15301471,17.60533736,17.94390154,1600700,28860069.0,1.625300
2022-12-05,18.06339478,18.30238126,17.75470391,17.88415492,1371349,24715556.33,1.392400
2022-12-06,17.84432384,18.07335255,17.33647757,17.47588635,1383250,24433022.22,1.404500
2022-12-07,17.40618196,17.47588635,17.09749109,17.29664649,1201358,20833808.72,1.219800
2022-12-08,17.46592858,17.46592858,16.76888468,16.83858907,1075920,18312567.8,1.092400
2022-12-09,16.88837792,16.88837792,16.53985597,16.60956036,1070100,17908911.2,1.086500
2022-12-12,16.6294759,16.98795562,16.39048942,16.928209,1278378,21487343.98,1.298000
2022-12-13,16.98795562,17.07757555,16.35065834,16.44027827,900900,15023119.6,0.914700
2022-12-14,16.65934921,17.31656203,16.64939144,16.86846238,1561110,26477531.96,1.585100
2022-12-15,17.1273644,20.1146954,16.83858907,19.46744035,9022401,172972461.79,9.161000
2022-12-16,19.09900286,19.59689136,18.34221234,18.44179004,6708705,125966721.0,6.811700
2022-12-19,18.81022753,18.81022753,18.0235637,18.48162112,3918333,72348389.43,3.978500
2022-12-20,18.39200119,18.86001638,18.10322586,18.37208565,3024870,55798577.26,3.071300
2022-12-21,18.48162112,18.48162112,17.8244083,18.01360593,2461040,44855871.1,2.498800
2022-12-22,18.08331032,18.1231414,17.24685764,17.35639311,2557300,45222285.0,2.596600
2022-12-23,17.2269421,17.47588635,16.73901137,17.08753332,1918448,32853296.29,1.947900
2022-12-26,17.07757555,17.47588635,16.77884245,17.29664649,1800523,31164998.7,1.828200
2022-12-27,17.21698433,17.37630865,16.73901137,17.11740663,1587000,27064754.0,1.611400
2022-12-28,16.93816677,17.01782893,16.28095395,16.3307428,1997000,32951487.6,2.027700
2022-12-29,16.34070057,16.47015158,16.10171409,16.12162963,1413930,23087168.42,1.435600
2022-12-30,16.20129179,16.32078503,15.98222085,16.22120733,1197610,19405029.22,1.216000
2023-01-03,16.28095395,17.07757555,16.07184078,17.0277867,1911058,32150854.06,1.940400
2023-01-04,16.93816677,17.26677318,16.80871576,17.0277867,1494420,25592532.2,1.517400
2023-01-05,17.21698433,17.21698433,16.78880022,17.01782893,978440,16686283.4,0.993500
2023-01-06,16.99791339,17.1273644,16.70913806,16.73901137,1441440,24421812.1,1.463600
2023-01-09,16.76888468,17.17715325,16.76888468,16.98795562,1209590,20647355.5,1.228200
2023-01-10,17.0277867,17.23689987,16.84854684,16.98795562,1342100,22925412.0,1.362700
2023-01-11,16.95808231,17.3265198,16.68922252,16.75892691,1901400,32482823.0,1.930600
2023-01-12,16.7290536,16.94812454,16.63943367,16.8286313,1130700,19090507.0,1.148100
2023-01-13,16.83858907,16.96804008,16.46019381,16.61951813,1370010,22924638.7,1.391100
2023-01-16,16.67926475,17.07757555,16.61951813,17.0277867,1422550,24228466.4,1.444400
2023-01-17,17.1273644,17.37630865,16.96804008,17.10744886,1313460,22633253.2,1.333600
2023-01-18,17.10744886,17.51571743,17.10744886,17.3265198,1450900,25297021.0,1.473200
2023-01-19,17.36635088,18.09326809,17.33647757,18.07335255,3000450,53695404.6,3.046500
2023-01-20,17.95385931,18.86997415,17.95385931,18.51149443,2765497,51166376.05,2.808000
2023-01-30,19.3180738,20.80178153,18.58119882,20.42338627,7328950,144389908.67,7.441500
2023-01-31,20.22423087,21.07064132,19.60684913,20.57275282,7004170,142210585.95,7.111800
2023-02-01,20.3138508,20.72211937,20.2142731,20.58271059,3117130,64061418.05,3.165000
2023-02-02,20.59266836,21.38928996,20.57275282,20.93123254,3841685,80707392.3,3.900700
2023-02-03,20.62254167,21.67806529,20.62254167,21.08059909,3108390,65861099.1,3.156100
2023-02-06,20.85157038,21.67806529,20.85157038,21.23992341,2882090,61601477.8,2.926400
2023-02-07,21.24988118,21.65814975,20.5130062,20.99097916,3106349,65658832.38,3.154100
2023-02-08,20.96110585,21.55857205,20.78186599,20.8117393,2522240,53326558.3,2.561000
2023-02-09,20.8117393,21.45899435,20.27401972,21.22000787,2489640,52780374.1,2.527900
2023-02-10,21.23992341,21.58844536,20.76195045,20.86152815,2295060,48614667.9,2.330300
2023-02-13,21.10051463,21.10051463,20.56279505,20.8117393,1952888,40694227.9,1.982900
2023-02-14,20.82169707,20.98102139,20.39351296,20.46321735,1637900,33818917.8,1.663100
2023-02-15,20.8117393,21.25983895,20.5130062,21.18017679,2187671,46123132.06,2.221300
2023-02-16,21.22996564,21.63823421,20.6125839,21.0108947,3546025,74998268.78,3.600500
2023-02-17,21.08059909,21.907094,19.97528662,20.03503324,4255095,87983065.73,4.320500
2023-02-20,20.04499101,20.47317512,19.76617345,20.3138508,2489393,50530287.81,2.527600
2023-02-21,20.8117393,21.2100501,20.04499101,20.18439979,1894700,38835901.3,1.923800
2023-02-22,20.13461094,20.50304843,19.90558223,20.42338627,1557097,31682108.47,1.581000
2023-02-23,20.28397749,20.43334404,19.97528662,20.15452648,1323577,26819122.25,1.343900
2023-02-24,20.15452648,20.40347073,19.91554,19.98524439,851100,17165895.1,0.864200
2023-02-27,19.89562446,20.16448425,19.69646906,19.74625791,1185030,23640230.7,1.203200
2023-02-28,19.96532885,20.35368188,19.80600453,19.97528662,1202460,24176665.9,1.220900
2023-03-01,19.95537108,20.59266836,19.94541331,20.49309066,1850310,37894629.7,1.878700
2023-03-02,20.45325958,20.89140146,20.32380857,20.36363965,1609810,33241787.0,1.634500
2023-03-03,20.911317,21.00093693,20.16448425,20.49309066,2095700,43254320.0,2.127900
2023-03-06,20.38355519,21.05072578,20.22423087,20.60262613,2214400,46031949.0,2.248400
2023-03-07,20.59266836,20.70220383,19.73630014,19.74625791,1622600,32895733.0,1.647500
2023-03-08,19.7163846,20.78186599,19.67655352,20.67233052,2462318,50610883.46,2.500100
2023-03-09,20.68228829,21.19013456,20.5130062,21.12043017,2141598,44954136.04,2.174500
2023-03-10,21.12043017,21.3096278,20.67233052,20.76195045,1592230,33343246.8,1.616700
2023-03-13,20.67233052,21.09055686,20.56279505,20.83165484,1363970,28455074.0,1.384900
2023-03-14,20.89140146,20.89140146,20.1146954,20.70220383,1242673,25596855.79,1.261800
2023-03-15,20.85157038,21.02085247,20.6125839,20.72211937,1253140,26193958.1,1.272400
2023-03-16,20.76195045,21.13038794,20.2142731,20.28397749,1224713,25301799.9,1.243500
2023-03-17,20.45325958,21.05072578,20.45325958,20.97106362,2228110,46701009.13,2.262300
2023-03-20,20.97106362,21.2100501,20.43334404,20.75199268,1544700,32236848.0,1.568400
2023-03-21,20.90135923,21.04076801,20.54287951,21.04076801,1139050,23895999.4,1.156500
2023-03-22,21.06068355,22.05646055,20.93123254,22.0066717,2423110,52705397.98,2.460300
2023-03-23,21.82743184,21.98675616,21.35941665,21.73781191,2115382,46014954.56,2.147900
2023-03-24,21.81747407,21.88717846,21.25983895,21.6083609,2076874,44896663.9,2.108800
2023-03-27,21.49882543,21.86726292,21.28971226,21.7079386,2000048,43422259.7,2.030800
2023-03-28,21.65814975,21.66810752,21.04076801,21.18017679,1383110,29572649.2,1.404400
2023-03-29,21.13038794,21.45899435,21.05072578,21.23992341,1089520,23243273.3,1.106300
2023-03-30,21.23992341,21.58844536,20.96110585,21.07064132,1283500,27331237.2,1.303200
2023-03-31,21.05072578,21.25983895,20.79182376,20.97106362,1115860,23472823.9,1.133000
2023-04-03,20.94119031,21.53865651,20.7121616,21.46895212,1852570,39373707.2,1.881000
2023-04-04,21.4092055,21.65814975,20.95114808,21.07064132,1561260,33371910.8,1.585200
2023-04-06,21.13038794,23.4007595,20.80178153,22.56430682,6253062,139854901.54,6.349100
2023-04-07,22.4049825,22.55434905,21.63823421,21.93696731,4737190,103888708.1,4.810000
2023-04-10,21.98675616,22.18591156,21.3096278,21.38928996,3725088,81112274.36,3.782300
2023-04-11,21.49882543,21.49882543,20.79182376,20.86152815,2476554,52369797.3,2.514600
2023-04-12,20.95114808,21.48886766,20.48313289,21.38928996,2930843,61842137.3,2.975900
2023-04-13,21.31958557,21.58844536,20.57275282,20.69224606,2086208,43871175.08,2.118300
2023-04-14,20.70220383,21.16026125,20.14456871,20.64245721,1890800,39142762.1,1.919800
2023-04-17,20.63249944,21.79755853,20.63249944,21.0108947,3453149,73776689.38,3.506200
2023-04-18,20.99097916,21.00093693,20.0151177,20.23418864,2515422,51349632.9,2.554100
2023-04-19,20.23418864,21.65814975,20.1146954,21.17021902,2966863,62727059.78,3.012400
2023-04-20,21.00093693,22.78337776,21.00093693,22.16599602,5951613,132794512.01,6.043000
2023-04-21,21.907094,22.31536257,20.13461094,20.16448425,4651310,98696092.7,4.722800
2023-04-24,20.13461094,20.7121616,19.89562446,20.0151177,3376608,68573755.78,3.428500
2023-04-25,20.37359742,20.74203491,19.09900286,19.12887617,3732484,74332325.08,3.789800
2023-04-26,19.0193407,19.5172292,18.6210299,18.70069206,2842585,54289838.34,2.886200
2023-04-27,18.23267687,19.43756704,18.23267687,18.88988969,2120830,40528293.4,2.153400
2023-04-28,18.76043868,20.68228829,18.76043868,20.55283728,3253600,65391938.5,3.303600
2023-05-04,20.30389303,20.911317,20.16448425,20.33376634,2359323,48383307.48,2.395600
2023-05-05,20.19435756,20.42338627,19.73630014,19.89562446,1879290,37697840.1,1.908200
2023-05-08,19.96532885,20.20431533,19.43756704,19.57697582,1464200,28902126.6,1.486700
2023-05-09,19.43756704,19.44752481,18.53140997,18.60111436,2340860,44397371.24,2.376800
2023-05-10,18.67081875,18.74052314,18.27250795,18.58119882,1475620,27420758.2,1.498300
2023-05-11,18.6210299,19.03925624,18.5214522,18.919763,1422800,26848069.0,1.444700
2023-05-12,18.87993192,19.16870725,18.59115659,18.64094544,1062580,20041360.4,1.078900
2023-05-15,18.55132551,19.1189184,18.39200119,19.09900286,1454364,27575917.16,1.476700
2023-05-16,19.2184961,19.2184961,18.67081875,19.02929847,1013134,19273082.72,1.028700
2023-05-17,18.99942516,19.58693359,18.83014307,19.56701805,1330740,25843063.3,1.351200
2023-05-18,19.6168069,23.48042166,19.60684913,23.48042166,7601874,171073359.38,7.718600
2023-05-19,24.3965365,24.68531183,22.27553149,22.45477135,12639711,294097036.13,12.833900
2023-05-22,22.45477135,23.1020264,22.29544703,23.01240647,7944200,181963981.78,8.066200
2023-05-23,22.8032933,23.64970375,22.47468689,23.15181525,7576134,175986461.16,7.692500
2023-05-24,23.05223755,23.9982257,22.51451797,23.7990703,7949671,187686277.93,8.071800
2023-05-25,23.41071727,23.55012605,22.55434905,23.09206863,6149190,141826143.0,6.243600
2023-05-26,23.09206863,23.3011818,22.72363114,23.14185748,2986687,69075524.93,3.032600
2023-05-29,23.18168856,23.48042166,22.79333553,23.08211086,3331428,77430259.08,3.382600
2023-05-30,23.05223755,23.27130849,22.5045602,22.75350445,3369720,77278213.0,3.421500
2023-05-31,22.64396898,23.2016041,22.4049825,22.85308215,3360085,76931276.78,3.411700
2023-06-01,22.75350445,22.95265985,22.53443351,22.83316661,2263190,51752815.0,2.298000
2023-06-02,22.95265985,23.06219532,22.4049825,22.53443351,2232270,50660892.9,2.266600
2023-06-05,22.74354668,23.06219532,22.55434905,22.95265985,2362070,54233551.3,2.398400
2023-06-06,22.902871,22.902871,21.92700954,22.01662947,2009200,45039948.9,2.040100
2023-06-07,22.19586933,22.56430682,21.91705177,22.41494027,1656420,37171870.0,1.681900
2023-06-08,22.4049825,22.4049825,21.8075163,22.21578487,1400200,31032262.2,1.421700
2023-06-09,22.21578904,22.92374282,22.05625016,22.82403102,2144410,48570160.9,2.177300
2023-06-12,22.6844345,23.60178306,22.6844345,23.24282058,3452312,80733762.12,3.505300
2023-06-13,23.24282058,23.40235946,22.81405984,23.22287822,2008200,46516288.9,2.039000
2023-06-14,23.15307996,23.59181188,22.94368518,23.46218654,2102668,49187399.22,2.135000
2023-06-15,23.432273,23.77129312,22.933714,23.09325288,2142732,50006258.16,2.175600
2023-06-16,23.1829935,23.26276294,22.7342904,23.1331376,1761982,40736952.04,1.789000
2023-06-19,23.20293586,23.40235946,22.95365636,23.1331376,2082470,48441237.4,2.114500
2023-06-20,23.12316642,23.37244592,22.74426158,23.0832817,1917230,44303794.8,1.946700
2023-06-21,23.25279176,23.25279176,22.4850109,22.5348668,1490340,34010160.1,1.513200
2023-06-26,22.3852991,22.90380046,21.6374606,21.65740296,1432280,31683662.0,1.454300
2023-06-27,21.91665364,22.7342904,21.6873165,22.5348668,2140482,48071944.22,2.173400
2023-06-28,22.34541438,22.82403102,21.438037,22.04627898,1723500,37786621.0,1.750000
2023-06-29,21.87676892,22.52489562,21.87676892,22.44512618,1412250,31559443.9,1.433900
2023-06-30,22.16593314,23.37244592,22.1360196,23.30264766,1909850,44026806.8,1.917200
2023-07-03,23.3325612,23.4821289,22.75423276,22.84397338,1265500,29192647.0,1.284900
2023-07-04,23.02345462,23.37244592,22.76420394,23.1331376,1176200,27194453.0,1.194300
2023-07-05,23.17302232,23.17302232,22.61463624,22.66449214,953600,21853553.8,0.968200
2023-07-06,22.5348668,23.1331376,22.51492444,22.86391574,1004800,23084022.0,1.020200
2023-07-07,23.1331376,23.3325612,22.37532792,22.62460742,1456160,33275902.4,1.478500
2023-07-10,22.85394456,22.92374282,22.12604842,22.24570258,1067610,23868490.04,1.084000
2023-07-11,22.24570258,22.79411748,21.94656718,22.67446332,847570,19204123.7,0.860600
2023-07-12,22.66449214,22.6844345,21.97648072,22.07619252,885580,19782941.9,0.899200
2023-07-13,22.07619252,23.01348344,21.936596,22.87388692,1623850,36945173.6,1.648800
2023-07-14,22.87388692,23.37244592,22.5847227,23.25279176,1743570,40492641.1,1.770400
2023-07-17,23.2328494,23.61175424,22.86391574,23.42230182,1944400,45484899.9,1.974300
2023-07-18,23.59181188,24.2798233,23.2328494,23.99065908,2729532,65297838.04,2.771500
2023-07-19,23.8311202,23.96074554,23.0334258,23.1829935,2482650,58166187.3,2.520800
2023-07-20,23.19296468,23.61175424,21.59757588,21.66737414,2246913,49927589.29,2.281400
2023-07-21,21.67734532,21.87676892,20.89959328,21.02921862,1681601,35851046.93,1.707400
2023-07-24,20.96939154,21.8867401,20.7400544,21.61751824,1746000,37709809.0,1.772800
2023-07-25,21.44800818,22.76420394,21.44800818,22.66449214,1725400,38723235.0,1.751900
2023-07-26,22.67446332,22.72431922,21.92662482,21.95653836,1291150,28711912.0,1.311000
2023-07-27,22.35538556,22.35538556,21.44800818,21.4878929,1048200,22866825.62,1.064300
2023-07-28,21.8368842,21.96650954,21.40812346,21.6873165,883600,19189094.0,0.897200
2023-07-31,21.936596,21.936596,20.9893339,21.12893042,1438400,30575271.0,1.460500
2023-08-01,21.17878632,21.4878929,20.75002558,21.2386134,1773870,37476033.3,1.801100
2023-08-02,21.2386134,23.41233064,21.16881514,22.06622134,3719941,83423777.76,3.777100
2023-08-03,21.64743178,21.92662482,21.17878632,21.42806582,2779000,59878536.0,2.821700
2023-08-04,21.438037,21.8867401,21.39815228,21.49786408,1568670,34045821.6,1.592800
2023-08-07,21.49786408,21.91665364,21.3881811,21.65740296,1545063,33548298.84,1.568800
2023-08-08,21.82691302,21.91665364,21.3881811,21.4878929,1027510,22248157.3,1.043300
2023-08-09,21.37820992,21.65740296,21.06910334,21.19872868,1296600,27661889.0,1.316500
2023-08-10,21.438037,21.438037,20.9893339,21.27849812,881000,18723810.0,0.894500
2023-08-11,21.35826756,21.35826756,20.80985266,20.81982384,818962,17259493.18,0.831500
2023-08-14,20.7400544,21.11895924,20.6403426,21.0890457,774462,16201515.08,0.786400
2023-08-15,21.10898806,21.41809464,20.84973738,20.9893339,771022,16298921.0,0.782900
2023-08-16,20.90956446,20.9893339,20.35117838,20.41100546,907400,18723260.0,0.921300
2023-08-17,20.46086136,21.1389016,20.21158186,21.05913216,1055140,22002191.0,1.071300
2023-08-18,21.0391898,21.24858458,20.6901985,20.75999676,846200,17823014.0,0.859200
2023-08-21,20.7400544,21.20869986,20.5904867,20.6403426,882900,18494964.0,0.896500
2023-08-22,20.96939154,21.45797936,20.4907749,21.40812346,1828980,38548558.5,1.857100
2023-08-23,21.26852694,21.26852694,19.27429094,20.13181242,3720510,74572413.4,3.734800
2023-08-24,20.05204298,20.1916395,19.1446656,19.43382982,2927800,57501398.6,2.939100
2023-08-25,19.57342634,19.73296522,18.73584722,18.88541492,1822830,34921208.7,1.829800
2023-08-28,20.0420718,20.2414954,18.75578958,18.8455302,1579850,30547218.3,1.585900
2023-08-29,18.7458184,20.03210062,18.66604896,19.85261938,1759410,34675657.0,1.766200
2023-08-30,19.81273466,20.77993912,19.72299404,20.47083254,1613110,33139758.5,1.619300
2023-08-31,20.68022732,20.75999676,20.27140894,20.53065962,1229800,25377527.0,1.234500
2023-09-01,20.67025614,20.9893339,20.41100546,20.60045788,1108200,22915803.0,1.112500
2023-09-04,20.8896221,20.95942036,20.3412072,20.80985266,1182070,24473877.1,1.186600
2023-09-05,21.05913216,21.1887575,20.7400544,20.94944918,1210760,25502290.8,1.215400
2023-09-06,20.91953564,21.62748942,20.7400544,21.5876047,2168170,46467982.2,2.176500
2023-09-07,21.39815228,21.6374606,21.1389016,21.16881514,1411180,30247098.6,1.416600
2023-09-08,21.16881514,21.74714358,21.16881514,21.67734532,1440680,31126426.6,1.446200
2023-09-11,21.56766234,21.57763352,21.1389016,21.3383252,1437630,30769279.0,1.443200
2023-09-12,21.27849812,21.50783526,21.14887278,21.31838284,1334270,28548624.6,1.339400
2023-09-13,21.19872868,21.31838284,20.56057316,20.87965092,1027170,21515760.5,1.031100
2023-09-14,20.8896221,21.29844048,20.5406308,20.8397662,1287600,27078509.0,1.292500
2023-09-15,20.6901985,21.07907452,20.46086136,20.46086136,980700,20246320.0,0.984500
2023-09-18,20.45089018,20.96939154,20.2414954,20.66028496,1101210,22881798.1,1.105400
2023-09-19,20.65031378,20.67025614,19.88253292,20.18166832,1259220,25459393.2,1.264100
2023-09-20,20.23152422,20.440919,19.96230236,19.9922159,751500,15201373.0,0.754400
2023-09-21,19.96230236,20.46086136,19.8925041,20.00218708,943500,19089747.0,0.947100
2023-09-22,19.98224472,21.00927626,19.86259056,20.94944918,1706770,35372329.7,1.713300
2023-09-25,20.86967974,21.09901688,20.2913513,20.50074608,1382400,28482320.0,1.387700
2023-09-26,20.33123602,20.71014086,19.91244646,19.92241764,1377270,27732370.7,1.382600
2023-09-27,20.1916395,20.1916395,19.60333988,19.94236,1544370,30906715.2,1.550300
2023-09-28,19.9922159,20.86967974,19.9922159,20.71014086,1525463,31565127.29,1.531300
2023-10-09,20.6901985,20.92950682,20.5904867,20.84973738,1819700,37931314.2,1.826700
2023-10-10,20.89959328,21.27849812,20.81982384,21.1389016,1246130,26371922.7,1.250900
2023-10-11,21.1389016,21.30841166,20.79988148,21.19872868,1064590,22579651.3,1.068700
2023-10-12,21.3383252,21.42806582,20.87965092,21.17878632,909100,19264508.6,0.912600
2023-10-13,21.17878632,21.20869986,20.8896221,20.95942036,1167200,24625992.0,1.171700
2023-10-16,21.04916098,21.04916098,20.53065962,20.70016968,1076270,22335481.3,1.080400
2023-10-17,20.7899103,20.7899103,20.35117838,20.5406308,802500,16521141.8,0.805600
2023-10-18,20.68022732,20.71014086,19.87256174,19.87256174,962101,19364253.97,0.965800
2023-10-19,19.97227354,20.62040024,19.81273466,19.92241764,1447400,29385498.0,1.453000
2023-10-20,19.97227354,20.22155304,19.3440892,19.3440892,1292843,25451499.86,1.297800
2023-10-23,19.33411802,19.4936569,18.8455302,18.9950979,1382813,26484041.43,1.388100
2023-10-24,18.9950979,19.70305168,18.67602014,19.50362808,1416511,27476762.75,1.422000
2023-10-25,19.5435128,19.8426482,19.28426212,19.7429364,1173720,23095495.4,1.178200
2023-10-26,19.5435128,19.91244646,19.35406038,19.88253292,857070,16940007.0,0.860400
2023-10-27,19.88253292,19.88253292,19.27429094,19.78282112,1292500,25453694.0,1.297500
2023-10-30,19.01504026,20.13181242,18.8953861,19.94236,2440008,48057813.08,2.449400
2023-10-31,19.87256174,20.440919,19.35406038,19.55348398,1359400,26907242.0,1.364600
2023-11-01,19.5435128,19.81273466,19.40391628,19.68310932,1520960,29893338.5,1.526800
2023-11-02,19.67313814,20.01215826,19.32414684,19.32414684,1052551,20654192.38,1.056600
2023-11-03,19.3440892,20.25146658,19.32414684,20.16172596,1713440,34428918.3,1.720000
2023-11-06,20.11187006,20.43094782,20.03210062,20.40103428,1619400,32941309.0,1.625600
2023-11-07,20.40103428,20.68022732,20.23152422,20.66028496,1081400,22206471.0,1.085600
2023-11-08,20.63037142,20.75002558,20.42097664,20.68022732,1203540,24876595.1,1.208200
2023-11-09,20.5904867,20.87965092,20.33123602,20.52068844,1060550,21889393.31,1.064600
2023-11-10,20.52068844,20.75999676,20.35117838,20.52068844,1065407,21914661.03,1.069500
2023-11-13,20.5406308,20.9893339,20.5406308,20.86967974,1436630,30022991.6,1.442200
2023-11-14,21.04916098,21.2386134,20.81982384,21.0890457,1015620,21451100.3,1.019500
2023-11-15,21.0890457,21.3383252,20.939478,21.01924744,1012470,21387807.5,1.016400
2023-11-16,21.07907452,21.29844048,20.80985266,20.8397662,1234920,26072356.0,1.239700
2023-11-17,20.8397662,21.0890457,20.8397662,21.01924744,746420,15724131.0,0.749300
2023-11-20,21.1887575,21.42806582,20.97936272,21.26852694,1353600,28772745.0,1.358800
2023-11-21,21.26852694,21.50783526,20.939478,20.95942036,1169942,24864291.62,1.174400
2023-11-22,20.96939154,21.22864222,20.6403426,20.66028496,1267970,26585136.7,1.272800
2023-11-23,20.75999676,20.95942036,20.56057316,20.87965092,980140,20461527.8,0.983900
2023-11-24,20.8896221,21.12893042,20.23152422,20.28138012,1046650,21441978.0,1.050700
2023-11-27,20.41100546,20.9893339,20.30132248,20.61042906,1654700,34213273.2,1.661100
2023-11-28,20.66028496,21.0391898,20.41100546,20.7899103,1280884,26657095.46,1.285800
2023-11-29,20.75002558,21.15884396,20.71014086,20.92950682,1345030,28219673.4,1.350200
2023-11-30,20.84973738,20.85970856,20.46086136,20.76996794,1418812,29420141.4,1.424300
2023-12-01,20.77993912,20.92950682,20.55060198,20.85970856,1257100,26187436.0,1.261900
2023-12-04,20.939478,20.97936272,20.65031378,20.75999676,2107370,44078269.2,2.115500
2023-12-05,20.75999676,20.75999676,20.27140894,20.30132248,1456500,29811240.0,1.462100
2023-12-06,20.47083254,20.47083254,20.10189888,20.17169714,1528300,31043460.0,1.534200
2023-12-07,20.3910631,20.51071726,20.02212944,20.27140894,1068530,21736950.3,1.072600
2023-12-08,20.3910631,20.68022732,20.12184124,20.13181242,1461240,29850497.6,1.466900
2023-12-11,20.17169714,20.2913513,19.71302286,20.08195652,1805160,36107340.8,1.812100
2023-12-12,20.0919277,20.1916395,19.81273466,20.02212944,969600,19425092.5,0.973300
2023-12-13,20.0919277,20.33123602,19.85261938,20.0420718,1136540,22908732.2,1.140900
2023-12-14,19.96230236,20.25146658,19.94236,20.02212944,846870,17032460.8,0.850100
2023-12-15,19.9922159,20.1417836,19.71302286,19.92241764,1184980,23561569.7,1.189500
2023-12-18,19.91244646,19.92241764,19.37400274,19.5435128,1228800,24150854.4,1.233500
2023-12-19,19.5933687,19.66316696,19.32414684,19.61331106,843120,16488772.0,0.846400
2023-12-20,19.60333988,19.8426482,19.46374336,19.51359926,1215470,23988769.7,1.220100
2023-12-21,19.51359926,19.6930805,19.01504026,19.45377218,1611537,31273132.3,1.617700
2023-12-22,19.55348398,19.55348398,18.71590486,18.7956743,1690820,32201294.0,1.697300
2023-12-25,18.83555902,19.1945215,18.71590486,18.87544374,1228940,23266968.2,1.233700
2023-12-26,19.06489616,19.06489616,18.26720176,18.45665418,977180,18083649.6,0.980900
2023-12-27,18.51648126,18.80564548,18.36691356,18.72587604,681200,12738454.0,0.683800
2023-12-28,18.75578958,19.0948097,18.46662536,18.9950979,965920,18295870.8,0.969600
2023-12-29,19.00506908,19.37400274,18.88541492,19.31417566,1528050,29442156.3,1.533900
2024-01-02,19.3939451,19.3939451,19.16460796,19.27429094,1060870,20509779.5,1.064900
2024-01-03,19.28426212,19.36403156,18.945242,19.15463678,1292500,24794998.0,1.297500
2024-01-04,19.1945215,19.1945215,18.88541492,18.9950979,805740,15336785.0,0.808800
2024-01-05,19.07486734,19.26431976,18.55636598,18.71590486,981790,18548347.6,0.985600
2024-01-08,18.72587604,18.72587604,17.948124,18.08772052,1163590,21423133.9,1.168100
2024-01-09,18.1475476,18.5463948,18.12760524,18.30708648,1148400,21122286.6,1.152800
2024-01-10,18.31705766,18.41676946,17.8484122,18.0976917,1065410,19367905.0,1.069500
2024-01-11,18.18743232,18.48656772,18.03786462,18.46662536,881820,16177583.2,0.885200
2024-01-12,18.446683,18.51648126,18.05780698,18.10766288,952170,17475358.4,0.955800
2024-01-15,18.11763406,18.25723058,17.92818164,18.0976917,947700,17183552.0,0.951300
2024-01-16,18.0976917,18.22731704,17.5991327,17.8982681,1093660,19541605.5,1.097900
2024-01-17,17.8982681,18.00795108,17.4994209,17.55924798,931900,16566964.3,0.935500
2024-01-18,17.71878686,17.78858512,16.88120774,17.58916152,1518194,26309690.84,1.524000
2024-01-19,17.58916152,17.58916152,17.11054488,17.13048724,1257334,21804649.12,1.262200
2024-01-22,17.1005737,17.35982438,15.7544644,15.99377272,1411260,23426497.9,1.416700
2024-01-23,15.93394564,16.43250464,15.51515608,15.78437794,1481262,23344079.2,1.487000
2024-01-24,15.77440676,16.01371508,15.1063377,15.77440676,1633964,25512918.58,1.640200
2024-01-25,15.83423384,16.72166886,15.64478142,16.68178414,1664070,27203821.2,1.670500
2024-01-26,16.73164004,16.81140948,16.47238936,16.64189942,1253760,20920630.9,1.239100
2024-01-29,16.63192824,16.72166886,15.79434912,15.953888,1337520,21544202.2,1.321900
2024-01-30,15.953888,15.953888,14.95677,15.2559054,1123120,17441756.5,1.110000
2024-01-31,15.455329,15.455329,14.09924852,14.1092197,2171340,31619712.5,2.146000
2024-02-01,14.1092197,14.458211,13.47106418,13.88985374,1816665,25218325.5,1.795400
2024-02-02,13.87988256,14.26875858,12.18478196,12.962534,2300478,30384319.94,2.273600
2024-02-05,12.84287984,12.95256282,10.3700272,10.3700272,5659962,61467499.32,5.593800
2024-02-06,9.39285156,10.62927788,8.6250707,10.2204595,6143627,58953741.38,6.071800
2024-02-07,9.99112236,10.45976782,8.58518598,9.38288038,5062201,47665036.78,5.003000
2024-02-08,9.19342796,10.64922024,8.98403318,10.38996956,3908173,38577629.42,3.862500
2024-02-19,10.47971018,11.9155601,10.469739,11.60645352,4237532,48390922.39,4.188000
2024-02-20,11.59648234,11.80587712,11.24749104,11.72610768,2441991,28257367.44,2.413400
2024-02-21,11.6662806,12.57365798,11.47682818,12.09504134,2285569,27989497.48,2.258800
2024-02-22,12.05515662,12.8129663,12.05515662,12.7631104,2371672,29769025.66,2.343900
2024-02-23,12.84287984,13.44115064,12.84287984,13.34143884,2377650,31448542.2,2.349900
2024-02-26,13.60068952,14.5080669,13.14201524,13.88985374,3010110,41912985.8,2.974900
2024-02-27,13.80011312,15.12628006,13.7602284,14.99665472,2836430,41397533.2,2.803300
2024-02-28,15.1561936,15.6547526,13.09215934,13.09215934,5125863,73063245.75,5.065900
2024-02-29,12.99244754,13.92973846,12.99244754,13.65054542,2935989,39975226.37,2.901700
2024-03-01,13.65054542,14.27872976,13.59071834,14.27872976,2637450,37289449.0,2.606600
2024-03-04,14.34852802,14.63769224,13.7103725,14.1092197,2033350,28781375.5,2.009600
2024-03-05,14.1590756,14.458211,13.87988256,13.88985374,1959860,27664127.8,1.936900
2024-03-06,13.83999784,14.13913324,13.42120828,13.88985374,2109300,29152401.0,2.084600
2024-03-07,13.8599402,14.31861448,13.77019958,13.79014194,1786308,25141942.46,1.765400
2024-03-08,13.8100843,14.4083551,13.72034368,14.37844156,1903650,27102018.4,1.881400
2024-03-11,14.23884504,14.54795162,14.03942144,14.3584992,1545878,22115146.52,1.527800
2024-03-12,14.37844156,14.73740404,14.26875858,14.57786516,1515640,22100704.6,1.497900
2024-03-13,14.54795162,14.98668354,14.51803808,14.79723112,1775360,26218352.6,1.754600
2024-03-14,14.7573464,14.9069141,14.33855684,14.53798044,1182300,17344615.0,1.168500
2024-03-15,14.56789398,14.82714466,14.458211,14.8072023,1046870,15368495.9,1.034600
2024-03-18,14.95677,16.03365744,14.95677,15.91400328,2337100,36476761.8,2.309800
2024-03-19,15.96385918,16.11342688,15.41544428,15.48524254,2121404,33267875.0,2.096600
2024-03-20,15.49521372,15.63481024,15.46530018,15.61486788,1014800,15834540.0,1.002900
2024-03-21,15.6547526,15.74449322,15.39550192,15.62483906,1158500,18109099.0,1.145000
2024-03-22,15.5051849,15.62483906,15.1561936,15.26587658,1239193,19051710.33,1.224700
2024-03-25,15.5550408,15.6048967,14.76731758,14.79723112,2180520,32943006.6,2.155000
2024-03-26,14.76731758,15.1063377,14.52800926,14.66760578,1402810,20815939.3,1.386400
2024-03-27,14.6077787,14.7074905,13.96962318,13.97959436,1398680,20150747.5,1.382300
2024-03-28,13.97959436,15.04651062,13.97959436,14.91688528,1521130,22421937.8,1.503300
2024-03-29,14.6576346,15.2559054,14.61774988,15.22599186,1436727,21556693.61,1.419900
2024-04-01,15.34564602,15.57498316,15.1063377,15.37555956,1966501,30252554.87,1.943500
2024-04-02,15.37555956,15.73452204,15.22599186,15.5550408,1834806,28483446.96,1.813400
2024-04-03,15.56501198,15.58495434,14.9069141,15.24593422,1625200,24763073.0,1.606200
2024-04-08,15.12628006,15.13625124,14.2587874,14.31861448,1839010,26869819.9,1.817500
2024-04-09,14.31861448,14.68754814,14.2089315,14.42829746,1348210,19473344.4,1.332400
2024-04-10,14.36847038,14.46818218,13.6605166,13.80011312,1204080,16803199.8,1.190000
2024-04-11,13.77019958,14.29867212,13.74028604,13.87988256,884403,12455212.57,0.874100
2024-04-12,13.83999784,14.3086433,13.83999784,13.93970964,840900,11870590.4,0.831100
2024-04-15,13.77019958,14.24881622,12.48391736,12.54374444,2279560,29570896.0,2.252900
2024-04-16,12.57365798,12.95256282,10.59936434,10.90847092,2913630,32426803.7,2.879600
2024-04-17,11.18766396,12.5138309,11.18766396,12.49388854,2235605,26983705.97,2.209500
2024-04-18,12.30443612,12.58362916,11.99532954,12.15486842,1840824,22596814.68,1.819300
2024-04-19,12.25458022,12.3144073,11.72610768,12.19475314,1483370,17873688.3,1.466000
2024-04-22,12.19475314,12.24460904,11.45688582,11.98535836,1242110,14845157.8,1.227600
2024-04-23,12.0651278,12.6633986,11.98535836,12.60357152,2040280,25337768.3,2.016400
2024-04-24,12.57365798,13.23175586,12.463975,13.10213052,1457815,18939508.85,1.440800
2024-04-25,13.10213052,13.47106418,12.90270692,13.33146766,1256370,16757905.4,1.241700
2024-04-26,13.4112371,13.9097961,13.33146766,13.74028604,1495150,20503254.5,1.477700
2024-04-29,13.73031486,14.3086433,13.59071834,14.22887386,1328820,18717168.1,1.313300
2024-04-30,14.22887386,14.43826864,14.0095079,14.2587874,1130199,16103307.1,1.117000
2024-05-06,14.2587874,14.68754814,14.14910442,14.56789398,1849687,26889615.94,1.828100
2024-05-07,14.61774988,14.78725994,14.11919088,14.61774988,1949940,28240193.53,1.927100
2024-05-08,14.64766342,14.64766342,14.1590756,14.24881622,1065950,15318280.3,1.053500
2024-05-09,14.18898914,14.42829746,14.13913324,14.21890268,745840,10680698.4,0.737100
2024-05-10,14.2089315,14.91688528,13.7602284,14.01947908,1846500,26223745.9,1.824900
2024-05-13,13.82005548,13.8599402,13.07221698,13.25169822,1774200,23854746.0,1.753500
2024-05-14,13.50097772,13.7602284,13.39129474,13.6106607,1272820,17357936.6,1.257900
2024-05-15,13.59071834,14.26875858,13.35141002,13.79014194,1381390,19359813.4,1.365200
2024-05-16,13.92973846,16.2530234,13.83999784,14.95677,5187808,79867192.95,5.127200
2024-05-17,14.88697174,15.3556172,14.36847038,14.58783634,4893318,72324401.66,4.836100
2024-05-20,14.48812454,14.94679882,14.1092197,14.36847038,3071060,44275318.4,3.035200
2024-05-21,14.18898914,14.24881622,13.9097961,13.98956554,2363361,33202010.6,2.335700
2024-05-22,13.96962318,14.07930616,13.8100843,14.0593638,1536013,21520425.46,1.518100
2024-05-23,13.92973846,14.94679882,13.91976728,14.27872976,3656920,52770887.8,3.614200
2024-05-24,14.04939262,14.27872976,13.74028604,13.77019958,2660170,37193975.7,2.629100
2024-05-27,13.6106607,13.9097961,13.2616694,13.83999784,1886950,25647817.2,1.864900
2024-05-28,13.7602284,14.13913324,13.53089126,13.68045896,1464530,20323088.2,1.447400
2024-05-29,13.88985374,13.93970964,13.5608048,13.79014194,1329330,18388648.8,1.313800
2024-05-30,13.6106607,14.0593638,13.40126592,13.83999784,1441694,19863089.64,1.424800
2024-05-31,13.89982492,14.32858566,13.74028604,14.16904678,1484294,21051328.54,1.466900
2024-06-03,14.1590756,14.33855684,13.4112371,13.59071834,1861300,25811382.0,1.839500
2024-06-04,13.94968082,13.959652,12.80299512,13.0622458,2521840,33124599.6,2.492400
2024-06-05,12.94259164,13.05227462,12.48391736,12.87279338,1473838,19020013.48,1.456600
2024-06-06,12.88276456,13.27164058,11.7659924,11.8657042,2143256,26447464.0,2.118200
2024-06-07,11.99532954,12.83290866,11.99532954,12.5636868,1808974,22732545.94,1.787800
2024-06-11,12.5636868,12.88276456,12.04518544,12.74316804,1607850,20082706.6,1.589100
2024-06-12,12.9126781,13.43117946,12.64345624,13.2616694,1676310,22107800.7,1.656700
2024-06-13,13.2616694,13.7602284,13.24172704,13.45112182,1884890,25546280.0,1.862900
2024-06-14,13.55083362,13.55083362,13.0622458,13.38132356,1339940,17893508.8,1.324300
2024-06-17,13.50097772,13.72034368,13.24172704,13.47106418,1777917,24037429.18,1.757100
2024-06-18,13.50097772,13.84996902,13.34143884,13.83999784,1468100,20167806.0,1.450900
2024-06-19,13.9,15.19,13.82,14.61,4088770,59007557.0,4.041000
2024-06-20,14.22,14.46,13.83,13.94,3172030,44824402.2,3.134900
2024-06-21,16.73,16.73,16.73,16.73,5603434,93745450.82,5.537900
2024-06-24,16.93,19.08,16.55,18.13,18162851,322676924.98,17.950500
2024-06-25,16.6,16.99,15.15,15.48,13302854,215450243.64,13.147300
2024-06-26,15.0,15.65,14.27,15.31,9338600,139380620.94,9.229400
2024-06-27,14.86,15.23,14.55,14.69,8034120,119570770.3,7.940200
2024-06-28,14.6,14.82,14.26,14.3,6860577,99570273.79,6.780400
2024-07-01,14.16,14.34,13.35,13.87,7292084,100117490.66,7.206800
2024-07-02,13.87,14.12,13.7,13.95,4516400,62893585.0,4.463600
2024-07-03,13.75,13.81,13.19,13.25,4344070,58141708.9,4.293300
2024-07-04,13.38,13.45,12.9,12.93,3720200,48684007.0,3.676700
2024-07-05,12.86,13.12,12.6,13.0,2620800,33910598.0,2.590200
2024-07-08,13.1,13.21,12.43,12.53,3304800,42046146.0,3.266200
2024-07-09,12.66,13.02,12.25,13.01,3596440,45706084.9,3.554400
2024-07-10,13.08,13.37,13.02,13.28,3072550,40608664.4,3.036600
2024-07-11,13.47,13.67,13.21,13.63,2894590,39118236.5,2.860700
2024-07-12,13.59,14.1,13.47,13.64,3199968,43734739.84,3.162600
2024-07-15,13.6,13.64,13.27,13.39,1892928,25385597.96,1.870800
2024-07-16,13.3,13.5,13.03,13.26,1947830,25749851.9,1.925100
2024-07-17,13.34,13.36,12.65,12.66,2212770,28420443.0,2.186900
2024-07-18,12.65,12.69,11.96,12.4,2440600,29901203.0,2.412100
2024-07-19,12.35,14.28,12.33,13.59,7379840,100003571.7,7.293600
2024-07-22,13.62,14.5,13.55,14.08,6692860,93643528.4,6.614600
2024-07-23,14.09,14.24,13.65,13.71,3947970,54955400.9,3.901800
2024-07-24,13.71,13.82,13.16,13.21,2633770,35281850.9,2.603000
2024-07-25,13.18,13.4,12.9,12.98,2264200,29607481.0,2.237700
2024-07-26,13.01,13.21,12.9,13.15,1780100,23284086.0,1.759300
2024-07-29,13.19,13.75,13.05,13.58,2784380,37515334.2,2.751800
2024-07-30,13.58,13.84,13.35,13.7,2644100,36090091.0,2.613200
2024-07-31,13.65,13.97,13.5,13.96,2705340,37372879.4,2.673700
2024-08-01,13.99,14.27,13.92,14.05,2450960,34480832.7,2.422300
2024-08-02,13.91,14.07,13.52,13.54,2136540,29445068.8,2.111600
2024-08-05,13.35,13.46,12.72,12.8,2383460,31123085.2,2.355600
2024-08-06,13.0,13.3,12.92,13.21,1855620,24347500.8,1.833900
2024-08-07,13.4,13.83,13.32,13.65,2141110,29143961.0,2.116100
2024-08-08,13.5,13.6,13.01,13.38,1927870,25660403.8,1.905300
2024-08-09,13.4,14.4,13.4,13.81,4677630,65210371.8,4.622900
2024-08-12,13.67,13.8,13.38,13.46,2650240,35859268.3,2.619300
2024-08-13,13.42,14.13,13.3,14.11,3520310,48852472.0,3.479200
2024-08-14,14.06,14.36,13.97,14.09,2924670,41266399.3,2.890500
2024-08-15,14.06,14.26,13.73,14.13,3090450,43264452.5,3.054300
2024-08-16,14.15,14.58,14.02,14.41,4525180,64940157.4,4.472300
2024-08-19,14.01,14.33,13.74,14.25,3574740,50260786.7,3.532900
2024-08-20,14.11,14.88,14.11,14.61,4325060,62744689.4,4.274500
2024-08-21,14.61,14.74,13.93,13.99,3933460,56280005.8,3.887500
2024-08-22,13.79,16.3,13.73,14.99,9430250,142432252.9,9.320000
2024-08-23,14.49,14.5,13.81,14.4,6546540,92692448.3,6.470000
2024-08-26,14.07,14.42,13.97,14.35,3578350,50970255.5,3.536500
2024-08-27,14.36,14.39,13.8,13.84,2975400,41651835.0,2.940600
2024-08-28,13.95,14.17,13.51,14.06,1922290,26779815.8,1.899800
2024-08-29,13.92,14.24,13.66,14.24,1752990,24559968.7,1.732500
2024-08-30,14.2,14.85,14.1,14.79,4513780,65864248.4,4.461000
2024-09-02,14.78,15.24,14.6,14.68,3244670,48271711.5,3.206700
2024-09-03,14.79,15.18,14.63,15.01,2406500,35923581.1,2.378400
2024-09-04,14.93,14.93,14.47,14.5,2029190,29672012.3,2.005500
2024-09-05,14.52,14.81,14.42,14.65,1363600,19963880.0,1.347700
2024-09-06,14.75,14.78,14.34,14.36,1376300,19877081.0,1.360200
2024-09-09,14.14,14.48,14.02,14.15,1267200,17982185.0,1.252400
2024-09-10,14.14,14.53,13.97,14.5,1679100,24030620.0,1.659500
2024-09-11,14.47,14.67,14.15,14.26,1326300,19002110.4,1.310800
2024-09-12,14.22,14.51,14.08,14.11,1185150,16920107.7,1.171300
2024-09-13,14.03,14.22,13.82,13.82,1457490,20302523.3,1.440500
2024-09-18,13.8,13.96,13.26,13.47,1222690,16477015.9,1.208400
2024-09-19,13.61,14.04,13.54,14.0,1150190,15941263.2,1.136700
2024-09-20,14.02,14.29,13.76,13.87,1291670,18123649.0,1.276600
2024-09-23,13.9,14.4,13.8,14.32,2035470,29031306.4,2.011700
2024-09-24,14.41,14.5,14.01,14.5,2390240,34239442.0,2.362300
2024-09-25,14.56,14.77,14.38,14.38,3030100,44194251.0,2.994700
2024-09-26,14.41,14.69,14.29,14.66,2150150,31220020.1,2.125000
2024-09-27,14.71,15.49,14.63,15.4,4048160,61099665.5,4.000800
2024-09-30,15.78,17.8,15.76,17.69,5744030,96383259.5,5.676900
2024-10-08,21.23,21.23,18.63,20.95,6268140,125698153.2,6.194900
2024-10-09,19.81,19.81,18.04,18.11,4904260,92828893.1,4.846900
2024-10-10,18.47,20.85,18.47,20.36,7722571,153271925.37,7.632300
2024-10-11,20.01,24.01,19.2,22.58,10009287,213079729.11,9.892300
2024-10-14,21.66,24.9,21.6,23.26,11162501,259945903.28,11.032000
2024-10-15,22.2,23.52,21.32,21.91,7535137,167999336.73,7.447000
2024-10-16,22.5,23.55,21.55,22.99,6049704,137685228.93,5.979000
2024-10-17,22.89,23.49,22.14,22.71,4855280,110391380.39,4.798500
2024-10-18,22.7,24.89,22.21,24.1,6631844,156459576.41,6.554300
2024-10-21,24.46,25.79,24.15,24.94,5595300,139446128.07,5.529900
2024-10-22,24.79,25.77,24.5,24.93,3964631,99347780.96,3.918300
2024-10-23,24.7,25.59,24.31,25.42,3263730,81965027.4,3.225600
2024-10-24,25.38,27.58,25.1,27.31,4650650,121972887.0,4.596300
2024-10-25,27.5,27.5,25.3,26.41,4607460,120643270.0,4.553600
2024-10-28,26.39,26.96,25.5,26.05,3122660,81382704.2,3.086200
2024-10-29,26.08,26.18,25.25,25.44,2742430,70569409.8,2.710400
2024-10-30,25.45,26.99,25.36,26.88,2874350,75706890.4,2.840700
2024-10-31,26.62,28.24,26.58,27.42,2890290,79725301.4,2.856500
2024-11-01,27.34,28.5,26.0,26.04,2374470,63913742.9,2.346700
2024-11-04,26.04,27.23,25.54,27.1,2307531,60620779.84,2.280600
2024-11-05,27.25,29.8,26.51,29.41,3003620,86187650.9,2.968500
2024-11-06,29.38,30.54,28.64,29.99,2515380,74553303.8,2.486000
2024-11-07,29.99,31.39,29.56,30.08,2311230,70737715.0,2.284200
2024-11-08,30.08,30.98,29.38,29.49,2041020,61406883.3,2.017200
2024-11-11,29.49,30.84,29.22,30.3,2058410,61747136.3,2.034300
2024-11-12,30.28,30.75,29.4,30.1,1599380,48307460.9,1.580700
2024-11-13,30.03,30.38,29.01,30.17,1159854,34400366.95,1.146300
2024-11-14,30.25,31.91,29.66,29.77,2081970,63873316.57,2.057600
2024-11-15,29.41,30.08,27.7,28.0,1431720,41224859.1,1.415000
2024-11-18,28.29,28.7,27.2,27.4,2030860,56132993.7,2.007100
2024-11-19,27.57,28.2,26.8,27.91,1610760,44243849.7,1.591900
2024-11-20,27.82,28.3,27.07,27.98,1275570,35489884.4,1.260700
2024-11-21,27.93,29.5,27.82,28.72,1787270,51433767.8,1.766400
2024-11-22,28.7,28.95,27.53,28.2,1677930,47153683.1,1.658300
2024-11-25,28.18,28.19,26.83,27.8,1496330,40811440.6,1.478800
2024-11-26,27.86,28.33,27.27,27.53,852800,23631276.2,0.842800
2024-11-27,27.33,27.85,26.09,27.7,1701010,45637412.4,1.681100
2024-11-28,27.73,28.13,27.25,27.49,958920,26595294.6,0.947700
2024-11-29,27.36,28.3,27.33,27.78,1293010,35958154.7,1.277900
2024-12-02,27.81,28.58,27.34,28.58,1285360,36011422.0,1.270300
2024-12-03,28.2,28.95,27.54,28.07,1006650,28267981.5,0.994900
2024-12-04,28.08,28.39,27.12,27.48,985220,27319659.1,0.973700
2024-12-05,27.6,29.09,27.28,28.25,2127800,59957323.1,2.102900
2024-12-06,28.4,28.4,26.86,26.88,1781700,48578050.26,1.760900
2024-12-09,27.39,27.47,26.3,26.62,1412550,37687533.06,1.396000
2024-12-10,27.65,27.72,25.89,26.4,1679420,44302459.1,1.659800
2024-12-11,26.35,26.82,26.15,26.43,1071638,28320277.06,1.059100
2024-12-12,26.42,26.74,26.0,26.26,796940,20958276.2,0.787600
2024-12-13,26.29,26.44,25.92,26.0,799020,20873456.5,0.789700
2024-12-16,26.0,26.1,25.24,25.39,1221990,31283782.6,1.207700
2024-12-17,25.45,25.63,24.22,24.4,1816130,45027249.2,1.794900
2024-12-18,24.79,25.3,23.6,24.68,1637890,40293518.2,1.618700
2024-12-19,24.6,24.93,24.31,24.7,1128960,27795322.7,1.115800
2024-12-20,24.99,25.77,24.39,25.59,1370610,34616581.5,1.354600
2024-12-23,25.85,30.31,25.2,28.6,6309072,174922477.27,6.235300
2024-12-24,27.7,29.59,27.1,28.37,4383921,123720894.6,4.332700
2024-12-25,28.38,29.21,26.66,27.6,3670110,102200813.3,3.627200
2024-12-26,27.48,28.29,26.93,27.65,3099784,85800197.94,3.063500
2024-12-27,27.77,27.8,27.02,27.27,2173431,59439102.29,2.148000
2024-12-30,26.97,27.65,26.68,27.29,1342871,36530262.75,1.327200
2024-12-31,27.21,27.69,25.28,25.52,1941050,50969649.6,1.918400
2025-01-02,25.7,25.95,24.88,25.31,1489019,37679923.82,1.471600
2025-01-03,25.39,25.57,23.59,24.3,1262140,30693830.0,1.247400
2025-01-06,24.01,24.35,22.55,24.35,954900,22549171.0,0.943700
2025-01-07,24.41,24.78,23.7,24.78,957210,23316122.8,0.946000
2025-01-08,24.51,27.35,24.5,26.3,2128680,55527854.8,2.103800
2025-01-09,26.11,26.56,25.83,26.2,1033210,27017682.8,1.021100
2025-01-10,25.89,26.42,25.13,26.0,1209172,31156722.32,1.195000
2025-01-13,25.49,25.73,24.6,25.35,670674,16952168.62,0.662800
2025-01-14,25.7,26.17,25.1,25.93,1227208,31565022.48,1.212900
2025-01-15,25.76,26.29,25.26,25.61,970150,24990555.5,0.958800
2025-01-16,25.79,25.88,24.99,25.52,1094600,27833797.0,1.081800
2025-01-17,25.52,25.69,24.95,25.53,785200,19870821.0,0.776000
2025-01-20,25.98,27.4,25.53,26.65,2158078,57006564.7,2.132800
2025-01-21,27.0,27.0,25.2,25.68,1612871,41802075.6,1.594000
2025-01-22,25.7,25.7,25.11,25.51,726780,18428510.0,0.718300
2025-01-23,26.05,26.39,25.15,25.49,1143510,29609494.5,1.130100
2025-01-24,25.47,25.73,25.07,25.7,819670,20829992.1,0.810100
2025-01-27,26.0,26.66,25.39,26.5,1376185,35953550.65,1.360100
2025-02-05,26.56,27.38,26.56,26.98,1297784,35004725.32,1.282600
2025-02-06,27.09,28.28,26.53,27.72,1729240,47529640.6,1.709000
2025-02-07,27.72,29.1,27.48,28.67,2650331,75840155.46,2.619300
2025-02-10,28.95,28.95,27.66,28.47,1585391,44498375.1,1.566900
2025-02-11,28.4,29.68,28.01,29.23,1818860,52929260.9,1.797600
2025-02-12,29.33,29.76,28.81,29.17,1111960,32612810.4,1.099000
2025-02-13,29.45,29.45,28.39,28.51,1215010,34808664.1,1.200800
2025-02-14,28.85,29.2,28.39,29.11,780930,22444105.4,0.771800
2025-02-17,29.37,29.4,28.67,29.32,1055663,30687303.69,1.043300
2025-02-18,29.49,34.0,29.13,32.88,4059138,130990737.82,4.011700
2025-02-19,32.46,33.47,31.29,33.47,3327910,107948564.01,3.289000
2025-02-20,33.0,34.85,32.51,34.1,3006140,101596433.91,2.971000
2025-02-21,34.0,36.84,33.1,34.81,3377752,118465874.98,3.338300
2025-02-24,34.62,36.3,34.62,35.3,2518172,89053499.5,2.488700
2025-02-25,35.0,35.2,34.2,34.7,1520040,52653001.92,1.502300
2025-02-26,35.0,35.19,34.11,35.18,1368390,47389244.1,1.352400
2025-02-27,35.19,36.3,34.77,35.89,1496870,53215200.0,1.479400
2025-02-28,35.83,35.85,33.34,33.45,1647510,56275883.34,1.628200
2025-03-03,33.45,34.48,32.7,34.18,1591970,54106842.62,1.573400
2025-03-04,34.29,35.1,33.25,34.27,1262129,43452979.07,1.247400
2025-03-05,34.47,34.87,34.14,34.61,1072349,36972891.89,1.059800
2025-03-06,34.95,35.88,34.35,34.78,1467500,51140361.1,1.450300
2025-03-07,34.87,36.2,34.41,35.51,1903770,67819674.5,1.881500
2025-03-10,35.6,36.1,34.0,34.62,2506282,86885750.36,2.477000
2025-03-11,34.27,34.74,33.88,34.5,973570,33346870.2,0.962200
2025-03-12,34.75,34.75,33.9,34.37,1111040,38088655.2,1.098100
2025-03-13,34.57,34.57,32.58,33.68,1485425,49600868.9,1.468100
2025-03-14,33.68,34.65,33.36,34.32,1219659,41568948.9,1.205400
2025-03-17,34.76,35.35,34.01,35.21,937420,32538640.26,0.926500
2025-03-18,35.78,35.78,34.08,34.7,1329710,46210477.6,1.314200
2025-03-19,34.66,35.86,34.3,35.44,1418160,50121504.2,1.401600
2025-03-20,35.61,36.9,34.68,34.83,1718400,60926725.5,1.698300
2025-03-21,35.0,35.0,33.32,34.07,1443600,48748778.9,1.426700
2025-03-24,33.96,34.35,32.62,33.39,732860,24484906.68,0.724300
2025-03-25,33.98,33.98,32.16,32.3,701100,22884498.3,0.692900
2025-03-26,32.73,33.49,32.1,33.35,864200,28576162.1,0.854100
2025-03-27,33.5,33.5,32.3,33.09,531270,17537616.5,0.525100
2025-03-28,33.09,33.09,32.24,32.3,568695,18478152.6,0.562000
2025-03-31,32.5,32.69,31.6,32.41,483870,15582981.55,0.478200
2025-04-01,32.9,33.3,32.37,32.99,571900,18788507.0,0.565200
2025-04-02,33.16,33.4,32.5,33.24,600730,19854086.5,0.593700
2025-04-03,32.91,33.21,32.07,32.7,600100,19602894.0,0.593100
2025-04-07,30.5,31.2,26.16,26.16,1205329,33313530.58,1.191200
2025-04-08,26.16,27.24,25.5,26.59,1313700,34795849.8,1.298300
2025-04-09,26.49,27.68,23.01,27.13,1559680,39927640.87,1.541400
2025-04-10,28.5,28.86,26.25,27.86,981010,27601640.2,0.969500
2025-04-11,28.29,28.99,27.2,28.88,923460,26260253.0,0.912700
2025-04-14,29.49,30.17,29.33,30.1,1121870,33340516.0,1.108800
2025-04-15,30.05,30.73,29.61,30.5,900800,27182479.0,0.890300
2025-04-16,30.68,31.1,30.17,30.83,747200,22923904.0,0.738500
2025-04-17,30.97,31.9,30.68,31.5,872100,27374564.0,0.861900
2025-04-18,31.76,31.88,30.52,31.5,889949,27643001.5,0.879500
2025-04-21,31.78,31.78,31.07,31.41,464700,14532607.6,0.459300
2025-04-22,31.4,31.55,30.18,30.38,777019,23931856.72,0.767900
2025-04-23,30.68,30.68,29.2,30.38,1388000,41785053.0,1.371800
2025-04-24,31.89,32.3,29.68,30.39,1652540,50858447.8,1.633400
2025-04-25,30.09,30.8,29.61,30.25,821850,25032478.0,0.812300
2025-04-28,30.18,30.69,29.87,30.42,494810,14979892.4,0.489100
2025-04-29,31.97,32.19,30.21,31.8,1429540,45045747.9,1.413000
2025-04-30,31.99,34.4,31.38,34.15,1793200,59782970.1,1.772400
2025-05-06,34.73,35.05,33.91,35.03,1383140,47988648.0,1.367100
2025-05-07,35.04,35.7,34.81,35.3,1209530,42551708.5,1.195500
2025-05-08,34.94,35.78,34.68,35.73,805990,28537359.0,0.796600
2025-05-09,36.11,36.11,34.92,35.1,793520,27903278.2,0.784300
2025-05-12,35.3,35.55,34.86,35.14,615340,21670478.4,0.608200
2025-05-13,35.22,35.49,34.46,34.58,778820,27115547.7,0.769800
2025-05-14,34.68,35.66,34.45,34.8,919740,32155216.9,0.909100
2025-05-15,34.88,35.3,34.3,34.51,736950,25601150.3,0.728400
2025-05-16,34.76,36.9,34.02,36.05,2298940,82517826.9,2.272300
2025-05-19,35.81,36.27,35.21,35.83,1158270,41293928.1,1.144800
2025-05-20,35.83,37.49,35.47,36.89,1461360,53485342.8,1.444400
2025-05-21,36.83,36.83,35.97,35.99,885770,32177664.1,0.875500
2025-05-22,35.75,36.29,35.43,35.45,829060,29717595.6,0.819400
2025-05-23,35.98,36.66,35.31,35.48,805860,28982804.6,0.796500
2025-05-26,35.92,38.07,35.2,36.51,1574750,58146962.5,1.556500
2025-05-27,36.98,37.3,35.98,36.95,1080960,39701465.9,1.068400
2025-05-28,37.27,37.27,36.23,36.35,784700,28813433.1,0.775600
2025-05-29,36.35,36.68,36.16,36.6,767730,27959529.0,0.758800
2025-05-30,36.46,37.47,36.23,37.11,861770,31783936.8,0.851800
2025-06-03,37.19,37.69,36.74,37.1,771340,28665229.4,0.762400
2025-06-04,37.1,38.38,36.98,37.57,913040,34499713.0,0.902500
2025-06-05,37.82,38.35,36.86,38.26,1187870,44997419.4,1.174100
2025-06-06,38.35,39.5,38.02,38.38,1960990,75705879.2,1.938300
2025-06-09,38.77,39.47,38.03,39.46,2109510,81859870.6,2.085000
2025-06-10,39.6,40.68,39.02,40.07,1859505,74322848.3,1.837900
2025-06-11,40.5,47.27,39.64,46.89,5559385,245762004.26,5.494900
2025-06-12,46.89,51.58,45.93,47.74,5950678,286999073.14,5.881700
2025-06-13,47.8,57.29,46.66,57.29,9141003,490774098.88,9.035000
2025-06-16,57.28,57.28,50.28,51.62,9460816,493128821.01,9.351100
2025-06-17,50.5,50.6,46.2,46.56,7346162,351902596.28,7.261000
2025-06-18,46.56,47.78,44.49,47.5,5768532,265816857.62,5.701600
2025-06-19,47.17,47.17,43.63,43.73,4774290,213090016.1,4.718900
2025-06-20,43.29,45.58,42.71,44.38,3095687,137981227.66,3.059800
2025-06-23,43.9,45.08,43.05,45.01,2290282,101653649.0,2.263700
2025-06-24,46.14,46.14,44.31,44.63,2271290,101487802.0,2.245000
2025-06-25,44.6,45.6,43.89,45.03,2954273,132297201.56,2.920000
2025-06-26,45.09,45.09,43.68,43.87,2666313,118061584.04,2.635400
2025-06-27,41.4,44.86,41.0,44.66,3477450,150067895.3,3.437100
2025-06-30,44.73,45.49,44.04,44.57,2585190,115293722.9,2.555200
2025-07-01,44.46,45.26,43.95,45.12,1786337,79609465.95,1.765600
2025-07-02,45.11,45.11,43.5,43.59,1513700,66566656.0,1.496100
2025-07-03,43.84,44.47,43.38,43.69,1163645,50987954.1,1.150200
2025-07-04,43.8,44.5,42.98,43.51,1364470,59461824.2,1.348600
2025-07-07,43.48,43.57,42.89,43.18,786420,33988162.0,0.777300
2025-07-08,43.08,43.63,42.6,42.77,1390560,59890415.2,1.374400
2025-07-09,42.78,42.96,41.38,41.59,2636350,110501996.4,2.605800
2025-07-10,41.56,42.2,40.7,41.5,2528260,105135059.8,2.498900
2025-07-11,41.48,41.68,40.95,41.35,1529120,63152879.58,1.511400
2025-07-14,41.34,41.46,40.68,41.14,1789900,73200912.5,1.769100
2025-07-15,41.12,41.21,39.93,40.32,1955500,79175213.0,1.932800
2025-07-16,40.67,40.91,40.3,40.36,1363586,55289211.8,1.347800
2025-07-17,40.74,41.62,39.76,39.84,3883595,157297203.5,3.838600
2025-07-18,39.8,40.66,39.54,40.25,2456100,98476510.3,2.427600
2025-07-21,41.26,45.8,41.2,43.0,8944716,390017839.65,8.841000
2025-07-22,42.95,47.96,42.7,47.56,8825674,408648223.14,8.723300
2025-07-23,46.8,49.3,45.5,47.7,6343014,303004449.01,6.269500
2025-07-24,47.58,48.2,46.63,47.66,3850671,181911735.74,3.806000
2025-07-25,47.3,48.5,46.5,47.15,4367830,206516506.4,4.317200
2025-07-28,47.69,49.53,46.69,48.97,5175070,250352439.9,5.115100
2025-07-29,48.71,49.35,47.55,47.7,3334570,160778764.0,3.295900
2025-07-30,47.15,48.0,46.02,46.47,3183980,148617582.0,3.147100
2025-07-31,46.01,47.19,44.5,44.95,3330240,152550978.98,3.291600
2025-08-01,44.95,47.53,44.45,46.53,3241190,149447681.68,3.203600
2025-08-04,46.26,48.27,45.56,47.27,3338940,156525699.5,3.300200
2025-08-05,47.8,56.72,46.2,56.72,8187915,418049250.1,8.093000
2025-08-06,57.0,65.38,55.02,60.71,13975953,853049097.83,13.813900
2025-08-07,59.5,63.55,56.75,62.16,13491998,813879362.28,13.335500
2025-08-08,59.94,64.7,57.57,60.96,10196229,618284457.11,10.078000
2025-08-11,60.95,67.5,59.31,66.37,12019391,764316872.11,11.880000
2025-08-12,64.82,67.6,63.2,64.0,8778719,567922168.49,8.676900
2025-08-13,62.0,62.3,58.5,60.97,9829791,594246797.01,9.715800
2025-08-14,60.0,60.66,57.0,57.0,7421106,436574483.54,7.335100
2025-08-15,56.5,58.97,56.3,58.33,5888285,340608256.52,5.820000
2025-08-18,58.35,61.45,58.0,60.4,6870964,411527564.13,6.791300
2025-08-19,59.97,60.98,58.08,59.6,5074090,303661955.3,5.015300
2025-08-20,58.99,61.48,58.46,60.1,4439501,265648460.09,4.388000
2025-08-21,59.08,60.21,57.8,58.3,3698442,216691195.08,3.655600
2025-08-22,58.3,59.3,57.69,58.73,3065386,179300248.21,3.029800
2025-08-25,59.32,59.8,58.06,59.3,4214990,248369247.1,4.166100
2025-08-26,58.88,62.0,57.8,60.44,6002020,357775541.3,5.932400
2025-08-27,60.0,62.88,57.0,60.03,8262047,499050744.32,8.165500
2025-08-28,60.03,61.37,58.03,59.68,5392600,321300976.82,5.329600
2025-08-29,59.76,59.96,57.0,57.12,3943896,228765031.56,3.897800
2025-09-01,56.21,57.57,56.14,56.58,2472190,140153193.6,2.443300
2025-09-02,56.58,56.96,52.91,53.11,3822900,205850762.3,3.778200
2025-09-03,53.0,55.51,52.07,53.46,3145440,168830792.1,3.108700
2025-09-04,55.36,56.97,53.46,55.6,4405916,242868533.84,4.354400
2025-09-05,54.62,56.62,52.15,55.24,4057080,221840891.8,4.009700
2025-09-08,55.2,57.45,54.9,57.2,3903411,220989474.75,3.857800
2025-09-09,56.99,56.99,53.88,54.38,3137580,171823489.5,3.100900
2025-09-10,54.92,61.0,54.92,58.84,7054603,411774068.3,6.972200
2025-09-11,54.39,56.55,52.52,56.0,6502805,355075534.44,6.426800
2025-09-12,55.3,55.5,53.5,54.1,5067493,274562670.27,5.008300
2025-09-15,54.03,55.68,53.01,55.06,3999898,218567020.09,3.953200
2025-09-16,54.69,58.0,54.69,57.6,4810756,273121203.68,4.754500
2025-09-17,57.97,59.49,57.07,58.64,4347809,254065284.21,4.297000
2025-09-18,58.89,60.0,56.01,56.9,4680099,273583511.15,4.625400
2025-09-19,57.0,57.78,54.37,54.59,2806900,155563750.5,2.774100
2025-09-22,54.65,56.0,54.0,56.0,2302560,126995155.7,2.275700
2025-09-23,56.0,57.3,52.45,54.74,3079900,167923579.6,3.043900
2025-09-24,53.62,55.2,53.19,54.77,1811750,98726601.5,1.790600
2025-09-25,54.77,55.88,53.98,53.98,2062110,112954264.8,2.038000
2025-09-26,53.61,53.97,51.51,51.64,2638360,138171185.3,2.607500
2025-09-29,51.19,51.78,49.62,51.5,2091749,106409316.43,2.067300
2025-09-30,51.69,52.7,51.12,51.41,1421040,73596764.9,1.404400
2025-10-09,51.75,55.4,51.14,54.6,3650560,196696318.0,3.607900
2025-10-10,54.1,54.33,52.08,52.32,1972310,104195522.5,1.949300
2025-10-13,49.99,54.22,48.12,52.9,2136250,110925423.3,2.111300
2025-10-14,53.7,56.66,52.72,54.02,4596945,250362423.33,4.543200
2025-10-15,53.96,55.9,51.67,52.36,3401930,181381759.7,3.362200
2025-10-16,51.88,52.2,50.45,50.97,2043300,104507855.0,2.019400
2025-10-17,50.91,52.5,50.4,50.58,1714650,88024047.0,1.694600
2025-10-20,50.99,52.49,50.64,51.28,1621204,83685049.42,1.602300
2025-10-21,52.81,52.81,50.18,51.7,1503284,77230744.88,1.485700
2025-10-22,51.44,52.8,51.41,51.91,1559786,81328150.74,1.541600
2025-10-23,51.91,51.91,50.2,51.01,1570680,79598617.8,1.552300
2025-10-24,51.28,51.76,51.0,51.38,1228086,63121459.08,1.213700
2025-10-27,52.78,58.0,52.0,56.51,7412631,415475236.84,7.326000
2025-10-28,56.49,56.78,53.0,53.31,4994540,271615230.1,4.936200
2025-10-29,52.81,53.06,51.81,52.43,2427420,126665795.1,2.399100
2025-10-30,52.43,52.99,50.8,51.72,2995040,154619299.1,2.960000
2025-10-31,51.34,53.87,51.34,52.9,2632470,139388119.3,2.601700
2025-11-03,52.68,57.5,52.4,55.86,5423450,303043125.56,5.360100
2025-11-04,55.6,56.78,53.51,53.76,2594498,143070616.48,2.564200
2025-11-05,53.76,56.47,53.24,55.4,3325550,183595075.0,3.286700
2025-11-06,55.27,56.76,54.52,55.62,2415018,134369837.0,2.386800
2025-11-07,55.49,56.7,54.4,54.4,2298660,127208410.9,2.271800
2025-11-10,54.18,55.26,53.03,53.47,2205800,119170262.0,2.180000
2025-11-11,53.44,55.17,52.6,52.97,1755100,94255164.0,1.734600
2025-11-12,53.2,53.2,51.4,51.85,2283215,118562216.25,2.256500
2025-11-13,52.04,52.05,50.3,50.77,2178130,110618538.4,2.152700
2025-11-14,50.87,51.18,49.93,50.0,1369100,69175150.0,1.353100
2025-11-17,49.96,50.99,48.71,49.2,1939877,96218864.78,1.917200
2025-11-18,48.99,49.49,48.06,48.45,1571400,76528891.0,1.553000
2025-11-19,48.46,48.8,47.24,47.8,1190856,56885762.4,1.176900
2025-11-20,47.8,48.2,47.18,47.38,964800,45921961.0,0.953500
2025-11-21,47.9,47.9,45.27,45.39,1482600,68530010.72,1.465300
2025-11-24,45.5,47.28,45.27,47.2,1387456,64296802.78,1.371200
2025-11-25,47.5,48.49,46.66,47.97,1144400,54823599.0,1.131000
2025-11-26,48.4,48.64,47.3,47.47,1097100,52582523.0,1.084300
2025-11-27,47.47,48.36,47.18,47.66,879420,42080975.0,0.869100
2025-11-28,47.41,48.15,47.0,47.54,891670,42286290.0,0.881300
2025-12-01,47.94,49.9,47.6,49.29,1827670,89606109.0,1.806300
2025-12-02,49.19,49.36,47.05,47.16,1299100,62046052.5,1.283900
2025-12-03,47.22,47.48,45.45,45.94,1250000,57647496.0,1.235400
2025-12-04,45.95,46.21,44.66,45.04,1145560,51759145.6,1.132200
2025-12-05,45.15,46.07,44.44,45.96,991100,44988468.0,0.979500
2025-12-08,46.2,46.48,45.71,46.2,1420300,65365129.1,1.403700
2025-12-09,46.19,46.87,45.7,45.93,1070300,49544975.8,1.057800
2025-12-10,45.94,45.94,44.56,45.0,1118300,50350180.0,1.105200
2025-12-11,45.14,45.23,43.5,43.6,1282920,56617715.2,1.267900
2025-12-12,43.7,44.4,42.6,43.98,1273480,55507114.4,1.258600
2025-12-15,43.58,43.95,42.7,42.8,1355247,58594109.41,1.339400
2025-12-16,42.66,43.21,41.71,42.45,1415520,59797046.0,1.399000
2025-12-17,42.46,43.45,41.3,43.18,1361830,57539523.6,1.345900
2025-12-18,42.8,43.6,42.74,43.12,1148500,49751344.0,1.135100
2025-12-19,43.12,46.98,43.12,44.84,2782064,126282569.94,2.749600
2025-12-22,45.26,45.96,44.29,45.03,1988400,89843071.0,1.965200
2025-12-23,45.03,45.5,43.58,43.97,1494050,65837325.5,1.476600
2025-12-24,44.29,45.6,43.99,44.9,1430800,64228924.0,1.414100
2025-12-25,44.84,45.39,44.47,44.92,1083070,48651183.4,1.070400
2025-12-26,44.58,45.19,44.21,44.41,1090860,48701841.6,1.078100
2025-12-29,44.53,46.32,44.05,45.49,2122750,96591189.5,2.097900
2025-12-30,45.04,45.98,44.8,45.05,1194110,54135146.4,1.180200
2025-12-31,45.12,45.59,44.68,44.95,1046000,47048198.0,1.033800
2026-01-05,45.18,47.15,44.89,46.81,2068690,96125973.3,2.044500
2026-01-06,47.0,47.78,45.77,46.46,1728760,80307238.6,1.708600
2026-01-07,46.46,47.77,46.12,47.69,2086530,98494415.4,2.062200
2026-01-08,47.7,52.8,47.2,50.05,4629856,235050557.02,4.575800
2026-01-09,49.9,51.5,49.7,50.84,2420674,122680127.15,2.392400
2026-01-12,50.95,51.41,49.8,50.87,2316200,117227767.7,2.289100
2026-01-13,51.08,51.37,48.96,48.99,2124200,105720769.6,2.099400
2026-01-14,48.99,50.44,48.01,48.73,2125970,104445844.0,2.101100
2026-01-15,48.3,48.67,47.03,47.73,1755306,83573390.98,1.734800
2026-01-16,48.17,49.17,47.1,48.56,2022300,97129337.0,1.998700
2026-01-19,49.64,50.5,46.93,47.26,2662500,127308447.6,2.631400
2026-01-20,47.4,47.96,46.15,46.62,1708050,80103667.8,1.688100
2026-01-21,46.04,46.93,45.86,46.7,905778,42258830.16,0.895200
2026-01-22,47.46,49.42,46.45,46.79,1519100,71790446.0,1.501400
2026-01-23,47.0,47.0,46.31,46.75,1409000,65750591.0,1.392500
2026-01-26,46.43,46.6,44.16,44.42,2110700,94569230.3,2.086000
2026-01-27,44.92,53.3,44.45,53.3,8364195,419922405.0,8.266500
2026-01-28,55.0,56.49,51.4,53.69,12378586,665210525.42,12.234000
2026-01-29,54.96,57.95,53.73,54.36,9517664,531397041.1,9.406500
2026-01-30,53.11,57.58,52.45,56.83,9338602,519771199.34,9.229500
2026-02-02,56.27,56.5,51.7,52.19,8016666,429273088.23,7.923000
2026-02-03,53.24,59.67,53.1,58.43,11461659,652306767.46,11.327700
2026-02-04,56.31,61.6,56.21,57.85,9350124,552442612.02,9.240900
2026-02-05,56.03,57.04,54.0,55.4,5375230,298567849.1,5.312400
2026-02-06,54.48,56.9,53.25,54.4,6756060,371821928.2,6.677100
2026-02-09,54.98,55.88,50.98,53.06,8283129,433856418.25,8.186400
2026-02-10,52.06,52.49,50.05,50.2,6166500,313305136.3,6.094500
2026-02-11,49.79,50.0,48.54,48.85,4047700,198137910.0,4.000400
2026-02-12,50.1,52.5,50.01,50.12,5872890,300570342.0,5.804300
2026-02-13,50.12,50.45,48.7,48.7,3448625,170750757.2,3.408300
2026-02-24,49.2,51.5,48.25,50.66,3840300,192906933.0,3.795400
2026-02-25,50.58,50.98,49.1,49.75,2877980,142529664.6,2.844400
2026-02-26,49.52,50.84,49.18,50.59,3012700,151182902.0,2.977500
2026-02-27,49.9,50.5,49.0,49.31,3129580,154219885.1,3.093000
2026-03-02,48.31,48.89,47.4,47.6,3442300,164997034.0,3.402100
2026-03-03,47.62,47.99,45.03,45.08,3195814,148026235.38,3.158500
2026-03-04,44.31,47.19,44.31,45.23,2761600,126580963.0,2.729300
2026-03-05,46.03,49.25,46.03,48.03,4048320,192745577.2,4.001000
2026-03-06,47.55,49.0,47.55,47.81,2151770,103675905.7,2.126600
2026-03-09,46.6,48.32,46.2,48.17,2769670,130329265.4,2.737300
2026-03-10,48.76,50.0,48.61,49.59,2567700,126879996.3,2.537700
2026-03-11,49.57,50.07,48.43,49.0,2831070,139305171.2,2.798000
2026-03-12,49.0,49.99,48.49,49.27,2302400,113359986.0,2.275500
2026-03-13,49.18,50.28,48.63,48.89,1734750,85210116.5,1.714500
2026-03-16,49.07,50.2,48.06,50.05,2830900,140335969.0,2.797800
2026-03-17,50.2,50.45,47.22,47.58,2805800,136397355.0,2.773000
2026-03-18,48.0,49.16,47.75,49.07,1976100,95816276.0,1.953000
2026-03-19,48.48,48.84,47.08,47.22,1888140,90116176.6,1.866100
2026-03-20,48.11,48.14,45.2,45.45,1929300,89443944.0,1.906800
2026-03-23,44.3,46.0,43.28,43.7,2551930,114284630.1,2.522100
2026-03-24,44.55,47.77,43.97,47.5,2843820,130653653.8,2.810600
2026-03-25,47.58,48.48,46.98,47.44,1802220,85784476.2,1.781200
2026-03-26,47.02,47.78,46.25,46.7,1705300,79899502.0,1.685400
2026-03-27,46.28,47.1,45.7,46.83,1349900,62674852.0,1.334100
2026-03-30,46.18,50.15,46.18,50.15,4770712,232950570.04,4.715000
2026-03-31,49.0,49.0,46.1,46.76,3981090,189424524.9,3.934600
2026-04-01,47.33,47.88,46.31,46.78,1724315,80923608.95,1.704200
2026-04-02,46.6,47.1,45.21,45.45,1590776,73111950.6,1.572200
2026-04-03,45.89,46.12,44.81,44.84,903758,40805318.14,0.893200
2026-04-07,45.21,45.5,44.3,44.66,886900,39783707.0,0.876500
2026-04-08,45.5,47.16,45.31,46.85,1825058,85012778.7,1.803700
2026-04-09,46.51,46.69,45.7,46.2,1491813,68741870.38,1.474400
2026-04-10,46.38,48.66,46.38,47.52,2500500,118712148.46,2.471300
2026-04-13,47.51,47.65,46.61,46.8,1443914,67840093.5,1.427000
2026-04-14,47.01,49.35,46.42,47.86,2857704,136757764.02,2.824300
2026-04-15,47.98,48.56,47.28,47.43,1876500,89875137.0,1.854600
2026-04-16,47.42,54.5,47.24,51.69,6494833,333380785.35,6.418900
2026-04-17,51.33,53.0,50.67,52.08,4101550,213106727.65,4.053600
2026-04-20,52.08,53.66,51.68,52.97,3291074,174123705.3,3.252600
2026-04-21,52.41,52.98,50.65,51.37,2677000,137517508.0,2.645700
2026-04-22,51.68,52.39,50.7,52.1,2193010,113302659.2,2.167400
2026-04-23,52.06,53.1,51.15,52.1,2655540,138301110.3,2.624500
2026-04-24,50.01,51.51,49.01,50.73,2748600,139340624.26,2.716500
2026-04-27,50.73,52.98,50.0,51.54,2263200,117140449.3,2.236800
2026-04-28,51.1,52.65,50.8,51.7,1858670,96171804.6,1.837000
2026-04-29,51.2,54.82,50.7,53.74,4665453,249231498.0,4.610900
2026-04-30,53.84,54.44,52.42,53.76,2905500,154870700.0,2.871600
2026-05-06,53.52,55.49,53.14,54.3,3765190,203561752.1,3.721200
2026-05-07,54.47,55.49,54.02,55.13,3236910,177406105.2,3.199100
2026-05-08,54.51,55.39,54.16,55.29,2346310,128470926.7,2.318900
2026-05-11,55.5,58.0,55.5,57.22,2905138,165567398.08,2.871200
2026-05-12,56.87,59.65,56.2,59.08,3840292,222290939.72,3.795400
2026-05-13,59.09,60.29,57.18,58.3,3556460,208397319.4,3.514900
2026-05-14,58.36,59.5,56.06,56.56,2322108,132448773.54,2.295000
2026-05-15,56.6,61.87,56.6,59.25,4768004,284130741.66,4.712300
2026-05-18,58.39,61.5,58.0,60.58,3113860,187360945.4,3.077500
