date,open,high,low,close,volume,amount,turnover
2020-07-27,10.86826728,11.85850263,10.86826728,11.85850263,55194,1882346.22,0.267500
2020-07-28,13.04331054,13.04331054,13.04331054,13.04331054,12478,468424.12,0.060500
2020-07-29,14.34625179,14.34625179,14.34625179,14.34625179,10210,421570.9,0.049500
2020-07-30,15.78122442,15.78122442,15.78122442,15.78122442,22405,1017635.1,0.108600
2020-07-31,17.35865196,17.35865196,17.35865196,17.35865196,44519,2224169.24,0.215800
2020-08-03,19.09590696,19.09590696,19.09590696,19.09590696,28184,1548992.64,0.136600
2020-08-04,21.00688746,21.00688746,21.00688746,21.00688746,144883,8759626.18,0.702300
2020-08-05,23.10896601,23.10896601,23.10896601,23.10896601,145800,9697158.0,0.706700
2020-08-06,25.41951516,25.41951516,25.41951516,25.41951516,109780,8031504.8,0.532100
2020-08-07,27.96285648,27.96285648,27.16371918,27.96285648,7896623,632135348.57,38.277400
2020-08-10,28.14005649,30.75983703,27.33049566,29.73485658,12643950,1070925690.27,61.289100
2020-08-11,29.6028252,32.70903714,28.81758594,32.70903714,6866852,626066112.28,33.285800
2020-08-12,33.69927249,34.04672349,29.43952323,29.95375071,8386221,743700511.73,40.650600
2020-08-13,30.228237,31.54507629,28.82800947,29.61672324,6022680,525064707.95,29.193800
2020-08-14,30.23171151,32.57700576,30.23171151,32.57700576,7485744,684638467.2,36.285700
2020-08-17,33.7722372,35.83609614,31.8960018,35.83609614,6103306,607062542.58,29.584600
2020-08-18,34.7451,35.440002,32.65344498,33.3205509,4878970,476051694.72,23.649900
2020-08-19,32.83759401,34.4671392,31.44779001,31.75354689,4827691,457919439.12,23.401300
2020-08-20,30.575688,31.95159396,29.90858208,30.575688,3122188,275890471.57,15.134200
2020-08-21,30.80500566,33.6332568,29.56113108,33.02521755,4370867,394495113.46,21.186900
2020-08-24,31.7917665,32.36158614,28.9426683,30.9578841,3357713,301325221.13,16.275900
2020-08-25,30.23171151,31.88557827,30.228237,30.54789192,3170956,282514648.16,15.370600
2020-08-26,30.56873898,30.56873898,28.33462905,28.92182124,3230006,271851928.78,15.656800
2020-08-27,28.23039375,30.4019625,26.62517013,29.37698205,4471125,367557362.93,21.672900
2020-08-28,29.185884,29.70358599,27.6570996,29.48121735,2898524,240340525.78,14.050000
2020-08-31,29.22410361,31.2358449,29.22410361,29.8460409,3297432,288537623.22,15.983700
2020-09-01,29.84951541,30.81195468,29.07122517,29.18935851,1711541,146138373.94,8.296400
2020-09-02,29.20325655,29.44994676,28.00107609,28.75504476,1594272,132089596.24,7.727900
2020-09-03,28.838433,28.838433,27.5528643,27.62930352,1989558,160145149.25,9.644000
2020-09-04,26.87533485,27.37218978,26.26382109,26.61822111,2107066,162046638.79,10.213600
2020-09-07,26.67033876,26.9969427,24.44665236,24.71071512,2017037,149538657.38,9.777200
2020-09-08,25.01994651,26.60084856,24.71071512,25.35697398,2008392,148237094.9,9.735300
2020-09-09,24.669021,24.99215043,23.52590721,23.58497388,2018306,140246355.09,9.783400
2020-09-10,23.81081703,24.27292686,22.35152283,22.7927856,1307021,87861016.01,6.335500
2020-09-11,22.91439345,25.0859622,22.29245616,24.34936608,2495693,170076794.82,12.097400
2020-09-14,24.4258053,24.4605504,23.39387583,23.55022878,2143543,147507763.97,10.390400
2020-09-15,23.57802486,24.45360138,23.41124838,23.75869938,2393448,164389449.57,11.601800
2020-09-16,23.75869938,25.4334132,23.16108366,24.89486415,3044987,213990630.8,14.760000
2020-09-17,24.36326412,25.8850995,24.3563151,25.09986024,2516165,181553771.49,12.196600
2020-09-18,25.1554524,27.12897408,25.1554524,26.09704461,2838934,213283050.25,13.761200
2020-09-21,25.46120928,26.0240799,23.626668,24.14436999,2637256,185951631.5,12.783600
2020-09-22,23.66488761,24.06098175,22.93524051,23.22015033,1952122,132557476.12,9.462500
2020-09-23,23.1402366,24.18606411,22.96998561,23.88030723,1617348,110109409.05,7.839800
2020-09-24,23.45641701,24.0783543,22.931766,23.29311504,1379024,93320049.46,6.684600
2020-09-25,23.626668,23.626668,22.68507579,22.68507579,1273259,84311184.22,6.171900
2020-09-28,22.65727971,22.931766,21.87551496,22.2716091,965823,62481858.96,4.681600
2020-09-29,22.37236989,22.6538052,21.889413,21.9589032,880190,56439030.81,4.266600
2020-09-30,21.93805614,22.22644047,21.65314632,21.85119339,976607,61471129.74,4.733900
2020-10-09,22.36889538,23.25836994,22.1326287,22.1673738,1383404,89898218.91,6.705800
2020-10-12,22.3410993,23.25489543,22.1673738,23.08464444,1980255,130185207.13,9.598900
2020-10-13,23.02557777,24.05055822,22.94913855,23.74827585,2373974,161097143.82,11.507400
2020-10-14,23.45989152,24.0783543,23.45989152,23.86640919,1388163,94785187.76,6.728900
2020-10-15,23.75869938,23.89767978,23.27574249,23.30701308,1062471,71972142.17,5.150100
2020-10-16,23.30701308,23.97064449,22.71287187,23.72742879,1634347,109917939.07,7.922200
2020-10-19,23.80386801,23.99149155,22.94566404,23.01167973,1070448,72035618.44,5.188800
2020-10-20,23.01862875,23.9393739,22.84490325,23.82124056,1068867,72328517.79,5.181100
2020-10-21,23.82818958,24.52309158,23.50853466,24.24513078,1921684,133373605.48,9.315000
2020-10-22,24.09572685,24.31114647,23.45641701,23.54675427,1299173,88948705.31,6.297500
2020-10-23,23.55370329,24.27640137,22.8622758,23.39735034,1821701,124485627.7,8.830300
2020-10-26,22.93524051,23.48073858,22.19864439,23.23752288,1314854,86460824.46,6.373500
2020-10-27,23.23752288,24.0783543,23.08811895,23.3139621,1189381,80611401.23,5.765300
2020-10-28,23.31048759,23.50158564,22.0283934,22.17432282,1475129,95914589.07,7.150400
2020-10-29,21.89288751,23.97064449,21.89288751,23.97064449,2385471,160759173.85,11.563100
2020-10-30,23.97759351,24.16869156,22.76498952,22.8970209,1463767,98737454.41,7.095300
2020-11-02,22.93524051,23.2097268,21.32306787,21.89636202,1453634,92401207.67,7.046200
2020-11-03,22.11873066,22.5148248,21.84771888,22.2021189,888337,56703450.55,4.306000
2020-11-04,22.24381302,22.4105895,21.35086395,21.36476199,1180395,73904073.14,5.721700
2020-11-05,21.52111494,21.85119339,21.3334914,21.81297378,1545694,95827353.74,7.492500
2020-11-06,21.71916201,21.94153065,21.3334914,21.6809424,1112188,69262871.5,5.391100
2020-11-09,21.8199228,22.34457381,21.7156875,22.1673738,1667678,105863071.91,8.083800
2020-11-10,22.6885503,22.77541305,22.00059732,22.20906792,1704169,109773951.01,8.260600
2020-11-11,22.07356203,22.3410993,21.2987463,21.36128748,1417086,88370388.77,6.869100
2020-11-12,21.42035415,21.46552278,20.52740508,20.84358549,1351514,81143170.37,6.551200
2020-11-13,20.76019725,20.77062078,20.24944428,20.72892666,1006526,59324414.22,4.878900
2020-11-16,20.8123149,21.10764825,20.60731881,20.82621294,807673,48445973.36,3.915000
2020-11-17,20.83663647,21.63577377,20.5343541,21.10069923,1285479,77902671.57,6.231100
2020-11-18,20.82968745,21.14934237,20.6385894,20.97909138,788573,47442675.26,3.822500
2020-11-19,20.84706,21.4029816,20.72892666,21.25010316,1021163,62235217.54,4.949900
2020-11-20,21.25010316,21.34738944,20.72197764,20.89917765,1120000,67619922.11,5.429000
2020-11-23,20.72892666,21.0207855,20.44749135,21.00341295,931421,55422459.1,4.514900
2020-11-24,20.90960118,21.10764825,20.6733345,20.84706,599500,35980862.24,2.906000
2020-11-25,20.84706,20.84706,20.03055015,20.84011098,1087319,63878686.9,5.270600
2020-11-26,20.52740508,21.00688746,20.52740508,20.76714627,755125,45237963.69,3.660300
2020-11-27,20.71155411,20.8123149,20.22859722,20.35367958,656287,38526253.45,3.181200
2020-11-30,20.33283252,21.7156875,20.152158,21.2640012,1580467,95344499.11,7.661000
2020-12-01,21.01036197,21.46204827,20.97909138,21.27442473,1097261,67127562.87,5.318800
2020-12-02,21.27442473,21.77127966,21.12849531,21.59407965,1383239,85884130.8,6.705000
2020-12-03,21.43425219,21.46552278,21.0902757,21.12154629,983545,60003913.24,4.767500
2020-12-04,21.4724718,25.34655045,21.4724718,25.34655045,4659171,312301442.73,22.584400
2020-12-07,25.363923,26.22907599,23.6614131,23.97064449,5066255,358874252.25,24.557700
2020-12-08,23.45641701,25.1901975,23.2097268,24.22428372,4103966,286177675.4,19.893200
2020-12-09,24.07487979,25.48553085,23.53633074,24.4258053,3935212,278626813.72,19.075200
2020-12-10,23.97064449,24.669021,23.1054915,23.26531896,3190582,217559951.22,15.465700
2020-12-11,23.39387583,24.8774916,22.96998561,24.13742097,3446358,236125286.3,16.705600
2020-12-14,23.98454253,26.60779758,23.51200917,25.77044067,5374246,397285981.19,26.050600
2020-12-15,25.74264459,25.76349165,24.669021,25.54112301,3299113,239136786.24,15.991800
2020-12-16,25.11028377,27.0316878,24.75935826,26.50703679,4125723,309755943.38,19.998700
2020-12-17,26.9621976,28.490982,25.363923,25.4334132,4806490,373718630.89,23.298500
2020-12-18,24.66554649,25.363923,23.80386801,24.33546804,3381229,238632432.77,16.389900
2020-12-21,24.01233861,24.86011905,24.00191508,24.83579748,2259293,158913878.6,10.951500
2020-12-22,24.8427465,25.49247987,24.1478445,24.47444844,2473321,176937741.36,11.989000
2020-12-23,24.8080014,24.8080014,23.22015033,23.8698837,2557953,176109568.81,12.399200
2020-12-24,23.75175036,23.75175036,21.51416592,21.70526397,2412724,155993900.55,11.695200
2020-12-25,21.33001689,21.73653456,20.85053451,21.15281688,1662999,101754678.63,8.061100
2020-12-28,21.15629139,21.63229926,20.499609,20.62121685,1498924,91239231.01,7.265700
2020-12-29,20.3606286,20.61426783,19.6309815,20.499609,1567524,90570402.41,7.598300
2020-12-30,20.152158,20.74977372,20.152158,20.60731881,1095726,64613303.38,5.311300
2020-12-31,20.49613449,21.40993062,20.3606286,21.04510707,1170748,70623845.63,5.675000
2021-01-04,21.05205609,21.47942082,20.78451882,21.39255807,1314545,80110479.58,6.372000
2021-01-05,21.4029816,24.22080921,21.18408747,23.51895819,2521385,166518914.19,12.221900
2021-01-06,23.2444719,23.4876876,22.5148248,23.4529425,1721277,113748935.59,8.343600
2021-01-07,23.10201699,24.16869156,22.78583658,24.1478445,1927319,130804738.86,9.342300
2021-01-08,23.80734252,23.974119,22.94218953,23.4876876,1402829,94830543.08,6.799900
2021-01-11,23.28269151,23.54327976,22.3758444,23.4876876,1286842,84918131.62,6.237700
2021-01-12,22.931766,24.58910727,22.931766,24.03318567,2023175,139327109.65,9.807000
2021-01-13,23.86640919,24.1478445,22.76151501,23.60929545,1314524,88171162.53,6.371900
2021-01-14,23.18887974,23.71353075,22.78236207,22.85185227,904358,60414268.76,4.383700
2021-01-15,22.584315,22.89007188,21.194511,22.85532678,1275253,81048028.71,6.181500
2021-01-18,22.77541305,23.20277778,22.62253461,22.86922482,722791,47568248.7,3.503600
2021-01-19,22.78931109,22.99778169,21.3682365,21.52458945,1004004,63972255.8,4.866700
2021-01-20,21.52458945,21.76780515,21.24315414,21.56628357,567051,35155023.92,2.748700
2021-01-21,21.56628357,22.22991498,21.47942082,21.7156875,694600,43610606.0,3.366900
2021-01-22,21.7156875,21.96237771,20.78799333,21.541962,1059033,64504878.75,5.133500
2021-01-25,21.23273061,21.4029816,20.82621294,20.86095804,696857,42129572.3,3.377900
2021-01-26,20.8818051,21.889413,20.8818051,21.34044042,741470,46098344.48,3.594100
2021-01-27,21.34044042,21.35086395,20.42664429,20.68723254,674477,40190971.61,3.269400
2021-01-28,20.48223645,21.0207855,20.14520898,20.1869031,502345,29671001.35,2.435000
2021-01-29,20.19732663,20.49613449,19.77691092,20.0479227,438573,25366164.8,2.125900
2021-02-01,20.0479227,20.76367176,19.81513053,20.4301188,482073,28311764.05,2.336800
2021-02-02,20.4648639,21.04163256,20.22512271,20.499609,917000,54352471.0,4.445000
2021-02-03,20.50308351,20.78451882,20.50308351,20.56215018,567000,33629229.0,2.748400
2021-02-04,20.5343541,21.74695809,20.4301188,21.47942082,1145251,69978608.41,5.551400
2021-02-05,21.541962,21.7156875,20.08614231,20.08614231,1164000,70017987.59,5.642300
2021-02-08,20.10351486,20.63511489,20.10351486,20.28418938,1075524,62937582.83,5.213400
2021-02-09,20.19385212,21.66704436,20.19385212,21.14934237,1170172,71180487.32,5.672200
2021-02-10,21.1250208,21.52458945,20.21469918,20.28418938,1053366,62594967.23,5.106000
2021-02-18,20.38842468,20.62469136,20.16258153,20.32240899,605033,35447227.92,2.932800
2021-02-19,20.35367958,20.67680901,19.73869131,20.63164038,726851,42417549.7,3.523300
2021-02-22,20.73240117,21.01731099,20.41969527,20.9512953,1043273,62310170.77,5.057100
2021-02-23,20.91307569,20.9165502,19.78038543,19.93326387,1214772,70431211.23,5.888400
2021-02-24,19.93326387,20.03402466,19.16539716,19.17582069,1174643,65585768.19,5.693900
2021-02-25,19.18624422,19.3877658,18.96387558,19.2140403,594400,32724724.0,2.881200
2021-02-26,19.1792952,19.1792952,18.60252654,18.60600105,598173,32268950.4,2.899500
2021-03-01,18.45312261,18.82836969,18.45312261,18.82836969,432951,23218548.82,2.098600
2021-03-02,18.82489518,18.88743636,18.6233736,18.75540498,341819,18406654.33,1.656900
2021-03-03,18.82836969,19.1445501,18.72413439,19.01599323,361500,19763255.0,1.752300
2021-03-04,19.04378931,19.04378931,18.6233736,18.64074615,348500,18817894.0,1.689300
2021-03-05,18.5191383,18.82142067,18.36625986,18.70328733,311500,16750286.92,1.509900
2021-03-08,18.75540498,19.02294225,18.60600105,18.64769517,385000,20832145.0,1.866200
2021-03-09,18.64769517,18.64769517,17.81381277,17.95974219,462102,24108971.91,2.240000
2021-03-10,18.06050298,18.15084024,17.87287944,17.97364023,253851,13136258.8,1.230500
2021-03-11,17.95279317,18.50524026,17.93194611,18.43227555,399270,20998187.0,1.935400
2021-03-12,18.51566379,18.51566379,18.05007945,18.41142849,320702,16816466.26,1.554500
2021-03-15,18.38363241,19.1792952,18.16821279,18.75540498,637397,34607327.28,3.089700
2021-03-16,18.67201674,19.44335796,18.42532653,19.19319324,743694,40736578.42,3.604900
2021-03-17,19.07158539,19.62055797,18.94650303,19.30090305,512700,28471697.0,2.485200
2021-03-18,19.41208737,19.61360895,19.02294225,19.02641676,460646,25485908.12,2.232900
2021-03-19,18.95692656,19.40513835,18.76582851,19.09590696,316919,17481186.36,1.536200
2021-03-22,19.46073051,19.75258935,19.14802461,19.65877758,660997,37174972.37,3.204100
2021-03-23,19.75258935,19.75258935,18.93955401,19.1792952,410797,22805903.26,1.991300
2021-03-24,19.15149912,19.39471482,18.98124813,19.08895794,705671,38898515.74,3.420600
2021-03-25,19.08895794,19.68657366,18.85964028,18.89438538,532806,29483880.28,2.582700
2021-03-26,18.8665893,19.17234618,18.5538834,19.14107559,438145,23817760.45,2.123800
2021-03-29,19.20709128,19.21056579,18.79015008,18.81447165,352200,19233381.0,1.707200
2021-03-30,18.69981282,19.08895794,17.72347551,18.18558534,730400,38797805.0,3.540500
2021-03-31,18.14041671,18.31761672,17.99101278,18.11956965,232466,12152746.17,1.126800
2021-04-01,18.15778926,18.414903,18.10567161,18.25855005,195200,10263137.0,0.946200
2021-04-02,18.2411775,18.5538834,18.16821279,18.50176575,227112,12007864.02,1.100900
2021-04-06,18.40795398,18.8318442,18.40795398,18.6581187,202124,10844440.91,0.979800
2021-04-07,18.73455792,18.82489518,18.42880104,18.6233736,270456,14507657.68,1.311000
2021-04-08,18.60252654,19.08895794,18.60252654,18.8665893,400416,21796218.18,1.940900
2021-04-09,18.8665893,18.8665893,18.414903,18.64074615,249003,13338605.07,1.207000
2021-04-12,18.53651085,18.66506772,18.11262063,18.19600887,326848,17234578.63,1.584300
2021-04-13,18.19948338,18.37320888,18.12304416,18.32456574,187042,9828960.81,0.906700
2021-04-14,18.40795398,18.81447165,18.14736573,18.71023635,308939,16524095.38,1.497500
2021-04-15,18.74498145,19.3877658,18.7276089,18.80404812,451409,24639032.71,2.188100
2021-04-16,18.48786771,19.3530207,18.48786771,19.25573442,577321,31805193.89,2.798500
2021-04-19,19.2140403,19.30090305,19.01251872,19.18971873,516103,28470423.3,2.501700
2021-04-20,18.99514617,20.14868349,18.99514617,19.71784425,810745,45990916.05,3.929900
2021-04-21,19.72131876,19.72131876,18.9708246,19.18971873,736004,40827672.1,3.567600
2021-04-22,19.109805,20.83663647,19.0750599,20.77409529,2086497,122411110.27,10.113900
2021-04-23,21.19103649,21.19103649,19.8741972,20.0479227,2241325,130438130.27,10.864400
2021-04-26,20.0479227,20.499609,19.97148348,19.98538152,1477379,85628407.7,7.161300
2021-04-27,19.90199328,19.90199328,19.2835305,19.36344423,869578,48825958.72,4.215100
2021-04-28,19.19666775,19.3530207,18.46702065,18.97429911,924500,50337283.0,4.481300
2021-04-29,18.83531871,19.10285598,18.36278535,18.42185202,942281,50648981.46,4.567500
2021-04-30,18.42185202,19.96453446,18.42185202,19.85335014,1644193,92172157.94,7.969900
2021-05-06,19.58233836,20.21817369,19.3182756,19.457256,1206005,68322476.32,5.845900
2021-05-07,19.5614913,19.5614913,18.5538834,19.19666775,965882,52617089.32,4.681900
2021-05-10,19.2140403,20.81926392,18.7970991,20.499609,1498678,85843860.99,7.264600
2021-05-11,20.152158,20.66638548,20.06876976,20.6385894,956249,56068464.16,4.635200
2021-05-12,20.50308351,20.63511489,20.22859722,20.40579723,530797,31204981.19,2.572900
2021-05-13,20.2911384,20.2911384,19.76301288,19.78733445,631397,36359542.24,3.060600
2021-05-14,19.79080896,21.541962,19.77343641,21.18061296,1795900,108117736.0,8.705300
2021-05-17,21.194511,22.4800797,21.12849531,21.89288751,1933743,120685619.11,9.373500
2021-05-18,21.76780515,22.584315,21.67399338,22.58084049,1969217,125933638.11,9.545400
2021-05-19,22.40016597,22.6190601,21.96237771,22.584315,987000,63520712.0,4.784300
2021-05-20,22.3410993,24.28335039,22.33415028,23.84556213,2017951,136247176.77,9.781600
2021-05-21,23.84903664,23.85251115,22.94913855,23.55370329,1437305,96709114.92,6.967100
2021-05-24,23.36955426,24.59258178,23.3487072,24.17564058,1411487,98047285.94,6.841900
2021-05-25,24.02971116,24.53698962,23.16108366,23.82818958,1631918,111535155.12,7.910400
2021-05-26,23.7656484,23.7656484,22.95956208,23.07422091,1271232,85109531.1,6.162100
2021-05-27,23.4181974,24.20343666,23.00820522,23.7656484,1072170,73109980.79,5.197100
2021-05-28,23.626668,23.69268369,23.21320131,23.45641701,733151,49453115.4,3.553800
2021-05-31,23.8351386,24.80105238,23.30006406,24.79757787,1454365,101412850.14,7.049800
2021-06-01,24.67249551,25.6071387,24.43622883,25.363923,1206300,87612938.0,5.847300
2021-06-02,25.0512171,26.06577402,25.0512171,25.18324848,905257,66223988.52,4.388100
2021-06-03,25.30138182,26.47229169,25.03037004,26.4410211,1657951,124141384.92,8.036600
2021-06-04,26.21517795,26.64601719,25.52375046,26.0240799,1470261,109437325.6,7.126800
2021-06-07,25.9198446,26.05187598,24.9817269,25.56891909,1089278,79593399.62,5.280100
2021-06-08,25.56891909,26.3020407,25.24231515,25.69400145,1020532,76003829.72,4.946800
2021-06-09,25.69400145,25.8850995,25.22841711,25.45773477,536324,39284581.42,2.599700
2021-06-10,25.29790731,25.69747596,24.45707589,24.5300406,1247919,89305542.56,6.049000
2021-06-11,24.57868374,25.05816612,24.27640137,24.62385237,821768,58466091.54,3.983400
2021-06-15,24.66207198,24.9469818,24.40843275,24.66207198,550475,39095460.28,2.668300
2021-06-16,24.67249551,24.67249551,23.26531896,23.47031505,1022160,69816635.2,4.954700
2021-06-17,23.3139621,23.85946017,23.1054915,23.24794641,584873,39384443.16,2.835100
2021-06-18,23.2444719,23.74827585,23.1054915,23.5571778,452908,30597016.4,2.195400
2021-06-21,23.4181974,24.13394646,22.584315,24.0088641,945545,63549460.95,4.583300
2021-06-22,24.0088641,24.35284059,23.55370329,23.7309033,643351,44209250.88,3.118500
2021-06-23,23.6961582,23.6961582,23.2097268,23.30006406,546300,36665979.0,2.648100
2021-06-24,23.1402366,24.14089548,23.12981307,23.68920918,610573,41457047.78,2.959600
2021-06-25,24.3563151,25.18672299,23.39387583,25.0512171,1435673,100999114.22,6.959200
2021-06-28,25.1901975,26.27424462,24.8774916,26.06924853,1530583,112934154.07,7.419200
2021-06-29,26.21517795,26.55915444,25.90594656,26.3020407,1325624,100397065.58,6.425700
2021-06-30,26.29509168,26.75025249,25.90942107,26.46534267,927746,70136448.97,4.497100
2021-07-01,26.50703679,26.50703679,25.40561712,25.9198446,899573,67480917.9,4.360500
2021-07-02,25.45710272,25.7994044,23.9928122,24.9753448,1759190,68476996.31,4.737400
2021-07-05,24.87392208,25.1021232,23.8660338,24.34779172,1483720,56813309.11,3.995600
2021-07-06,24.32877496,24.89293884,23.80898352,24.2780636,1262460,48437002.41,3.399700
2021-07-07,24.10691276,24.83588856,24.10691276,24.67107664,915799,35509370.21,2.466200
2021-07-08,24.74080476,25.08310644,23.74559432,23.88505056,1256371,47605425.55,3.383300
2021-07-09,23.88505056,24.0562014,23.36525912,23.93576192,796320,29821039.4,2.144400
2021-07-12,23.93576192,23.93576192,22.77573956,22.83912876,1916566,69975813.14,5.161200
2021-07-13,22.83912876,23.8343392,22.83912876,23.3906148,1239729,45532788.84,3.338500
2021-07-14,23.3272256,23.3272256,22.57289412,22.95322932,874871,31603617.49,2.356000
2021-07-15,22.7884174,22.81377308,21.62205612,21.97703564,1179771,41044529.43,3.177100
2021-07-16,21.869274,22.35103192,21.710801,21.91998536,625923,21830039.4,1.685600
2021-07-19,21.91998536,21.9643578,21.1402982,21.2987712,863980,29113002.6,2.326700
2021-07-20,20.93111384,21.4255496,20.68389596,21.12762036,445186,14822343.9,1.198900
2021-07-21,21.12762036,21.8058848,20.92477492,21.1086036,879715,29650495.5,2.369000
2021-07-22,21.2036874,21.24172092,20.11973208,20.35427212,1129651,36364848.14,3.042100
2021-07-23,20.35427212,20.39230564,19.54289036,19.61261848,800410,24986328.6,2.155500
2021-07-26,19.63163524,19.84715852,19.15621624,19.59994064,648980,20039991.21,1.747700
2021-07-27,19.967598,22.5665552,19.54289036,21.2670766,2099091,69530251.88,3.953500
2021-07-28,20.27186616,22.5665552,19.34638384,22.5665552,2526525,85568902.66,4.758500
2021-07-29,22.6299444,22.66797792,21.869274,22.06578052,1383746,48375543.12,2.606200
2021-07-30,22.3129984,22.50950492,21.5840226,21.9009686,862849,29953819.95,1.625100
2021-08-02,21.69812316,21.9643578,21.19100956,21.66008964,1115177,37838316.7,2.100400
2021-08-03,22.0594416,23.137058,21.869274,22.23693136,1304677,46378023.0,2.457300
2021-08-04,22.19255892,22.66797792,21.8058848,21.97069672,889446,30921187.08,1.675200
2021-08-05,21.62205612,23.92308408,21.62205612,23.5173932,1896573,68679128.43,3.572100
2021-08-06,23.0102796,24.65205988,22.9468904,24.43019768,2363191,89356060.43,4.450900
2021-08-09,24.83588856,24.83588856,23.08000772,23.39695372,2165780,80554511.0,4.079100
2021-08-10,23.137058,23.20678612,22.2496092,22.45879356,1581740,56520965.6,2.979100
2021-08-11,22.4397768,22.7567228,21.90730752,22.55387736,1253340,44095183.6,2.360600
2021-08-12,22.503166,22.63628332,21.9009686,22.1545254,868920,30407135.8,1.636600
2021-08-13,22.1228308,22.47781032,21.869274,22.17988108,532003,18637832.75,1.002000
2021-08-16,22.08479728,22.38906544,21.91364644,21.9326632,1019760,35394241.6,1.920700
2021-08-17,21.91364644,22.52852168,21.82490156,21.95801888,795980,27732361.2,1.499200
2021-08-18,21.869274,21.9009686,20.3479332,21.05789224,1115820,37194739.8,2.101600
2021-08-19,20.96914736,21.33680472,20.8233522,20.8550468,1246802,41164468.8,2.348300
2021-08-20,21.1402982,21.86293508,20.58881216,21.22904308,910220,30643237.2,1.714300
2021-08-23,21.05155332,21.6791064,21.05155332,21.34948256,608740,20510852.2,1.146500
2021-08-24,21.35582148,22.4080822,21.35582148,22.3129984,1108700,38651794.4,2.088200
2021-08-25,22.3129984,22.3129984,21.8375794,22.03408592,639660,22243404.0,1.204800
2021-08-26,22.027747,22.42076004,21.72981776,22.38272652,654720,22785279.6,1.233100
2021-08-27,22.3129984,22.66797792,21.78052912,21.81222372,600280,20960756.2,1.130600
2021-08-30,21.72347884,22.14818648,21.12128144,21.19100956,691373,23263872.32,1.302200
2021-08-31,21.41921068,21.46358312,20.95646952,21.0452144,497364,16622522.32,0.936800
2021-09-01,21.07057008,21.16565388,20.05000396,20.43033916,982161,31503994.65,1.849800
2021-09-02,20.84236896,20.84236896,20.0943764,20.2528494,526963,16815875.07,0.992500
2021-09-03,20.3162386,20.75362408,20.284544,20.56345648,462960,14979199.0,0.872000
2021-09-06,20.60149,21.235382,20.37328888,21.1086036,577672,19089775.06,1.088000
2021-09-07,21.0452144,21.7741902,20.96914736,21.552328,806912,27393327.35,1.519800
2021-09-08,21.4255496,21.71713992,21.0452144,21.15931496,469020,15751277.0,0.883400
2021-09-09,21.22904308,21.393855,20.41766132,20.443017,695660,22609855.8,1.310200
2021-09-10,20.64586244,20.7282684,20.30356076,20.443017,423692,13658398.48,0.798000
2021-09-13,20.48738944,20.64586244,20.20847696,20.3162386,484800,15511443.8,0.913100
2021-09-14,20.32891644,20.39864456,19.967598,20.07535964,451472,14399667.44,0.850300
2021-09-15,20.10071532,20.10071532,18.5730356,18.74418644,1636040,49484127.8,3.081400
2021-09-16,18.74418644,19.00408216,17.69826464,17.97717712,2752332,79018409.35,5.183800
2021-09-17,18.0342274,18.0976166,16.6713596,16.8615272,3222571,86294908.34,6.069500
2021-09-22,16.8298326,17.47640244,16.58895364,17.1784732,1573420,42503185.4,2.963400
2021-09-23,17.29891268,17.34962404,17.06437264,17.19748996,762860,20662287.2,1.436800
2021-09-24,17.25454024,18.53500208,16.96928884,17.70460356,2033232,56994808.4,3.829500
2021-09-27,17.4003354,18.5730356,17.35596296,18.3194788,2039867,58212241.94,3.842000
2021-09-28,18.13565012,18.17368364,17.4954192,17.53979164,1116376,31115207.0,2.102600
2021-09-29,17.54613056,17.54613056,16.5445812,16.56359796,1429240,38229320.28,2.691900
2021-09-30,16.72840988,17.7172814,16.56993688,17.590503,1305980,35680263.28,2.459700
2021-10-08,17.58416408,17.85039872,17.35596296,17.73629816,768240,21441940.8,1.446900
2021-10-11,17.7806706,18.17368364,17.4954192,17.59684192,847191,23791478.92,1.595600
2021-10-12,17.70460356,17.7806706,17.18481212,17.43203,818447,22491552.18,1.541500
2021-10-13,17.48274136,18.18002256,17.21650672,17.59684192,1368460,38259062.0,2.577400
2021-10-14,17.59684192,17.59684192,17.0516948,17.18481212,1200400,32591250.6,2.260900
2021-10-15,17.18481212,17.86307656,17.06437264,17.34962404,1255556,34680034.65,2.364800
2021-10-18,17.34328512,17.34328512,16.64600392,16.798138,969096,25715164.6,1.825200
2021-10-19,16.79179908,16.91223856,16.6079704,16.65234284,1250656,33011876.36,2.355500
2021-10-20,16.77278232,16.77278232,16.164246,16.3544136,1013960,26214996.28,1.909700
2021-10-21,16.34807468,16.6713596,16.1325514,16.65868176,987320,25667763.6,1.859600
2021-10-22,16.68403744,17.31159052,16.48753092,16.798138,1015860,27033711.2,1.913300
2021-10-25,16.79179908,16.8932218,16.50654768,16.639665,551463,14460346.61,1.038600
2021-10-26,16.639665,16.77278232,16.1008568,16.6713596,1870430,48406572.62,3.522800
2021-10-27,16.6713596,16.77912124,16.3544136,16.3861082,623988,16221049.76,1.175200
2021-10-28,16.6713596,18.02154956,16.481192,17.907449,3844991,106887931.6,7.241800
2021-10-29,17.82504304,19.01676,17.62853652,18.78221996,3749855,109970710.29,7.062600
2021-11-01,18.77588104,19.15621624,18.24975068,18.85194808,2164272,63933033.05,4.076300
2021-11-02,18.91533728,19.51119576,18.29412312,18.5730356,2293372,68096938.6,4.319400
2021-11-03,18.61106912,19.08648812,18.382868,19.00408216,1513180,44853387.0,2.850000
2021-11-04,18.93435404,19.2069276,18.59205236,19.07381028,1479258,44322314.52,2.786100
2021-11-05,18.8899816,19.333706,18.51598532,18.61106912,1194815,35416654.07,2.250400
2021-11-08,18.6681194,18.7632032,18.2560896,18.4462572,904640,26405318.2,1.703800
2021-11-09,18.63008588,18.85194808,18.10395552,18.3194788,1096840,31853098.6,2.065800
2021-11-10,18.6681194,18.68079724,17.8757544,18.16734472,787823,22499507.73,1.483800
2021-11-11,17.9391436,18.68713616,17.9391436,18.5730356,978160,28393610.2,1.842300
2021-11-12,18.56035776,18.56035776,17.95182144,18.2560896,1337820,38324941.2,2.519700
2021-11-15,18.382868,19.06113244,18.1293112,18.6364248,1784100,52606399.4,3.360200
2021-11-16,18.62374696,18.80123672,18.1293112,18.38920692,1376640,39900968.2,2.592800
2021-11-17,18.2560896,18.382868,17.79968736,18.065922,1546811,43860265.52,2.913300
2021-11-18,17.97717712,18.2560896,17.6855868,17.6855868,1453720,41199654.4,2.738000
2021-11-19,17.60318084,19.84715852,17.60318084,19.64431308,4097090,121945985.6,7.716600
2021-11-22,19.8408196,20.1577656,19.22594436,19.5872628,4085452,126155638.8,7.694700
2021-11-23,19.56190712,19.5872628,18.91533728,19.0484546,2799180,84180028.0,5.272100
2021-11-24,19.08648812,19.47950116,18.858287,19.42245088,2558219,77362546.38,4.818200
2021-11-25,19.31468924,19.3970952,18.90899836,19.11818272,1733520,52254715.2,3.265000
2021-11-26,19.11818272,19.492179,18.92801512,19.27665572,1549820,46973662.12,2.919000
2021-11-29,19.02309892,19.333706,18.94069296,19.03577676,1214183,36531724.67,2.286800
2021-11-30,19.15621624,19.53655144,19.03577676,19.1435384,1870520,56752983.0,3.523000
2021-12-01,19.175233,19.32736708,18.9533708,19.25130004,1414763,42801862.15,2.664600
2021-12-02,19.25130004,19.92322556,19.11818272,19.77109148,3096540,95785646.4,5.832100
2021-12-03,19.77109148,19.84715852,18.97238756,19.16889408,2498780,76255527.49,4.706300
2021-12-06,19.00408216,19.15621624,18.73784752,18.75686428,1235340,36703947.8,2.326700
2021-12-07,18.75686428,18.94069296,18.065922,18.1610058,1569238,45461406.4,2.955600
2021-12-08,18.1610058,18.8265924,18.12297228,18.45259612,1406940,41107920.46,2.649900
2021-12-09,18.32581772,20.38596672,18.3194788,19.75207472,4825130,150169777.24,9.087800
2021-12-10,19.59994064,19.87885312,19.4604844,19.69502444,2107910,65443946.8,3.970100
2021-12-13,19.7140412,19.9042088,19.2386222,19.37173952,1820240,55828380.2,3.428300
2021-12-14,19.32102816,19.50485684,19.14987732,19.21960544,1221260,37194132.2,2.300200
2021-12-15,19.21960544,19.63163524,19.08648812,19.37173952,1558414,47504190.49,2.935200
2021-12-16,19.24496112,19.4604844,18.8265924,19.01676,1586220,47468310.8,2.987500
2021-12-17,19.00408216,19.26397788,18.699814,19.04211568,1163661,34845308.46,2.191700
2021-12-20,18.94069296,19.69502444,18.858287,19.0801492,1763281,53807640.7,3.321000
2021-12-21,19.10550488,19.7140412,19.01042108,19.3970952,1516738,46495144.76,2.856700
2021-12-22,19.5872628,19.5872628,18.95970972,19.00408216,1504931,45602138.76,2.834400
2021-12-23,18.93435404,19.01676,18.6681194,18.8265924,1158820,34336046.8,2.182600
2021-12-24,18.8899816,20.27820508,18.81391456,20.24017156,5497477,172182140.72,10.354100
2021-12-27,20.20213804,22.65530008,19.7774304,22.08479728,7288435,242250450.33,13.727300
2021-12-28,21.81856264,22.41442112,21.3304658,21.94534104,3863800,133273258.2,7.277200
2021-12-29,21.94534104,21.94534104,21.08324792,21.14663712,3240080,109801974.2,6.102500
2021-12-30,21.24805984,21.27341552,20.78531868,21.1086036,1834592,60813842.92,3.455300
2021-12-31,21.12128144,21.25439876,20.80433544,21.0452144,1923800,63777422.4,3.623400
2022-01-04,21.08958684,21.53331124,20.759963,21.52697232,2488324,83175150.32,4.686600
2022-01-05,21.41921068,24.32877496,20.8550468,23.88505056,7865399,286162711.73,14.814000
2022-01-06,24.34779172,28.66459624,24.087896,28.66459624,10125675,437567291.14,19.071100
2022-01-07,30.19227596,31.37131508,26.55373588,26.69319212,19710696,905969540.3,37.123800
2022-01-10,25.41273028,27.6376912,25.1655124,25.36835784,12866933,529738737.83,24.234100
2022-01-11,25.52049192,25.8627936,23.8977284,24.22101332,11904955,466767934.56,22.422200
2022-01-12,23.77095,25.41273028,23.06099096,25.20354592,10684083,411836283.07,20.122800
2022-01-13,24.60134852,25.05775076,24.06254032,24.6900934,7488186,289687836.27,14.103500
2022-01-14,24.4682312,26.55373588,24.26538576,26.2114342,9606155,387876145.59,18.092600
2022-01-17,26.6551586,26.8453262,23.7075608,24.41118092,8640221,337299565.8,16.273300
2022-01-18,23.91674516,24.246369,22.61726656,22.7884174,7315946,267695172.88,13.779100
2022-01-19,22.80109524,23.41597048,22.36370976,23.20678612,3889912,141454358.0,7.326400
2022-01-20,22.98492392,23.3272256,22.38272652,22.4714714,3155121,113214209.07,5.942500
2022-01-21,22.4080822,23.1053634,21.79954588,22.00873024,3168891,111994896.69,5.968400
2022-01-24,21.81222372,22.28764272,21.552328,22.00873024,2214617,76324823.64,4.171100
2022-01-25,22.03408592,22.17988108,20.65854028,20.6648792,3151632,104973823.2,5.935900
2022-01-26,20.83603004,21.19100956,20.49372836,20.65854028,1629128,53396224.96,3.068400
2022-01-27,20.8233522,20.90575816,19.7774304,19.87885312,2191472,69917037.12,4.127500
2022-01-28,19.97393692,20.35427212,19.53021252,19.66332984,1916124,60520415.76,3.608900
2022-02-07,20.2211548,20.2211548,19.6823466,20.05634288,1549103,48826207.58,2.917600
2022-02-08,20.0309872,20.39230564,19.72671904,20.37328888,1449881,46041482.75,2.730800
2022-02-09,20.46203376,20.46203376,19.7774304,20.15142668,2107080,66850252.8,3.968600
2022-02-10,20.1577656,20.3479332,19.5238736,19.66966876,2325760,72729709.0,4.380400
2022-02-11,19.53655144,19.60627956,18.8899816,18.89632052,2362180,71392338.8,4.449000
2022-02-14,18.61740804,19.40343412,18.5730356,18.95970972,1700520,51248414.6,3.202800
2022-02-15,19.13086056,19.13086056,18.56035776,18.70615292,1717728,50855330.48,3.235200
2022-02-16,18.8265924,19.30835032,18.71249184,19.10550488,1803572,54206483.56,3.396900
2022-02-17,19.09916596,19.2703168,18.73784752,18.88364268,1718047,51470882.76,3.235800
2022-02-18,18.69347508,19.10550488,18.6047302,18.90265944,1137000,33788244.8,2.141500
2022-02-21,18.89632052,19.0484546,18.73784752,19.01676,1162080,34685772.06,2.188700
2022-02-22,18.83293132,18.93435404,18.16734472,18.2560896,1979331,57368877.57,3.727900
2022-02-23,18.33849556,19.02309892,18.26242852,18.95970972,1992920,59137710.42,3.753500
2022-02-24,18.90899836,19.7457358,18.76954212,19.02943784,3200411,97085459.94,6.027800
2022-02-25,18.9850654,19.57458496,18.64276372,18.81391456,2073891,62195263.66,3.906000
2022-02-28,18.81391456,19.3020114,18.33849556,19.0801492,1624748,48393219.0,3.060100
2022-03-01,19.01676,19.57458496,18.77588104,19.45414548,1476020,45075375.0,2.780000
2022-03-02,19.44146764,21.29243228,19.01676,20.70925164,4399126,140935300.0,8.285500
2022-03-03,20.5064062,20.6648792,19.85983636,20.0626818,2912318,92674520.0,5.485200
2022-03-04,20.05000396,20.4747116,19.85983636,20.22749372,1991829,63510557.0,3.751500
2022-03-07,20.284544,20.43033916,19.3970952,19.70136336,1798051,55970722.0,3.386500
2022-03-08,19.54289036,19.57458496,18.61106912,18.6364248,1605700,48063347.0,3.024200
2022-03-09,18.68713616,19.0801492,17.8123652,19.03577676,1723940,50848216.0,3.246900
2022-03-10,19.3020114,19.6823466,19.07381028,19.19424976,1363564,41565889.0,2.568200
2022-03-11,18.86462592,20.06902072,18.8265924,20.04366504,2911860,90734317.0,5.484300
2022-03-14,20.01830936,20.1577656,19.38441736,19.40977304,1970560,61393310.0,3.711400
2022-03-15,19.37173952,19.48584008,18.13565012,18.13565012,2121800,62835481.0,3.996300
2022-03-16,18.5096464,18.59205236,17.37497972,18.4145626,2184341,62358248.0,4.114100
2022-03-17,18.5730356,19.35906168,18.43357936,18.71883076,2119361,63408037.0,3.991700
2022-03-18,18.55401884,19.27665572,18.55401884,18.9216762,1119912,33352841.32,2.109300
2022-03-21,18.95970972,19.81546392,18.86462592,19.63163524,2300380,70733869.0,4.332600
2022-03-22,19.65699092,19.81546392,18.9850654,19.13086056,1526720,46402785.0,2.875500
2022-03-23,19.13719948,19.29567248,18.858287,18.9850654,1033487,30993181.25,1.946500
2022-03-24,18.83927024,19.492179,18.70615292,19.44146764,1679467,50930993.4,3.163200
2022-03-25,19.2703168,19.2703168,18.3194788,18.40188476,2154180,63751184.8,4.057300
2022-03-28,18.49062964,18.54767992,17.7806706,18.24975068,1159420,33117463.49,2.183700
2022-03-29,18.5096464,18.5096464,17.9708382,18.18002256,968480,27904764.8,1.824100
2022-03-30,18.3194788,18.46527396,17.98985496,18.30680096,668501,19298190.61,1.259100
2022-03-31,18.30046204,18.541341,17.88843224,17.9708382,1202440,34524911.6,2.264700
2022-04-01,17.97717712,18.07859984,17.72995924,17.95182144,784856,22203764.04,1.478200
2022-04-06,17.92646576,18.4779518,17.92012684,18.14198904,741880,21326817.8,1.397300
2022-04-07,18.07859984,18.21805608,17.6221976,17.7172814,761300,21437314.2,1.433900
2022-04-08,17.748976,17.90111008,17.2418624,17.28623484,968580,26766129.4,1.824300
2022-04-11,17.15311752,17.4954192,16.61430932,16.6713596,1270060,34198739.6,2.392100
2022-04-12,16.67769852,17.22918456,16.58261472,17.19115104,1156462,30982302.71,2.178100
2022-04-13,17.12142292,17.38765756,16.86786612,16.91857748,834420,22530069.2,1.571600
2022-04-14,16.9883056,17.54613056,16.9883056,17.25454024,1029804,28110178.12,1.939600
2022-04-15,17.16579536,17.38131864,16.89956072,17.1784732,859731,23315373.16,1.619200
2022-04-18,17.06437264,17.42569108,16.9883056,17.34328512,740810,20162503.3,1.395300
2022-04-19,17.34962404,17.74263708,17.26721808,17.41935216,773740,21422517.6,1.457300
2022-04-20,17.4003354,18.382868,17.4003354,17.53979164,2390240,67249015.4,4.501900
2022-04-21,17.58416408,17.590503,16.74108772,16.78546016,1613940,43399046.4,3.039800
2022-04-22,16.58261472,17.07705048,16.03112868,16.77912124,1334530,34931206.5,2.513500
2022-04-25,16.58895364,16.62064824,15.56838752,15.6571324,1317780,33514448.2,2.482000
2022-04-26,15.9106892,15.9106892,14.0724024,14.17382512,2782554,64990340.14,5.240800
2022-04-27,14.05338564,14.43372084,13.311732,14.40202624,2602980,56787681.6,4.902500
2022-04-28,14.1991808,14.28158676,13.39413796,13.41949364,2654580,57135487.6,4.999700
2022-04-29,13.41949364,13.98365752,13.41949364,13.787151,2473800,53540134.8,4.659200
2022-05-05,13.8188456,14.41470408,13.60966124,14.08508024,2018921,45110881.34,3.802500
2022-05-06,13.945624,14.15480836,13.628678,13.7237618,1939580,42334425.27,3.653100
2022-05-09,13.69840612,14.31962028,13.628678,14.26257,1629285,36342348.95,3.068700
2022-05-10,14.15480836,14.421043,14.0407078,14.3576538,1477365,33285157.5,2.782500
2022-05-11,14.42738192,14.9281566,14.35131488,14.42738192,2326760,53947106.49,4.382300
2022-05-12,14.44639868,14.92181768,14.37667056,14.579516,1833680,42270379.08,3.453600
2022-05-13,14.72531116,14.87110632,14.2308754,14.53514356,1146500,26240857.0,2.159400
2022-05-16,14.71263332,14.75066684,14.40202624,14.46541544,1005032,23047057.28,1.892900
2022-05-17,14.46541544,14.58585492,14.08508024,14.2942646,1082960,24400144.2,2.039700
2022-05-18,14.26257,14.49077112,14.21185864,14.30060352,970720,22031633.4,1.828300
2022-05-19,14.104097,14.20551972,13.87589588,14.16114728,1197096,26583867.08,2.254700
2022-05-20,14.25623108,14.5161268,14.16114728,14.44005976,1333200,30153203.0,2.511000
2022-05-23,14.44005976,14.82673388,14.421043,14.72531116,2609460,60261501.0,4.914800
2022-05-24,14.72531116,14.82039496,13.85687912,13.86955696,2813461,63095041.2,5.299000
2022-05-25,13.93928508,14.24989216,13.80616776,14.1674862,1409420,31275395.4,2.654600
2022-05-26,14.20551972,14.25623108,13.8188456,14.07874132,1113780,24601050.0,2.097700
2022-05-27,14.12311376,14.1357916,13.76813424,13.92660724,1122000,24755701.0,2.113200
2022-05-30,13.98999644,14.42738192,13.83152344,14.421043,1733720,38872840.0,3.265400
2022-05-31,14.3893484,15.1817134,14.20551972,14.99788472,3235814,75577224.95,6.094500
2022-06-01,14.99788472,15.58106536,14.94083444,15.54937076,3896585,94634182.45,7.339000
2022-06-02,15.46062588,15.67614916,15.4035756,15.55570968,2256393,55290641.99,4.249800
2022-06-06,15.53669292,16.28468548,15.53669292,16.20227952,2620570,66525346.3,4.935700
2022-06-07,16.28468548,16.28468548,15.77123296,16.03112868,1966090,49365295.7,3.703000
2022-06-08,16.03112868,16.6079704,15.7839108,16.2276352,2271880,57936951.2,4.278900
2022-06-09,16.5445812,16.639665,16.02478976,16.08184004,2069000,52946153.0,3.896800
2022-06-10,16.07550112,16.4178028,15.5937432,16.2910244,1365660,34740443.0,2.572100
2022-06-13,16.11987356,16.3861082,15.98675624,16.27200764,1169040,29875353.6,2.190200
2022-06-14,16.1959406,16.78546016,15.98041732,16.71573204,2255600,58288103.2,4.225800
2022-06-15,16.77912124,17.115084,16.4178028,16.6713596,1969980,52109355.6,3.690700
2022-06-16,16.50654768,16.96928884,16.50654768,16.78546016,881220,23307807.0,1.651000
2022-06-17,16.41146388,17.20382888,16.3544136,17.115084,1482832,39615236.0,2.778100
2022-06-20,17.17213428,17.39399648,16.8615272,17.0833894,1767301,47758621.43,3.311000
2022-06-21,17.12776184,17.14043968,16.69037636,16.93125532,1605380,42869342.4,3.007700
2022-06-22,16.8932218,16.9249164,16.481192,16.481192,1095240,28834650.6,2.051900
2022-06-23,16.51922552,16.69671528,16.33539684,16.55725904,1066441,27749566.5,1.998000
2022-06-24,16.61430932,16.84884936,16.481192,16.81081584,1042656,27492883.36,1.953400
2022-06-27,17.10874508,17.43203,16.78546016,16.88688288,1151440,31095031.2,2.157200
2022-06-28,16.85518828,17.08972832,16.6713596,16.94393316,1098535,29168025.95,2.058100
2022-06-29,16.89873216,17.2152604,16.75661744,16.7630772,1035780,27255592.8,1.940500
2022-06-30,16.7630772,17.49303008,16.69201984,17.2152604,1526107,40522481.53,2.859100
2022-07-01,17.07960544,17.55762768,16.99562856,17.3121568,1215252,32523305.28,2.276800
2022-07-04,17.17004208,17.72558144,17.17004208,17.49948984,1147200,31182956.2,2.149300
2022-07-05,17.49948984,17.75788024,16.81475528,17.09252496,1187972,31485587.82,2.225600
2022-07-06,17.09252496,17.17650184,16.68556008,16.795376,907599,23614098.85,1.700400
2022-07-07,16.95687,17.0537664,16.34965256,16.4400892,843560,21555979.8,1.580400
2022-07-08,16.47884776,16.8599736,16.42070992,16.48530752,566720,14546958.6,1.061700
2022-07-11,16.26567568,16.6015832,15.91684864,16.5692844,1382300,34709992.52,2.589700
2022-07-12,16.35611232,16.8276748,16.16231952,16.71785888,1243220,31850689.6,2.329200
2022-07-13,16.5692844,17.52532888,16.4400892,17.3121568,1478309,39252047.99,2.769600
2022-07-14,17.54470816,17.54470816,17.00208832,17.06022616,784400,20869196.8,1.469600
2022-07-15,17.04730664,17.3121568,16.53052584,16.54344536,1121720,29177474.0,2.101500
2022-07-18,16.54344536,17.00208832,16.1816988,16.95041024,1037320,26805632.4,1.943400
2022-07-19,16.8922724,18.59118928,16.795376,17.84185712,3307125,91800144.8,6.195900
2022-07-20,17.93229376,18.9916944,17.8935352,18.20360368,2231826,63707601.13,4.181300
2022-07-21,18.17130488,18.55243072,17.49948984,17.51240936,1470160,40671586.6,2.754300
2022-07-22,17.62222528,17.7966388,17.04084688,17.19588112,1186900,31706810.6,2.223600
2022-07-25,17.22817992,18.02919016,17.10544448,17.8289376,1792060,49198271.4,3.357400
2022-07-26,17.75788024,18.00981088,17.3121568,17.4090532,1082770,29255109.5,2.028600
2022-07-27,17.28631776,17.64806432,17.17650184,17.54470816,906677,24406998.49,1.698600
2022-07-28,17.55116792,17.93229376,17.20234088,17.3444556,1051278,28234189.7,1.969600
2022-07-29,17.26047872,17.38321416,16.9245712,17.0860652,1258902,33285774.28,2.358500
2022-08-01,17.118364,17.17004208,16.86643336,17.06022616,512912,13526104.16,0.960900
2022-08-02,16.99562856,16.99562856,15.9233084,16.42716968,1642250,41502515.54,3.076700
2022-08-03,16.2139976,16.9891688,16.2139976,16.45946848,1092522,28219151.36,2.046800
2022-08-04,16.6015832,16.95687,16.36257208,16.8599736,916240,23744301.4,1.716600
2022-08-05,16.97624928,17.26693848,16.795376,17.19588112,826239,21917460.55,1.547900
2022-08-08,17.49948984,18.06794872,17.25401896,17.93229376,1862631,51035868.22,3.489600
2022-08-09,18.06794872,18.20360368,17.62222528,17.9581328,997638,27679023.16,1.869100
2022-08-10,18.087328,18.25528176,17.68036312,18.04210968,860080,23934446.0,1.611300
2022-08-11,18.087328,18.26174152,17.9581328,18.1196268,856179,23997209.2,1.604000
2022-08-12,18.22298296,18.44907456,17.925834,18.04856944,869080,24331181.6,1.628200
2022-08-15,18.26820128,19.056292,17.6674436,18.17130488,2178830,62033700.26,4.082000
2022-08-16,18.3134196,18.39739648,17.71912168,17.93875352,988960,27515743.0,1.852800
2022-08-17,17.88707544,18.26820128,17.74496072,18.07440848,744220,20793916.6,1.394300
2022-08-18,17.95167304,18.01627064,17.5705472,17.76434,1118338,30717056.0,2.095200
2022-08-19,17.8289376,18.07440848,17.441352,17.55116792,729400,19934750.0,1.366500
2022-08-22,17.62868504,18.36509768,17.23463968,18.22944272,1174106,32702760.86,2.199700
2022-08-23,18.22944272,19.8960608,18.22944272,19.056292,4424507,132204323.17,8.289300
2022-08-24,19.1208896,19.35990072,17.87415592,18.04856944,2471499,69991844.75,4.630300
2022-08-25,18.06148896,18.410316,17.51240936,17.62222528,1951391,54076499.08,3.655900
2022-08-26,18.0550292,18.0550292,17.16358232,17.2152604,1070600,28896122.0,2.005800
2022-08-29,17.11190424,17.925834,16.94395048,17.52532888,1235900,33475516.8,2.315400
2022-08-30,17.66098384,17.66098384,17.279858,17.5382484,670340,18099878.8,1.255900
2022-08-31,17.5705472,17.5705472,16.83413456,16.98270904,867600,22964158.2,1.625400
2022-09-01,16.95041024,17.2152604,16.67264056,16.795376,919533,23969114.56,1.722700
2022-09-02,16.9245712,17.1506628,16.60804296,16.9245712,846034,22156230.94,1.585000
2022-09-05,16.9891688,17.5059496,16.73723816,16.93749072,968200,25513165.2,1.813900
2022-09-06,16.95041024,17.5705472,16.84059432,17.0537664,912180,24167391.4,1.709000
2022-09-07,17.0214676,17.118364,16.68556008,16.68556008,698400,18208292.0,1.308400
2022-09-08,16.71139912,16.81475528,16.34965256,16.58220392,832960,21324298.0,1.560500
2022-09-09,16.6661808,17.07314568,16.3754916,16.95041024,1482820,38423538.8,2.778000
2022-09-13,17.00854808,17.10544448,16.75661744,16.91165168,554900,14544005.0,1.039600
2022-09-14,16.7307784,17.06668592,16.49822704,16.95041024,1070200,27964539.0,2.005000
2022-09-15,17.17004208,17.17004208,16.1494,16.35611232,1082370,27744284.6,2.027800
2022-09-16,16.472388,16.472388,15.70367656,15.7295156,803020,20000192.0,1.504400
2022-09-19,15.7295156,15.89746936,15.2450336,15.57448136,1058327,25417530.6,1.982800
2022-09-20,15.6972168,16.11064144,15.664918,15.73597536,790747,19368996.26,1.481500
2022-09-21,15.72305584,15.85225104,15.47758496,15.70367656,640592,15577157.12,1.200100
2022-09-22,15.63907896,15.86517056,15.4711252,15.63907896,640616,15548930.44,1.200200
2022-09-23,15.62615944,15.62615944,14.9220456,15.15459696,671869,15804991.56,1.258700
2022-09-26,15.15459696,15.15459696,14.7282528,14.76701136,745060,17122189.4,1.395900
2022-09-27,14.76701136,16.22691712,14.7605516,16.1494,2053880,50032584.4,3.847900
2022-09-28,16.1494,16.1494,15.503424,15.503424,879243,21560832.97,1.647200
2022-09-29,15.6972168,16.0525036,15.5680216,15.65845824,811874,19900739.06,1.521000
2022-09-30,15.7618144,15.90392912,15.2450336,15.41298736,566100,13563201.6,1.060600
2022-10-10,15.28379216,15.64553872,14.80576992,14.83806872,486080,11364213.8,0.910700
2022-10-11,14.83806872,15.00602248,14.48924168,14.87036752,614920,14030609.4,1.152000
2022-10-12,14.86390776,15.4388264,14.52154048,15.35484952,774797,17828180.11,1.451600
2022-10-13,15.35484952,15.92976816,15.20627504,15.80703272,942106,22920904.22,1.765000
2022-10-14,15.83287176,16.42716968,15.826412,16.4077904,1003560,25231733.88,1.880200
2022-10-17,16.48530752,16.84059432,16.1816988,16.23337688,902260,22991281.8,1.690400
2022-10-18,16.39487088,16.6661808,16.07188288,16.45300872,947972,24055734.0,1.776000
2022-10-19,16.45300872,16.47884776,15.96852672,16.03312432,846200,21102275.4,1.585300
2022-10-20,16.03312432,16.33027328,15.89746936,15.98144624,473391,11812190.2,0.886900
2022-10-21,16.2785952,16.2785952,15.7295156,15.9233084,415285,10228614.8,0.778000
2022-10-24,16.07188288,16.10418168,15.42590688,15.44528616,672755,16371292.61,1.260400
2022-10-25,15.65845824,15.65845824,15.03832128,15.2127348,687064,16200340.28,1.287200
2022-10-26,15.29671168,16.43362944,15.13521768,16.20107808,1193420,29482864.46,2.235900
2022-10-27,16.6015832,16.6015832,15.91038888,16.00082552,571580,14305687.0,1.070800
2022-10-28,16.1494,16.76953696,15.96852672,16.4400892,2147307,54673429.36,4.022900
2022-10-31,16.2462964,17.6674436,16.2462964,17.36383488,2431711,64394079.61,4.555800
2022-11-01,17.18942136,17.5059496,16.73723816,17.33153608,1976750,52187520.3,3.703400
2022-11-02,17.76434,17.76434,16.9891688,17.18942136,1512721,40548551.43,2.834100
2022-11-03,17.04730664,17.6351448,17.04730664,17.28631776,1216520,32648413.0,2.279100
2022-11-04,17.59638624,17.71266192,17.23463968,17.5382484,1491730,40460939.5,2.794700
2022-11-07,17.65452408,18.26820128,17.5382484,18.087328,2029440,56690781.98,3.802100
2022-11-08,18.08086824,18.6041088,17.91937424,18.6041088,1995760,56590668.02,3.739000
2022-11-09,18.57181,18.91417728,18.10670728,18.56535024,1526656,43999980.5,2.860200
2022-11-10,18.44907456,18.8624992,18.33279888,18.62994784,1112120,31995972.0,2.083500
2022-11-11,18.97877488,18.97877488,18.26820128,18.35863792,1179920,34111894.12,2.210600
2022-11-14,18.31987936,18.79144184,18.31987936,18.6687064,1052860,30327852.5,1.972500
2022-11-15,19.1208896,19.17902744,18.52659168,18.84957968,1143440,33419482.0,2.142200
2022-11-16,18.75268328,19.43741784,18.75268328,19.3146824,1480380,44061477.8,2.773500
2022-11-17,19.26300432,19.80562416,19.056292,19.48909592,1039584,31194808.52,1.947600
2022-11-18,19.48263616,19.863762,19.38573976,19.5730728,1028893,31333652.66,1.927600
2022-11-21,19.5084752,20.025256,19.1208896,19.4438776,1195649,35985729.06,2.240000
2022-11-22,19.1531884,19.76040584,18.57826976,18.68808568,1599652,46854468.16,2.996900
2022-11-23,19.14672864,19.14672864,18.10024752,18.53305144,1526078,43583545.62,2.859100
2022-11-24,18.71392472,20.348244,18.41677576,20.2190488,3317402,101177013.8,6.215100
2022-11-25,20.23196832,20.5420368,19.39219952,20.16091096,3298393,101951318.0,6.179500
2022-11-28,19.88960104,20.52265752,19.61183136,19.81854368,1831177,56492169.37,3.430700
2022-11-29,19.4115788,19.80562416,19.29530312,19.5084752,1636760,49573743.0,3.066400
2022-11-30,19.8960608,19.8960608,19.1208896,19.24362504,939853,28222280.25,1.760800
2022-12-01,19.6376704,20.0575548,19.3146824,19.7345668,1479577,45004868.05,2.772000
2022-12-02,20.08339384,20.2513476,19.38573976,19.6376704,1546776,47707812.75,2.897900
2022-12-05,19.64413016,20.348244,18.894798,19.056292,1962814,59129089.79,3.677300
2022-12-06,19.056292,19.66350944,18.86895896,19.217786,1310631,39043721.52,2.455400
2022-12-07,19.69580824,19.702268,18.87541872,19.27592384,1200560,35740770.25,2.249200
2022-12-08,19.4438776,19.48263616,15.41944712,15.41944712,1536400,45003728.6,2.878400
2022-12-09,18.50075264,18.50075264,18.50075264,18.50075264,819333,23465697.12,1.535000
2022-12-12,18.90771752,20.58079536,18.77206256,19.62475088,5457392,166908646.79,10.224300
2022-12-13,19.8314632,19.863762,18.74622352,19.5084752,3460517,102592380.29,6.483200
2022-12-14,19.29530312,19.33406168,18.5395112,19.03691272,2309558,67864203.27,4.326900
2022-12-15,19.07567128,19.74102656,18.894798,19.45033736,2787049,83588860.48,5.221500
2022-12-16,19.5730728,19.8960608,19.23070552,19.32114216,1935237,58476447.98,3.625600
2022-12-19,19.5730728,20.99422,19.53431424,20.26426712,3670114,115131218.8,6.875900
2022-12-20,20.4128416,20.4128416,19.5084752,19.90898032,2500520,76928034.47,4.684700
2022-12-21,19.95419864,20.27072688,19.70872776,19.90252056,1275980,39438376.4,2.390500
2022-12-22,20.20612928,20.20612928,19.17256768,19.2500848,2489359,75258274.38,4.663800
2022-12-23,19.37928,19.52785448,18.01627064,18.40385624,3047234,87576990.9,5.709000
2022-12-26,18.40385624,18.65578688,18.087328,18.3457184,1626360,46231586.8,3.047000
2022-12-27,18.087328,18.75268328,17.96459256,18.54597096,2171540,61806381.2,4.068300
2022-12-28,18.5395112,18.5395112,18.08086824,18.17130488,1291680,36503244.0,2.419900
2022-12-29,18.17776464,18.97231512,18.03564992,18.85603944,1990742,57191665.06,3.729600
2022-12-30,18.73976376,20.2190488,18.62994784,19.97357792,2917040,88582400.8,5.465000
2023-01-03,21.2526104,23.04842368,21.03297856,21.48516176,7656764,261397069.39,14.344800
2023-01-04,21.53683984,22.24741344,20.50327824,22.05362064,5550054,184648565.25,10.397900
2023-01-05,21.8339888,23.07426272,21.62081672,22.6414588,6102759,213710366.37,11.433400
2023-01-06,22.4799648,22.72543568,21.62727648,21.8985864,3610914,122782689.1,6.765000
2023-01-09,21.85982784,22.49288432,21.640196,22.27971224,3554444,121652152.36,6.659200
2023-01-10,22.13759752,23.20991768,22.13113776,22.95798704,3345612,117903901.36,6.268000
2023-01-11,22.97090656,23.74607776,22.5768612,22.9644468,2906320,103873293.06,5.444900
2023-01-12,22.97736632,23.255136,22.14405728,22.932148,1993146,70372841.8,3.734100
2023-01-13,22.8675504,23.5458252,22.85463088,22.85463088,1543652,55245261.88,2.892000
2023-01-16,23.08718224,23.2228372,22.4153672,22.4153672,1822800,64151711.04,3.415000
2023-01-17,22.37660864,22.47350504,21.5755984,21.73063264,2355546,79792357.4,4.371900
2023-01-18,21.64665576,21.92442544,21.23969088,21.3495068,1361960,45202683.4,2.527800
2023-01-19,21.0265188,21.54975936,21.00067976,21.16217376,1373934,45120056.46,2.550000
2023-01-20,21.06527736,22.04716088,21.01359928,21.8662876,1630506,54794367.3,3.026200
2023-01-30,21.88566688,22.286172,21.56267888,21.67895456,1232441,41577254.95,2.287400
2023-01-31,21.74355216,21.74355216,21.0588176,21.317208,1002600,33187925.8,1.860800
2023-02-01,21.18155304,21.3818056,20.52911728,20.96838096,1568140,50572342.6,2.910500
2023-02-02,20.85210528,23.17761888,20.85210528,23.0290444,3348297,115514860.32,6.214500
2023-02-03,22.92568824,22.94506752,22.08591944,22.3830684,2146653,74359562.48,3.984200
2023-02-06,22.19573536,22.8352516,22.00840232,22.53810264,2272984,79265210.12,4.218700
2023-02-07,22.79003328,22.8029528,22.17635608,22.47350504,1250172,43542088.5,2.320300
2023-02-08,22.3830684,22.6737576,22.11821824,22.11821824,872122,30260161.02,1.618700
2023-02-09,22.06654016,23.8042156,22.05362064,22.71897592,2383324,85108333.6,4.423500
2023-02-10,23.02258464,24.2886976,23.02258464,23.901112,3407914,125307437.39,6.325100
2023-02-13,23.901112,25.193064,23.52644592,24.79255888,3356918,128569351.9,6.230500
2023-02-14,24.79255888,24.91529432,24.18534144,24.41143304,1535452,58115516.68,2.849800
2023-02-15,24.41143304,24.73442104,23.97216936,24.12074384,1154220,43325581.2,2.142200
2023-02-16,24.12074384,24.26931832,23.1259408,23.18407864,1761968,64617613.43,3.270200
2023-02-17,23.2228372,24.0949048,23.14532008,23.39725072,2197971,79964871.92,4.079500
2023-02-20,23.48768736,24.20472072,22.932148,23.72669848,2188918,80113488.2,4.062700
2023-02-21,23.7073192,23.72669848,23.0613432,23.3197336,1047160,37768304.8,1.943500
2023-02-22,23.1259408,24.4178928,23.1259408,24.0949048,1909906,71034347.42,3.544800
2023-02-23,23.9980084,24.13366336,23.14532008,23.17761888,1578018,57595520.88,2.928800
2023-02-24,23.13886032,23.46830808,23.00320536,23.2874348,669760,24099809.8,1.243100
2023-02-27,23.255136,23.901112,22.60916,23.77837656,1531098,55687690.67,2.841700
2023-02-28,23.578124,24.00446816,23.20345792,23.70085944,977850,35791009.8,1.814900
2023-03-01,24.04968648,24.13366336,22.8998492,23.15177984,1400420,50284503.34,2.599200
2023-03-02,23.0613432,23.14532008,22.18281584,22.66083808,1550700,54242988.0,2.878100
2023-03-03,22.90630896,23.03550416,22.19573536,22.26033296,930600,32326385.08,1.727200
2023-03-06,22.09883896,23.37141168,21.963184,23.17115912,1803900,64114965.4,3.348100
2023-03-07,23.13240056,23.36495192,22.286172,22.3184708,962580,33882989.2,1.786600
2023-03-08,22.27971224,22.47350504,21.8339888,22.26033296,751040,25695413.8,1.393900
2023-03-09,22.14405728,22.95152728,21.963184,22.72543568,1241180,43494735.2,2.303600
2023-03-10,22.72543568,23.739618,22.447666,23.00966512,1983259,71507722.57,3.680900
2023-03-13,23.04842368,23.4812276,22.53164288,22.68021736,755340,26769385.4,1.401900
2023-03-14,22.68021736,22.68667712,21.8662876,21.8985864,1084170,37074854.3,2.012200
2023-03-15,21.94380472,22.14405728,21.5432996,21.66603504,1061760,35803969.4,1.970600
2023-03-16,21.8339888,22.19573536,21.53683984,21.6078972,788680,26715566.8,1.463800
2023-03-17,21.71125336,21.8339888,21.29136896,21.317208,875340,29156964.0,1.624600
2023-03-20,21.317208,21.48516176,20.92316264,20.9619212,1121480,36585878.2,2.081500
2023-03-21,21.1234152,21.89212664,21.11049568,21.66603504,986739,32951809.31,1.831400
2023-03-22,21.81460952,22.18281584,21.43994344,21.50454104,993560,33494875.2,1.844100
2023-03-23,21.50454104,21.95026448,21.27198968,21.87274736,934339,31339796.05,1.734100
2023-03-24,21.81460952,22.58332096,21.6724948,22.447666,1297780,44750123.4,2.408700
2023-03-27,22.447666,23.1259408,22.27971224,22.95798704,1466180,52044786.13,2.721200
2023-03-28,22.8998492,23.31327384,22.2538732,23.1259408,1127260,39994085.0,2.092200
2023-03-29,23.07426272,23.43600928,22.53810264,22.75127472,955738,33921080.54,1.773900
2023-03-30,22.63499904,23.3843312,22.55748192,22.8029528,1074760,38051859.4,1.994800
2023-03-31,23.0290444,23.75253752,22.932148,23.0613432,957600,34488375.0,1.777300
2023-04-03,23.0613432,23.21637744,22.24741344,22.44120624,1461060,50767730.2,2.711700
2023-04-04,22.66729784,22.7060564,21.4141044,21.78877048,1532991,51860843.53,2.845200
2023-04-06,21.81460952,22.27971224,21.0588176,22.17635608,1871289,62811925.84,3.473100
2023-04-07,22.15051704,24.1272036,21.95026448,23.92049128,2811490,102467123.2,5.218200
2023-04-10,23.92049128,23.92695104,23.11302128,23.20345792,1575069,57133934.48,2.923300
2023-04-11,23.13886032,23.23575672,22.1569768,22.4153672,1458900,50907264.6,2.707700
2023-04-12,22.5445624,22.6737576,22.19573536,22.33139032,965988,33449777.88,1.792900
2023-04-13,22.286172,22.53164288,21.87920712,22.27971224,779506,26708159.14,1.446800
2023-04-14,22.03424136,22.61561976,21.88566688,22.3184708,1399278,47968560.44,2.597100
2023-04-17,22.4799648,22.58332096,21.5432996,21.963184,2122100,71829255.0,3.938600
2023-04-18,22.02132184,22.4799648,21.640196,22.30555128,1901471,65085371.7,3.529200
2023-04-19,19.4761764,19.87022176,17.84185712,18.32633912,15604915,438374658.43,28.962900
2023-04-20,17.3121568,17.7320412,17.15712256,17.32507632,8202068,220655183.72,15.223100
2023-04-21,17.28631776,17.7320412,16.93749072,17.4090532,5625844,151441685.6,10.441600
2023-04-24,17.35737512,17.3767544,16.67264056,16.69201984,4093336,106607689.86,7.597300
2023-04-25,16.6661808,17.3121568,16.4077904,17.04084688,3645475,95303556.0,6.766000
2023-04-26,16.91165168,17.5705472,16.84059432,17.42197272,2529200,67796395.6,4.694200
2023-04-27,17.54470816,17.77725952,17.26693848,17.62222528,2373380,64693542.4,4.405000
2023-04-28,17.5059496,17.7320412,17.28631776,17.33799584,1832679,49603862.98,3.401500
2023-05-04,17.2475592,17.5705472,16.95041024,17.279858,1935440,51563725.63,3.592200
2023-05-05,17.27339824,17.3767544,17.06668592,17.2475592,1038820,27748964.0,1.928100
2023-05-08,17.33153608,17.33153608,16.73723816,16.84705408,1630479,42716890.36,3.026200
2023-05-09,16.7307784,16.84705408,16.4400892,16.53052584,2068960,53125785.2,3.840000
2023-05-10,16.62742224,16.91165168,16.33673304,16.7307784,1691380,43630956.79,3.139200
2023-05-11,16.91811144,17.30569704,16.5692844,16.94395048,2030859,53457091.94,3.769300
2023-05-12,16.99562856,17.3444556,16.81475528,17.22172016,1329419,35394464.84,2.467400
2023-05-15,17.1829616,17.42843248,16.84705408,17.33153608,1315472,34856396.32,2.441500
2023-05-16,17.33153608,17.4090532,17.02792736,17.10544448,1094949,29145536.3,2.032200
2023-05-17,17.10544448,17.22172016,16.91811144,17.17004208,817789,21624740.7,1.517800
2023-05-18,17.0860652,17.23463968,16.84705408,16.93103096,799880,21031279.8,1.484600
2023-05-19,16.85351384,17.14420304,16.78891624,16.97624928,807629,21232099.46,1.499000
2023-05-22,16.97624928,17.38967392,16.97624928,17.29923728,993800,26561164.0,1.844500
2023-05-23,17.29923728,17.87415592,17.16358232,17.41551296,1949147,52638994.69,3.617600
2023-05-24,17.3767544,17.3767544,17.0214676,17.2475592,1154478,30716803.63,2.142700
2023-05-25,17.2475592,17.2475592,16.87935288,17.07960544,1109580,29205980.6,2.059400
2023-05-26,17.07314568,17.19588112,16.96332976,17.12482376,797700,21107101.8,1.480500
2023-05-29,17.1829616,17.3121568,16.8922724,16.93103096,915165,24179459.65,1.698600
2023-05-30,16.91811144,16.97624928,16.52406608,16.6984796,1073200,27770415.8,1.991900
2023-05-31,16.62096248,16.8922724,16.58220392,16.70493936,801846,20765689.36,1.488200
2023-06-01,16.70493936,17.04084688,16.6661808,16.82121504,959620,25040735.4,1.781100
2023-06-02,16.95041024,17.29923728,16.74369792,17.118364,1066100,28222644.0,1.978700
2023-06-05,17.15712256,17.30569704,16.9245712,16.9891688,687800,18150877.0,1.276600
2023-06-06,17.04084688,17.04084688,16.59512344,16.60804296,851900,22100219.0,1.581100
2023-06-07,16.60804296,16.65972104,16.40133064,16.48530752,590853,15104038.31,1.096600
2023-06-08,16.48530752,16.633882,16.1494,16.23983664,809380,20476207.8,1.502200
2023-06-09,16.2462964,16.26567568,15.826412,15.90392912,1536267,38002191.02,2.851300
2023-06-12,15.90392912,16.40133064,15.77473392,16.29797448,1160174,28925307.96,2.153300
2023-06-13,16.29797448,16.38841112,16.07188288,16.09126216,795034,19900812.34,1.475600
2023-06-14,16.13648048,16.310894,16.01374504,16.1171012,960480,24003387.0,1.782700
2023-06-15,16.14294024,16.18815856,15.94268768,16.16877928,795540,19777501.5,1.476500
2023-06-16,16.25921592,16.42070992,16.00082552,16.07188288,1252380,31400385.2,2.324400
2023-06-19,16.10418168,16.12356096,15.77473392,15.80703272,1333626,32851542.38,2.475200
2023-06-20,15.826412,15.85225104,15.47758496,15.5357228,1453960,35147603.0,2.698600
2023-06-21,15.54864232,16.0848024,15.54864232,15.6326192,1622734,39721965.42,3.012300
2023-06-26,15.54864232,15.73597536,15.2773324,15.38714832,1488560,35593603.48,2.763200
2023-06-27,15.42590688,15.86517056,15.180436,15.8587108,1047365,25430885.75,1.944200
2023-06-28,15.9233084,15.9233084,15.45174592,15.70367656,865286,20913029.54,1.606200
2023-06-29,15.70367656,15.88454984,15.57448136,15.80703272,900613,21976343.48,1.671800
2023-06-30,15.80701923,15.9934459,15.699088,15.86589081,1424898,23018947.63,1.763300
2023-07-03,15.8953266,16.02288169,15.81683116,15.86589081,1970899,31961983.39,2.439000
2023-07-04,15.86589081,15.93457432,15.70889993,15.93457432,1586282,25547259.37,1.963100
2023-07-05,15.93457432,15.93457432,15.53228519,15.57153291,2021498,32312319.74,2.501600
2023-07-06,15.58134484,15.65002835,15.4047301,15.44397782,1352147,21377058.32,1.673300
2023-07-07,15.41454203,15.54209712,15.21830343,15.24773922,1929440,30097338.44,2.387700
2023-07-10,15.39491817,15.6009687,15.33604659,15.34585852,1557570,24524885.4,1.927500
2023-07-11,15.28698694,15.58134484,15.28698694,15.57153291,1399030,22071170.8,1.731300
2023-07-12,15.5028494,15.68927607,15.35567045,15.35567045,1286319,20338861.11,1.591800
2023-07-13,15.46360168,15.63040449,15.35567045,15.44397782,1002411,15810771.75,1.240500
2023-07-14,15.44397782,15.59115677,15.35567045,15.43416589,949350,14960239.0,1.174800
2023-07-17,15.48322554,15.7972073,15.12999606,15.77758344,2390607,38023904.26,2.958400
2023-07-18,15.64021642,15.76777151,14.82582623,15.04168869,6338140,97691644.23,5.330300
2023-07-19,15.04168869,15.12999606,14.69827114,14.79639044,2744309,41535529.63,2.307900
2023-07-20,14.84545009,15.12018413,14.73751886,14.88469781,2082281,31787165.14,1.751200
2023-07-21,14.8160143,15.68927607,14.8160143,15.51266133,4623751,72770914.9,3.888500
2023-07-24,15.36548238,15.47341361,15.09074834,15.37529431,2755446,42817737.46,2.317300
2023-07-25,15.38510624,15.81683116,15.38510624,15.65002835,4140217,65928946.71,3.481900
2023-07-26,15.72852379,15.72852379,15.2084915,15.36548238,3156920,49408153.9,2.654900
2023-07-27,15.35567045,15.6009687,15.22811536,15.3066108,2533880,39845491.3,2.131000
2023-07-28,15.39491817,15.42435396,15.17905571,15.27717501,2455252,38256688.36,2.064800
2023-07-31,15.41454203,15.91495046,15.3066108,15.88551467,5306901,84815526.57,2.769500
2023-08-01,15.6009687,16.66065714,15.42435396,16.36629924,14226633,236503835.94,7.424500
2023-08-02,16.17006064,16.78821223,15.9934459,16.5821617,11308717,190532457.51,5.901700
2023-08-03,16.37611117,16.42517082,15.64021642,15.95419818,8742764,141681744.24,4.562600
2023-08-04,15.95419818,17.54373084,15.77758344,16.78821223,16302983,275944599.2,8.508000
2023-08-07,16.66065714,17.64185014,16.2878038,17.50448312,14668831,254795818.83,7.655200
2023-08-08,17.24937294,17.50448312,16.84708381,17.08257013,10929781,189787301.75,5.703900
2023-08-09,17.0727582,18.52492384,16.80783609,18.27962559,14845011,267649795.35,7.747200
2023-08-10,17.88714839,18.35812103,17.54373084,17.86752453,10373293,189154266.38,5.413500
2023-08-11,17.91658418,18.5445477,17.69090979,18.00489155,8097338,149192345.23,4.225800
2023-08-14,17.661474,17.7595933,16.78821223,17.44561154,7878404,138442974.7,4.111500
2023-08-15,17.14144171,17.23956101,16.54291398,16.63122135,6733718,115288187.54,3.514100
2023-08-16,16.50366626,18.01470348,16.47423047,17.11200592,7796856,137766893.0,4.068900
2023-08-17,17.06294627,17.49467119,16.76858837,17.39655189,4934606,86783983.35,2.575200
2023-08-18,17.18068943,17.4652354,16.84708381,16.8765196,3820723,66588804.72,1.993900
2023-08-21,16.78821223,17.1708775,16.69990486,16.72934065,2983952,51405203.58,1.557200
2023-08-22,16.680281,17.12181785,16.0915652,17.11200592,5347171,90353427.21,2.790500
2023-08-23,17.00407469,17.63203821,16.79802416,17.11200592,4508658,79467833.62,2.352900
2023-08-24,17.13162978,17.51429505,16.8765196,17.15125364,3740620,65802074.18,1.952100
2023-08-25,16.99426276,17.5633547,16.680281,16.69990486,4431031,77139320.31,2.312400
2023-08-28,17.71053365,17.90677225,16.75877644,16.93539118,4112392,72258719.82,2.146100
2023-08-29,16.83727188,18.1520705,16.80783609,18.14225857,9303578,167622744.85,4.855300
2023-08-30,18.01470348,18.30906138,17.83808874,18.14225857,6216251,114743791.32,3.244100
2023-08-31,18.01470348,18.49548805,17.70072172,18.33849717,4663950,86380324.5,2.434000
2023-09-01,18.26000173,18.9370249,18.14225857,18.77022209,5531305,105270623.66,2.886600
2023-09-04,18.52492384,18.642667,18.26000173,18.50529998,4693987,88031576.9,2.449700
2023-09-05,18.47586419,18.7407863,18.0539512,18.35812103,3627069,67923382.57,1.892900
2023-09-06,18.2501898,18.8389056,17.8577126,18.71135051,6005454,112114013.33,3.134100
2023-09-07,18.57398349,18.69172665,18.23056594,18.56417156,3746794,70618147.49,1.955300
2023-09-08,18.42680454,18.76041016,18.2501898,18.26000173,2246200,42175489.8,1.172200
2023-09-11,18.1520705,18.84871753,17.89696032,18.66229086,4710320,88680935.3,2.458200
2023-09-12,18.642667,19.34912596,18.35812103,19.09401578,4913789,95079551.48,2.564400
2023-09-13,19.09401578,19.57480035,18.49548805,18.8389056,4861240,94153800.3,2.536900
2023-09-14,18.75059823,18.82909367,18.06376313,18.23056594,3698626,69155712.88,1.930200
2023-09-15,18.2501898,18.48567612,18.06376313,18.31887331,2078800,38691938.0,1.084900
2023-09-18,18.2501898,18.69172665,18.08338699,18.61323121,3372005,63541467.49,1.759700
2023-09-19,18.63285507,19.94765369,18.58379542,19.40799754,6850690,134148306.8,3.575200
2023-09-20,19.3295021,19.87897018,19.31969017,19.68273158,5027377,100721164.3,2.623600
2023-09-21,19.56498842,19.71216737,18.98608455,19.07439192,2957632,57899120.18,1.543500
2023-09-22,19.0351442,19.60423614,18.98608455,19.36874982,2201880,43474185.53,1.149100
2023-09-25,19.38837368,19.38837368,18.5445477,19.0351442,4281479,82539811.14,2.234400
2023-09-26,18.88796525,19.34912596,18.76041016,18.78984595,1738172,33678802.38,0.907100
2023-09-27,18.9370249,18.9370249,18.42680454,18.46605226,1952323,37009400.5,1.018900
2023-09-28,18.4464284,18.642667,18.30906138,18.45624033,1917050,36052941.5,1.000500
2023-10-09,18.46605226,18.5445477,17.83808874,18.00489155,3009193,55491812.55,1.570400
2023-10-10,17.97545576,18.3483091,17.48485926,18.32868524,3237453,59449501.5,1.689500
2023-10-11,18.20113015,18.98608455,18.1520705,18.48567612,2628180,50086406.2,1.371600
2023-10-12,18.62304314,19.00570841,18.36793296,18.91740104,1849900,35375516.6,0.965400
2023-10-13,18.66229086,18.91740104,18.46605226,18.70153858,1516610,28837826.2,0.791500
2023-10-16,18.60341928,18.95664876,18.21094208,18.28943752,1752950,33028146.0,0.914800
2023-10-17,18.38755682,18.58379542,18.0539512,18.52492384,1453987,27153086.42,0.758800
2023-10-18,18.47586419,18.47586419,17.86752453,17.87733646,1645910,30216571.0,0.859000
2023-10-19,17.86752453,18.51511191,17.83808874,18.03432734,2147100,39707546.0,1.120500
2023-10-20,17.88714839,18.16188243,17.59279049,17.67128593,1645950,29898892.0,0.859000
2023-10-23,17.28862066,18.0539512,17.27880873,18.03432734,4224379,77046197.67,2.204600
2023-10-24,18.14225857,19.41780947,17.90677225,19.1332635,6179564,117384236.22,3.224900
2023-10-25,18.81928174,19.39818561,18.78003402,19.3295021,3396820,66579786.2,1.772700
2023-10-26,19.3295021,19.36874982,18.78984595,19.34912596,3004200,58483659.0,1.567800
2023-10-27,19.31969017,20.00652527,19.0351442,19.85934632,4380010,87622211.6,2.285800
2023-10-30,19.73179123,20.06539685,19.39818561,19.90840597,3027920,60565711.6,1.580200
2023-10-31,19.86915825,19.86915825,19.5257407,19.60423614,2009200,40211388.0,1.048500
2023-11-01,19.69254351,19.69254351,19.37856175,19.5257407,1494120,29691271.0,0.779700
2023-11-02,19.5257407,19.54536456,19.26081859,19.35893789,988770,19548572.6,0.516000
2023-11-03,19.30987824,19.59442421,19.09401578,19.24119473,2282047,44899280.71,1.190900
2023-11-06,19.28044245,20.34994282,19.10382771,20.23219966,3580180,72281382.3,1.868400
2023-11-07,20.20276387,20.47749791,19.84953439,20.44806212,2616750,53876595.7,1.365600
2023-11-08,20.49712177,20.49712177,19.9182179,20.24201159,1832020,37658651.5,0.956100
2023-11-09,20.3106951,20.36956668,20.07520878,20.13408036,1029090,21204890.3,0.537100
2023-11-10,20.13408036,20.94847055,19.82991053,20.91903476,3252810,68249252.43,1.697500
2023-11-13,20.8012916,21.00734213,19.88878211,20.39900247,3616910,74942347.53,1.887600
2023-11-14,20.35975475,20.61486493,20.14389229,20.46768598,1091248,22695952.88,0.569500
2023-11-15,20.47749791,20.62467686,19.88878211,20.02614913,2987908,61202954.14,1.559300
2023-11-16,20.0163372,20.10464457,19.63367193,19.64348386,2261402,45583517.92,1.180200
2023-11-17,19.64348386,20.02614913,19.40799754,19.83972246,1762220,35351081.4,0.919700
2023-11-20,19.83972246,20.37937861,19.83972246,20.37937861,2341246,47983131.37,1.221800
2023-11-21,20.37937861,20.91903476,20.23219966,20.48730984,3152281,66134944.0,1.645100
2023-11-22,20.49712177,20.59524107,20.02614913,20.1144565,1128830,23293429.47,0.589100
2023-11-23,20.0163372,20.22238773,19.82991053,20.05558492,1161730,23714304.0,0.606300
2023-11-24,20.07520878,20.42843826,19.86915825,20.13408036,1501495,30830419.15,0.783600
2023-11-27,20.00652527,20.36956668,19.82991053,19.82991053,1275285,26033128.25,0.665500
2023-11-28,19.84953439,20.15370422,19.77103895,19.99671334,845945,17207344.25,0.441500
2023-11-29,20.3106951,20.3106951,19.83972246,19.9182179,922400,18786778.0,0.481400
2023-11-30,20.2125758,20.29107124,19.83972246,20.26163545,1356120,27804025.95,0.707700
2023-12-01,20.29107124,20.36956668,19.8200986,19.88878211,1100100,22461680.4,0.574100
2023-12-04,19.88878211,19.92802983,19.40799754,19.80047474,968820,19488843.1,0.505600
2023-12-05,19.74160316,20.19295194,19.65329579,19.65329579,1068520,21646604.7,0.557600
2023-12-06,19.80047474,20.09483264,19.57480035,19.58461228,1202000,24197332.5,0.627300
2023-12-07,19.59442421,19.79066281,19.19213508,19.65329579,1860868,36800885.04,0.971100
2023-12-08,19.71216737,19.77103895,19.20194701,19.36874982,2091410,41441578.7,1.091400
2023-12-11,19.19213508,19.68273158,18.99589648,19.51592877,1759736,34819033.8,0.918400
2023-12-12,19.53555263,19.7219793,19.29025438,19.48649298,837350,16597838.5,0.437000
2023-12-13,19.4276214,19.5257407,18.84871753,18.84871753,1424659,27768415.47,0.743500
2023-12-14,19.00570841,19.94765369,18.86834139,19.35893789,2999635,59466076.85,1.565400
2023-12-15,19.2313828,19.89859404,19.08420385,19.64348386,3595560,71657514.4,1.876400
2023-12-18,19.50611684,19.69254351,18.95664876,18.95664876,1841450,35923306.31,0.961000
2023-12-19,19.14307543,19.5257407,18.76041016,19.19213508,1216978,23810498.94,0.635100
2023-12-20,19.1332635,19.20194701,18.61323121,18.61323121,1032271,19750250.29,0.538700
2023-12-21,18.642667,18.99589648,18.33849717,18.92721297,1052450,20095920.69,0.549200
2023-12-22,18.89777718,19.07439192,18.67210279,18.73097437,814800,15669134.0,0.425200
2023-12-25,18.65247893,18.97627262,18.4464284,18.71135051,599020,11367962.8,0.312600
2023-12-26,18.642667,18.78003402,18.3483091,18.52492384,805903,15168452.75,0.420600
2023-12-27,18.52492384,18.75059823,18.22075401,18.63285507,943481,17797724.18,0.492400
2023-12-28,18.40718068,18.98608455,18.38755682,18.85852946,1133817,21604761.9,0.591700
2023-12-29,18.86834139,19.09401578,18.67210279,18.9370249,905850,17536538.0,0.472700
2024-01-02,19.11363964,19.18232315,18.84871753,18.99589648,806208,15653429.23,0.420700
2024-01-03,18.96646069,19.16269929,18.66229086,18.68191472,854800,16415605.05,0.446100
2024-01-04,18.78984595,18.78984595,18.36793296,18.40718068,853170,16059279.3,0.445200
2024-01-05,18.39736875,18.65247893,17.78902909,17.9558319,1224404,22685156.94,0.639000
2024-01-08,17.73015751,18.03432734,17.59279049,17.661474,742434,13468593.72,0.387500
2024-01-09,17.64185014,18.49548805,17.64185014,18.32868524,1513864,28033465.58,0.790000
2024-01-10,18.32868524,18.32868524,17.83808874,18.13244664,673294,12438408.0,0.351400
2024-01-11,18.28943752,18.47586419,18.10301085,18.38755682,524000,9801181.0,0.273500
2024-01-12,18.5445477,18.7407863,18.30906138,18.42680454,736950,13909657.5,0.384600
2024-01-15,18.77022209,18.77022209,18.11282278,18.17169436,884180,16476580.5,0.461400
2024-01-16,18.31887331,18.31887331,17.42598768,17.83808874,1931502,34991881.62,1.008000
2024-01-17,17.82827681,17.84790067,17.19050136,17.20031329,947130,16906259.1,0.494300
2024-01-18,17.08257013,17.40636382,16.50366626,17.31805645,2716090,46877949.7,1.417400
2024-01-19,17.21012522,17.4652354,16.99426276,17.09238206,1037124,18137792.68,0.541200
2024-01-22,17.0727582,17.09238206,15.87570274,16.7784003,3134451,52564320.9,1.635800
2024-01-23,16.4840424,17.15125364,16.02288169,16.79802416,1871799,31380167.48,0.976800
2024-01-24,16.79802416,16.95501504,16.1896845,16.82745995,1738615,29584134.69,0.907300
2024-01-25,16.53310205,17.09238206,16.53310205,16.98445083,1367350,23644408.0,0.713600
2024-01-26,17.00407469,17.29843259,16.80783609,17.05313434,1617079,28087020.75,0.843900
2024-01-29,17.12181785,17.24937294,16.57234977,16.81764802,878331,15060462.12,0.458400
2024-01-30,16.74896451,16.8765196,15.9934459,16.35648731,1085116,18010538.48,0.566300
2024-01-31,16.2878038,16.3859231,15.80701923,16.32705152,1200424,19739150.78,0.626500
2024-02-01,16.40554696,16.40554696,15.73833572,16.21912029,1071714,17612515.22,0.559300
2024-02-02,16.23874415,16.4840424,15.53228519,16.07194134,1434183,23261434.91,0.748500
2024-02-05,16.07194134,16.07194134,15.13980799,15.74814765,2310553,36618464.7,1.205800
2024-02-06,15.53228519,16.36629924,15.18886764,15.87570274,2077350,33473179.4,1.084100
2024-02-07,15.68927607,16.05231748,15.36548238,15.82664309,1355119,21656590.97,0.707200
2024-02-08,15.84626695,16.7784003,15.46360168,16.5821617,2031669,33659196.89,1.060300
2024-02-19,16.67046907,16.92557925,16.07194134,16.45460661,1839760,31142325.04,0.960100
2024-02-20,16.3859231,16.46441854,16.02288169,16.32705152,893297,14785833.9,0.466200
2024-02-21,16.33686345,16.61159749,16.0915652,16.36629924,2452533,40905645.1,1.279900
2024-02-22,16.14062485,16.4840424,16.10137713,16.45460661,1727245,28695322.66,0.901400
2024-02-23,16.3859231,16.67046907,16.2878038,16.60178556,1709348,28764804.42,0.892100
2024-02-26,16.60178556,16.85689574,16.32705152,16.65084521,1976017,33302604.81,1.031200
2024-02-27,16.55272591,16.94520311,16.40554696,16.93539118,2361464,40164078.96,1.232400
2024-02-28,16.86670767,17.39655189,16.30742766,16.39573503,2638600,45357954.5,1.377000
2024-02-29,16.3859231,16.61159749,16.10137713,16.56253784,1608190,26955917.77,0.839300
2024-03-01,16.5821617,16.71952872,16.40554696,16.53310205,1161480,19548748.4,0.606100
2024-03-04,16.51347819,16.66065714,16.26817994,16.41535889,1403410,23435612.0,0.732400
2024-03-05,16.41535889,16.41535889,15.98363397,16.1896845,1820483,29931928.22,0.950100
2024-03-06,16.11118906,16.15043678,15.82664309,16.14062485,1348842,21999813.78,0.703900
2024-03-07,16.14062485,16.24855608,15.98363397,16.17006064,983390,16146480.4,0.513200
2024-03-08,16.06212941,16.1896845,15.91495046,16.17987257,1014850,16612217.7,0.529600
2024-03-11,16.17006064,16.84708381,16.06212941,16.62140942,1720171,28929211.32,0.897700
2024-03-12,16.67046907,16.78821223,16.52329012,16.63122135,1111832,18847644.64,0.580200
2024-03-13,16.63122135,16.69990486,16.41535889,16.60178556,985060,16614229.8,0.514100
2024-03-14,16.61159749,16.74896451,16.37611117,16.55272591,1194778,20212811.2,0.623500
2024-03-15,16.55272591,16.75877644,16.42517082,16.5821617,955128,16148839.2,0.498500
2024-03-18,16.5821617,16.67046907,16.43498275,16.57234977,1534478,25879080.08,0.800800
2024-03-19,16.64103328,19.50611684,16.49385433,17.8577126,6226585,112401570.63,3.249500
2024-03-20,17.68109786,17.79884102,17.37692803,17.48485926,3150059,56473900.31,1.643900
2024-03-21,17.47504733,17.81846488,17.32786838,17.81846488,2589243,46329316.36,1.351200
2024-03-22,18.26000173,18.7407863,17.83808874,18.00489155,4600182,85387493.99,2.400700
2024-03-25,17.76940523,18.02451541,17.23956101,17.58297856,3341050,59782892.27,1.743600
2024-03-26,17.42598768,19.2313828,17.42598768,18.58379542,6218844,117699223.46,3.245400
2024-03-27,18.49548805,19.28044245,17.59279049,17.91658418,5583812,103517513.69,2.914000
2024-03-28,17.1708775,17.79884102,16.4840424,17.45542347,4663470,81884831.7,2.433700
2024-03-29,17.32786838,17.54373084,16.9746389,17.3671161,2530390,44382247.5,1.320500
2024-04-01,17.30824452,18.07357506,17.25918487,17.83808874,2763050,49955615.5,1.442000
2024-04-02,17.83808874,18.12263471,17.68109786,17.9558319,2495110,45628867.7,1.302100
2024-04-03,18.0539512,18.33849717,17.73015751,18.0539512,2007650,36827382.0,1.047700
2024-04-08,17.9558319,18.63285507,17.48485926,17.53391891,3229299,59499722.73,1.685300
2024-04-09,17.52410698,17.74978137,17.27880873,17.72034558,1565230,28043114.16,0.816800
2024-04-10,17.63203821,17.70072172,17.30824452,17.42598768,1196920,21334858.9,0.624600
2024-04-11,17.21993715,17.73996944,17.21993715,17.39655189,1171421,20919986.75,0.611300
2024-04-12,17.31805645,17.53391891,17.12181785,17.16106557,1125170,19856174.5,0.587200
2024-04-15,16.8765196,17.35730417,16.50366626,16.65084521,1658420,28467045.6,0.865500
2024-04-16,16.65084521,16.73915258,14.96319325,15.09074834,4568520,71888407.5,2.384200
2024-04-17,15.3066108,15.65984028,14.60996377,15.09074834,6637695,101723425.96,3.464000
2024-04-18,14.717895,14.79639044,13.55027533,14.27635815,8503330,122262907.8,4.437600
2024-04-19,13.96237639,14.2272985,13.75632586,14.00162411,4368307,62022706.04,2.279700
2024-04-22,14.00162411,14.60996377,13.65820656,14.41372517,3971100,57684462.5,2.072400
2024-04-23,14.34504166,14.50203254,14.14880306,14.31560587,2197010,32067525.7,1.146600
2024-04-24,14.46278482,14.8160143,14.28617008,14.8160143,2377360,35300980.1,1.240700
2024-04-25,14.63939956,15.64021642,14.57071605,15.13980799,4005810,61958391.7,2.238100
2024-04-26,15.06131255,15.5028494,15.03187676,15.25755115,1956950,30399736.0,1.093400
2024-04-29,15.4047301,16.20930836,15.3066108,16.05231748,2815094,45566646.05,1.572800
2024-04-30,16.19949643,16.80783609,15.93457432,16.56253784,3681710,61609322.8,2.057000
2024-05-06,16.57234977,17.02369855,16.39573503,16.91576732,4037840,68826851.8,2.256000
2024-05-07,16.82745995,17.00407469,16.4840424,16.86670767,2664330,45434610.2,1.488600
2024-05-08,16.680281,17.0727582,16.50366626,16.85689574,2268900,38870053.0,1.267600
2024-05-09,16.85689574,17.1708775,16.62140942,16.8765196,2671230,46061679.9,1.492400
2024-05-10,16.72934065,17.15125364,16.4840424,16.63122135,3280845,56069690.04,1.833000
2024-05-13,16.36629924,16.8765196,16.04250555,16.27799187,2695347,45184205.74,1.505900
2024-05-14,16.19949643,16.7784003,16.19949643,16.66065714,1847433,31063208.97,1.032200
2024-05-15,16.64103328,17.05313434,16.49385433,16.79802416,1913700,32908973.0,1.069200
2024-05-16,16.71952872,16.94520311,16.60178556,16.89614346,1502790,25693802.0,0.839600
2024-05-17,16.72934065,17.02369855,16.680281,16.80783609,1097800,18841343.5,0.613300
2024-05-20,17.09238206,17.80865295,16.79802416,17.35730417,4013610,70817185.1,2.242400
2024-05-21,17.1708775,17.2689968,16.45460661,16.60178556,3897890,66433487.4,2.177800
2024-05-22,16.680281,16.84708381,16.41535889,16.49385433,2246469,37996102.01,1.255100
2024-05-23,16.53310205,16.53310205,15.699088,15.78739537,3162842,51171605.41,1.767100
2024-05-24,16.06212941,16.06212941,15.5028494,15.5028494,1325076,21231575.44,0.740300
2024-05-27,15.73833572,15.73833572,15.39491817,15.59115677,2064072,32716375.56,1.153200
2024-05-28,15.46360168,15.74814765,15.31642273,15.39491817,1712126,27011244.8,0.956600
2024-05-29,15.38510624,15.71871186,15.22811536,15.43416589,2257110,35595309.2,1.261100
2024-05-30,15.4047301,15.53228519,15.1103722,15.23792729,1096889,17098472.77,0.612800
2024-05-31,15.39491817,15.4047301,15.21830343,15.34585852,952795,14882626.33,0.532300
2024-06-03,15.37529431,15.7972073,15.21830343,15.4047301,2215504,34887885.44,1.237800
2024-06-04,15.37529431,15.52247326,15.05150062,15.48322554,2007424,31293204.44,1.121600
2024-06-05,15.41454203,15.48322554,14.89450974,14.94356939,1352570,20965898.9,0.755700
2024-06-06,14.86507395,15.08093641,14.1291792,14.717895,3517112,52280852.68,1.965000
2024-06-07,14.73751886,14.84545009,14.3254178,14.56090412,1525800,22643659.0,0.852500
2024-06-11,14.2272985,14.64921149,14.2272985,14.62958763,1003250,14823178.3,0.560500
2024-06-12,14.5216564,14.83563816,14.44316096,14.60015184,1057384,15783282.92,0.590800
2024-06-13,14.60015184,14.63939956,14.39410131,14.46278482,893240,13180749.6,0.499100
2024-06-14,14.4235371,14.85526202,14.24692236,14.82582623,1443209,21594594.61,0.806300
2024-06-17,14.82582623,15.55190905,14.59033991,15.39491817,2581939,39833822.03,1.442500
2024-06-18,15.28698694,15.54209712,15.17905571,15.37529431,1552780,24320788.2,0.867500
2024-06-19,15.37529431,15.5028494,14.9141336,15.12018413,938750,14439889.5,0.524500
2024-06-20,15.2084915,15.21830343,14.66883535,14.73751886,704806,10690209.28,0.393800
2024-06-21,14.73751886,15.54209712,14.58052798,15.54209712,2561260,39846402.0,1.431000
2024-06-24,15.48322554,15.48322554,14.25673429,14.34504166,2256733,33699239.99,1.260800
2024-06-25,14.18805078,14.5216564,14.11936727,14.24692236,995780,14500561.85,0.556300
2024-06-26,14.1291792,14.77676658,14.02124797,14.72770693,1231462,18183450.74,0.688000
2024-06-27,14.69827114,14.74733079,14.44316096,14.46278482,716433,10626529.09,0.400300
2024-06-28,14.66883535,14.66883535,14.23711043,14.44316096,1032390,15203712.8,0.576800
2024-07-01,14.31560587,14.67864728,14.16842692,14.57071605,1430140,20989638.2,0.799000
2024-07-02,14.57071605,14.63939956,14.43334903,14.47259675,665440,9846088.2,0.371800
2024-07-03,14.373473,14.88893548,14.31399656,14.35364752,1065610,15707367.1,0.595400
2024-07-04,14.4230367,14.5221641,13.98687614,14.20495642,1030310,14837131.9,0.575600
2024-07-05,14.13556724,14.5221641,13.90757422,14.4726004,841450,12087013.5,0.470100
2024-07-08,14.48251314,14.5717278,13.95713792,13.98687614,772300,11057747.0,0.431500
2024-07-09,14.00670162,14.0760908,13.40202448,14.04635258,1214564,16885554.9,0.678600
2024-07-10,13.90757422,14.93849918,13.90757422,14.64111698,1736365,25566057.16,0.970100
2024-07-11,14.70059342,14.9186737,14.6212915,14.6708552,985935,14698806.85,0.550800
2024-07-12,14.71050616,14.82945904,14.38338574,14.49242588,750998,11014663.76,0.419600
2024-07-15,14.44286218,14.55190232,14.25452012,14.34373478,353250,5107657.0,0.197400
2024-07-16,14.18513094,14.58164054,14.08600354,14.46268766,539110,7808176.7,0.301200
2024-07-17,14.4230367,14.53207684,14.2743456,14.33382204,454150,6592191.0,0.253700
2024-07-18,14.40321122,14.40321122,14.03643984,14.2743456,458810,6573381.8,0.256300
2024-07-19,14.10582902,14.39329848,14.09591628,14.31399656,369780,5337498.0,0.206600
2024-07-22,14.35364752,14.48251314,14.18513094,14.33382204,345700,4995372.3,0.193100
2024-07-23,14.33382204,14.33382204,13.9769634,14.01661436,722401,10281492.03,0.403600
2024-07-24,13.877836,14.19504368,13.85801052,13.95713792,731200,10329554.0,0.408500
2024-07-25,13.79853408,14.29417108,13.79853408,14.10582902,907654,12896720.66,0.507100
2024-07-26,14.18513094,14.4726004,14.03643984,14.24460738,937900,13490906.22,0.524000
2024-07-29,14.18513094,14.3239093,13.98687614,14.03643984,569215,8105653.73,0.318000
2024-07-30,14.03643984,14.15539272,13.94722518,13.9769634,465700,6591549.5,0.260200
2024-07-31,14.01661436,14.44286218,13.93731244,14.43294944,1039350,14952548.5,0.580700
2024-08-01,14.46268766,14.6212915,13.96705066,14.0265271,1120461,16092334.15,0.626000
2024-08-02,14.0265271,14.30408382,13.81835956,14.04635258,1083415,15435156.44,0.605300
2024-08-05,14.373473,14.99797562,13.86792326,13.877836,2158900,31464880.13,1.206200
2024-08-06,13.76879586,14.23469464,13.76879586,14.08600354,1259100,17814093.0,0.703500
2024-08-07,14.11574176,14.11574176,13.5804538,13.74897038,1975646,27513038.16,1.103800
2024-08-08,13.7291449,13.83818504,13.59036654,13.76879586,578700,8016734.0,0.323300
2024-08-09,13.7787086,13.88774874,13.65975572,13.6795812,425623,5900726.46,0.237800
2024-08-12,13.6795812,13.81835956,13.61019202,13.66966846,492150,6806291.51,0.275000
2024-08-13,13.60027928,13.7291449,13.25333338,13.65975572,1523309,20739947.22,0.851100
2024-08-14,13.64984298,13.73905764,13.382199,13.6795812,1068633,14611445.28,0.597100
2024-08-15,13.68949394,13.75888312,13.47141366,13.74897038,854576,11749158.44,0.477500
2024-08-16,13.46150092,13.75888312,13.46150092,13.75888312,449196,6200158.58,0.251000
2024-08-19,13.76879586,13.89766148,13.60027928,13.60027928,407750,5650240.5,0.227800
2024-08-20,13.49123914,13.85801052,13.45158818,13.73905764,827458,11410591.65,0.462300
2024-08-21,13.9273997,14.28425834,13.79853408,13.99678888,1450959,20537328.3,0.748800
2024-08-22,13.86792326,14.4726004,13.86792326,14.1752182,1874000,26946190.0,0.967200
2024-08-23,14.06617806,14.16530546,13.3326353,13.5804538,1836330,25178700.6,0.947700
2024-08-26,13.42184996,14.04635258,13.42184996,13.96705066,1363949,19105597.46,0.703900
2024-08-27,13.8282723,14.1256545,13.7787086,13.95713792,644400,9070768.0,0.332600
2024-08-28,13.95713792,13.98687614,13.74897038,13.86792326,371900,5204838.0,0.191900
2024-08-29,13.7787086,13.99678888,13.70931942,13.9769634,414450,5811361.5,0.213900
2024-08-30,13.9769634,14.26443286,13.84809778,14.10582902,951220,13553756.8,0.490900
2024-09-02,14.08600354,14.1752182,13.90757422,13.90757422,558000,7904283.0,0.288000
2024-09-03,14.08600354,14.15539272,13.7787086,14.1256545,572450,8126028.5,0.295400
2024-09-04,14.01661436,14.29417108,14.00670162,14.23469464,741977,10604354.92,0.382900
2024-09-05,14.23469464,14.3239093,14.13556724,14.19504368,564801,8094015.33,0.291500
2024-09-06,14.19504368,14.25452012,13.89766148,13.89766148,495100,6993414.0,0.255500
2024-09-09,13.90757422,13.98687614,13.75888312,13.85801052,284820,3985753.6,0.147000
2024-09-10,13.877836,13.9273997,13.59036654,13.75888312,531090,7358075.2,0.274100
2024-09-11,13.6300175,13.80844682,13.61019202,13.75888312,279820,3879938.8,0.144400
2024-09-12,13.7787086,13.89766148,13.41193722,13.41193722,600200,8243045.0,0.309800
2024-09-13,13.4813264,13.56062832,13.20376968,13.42184996,1156998,15656926.16,0.597100
2024-09-18,13.42184996,13.51106462,13.0848168,13.47141366,605258,8109153.16,0.312400
2024-09-19,13.47141366,13.80844682,13.2830716,13.68949394,855210,11758262.0,0.441400
2024-09-20,13.6300175,13.66966846,13.35246078,13.47141366,498072,6754266.2,0.257100
2024-09-23,13.382199,13.60027928,13.382199,13.382199,507400,6889952.0,0.261900
2024-09-24,13.56062832,13.6300175,13.2335079,13.61019202,2320740,31559872.9,1.197700
2024-09-25,13.6795812,14.1752182,13.65975572,13.70931942,1985099,27791971.61,1.024500
2024-09-26,13.6795812,14.41312396,13.63993024,14.31399656,2028141,28805158.18,1.046700
2024-09-27,14.75015712,15.42422344,14.6708552,15.14666672,3360353,50960970.77,1.734200
2024-09-30,15.7612566,17.08956376,15.18631768,16.87148348,6282779,102418643.95,3.242500
2024-10-08,19.07211176,19.79574178,16.51462484,18.01144858,14535646,262848026.52,7.501700
2024-10-09,16.9507854,16.9507854,15.364747,15.7116929,7780142,126836850.16,4.015300
2024-10-10,15.99916236,16.1082025,15.32509604,15.58282728,3713594,58937524.84,1.916500
2024-10-11,15.5630018,15.6125655,14.55190232,14.78980808,3324946,50563774.86,1.716000
2024-10-14,14.79972082,15.08719028,14.43294944,15.05745206,3107046,46468152.56,1.603500
2024-10-15,14.99797562,15.19623042,14.6212915,14.64111698,3399164,50888828.24,1.754300
2024-10-16,14.43294944,14.86911,14.41312396,14.64111698,2192540,32429504.6,1.131500
2024-10-17,14.86911,15.00788836,14.61137876,14.64111698,2352536,35128148.82,1.214100
2024-10-18,14.6708552,15.12684124,14.53207684,14.9682374,4740092,70999518.77,2.446300
2024-10-21,15.03762658,15.24579412,14.87902274,15.14666672,4572641,69513380.35,2.359900
2024-10-22,15.38457248,15.4638744,15.17640494,15.38457248,4085576,63079265.93,2.108500
2024-10-23,15.3151833,15.48369988,15.08719028,15.22596864,3278100,50546075.98,1.691800
2024-10-24,15.2656196,16.7525306,15.13675398,16.0090751,7558966,121920413.52,3.901100
2024-10-25,16.12802798,16.12802798,15.6621292,15.82073304,5430064,86666014.5,2.802400
2024-10-28,15.58282728,15.99916236,15.28544508,15.90003496,5660049,89241582.31,2.921100
2024-10-29,15.85047126,15.93968592,15.18631768,15.2656196,5008310,77938746.5,2.584700
2024-10-30,15.2656196,15.33500878,14.77989534,14.9682374,3467862,52500326.0,1.789700
2024-10-31,14.93849918,15.14666672,14.88893548,15.08719028,3118751,47279424.0,1.609600
2024-11-01,15.08719028,15.12684124,14.58164054,14.86911,3028044,45485036.02,1.562700
2024-11-04,14.86911,15.32509604,14.76006986,15.29535782,2989943,45535259.41,1.543100
2024-11-05,15.2656196,15.5134381,15.1169285,15.47378714,4018380,62392332.6,2.073800
2024-11-06,15.4638744,15.65221646,15.27553234,15.4638744,4146700,64724218.14,2.140100
2024-11-07,15.42422344,16.09828976,15.29535782,15.9595114,5716288,91374924.06,2.950100
2024-11-08,15.99916236,16.1082025,15.74143112,15.79099482,5045528,80942221.0,2.603900
2024-11-11,15.74143112,16.0090751,15.57291454,16.0090751,3885626,62066193.32,2.005300
2024-11-12,16.0586388,16.26680634,15.7612566,15.89012222,4756097,77033272.09,2.454600
2024-11-13,15.78108208,15.9595114,15.5630018,15.79099482,2655815,42203177.32,1.370600
2024-11-14,15.79099482,15.82073304,15.29535782,15.34492152,2300123,36131079.38,1.187100
2024-11-15,15.35483426,15.75134386,15.14666672,15.17640494,2800120,43678753.1,1.445100
2024-11-18,15.20614316,15.42422344,14.63120424,14.74024438,2668669,40128820.17,1.377300
2024-11-19,14.77989534,15.13675398,14.75015712,15.13675398,1920100,28892668.0,0.990900
2024-11-20,14.99797562,15.32509604,14.9682374,15.3151833,2310565,35459956.3,1.192500
2024-11-21,15.2656196,15.44404892,15.1664922,15.33500878,1980359,30599177.87,1.022000
2024-11-22,15.364747,15.42422344,14.64111698,14.6708552,2713926,41024166.1,1.400600
2024-11-25,14.6708552,15.04753932,14.63120424,15.0178011,1830660,27422188.6,0.944800
2024-11-26,15.0178011,16.3064573,14.98806288,16.22715538,9151475,146145533.56,4.723000
2024-11-27,16.14785346,16.14785346,15.5630018,16.06855154,5069606,81319971.04,2.616400
2024-11-28,16.01898784,16.43532292,15.96942414,16.07846428,4675090,76329746.9,2.412800
2024-11-29,16.0586388,16.61375224,15.9595114,16.32628278,7188569,118910571.75,3.710000
2024-12-02,16.34610826,16.47497388,16.0586388,16.31637004,4923598,80823086.5,2.541000
2024-12-03,16.34610826,16.36593374,15.91986044,15.97933688,4598950,74602450.5,2.373500
2024-12-04,15.94959866,16.78226882,15.70178016,16.34610826,6549220,107762197.1,3.380000
2024-12-05,16.18750442,17.4959861,15.98924962,17.41668418,11745313,199769084.15,6.061600
2024-12-06,17.02017458,17.30764404,16.78226882,17.05982554,7426787,127276112.29,3.832900
2024-12-09,17.05982554,17.2481676,16.71287964,16.74261786,4969650,84893812.5,2.564800
2024-12-10,17.05982554,17.842932,16.86157074,16.97061088,6860627,119325547.48,3.540700
2024-12-11,16.84174526,17.52572432,16.8020943,17.16886568,6552837,114163359.25,3.381900
2024-12-12,17.2977313,17.52572432,16.94087266,17.35720774,6335286,110401535.3,3.269600
2024-12-13,17.2977313,17.31755678,16.87148348,16.91113444,4956387,85274383.8,2.557900
2024-12-16,16.92104718,16.99043636,16.22715538,16.34610826,5767950,96144694.5,2.976800
2024-12-17,16.2568936,16.3064573,15.60265276,15.7612566,4286820,68582939.9,2.212400
2024-12-18,15.80090756,15.94959866,15.4143107,15.5630018,3247690,51470789.8,1.676100
2024-12-19,15.4143107,15.89012222,15.09710302,15.6621292,3889969,60591478.62,2.007600
2024-12-20,15.54317632,16.04872606,15.54317632,15.8108203,4435300,70804099.01,2.289000
2024-12-23,15.59274002,15.78108208,14.83937178,14.88893548,4052547,62007143.35,2.091500
2024-12-24,14.89884822,15.0673648,14.71050616,14.95832466,2719349,40882789.53,1.403400
2024-12-25,14.94841192,15.0673648,14.4726004,14.60146602,3575417,53023968.38,1.845200
2024-12-26,14.66094246,15.48369988,14.55190232,15.08719028,4955169,74741231.09,2.557300
2024-12-27,15.0178011,15.24579412,14.88893548,14.9186737,3356498,50867577.37,1.732300
2024-12-30,14.90876096,14.9186737,14.60146602,14.78980808,2346377,34899027.47,1.210900
2024-12-31,14.7699826,14.85919726,14.0760908,14.25452012,3016299,44011458.11,1.556700
2025-01-02,14.16530546,14.49242588,13.7787086,13.91748696,3012409,43074719.67,1.554700
2025-01-03,13.98687614,14.05626532,13.47141366,13.47141366,3088129,42637721.04,1.593800
2025-01-06,13.382199,13.5308901,12.9856894,13.30289708,3049898,40727051.27,1.574000
2025-01-07,13.29298434,13.382199,12.99560214,13.34254804,3216947,42797971.75,1.660200
2025-01-08,13.3326353,13.52097736,12.90638748,13.1343805,3990218,53019556.06,2.059300
2025-01-09,13.06499132,13.46150092,12.9856894,13.2830716,4228649,56686593.79,2.182400
2025-01-10,13.29298434,13.34254804,12.7874346,12.82708556,4327490,56660020.5,2.233400
2025-01-13,12.7874346,12.92621296,12.54952884,12.92621296,2673519,34364315.23,1.379800
2025-01-14,12.92621296,13.35246078,12.89647474,13.34254804,3547350,47207974.72,1.830800
2025-01-15,13.382199,13.382199,13.0352531,13.14429324,3106867,41282125.28,1.603400
2025-01-16,13.15420598,13.31280982,13.02534036,13.22359516,2868867,38159673.47,1.480600
2025-01-17,13.14429324,13.45158818,13.0848168,13.35246078,3672565,49333710.06,1.895400
2025-01-20,13.382199,13.54080284,13.26324612,13.45158818,3048859,41203812.92,1.573500
2025-01-21,13.47141366,13.4813264,13.21368242,13.31280982,2170818,29129509.02,1.120300
2025-01-22,13.31280982,13.31280982,13.1343805,13.14429324,1642800,21896016.0,0.847800
2025-01-23,13.2335079,13.39211174,13.06499132,13.0848168,2084010,27830027.3,1.075500
2025-01-24,13.10464228,13.47141366,12.9361257,13.4317627,3259779,43182276.04,1.682300
2025-01-27,13.36237352,13.93731244,13.3326353,13.4813264,5295288,72571387.47,2.732800
2025-02-05,13.42184996,13.56062832,13.1343805,13.2335079,3767547,50377321.63,1.944400
2025-02-06,13.19385694,13.46150092,13.01542762,13.4317627,3939816,52724357.74,2.033300
2025-02-07,13.4317627,13.75888312,13.39211174,13.6300175,4482839,61395976.15,2.313500
2025-02-10,13.4813264,13.8282723,13.4317627,13.8282723,3885696,53498381.5,2.005400
2025-02-11,13.8282723,13.93731244,13.60027928,13.73905764,2521170,34875094.1,1.301200
2025-02-12,13.69940668,13.78862134,13.46150092,13.6795812,3508097,48111068.55,1.810500
2025-02-13,13.63993024,13.73905764,13.50115188,13.50115188,2763218,37954947.94,1.426100
2025-02-14,13.50115188,14.0265271,13.46150092,13.68949394,5080037,70344111.57,2.621800
2025-02-17,13.7787086,13.78862134,10.9535777,13.3326353,6762482,91019386.02,3.490100
2025-02-18,13.64984298,13.64984298,12.82708556,12.91630022,5808790,77329042.04,2.997900
2025-02-19,12.92621296,13.01542762,12.87664926,12.97577666,3721696,48617329.24,1.920700
2025-02-20,12.95595118,13.12446776,12.886562,13.00551488,4893437,64273415.99,2.525500
2025-02-21,13.00551488,13.0848168,12.6883072,12.76760912,5008605,64659862.98,2.584900
2025-02-24,12.76760912,12.9856894,12.76760912,12.86673652,3572796,46339063.5,1.843900
2025-02-25,12.76760912,12.81717282,12.59909254,12.6387435,4033647,51668139.74,2.081700
2025-02-26,12.62883076,12.886562,12.60900528,12.85682378,3439840,44185218.1,1.775300
2025-02-27,12.91630022,12.9856894,12.72795816,12.97577666,3880429,50428435.21,2.002700
2025-02-28,12.97577666,13.04516584,12.60900528,12.62883076,3353799,43364673.88,1.730900
2025-03-03,12.86673652,12.94603844,12.64865624,12.76760912,3270000,42304008.0,1.687600
2025-03-04,12.6883072,12.91630022,12.61891802,12.86673652,2343998,30278116.58,1.209700
2025-03-05,12.92621296,12.94603844,12.60900528,12.64865624,3296700,42197199.5,1.701400
2025-03-06,12.67839446,12.7378709,12.50987788,12.66848172,4607250,58786652.81,2.377800
2025-03-07,12.60900528,12.6883072,12.45040144,12.50987788,4146100,52468504.0,2.139800
2025-03-10,12.51979062,12.66848172,12.47022692,12.66848172,3050320,38802182.3,1.574200
2025-03-11,12.5891798,12.77752186,12.52970336,12.76760912,2718680,34703928.6,1.403100
2025-03-12,12.75769638,12.79734734,12.62883076,12.65856898,3193348,40882834.91,1.648100
2025-03-13,12.62883076,12.65856898,12.35127404,12.47022692,4151417,52334883.29,2.142500
2025-03-14,12.4900524,13.07490406,12.4900524,13.0352531,10626600,138150115.14,5.484300
2025-03-17,13.07490406,13.32272256,13.0352531,13.14429324,7612623,101196935.62,3.928800
2025-03-18,13.17403146,13.26324612,13.00551488,13.07490406,4718307,62209007.7,2.435100
2025-03-19,13.0352531,13.07490406,12.91630022,12.9856894,3359570,44021620.06,1.733800
2025-03-20,12.94603844,13.12446776,12.90638748,12.9361257,3381490,44345435.92,1.745200
2025-03-21,12.97577666,12.9856894,12.69821994,12.72795816,3816000,49299591.0,1.969400
2025-03-24,12.72795816,12.80726008,12.1926702,12.40083774,4100099,51489099.54,2.116000
2025-03-25,12.40083774,12.50987788,12.22240842,12.49996514,3075600,38327214.0,1.587300
2025-03-26,12.47022692,12.8369983,12.35127404,12.64865624,3043680,38903724.3,1.570800
2025-03-27,12.72795816,12.77752186,12.47022692,12.65856898,3370800,42934368.0,1.739600
2025-03-28,12.6387435,12.71804542,12.4404887,12.45040144,2640067,33397143.83,1.362500
2025-03-31,12.46031418,12.47022692,12.10345554,12.17284472,3045860,37534894.2,1.571900
2025-04-01,12.1926702,12.7874346,12.18275746,12.62883076,4939141,62842526.07,2.549000
2025-04-02,12.72795816,12.97577666,12.60900528,12.7378709,4236245,54745818.33,2.186300
2025-04-03,12.6883072,13.16411872,12.60900528,12.91630022,6330178,82845789.76,3.266900
2025-04-07,12.60900528,12.886562,10.93375222,11.19148346,10734919,130415721.5,5.540200
2025-04-08,11.36000004,12.03406636,11.23113442,12.00432814,8840884,105478765.1,4.562700
2025-04-09,11.9448517,12.45040144,11.29061086,12.32153582,8566025,101982778.96,4.420800
2025-04-10,12.4900524,14.34373478,12.2917976,13.91748696,18423290,247680237.66,9.508100
2025-04-11,13.63993024,13.877836,13.1839442,13.4317627,14027382,190263949.88,7.239400
2025-04-14,13.46150092,13.9273997,13.29298434,13.70931942,11502888,158575027.25,5.936500
2025-04-15,13.76879586,14.73033164,13.55071558,14.53207684,18620681,266260624.35,9.610000
2025-04-16,14.10582902,14.4230367,13.85801052,13.98687614,10524256,149634793.06,5.431500
2025-04-17,13.7787086,14.36356026,13.5804538,14.13556724,10729306,151757443.24,5.537300
2025-04-18,13.98687614,15.68195468,13.90757422,14.373473,17631640,262802151.1,9.099500
2025-04-21,14.44286218,15.02771384,14.26443286,14.4726004,12460750,183154227.44,6.430900
2025-04-22,14.38338574,14.61137876,14.10582902,14.29417108,8325050,119915794.0,4.296500
2025-04-23,14.31399656,14.94841192,14.14547998,14.21486916,8432198,123042858.43,4.448500
2025-04-24,14.36356026,16.48488662,13.9273997,15.860384,25730369,397078143.16,13.574200
2025-04-25,15.2656196,15.5630018,14.7699826,15.0673648,17905155,272357614.35,9.446000
2025-04-28,14.88893548,14.92858644,14.13556724,14.3239093,8941689,129680639.22,4.717200
2025-04-29,14.2743456,14.49242588,14.0760908,14.2743456,6352500,91640964.71,3.351300
2025-04-30,14.2743456,14.43294944,14.0265271,14.06617806,6265599,89806449.62,3.305500
2025-05-06,14.09591628,14.8195463,14.08600354,14.65102972,7385607,107698436.94,3.896300
2025-05-07,14.7204189,14.78980808,14.21486916,14.44286218,7491393,109475948.66,3.952100
2025-05-08,14.4230367,14.56181506,14.26443286,14.5221641,5895163,85658177.97,3.110000
2025-05-09,14.44286218,14.54198958,14.1256545,14.21486916,4848178,69858350.4,2.557700
2025-05-12,14.26443286,14.3239093,14.03643984,14.14547998,4183192,59655538.36,2.206900
2025-05-13,14.31399656,14.373473,13.90757422,13.93731244,5386916,76369735.47,2.841900
2025-05-14,14.04635258,14.04635258,13.65975572,13.79853408,4920828,68386747.54,2.596000
2025-05-15,13.75888312,15.0178011,13.69940668,14.66094246,13225675,193484955.81,6.977300
2025-05-16,14.50233862,14.60146602,14.19504368,14.48251314,7890091,114770181.06,4.162500
2025-05-19,14.46268766,14.5221641,14.1256545,14.46268766,5651226,81632130.63,2.981300
2025-05-20,14.3239093,15.1664922,14.3239093,14.84928452,11478600,172368254.64,6.055600
2025-05-21,14.87902274,15.15657946,14.75015712,14.8195463,7008650,105199907.71,3.697500
2025-05-22,14.70059342,15.12684124,14.36356026,14.39329848,6389113,94509651.93,3.370600
2025-05-23,14.44286218,14.55190232,14.06617806,14.11574176,5915227,85413013.98,3.120600
2025-05-26,14.09591628,14.73033164,14.0265271,14.53207684,5899499,86199195.68,3.112300
2025-05-27,15.03762658,17.43650966,15.03762658,17.43650966,26341989,448468519.45,13.896900
2025-05-28,17.842932,18.80446778,16.93095992,17.10938924,42497801,767343657.99,22.420000
2025-05-29,16.92104718,17.10938924,16.23706812,16.6534032,28347134,473372611.84,14.954700
2025-05-30,16.34610826,16.43532292,15.65221646,15.87029674,20438737,327154377.16,10.782600
2025-06-03,15.67204194,16.7029669,15.60265276,16.67322868,21013152,344585091.22,11.085600
2025-06-04,16.356021,16.56418854,16.1082025,16.36593374,16508280,271566090.65,8.709000
2025-06-05,16.2073299,16.8020943,16.01898784,16.18750442,14878329,244914648.6,7.849100
2025-06-06,16.09828976,16.16767894,15.40439796,15.5630018,12621151,199062389.96,6.658400
2025-06-09,15.6125655,16.61375224,15.48369988,16.43532292,13224580,215703002.26,6.976700
2025-06-10,16.43532292,16.56418854,16.07846428,16.21724264,11147893,183246421.25,5.881100
2025-06-11,16.3064573,16.356021,16.08837702,16.2073299,6124950,100075401.5,3.231300
2025-06-12,16.13794072,16.43532292,16.06855154,16.28663182,6843000,112059167.0,3.610100
2025-06-13,16.21724264,16.22715538,15.63239098,15.7612566,7315879,116803352.18,3.859500
2025-06-16,15.64230372,15.94959866,15.64230372,15.94959866,3991880,63860826.2,2.105900
2025-06-17,15.94959866,16.04872606,15.65221646,15.78108208,4283810,68295294.6,2.259900
2025-06-18,15.67204194,15.7116929,15.24579412,15.4638744,5019400,78033229.0,2.648000
2025-06-19,15.34492152,15.5630018,15.08719028,15.18631768,3914750,60252346.0,2.065200
2025-06-20,15.1664922,15.30527056,15.0673648,15.08719028,2284460,34978289.7,1.205200
2025-06-23,15.07727754,15.25570686,14.89884822,15.25570686,2621850,40024776.0,1.383200
2025-06-24,15.3151833,15.50352536,15.09710302,15.48369988,3628750,56468216.5,1.914400
2025-06-25,15.49361262,15.63239098,15.2160559,15.43413618,3602272,55876681.82,1.900400
2025-06-26,15.4143107,15.55308906,15.19623042,15.19623042,5508750,85364412.01,2.906200
2025-06-27,15.19623042,15.5630018,15.1664922,15.25570686,4957548,76548475.41,2.615400
2025-06-30,15.23588138,15.53326358,15.12684124,15.45396166,5836447,90560784.6,3.079100
2025-07-01,15.40439796,16.29654456,15.40439796,16.23706812,12721064,205343878.11,6.711100
2025-07-02,16.08837702,16.63357772,16.07846428,16.18750442,8935160,146817801.83,4.713800
2025-07-03,16.18750442,16.6534032,16.0586388,16.5047121,8934142,148451146.51,4.713300
2025-07-04,16.5047121,19.329843,16.5047121,18.59630024,29778196,543033358.28,15.709700
2025-07-07,18.64586394,18.9333334,18.0411868,18.31874352,16786835,311429539.46,8.856000
2025-07-08,18.62603846,18.81438052,18.1403142,18.31874352,9521507,176941919.27,5.023100
2025-07-09,18.19979064,18.57647476,17.72397912,17.81319378,10567639,192392372.39,5.575000
2025-07-10,17.87267022,17.9420594,17.07965102,17.21842938,10678490,186994476.6,5.633500
2025-07-11,17.20851664,17.25808034,16.98052362,17.22834212,6630750,114452701.0,3.498100
2025-07-14,17.22834212,17.2977313,16.91113444,17.04000006,5139749,88423358.32,2.711500
2025-07-15,17.04000006,17.17877842,16.78226882,17.04000006,4987649,85357120.03,2.631300
2025-07-16,17.15,17.21,16.95,17.13,3983750,68116349.5,2.101600
2025-07-17,17.09,17.28,17.01,17.13,4902650,83850235.0,2.586400
2025-07-18,17.13,17.23,16.91,17.06,5805750,98900684.5,3.062900
2025-07-21,17.09,17.2,16.97,17.16,4563799,78042782.96,2.407700
2025-07-22,17.19,17.28,16.92,17.15,5269252,90093349.14,2.779800
2025-07-23,17.2,17.77,17.03,17.2,10726503,186570804.37,5.658800
2025-07-24,17.2,17.66,17.2,17.58,7649299,133510583.51,4.035400
2025-07-25,17.73,17.77,17.07,17.16,8427740,146466413.74,4.446100
2025-07-28,17.16,17.25,16.96,16.99,5198070,88549261.5,2.742300
2025-07-29,17.77,17.91,16.96,17.12,7495646,129447034.08,3.954400
2025-07-30,17.12,17.34,16.91,17.09,5880549,100879563.3,3.102300
2025-07-31,17.1,17.39,16.76,17.0,7583149,128758265.62,4.000500
2025-08-01,16.83,20.4,16.83,20.4,34245883,663050299.01,18.066600
2025-08-04,20.4,23.2,20.19,22.66,40354032,869665634.64,21.289000
2025-08-05,22.5,23.76,20.11,20.33,42568280,914898207.14,22.457100
2025-08-06,20.39,20.6,19.29,19.52,25906341,511196230.66,13.667000
2025-08-07,19.45,19.92,19.07,19.26,17521483,340348175.43,9.243600
2025-08-08,19.21,19.67,18.98,19.2,13912774,268136468.4,7.339800
2025-08-11,19.54,20.76,19.26,20.16,20341446,406993131.82,10.731200
2025-08-12,20.0,20.4,19.64,19.79,12788699,254710128.51,6.746800
2025-08-13,19.85,20.15,19.52,19.89,9984577,197890959.09,5.267400
2025-08-14,19.74,19.83,19.13,19.2,8580379,167069347.23,4.526600
2025-08-15,19.21,19.41,19.1,19.38,5317090,102484780.63,2.805100
2025-08-18,19.48,19.78,19.39,19.6,7877961,154477116.17,4.156100
2025-08-19,19.65,20.37,19.43,20.16,14353147,286971058.84,7.572100
2025-08-20,19.78,20.7,19.5,20.7,15153499,303083365.32,7.820600
2025-08-21,22.02,24.66,21.09,21.34,35957258,813925590.72,18.557200
2025-08-22,20.8,21.2,20.32,20.49,18597814,382974289.94,9.598100
2025-08-25,20.25,20.59,20.18,20.35,13711914,279272660.45,7.076600
2025-08-26,20.37,20.86,19.91,19.96,15939010,322504275.2,8.226000
2025-08-27,19.85,20.08,19.23,19.24,11265100,222291664.0,5.813800
2025-08-28,19.24,19.89,18.55,19.79,12193068,235480547.74,6.292700
2025-08-29,19.92,19.92,19.18,19.21,8157050,158739176.4,4.209800
2025-09-01,19.21,19.56,19.11,19.49,6812850,132328494.0,3.516000
2025-09-02,19.55,19.63,19.02,19.14,7128467,137619024.24,3.678900
2025-09-03,19.14,19.3,18.34,18.35,7410210,138478287.3,3.824300
2025-09-04,18.35,18.89,18.29,18.6,7289810,135881457.3,3.762200
2025-09-05,18.75,18.95,18.23,18.92,5667456,105827327.55,2.924900
2025-09-08,18.2,18.71,17.62,18.46,11296390,207091001.9,5.830000
2025-09-09,18.37,19.37,18.31,18.88,10028350,188643994.44,5.175500
2025-09-10,18.9,19.42,18.5,19.2,9218239,175210521.22,4.757400
2025-09-11,19.14,19.15,18.71,19.02,7374058,139716840.92,3.805700
2025-09-12,19.08,19.37,18.85,18.93,7232184,138091829.05,3.732500
2025-09-15,18.8,19.49,18.64,19.11,5845249,111772540.89,3.016700
2025-09-16,19.03,19.25,18.86,19.18,4778449,91085530.82,2.466100
2025-09-17,19.2,19.36,19.02,19.11,5698970,109413151.39,2.941200
2025-09-18,19.11,19.38,18.46,18.65,6667240,126654250.4,3.440900
2025-09-19,18.64,19.09,18.27,18.29,6895540,128674400.8,3.558700
2025-09-22,18.29,18.42,17.69,17.87,6975485,125031459.03,3.600000
2025-09-23,17.87,18.0,17.17,17.49,5598950,97573834.5,2.889600
2025-09-24,17.49,17.92,17.45,17.92,3212354,57016895.69,1.657900
2025-09-25,17.93,18.0,17.53,17.56,3709598,65655099.72,1.914500
2025-09-26,17.59,17.76,17.25,17.4,3293937,57723422.61,1.700000
2025-09-29,17.4,17.66,17.0,17.66,3635549,63295452.42,1.876300
2025-09-30,17.62,17.83,17.42,17.44,2989250,52553537.0,1.542700
2025-10-09,17.79,17.79,16.99,17.14,5849740,100271041.4,3.019000
2025-10-10,17.05,17.57,17.04,17.33,3992349,69247915.39,2.060400
2025-10-13,16.83,17.35,16.37,16.94,5320889,90323622.6,2.746100
2025-10-14,16.94,17.17,16.57,16.6,3946509,66382097.4,2.036800
2025-10-15,16.8,17.07,16.57,17.01,3691499,62405650.32,1.905100
2025-10-16,16.98,17.11,16.77,16.82,2874000,48680284.5,1.483200
2025-10-17,16.8,17.02,16.61,16.61,3246100,54701368.0,1.675300
2025-10-20,16.72,17.02,16.4,16.56,3803350,63447241.0,1.962900
2025-10-21,16.56,16.99,16.46,16.94,3377570,56646186.0,1.743100
2025-10-22,18.83,19.6,17.61,17.68,24824738,459676681.06,12.811800
2025-10-23,17.45,17.5,16.79,16.96,16177799,275334204.45,8.349200
2025-10-24,17.27,17.27,16.82,17.03,8371200,142061198.52,4.320300
2025-10-27,16.91,17.35,16.88,17.03,7335250,125188994.0,3.785700
2025-10-28,16.87,17.29,16.86,17.09,6538440,111833751.0,3.374400
2025-10-29,17.09,17.76,16.79,17.6,9677299,167577382.71,4.994400
2025-10-30,17.57,17.6,17.07,17.11,6603450,114027995.5,3.408000
2025-10-31,17.09,17.58,17.09,17.48,6090160,105537788.3,3.143100
2025-11-03,17.36,17.71,17.29,17.69,5948324,104510619.1,3.069900
2025-11-04,17.6,17.71,17.32,17.5,4196200,73548899.0,2.165600
2025-11-05,17.32,17.68,17.31,17.45,4348070,76086704.8,2.244000
2025-11-06,17.45,17.5,17.32,17.39,2943230,51246243.6,1.519000
2025-11-07,17.34,17.48,17.17,17.19,3337850,57873807.5,1.722600
2025-11-10,17.25,18.09,17.17,18.0,8728698,155175686.14,4.504800
2025-11-11,18.09,18.09,17.7,17.91,4991149,89159591.19,2.575900
2025-11-12,18.4,19.49,18.11,19.17,20821921,393093438.12,10.746000
2025-11-13,18.8,19.34,18.46,19.18,12681580,240730450.2,6.544800
2025-11-14,19.08,20.92,19.07,19.9,20099167,407855950.66,10.373000
2025-11-17,19.83,19.86,19.16,19.3,10092430,196198476.01,5.208600
2025-11-18,19.18,19.43,18.62,18.75,8187299,154593627.13,4.225400
2025-11-19,18.82,19.07,18.48,18.81,7054749,132148444.49,3.640900
2025-11-20,18.62,18.89,18.35,18.74,7144100,133094310.0,3.687000
2025-11-21,18.21,18.7,17.92,18.17,6916140,126653398.3,3.569400
2025-11-24,18.32,18.87,18.2,18.37,5369158,99332487.8,2.771000
2025-11-25,18.58,18.84,18.4,18.56,5104459,95005542.21,2.634400
2025-11-26,18.45,18.79,17.83,17.99,7698210,140443169.2,3.973000
2025-11-27,18.04,18.21,17.82,17.91,4362910,78331278.5,2.251700
2025-11-28,17.88,18.18,17.72,18.16,3471240,62591842.8,1.791500
2025-12-01,18.17,18.23,17.93,17.98,3044070,54975013.0,1.571000
2025-12-02,17.97,18.18,17.6,18.02,4046170,72669186.0,2.088200
2025-12-03,18.06,18.14,17.65,17.76,2977820,53039530.6,1.536800
2025-12-04,17.76,17.89,17.43,17.48,2629800,46346325.0,1.357200
2025-12-05,17.5,17.5,17.13,17.38,3434070,59411177.6,1.772300
2025-12-08,17.51,17.56,17.09,17.16,4783465,82634937.64,2.468700
2025-12-09,17.25,17.31,17.08,17.11,3255110,55900383.0,1.679900
2025-12-10,17.06,17.21,16.84,16.95,3165149,53733425.9,1.633500
2025-12-11,16.94,16.94,16.55,16.55,3606770,60163576.2,1.861400
2025-12-12,16.55,16.86,16.42,16.65,3453700,57569182.99,1.782400
2025-12-15,16.63,16.94,16.45,16.8,3281700,55079573.36,1.693700
2025-12-16,16.9,17.18,16.48,16.54,4120222,68886204.12,2.126400
2025-12-17,16.48,16.69,16.11,16.36,4193600,68699628.05,2.164300
2025-12-18,16.4,16.67,16.29,16.42,2859619,47172881.97,1.475800
2025-12-19,16.43,16.81,16.33,16.79,3741870,62145496.81,1.931100
2025-12-22,16.77,16.9,16.66,16.81,3546000,59471509.8,1.830100
2025-12-23,17.01,17.18,16.5,16.64,4526300,75440151.31,2.336000
2025-12-24,16.56,16.85,16.53,16.82,2719500,45503676.0,1.403500
2025-12-25,16.85,17.24,16.79,17.15,4069699,69334135.04,2.100300
2025-12-26,17.25,17.65,16.72,16.76,4886409,83105750.68,2.521800
2025-12-29,16.72,17.1,16.61,16.87,4009741,67698979.21,2.069400
2025-12-30,16.81,17.0,16.56,16.58,3161150,52840100.0,1.631400
2025-12-31,16.6,16.86,16.41,16.77,2953385,49069380.33,1.524200
2026-01-05,16.77,17.36,16.64,17.24,5191805,88778144.98,2.679400
2026-01-06,17.25,17.33,17.0,17.3,4423100,76103936.5,2.282700
2026-01-07,17.23,17.35,17.01,17.2,5005899,85974754.71,2.583500
2026-01-08,17.17,17.4,17.05,17.37,4043190,69792638.1,2.086700
2026-01-09,17.36,17.47,17.18,17.29,4762188,82413121.54,2.457700
2026-01-12,17.31,17.71,17.23,17.68,4930343,86312525.68,2.544500
2026-01-13,17.81,18.38,17.5,18.03,9477900,170281096.8,4.891500
2026-01-14,18.0,18.19,17.6,17.87,7542710,135182174.7,3.892700
2026-01-15,17.95,18.0,17.43,17.61,5634470,99374235.9,2.878500
2026-01-16,17.69,17.89,17.35,17.87,6118770,107812928.8,3.126000
2026-01-19,17.8,18.12,17.62,18.11,6358150,113884676.0,3.248300
2026-01-20,18.09,18.29,17.87,18.11,5161920,93263501.6,2.637100
2026-01-21,18.08,18.78,17.88,18.7,9298240,171027064.0,4.750300
2026-01-22,18.59,18.9,18.2,18.68,9214072,170283361.7,4.707300
2026-01-23,18.7,18.75,18.26,18.33,5563820,102610937.8,2.842500
2026-01-26,18.33,19.07,18.01,19.01,12052400,224380259.6,6.157300
2026-01-27,18.77,19.56,18.68,19.01,9845048,187141628.09,5.029700
2026-01-28,18.92,19.69,18.77,18.91,7386859,141013000.63,3.773800
2026-01-29,18.8,19.12,18.61,18.97,5632281,106828512.59,2.877400
2026-01-30,18.82,19.45,18.73,19.33,8025946,154480224.77,4.100300
2026-02-02,19.2,19.32,18.82,18.93,7219870,137467563.02,3.688500
2026-02-03,19.06,19.19,18.48,18.62,5991788,111867125.93,3.061100
2026-02-04,18.62,18.72,18.36,18.59,3688259,68327308.0,1.884300
2026-02-05,18.57,18.77,18.46,18.5,2865209,53310455.26,1.463800
2026-02-06,18.39,19.13,18.39,18.91,4387270,82697612.0,2.241400
2026-02-09,18.94,19.15,18.73,18.79,3827451,72292806.24,1.955400
2026-02-10,18.72,18.82,18.43,18.52,3359139,62242928.48,1.716100
2026-02-11,18.5,18.65,18.36,18.55,2111040,39104368.5,1.078500
2026-02-12,18.55,18.55,18.08,18.12,3215940,58590383.4,1.643000
2026-02-13,18.22,18.3,17.92,17.92,3365958,60833057.11,1.719600
2026-02-24,18.05,18.1,17.86,18.01,2438550,43833880.49,1.245800
2026-02-25,18.07,18.16,17.95,17.99,2632400,47509612.0,1.344800
2026-02-26,18.04,18.1,17.65,17.78,3170240,56333060.8,1.619600
2026-02-27,17.79,18.05,17.64,17.97,2294200,41082549.0,1.172100
2026-03-02,17.78,17.85,17.19,17.32,4165610,72624893.1,2.128100
2026-03-03,17.42,17.48,16.63,16.66,3689170,62647410.6,1.884700
2026-03-04,16.5,16.76,16.15,16.25,4369638,71626839.9,2.232400
2026-03-05,16.42,16.63,16.28,16.41,2964041,48768214.77,1.514300
2026-03-06,16.45,16.77,16.33,16.68,3205831,53449561.58,1.637800
2026-03-09,16.65,17.08,16.61,16.84,4367019,73654313.87,2.231000
2026-03-10,16.86,17.15,16.83,16.97,2898270,49168808.0,1.480700
2026-03-11,17.13,17.13,16.65,16.75,2649500,44549912.0,1.353600
2026-03-12,16.85,16.87,16.6,16.66,1823740,30454988.2,0.931700
2026-03-13,16.68,17.14,16.56,16.85,2983910,50504704.0,1.524400
2026-03-16,16.83,17.18,16.81,16.95,2988620,50789758.2,1.526800
2026-03-17,17.0,17.0,13.56,16.26,3926055,65055889.89,2.005700
2026-03-18,16.72,16.72,16.21,16.46,2726041,44693921.57,1.392700
2026-03-19,16.39,16.52,16.0,16.04,2487400,40297202.0,1.270800
2026-03-20,16.28,16.28,15.4,15.43,3535910,55516612.3,1.806400
2026-03-23,15.27,15.27,14.45,14.51,3584090,53130521.1,1.831000
2026-03-24,14.83,15.28,14.66,15.19,4264368,63799646.02,2.178600
2026-03-25,15.26,15.4,15.2,15.37,1889651,28955593.29,0.965400
2026-03-26,15.38,15.63,15.06,15.16,2312959,35362482.5,1.181600
2026-03-27,15.01,18.19,15.01,18.19,15293740,264331271.81,7.813300
2026-03-30,17.68,19.49,17.29,18.79,29926112,548265703.87,15.288700
2026-03-31,18.12,18.63,17.9,18.63,18803356,343148413.77,9.606300
2026-04-01,18.5,19.47,17.97,19.25,26230584,493623385.82,13.400700
2026-04-02,18.55,18.95,18.21,18.71,17604301,325846622.82,8.993700
2026-04-03,18.26,18.84,18.03,18.05,14316748,262097896.39,7.314200
2026-04-07,18.1,18.31,17.73,18.2,11874989,214585107.82,6.066700
2026-04-08,18.45,18.79,18.0,18.77,15658707,288744500.07,7.999700
2026-04-09,18.4,18.4,17.83,18.13,12599050,227709531.6,6.436600
2026-04-10,18.14,18.72,17.89,18.6,13476335,248158595.19,6.884800
2026-04-13,18.59,18.88,18.38,18.87,12961042,242264624.39,6.621600
2026-04-14,18.7,21.5,18.5,21.3,27447490,542639402.5,14.022400
2026-04-15,22.09,22.6,20.45,21.33,30988610,666115595.14,15.831500
2026-04-16,20.51,24.16,19.68,23.5,40012165,871542408.59,20.441500
2026-04-17,22.98,27.08,22.98,25.45,43939755,1123123408.19,22.448000
2026-04-20,24.4,24.98,22.91,23.24,34510543,812392085.96,17.630800
2026-04-21,23.01,24.15,22.6,23.45,28215366,660577749.59,14.414700
2026-04-22,24.21,24.37,21.86,22.48,37055898,853552157.09,18.931200
2026-04-23,22.55,24.5,22.55,23.15,42527225,999116648.31,21.726400
2026-04-24,23.64,23.99,21.15,21.22,37857060,842235234.71,19.340500
2026-04-27,20.9,21.86,19.44,19.5,39632289,809999425.07,20.247400
2026-04-28,19.5,19.55,18.68,18.79,23364188,441799166.73,11.936300
2026-04-29,18.03,18.6,18.03,18.29,20572368,376310876.64,10.510000
2026-04-30,18.11,18.3,17.82,17.85,16161900,290815869.0,8.256800
2026-05-06,17.89,18.77,17.85,18.17,14200889,259523095.72,7.255000
2026-05-07,18.28,18.29,17.56,17.9,15521030,278545400.3,7.929400
2026-05-08,17.96,19.08,17.73,18.83,25393040,471187595.27,12.972800
2026-05-11,18.84,19.43,18.27,18.62,19505718,363657751.82,9.965100
2026-05-12,18.37,18.61,18.02,18.3,13099980,239709777.2,6.692500
2026-05-13,18.39,18.62,18.0,18.07,13149950,239595163.0,6.718100
2026-05-14,18.17,18.68,17.79,17.91,13976670,254046818.1,7.140400
2026-05-15,18.05,18.3,17.58,17.66,10848888,193357510.92,5.542500
2026-05-18,17.6,17.6,17.21,17.38,9094730,158153143.8,4.646300
