date,open,high,low,close,volume,amount,turnover
2020-01-02,15.6515302,15.83330225,15.52715985,15.7663336,38667950,635442359.0,2.078500
2020-01-03,15.8428692,16.00550735,15.5749946,15.7089319,36160206,595202826.0,1.943700
2020-01-06,15.50802595,15.9576726,15.45062425,15.81416835,44477754,732201954.0,2.390800
2020-01-07,15.87157005,16.54125655,15.689798,16.3594845,74311979,1259252804.0,3.994600
2020-01-08,16.3594845,16.48385485,16.10117685,16.1490116,55709638,946891862.0,2.994600
2020-01-09,16.3594845,17.55535325,16.263815,17.22051,110960306,1966201509.0,5.964500
2020-01-10,17.26834475,17.40228205,17.05787185,17.2396439,57282098,1030287747.0,3.079100
2020-01-13,17.22051,17.7179914,17.03873795,17.63188885,63051197,1147649841.0,3.389200
2020-01-14,17.5457863,17.67015665,17.0674388,17.0865727,58313847,1055632005.0,3.134600
2020-01-15,16.96220235,17.05787185,16.71346165,16.8569659,42684754,751209233.0,2.294500
2020-01-16,16.94306845,17.03873795,16.71346165,16.7421625,28140763,494982653.0,1.512700
2020-01-17,16.82826505,17.0483049,16.646493,16.7230286,32380771,569571031.0,1.740600
2020-01-20,16.61779215,17.19180915,16.56039045,17.1057066,42116886,745221799.0,2.263900
2020-01-21,17.03873795,17.0674388,16.69432775,16.77086335,29439623,518805983.0,1.582500
2020-01-22,16.63692605,17.17267525,16.3594845,16.9526354,39303382,688164674.0,2.112700
2020-01-23,16.7804303,16.8760998,15.5941285,15.8620031,50231524,852446281.0,2.700100
2020-02-03,14.2738894,14.2738894,14.2738894,14.2738894,8575600,127947952.0,0.461000
2020-02-04,13.0875876,14.2164877,13.0875876,13.99644785,57536246,836749431.0,3.092800
2020-02-05,14.0634165,14.6182996,14.0634165,14.159086,42868476,642544900.0,2.304300
2020-02-06,14.20692075,14.5034962,14.0060148,14.35999195,45737394,681746145.0,2.458600
2020-02-07,14.35999195,14.6182996,14.20692075,14.5991657,38689155,584597415.0,2.079700
2020-02-10,14.4460945,14.97227675,14.350425,14.8861742,35691930,550203600.0,1.918600
2020-02-11,14.8861742,15.0009776,14.60873265,14.72353605,31731223,489834605.0,1.705700
2020-02-12,14.7139691,14.99141065,14.58959875,14.89574115,35719666,552216548.0,1.920100
2020-02-13,14.8287725,15.06794625,14.7139691,14.74266995,33602223,522394822.0,1.806200
2020-02-14,14.6757013,14.9818437,14.6565674,14.7713708,34502297,534312715.0,1.854600
2020-02-17,14.8861742,15.39322255,14.8861742,15.3453878,52359829,830379851.0,2.814500
2020-02-18,15.45062425,15.7471997,15.18274965,15.7280658,52735817,855131717.0,2.834800
2020-02-19,15.5941285,15.89070395,15.498459,15.5175929,43969580,721129155.0,2.363500
2020-02-20,15.5941285,15.7663336,15.3262539,15.7089319,45303573,738030155.0,2.435200
2020-02-21,15.96723955,16.46472095,15.94810565,16.1681455,67002639,1136692894.0,3.601600
2020-02-24,16.25424805,17.21094305,16.17771245,17.0674388,89901936,1580312906.0,4.832600
2020-02-25,16.54125655,17.45968375,16.08204295,17.2587778,113795775,2005935396.0,6.117000
2020-02-26,16.9335015,18.5024813,16.88566675,17.5075185,142985088,2671859263.0,7.686000
2020-02-27,17.9093304,18.0432677,17.01960405,17.1248405,79098324,1437453089.0,4.251800
2020-02-28,16.263815,16.6273591,15.69936495,15.75676665,85206428,1434505361.0,4.580200
2020-03-02,16.0916099,17.22051,15.7471997,17.01960405,84046764,1454886135.0,4.517800
2020-03-03,17.4692507,17.88062955,16.646493,16.84739895,98440876,1784669297.0,5.291600
2020-03-04,16.46472095,16.86653285,16.2255472,16.73259555,54012107,936684607.0,2.903400
2020-03-05,17.411849,17.82322785,16.9335015,17.6605897,111447489,2024804804.0,5.990700
2020-03-06,17.30661255,17.5649202,17.23007695,17.2396439,63379009,1149783542.0,3.406900
2020-03-09,16.86653285,17.72755835,16.75172945,17.0100371,82222594,1481238155.0,4.419800
2020-03-10,16.88566675,18.7129542,16.69432775,18.7129542,143556854,2682199616.0,7.716700
2020-03-11,19.92795685,20.5880764,19.33480595,19.46874325,283417920,5954596607.0,15.234800
2020-03-12,19.899256,20.67417895,19.4209085,20.67417895,234772479,4911108599.0,12.619900
2020-03-13,19.83228735,21.19079425,19.3443729,20.0714611,226399962,4806008401.0,12.169900
2020-03-16,20.0714611,20.0714611,18.1963389,18.41637875,163395099,3279402945.0,8.783100
2020-03-17,18.95212795,19.7461848,17.9667321,19.516578,159067916,3162515090.0,8.550400
2020-03-18,19.27740425,20.04276025,18.35897705,18.4259457,150942998,3037361808.0,8.113700
2020-03-19,18.3111423,19.73661785,18.07196855,19.39220765,139754205,2748427932.0,7.512200
2020-03-20,19.5739797,19.66008225,18.81819065,19.1339,105975092,2129770226.0,5.696500
2020-03-23,18.4450796,19.4209085,18.26330755,18.51204825,93274985,1836548627.0,5.013800
2020-03-24,19.02866355,19.08606525,16.6656269,17.63188885,152805861,2836222544.0,8.213800
2020-03-25,17.985866,17.985866,17.22051,17.5075185,104189012,1911167970.0,5.600500
2020-03-26,17.22051,17.51708545,16.88566675,17.21094305,72074136,1296028963.0,3.874200
2020-03-27,17.4692507,17.4692507,16.837832,16.837832,60247285,1079572282.0,3.238500
2020-03-30,16.3594845,16.455154,15.64196325,15.83330225,81622855,1361295567.0,4.387500
2020-03-31,16.0533421,16.1490116,15.43149035,15.4793251,57480661,951019732.0,3.089800
2020-04-01,15.4027895,15.9002709,15.33582085,15.46975815,51690446,844794771.0,2.778500
2020-04-02,15.60369545,16.23511415,15.48889205,16.2064133,71168133,1180376040.0,3.822700
2020-04-03,16.072476,16.1490116,15.689798,15.7089319,46766186,774661437.0,2.512000
2020-04-07,16.12031075,16.2064133,15.881137,16.072476,52644848,883411727.0,2.827700
2020-04-08,15.9385387,16.837832,15.881137,16.54125655,73476814,1266345234.0,3.946700
2020-04-09,16.5508235,16.6847608,16.31164975,16.455154,46831032,806437477.0,2.515400
2020-04-10,16.31164975,16.455154,15.71849885,15.7854675,49519061,827295635.0,2.659800
2020-04-13,15.5941285,15.7089319,15.3453878,15.45062425,28291027,457386526.0,1.519600
2020-04-14,15.5941285,15.881137,15.54629375,15.881137,33104701,543809563.0,1.778200
2020-04-15,15.96723955,16.0342082,15.6323963,15.7089319,36257355,600493019.0,1.947500
2020-04-16,15.689798,16.19684635,15.43149035,16.10117685,55666907,928464007.0,2.990000
2020-04-17,16.25424805,16.44558705,16.0342082,16.0916099,56900903,965418585.0,3.056300
2020-04-20,16.1872794,16.5316896,16.04377515,16.50298875,50199438,857951186.0,2.696400
2020-04-21,16.3594845,17.1057066,16.2446811,16.98133625,73132087,1273817920.0,3.928200
2020-04-22,16.73259555,17.0674388,16.67519385,16.8760998,40376093,711175138.0,2.168700
2020-04-23,16.8760998,16.92393455,16.3403506,16.38818535,40663764,704646470.0,2.184200
2020-04-24,16.38818535,16.67519385,15.9576726,16.0150743,33012183,561220662.0,1.773200
2020-04-27,15.9768065,16.2829489,15.90983785,15.94810565,23658842,397602226.0,1.270800
2020-04-28,15.94810565,15.9768065,14.924442,15.39322255,44117781,710861808.0,2.369700
2020-04-29,15.37408865,15.58456155,15.25928525,15.4027895,20767549,335331445.0,1.115500
2020-04-30,15.39322255,16.0533421,15.30712,15.9002709,40158816,663121330.0,2.157100
2020-05-06,15.689798,16.50298875,15.689798,16.50298875,43376639,732350420.0,2.329900
2020-05-07,16.7612964,17.07700575,16.40731925,16.4360201,53654608,937274223.0,2.882000
2020-05-08,16.50298875,16.7804303,16.455154,16.5508235,44309314,770287284.0,2.380000
2020-05-11,16.75172945,17.4501168,16.65605995,17.22051,73471513,1314386134.0,3.946400
2020-05-12,17.07700575,17.07700575,16.57952435,16.86653285,41469012,729841326.0,2.227400
2020-05-13,16.71346165,16.80913115,16.5508235,16.6273591,26818129,467211136.0,1.440500
2020-05-14,16.5316896,16.6847608,16.34991755,16.4360201,29687982,512089512.0,1.594600
2020-05-15,16.5508235,16.80913115,16.4742879,16.56039045,30556170,530875196.0,1.641300
2020-05-18,16.6082252,16.65605995,15.92897175,15.92897175,42568551,718660667.0,2.286500
2020-05-19,16.12031075,16.2064133,15.90983785,16.1298777,27548684,462484224.0,1.479700
2020-05-20,16.0916099,16.48385485,15.83330225,16.19684635,32616473,551124934.0,1.751900
2020-05-21,16.21598025,16.6656269,16.1681455,16.4742879,43936906,754312213.0,2.360000
2020-05-22,16.5508235,16.9143676,16.31164975,16.4934218,57888299,1008899333.0,3.109400
2020-05-25,16.38818535,16.38818535,15.64196325,15.689798,39042369,647296041.0,2.097100
2020-05-26,15.79503445,15.92897175,15.77590055,15.9194048,18206445,301738095.0,0.977900
2020-05-27,15.90983785,15.9194048,15.48889205,15.60369545,23702976,387755972.0,1.273200
2020-05-28,15.48889205,15.71849885,15.30712,15.5749946,20633060,333870232.0,1.108300
2020-05-29,15.498459,15.7280658,15.43149035,15.7089319,20076372,327575121.0,1.078400
2020-06-01,15.8237353,16.3403506,15.79503445,16.2064133,34474389,580955299.0,1.851700
2020-06-02,16.263815,16.38818535,16.08204295,16.19684635,27931417,473317812.0,1.500300
2020-06-03,16.21598025,16.40731925,16.04377515,16.15857855,32812018,556471743.0,1.762400
2020-06-04,16.19684635,16.23511415,15.90983785,15.92897175,22948585,384279115.0,1.232600
2020-06-05,15.9768065,16.08204295,15.7663336,15.9194048,16604055,276181938.0,0.891900
2020-06-08,16.072476,16.31164975,15.9576726,15.9768065,20752813,349721931.0,1.114700
2020-06-09,15.98637345,16.00550735,15.75676665,15.87157005,23246632,384743283.0,1.248600
2020-06-10,15.8046014,15.87157005,15.71849885,15.85243615,14245722,235192605.0,0.765200
2020-06-11,16.04377515,16.3020828,15.89070395,16.00550735,37110017,625762684.0,1.993300
2020-06-12,15.6323963,15.8620031,15.50802595,15.8046014,25335335,416549552.0,1.360800
2020-06-15,15.689798,15.79503445,15.50802595,15.5175929,27531034,450319429.0,1.478800
2020-06-16,15.64196325,15.8428692,15.64196325,15.81416835,25596033,421860255.0,1.374800
2020-06-17,15.83330225,15.9385387,15.66109715,15.7854675,21259099,350434600.0,1.141900
2020-06-18,15.79503445,16.2255472,15.7089319,16.072476,34594766,578306637.0,1.858200
2020-06-19,16.3403506,16.3403506,16.0150743,16.02464125,36124622,610728725.0,1.940400
2020-06-22,16.1490116,16.21598025,15.98637345,16.1107438,28558922,480143184.0,1.534000
2020-06-23,16.08204295,16.08204295,15.7663336,15.8046014,28012292,464180229.0,1.504600
2020-06-24,15.8046014,15.90983785,15.7663336,15.8428692,19384826,320845229.0,1.041200
2020-06-29,15.79479977,15.84286672,15.58330519,15.65059892,17338995,282507938.0,0.931300
2020-06-30,15.68905248,15.84286672,15.68905248,15.77557299,19969889,327793362.0,1.072600
2020-07-01,15.8620935,15.8620935,15.62175875,15.82363994,23630685,386862515.0,1.269300
2020-07-02,15.78518638,16.22740232,15.71789265,16.22740232,46883065,783230520.0,2.518200
2020-07-03,16.26585588,16.49657724,16.16010859,16.40044334,45964520,781153638.0,2.468900
2020-07-06,16.48696385,17.29448861,16.48696385,17.12144759,73249101,1294453386.0,3.934400
2020-07-07,17.38100912,17.66941082,16.96763335,17.14067437,83017830,1501742250.0,4.459100
2020-07-08,17.14067437,17.66941082,17.02531369,17.47714302,64384642,1161499538.0,3.458300
2020-07-09,17.57327692,19.01528542,17.32332878,18.35196151,100884739,1898456069.0,5.418800
2020-07-10,18.265441,18.265441,17.7847715,17.81361167,67502105,1265147844.0,3.625700
2020-07-13,17.71747777,18.24621422,17.63095726,18.12124015,57567591,1080160382.0,3.092100
2020-07-14,18.1693071,18.66920338,17.53482336,17.91935896,63880407,1201266142.0,3.431200
2020-07-15,17.92897235,18.08278659,17.07338064,17.15028776,59191916,1072568345.0,3.179400
2020-07-16,17.14067437,17.4002359,16.39082995,16.54464419,50625651,891053178.0,2.719200
2020-07-17,16.66961826,16.78497894,16.40044334,16.58309775,28201154,486586058.0,1.514800
2020-07-20,16.65039148,17.1118342,16.50619063,17.1118342,42673564,745924069.0,2.292100
2020-07-21,17.12144759,17.16951454,16.73691199,16.88111284,33620387,590190500.94,1.805800
2020-07-22,16.8234325,16.92917979,16.58309775,16.66961826,49458745,859904504.56,2.656600
2020-07-23,16.35237639,16.35237639,15.74673282,16.01590774,74598735,1242402420.21,4.006900
2020-07-24,15.98706757,15.99668096,15.29490349,15.45833112,57103152,932068226.12,3.067200
2020-07-27,15.52562485,15.63137214,15.33335705,15.63137214,23804511,383229457.77,1.278600
2020-07-28,15.68905248,15.91016045,15.65059892,15.77557299,22426422,368320723.43,1.177200
2020-07-29,15.78518638,16.00629435,15.5736918,15.99668096,29027484,479355336.68,1.523700
2020-07-30,16.00629435,16.12165503,15.80441316,15.83325333,22744926,376611814.36,1.193900
2020-07-31,15.81402655,16.01590774,15.72750604,15.89093367,24677112,407809496.87,1.295300
2020-08-03,15.89093367,16.20817554,15.8620935,16.17933537,42199278,705487532.62,2.215000
2020-08-04,16.18894876,16.21778893,15.8620935,16.01590774,35428141,590566799.97,1.859600
2020-08-05,16.11204164,16.17933537,15.92938723,16.13126842,30504322,510398218.04,1.601200
2020-08-06,16.07358808,16.08320147,15.7659596,15.97745418,36126667,597441286.32,1.896300
2020-08-07,15.96784079,15.96784079,15.58330519,15.6698257,28196032,460797486.4,1.480000
2020-08-10,15.62175875,15.85248011,15.53523824,15.79479977,20044811,328636127.65,1.052200
2020-08-11,15.82363994,16.03513452,15.6698257,15.68905248,30464652,503136257.89,1.599100
2020-08-12,15.6698257,15.79479977,15.49678468,15.78518638,25226106,409616048.75,1.324100
2020-08-13,15.78518638,15.88132028,15.74673282,15.78518638,18026425,296592205.26,0.946200
2020-08-14,15.79479977,15.9582274,15.5736918,15.94861401,23103166,380363575.72,1.212700
2020-08-17,15.97745418,16.342763,15.91016045,16.33314961,46532973,784727464.47,2.442500
2020-08-18,16.33314961,16.33314961,16.07358808,16.1504952,32814317,552281718.26,1.722400
2020-08-19,16.14088181,16.14088181,15.78518638,15.79479977,25371087,420395067.62,1.331700
2020-08-20,15.70827926,15.8620935,15.62175875,15.75634621,15121813,247732313.32,0.793700
2020-08-21,15.77557299,15.91977384,15.70827926,15.7659596,13736799,225912012.34,0.721000
2020-08-24,15.79479977,15.96784079,15.68905248,15.8620935,16955467,279004949.9,0.890000
2020-08-25,15.91016045,16.16010859,15.8620935,16.03513452,27294167,455609204.82,1.432700
2020-08-26,16.04474791,16.07358808,15.6698257,15.70827926,23451570,386675729.51,1.231000
2020-08-27,15.74673282,15.87170689,15.69866587,15.79479977,15474398,254103467.63,0.812300
2020-08-28,15.83325333,15.85248011,15.62175875,15.82363994,20473822,335186846.02,1.074700
2020-08-31,15.7659596,15.92938723,15.71789265,15.71789265,26192353,430927363.29,1.374800
2020-09-01,15.6698257,15.7659596,15.56407841,15.65059892,21447300,348668725.57,1.125800
2020-09-02,15.6698257,15.70827926,15.53523824,15.58330519,19053236,308919287.24,1.000100
2020-09-03,15.5736918,15.58330519,15.34297044,15.40065078,27332355,438646981.85,1.434700
2020-09-04,15.21799637,15.36219722,15.0930223,15.35258383,17579314,279370802.41,0.922700
2020-09-07,15.381424,15.7659596,15.381424,15.46794451,25171917,407300877.1,1.321300
2020-09-08,15.52562485,15.58330519,15.39103739,15.49678468,13775955,221843090.84,0.723100
2020-09-09,15.39103739,15.4775579,15.1891562,15.19876959,18197929,289698068.87,0.955200
2020-09-10,15.29490349,15.33335705,14.3239511,14.41047161,32806986,503917445.14,1.722000
2020-09-11,14.39124483,14.53544568,13.8432816,14.33356449,36856416,541460774.44,1.934600
2020-09-14,14.34317788,14.46815195,14.18936364,14.27588415,17805415,264936986.19,0.934600
2020-09-15,14.3239511,14.35279127,14.17975025,14.27588415,10632860,157763896.77,0.558100
2020-09-16,14.27588415,14.88152772,14.20859042,14.59312602,27397082,416661849.45,1.438100
2020-09-17,14.59312602,14.71810009,14.38163144,14.52583229,13695917,206996932.53,0.718900
2020-09-18,14.50660551,14.65080636,14.47776534,14.63157958,12359686,187481647.83,0.648800
2020-09-21,14.65080636,14.94882145,14.64119297,14.73732687,14304226,220233347.76,0.750800
2020-09-22,14.63157958,14.67964653,14.44892517,14.47776534,9843902,149122564.35,0.516700
2020-09-23,14.5162189,14.57389924,14.40085822,14.43931178,8086211,121624911.52,0.424400
2020-09-24,14.47776534,14.63157958,14.27588415,14.29511093,12448336,186575638.79,0.653400
2020-09-25,14.28549754,14.37201805,14.06438957,14.10284313,9638471,141961958.03,0.505900
2020-09-28,14.04516279,14.16052347,13.9394155,13.96825567,7552258,110160739.89,0.396400
2020-09-29,14.0355494,14.16052347,13.9394155,13.9394155,7350794,107361603.98,0.385800
2020-09-30,14.02593601,14.05477618,13.86250838,13.86250838,7229370,104893418.31,0.379500
2020-10-09,14.01632262,14.2278172,14.00670923,14.16052347,8647939,127316122.95,0.453900
2020-10-12,14.18936364,14.56428585,14.18936364,14.53544568,13893638,208981091.16,0.729300
2020-10-13,14.55467246,14.63157958,14.42969839,14.48737873,10858397,164028677.73,0.570000
2020-10-14,14.5162189,14.77578043,14.48737873,14.55467246,15678004,238041386.33,0.822900
2020-10-15,14.58351263,14.67964653,14.46815195,14.52583229,10066176,152316425.91,0.528400
2020-10-16,14.48737873,14.68925992,14.46815195,14.67003314,11999715,182350359.38,0.629900
2020-10-19,15.94861401,15.94861401,15.06418213,15.10263569,66966893,1080133587.8,3.515100
2020-10-20,14.9007545,15.04495535,14.78539382,15.01611518,20880097,324177968.3,1.096000
2020-10-21,14.97766162,15.08340891,14.64119297,15.02572857,23276075,358382713.61,1.221800
2020-10-22,14.93920806,14.94882145,14.73732687,14.81423399,11545321,178233810.85,0.606000
2020-10-23,14.75655365,14.93920806,14.59312602,14.62196619,10754120,164918155.88,0.564500
2020-10-26,14.57389924,14.59312602,14.30472432,14.35279127,12007017,180205712.79,0.630200
2020-10-27,14.2278172,14.43931178,14.2278172,14.31433771,7585012,112946982.4,0.398100
2020-10-28,14.31433771,14.420085,14.05477618,14.16052347,16609874,244986415.67,0.871900
2020-10-29,13.99709584,14.19897703,13.9394155,14.15091008,10310373,151225768.89,0.541200
2020-10-30,14.11245652,14.36240466,14.0355494,14.09322974,10450171,154080496.28,0.548500
2020-11-02,14.09322974,14.23743059,14.07400296,14.16052347,9976093,146726926.32,0.523600
2020-11-03,14.17013686,14.44892517,14.17013686,14.39124483,11956002,178748405.0,0.627600
2020-11-04,14.41047161,14.56428585,14.28549754,14.40085822,8774048,131529243.97,0.460600
2020-11-05,14.56428585,14.87191433,14.43931178,14.82384738,25910663,396392645.13,1.360100
2020-11-06,14.8046206,14.87191433,14.56428585,14.64119297,16777109,256276924.12,0.880600
2020-11-09,14.79500721,15.12186247,14.73732687,15.00650179,29720528,463002473.8,1.560000
2020-11-10,14.9968884,14.9968884,14.66041975,14.75655365,17279664,266076084.23,0.907000
2020-11-11,14.68925992,14.75655365,14.40085822,14.420085,14543193,219589553.3,0.763400
2020-11-12,14.41047161,14.6123528,14.36240466,14.44892517,9584129,144202341.8,0.503100
2020-11-13,14.43931178,14.45853856,14.28549754,14.420085,8091346,121053790.3,0.424700
2020-11-16,14.420085,14.5162189,14.34317788,14.43931178,8502120,127679410.68,0.446300
2020-11-17,14.44892517,14.46815195,14.29511093,14.35279127,9635645,143714427.23,0.505800
2020-11-18,14.28549754,14.44892517,14.27588415,14.35279127,10116541,151067454.24,0.531000
2020-11-19,14.36240466,14.43931178,14.27588415,14.41047161,9105854,136336187.75,0.478000
2020-11-20,14.41047161,14.56428585,14.39124483,14.54505907,10691913,161229933.06,0.561200
2020-11-23,14.54505907,14.60273941,14.41047161,14.50660551,13587471,204860228.82,0.713200
2020-11-24,14.49699212,14.67964653,14.48737873,14.56428585,13083762,198503739.19,0.686800
2020-11-25,14.59312602,14.63157958,14.43931178,14.44892517,15238329,230419525.17,0.799900
2020-11-26,14.50660551,14.50660551,14.28549754,14.29511093,13503137,201696959.13,0.708800
2020-11-27,14.29511093,14.34317788,14.07400296,14.19897703,15693044,231631740.9,0.823700
2020-11-30,14.19897703,14.3239511,14.1316833,14.23743059,12688064,187973704.28,0.666000
2020-12-01,14.17013686,14.38163144,14.17013686,14.35279127,10674417,158820187.28,0.560300
2020-12-02,14.37201805,14.46815195,14.31433771,14.39124483,14846647,222099705.12,0.779300
2020-12-03,14.39124483,14.420085,14.23743059,14.26627076,13901462,206959860.55,0.729700
2020-12-04,14.25665737,14.30472432,14.18936364,14.28549754,10938738,162082402.62,0.574200
2020-12-07,14.35279127,14.38163144,14.14129669,14.18936364,11238483,166136552.02,0.589900
2020-12-08,14.15091008,14.19897703,14.0355494,14.0355494,12536707,183593699.2,0.658100
2020-12-09,14.0355494,14.07400296,13.85289499,13.86250838,14180148,205459461.17,0.744300
2020-12-10,13.86250838,14.07400296,13.80482804,13.92018872,11792072,171166920.61,0.619000
2020-12-11,13.92018872,13.95864228,13.47797278,13.5548799,19504019,276290176.87,1.023800
2020-12-14,13.62217363,13.62217363,13.458746,13.56449329,8113534,114165701.92,0.425900
2020-12-15,13.56449329,13.64140041,13.48758617,13.56449329,6471898,91348352.08,0.339700
2020-12-16,13.58372007,13.62217363,13.25686481,13.2664782,13525432,188538843.14,0.710000
2020-12-17,13.23763803,13.34338532,12.93962294,13.33377193,13948040,190975705.44,0.732100
2020-12-18,13.458746,13.64140041,13.42990583,13.46835939,12011023,168925147.96,0.630500
2020-12-21,13.53565312,13.81444143,13.53565312,13.71830753,12343924,175963866.33,0.647900
2020-12-22,13.71830753,13.7471477,13.28570498,13.28570498,14060678,197623576.64,0.738000
2020-12-23,13.39145227,13.43951922,13.18957108,13.2664782,10284071,142407461.69,0.539800
2020-12-24,13.35299871,13.35299871,12.9780765,13.25686481,13481389,183869965.87,0.707600
2020-12-25,13.19918447,13.31454515,13.12227735,13.22802464,7140969,98281714.46,0.374800
2020-12-28,13.25686481,13.25686481,12.9780765,13.02614345,10692828,145242437.3,0.561300
2020-12-29,12.99730328,13.5548799,12.9780765,13.42990583,19547544,272293285.16,1.026100
2020-12-30,13.31454515,13.39145227,13.18957108,13.32415854,10574717,146389713.94,0.555100
2020-12-31,13.3626121,13.46835939,13.30493176,13.44913261,11578756,161530501.56,0.607800
2021-01-04,13.44913261,13.71830753,13.27609159,13.6510138,17101550,239916301.62,0.897700
2021-01-05,13.60294685,13.63178702,13.40106566,13.56449329,16101325,226333427.13,0.845200
2021-01-06,13.57410668,13.60294685,13.30493176,13.34338532,14311966,199103021.43,0.751200
2021-01-07,13.28570498,13.32415854,12.95884972,13.05498362,17777462,241547980.85,0.933100
2021-01-08,13.04537023,13.28570498,12.74735514,13.28570498,17760881,242763233.97,0.932300
2021-01-11,13.29531837,13.52603973,13.21841125,13.2664782,16724252,232455380.29,0.877900
2021-01-12,13.23763803,13.42990583,13.12227735,13.19918447,12789609,175772266.26,0.671300
2021-01-13,13.23763803,13.52603973,12.98768989,13.43951922,24320398,336465324.34,1.276600
2021-01-14,13.43951922,13.89134855,13.38183888,13.77598787,34650198,492433205.4,1.818800
2021-01-15,13.8432816,13.8432816,13.47797278,13.53565312,18980078,268508396.61,0.996300
2021-01-18,13.48758617,13.66062719,13.39145227,13.5548799,16068265,226831009.36,0.843400
2021-01-19,13.57410668,13.62217363,13.22802464,13.25686481,20277059,282122053.03,1.064300
2021-01-20,13.2664782,13.28570498,13.09343718,13.12227735,13708111,187429413.77,0.719500
2021-01-21,13.1703443,13.22802464,13.02614345,13.14150413,13747708,187903475.05,0.721600
2021-01-22,13.11266396,13.11266396,12.84348904,12.89155599,20545119,276189670.28,1.078400
2021-01-25,12.86271582,12.8819426,12.50702039,12.55508734,23636929,309925808.19,1.240700
2021-01-26,12.55508734,12.6896748,12.51663378,12.56470073,11491545,150271696.8,0.603200
2021-01-27,12.56470073,12.66083463,12.46856683,12.54547395,9576733,125139444.87,0.502700
2021-01-28,12.43011327,12.497407,12.07441784,12.09364462,20390007,259037061.79,1.070300
2021-01-29,12.09364462,12.21861869,11.70910902,11.83408309,16070496,199262018.46,0.843500
2021-02-01,11.85330987,12.04557767,11.84369648,11.94944377,9424264,116797471.71,0.494700
2021-02-02,11.93983038,11.99751072,11.85330987,11.87253665,8309034,102902140.6,0.436100
2021-02-03,11.8244697,11.83408309,11.20921274,11.25727969,27351246,324643663.98,1.435700
2021-02-04,11.25727969,11.25727969,10.58434239,10.85351731,27609152,309982165.0,1.449200
2021-02-05,11.39186715,11.78601614,11.39186715,11.45916088,35938276,433140311.39,1.886400
2021-02-08,11.4399341,11.56490817,11.17075918,11.21882613,20778436,245501985.66,1.090700
2021-02-09,11.28611986,11.50722783,11.11307884,11.45916088,13456789,158947446.32,0.706300
2021-02-10,11.44954749,11.62258851,11.35341359,11.61297512,14465010,173466791.43,0.759300
2021-02-18,11.71872241,11.98789733,11.69949563,11.89176343,17671206,218132771.75,0.927600
2021-02-19,11.88215004,12.41088649,11.83408309,12.38204632,22962188,292110261.58,1.205300
2021-02-22,12.39165971,12.83387565,12.34359276,12.37243293,29505536,386514331.79,1.548700
2021-02-23,12.37243293,12.62238107,12.2090053,12.42049988,17776040,229411298.94,0.933100
2021-02-24,12.41088649,12.71851497,12.35320615,12.51663378,17732643,231278285.25,0.930800
2021-02-25,12.57431412,12.67044802,12.26668564,12.28591242,15132764,195069879.95,0.794300
2021-02-26,12.14171157,12.44934005,12.1128714,12.33397937,13856553,177936383.09,0.727300
2021-03-01,12.47818022,12.73774175,12.4012731,12.67044802,18494091,242407781.8,0.970800
2021-03-02,12.74735514,12.80503548,12.57431412,12.69928819,14919710,196754569.1,0.783100
2021-03-03,12.70890158,12.77619531,12.5935409,12.71851497,14099085,185994702.59,0.740100
2021-03-04,12.6896748,12.82426226,12.43011327,12.45895344,16492314,216261064.1,0.865700
2021-03-05,12.48779361,12.71851497,12.43011327,12.63199446,13144420,172397803.6,0.690000
2021-03-08,12.67044802,12.81464887,12.46856683,12.46856683,15600142,205405951.96,0.818900
2021-03-09,12.43972666,12.5935409,11.9206036,12.25707225,18790714,240145743.87,0.986300
2021-03-10,12.34359276,12.39165971,11.95905716,11.96867055,12022567,151425797.61,0.631100
2021-03-11,11.96867055,12.10325801,11.8244697,12.0167375,12488118,155457594.91,0.655500
2021-03-12,12.02635089,12.17055174,11.83408309,12.12248479,11905716,148978760.28,0.609700
2021-03-15,12.12248479,12.34359276,11.99751072,12.18016513,12142988,153949249.37,0.621800
2021-03-16,12.16093835,12.24745886,12.02635089,12.04557767,9715244,122305789.4,0.497500
2021-03-17,12.02635089,12.12248479,11.93983038,12.04557767,8736552,109238392.05,0.447400
2021-03-18,12.03596428,12.16093835,11.9206036,11.94944377,10865447,135678409.57,0.556400
2021-03-19,11.90137682,12.09364462,11.79562953,11.94944377,10022623,124519001.31,0.513300
2021-03-22,11.9206036,11.98789733,11.87253665,11.9206036,8286798,102735378.25,0.424400
2021-03-23,11.93983038,11.98789733,11.75717597,11.80524292,9201503,113389071.53,0.471200
2021-03-24,11.74756258,11.79562953,11.56490817,11.57452156,10930570,132462718.43,0.559700
2021-03-25,11.58413495,11.67065546,11.54568139,11.59374834,7876171,94931105.18,0.403300
2021-03-26,11.68988224,12.2090053,11.68988224,12.07441784,20230289,252786707.66,1.036000
2021-03-29,12.17055174,12.2090053,11.93983038,11.99751072,11905421,149579084.31,0.609700
2021-03-30,11.93021699,12.0167375,11.73794919,11.73794919,10185297,124935469.37,0.521600
2021-03-31,11.7283358,11.81485631,11.68026885,11.78601614,6516306,79761487.47,0.333700
2021-04-01,11.81485631,11.84369648,11.7283358,11.75717597,6173966,75514795.75,0.316200
2021-04-02,11.75717597,11.81485631,11.73794919,11.80524292,5713246,70053864.73,0.292600
2021-04-06,11.79562953,11.87253665,11.78601614,11.8244697,5927951,72937155.55,0.303600
2021-04-07,11.8244697,11.90137682,11.74756258,11.80524292,6692972,82239252.55,0.342700
2021-04-08,11.84369648,11.87253665,11.7283358,11.7283358,7914302,97069461.94,0.405300
2021-04-09,11.71872241,11.7283358,11.56490817,11.58413495,8552224,103199823.38,0.438000
2021-04-12,11.58413495,11.84369648,11.55529478,11.58413495,9428009,114760714.4,0.482800
2021-04-13,11.58413495,11.80524292,11.58413495,11.73794919,8468612,103225663.36,0.433700
2021-04-14,11.69949563,11.80524292,11.66104207,11.73794919,6690167,81537309.11,0.342600
2021-04-15,11.70910902,11.70910902,11.58413495,11.58413495,5901031,71281088.65,0.302200
2021-04-16,11.62258851,11.70910902,11.58413495,11.69949563,6041003,73235560.96,0.309400
2021-04-19,11.70910902,11.87253665,11.68026885,11.86292326,10910882,133886146.58,0.558700
2021-04-20,11.89176343,11.90137682,11.68988224,11.69949563,10971891,134513547.92,0.561900
2021-04-21,11.71872241,11.7283358,11.58413495,11.59374834,7760665,93728007.34,0.397400
2021-04-22,11.60336173,11.67065546,11.56490817,11.58413495,7543319,91013596.45,0.386300
2021-04-23,11.58413495,11.62258851,11.41109393,11.45916088,10783089,128558133.32,0.552200
2021-04-26,11.44954749,11.45916088,11.26689308,11.29573325,9312696,109842426.07,0.476900
2021-04-27,11.26689308,11.36302698,11.09385206,11.16114579,8036243,93506475.89,0.411500
2021-04-28,11.1515324,11.37264037,10.98810477,11.36302698,8629246,100643934.07,0.441900
2021-04-29,11.29573325,11.40148054,11.2476663,11.25727969,7361081,86612023.38,0.377000
2021-04-30,11.25727969,11.28611986,11.04578511,11.12269223,8130533,94286465.8,0.416400
2021-05-06,11.12269223,11.26689308,11.07462528,11.13230562,5943970,69045703.75,0.304400
2021-05-07,11.1515324,11.39186715,11.13230562,11.27650647,9145387,107090220.33,0.468300
2021-05-10,11.21882613,11.2476663,11.06501189,11.10346545,8196092,94848764.72,0.419700
2021-05-11,11.07462528,11.1515324,10.99771816,11.09385206,7612483,87598906.62,0.389800
2021-05-12,11.02655833,11.09385206,10.94003782,11.06501189,7121478,81537536.14,0.364700
2021-05-13,11.01694494,11.18998596,10.98810477,11.13230562,7118066,82293622.94,0.364500
2021-05-14,11.14191901,11.23805291,11.07462528,11.22843952,8173119,94956581.35,0.418500
2021-05-17,11.33418681,11.65142868,11.26689308,11.47838766,17351421,206897344.74,0.888600
2021-05-18,11.536068,11.54568139,11.3438002,11.44954749,8039221,95570800.47,0.411700
2021-05-19,11.4399341,11.44954749,11.32457342,11.36302698,6660442,78772558.06,0.341100
2021-05-20,11.32457342,11.36302698,11.25727969,11.27650647,6754341,79325519.12,0.345900
2021-05-21,11.26689308,11.35341359,11.06501189,11.06501189,11194459,129958820.39,0.573300
2021-05-24,11.27650647,11.40148054,11.14191901,11.17075918,10856496,127069859.2,0.556000
2021-05-25,11.12269223,11.29573325,11.07462528,11.28611986,11039252,128650739.72,0.565300
2021-05-26,11.23805291,11.38225376,11.22843952,11.29573325,8944724,105287918.72,0.458100
2021-05-27,11.26689308,11.51684122,11.25727969,11.51684122,15801083,188088622.17,0.809200
2021-05-28,11.51684122,11.61297512,11.39186715,11.4399341,11101675,132436823.88,0.568500
2021-05-31,11.46877427,11.52645461,11.36302698,11.39186715,10760473,127709360.6,0.551000
2021-06-01,11.4399341,11.57452156,11.35341359,11.51684122,13745982,164266840.92,0.703900
2021-06-02,11.49761444,11.51684122,11.26689308,11.28611986,12125646,143435076.3,0.620900
2021-06-03,11.27650647,11.61297512,11.2476663,11.47838766,19360510,231813098.7,0.991400
2021-06-04,11.4399341,11.61297512,11.42070732,11.57452156,15363309,184523929.96,0.786700
2021-06-07,11.69949563,11.81485631,11.61297512,11.62258851,18692945,227563808.97,0.957300
2021-06-08,11.64181529,11.74756258,11.57452156,11.67065546,15411097,187125093.94,0.789200
2021-06-09,11.65142868,11.80524292,11.536068,11.55529478,18491241,224246543.0,0.946900
2021-06-10,11.4399341,11.69949563,11.43032071,11.67065546,23308889,280868581.72,1.193600
2021-06-11,11.56490817,11.66104207,11.06501189,11.07462528,50325409,590525800.91,2.577100
2021-06-15,11.10346545,11.19959935,10.88235748,10.9592646,18620287,213490506.59,0.953500
2021-06-16,10.94003782,11.26689308,10.92081104,11.01694494,22510834,258739149.89,0.986700
2021-06-17,10.94003782,11.12269223,10.94003782,11.08423867,17648573,202946450.97,0.773600
2021-06-18,11.08423867,11.17075918,11.00733155,11.11307884,13277158,153309730.26,0.582000
2021-06-21,11.11307884,11.13230562,10.96887799,10.99771816,15014591,172381967.76,0.658100
2021-06-22,10.96887799,11.07462528,10.96887799,11.01694494,12959530,148327637.06,0.568000
2021-06-23,10.97849138,11.14191901,10.81506375,11.10346545,26704826,304021310.17,1.170500
2021-06-24,11.07462528,11.30534664,11.03617172,11.2476663,25715967,299862538.39,1.127200
2021-06-25,11.2476663,11.27650647,11.09385206,11.14191901,16347173,189784839.91,0.716500
2021-06-28,11.16114579,11.27650647,11.13230562,11.14191901,14046686,163460181.3,0.615700
2021-06-29,11.14191901,11.17075918,10.93042443,10.94003782,14557931,166296095.8,0.638100
2021-06-30,10.94003782,10.99771816,10.89197087,10.9592646,11932287,135793614.43,0.523000
2021-07-01,10.9592646,10.97849138,10.73815663,10.74777002,18589216,209436400.86,0.814800
2021-07-02,10.74777002,10.80545036,10.58434239,10.62279595,18080416,200624916.89,0.792500
2021-07-05,10.62279595,10.69970307,10.58434239,10.66124951,9608109,106343693.89,0.421100
2021-07-06,10.97849138,11.18998596,10.96887799,11.03617172,33546426,386597684.76,1.470400
2021-07-07,11.0553985,11.51684122,11.04578511,11.37264037,42027930,494937814.47,1.842100
2021-07-08,11.36302698,11.44954749,11.2476663,11.38225376,27946320,329436211.92,1.224900
2021-07-09,11.32457342,11.66104207,11.28611986,11.58413495,31233743,373764550.95,1.369000
2021-07-12,11.66104207,11.78601614,11.536068,11.59374834,29154440,352685575.26,1.277900
2021-07-13,11.59374834,11.78601614,11.536068,11.66104207,23650549,286889270.18,1.036600
2021-07-14,11.67065546,11.8244697,11.58413495,11.65142868,26503960,322577563.69,1.161700
2021-07-15,11.61297512,11.70910902,11.41109393,11.66104207,25977163,311558976.11,1.138600
2021-07-16,11.66104207,11.79562953,11.58413495,11.62258851,17811492,216162688.25,0.780700
2021-07-19,11.58413495,11.75717597,11.35341359,11.68026885,23013297,276400571.06,1.008700
2021-07-20,11.58413495,11.77640275,11.55529478,11.65142868,16315341,197894205.81,0.715100
2021-07-21,11.65142868,11.68026885,11.45916088,11.56490817,18545009,223240528.22,0.812800
2021-07-22,11.60355758,11.70017338,11.48761862,11.68085022,19331662,231903125.0,0.847300
2021-07-23,11.65186548,11.74848128,11.50694178,11.50694178,17524005,209830735.13,0.768100
2021-07-26,11.50694178,11.52626494,11.0142012,11.13014016,25104928,291567152.93,1.100400
2021-07-27,11.12047858,11.86442024,11.110817,11.61321916,45496631,546649719.15,1.994200
2021-07-28,11.56491126,12.25088344,11.28472544,12.14460606,85947336,1063609716.99,3.767200
2021-07-29,12.25088344,12.61802348,12.05765184,12.45377662,77276418,984260275.63,3.387100
2021-07-30,12.13494448,12.43445346,11.96103604,12.3185145,55293919,699995175.95,2.423600
2021-08-02,12.33783766,13.02380984,12.30885292,12.84023982,69297487,916684157.06,3.037400
2021-08-03,12.90787088,13.1397488,12.63734664,12.67599296,53679469,712119074.91,2.352800
2021-08-04,12.7532856,12.83057824,12.560054,12.6083619,38896140,509125103.84,1.704900
2021-08-05,12.50208452,12.8015935,12.37648398,12.40546872,35521819,459873843.76,1.557000
2021-08-06,12.40546872,12.84023982,12.38614556,12.74362402,42129055,551213839.48,1.846600
2021-08-09,12.8015935,12.8499014,12.49242294,12.68565454,30423322,398034634.14,1.333500
2021-08-10,12.62768506,12.69531612,12.29919134,12.47309978,34143635,440254672.55,1.496600
2021-08-11,12.39580714,12.62768506,12.26054502,12.45377662,31847256,410084751.0,1.395900
2021-08-12,12.4151303,12.560054,12.3185145,12.4634382,23258032,299931887.16,1.019400
2021-08-13,12.58903874,12.68565454,12.20257554,12.2702066,31225460,400175771.6,1.368600
2021-08-16,12.19291396,12.37648398,12.05765184,12.21223712,24081854,304613140.3,1.055500
2021-08-17,12.19291396,12.43445346,11.8837434,11.8837434,29520303,370099446.49,1.293900
2021-08-18,11.8354355,12.05765184,11.67118864,12.04799026,21922531,270555070.59,0.960900
2021-08-19,12.03832868,12.16392922,11.97069762,12.04799026,15884952,198255443.09,0.696300
2021-08-20,11.9803592,12.00934394,11.7871276,11.9320513,16309217,200492739.79,0.714900
2021-08-23,11.96103604,12.30885292,11.9320513,12.29919134,22815136,287574745.46,1.000000
2021-08-24,12.29919134,12.3668224,12.1735908,12.2218987,24713168,313527164.57,1.083200
2021-08-25,12.19291396,12.26054502,11.8837434,11.99002078,26791120,333239529.15,1.174300
2021-08-26,11.89340498,12.1252829,11.84509708,11.89340498,15482538,191662738.56,0.678600
2021-08-27,11.84509708,12.05765184,11.70983496,12.0286671,20853131,256393557.51,0.914000
2021-08-30,12.076975,12.20257554,11.7871276,11.80645076,22098004,274198571.25,0.968600
2021-08-31,11.7388197,11.87408182,11.6905118,11.81611234,19015092,231569875.97,0.833500
2021-09-01,11.77746602,12.16392922,11.70983496,12.13494448,32746241,406415342.46,1.435300
2021-09-02,12.1252829,12.5117461,12.00934394,12.48276136,43627221,557003141.59,1.912200
2021-09-03,12.55039242,12.560054,12.3185145,12.37648398,28900336,371509254.04,1.266700
2021-09-06,12.4634382,12.88854772,12.38614556,12.8499014,60524364,797300881.18,2.652900
2021-09-07,12.90787088,13.51655042,12.90787088,12.9948251,104355933,1423121348.28,4.574000
2021-09-08,13.12042564,13.36196514,12.86922456,13.32331882,68540184,932997395.56,3.004200
2021-09-09,13.32331882,13.89335204,13.10110248,13.40061146,86492931,1211059514.74,3.791100
2021-09-10,13.3329804,13.46824252,13.11076406,13.16873354,50393409,690330679.73,2.208800
2021-09-13,13.26534934,13.29433408,12.95617878,13.043133,42152973,570326003.92,1.847600
2021-09-14,13.10110248,13.19771828,12.56971558,12.62768506,50181450,666921014.96,2.199500
2021-09-15,12.6083619,13.0914409,12.56971558,12.8982093,39039954,519148534.47,1.711200
2021-09-16,12.8015935,13.16873354,12.76294718,12.98516352,48348580,650152926.36,2.119200
2021-09-17,12.76294718,13.45858094,12.7532856,13.26534934,60732884,832464329.44,2.662000
2021-09-22,13.16873354,13.5745199,13.16873354,13.50688884,57904650,801438109.34,2.538000
2021-09-23,13.44891936,13.61316622,13.24602618,13.37162672,52091153,723617595.52,2.283200
2021-09-24,13.35230356,13.4295962,12.96584036,13.19771828,44739948,609835019.47,1.961000
2021-09-27,13.3329804,13.4295962,12.61802348,12.86922456,41305260,553475752.56,1.810500
2021-09-28,12.86922456,13.5745199,12.76294718,13.5745199,68279872,942165340.42,2.992800
2021-09-29,13.4779041,13.49722726,13.02380984,13.03347142,47581073,649347555.62,2.085500
2021-09-30,13.15907196,13.46824252,12.8499014,13.3329804,40244985,549591016.53,1.764000
2021-10-08,13.51655042,13.5745199,12.95617878,13.043133,39913845,544434929.79,1.749500
2021-10-11,13.48756568,14.3474463,13.44891936,14.3474463,149254062,2165765005.86,6.542000
2021-10-12,14.47304684,14.7339095,14.1542147,14.2025226,171541954,2565556549.65,7.518900
2021-10-13,14.27015366,14.56966264,13.83538256,14.21218418,76326587,1111956014.56,3.345500
2021-10-14,14.02861416,14.41507736,13.85470572,13.99962942,48401196,706854669.62,2.121500
2021-10-15,14.1059068,14.32812314,13.74842834,14.08658364,64736679,944107120.76,2.837500
2021-10-18,14.1542147,14.42473894,13.88369046,14.12522996,54137864,791844747.95,2.372900
2021-10-19,14.37643104,14.37643104,13.68079728,13.83538256,67977748,980017414.15,2.979500
2021-10-20,13.90301362,14.6372937,13.84504414,14.21218418,78127303,1155007291.31,3.424400
2021-10-21,14.14455312,14.19286102,13.77741308,13.84504414,49214770,709252493.4,2.157100
2021-10-22,13.79673624,13.98030626,13.6711357,13.88369046,35150440,503433925.05,1.540700
2021-10-25,13.9126752,14.02861416,13.55519674,13.9609831,34004089,486714052.29,1.490400
2021-10-26,13.99962942,14.2025226,13.77741308,14.12522996,52870272,768977705.06,2.317400
2021-10-27,14.06726048,14.12522996,13.83538256,13.94165994,34484444,497261883.84,1.511500
2021-10-28,13.9609831,14.49237,13.9126752,14.22184576,79865425,1174145939.51,3.500600
2021-10-29,14.31846156,14.77255582,14.08658364,14.6856016,83345161,1251174541.59,3.653100
2021-11-01,14.93680268,15.64209802,14.9271411,15.40055852,175031741,2796709545.38,7.671800
2021-11-02,15.54548222,16.58893286,15.32326588,15.44886642,175197641,2868866433.81,7.679100
2021-11-03,15.458528,15.458528,14.67594002,14.84018688,103615771,1604401957.33,4.541600
2021-11-04,14.8305253,16.07686912,14.75323266,15.72905224,156503375,2540306807.7,6.859700
2021-11-05,15.59379012,15.69040592,15.17834218,15.23631166,94818060,1513629562.44,4.156000
2021-11-08,15.08172638,15.39089694,14.76289424,14.91747952,73749432,1146306020.7,3.232500
2021-11-09,14.975449,15.6517596,14.9271411,15.08172638,72928986,1149498385.43,3.196600
2021-11-10,14.93680268,15.38123536,14.69526318,15.35225062,62013228,966448727.21,2.718100
2021-11-11,15.1686806,15.6517596,14.91747952,15.37157378,64339878,1020839042.12,2.820100
2021-11-12,15.29428114,16.29908546,15.2652964,15.88363752,107117751,1770234699.0,4.695100
2021-11-15,15.96093016,16.2314544,15.7000675,15.97059174,70758923,1167435662.45,3.101400
2021-11-16,16.04788438,16.53096338,15.85465278,16.39570126,104875783,1766218276.12,4.596800
2021-11-17,16.27010072,16.907765,16.21213124,16.7628413,101389283,1748103841.44,4.444000
2021-11-18,16.7628413,17.33287452,16.35705494,16.4729939,119194891,2073634434.15,5.224400
2021-11-19,16.22179282,16.55994812,16.0382228,16.22179282,66538993,1117974609.6,2.916500
2021-11-22,16.22179282,16.6662255,16.00923806,16.49231706,69953598,1180945541.07,3.066100
2021-11-23,16.50197864,16.51164022,16.11551544,16.1348386,51539530,864947285.37,2.259000
2021-11-24,16.01889964,16.36671652,15.90296068,16.07686912,38659483,645669716.75,1.694500
2021-11-25,16.1348386,16.17348492,15.83532962,15.87397594,37356786,616767555.58,1.637400
2021-11-26,15.86431436,16.15416176,15.80634488,15.90296068,38677426,639304607.65,1.695300
2021-11-29,15.68074434,15.80634488,15.06240322,15.3619122,87171981,1389110785.75,3.820800
2021-11-30,15.49717432,16.00923806,15.4102201,15.92228384,77542837,1270928601.95,3.398800
2021-12-01,15.81600646,15.9899149,15.5551438,15.57446696,43820719,711239502.38,1.920700
2021-12-02,15.57446696,15.70972908,15.2169885,15.52615906,39592980,633124814.24,1.735400
2021-12-03,15.52615906,15.52615906,14.06726048,14.48270842,129419114,1953980064.97,5.672600
2021-12-06,14.45372368,14.62763212,14.22184576,14.31846156,46560763,695276485.47,2.040800
2021-12-07,14.32812314,14.42473894,13.80639782,14.40541578,61769872,905476399.18,2.707400
2021-12-08,14.32812314,14.6372937,14.27015366,14.49237,40623449,609097469.33,1.780600
2021-12-09,14.47304684,14.89815636,14.2991384,14.62763212,58444350,883490370.22,2.561700
2021-12-10,14.5406779,14.84018688,14.42473894,14.61797054,39082506,593820352.78,1.713000
2021-12-13,14.5406779,14.81120214,14.51169316,14.64695528,31685865,480249431.78,1.388800
2021-12-14,14.60830896,15.22665008,14.60830896,15.13969586,63725803,987712144.13,2.793200
2021-12-15,15.0720648,15.27495798,14.90781794,14.9271411,45144597,705783551.35,1.978700
2021-12-16,14.94646426,15.18800376,14.91747952,15.04308006,32500116,505190398.05,1.424500
2021-12-17,14.59864738,15.05274164,14.28947682,14.70492476,59811779,909083338.14,2.621600
2021-12-20,14.52135474,14.6372937,13.75808992,13.78707466,73807129,1071364781.34,3.235000
2021-12-21,13.87402888,14.37643104,13.87402888,14.32812314,49664709,731541433.34,2.176900
2021-12-22,14.35710788,14.60830896,14.27981524,14.35710788,25554289,381098578.34,1.120100
2021-12-23,14.55033948,14.7339095,14.21218418,14.3474463,33386335,499265119.8,1.463400
2021-12-24,14.30879998,14.4440621,13.80639782,13.95132152,43185933,624962447.12,1.892900
2021-12-27,13.94165994,14.13489154,13.68079728,13.74842834,39399933,565605420.36,1.726900
2021-12-28,13.73876676,13.9126752,13.56485832,13.80639782,39798853,565198866.47,1.744400
2021-12-29,13.77741308,14.17353786,13.68079728,14.08658364,48662389,705140956.21,2.132900
2021-12-30,14.0575989,14.1542147,13.89335204,13.97064468,29133658,422529283.07,1.277000
2021-12-31,14.009291,14.76289424,13.97064468,14.60830896,56220859,838849259.13,2.464200
2022-01-04,14.60830896,15.18800376,14.50203158,15.10104954,68592252,1056329401.67,3.006500
2022-01-05,15.10104954,15.2169885,14.80154056,14.90781794,41593843,645662773.4,1.823100
2022-01-06,14.8305253,14.9271411,14.45372368,14.76289424,32334424,491303380.0,1.417200
2022-01-07,14.76289424,14.975449,14.67594002,14.76289424,29990287,460246295.82,1.314500
2022-01-10,14.69526318,14.9271411,14.55033948,14.80154056,29337457,448509930.87,1.285900
2022-01-11,14.75323266,14.86917162,14.55033948,14.6372937,22707935,345297505.92,0.995300
2022-01-12,14.76289424,14.91747952,14.2991384,14.50203158,34023199,510775898.09,1.491300
2022-01-13,14.64695528,15.10104954,14.27981524,14.2991384,46859283,709212885.88,2.053900
2022-01-14,14.16387628,14.49237,13.9126752,14.31846156,29884587,440849789.86,1.309900
2022-01-17,14.32812314,14.84984846,14.2991384,14.84018688,41875695,638872409.15,1.835400
2022-01-18,14.84018688,14.98511058,14.69526318,14.84984846,29213537,448661329.26,1.280500
2022-01-19,14.82086372,14.91747952,14.59864738,14.84018688,25297940,386624639.22,1.108800
2022-01-20,14.84018688,14.90781794,14.45372368,14.47304684,25799086,390565849.01,1.130800
2022-01-21,14.3474463,14.4440621,14.009291,14.09624522,28774476,422072975.63,1.261200
2022-01-24,14.06726048,14.27015366,13.97064468,14.06726048,18653238,272737400.23,0.817600
2022-01-25,14.06726048,14.07692206,12.8982093,12.92719404,52728273,727132927.67,2.311100
2022-01-26,13.13008722,13.49722726,13.01414826,13.3812883,35778356,493278982.34,1.568200
2022-01-27,13.41993462,13.45858094,13.02380984,13.02380984,21871060,298567001.37,0.958600
2022-01-28,13.24602618,14.02861416,12.9948251,13.56485832,34707047,485101318.86,1.521200
2022-02-07,13.8160594,14.24116892,13.56485832,13.65181254,41426391,591629596.79,1.815800
2022-02-08,13.66147412,13.79673624,13.19771828,13.78707466,38217540,535069507.17,1.675100
2022-02-09,13.77741308,14.009291,13.65181254,13.95132152,33286783,478029927.4,1.459000
2022-02-10,13.99962942,14.009291,13.58418148,13.70012044,26817287,381383384.89,1.175400
2022-02-11,13.60350464,13.70012044,13.17839512,13.2846725,28572716,396408331.1,1.252400
2022-02-14,13.1880567,13.31365724,13.043133,13.15907196,20702729,281954639.25,0.907400
2022-02-15,13.1397488,13.7194436,13.08177932,13.6228278,26159736,364823206.86,1.146600
2022-02-16,13.63248938,14.27981524,13.63248938,13.7677515,47344173,686473504.38,2.075100
2022-02-17,13.90301362,14.02861416,13.72910518,13.87402888,29887831,429635708.06,1.310000
2022-02-18,14.009291,14.30879998,13.9126752,14.16387628,38411547,562374524.89,1.683600
2022-02-21,14.46338526,14.65661686,14.22184576,14.56966264,57999891,869665580.51,2.542200
2022-02-22,14.40541578,14.48270842,14.17353786,14.31846156,43313939,641091474.32,1.898500
2022-02-23,14.30879998,14.6372937,14.27981524,14.6372937,40800303,614166303.08,1.788300
2022-02-24,14.52135474,14.76289424,14.24116892,14.40541578,49045148,736769876.68,2.149700
2022-02-25,14.62763212,14.6856016,14.28947682,14.31846156,37404993,560110395.17,1.639500
2022-02-28,14.19286102,14.40541578,14.13489154,14.27981524,30431717,448328496.0,1.333800
2022-03-01,14.2991384,15.15901902,14.2991384,14.57932422,59927753,912985232.0,2.626700
2022-03-02,14.42473894,14.60830896,14.19286102,14.52135474,38691259,576674816.0,1.695900
2022-03-03,14.66627844,14.76289424,14.27015366,14.27981524,27158297,405379408.0,1.190400
2022-03-04,14.19286102,14.31846156,13.99962942,14.1059068,26136018,383174080.0,1.145600
2022-03-07,14.009291,14.009291,13.34264198,13.48756568,43351947,608069552.0,1.900100
2022-03-08,13.41027304,13.56485832,12.9465172,12.98516352,37141069,508875472.0,1.627900
2022-03-09,13.02380984,13.10110248,11.8354355,12.45377662,65705252,847054384.0,2.879900
2022-03-10,12.73396244,12.9465172,12.58903874,12.7049777,38087677,503438016.0,1.669400
2022-03-11,12.68565454,13.46824252,12.56971558,13.41993462,57212039,779928944.0,2.507600
2022-03-14,13.25568776,13.66147412,13.2363646,13.2846725,37565720,523094752.0,1.646500
2022-03-15,13.12042564,13.43925778,12.32817608,12.37648398,50545559,669293104.0,2.215500
2022-03-16,12.68565454,12.96584036,12.0286671,12.88854772,50506437,654535664.0,2.213700
2022-03-17,13.1397488,13.9126752,13.06245616,13.46824252,75609002,1058316384.0,3.314000
2022-03-18,13.41027304,13.59384306,13.19771828,13.59384306,34634290,480539148.1,1.518000
2022-03-21,13.4295962,13.65181254,13.1880567,13.2363646,42353973,585434471.39,1.856400
2022-03-22,13.22670302,13.32331882,13.07211774,13.21704144,23422730,319842925.17,1.026600
2022-03-23,13.32331882,13.53587358,13.19771828,13.48756568,33759652,469332860.22,1.479700
2022-03-24,13.34264198,13.37162672,13.00448668,13.00448668,28497598,387078716.52,1.249100
2022-03-25,13.07211774,13.12042564,12.52140768,12.52140768,39581382,520820137.6,1.734900
2022-03-28,12.38614556,12.6566698,12.30885292,12.64700822,21459195,277996258.44,0.940600
2022-03-29,12.6083619,12.73396244,12.3668224,12.59870032,21884423,284928246.93,0.959200
2022-03-30,12.83057824,12.87888614,12.66633138,12.8015935,21091213,278938559.51,0.924400
2022-03-31,12.7532856,12.7532856,12.43445346,12.53106926,22043619,286570071.39,0.966200
2022-04-01,12.4634382,12.49242294,12.28952976,12.45377662,25953755,332571800.43,1.137600
2022-04-06,12.42479188,12.44411504,12.09629816,12.21223712,24970084,315989385.1,1.094500
2022-04-07,12.1735908,12.20257554,11.74848128,11.74848128,31791436,392493488.7,1.393400
2022-04-08,11.8354355,11.85475866,11.31371018,11.57457284,37947176,451707856.55,1.663300
2022-04-11,11.45863388,11.5455881,11.09149384,11.13980174,30515708,355368188.49,1.337500
2022-04-12,11.14946332,11.41998756,10.90792382,11.38134124,26360061,304863483.91,1.155400
2022-04-13,11.26540228,11.29438702,11.04318594,11.04318594,19931660,230542248.64,0.873600
2022-04-14,11.1591249,11.23641754,10.9658933,11.03352436,19378364,222438072.13,0.849400
2022-04-15,10.9658933,10.9658933,10.7726617,10.81130802,23902644,268741792.18,1.047700
2022-04-18,10.7726617,11.08183226,10.64706116,11.0625091,23729457,268030086.67,1.040100
2022-04-19,10.99487804,11.13980174,10.95623172,11.00453962,17740243,202646598.41,0.777600
2022-04-20,11.110817,11.110817,10.76300012,10.80164644,16439536,185939042.75,0.720600
2022-04-21,10.80164644,10.85961592,10.42484482,10.49247588,26154547,288565394.77,1.146400
2022-04-22,10.32822902,10.5311222,10.27025954,10.3378906,22199764,238794233.67,0.973000
2022-04-25,10.17364374,10.22195164,9.5166563,9.52631788,41018231,418360460.27,1.797900
2022-04-26,9.68090316,9.7581958,9.20748574,9.25579364,46015814,452861849.62,2.016900
2022-04-27,9.04323888,9.66158,8.9852694,9.63259526,50958743,491887393.79,2.233600
2022-04-28,9.50699472,9.63259526,9.16883942,9.38139418,44429203,429641943.03,1.947400
2022-04-29,9.42970208,9.79684212,9.41037892,9.7581958,39323363,391371806.66,1.723600
2022-05-05,9.72921106,9.96108898,9.7098879,9.81616528,36920596,376444419.44,1.618300
2022-05-06,9.6132721,9.71954948,9.49733314,9.57462578,26583032,263919233.05,1.165200
2022-05-09,9.57462578,9.69056474,9.4683484,9.5649642,22884066,226872442.73,1.003000
2022-05-10,9.47800998,9.79684212,9.33308628,9.71954948,34671728,345704873.19,1.519700
2022-05-11,9.71954948,10.1929669,9.71954948,9.8548116,51036501,526757068.54,2.237000
2022-05-12,9.83548844,10.01905846,9.78718054,9.9514274,24575521,252496986.32,1.077200
2022-05-13,10.10601268,10.20262848,9.9514274,10.06736636,27168125,282491086.16,1.190800
2022-05-16,10.12533584,10.16398216,9.88379634,9.9514274,22526006,232749211.91,0.987300
2022-05-17,9.96108898,10.05770478,9.83548844,10.05770478,22471735,231563700.61,0.985000
2022-05-18,10.07702794,10.0963511,9.88379634,9.94176582,26283542,271236454.77,1.152000
2022-05-19,9.78718054,10.55044536,9.74853422,10.52146062,72472638,771409801.13,3.176500
2022-05-20,10.51179904,11.05284752,10.3861985,11.02386278,68479588,761843029.11,3.001500
2022-05-23,11.09149384,11.4006644,10.84995434,11.26540228,55488085,635815046.07,2.432100
2022-05-24,11.19777122,11.4006644,10.61807642,10.61807642,48389039,547470832.82,2.120900
2022-05-25,10.64706116,11.10115542,10.49247588,11.07217068,50395225,563318464.03,2.208900
2022-05-26,11.0625091,11.99002078,10.88860066,11.7388197,82303231,982242073.1,3.607400
2022-05-27,11.7871276,12.04799026,11.51660336,11.61321916,44603090,540738891.9,1.955000
2022-05-30,11.67118864,11.8354355,11.4489723,11.72915812,39781383,478349720.89,1.743600
2022-05-31,11.8354355,12.14460606,11.74848128,11.84509708,62960835,782422596.11,2.759600
2022-06-01,11.84509708,12.25088344,11.82577392,12.16392922,49042065,614145785.89,2.149600
2022-06-02,12.1735908,12.92719404,12.05765184,12.8015935,74170335,963381208.3,3.250900
2022-06-06,12.76294718,13.03347142,12.560054,12.78227034,42218349,558744607.57,1.850500
2022-06-07,12.77260876,12.93685562,12.2702066,12.37648398,69233444,898829689.9,3.034600
2022-06-08,12.37648398,12.48276136,12.09629816,12.35716082,43642086,555570361.8,1.912900
2022-06-09,12.23156028,12.38614556,12.13494448,12.26054502,31817005,404001469.64,1.394600
2022-06-10,12.26054502,12.43445346,12.1252829,12.35716082,32931865,421009005.76,1.443400
2022-06-13,12.3185145,12.8982093,12.20257554,12.78227034,41164748,537867826.87,1.804300
2022-06-14,12.560054,12.66633138,11.9803592,12.5117461,47080022,599277597.77,2.063600
2022-06-15,12.48276136,12.73396244,12.3185145,12.44411504,35205245,456644165.64,1.543100
2022-06-16,12.44411504,13.2363646,12.37648398,12.92719404,59680055,799327911.23,2.526400
2022-06-17,12.7532856,13.6711357,12.71463928,13.65181254,65924958,915980793.36,2.790800
2022-06-20,13.94165994,14.26049208,13.74842834,13.7677515,62881391,910987210.52,2.662000
2022-06-21,13.72910518,14.02861416,13.49722726,13.65181254,37334905,528966710.52,1.580500
2022-06-22,13.63248938,13.9609831,13.51655042,13.54553516,31620522,448074512.55,1.338600
2022-06-23,13.61316622,14.13489154,13.56485832,14.009291,36838679,531559111.81,1.559500
2022-06-24,14.06726048,14.82086372,13.92233678,14.53101632,63634503,953588313.45,2.693900
2022-06-27,14.5406779,14.65661686,14.2508305,14.37643104,42639879,636743237.62,1.805100
2022-06-28,14.42473894,14.48270842,14.1542147,14.36676946,23247687,344917570.75,0.984100
2022-06-29,14.2991384,14.36676946,13.3812883,13.4779041,77696794,1112166500.09,3.289200
2022-06-30,13.6711357,14.2025226,13.6711357,14.04793732,46127665,667406208.19,1.952700
2022-07-01,13.98996784,14.09624522,13.45858094,13.66147412,51971526,737601592.71,2.200100
2022-07-04,13.73876676,13.7677515,13.41027304,13.7194436,37829637,531634076.83,1.601500
2022-07-05,13.7677515,13.89335204,13.50688884,13.74842834,30201884,427077381.35,1.278500
2022-07-06,13.64215096,14.64695528,13.64215096,14.38609262,82671730,1229792911.67,3.499800
2022-07-07,14.21218418,15.48751274,14.17353786,15.34258904,97686493,1519158762.62,4.135400
2022-07-08,15.37170624,16.012194,15.34259316,15.51727164,83561784,1345193271.45,3.537400
2022-07-11,15.51727164,15.54638472,14.53713128,14.91560132,75334333,1162403130.1,3.189100
2022-07-12,15.01264492,15.78899372,15.00294056,15.25525392,55159308,875664090.64,2.335100
2022-07-13,15.25525392,16.08982888,15.17761904,15.9636722,74993757,1224496749.93,3.174700
2022-07-14,15.97337656,17.00203872,15.9151504,16.61386432,95955071,1644044803.52,4.062100
2022-07-15,16.48770764,16.70120356,16.32273352,16.41977712,43792060,744531786.24,1.853900
2022-07-18,16.66238612,17.40962184,16.32273352,17.31257824,69879045,1226807018.31,2.958200
2022-07-19,17.15730848,17.467848,16.84676896,17.1281954,54931323,971485290.5,2.325400
2022-07-20,17.13789976,18.12774448,16.6914992,17.94336164,74644729,1356388079.93,3.160000
2022-07-21,17.88513548,17.96277036,17.15730848,17.24464772,48586899,877815260.58,2.056800
2022-07-22,17.25435208,17.4193262,16.740021,17.01174308,52454881,917422981.21,2.220600
2022-07-25,16.89529076,17.04085616,15.58520216,16.07042016,95853207,1590110461.38,4.057800
2022-07-26,16.3033248,16.80795152,15.90544604,16.62356868,56210661,951327479.76,2.379600
2022-07-27,16.5944556,16.67209048,15.87633296,16.47800328,66154486,1110104512.31,2.800500
2022-07-28,16.497412,16.81765588,14.9932362,15.20673212,139703661,2246162814.82,5.914100
2022-07-29,15.19702776,15.7210632,15.1388016,15.17761904,77690176,1232850232.11,3.288900
2022-08-01,15.19702776,15.87633296,15.10968852,15.50756728,65456487,1046107798.01,2.771000
2022-08-02,15.2358452,15.5754978,14.9447144,15.16791468,54329999,852607119.32,2.300000
2022-08-03,15.24554956,15.83751552,15.11939288,15.20673212,50251105,802564802.15,2.127300
2022-08-04,15.20673212,15.61431524,14.96412312,15.32318444,35684077,561114943.0,1.510600
2022-08-05,15.34259316,15.49786292,14.77003592,15.16791468,47000445,731013179.0,1.989700
2022-08-08,14.93501004,15.60461088,14.61476616,15.284367,55354981,868304331.0,2.343400
2022-08-09,15.26495828,16.254803,15.16791468,15.8181068,70438926,1152470264.0,2.981900
2022-08-10,15.8181068,16.23539428,15.53668036,15.80840244,38871497,633364266.0,1.645600
2022-08-11,15.99278528,16.5944556,15.83751552,16.1092376,44703563,746712445.0,1.892400
2022-08-12,16.04130708,16.04130708,15.48815856,15.68224576,40253008,654371181.0,1.704000
2022-08-15,15.65313268,16.497412,15.61431524,16.29362044,46887914,785521478.49,1.984900
2022-08-16,16.32273352,17.14760412,16.32273352,16.62356868,53155342,921392581.55,2.250200
2022-08-17,16.51682072,17.06996924,16.51682072,16.60415996,30811754,529867645.05,1.304400
2022-08-18,16.47800328,17.48725672,16.4488902,17.35139568,60402635,1073758167.28,2.557000
2022-08-19,17.38050876,17.39021312,16.74972536,16.95351692,41976450,734133437.36,1.777000
2022-08-22,16.68179484,16.89529076,16.14805504,16.38095968,60458781,1021585971.31,2.559400
2022-08-23,16.2062812,16.8370646,16.19657684,16.5459338,33512492,574104148.26,1.418700
2022-08-24,16.5459338,16.6429774,15.75017628,15.80840244,33723401,556548090.24,1.427600
2022-08-25,15.9636722,15.97337656,15.3328888,15.50756728,32615681,521020191.08,1.380700
2022-08-26,15.51727164,16.2062812,15.34259316,15.83751552,30602833,501267299.07,1.295500
2022-08-29,15.5754978,16.27421172,15.24554956,16.0607158,24029682,395540425.78,1.017300
2022-08-30,16.6914992,17.67163956,16.50711636,17.67163956,158837426,2866679706.61,6.724100
2022-08-31,17.65223084,17.76868316,16.1092376,16.33243788,123955201,2134698512.3,5.247400
2022-09-01,16.4003684,17.96277036,16.4003684,17.70075264,130844843,2373231089.8,5.539100
2022-09-02,17.62311776,17.93365728,17.02144744,17.47755236,88341342,1594649347.71,3.739800
2022-09-05,17.63282212,18.680893,17.5163698,18.25390116,93502313,1755733221.29,3.958300
2022-09-06,18.37035348,19.29226768,18.0501096,18.8264584,89088938,1713183013.0,3.771400
2022-09-07,18.8264584,19.2631546,18.64207556,19.03995432,56567163,1109122120.42,2.394700
2022-09-08,18.85557148,19.17581536,18.59355376,18.7779366,40402946,782394434.18,1.710400
2022-09-09,18.923502,19.00113688,18.13744884,18.61296248,41534807,794256973.78,1.758300
2022-09-13,18.680893,18.80704968,17.96277036,18.36064912,39001198,735273370.61,1.651000
2022-09-14,18.06951832,18.54503196,17.74927444,18.11804012,28699170,533890010.2,1.214900
2022-09-15,18.195675,18.27330988,16.6914992,17.01174308,60938658,1076298107.75,2.579700
2022-09-16,16.81765588,17.21553464,16.4003684,16.53622944,41142441,710991241.07,1.741700
2022-09-19,16.50711636,17.11849104,16.32273352,16.79824716,41953332,727234180.55,1.776000
2022-09-20,17.0311518,17.8560224,17.0311518,17.44843928,53536987,966218290.67,2.266400
2022-09-21,17.30287388,18.06951832,17.1767172,17.5648916,44830518,817584278.68,1.897800
2022-09-22,17.467848,18.03070088,16.90499512,17.6619352,34252389,620514242.7,1.450000
2022-09-23,17.59400468,17.8075006,16.96322128,17.29316952,31517099,560109694.95,1.334200
2022-09-26,17.19612592,18.42857964,17.10878668,18.0501096,53766026,998244015.01,2.276100
2022-09-27,18.438284,19.56398976,18.438284,19.20492844,76936836,1523579468.49,3.257000
2022-09-28,19.2146328,19.53487668,18.51591888,18.6323712,42911118,836229908.67,1.816600
2022-09-29,18.74882352,18.89438892,18.1471532,18.4868058,32335666,615804407.76,1.368900
2022-09-30,18.46739708,18.73911916,17.6134134,17.6619352,37772956,701921860.24,1.599100
2022-10-10,17.6619352,18.27330988,17.4193262,17.57459596,32306815,592279833.18,1.367600
2022-10-11,17.710457,18.93320636,17.48725672,18.80704968,47143036,895762139.12,1.995700
2022-10-12,18.67118864,19.63192028,18.33153604,19.44753744,63295539,1241261726.94,2.679500
2022-10-13,19.30197204,19.71925952,19.15640664,19.34078948,42508174,852103631.25,1.799500
2022-10-14,19.40872,19.5057636,18.8264584,19.07877176,46714595,918854187.8,1.977600
2022-10-17,18.8264584,19.03024996,18.38005784,18.78764096,37219913,714787140.96,1.575600
2022-10-18,18.74882352,20.1850688,18.67118864,20.0395034,64312166,1301510624.45,2.722500
2022-10-19,19.7968944,19.83571184,19.20492844,19.3116764,50820489,1019107226.96,2.151400
2022-10-20,19.2631546,19.49605924,18.66148428,18.98172816,37203153,729085812.52,1.574900
2022-10-21,19.3601982,20.3306342,19.2146328,20.15595572,71142843,1471795575.9,3.011700
2022-10-24,20.15595572,20.8158522,19.68044208,20.09772956,52714224,1102647363.35,2.231600
2022-10-25,20.0395034,20.73821732,19.69014644,20.35974728,41736180,872489196.55,1.766800
2022-10-26,20.06861648,20.35974728,19.30197204,20.09772956,56062689,1147493584.85,2.373300
2022-10-27,19.893938,19.9424598,18.08892704,18.5838494,113257606,2186929403.45,4.794600
2022-10-28,18.26360552,19.33108512,18.25390116,18.84586712,55247057,1081085242.33,2.338800
2022-10-31,18.25390116,19.7483726,18.23449244,18.8749802,57470544,1138624575.19,2.432900
2022-11-01,18.90409328,19.04965868,17.39991748,18.0501096,94304611,1735375421.32,3.992200
2022-11-02,17.96277036,17.96277036,16.6914992,17.5163698,89306568,1594153150.42,3.780600
2022-11-03,17.40962184,17.49696108,16.76913408,17.28346516,85447244,1511953118.43,3.617300
2022-11-04,17.2737608,17.8560224,17.1767172,17.64252648,66472301,1207513763.95,2.814000
2022-11-07,17.64252648,17.6619352,15.97337656,16.5459338,137371612,2335778956.78,5.815400
2022-11-08,16.6914992,17.5648916,16.48770764,17.2737608,109923504,1934338983.77,4.568400
2022-11-09,17.3222826,17.3222826,16.50711636,16.67209048,56019892,972241849.71,2.328200
2022-11-10,16.58475124,16.90499512,16.24509864,16.42948148,42155733,720203206.8,1.752000
2022-11-11,16.98263,17.20583028,16.47800328,16.5459338,44149482,762200040.3,1.834900
2022-11-14,16.94381256,17.4193262,16.55563816,16.90499512,83800019,1471235810.52,3.482700
2022-11-15,16.90499512,17.35139568,16.6429774,17.26405644,62517050,1096532040.23,2.598200
2022-11-16,17.16701284,17.23494336,16.5944556,16.71090792,44510785,772393642.11,1.849900
2022-11-17,16.63327304,16.71090792,15.70165448,15.99278528,75614974,1246755045.98,3.142600
2022-11-18,15.92485476,15.95396784,15.55608908,15.64342832,50401269,816999109.43,2.094700
2022-11-21,15.64342832,15.9636722,15.526976,15.83751552,32122252,523789933.49,1.335000
2022-11-22,15.769585,16.012194,15.4299324,15.66283704,33379009,538341241.41,1.387200
2022-11-23,15.66283704,16.56534252,15.44934112,16.34214224,70071127,1165335488.68,2.912200
2022-11-24,16.48770764,17.01174308,16.36155096,16.43918584,44453329,764101902.83,1.847500
2022-11-25,16.012194,16.18687248,15.27466264,15.54638472,81499369,1311261008.22,3.387100
2022-11-28,15.2358452,16.3518466,15.2358452,16.0607158,71672364,1182022014.68,2.978700
2022-11-29,15.75988064,15.8666286,15.58520216,15.64342832,67600107,1090932411.28,2.809500
2022-11-30,15.55608908,15.9636722,15.3814106,15.9151504,55494937,897727698.4,2.306400
2022-12-01,15.92485476,16.53622944,15.74047192,16.21598556,78710408,1315387577.31,3.271200
2022-12-02,16.13835068,16.80795152,16.0607158,16.497412,52792441,901561408.96,2.194100
2022-12-05,16.52652508,16.63327304,16.0607158,16.18687248,52180794,872210248.88,2.168600
2022-12-06,16.08982888,16.08982888,15.43963676,15.63372396,69219925,1115750970.74,2.876800
2022-12-07,15.526976,15.8181068,15.44934112,15.59490652,35539525,572908539.09,1.440800
2022-12-08,15.53668036,15.79869808,15.41052368,15.45904548,33858475,542246640.71,1.372600
2022-12-09,15.39111496,15.48815856,14.72151412,14.7506272,91667894,1409333797.91,3.716200
2022-12-12,14.76033156,14.93501004,14.40127024,14.88648824,50616737,765169195.31,2.052000
2022-12-13,14.88648824,14.96412312,14.49831384,14.52742692,29519787,445705550.29,1.196700
2022-12-14,14.56624436,14.64387924,14.11013944,14.25570484,45519651,672375419.22,1.845300
2022-12-15,14.2168874,14.56624436,14.08102636,14.44979204,32382819,480110631.05,1.312800
2022-12-16,14.3624528,14.3624528,13.81900864,14.071322,49365850,712827676.55,2.001300
2022-12-19,14.0228002,14.18777432,13.84812172,13.94516532,25397957,366713005.18,1.029600
2022-12-20,13.89664352,14.6050618,13.81900864,14.48860948,78486742,1166244796.83,3.181800
2022-12-21,14.59535744,15.1388016,14.4109746,14.92530568,72933837,1112916666.6,2.956700
2022-12-22,14.92530568,14.97382748,13.49876476,13.88693916,101969558,1478483952.62,4.133800
2022-12-23,13.56669528,14.03250456,13.3920168,13.6346258,54358101,762782510.91,2.203600
2022-12-26,13.54728656,14.55654,13.51817348,14.46920076,63674073,931894514.5,2.581300
2022-12-27,14.4594964,14.77003592,14.00339148,14.56624436,76896741,1140886865.54,3.117300
2022-12-28,14.44979204,14.76033156,14.22659176,14.56624436,49996687,747973659.39,2.026800
2022-12-29,14.46920076,14.799149,14.46920076,14.6535836,36739755,553957927.94,1.489400
2022-12-30,14.66328796,15.11939288,14.53713128,14.61476616,51363241,786994732.94,2.082200
2023-01-03,14.69240104,15.89574168,14.55654,15.73076756,84719006,1342749126.9,3.434500
2023-01-04,15.73076756,15.8181068,15.284367,15.45904548,46856204,750122926.77,1.899500
2023-01-05,15.54638472,15.68224576,15.29407136,15.63372396,35673942,571074442.33,1.446200
2023-01-06,15.6240196,16.00248964,15.54638472,15.63372396,44121584,715008650.69,1.788700
2023-01-09,15.68224576,15.93455912,15.45904548,15.79869808,41708934,679240974.92,1.690900
2023-01-10,15.99278528,16.26450736,15.70165448,15.75017628,37965590,622999028.99,1.539100
2023-01-11,15.7210632,15.84721988,15.44934112,15.53668036,38742512,623127076.18,1.570600
2023-01-12,15.5754978,15.88603732,15.526976,15.63372396,30746498,498532693.83,1.246400
2023-01-13,15.6240196,15.75017628,15.14850596,15.39111496,42840419,677226321.53,1.736700
2023-01-16,15.60461088,15.6240196,15.21643648,15.31348008,42194234,669971439.82,1.710500
2023-01-17,15.3814106,15.40081932,15.05146236,15.17761904,35092329,548664100.51,1.422600
2023-01-18,15.22614084,15.3328888,15.0902798,15.2358452,27250922,427705104.41,1.104700
2023-01-19,15.0902798,15.14850596,14.05191328,14.4109746,125306324,1864177723.88,5.079800
2023-01-20,14.44979204,14.74092284,14.44008768,14.6535836,53214033,801047831.94,2.157300
2023-01-30,14.8476708,14.97382748,14.66328796,14.74092284,54205207,825746218.73,2.197400
2023-01-31,14.78944464,15.16791468,14.71180976,15.041758,49472182,764113147.52,2.005600
2023-02-01,15.1873234,15.4784542,14.9932362,15.27466264,62542397,983637188.15,2.535400
2023-02-02,15.2358452,15.25525392,14.66328796,14.76033156,88207476,1353660291.82,3.575900
2023-02-03,14.64387924,14.73121848,13.89664352,14.08102636,118911064,1733077417.33,4.820600
2023-02-06,13.99368712,14.13925252,13.78989556,13.94516532,56570707,813520654.03,2.293300
2023-02-07,13.99368712,14.06161764,13.79959992,13.93546096,46516253,667637349.82,1.885700
2023-02-08,13.98398276,14.071322,13.83841736,13.86753044,42228237,605639345.87,1.711900
2023-02-09,13.80930428,14.2168874,13.61521708,14.2168874,76367604,1100616484.08,3.095900
2023-02-10,14.20718304,14.33333972,14.00339148,14.06161764,49366000,719614293.26,2.001300
2023-02-13,14.1198438,14.4109746,14.071322,14.32363536,58225321,857168193.45,2.360400
2023-02-14,14.313931,14.5080182,14.22659176,14.34304408,49161066,726330837.94,1.993000
2023-02-15,14.33333972,14.64387924,14.27511356,14.58565308,72862838,1088409205.26,2.953800
2023-02-16,14.57594872,14.57594872,14.00339148,14.1683656,79034217,1166247171.81,3.204000
2023-02-17,14.10043508,14.19747868,13.7801912,13.79959992,52547161,754106712.86,2.130200
2023-02-20,13.7801912,13.91605224,13.62492144,13.90634788,54679761,774559178.82,2.216700
2023-02-21,13.8772348,14.29452228,13.78989556,14.06161764,52427083,759124670.46,2.125400
2023-02-22,13.98398276,14.2168874,13.91605224,13.98398276,35351400,510750895.42,1.433100
2023-02-23,13.94516532,14.49831384,13.90634788,14.44979204,94970303,1398388634.07,3.850000
2023-02-24,14.28481792,14.32363536,14.10043508,14.17806996,62739335,917976798.27,2.543400
2023-02-27,14.071322,14.47890512,13.96457404,14.29452228,67853695,999054062.05,2.750700
2023-02-28,14.43038332,14.57594872,14.00339148,14.29452228,75259840,1108197727.87,3.051000
2023-03-01,14.2168874,14.53713128,14.18777432,14.4109746,68819514,1022830923.36,2.789900
2023-03-02,14.47890512,15.26495828,14.4594964,15.10968852,194411048,2994624730.45,7.881300
2023-03-03,15.14850596,15.22614084,14.87678388,15.0902798,107403113,1665873914.06,4.354100
2023-03-06,15.02234928,15.50756728,14.85737516,15.41052368,133498721,2102048461.9,5.412000
2023-03-07,15.22614084,15.26495828,14.6535836,14.72151412,106822541,1645920878.9,4.330500
2023-03-08,14.6050618,15.01264492,14.55654,14.9447144,72375354,1109046258.49,2.934100
2023-03-09,14.8476708,14.91560132,14.62447052,14.76033156,54142734,824084700.74,2.194900
2023-03-10,14.61476616,14.7021054,14.071322,14.12954816,92385101,1361090940.29,3.745200
2023-03-13,14.03250456,14.2654092,13.90634788,14.20718304,56309522,816651489.46,2.282800
2023-03-14,14.20718304,14.20718304,13.61521708,13.83841736,68588616,978364462.91,2.780500
2023-03-15,13.9257566,14.10043508,13.79959992,13.96457404,46629502,671140959.42,1.890300
2023-03-16,13.85782608,13.88693916,13.4890604,13.50846912,54874500,772787176.26,2.224600
2023-03-17,13.61521708,13.71226068,13.47935604,13.52787784,56989688,797172029.13,2.310300
2023-03-20,13.6831476,14.73121848,13.6831476,14.56624436,172344057,2543925551.32,6.986700
2023-03-21,14.55654,14.56624436,14.33333972,14.52742692,60993317,908264395.34,2.472600
2023-03-22,14.57594872,15.19702776,14.49831384,14.97382748,109942790,1687921976.6,4.457000
2023-03-23,14.8476708,15.25525392,14.799149,15.09998416,92605312,1440001297.86,3.754200
2023-03-24,15.01264492,15.40081932,14.95441876,15.27466264,106538349,1670461649.85,4.319000
2023-03-27,15.34259316,15.77928936,15.14850596,15.42022804,136818307,2179240349.93,5.546500
2023-03-28,15.284367,15.35229752,14.78944464,14.81855772,91239736,1412195156.92,3.698800
2023-03-29,14.87678388,15.1388016,14.76033156,14.85737516,65758295,1012334160.52,2.665800
2023-03-30,14.82826208,14.88648824,14.46920076,14.58565308,62732217,946853063.39,2.543100
2023-03-31,14.63417488,14.68269668,14.33333972,14.6535836,50580907,758449986.34,2.050500
2023-04-03,14.66328796,15.46874984,14.66328796,15.30377572,107458601,1671405727.45,4.356300
2023-04-04,15.32318444,15.43963676,14.9932362,15.12909724,83526978,1305072345.01,3.386100
2023-04-06,15.26495828,16.26450736,14.9447144,16.12864632,206664426,3338884732.57,8.378100
2023-04-07,17.0796736,17.64252648,16.41977712,16.7885428,260820706,4544774759.68,10.573500
2023-04-10,16.72061228,16.97292564,15.92485476,16.03160272,165558695,2798363262.86,6.711700
2023-04-11,16.0607158,16.11894196,15.4784542,15.71135884,116432564,1888485800.21,4.720100
2023-04-12,15.70165448,16.08982888,15.54638472,15.97337656,121123670,1982628854.94,4.910300
2023-04-13,15.8181068,15.82781116,15.1873234,15.35229752,121954470,1941447972.02,4.944000
2023-04-14,15.27466264,15.4299324,15.05146236,15.41052368,75400006,1187019419.01,3.056700
2023-04-17,15.51727164,15.55608908,14.7506272,14.9932362,107487432,1665058303.24,4.357500
2023-04-18,15.00294056,15.64342832,14.88648824,15.49786292,110205758,1739886069.84,4.467700
2023-04-19,15.51727164,15.73076756,15.284367,15.4784542,113004986,1810218410.01,4.581200
2023-04-20,15.60461088,15.88603732,15.4784542,15.79869808,125119313,2024075189.35,5.072300
2023-04-21,15.9151504,16.00248964,14.73121848,14.83796644,135503176,2142513691.1,5.493200
2023-04-24,14.6535836,15.61431524,14.61476616,15.19702776,108201957,1704646599.06,4.386400
2023-04-25,15.0902798,15.11939288,14.01309584,14.20718304,124117091,1831192767.07,5.031600
2023-04-26,14.38186152,14.8476708,14.2654092,14.39156588,81059965,1214282565.34,3.286100
2023-04-27,14.1683656,14.23629612,13.83841736,13.90634788,72591880,1047744520.96,2.942800
2023-04-28,13.9742784,14.2168874,13.9257566,14.12954816,54057604,786064459.41,2.191500
2023-05-04,14.06161764,14.48860948,13.98398276,14.34304408,54777386,809258199.68,2.220600
2023-05-05,14.34304408,14.34304408,13.85782608,13.9742784,50180219,723898704.96,2.034300
2023-05-08,13.98398276,14.2168874,13.93546096,14.1198438,35977282,522919563.0,1.458500
2023-05-09,14.09073072,14.10043508,13.6831476,13.70255632,61529165,876657285.56,2.494400
2023-05-10,13.74137376,13.98398276,13.6831476,13.94516532,43498221,621394946.01,1.763400
2023-05-11,13.8772348,14.40127024,13.7801912,14.18777432,54944147,804039099.96,2.227400
2023-05-12,14.08102636,14.2168874,13.94516532,13.96457404,33722791,488902540.31,1.367100
2023-05-15,14.071322,14.5080182,14.071322,14.43038332,56971835,841375371.27,2.309600
2023-05-16,14.42067896,14.7021054,14.313931,14.40127024,54883726,820022707.57,2.225000
2023-05-17,14.33333972,14.56624436,14.28481792,14.43038332,29231574,434246001.54,1.185000
2023-05-18,14.42067896,14.8961926,14.38186152,14.799149,69877670,1062761590.29,2.832800
2023-05-19,14.67299232,14.7506272,14.51772256,14.71180976,35978062,542897483.23,1.458500
2023-05-22,14.72151412,14.72151412,14.29452228,14.44979204,41141267,614069707.61,1.667800
2023-05-23,14.43038332,14.44008768,14.10043508,14.13925252,36621905,535848363.02,1.484600
2023-05-24,14.08102636,14.2654092,14.01309584,14.04220892,25619195,373400469.77,1.038600
2023-05-25,14.06161764,14.29452228,13.96457404,14.14895688,29577864,430043700.76,1.199100
2023-05-26,14.11013944,14.18777432,13.93546096,14.071322,25231725,365271515.71,1.022900
2023-05-29,14.08102636,14.30422664,14.0228002,14.14895688,30767967,449345591.16,1.247300
2023-05-30,14.05191328,14.12954816,13.71226068,14.071322,53499015,765163771.93,2.168800
2023-05-31,13.99368712,14.11013944,13.9257566,14.03250456,28570184,412363200.34,1.158200
2023-06-01,14.071322,14.33333972,14.01309584,14.15866124,43350776,635682786.22,1.757400
2023-06-02,14.2168874,14.799149,14.18777432,14.51772256,68364936,1025818876.03,2.771500
2023-06-05,14.52742692,14.58565308,14.3624528,14.44008768,35910187,534623256.79,1.455800
2023-06-06,14.40127024,14.4109746,13.94516532,14.0228002,40791939,595558873.31,1.653700
2023-06-07,14.04220892,14.14895688,13.6831476,13.77048684,61178411,874156247.26,2.480100
2023-06-08,13.72196504,13.79959992,13.0523642,13.100886,103108725,1416671931.98,4.180000
2023-06-09,13.12029472,13.52787784,12.858277,13.4890604,82275052,1119409512.59,3.335400
2023-06-12,13.32408628,13.3920168,13.16881652,13.2949732,39422734,539146589.88,1.598200
2023-06-13,13.33379064,13.586104,13.22704268,13.54728656,47538151,658719044.23,1.927200
2023-06-14,13.55699092,13.86753044,13.45024296,13.76078248,58712940,827405216.7,2.380200
2023-06-15,13.7801912,15.041758,13.76078248,14.62447052,177741225,2671346118.46,7.205500
2023-06-16,14.42067896,15.0902798,14.313931,15.02234928,128942397,1963064941.7,5.227300
2023-06-19,15.1873234,15.32318444,14.88648824,15.20673212,134196669,2093069880.34,5.440300
2023-06-20,15.1388016,15.5754978,14.9932362,15.14850596,96699659,1516870648.16,3.920100
2023-06-21,15.1388016,15.14850596,14.49831384,14.5080182,84946841,1291439088.24,3.443700
2023-06-26,14.44008768,14.7021054,14.22659176,14.38186152,74699509,1112992081.66,3.028300
2023-06-27,14.38186152,14.40127024,13.95486968,14.19747868,58888718,858596400.82,2.387300
2023-06-28,14.22659176,14.22659176,13.49876476,13.98398276,62453141,888203827.55,2.531800
2023-06-29,13.91605224,14.19747868,13.8772348,14.00339148,46092486,666696362.49,1.868600
2023-06-30,13.93546096,14.3624528,13.85782608,14.22659176,53438150,781073899.7,2.166400
2023-07-03,14.24600048,14.52742692,14.1198438,14.43038332,55937720,826818551.6,2.267700
2023-07-04,14.43038332,14.92530568,14.38186152,14.64387924,66295904,1001625317.25,2.687600
2023-07-05,14.63417488,14.64387924,14.2168874,14.2654092,50162922,743681967.87,2.033600
2023-07-06,14.18777432,14.44008768,14.1683656,14.22659176,29285689,431838431.85,1.187200
2023-07-07,14.1680352,14.2265808,13.8362768,13.9631256,32794661,469851250.93,1.329500
2023-07-10,14.1094896,14.2168232,13.9631256,14.0119136,24674631,355968840.05,1.000300
2023-07-11,14.0119136,14.197308,13.953368,14.050944,28050666,403562847.08,1.137200
2023-07-12,14.0411864,14.0411864,13.7387008,13.758216,42921629,608553749.57,1.740000
2023-07-13,13.8753072,14.0802168,13.8167616,14.0314288,33415814,478731768.52,1.354700
2023-07-14,14.6266424,15.4365232,14.6266424,15.4365232,220895935,3437963801.43,8.955000
2023-07-17,15.563372,15.5926448,15.2999168,15.5048264,170515444,2698839524.54,6.912600
2023-07-18,15.4267656,15.4267656,14.929128,14.977916,94886113,1468816469.97,3.846600
2023-07-19,15.1047648,15.2511288,14.9584008,14.9876736,72421988,1118712430.04,2.935900
2023-07-20,15.0462192,15.075492,14.6461576,14.6754304,68983572,1048708748.96,2.796600
2023-07-21,14.6364,14.8217944,14.5485816,14.5973696,54393837,818321669.93,2.205100
2023-07-24,14.5680968,14.8608248,14.4314904,14.6656728,49729488,749003595.97,2.016000
2023-07-25,14.8705824,14.9584008,14.7144608,14.9388856,63071553,959961538.72,2.556900
2023-07-26,14.8608248,14.88034,14.6168848,14.782764,43324300,653423682.02,1.756300
2023-07-27,14.7242184,14.8608248,14.5485816,14.6071272,36103615,543533689.92,1.463600
2023-07-28,14.6559152,14.9486432,14.5778544,14.8900976,48373243,733656553.07,1.961000
2023-07-31,14.8900976,15.026704,14.8217944,14.9974312,48829852,747446330.04,1.979500
2023-08-01,14.9388856,14.9681584,14.7437336,14.929128,38327201,583972524.66,1.553800
2023-08-02,15.026704,15.1437952,14.733976,14.8022792,38612518,588794505.38,1.565300
2023-08-03,14.6949456,14.7730064,14.5973696,14.7242184,28459824,428427344.19,1.153700
2023-08-04,14.7534912,14.9193704,14.7242184,14.8022792,36051322,547724372.95,1.461500
2023-08-07,14.831552,14.9096128,14.538824,14.5973696,41418290,624289598.99,1.679100
2023-08-08,14.538824,14.6559152,14.4119752,14.4705208,34711944,516054317.14,1.407200
2023-08-09,14.441248,14.5095512,14.14852,14.1777928,42101967,616685691.22,1.706800
2023-08-10,14.1777928,14.3143992,14.1582776,14.2851264,21890097,319673429.92,0.887400
2023-08-11,14.2753688,14.343672,14.0314288,14.0411864,28998760,420263536.33,1.175600
2023-08-14,13.8362768,14.1680352,13.807004,14.1290048,22344933,320837670.18,0.905900
2023-08-15,14.1192472,14.2851264,13.9143376,14.050944,22228651,320824388.73,0.901100
2023-08-16,13.953368,13.9923984,13.7679736,13.8265192,20060386,285172799.63,0.813200
2023-08-17,13.7777312,14.0119136,13.7191856,13.9728832,22838256,325259764.96,0.925800
2023-08-18,13.9436104,14.0802168,13.8167616,13.8167616,19770289,282814769.41,0.801500
2023-08-21,13.90458,14.0314288,13.8167616,13.8362768,19157746,273215279.33,0.776600
2023-08-22,13.8753072,13.9826408,13.5825792,13.9728832,30231686,427376334.04,1.225600
2023-08-23,13.953368,13.953368,13.6801552,13.7191856,16419222,232202509.93,0.665600
2023-08-24,13.7972464,13.9240952,13.6216096,13.8460344,22102019,312577159.53,0.896000
2023-08-25,13.6899128,13.7289432,13.2996088,13.4557304,41503727,571963681.07,1.682500
2023-08-28,14.2558536,14.2656112,13.5435488,13.5923368,38327309,543764923.59,1.553800
2023-08-29,13.5923368,13.9631256,13.5337912,13.9143376,32581673,461752622.74,1.320800
2023-08-30,13.9240952,14.1290048,13.8362768,13.9143376,33524202,480146228.36,1.359100
2023-08-31,13.90458,13.9338528,13.758216,13.7972464,21689155,307726569.11,0.879300
2023-09-01,13.8167616,13.8655496,13.709428,13.7777312,19102672,269253152.32,0.774400
2023-09-04,13.8460344,13.9826408,13.758216,13.9728832,27942124,397348371.82,1.132800
2023-09-05,13.9923984,14.0119136,13.7874888,13.8362768,23133715,328755053.72,0.937800
2023-09-06,13.7874888,13.953368,13.6801552,13.9240952,23645403,335574464.34,0.958600
2023-09-07,13.9143376,13.9143376,13.66064,13.709428,23501778,331296211.41,0.952700
2023-09-08,13.6508824,13.7874888,13.6216096,13.7191856,16735422,235154661.85,0.678400
2023-09-11,13.807004,14.0899744,13.7387008,13.9631256,36312927,518976746.83,1.472100
2023-09-12,13.953368,14.0411864,13.9143376,13.9631256,23152699,331883118.6,0.938600
2023-09-13,14.0119136,14.0119136,13.6216096,13.6996704,32481800,456961648.31,1.316800
2023-09-14,13.6899128,13.8850648,13.6899128,13.758216,19051667,268899314.59,0.772300
2023-09-15,13.7972464,13.8167616,13.5337912,13.5533064,27498595,383662656.71,1.114800
2023-09-18,13.514276,13.6411248,13.4167,13.5533064,21030162,291724534.3,0.852600
2023-09-19,13.4850032,13.5435488,13.221548,13.2800936,28257444,385580269.95,1.145500
2023-09-20,13.2020328,13.3874272,13.1922752,13.2313056,15607931,212543830.23,0.632700
2023-09-21,13.2020328,13.3288816,13.1630024,13.17276,15934162,216077609.89,0.646000
2023-09-22,13.123972,13.5045184,13.123972,13.4850032,29832857,408736517.59,1.209400
2023-09-25,13.5045184,13.5825792,13.4167,13.4362152,19834099,273993365.08,0.804100
2023-09-26,13.4459728,13.6411248,13.4069424,13.4752456,21628259,299506907.34,0.876800
2023-09-27,13.3971848,13.8362768,13.3776696,13.7289432,37637384,529946273.23,1.525800
2023-09-28,13.709428,13.90458,13.6703976,13.7777312,26388791,373223099.75,1.069800
2023-10-09,13.7777312,13.90458,13.6996704,13.8655496,28887950,409914001.41,1.171100
2023-10-10,13.90458,13.9436104,13.7679736,13.7874888,17834456,252631526.65,0.723000
2023-10-11,13.8655496,13.90458,13.758216,13.807004,22329745,316795771.24,0.905200
2023-10-12,13.8948224,14.099732,13.8167616,13.9728832,38172778,546650278.62,1.547500
2023-10-13,13.8655496,13.9338528,13.7777312,13.8265192,22855976,324490359.52,0.926600
2023-10-16,13.7972464,13.855792,13.5728216,13.6899128,24848758,348574417.76,1.007400
2023-10-17,13.7874888,13.8460344,13.6508824,13.6996704,16660672,234401827.95,0.675400
2023-10-18,13.66064,13.6801552,13.3874272,13.4850032,19793403,273721831.92,0.802400
2023-10-19,13.4069424,13.5240336,13.2313056,13.2508208,22760137,311052358.19,0.922700
2023-10-20,13.221548,13.3386392,13.0361536,13.075184,27162544,366139906.08,1.101200
2023-10-23,13.026396,13.0361536,12.489728,12.6068192,36902357,479340242.59,1.496000
2023-10-24,12.6068192,12.7141528,12.3336064,12.6556072,27104192,349331622.37,1.098800
2023-10-25,12.831244,12.8702744,12.6165768,12.6556072,25070358,327396512.33,1.016300
2023-10-26,12.5580312,12.8214864,12.4604552,12.7629408,22271568,289075560.33,0.902900
2023-10-27,12.68488,13.0166384,12.6068192,12.92882,27234265,358625026.25,1.104100
2023-10-30,12.92882,13.2117904,12.8507592,13.2020328,30953020,415125792.39,1.254800
2023-10-31,13.1044568,13.1044568,12.7531832,12.8605168,40566720,534532773.81,1.644600
2023-11-01,12.8702744,12.9190624,12.68488,12.7726984,24167016,316499578.2,0.979700
2023-11-02,12.8410016,12.880032,12.6068192,12.6165768,23444656,305095112.88,0.950400
2023-11-03,12.6165768,12.8605168,12.6165768,12.8117288,23868145,312793354.67,0.967600
2023-11-06,12.880032,13.075184,12.880032,12.9971232,34219070,455581326.13,1.387200
2023-11-07,12.977608,13.0556688,12.8507592,12.9873656,33971425,449923365.72,1.377200
2023-11-08,13.0068808,13.0556688,12.8605168,12.9678504,33013682,438590596.89,1.338400
2023-11-09,12.8995472,13.026396,12.8897896,12.9483352,21436840,284578114.32,0.869000
2023-11-10,12.8897896,12.8897896,12.7531832,12.8214864,21008717,275923150.36,0.851700
2023-11-13,12.8410016,12.977608,12.831244,12.9190624,21485859,284227558.01,0.871000
2023-11-14,12.977608,13.1142144,12.9385776,13.0556688,27180498,363423372.71,1.101900
2023-11-15,13.17276,13.1922752,13.0361536,13.075184,23429493,314505167.23,0.949800
2023-11-16,13.0459112,13.0556688,12.92882,12.9385776,16494834,219457609.46,0.668700
2023-11-17,12.92882,13.1142144,12.8897896,13.075184,21411478,285663628.46,0.868000
2023-11-20,13.075184,13.1044568,12.9678504,13.0556688,20509334,274049477.65,0.831400
2023-11-21,13.075184,13.0946992,12.8507592,12.880032,27401572,364377279.75,1.110800
2023-11-22,12.880032,12.880032,12.636092,12.6458496,27998924,365146472.29,1.135100
2023-11-23,12.6068192,12.7141528,12.489728,12.7043952,24095075,311389736.54,0.976800
2023-11-24,12.68488,12.6946376,12.4604552,12.5190008,22553852,289777066.94,0.914300
2023-11-27,12.44094,12.538516,12.3043336,12.392152,26200018,332682517.09,1.062100
2023-11-28,12.392152,12.44094,12.2750608,12.3823944,18376801,232817614.14,0.745000
2023-11-29,12.343364,12.3823944,12.0896664,12.1091816,29461308,368084554.93,1.194300
2023-11-30,12.1189392,12.2165152,12.0603936,12.148212,17596941,218816912.37,0.713400
2023-12-01,12.148212,12.294576,12.0701512,12.2555456,19494409,243867840.23,0.790300
2023-12-04,12.294576,12.4799704,12.2360304,12.3726368,29968708,380181468.69,1.214900
2023-12-05,12.3238488,12.3336064,12.099424,12.1091816,19044041,237740052.6,0.772000
2023-12-06,12.1189392,12.1384544,11.9237872,11.9823328,24196785,297426605.22,0.980900
2023-12-07,11.9823328,11.9823328,11.7774232,11.8164536,28944098,351116229.05,1.173400
2023-12-08,11.8359688,11.9433024,11.6700896,11.7969384,46431588,561411782.87,1.882300
2023-12-11,11.6700896,11.8457264,11.4846952,11.8359688,36499313,435709301.96,1.479700
2023-12-12,11.7871808,11.8457264,11.6798472,11.7676656,21774478,262129971.47,0.882700
2023-12-13,11.7286352,11.7286352,11.5725136,11.5725136,17804869,212264163.05,0.721800
2023-12-14,11.6213016,11.7286352,11.5432408,11.5432408,16759546,199659213.27,0.679400
2023-12-15,11.5432408,11.6408168,11.46518,11.4944528,17525399,207509847.87,0.710500
2023-12-18,11.4749376,11.4846952,11.2017248,11.2797856,22815657,264451315.2,0.924900
2023-12-19,11.2797856,11.3383312,11.1822096,11.2895432,15014402,173085939.03,0.608700
2023-12-20,11.2895432,11.6700896,11.123664,11.270028,35920576,416825310.65,1.456200
2023-12-21,11.172452,11.3773616,11.1334216,11.318816,25367780,292873623.43,1.028400
2023-12-22,11.2602704,11.4944528,11.172452,11.416392,27833646,323372320.19,1.128400
2023-12-25,11.3578464,11.4261496,11.318816,11.3773616,16055000,187192345.33,0.650900
2023-12-26,11.367604,11.3773616,10.9187544,11.0163304,29256102,332812184.14,1.186000
2023-12-27,11.0163304,11.1431792,10.9187544,11.1041488,23767658,268856470.45,0.963500
2023-12-28,11.2114824,11.757908,11.1919672,11.6505744,64444412,764214906.98,2.612500
2023-12-29,11.611544,11.855484,11.5822712,11.6505744,40217459,482303999.15,1.630400
2024-01-02,11.611544,11.6408168,11.4261496,11.46518,30369859,358156366.11,1.231200
2024-01-03,11.4456648,11.5237256,11.2895432,11.416392,22213110,259357909.21,0.900500
2024-01-04,11.3968768,11.3968768,11.22124,11.270028,21609177,249599194.02,0.876000
2024-01-05,11.2797856,11.318816,11.0358456,11.1041488,26368303,301606986.15,1.069000
2024-01-08,11.0943912,11.1041488,10.8602088,10.8992392,25403735,284626959.75,1.029900
2024-01-09,10.9089968,10.9870576,10.7431176,10.8114208,25481660,283703999.16,1.033000
2024-01-10,10.782148,10.8602088,10.5674808,10.684572,20761414,227734828.58,0.841700
2024-01-11,10.684572,10.9187544,10.6552992,10.879724,19555678,216970558.96,0.792800
2024-01-12,10.8699664,10.928512,10.7919056,10.8114208,14644828,162942610.62,0.593700
2024-01-15,10.7626328,10.8699664,10.6943296,10.782148,11245300,124163070.0,0.455900
2024-01-16,10.928512,11.0651184,10.7528752,10.928512,30472722,341101865.78,1.235300
2024-01-17,10.9089968,10.9089968,10.6943296,10.6943296,16666768,184576897.48,0.675700
2024-01-18,10.6455416,10.8406936,10.4503896,10.8016632,34741153,377058581.7,1.408400
2024-01-19,10.8114208,10.928512,10.7723904,10.8211784,21801834,242374560.18,0.883800
2024-01-22,10.8114208,10.830936,10.2845104,10.4113592,26431213,285698818.9,1.071500
2024-01-23,10.3235408,10.7236024,10.2649952,10.6455416,24307498,263784242.59,0.985400
2024-01-24,10.7528752,10.879724,10.4991776,10.8504512,27418350,300764656.93,1.111500
2024-01-25,10.8602088,11.0651184,10.7723904,11.0456032,32509149,365684828.26,1.317900
2024-01-26,11.0358456,11.1529368,10.928512,11.0065728,23146635,261685736.78,0.938400
2024-01-29,11.026088,11.123664,10.8602088,10.9480272,24365907,274593954.38,0.987800
2024-01-30,10.8992392,10.8992392,10.5772384,10.6162688,21537657,236610590.6,0.873100
2024-01-31,10.7236024,11.0358456,10.7138448,10.7236024,32547652,362327488.96,1.319500
2024-02-01,10.6260264,10.9577848,10.4503896,10.8211784,26982725,298159527.17,1.093900
2024-02-02,10.8114208,10.9480272,10.2747528,10.684572,30452759,332916557.27,1.234500
2024-02-05,10.5772384,10.6943296,9.8649336,10.3820864,41688753,441170583.63,1.690000
2024-02-06,10.2259648,11.026088,10.0796008,10.9187544,37671732,412477778.2,1.527200
2024-02-07,10.9870576,11.2017248,10.8894816,11.0553608,40302425,457117593.44,1.633800
2024-02-08,11.22124,11.4554224,11.1334216,11.4359072,54120707,628874785.88,2.194000
2024-02-19,11.611544,11.660332,11.3383312,11.562756,46479705,548336639.65,1.884300
2024-02-20,11.5042104,11.5237256,11.3773616,11.4846952,28832380,338151873.33,1.168800
2024-02-21,11.3968768,11.7481504,11.367604,11.5334832,47362825,562429670.51,1.920100
2024-02-22,11.5042104,11.6896048,11.5042104,11.6310592,34943563,414630340.94,1.416600
2024-02-23,11.6505744,11.6896048,11.5237256,11.6408168,37379316,444794605.75,1.515300
2024-02-26,11.611544,11.70912,11.5432408,11.611544,33355452,397757285.15,1.352200
2024-02-27,11.5725136,12.1286968,11.5432408,12.1189392,79094853,968128469.61,3.206500
2024-02-28,12.1677272,12.2262728,11.5725136,11.5725136,79989079,978297728.2,3.242700
2024-02-29,11.5432408,11.9725752,11.5334832,11.9433024,54136042,657053403.38,2.194600
2024-03-01,11.9237872,12.2360304,11.9140296,12.2165152,68364030,847954369.22,2.771400
2024-03-04,12.2653032,12.343364,12.0116056,12.343364,66322589,831146636.2,2.688700
2024-03-05,12.2067576,12.3238488,12.0408784,12.0896664,49631588,617972998.8,2.012000
2024-03-06,12.0799088,12.7726984,12.0116056,12.5482736,105701051,1352417120.76,4.285100
2024-03-07,12.4702128,12.4702128,12.099424,12.1189392,65936443,830921330.78,2.673000
2024-03-08,12.1091816,12.7629408,12.1091816,12.7141528,99431959,1278156791.85,4.030900
2024-03-11,12.68488,12.831244,12.538516,12.831244,68555641,891211497.17,2.779200
2024-03-12,12.831244,13.0459112,12.6653648,12.7239104,68123520,895271624.36,2.761700
2024-03-13,12.8507592,13.2508208,12.7531832,13.0556688,94479009,1263002771.49,3.830100
2024-03-14,12.9580928,13.0459112,12.68488,12.9093048,61551606,811669636.03,2.495300
2024-03-15,12.831244,12.880032,12.5775464,12.7726984,51589760,671183630.66,2.091400
2024-03-18,12.831244,12.9190624,12.7141528,12.8995472,60185325,789773920.57,2.439900
2024-03-19,12.8702744,12.8702744,12.7141528,12.7141528,40744350,533079613.74,1.651800
2024-03-20,12.7239104,12.782456,12.5092432,12.6263344,47808670,617901144.91,1.938100
2024-03-21,12.5970616,12.8117288,12.5775464,12.782456,47463312,618194292.07,1.924100
2024-03-22,12.7043952,12.8507592,12.5677888,12.8410016,53928998,703462826.04,2.186300
2024-03-25,12.8214864,13.0361536,12.5580312,12.5775464,52569649,690733000.26,2.131100
2024-03-26,12.3823944,12.5092432,12.0896664,12.3043336,58485956,737188854.07,2.371000
2024-03-27,12.294576,12.343364,11.7871808,11.7969384,42476185,522160931.56,1.722000
2024-03-28,11.70912,12.099424,11.6993624,11.9433024,58718289,718136697.71,2.380400
2024-03-29,11.9920904,12.0701512,11.806696,12.050636,33890243,414981028.57,1.373900
2024-04-01,12.245788,12.6458496,12.245788,12.489728,50156402,639483274.98,2.033300
2024-04-02,12.4702128,12.489728,12.197,12.245788,30527637,385280016.19,1.237600
2024-04-03,12.2750608,12.2750608,12.0213632,12.0603936,24162493,299800694.28,0.979500
2024-04-08,11.9920904,12.0896664,11.7188776,11.7383928,31910383,389335773.18,1.293600
2024-04-09,11.806696,11.8749992,11.6798472,11.8262112,29127621,351330760.72,1.180800
2024-04-10,11.8359688,11.8359688,11.4749376,11.5822712,33254592,395826756.17,1.348100
2024-04-11,11.513968,11.7481504,11.4749376,11.6017864,21820983,260385956.14,0.884600
2024-04-12,11.6213016,12.5092432,11.611544,12.2067576,99390521,1238821028.62,4.029200
2024-04-15,12.2165152,12.6068192,12.0213632,12.538516,75853239,963342034.09,3.075000
2024-04-16,12.538516,12.977608,12.4702128,12.5190008,103756207,1356464278.99,4.206200
2024-04-17,12.5190008,12.8995472,12.5190008,12.8214864,58651734,766426702.56,2.377700
2024-04-18,12.7434256,13.1630024,12.6263344,12.9678504,79031438,1051661263.89,3.203900
2024-04-19,12.880032,13.026396,12.5482736,12.6165768,61744714,805366143.11,2.503100
2024-04-22,12.5580312,12.7629408,12.3726368,12.7239104,36451440,470228535.54,1.477700
2024-04-23,12.6946376,12.7629408,12.4214248,12.4702128,30175741,387122794.1,1.223300
2024-04-24,12.489728,13.123972,12.4702128,13.1142144,69385638,920376180.26,2.812900
2024-04-25,13.0556688,13.2410632,12.8897896,13.2117904,60772315,817386592.51,2.463700
2024-04-26,13.221548,13.66064,12.8019712,13.4947608,125556077,1708435335.06,5.090000
2024-04-29,13.6020944,14.099732,13.563064,13.8753072,113495030,1611706511.26,4.601000
2024-04-30,13.6703976,14.0216712,13.6216096,13.8167616,55395028,783016355.95,2.245700
2024-05-06,13.9826408,14.050944,13.6899128,13.758216,54068870,764710125.97,2.191900
2024-05-07,13.7191856,13.7289432,13.3483968,13.514276,76572818,1060330708.9,3.104200
2024-05-08,13.5045184,13.6216096,13.3776696,13.5045184,34777503,481748373.55,1.409900
2024-05-09,13.5240336,13.90458,13.465488,13.8362768,71475191,1007858280.6,2.897600
2024-05-10,13.807004,14.343672,13.7679736,14.1582776,77084766,1112641547.58,3.125000
2024-05-13,14.0216712,15.417008,14.002156,15.075492,183021933,2802807221.43,7.419600
2024-05-14,15.0364616,15.2023408,14.88034,15.075492,65709541,1013564330.72,2.663800
2024-05-15,14.977916,15.1535528,14.733976,14.88034,44714609,684673686.44,1.812700
2024-05-16,14.9193704,15.514584,14.7437336,14.8120368,98121948,1519151297.79,3.977800
2024-05-17,14.5485816,14.782764,14.538824,14.6364,52619045,788877353.76,2.133100
2024-05-20,14.5973696,15.0169464,14.5095512,14.8705824,47858910,726916935.46,1.940200
2024-05-21,14.88034,14.88034,14.6168848,14.6656728,28089161,423339097.43,1.138700
2024-05-22,14.685188,14.8120368,14.4802784,14.538824,33862285,507304416.04,1.372800
2024-05-23,14.441248,14.5290664,14.246096,14.3241568,39234924,576767385.93,1.590600
2024-05-24,14.246096,14.8510672,14.2363384,14.4119752,39666710,592404205.78,1.608100
2024-05-27,14.39246,15.1340376,14.3729448,15.075492,70390346,1073218295.78,2.853600
2024-05-28,15.1145224,15.4755536,14.8413096,14.8705824,54741896,850016040.96,2.219200
2024-05-29,14.8900976,15.12428,14.6949456,14.9096128,28908885,441152710.99,1.171900
2024-05-30,14.8120368,15.1047648,14.685188,14.8900976,25944047,396574948.59,1.051800
2024-05-31,14.8608248,14.9388856,14.538824,14.5973696,33434042,502894507.23,1.355400
2024-06-03,14.3143992,14.4705208,14.0802168,14.2168232,66923657,976365878.02,2.713000
2024-06-04,14.3046416,14.733976,14.1582776,14.6656728,41184332,610026413.96,1.669600
2024-06-05,14.7242184,14.7437336,14.3241568,14.3534296,22442240,333699571.84,0.909800
2024-06-06,14.4119752,14.5973696,14.2363384,14.2851264,30369290,448623611.58,1.231200
2024-06-07,14.343672,14.4119752,13.90458,14.0314288,33292235,479265463.23,1.349600
2024-06-11,14.002156,14.3729448,13.9240952,14.2753688,26565277,386389834.21,1.076900
2024-06-12,14.197308,14.3241568,14.0704592,14.1680352,19083397,277177965.56,0.773600
2024-06-13,14.099732,14.4217328,14.0704592,14.1777928,26802870,390568507.46,1.086600
2024-06-14,14.0899744,14.4607632,14.002156,14.4022176,37382208,547737998.06,1.515500
2024-06-17,14.3729448,14.8217944,14.2753688,14.6364,40325378,605100320.66,1.634800
2024-06-18,14.6168848,14.929128,14.6168848,14.7925216,33011182,500712099.73,1.338300
2024-06-19,15.0071888,15.36822,14.9486432,15.173068,74491412,1159578939.74,3.019800
2024-06-20,15.221856,15.2804016,14.8510672,14.8998552,39622892,610967804.41,1.606300
2024-06-21,14.831552,15.3584624,14.7632488,15.319432,47318851,735165517.62,1.918300
2024-06-24,15.2804016,15.61216,15.0462192,15.1047648,56597165,891989268.96,2.294400
2024-06-25,14.9681584,15.1047648,14.6754304,14.8120368,36978961,563379964.12,1.499100
2024-06-26,14.8510672,15.1145224,14.685188,14.88034,28704580,437254450.2,1.163700
2024-06-27,14.8022792,14.9584008,14.4802784,14.8120368,29825459,451878611.9,1.209100
2024-06-28,14.7242184,15.5731296,14.685188,15.3877352,65274828,1026893356.19,2.646200
2024-07-01,15.563372,15.6024024,15.2023408,15.5243416,35263977,557948826.84,1.429600
2024-07-02,15.4755536,15.5926448,14.4802784,14.9681584,62577881,958200772.71,2.536900
2024-07-03,14.929128,15.026704,14.733976,14.88034,22413155,341985278.5,0.908600
2024-07-04,14.8510672,15.270644,14.8510672,14.9096128,31608142,488123614.35,1.281400
2024-07-05,14.8413096,15.0852496,14.4510056,15.026704,31425456,475419312.24,1.274000
2024-07-08,14.929128,15.4755536,14.8413096,15.2120984,43343317,680241526.05,1.757100
2024-07-09,15.1925832,16.10004,15.173068,16.0414944,75092508,1217749319.23,3.044200
2024-07-10,16.002464,16.10004,15.7390088,15.8561,37294852,606685174.28,1.511900
2024-07-11,16.002464,16.0707672,15.6414328,15.9341608,48731517,790093171.02,1.975500
2024-07-12,15.7975544,15.953676,15.5243416,15.8463424,31283963,506111420.82,1.268200
2024-07-15,15.8365848,15.8365848,15.5340992,15.6414328,23240507,372870144.48,0.942200
2024-07-16,15.65128453,15.65128453,14.98150017,15.2671435,48269975,746309431.46,1.956800
2024-07-17,15.24744396,15.24744396,14.82390385,14.86330293,33862756,515272244.74,1.372800
2024-07-18,14.75495546,14.8731527,14.29201627,14.74510569,39080413,579937414.92,1.584300
2024-07-19,14.68600707,15.12924672,14.63675822,14.82390385,26164481,395494249.75,1.060700
2024-07-22,14.76480523,15.68083384,14.73525592,15.49368821,42936099,668794338.06,1.740600
2024-07-23,15.50353798,15.50353798,14.92240155,15.1686458,35955317,555198060.34,1.457600
2024-07-24,15.20804488,15.64143476,15.18834534,15.33609189,29821373,467372922.94,1.208900
2024-07-25,15.20804488,15.74978223,14.98150017,15.65128453,42192366,663313421.87,1.710500
2024-07-26,15.54293706,16.02557579,15.49368821,15.89752878,40075706,644858850.73,1.624600
2024-07-29,15.9566274,16.18317211,15.20804488,15.2671435,45578152,718494292.62,1.847700
2024-07-30,15.29669281,15.44443936,15.11939695,15.15879603,16445820,254522474.6,0.666700
2024-07-31,15.15879603,15.43458959,14.82390385,15.31639235,27602740,425019916.29,1.119000
2024-08-01,15.1686458,15.72023292,15.11939695,15.49368821,25926604,407945229.97,1.051000
2024-08-02,15.3656412,15.48383844,15.05044856,15.1686458,23607888,364934707.83,0.957100
2024-08-05,15.00119971,15.40504028,14.58750937,14.60720891,26741305,405976316.54,1.084100
2024-08-06,14.76480523,14.94210109,13.90787524,14.0851711,57735846,834491236.01,2.340600
2024-08-07,14.22306788,14.63675822,14.19351857,14.20336834,40625738,593098687.61,1.646900
2024-08-08,14.29201627,14.35111489,13.86847616,14.02607248,28061873,401218912.75,1.137600
2024-08-09,13.99652317,14.31171581,13.789678,13.91772501,25462882,360749956.68,1.032300
2024-08-12,13.89802547,14.03592225,13.67148076,13.75027892,21185081,297136822.36,0.858800
2024-08-13,13.789678,13.8881757,13.62223191,13.82907708,15251123,213042581.67,0.618300
2024-08-14,13.82907708,13.85862639,13.30703927,13.37598766,31895018,435397506.97,1.293000
2024-08-15,13.31688904,13.62223191,13.28733973,13.52373421,18908140,258943413.8,0.766500
2024-08-16,13.5926826,13.80937754,13.46463559,13.48433513,18284432,252587255.62,0.741200
2024-08-19,13.3956872,13.65178122,13.18884203,13.25779042,24594002,333985959.52,0.997000
2024-08-20,13.27748996,13.30703927,13.0016964,13.13959318,18417388,245166612.17,0.746600
2024-08-21,13.05094525,13.17899226,12.9031987,12.93274801,16941951,223841954.54,0.686800
2024-08-22,13.0016964,13.05094525,12.66680422,12.7062033,22982437,297752599.28,0.931700
2024-08-23,12.69635353,12.76530192,12.5092079,12.64710468,23070064,295858998.7,0.935200
2024-08-26,12.67665399,12.7062033,12.38116089,12.44025951,26974163,341706054.37,1.093500
2024-08-27,12.4107102,12.4107102,11.99701986,12.14476641,32642905,402039873.14,1.323300
2024-08-28,12.1152171,12.7062033,12.03641894,12.69635353,34948988,444315893.79,1.416800
2024-08-29,13.11989364,13.96697386,13.11004387,13.96697386,78965952,1092955399.79,3.201200
2024-08-30,13.96697386,14.12457018,13.65178122,13.92757478,67407262,951551654.05,2.732700
2024-09-02,13.87832593,14.12457018,13.79952777,13.91772501,34901980,495653642.94,1.414900
2024-09-03,13.90787524,14.42991305,13.86847616,14.34126512,43315954,627176237.9,1.756000
2024-09-04,14.19351857,14.52841075,14.14426972,14.36096466,32196560,470454882.2,1.305200
2024-09-05,14.42991305,14.46931213,14.17381903,14.27231673,23550166,341989653.48,0.954700
2024-09-06,14.31171581,14.35111489,13.8881757,13.94727432,24219469,346448428.35,0.981800
2024-09-09,13.9866734,14.27231673,13.91772501,14.15411949,24232887,346258793.22,0.982400
2024-09-10,14.07532133,14.20336834,13.94727432,14.11472041,15469080,220810553.8,0.627100
2024-09-11,14.05562179,14.73525592,14.00637294,14.54811029,40310163,592699543.11,1.634200
2024-09-12,14.61705868,14.84360339,14.30186604,14.35111489,27036803,398895481.56,1.096100
2024-09-13,14.43976282,14.82390385,14.36096466,14.44961259,26983980,399290991.05,1.093900
2024-09-18,14.42991305,14.73525592,14.21321811,14.6761573,24448379,361515119.27,0.991100
2024-09-19,14.73525592,14.76480523,14.49886144,14.5776596,21377078,316987264.75,0.866600
2024-09-20,14.62690845,14.6761573,14.30186604,14.41021351,22473734,329229456.35,0.911100
2024-09-23,14.45946236,14.60720891,14.14426972,14.21321811,23143712,336584956.04,0.938200
2024-09-24,14.29201627,14.56780983,14.04577202,14.50871121,34871223,508649062.55,1.413700
2024-09-25,14.52841075,14.98150017,14.3806642,14.44961259,44469518,663055919.3,1.802800
2024-09-26,14.34126512,14.52841075,14.05562179,14.52841075,58606450,850383200.67,2.375900
2024-09-27,14.72540615,15.33609189,14.72540615,15.32624212,46756698,713646718.25,1.895500
2024-09-30,16.10437395,16.744609,15.45428913,16.65596107,102920956,1692854960.93,4.172400
2024-10-08,18.3205722,18.3205722,16.75445877,17.729586,116954699,2091272698.2,4.741300
2024-10-09,17.38484405,17.79853439,16.66581084,16.66581084,82092015,1434573653.03,3.328000
2024-10-10,16.744609,17.51289106,16.58701268,16.89235555,67365501,1163981538.45,2.731000
2024-10-11,17.0401021,17.11890026,16.37031774,16.79385785,41770523,711353961.05,1.693400
2024-10-14,16.78400808,17.17799888,16.63626153,17.06965141,45994670,791255392.5,1.864600
2024-10-15,16.97115371,16.97115371,16.33091866,16.34076843,47799982,808603806.2,1.937800
2024-10-16,16.14377303,16.37031774,15.94677763,16.11422372,39348835,643420107.23,1.595200
2024-10-17,16.18317211,16.56731314,16.09452418,16.27182004,34548593,573512332.25,1.400600
2024-10-18,16.16347257,17.10905049,16.13392326,16.81355739,60801287,1037266828.77,2.464800
2024-10-21,16.96130394,17.4340929,16.83325693,17.08935095,55773924,970767496.36,2.261000
2024-10-22,17.28634635,17.84778324,16.99085325,17.67048738,89064467,1588702225.98,3.610600
2024-10-23,17.65078784,18.27132335,17.11890026,17.21739796,95520242,1720162952.83,3.872300
2024-10-24,17.0401021,17.59168922,16.96130394,17.37499428,43745339,770083177.55,1.773400
2024-10-25,17.37499428,17.68033715,17.22724773,17.56213991,40849297,724614046.28,1.656000
2024-10-28,17.77883485,17.79853439,17.12875003,17.60153899,53958455,953833737.51,2.187400
2024-10-29,17.70988646,18.0250791,17.50304129,17.61138876,62405254,1123635813.74,2.529900
2024-10-30,17.61138876,18.09402749,17.47349198,17.64093807,45566317,823460312.72,1.847200
2024-10-31,17.57198968,17.58183945,16.88250578,17.04995187,71550648,1247932651.6,2.900600
2024-11-01,16.98100348,17.1385998,16.68551038,16.77415831,43908205,753508025.14,1.780000
2024-11-04,16.80370762,17.16814911,16.744609,16.89235555,36547988,628236863.71,1.481600
2024-11-05,16.89235555,17.8280837,16.69536015,17.64093807,66689511,1181071768.98,2.703600
2024-11-06,17.729586,18.46831875,17.58183945,18.4190699,95359418,1759935287.53,3.865800
2024-11-07,18.42891967,18.62591507,18.14327634,18.6160653,63960287,1197324209.37,2.592900
2024-11-08,18.714563,18.8130607,18.20237496,18.30087266,52692343,988226031.23,2.136100
2024-11-11,18.27132335,18.88200909,17.87733255,18.88200909,71305385,1332278239.73,2.890700
2024-11-12,18.8130607,19.15780265,18.25162381,18.4190699,56509430,1068622984.75,2.290900
2024-11-13,18.30087266,18.48801829,18.06447818,18.36982105,29514938,547382344.53,1.196500
2024-11-14,18.40922013,18.40922013,17.39469382,17.47349198,50448295,910524454.72,2.045100
2024-11-15,17.59168922,17.62123853,17.1385998,17.15829934,35571595,627466338.04,1.442100
2024-11-18,17.15829934,17.729586,17.15829934,17.29619612,47206300,836712005.24,1.913700
2024-11-19,17.27649658,17.5325906,16.95145417,17.34544497,28817576,503363726.89,1.168200
2024-11-20,17.31589566,17.41439336,17.06965141,17.26664681,23416522,409785359.6,0.949300
2024-11-21,17.27649658,17.36514451,16.86280624,17.02040256,30605559,531000910.52,1.240700
2024-11-22,17.02040256,17.17799888,16.4491159,16.49836475,35342260,605262329.8,1.432800
2024-11-25,16.50821452,16.78400808,16.26197027,16.49836475,32558280,546428892.4,1.319900
2024-11-26,16.52791406,16.744609,16.4491159,16.46881544,21852950,367917940.0,0.885900
2024-11-27,16.46881544,17.18784865,16.41956659,17.18784865,43089351,739188877.61,1.746800
2024-11-28,17.16814911,17.28634635,16.69536015,16.87265601,31205514,536197469.8,1.265100
2024-11-29,17.00070302,17.46364221,16.83325693,17.39469382,43508965,762348396.2,1.763800
2024-12-02,17.61138876,18.6160653,17.49319152,18.44861921,87343916,1625001916.65,3.540900
2024-12-03,18.3205722,18.67516392,18.15312611,18.3205722,34029089,635394719.64,1.379500
2024-12-04,18.20237496,18.30087266,17.64093807,18.04477864,34013184,619417446.9,1.378900
2024-12-05,17.96598048,18.01522933,17.56213991,17.8280837,28980452,524285066.22,1.174900
2024-12-06,17.85763301,18.00537956,17.66063761,17.84778324,26306338,476631030.21,1.066400
2024-12-09,17.8280837,17.83793347,17.47349198,17.69018692,29599373,529613367.32,1.199900
2024-12-10,18.08417772,18.17282565,17.4340929,17.47349198,43016850,772458546.76,1.743900
2024-12-11,17.5325906,17.74928554,17.35529474,17.46364221,26414970,468623397.22,1.070800
2024-12-12,17.50304129,17.78868462,17.40454359,17.62123853,36513635,651186213.22,1.480200
2024-12-13,17.46364221,18.1235768,17.44394267,17.75913531,113138374,2054778455.99,4.586600
2024-12-16,17.729586,17.96598048,17.4340929,17.81823393,57651751,1036644233.64,2.337200
2024-12-17,17.8280837,18.39937036,17.74928554,17.97583025,57376235,1056176805.36,2.326000
2024-12-18,18.07432795,18.10387726,17.64093807,17.91673163,34952412,633377891.72,1.417000
2024-12-19,17.71973623,18.26147358,17.60153899,18.20237496,51279048,938938267.66,2.078800
2024-12-20,18.2220745,18.56681645,17.96598048,18.03492887,50430562,932824536.53,2.044400
2024-12-23,17.91673163,18.17282565,17.84778324,17.90688186,29300139,534840469.62,1.198300
2024-12-24,17.88718232,18.09402749,17.70988646,18.07432795,29140891,530706091.36,1.191800
2024-12-25,18.00537956,18.07432795,17.56213991,17.66063761,28031451,505591905.57,1.146400
2024-12-26,17.62123853,18.39937036,17.5325906,18.39937036,59593539,1099950370.1,2.437200
2024-12-27,18.3205722,18.34027174,17.60153899,17.70003669,74891633,1355314708.48,3.062800
2024-12-30,17.60153899,17.71973623,16.91205509,17.00070302,67233954,1178521051.99,2.749700
2024-12-31,17.12875003,17.38484405,16.80370762,16.96130394,42095450,729638889.7,1.721600
2025-01-02,16.88250578,16.97115371,16.19302188,16.36046797,46779490,786834107.0,1.913100
2025-01-03,16.43926613,16.69536015,16.0551251,16.07482464,34890393,579110002.48,1.426900
2025-01-06,16.12407349,16.19302188,15.65128453,15.79903108,45639565,737978367.96,1.866500
2025-01-07,15.87782924,16.04527533,15.54293706,16.00587625,44000323,707976643.81,1.799500
2025-01-08,15.9566274,15.9566274,15.2671435,15.58233614,55636581,879550237.57,2.275400
2025-01-09,15.41489005,15.68083384,15.28684304,15.40504028,42465909,667958671.05,1.736700
2025-01-10,15.41489005,15.48383844,15.0701481,15.1686458,45860608,710086403.44,1.875600
2025-01-13,15.0701481,15.24744396,14.82390385,14.95195086,40904480,623202015.4,1.672900
2025-01-14,15.02089925,15.74978223,14.8731527,15.71038315,53954739,848275286.02,2.206600
2025-01-15,15.71038315,15.71038315,15.25729373,15.34594166,36915205,576627478.3,1.509700
2025-01-16,15.41489005,15.78918131,15.37549097,15.52323752,33422459,528163213.86,1.366900
2025-01-17,15.5626366,16.09452418,15.53308729,15.94677763,54354123,880900045.15,2.222900
2025-01-20,15.759632,15.80888085,14.90270201,15.21789465,100046483,1555720151.9,4.091600
2025-01-21,15.39519051,15.759632,15.18834534,15.59218591,56701920,890525185.95,2.318900
2025-01-22,15.47398867,15.90737855,15.3656412,15.62173522,49519438,784304145.3,2.025200
2025-01-23,15.82858039,15.99602648,15.4641389,15.47398867,46063207,734654491.37,1.883800
2025-01-24,15.47398867,16.45896567,15.41489005,16.20287165,108647358,1789951316.06,4.443300
2025-01-27,16.17332234,16.19302188,15.41489005,15.41489005,82375772,1308266461.19,3.368900
2025-02-05,15.55278683,15.65128453,14.88300247,15.0701481,68354894,1043549229.48,2.795500
2025-02-06,15.0701481,15.39519051,14.85345316,15.28684304,70387839,1082925991.63,2.878600
2025-02-07,15.32624212,16.03542556,15.27699327,15.78918131,86318293,1375360068.19,3.530100
2025-02-10,15.78918131,15.8581297,15.6611343,15.77933154,53891136,861767844.28,2.204000
2025-02-11,15.759632,15.90737855,15.62173522,15.81873062,55457705,887648364.7,2.268000
2025-02-12,15.78918131,15.90737855,15.6611343,15.90737855,53868787,863651585.04,2.203100
2025-02-13,15.92707809,15.92707809,15.41489005,15.54293706,61797306,979657584.29,2.527300
2025-02-14,15.47398867,15.97632694,15.45428913,15.759632,70052505,1120810509.49,2.864900
2025-02-17,15.84827993,15.93692786,15.54293706,15.6611343,71247680,1135518029.16,2.913800
2025-02-18,15.6611343,15.70053338,15.1686458,15.22774442,56585853,887397558.38,2.314200
2025-02-19,15.19819511,15.60203568,15.19819511,15.54293706,48825310,766980387.69,1.996800
2025-02-20,15.60203568,15.61188545,15.27699327,15.43458959,47169448,736820542.16,1.929100
2025-02-21,15.44443936,16.3506182,15.41489005,16.2521205,140775228,2293791873.02,5.757300
2025-02-24,16.3506182,16.73475923,16.11422372,16.59686245,109991014,1840896054.52,4.498300
2025-02-25,16.3506182,16.5476136,16.17332234,16.23242096,71450108,1187005483.37,2.922100
2025-02-26,16.3506182,16.5476136,16.18317211,16.4491159,58493038,975175514.04,2.392200
2025-02-27,16.4491159,16.48851498,15.79903108,16.01572602,80668847,1315446626.91,3.299100
2025-02-28,15.90737855,15.92707809,15.31639235,15.32624212,79993571,1262399616.23,3.271500
2025-03-03,15.3656412,15.61188545,15.22774442,15.33609189,49147318,768836758.7,2.010000
2025-03-04,15.23759419,15.48383844,15.17849557,15.48383844,32686175,509987651.55,1.336800
2025-03-05,15.61188545,15.72023292,15.45428913,15.60203568,40050876,633003206.3,1.638000
2025-03-06,15.71038315,16.13392326,15.63158499,16.0551251,80600321,1300898015.57,3.296300
2025-03-07,16.01572602,16.10437395,15.71038315,15.80888085,59002924,951681271.75,2.413000
2025-03-10,15.759632,15.79903108,15.47398867,15.63158499,45220984,716075387.62,1.849400
2025-03-11,15.4641389,15.68083384,15.37549097,15.68083384,35943191,567835628.86,1.470000
2025-03-12,15.76948177,15.99602648,15.6611343,15.83843016,55767725,897321027.87,2.280700
2025-03-13,15.8581297,16.10437395,15.71038315,15.90737855,56515860,912292463.45,2.311300
2025-03-14,16.09452418,16.86280624,16.09452418,16.6461113,158133456,2667195900.08,6.467100
2025-03-17,17.28634635,17.3355952,16.61656199,16.66581084,136294849,2338302275.94,5.574000
2025-03-18,16.60671222,17.16814911,16.5476136,16.68551038,77355039,1311173487.12,3.163600
2025-03-19,16.70520992,16.71505969,16.38016751,16.47866521,56150851,939604224.95,2.296400
2025-03-20,16.4491159,16.99085325,16.3506182,16.78400808,95039298,1620710515.72,3.886800
2025-03-21,17.0401021,18.00537956,16.96130394,17.32574543,210804431,3747419461.48,8.621200
2025-03-24,17.67048738,17.77883485,16.93175463,17.729586,161153822,2835435046.59,6.590700
2025-03-25,17.47349198,17.70988646,16.85295647,16.95145417,124297282,2178407427.02,5.083400
2025-03-26,16.83325693,17.19769842,16.75445877,16.77415831,69312734,1190905775.8,2.834700
2025-03-27,16.78400808,16.93175463,16.37031774,16.6461113,65338086,1106991675.92,2.672100
2025-03-28,16.60671222,17.1385998,16.56731314,16.87265601,66998431,1146148271.99,2.740000
2025-03-31,16.72490946,16.85295647,16.2521205,16.39001728,58242829,975252866.23,2.381900
2025-04-01,16.49836475,16.5476136,16.20287165,16.21272142,51841293,861035950.24,2.120100
2025-04-02,16.18317211,16.45896567,16.1536228,16.2521205,35659899,590329661.03,1.458400
2025-04-03,16.09452418,16.24227073,15.70053338,15.84827993,53128957,860631352.72,2.172800
2025-04-07,14.76480523,15.0701481,14.26246696,14.26246696,69122740,1016366929.6,2.826900
2025-04-08,14.13441995,14.49886144,14.07532133,14.37081443,65297425,946802112.79,2.670500
2025-04-09,14.09502087,14.89285224,13.65178122,14.75495546,65889406,959565483.6,2.694700
2025-04-10,15.11939695,15.27699327,14.94210109,15.04059879,56239125,863043751.65,2.300000
2025-04-11,14.8731527,15.15879603,14.81405408,14.99134994,38338109,583712223.16,1.567900
2025-04-14,15.20804488,15.31639235,15.06029833,15.12924672,36376102,559883000.67,1.487700
2025-04-15,15.09969741,15.10954718,14.81405408,14.92240155,28506610,431096393.4,1.165800
2025-04-16,14.82390385,14.8731527,14.4791619,14.66630753,34831478,517572748.12,1.424500
2025-04-17,14.56780983,14.79435454,14.50871121,14.5776596,26474401,393826771.11,1.082700
2025-04-18,14.52841075,14.9716504,14.48901167,14.8731527,39232967,589251133.77,1.604500
2025-04-21,14.92240155,15.13909649,14.774655,15.03074902,29932743,455960171.78,1.224200
2025-04-22,15.05044856,15.10954718,14.94210109,15.01104948,27392702,417904622.88,1.120300
2025-04-23,15.05044856,15.25729373,15.01104948,15.24744396,39149016,602583107.26,1.601100
2025-04-24,15.22774442,15.22774442,14.92240155,15.02089925,33171157,507746063.31,1.356600
2025-04-25,15.15879603,15.69068361,15.11939695,15.4641389,65904025,1033850893.11,2.695300
2025-04-28,15.4641389,15.55278683,15.27699327,15.33609189,34288614,536023518.42,1.402300
2025-04-29,15.31639235,15.42473982,15.1686458,15.30654258,22692139,353211512.01,0.928000
2025-04-30,15.37549097,15.38534074,15.1686458,15.17849557,32727957,507038483.29,1.338500
2025-05-06,15.30654258,15.61188545,15.29669281,15.53308729,34983429,549618987.49,1.430700
2025-05-07,15.71038315,15.74978223,15.44443936,15.53308729,34070747,537475932.84,1.393400
2025-05-08,15.53308729,15.70053338,15.44443936,15.6611343,30605912,485573096.3,1.251700
2025-05-09,15.64143476,15.64143476,15.33609189,15.45428913,31373843,491920727.72,1.283100
2025-05-12,15.52323752,15.73993246,15.51338775,15.70053338,30920586,491399493.68,1.264600
2025-05-13,15.90737855,15.92707809,15.5626366,15.61188545,31806391,507964822.1,1.300800
2025-05-14,15.61188545,15.79903108,15.45428913,15.63158499,27280014,431678414.94,1.115700
2025-05-15,15.58233614,15.59218591,15.13909649,15.15879603,33759001,524329537.42,1.380600
2025-05-16,15.13909649,15.25729373,15.09969741,15.12924672,21524453,331408574.95,0.880300
2025-05-19,15.11939695,15.12924672,14.91255178,15.06029833,24724796,377053953.42,1.011200
2025-05-20,15.03074902,15.14894626,14.93225132,15.11939695,21985160,335910590.3,0.899100
2025-05-21,15.0701481,15.13909649,14.92240155,14.95195086,23195254,353367859.6,0.948600
2025-05-22,14.88300247,14.99134994,14.80420431,14.81405408,25165160,379798428.2,1.029200
2025-05-23,14.81405408,14.93225132,14.61705868,14.65645776,29523134,442469075.2,1.207400
2025-05-26,14.59735914,14.72540615,14.59735914,14.68600707,21967251,327031961.88,0.898400
2025-05-27,14.6761573,14.73525592,14.55796006,14.69585684,19769878,293902964.19,0.808500
2025-05-28,14.70570661,14.93225132,14.69585684,14.90270201,26018885,392250307.96,1.064100
2025-05-29,14.8731527,15.12924672,14.85345316,15.07999787,29219970,446745102.71,1.195000
2025-05-30,15.0701481,15.0701481,14.774655,14.774655,24966820,377191282.98,1.021100
2025-06-03,14.78450477,14.95195086,14.71555638,14.80420431,20552105,309449900.36,0.840500
2025-06-04,14.88300247,15.02089925,14.86330293,14.93225132,22486965,341511437.76,0.919600
2025-06-05,14.92240155,15.06029833,14.85345316,15.02089925,20393245,310094907.68,0.834000
2025-06-06,15.02089925,15.21789465,14.92240155,15.12924672,27013684,413301882.16,1.104800
2025-06-09,15.12924672,15.22774442,15.04059879,15.15879603,30850156,474033072.97,1.261700
2025-06-10,15.15879603,15.15879603,14.8731527,15.00119971,25116310,382962520.92,1.027200
2025-06-11,15.02089925,15.17849557,14.9716504,15.13909649,25865158,396104968.62,1.057800
2025-06-12,15.08984764,15.2671435,15.01104948,15.05044856,28425069,437029560.19,1.162500
2025-06-13,14.98150017,15.05044856,14.61705868,14.64660799,44389800,665163548.85,1.815400
2025-06-16,14.56780983,15.04059879,14.55796006,14.92240155,34743096,526155708.87,1.420900
2025-06-17,14.96180063,14.9716504,14.73525592,14.774655,19516028,293338081.2,0.798100
2025-06-18,14.78450477,14.90270201,14.71555638,14.81405408,19407704,292051069.96,0.793700
2025-06-19,14.79435454,14.88300247,14.5776596,14.59735914,22119483,329826184.68,0.904600
2025-06-20,14.59735914,14.70570661,14.46931213,14.48901167,19178020,283199539.79,0.784300
2025-06-23,14.4791619,14.58750937,14.39051397,14.53826052,18698850,275922454.2,0.764700
2025-06-24,14.59735914,14.8731527,14.5776596,14.86330293,26655901,400006302.62,1.090100
2025-06-25,14.86330293,15.04059879,14.80420431,15.01104948,29147068,441722324.96,1.192000
2025-06-26,15.06029833,15.25729373,14.9716504,15.07999787,35230225,540018247.41,1.440800
2025-06-27,15.22,15.25,15.09,15.14,28164536,426864703.48,1.151800
2025-06-30,15.14,15.36,15.1,15.3,35706894,543017579.46,1.460300
2025-07-01,15.25,15.28,15.15,15.25,22559040,343215305.22,0.922600
2025-07-02,15.55,15.7,15.37,15.4,71643760,1111220347.39,2.930000
2025-07-03,15.37,15.89,15.37,15.78,70948505,1115132861.36,2.901600
2025-07-04,15.79,15.82,15.38,15.41,61387640,955489967.6,2.510600
2025-07-07,15.38,15.41,15.14,15.18,39303165,597805054.1,1.607400
2025-07-08,15.16,15.8,15.16,15.7,65632667,1020229193.45,2.684200
2025-07-09,15.66,15.71,15.42,15.45,30926275,480857861.5,1.264800
2025-07-10,15.41,15.52,15.37,15.44,23678540,365376337.6,0.968400
2025-07-11,15.4,15.55,15.36,15.4,36173029,558963810.91,1.479400
2025-07-14,15.4,15.49,15.3,15.34,30163725,463916835.0,1.233600
2025-07-15,15.38,15.61,15.33,15.48,46601204,722017122.13,1.905800
2025-07-16,15.52,15.6,15.33,15.36,33626940,519363357.42,1.375200
2025-07-17,15.35,16.03,15.33,15.81,93022965,1466948756.37,3.804300
2025-07-18,15.88,15.95,15.64,15.71,44385425,699970974.1,1.815200
2025-07-21,15.79,15.9,15.73,15.87,40546116,641477612.59,1.658200
2025-07-22,15.9,16.16,15.8,16.1,62312616,996957346.88,2.548400
2025-07-23,16.15,16.16,15.8,15.85,55014716,877372964.21,2.249900
2025-07-24,15.84,15.93,15.81,15.89,37718120,598230783.34,1.542500
2025-07-25,16.1,16.15,15.74,15.79,55690863,885665007.17,2.277600
2025-07-28,15.81,15.95,15.77,15.9,41317159,655357294.92,1.689700
2025-07-29,15.85,16.05,15.72,16.05,53000184,842742568.95,2.167500
2025-07-30,16.06,16.55,15.9,16.33,103063479,1679786383.02,4.215000
2025-07-31,16.25,16.55,15.86,15.93,92209473,1495037634.74,3.771100
2025-08-01,15.82,16.28,15.67,15.78,70309833,1116807859.39,2.875400
2025-08-04,15.7,15.93,15.59,15.8,38368570,604041099.33,1.569200
2025-08-05,15.8,16.2,15.79,16.14,64870354,1039983646.35,2.653000
2025-08-06,16.27,16.34,16.1,16.2,52881346,857461053.88,2.162700
2025-08-07,16.1,16.22,15.9,16.06,43652412,699489027.17,1.785200
2025-08-08,16.06,17.27,16.03,16.97,175451591,2949328014.64,7.175400
2025-08-11,17.25,18.12,17.25,17.65,158597760,2808244766.64,6.486100
2025-08-12,17.55,17.95,17.5,17.9,93089551,1650752373.6,3.807100
2025-08-13,17.9,18.19,17.75,18.13,104794391,1885694797.35,4.285800
2025-08-14,18.25,18.31,17.48,17.56,104283479,1853787712.95,4.264900
2025-08-15,17.49,18.44,17.48,18.14,101759227,1837975091.83,4.161600
2025-08-18,18.2,18.24,17.89,18.02,106316808,1920521243.25,4.348000
2025-08-19,18.03,19.0,17.98,18.66,143686479,2676896321.9,5.876300
2025-08-20,18.46,18.54,18.12,18.48,78754244,1442236091.12,3.220800
2025-08-21,18.5,18.56,18.11,18.23,65090899,1189732603.18,2.662000
2025-08-22,18.25,18.86,18.18,18.73,87507739,1623557903.37,3.578800
2025-08-25,19.28,20.33,19.22,20.22,162979984,3233506476.25,6.665400
2025-08-26,19.75,19.8,19.35,19.36,154039555,3009255963.32,6.299700
2025-08-27,19.47,19.78,18.89,18.9,129606312,2513848369.96,5.300500
2025-08-28,18.88,20.79,18.88,20.51,246738048,4992318825.59,10.090800
2025-08-29,20.78,20.97,20.2,20.48,172651844,3543324778.0,7.060900
2025-09-01,20.8,21.15,20.37,20.71,143528866,2976863392.77,5.869900
2025-09-02,20.91,22.01,19.99,20.24,180921917,3774626897.46,7.399100
2025-09-03,20.46,21.46,20.01,20.9,165648024,3452242717.92,6.774500
2025-09-04,21.58,21.68,18.82,19.29,210352581,4171832551.46,8.602700
2025-09-05,19.29,20.17,19.29,20.1,138363468,2750564166.08,5.658600
2025-09-08,20.11,20.12,19.39,19.71,103291107,2029595409.97,4.224300
2025-09-09,19.68,20.18,19.32,19.8,109891014,2173045376.27,4.494200
2025-09-10,20.01,20.86,19.8,20.39,129815820,2644751414.52,5.309000
2025-09-11,20.45,21.09,20.03,20.95,134243058,2779121713.41,5.490100
2025-09-12,20.85,21.14,20.5,20.56,103425162,2141548082.15,4.229800
2025-09-15,20.57,20.63,20.01,20.08,79971166,1614562390.42,3.270600
2025-09-16,20.09,20.21,19.53,20.14,96193182,1918892654.5,3.934000
2025-09-17,20.08,20.28,19.8,20.2,66740415,1340361281.71,2.729500
2025-09-18,20.34,22.22,20.33,22.22,189319721,4151055442.96,7.742600
2025-09-19,23.2,23.85,22.69,22.9,296449672,6896776018.21,12.123800
2025-09-22,22.68,23.06,21.97,22.87,170396943,3868771764.89,6.968700
2025-09-23,23.1,23.3,21.56,22.04,161644551,3579084467.29,6.610700
2025-09-24,21.88,22.84,21.58,22.61,141738777,3148563019.2,5.796700
2025-09-25,22.62,23.0,22.1,22.93,141080468,3196383892.99,5.769700
2025-09-26,22.73,23.56,22.63,22.78,136834221,3156353960.67,5.596100
2025-09-29,22.7,23.5,22.66,23.13,113962708,2634106381.79,4.660700
2025-09-30,23.2,23.69,22.79,22.97,116902832,2706109689.18,4.780900
2025-10-09,22.99,24.48,22.98,24.11,147279294,3499377503.42,6.023200
2025-10-10,23.81,23.81,22.46,22.56,129935734,2988912957.64,5.314000
2025-10-13,21.1,22.29,21.1,22.15,90777827,1976220330.54,3.712500
2025-10-14,22.26,22.54,20.76,20.83,115496198,2483312681.38,4.723400
2025-10-15,20.97,21.79,20.84,21.75,82249122,1758426398.24,3.363700
2025-10-16,21.88,21.88,21.3,21.38,48632480,1046021585.58,1.988900
2025-10-17,21.79,21.87,20.32,20.4,70825397,1476060793.23,2.896500
2025-10-20,20.76,21.17,20.51,20.6,50142165,1042615820.29,2.050700
2025-10-21,20.77,21.14,20.7,20.99,63819447,1336987762.52,2.610000
2025-10-22,21.3,21.36,20.62,20.94,53833578,1128532223.9,2.201600
2025-10-23,20.71,21.06,20.22,21.04,53663939,1106374077.06,2.194700
2025-10-24,21.3,21.5,21.15,21.46,69805903,1491302141.83,2.854800
2025-10-27,21.75,22.46,21.73,21.89,98562054,2168478795.63,4.030900
2025-10-28,22.01,22.08,21.3,21.52,86998627,1881173294.97,3.558000
2025-10-29,21.68,22.74,21.6,22.48,119506165,2671480212.36,4.887400
2025-10-30,22.48,23.08,22.19,22.53,119914233,2711395479.34,4.904100
2025-10-31,22.6,23.1,22.3,22.36,88911172,2010207368.7,3.636200
2025-11-03,22.15,22.23,21.48,22.01,71270324,1556573222.01,2.914700
2025-11-04,22.03,22.03,20.9,21.12,79679401,1696551826.58,3.258600
2025-11-05,20.77,22.08,20.66,21.68,77809833,1654659414.78,3.182200
2025-11-06,21.71,22.5,21.7,22.23,93781744,2077893957.18,3.835400
2025-11-07,21.98,22.17,21.7,21.97,48259171,1060502095.57,1.973600
2025-11-10,22.02,22.29,21.23,21.36,65356467,1403602253.39,2.672900
2025-11-11,21.46,21.69,20.9,20.96,56270690,1189570074.86,2.301300
2025-11-12,20.97,21.07,20.37,20.57,50906205,1052162680.62,2.081900
2025-11-13,20.6,20.9,20.5,20.72,35520342,735565527.86,1.452700
2025-11-14,20.52,20.64,20.3,20.3,37203679,761064813.47,1.521500
2025-11-17,20.3,20.44,19.85,20.13,43481102,874234670.81,1.778200
2025-11-18,20.0,20.28,19.94,20.01,30537619,613293714.34,1.248900
2025-11-19,20.12,20.37,19.94,20.0,33007928,663709827.85,1.349900
2025-11-20,20.21,20.28,19.56,19.64,44376152,877280872.15,1.814800
2025-11-21,19.31,19.44,18.94,18.98,56383886,1078037070.92,2.305900
2025-11-24,19.09,19.26,18.91,19.08,33573682,640601966.72,1.373100
2025-11-25,19.2,19.91,19.2,19.62,50986290,1001974690.57,2.085200
2025-11-26,19.53,20.17,19.49,19.98,57290339,1138986071.13,2.343000
2025-11-27,19.9,20.13,19.67,19.88,48858175,971693428.26,1.998100
2025-11-28,19.8,19.87,19.56,19.78,29829406,588655556.44,1.219900
2025-12-01,19.83,20.25,19.83,20.07,47684971,957338251.97,1.950200
2025-12-02,20.0,20.01,19.76,19.84,32892889,653675253.59,1.345200
2025-12-03,19.91,20.03,19.68,19.7,28394625,562945096.7,1.161200
2025-12-04,19.63,19.92,19.5,19.82,24285828,479592831.3,0.993200
2025-12-05,19.82,20.05,19.7,20.02,36837072,735395168.51,1.506500
2025-12-08,20.05,20.64,20.05,20.38,52465565,1071156980.1,2.145700
2025-12-09,20.48,20.64,20.3,20.4,44059363,901096720.47,1.801900
2025-12-10,20.35,20.8,20.28,20.75,61450052,1264351553.3,2.513100
2025-12-11,20.79,21.09,20.47,20.59,66106600,1375706033.13,2.703500
2025-12-12,20.63,21.1,20.42,20.92,64931560,1354268035.27,2.655500
2025-12-15,20.74,20.8,20.4,20.42,46812259,962700701.6,1.914500
2025-12-16,20.32,20.38,19.71,19.91,47681641,951373147.76,1.950000
2025-12-17,19.88,21.9,19.88,21.67,174406990,3726459953.27,7.132700
2025-12-18,21.8,22.95,21.77,22.6,218978208,4950401031.19,8.955500
2025-12-19,22.58,24.29,22.5,23.76,200209171,4729228168.62,8.187900
2025-12-22,24.4,26.14,24.25,26.14,184672154,4773594569.6,7.552500
2025-12-23,25.92,26.68,25.56,26.21,227875648,5978054241.46,9.319400
2025-12-24,26.19,27.08,26.19,26.93,148761486,3977055457.37,6.083900
2025-12-25,26.73,26.91,25.43,25.5,164680633,4245046666.56,6.734900
2025-12-26,25.4,25.92,25.01,25.45,117262760,2988035483.78,4.795700
2025-12-29,25.45,25.75,24.7,24.95,106314518,2676816835.27,4.347900
2025-12-30,24.81,25.0,24.38,24.46,82713612,2037464669.43,3.382700
2025-12-31,24.55,25.39,24.31,24.73,101633766,2527828281.47,4.156500
2026-01-05,24.96,24.96,24.51,24.8,85578747,2119359028.87,3.499900
2026-01-06,24.8,24.8,24.2,24.59,102666635,2509498604.13,4.198700
2026-01-07,24.63,25.38,24.53,24.92,112667313,2817220568.5,4.607700
2026-01-08,24.93,24.99,24.35,24.58,83079513,2048154492.61,3.397700
2026-01-09,24.48,24.91,24.15,24.59,79833338,1961392436.08,3.264900
2026-01-12,24.59,25.1,24.28,25.04,115234267,2848557336.77,4.712700
2026-01-13,25.11,25.11,23.78,24.05,143626992,3488544330.6,5.873900
2026-01-14,24.04,25.33,24.04,24.95,144673926,3580776717.83,5.916700
2026-01-15,24.8,25.1,24.4,24.91,72336005,1791984045.48,2.958300
2026-01-16,25.29,26.0,25.17,25.63,144045818,3686666101.96,5.891000
2026-01-19,26.91,28.14,26.91,27.08,195830557,5370564994.3,8.008800
2026-01-20,27.4,28.2,27.08,27.78,168272319,4666453522.38,6.881800
2026-01-21,27.27,29.17,27.27,27.97,142227689,4026300329.21,5.816700
2026-01-22,27.72,28.2,26.58,26.99,127680225,3467890431.78,5.221700
2026-01-23,27.7,29.36,27.67,28.41,145320871,4161310015.61,5.943200
2026-01-26,29.0,31.25,29.0,31.01,243638686,7512997254.19,9.964000
2026-01-27,30.7,31.93,30.08,31.86,188414592,5840277218.9,7.705500
2026-01-28,33.99,35.0,33.14,33.62,196801330,6666185713.5,8.048500
2026-01-29,33.0,33.47,31.5,31.83,140671783,4542674499.13,5.753000
2026-01-30,32.0,35.01,32.0,35.01,176270673,5917296930.86,7.208900
2026-02-02,35.72,37.16,33.8,34.85,277225310,9805374702.41,11.337600
2026-02-03,35.5,37.8,35.16,36.28,172531463,6250586324.65,7.056000
2026-02-04,36.4,38.02,36.34,37.35,152216834,5654139612.81,6.225200
2026-02-05,35.81,36.24,34.2,34.73,142259760,4970831930.61,5.818000
2026-02-06,34.17,37.8,34.17,36.7,180696440,6571228189.36,7.389900
2026-02-09,38.07,39.15,35.63,38.69,205927059,7717938526.72,8.421800
2026-02-10,39.0,41.88,38.76,41.51,182255957,7414325973.4,7.453700
2026-02-11,39.7,43.55,39.7,41.1,161804170,6746635637.4,6.617300
2026-02-12,41.1,42.05,40.4,41.85,120767531,5004871028.38,4.939000
2026-02-13,40.97,41.2,38.38,38.5,143495674,5613152207.82,5.868500
2026-02-24,40.86,42.35,40.41,42.23,148405770,6202456522.78,6.069300
2026-02-25,42.23,42.76,39.15,40.3,152111316,6123083938.21,6.220900
2026-02-26,41.22,44.33,41.2,44.33,130808142,5710686315.69,5.349600
2026-02-27,42.24,47.6,42.24,47.5,187329451,8447789590.72,7.661200
2026-03-02,46.0,52.19,46.0,49.6,178803640,8960722809.98,7.312500
2026-03-03,50.07,50.96,47.3,47.52,162607416,7946660106.42,6.650100
2026-03-04,46.9,48.95,45.99,48.38,147598604,7027113378.68,6.036300
2026-03-05,48.9,51.88,48.04,50.9,169785688,8494866115.54,6.943700
2026-03-06,49.37,50.29,47.33,48.43,140507830,6831599286.74,5.746300
2026-03-09,45.81,46.16,43.59,45.72,160204750,7118930754.41,6.551900
2026-03-10,46.72,50.2,46.72,49.99,153667766,7447926524.55,6.284500
2026-03-11,51.0,54.3,50.63,50.8,168100591,8775463957.85,6.874800
2026-03-12,49.9,54.3,49.9,51.42,150679865,7829262023.23,6.162300
2026-03-13,51.05,53.0,49.45,49.68,130784094,6660754105.38,5.348600
2026-03-16,49.28,50.2,46.67,47.23,125450079,5972946848.37,5.130500
2026-03-17,47.89,48.29,43.09,43.22,160718227,7153846251.0,6.572900
2026-03-18,43.1,44.65,42.42,44.51,137891286,5998952383.49,5.639300
2026-03-19,42.88,44.4,42.87,43.11,90545645,3945107463.6,3.703000
2026-03-20,44.5,45.4,42.89,42.98,128651148,5679526220.35,5.261400
2026-03-23,42.03,42.97,40.92,41.36,106727762,4453621103.29,4.364800
2026-03-24,42.8,44.4,41.6,44.37,138690856,5946857916.37,5.672000
2026-03-25,46.08,48.6,46.0,48.17,180209572,8519398088.17,7.370000
2026-03-26,47.81,49.88,47.17,47.88,138967101,6746968965.73,5.683300
2026-03-27,46.88,50.21,46.52,48.95,139297170,6744220349.88,5.696800
2026-03-30,48.1,53.85,48.1,53.85,135108699,6944960559.68,5.525500
2026-03-31,53.31,54.66,51.34,52.66,176089922,9334560460.99,7.201500
2026-04-01,54.66,54.7,50.58,51.96,128739639,6686306031.78,5.265000
2026-04-02,52.03,55.8,52.03,53.39,146987529,7954717995.76,6.011300
2026-04-03,54.45,58.73,54.01,58.05,169832639,9806984503.67,6.945600
2026-04-07,58.35,61.5,58.0,58.7,166875408,9947552532.48,6.824700
2026-04-08,60.8,60.87,56.55,58.56,195107878,11309217307.76,7.979300
2026-04-09,57.21,60.8,56.11,59.54,194181874,11401581735.02,7.941400
2026-04-10,59.21,59.21,55.71,55.98,208927553,11924256297.28,8.544500
2026-04-13,55.0,55.95,53.1,53.49,203511870,10991182403.9,8.323000
2026-04-14,53.51,54.41,52.15,52.67,156956401,8321295204.84,6.419000
2026-04-15,52.86,53.99,51.73,52.13,130152540,6872018675.96,5.322800
2026-04-16,51.81,53.44,50.89,53.14,142840210,7505347571.56,5.841700
2026-04-17,52.59,56.1,52.59,55.65,213417354,11580699228.6,8.728100
2026-04-20,58.35,60.99,57.5,60.89,221872593,13239760046.81,9.073900
2026-04-21,59.5,60.4,57.27,59.8,183209207,10811839421.22,7.492700
2026-04-22,59.7,65.78,59.55,65.78,203696367,13095647408.98,8.330500
2026-04-23,66.77,70.3,66.03,69.52,273438882,18775907731.27,11.182800
2026-04-24,68.0,71.3,66.55,69.54,221203009,15309618265.0,9.046500
2026-04-27,69.54,74.49,68.9,71.38,249512238,17920805105.0,10.204200
2026-04-28,70.0,71.6,67.68,68.29,176584323,12142025886.36,7.221700
2026-04-29,67.0,68.2,65.35,67.38,123763734,8317628139.58,5.061500
2026-04-30,67.7,68.0,63.3,65.7,160934768,10576815341.44,6.581700
2026-05-06,67.5,72.27,67.5,71.8,191574699,13541236055.65,7.834800
2026-05-07,74.55,76.63,71.8,75.96,190890446,14195232326.19,7.806800
2026-05-08,74.25,79.49,74.25,77.27,163302292,12666073982.97,6.678500
2026-05-11,79.3,79.9,73.83,74.99,238897082,18066147739.97,9.770100
2026-05-12,75.5,78.5,74.66,75.1,177002325,13523270710.83,7.238800
2026-05-13,73.34,77.0,73.33,75.43,152332907,11489160885.52,6.229900
2026-05-14,76.88,77.2,73.68,74.0,143096362,10748420519.5,5.852200
2026-05-15,73.98,74.51,67.97,69.8,158376933,11115658479.72,6.477100
2026-05-18,69.01,72.95,69.01,71.8,129168578,9263930935.38,5.282600
