date,open,high,low,close,volume,amount,turnover
2020-01-02,3.2901753,3.35310215,3.2901753,3.31714395,14526021,53718632.0,0.661800
2020-01-03,3.3261335,3.3441126,3.2901753,3.3081544,13700174,50416501.0,0.624200
2020-01-06,3.2721962,3.2901753,3.24522755,3.26320665,20354820,73987109.0,0.927400
2020-01-07,3.26320665,3.3261335,3.24522755,3.3081544,15086137,55318517.0,0.687300
2020-01-08,3.29916485,3.3441126,3.26320665,3.2721962,16611346,60912899.0,0.756800
2020-01-09,3.28118575,3.4879454,3.28118575,3.38906035,43954533,165039703.0,2.002600
2020-01-10,3.3620917,3.416029,3.3261335,3.37108125,25369822,94841429.0,1.155900
2020-01-13,3.35310215,3.416029,3.33512305,3.3800708,23213643,87321340.0,1.057600
2020-01-14,3.3980499,3.40703945,3.3441126,3.35310215,15717531,58789379.0,0.716100
2020-01-15,3.35310215,3.35310215,3.31714395,3.33512305,18932233,70127194.0,0.862600
2020-01-16,3.31714395,3.33512305,3.20926935,3.2542171,24883788,90275284.0,1.133700
2020-01-17,3.28118575,3.28118575,3.22724845,3.2542171,10879937,39377544.0,0.495700
2020-01-20,3.236238,3.2542171,3.2002798,3.24522755,11372269,40831339.0,0.518100
2020-01-21,3.1463425,3.1643216,3.056447,3.0744261,26768785,92392166.0,1.219600
2020-01-22,3.0744261,3.1103843,3.01149925,3.08341565,14441817,49140991.0,0.658000
2020-01-23,3.06543655,3.10139475,2.92160375,3.08341565,17826158,60094217.0,0.812200
2020-02-03,2.77777095,2.77777095,2.77777095,2.77777095,4394900,13580241.0,0.200200
2020-02-04,2.4990949,2.696865,2.4990949,2.66989635,25055009,73254995.0,1.141500
2020-02-05,2.65191725,2.75979185,2.65191725,2.72383365,14011316,42499966.0,0.638400
2020-02-06,2.7148441,2.7687814,2.68787545,2.7508023,16635260,50631609.0,0.757900
2020-02-07,2.75979185,2.79575005,2.7328232,2.77777095,23438246,72045900.0,1.067900
2020-02-10,2.7687814,2.79575005,2.7508023,2.77777095,15470999,47732395.0,0.704900
2020-02-11,2.75979185,2.7867605,2.72383365,2.72383365,18834088,57518048.0,0.858100
2020-02-12,2.72383365,2.7867605,2.72383365,2.7687814,24779116,76018174.0,1.128900
2020-02-13,2.7867605,2.7867605,2.72383365,2.74181275,14097001,43088499.0,0.642300
2020-02-14,2.72383365,2.7867605,2.7148441,2.75979185,15358433,46974963.0,0.699700
2020-02-17,2.7508023,2.81372915,2.74181275,2.81372915,39233281,121479885.0,1.787500
2020-02-18,2.8227187,3.0384679,2.7867605,2.99352015,58366438,189250987.0,2.659200
2020-02-19,2.99352015,3.1823007,2.9665515,3.02947835,61104119,209709168.0,2.783900
2020-02-20,3.0384679,3.1463425,2.90362465,3.0924052,58185894,194115531.0,2.651000
2020-02-21,3.0384679,3.1823007,3.0204888,3.1103843,45546946,157170045.0,2.075100
2020-02-24,3.1103843,3.416029,3.0744261,3.3261335,76565796,279551714.0,3.488400
2020-02-25,3.236238,3.3800708,3.1823007,3.35310215,75863760,277881483.0,3.456400
2020-02-26,3.49693495,3.6857155,3.40703945,3.6857155,190384296,769722838.0,8.674000
2020-02-27,3.6857155,3.6857155,3.37108125,3.3800708,141137418,548093898.0,6.430300
2020-02-28,3.1463425,3.28118575,3.0384679,3.0744261,88505119,308257299.0,4.032300
2020-03-02,3.1103843,3.20926935,3.0924052,3.19129025,40262091,141744506.0,1.834400
2020-03-03,3.2182589,3.416029,3.2182589,3.24522755,50880030,185873314.0,2.318100
2020-03-04,3.24522755,3.26320665,3.13735295,3.15533205,39120824,138497597.0,1.782400
2020-03-05,3.2182589,3.24522755,3.1463425,3.1643216,33036206,116836389.0,1.505100
2020-03-06,3.11937385,3.2182589,3.10139475,3.1463425,30259683,106229846.0,1.378600
2020-03-09,3.10139475,3.17331115,3.06543655,3.0744261,31550954,108982810.0,1.437500
2020-03-10,3.0204888,3.15533205,2.99352015,3.1463425,28521284,97536266.0,1.299400
2020-03-11,3.1643216,3.22724845,3.11937385,3.13735295,28537321,100778001.0,1.300200
2020-03-12,3.10139475,3.11937385,3.02947835,3.056447,21083001,71984507.0,0.960500
2020-03-13,2.9305933,3.04745745,2.88564555,3.02947835,22230099,73739417.0,1.012800
2020-03-16,3.0384679,3.1103843,2.92160375,2.92160375,20901628,69913174.0,0.952300
2020-03-17,2.92160375,2.9845306,2.8227187,2.95756195,17058003,55222276.0,0.777200
2020-03-18,2.9665515,3.0025097,2.90362465,2.90362465,14276735,47006677.0,0.650500
2020-03-19,2.90362465,2.9305933,2.83170825,2.8946351,14478023,46387401.0,0.659600
2020-03-20,2.9305933,2.93958285,2.876656,2.92160375,11375529,36797491.0,0.518300
2020-03-23,2.8586769,2.93958285,2.83170825,2.84968735,14898609,47545724.0,0.678800
2020-03-24,2.876656,3.1283634,2.86766645,3.01149925,37049236,122922320.0,1.688000
2020-03-25,3.056447,3.08341565,3.0025097,3.0204888,21550726,72595360.0,0.981900
2020-03-26,3.0025097,3.01149925,2.93958285,2.9485724,13296207,43975013.0,0.605800
2020-03-27,2.9845306,2.99352015,2.92160375,2.92160375,11908290,39078632.0,0.542500
2020-03-30,2.8946351,2.8946351,2.8227187,2.8406978,12892286,40806339.0,0.587400
2020-03-31,2.86766645,2.86766645,2.8227187,2.8227187,8208795,25919411.0,0.374000
2020-04-01,2.83170825,2.86766645,2.8047396,2.8406978,6570292,20804696.0,0.299300
2020-04-02,2.8227187,2.97554105,2.81372915,2.9665515,17068427,55525679.0,0.777600
2020-04-03,2.93958285,2.95756195,2.876656,2.88564555,10714437,34673174.0,0.488200
2020-04-07,2.92160375,3.0744261,2.9126142,2.97554105,24096696,80094076.0,1.097900
2020-04-08,2.9665515,3.0204888,2.9485724,2.99352015,18972723,63072776.0,0.864400
2020-04-09,3.02947835,3.2901753,3.02947835,3.2901753,78858346,281212394.0,3.592800
2020-04-10,3.2901753,3.2901753,3.02947835,3.056447,81496444,282718110.0,3.713000
2020-04-13,2.9665515,3.04745745,2.9485724,3.01149925,23731602,79048329.0,1.081200
2020-04-14,3.01149925,3.10139475,3.0025097,3.04745745,21241640,72361891.0,0.967800
2020-04-15,3.02947835,3.0384679,2.9665515,2.9845306,19079676,63665296.0,0.869300
2020-04-16,2.97554105,3.01149925,2.93958285,2.99352015,11476315,38079356.0,0.522900
2020-04-17,2.99352015,3.02947835,2.9665515,2.97554105,11700080,39031795.0,0.533100
2020-04-20,2.97554105,3.02947835,2.9485724,3.0025097,11036131,36869635.0,0.502800
2020-04-21,2.9845306,3.10139475,2.9665515,3.06543655,25896772,87727284.0,1.179900
2020-04-22,3.04745745,3.17331115,3.0204888,3.11937385,28889839,100057983.0,1.316200
2020-04-23,3.10139475,3.11937385,3.056447,3.0744261,16561430,56908743.0,0.754500
2020-04-24,3.0744261,3.20926935,3.04745745,3.1463425,33637484,117489920.0,1.532500
2020-04-27,3.11937385,3.236238,3.0924052,3.0924052,24782018,87152750.0,1.129100
2020-04-28,3.0924052,3.13735295,2.8946351,3.0924052,26371978,88895976.0,1.201500
2020-04-29,3.06543655,3.2182589,3.0384679,3.13735295,41135899,144838688.0,1.874200
2020-04-30,3.1643216,3.20926935,3.1283634,3.1823007,38672556,136562076.0,1.761900
2020-05-06,3.13735295,3.236238,3.11937385,3.2182589,33921467,120028265.0,1.545500
2020-05-07,3.2182589,3.2182589,3.1283634,3.1463425,29308864,103355205.0,1.335300
2020-05-08,3.1463425,3.2002798,3.1463425,3.17331115,21535843,76001115.0,0.981200
2020-05-11,3.17331115,3.1823007,3.0744261,3.0924052,23535637,81715531.0,1.072300
2020-05-12,3.0744261,3.10139475,3.0025097,3.01149925,19248794,64933720.0,0.877000
2020-05-13,3.0025097,3.056447,2.99352015,3.0204888,11983470,40359152.0,0.546000
2020-05-14,3.0204888,3.0384679,2.9845306,2.99352015,12411109,41581932.0,0.565500
2020-05-15,3.01149925,3.08341565,3.0025097,3.056447,16385100,55599973.0,0.746500
2020-05-18,3.06543655,3.19129025,3.02947835,3.1283634,31512541,109641527.0,1.435700
2020-05-19,3.1283634,3.2542171,3.11937385,3.2002798,42954386,152991122.0,1.957000
2020-05-20,3.2002798,3.2542171,3.1463425,3.17331115,29591017,105403798.0,1.348200
2020-05-21,3.19129025,3.22724845,3.1283634,3.1283634,21599217,76111793.0,0.984100
2020-05-22,3.1103843,3.17331115,3.0204888,3.0204888,22196759,75606914.0,1.011300
2020-05-25,3.0204888,3.04745745,2.97554105,2.9845306,13550983,45284101.0,0.617400
2020-05-26,2.99352015,3.02947835,2.99352015,3.0204888,11875596,39777480.0,0.541100
2020-05-27,3.0204888,3.0384679,2.99352015,3.01149925,9541842,32055961.0,0.434700
2020-05-28,3.02947835,3.0384679,2.9665515,2.99352015,12889030,42903708.0,0.587200
2020-05-29,3.0025097,3.0025097,2.9665515,2.97554105,11111190,36848027.0,0.506200
2020-06-01,2.97554105,3.2182589,2.8586769,3.0744261,59549172,196570575.0,2.713100
2020-06-02,3.0384679,3.13735295,2.97554105,3.1103843,43128505,146740757.0,1.964900
2020-06-03,3.10139475,3.1103843,3.0384679,3.0384679,23294090,79623864.0,1.061300
2020-06-04,3.04745745,3.10139475,3.02947835,3.04745745,16091809,54756568.0,0.733100
2020-06-05,3.0384679,3.06543655,3.0025097,3.02947835,11292033,37963632.0,0.514500
2020-06-08,3.02947835,3.056447,3.01149925,3.0204888,12293818,41369534.0,0.560100
2020-06-09,3.0204888,3.02947835,2.99352015,3.0025097,9986500,33369828.0,0.455000
2020-06-10,3.01149925,3.01149925,2.97554105,3.0025097,8265778,27473633.0,0.376600
2020-06-11,2.99352015,3.0025097,2.9665515,2.97554105,10043232,33358703.0,0.457600
2020-06-12,2.93958285,2.99352015,2.9305933,2.9665515,11379804,37470987.0,0.518500
2020-06-15,2.9485724,2.99352015,2.93958285,2.93958285,10024531,33013923.0,0.456700
2020-06-16,2.95756195,2.9845306,2.9485724,2.9845306,8538318,28212499.0,0.389000
2020-06-17,2.9845306,3.01149925,2.9485724,3.0025097,14309462,47495002.0,0.651900
2020-06-18,3.0025097,3.0025097,2.9665515,2.97554105,9377882,31076262.0,0.427300
2020-06-19,2.9665515,2.97554105,2.9485724,2.9665515,10121658,33361798.0,0.461100
2020-06-22,2.97554105,2.9845306,2.95756195,2.9665515,9243351,30544014.0,0.421100
2020-06-23,2.9665515,2.97554105,2.9485724,2.95756195,8573147,28201239.0,0.390600
2020-06-24,2.9485724,2.95756195,2.9126142,2.92160375,11661904,37984618.0,0.531300
2020-06-29,2.92160375,2.9485724,2.8946351,2.90362465,9497787,30836121.0,0.432700
2020-06-30,2.90362465,2.9665515,2.90362465,2.95756195,11414056,37344795.0,0.520000
2020-07-01,2.93958285,3.04745745,2.93958285,3.01149925,26570487,88780151.0,1.210600
2020-07-02,3.0204888,3.0204888,2.99352015,3.0204888,19156388,64134493.0,0.872800
2020-07-03,3.0204888,3.08341565,3.0204888,3.06543655,26684591,90836826.0,1.215800
2020-07-06,3.0744261,3.2182589,3.056447,3.19129025,50812837,179114807.0,2.315100
2020-07-07,3.2002798,3.2721962,3.19129025,3.2002798,51601444,185294371.0,2.351000
2020-07-08,3.2002798,3.2721962,3.19129025,3.2542171,35061774,126226783.0,1.597400
2020-07-09,3.26320665,3.5778409,3.24522755,3.5239036,136051189,531162897.0,6.198500
2020-07-10,3.4699663,3.56885135,3.416029,3.49693495,97078698,378516745.0,4.422900
2020-07-13,3.5059245,3.62278865,3.5059245,3.5598618,50636812,201300457.0,2.307000
2020-07-14,3.58683045,3.8115692,3.5239036,3.64076775,73351830,298465027.0,3.341900
2020-07-15,3.64076775,3.64076775,3.4879454,3.4879454,53845962,212281977.0,2.453200
2020-07-16,3.5059245,3.58683045,3.3261335,3.37108125,63930533,247251570.0,2.912700
2020-07-17,3.3620917,3.42501855,3.29916485,3.3800708,30139890,112925268.0,1.373200
2020-07-20,3.5778409,3.71268415,3.4879454,3.65874685,71276886,285465211.0,3.247400
2020-07-21,3.7036946,4.0273184,3.6677364,3.8475274,135234019,587699223.98,6.161300
2020-07-22,3.71268415,3.96439155,3.7036946,3.78460055,88989967,379602531.56,4.054400
2020-07-23,3.775611,3.8475274,3.6857155,3.8115692,56941207,239081948.04,2.594300
2020-07-24,3.80257965,3.8475274,3.6857155,3.6857155,49949327,207402394.3,2.275700
2020-07-27,3.67672595,3.82055875,3.59582,3.78460055,44761371,184490242.26,2.039300
2020-07-28,3.7935901,3.8655065,3.76662145,3.78460055,34333335,145288043.67,1.564200
2020-07-29,3.76662145,3.8475274,3.7576319,3.83853785,35065729,148725466.97,1.597600
2020-07-30,3.8655065,4.2071094,3.8475274,4.0632766,94786142,429120508.94,4.318500
2020-07-31,4.0452975,4.1891303,3.98237065,4.135193,67224683,306961737.71,3.062800
2020-08-03,4.2970049,4.4228586,4.2250885,4.314984,79977824,384872550.75,3.643800
2020-08-04,4.35993175,4.5846705,4.27003625,4.4228586,79345248,392860618.92,3.615000
2020-08-05,4.5846705,4.86334655,4.4588168,4.86334655,119329651,626153764.95,5.436700
2020-08-06,5.06111665,5.0880853,4.73749285,4.8004197,131790034,715432433.53,6.004400
2020-08-07,4.7464824,5.27686585,4.71951375,5.2498972,166938747,940550989.36,7.605800
2020-08-10,5.2498972,5.34878225,4.8183988,4.8363779,144911368,808200065.38,6.602200
2020-08-11,4.7644615,5.16899125,4.71951375,4.8004197,93470274,511738586.43,4.258500
2020-08-12,4.8183988,4.9262734,4.5846705,4.91728385,73366128,385720436.31,3.342600
2020-08-13,4.9082943,5.07909575,4.8363779,4.854357,50347819,276567138.91,2.293900
2020-08-14,4.854357,4.8903152,4.6386078,4.73749285,51775587,272412937.12,2.358900
2020-08-17,4.7105242,4.7824406,4.674566,4.7285033,48962766,257331625.79,2.230800
2020-08-18,4.71951375,4.97122115,4.7105242,4.86334655,59275453,319447066.69,2.700600
2020-08-19,4.84536745,4.8903152,4.7464824,4.75547195,42460709,226671324.88,1.934500
2020-08-20,4.7464824,4.86334655,4.70153465,4.7285033,36282425,193359096.83,1.653000
2020-08-21,4.73749285,4.8363779,4.70153465,4.7644615,28573486,151192465.09,1.301800
2020-08-24,4.7824406,4.9262734,4.77345105,4.854357,38910314,210541353.24,1.772800
2020-08-25,4.8183988,4.88132565,4.674566,4.7285033,35323587,187365500.23,1.609400
2020-08-26,4.73749285,4.75547195,4.25205715,4.25205715,97519036,475223095.83,4.443000
2020-08-27,4.2430676,4.3329631,4.0452975,4.2790258,52528389,246360985.87,2.393200
2020-08-28,4.2610467,4.3329631,4.135193,4.23407805,31846089,149263399.92,1.450900
2020-08-31,4.30599445,4.3509422,4.2430676,4.2790258,29165632,139313773.83,1.328800
2020-09-01,4.27003625,4.3329631,4.1531721,4.30599445,25594116,120569620.88,1.166100
2020-09-02,4.3509422,4.6026496,4.30599445,4.3689213,47781484,235731767.37,2.176900
2020-09-03,4.4048795,4.41386905,4.23407805,4.23407805,24929765,118515883.2,1.135800
2020-09-04,4.135193,4.314984,4.0093393,4.2970049,30252235,140631755.57,1.378300
2020-09-07,4.27003625,4.314984,4.10822435,4.135193,33512754,155961155.22,1.526900
2020-09-08,4.1531721,4.18014075,4.00034975,4.1172139,29233338,132338297.51,1.331900
2020-09-09,4.0452975,4.07226615,3.955402,3.96439155,32484983,144465819.47,1.480000
2020-09-10,3.955402,4.03630795,3.775611,3.7935901,38238144,165689433.04,1.742100
2020-09-11,3.7935901,3.91045425,3.74864235,3.8834856,24752134,105872332.63,1.127700
2020-09-14,3.8834856,3.96439155,3.80257965,3.8475274,20488593,88395461.76,0.933500
2020-09-15,3.8475274,3.8834856,3.78460055,3.83853785,14368180,61194045.44,0.654600
2020-09-16,3.83853785,3.8475274,3.73066325,3.76662145,17529281,73485579.4,0.798600
2020-09-17,3.76662145,3.82055875,3.6857155,3.76662145,24273067,101407466.5,1.105900
2020-09-18,3.7576319,3.8115692,3.6857155,3.8115692,25286773,105674093.5,1.152100
2020-09-21,3.82055875,3.9194438,3.7576319,3.7935901,31350702,133288742.56,1.428300
2020-09-22,3.7576319,3.8475274,3.6857155,3.7576319,19961936,83794976.05,0.909500
2020-09-23,3.775611,3.82055875,3.73066325,3.775611,13102236,54779311.99,0.596900
2020-09-24,3.7216737,3.82055875,3.6497573,3.78460055,35824183,148717000.89,1.632200
2020-09-25,3.775611,3.87449605,3.73066325,3.85651695,48307163,205133101.3,2.200900
2020-09-28,3.80257965,3.8655065,3.7396528,3.82055875,29975010,126997645.59,1.365700
2020-09-29,3.775611,3.8655065,3.775611,3.80257965,22646114,96142734.23,1.031800
2020-09-30,3.7576319,3.85651695,3.7576319,3.76662145,18812600,79575419.44,0.857100
2020-10-09,3.76662145,4.14418255,3.76662145,4.05428705,64580442,284861664.08,2.942300
2020-10-12,4.03630795,4.14418255,3.9913602,4.0452975,50613175,228742103.04,2.306000
2020-10-13,4.0452975,4.18014075,3.98237065,4.1172139,60654242,276615066.73,2.763400
2020-10-14,4.12620345,4.2071094,3.9913602,4.0632766,52837943,240710248.8,2.407300
2020-10-15,4.0273184,4.03630795,3.9194438,3.92843335,24870088,109591021.5,1.133100
2020-10-16,3.92843335,3.955402,3.8655065,3.9194438,14048344,61143762.48,0.640000
2020-10-19,3.91045425,3.96439155,3.82055875,3.83853785,19110701,82786715.27,0.870700
2020-10-20,3.82055875,3.9014647,3.7576319,3.89247515,15859937,67804357.97,0.722600
2020-10-21,3.87449605,3.96439155,3.82055875,3.955402,25586712,111328503.5,1.165700
2020-10-22,3.91045425,4.14418255,3.91045425,4.0992348,40772365,183865694.88,1.857600
2020-10-23,4.0273184,4.16216165,4.00034975,4.05428705,37802313,171310791.45,1.722300
2020-10-26,4.03630795,4.07226615,3.9194438,3.96439155,21328006,94809532.78,0.971700
2020-10-27,3.9733811,4.00034975,3.9014647,3.92843335,12739446,55788106.18,0.580400
2020-10-28,3.89247515,3.9194438,3.78460055,3.8295483,17165636,73421512.26,0.782100
2020-10-29,3.7935901,3.85651695,3.76662145,3.8295483,12290208,52074858.54,0.559900
2020-10-30,3.8295483,3.8295483,3.6677364,3.71268415,23954867,99388078.59,1.091400
2020-11-02,3.6677364,3.6857155,3.40703945,3.4879454,32693496,127346441.08,1.489500
2020-11-03,3.4879454,3.5598618,3.3800708,3.5059245,34259592,132401060.68,1.560900
2020-11-04,3.4699663,3.4879454,3.38906035,3.40703945,18228969,69524379.99,0.830500
2020-11-05,3.42501855,3.4879454,3.3980499,3.4699663,22389665,85805000.03,1.020100
2020-11-06,3.47895585,3.55087225,3.46097675,3.5059245,18463527,71928819.08,0.841200
2020-11-09,3.5239036,3.775611,3.51491405,3.71268415,35827755,145979458.6,1.632300
2020-11-10,3.7216737,3.7935901,3.67672595,3.73066325,21269240,88486162.0,0.969000
2020-11-11,3.7216737,3.7396528,3.62278865,3.6317782,16769077,68228410.55,0.764000
2020-11-12,3.64076775,3.6677364,3.51491405,3.64076775,15240714,61358076.62,0.694400
2020-11-13,3.64076775,3.6677364,3.58683045,3.59582,10375100,41802619.36,0.472700
2020-11-16,3.59582,3.67672595,3.5598618,3.65874685,24225488,97639099.03,1.103700
2020-11-17,3.65874685,3.73066325,3.60480955,3.67672595,26362599,107316947.53,1.201100
2020-11-18,3.6677364,3.73066325,3.62278865,3.64076775,24566180,100497417.55,1.119200
2020-11-19,3.64076775,3.82055875,3.59582,3.7935901,40398434,167400521.8,1.840600
2020-11-20,3.76662145,3.76662145,3.6857155,3.73066325,20668903,85742309.02,0.941700
2020-11-23,3.73066325,3.76662145,3.6857155,3.73066325,15237841,63265296.05,0.694200
2020-11-24,3.71268415,3.74864235,3.6677364,3.67672595,12020496,49540728.67,0.547700
2020-11-25,3.6857155,3.7216737,3.59582,3.65874685,24617574,100176178.34,1.121600
2020-11-26,3.65874685,3.65874685,3.58683045,3.6137991,17014140,68286412.4,0.775200
2020-11-27,3.6137991,3.6857155,3.60480955,3.6317782,13901590,56334554.72,0.633400
2020-11-30,3.6317782,3.6497573,3.5778409,3.5778409,15070205,60615174.58,0.686600
2020-12-01,3.62278865,3.6677364,3.59582,3.6317782,16372160,65991376.23,0.745900
2020-12-02,3.62278865,3.9194438,3.60480955,3.9014647,84634904,357953878.22,3.856000
2020-12-03,3.87449605,4.1172139,3.8475274,4.0093393,73980581,328322396.91,3.370600
2020-12-04,4.0093393,4.0812557,3.955402,4.0273184,51126974,228873786.11,2.329400
2020-12-07,4.03630795,4.1172139,3.98237065,4.0093393,30250361,136487509.41,1.378200
2020-12-08,4.00034975,4.16216165,3.94641245,4.1172139,53361638,242930586.56,2.431200
2020-12-09,4.05428705,4.0992348,3.96439155,3.9913602,35954506,160510016.07,1.638100
2020-12-10,3.9733811,4.03630795,3.92843335,3.94641245,22425394,99070815.82,1.021700
2020-12-11,3.94641245,3.955402,3.775611,3.82055875,20948280,89510370.2,0.954400
2020-12-14,3.82055875,3.82055875,3.65874685,3.69470505,21082417,87209266.07,0.960500
2020-12-15,3.6857155,3.7036946,3.62278865,3.65874685,15331455,62364695.91,0.698500
2020-12-16,3.6497573,3.67672595,3.5778409,3.58683045,18876128,75971249.76,0.860000
2020-12-17,3.5778409,3.6317782,3.47895585,3.59582,20641696,81868135.53,0.940400
2020-12-18,3.6497573,3.6497573,3.5239036,3.5418827,19877207,78825541.41,0.905600
2020-12-21,3.55087225,3.59582,3.5239036,3.55087225,20451597,81008225.64,0.931800
2020-12-22,3.5418827,3.5598618,3.47895585,3.49693495,17907684,69977694.83,0.815900
2020-12-23,3.4879454,3.5059245,3.40703945,3.4340081,22296649,85562991.12,1.015800
2020-12-24,3.4340081,3.47895585,3.35310215,3.40703945,16938236,64420853.96,0.771700
2020-12-25,3.40703945,3.64076775,3.37108125,3.6317782,32738287,129913237.05,1.491600
2020-12-28,3.6137991,3.6317782,3.55087225,3.55087225,16627547,66166502.4,0.757600
2020-12-29,3.55087225,3.59582,3.5059245,3.51491405,12568674,49620048.07,0.572600
2020-12-30,3.5059245,3.5598618,3.4699663,3.55087225,11241570,44037886.84,0.512200
2020-12-31,3.53289315,3.60480955,3.53289315,3.56885135,11400917,45209456.1,0.519400
2021-01-04,3.59582,3.6137991,3.5059245,3.5598618,17471364,69191370.02,0.796000
2021-01-05,3.5239036,3.55087225,3.47895585,3.51491405,21046786,82060764.1,0.958900
2021-01-06,3.5059245,3.5059245,3.42501855,3.4340081,14373861,55262254.95,0.654900
2021-01-07,3.4340081,3.5418827,3.416029,3.53289315,19779446,76870802.5,0.901200
2021-01-08,3.53289315,3.53289315,3.44299765,3.46097675,11442284,44234798.92,0.521300
2021-01-11,3.51491405,3.51491405,3.3980499,3.416029,11785357,45123443.29,0.536900
2021-01-12,3.3800708,3.46097675,3.37108125,3.42501855,8889397,33713738.99,0.405000
2021-01-13,3.3980499,3.69470505,3.35310215,3.5598618,26969208,104690815.48,1.228700
2021-01-14,3.53289315,3.60480955,3.5059245,3.56885135,21041641,83476629.65,0.958700
2021-01-15,3.5778409,3.59582,3.51491405,3.5598618,15199002,60188557.94,0.692500
2021-01-18,3.5598618,3.6317782,3.55087225,3.5778409,14566541,58243075.47,0.663700
2021-01-19,3.58683045,3.59582,3.49693495,3.49693495,16489147,65092469.2,0.751300
2021-01-20,3.51491405,3.5418827,3.44299765,3.49693495,12051099,46828862.62,0.549100
2021-01-21,3.5239036,3.5598618,3.46097675,3.49693495,21163511,82438909.32,0.964200
2021-01-22,3.49693495,3.49693495,3.37108125,3.3980499,24152192,91645966.84,1.100400
2021-01-25,3.37108125,3.3980499,3.236238,3.2542171,24288800,88987459.3,1.106600
2021-01-26,3.24522755,3.3620917,3.1283634,3.28118575,22737617,81916016.24,1.035900
2021-01-27,3.2182589,3.24522755,3.17331115,3.19129025,14397545,51170818.67,0.656000
2021-01-28,3.13735295,3.3261335,3.1283634,3.2182589,17205932,62203575.64,0.783900
2021-01-29,3.17331115,3.37108125,3.056447,3.35310215,44135221,159016493.75,2.010800
2021-02-01,3.67672595,3.67672595,3.3441126,3.40703945,56250206,220982792.64,2.562800
2021-02-02,3.3441126,3.3620917,3.19129025,3.2182589,30782143,111151050.82,1.402400
2021-02-03,3.1823007,3.3441126,3.13735295,3.24522755,20920023,75616489.04,0.953100
2021-02-04,3.2542171,3.2542171,3.1283634,3.1463425,13415300,47298614.0,0.611200
2021-02-05,3.1643216,3.2542171,3.1283634,3.1823007,12240149,43356598.75,0.557700
2021-02-08,3.17331115,3.22724845,3.04745745,3.0744261,17079919,59302859.78,0.778200
2021-02-09,3.0744261,3.1103843,3.04745745,3.0744261,13132202,44880122.78,0.598300
2021-02-10,3.0924052,3.1103843,3.02947835,3.06543655,15006235,51047967.27,0.683700
2021-02-18,3.06543655,3.1103843,3.06543655,3.1103843,12770771,43939982.79,0.581800
2021-02-19,3.11937385,3.26320665,3.08341565,3.26320665,17950345,63395330.15,0.817800
2021-02-22,3.2002798,3.3081544,3.2002798,3.24522755,20023410,72519758.95,0.912300
2021-02-23,3.2182589,3.2721962,3.20926935,3.22724845,10295137,37099356.11,0.469000
2021-02-24,3.236238,3.26320665,3.19129025,3.22724845,10361719,37253661.31,0.472100
2021-02-25,3.236238,3.24522755,3.1643216,3.17331115,9330492,33141099.17,0.425100
2021-02-26,3.1283634,3.17331115,3.11937385,3.13735295,7950964,27835010.28,0.362200
2021-03-01,3.1643216,3.1823007,3.1463425,3.1643216,6315340,22218628.78,0.287700
2021-03-02,3.17331115,3.1823007,3.1283634,3.15533205,7371455,25832438.5,0.335800
2021-03-03,3.1463425,3.1643216,3.1283634,3.15533205,7449916,26124965.39,0.339400
2021-03-04,3.15533205,3.1643216,3.10139475,3.1103843,12124468,42177550.38,0.552400
2021-03-05,3.1103843,3.2002798,3.10139475,3.17331115,12038329,42239866.74,0.548500
2021-03-08,3.1823007,3.2002798,3.1283634,3.1463425,9754300,34325534.26,0.444400
2021-03-09,3.13735295,3.1463425,3.06543655,3.08341565,9869605,34013300.64,0.449700
2021-03-10,3.1103843,3.11937385,3.056447,3.06543655,5804139,19879472.77,0.264400
2021-03-11,3.06543655,3.08341565,3.04745745,3.0744261,8534475,29114680.64,0.388800
2021-03-12,3.056447,3.06543655,3.02947835,3.06543655,8043692,27288240.17,0.366500
2021-03-15,3.056447,3.0744261,3.0384679,3.06543655,7857400,26719477.68,0.358000
2021-03-16,3.06543655,3.0924052,3.06543655,3.0924052,8188886,28061223.3,0.373100
2021-03-17,3.0924052,3.10139475,3.0744261,3.0924052,5251021,18051760.03,0.239200
2021-03-18,3.08341565,3.2542171,3.08341565,3.17331115,16536648,58526951.12,0.753400
2021-03-19,3.1463425,3.22724845,3.1283634,3.20926935,16750368,59489682.01,0.763200
2021-03-22,3.19129025,3.3261335,3.17331115,3.3081544,23212314,84659474.31,1.057600
2021-03-23,3.3261335,3.35310215,3.2721962,3.29916485,17997553,66205551.1,0.820000
2021-03-24,3.29916485,3.3441126,3.28118575,3.29916485,14181445,52273937.15,0.646100
2021-03-25,3.29916485,3.37108125,3.2901753,3.3081544,15430758,57328377.23,0.703000
2021-03-26,3.3261335,3.35310215,3.29916485,3.31714395,10166681,37524574.09,0.463200
2021-03-29,3.29916485,3.3441126,3.2721962,3.3081544,10363531,38123119.9,0.472200
2021-03-30,3.2901753,3.29916485,3.17331115,3.19129025,16465912,58864949.6,0.750200
2021-03-31,3.1823007,3.24522755,3.1643216,3.1823007,10091034,35867377.02,0.459800
2021-04-01,3.17331115,3.2002798,3.15533205,3.2002798,7834200,27758956.0,0.356900
2021-04-02,3.2182589,3.24522755,3.2002798,3.24522755,8036333,28897329.03,0.366100
2021-04-06,3.236238,3.2542171,3.2002798,3.236238,6989400,25093775.0,0.318400
2021-04-07,3.2182589,3.29916485,3.2002798,3.28118575,11114124,40306667.76,0.506400
2021-04-08,3.28118575,3.35310215,3.2542171,3.29916485,16540600,60912762.45,0.753600
2021-04-09,3.29916485,3.3261335,3.2542171,3.26320665,9102157,33211985.76,0.414700
2021-04-12,3.26320665,3.28118575,3.1823007,3.2002798,10241880,36734913.02,0.466600
2021-04-13,3.19129025,3.20926935,3.15533205,3.17331115,7029865,24887365.8,0.320300
2021-04-14,3.1643216,3.20926935,3.15533205,3.17331115,7295292,25787401.84,0.332400
2021-04-15,3.17331115,3.20926935,3.1643216,3.19129025,6078136,21567783.8,0.276900
2021-04-16,3.19129025,3.3081544,3.17331115,3.2721962,14030141,50798389.37,0.639200
2021-04-19,3.2721962,3.3441126,3.26320665,3.31714395,12315447,45376737.38,0.561100
2021-04-20,3.3261335,3.33512305,3.22724845,3.236238,13153083,47842267.46,0.599300
2021-04-21,3.2182589,3.4340081,3.20926935,3.37108125,36855796,137094008.61,1.679200
2021-04-22,3.3441126,3.4699663,3.33512305,3.4340081,34740872,132239636.56,1.582800
2021-04-23,3.38906035,3.46097675,3.35310215,3.4340081,19313776,73237384.65,0.879900
2021-04-26,3.44299765,3.4699663,3.29916485,3.31714395,27337169,103058953.82,1.245500
2021-04-27,3.3441126,3.4340081,3.3081544,3.40703945,24275649,90888443.11,1.106000
2021-04-28,3.37108125,3.38906035,3.1103843,3.1463425,44479393,158906197.81,2.026500
2021-04-30,2.99352015,2.99352015,2.99352015,2.99352015,2311600,7697628.0,0.105300
2021-05-06,2.8406978,3.1463425,2.8406978,2.8406978,54944128,176597798.92,2.503300
2021-05-07,2.70585455,2.7687814,2.696865,2.696865,15213600,45829849.0,0.693100
2021-05-10,2.56202175,2.56202175,2.56202175,2.56202175,6208800,17695080.0,0.282900
2021-05-11,2.43616805,2.43616805,2.43616805,2.43616805,5321700,14421807.0,0.242500
2021-05-12,2.31031435,2.56202175,2.31031435,2.517074,74868373,201041469.83,3.411000
2021-05-13,2.4271785,2.5350531,2.40020985,2.4631367,39146399,107142663.03,1.783500
2021-05-14,2.4451576,2.5889904,2.43616805,2.58000085,32305947,91413250.78,1.471900
2021-05-17,2.52606355,2.56202175,2.47212625,2.50808445,22309045,62249588.26,1.016400
2021-05-18,2.517074,2.517074,2.4451576,2.45414715,15867085,43624806.46,0.722900
2021-05-19,2.4451576,2.4811158,2.4091994,2.41818895,14343869,38997612.82,0.653500
2021-05-20,2.43616805,2.47212625,2.41818895,2.41818895,11924858,32346680.7,0.543300
2021-05-21,2.43616805,2.43616805,2.38223075,2.3912203,13469920,35897755.38,0.613700
2021-05-24,2.38223075,2.45414715,2.3193039,2.4271785,15446244,40978537.1,0.703700
2021-05-25,2.41818895,2.4451576,2.3912203,2.4091994,8977863,24127882.84,0.409000
2021-05-26,2.4091994,2.45414715,2.40020985,2.4451576,14808035,40091327.94,0.674700
2021-05-27,2.4451576,2.517074,2.4271785,2.4990949,14847280,41170052.64,0.676400
2021-05-28,2.50808445,2.6249486,2.47212625,2.6249486,35898512,103723326.05,1.635500
2021-05-31,2.6788859,2.74181275,2.61595905,2.61595905,34139367,101771286.43,1.555400
2021-06-01,2.6249486,2.68787545,2.58000085,2.6609068,17351378,50729931.25,0.790500
2021-06-02,2.65191725,2.79575005,2.65191725,2.79575005,34609645,106920210.66,1.576800
2021-06-03,2.79575005,2.84968735,2.74181275,2.83170825,22235543,69146974.53,1.013100
2021-06-04,2.81372915,2.8946351,2.7867605,2.8227187,17872018,56633281.6,0.814300
2021-06-07,2.8047396,2.8406978,2.7328232,2.75979185,17407997,53957612.19,0.793100
2021-06-08,2.7687814,2.83170825,2.7687814,2.81372915,12183221,37885658.23,0.555100
2021-06-09,2.8047396,2.8586769,2.77777095,2.79575005,10992731,34252610.48,0.500800
2021-06-10,2.79575005,2.81372915,2.7687814,2.77777095,10753724,33315262.05,0.489900
2021-06-11,2.7687814,2.77777095,2.7148441,2.7148441,12492774,38088229.03,0.569200
2021-06-15,2.7148441,2.84968735,2.6609068,2.81372915,20401523,63081119.88,0.929500
2021-06-16,2.8406978,2.9126142,2.79575005,2.86766645,19658923,62453784.12,0.895700
2021-06-17,2.8586769,2.93958285,2.83170825,2.92160375,13399675,43449243.62,0.610500
2021-06-18,2.92160375,3.06543655,2.92160375,3.056447,30992858,104782642.44,1.412000
2021-06-21,3.056447,3.056447,2.9665515,2.99352015,20691669,69011432.28,0.942700
2021-06-22,2.99352015,3.0384679,2.93958285,2.9665515,12169009,40235156.16,0.554400
2021-06-23,2.95756195,2.99352015,2.92160375,2.95756195,9714476,31983854.51,0.442600
2021-06-24,2.95756195,3.0384679,2.93958285,2.95756195,10250100,33916260.7,0.467000
2021-06-25,2.9485724,2.99352015,2.8406978,2.88564555,17086081,55286764.98,0.778400
2021-06-28,2.86766645,2.876656,2.8047396,2.81372915,14675913,46368112.04,0.668600
2021-06-29,2.77777095,2.8406978,2.7328232,2.77777095,15583860,48219452.36,0.710000
2021-06-30,2.77777095,2.8406978,2.7687814,2.81372915,8441635,26491933.14,0.384600
2021-07-01,2.81372915,2.8586769,2.74181275,2.77777095,11359459,35315763.17,0.517500
2021-07-02,2.77777095,2.77777095,2.6429277,2.6788859,19824174,59041613.32,0.903200
2021-07-05,2.6788859,2.74181275,2.6609068,2.70585455,9982166,30111302.85,0.454800
2021-07-06,2.7687814,2.8406978,2.7687814,2.8406978,19316710,60965784.32,0.880100
2021-07-07,2.79575005,2.8406978,2.74181275,2.75979185,21452920,66367786.3,0.977400
2021-07-08,2.7687814,2.81372915,2.7328232,2.7508023,14940055,45941876.75,0.680700
2021-07-09,2.7508023,2.7867605,2.7328232,2.7687814,10912060,33498118.55,0.497200
2021-07-12,2.75979185,2.7687814,2.6609068,2.70585455,17247931,52095111.23,0.785800
2021-07-13,2.70585455,2.7148441,2.6429277,2.6609068,14810630,43952932.68,0.674800
2021-07-14,2.65191725,2.65191725,2.5710113,2.58000085,16515720,47843251.29,0.752500
2021-07-15,2.59797995,2.61595905,2.58000085,2.6069695,11114706,32148293.28,0.506400
2021-07-16,2.6069695,2.6069695,2.56202175,2.58000085,10747232,30868606.93,0.489600
2021-07-19,2.58000085,2.5889904,2.4811158,2.50808445,9894907,27699894.64,0.450800
2021-07-20,2.50808445,2.5350531,2.49010535,2.52606355,6488124,18130805.3,0.295600
2021-07-21,2.517074,2.59797995,2.50808445,2.5530322,8180353,23236182.47,0.372700
2021-07-22,2.54404265,2.5530322,2.4990949,2.52606355,9164363,25752899.58,0.417500
2021-07-23,2.5350531,2.5350531,2.4271785,2.4631367,17804537,48793618.31,0.811200
2021-07-26,2.4451576,2.50808445,2.4271785,2.4451576,10584769,28917987.63,0.482200
2021-07-27,2.4451576,2.5710113,2.4451576,2.5710113,23257231,66150962.76,1.059600
2021-07-28,2.4631367,2.58000085,2.4631367,2.50808445,14375113,40287024.54,0.654900
2021-07-29,2.54404265,2.58000085,2.517074,2.5350531,13942813,39460553.55,0.635200
2021-07-30,2.5350531,2.5530322,2.45414715,2.47212625,12669159,35095591.42,0.577200
2021-08-02,2.47212625,2.5710113,2.4631367,2.54404265,13359191,37616371.96,0.608600
2021-08-03,2.54404265,2.59797995,2.52606355,2.5530322,8895633,25364288.34,0.405300
2021-08-04,2.54404265,2.58000085,2.52606355,2.52606355,10147108,28752216.92,0.462300
2021-08-05,2.517074,2.52606355,2.47212625,2.4811158,9442120,26159960.1,0.430200
2021-08-06,2.49010535,2.4990949,2.4091994,2.43616805,12898264,34917078.0,0.587600
2021-08-09,2.4271785,2.4631367,2.4091994,2.43616805,9540338,25810270.1,0.434700
2021-08-10,2.43616805,2.43616805,2.40020985,2.4271785,11501469,30958270.79,0.524000
2021-08-11,2.40020985,2.41818895,2.38223075,2.4091994,13882040,37089923.93,0.632500
2021-08-12,2.40020985,2.47212625,2.3912203,2.4451576,12958559,34935500.06,0.590400
2021-08-13,2.43616805,2.4451576,2.40020985,2.41818895,12498995,33561333.64,0.569500
2021-08-16,2.41818895,2.5350531,2.41818895,2.5350531,27051334,75536210.01,1.232500
2021-08-17,2.56202175,2.6609068,2.5350531,2.61595905,32883718,96219714.27,1.498200
2021-08-18,2.6429277,2.7508023,2.5710113,2.7508023,34437255,102921808.14,1.569000
2021-08-19,2.7508023,2.83170825,2.61595905,2.6609068,32288775,97033784.52,1.471100
2021-08-20,2.6429277,2.70585455,2.59797995,2.66989635,15781938,46214953.4,0.719000
2021-08-23,2.65191725,2.7508023,2.6429277,2.65191725,15781951,47107744.04,0.719000
2021-08-24,2.65191725,2.6788859,2.6069695,2.61595905,13891407,40634031.04,0.632900
2021-08-25,2.6429277,2.74181275,2.6249486,2.6788859,20125880,60134264.24,0.916900
2021-08-26,2.6788859,2.74181275,2.65191725,2.68787545,13673886,41172388.77,0.623000
2021-08-27,2.6609068,2.8047396,2.65191725,2.7687814,20357334,62439081.07,0.927500
2021-08-30,2.7867605,2.8227187,2.696865,2.7148441,18536204,56710831.78,0.844500
2021-08-31,2.696865,2.7508023,2.66989635,2.70585455,16616296,49843802.62,0.757000
2021-09-01,2.696865,2.696865,2.6249486,2.6249486,17693520,52184824.96,0.806100
2021-09-02,2.6429277,2.7148441,2.6429277,2.66989635,12116231,36069794.6,0.552000
2021-09-03,2.66989635,2.7508023,2.65191725,2.7328232,20994003,63320815.31,0.956500
2021-09-06,2.8047396,2.8227187,2.74181275,2.75979185,16079431,49457101.79,0.732600
2021-09-07,2.7508023,2.77777095,2.7148441,2.7508023,11462884,34968236.9,0.522300
2021-09-08,2.7328232,2.81372915,2.7148441,2.75979185,14246269,43772835.19,0.649100
2021-09-09,2.7508023,2.7687814,2.72383365,2.74181275,9907573,30195616.09,0.451400
2021-09-10,2.75979185,2.7867605,2.74181275,2.7687814,13488525,41418947.75,0.614500
2021-09-13,2.84968735,2.84968735,2.7687814,2.79575005,15021372,46744143.64,0.684400
2021-09-14,2.7867605,2.81372915,2.72383365,2.74181275,14667600,44973175.03,0.668300
2021-09-15,2.74181275,2.74181275,2.6788859,2.70585455,15362902,46153196.45,0.699900
2021-09-16,2.70585455,2.74181275,2.65191725,2.66989635,13438313,40293603.0,0.612300
2021-09-17,2.66989635,2.696865,2.63393815,2.66989635,11130278,32951243.3,0.507100
2021-09-22,2.6249486,2.6429277,2.54404265,2.5889904,19076158,55008284.12,0.869100
2021-09-23,2.5889904,2.6249486,2.58000085,2.61595905,9423899,27261630.88,0.429400
2021-09-24,2.59797995,2.6069695,2.5350531,2.54404265,14049600,40019860.0,0.640100
2021-09-27,2.5350531,2.5889904,2.4451576,2.4631367,18913891,52563118.85,0.861700
2021-09-28,2.4631367,2.56202175,2.4451576,2.52606355,9748832,27155753.64,0.444200
2021-09-29,2.517074,2.5350531,2.4631367,2.4811158,10661905,29556669.83,0.485800
2021-09-30,2.4990949,2.5530322,2.4631367,2.52606355,9549360,26580125.41,0.435100
2021-10-08,2.5350531,2.5710113,2.52606355,2.54404265,10459178,29612189.96,0.476500
2021-10-11,2.5530322,2.5530322,2.4811158,2.4990949,15887102,44299191.46,0.723800
2021-10-12,2.49010535,2.49010535,2.4271785,2.4451576,14422988,39394990.6,0.657100
2021-10-13,2.4271785,2.4631367,2.4091994,2.4271785,12005777,32442311.67,0.547000
2021-10-14,2.4271785,2.4631367,2.4271785,2.45414715,8410764,22889307.16,0.383200
2021-10-15,2.4451576,2.4451576,2.40020985,2.41818895,12055040,32420838.35,0.549200
2021-10-18,2.4271785,2.4451576,2.40020985,2.43616805,9955925,26765919.18,0.453600
2021-10-19,2.4451576,2.49010535,2.4091994,2.45414715,9775366,26748531.52,0.445400
2021-10-20,2.4451576,2.4451576,2.3912203,2.4271785,10690154,28769421.54,0.487000
2021-10-21,2.4271785,2.43616805,2.40020985,2.4091994,8324495,22333876.48,0.379300
2021-10-22,2.45414715,2.517074,2.45414715,2.45414715,15342394,42365902.13,0.699000
2021-10-25,2.43616805,2.4451576,2.4091994,2.43616805,7232121,19516006.7,0.329500
2021-10-26,2.45414715,2.49010535,2.41818895,2.4271785,8633142,23516189.97,0.393300
2021-10-27,2.4271785,2.4271785,2.38223075,2.3912203,11579131,30886585.36,0.527500
2021-10-28,2.40020985,2.4091994,2.31031435,2.337283,11636119,30383396.99,0.530100
2021-10-29,2.337283,2.38223075,2.31031435,2.337283,7737629,20193576.25,0.352500
2021-11-01,2.32829345,2.32829345,2.2473875,2.29233525,15516258,39459110.94,0.706900
2021-11-02,2.2833457,2.29233525,2.2473875,2.25637705,11675925,29513253.75,0.532000
2021-11-03,2.2294084,2.34627255,2.22041885,2.31031435,11715302,29978309.07,0.533800
2021-11-04,2.3193039,2.4271785,2.3013248,2.4271785,22427370,59961385.29,1.021800
2021-11-05,2.4271785,2.4631367,2.36425165,2.38223075,15129732,40584598.48,0.689300
2021-11-08,2.36425165,2.4091994,2.36425165,2.3912203,7943374,21059798.84,0.361900
2021-11-09,2.38223075,2.4091994,2.34627255,2.40020985,8132800,21588100.0,0.370500
2021-11-10,2.3912203,2.4631367,2.38223075,2.45414715,14985184,40424481.65,0.682700
2021-11-11,2.4271785,2.49010535,2.4091994,2.43616805,11513307,31347705.82,0.524600
2021-11-12,2.4271785,2.4631367,2.40020985,2.4091994,11099100,30065097.54,0.505700
2021-11-15,2.40020985,2.4451576,2.3732412,2.41818895,6567455,17603169.88,0.299200
2021-11-16,2.41818895,2.4271785,2.36425165,2.3732412,10899301,29081516.19,0.496600
2021-11-17,2.3552621,2.38223075,2.32829345,2.34627255,13929749,36419190.39,0.634600
2021-11-18,2.34627255,2.36425165,2.32829345,2.32829345,7553031,19656071.29,0.344100
2021-11-19,2.337283,2.34627255,2.31031435,2.337283,10111747,26200546.93,0.460700
2021-11-22,2.3193039,2.3552621,2.29233525,2.337283,9674932,24968163.24,0.440800
2021-11-23,2.32829345,2.3912203,2.3193039,2.3732412,12556861,32944834.88,0.572100
2021-11-24,2.38223075,2.45414715,2.3732412,2.41818895,14948081,40052091.08,0.681000
2021-11-25,2.4271785,2.45414715,2.3912203,2.4271785,10027051,26987491.85,0.456800
2021-11-26,2.4091994,2.4271785,2.31031435,2.34627255,18756205,49596492.07,0.854500
2021-11-29,2.3013248,2.34627255,2.3013248,2.337283,8241601,21352732.08,0.375500
2021-11-30,2.337283,2.3732412,2.32829345,2.36425165,9511186,24942479.97,0.433300
2021-12-01,2.36425165,2.40020985,2.32829345,2.38223075,10823494,28424299.86,0.493100
2021-12-02,2.3732412,2.43616805,2.3732412,2.4091994,11593450,30995345.63,0.528200
2021-12-03,2.4091994,2.4091994,2.337283,2.36425165,19115246,50263327.7,0.870900
2021-12-06,2.36425165,2.40020985,2.337283,2.3732412,10279551,27085505.95,0.468300
2021-12-07,2.3732412,2.4451576,2.36425165,2.41818895,20047039,53636878.9,0.913400
2021-12-08,2.40020985,2.43616805,2.38223075,2.40020985,16641597,44541004.01,0.758200
2021-12-09,2.40020985,2.40020985,2.3552621,2.36425165,14578463,38454463.32,0.664200
2021-12-10,2.3552621,2.38223075,2.3552621,2.36425165,8692325,22880098.0,0.396000
2021-12-13,2.36425165,2.36425165,2.32829345,2.337283,13608727,35510123.73,0.620000
2021-12-14,2.32829345,2.3552621,2.32829345,2.34627255,7625349,19825402.19,0.347400
2021-12-15,2.337283,2.3732412,2.32829345,2.34627255,8935586,23328614.02,0.407100
2021-12-16,2.34627255,2.36425165,2.32829345,2.3552621,8170255,21350715.82,0.372200
2021-12-17,2.34627255,2.34627255,2.3193039,2.32829345,11786500,30565397.0,0.537000
2021-12-20,2.32829345,2.32829345,2.2833457,2.29233525,10818300,27720769.0,0.492900
2021-12-21,2.29233525,2.31031435,2.2833457,2.3013248,14348135,36658519.02,0.653700
2021-12-22,2.3013248,2.3193039,2.29233525,2.3013248,15315925,39270025.22,0.697800
2021-12-23,2.3013248,2.31031435,2.2653666,2.2833457,12139629,30799824.08,0.553100
2021-12-24,2.2833457,2.2833457,2.23839795,2.25637705,14080941,35276258.18,0.641500
2021-12-27,2.2473875,2.25637705,2.20243975,2.22041885,13059761,32399185.57,0.595000
2021-12-28,2.22041885,2.2294084,2.14850245,2.16648155,17133488,41642609.2,0.780600
2021-12-29,2.157492,2.22041885,2.13052335,2.1934502,14507741,35109023.92,0.661000
2021-12-30,2.2114293,2.25637705,2.1934502,2.22041885,11273141,27943046.2,0.513600
2021-12-31,2.22041885,2.23839795,2.18446065,2.18446065,10340631,25369685.33,0.471100
2022-01-04,2.1754711,2.22041885,2.16648155,2.2114293,11336019,27716953.93,0.516500
2022-01-05,2.20243975,2.20243975,2.1754711,2.18446065,9426137,22914217.01,0.429500
2022-01-06,2.1754711,2.20243975,2.1754711,2.18446065,8130309,19787085.37,0.370400
2022-01-07,2.1934502,2.20243975,2.1754711,2.18446065,8835304,21530337.72,0.402500
2022-01-10,2.18446065,2.1934502,2.16648155,2.1754711,11343661,27484589.83,0.516800
2022-01-11,2.1754711,2.1934502,2.1754711,2.18446065,8959947,21736310.74,0.408200
2022-01-12,2.18446065,2.23839795,2.1754711,2.22041885,14303376,35165620.71,0.651700
2022-01-13,2.22041885,2.2294084,2.18446065,2.20243975,8627323,21154503.35,0.393100
2022-01-14,2.18446065,2.20243975,2.1754711,2.18446065,7975342,19394184.64,0.363400
2022-01-17,2.1754711,2.1934502,2.16648155,2.18446065,6892187,16702459.54,0.314000
2022-01-18,2.1754711,2.18446065,2.14850245,2.14850245,10492241,25203568.99,0.478000
2022-01-19,2.1395129,2.1395129,2.04062785,2.0675965,25355402,58853388.47,1.155200
2022-01-20,2.0496174,2.0496174,1.96871145,1.96871145,31055056,68777418.0,1.414900
2022-01-21,1.93275325,2.0316383,1.9237637,2.02264875,16316088,35693106.58,0.743400
2022-01-24,2.0136592,2.0136592,1.96871145,1.96871145,9433980,20854899.0,0.429800
2022-01-25,1.9597219,1.96871145,1.91477415,1.9237637,12326275,26530984.67,0.561600
2022-01-26,1.9237637,1.9417428,1.9057846,1.9237637,9422559,20192217.13,0.429300
2022-01-27,1.91477415,1.9237637,1.82487865,1.82487865,14270700,29570574.0,0.650200
2022-01-28,1.80689955,1.87881595,1.79791,1.8518473,10755118,21937930.2,0.490000
2022-02-07,1.9417428,1.9417428,1.9417428,1.9417428,5582058,12057245.28,0.254300
2022-02-08,2.04062785,2.04062785,2.00466965,2.04062785,11639779,26401345.25,0.530300
2022-02-09,2.13052335,2.1395129,2.1035547,2.1395129,11397495,27027516.22,0.519300
2022-02-10,2.2473875,2.2473875,2.2294084,2.2473875,13545128,33849932.95,0.617100
2022-02-11,2.3552621,2.36425165,2.157492,2.2114293,52101947,130997501.31,2.373800
2022-02-14,2.22041885,2.3193039,2.1754711,2.3193039,17764885,44687798.13,0.809400
2022-02-15,2.38223075,2.38223075,2.25637705,2.27435615,31494948,80903357.95,1.434900
2022-02-16,2.2653666,2.32829345,2.23839795,2.2653666,16341288,41371915.81,0.744500
2022-02-17,2.2473875,2.2473875,2.20243975,2.22041885,15125323,37386811.88,0.689100
2022-02-18,2.2114293,2.32829345,2.2114293,2.32829345,32283829,83124322.96,1.470900
2022-02-21,2.29233525,2.337283,2.27435615,2.3193039,17034425,43743546.98,0.776100
2022-02-22,2.3193039,2.3732412,2.29233525,2.3193039,16318340,42256236.72,0.743500
2022-02-23,2.43616805,2.43616805,2.3912203,2.43616805,9269260,25113484.6,0.422300
2022-02-24,2.56202175,2.56202175,2.36425165,2.4451576,45788380,126198328.47,2.086100
2022-02-25,2.4271785,2.5350531,2.4271785,2.517074,25144784,69349286.72,1.145600
2022-02-28,2.4990949,2.52606355,2.47212625,2.4811158,15663464,43391718.0,0.713600
2022-03-01,2.4811158,2.50808445,2.40020985,2.43616805,13473651,36565563.0,0.613900
2022-03-02,2.43616805,2.4811158,2.4091994,2.43616805,7607462,20688723.0,0.346600
2022-03-03,2.41818895,2.41818895,2.31031435,2.31031435,25849707,67642587.0,1.177700
2022-03-04,2.29233525,2.34627255,2.27435615,2.3193039,10106479,25979979.0,0.460500
2022-03-07,2.3193039,2.3912203,2.22041885,2.25637705,18150330,46599591.0,0.826900
2022-03-08,2.23839795,2.2653666,2.18446065,2.20243975,12778275,31615099.0,0.582200
2022-03-09,2.1934502,2.2653666,2.1215338,2.18446065,16499908,40143360.0,0.751700
2022-03-10,2.2114293,2.2473875,2.20243975,2.2114293,8249601,20351757.0,0.375900
2022-03-11,2.1934502,2.20243975,2.1395129,2.1934502,9178401,22201273.0,0.418200
2022-03-14,2.22041885,2.22041885,2.1395129,2.14850245,7597873,18358012.0,0.346200
2022-03-15,2.13052335,2.1395129,2.04062785,2.05860695,12706957,29447120.0,0.578900
2022-03-16,2.07658605,2.1395129,1.98669055,2.11254425,13767904,31642289.0,0.627300
2022-03-17,2.1215338,2.22041885,2.1215338,2.22041885,11764857,28855301.0,0.536000
2022-03-18,2.2114293,2.3193039,2.20243975,2.3013248,19357156,49127178.07,0.881900
2022-03-21,2.3193039,2.41818895,2.29233525,2.31031435,19982249,52244722.53,0.910400
2022-03-22,2.29233525,2.3732412,2.27435615,2.337283,13041320,33972741.8,0.594200
2022-03-23,2.32829345,2.36425165,2.31031435,2.32829345,6317385,16350697.67,0.287800
2022-03-24,2.337283,2.337283,2.2833457,2.29233525,7139700,18274917.0,0.325300
2022-03-25,2.2833457,2.2833457,2.25637705,2.2833457,5992581,15143394.16,0.273000
2022-03-28,2.2833457,2.3193039,2.23839795,2.29233525,7482713,18922017.16,0.340900
2022-03-29,2.29233525,2.29233525,2.1934502,2.20243975,7892700,19660855.0,0.359600
2022-03-30,2.18446065,2.22041885,2.18446065,2.1934502,7028628,17209579.32,0.320200
2022-03-31,2.18446065,2.23839795,2.16648155,2.18446065,7792883,19069531.86,0.355000
2022-04-01,2.1754711,2.2114293,2.157492,2.1754711,5958784,14427351.28,0.271500
2022-04-06,2.157492,2.157492,2.07658605,2.11254425,14353104,33700803.32,0.653900
2022-04-07,2.09456515,2.18446065,2.09456515,2.1215338,8374169,19972331.14,0.381500
2022-04-08,2.157492,2.16648155,2.11254425,2.1395129,7686960,18252523.4,0.350200
2022-04-11,2.1215338,2.13052335,2.0496174,2.05860695,7521120,17460643.8,0.342700
2022-04-12,2.0675965,2.1035547,2.05860695,2.0855756,6358180,14733248.09,0.289700
2022-04-13,2.0855756,2.1215338,2.04062785,2.07658605,8982000,20802591.0,0.409200
2022-04-14,2.0855756,2.0855756,2.0496174,2.07658605,5133772,11845648.32,0.233900
2022-04-15,2.05860695,2.0675965,1.9956801,2.02264875,7891490,17803475.3,0.359500
2022-04-18,2.0136592,2.04062785,1.9417428,1.9597219,11620000,25666429.0,0.529400
2022-04-19,1.96871145,2.00466965,1.93275325,1.9597219,8590500,18689909.0,0.391400
2022-04-20,1.9597219,1.977701,1.91477415,1.93275325,7227150,15633243.8,0.329300
2022-04-21,1.93275325,1.93275325,1.8698264,1.87881595,10332919,21749929.33,0.470800
2022-04-22,1.87881595,1.96871145,1.8518473,1.96871145,12184737,26290594.39,0.555100
2022-04-25,1.98669055,2.0675965,1.89679505,2.0136592,30070905,68104749.45,1.370000
2022-04-26,2.0316383,2.0675965,1.977701,1.98669055,14529390,32807572.51,0.662000
2022-04-27,1.9597219,2.02264875,1.9597219,1.98669055,10895206,24072767.34,0.496400
2022-04-28,1.9597219,2.02264875,1.9597219,1.977701,8930200,19715562.56,0.406900
2022-04-29,1.98669055,2.0675965,1.977701,2.0675965,12311333,27849259.05,0.560900
2022-05-06,1.96871145,2.0855756,1.96871145,2.0136592,44796840,98874024.93,2.041000
2022-05-09,2.0496174,2.11254425,2.0496174,2.11254425,23217683,54233878.02,1.057800
2022-05-10,2.1215338,2.22041885,2.1035547,2.157492,26364146,63453050.72,1.201200
2022-05-11,2.1395129,2.2653666,2.1395129,2.23839795,24650625,61131337.45,1.123100
2022-05-12,2.23839795,2.27435615,2.157492,2.20243975,19396477,47533264.75,0.883700
2022-05-13,2.20243975,2.2653666,2.16648155,2.25637705,21500807,53381862.54,0.979600
2022-05-16,2.3193039,2.3732412,2.2473875,2.25637705,31956564,82422673.24,1.456000
2022-05-17,2.2473875,2.29233525,2.1934502,2.25637705,16660498,41558856.0,0.759100
2022-05-18,2.23839795,2.27435615,2.2294084,2.2473875,8759194,21903535.39,0.399100
2022-05-19,2.22041885,2.23839795,2.1934502,2.2114293,10295004,25352619.34,0.469000
2022-05-20,2.22041885,2.2653666,2.20243975,2.23839795,10962732,27241973.35,0.499500
2022-05-23,2.22041885,2.3193039,2.22041885,2.2833457,12001544,30449294.87,0.546800
2022-05-24,2.2833457,2.2833457,2.16648155,2.16648155,14882000,36367641.0,0.678000
2022-05-25,2.157492,2.1754711,2.0855756,2.1215338,12521863,29718871.0,0.570500
2022-05-26,2.1215338,2.1754711,2.1035547,2.14850245,11721573,27968718.4,0.534000
2022-05-27,2.14850245,2.18446065,2.09456515,2.1395129,9296719,21962105.11,0.423600
2022-05-30,2.1395129,2.1395129,2.1035547,2.11254425,6462289,15225854.81,0.294400
2022-05-31,2.09456515,2.22041885,2.09456515,2.22041885,11273409,27204893.09,0.513600
2022-06-01,2.23839795,2.2653666,2.1754711,2.20243975,9257237,22797661.95,0.421800
2022-06-02,2.1934502,2.31031435,2.16648155,2.27435615,15110593,37825609.43,0.688400
2022-06-06,2.3912203,2.3912203,2.2833457,2.2833457,50470860,132626557.11,2.299500
2022-06-07,2.27435615,2.36425165,2.23839795,2.31031435,23232977,59045715.12,1.058500
2022-06-08,2.2833457,2.32829345,2.2294084,2.27435615,16157231,40962770.49,0.736100
2022-06-09,2.27435615,2.27435615,2.2294084,2.23839795,9261990,23173764.8,0.422000
2022-06-10,2.22041885,2.27435615,2.22041885,2.25637705,6259111,15730408.97,0.285200
2022-06-13,2.25637705,2.27435615,2.23839795,2.23839795,6235269,15579270.87,0.284100
2022-06-14,2.2294084,2.23839795,2.16648155,2.2114293,9120056,22307634.32,0.415500
2022-06-15,2.2114293,2.22041885,2.18446065,2.20243975,7334523,17967498.92,0.334200
2022-06-16,2.20243975,2.2114293,2.16648155,2.1934502,9053448,22012845.94,0.412500
2022-06-17,2.1754711,2.25637705,2.16648155,2.25637705,10924046,27023653.82,0.497700
2022-06-20,2.2294084,2.2833457,2.2114293,2.2294084,7102259,17721623.44,0.323600
2022-06-21,2.2294084,2.2473875,2.2114293,2.2294084,6147700,15233994.0,0.280100
2022-06-22,2.2114293,2.2294084,2.1754711,2.18446065,7778091,19075232.86,0.354400
2022-06-23,2.1754711,2.2114293,2.1754711,2.2114293,6865439,16788171.32,0.312800
2022-06-24,2.20243975,2.2114293,2.18446065,2.1934502,7794151,19066127.95,0.355100
2022-06-27,2.16648155,2.1754711,2.09456515,2.11254425,21340981,50459365.98,0.972300
2022-06-28,2.11254425,2.14850245,2.07658605,2.11254425,15429904,36251363.7,0.703000
2022-06-29,2.11254425,2.1215338,2.09456515,2.1035547,8409952,19737565.18,0.383200
2022-06-30,2.09456515,2.1395129,2.09456515,2.1035547,9083221,21359039.87,0.413800
2022-07-01,2.09456515,2.11254425,2.07658605,2.1035547,10271431,23890024.78,0.468000
2022-07-04,2.1035547,2.11254425,2.0855756,2.1035547,11677800,27251312.91,0.532000
2022-07-05,2.09456515,2.2114293,2.07658605,2.2114293,21996032,52426662.39,1.002100
2022-07-06,2.1754711,2.20243975,2.14850245,2.1934502,17149696,41457708.57,0.781300
2022-07-07,2.1934502,2.22041885,2.157492,2.1934502,11723879,28498930.54,0.534100
2022-07-08,2.1934502,2.1934502,2.157492,2.1754711,10721900,25930842.2,0.488500
2022-07-11,2.157492,2.16648155,2.1215338,2.13052335,9298783,22121310.81,0.423700
2022-07-12,2.13052335,2.23839795,2.11254425,2.1934502,20454454,49916391.12,0.931900
2022-07-13,2.1934502,2.22041885,2.16648155,2.2114293,9508385,23208418.4,0.433200
2022-07-14,2.1934502,2.2114293,2.1754711,2.18446065,9440341,23010484.31,0.430100
2022-07-15,2.16648155,2.1754711,2.1215338,2.13052335,11234100,26811746.0,0.511800
2022-07-18,2.13052335,2.1934502,2.1215338,2.16648155,9228171,22141712.02,0.420400
2022-07-19,2.16648155,2.22041885,2.14850245,2.18446065,14570650,35326872.59,0.663800
2022-07-20,2.16648155,2.2294084,2.16648155,2.2294084,19316639,47243883.19,0.880100
2022-07-21,2.22041885,2.2473875,2.1934502,2.22041885,18751195,46327338.83,0.854300
2022-07-22,2.2294084,2.3013248,2.1754711,2.2114293,27051471,67018721.12,1.232500
2022-07-25,2.1934502,2.25637705,2.18446065,2.2294084,16579144,40946539.87,0.755400
2022-07-26,2.23839795,2.29233525,2.2294084,2.27435615,27398552,69050498.55,1.248300
2022-07-27,2.25637705,2.38223075,2.25637705,2.32829345,28885305,74846771.77,1.316000
2022-07-28,2.3193039,2.34627255,2.3013248,2.32829345,16084064,41616195.48,0.732800
2022-07-29,2.32829345,2.3552621,2.3193039,2.34627255,12488902,32477062.56,0.569000
2022-08-01,2.34627255,2.34627255,2.29233525,2.31031435,16465638,42407129.82,0.750200
2022-08-02,2.29233525,2.3013248,2.1934502,2.1934502,26222473,64543520.21,1.194700
2022-08-03,2.1934502,2.25637705,2.157492,2.157492,17736641,43564978.65,0.808100
2022-08-04,2.157492,2.2114293,2.157492,2.20243975,10692057,25975300.0,0.487100
2022-08-05,2.22041885,2.22041885,2.18446065,2.2114293,9970596,24450301.0,0.454300
2022-08-08,2.20243975,2.22041885,2.1934502,2.22041885,10692355,26238687.0,0.487100
2022-08-09,2.20243975,2.2653666,2.20243975,2.23839795,13004022,32389725.0,0.592500
2022-08-10,2.2473875,2.2473875,2.20243975,2.2294084,10193177,25213972.0,0.464400
2022-08-11,2.22041885,2.2473875,2.22041885,2.22041885,9258468,22980710.0,0.421800
2022-08-12,2.20243975,2.29233525,2.20243975,2.2833457,17243841,43412464.0,0.785600
2022-08-15,2.2833457,2.3732412,2.2653666,2.337283,18377269,47725435.21,0.837300
2022-08-16,2.337283,2.34627255,2.31031435,2.32829345,15237129,39474953.82,0.694200
2022-08-17,2.32829345,2.36425165,2.3013248,2.34627255,21383483,55558279.76,0.974200
2022-08-18,2.32829345,2.3732412,2.3193039,2.34627255,15225590,39819239.62,0.693700
2022-08-19,2.34627255,2.3732412,2.31031435,2.3193039,14478800,37686172.0,0.659700
2022-08-22,2.3193039,2.3552621,2.29233525,2.32829345,14327405,37107327.9,0.652800
2022-08-23,2.32829345,2.34627255,2.31031435,2.3193039,10050640,26018361.33,0.457900
2022-08-24,2.3193039,2.3193039,2.23839795,2.25637705,19581457,49497136.0,0.892100
2022-08-25,2.2473875,2.3013248,2.2294084,2.27435615,12377426,31200282.58,0.563900
2022-08-26,2.2833457,2.31031435,2.27435615,2.29233525,8490380,21625852.19,0.386800
2022-08-29,2.27435615,2.34627255,2.2653666,2.337283,13835197,35634083.64,0.630300
2022-08-30,2.337283,2.41818895,2.3193039,2.38223075,21592256,57414774.04,0.983800
2022-08-31,2.38223075,2.4091994,2.3552621,2.36425165,12246800,32335207.0,0.558000
2022-09-01,2.38223075,2.4091994,2.3552621,2.3732412,11004185,29082386.8,0.501400
2022-09-02,2.3732412,2.38223075,2.32829345,2.3552621,8857050,23127740.5,0.403500
2022-09-05,2.337283,2.337283,2.2653666,2.31031435,13742400,35215541.0,0.626100
2022-09-06,2.31031435,2.32829345,2.2833457,2.3193039,10585055,27154037.25,0.482300
2022-09-07,2.31031435,2.3193039,2.2653666,2.29233525,13669312,34772841.24,0.622800
2022-09-08,2.29233525,2.32829345,2.27435615,2.3193039,10802461,27713328.73,0.492200
2022-09-09,2.3193039,2.3552621,2.3013248,2.3552621,13004254,33843864.14,0.592500
2022-09-13,2.34627255,2.34627255,2.3013248,2.3193039,8934711,23094770.31,0.407100
2022-09-14,2.337283,2.34627255,2.3013248,2.31031435,9872900,25459709.0,0.449800
2022-09-15,2.3013248,2.3193039,2.25637705,2.27435615,13600100,34624543.0,0.619600
2022-09-16,2.2653666,2.29233525,2.2473875,2.2653666,8202465,20720398.8,0.373700
2022-09-19,2.2653666,2.27435615,2.14850245,2.16648155,16974908,41346131.0,0.773400
2022-09-20,2.1754711,2.2114293,2.16648155,2.1934502,6728398,16440071.72,0.306500
2022-09-21,2.1934502,2.2294084,2.16648155,2.22041885,8109220,19821587.53,0.369500
2022-09-22,2.20243975,2.23839795,2.1934502,2.22041885,6523744,16105088.24,0.297200
2022-09-23,2.2294084,2.2294084,2.16648155,2.18446065,7347247,17940022.74,0.334700
2022-09-26,2.1754711,2.20243975,2.11254425,2.11254425,12997600,31101484.0,0.592200
2022-09-27,2.11254425,2.14850245,2.1035547,2.14850245,7792900,18403580.0,0.355000
2022-09-28,2.25637705,2.25637705,2.25637705,2.25637705,2911574,7308050.74,0.132700
2022-09-29,2.3732412,2.3732412,2.25637705,2.27435615,63774022,165871381.69,2.905600
2022-09-30,2.29233525,2.3732412,2.2653666,2.3193039,30277689,77991105.01,1.379500
2022-10-10,2.3732412,2.38223075,2.23839795,2.23839795,31435460,80984485.88,1.432200
2022-10-11,2.23839795,2.2473875,2.1395129,2.2114293,17626390,42994222.1,0.803100
2022-10-12,2.2114293,2.29233525,2.18446065,2.29233525,16982490,42528429.96,0.773700
2022-10-13,2.2833457,2.31031435,2.2653666,2.2833457,11521216,29314689.48,0.524900
2022-10-14,2.29233525,2.3193039,2.27435615,2.2833457,14085386,35927204.93,0.641700
2022-10-17,2.2833457,2.3552621,2.2653666,2.32829345,15244619,39124100.53,0.694600
2022-10-18,2.337283,2.337283,2.3013248,2.31031435,8433065,21730023.7,0.384200
2022-10-19,2.32829345,2.337283,2.2653666,2.2833457,10448174,26745523.39,0.476000
2022-10-20,2.2653666,2.31031435,2.2294084,2.2833457,10958703,27689269.26,0.499300
2022-10-21,2.2833457,2.3552621,2.27435615,2.337283,15190147,39296086.66,0.692100
2022-10-24,2.3193039,2.34627255,2.2653666,2.27435615,13921430,35616943.49,0.634300
2022-10-25,2.2653666,2.2833457,2.23839795,2.2833457,9772180,24602949.6,0.445200
2022-10-26,2.27435615,2.3013248,2.2653666,2.29233525,9353501,23803645.5,0.426100
2022-10-27,2.3013248,2.31031435,2.1754711,2.1754711,43068816,105843293.2,1.962200
2022-10-28,2.14850245,2.157492,2.07658605,2.1035547,22016522,51741075.6,1.003100
2022-10-31,2.1754711,2.2114293,2.1395129,2.2114293,18164564,44292128.62,0.827600
2022-11-01,2.3193039,2.3193039,2.27435615,2.3193039,17813401,45907188.24,0.811600
2022-11-02,2.43616805,2.43616805,2.3193039,2.32829345,68917071,184285297.82,3.139900
2022-11-03,2.36425165,2.43616805,2.337283,2.3732412,45183249,119821786.08,2.058600
2022-11-04,2.38223075,2.3912203,2.3013248,2.3552621,41751960,108633169.52,1.902200
2022-11-07,2.34627255,2.38223075,2.29233525,2.3013248,28774600,74610703.0,1.311000
2022-11-08,2.31031435,2.337283,2.2833457,2.32829345,16985873,43768332.11,0.773900
2022-11-09,2.337283,2.337283,2.29233525,2.32829345,22325048,57544417.84,1.017100
2022-11-10,2.3193039,2.34627255,2.31031435,2.3193039,19501761,50508511.05,0.888500
2022-11-11,2.337283,2.34627255,2.3013248,2.3193039,20803676,53716285.47,0.947800
2022-11-14,2.31031435,2.337283,2.3013248,2.32829345,16027944,41398167.5,0.730200
2022-11-15,2.31031435,2.34627255,2.3013248,2.34627255,21575729,55802939.29,0.983000
2022-11-16,2.3193039,2.3193039,2.23839795,2.25637705,36596895,92840516.85,1.667400
2022-11-17,2.2294084,2.2833457,2.2294084,2.2653666,14705372,36995010.55,0.670000
2022-11-18,2.25637705,2.2653666,2.23839795,2.25637705,18801950,47090420.73,0.856600
2022-11-21,2.23839795,2.29233525,2.22041885,2.2833457,14496761,36308344.88,0.660500
2022-11-22,2.27435615,2.31031435,2.2653666,2.2833457,16557567,42125936.51,0.754400
2022-11-23,2.27435615,2.29233525,2.23839795,2.2833457,15391845,38837527.2,0.701300
2022-11-24,2.40020985,2.40020985,2.3552621,2.40020985,46652865,124478139.35,2.125500
2022-11-25,2.49010535,2.517074,2.4451576,2.517074,52556654,146513964.96,2.394500
2022-11-28,2.6429277,2.6429277,2.517074,2.58000085,134181102,389760253.34,6.113300
2022-11-29,2.6249486,2.6249486,2.4811158,2.50808445,75000525,212224809.53,3.417000
2022-11-30,2.4990949,2.63393815,2.4451576,2.63393815,83855726,237781473.28,3.820500
2022-12-01,2.6609068,2.72383365,2.6069695,2.6069695,74600023,220395933.08,3.398800
2022-12-02,2.5530322,2.6429277,2.517074,2.5889904,43432882,124195549.33,1.978800
2022-12-05,2.6069695,2.6249486,2.5530322,2.5889904,34773995,100104709.94,1.584300
2022-12-06,2.58000085,2.7148441,2.56202175,2.7148441,70994768,212665388.06,3.234500
2022-12-07,2.6609068,2.74181275,2.63393815,2.6788859,57445292,171853477.36,2.617200
2022-12-08,2.66989635,2.7687814,2.66989635,2.72383365,38039124,114977180.07,1.733100
2022-12-09,2.7508023,2.7687814,2.63393815,2.6609068,52147512,156611270.03,2.375900
2022-12-12,2.65191725,2.70585455,2.5889904,2.59797995,29280466,85886274.66,1.334000
2022-12-13,2.59797995,2.61595905,2.5710113,2.59797995,17329786,49917649.48,0.789600
2022-12-14,2.6069695,2.6609068,2.5710113,2.6429277,19831893,57636490.49,0.903500
2022-12-15,2.6429277,2.68787545,2.50808445,2.50808445,43368793,124787202.91,1.975900
2022-12-16,2.50808445,2.5530322,2.43616805,2.43616805,39619946,109311518.75,1.805100
2022-12-19,2.517074,2.56202175,2.50808445,2.56202175,63779621,181035339.47,2.905800
2022-12-20,2.4990949,2.56202175,2.47212625,2.54404265,38895226,108618522.34,1.772100
2022-12-21,2.5710113,2.65191725,2.54404265,2.58000085,41178941,119261613.74,1.876100
2022-12-23,2.71,2.71,2.71,2.71,992015,2688360.65,0.023800
2022-12-26,2.85,2.85,2.65,2.69,55947603,154670022.57,1.341600
2022-12-27,2.66,2.68,2.57,2.59,40543611,106037324.93,0.972200
2022-12-28,2.6,2.66,2.58,2.59,18826588,49289043.8,0.451400
2022-12-29,2.59,2.61,2.53,2.6,13498645,34788153.35,0.323700
2022-12-30,2.59,2.65,2.59,2.63,9679294,25437368.73,0.232100
2023-01-03,2.61,2.66,2.61,2.64,12423486,32703865.18,0.297900
2023-01-04,2.63,2.65,2.61,2.62,11823874,31006381.28,0.283500
2023-01-05,2.62,2.65,2.6,2.63,11897534,31240887.08,0.285300
2023-01-06,2.62,2.63,2.59,2.61,12970491,33821752.9,0.311000
2023-01-09,2.6,2.61,2.57,2.58,12272881,31758485.17,0.294300
2023-01-10,2.58,2.58,2.51,2.52,15258044,38658542.76,0.365900
2023-01-11,2.52,2.55,2.49,2.49,10972610,27628039.7,0.263100
2023-01-12,2.49,2.51,2.47,2.47,8214158,20410934.41,0.197000
2023-01-13,2.47,2.51,2.47,2.5,6228650,15529994.1,0.149400
2023-01-16,2.5,2.53,2.5,2.51,6098850,15350131.0,0.146200
2023-01-17,2.5,2.63,2.49,2.58,16717561,42724230.49,0.400900
2023-01-18,2.57,2.59,2.56,2.56,5834897,14987276.29,0.139900
2023-01-19,2.55,2.61,2.55,2.6,8616219,22302791.64,0.206600
2023-01-20,2.6,2.62,2.59,2.62,10073478,26248370.02,0.241600
2023-01-30,2.63,2.65,2.6,2.63,15342351,40135984.84,0.367900
2023-01-31,2.55,2.58,2.53,2.55,22253416,56766621.15,0.533600
2023-02-01,2.54,2.57,2.53,2.57,12651661,32257436.68,0.303400
2023-02-02,2.55,2.57,2.53,2.53,10913146,27781831.01,0.261700
2023-02-03,2.54,2.56,2.53,2.55,8382310,21306357.6,0.201000
2023-02-06,2.54,2.55,2.52,2.54,7949837,20136608.83,0.190600
2023-02-07,2.54,2.54,2.52,2.53,8098876,20479653.81,0.194200
2023-02-08,2.53,2.53,2.51,2.51,7234012,18224346.12,0.173500
2023-02-09,2.52,2.53,2.5,2.52,10808509,27175296.58,0.259200
2023-02-10,2.52,2.53,2.5,2.51,8270736,20791057.13,0.198300
2023-02-13,2.52,2.52,2.5,2.51,7565275,18973653.9,0.181400
2023-02-14,2.51,2.51,2.46,2.47,17028380,42280664.14,0.408300
2023-02-15,2.47,2.51,2.46,2.49,13602561,33922400.49,0.326200
2023-02-16,2.49,2.51,2.45,2.47,13270153,32922087.19,0.318200
2023-02-17,2.47,2.48,2.44,2.45,11796964,28976234.8,0.282900
2023-02-20,2.45,2.46,2.38,2.41,17592122,42417389.24,0.421800
2023-02-21,2.4,2.43,2.38,2.42,9364282,22546650.99,0.224500
2023-02-22,2.41,2.41,2.39,2.41,6593174,15834803.42,0.158100
2023-02-23,2.41,2.42,2.4,2.41,9384970,22645501.7,0.225000
2023-02-24,2.4,2.41,2.39,2.4,6796601,16313531.1,0.163000
2023-02-27,2.41,2.46,2.4,2.45,11403399,27754697.88,0.273400
2023-02-28,2.45,2.45,2.42,2.42,8296600,20165288.0,0.198900
2023-03-01,2.48,2.54,2.46,2.54,19637087,49593135.52,0.470900
2023-03-02,2.59,2.59,2.49,2.5,33281006,84545429.83,0.798000
2023-03-03,2.51,2.57,2.49,2.55,21101113,53461392.44,0.506000
2023-03-06,2.56,2.58,2.53,2.56,11081101,28261133.34,0.265700
2023-03-07,2.56,2.63,2.55,2.55,17629685,45514764.61,0.422700
2023-03-08,2.54,2.56,2.53,2.55,10159926,25824916.4,0.243600
2023-03-09,2.54,2.62,2.54,2.57,13494030,34808414.8,0.323600
2023-03-10,2.57,2.57,2.54,2.55,9855878,25136046.12,0.236300
2023-03-13,2.54,2.56,2.49,2.51,11918800,30050324.5,0.285800
2023-03-14,2.5,2.51,2.45,2.46,11098620,27388200.05,0.266100
2023-03-15,2.47,2.48,2.45,2.47,6121601,15109628.97,0.146800
2023-03-16,2.46,2.47,2.44,2.44,5871700,14418585.0,0.140800
2023-03-17,2.45,2.49,2.45,2.45,7549950,18605230.5,0.181000
2023-03-20,2.46,2.46,2.42,2.44,8138021,19858233.24,0.195100
2023-03-21,2.44,2.47,2.43,2.47,6100449,14942183.67,0.146300
2023-03-22,2.47,2.52,2.46,2.52,11378110,28482259.64,0.272800
2023-03-23,2.51,2.53,2.49,2.52,9801509,24578708.87,0.235000
2023-03-24,2.52,2.52,2.5,2.52,9038730,22652530.0,0.216700
2023-03-27,2.51,2.59,2.5,2.55,14063728,35800361.58,0.337200
2023-03-28,2.54,2.54,2.51,2.51,8825402,22237424.0,0.211600
2023-03-29,2.51,2.56,2.5,2.53,11495179,29069068.29,0.275600
2023-03-30,2.56,2.58,2.49,2.49,14837724,37456457.76,0.355800
2023-03-31,2.49,2.53,2.49,2.52,8553188,21417656.63,0.205100
2023-04-03,2.54,2.57,2.53,2.54,12521742,31883334.12,0.300300
2023-04-04,2.54,2.59,2.54,2.56,14271910,36631544.2,0.342200
2023-04-06,2.54,2.56,2.52,2.55,10377567,26391367.58,0.248800
2023-04-07,2.55,2.68,2.54,2.65,30485838,79902170.53,0.731000
2023-04-10,2.64,2.67,2.62,2.63,16063052,42463594.16,0.385200
2023-04-11,2.62,2.63,2.59,2.61,11130420,29000334.75,0.266900
2023-04-12,2.62,2.71,2.62,2.68,20989954,56026626.17,0.503300
2023-04-13,2.67,2.73,2.66,2.67,15242040,41051221.94,0.365500
2023-04-14,2.71,2.72,2.69,2.71,14000348,37833443.95,0.335700
2023-04-17,2.7,2.79,2.7,2.78,18470020,51012198.76,0.442900
2023-04-18,2.77,2.92,2.77,2.88,32734617,94006482.33,0.784900
2023-04-19,2.89,2.94,2.84,2.84,26172753,75637292.08,0.627600
2023-04-20,2.85,2.9,2.85,2.9,19611699,56472535.21,0.470300
2023-04-21,2.91,2.92,2.76,2.81,23407212,66323194.58,0.561300
2023-04-24,2.8,2.82,2.75,2.77,13350793,37070297.78,0.320100
2023-04-25,2.78,2.8,2.65,2.74,17773916,48554778.32,0.426200
2023-04-26,2.73,2.78,2.7,2.76,13928871,38066158.63,0.334000
2023-04-27,2.77,2.8,2.73,2.75,16123603,44558205.94,0.386600
2023-04-28,2.78,2.86,2.75,2.84,16949007,47297173.63,0.406400
2023-05-04,2.86,2.88,2.7,2.73,27665662,76456591.13,0.663400
2023-05-05,2.73,2.75,2.69,2.75,11475271,31200655.69,0.275200
2023-05-08,2.74,2.77,2.72,2.73,9632197,26383708.0,0.231000
2023-05-09,2.73,2.74,2.68,2.69,9245264,24935451.16,0.221700
2023-05-10,2.69,2.7,2.62,2.65,11658258,30963916.18,0.279600
2023-05-11,2.63,2.73,2.63,2.71,10809554,29134794.48,0.259200
2023-05-12,2.71,2.73,2.69,2.7,7426569,20079102.99,0.178100
2023-05-15,2.7,2.7,2.65,2.67,8821593,23595176.38,0.211500
2023-05-16,2.64,2.65,2.6,2.61,12943900,33948330.78,0.310400
2023-05-17,2.62,2.66,2.6,2.63,8546068,22463189.53,0.204900
2023-05-18,2.64,2.65,2.62,2.63,6055378,15936355.31,0.145200
2023-05-19,2.62,2.66,2.62,2.66,8598024,22697571.64,0.206200
2023-05-22,2.65,2.75,2.64,2.74,13557533,36760765.59,0.325100
2023-05-23,2.74,2.74,2.7,2.71,6613248,17984428.08,0.158600
2023-05-24,2.7,2.72,2.68,2.7,6349722,17157840.4,0.152300
2023-05-25,2.7,2.75,2.69,2.75,11817405,32238787.07,0.283400
2023-05-26,2.73,2.83,2.73,2.83,15616855,43442058.92,0.374500
2023-05-29,2.85,2.86,2.77,2.82,14582177,41041103.93,0.349700
2023-05-30,2.88,2.95,2.85,2.88,18491203,53433808.37,0.443400
2023-05-31,2.88,2.93,2.85,2.9,15724999,45587875.71,0.377100
2023-06-01,2.88,2.94,2.84,2.85,18629363,53867615.1,0.446700
2023-06-02,2.85,2.9,2.8,2.85,14172732,40275339.63,0.339800
2023-06-05,2.84,2.9,2.82,2.88,10744764,30700876.31,0.257700
2023-06-06,2.86,2.91,2.85,2.9,13536777,39022616.45,0.324600
2023-06-07,2.89,2.91,2.85,2.9,12288481,35370696.28,0.294700
2023-06-08,2.89,2.92,2.86,2.88,13176463,38012308.23,0.316000
2023-06-09,2.86,2.88,2.8,2.84,15954912,45350189.06,0.382600
2023-06-12,2.86,2.93,2.85,2.93,24834781,72184289.68,0.595500
2023-06-14,3.22,3.22,3.22,3.22,37140175,119591363.5,0.890600
2023-06-15,3.22,3.5,3.13,3.18,194420037,638090142.95,4.662000
2023-06-16,3.2,3.27,3.07,3.1,102963895,324657900.32,2.469000
2023-06-19,3.11,3.14,3.02,3.11,73685747,226527956.18,1.766900
2023-06-20,3.09,3.11,3.03,3.05,39664486,121151682.94,0.951100
2023-06-21,3.09,3.09,2.93,2.94,41571650,124188129.29,0.996900
2023-06-26,2.9,2.92,2.82,2.83,33273400,95406526.24,0.797900
2023-06-27,2.84,2.87,2.81,2.83,24888845,70660140.83,0.596800
2023-06-28,2.85,2.85,2.74,2.79,33580562,93249886.81,0.805200
2023-06-29,2.79,2.82,2.77,2.79,17020131,47568375.03,0.408100
2023-06-30,2.79,2.84,2.78,2.84,16685850,47117347.5,0.400100
2023-07-03,2.84,2.91,2.84,2.89,26689072,76706628.31,0.640000
2023-07-04,2.87,2.92,2.86,2.87,20508274,59024737.59,0.491800
2023-07-05,2.86,3.16,2.86,3.05,79419742,239392288.23,1.904400
2023-07-06,3.0,3.28,2.99,3.26,157484944,495335029.57,3.776400
2023-07-07,3.2,3.48,3.19,3.27,166657459,554093864.92,3.996300
2023-07-10,3.28,3.43,3.17,3.39,101697116,338838717.9,2.438600
2023-07-11,3.47,3.53,3.35,3.37,110420720,378027265.62,2.647800
2023-07-12,3.36,3.51,3.31,3.31,122654195,419440049.52,2.941100
2023-07-13,3.43,3.64,3.36,3.64,297446346,1059691088.43,7.132500
2023-07-14,3.53,3.87,3.43,3.73,384233479,1393280343.12,9.213600
2023-07-17,3.73,3.8,3.57,3.6,170889468,624983170.97,4.097800
2023-07-18,3.61,3.72,3.57,3.59,111933239,405911575.53,2.684100
2023-07-19,3.59,3.67,3.53,3.63,90405894,325399097.08,2.167900
2023-07-20,3.62,3.77,3.59,3.61,111111072,407801890.07,2.664300
2023-07-21,3.65,3.73,3.57,3.62,112466158,410081587.22,2.696800
2023-07-24,3.6,3.77,3.6,3.69,95289379,351264492.49,2.285000
2023-07-25,3.72,3.84,3.66,3.77,94930904,356361129.07,2.276400
2023-07-26,3.76,3.76,3.61,3.64,64184559,235452688.74,1.539100
2023-07-27,3.59,3.66,3.5,3.52,103840403,371228891.62,2.490000
2023-07-28,3.53,3.61,3.49,3.6,74851014,266381674.68,1.794900
2023-07-31,3.61,3.62,3.5,3.55,60172095,213046627.8,1.442900
2023-08-01,3.57,3.57,3.48,3.51,39336919,138255857.09,0.943300
2023-08-02,3.5,3.57,3.42,3.54,41143996,144767964.37,0.986600
2023-08-03,3.57,3.62,3.49,3.6,90541196,322976713.73,2.171100
2023-08-04,3.59,3.82,3.57,3.77,129953948,484383651.9,3.116200
2023-08-07,3.77,3.87,3.75,3.83,61988367,236688839.37,1.486400
2023-08-08,3.81,3.86,3.78,3.83,39498810,150749097.08,0.947100
2023-08-09,3.8,3.83,3.68,3.71,46407356,173516058.42,1.112800
2023-08-10,3.68,3.74,3.68,3.69,28542159,105675771.89,0.684400
2023-08-11,3.68,3.81,3.54,3.56,66632668,242242641.8,1.597800
2023-08-14,3.51,3.66,3.5,3.59,43878408,157415569.86,1.052200
2023-08-15,3.59,3.63,3.51,3.55,35382001,126243125.58,0.848400
2023-08-16,3.54,3.7,3.52,3.62,68371298,248559270.45,1.639500
2023-08-17,3.63,3.64,3.56,3.61,30009880,108383386.1,0.719600
2023-08-18,3.6,3.63,3.51,3.52,37038218,131940137.7,0.888100
2023-08-21,3.52,3.57,3.47,3.47,30677915,107716107.05,0.735600
2023-08-22,3.49,3.64,3.47,3.6,37373035,132490086.79,0.896200
2023-08-23,3.6,3.65,3.53,3.54,57867420,208128132.51,1.387600
2023-08-24,3.57,3.66,3.53,3.57,58272328,209789279.68,1.397300
2023-08-25,3.57,3.59,3.34,3.39,63483093,218308854.96,1.522300
2023-08-28,3.51,3.55,3.31,3.32,47781701,163506864.47,1.145800
2023-08-29,3.3,3.48,3.28,3.44,43882345,149572148.04,1.052300
2023-08-30,3.44,3.57,3.43,3.44,43095535,150882353.69,1.033400
2023-08-31,3.45,3.47,3.39,3.43,21518652,73635381.42,0.516000
2023-09-01,3.43,3.45,3.3,3.32,37171168,124420883.72,0.891300
2023-09-04,3.33,3.36,3.26,3.3,39785145,130914789.06,0.954000
2023-09-05,3.37,3.4,3.24,3.27,41357730,136581985.06,0.991700
2023-09-06,3.25,3.36,3.18,3.34,44619358,146191599.05,1.069900
2023-09-07,3.33,3.33,3.2,3.21,49748078,161047934.75,1.192900
2023-09-08,3.22,3.23,3.12,3.2,61520214,194135502.48,1.475200
2023-09-11,3.2,3.32,3.12,3.27,61895816,199884078.04,1.484200
2023-09-12,3.25,3.27,3.19,3.22,30628642,98985689.58,0.734400
2023-09-13,3.22,3.23,3.12,3.15,29454421,92986005.68,0.706300
2023-09-14,3.16,3.16,3.08,3.11,26755938,83420265.94,0.641600
2023-09-15,3.14,3.16,3.11,3.14,23437900,73426493.2,0.562000
2023-09-18,3.12,3.15,3.09,3.1,23272716,72444643.0,0.558100
2023-09-19,3.1,3.1,3.04,3.04,24615128,75349716.84,0.590200
2023-09-20,3.06,3.15,3.05,3.07,42471100,132095847.0,1.018400
2023-09-21,3.08,3.12,3.04,3.05,20828850,64032167.0,0.499500
2023-09-22,3.06,3.17,3.05,3.17,40494834,126896963.76,0.971000
2023-09-25,3.15,3.21,2.99,3.01,72587200,221872037.0,1.740600
2023-09-26,3.02,3.04,2.95,2.98,57912216,172972336.68,1.388700
2023-09-27,2.99,3.0,2.87,2.9,61122350,178138621.0,1.465700
2023-09-28,2.92,2.98,2.9,2.97,44263321,130567610.47,1.061400
2023-10-09,2.97,3.08,2.95,3.02,52949102,160240604.15,1.269700
2023-10-10,3.01,3.03,2.98,2.99,36119901,108335441.53,0.866100
2023-10-11,3.0,3.05,2.98,3.02,32005771,96749012.09,0.767500
2023-10-12,3.02,3.32,3.02,3.32,160483445,520015179.48,3.848300
2023-10-13,3.35,3.44,3.29,3.4,179333689,606327042.52,4.300300
2023-10-16,3.38,3.48,3.33,3.35,107590768,363799433.36,2.579900
2023-10-17,3.37,3.37,3.21,3.24,66449514,216862947.13,1.593400
2023-10-18,3.24,3.25,3.15,3.16,47987190,152404922.26,1.150700
2023-10-19,3.15,3.26,3.13,3.15,50524421,161146544.14,1.211500
2023-10-20,3.12,3.15,3.06,3.08,41745212,129119783.89,1.001000
2023-10-23,3.07,3.07,2.95,2.98,40761657,122712369.12,0.977400
2023-10-24,2.98,3.03,2.96,3.02,37873176,113549126.88,0.908200
2023-10-25,3.04,3.18,3.03,3.08,50474683,156976139.34,1.210300
2023-10-26,3.06,3.18,3.03,3.18,59452274,185717321.65,1.425600
2023-10-27,3.15,3.2,3.06,3.11,86568715,268204183.33,2.075800
2023-10-30,3.08,3.42,3.02,3.33,167392711,543141105.7,4.013900
2023-10-31,3.28,3.28,3.13,3.15,101516075,323191839.26,2.434300
2023-11-01,3.15,3.19,3.12,3.13,43098780,135506378.19,1.033500
2023-11-02,3.15,3.16,3.05,3.05,49788817,153631600.2,1.193900
2023-11-03,3.05,3.14,3.03,3.1,42819085,132601739.5,1.026800
2023-11-06,3.14,3.2,3.11,3.19,52566995,166747525.81,1.260500
2023-11-07,3.17,3.27,3.15,3.25,70148252,225332399.19,1.682100
2023-11-08,3.26,3.46,3.24,3.35,134904503,455645118.5,3.234900
2023-11-09,3.32,3.36,3.22,3.23,63359620,207890688.6,1.519300
2023-11-10,3.24,3.29,3.18,3.2,59019874,190067877.44,1.415200
2023-11-13,3.2,3.24,3.14,3.2,72424509,229887940.28,1.736700
2023-11-14,3.19,3.28,3.17,3.26,65736619,212918298.39,1.576300
2023-11-15,3.29,3.31,3.2,3.24,66658740,216463383.8,1.598400
2023-11-16,3.23,3.25,3.18,3.19,50863792,162986391.06,1.219700
2023-11-17,3.17,3.23,3.17,3.21,38216556,122201383.17,0.916400
2023-11-20,3.21,3.25,3.19,3.25,41991226,135618360.01,1.006900
2023-11-21,3.24,3.25,3.18,3.19,47655970,153167253.4,1.142700
2023-11-22,3.19,3.19,3.13,3.13,41546301,130985152.18,0.996200
2023-11-23,3.13,3.17,3.1,3.16,28792224,90435125.45,0.690400
2023-11-24,3.16,3.17,3.08,3.09,37750936,117304401.6,0.905200
2023-11-27,3.08,3.14,3.05,3.14,31217201,96169351.09,0.748600
2023-11-28,3.12,3.15,3.04,3.06,46121500,142345923.0,1.106000
2023-11-29,3.06,3.08,3.03,3.04,29091339,88757394.17,0.697600
2023-11-30,3.03,3.06,3.0,3.03,27134100,82205606.0,0.650700
2023-12-01,3.02,3.09,3.02,3.09,27066267,82839018.01,0.649000
2023-12-04,3.09,3.1,3.04,3.06,28968731,89092713.14,0.694600
2023-12-05,3.05,3.05,2.99,2.99,29503278,88958962.41,0.707500
2023-12-06,2.98,3.02,2.97,3.0,19084078,57211578.52,0.457600
2023-12-07,2.99,3.02,2.98,3.0,23745437,71116683.33,0.569400
2023-12-08,3.01,3.06,3.0,3.06,39437018,119585685.29,0.945700
2023-12-11,3.05,3.08,3.03,3.06,33007700,100698820.0,0.791500
2023-12-12,3.06,3.07,3.04,3.05,17659301,53950276.05,0.423500
2023-12-13,3.06,3.06,3.0,3.0,20556900,62127169.0,0.492900
2023-12-14,3.01,3.04,2.99,3.01,19668800,59210820.0,0.471600
2023-12-15,3.0,3.01,2.94,2.96,31919500,95119034.0,0.765400
2023-12-18,2.96,2.98,2.91,2.93,22157666,65253934.06,0.531300
2023-12-19,2.92,2.94,2.89,2.93,22462411,65516125.9,0.538600
2023-12-20,2.92,2.93,2.86,2.88,19298766,55917081.76,0.462800
2023-12-21,2.85,2.89,2.82,2.88,22564301,64541338.88,0.541100
2023-12-22,2.87,2.88,2.81,2.82,22555000,64020762.98,0.540800
2023-12-25,2.82,2.84,2.8,2.81,14868875,41887783.03,0.356500
2023-12-26,2.81,2.82,2.74,2.74,24183046,66807055.24,0.579900
2023-12-27,2.75,2.79,2.74,2.78,18566623,51444255.08,0.445200
2023-12-28,2.79,2.86,2.76,2.84,27634430,78181588.97,0.662600
2023-12-29,2.84,2.9,2.84,2.89,18949946,54672969.94,0.454400
2024-01-02,2.9,2.92,2.88,2.89,21489108,62263851.96,0.515300
2024-01-03,2.89,2.9,2.85,2.87,18848501,54159980.86,0.452000
2024-01-04,2.86,2.87,2.82,2.85,18926000,53905769.0,0.453800
2024-01-05,3.01,3.04,2.87,2.88,53695937,158570672.09,1.287600
2024-01-08,2.95,3.08,2.88,2.99,83850930,250075038.89,2.010700
2024-01-09,2.95,2.95,2.83,2.85,66122991,189730741.21,1.585600
2024-01-10,2.82,2.82,2.74,2.75,38418321,106408294.59,0.921200
2024-01-11,2.74,2.8,2.73,2.77,31560935,87358494.99,0.756800
2024-01-12,2.76,2.79,2.73,2.73,27560944,75939673.56,0.660900
2024-01-15,2.74,2.75,2.7,2.72,19667137,53576415.52,0.471600
2024-01-16,2.72,2.73,2.64,2.69,32381973,86660985.42,0.776500
2024-01-17,2.67,2.69,2.62,2.63,18888700,50244720.0,0.452900
2024-01-18,2.61,2.63,2.54,2.61,31040798,80292176.62,0.744300
2024-01-19,2.61,2.68,2.59,2.65,28791397,76170308.05,0.690400
2024-01-22,2.64,2.68,2.48,2.51,27650105,71098406.5,0.663000
2024-01-23,2.51,2.57,2.47,2.5,30944000,78017296.0,0.742000
2024-01-24,2.52,2.59,2.45,2.55,40018311,100956340.62,0.959600
2024-01-25,2.54,2.66,2.53,2.65,45566723,119095416.6,1.092700
2024-01-26,2.67,2.69,2.62,2.64,45127201,119884687.67,1.082100
2024-01-29,2.65,2.66,2.47,2.5,54310355,137938635.15,1.302300
2024-01-30,2.51,2.52,2.42,2.44,32545140,80539155.4,0.780400
2024-01-31,2.41,2.44,2.28,2.31,45995652,108426028.6,1.102900
2024-02-01,2.29,2.35,2.26,2.28,34866816,80093552.06,0.836100
2024-02-02,2.29,2.33,2.09,2.17,47965445,105793984.93,1.150200
2024-02-05,2.14,2.14,1.95,2.01,73730918,150277736.83,1.768000
2024-02-06,2.0,2.2,1.93,2.15,54254226,112468936.26,1.301000
2024-02-07,2.17,2.29,2.15,2.28,58572031,131572757.45,1.404500
2024-02-08,2.3,2.42,2.3,2.38,58668738,139699440.6,1.406800
2024-02-19,2.4,2.44,2.39,2.44,56012689,135795656.97,1.343100
2024-02-20,2.43,2.43,2.39,2.42,33668432,81204509.44,0.807300
2024-02-21,2.4,2.48,2.38,2.41,60073292,145499395.24,1.440500
2024-02-22,2.41,2.63,2.4,2.52,82132599,205263900.32,1.969500
2024-02-23,2.53,2.64,2.48,2.61,87775683,225876154.32,2.104800
2024-02-26,2.58,2.62,2.54,2.56,55529578,143228246.39,1.331600
2024-02-27,2.56,2.67,2.54,2.67,74472123,194565780.76,1.785800
2024-02-28,2.67,2.71,2.52,2.52,71163226,187211482.08,1.706400
2024-02-29,2.51,2.62,2.49,2.6,64183121,165614113.77,1.539100
2024-03-01,2.62,2.67,2.59,2.67,60304319,159499944.54,1.446000
2024-03-04,2.68,2.74,2.63,2.71,60417430,162653211.9,1.448800
2024-03-05,2.69,2.71,2.65,2.67,50696800,135664671.46,1.215700
2024-03-06,2.66,2.7,2.62,2.65,34847093,92589018.99,0.835600
2024-03-07,2.66,2.68,2.57,2.59,56634431,148381180.92,1.358000
2024-03-08,2.59,2.78,2.56,2.7,69035108,183686292.42,1.655400
2024-03-11,2.73,2.96,2.66,2.83,175078229,495675654.54,4.198200
2024-03-12,2.8,2.83,2.68,2.72,117499050,320722685.9,2.817500
2024-03-13,2.71,2.73,2.66,2.69,61657201,165860656.19,1.478500
2024-03-14,2.66,2.71,2.64,2.67,53961479,144645811.93,1.293900
2024-03-15,2.68,2.71,2.64,2.71,52094374,139524438.93,1.249200
2024-03-18,2.71,2.75,2.7,2.75,57498476,156402330.1,1.378800
2024-03-19,2.73,2.74,2.69,2.69,42554001,115473344.71,1.020400
2024-03-20,2.68,2.73,2.68,2.72,30564196,82844413.2,0.732900
2024-03-21,2.71,2.74,2.68,2.69,46062071,124540143.3,1.104500
2024-03-22,2.67,2.69,2.61,2.63,61375950,162046194.0,1.471700
2024-03-25,2.62,2.65,2.57,2.57,53314434,139167575.15,1.278400
2024-03-26,2.57,2.61,2.53,2.55,38377068,98377476.02,0.920200
2024-03-27,2.54,2.55,2.43,2.43,39412011,97978145.39,0.945100
2024-03-28,2.42,2.55,2.41,2.53,51653832,129418226.51,1.238600
2024-03-29,2.52,2.55,2.5,2.54,30571186,77094400.86,0.733100
2024-04-01,2.54,2.59,2.53,2.57,40146550,102809904.42,0.962700
2024-04-02,2.57,2.57,2.51,2.53,31454270,79724632.4,0.754200
2024-04-03,2.53,2.53,2.48,2.51,33388601,83777431.89,0.800600
2024-04-08,2.5,2.51,2.44,2.45,27611660,68444287.4,0.662100
2024-04-09,2.45,2.48,2.44,2.47,22401049,55138620.73,0.537200
2024-04-10,2.47,2.47,2.37,2.39,38825221,93341854.38,0.931000
2024-04-11,2.37,2.44,2.36,2.41,31437585,75873348.21,0.753800
2024-04-12,2.41,2.46,2.39,2.41,30146349,72951714.16,0.722900
2024-04-15,2.41,2.43,2.32,2.36,45127270,106667299.5,1.082100
2024-04-16,2.33,2.35,2.25,2.26,42901417,98212747.27,1.028700
2024-04-17,2.28,2.37,2.27,2.36,34545248,80686193.35,0.828400
2024-04-18,2.36,2.37,2.31,2.32,28721800,67245819.0,0.688700
2024-04-19,2.3,2.35,2.29,2.32,25894190,59974908.1,0.620900
2024-04-22,2.31,2.35,2.27,2.31,29398696,68129351.72,0.705000
2024-04-23,2.32,2.35,2.31,2.33,25556800,59627957.0,0.612800
2024-04-24,2.35,2.39,2.33,2.39,29862813,70554921.42,0.716100
2024-04-25,2.38,2.42,2.37,2.39,28926026,69338445.4,0.693600
2024-04-26,2.48,2.55,2.45,2.53,75763089,190217337.08,1.816700
2024-04-29,2.52,2.6,2.52,2.58,52156301,134022002.29,1.250700
2024-04-30,2.59,2.63,2.56,2.61,51815146,134528845.64,1.242500
2024-05-06,2.64,2.66,2.62,2.64,45056870,119153861.8,1.080400
2024-05-07,2.64,2.65,2.59,2.61,35349401,92254084.61,0.847600
2024-05-08,2.59,2.6,2.54,2.55,32968100,84642450.0,0.790500
2024-05-09,2.55,2.59,2.54,2.56,23593461,60693915.16,0.565800
2024-05-10,2.56,2.57,2.51,2.52,27941100,70521998.0,0.670000
2024-05-13,2.5,2.52,2.46,2.48,28679395,71470754.37,0.687700
2024-05-14,2.5,2.55,2.49,2.53,30679330,77505844.04,0.735700
2024-05-15,2.52,2.54,2.49,2.49,23284100,58386685.0,0.558300
2024-05-16,2.51,2.55,2.49,2.5,31322203,78966628.66,0.751100
2024-05-17,2.5,2.54,2.48,2.53,26906450,67471916.5,0.645200
2024-05-20,2.54,2.56,2.52,2.53,29769398,75666935.8,0.713800
2024-05-21,2.54,2.56,2.52,2.54,30203150,76759866.5,0.724200
2024-05-22,2.55,2.6,2.53,2.59,41002856,105430413.47,0.983200
2024-05-23,2.59,2.59,2.52,2.53,35440532,90402136.96,0.849800
2024-05-24,2.53,2.55,2.47,2.47,28705500,71887468.12,0.688300
2024-05-27,2.49,2.51,2.43,2.49,30861254,75997578.3,0.740000
2024-05-28,2.48,2.52,2.45,2.46,28234193,70061714.37,0.677000
2024-05-29,2.45,2.49,2.45,2.46,17853420,44113005.4,0.428100
2024-05-30,2.46,2.5,2.42,2.47,25977183,64022936.16,0.622900
2024-05-31,2.48,2.55,2.47,2.52,29935302,75478962.04,0.717800
2024-06-03,2.54,2.54,2.47,2.5,41831791,104518340.68,1.003100
2024-06-04,2.49,2.5,2.44,2.48,30438976,75043163.82,0.729900
2024-06-05,2.49,2.51,2.45,2.45,26322783,65229653.83,0.631200
2024-06-06,2.45,2.49,2.37,2.39,46806971,113722063.42,1.122400
2024-06-07,2.42,2.45,2.36,2.4,33627898,80522196.81,0.806400
2024-06-11,2.38,2.46,2.35,2.45,37712819,90927533.25,0.904300
2024-06-12,2.44,2.5,2.43,2.47,31756198,78503571.7,0.761500
2024-06-13,2.47,2.5,2.46,2.47,30732689,76336065.08,0.736900
2024-06-14,2.48,2.54,2.46,2.53,52958463,132874455.01,1.269900
2024-06-17,2.58,2.78,2.55,2.78,241998280,657531886.9,5.802900
2024-06-18,2.77,2.82,2.69,2.81,246998443,677629317.58,5.922800
2024-06-19,2.79,2.84,2.72,2.76,182886588,507445965.51,4.385500
2024-06-20,2.77,2.95,2.76,2.82,214522321,614255932.23,5.144100
2024-06-21,2.8,2.87,2.77,2.85,124130964,351718689.05,2.976600
2024-06-24,2.81,2.84,2.72,2.73,144496424,400811096.01,3.464900
2024-06-25,2.74,2.76,2.64,2.67,113723200,306035273.92,2.727000
2024-06-26,2.69,2.8,2.68,2.78,95800455,262723573.56,2.297200
2024-06-27,2.76,2.81,2.72,2.73,78417758,216361671.42,1.880400
2024-06-28,2.7,3.0,2.68,3.0,278721014,819340751.24,6.683500
2024-07-01,2.97,3.0,2.87,2.91,208151273,607527530.96,4.991300
2024-07-02,2.92,2.93,2.87,2.89,100910172,292329935.79,2.419700
2024-07-03,2.88,2.91,2.85,2.86,82803745,237653597.06,1.985600
2024-07-04,2.86,2.95,2.85,2.9,139572561,406003420.85,3.346800
2024-07-05,2.89,2.92,2.81,2.88,100477138,288582651.3,2.409400
2024-07-08,2.98,3.16,2.94,3.04,250735775,764763798.32,6.012400
2024-07-09,3.02,3.23,3.0,3.15,234548666,727717780.48,5.624300
2024-07-10,3.13,3.4,3.11,3.37,249782146,816420580.72,5.989600
2024-07-11,3.35,3.71,3.31,3.64,357160357,1284102472.29,8.564400
2024-07-12,3.57,3.59,3.42,3.45,248840943,867487096.19,5.967000
2024-07-15,3.42,3.5,3.34,3.43,159437547,543576287.77,3.823200
2024-07-16,3.4,3.5,3.3,3.49,186712892,640717346.92,4.477200
2024-07-17,3.46,3.46,3.26,3.27,193793523,645111497.2,4.647000
2024-07-18,3.18,3.22,3.07,3.19,189396973,595759777.79,4.541600
2024-07-19,3.19,3.21,3.08,3.09,145992871,456451665.33,3.500800
2024-07-22,3.11,3.14,3.06,3.09,114567400,354938546.0,2.747200
2024-07-23,3.1,3.15,3.0,3.0,110328535,338199317.88,2.645600
2024-07-24,2.98,3.14,2.97,3.05,162091593,497302207.21,3.886800
2024-07-25,2.97,3.01,2.9,2.93,123726900,363843344.96,2.966900
2024-07-26,2.92,2.97,2.91,2.96,88172605,259825780.7,2.114300
2024-07-29,2.96,3.0,2.92,2.96,92252979,272933235.96,2.212100
2024-07-30,2.95,2.97,2.91,2.94,74662215,219265912.95,1.790300
2024-07-31,2.93,3.06,2.92,3.05,158780191,476310665.57,3.807400
2024-08-01,3.05,3.11,3.0,3.02,114821182,349865193.82,2.753300
2024-08-02,3.0,3.0,2.88,2.89,131355007,384945948.8,3.149800
2024-08-05,2.85,2.87,2.7,2.72,137774216,382952363.88,3.303700
2024-08-06,2.75,2.78,2.72,2.75,59372620,162616441.8,1.423700
2024-08-07,2.74,2.78,2.72,2.73,47828450,131719493.5,1.146900
2024-08-08,2.7,2.73,2.67,2.71,69886248,188569998.16,1.675800
2024-08-09,2.74,2.77,2.72,2.73,71670074,196582766.02,1.718600
2024-08-12,2.78,2.93,2.75,2.78,147640081,416599918.96,3.540300
2024-08-13,2.76,2.78,2.69,2.73,82623808,224580420.8,1.981200
2024-08-14,2.74,2.77,2.73,2.74,56630105,155473201.66,1.357900
2024-08-15,2.72,2.8,2.71,2.76,56874576,156948194.04,1.363800
2024-08-16,2.78,2.82,2.77,2.79,65791818,184203474.74,1.577600
2024-08-19,2.81,2.91,2.77,2.88,106185518,303823789.38,2.546200
2024-08-20,2.87,2.9,2.77,2.78,83272100,234922155.0,1.996800
2024-08-21,2.76,2.84,2.74,2.82,57372354,160897344.7,1.375700
2024-08-22,2.8,2.81,2.71,2.73,67291300,184008828.0,1.613600
2024-08-23,2.72,2.74,2.66,2.67,62809337,168856101.2,1.506100
2024-08-26,2.67,2.71,2.64,2.7,52789495,141812283.6,1.265800
2024-08-27,2.69,2.69,2.62,2.63,47699650,126245721.5,1.143800
2024-08-28,2.62,2.66,2.6,2.64,29457654,77531503.02,0.706400
2024-08-29,2.63,2.7,2.59,2.67,56661140,149640335.73,1.358700
2024-08-30,2.68,2.8,2.66,2.75,83311626,229702974.02,1.997700
2024-09-02,2.78,2.83,2.75,2.78,105323310,293872560.9,2.525600
2024-09-03,2.77,2.86,2.73,2.79,68202130,189605140.1,1.635400
2024-09-04,2.76,2.77,2.69,2.74,62666130,170658143.3,1.502700
2024-09-05,2.71,2.85,2.71,2.79,80438500,224631380.0,1.928800
2024-09-06,2.79,2.8,2.7,2.7,64533741,175787120.71,1.547500
2024-09-09,2.69,2.71,2.65,2.67,43900134,117078172.2,1.052700
2024-09-10,2.64,2.67,2.58,2.64,53945600,141286484.0,1.293600
2024-09-11,2.63,2.64,2.59,2.61,32684356,85365500.16,0.783700
2024-09-12,2.61,2.76,2.61,2.64,59559940,159263519.78,1.428200
2024-09-13,2.64,2.9,2.63,2.78,149103110,414383638.73,3.575400
2024-09-18,2.75,2.81,2.7,2.75,83685870,229567584.59,2.006700
2024-09-19,2.75,2.79,2.68,2.75,96094302,263065453.28,2.304300
2024-09-20,2.75,2.77,2.72,2.75,59706077,163803006.14,1.431700
2024-09-23,2.75,2.79,2.73,2.74,71516910,197145584.04,1.714900
2024-09-24,2.71,2.78,2.65,2.77,141994481,386994630.66,3.404900
2024-09-25,2.77,2.92,2.77,2.82,153968838,439443682.5,3.692000
2024-09-26,2.81,2.9,2.78,2.9,114836639,326803046.96,2.753700
2024-09-27,2.93,3.04,2.91,3.04,100863531,299400600.91,2.418600
2024-09-30,3.17,3.34,3.1,3.33,225310996,730402023.56,5.402800
2024-10-08,3.66,3.66,3.4,3.66,260682425,937794828.56,6.250900
2024-10-09,3.63,3.76,3.44,3.48,261200225,947624519.96,6.263400
2024-10-10,3.46,3.6,3.37,3.45,171568818,598848829.51,4.114100
2024-10-11,3.4,3.42,3.13,3.19,162501486,530430242.1,3.896600
2024-10-14,3.21,3.51,3.18,3.51,221485763,753000506.97,5.311000
2024-10-15,3.56,3.64,3.43,3.44,234620869,826272273.72,5.626000
2024-10-16,3.37,3.46,3.33,3.4,119362125,404436067.75,2.862200
2024-10-17,3.39,3.74,3.39,3.64,330224169,1202659634.94,7.918500
2024-10-18,3.59,3.97,3.55,3.9,335354740,1265178732.44,8.041500
2024-10-21,4.01,4.28,3.94,4.28,334950887,1378858758.02,8.031800
2024-10-22,4.4,4.42,4.03,4.05,292549680,1213464705.6,7.015100
2024-10-23,4.05,4.27,4.02,4.12,219694610,911621226.66,5.268100
2024-10-24,4.04,4.12,3.97,4.0,171954846,690971044.87,4.123300
2024-10-25,4.0,4.08,3.95,3.97,170581129,683109263.09,4.090400
2024-10-28,3.92,4.0,3.91,4.0,148432559,587606776.05,3.559300
2024-10-29,4.04,4.24,4.0,4.14,255186040,1056287137.86,6.119100
2024-10-30,4.14,4.24,3.98,4.09,226176192,927372864.89,5.423500
2024-10-31,4.08,4.25,3.96,4.16,241911248,996984633.56,5.800800
2024-11-01,4.13,4.27,3.85,3.87,244991589,984767603.32,5.874700
2024-11-04,3.83,3.99,3.8,3.94,115200175,451881960.37,2.762400
2024-11-05,3.97,4.1,3.94,4.1,156827352,634701137.3,3.760600
2024-11-06,4.13,4.17,4.03,4.06,145705020,597944695.72,3.493900
2024-11-07,4.09,4.19,3.99,4.17,168581239,689191401.89,4.042400
2024-11-08,4.2,4.37,4.12,4.15,188771168,798723189.89,4.526600
2024-11-11,4.15,4.3,4.12,4.29,185540526,782221350.25,4.449100
2024-11-12,4.3,4.3,4.07,4.13,169810194,706523368.7,4.071900
2024-11-13,4.1,4.12,4.0,4.08,98780770,401090183.43,2.368700
2024-11-14,4.09,4.09,3.93,3.95,95872087,383499845.01,2.298900
2024-11-15,3.92,3.99,3.8,3.81,107172701,418140096.85,2.569900
2024-11-18,3.82,3.85,3.64,3.67,117817340,436883181.06,2.825200
2024-11-19,3.68,3.76,3.65,3.76,81540638,302266643.37,1.955300
2024-11-20,3.76,3.8,3.72,3.77,83642668,314686993.0,2.005700
2024-11-21,3.77,3.77,3.7,3.76,64414488,240909607.97,1.544600
2024-11-22,3.77,3.82,3.6,3.6,89309594,332266872.58,2.141600
2024-11-25,3.59,3.65,3.49,3.59,82683770,293074056.8,1.982700
2024-11-26,3.64,3.87,3.63,3.74,147183270,552926302.05,3.529300
2024-11-27,3.73,3.85,3.63,3.83,148435374,557697134.23,3.559400
2024-11-28,3.96,4.21,3.96,4.21,230977901,965981027.56,5.538600
2024-11-29,4.08,4.63,4.03,4.63,529074264,2334837220.99,12.686700
2024-12-02,4.92,5.09,4.6,4.76,759650349,3686678741.16,18.215800
2024-12-03,4.74,4.89,4.46,4.51,497257874,2287389311.4,11.923800
2024-12-04,4.44,4.63,4.34,4.38,301612837,1338942807.41,7.232400
2024-12-05,4.4,4.6,4.36,4.52,285552045,1284067639.47,6.847300
2024-12-06,4.56,4.56,4.4,4.46,188291298,839438329.14,4.515100
2024-12-09,4.45,4.59,4.41,4.48,162329898,729318639.41,3.892500
2024-12-10,4.65,4.7,4.47,4.48,231273218,1054137568.99,5.545700
2024-12-11,4.58,4.77,4.55,4.63,273488420,1266629313.42,6.558000
2024-12-12,4.64,4.66,4.45,4.52,182790460,825094442.76,4.383200
2024-12-13,4.47,4.51,4.32,4.33,170465763,748876094.11,4.087600
2024-12-16,4.29,4.38,4.25,4.27,107556910,463539173.77,2.579100
2024-12-17,4.27,4.42,4.19,4.24,155202549,666879336.52,3.721600
2024-12-18,4.25,4.35,4.19,4.3,110110675,472578588.38,2.640400
2024-12-19,4.27,4.59,4.19,4.52,244418517,1080501334.24,5.860900
2024-12-20,4.47,4.6,4.41,4.49,179446707,805430649.95,4.303000
2024-12-23,4.5,4.52,4.22,4.22,132995940,576213233.48,3.189100
2024-12-24,4.24,4.34,4.19,4.27,95857544,408338727.29,2.298600
2024-12-25,4.28,4.47,4.11,4.36,166579669,716366943.4,3.994400
2024-12-26,4.32,4.8,4.31,4.8,270604241,1266469336.68,6.488900
2024-12-27,4.97,5.06,4.81,4.89,508544701,2504914558.96,12.194500
2024-12-30,4.81,4.98,4.65,4.82,273295854,1317578944.64,6.553400
2024-12-31,4.81,4.85,4.38,4.39,256682319,1165844534.45,6.155000
2025-01-02,4.38,4.44,4.16,4.21,180140842,773703423.28,4.319600
2025-01-03,4.24,4.26,3.97,3.98,166693881,677574714.64,3.997200
2025-01-06,3.98,4.11,3.93,4.04,154646704,624950427.96,3.708300
2025-01-07,4.04,4.44,4.01,4.44,298471367,1279374759.24,7.157100
2025-01-08,4.3,4.43,4.12,4.33,281792724,1200988109.99,6.757100
2025-01-09,4.76,4.76,4.75,4.76,139110252,662164534.52,3.335700
2025-01-10,5.24,5.24,4.93,5.24,748594093,3902938313.02,17.950600
2025-01-13,4.9,5.29,4.72,4.83,633737954,3138126323.74,15.196500
2025-01-14,4.75,5.31,4.63,5.31,783315227,4008751289.14,18.783200
2025-01-15,5.07,5.15,4.81,4.92,542979166,2696824302.94,13.020200
2025-01-16,4.91,5.41,4.85,5.41,804305303,4287413420.21,19.286500
2025-01-17,5.42,5.93,5.33,5.6,872216134,4864134179.51,20.915000
2025-01-20,5.6,5.81,5.37,5.45,618908729,3445079830.5,14.840900
2025-01-21,5.59,5.83,5.48,5.63,559325588,3144455514.75,13.412100
2025-01-22,5.53,6.16,5.43,5.93,622394420,3677492605.6,14.924500
2025-01-23,5.93,5.99,5.41,5.46,629575357,3606942444.76,15.096700
2025-01-24,5.35,5.5,5.15,5.32,433541483,2302634968.27,10.395900
2025-01-27,5.27,5.34,5.05,5.09,272019505,1399842882.41,6.522800
2025-02-05,5.19,5.19,4.94,5.09,237395978,1204623049.95,5.692500
2025-02-06,5.09,5.27,5.06,5.27,297102059,1542492332.09,7.124200
2025-02-07,5.25,5.41,5.17,5.25,328633547,1739541992.19,7.880300
2025-02-10,5.26,5.54,5.22,5.53,349859891,1881449755.57,8.389300
2025-02-11,5.5,5.51,5.32,5.41,228936532,1236159423.03,5.489700
2025-02-12,5.37,5.64,5.34,5.56,277571953,1536829919.12,6.655900
2025-02-13,5.55,5.56,5.31,5.31,252843922,1358897744.2,6.063000
2025-02-14,5.09,5.15,4.84,4.88,361535214,1787175631.83,8.669300
2025-02-17,4.95,5.2,4.95,5.13,277422805,1420912157.99,6.652400
2025-02-18,5.08,5.12,4.93,4.96,163994743,824227670.59,3.932500
2025-02-19,5.0,5.06,4.94,5.01,169949282,846849134.4,4.075200
2025-02-20,5.02,5.22,5.0,5.1,210091532,1075856930.15,5.037800
2025-02-21,5.08,5.2,5.01,5.19,235509426,1205714430.85,5.647300
2025-02-24,5.17,5.17,5.02,5.06,182730031,926929625.79,4.381700
2025-02-25,4.98,5.08,4.92,5.0,139715936,698444637.69,3.350300
2025-02-26,5.0,5.07,4.95,5.04,143999902,719757801.3,3.453000
2025-02-27,5.05,5.07,4.89,4.94,138800951,686816806.69,3.328300
2025-02-28,4.89,4.89,4.71,4.73,123144533,590936062.4,2.952900
2025-03-03,4.73,4.78,4.63,4.67,80577155,378932027.01,1.932200
2025-03-04,4.62,4.74,4.59,4.73,68459906,320965307.59,1.641600
2025-03-05,4.73,4.78,4.68,4.77,75330648,357124655.02,1.806400
2025-03-06,4.77,4.89,4.75,4.87,98076953,476005420.06,2.351800
2025-03-07,4.84,4.99,4.81,4.91,137273123,676286909.75,3.291700
2025-03-10,4.9,4.94,4.83,4.9,86466902,421652753.78,2.073400
2025-03-11,4.9,5.12,4.86,5.05,172625031,866684244.62,4.139400
2025-03-12,5.05,5.06,4.96,4.99,104276955,521245847.23,2.500500
2025-03-13,5.0,5.03,4.86,4.91,88886270,438152224.04,2.131400
2025-03-14,4.91,5.4,4.87,5.4,363281354,1925855736.54,8.711200
2025-03-17,5.42,5.53,5.35,5.44,451909637,2456542461.61,10.836400
2025-03-18,5.46,5.68,5.4,5.59,364499741,2014913382.32,8.740400
2025-03-19,5.5,5.5,5.27,5.3,262334256,1405746870.15,6.290500
2025-03-20,5.28,5.34,5.21,5.23,143912930,758210610.81,3.450900
2025-03-21,5.18,5.33,5.13,5.3,168225130,878112257.31,4.033900
2025-03-24,5.28,5.4,5.11,5.32,170588309,901143766.58,4.090600
2025-03-25,5.33,5.42,5.29,5.37,163574044,877086382.69,3.922400
2025-03-26,5.34,5.34,5.16,5.19,118665407,619213071.49,2.845500
2025-03-27,5.16,5.29,5.04,5.22,118088258,611436654.31,2.831700
2025-03-28,5.18,5.24,5.09,5.09,86987030,447365428.2,2.085900
2025-03-31,5.07,5.07,4.8,4.85,122699611,599835933.95,2.942200
2025-04-01,4.85,4.89,4.76,4.86,79099464,382657805.25,1.896700
2025-04-02,4.87,4.91,4.83,4.84,50104106,243697677.72,1.201500
2025-04-03,4.75,4.89,4.71,4.78,64459135,309984965.6,1.545700
2025-04-07,4.38,4.5,4.3,4.3,83618662,362461860.6,2.005100
2025-04-08,4.16,4.3,3.97,4.11,139346215,574748634.45,3.341400
2025-04-09,4.03,4.25,3.7,4.17,147911621,591689044.02,3.546800
2025-04-10,4.29,4.39,4.22,4.23,109478062,471186954.62,2.625200
2025-04-11,4.16,4.32,4.15,4.27,73441734,312857705.7,1.761100
2025-04-14,4.39,4.44,4.35,4.36,81860745,359422200.7,1.962900
2025-04-15,4.38,4.38,4.28,4.34,52830022,228756116.26,1.266800
2025-04-16,4.29,4.33,4.16,4.22,57158312,242114162.48,1.370600
2025-04-17,4.19,4.26,4.17,4.21,39556500,167322842.0,0.948500
2025-04-18,4.21,4.27,4.17,4.24,48569710,205105848.3,1.164700
2025-04-21,4.24,4.36,4.21,4.36,59875360,258182621.8,1.435800
2025-04-22,4.36,4.36,4.29,4.31,47117600,203381247.0,1.129800
2025-04-23,4.34,4.41,4.34,4.38,59131404,258470086.47,1.417900
2025-04-24,4.4,4.41,4.3,4.31,63790868,277204295.57,1.529600
2025-04-25,4.33,4.45,4.3,4.35,70531370,308842452.3,1.691300
2025-04-28,4.36,4.37,4.27,4.28,45145364,194127986.57,1.082500
2025-04-29,4.26,4.32,4.23,4.29,39279225,168517197.3,0.941900
2025-04-30,4.29,4.37,4.28,4.34,56870515,247113028.1,1.363700
2025-05-06,4.39,4.55,4.39,4.53,87799463,393210376.86,2.105400
2025-05-07,4.56,4.62,4.47,4.51,77061535,348563590.7,1.847900
2025-05-08,4.5,4.58,4.48,4.57,66431742,302420512.42,1.593000
2025-05-09,4.55,4.55,4.41,4.44,62103793,277238659.96,1.489200
2025-05-12,4.49,4.54,4.49,4.52,51050169,230391861.39,1.224100
2025-05-13,4.58,4.58,4.46,4.47,46075794,207524489.2,1.104900
2025-05-14,4.5,4.56,4.44,4.48,58392389,262062443.08,1.400200
2025-05-15,4.47,4.48,4.33,4.34,65676942,287410015.3,1.574900
2025-05-16,4.35,4.44,4.3,4.36,42134540,184124933.4,1.010300
2025-05-19,4.36,4.38,4.29,4.38,44059379,191029032.26,1.056500
2025-05-20,4.36,4.41,4.33,4.39,38917961,170340019.89,0.933200
2025-05-21,4.39,4.39,4.32,4.34,37805310,164201228.6,0.906500
2025-05-22,4.32,4.37,4.28,4.3,40358046,174185642.14,0.967800
2025-05-23,4.28,4.3,4.19,4.19,56072973,237955864.62,1.344600
2025-05-26,4.19,4.25,4.18,4.24,33844062,143145224.57,0.811600
2025-05-27,4.26,4.26,4.19,4.21,28024228,117827392.88,0.672000
2025-05-28,4.23,4.24,4.18,4.2,27581090,116012244.89,0.661400
2025-05-29,4.19,4.3,4.19,4.3,56976537,243473677.96,1.366200
2025-05-30,4.28,4.28,4.19,4.21,47153337,198855039.77,1.130700
2025-06-03,4.2,4.25,4.16,4.22,28375546,119814949.12,0.680400
2025-06-04,4.24,4.32,4.22,4.29,50123680,214971945.18,1.201900
2025-06-05,4.26,4.72,4.26,4.72,203121856,941089155.26,4.870700
2025-06-06,4.72,4.73,4.61,4.65,207321617,964966360.91,4.971400
2025-06-09,4.68,4.85,4.67,4.8,203366197,970299395.14,4.876500
2025-06-10,4.79,4.88,4.72,4.79,169060687,811037351.02,4.053900
2025-06-11,4.76,5.25,4.76,4.97,318829833,1603559900.46,7.645300
2025-06-12,4.85,5.01,4.85,4.9,174154753,858544250.79,4.176100
2025-06-13,4.87,4.91,4.66,4.7,160122124,760838171.23,3.839600
2025-06-16,4.7,4.83,4.68,4.75,92031337,438768137.12,2.206800
2025-06-17,4.75,4.78,4.61,4.65,80566276,376320812.62,1.931900
2025-06-18,4.65,4.86,4.6,4.83,205128176,981030010.8,4.918800
2025-06-19,4.79,4.98,4.75,4.78,171594143,830967858.9,4.114700
2025-06-20,4.77,4.81,4.63,4.65,105195217,492589224.89,2.522500
2025-06-23,4.6,4.75,4.57,4.7,93472287,438097304.71,2.241400
2025-06-24,4.72,4.81,4.7,4.78,94571400,450494150.0,2.267700
2025-06-25,4.8,4.85,4.73,4.81,112478670,537772230.86,2.697100
2025-06-26,4.86,5.05,4.83,4.94,245929320,1217211010.37,5.897200
2025-06-27,4.94,5.42,4.85,5.27,402965748,2099678135.36,9.662800
2025-06-30,5.25,5.43,5.25,5.34,244126120,1301022760.04,5.853900
2025-07-01,5.31,5.38,5.24,5.3,170211113,902272544.67,4.081500
2025-07-02,5.26,5.28,5.05,5.08,156586138,800742265.71,3.754800
2025-07-03,5.08,5.59,5.08,5.59,425001447,2308477088.24,10.191200
2025-07-04,5.6,5.74,5.52,5.6,452914533,2543630016.89,10.860500
2025-07-07,5.5,5.79,5.49,5.58,246307810,1382959568.05,5.906200
2025-07-08,5.55,5.95,5.53,5.78,366516590,2113738016.54,8.788700
2025-07-09,5.75,5.82,5.65,5.69,227424696,1298417813.17,5.453400
2025-07-10,5.67,5.76,5.51,5.58,200517132,1118496137.8,4.808200
2025-07-11,5.57,5.58,5.39,5.5,183946211,1006755018.31,4.410900
2025-07-14,5.51,5.55,5.42,5.44,123842657,676320875.44,2.969600
2025-07-15,5.45,5.6,5.4,5.47,232214338,1276102313.11,5.568300
2025-07-16,5.29,5.47,5.29,5.36,194535040,1046714788.34,4.664800
2025-07-17,5.33,5.57,5.3,5.48,219058497,1199564539.43,5.252800
2025-07-18,5.47,5.65,5.45,5.5,202053160,1118547431.41,4.845100
2025-07-21,5.52,5.66,5.43,5.48,138426825,762359904.75,3.319400
2025-07-22,5.45,5.55,5.35,5.37,173587073,942809637.0,4.162500
2025-07-23,5.34,5.35,5.21,5.29,112503760,594820519.52,2.697700
2025-07-24,5.31,5.5,5.31,5.46,193955545,1053249895.45,4.650900
2025-07-25,5.46,5.56,5.38,5.5,153513328,839842413.9,3.681100
2025-07-28,5.53,6.05,5.45,6.05,454949308,2674699005.8,10.909300
2025-07-29,5.98,6.19,5.95,6.12,426665458,2590087848.81,10.231100
2025-07-30,6.11,6.21,5.95,6.04,248062000,1506169827.02,5.948300
2025-07-31,6.09,6.37,6.05,6.1,406819013,2530478244.9,9.755200
2025-08-01,6.01,6.21,5.9,6.03,228032746,1383343077.0,5.468000
2025-08-04,5.93,6.03,5.86,5.97,154810067,918455006.88,3.712200
2025-08-05,6.01,6.07,5.83,5.93,163427096,967521203.75,3.918800
2025-08-06,5.91,6.01,5.85,5.87,137135619,809340125.03,3.288400
2025-08-07,5.86,5.95,5.72,5.86,166353559,971687156.66,3.989000
2025-08-08,5.85,5.92,5.77,5.86,119363018,699145437.35,2.862200
2025-08-11,5.87,5.96,5.85,5.92,165021405,975922740.16,3.957100
2025-08-12,5.95,6.09,5.87,6.02,229644251,1370400030.44,5.506700
2025-08-13,6.04,6.57,5.95,6.45,443567591,2788508564.06,10.636400
2025-08-14,6.42,6.43,6.12,6.14,286388379,1778779197.76,6.867300
2025-08-15,6.14,6.75,6.14,6.75,382977286,2502050614.55,9.183500
2025-08-18,7.09,7.43,7.07,7.43,414090500,3030781366.51,9.929500
2025-08-19,7.49,7.73,7.22,7.63,528487579,3968225301.04,12.672700
2025-08-20,7.37,8.0,7.21,7.58,451007753,3428797719.47,10.814800
2025-08-21,7.49,7.65,7.12,7.17,397813977,2896064146.6,9.539200
2025-08-22,7.19,7.89,7.19,7.89,267952838,2065373589.39,6.425300
2025-08-25,8.21,8.3,7.89,8.04,530613897,4260402518.58,12.723700
2025-08-26,7.98,8.44,7.91,7.91,383917621,3099506316.27,9.206000
2025-08-27,7.92,8.7,7.92,8.7,643588383,5467144278.82,15.432700
2025-08-28,8.53,9.23,8.48,9.01,715748971,6351850669.76,17.163000
2025-08-29,8.9,8.9,8.33,8.68,420845061,3617374110.59,10.091500
2025-09-01,8.71,9.5,8.55,9.19,507217947,4593998521.67,12.162600
2025-09-02,9.09,9.58,8.58,8.81,447927748,4013918494.73,10.740900
2025-09-03,8.7,9.26,8.41,9.12,421052853,3720404992.08,10.096500
2025-09-04,9.38,9.66,8.58,8.76,529844927,4862820144.65,12.705200
2025-09-05,8.59,9.64,8.59,9.64,584919562,5431559477.17,14.025900
2025-09-08,9.45,9.61,9.02,9.28,514904197,4780685597.39,12.347000
2025-09-09,9.16,9.26,8.5,8.56,384753516,3391566131.03,9.226100
2025-09-10,8.65,9.42,8.55,9.34,549765560,4992557794.62,13.182900
2025-09-11,9.38,10.27,9.37,10.27,368855125,3703418124.39,8.844800
2025-09-12,10.66,11.3,10.45,11.3,339306579,3761556130.37,8.136300
2025-09-15,11.55,12.38,11.38,11.93,610755800,7268550039.34,14.645400
2025-09-16,11.91,12.29,11.6,12.01,458113014,5464218704.67,10.985200
2025-09-17,11.83,12.55,11.7,11.84,376581295,4531752784.71,9.030100
2025-09-18,11.92,12.3,11.5,11.68,448627247,5335573112.59,10.757700
2025-09-19,11.83,11.98,11.29,11.29,298265029,3430749045.0,7.152100
2025-09-22,11.5,11.6,11.17,11.37,203022049,2316184549.83,4.868300
2025-09-23,11.7,11.93,10.62,10.92,339951040,3751894575.22,8.151700
2025-09-24,10.78,10.82,10.37,10.75,211909421,2248610386.82,5.081400
2025-09-25,10.76,10.84,10.41,10.74,225490585,2412572894.5,5.407100
2025-09-26,10.8,10.82,10.1,10.1,234538526,2437508658.62,5.624000
2025-09-29,10.09,10.53,10.08,10.43,186669180,1940078893.4,4.476200
2025-09-30,10.53,11.47,10.21,11.36,515053949,5631535036.41,12.350500
2025-10-09,11.0,11.25,10.78,10.98,343051450,3784595301.5,8.226100
2025-10-10,10.8,10.82,10.16,10.33,235362039,2451151798.96,5.643800
2025-10-13,9.48,10.29,9.48,10.17,170843513,1724490513.4,4.096700
2025-10-14,10.36,10.45,9.63,9.69,203672271,2032739065.7,4.883900
2025-10-15,9.68,10.1,9.54,10.08,172805712,1711857310.33,4.143700
2025-10-16,10.06,10.12,9.88,9.95,104057701,1037988991.74,2.495200
2025-10-17,9.94,10.02,9.52,9.57,115037412,1109786774.36,2.758500
2025-10-20,9.81,10.09,9.64,9.75,137272134,1353795415.64,3.291700
2025-10-21,9.84,10.3,9.63,10.23,216693160,2180419567.21,5.196100
2025-10-22,10.05,10.85,9.99,10.72,285230309,3016184224.29,6.839600
2025-10-23,10.59,10.99,10.42,10.65,210442910,2245532899.49,5.046200
2025-10-24,10.9,11.72,10.53,11.72,452889407,5132661085.9,10.859900
2025-10-27,12.46,12.55,11.65,11.99,570333690,6870890625.86,13.676100
2025-10-28,11.82,13.19,11.75,13.19,517662356,6511091224.28,12.413100
2025-10-29,13.4,13.8,12.7,13.52,492843650,6560516795.96,11.818000
2025-10-30,13.4,13.93,12.72,12.91,397049004,5223577653.86,9.520900
2025-10-31,12.8,12.87,12.27,12.33,289722743,3620694241.89,6.947300
2025-11-03,12.24,12.31,11.9,12.18,210212154,2548569986.98,5.040700
2025-11-04,12.33,12.33,11.82,11.9,182901631,2192329027.38,4.385800
2025-11-05,11.57,11.89,11.49,11.82,142392595,1671743750.6,3.414500
2025-11-06,11.88,12.23,11.81,12.09,245403459,2955362377.05,5.884600
2025-11-07,11.9,12.03,11.7,11.86,143894670,1705974352.4,3.450500
2025-11-10,11.86,12.03,11.51,11.9,166000823,1951588685.31,3.980600
2025-11-11,11.99,12.0,11.38,11.45,168465905,1951099535.56,4.039700
2025-11-12,11.31,11.44,11.01,11.19,136197708,1526887596.92,3.265900
2025-11-13,11.19,11.31,11.06,11.22,115312118,1291648887.4,2.765100
2025-11-14,11.04,11.07,10.8,10.81,113315374,1237838716.61,2.717200
2025-11-17,10.81,11.04,10.72,10.84,99887454,1085029030.95,2.395200
2025-11-18,10.8,11.1,10.71,10.89,134268335,1468447710.83,3.219600
2025-11-19,10.89,11.65,10.81,11.56,283490144,3193613901.34,6.797800
2025-11-20,12.0,12.72,11.99,12.3,484769777,6016296806.76,11.624400
2025-11-21,11.52,12.26,11.5,11.75,301273212,3570550839.5,7.224300
2025-11-24,11.76,12.19,10.91,11.35,290863168,3344430964.06,6.974600
2025-11-25,11.42,12.4,11.4,11.83,316422097,3786560666.01,7.587500
2025-11-26,11.48,12.08,11.14,11.62,279943972,3259718790.65,6.712800
2025-11-27,11.5,12.17,11.31,11.58,249154875,2955706308.13,5.974500
2025-11-28,11.51,12.29,11.43,11.99,298993406,3564429167.79,7.169600
2025-12-01,12.0,12.4,11.7,12.35,316461651,3818175812.12,7.588500
2025-12-02,12.29,12.29,11.91,11.96,187230991,2246226024.19,4.489600
2025-12-03,11.95,12.07,11.54,11.55,148126302,1736953996.51,3.551900
2025-12-04,11.44,11.69,11.17,11.59,126716103,1445772920.2,3.038500
2025-12-05,11.58,11.64,11.26,11.53,106810956,1225873352.38,2.561200
2025-12-08,11.47,12.04,11.42,11.9,183873442,2174462279.27,4.409100
2025-12-09,11.9,12.62,11.83,12.29,320162055,3926282888.36,7.677200
2025-12-10,12.13,12.3,11.75,12.04,199276617,2386655198.71,4.778500
2025-12-11,12.13,13.14,11.75,12.52,396116372,4960567610.54,9.498500
2025-12-12,12.28,12.49,11.81,12.45,326228935,3971642016.18,7.822700
2025-12-15,12.1,12.26,11.9,11.9,167733094,2011828994.22,4.022100
2025-12-16,11.79,12.18,11.68,11.72,134593510,1600670820.94,3.227400
2025-12-17,11.7,12.19,11.51,12.09,193481965,2303242964.27,4.639500
2025-12-18,11.81,11.98,11.72,11.73,127921256,1512654328.26,3.067400
2025-12-19,11.86,11.97,11.73,11.8,94451137,1117825871.39,2.264900
2025-12-22,11.85,12.22,11.85,12.03,174037027,2101993521.13,4.173300
2025-12-23,11.93,12.39,11.92,12.19,203142028,2464374284.54,4.871200
2025-12-24,12.23,12.66,12.12,12.47,256731631,3188911289.8,6.156200
2025-12-25,12.45,12.47,12.21,12.28,141303514,1738691533.68,3.388300
2025-12-26,12.22,12.44,12.1,12.22,138204503,1695733295.74,3.314000
2025-12-29,12.22,12.46,12.0,12.01,186284462,2264147660.89,4.466900
2025-12-30,11.92,12.6,11.89,12.05,182289974,2223734188.0,4.371200
2025-12-31,12.0,12.05,11.61,11.72,178725209,2106343423.94,4.285700
2026-01-05,11.81,12.34,11.81,12.29,266709106,3247507044.73,6.395500
2026-01-06,12.3,12.69,12.25,12.6,290643447,3632231852.85,6.969400
2026-01-07,12.6,13.86,12.47,13.33,470052938,6314492853.33,11.271500
2026-01-08,13.32,13.45,12.89,12.99,266385570,3511488248.86,6.387700
2026-01-09,13.0,13.17,12.63,13.02,196140606,2540174984.86,4.703300
2026-01-12,13.15,13.16,12.56,12.77,225224503,2870423921.33,5.400700
2026-01-13,12.72,12.77,12.08,12.15,201136711,2486167746.07,4.823100
2026-01-14,12.24,12.5,12.15,12.24,164391941,2026236406.91,3.942000
2026-01-15,12.2,12.58,12.11,12.56,177597962,2193758031.49,4.258600
2026-01-16,12.7,12.75,12.31,12.48,161459906,2015689484.23,3.871700
2026-01-19,12.24,12.65,12.11,12.55,166411511,2071151772.1,3.990400
2026-01-20,12.46,12.5,12.13,12.29,140808993,1723993256.69,3.376500
2026-01-21,12.17,12.44,12.15,12.34,109580970,1353126752.34,2.627700
2026-01-22,12.45,12.8,12.35,12.52,142449750,1783207368.25,3.415800
2026-01-23,12.9,12.98,12.45,12.5,171854679,2158614379.0,4.120900
2026-01-26,12.32,12.48,12.15,12.19,120405358,1474555329.38,2.887200
2026-01-27,12.15,12.24,11.53,11.87,172274955,2040530792.78,4.131000
2026-01-28,11.88,11.94,11.62,11.67,120734884,1416137668.19,2.895100
2026-01-29,11.55,11.7,11.16,11.16,152635203,1740185672.4,3.660100
2026-01-30,11.11,11.42,10.91,11.29,115754145,1296011710.73,2.775700
2026-02-02,11.33,11.42,11.0,11.02,93681875,1052771935.44,2.246400
2026-02-03,11.18,11.22,10.96,11.2,87419705,971801240.98,2.096200
2026-02-04,11.12,11.15,10.87,10.99,97314018,1068517952.19,2.333500
2026-02-05,10.85,10.94,10.57,10.71,114008987,1220446505.85,2.733800
2026-02-06,10.64,11.43,10.5,11.07,167424957,1845796984.86,4.014700
2026-02-09,11.2,11.25,11.01,11.1,95853338,1063859333.29,2.298500
2026-02-10,11.12,11.2,11.06,11.13,66289855,738749308.7,1.589600
2026-02-11,11.11,11.22,11.01,11.02,60109880,667040487.4,1.441400
2026-02-12,11.06,11.19,11.0,11.17,70521175,782612411.45,1.691000
2026-02-13,11.11,11.24,11.07,11.08,74867737,834649218.93,1.795300
2026-02-24,11.2,11.76,11.18,11.53,139632964,1609202647.59,3.348300
2026-02-25,11.55,11.7,11.49,11.66,109069474,1265970856.9,2.615400
2026-02-26,11.68,12.1,11.52,11.93,171410151,2031377598.81,4.110300
2026-02-27,11.33,11.35,10.95,11.35,243671603,2708301971.02,5.843000
2026-03-02,11.08,11.19,10.96,11.08,115795751,1281071516.02,2.776700
2026-03-03,11.07,11.15,10.5,10.51,116441846,1256111744.89,2.792200
2026-03-04,10.36,10.76,10.3,10.53,71644695,757024283.95,1.718000
2026-03-05,10.72,11.09,10.71,10.89,112927328,1236439021.79,2.707900
2026-03-06,10.82,10.95,10.63,10.7,69850131,749417263.43,1.674900
2026-03-09,10.53,10.55,10.18,10.51,94961112,982057413.02,2.277100
2026-03-10,10.65,10.88,10.63,10.86,85062054,920115569.73,2.039700
2026-03-11,10.86,10.99,10.68,10.72,64674701,698694329.55,1.550800
2026-03-12,10.68,10.87,10.44,10.52,69170751,732751526.73,1.658700
2026-03-13,10.44,10.65,10.4,10.52,65996556,694174004.76,1.582500
2026-03-16,10.53,10.8,10.4,10.73,79143588,836160321.14,1.897800
2026-03-17,10.78,10.96,10.37,10.4,89942912,952818948.56,2.156800
2026-03-18,10.42,10.56,10.24,10.52,74269281,773485206.97,1.780900
2026-03-19,10.38,10.44,10.09,10.15,74138599,758545483.34,1.777800
2026-03-20,10.17,10.35,9.89,10.0,79290235,802493429.67,1.901300
2026-03-23,9.73,9.81,9.26,9.35,107503992,1024116489.9,2.577900
2026-03-24,9.53,9.83,9.37,9.8,101536448,973330188.53,2.434800
2026-03-25,9.9,10.12,9.86,10.05,74582275,747995758.86,1.788400
2026-03-26,10.02,10.15,9.9,9.93,61301025,614369477.0,1.469900
2026-03-27,9.76,9.99,9.68,9.89,45600465,450131602.83,1.093500
2026-03-30,9.7,10.02,9.68,10.0,52143930,516415735.01,1.250400
2026-03-31,9.91,10.28,9.88,9.88,65025209,653226723.42,1.559200
2026-04-01,10.08,10.2,9.95,10.06,54772968,550886015.95,1.313400
2026-04-02,10.0,10.05,9.66,9.7,55418907,544158878.19,1.328900
2026-04-03,9.8,9.83,9.61,9.63,35655742,345150975.38,0.855000
2026-04-07,9.63,9.87,9.63,9.78,42915947,419938892.11,1.029100
2026-04-08,9.98,10.38,9.98,10.38,104188514,1063250153.98,2.498300
2026-04-09,10.3,10.4,10.1,10.16,96822158,991938997.86,2.321700
2026-04-10,10.26,10.28,10.09,10.11,71476812,727732913.17,1.714000
2026-04-13,10.0,10.65,9.97,10.49,136408549,1415056303.11,3.271000
2026-04-14,10.48,10.78,10.38,10.76,135610886,1443323443.95,3.251800
2026-04-15,10.8,10.81,10.31,10.36,106421251,1120342882.92,2.551900
2026-04-16,10.4,10.49,10.28,10.46,86245744,894890457.42,2.068100
2026-04-17,10.43,10.88,10.28,10.68,133495719,1421270214.32,3.201100
2026-04-20,11.08,11.75,11.08,11.75,199686943,2328033828.13,4.788300
2026-04-21,11.64,11.64,11.28,11.46,267886136,3053335905.18,6.423700
2026-04-22,11.4,11.85,11.36,11.82,225845421,2636837808.33,5.415600
2026-04-23,11.8,11.91,11.51,11.67,179346446,2095375269.88,4.300600
2026-04-24,11.65,11.73,11.28,11.52,135101363,1548606873.32,3.239600
2026-04-27,11.6,12.08,11.45,11.95,250696357,2976912548.89,6.011500
2026-04-28,12.2,12.31,11.29,11.6,260015886,3012294609.48,6.235000
2026-04-29,11.36,12.1,11.36,11.81,237016905,2800361163.02,5.683500
2026-04-30,11.85,12.07,11.61,11.67,147500212,1731029656.63,3.536900
2026-05-06,11.88,11.99,11.74,11.86,199996188,2375073844.19,4.795700
2026-05-07,11.91,12.16,11.76,12.06,211340295,2541951803.98,5.067800
2026-05-08,11.88,12.25,11.75,12.12,203495195,2450267660.39,4.879600
2026-05-11,12.42,13.33,12.4,13.33,410277848,5376294493.62,9.838100
2026-05-12,13.85,14.66,13.85,14.31,724767535,10404976731.23,17.379300
2026-05-13,14.18,14.66,13.66,14.2,496269373,7015902451.85,11.900100
2026-05-14,14.21,14.34,13.19,13.2,330793422,4501334773.38,7.932100
2026-05-15,13.28,13.55,12.33,12.5,256931556,3278538576.03,6.161000
2026-05-18,12.34,12.99,12.19,12.7,214491156,2708374977.45,5.143300
