date,open,high,low,close,volume,amount,turnover
2020-05-19,5.11647748,6.14172583,5.11647748,6.14172583,3419768,21432956.0000,0.575100
2020-05-20,6.75687484,6.75687484,6.75687484,6.75687484,1169745,8094635.0000,0.196700
2020-05-21,7.43060947,7.43060947,7.43060947,7.43060947,1285524,9782838.0000,0.216200
2020-05-22,8.17269399,8.17269399,8.17269399,8.17269399,17496150,146442776.0000,2.942500
2020-05-25,8.0067014,8.79760727,7.35249531,8.5925576,361298608,2893414778.0000,60.764000
2020-05-26,8.1043441,9.24676369,7.87976589,8.6902003,291455552,2562939148.0000,49.017700
2020-05-27,8.5925576,9.55922033,8.52420771,9.55922033,194258075,1836445605.0000,32.670800
2020-05-28,9.87167697,10.31106912,9.28582077,9.8619127,342485968,3443244007.0000,57.600100
2020-05-29,9.69592011,10.20366215,9.43228482,9.6666273,235088038,2365916617.0000,39.537600
2020-06-01,9.38346347,9.6666273,8.787843,9.30534931,208326567,1968042088.0000,35.036800
2020-06-02,9.21747088,9.84238416,9.20770661,9.42252055,177630869,1728854504.0000,29.874400
2020-06-03,9.23699942,9.34440639,8.9831284,9.06124256,147887206,1378042040.0000,24.872000
2020-06-04,9.12959245,9.1784138,8.47538636,8.52420771,155375557,1386042938.0000,26.131400
2020-06-05,8.3972722,8.44609355,8.06528702,8.14340118,122981911,1031527341.0000,20.683400
2020-06-08,8.07505129,8.35821512,7.95788005,8.25080815,94210249,786743939.0000,15.844500
2020-06-09,8.18245826,8.5925576,8.12387264,8.46562209,99398072,859405068.0000,16.717000
2020-06-10,8.3972722,8.3972722,8.05552275,8.1043441,76343306,637732577.0000,12.839600
2020-06-11,8.08481556,8.26057242,7.95788005,8.15316545,56975898,473053488.0000,9.582300
2020-06-12,7.94811578,8.15316545,7.811416,8.05552275,53946502,442661934.0000,9.072800
2020-06-15,7.95788005,8.15316545,7.82118027,7.88953016,67827859,553067335.0000,11.407400
2020-06-16,7.92858724,7.95788005,7.77235892,7.84070881,63441083,508976947.0000,10.669700
2020-06-17,7.86023735,7.9090587,7.75283038,7.811416,44255786,354902339.0000,7.443000
2020-06-18,7.80165173,7.80165173,7.49895936,7.55754498,74930923,582923611.0000,12.602100
2020-06-19,7.53801644,7.62589487,7.46966655,7.52825217,39997826,308763443.0000,6.726900
2020-06-22,7.54778071,7.57707352,7.44037374,7.46966655,41241819,316053775.0000,6.936100
2020-06-23,7.45013801,7.53801644,7.4208452,7.47943082,34529022,264660810.0000,5.807200
2020-06-24,7.49895936,7.53801644,7.38178812,7.38178812,35083645,267183545.0000,5.900400
2020-06-29,7.38178812,7.87000162,7.34273104,7.75283038,87035953,685643102.0000,14.637900
2020-06-30,7.67471622,7.75283038,7.55754498,7.67471622,52740763,412508349.0000,8.870100
2020-07-01,7.63565914,7.68448049,7.47943082,7.5184879,48547467,375690407.0000,8.164800
2020-07-02,7.5184879,7.57707352,7.45990228,7.56730925,44713368,344344015.0000,7.520000
2020-07-03,7.56730925,7.85047308,7.48919509,7.73330184,69125799,542532920.0000,11.625700
2020-07-06,7.80165173,8.13363691,7.75283038,8.12387264,112980840,923376110.0000,19.001400
2020-07-07,8.31915804,8.58279333,8.02622994,8.03599421,118423778,999821822.0000,19.916800
2020-07-08,8.01646567,8.15316545,7.93835151,8.11410837,75779880,625318510.0000,12.744800
2020-07-09,8.16292972,8.77807873,8.05552275,8.66090749,146751405,1258187037.0000,24.681000
2020-07-10,8.67067176,8.94407132,8.44609355,8.76831446,129884740,1160774441.0000,21.844300
2020-07-13,8.71949311,8.86595716,8.5925576,8.787843,103583660,926106993.0000,17.420900
2020-07-14,8.79760727,8.83666435,8.2019868,8.35821512,95816098,832991268.0000,16.114600
2020-07-15,8.38750793,8.42656501,8.0067014,8.04575848,59536636,499378256.0000,10.013000
2020-07-16,8.05552275,8.16292972,7.48919509,7.54778071,56433420,454461588.0000,9.491100
2020-07-17,7.56730925,7.64542341,7.44037374,7.6161306,37078990,287920282.0000,6.236000
2020-07-20,7.63565914,7.84070881,7.62589487,7.84070881,34132046,270875853.0000,5.740400
2020-07-21,7.84070881,7.87976589,7.72353757,7.78212319,29061883,231703108.8800,4.887700
2020-07-22,7.82118027,7.86023735,7.73330184,7.76259465,29782500,237909339.3100,5.008900
2020-07-23,7.73330184,7.73330184,7.47943082,7.6161306,33769047,262228908.7500,5.679400
2020-07-24,7.59660206,7.59660206,7.21579553,7.24508834,41205455,313063260.2100,6.930000
2020-07-27,7.31343823,7.35249531,7.04003867,7.06933148,28568802,209082252.1900,4.804800
2020-07-28,7.17673845,7.4208452,7.13768137,7.30367396,28594768,213735797.7700,4.809100
2020-07-29,7.30367396,7.41108093,7.20603126,7.40131666,29922499,224433951.7800,5.032400
2020-07-30,7.41108093,7.75283038,7.31343823,7.67471622,48691743,375515318.0100,8.189100
2020-07-31,7.69424476,7.74306611,7.54778071,7.68448049,41881792,328525529.0400,7.043800
2020-08-03,7.80165173,7.80165173,7.63565914,7.7137733,37484252,295723608.0800,6.304200
2020-08-04,7.72353757,7.73330184,7.52825217,7.54778071,33852574,263334857.0800,5.693400
2020-08-05,7.54778071,7.54778071,7.36225958,7.48919509,26227033,199984618.4700,4.410900
2020-08-06,7.45990228,7.67471622,7.44037374,7.59660206,30868659,239410420.9000,5.191600
2020-08-07,7.52825217,7.53801644,7.28414542,7.35249531,30891255,233594580.8600,5.195400
2020-08-10,7.26461688,7.40131666,7.23532407,7.37202385,17801699,133721334.4900,2.993900
2020-08-11,7.36225958,7.44037374,7.23532407,7.27438115,18849519,141846952.4400,3.170200
2020-08-12,7.23532407,7.27438115,7.08886002,7.18650272,22202388,162722373.4700,3.734000
2020-08-13,7.19626699,7.33296677,7.16697418,7.20603126,25717897,190493775.3100,4.325300
2020-08-14,7.20603126,7.20603126,7.10838856,7.18650272,15911854,116575979.6100,2.676100
2020-08-17,7.19626699,7.4208452,7.16697418,7.37202385,26813366,200100860.9200,4.509500
2020-08-18,7.33296677,7.37202385,7.28414542,7.33296677,19457812,145966716.6400,3.272500
2020-08-19,7.33296677,7.57707352,7.23532407,7.4208452,39605792,301762854.6600,6.661000
2020-08-20,7.36225958,7.36225958,7.23532407,7.25485261,19319136,144338692.3500,3.249100
2020-08-21,7.27438115,7.33296677,7.20603126,7.25485261,13484865,100281403.1300,2.267900
2020-08-24,7.29390969,7.29390969,7.19626699,7.23532407,10698679,79154099.0200,1.799300
2020-08-25,7.21579553,7.26461688,7.17673845,7.19626699,13763030,101624916.1000,2.314700
2020-08-26,7.19626699,7.23532407,7.08886002,7.09862429,15676417,114859375.4200,2.636500
2020-08-27,7.09862429,7.14744564,7.04003867,7.11815283,12700201,92261626.6100,2.135900
2020-08-28,7.08874026,7.08874026,6.94167096,7.02010792,21547171,153695805.0700,3.623900
2020-08-31,7.0103033,7.04952178,6.97108482,6.98088944,13882826,99282297.2000,2.334800
2020-09-01,7.00049868,7.00049868,6.93186634,6.95147558,12578980,89202769.4000,2.115600
2020-09-02,6.9612802,7.00049868,6.93186634,6.9612802,11810826,83891287.0800,1.986400
2020-09-03,6.9612802,6.99069406,6.84362476,6.87303862,16559715,116863507.1500,2.785100
2020-09-04,6.78479704,6.82401552,6.69655546,6.80440628,15583313,107211782.4700,2.620800
2020-09-07,6.77499242,6.88284324,6.75538318,6.7651878,12327300,85652202.0000,2.073200
2020-09-08,6.80440628,6.80440628,6.6671416,6.70636008,14575169,99691470.1000,2.451300
2020-09-09,6.62792312,6.64753236,6.43183072,6.45143996,25843049,171988633.9200,4.346300
2020-09-10,6.50046306,6.5200723,6.11808288,6.14749674,21255200,136088254.5100,3.574700
2020-09-11,6.13769212,6.45143996,5.95140434,6.373003,25014471,157258369.4800,4.207000
2020-09-14,6.34358914,6.41222148,6.28476142,6.30437066,13616839,88101803.4900,2.290100
2020-09-15,6.31417528,6.6181185,6.29456604,6.5200723,25834416,171288275.1700,4.344900
2020-09-16,6.49065844,6.5690954,6.35339376,6.46124458,16119666,106116036.6200,2.711000
2020-09-17,6.46124458,6.5690954,6.38280762,6.50046306,14534552,96171998.0000,2.444500
2020-09-18,6.50046306,6.53968154,6.45143996,6.5200723,11711245,77661956.8000,1.969600
2020-09-21,6.53968154,6.53968154,6.41222148,6.4220261,10084962,66482648.7500,1.696100
2020-09-22,6.35339376,6.373003,6.21612908,6.23573832,11226212,72179481.9300,1.888100
2020-09-23,6.28476142,6.863234,6.28476142,6.863234,38054296,263091328.0700,6.400100
2020-09-24,7.1083495,7.2063957,6.78479704,6.85342938,84753708,606492748.8800,14.254100
2020-09-25,6.77499242,6.87303862,6.48085382,6.53968154,39981343,270974618.3200,6.724200
2020-09-28,6.55929078,6.79460166,6.38280762,6.52987692,28311413,190277135.7800,4.761500
2020-09-29,6.53968154,6.59850926,6.41222148,6.41222148,17838353,117667821.2100,3.000100
2020-09-30,6.41222148,6.55929078,6.39261224,6.4220261,14761600,97233933.0000,2.482600
2020-10-09,7.06913102,7.06913102,7.06913102,7.06913102,23115787,166664824.2700,3.887700
2020-10-12,7.2554188,7.2554188,6.94167096,7.08874026,72279765,522783949.6400,12.156200
2020-10-13,7.02010792,7.06913102,6.9122571,7.02991254,33700964,240613912.8200,5.667900
2020-10-14,7.02010792,7.23580956,7.0103033,7.13776336,44451630,323719139.1900,7.476000
2020-10-15,7.1573726,7.17698184,6.93186634,6.93186634,29331600,209714286.9600,4.933100
2020-10-16,6.95147558,7.0103033,6.87303862,6.9612802,14595000,103417149.0000,2.454600
2020-10-19,6.99069406,7.02991254,6.8142109,6.83382014,17600800,123991002.0000,2.960100
2020-10-20,6.863234,6.89264786,6.78479704,6.89264786,11088161,77481015.7800,1.864800
2020-10-21,7.00049868,7.03971716,6.87303862,6.88284324,15841291,112127852.8200,2.664200
2020-10-22,6.80440628,6.80440628,6.65733698,6.65733698,19308310,131889313.0000,3.247300
2020-10-23,6.65733698,6.70636008,6.54948616,6.55929078,13348604,90032031.2100,2.245000
2020-10-26,6.55929078,6.64753236,6.46124458,6.58870464,9796229,65648335.5600,1.647600
2020-10-27,6.52987692,6.57890002,6.4710492,6.54948616,8584628,57119732.7600,1.443800
2020-10-28,6.54948616,6.54948616,6.4220261,6.48085382,8360049,55257595.8900,1.406000
2020-10-29,6.39261224,6.45143996,6.24554294,6.4220261,9662305,63005030.6500,1.625000
2020-10-30,6.45143996,6.58870464,6.34358914,6.34358914,13091489,86365120.8200,2.201800
2020-11-02,6.35339376,6.36319838,6.20632446,6.23573832,10737800,68616720.1600,1.805900
2020-11-03,6.26515218,6.35339376,6.26515218,6.33378452,9747327,62752757.8000,1.639300
2020-11-04,6.373003,6.7161647,6.33378452,6.55929078,27180605,182795508.7600,4.571300
2020-11-05,6.58870464,6.68675084,6.4710492,6.6181185,22466542,150506494.1500,3.778500
2020-11-06,6.74557856,7.1573726,6.68675084,6.9612802,48484056,341924828.6400,8.154200
2020-11-09,6.88284324,7.00049868,6.863234,6.98088944,33909533,239954664.1300,5.703000
2020-11-10,6.94167096,6.95147558,6.79460166,6.82401552,19046400,133189430.0000,3.203300
2020-11-11,6.82401552,6.83382014,6.7161647,6.7161647,12151949,83689514.1200,2.043700
2020-11-12,6.7651878,6.89264786,6.73577394,6.80440628,13410266,93159985.6900,2.255400
2020-11-13,6.74557856,6.74557856,6.6181185,6.70636008,10359022,70532292.3800,1.742200
2020-11-16,6.74557856,6.83382014,6.68675084,6.83382014,11959649,82646131.0800,2.011400
2020-11-17,6.78479704,6.82401552,6.65733698,6.70636008,12248299,83929685.2100,2.059900
2020-11-18,6.70636008,6.83382014,6.65733698,6.7651878,11768973,81197828.8000,1.979300
2020-11-19,6.8142109,6.87303862,6.73577394,6.8142109,12107100,84183070.0000,2.036200
2020-11-20,6.8142109,6.82401552,6.73577394,6.7651878,10163949,70154475.6100,1.709400
2020-11-23,6.7651878,6.82401552,6.72596932,6.77499242,12742149,88063839.1000,2.143000
2020-11-24,6.80440628,6.8142109,6.7161647,6.72596932,10579393,72834390.8400,1.779300
2020-11-25,6.77499242,6.9122571,6.74557856,6.79460166,22670262,158257993.3400,3.812700
2020-11-26,6.80440628,6.90245248,6.75538318,6.84362476,17754446,123977915.5600,2.986000
2020-11-27,6.84362476,6.863234,6.62792312,6.69655546,17347349,118779682.2200,2.917500
2020-11-30,6.78479704,6.99069406,6.78479704,6.863234,27953193,196016098.8100,4.701200
2020-12-01,6.82401552,6.89264786,6.78479704,6.87303862,14433497,100741311.0600,2.427500
2020-12-02,6.87303862,6.9122571,6.8142109,6.863234,15190300,106023775.0000,2.554700
2020-12-03,6.863234,6.863234,6.75538318,6.79460166,10286000,71295006.6900,1.729900
2020-12-04,6.80440628,6.80440628,6.72596932,6.7651878,8038662,55371512.7700,1.352000
2020-12-07,6.8142109,6.9122571,6.74557856,6.83382014,12619799,87927364.1000,2.122400
2020-12-08,6.863234,6.863234,6.74557856,6.74557856,10031000,69383198.0000,1.687000
2020-12-09,6.77499242,6.77499242,6.5690954,6.5690954,12859400,87616378.0000,2.162700
2020-12-10,6.53968154,6.77499242,6.44163534,6.70636008,17822968,120606912.1500,2.997500
2020-12-11,6.68675084,6.79460166,6.62792312,6.70636008,17892931,122580753.2700,3.009300
2020-12-14,6.8142109,6.90245248,6.80440628,6.83382014,20163653,140898706.9400,3.391200
2020-12-15,6.863234,6.87303862,6.7651878,6.80440628,10685500,74082253.0000,1.797100
2020-12-16,6.83382014,6.97108482,6.80440628,6.90245248,27873174,196728213.3000,4.687800
2020-12-17,6.9122571,6.92206172,6.65733698,6.82401552,19587410,135342236.9400,3.294300
2020-12-18,6.863234,7.03971716,6.85342938,7.0103033,44377453,315340566.8600,7.463500
2020-12-21,7.12795874,7.4024881,7.0593264,7.29463728,62718399,463955256.5900,10.548100
2020-12-22,7.2554188,7.3044419,7.06913102,7.08874026,44913552,329278565.9100,7.553700
2020-12-23,7.1573726,7.53975278,7.14756798,7.43190196,75787271,573093812.5600,12.746100
2020-12-24,7.353465,7.61818974,7.27502804,7.4024881,56208990,426199143.9300,9.453400
2020-12-25,7.34366038,7.92213296,7.27502804,7.843696,88364780,694523734.3800,14.861400
2020-12-28,7.92213296,7.92213296,7.52014354,7.68682208,57734146,450281391.2300,9.709900
2020-12-29,7.62799436,7.6476036,7.07893564,7.09854488,56672936,419717729.5700,9.531400
2020-12-30,7.09854488,7.28483266,7.0103033,7.11815412,41419267,300744018.5500,6.966000
2020-12-31,7.16717722,7.27502804,7.08874026,7.11815412,29853397,218126666.0200,5.020800
2021-01-04,7.1573726,7.6476036,7.13776336,7.52994816,59488642,452354007.7600,10.004900
2021-01-05,7.5495574,7.5495574,7.3044419,7.4024881,43082949,325428285.9700,7.245800
2021-01-06,7.39268348,7.39268348,7.1083495,7.18678646,34315104,251629166.8900,5.771200
2021-01-07,7.23580956,7.53975278,7.07893564,7.44170658,57054694,429381402.3800,9.595600
2021-01-08,7.43190196,7.43190196,7.0593264,7.16717722,37114609,272288156.6500,6.242000
2021-01-11,7.11815412,7.12795874,6.863234,6.9122571,35319762,249789843.3500,5.940200
2021-01-12,6.87303862,6.98088944,6.77499242,6.84362476,19196547,133938333.0900,3.228500
2021-01-13,6.863234,6.94167096,6.57890002,6.64753236,25743875,176740236.2100,4.329700
2021-01-14,6.62792312,6.62792312,6.35339376,6.51026768,22824723,150459822.1000,3.838700
2021-01-15,6.5200723,6.62792312,6.5200723,6.54948616,12035100,80594235.0000,2.024100
2021-01-18,6.55929078,6.68675084,6.48085382,6.6671416,13265401,89414786.7000,2.231000
2021-01-19,6.68675084,6.7161647,6.57890002,6.63772774,11113700,75026981.0000,1.869100
2021-01-20,6.63772774,6.68675084,6.5200723,6.54948616,12334632,82960450.3600,2.074500
2021-01-21,6.55929078,6.7161647,6.51026768,6.68675084,18358067,124751271.6000,3.087500
2021-01-22,6.7161647,6.7161647,6.53968154,6.57890002,14046795,94398699.6000,2.362400
2021-01-25,6.7161647,6.863234,6.6671416,6.70636008,28325701,195259195.8400,4.763900
2021-01-26,6.64753236,6.64753236,6.48085382,6.50046306,17167549,114630400.8600,2.887300
2021-01-27,6.5200723,6.54948616,6.40241686,6.49065844,10646271,70168124.7100,1.790500
2021-01-28,6.4220261,6.4710492,6.35339376,6.36319838,11842600,77310683.2700,1.991700
2021-01-29,6.373003,6.4220261,6.18671522,6.25534756,12430535,79857778.8300,2.090600
2021-02-01,6.2259337,6.33378452,6.21612908,6.2749568,7160800,45911753.0000,1.204300
2021-02-02,6.3239799,6.3239799,6.21612908,6.24554294,6694383,42690631.7100,1.125900
2021-02-03,6.24554294,6.25534756,5.882772,5.90238124,22037814,134255150.4500,3.706400
2021-02-04,5.882772,5.882772,5.54941492,5.55921954,19518644,112368124.9600,3.282700
2021-02-05,5.54941492,5.70628884,5.5396103,5.56902416,9746582,55829411.2300,1.639200
2021-02-08,5.60824264,5.6866796,5.56902416,5.60824264,7959636,45598536.8400,1.338700
2021-02-09,5.61804726,5.75531194,5.56902416,5.72589808,9475252,54754958.1900,1.593600
2021-02-10,5.7357027,5.77492118,5.65726574,5.71609346,11289252,65722851.5800,1.898700
2021-02-18,5.8337489,5.8337489,5.7357027,5.7847258,10408929,61485692.8600,1.750600
2021-02-19,5.7847258,6.02003668,5.77492118,5.99062282,12577343,75931147.7300,2.115300
2021-02-22,6.03964592,6.3239799,6.03964592,6.18671522,20235400,128607245.2300,3.403200
2021-02-23,6.19651984,6.36319838,6.1278875,6.20632446,15285540,97220896.7000,2.570800
2021-02-24,6.20632446,6.20632446,6.0788644,6.10827826,11371179,71161744.1700,1.912400
2021-02-25,6.1278875,6.16710598,5.9808182,6.00042744,9358200,57729032.0000,1.573900
2021-02-26,5.94159972,6.0788644,5.90238124,6.00042744,6072301,37206464.1300,1.021300
2021-03-01,6.00042744,6.11808288,6.00042744,6.0788644,7175930,44508987.7000,1.206900
2021-03-02,6.1278875,6.49065844,6.10827826,6.38280762,27843282,179737003.5700,4.682700
2021-03-03,6.3239799,6.38280762,6.26515218,6.34358914,14312817,92064195.7300,2.407200
2021-03-04,6.28476142,6.36319838,6.20632446,6.23573832,12925370,82711854.2000,2.173800
2021-03-05,6.26515218,6.373003,6.19651984,6.29456604,10621877,67849213.1800,1.786400
2021-03-08,6.3239799,6.35339376,6.2259337,6.25534756,10005698,64183977.9400,1.682800
2021-03-09,6.25534756,6.3239799,5.91218586,6.0298413,14346497,88976214.9600,2.412800
2021-03-10,6.1278875,6.15730136,5.95140434,5.95140434,7292993,44846995.6700,1.226600
2021-03-11,5.92199048,6.04945054,5.89257662,6.03964592,9247141,56420712.4300,1.555200
2021-03-12,6.03964592,6.4220261,5.94159972,6.24554294,23438221,148248291.0900,3.941900
2021-03-15,6.24554294,6.3239799,6.1278875,6.21612908,17389001,110396934.0200,2.924500
2021-03-16,6.23573832,6.49065844,6.19651984,6.41222148,23091438,150355859.2600,3.883600
2021-03-17,6.34358914,6.373003,6.24554294,6.28476142,14626583,93604915.8100,2.459900
2021-03-18,6.28476142,6.34358914,6.20632446,6.21612908,15026700,95917578.0000,2.527200
2021-03-19,6.1278875,6.50046306,6.09847364,6.35339376,33837337,219838575.4100,5.690800
2021-03-22,6.59850926,6.7651878,6.53968154,6.67694622,49547813,336189995.5300,8.333100
2021-03-23,6.57890002,6.62792312,6.31417528,6.33378452,31776577,208396542.5900,5.344300
2021-03-24,6.2749568,6.97108482,6.24554294,6.62792312,59722525,408763457.4800,10.044300
2021-03-25,6.4710492,6.57890002,6.2749568,6.41222148,39028227,254609433.6800,6.563900
2021-03-26,6.43183072,6.92206172,6.3239799,6.73577394,54652493,373375414.7900,9.191600
2021-03-29,6.72596932,7.04952178,6.68675084,6.69655546,48933343,340352913.1900,8.229700
2021-03-30,6.67694622,6.7161647,6.4710492,6.63772774,33494666,225018206.0300,5.633200
2021-03-31,6.62792312,6.67694622,6.46124458,6.55929078,26214883,175115164.3900,4.408900
2021-04-01,6.52987692,6.89264786,6.4220261,6.77499242,44829479,305875673.7700,7.539500
2021-04-02,6.67694622,6.69655546,6.46124458,6.55929078,35111355,234532901.3500,5.905100
2021-04-06,6.50046306,7.04952178,6.49065844,6.82401552,54989021,382629943.9900,9.248200
2021-04-07,6.85342938,7.13776336,6.80440628,6.93186634,64613776,458826627.3100,10.866900
2021-04-08,6.79460166,6.85342938,6.64753236,6.69655546,42695053,293144760.3900,7.180600
2021-04-09,6.58870464,6.79460166,6.57890002,6.6181185,31235344,212229282.4700,5.253200
2021-04-12,6.60831388,6.70636008,6.48085382,6.52987692,29872991,200602922.6300,5.024100
2021-04-13,6.50046306,6.50046306,6.08866902,6.1278875,34962730,221580074.5000,5.880100
2021-04-14,6.09847364,6.16710598,6.03964592,6.13769212,15038694,93604125.6400,2.529200
2021-04-15,6.09847364,6.13769212,6.01023206,6.0788644,11128500,68732198.0000,1.871600
2021-04-16,6.10827826,6.16710598,6.0788644,6.15730136,9869900,61627800.0000,1.659900
2021-04-19,6.15730136,6.24554294,6.13769212,6.20632446,12279806,77689648.9800,2.065200
2021-04-20,6.19651984,6.25534756,6.16710598,6.18671522,10938833,69244505.2200,1.839700
2021-04-21,6.2259337,6.2259337,6.03964592,6.09847364,13042668,81124475.9000,2.193500
2021-04-22,6.11808288,6.15730136,6.09847364,6.10827826,9517872,59424126.3200,1.600700
2021-04-23,6.10827826,6.10827826,5.95140434,6.0298413,15605589,95485488.4000,2.624600
2021-04-26,6.02003668,6.05925516,5.96120896,5.97101358,8398949,51399848.9400,1.412600
2021-04-27,5.97101358,6.01023206,5.8337489,5.882772,8536420,51302812.3700,1.435700
2021-04-28,5.84355352,5.94159972,5.8337489,5.89257662,5842032,35066408.7200,0.982500
2021-04-29,5.9317951,5.9317951,5.85335814,5.86316276,5449780,32654932.2000,0.916600
2021-04-30,5.5886334,5.69648422,5.27488556,5.33371328,34001219,188550121.4700,5.718400
2021-05-06,5.33371328,5.392541,5.20625322,5.28469018,9103917,49119940.7800,1.531100
2021-05-07,5.31410404,5.38273638,5.26508094,5.3435179,7225432,39298171.1200,1.215200
2021-05-10,5.3435179,5.41215024,5.31410404,5.37293176,7222800,39537151.7800,1.214700
2021-05-11,5.3435179,5.42195486,5.31410404,5.392541,7452869,40827907.2500,1.253400
2021-05-12,5.36312714,5.37293176,5.30429942,5.3435179,8367800,45524670.6600,1.407300
2021-05-13,5.32390866,5.37293176,5.2944948,5.30429942,6550413,35610454.3300,1.101700
2021-05-14,5.31410404,5.33371328,5.2454717,5.2944948,9543569,51435159.6000,1.605100
2021-05-17,5.2944948,5.30429942,5.21605784,5.25527632,8600403,46062022.8700,1.446400
2021-05-18,5.23566708,5.30429942,5.22586246,5.25527632,6160667,33103330.5100,1.036100
2021-05-19,5.23566708,5.392541,5.21605784,5.36312714,11055203,60064475.9800,0.634900
2021-05-20,5.37293176,5.42195486,5.31410404,5.3435179,8641080,47186605.6000,0.496300
2021-05-21,5.35332252,5.5396103,5.35332252,5.50039182,16351637,91211450.6600,0.939100
2021-05-24,5.50039182,5.5396103,5.40234562,5.45136872,11895371,66067595.8800,0.683200
2021-05-25,5.45136872,5.46117334,5.38273638,5.41215024,11229460,61963136.0000,0.644900
2021-05-26,5.42195486,5.42195486,5.3435179,5.42195486,10446799,57401724.7400,0.600000
2021-05-27,5.41215024,5.42195486,5.37293176,5.392541,9780544,53765571.8000,0.561700
2021-05-28,5.392541,5.40234562,5.33371328,5.36312714,8846506,48362835.8200,0.508100
2021-05-31,5.37293176,5.4415641,5.32390866,5.43175948,12005725,66288286.2000,0.689500
2021-06-01,5.43175948,5.43175948,5.35332252,5.392541,9390200,51468730.0000,0.539300
2021-06-02,5.392541,5.40234562,5.31410404,5.32390866,9653987,52616769.4100,0.554400
2021-06-03,5.38273638,5.4415641,5.33371328,5.33371328,9744852,53354832.7200,0.559700
2021-06-04,5.33371328,5.36312714,5.2944948,5.31410404,7144223,38776736.2400,0.410300
2021-06-07,5.32390866,5.35332252,5.30429942,5.32390866,5668962,30757289.0200,0.325600
2021-06-08,5.3435179,5.3435179,5.2944948,5.31410404,6396654,34659379.8600,0.367400
2021-06-09,5.31410404,5.32390866,5.28469018,5.2944948,5713750,30849282.6000,0.328200
2021-06-10,5.2944948,5.3435179,5.26508094,5.33371328,9329293,50530197.5100,0.535800
2021-06-11,5.33371328,5.48078258,5.32390866,5.40234562,19474399,107749689.7700,1.118500
2021-06-15,5.42195486,5.4415641,5.2454717,5.27488556,13714674,74092847.1500,0.787700
2021-06-16,5.25527632,5.27488556,5.22586246,5.23566708,7669100,40988989.6300,0.440500
2021-06-17,5.21605784,5.26508094,5.1964486,5.20625322,8414160,44750697.9200,0.483200
2021-06-18,5.20625322,5.22586246,5.07879316,5.13762088,10452761,54696525.7100,0.600300
2021-06-21,5.07879316,5.13762088,5.01996544,5.0984024,10770308,55826596.8600,0.618600
2021-06-22,5.0984024,5.2454717,5.08859778,5.21605784,12998541,68889868.5700,0.746500
2021-06-23,5.22586246,5.26508094,5.16703474,5.17683936,8439280,44694063.6000,0.484700
2021-06-24,5.23566708,5.5396103,5.20625322,5.45136872,37651677,207226147.9500,2.162400
2021-06-25,5.4905872,5.52980568,5.33371328,5.37293176,21767855,119915171.2300,1.250200
2021-06-28,5.38273638,5.47097796,5.32390866,5.33371328,12945800,71089519.5800,0.743500
2021-06-29,5.42195486,5.5396103,5.38273638,5.43175948,25533473,142221843.7500,1.466400
2021-06-30,5.38273638,5.392541,5.2944948,5.35332252,14316478,77764591.5000,0.822200
2021-07-01,5.36312714,5.38273638,5.1964486,5.1964486,11080600,59558162.1400,0.636400
2021-07-02,5.1964486,5.20625322,5.0984024,5.17683936,9161605,48079366.6900,0.526200
2021-07-05,5.2454717,5.33371328,5.17683936,5.20625322,9274300,49611270.0000,0.532600
2021-07-06,5.18664398,5.2454717,5.0984024,5.23566708,9975494,52599754.0200,0.572900
2021-07-07,5.20625322,5.3435179,5.15723012,5.30429942,14578430,78174718.8900,0.837300
2021-07-08,5.3435179,5.42195486,5.22586246,5.26508094,13897704,75501948.4800,0.798200
2021-07-09,5.2454717,5.7847258,5.18664398,5.66707036,57731877,325885403.1300,3.315700
2021-07-12,5.4905872,5.6376565,5.4415641,5.57882878,37789104,214290308.5200,2.170300
2021-07-13,5.56902416,5.79453042,5.48078258,5.75531194,42446202,246524337.8600,2.437800
2021-07-14,5.74550732,5.74550732,5.54941492,5.55921954,24930422,143035464.4400,1.431800
2021-07-15,5.5396103,5.7357027,5.52000106,5.64746112,24400821,140148756.5100,1.401400
2021-07-16,5.69648422,5.75531194,5.59843802,5.64746112,26819870,155403386.4100,1.540300
2021-07-19,5.59843802,5.6376565,5.4415641,5.48078258,22229100,125180351.0000,1.276700
2021-07-20,5.4905872,5.50039182,5.35332252,5.38273638,18150307,99923066.1200,1.042400
2021-07-21,5.42195486,5.70628884,5.37293176,5.5886334,28915976,162595952.3600,1.660700
2021-07-22,5.61804726,5.70628884,5.52980568,5.57882878,28971540,165882051.5200,1.663900
2021-07-23,5.57882878,5.5886334,5.4415641,5.47097796,23602100,132386257.8700,1.355500
2021-07-26,5.50039182,5.62785188,5.40234562,5.52980568,27568844,154869661.7200,1.583300
2021-07-27,5.51019644,5.5396103,5.22586246,5.2454717,27571743,151153642.9700,1.583500
2021-07-28,5.17683936,5.21605784,5.0493793,5.10820702,19752467,103060132.8800,1.134400
2021-07-29,5.11801164,5.2454717,5.11801164,5.18664398,15627813,82753868.5000,0.897500
2021-07-30,5.20625322,5.6376565,5.18664398,5.48078258,44257264,247433936.3200,2.541800
2021-08-02,5.47097796,5.6376565,5.42195486,5.59843802,39766819,225486497.9800,2.283900
2021-08-03,5.5886334,5.70628884,5.5396103,5.57882878,28949103,165814263.5000,1.662600
2021-08-04,5.60824264,5.69648422,5.5396103,5.64746112,26412494,151669496.9400,1.516900
2021-08-05,5.64746112,5.70628884,5.52980568,5.57882878,24364044,139184012.9900,1.399300
2021-08-06,5.59843802,5.95140434,5.52980568,5.84355352,60506387,357935215.1100,3.475000
2021-08-09,5.82394428,6.21612908,5.7847258,5.95140434,47017190,287244788.3200,2.700300
2021-08-10,5.92199048,6.15730136,5.91218586,6.02003668,38567607,237445934.3800,2.215000
2021-08-11,6.0298413,6.09847364,5.94159972,6.05925516,34694910,213876821.6200,1.992600
2021-08-12,6.1278875,6.16710598,6.01023206,6.0788644,30739457,191137002.0000,1.765400
2021-08-13,6.08866902,6.40241686,5.97101358,6.3239799,54475816,344349333.1000,3.128600
2021-08-16,6.39261224,6.9612802,6.35339376,6.59850926,92700297,636043674.3500,5.324000
2021-08-17,6.5690954,7.2554188,6.5690954,7.17698184,181101393,1318417200.1500,10.401000
2021-08-18,6.863234,7.1083495,6.67694622,6.9612802,113704064,796357626.1100,6.530200
2021-08-19,6.94167096,7.6476036,6.54948616,7.55936202,129107636,948890822.4400,7.414900
2021-08-20,7.34366038,7.53975278,7.14756798,7.23580956,77045541,573697304.1200,4.424900
2021-08-23,7.36326962,7.6966267,7.353465,7.49072968,71983961,553652524.3900,4.134200
2021-08-24,7.57897126,8.02017916,7.52994816,7.81428214,82475765,658823443.0900,4.736700
2021-08-25,7.843696,8.2849039,7.7456498,8.14763922,104133454,853316233.0000,5.980600
2021-08-26,7.87310986,8.42216858,7.87310986,8.02998378,84664342,702025631.8300,4.862400
2021-08-27,8.00056992,8.6280656,7.98096068,8.5300194,80265190,678152806.5100,4.609800
2021-08-30,8.824158,9.38302134,8.824158,9.38302134,138700548,1316862685.5900,7.965800
2021-08-31,9.67715994,9.69676918,8.9712273,9.25556128,133313317,1256517935.8500,7.656400
2021-09-01,9.4124352,9.68696456,8.333927,9.0692735,124606026,1149141423.2300,7.156400
2021-09-02,9.3634121,9.98110316,9.314389,9.98110316,60283181,606214748.0400,3.462200
2021-09-03,10.9811744,10.9811744,9.98110316,10.28504638,223617607,2411146858.0900,12.842800
2021-09-06,10.3928972,10.8831282,9.314389,10.11836784,159781905,1640892691.5400,9.176600
2021-09-07,10.4909434,10.7360589,9.78501076,10.5889896,134502953,1405874923.1900,7.724800
2021-09-08,10.4909434,10.5889896,9.67715994,9.8536431,134601005,1379794256.9000,7.730400
2021-09-09,9.6575507,9.7555969,9.00064116,9.15751508,130600198,1232634129.2200,7.500600
2021-09-10,9.1673197,9.23595204,8.75552566,9.00064116,93572236,857128031.6800,5.374000
2021-09-13,8.9712273,8.9712273,8.36334086,8.53982402,96160752,840737411.2600,5.522700
2021-09-14,8.53982402,8.94181344,8.37314548,8.59865174,123070644,1084026133.4800,7.068200
2021-09-15,8.65747946,9.4614583,8.59865174,9.4614583,137122452,1271841355.2800,7.875200
2021-09-16,9.57911374,9.58891836,8.52021478,8.52021478,125753694,1145546310.5800,7.222300
2021-09-17,8.40255934,9.27517052,8.32412238,8.80454876,110691167,998208620.8800,6.357200
2021-09-22,8.98103192,9.68696456,8.824158,9.68696456,125204406,1204763853.2700,7.190700
2021-09-23,9.7065738,10.07914936,9.39282596,9.44184906,105874933,1044027912.7600,6.080600
2021-09-24,9.4124352,10.0007124,9.09868736,9.93208006,101014167,994237052.9400,5.801400
2021-09-27,9.86344772,10.0987586,8.94181344,8.94181344,97042199,914964973.5500,5.573300
2021-09-28,8.84376724,9.314389,8.73591642,9.0692735,78063946,716099430.9400,4.483400
2021-09-29,8.66728408,8.86337648,8.16724846,8.16724846,82705023,706077934.4300,4.749900
2021-09-30,8.06920226,8.4319732,7.88291448,8.34373162,95458918,797662737.8100,5.482400
2021-10-08,8.52021478,8.6280656,7.67701746,7.8927191,88650858,716439939.9900,5.091400
2021-10-11,7.9417422,7.9907653,7.43190196,7.5985805,74617120,579273941.1200,4.285400
2021-10-12,7.61818974,7.67701746,7.13776336,7.31424652,67970957,508799720.8600,3.903700
2021-10-13,7.353465,7.44170658,7.1083495,7.353465,55061988,408623049.7800,3.162300
2021-10-14,7.33385576,7.67701746,7.1573726,7.49072968,60784075,462727772.0500,3.490900
2021-10-15,7.4024881,7.68682208,7.1573726,7.56916664,70747059,538733723.8600,4.063100
2021-10-18,7.55936202,7.8927191,7.53975278,7.82408676,72216118,569479782.5400,4.147500
2021-10-19,7.9907653,8.60845636,7.92213296,8.60845636,93256961,802747000.0900,5.355900
2021-10-20,8.6280656,8.98103192,8.21627156,8.69669794,145492598,1288814462.6000,8.355900
2021-10-21,8.53982402,8.78493952,8.35353624,8.54962864,81478414,710896097.2300,4.679500
2021-10-22,8.52021478,8.75552566,8.36334086,8.39275472,69042990,602368958.9500,3.965300
2021-10-25,8.55943326,9.0692735,8.333927,8.78493952,95659411,857490278.3600,5.493900
2021-10-26,8.78493952,9.08888274,8.61826098,8.68689332,79564184,715278435.7800,4.569500
2021-10-27,8.7655056,9.531996,8.7065448,9.3059796,135665947,1273684071.1900,7.791600
2021-10-28,9.3158064,10.1412576,9.0603096,9.6892248,129703560,1283253600.0900,7.449100
2021-10-29,9.482862,9.875934,9.0603096,9.5516496,85655512,819924652.8700,4.919400
2021-11-01,9.2077116,9.7088784,8.9030808,9.1684044,119362690,1134768543.0700,6.855200
2021-11-02,9.138924,9.1978848,8.696718,8.9522148,89993931,818743421.0100,5.168500
2021-11-03,8.942388,8.9522148,8.2152048,8.4707016,98459017,848821362.7400,5.654700
2021-11-04,8.6574108,8.9325612,8.4117408,8.7753324,77248074,690122845.5900,4.436500
2021-11-05,8.6377572,8.7065448,7.9007472,7.9007472,110318150,913130544.4900,6.335800
2021-11-08,7.8024792,8.500182,7.61577,8.3429532,103547394,857281469.6000,5.946900
2021-11-09,9.08979,9.1782312,9.0504828,9.1782312,55112830,513565270.8300,2.968200
2021-11-10,8.6672376,9.0111756,8.3331264,8.942388,173505628,1522976669.0000,9.344600
2021-11-11,8.84412,9.1290972,8.4313944,8.5787964,96680113,858613459.0100,5.170500
2021-11-12,8.6770644,9.0111756,8.5198356,8.9325612,93343120,832890926.1300,4.992000
2021-11-15,8.7753324,8.8244664,8.1955512,8.3429532,99601342,846954155.7600,5.326700
2021-11-16,8.3626068,8.7261984,8.1758976,8.3626068,70918671,612318746.2300,3.792800
2021-11-17,8.2839924,8.59845,8.1955512,8.5886232,64980904,557784075.0400,3.475200
2021-11-18,8.451048,8.942388,8.401914,8.8834272,90286280,805625991.0800,4.828600
2021-11-19,8.8834272,9.188058,8.6672376,9.0308292,92885943,844706606.8200,4.967400
2021-11-22,8.84412,9.2470188,8.7753324,8.893254,89579914,815566482.8400,4.790600
2021-11-23,8.8834272,8.8834272,8.4608748,8.5591428,92477868,812908821.0400,4.945600
2021-11-24,8.5198356,8.5198356,8.1365904,8.303646,80726220,682997092.4500,4.317100
2021-11-25,8.303646,8.3429532,8.0284956,8.0678028,70225492,580722324.9800,3.755500
2021-11-26,8.0972832,8.451048,7.9695348,8.4117408,71812129,602114189.2800,3.840400
2021-11-29,8.2250316,8.451048,8.0874564,8.3429532,40674057,344660366.7800,2.175200
2021-11-30,8.4608748,9.1782312,8.4608748,9.1782312,224153864,2071773195.7500,11.987400
2021-12-01,9.433728,9.8955876,9.433728,9.6990516,248623982,2442889708.1500,13.296000
2021-12-02,9.531996,9.630264,8.7851592,9.0504828,159010238,1476446532.6600,8.503600
2021-12-03,9.0013488,9.6597444,8.8342932,9.4730352,153962153,1456368062.1300,8.233400
2021-12-06,9.3256332,9.5123424,9.0210024,9.040656,104357322,978456068.1400,5.580700
2021-12-07,9.1192704,9.4533816,8.8637736,9.3551136,123346269,1149730043.1100,6.596200
2021-12-08,9.4042476,9.777666,9.2077116,9.531996,133921415,1297469832.3700,7.161700
2021-12-09,9.5025156,9.7187052,9.138924,9.3158064,95267987,904114933.0900,5.094600
2021-12-10,9.040656,9.9348948,8.9620416,9.482862,125664276,1221522731.9100,6.157400
2021-12-13,9.6204372,10.0036824,9.3944208,9.5713032,157121817,1548548555.0800,7.698700
2021-12-14,9.4140744,9.6597444,9.2273652,9.4533816,82154197,788448805.1200,4.025400
2021-12-15,9.433728,9.5516496,9.188058,9.1978848,83355299,789076875.2900,4.084300
2021-12-16,9.1487508,9.4632084,9.1094436,9.4632084,63689640,600959747.1400,3.120700
2021-12-17,9.433728,9.6400908,9.1782312,9.237192,67600982,643422610.6200,3.312300
2021-12-20,9.1192704,9.2470188,8.3331264,8.5591428,105035196,928407170.0300,5.146600
2021-12-21,8.5198356,8.5689696,8.2643388,8.4805284,64243519,551292216.6900,3.147800
2021-12-22,8.5100088,8.6868912,8.4117408,8.6082768,48932207,426302937.6100,2.397600
2021-12-23,8.549316,9.4730352,8.451048,9.2764992,143164480,1330290420.1600,7.014800
2021-12-24,9.2273652,9.58113,9.040656,9.1094436,118393773,1123981967.0200,5.801100
2021-12-27,9.0111756,9.3059796,8.4805284,8.5787964,115230669,1027132552.4600,5.646100
2021-12-28,8.59845,8.6377572,8.451048,8.5394892,63719845,553391655.2900,3.122200
2021-12-29,8.59845,8.6279304,8.3626068,8.401914,59070307,509348895.6100,2.894400
2021-12-30,8.3429532,8.4805284,8.2741656,8.3724336,55376896,472781407.7700,2.713400
2021-12-31,8.4805284,8.6868912,8.3232996,8.3822604,71516555,617533807.7400,3.504200
2022-01-04,8.3822604,8.4215676,8.0284956,8.1169368,69599781,575606866.4500,3.410300
2022-01-05,8.1955512,8.205378,7.7926524,7.9891884,51945813,420941788.5200,2.545300
2022-01-06,7.910574,7.9204008,7.61577,7.8024792,66857250,528676778.5100,3.275900
2022-01-07,7.8024792,7.8221328,7.5273288,7.5862896,58186182,452500178.4600,2.851000
2022-01-10,7.5764628,7.6255968,7.3897536,7.6255968,42933024,327949524.4800,2.103600
2022-01-11,7.6452504,7.664904,7.320966,7.3602732,56443467,427449835.4000,2.765600
2022-01-12,7.3307928,7.468368,7.3307928,7.4487144,33306759,251679806.9600,1.632000
2022-01-13,7.3406196,7.3701,6.9672012,7.0163352,79222841,572909242.3600,3.881800
2022-01-14,7.026162,7.1146032,6.9672012,7.0163352,39282777,281465626.6300,1.924800
2022-01-17,7.0163352,7.1539104,6.9377208,7.0949496,30161056,217326429.9800,1.477800
2022-01-18,7.1047764,7.222698,6.9966816,7.12443,44629197,324337704.7700,2.186800
2022-01-19,7.1146032,7.222698,7.026162,7.1637372,33122718,240659877.5000,1.623000
2022-01-20,7.173564,7.173564,6.927894,6.977028,34784303,248331801.2700,1.704400
2022-01-21,6.9573744,7.0556424,6.780492,6.9966816,27621828,196049129.0500,1.353400
2022-01-24,6.927894,7.1539104,6.8591064,6.9868548,32807069,233376685.2200,1.607500
2022-01-25,6.927894,7.0359888,6.7117044,6.731358,27758427,194278899.6200,1.360100
2022-01-26,6.7215312,6.977028,6.7215312,6.87876,28285935,198103831.0100,1.386000
2022-01-27,6.8885868,6.9180672,6.6429168,6.6429168,28056188,193156895.8000,1.374700
2022-01-28,6.7903188,6.7903188,6.38742,6.485688,37069158,246528837.5000,1.816300
2022-02-07,6.5937828,6.8099724,6.5937828,6.7510116,32598152,224106023.5500,1.597200
2022-02-08,6.87876,6.87876,6.7117044,6.8689332,31705931,219715563.7400,1.553500
2022-02-09,6.8689332,6.9672012,6.7706652,6.9180672,35195474,247407705.2300,1.724500
2022-02-10,6.927894,6.9573744,6.6920508,6.7903188,43243572,299781029.4000,2.118800
2022-02-11,6.731358,6.780492,6.583956,6.6036096,29511270,200118883.6900,1.446000
2022-02-14,6.5643024,6.6920508,6.4562076,6.6429168,25154546,169072772.9200,1.232500
2022-02-15,6.6232632,6.7018776,6.5053416,6.583956,33298509,222738683.4800,1.631600
2022-02-16,6.6232632,6.6527436,6.5053416,6.5249952,34203983,228793505.2500,1.675900
2022-02-17,6.5643024,6.6625704,6.485688,6.5643024,40005557,267701978.2500,1.960200
2022-02-18,6.5446488,7.0851228,6.5053416,6.829626,76743426,532941404.8700,3.760300
2022-02-21,6.7903188,6.829626,6.7117044,6.780492,37703797,259538988.3700,1.847400
2022-02-22,6.731358,6.9672012,6.6920508,6.9082404,61203438,429486697.5200,2.998800
2022-02-23,6.9082404,7.0556424,6.8492796,7.0163352,51633715,365470531.2000,2.529900
2022-02-24,6.977028,7.2325248,6.7903188,6.927894,82252091,590297296.2400,4.030200
2022-02-25,7.0163352,7.2030444,6.9180672,7.173564,76785351,552775018.7800,3.762300
2022-02-28,7.173564,7.3111392,6.9672012,7.1539104,64441349,465884576.0000,3.157500
2022-03-01,7.271832,7.3602732,7.1932176,7.2030444,55829359,412408272.0000,2.735500
2022-03-02,7.1932176,7.2128712,6.9868548,7.1342568,52797156,380825808.0000,2.586900
2022-03-03,7.173564,7.2030444,7.0359888,7.0556424,35725863,257992667.0000,1.750500
2022-03-04,7.0359888,7.0949496,6.8885868,7.0065084,59404107,422251488.0000,2.910700
2022-03-07,6.977028,7.2030444,6.9377208,7.0065084,65161918,470470944.0000,3.192800
2022-03-08,7.0065084,7.0458156,6.6036096,6.682224,51310404,355891584.0000,2.514100
2022-03-09,6.7903188,6.9868548,6.4562076,6.927894,81720933,567220192.0000,4.004100
2022-03-10,7.1047764,7.271832,7.0163352,7.1047764,90194022,655695808.0000,4.419300
2022-03-11,7.0065084,7.0458156,6.682224,6.8689332,72144412,503721616.0000,3.534900
2022-03-14,6.780492,6.7903188,6.5544756,6.5643024,44568066,301311600.0000,2.183700
2022-03-15,6.5053416,6.5249952,5.9845212,6.0041748,70823016,445775888.0000,3.470200
2022-03-16,6.092616,6.2007108,5.7388512,6.1614036,65019120,396012528.0000,3.185800
2022-03-17,6.2105376,6.3775932,6.1515768,6.2301912,55223107,351282432.0000,2.705800
2022-03-18,6.2301912,6.4660344,6.1810572,6.436554,47669487,309118037.2900,2.335700
2022-03-21,6.4070736,6.4562076,6.2498448,6.3284592,38759600,249939741.3000,1.899100
2022-03-22,6.3284592,6.338286,6.1614036,6.190884,32980397,208590070.3400,1.616000
2022-03-23,6.3088056,6.5643024,6.289152,6.3481128,57394335,373732789.6600,2.812200
2022-03-24,6.289152,6.289152,6.1122696,6.14175,40379713,254159981.2000,1.978500
2022-03-25,6.1319232,6.1614036,5.994348,6.0140016,29582165,182770914.4300,1.449500
2022-03-28,6.0729624,6.1024428,5.9255604,5.9845212,27109918,165551548.4900,1.328300
2022-03-29,6.0041748,6.0238284,5.8371192,5.8567728,33399866,200606970.6700,1.636500
2022-03-30,5.9550408,5.9845212,5.8371192,5.9255604,36371950,218571872.9300,1.782100
2022-03-31,5.9059068,5.9059068,5.748678,5.797812,29819013,176381387.6900,1.461100
2022-04-01,5.7585048,5.8174656,5.6602368,5.7585048,29275692,171566402.5500,1.434400
2022-04-06,5.7585048,5.7585048,5.5914492,5.6897172,44058293,253527669.1000,2.158700
2022-04-07,5.6602368,5.6602368,5.4833544,5.4833544,33684793,190330543.6100,1.650500
2022-04-08,5.4833544,5.5324884,5.355606,5.4440472,26959632,149389446.7600,1.321000
2022-04-11,5.4243936,5.4342204,5.208204,5.2475112,32700348,176979271.6400,1.602200
2022-04-12,5.2475112,5.3359524,5.15907,5.3261256,34874486,186490643.9000,1.708800
2022-04-13,5.2966452,5.306472,5.1885504,5.1885504,25247349,134574637.2400,1.237100
2022-04-14,5.257338,5.2671648,5.1295896,5.1787236,27878477,147047893.9200,1.366000
2022-04-15,5.1394164,5.2278576,5.0804556,5.1394164,25925860,135623941.5200,1.270300
2022-04-18,5.109936,5.2475112,5.011668,5.2278576,38487249,202105996.0500,1.885800
2022-04-19,5.1983772,5.3162988,5.1885504,5.2475112,26058977,139222051.1200,1.276800
2022-04-20,5.2671648,5.2769916,5.1295896,5.1295896,22221015,117670980.6200,1.088800
2022-04-21,5.1001092,5.1394164,4.8839196,4.9134,35620000,181577752.3400,1.745300
2022-04-22,4.8937464,5.0706288,4.8347856,4.9920144,34166574,171623849.1800,1.674100
2022-04-25,4.9330536,4.9527072,4.520328,4.5301548,47448028,228273639.2400,2.324800
2022-04-26,4.5498084,4.6775568,4.4318868,4.471194,41444412,191807003.6500,2.030700
2022-04-27,4.3925796,4.6480764,4.323792,4.6284228,36591263,166926473.8200,1.792900
2022-04-28,4.569462,4.6382496,4.4908476,4.569462,25575258,119050439.5700,1.253100
2022-04-29,4.5989424,4.6480764,4.4318868,4.618596,65830513,304146916.9500,3.225500
2022-05-05,4.569462,4.6284228,4.4810208,4.4908476,53429231,246913543.4400,2.617900
2022-05-06,4.4810208,4.5596352,4.3336188,4.4122332,47784129,215317399.6100,2.341300
2022-05-09,4.4024064,4.5399816,4.372926,4.4908476,39004678,178211735.4700,1.911100
2022-05-10,4.42206,4.6972104,4.4024064,4.6873836,63520814,296871437.1500,3.112400
2022-05-11,4.7070372,4.8249588,4.6480764,4.6579032,61340792,296020605.0700,3.005500
2022-05-12,4.7365176,4.8347856,4.6382496,4.7266908,44836144,216069047.6300,2.196800
2022-05-13,4.7561712,4.7856516,4.6480764,4.6873836,29741460,142244259.7300,1.457200
2022-05-16,4.7070372,4.7266908,4.5792888,4.6382496,34100066,160931224.3600,1.670800
2022-05-17,4.6284228,4.7266908,4.5596352,4.6972104,35961656,169845979.4600,1.762000
2022-05-18,4.716864,4.962534,4.66773,4.8053052,60440145,296595224.8700,2.961400
2022-05-19,4.7266908,5.2868184,4.716864,5.2868184,108163682,558444228.4700,5.299700
2022-05-20,5.552142,5.65041,5.355606,5.3752596,194114416,1081673947.8000,9.511100
2022-05-23,5.306472,5.4440472,5.257338,5.3359524,92594690,501144801.2500,4.536900
2022-05-24,5.306472,5.3850864,5.0509752,5.0509752,84386586,448692137.3500,4.134700
2022-05-25,5.0706288,5.3261256,5.0313216,5.306472,87724054,464643572.4200,4.298200
2022-05-26,5.257338,5.306472,5.1492432,5.208204,61794664,328197537.4700,3.027800
2022-05-27,5.2278576,5.2671648,5.0804556,5.1197628,47918800,251390595.0000,2.347900
2022-05-30,5.109936,5.2278576,5.0706288,5.1787236,47690933,249336711.7000,2.336700
2022-05-31,5.257338,5.2868184,5.1295896,5.1983772,63046389,333792485.0900,3.089100
2022-06-01,5.15907,5.1688968,5.0804556,5.1492432,44522295,232424690.0500,2.181500
2022-06-02,5.1394164,5.2868184,5.0804556,5.208204,57281982,302060904.8300,2.806700
2022-06-06,5.15907,5.355606,5.15907,5.3359524,75276064,404572902.1200,3.688300
2022-06-07,5.4145668,5.552142,5.1885504,5.2376844,96257922,521136070.6200,4.716400
2022-06-08,5.257338,5.3654328,5.1295896,5.2671648,76528484,409405000.8200,3.749700
2022-06-09,5.2475112,5.2475112,5.0018412,5.0411484,70573355,366600412.1000,3.457900
2022-06-10,5.0018412,5.306472,4.9723608,5.2769916,97700285,519613004.0900,4.787000
2022-06-13,5.2868184,5.3752596,5.2475112,5.3162988,63385724,342160538.1400,3.105700
2022-06-14,5.2671648,5.2769916,5.060802,5.257338,59437375,312594727.6700,2.912300
2022-06-15,5.2769916,5.306472,5.1688968,5.1787236,63512632,338665637.9000,3.111900
2022-06-16,5.1983772,5.4735276,5.1787236,5.2671648,88362104,475888021.2700,4.329500
2022-06-17,5.2376844,5.5423152,5.1885504,5.4243936,100481275,552742031.8200,4.923300
2022-06-20,5.4243936,5.5914492,5.355606,5.503008,84795434,473648004.9000,4.154700
2022-06-21,5.5619688,5.5914492,5.3654328,5.4145668,69480846,385069287.2000,3.404400
2022-06-22,5.4145668,5.5226616,5.3359524,5.3654328,60446945,333272489.4000,2.961700
2022-06-23,5.355606,5.4342204,5.208204,5.4145668,56066350,304126176.3300,2.747100
2022-06-24,5.4342204,5.4833544,5.3457792,5.3850864,52231737,287230885.2300,2.559200
2022-06-27,5.4440472,5.4440472,5.3261256,5.3752596,45713299,249991191.9700,2.239800
2022-06-28,5.4145668,5.5717956,5.3949132,5.5324884,86581173,483758397.3200,4.242200
2022-06-29,5.5423152,5.5423152,5.2868184,5.306472,80219795,439953066.2200,3.930500
2022-06-30,5.2868184,5.355606,5.2376844,5.306472,43970244,237397389.0300,2.154400
2022-07-01,5.3261256,5.4931812,5.2868184,5.3752596,62951578,346728000.2200,3.084400
2022-07-04,5.355606,5.552142,5.2868184,5.552142,89744999,499155298.2600,4.397200
2022-07-05,5.503008,5.7781584,5.4833544,5.699544,132038349,761542731.8600,6.469500
2022-07-06,5.6405832,5.7388512,5.4735276,5.5324884,73865036,418439963.7600,3.619200
2022-07-07,5.5816224,6.0827892,5.5226616,5.9353872,196913186,1185485903.6000,9.648100
2022-07-08,5.9255604,5.9845212,5.7290244,5.7879852,129588628,770357953.8000,6.349400
2022-07-11,5.7290244,5.8174656,5.552142,5.601276,75624432,433406110.1100,3.705400
2022-07-12,5.6307564,5.748678,5.4833544,5.503008,77376710,440779386.9700,3.791200
2022-07-13,5.4735276,5.7290244,5.4735276,5.7290244,89431522,513141144.2400,4.381900
2022-07-14,5.7191976,6.0238284,5.6111028,5.8371192,120080581,711182725.3700,5.883600
2022-07-15,5.78790156,5.86664852,5.65993775,5.69931123,73120116,427353829.8100,3.582700
2022-07-18,5.71899797,6.07335929,5.7091546,5.99461233,105207514,635075794.0200,5.154800
2022-07-19,5.99461233,6.05367255,5.906022,5.98476896,70157738,426042319.0400,3.437500
2022-07-20,6.03398581,6.12257614,5.92570874,5.95523885,69662067,423736368.2100,3.413200
2022-07-21,5.88633526,5.88633526,5.71899797,5.72884134,80122247,470466421.2000,3.925700
2022-07-22,5.76821482,5.82727504,5.68946786,5.78790156,47865189,280390884.4600,2.345200
2022-07-25,5.79774493,5.79774493,5.56150405,5.65009438,52879183,302536774.0100,2.590900
2022-07-26,5.63040764,5.65009438,5.50244383,5.62056427,36168265,205090214.5300,1.772100
2022-07-27,5.60087753,5.65009438,5.54181731,5.62056427,35983372,204652764.3200,1.763100
2022-07-28,5.66978112,5.69931123,5.59103416,5.59103416,37315861,213686055.4200,1.828300
2022-07-29,5.59103416,5.8075883,5.58119079,5.7091546,59745788,347221617.3100,2.927300
2022-08-01,5.68946786,5.68946786,5.52213057,5.60087753,38659803,219012417.7600,1.894200
2022-08-02,5.5122872,5.52213057,5.2169861,5.23667284,60869483,329200862.3500,2.982400
2022-08-03,5.23667284,5.38432339,5.12839577,5.13823914,41397095,220989151.2000,2.028300
2022-08-04,5.17761262,5.24651621,5.05949218,5.19729936,29092248,152615124.0000,1.425400
2022-08-05,5.19729936,5.22682947,5.08902229,5.22682947,32211440,168486461.0000,1.578200
2022-08-08,5.23667284,5.29573306,5.16776925,5.29573306,25673912,137252448.0000,1.257900
2022-08-09,5.25635958,5.37448002,5.24651621,5.27604632,30357048,163803954.0000,1.487400
2022-08-10,5.27604632,5.29573306,5.18745599,5.28588969,29380339,156375903.0000,1.439500
2022-08-11,5.3154198,5.32526317,5.25635958,5.3154198,27683023,148997146.0000,1.356400
2022-08-12,5.33510654,5.56150405,5.30557643,5.47291372,56271648,310978879.0000,2.757100
2022-08-15,5.4138535,5.55166068,5.36463665,5.53197394,45331892,252568602.7000,2.221100
2022-08-16,5.49260046,5.63040764,5.48275709,5.6107209,50051558,284197897.4300,2.452300
2022-08-17,5.67962449,5.82727504,5.62056427,5.73868471,79140027,458609262.1400,3.877600
2022-08-18,5.6107209,5.75837145,5.60087753,5.62056427,56004727,321746932.2500,2.744000
2022-08-19,5.65993775,6.09304603,5.57134742,5.98476896,171143720,1026714015.4900,8.385400
2022-08-22,5.95523885,6.04382918,5.75837145,5.81743167,103445432,615703935.8900,5.068400
2022-08-23,5.77805819,5.97492559,5.76821482,5.87649189,68963569,412412739.1100,3.379000
2022-08-24,5.87649189,6.01429907,5.7091546,5.71899797,71021742,422268014.2600,3.479800
2022-08-25,5.78790156,5.79774493,5.53197394,5.63040764,47917734,273644705.8800,2.347800
2022-08-26,5.65993775,5.72884134,5.58119079,5.60087753,36618616,210336816.8800,1.794200
2022-08-29,5.54181731,5.75837145,5.47291372,5.58119079,52296015,296535896.0600,2.562300
2022-08-30,5.55166068,5.65009438,5.32526317,5.38432339,47387465,260691240.2500,2.321800
2022-08-31,5.34494991,5.38432339,5.13823914,5.15792588,45071225,238544013.1300,2.208300
2022-09-01,5.15792588,5.20714273,5.07917892,5.07917892,31561200,164690898.0000,1.546400
2022-09-02,5.08902229,5.15792588,5.04964881,5.05949218,37583748,194292859.4600,1.841500
2022-09-05,5.06933555,5.12839577,5.03980544,5.12839577,35903026,185831116.3000,1.759100
2022-09-06,5.15792588,5.18745599,5.08902229,5.16776925,39707512,207622783.1400,1.945500
2022-09-07,5.15792588,5.22682947,5.1185524,5.20714273,39316183,206825891.7500,1.926300
2022-09-08,5.18745599,5.27604632,5.14808251,5.15792588,36650680,193778904.9500,1.795700
2022-09-09,5.14808251,5.17761262,5.04964881,5.16776925,25160631,130894931.7500,1.232800
2022-09-13,5.18745599,5.20714273,5.10870903,5.12839577,21797227,113779633.6700,1.068000
2022-09-14,5.05949218,5.08902229,4.97090185,5.00043196,34211019,174590992.9000,1.676200
2022-09-15,5.03980544,5.04964881,4.7248176,4.77403445,57779700,283438918.3500,2.831000
2022-09-16,4.77403445,4.78387782,4.60669716,4.61654053,29852648,142049621.2200,1.462700
2022-09-19,4.59685379,4.64607064,4.51810683,4.54763694,20527545,95155172.2700,1.005800
2022-09-20,4.55748031,4.66575738,4.55748031,4.63622727,18208950,85504127.6400,0.892200
2022-09-21,4.57716705,4.67560075,4.54763694,4.66575738,17264202,81182841.4900,0.845900
2022-09-22,4.6263839,4.70513086,4.61654053,4.63622727,14457700,68430787.9700,0.708400
2022-09-23,4.6263839,4.67560075,4.53779357,4.56732368,15739000,73509234.0000,0.771200
2022-09-26,4.53779357,4.56732368,4.4295165,4.43935987,18522802,84574949.0200,0.907500
2022-09-27,4.48857672,4.55748031,4.4295165,4.53779357,18659600,85070123.0000,0.914300
2022-09-28,4.5279502,4.58701042,4.41967313,4.41967313,18297154,83422501.5200,0.896500
2022-09-29,4.45904661,4.47873335,4.37045628,4.39014302,15761150,70904240.4000,0.772200
2022-09-30,4.39998639,4.45904661,4.38029965,4.41967313,14648176,65740792.3800,0.717700
2022-10-10,4.4295165,4.49842009,4.40982976,4.43935987,17313037,78393637.7200,0.848300
2022-10-11,4.43935987,4.56732368,4.43935987,4.56732368,18878526,86516487.3000,0.925000
2022-10-12,4.56732368,4.65591401,4.45904661,4.65591401,24792901,114757236.0000,1.214800
2022-10-13,4.60669716,4.65591401,4.59685379,4.61654053,18596766,87469181.6900,0.911200
2022-10-14,4.63622727,4.71497423,4.61654053,4.68544412,23427156,111036123.9500,1.147800
2022-10-17,4.66575738,4.69528749,4.60669716,4.68544412,22214818,105164071.2400,1.088400
2022-10-18,4.70513086,4.7248176,4.66575738,4.68544412,17045499,81289320.7500,0.835200
2022-10-19,4.68544412,4.71497423,4.6263839,4.6263839,18400184,87203879.3700,0.901500
2022-10-20,4.60669716,4.65591401,4.53779357,4.59685379,18403318,85911060.9600,0.901700
2022-10-21,4.61654053,4.68544412,4.60669716,4.61654053,17848383,84292570.7600,0.874500
2022-10-24,4.6263839,4.69528749,4.5279502,4.56732368,21364153,100144230.3900,1.046800
2022-10-25,4.55748031,4.66575738,4.46888998,4.64607064,21929400,102321764.0000,1.074500
2022-10-26,4.63622727,4.71497423,4.61654053,4.68544412,25534031,121252051.7500,1.251100
2022-10-27,4.70513086,4.73466097,4.59685379,4.60669716,32228872,152467523.5800,1.579100
2022-10-28,4.58701042,4.58701042,4.37045628,4.39998639,34716900,157362655.3400,1.701000
2022-10-31,4.37045628,4.56732368,4.36061291,4.53779357,34555345,158321295.5700,1.693100
2022-11-01,4.56732368,4.71497423,4.54763694,4.68544412,36045481,170306458.0800,1.766100
2022-11-02,4.74450434,4.76419108,4.64607064,4.68544412,30716455,146194466.8000,1.505000
2022-11-03,4.63622727,4.75434771,4.63622727,4.7248176,29951818,143483929.2200,1.467500
2022-11-04,4.7248176,4.81340793,4.7248176,4.80356456,39166590,189968813.6700,1.919000
2022-11-07,4.81340793,4.85278141,4.78387782,4.81340793,29496969,144384130.5200,1.445200
2022-11-08,4.78387782,4.8232513,4.74450434,4.77403445,23101401,112005047.1300,1.131900
2022-11-09,4.77403445,4.81340793,4.73466097,4.79372119,22174306,107508958.9500,1.086500
2022-11-10,4.76419108,4.78387782,4.7248176,4.75434771,17278300,83487153.0000,0.846600
2022-11-11,4.83309467,4.87246815,4.77403445,4.78387782,26555224,129585556.3000,1.301100
2022-11-14,4.77403445,4.79372119,4.74450434,4.75434771,23402221,113357023.1200,1.146600
2022-11-15,4.74450434,4.86262478,4.73466097,4.85278141,30904268,151192175.8400,1.514200
2022-11-16,4.86262478,5.0201187,4.85278141,4.90199826,41864449,209014288.2800,2.051200
2022-11-17,4.87246815,4.91184163,4.81340793,4.85278141,21047000,103451240.0000,1.031200
2022-11-18,4.85278141,4.91184163,4.84293804,4.87246815,24956983,123678815.2000,1.222800
2022-11-21,4.83309467,4.90199826,4.80356456,4.88231152,19391365,95876371.7500,0.950100
2022-11-22,4.87246815,4.88231152,4.80356456,4.8232513,21032425,103501951.0500,1.030500
2022-11-23,4.81340793,4.90199826,4.78387782,4.90199826,26852359,132385288.5500,1.315700
2022-11-24,4.921685,4.93152837,4.88231152,4.89215489,18431100,91836165.8000,0.903100
2022-11-25,4.88231152,4.91184163,4.83309467,4.89215489,20107646,99702770.3400,0.985200
2022-11-28,4.86262478,5.04964881,4.79372119,4.99058859,37315854,186417982.1300,1.828300
2022-11-29,4.96105848,5.0201187,4.93152837,5.00043196,32817332,166140050.3900,1.607900
2022-11-30,5.00043196,5.04964881,4.97090185,5.03980544,25808383,131421073.4700,1.264500
2022-12-01,5.06933555,5.14808251,5.01027533,5.08902229,38162086,197246887.0400,1.869800
2022-12-02,5.10870903,5.35479328,5.10870903,5.3154198,78240606,417710484.7600,3.833500
2022-12-05,5.36463665,5.69931123,5.34494991,5.40401013,96670257,538082266.8900,4.736500
2022-12-06,5.42369687,5.48275709,5.25635958,5.30557643,54154724,293593404.2800,2.653400
2022-12-07,5.26620295,5.26620295,5.13823914,5.20714273,41752010,220373082.7200,2.045700
2022-12-08,5.18745599,5.27604632,5.16776925,5.20714273,34045782,180651890.9600,1.668100
2022-12-09,5.25635958,5.33510654,5.07917892,5.08902229,44024938,229883650.5400,2.157100
2022-12-12,5.04964881,5.07917892,4.98074522,5.00043196,28013888,142863805.8700,1.372600
2022-12-13,5.00043196,5.02996207,4.93152837,4.94137174,26206600,132156077.0000,1.284000
2022-12-14,4.95121511,4.98074522,4.89215489,4.91184163,22227919,111304866.3000,1.089100
2022-12-15,4.91184163,4.94137174,4.84293804,4.87246815,24232374,120113766.3600,1.187300
2022-12-16,4.86262478,4.91184163,4.8232513,4.84293804,26779230,132164434.1600,1.312100
2022-12-19,4.83309467,4.87246815,4.6263839,4.66575738,34127003,163697437.3900,1.672100
2022-12-20,4.66575738,4.78387782,4.61654053,4.77403445,24496918,117565112.4000,1.200300
2022-12-21,4.77403445,4.78387782,4.66575738,4.69528749,14544610,69591390.0000,0.712600
2022-12-22,4.7248176,4.74450434,4.60669716,4.63622727,18729857,89085515.9200,0.917700
2022-12-23,4.60669716,4.64607064,4.53779357,4.60669716,25258700,117737047.0000,1.237600
2022-12-26,4.61654053,4.80356456,4.61654053,4.80356456,28824700,138826072.0000,1.412300
2022-12-27,4.81340793,4.921685,4.77403445,4.88231152,30617791,150818411.4500,1.500200
2022-12-28,4.88231152,5.37448002,4.83309467,5.37448002,157981831,838555853.3400,7.740500
2022-12-29,5.3154198,5.4138535,5.15792588,5.25635958,140500286,753218670.8400,6.884000
2022-12-30,5.27604632,5.5122872,5.25635958,5.4138535,97538643,536518887.7300,4.779000
2023-01-03,5.44338361,5.78790156,5.4138535,5.73868471,123530813,707683104.2500,6.052500
2023-01-04,5.73868471,5.82727504,5.64025101,5.73868471,78615604,458599907.9500,3.851900
2023-01-05,5.74852808,6.07335929,5.73868471,5.88633526,131525017,791374103.3600,6.444200
2023-01-06,5.906022,6.25053995,5.87649189,5.96508222,160959863,988669047.7300,7.886400
2023-01-09,6.04382918,6.09304603,5.64025101,5.73868471,134758855,790051237.0400,6.602700
2023-01-10,5.74852808,5.82727504,5.64025101,5.66978112,72025796,417622640.4100,3.529000
2023-01-11,5.72884134,5.74852808,5.60087753,5.64025101,63603756,365579894.4100,3.116300
2023-01-12,5.57134742,5.82727504,5.54181731,5.58119079,106223804,609459820.4900,5.204600
2023-01-13,5.64025101,5.65009438,5.44338361,5.50244383,67555503,377671949.4700,3.310000
2023-01-16,5.52213057,5.65009438,5.49260046,5.57134742,48290948,273504697.8300,2.366100
2023-01-17,5.57134742,5.62056427,5.43354024,5.47291372,44889315,251015849.2000,2.199400
2023-01-18,5.5122872,5.55166068,5.43354024,5.45322698,38636613,215336964.9300,1.893000
2023-01-19,5.45322698,5.46307035,5.37448002,5.40401013,39486102,216893394.1400,1.934700
2023-01-20,5.40401013,5.5122872,5.40401013,5.50244383,42825066,238033747.4600,2.098300
2023-01-30,5.59103416,5.60087753,5.43354024,5.45322698,67514296,377231607.0200,3.307900
2023-01-31,5.43354024,5.5122872,5.34494991,5.50244383,46241520,256969329.8900,2.265700
2023-02-01,5.52213057,5.57134742,5.44338361,5.55166068,58335966,327077592.1600,2.858200
2023-02-02,5.54181731,5.57134742,5.43354024,5.45322698,58965136,328729175.2100,2.889100
2023-02-03,5.46307035,5.46307035,5.34494991,5.44338361,38784525,212471642.6200,1.900300
2023-02-06,5.38432339,5.53197394,5.37448002,5.47291372,47867636,266547281.1600,2.345300
2023-02-07,5.49260046,5.67962449,5.44338361,5.58119079,79673010,452663480.3100,3.903700
2023-02-08,5.58119079,5.62056427,5.5122872,5.53197394,44130169,249184109.5600,2.162200
2023-02-09,5.5122872,5.67962449,5.46307035,5.62056427,71321700,405570649.1100,3.494500
2023-02-10,5.64025101,5.65009438,5.55166068,5.62056427,60957683,347570162.2700,2.986700
2023-02-13,5.62056427,5.73868471,5.55166068,5.56150405,65179670,372233539.5100,3.193600
2023-02-14,5.58119079,5.66978112,5.57134742,5.6107209,42228600,240930243.0000,2.069000
2023-02-15,5.62056427,5.63040764,5.5122872,5.5122872,46925891,264367911.0000,2.299200
2023-02-16,5.52213057,5.54181731,5.27604632,5.33510654,62801466,345948498.9800,3.077000
2023-02-17,5.32526317,5.46307035,5.32526317,5.36463665,35884662,196520820.2600,1.758200
2023-02-20,5.37448002,5.39416676,5.26620295,5.32526317,36328783,196160134.2000,1.780000
2023-02-21,5.32526317,5.38432339,5.27604632,5.34494991,37709069,203968743.2200,1.847600
2023-02-22,5.30557643,5.40401013,5.27604632,5.29573306,38816082,209645527.6300,1.901800
2023-02-23,5.30557643,5.30557643,5.19729936,5.25635958,42984380,228689184.0000,2.106100
2023-02-24,5.25635958,5.25635958,5.14808251,5.20714273,30285877,159728397.2000,1.483900
2023-02-27,5.17761262,5.39416676,5.15792588,5.25635958,66653004,358280963.0500,3.265700
2023-02-28,5.25635958,5.32526317,5.22682947,5.32526317,35629983,191000232.3700,1.745700
2023-03-01,5.32526317,5.32526317,5.24651621,5.28588969,36164548,193476927.4800,1.771900
2023-03-02,5.28588969,5.28588969,5.17761262,5.18745599,40726334,215802038.3000,1.995400
2023-03-03,5.17761262,5.23667284,5.15792588,5.2169861,25968224,137518906.9100,1.272300
2023-03-06,5.20714273,5.26620295,5.14808251,5.22682947,34857467,184406793.6000,1.707900
2023-03-07,5.23667284,5.25635958,5.10870903,5.10870903,31693180,166276141.2000,1.552800
2023-03-08,5.09886566,5.15792588,5.04964881,5.1185524,19239176,100085905.4400,0.942600
2023-03-09,5.14808251,5.14808251,5.02996207,5.05949218,23787883,122613525.1100,1.165500
2023-03-10,5.02996207,5.06933555,4.97090185,5.02996207,28039231,142890206.6800,1.373800
2023-03-13,5.04964881,5.07917892,4.98074522,5.01027533,22213835,113236526.7300,1.088400
2023-03-14,5.0201187,5.0201187,4.86262478,4.95121511,32770804,164208838.0200,1.605600
2023-03-15,4.98074522,5.0201187,4.97090185,4.99058859,18658100,94681025.0000,0.914200
2023-03-16,5.00043196,5.00043196,4.87246815,4.88231152,22992400,114789042.0000,1.126500
2023-03-17,4.921685,4.94137174,4.87246815,4.87246815,25396949,126488724.9900,1.244400
2023-03-20,4.88231152,4.97090185,4.86262478,4.921685,28542996,142875306.0400,1.398500
2023-03-21,4.91184163,4.95121511,4.87246815,4.921685,23360500,116440956.0000,1.144600
2023-03-22,4.93152837,5.01027533,4.93152837,4.98074522,25173062,127041228.6000,1.233400
2023-03-23,4.95121511,4.96105848,4.89215489,4.921685,28481285,142131605.1500,1.395500
2023-03-24,4.95121511,5.01027533,4.91184163,4.98074522,33925650,171399510.8700,1.662200
2023-03-27,4.98074522,4.99058859,4.90199826,4.921685,31557769,157788677.2100,1.546200
2023-03-28,4.94137174,4.94137174,4.83309467,4.83309467,31141465,154416197.9100,1.525800
2023-03-29,4.85278141,4.87246815,4.8232513,4.8232513,18516026,91134135.0000,0.907200
2023-03-30,4.8232513,4.86262478,4.77403445,4.84293804,26812026,131216178.4000,1.313700
2023-03-31,4.86262478,4.86262478,4.8232513,4.83309467,16341583,80372476.3600,0.800700
2023-04-03,4.83309467,4.85278141,4.79372119,4.84293804,25530507,124925536.0900,1.250900
2023-04-04,4.84293804,4.85278141,4.71497423,4.73466097,37828731,182887694.6500,1.853500
2023-04-06,4.73466097,4.76419108,4.69528749,4.73466097,26020300,124656461.0000,1.274900
2023-04-07,4.74450434,4.78387782,4.71497423,4.76419108,19436050,93955942.7000,0.952300
2023-04-10,4.76419108,4.83309467,4.73466097,4.83309467,36464200,177776967.3200,1.786600
2023-04-11,4.83309467,4.84293804,4.76419108,4.80356456,24280113,118151585.2500,1.189600
2023-04-12,4.81340793,4.83309467,4.73466097,4.75434771,27036400,131046621.0000,1.324700
2023-04-13,4.77403445,4.91184163,4.77403445,4.85278141,48240001,238184044.0500,2.363600
2023-04-14,4.8232513,4.90199826,4.79372119,4.88231152,42900038,210898457.3600,2.101900
2023-04-17,4.88231152,4.91184163,4.85278141,4.91184163,35893623,178622110.9700,1.758600
2023-04-18,4.87246815,4.88231152,4.77403445,4.77403445,42066171,205339091.0500,2.061100
2023-04-19,4.76419108,4.77403445,4.70513086,4.71497423,23812276,114760559.8400,1.166700
2023-04-20,4.71497423,4.7248176,4.58701042,4.6263839,33941817,159277924.0900,1.663000
2023-04-21,4.61654053,4.63622727,4.50826346,4.51810683,26894478,124941122.2000,1.317700
2023-04-24,4.49842009,4.59685379,4.4295165,4.53779357,30472207,139693809.1300,1.493000
2023-04-25,4.53779357,4.57716705,4.4295165,4.48857672,24730532,112775197.8300,1.211700
2023-04-26,4.49842009,4.6263839,4.45904661,4.6263839,30612859,142251013.5500,1.499900
2023-04-27,4.61654053,4.61654053,4.53779357,4.56732368,21094381,97904706.8400,1.033500
2023-04-28,4.55748031,4.60669716,4.54763694,4.58701042,21050385,97820826.2100,1.031400
2023-05-04,4.58701042,4.69528749,4.56732368,4.68544412,31656519,150159966.9600,1.551000
2023-05-05,4.70513086,4.70513086,4.60669716,4.67560075,24080600,113612084.0000,1.179900
2023-05-08,4.67560075,4.7248176,4.65591401,4.67560075,21161900,100983384.0000,1.036800
2023-05-09,4.67560075,4.69528749,4.61654053,4.61654053,22242966,105385378.5000,1.089800
2023-05-10,4.63622727,4.70513086,4.61654053,4.68544412,19972439,94811949.1700,0.978600
2023-05-11,4.69528749,4.75434771,4.66575738,4.70513086,16644200,79720535.0000,0.815500
2023-05-12,4.69528749,4.81340793,4.67560075,4.7248176,25661641,123872111.2600,1.257300
2023-05-15,4.71497423,4.74450434,4.67560075,4.73466097,24242999,116004357.4300,1.187800
2023-05-16,4.73466097,4.73466097,4.67560075,4.69528749,19897668,95146852.3600,0.974900
2023-05-17,4.70513086,4.74450434,4.65591401,4.73466097,23335081,111684677.3800,1.143300
2023-05-18,4.73466097,4.78387782,4.67560075,4.68544412,24271427,116047158.8300,1.189200
2023-05-19,4.69528749,4.7248176,4.6263839,4.67560075,15853962,75347654.5000,0.547700
2023-05-22,4.67560075,4.79372119,4.65591401,4.77403445,37116032,179947815.4600,1.282300
2023-05-23,4.77403445,4.77403445,4.68544412,4.68544412,27511957,132262182.8400,0.950500
2023-05-24,4.68544412,4.74450434,4.63622727,4.64607064,23685300,112941888.0000,0.818300
2023-05-25,4.63622727,4.78387782,4.6263839,4.75434771,41523890,199865904.0900,1.434600
2023-05-26,4.75434771,4.77403445,4.64607064,4.71497423,27803708,132485753.0800,0.960600
2023-05-29,4.68544412,4.74450434,4.68544412,4.71497423,27174900,130357032.0000,0.938900
2023-05-30,4.69528749,4.78387782,4.66575738,4.73466097,29616200,142039102.0000,1.023200
2023-05-31,4.71497423,4.7248176,4.60669716,4.63622727,36509120,172203208.0000,1.261400
2023-06-01,4.6263839,4.70513086,4.59685379,4.68544412,26720975,126861623.9000,0.923200
2023-06-02,4.68544412,4.73466097,4.67560075,4.73466097,23341698,111975917.3900,0.806400
2023-06-05,4.70513086,4.84293804,4.70513086,4.80356456,41585642,202103342.0200,1.436800
2023-06-06,4.80356456,4.80356456,4.73466097,4.73466097,27615562,133364512.7800,0.954100
2023-06-07,4.73466097,4.8232513,4.71497423,4.79372119,27132812,131745916.3600,0.937400
2023-06-08,4.80356456,4.87246815,4.79372119,4.87246815,44079113,216953975.0100,1.522900
2023-06-09,4.86262478,5.04964881,4.84293804,5.04964881,81091022,410852987.8200,2.801700
2023-06-12,5.03980544,5.05949218,4.96105848,5.0201187,56382126,287462233.5200,1.948000
2023-06-13,5.0201187,5.04964881,4.93152837,4.96105848,32809000,165652330.0000,1.133500
2023-06-14,4.96105848,4.97090185,4.87246815,4.921685,34092301,170261208.3000,1.177900
2023-06-15,4.90199826,5.01027533,4.89215489,5.01027533,37236440,188054959.3000,1.286500
2023-06-16,5.02996207,5.04964881,4.94137174,4.95121511,25934904,131198176.2000,0.896000
2023-06-19,4.93152837,4.95121511,4.85278141,4.85278141,27975448,138932178.0000,0.966500
2023-06-20,4.84293804,4.85278141,4.76419108,4.77403445,24635262,120114441.7000,0.851100
2023-06-21,4.77403445,4.83309467,4.74450434,4.74450434,19554376,95153999.1200,0.675600
2023-06-26,4.70513086,4.83309467,4.69528749,4.79372119,25713019,125005612.8400,0.888400
2023-06-27,4.78387782,4.84293804,4.74450434,4.78387782,22583089,109955327.7500,0.780200
2023-06-28,4.78387782,4.89215489,4.75434771,4.89215489,31054100,152816407.0000,1.072900
2023-06-29,4.89215489,4.91184163,4.83309467,4.84293804,22038017,108893113.8100,0.761400
2023-06-30,4.84293804,4.88231152,4.8232513,4.86262478,17668184,87130173.1200,0.610400
2023-07-03,4.84293804,5.01027533,4.84293804,4.97090185,40483370,203583680.4700,1.398700
2023-07-04,4.96105848,4.97090185,4.90199826,4.94137174,19326721,96769571.0000,0.667700
2023-07-05,4.95123604,4.95123604,4.82301678,4.8328798,23330400,115363011.0000,0.806100
2023-07-06,4.84274282,4.87233188,4.7835647,4.81315376,15701667,76671569.4400,0.542500
2023-07-07,4.81315376,4.86246886,4.80329074,4.81315376,14083900,69002618.0000,0.486600
2023-07-10,4.8328798,4.89205792,4.81315376,4.84274282,17681216,86948946.8800,0.610900
2023-07-11,4.86246886,4.95123604,4.7835647,4.93151,32739540,161921595.0800,1.131100
2023-07-12,4.92164698,4.94137302,4.87233188,4.8821949,18676204,92904481.5600,0.645300
2023-07-13,4.89205792,4.93151,4.85260584,4.87233188,20465224,101250754.8600,0.707100
2023-07-14,4.87233188,4.87233188,4.7835647,4.80329074,25734400,125379636.7000,0.889100
2023-07-17,4.7835647,4.80329074,4.74411262,4.75397564,16310483,78793011.7200,0.563500
2023-07-18,4.76383866,4.76383866,4.69479752,4.70466054,20497283,97964666.7500,0.708200
2023-07-19,4.70466054,4.72438658,4.6356194,4.66520846,18309761,86660694.3600,0.632600
2023-07-20,4.66520846,4.69479752,4.64548242,4.66520846,13666083,64720093.5900,0.472200
2023-07-21,4.66520846,4.69479752,4.62575638,4.65534544,15815223,74650325.2100,0.546400
2023-07-24,4.6356194,4.6849345,4.61589336,4.66520846,13059665,61750867.4500,0.451200
2023-07-25,4.6849345,4.72438658,4.6849345,4.71452356,14572021,69560598.2800,0.503500
2023-07-26,4.71452356,4.7342496,4.6849345,4.70466054,11429200,54393625.0000,0.394900
2023-07-27,4.70466054,4.72438658,4.67507148,4.67507148,10227349,48765518.2600,0.353400
2023-07-28,4.65534544,4.7342496,4.64548242,4.72438658,13433583,63973387.0800,0.464100
2023-07-31,4.72438658,4.76383866,4.71452356,4.75397564,16719832,80546162.9200,0.577700
2023-08-01,4.76383866,4.81315376,4.7342496,4.81315376,23259466,112706319.5200,0.803600
2023-08-02,4.82301678,4.82301678,4.77370168,4.79342772,13352900,64913299.0000,0.461300
2023-08-03,4.77370168,4.8328798,4.76383866,4.81315376,15974400,77899150.0000,0.551900
2023-08-04,4.86246886,4.90192094,4.82301678,4.8328798,31871256,157004362.2600,1.101100
2023-08-07,4.8328798,4.84274282,4.70466054,4.71452356,27356191,131328990.9100,0.945100
2023-08-08,4.7342496,4.7342496,4.65534544,4.67507148,18259452,86516079.6300,0.630900
2023-08-09,4.66520846,4.6849345,4.59616732,4.62575638,23227574,109155666.1800,0.802500
2023-08-10,4.61589336,4.66520846,4.61589336,4.65534544,9833336,46319731.5600,0.339700
2023-08-11,4.65534544,4.65534544,4.56657826,4.57644128,16131665,75271740.8400,0.557300
2023-08-14,4.55671524,4.59616732,4.52712618,4.5863043,13554683,62700748.2900,0.468300
2023-08-15,4.57644128,4.59616732,4.52712618,4.55671524,13719261,63319788.3700,0.474000
2023-08-16,4.54685222,4.54685222,4.50740014,4.51726316,10032300,45984619.0000,0.346600
2023-08-17,4.49753712,4.55671524,4.438359,4.54685222,12333471,56229600.9200,0.426100
2023-08-18,4.52712618,4.56657826,4.50740014,4.50740014,9085930,41800598.0000,0.313900
2023-08-21,4.49753712,4.54685222,4.47781108,4.4876741,11129900,50854486.0000,0.384500
2023-08-22,4.4876741,4.52712618,4.3397288,4.39890692,25909932,115773507.3100,0.895200
2023-08-23,4.3397288,4.34959182,3.95507102,3.95507102,159907152,644179845.9600,4.478100
2023-08-24,3.82685176,3.90575592,3.78739968,3.8465778,108484008,422084818.8800,3.038000
2023-08-25,3.80712572,3.81698874,3.67890646,3.68876948,97697901,369213435.1700,2.736000
2023-08-28,3.8465778,3.88602988,3.6493174,3.6493174,123897155,470530134.7600,3.469600
2023-08-29,3.62959136,3.75781062,3.60986532,3.7479476,71942528,270848117.0000,2.014700
2023-08-30,3.7479476,3.82685176,3.73808458,3.80712572,72749570,278677771.7500,2.037300
2023-08-31,3.85644082,3.85644082,3.78739968,3.7972627,61163472,236541701.2200,1.712800
2023-09-01,3.7972627,3.8465778,3.78739968,3.82685176,41502040,160652842.1000,1.162200
2023-09-04,3.83671478,3.8465778,3.7972627,3.8465778,58284900,226130556.0000,1.632200
2023-09-05,3.83671478,3.87616686,3.81698874,3.85644082,56459017,220094080.4300,1.581100
2023-09-06,3.83671478,3.85644082,3.81698874,3.8465778,34294300,133293798.0000,0.960400
2023-09-07,3.85644082,3.86630384,3.75781062,3.75781062,44623168,171587469.0800,1.249600
2023-09-08,3.76767364,3.78739968,3.70849552,3.71835854,53780281,203604180.1800,1.506100
2023-09-11,3.71835854,3.77753666,3.68876948,3.76767364,37055694,140576012.2000,1.037700
2023-09-12,3.76767364,3.80712572,3.73808458,3.75781062,56137718,214592535.4000,1.572100
2023-09-13,3.7479476,3.76767364,3.67890646,3.6986325,44525118,167599958.3200,1.246900
2023-09-14,3.6986325,3.70849552,3.63945438,3.65918042,38807600,144283170.0000,1.086800
2023-09-15,3.66904344,3.70849552,3.6493174,3.66904344,36059901,134327882.7200,1.009800
2023-09-18,3.6493174,3.68876948,3.61972834,3.67890646,31331261,116337696.5600,0.877400
2023-09-19,3.65918042,3.66904344,3.62959136,3.63945438,30147393,111515304.1700,0.844300
2023-09-20,3.62959136,3.63945438,3.59013928,3.6000023,45149529,165322562.5600,1.264400
2023-09-21,3.63945438,3.67890646,3.58027626,3.59013928,52478440,192346176.2700,1.469600
2023-09-22,3.57041324,3.65918042,3.5506872,3.6493174,48896252,178862721.8100,1.369300
2023-09-25,3.62959136,3.63945438,3.59013928,3.59013928,32128434,117464930.7600,0.899700
2023-09-26,3.59013928,3.63945438,3.57041324,3.61972834,36767036,134542385.6700,1.029600
2023-09-27,3.6000023,3.66904344,3.6000023,3.61972834,38464975,142005202.4000,1.077200
2023-09-28,3.62959136,3.67890646,3.60986532,3.66904344,34534245,127947907.2200,0.967100
2023-10-09,3.66904344,3.67890646,3.63945438,3.6493174,28617200,106092053.0000,0.801400
2023-10-10,3.6493174,3.70849552,3.63945438,3.6493174,30879500,114920399.0000,0.864700
2023-10-11,3.65918042,3.66904344,3.6000023,3.60986532,32980600,121431281.0000,0.923600
2023-10-12,3.61972834,3.68876948,3.60986532,3.67890646,35008479,129758246.9300,0.980400
2023-10-13,3.65918042,3.65918042,3.61972834,3.6493174,25312282,93326334.5800,0.708800
2023-10-16,3.6493174,3.65918042,3.57041324,3.59013928,33199996,121317590.2800,0.929700
2023-10-17,3.6000023,3.61972834,3.58027626,3.60986532,23551664,85994109.4200,0.659500
2023-10-18,3.6000023,3.60986532,3.51123512,3.51123512,42905136,154027213.1600,1.201500
2023-10-19,3.51123512,3.53096116,3.47178304,3.47178304,29806600,105666409.0000,0.834700
2023-10-20,3.46192002,3.5506872,3.44219398,3.5013721,44187786,157126234.6600,1.237400
2023-10-23,3.48164606,3.49150908,3.37315284,3.39287888,36981800,128368248.0000,1.035600
2023-10-24,3.38301586,3.43233096,3.37315284,3.42246794,39014130,134826427.5400,1.092500
2023-10-25,3.44219398,3.53096116,3.44219398,3.48164606,43924673,155271587.6900,1.230100
2023-10-26,3.46192002,3.48164606,3.41260492,3.47178304,33741890,117846523.2000,0.944900
2023-10-27,3.47178304,3.5506872,3.452057,3.54082418,41226870,146714187.2200,1.154500
2023-10-30,3.52109814,3.58027626,3.51123512,3.57041324,31914733,115022859.8000,0.893700
2023-10-31,3.60986532,3.70849552,3.6000023,3.60986532,76572000,282520088.8200,2.144300
2023-11-01,3.62959136,3.63945438,3.58027626,3.6000023,35318110,129135252.4000,0.989000
2023-11-02,3.57041324,3.61972834,3.5506872,3.56055022,30927103,112171851.1600,0.866100
2023-11-03,3.56055022,3.60986532,3.56055022,3.6000023,28205699,102774820.3700,0.789900
2023-11-06,3.61972834,3.66904344,3.61972834,3.6493174,55592146,205492467.4600,1.556800
2023-11-07,3.6493174,3.6493174,3.6000023,3.61972834,35078300,128683375.0000,0.982300
2023-11-08,3.60986532,3.62959136,3.58027626,3.6000023,36336090,132668436.6000,1.017500
2023-11-09,3.59013928,3.6493174,3.58027626,3.61972834,44914330,165078992.4000,1.257800
2023-11-10,3.60986532,3.63945438,3.57041324,3.62959136,38871886,141886570.8700,1.088600
2023-11-13,3.62959136,3.65918042,3.6000023,3.6493174,41117140,151409544.8500,1.151400
2023-11-14,3.6493174,3.68876948,3.62959136,3.6493174,37711900,139835118.3800,1.056100
2023-11-15,3.68876948,3.6986325,3.6493174,3.66904344,38758949,144535727.9000,1.085400
2023-11-16,3.66904344,3.66904344,3.60986532,3.60986532,31042501,114314409.6600,0.869300
2023-11-17,3.60986532,3.63945438,3.59013928,3.62959136,28534300,104580980.0000,0.799100
2023-11-20,3.63945438,3.63945438,3.60986532,3.62959136,22526269,82875934.5800,0.630800
2023-11-21,3.62959136,3.65918042,3.60986532,3.60986532,30188300,111310441.0000,0.845400
2023-11-22,3.60986532,3.61972834,3.56055022,3.56055022,32644900,118752911.0000,0.914200
2023-11-23,3.56055022,3.58027626,3.54082418,3.57041324,23738200,85783334.0000,0.664800
2023-11-24,3.57041324,3.57041324,3.51123512,3.52109814,34532519,123872342.6000,0.967000
2023-11-27,3.52109814,3.5506872,3.48164606,3.53096116,35161669,125108478.7400,0.984700
2023-11-28,3.52109814,3.59013928,3.49150908,3.59013928,32949638,118591044.1800,0.922700
2023-11-29,3.57041324,3.59013928,3.52109814,3.53096116,23596750,85000705.0000,0.660800
2023-11-30,3.54082418,3.54082418,3.47178304,3.49150908,25542832,90730178.8800,0.715300
2023-12-01,3.49150908,3.5013721,3.452057,3.49150908,38301812,134952372.3600,1.072600
2023-12-04,3.5013721,3.5013721,3.46192002,3.47178304,24638272,86920561.1600,0.690000
2023-12-05,3.46192002,3.47178304,3.4027419,3.41260492,33885400,118155980.0000,0.948900
2023-12-06,3.4027419,3.44219398,3.37315284,3.41260492,51684220,178270596.2200,1.447400
2023-12-07,3.4027419,3.46192002,3.38301586,3.44219398,37990093,131600851.0500,1.063900
2023-12-08,3.44219398,3.67890646,3.43233096,3.53096116,144983956,524606498.5700,4.060100
2023-12-11,3.52109814,3.54082418,3.41260492,3.53096116,67127509,236449662.0400,1.879800
2023-12-12,3.51123512,3.52109814,3.48164606,3.5013721,32433289,115040209.2600,0.908300
2023-12-13,3.49150908,3.52109814,3.452057,3.47178304,40752701,144299891.8200,1.141200
2023-12-14,3.48164606,3.5013721,3.46192002,3.48164606,27574600,97448300.0000,0.772200
2023-12-15,3.48164606,3.49150908,3.43233096,3.44219398,31861083,111972242.8400,0.892200
2023-12-18,3.43233096,3.43233096,3.37315284,3.38301586,37440065,128994085.4500,1.048500
2023-12-19,3.37315284,3.38301586,3.31397472,3.33370076,33894871,115027968.9800,0.949200
2023-12-20,3.33370076,3.3534268,3.3041117,3.31397472,25899735,87460482.1800,0.725300
2023-12-21,3.3041117,3.38301586,3.27452264,3.3534268,33940087,114201142.1800,0.950400
2023-12-22,3.34356378,3.4027419,3.3041117,3.37315284,41799086,142064650.4600,1.170500
2023-12-25,3.37315284,3.38301586,3.32383774,3.33370076,23266359,79065255.0200,0.651500
2023-12-26,3.33370076,3.34356378,3.28438566,3.28438566,22832900,76567065.0000,0.639400
2023-12-27,3.28438566,3.3041117,3.24493358,3.28438566,21601895,71691291.9400,0.604900
2023-12-28,3.28438566,3.47178304,3.26465962,3.452057,76353027,263360063.1600,2.138200
2023-12-29,3.452057,3.47178304,3.43233096,3.452057,38483740,134629573.0100,1.077700
2024-01-02,3.46192002,3.51123512,3.452057,3.49150908,42127366,149135808.0100,1.179700
2024-01-03,3.48164606,3.53096116,3.47178304,3.52109814,37036862,131731817.7200,1.037200
2024-01-04,3.51123512,3.51123512,3.452057,3.48164606,26399483,93169301.1600,0.739300
2024-01-05,3.47178304,3.52109814,3.44219398,3.46192002,36076100,127572002.0000,1.010300
2024-01-08,3.452057,3.46192002,3.39287888,3.39287888,27594300,95887733.2300,0.772700
2024-01-09,3.4027419,3.46192002,3.36328982,3.42246794,27235777,94374020.4200,0.762700
2024-01-10,3.4027419,3.56055022,3.37315284,3.47178304,64449425,227618666.2500,1.804800
2024-01-11,3.48164606,3.56055022,3.47178304,3.54082418,63181351,225774838.9000,1.769300
2024-01-12,3.54082418,3.6000023,3.53096116,3.54082418,57041112,206151416.1300,1.597400
2024-01-15,3.53096116,3.54082418,3.49150908,3.51123512,34727815,123867498.7900,0.972500
2024-01-16,3.5013721,3.53096116,3.44219398,3.5013721,37534748,132544124.0000,1.051100
2024-01-17,3.48164606,3.49150908,3.4027419,3.4027419,30559400,106961369.0000,0.855800
2024-01-18,3.39287888,3.43233096,3.3041117,3.42246794,44276392,150984729.1600,1.239900
2024-01-19,3.4027419,3.51123512,3.38301586,3.38301586,42423000,148162160.0000,1.188000
2024-01-22,3.38301586,3.38301586,3.17589244,3.2054815,51796884,172397180.4000,1.450500
2024-01-23,3.19561848,3.24493358,3.11671432,3.2054815,41889798,135641499.3000,1.173100
2024-01-24,3.2054815,3.3534268,3.11671432,3.29424868,58002058,189140230.5400,1.624300
2024-01-25,3.27452264,3.37315284,3.24493358,3.36328982,43645532,146846909.2700,1.222200
2024-01-26,3.34356378,3.39287888,3.33370076,3.34356378,34421169,117352312.2900,0.963900
2024-01-29,3.36328982,3.36328982,3.27452264,3.27452264,35792744,120173530.5200,1.002300
2024-01-30,3.2547966,3.31397472,3.18575546,3.2054815,46929145,154527601.4600,1.314200
2024-01-31,3.2054815,3.2547966,3.0575362,3.12657734,78588301,250697840.1800,2.200800
2024-02-01,3.08712526,3.12657734,3.01808412,3.02794714,57417505,178518508.3100,1.607900
2024-02-02,3.01808412,3.06739922,2.79123466,2.89972788,69686764,208090706.7600,1.951500
2024-02-05,2.87013882,2.88000184,2.64328936,2.72219352,76591500,212814024.3800,2.144800
2024-02-06,2.64328936,2.93917996,2.6137003,2.93917996,65686575,185628777.8000,1.839500
2024-02-07,2.91945392,3.1068513,2.89972788,3.1068513,95519167,295309068.4500,2.674900
2024-02-08,3.12657734,3.3534268,3.09698828,3.18575546,92429270,304342024.7200,2.588400
2024-02-19,3.23507056,3.24493358,3.09698828,3.1068513,73332813,234553152.5300,2.053600
2024-02-20,3.09698828,3.1068513,3.04767318,3.09698828,51587842,160896329.5800,1.444700
2024-02-21,3.07726224,3.17589244,3.04767318,3.11671432,62348540,197687740.5500,1.746000
2024-02-22,3.09698828,3.14630338,3.08712526,3.12657734,46427066,146571883.8000,1.300100
2024-02-23,3.13644036,3.19561848,3.11671432,3.16602942,59654611,190184161.6500,1.670600
2024-02-26,3.18575546,3.21534452,3.13644036,3.19561848,70943249,228029825.9800,1.986700
2024-02-27,3.17589244,3.24493358,3.1561664,3.24493358,64055872,207720089.1100,1.793800
2024-02-28,3.24493358,3.41260492,3.21534452,3.21534452,108317133,363466469.1700,3.033300
2024-02-29,3.18575546,3.29424868,3.17589244,3.28438566,67774995,223132622.7300,1.898000
2024-03-01,3.29424868,3.33370076,3.26465962,3.32383774,60600774,202806222.4000,1.697000
2024-03-04,3.31397472,3.3534268,3.28438566,3.3041117,44208150,148637213.0000,1.238000
2024-03-05,3.28438566,3.29424868,3.24493358,3.24493358,43930071,145412948.4800,1.230200
2024-03-06,3.24493358,3.33370076,3.23507056,3.3041117,44961368,149843123.4200,1.259100
2024-03-07,3.3041117,3.32383774,3.26465962,3.26465962,39170100,130732029.0000,1.096900
2024-03-08,3.26465962,3.34356378,3.26465962,3.3041117,43316549,145036391.6600,1.213000
2024-03-11,3.32383774,3.39287888,3.32383774,3.38301586,54722434,186402118.0000,1.532400
2024-03-12,3.39287888,3.39287888,3.33370076,3.3534268,46096069,156903183.9100,1.290900
2024-03-13,3.3534268,3.36328982,3.31397472,3.32383774,34040400,115032868.0000,0.953300
2024-03-14,3.32383774,3.3534268,3.28438566,3.3041117,33836840,113812163.2000,0.947600
2024-03-15,3.29424868,3.34356378,3.27452264,3.33370076,33656300,112858895.0000,0.942500
2024-03-18,3.33370076,3.36328982,3.31397472,3.36328982,38415865,130196040.8200,1.075800
2024-03-19,3.36328982,3.38301586,3.31397472,3.31397472,31881515,108011514.8100,0.892800
2024-03-20,3.31397472,3.32383774,3.29424868,3.31397472,29371544,98580637.6600,0.822500
2024-03-21,3.32383774,3.33370076,3.28438566,3.3041117,26678134,89383114.2200,0.747100
2024-03-22,3.29424868,3.3041117,3.21534452,3.22520754,43216500,142140492.0000,1.210200
2024-03-25,3.21534452,3.22520754,3.14630338,3.14630338,39719502,128479304.3000,1.112300
2024-03-26,3.14630338,3.21534452,3.13644036,3.19561848,36037201,115736075.1900,1.009200
2024-03-27,3.18575546,3.21534452,3.11671432,3.11671432,33677200,107958092.0000,0.943100
2024-03-28,3.1068513,3.16602942,3.1068513,3.13644036,35349000,112474932.0000,0.989900
2024-03-29,3.11671432,3.13644036,3.09698828,3.12657734,35355039,111694835.5900,0.990100
2024-04-01,3.13644036,3.19561848,3.12657734,3.19561848,36732720,118307146.9000,1.028700
2024-04-02,3.19561848,3.22520754,3.18575546,3.21534452,32139683,104425498.5600,0.900000
2024-04-03,3.2054815,3.2054815,3.1561664,3.17589244,27946593,90036377.4600,0.782600
2024-04-08,3.18575546,3.18575546,3.11671432,3.12657734,31327700,100007722.0000,0.877300
2024-04-09,3.12657734,3.23507056,3.11671432,3.18575546,48123233,155341380.0900,1.347600
2024-04-10,3.18575546,3.18575546,3.09698828,3.12657734,34073440,108436726.4800,0.954200
2024-04-11,3.1068513,3.16602942,3.06739922,3.13644036,43353916,137018492.3100,1.214100
2024-04-12,3.13644036,3.13644036,3.03781016,3.03781016,42584080,132687411.0000,1.192500
2024-04-15,3.04767318,3.08712526,2.96876902,3.04767318,43912995,135280315.1500,1.229700
2024-04-16,3.01808412,3.03781016,2.92931694,2.93917996,40690935,122609198.7500,1.139500
2024-04-17,2.958906,3.07726224,2.958906,3.07726224,41623500,127639666.0000,1.165600
2024-04-18,3.0575362,3.06739922,3.01808412,3.01808412,33363100,102686760.0000,0.934300
2024-04-19,3.0082211,3.04767318,2.96876902,2.96876902,29544577,89693688.7700,0.827400
2024-04-22,2.958906,3.0082211,2.93917996,2.96876902,21624300,65206218.0000,0.605600
2024-04-23,2.96876902,2.98849506,2.93917996,2.94904298,24082981,72162340.3900,0.674400
2024-04-24,2.94904298,2.96876902,2.92931694,2.958906,24910703,74391005.1200,0.697600
2024-04-25,2.94904298,2.98849506,2.92931694,2.96876902,26843377,80690666.7700,0.751700
2024-04-26,2.958906,3.01808412,2.94904298,3.01808412,37694600,114302079.0000,1.055600
2024-04-29,3.0082211,3.12657734,2.98849506,3.12657734,52090471,162946838.2000,1.458700
2024-04-30,3.0575362,3.0575362,2.91945392,2.94904298,91274379,275318581.5400,2.556000
2024-05-06,2.96876902,3.01808412,2.958906,2.98849506,43642797,132482611.2200,1.222200
2024-05-07,2.99835808,2.99835808,2.958906,2.97863204,35657845,107614205.9900,0.998600
2024-05-08,2.97863204,2.98849506,2.92931694,2.92931694,34519212,103416239.8800,0.966700
2024-05-09,2.92931694,2.99835808,2.91945392,2.97863204,39806679,120209245.8300,1.114700
2024-05-10,2.98849506,2.98849506,2.93917996,2.96876902,33320881,100038706.1400,0.933100
2024-05-13,2.958906,2.98849506,2.93917996,2.97863204,37260100,112121493.0000,1.043400
2024-05-14,2.97863204,2.99835808,2.94904298,2.958906,29919900,90091566.0000,0.837900
2024-05-15,2.96876902,2.96876902,2.92931694,2.92931694,29016793,86584905.0700,0.812600
2024-05-16,2.92931694,2.94904298,2.88986486,2.88986486,38508483,113869398.6800,1.078400
2024-05-17,2.88986486,2.9095909,2.83068674,2.88000184,50013496,145243453.0400,1.400600
2024-05-20,2.87013882,2.88986486,2.8602758,2.8602758,35271139,102736861.1000,0.987700
2024-05-21,2.8602758,2.87013882,2.80109768,2.8109607,30963242,88669934.7000,0.867100
2024-05-22,2.8109607,2.97863204,2.8109607,2.92931694,74064624,217857852.6900,2.074100
2024-05-23,2.93917996,2.94904298,2.83068674,2.84054976,44422278,129310621.6400,1.244000
2024-05-24,2.87013882,2.96876902,2.8602758,2.9095909,71985978,213748490.3200,2.015900
2024-05-27,2.91945392,2.94904298,2.8109607,2.85041278,56731006,164477900.5900,1.588700
2024-05-28,2.84054976,2.88000184,2.83068674,2.84054976,39430053,114192181.6400,1.104200
2024-05-29,2.84054976,2.91945392,2.83068674,2.8602758,40648841,118670595.4900,1.138300
2024-05-30,2.88000184,2.88986486,2.8109607,2.83068674,42094700,121070417.0000,1.178800
2024-05-31,2.8109607,2.83068674,2.80109768,2.80109768,31083525,88638228.0000,0.870500
2024-06-03,2.79123466,2.80109768,2.72219352,2.74191956,44283715,123223497.5700,1.240100
2024-06-04,2.72219352,2.73205654,2.6630154,2.72219352,46062181,125583284.5400,1.289900
2024-06-05,2.72219352,2.72219352,2.65315238,2.65315238,27046500,73559217.0000,0.757400
2024-06-06,2.65315238,2.67287842,2.53479614,2.55452218,56310367,147747529.8000,1.576900
2024-06-07,2.55452218,2.60383728,2.55452218,2.59397426,31279682,81859249.5600,0.875900
2024-06-11,2.58411124,2.62356332,2.55452218,2.60383728,29131709,76698233.7600,0.815800
2024-06-12,2.60383728,2.62356332,2.59397426,2.59397426,23661283,62493351.2900,0.662600
2024-06-13,2.60383728,2.6137003,2.55452218,2.59397426,36969206,96891533.3200,1.035300
2024-06-14,2.58407226,2.64347622,2.56427094,2.6236749,65002429,171255339.0200,1.820300
2024-06-17,2.61377424,2.70288018,2.5741716,2.61377424,49749263,132396311.3200,1.393200
2024-06-18,2.61377424,2.64347622,2.59397292,2.6236749,24988977,66109225.3100,0.699800
2024-06-19,2.6236749,2.63357556,2.56427094,2.56427094,27567600,71863278.0000,0.772000
2024-06-20,2.5741716,2.5741716,2.43556236,2.44546302,52502060,131520341.6900,1.470300
2024-06-21,2.44546302,2.45536368,2.33655576,2.35635708,60709691,146028737.6700,1.700100
2024-06-24,2.30685378,2.34645642,2.25735048,2.2771518,52230800,120778001.0000,1.462700
2024-06-25,2.26725114,2.28705246,2.21774784,2.23754916,37223591,84597119.4800,1.042400
2024-06-26,2.24744982,2.35635708,2.2276485,2.35635708,46301800,107388799.0000,1.296600
2024-06-27,2.35635708,2.36625774,2.25735048,2.25735048,37548324,86957507.9800,1.051500
2024-06-28,2.25735048,2.29695312,2.24744982,2.25735048,33888700,77868666.0000,0.949000
2024-07-01,2.25735048,2.29695312,2.23754916,2.28705246,29080674,66531538.4600,0.814400
2024-07-02,2.2771518,2.31675444,2.26725114,2.28705246,28156214,65186569.3400,0.788500
2024-07-03,2.28705246,2.31675444,2.2771518,2.28705246,25272800,58608463.0000,0.707700
2024-07-04,2.28705246,2.30685378,2.20784718,2.2276485,31849400,72130312.0000,0.891900
2024-07-05,2.2276485,2.24744982,2.19794652,2.23754916,22583456,50909995.8200,0.632400
2024-07-08,2.2276485,2.23754916,2.15834388,2.15834388,32319251,71154086.0100,0.905100
2024-07-09,2.15834388,2.20784718,2.11874124,2.18804586,35066713,76694727.7500,0.982000
2024-07-10,2.1781452,2.20784718,2.13854256,2.13854256,30802958,67463248.7700,0.862600
2024-07-11,2.16824454,2.23754916,2.16824454,2.21774784,35898558,80051884.6500,1.005300
2024-07-12,2.2276485,2.24744982,2.20784718,2.21774784,24298550,54611691.0000,0.680400
2024-07-15,2.20784718,2.21774784,2.14844322,2.15834388,28691404,63077077.7600,0.803500
2024-07-16,2.15834388,2.16824454,2.14844322,2.15834388,17261300,37595832.0000,0.483400
2024-07-17,2.15834388,2.18804586,2.14844322,2.15834388,25021900,54760667.0000,0.700700
2024-07-18,2.13854256,2.15834388,2.10884058,2.15834388,28651650,61796325.5000,0.802400
2024-07-19,2.14844322,2.15834388,2.10884058,2.14844322,25120290,54214527.4000,0.703500
2024-07-22,2.13854256,2.16824454,2.1286419,2.14844322,22521000,48911300.0000,0.630700
2024-07-23,2.13854256,2.19794652,2.13854256,2.13854256,31556115,69060879.8500,0.883700
2024-07-24,2.13854256,2.13854256,2.08903926,2.09893992,30861700,65830431.3600,0.864200
2024-07-25,2.08903926,2.16824454,2.0791386,2.15834388,39598264,85570011.2400,1.108900
2024-07-26,2.15834388,2.18804586,2.14844322,2.16824454,23259100,50933313.0000,0.651300
2024-07-29,2.1781452,2.18804586,2.14844322,2.15834388,20631500,45074684.0000,0.577800
2024-07-30,2.14844322,2.16824454,2.13854256,2.15834388,16339917,35554599.8900,0.457600
2024-07-31,2.15834388,2.26725114,2.13854256,2.25735048,55974271,125832933.5700,1.567500
2024-08-01,2.24744982,2.34645642,2.23754916,2.3266551,69546183,161909925.2200,1.947600
2024-08-02,2.30685378,2.56427094,2.29695312,2.43556236,137438673,340353651.4900,3.848800
2024-08-05,2.38605906,2.43556236,2.30685378,2.31675444,72136195,173111335.1400,2.020100
2024-08-06,2.33655576,2.38605906,2.31675444,2.35635708,47864055,113304068.9900,1.340400
2024-08-07,2.35635708,2.38605906,2.31675444,2.33655576,28726200,67742987.0000,0.804400
2024-08-08,2.31675444,2.36625774,2.30685378,2.36625774,28721200,67910698.0000,0.804300
2024-08-09,2.36625774,2.3761584,2.3266551,2.3266551,23224800,54986773.0000,0.650400
2024-08-12,2.33655576,2.35635708,2.31675444,2.33655576,22379400,52678652.0000,0.626700
2024-08-13,2.31675444,2.39595972,2.28705246,2.3761584,34416200,81849852.0000,0.963800
2024-08-14,2.36625774,2.38605906,2.34645642,2.34645642,16536034,39485819.5800,0.463100
2024-08-15,2.34645642,2.41576104,2.3266551,2.39595972,39775200,95848628.0000,1.113900
2024-08-16,2.38605906,2.45536368,2.3761584,2.4256617,46115123,112666814.3500,1.291400
2024-08-19,2.41576104,2.45536368,2.3761584,2.39595972,34382334,83577543.9400,0.962800
2024-08-20,2.39595972,2.40586038,2.3266551,2.34645642,23405703,55431740.1100,0.655400
2024-08-21,2.34645642,2.35635708,2.2771518,2.29695312,21138534,49344949.2400,0.592000
2024-08-22,2.29695312,2.31675444,2.2276485,2.23754916,22669500,51857920.0000,0.634800
2024-08-23,2.23754916,2.26725114,2.21774784,2.24744982,19048534,43119886.1800,0.533400
2024-08-26,2.24744982,2.29695312,2.24744982,2.29695312,12470300,28748113.0000,0.349200
2024-08-27,2.28705246,2.29695312,2.24744982,2.25735048,15499336,35499851.4400,0.434000
2024-08-28,2.24744982,2.29695312,2.23754916,2.2771518,12511783,28782780.9000,0.350400
2024-08-29,2.2771518,2.38605906,2.2771518,2.36625774,33083922,78592008.9400,0.926500
2024-08-30,2.35635708,2.45536368,2.35635708,2.4256617,37692520,91974270.8500,1.055500
2024-09-02,2.4256617,2.46526434,2.38605906,2.38605906,41933792,102731435.4000,1.174300
2024-09-03,2.38605906,2.4256617,2.3761584,2.39595972,27289382,66243407.2600,0.764200
2024-09-04,2.38605906,2.41576104,2.36625774,2.3761584,17407790,41990882.0000,0.487500
2024-09-05,2.3761584,2.40586038,2.36625774,2.38605906,16062700,38746700.0000,0.449800
2024-09-06,2.38605906,2.39595972,2.31675444,2.3266551,18546400,43924333.0000,0.519400
2024-09-09,2.31675444,2.34645642,2.29695312,2.31675444,16518400,38727896.1700,0.462600
2024-09-10,2.30685378,2.3266551,2.26725114,2.3266551,17817700,41376721.0000,0.499000
2024-09-11,2.31675444,2.33655576,2.28705246,2.31675444,13856000,32351438.0000,0.388000
2024-09-12,2.29695312,2.38605906,2.29695312,2.31675444,17477100,41323516.0000,0.489400
2024-09-13,2.31675444,2.3266551,2.28705246,2.29695312,12245000,28524004.0000,0.342900
2024-09-18,2.29695312,2.30685378,2.23754916,2.2771518,12532900,28706146.0000,0.351000
2024-09-19,2.2771518,2.34645642,2.2771518,2.31675444,25613300,59996299.0000,0.717300
2024-09-20,2.31675444,2.31675444,2.26725114,2.28705246,24071700,55636605.0000,0.674100
2024-09-23,2.28705246,2.28705246,2.2276485,2.23754916,34758934,78765328.8400,0.973400
2024-09-24,2.24744982,2.36625774,2.24744982,2.36625774,49696200,116127364.0000,1.391700
2024-09-25,2.38605906,2.45536368,2.3761584,2.39595972,49901610,121903903.2000,1.397400
2024-09-26,2.38605906,2.49496632,2.36625774,2.49496632,59475600,146381652.0000,1.665500
2024-09-27,2.50486698,2.64347622,2.50486698,2.63357556,63710466,166050264.7800,1.784100
2024-09-30,2.73258216,2.90089338,2.7226815,2.90089338,153718796,439787257.4200,4.304700
2024-10-08,3.18801252,3.18801252,3.00980064,3.15831054,184464022,582448883.9500,5.165700
2024-10-09,3.10880724,3.10880724,2.85139008,2.86129074,121301862,364753739.9000,3.396900
2024-10-10,2.86129074,2.96029734,2.83158876,2.84148942,80391300,234511239.0000,2.251200
2024-10-11,2.86129074,2.86129074,2.66327754,2.70288018,70075392,194118838.4000,1.962400
2024-10-14,2.73258216,2.74248282,2.64347622,2.71278084,69383300,188760957.0000,1.943000
2024-10-15,2.70288018,2.70288018,2.64347622,2.65337688,67984726,183655129.1500,1.903800
2024-10-16,2.61377424,2.6731782,2.60387358,2.63357556,55687366,148385173.5600,1.559400
2024-10-17,2.64347622,2.66327754,2.58407226,2.58407226,49301300,130419293.0000,1.380600
2024-10-18,2.58407226,2.71278084,2.55437028,2.66327754,87259065,231249423.3500,2.443600
2024-10-21,2.70288018,2.7721848,2.66327754,2.70288018,78859042,216705459.8000,2.208300
2024-10-22,2.71278084,2.76228414,2.68307886,2.76228414,62830480,172682046.2000,1.759500
2024-10-23,2.7721848,2.86129074,2.7226815,2.81178744,110558050,311345591.5000,3.096000
2024-10-24,2.80188678,2.80188678,2.74248282,2.76228414,57735653,161208932.9300,1.616800
2024-10-25,2.76228414,2.9206947,2.75238348,2.90089338,113447500,328323528.0000,3.176900
2024-10-28,2.93059536,2.95039668,2.86129074,2.94049602,90545266,265269131.5500,2.535600
2024-10-29,2.970198,3.03950262,2.84148942,2.85139008,99163483,291996725.7000,2.776900
2024-10-30,2.83158876,2.9206947,2.8216881,2.8711914,60183082,174847939.2900,1.685300
2024-10-31,2.94049602,3.15831054,2.93059536,3.15831054,242748086,755875686.8800,6.797800
2024-11-01,3.23751582,3.25731714,3.0692046,3.08900592,214300783,682753501.9600,6.001200
2024-11-04,3.05930394,3.1187079,3.0197013,3.07910526,104828347,323792545.9500,2.935600
2024-11-05,3.04940328,3.15831054,3.04940328,3.13850922,121542370,382169001.3900,3.403600
2024-11-06,3.12860856,3.14840988,3.05930394,3.08900592,105044800,328978211.5000,2.941600
2024-11-07,3.04940328,3.24741648,3.02960196,3.18801252,139568469,443516891.4400,3.908400
2024-11-08,3.19791318,3.23751582,3.12860856,3.14840988,110618300,355993464.0000,3.097700
2024-11-11,3.14840988,3.29691978,3.13850922,3.23751582,112641029,365158090.0900,3.154400
2024-11-12,3.24741648,3.24741648,3.07910526,3.12860856,122755200,392047894.0000,3.437600
2024-11-13,3.09890658,3.1187079,3.0197013,3.0692046,81897900,253154696.0000,2.293400
2024-11-14,3.0692046,3.07910526,2.96029734,2.98009866,70096850,212615364.5000,1.963000
2024-11-15,2.96029734,3.00980064,2.90089338,2.91079404,63317500,188676344.0000,1.773100
2024-11-18,2.93059536,3.08900592,2.93059536,3.0197013,103953750,317673735.0000,2.911100
2024-11-19,3.05930394,3.05930394,2.9206947,3.00980064,72544059,217215878.2300,2.031500
2024-11-20,3.00980064,3.02960196,2.96029734,3.0197013,57957800,175382627.0000,1.623000
2024-11-21,3.0197013,3.03950262,2.96029734,2.98009866,46301580,139775945.8000,1.296600
2024-11-22,2.98009866,2.98999932,2.8711914,2.88109206,52843400,157017590.0000,1.479800
2024-11-25,2.88109206,2.91079404,2.83158876,2.89099272,40529636,117572041.2100,1.135000
2024-11-26,2.88109206,2.91079404,2.85139008,2.8711914,28037800,81539908.0000,0.785200
2024-11-27,2.8711914,2.91079404,2.80188678,2.91079404,43750392,126042449.8000,1.225200
2024-11-28,2.90089338,2.95039668,2.90089338,2.9206947,43457700,128432043.0000,1.217000
2024-11-29,2.9206947,2.96029734,2.88109206,2.94049602,48719300,144089477.0000,1.364300
2024-12-02,2.9206947,3.00980064,2.91079404,2.99989998,65690097,196864307.9700,1.839600
2024-12-03,3.00980064,3.08900592,2.98009866,3.02960196,70288698,214775915.9800,1.968300
2024-12-04,3.02960196,3.03950262,2.95039668,2.970198,51394168,155141985.3200,1.439200
2024-12-05,2.96029734,2.99989998,2.95039668,2.99989998,43963568,132238892.9700,1.231100
2024-12-06,2.99989998,3.1682112,2.98999932,3.1187079,129903797,404360402.9600,3.637800
2024-12-09,3.13850922,3.20781384,3.0692046,3.10880724,96986085,306350670.4600,2.716000
2024-12-10,3.17811186,3.19791318,3.07910526,3.08900592,83157613,263021675.6000,2.328700
2024-12-11,3.08900592,3.1682112,3.07910526,3.14840988,71759258,227597547.4400,2.009500
2024-12-12,3.13850922,3.15831054,3.09890658,3.13850922,59529434,188143356.6500,1.667000
2024-12-13,3.13850922,3.13850922,3.04940328,3.0692046,78935672,245743112.7600,2.210500
2024-12-16,3.0692046,3.10880724,3.02960196,3.04940328,59648036,184737804.8800,1.670400
2024-12-17,3.05930394,3.05930394,2.96029734,2.98009866,59308813,179402614.3900,1.660900
2024-12-18,2.98009866,3.04940328,2.96029734,2.970198,47547900,144287909.0000,1.331500
2024-12-19,2.95039668,2.970198,2.91079404,2.94049602,47231621,139947626.1600,1.322700
2024-12-20,2.94049602,2.96029734,2.9206947,2.95039668,35495500,105537074.0000,0.994000
2024-12-23,2.94049602,2.95039668,2.86129074,2.8711914,55963917,163806591.1500,1.567200
2024-12-24,2.8711914,2.9206947,2.8711914,2.89099272,31109900,90996545.0000,0.871200
2024-12-25,2.91079404,2.91079404,2.8216881,2.86129074,37747585,108822970.9500,1.057100
2024-12-26,2.86129074,2.89099272,2.85139008,2.86129074,25193600,72972424.0000,0.705500
2024-12-27,2.8711914,2.95039668,2.86129074,2.9206947,44423900,130956540.0000,1.244000
2024-12-30,2.91079404,2.9206947,2.84148942,2.8711914,37360487,108203095.4300,1.046200
2024-12-31,2.8711914,2.90089338,2.79198612,2.79198612,36737200,105291908.0000,1.028800
2025-01-02,2.80188678,2.81178744,2.69297952,2.73258216,44819200,125070007.0000,1.255100
2025-01-03,2.73258216,2.74248282,2.65337688,2.66327754,41129300,112182063.0000,1.151800
2025-01-06,2.68307886,2.7226815,2.65337688,2.69297952,34307600,93239633.0000,0.960700
2025-01-07,2.69297952,2.70288018,2.65337688,2.69297952,26560900,71990036.0000,0.743800
2025-01-08,2.69297952,2.70288018,2.61377424,2.68307886,37996600,102108575.0000,1.064000
2025-01-09,2.6731782,2.69297952,2.64347622,2.6731782,25929500,70020060.0000,0.726100
2025-01-10,2.6731782,2.6731782,2.59397292,2.59397292,28633283,76037092.6000,0.801800
2025-01-13,2.5741716,2.61377424,2.55437028,2.60387358,24865700,64927241.0000,0.696300
2025-01-14,2.60387358,2.71278084,2.60387358,2.70288018,38237700,102720312.0000,1.070800
2025-01-15,2.70288018,2.70288018,2.63357556,2.6731782,34942600,94005603.0000,0.978500
2025-01-16,2.6731782,2.73258216,2.66327754,2.68307886,37283000,101711530.0000,1.044100
2025-01-17,2.6731782,2.69297952,2.65337688,2.66327754,23999500,64754234.0000,0.672100
2025-01-20,2.68307886,2.70288018,2.64347622,2.66327754,26349300,71075055.0000,0.737900
2025-01-21,2.6731782,2.68307886,2.61377424,2.6236749,28312400,75375665.0000,0.792800
2025-01-22,2.63357556,2.63357556,2.5741716,2.58407226,28468383,74768492.6300,0.797200
2025-01-23,2.60387358,2.66327754,2.5741716,2.5741716,37133000,98201625.0000,1.039900
2025-01-24,2.58407226,2.61377424,2.55437028,2.60387358,35442695,92778002.9000,0.992500
2025-01-27,2.61377424,2.6731782,2.61377424,2.61377424,32052900,85454437.0000,0.897600
2025-02-05,2.64347622,2.6731782,2.6236749,2.64347622,30123990,80518134.4000,0.843600
2025-02-06,2.64347622,2.69297952,2.61377424,2.69297952,34469195,92675788.5500,0.965300
2025-02-07,2.69297952,2.78208546,2.68307886,2.75238348,65924900,182476832.0000,1.846100
2025-02-10,2.7721848,2.80188678,2.74248282,2.76228414,46021500,128532921.0000,1.288800
2025-02-11,2.76228414,2.79198612,2.7226815,2.75238348,39550000,109768658.0000,1.107500
2025-02-12,2.74248282,2.7721848,2.7226815,2.76228414,30377000,84405624.0000,0.850700
2025-02-13,2.76228414,2.7721848,2.74248282,2.75238348,33830400,94309385.0000,0.947400
2025-02-14,2.75238348,2.7721848,2.73258216,2.74248282,30871907,85810320.4600,0.864500
2025-02-17,2.75238348,2.79198612,2.73258216,2.76228414,54053900,150966414.0000,1.513700
2025-02-18,2.78208546,2.78208546,2.69297952,2.70288018,52887200,146178458.1100,1.481000
2025-02-19,2.69297952,2.71278084,2.66327754,2.70288018,40526700,110012342.0000,1.134900
2025-02-20,2.71278084,2.71278084,2.6731782,2.68307886,35892914,97530437.9400,1.005100
2025-02-21,2.69297952,2.74248282,2.66327754,2.73258216,52323097,143147094.4600,1.465200
2025-02-24,2.74248282,2.78208546,2.73258216,2.76228414,47263362,131384851.3600,1.323500
2025-02-25,2.74248282,2.7721848,2.7226815,2.75238348,35687862,99214481.1200,0.999400
2025-02-26,2.74248282,2.80188678,2.74248282,2.80188678,60557741,170002063.8000,1.695800
2025-02-27,2.80188678,2.8216881,2.74248282,2.76228414,46280100,129423567.0000,1.296000
2025-02-28,2.75238348,2.78208546,2.71278084,2.7226815,41412700,114568969.0000,1.159700
2025-03-03,2.7226815,2.75238348,2.70288018,2.71278084,32788802,90344075.5200,0.918200
2025-03-04,2.70288018,2.7226815,2.69297952,2.70288018,28166789,76947662.9700,0.788800
2025-03-05,2.70288018,2.74248282,2.6236749,2.69297952,66148779,178801918.3000,1.852400
2025-03-06,2.71278084,2.76228414,2.68307886,2.76228414,51100301,141176192.7200,1.431000
2025-03-07,2.75238348,2.76228414,2.7226815,2.73258216,36109700,99994188.0000,1.011200
2025-03-10,2.73258216,2.76228414,2.70288018,2.7226815,30873600,85015413.0000,0.864600
2025-03-11,2.70288018,2.74248282,2.68307886,2.73258216,30501700,83688937.0000,0.854200
2025-03-12,2.73258216,2.75238348,2.71278084,2.73258216,40455200,111710623.0000,1.132900
2025-03-13,2.73258216,2.74248282,2.69297952,2.7226815,35509195,97429751.3000,0.994400
2025-03-14,2.7226815,2.7721848,2.70288018,2.7721848,66446588,184687616.6700,1.860700
2025-03-17,2.78208546,2.83158876,2.7721848,2.79198612,66610623,188372688.5500,1.865300
2025-03-18,2.79198612,2.88109206,2.76228414,2.86129074,96298610,274495149.8500,2.696700
2025-03-19,2.88109206,2.90089338,2.83158876,2.85139008,74961402,216333765.8200,2.099200
2025-03-20,2.85139008,2.89099272,2.83158876,2.8711914,70353400,203928008.0000,1.970100
2025-03-21,2.86129074,2.91079404,2.83158876,2.85139008,64759190,187727085.0000,1.813500
2025-03-24,2.84148942,2.85139008,2.76228414,2.81178744,63078000,178672932.0000,1.766400
2025-03-25,2.81178744,2.8711914,2.78208546,2.86129074,64111150,184300646.5000,1.795300
2025-03-26,2.86129074,2.89099272,2.83158876,2.86129074,53870900,155792517.0000,1.508600
2025-03-27,2.86129074,2.86129074,2.80188678,2.81178744,40664380,115780963.2000,1.138700
2025-03-28,2.81178744,2.84148942,2.7721848,2.78208546,35598600,100667022.0000,0.996900
2025-03-31,2.7721848,2.78208546,2.7226815,2.7226815,38939400,107986302.3100,1.090400
2025-04-01,2.73258216,2.79198612,2.73258216,2.79198612,40822269,114432419.8200,1.143200
2025-04-02,2.79198612,2.80188678,2.75238348,2.7721848,27316300,76455143.0000,0.765000
2025-04-03,2.75238348,2.8216881,2.75238348,2.81178744,48800869,137782797.8900,1.366600
2025-04-07,2.73258216,2.74248282,2.53456896,2.53456896,82198100,216800295.0000,2.301800
2025-04-08,2.53456896,2.6236749,2.53456896,2.5741716,77775300,202548127.0000,2.178000
2025-04-09,2.55437028,2.59397292,2.41576104,2.58407226,58884697,149965166.0500,1.649000
2025-04-10,2.6236749,2.64347622,2.58407226,2.61377424,48650988,128800335.3200,1.362400
2025-04-11,2.59397292,2.6236749,2.5741716,2.60387358,32580283,85654051.2900,0.912400
2025-04-14,2.63357556,2.71278084,2.6236749,2.66327754,50564300,136116240.0000,1.416000
2025-04-15,2.6731782,2.68307886,2.61377424,2.64347622,29207583,77764910.9500,0.817900
2025-04-16,2.63357556,2.66327754,2.58407226,2.61377424,37418583,98816846.7800,1.047900
2025-04-17,2.59397292,2.66327754,2.58407226,2.64347622,42579400,113084792.0000,1.192400
2025-04-18,2.63357556,2.64347622,2.58407226,2.60387358,39552710,103937063.3000,1.107600
2025-04-21,2.60387358,2.6236749,2.59397292,2.60387358,30495183,80459001.1200,0.854000
2025-04-22,2.61377424,2.64347622,2.59397292,2.60387358,38041500,100452463.0000,1.065300
2025-04-23,2.61377424,2.63357556,2.58407226,2.59397292,34349500,90200698.0000,0.961900
2025-04-24,2.58407226,2.6236749,2.58407226,2.60387358,36689300,96461119.0000,1.027400
2025-04-25,2.60387358,2.6731782,2.59397292,2.64347622,73237500,195560514.0000,2.050900
2025-04-28,2.64347622,2.65337688,2.59397292,2.60387358,45097400,119025253.0000,1.262900
2025-04-29,2.59397292,2.60387358,2.5741716,2.58407226,38181683,99695477.6300,1.069200
2025-04-30,2.5741716,2.60387358,2.56427094,2.56427094,37022283,96528362.9700,1.036800
2025-05-06,2.5741716,2.65337688,2.5741716,2.64347622,53034785,140277144.6100,1.485200
2025-05-07,2.66327754,2.6731782,2.6236749,2.64347622,40716608,108930389.3600,1.140200
2025-05-08,2.64347622,2.68307886,2.63357556,2.66327754,43953051,118385001.6800,1.230800
2025-05-09,2.65337688,2.68307886,2.65337688,2.66327754,34325346,92438330.2000,0.961200
2025-05-12,2.66327754,2.6731782,2.64347622,2.65337688,34515700,92620368.0000,0.966600
2025-05-13,2.68307886,2.7226815,2.65337688,2.6731782,55614700,150961365.0000,1.557400
2025-05-14,2.66327754,2.69297952,2.63357556,2.68307886,50316600,135252349.0000,1.409000
2025-05-15,2.6731782,2.68307886,2.64347622,2.65337688,29285800,78631081.0000,0.820100
2025-05-16,2.65337688,2.6731782,2.64347622,2.64347622,21587734,57925928.7800,0.604500
2025-05-19,2.64347622,2.6731782,2.63357556,2.66327754,26849600,72020019.0000,0.751900
2025-05-20,2.66327754,2.6731782,2.65337688,2.6731782,26506467,71350806.1300,0.742300
2025-05-21,2.6731782,2.68307886,2.65337688,2.66327754,30726600,82748608.0000,0.860500
2025-05-22,2.65337688,2.66327754,2.61377424,2.61377424,39363200,104718339.3300,1.102300
2025-05-23,2.6236749,2.63357556,2.5741716,2.58407226,34161580,89991691.3500,0.956600
2025-05-26,2.58407226,2.60387358,2.5741716,2.59397292,23288983,60944905.8000,0.652200
2025-05-27,2.59397292,2.60387358,2.56427094,2.59397292,31379723,81936551.1100,0.878700
2025-05-28,2.59397292,2.61377424,2.56427094,2.5741716,33021967,86359174.8700,0.924700
2025-05-29,2.5741716,2.61377424,2.56427094,2.60387358,32034885,84208445.5500,0.897100
2025-05-30,2.60387358,2.61377424,2.5741716,2.58407226,22037400,57571589.0000,0.617100
2025-06-03,2.5741716,2.59397292,2.56427094,2.58407226,26935783,70192276.8000,0.754300
2025-06-04,2.58407226,2.60387358,2.5741716,2.60387358,21977264,57566023.8600,0.615400
2025-06-05,2.60387358,2.6731782,2.60387358,2.64347622,61482839,163968027.7400,1.721700
2025-06-06,2.63357556,2.64347622,2.61377424,2.6236749,27029039,71747319.7400,0.756900
2025-06-09,2.63357556,2.66327754,2.6236749,2.64347622,34114900,90992841.0000,0.955300
2025-06-10,2.64347622,2.65337688,2.60387358,2.6236749,44492258,118301890.7000,1.245900
2025-06-11,2.6236749,2.65337688,2.61377424,2.63357556,37352200,99539563.0000,1.046000
2025-06-12,2.63357556,2.64347622,2.60387358,2.61377424,31003600,81973673.0000,0.868200
2025-06-13,2.61377424,2.63357556,2.60387358,2.60387358,32779800,86577093.0000,0.918000
2025-06-16,2.61377424,2.61377424,2.59397292,2.60387358,19900165,52373175.3000,0.557300
2025-06-17,2.61377424,2.70288018,2.60387358,2.70288018,107658183,289338520.2100,3.014800
2025-06-18,2.71278084,2.75238348,2.69297952,2.70288018,87076639,239085482.3000,2.438500
2025-06-19,2.69297952,2.71278084,2.61377424,2.65337688,61858700,165451912.0000,1.732300
2025-06-20,2.65337688,2.88109206,2.64347622,2.78208546,161779164,452268372.1900,4.530400
2025-06-23,2.75238348,2.78208546,2.7226815,2.74248282,77624300,215191544.0000,2.173800
2025-06-24,2.76228414,2.76228414,2.73258216,2.75238348,66877706,185546841.5600,1.872800
2025-06-25,2.74248282,2.91079404,2.74248282,2.89099272,179914566,518263245.6000,5.038300
2025-06-26,2.8711914,3.0197013,2.86129074,2.970198,141149260,420019796.5900,3.952700
2025-06-27,2.98009866,3.00980064,2.9206947,2.93059536,81596900,243107735.0000,2.285000
2025-06-30,2.96029734,2.98999932,2.91079404,2.94049602,72948500,216854605.0000,2.042800
2025-07-01,2.93059536,2.970198,2.9206947,2.95039668,51021500,151682979.0000,1.428800
2025-07-02,2.95039668,2.99989998,2.91079404,2.98999932,98848136,295025757.9600,2.768100
2025-07-03,3.0,3.01,2.93,2.99,73306100,217527309.0000,2.052800
2025-07-04,3.0,3.02,2.96,2.98,55538052,166034136.4800,1.555300
2025-07-07,2.96,3.0,2.96,2.99,38292482,114056948.5400,1.072300
2025-07-08,2.99,3.06,2.95,3.06,102766894,311335172.3900,2.877800
2025-07-09,3.06,3.24,3.04,3.23,189167987,597617485.3400,5.297400
2025-07-10,3.2,3.37,3.19,3.34,244488812,806647898.5900,6.846600
2025-07-11,3.35,3.45,3.34,3.42,199254721,676172937.1200,5.579800
2025-07-14,3.4,3.47,3.38,3.42,118700700,405654273.0000,3.324000
2025-07-15,3.42,3.43,3.26,3.35,138924047,461725909.7900,3.890400
2025-07-16,3.32,3.35,3.25,3.28,85468782,281245044.0500,2.393400
2025-07-17,3.27,3.35,3.26,3.28,68565183,226351942.9000,1.920100
2025-07-18,3.29,3.35,3.28,3.33,74952655,248508479.0500,2.098900
2025-07-21,3.33,3.34,3.29,3.29,57831858,191484049.8400,1.619500
2025-07-22,3.29,3.31,3.22,3.25,94378963,306579479.5900,2.642900
2025-07-23,3.28,3.28,3.21,3.23,57462360,186767065.0000,1.609200
2025-07-24,3.25,3.38,3.24,3.3,133570638,441899138.7600,3.740500
2025-07-25,3.35,3.35,3.28,3.31,57533348,189973834.6400,1.611100
2025-07-28,3.33,3.4,3.29,3.35,83462042,279660189.1600,2.337200
2025-07-29,3.36,3.38,3.23,3.35,103107674,338671322.4800,2.887400
2025-07-30,3.35,3.48,3.28,3.31,92991219,312596681.6300,2.604100
2025-07-31,3.3,3.3,3.15,3.18,112632395,361501338.5000,3.154100
2025-08-01,3.17,3.23,3.15,3.17,55220653,175735603.3700,1.546400
2025-08-04,3.15,3.17,3.09,3.11,97342075,303343976.1500,2.725900
2025-08-05,3.11,3.12,3.07,3.11,51413982,159225470.5900,1.439800
2025-08-06,3.11,3.12,3.08,3.1,61510212,190274205.9600,1.722500
2025-08-07,3.14,3.29,3.07,3.24,195688629,623194487.9000,5.480000
2025-08-08,3.22,3.24,3.15,3.24,93316618,298109556.9100,2.613200
2025-08-11,3.23,3.33,3.16,3.3,111210519,361269651.3200,3.114300
2025-08-12,3.29,3.3,3.24,3.26,55244931,180222302.9800,1.547100
2025-08-13,3.26,3.28,3.23,3.26,51765493,168469604.9100,1.449600
2025-08-14,3.28,3.59,3.27,3.58,328254664,1161504248.2700,9.192300
2025-08-15,3.43,3.62,3.39,3.58,325046618,1154633634.5100,9.102500
2025-08-18,3.59,3.77,3.59,3.75,260956763,961689006.6100,7.307700
2025-08-19,3.74,3.98,3.68,3.97,282002342,1083813027.8700,7.897100
2025-08-20,3.95,3.95,3.76,3.81,200349579,766262047.8300,5.610500
2025-08-21,3.85,4.06,3.85,3.89,212164240,835550194.2300,5.941400
2025-08-22,3.94,4.28,3.87,4.28,326641279,1331036710.1700,9.147100
2025-08-25,4.29,4.47,4.15,4.34,329067199,1418727707.7300,9.215100
2025-08-26,4.29,4.34,4.18,4.18,190775757,809856900.2300,5.342400
2025-08-27,4.23,4.57,4.23,4.44,321870923,1423946069.8600,9.013500
2025-08-28,4.3,4.49,4.3,4.47,210010788,922575361.8000,5.881100
2025-08-29,4.47,4.59,4.35,4.48,177903968,794124578.3100,4.981900
2025-09-01,4.5,4.83,4.5,4.79,214961979,1009065204.2900,6.019700
2025-09-02,4.88,4.92,4.61,4.75,245635062,1175042465.2900,6.878700
2025-09-03,4.8,4.81,4.4,4.52,219401365,992911573.1100,6.144000
2025-09-04,4.6,4.79,4.4,4.52,237723199,1100160080.0400,6.657100
2025-09-05,4.52,4.66,4.35,4.6,196790527,881926242.4200,5.510800
2025-09-08,4.69,4.78,4.51,4.58,175161510,806969783.7200,4.905100
2025-09-09,4.58,4.7,4.43,4.45,202050379,923487070.7600,5.658100
2025-09-10,4.45,4.45,4.23,4.28,193905665,836376596.3400,5.430000
2025-09-11,4.27,4.71,4.1,4.71,296064525,1312641806.0300,8.290900
2025-09-12,4.58,4.59,4.24,4.24,441949934,1898865769.4400,12.376200
2025-09-15,4.16,4.17,4.0,4.0,227782077,923428807.5900,6.378700
2025-09-16,3.97,4.03,3.87,3.97,157231090,618037920.1500,4.403000
2025-09-17,3.94,3.99,3.91,3.95,105321600,416585387.0000,2.949400
2025-09-18,3.96,4.03,3.88,3.92,134597000,534244863.0000,3.769200
2025-09-19,3.9,3.91,3.78,3.83,120589265,463304241.8400,3.376900
2025-09-22,3.82,3.83,3.73,3.76,88423897,332849018.0300,2.476200
2025-09-23,3.75,3.76,3.61,3.67,148584169,543384384.0700,4.160900
2025-09-24,3.7,3.78,3.65,3.74,118234450,438732520.8000,3.311000
2025-09-25,3.74,3.81,3.71,3.77,104888132,396366772.2600,2.937200
2025-09-26,3.78,3.81,3.7,3.7,65271988,244803333.0000,1.827800
2025-09-29,3.7,3.75,3.63,3.72,68821090,254802658.0000,1.927200
2025-09-30,3.72,3.77,3.69,3.74,69979600,261123013.0000,1.959700
2025-10-09,3.76,3.9,3.75,3.87,103894390,400659598.9100,2.909400
2025-10-10,3.85,3.89,3.81,3.82,79794319,306674284.3900,2.234500
2025-10-13,3.69,3.77,3.65,3.75,81403419,303342549.7900,2.279600
2025-10-14,3.78,3.89,3.7,3.71,111936884,425072855.4300,3.134600
2025-10-15,3.74,3.76,3.67,3.75,62565200,232753911.7600,1.752000
2025-10-16,3.75,3.75,3.64,3.66,78207436,287327379.0400,2.190100
2025-10-17,3.65,3.67,3.52,3.53,75508353,270262358.0400,2.114500
2025-10-20,3.56,3.59,3.51,3.53,63021535,222493689.7200,1.764800
2025-10-21,3.55,3.57,3.52,3.55,59911893,212746937.7900,1.677700
2025-10-22,3.55,3.58,3.52,3.55,41644401,147821511.5700,1.166200
2025-10-23,3.54,3.54,3.47,3.53,68202457,239023754.8100,1.909900
2025-10-24,3.54,3.55,3.5,3.51,45053955,158555281.5000,1.261700
2025-10-27,3.52,3.55,3.45,3.46,113122866,394642331.6600,3.167800
2025-10-28,3.47,3.47,3.35,3.39,134530783,456942469.8000,3.767300
2025-10-29,3.4,3.49,3.36,3.49,96265201,331236209.7600,2.695800
2025-10-30,3.48,3.48,3.4,3.43,90921490,312494174.8000,2.546100
2025-10-31,3.47,3.59,3.47,3.5,154527285,544770286.8000,4.327300
2025-11-03,3.52,3.66,3.51,3.66,164107252,589717019.3700,4.595600
2025-11-04,3.66,3.68,3.58,3.6,116470573,422059890.2400,3.261600
2025-11-05,3.58,3.76,3.55,3.71,135435128,497718817.8800,3.792600
2025-11-06,3.72,3.78,3.7,3.73,122598338,458371860.5000,3.433200
2025-11-07,3.75,3.81,3.73,3.74,137782000,518792155.0000,3.858400
2025-11-10,3.74,3.77,3.69,3.72,102587699,381107868.2900,2.872800
2025-11-11,3.73,3.8,3.72,3.74,106300578,400360701.7200,2.976800
2025-11-12,3.75,3.77,3.61,3.65,110604600,404701865.0000,3.097300
2025-11-13,3.66,3.7,3.64,3.68,70162918,257918642.4200,1.964800
2025-11-14,3.66,3.8,3.64,3.71,114442241,426270925.7000,3.204800
2025-11-17,3.72,3.73,3.63,3.68,75500356,276740814.6900,2.114300
2025-11-18,3.67,3.7,3.55,3.58,90154806,324628909.4200,2.524600
2025-11-19,3.56,3.6,3.48,3.51,60465509,212939556.9300,1.693200
2025-11-20,3.52,3.54,3.46,3.47,50643092,177091352.2000,1.418200
2025-11-21,3.45,3.46,3.35,3.35,76154486,258434926.3300,2.132600
2025-11-24,3.36,3.38,3.32,3.35,57477512,192720031.3200,1.609600
2025-11-25,3.36,3.41,3.34,3.37,52229900,176576940.0000,1.462600
2025-11-26,3.38,3.4,3.33,3.34,54706555,184166331.8000,1.532000
2025-11-27,3.34,3.37,3.31,3.32,64997256,217252876.4700,1.820100
2025-11-28,3.33,3.36,3.28,3.35,50542000,168559292.0000,1.415300
2025-12-01,3.34,3.38,3.34,3.37,46624566,156794409.1200,1.305600
2025-12-02,3.37,3.37,3.31,3.35,48301200,161074962.0000,1.352600
2025-12-03,3.34,3.36,3.31,3.32,40507692,134928314.2800,1.134400
2025-12-04,3.32,3.32,3.26,3.29,44909990,147604348.9000,1.257600
2025-12-05,3.29,3.34,3.24,3.33,61962839,203986097.9200,1.735200
2025-12-08,3.33,3.36,3.32,3.34,52674232,176196277.5600,1.475100
2025-12-09,3.33,3.35,3.3,3.3,43261284,143397608.8800,1.211500
2025-12-10,3.3,3.32,3.26,3.31,43589596,143629342.8800,1.220700
2025-12-11,3.31,3.33,3.26,3.26,48106326,158232491.0600,1.347100
2025-12-12,3.26,3.42,3.25,3.37,120465114,403878312.0100,3.373400
2025-12-15,3.42,3.71,3.4,3.71,250841501,911114858.3200,7.024400
2025-12-16,3.73,3.97,3.66,3.88,497808320,1912849949.5700,13.940300
2025-12-17,3.8,3.96,3.76,3.87,290455074,1122424114.6200,8.133700
2025-12-18,3.88,3.93,3.8,3.81,230056475,888898423.3600,6.442400
2025-12-19,3.79,3.92,3.74,3.89,231540876,888013560.0800,6.483900
2025-12-22,3.89,3.91,3.8,3.85,138330050,531054192.2200,3.873700
2025-12-23,3.86,3.86,3.71,3.73,136221298,513218141.5200,3.814700
2025-12-24,3.71,3.76,3.64,3.74,121805088,450536452.9500,3.411000
2025-12-25,3.74,3.82,3.66,3.79,118208023,443654748.1800,3.310200
2025-12-26,3.8,3.92,3.77,3.83,159961120,615154293.2700,4.479500
2025-12-29,3.85,3.88,3.76,3.78,110770913,422293160.6600,3.102000
2025-12-30,3.73,3.74,3.66,3.68,112264961,414155442.8800,3.143800
2025-12-31,3.7,3.78,3.64,3.72,124888453,464375027.7500,3.497300
2026-01-05,3.78,3.9,3.77,3.88,177370150,683201753.0300,4.967000
2026-01-06,3.91,4.17,3.91,4.13,300847565,1228739427.7100,8.424700
2026-01-07,4.09,4.17,4.02,4.12,168934057,692510498.7400,4.730700
2026-01-08,4.11,4.18,4.05,4.11,137599791,565839805.0800,3.853300
2026-01-09,4.09,4.13,4.02,4.05,152565546,620348534.3700,4.272300
2026-01-12,4.05,4.14,4.02,4.08,197851451,808717665.5300,5.540500
2026-01-13,4.1,4.19,4.03,4.11,186890440,765978672.4600,5.233600
2026-01-14,4.1,4.24,4.07,4.12,173608346,720509427.1500,4.861600
2026-01-15,4.1,4.23,4.08,4.2,187164403,779397314.2200,5.241200
2026-01-16,4.25,4.34,4.12,4.28,246063017,1039499568.8500,6.890600
2026-01-19,4.34,4.35,4.22,4.26,163765669,701106638.4900,4.586000
2026-01-20,4.27,4.34,4.12,4.18,151675929,636200305.6900,4.247400
2026-01-21,4.17,4.49,4.14,4.4,256738314,1114019588.0800,7.189500
2026-01-22,4.43,4.48,4.26,4.29,166715817,721713603.1500,4.668600
2026-01-23,4.27,4.53,4.26,4.44,192759306,848304790.7600,5.397900
2026-01-26,4.44,4.46,4.17,4.22,207978943,887277252.7200,5.824100
2026-01-27,4.2,4.39,4.01,4.29,201861000,842711919.8700,5.652800
2026-01-28,4.27,4.27,4.12,4.2,132379728,554141399.8800,3.707100
2026-01-29,4.18,4.58,4.16,4.39,288782704,1268246071.9300,8.086900
2026-01-30,4.36,4.39,4.16,4.27,164764724,698850522.4600,4.614000
2026-02-02,4.25,4.34,4.18,4.18,139952959,597925641.9900,3.919200
2026-02-03,4.24,4.48,4.23,4.45,252614306,1106648500.2300,7.074000
2026-02-04,4.5,4.68,4.41,4.64,261513890,1194402023.1300,7.323300
2026-02-05,4.66,4.67,4.23,4.29,308527348,1343481101.2900,8.639800
2026-02-06,4.25,4.41,4.19,4.36,169276900,731979922.0000,4.740300
2026-02-09,4.45,4.8,4.44,4.64,459559987,2152019111.2400,12.869200
2026-02-10,4.63,4.72,4.46,4.46,294344488,1329463723.8600,8.242600
2026-02-11,4.5,4.7,4.4,4.4,222538447,997832429.3800,6.231800
2026-02-12,4.45,4.59,4.3,4.55,265472800,1185779501.1200,7.434100
2026-02-13,4.49,4.57,4.42,4.46,187828079,842307115.3300,5.259800
2026-02-24,4.57,4.57,4.45,4.46,159311181,715737844.1100,4.461200
2026-02-25,4.5,4.75,4.48,4.63,283140121,1315247975.0600,7.928900
2026-02-26,4.63,4.8,4.57,4.6,250859884,1171637728.0500,7.024900
2026-02-27,4.63,4.87,4.58,4.8,305039976,1455662809.1400,8.542100
2026-03-02,4.75,4.79,4.54,4.6,272631364,1264726592.9200,7.634600
2026-03-03,4.6,4.7,4.49,4.53,226778864,1037682631.2600,6.350600
2026-03-04,4.45,4.62,4.41,4.54,142164367,644687992.6900,3.981100
2026-03-05,4.6,4.73,4.56,4.69,249932986,1166344591.5600,6.999000
2026-03-06,4.69,4.99,4.62,4.87,349839418,1687531011.2400,9.796700
2026-03-09,4.8,5.23,4.8,5.1,406682310,2049509624.8000,11.388500
2026-03-10,5.06,5.61,4.96,5.61,526975210,2825091749.7900,14.757100
2026-03-11,5.78,6.17,5.52,5.9,796718462,4669783043.5200,22.310800
2026-03-12,5.91,6.38,5.91,6.14,750880837,4582760739.6400,21.027200
2026-03-13,6.1,6.15,5.75,5.8,570156732,3366528603.8900,15.966300
2026-03-16,5.8,5.85,5.24,5.38,445922741,2406475750.6600,12.487300
2026-03-17,5.37,5.66,5.33,5.36,393630360,2155263442.4700,11.023000
2026-03-18,5.31,5.5,5.18,5.32,315612964,1680634194.7800,8.838200
2026-03-19,5.19,5.55,5.19,5.4,340577460,1842121906.0500,9.537300
2026-03-20,5.34,5.62,5.25,5.34,356688604,1937958557.4600,9.988500
2026-03-23,5.2,5.5,5.1,5.38,352077055,1888196566.0100,9.859300
2026-03-24,5.46,5.55,5.2,5.55,395487897,2135350696.7400,11.075000
2026-03-25,5.53,5.94,5.47,5.92,492266965,2829051403.8500,13.785100
2026-03-26,5.8,5.88,5.63,5.69,350548825,2012360479.0000,9.816500
2026-03-27,5.55,5.69,5.5,5.52,238470873,1332031669.8500,6.678000
2026-03-30,5.4,5.41,4.97,5.14,296509476,1530238347.2500,8.303300
2026-03-31,5.06,5.14,4.88,4.89,249388321,1243645149.5400,6.983700
2026-04-01,5.02,5.08,4.91,4.98,197352939,984786816.5100,5.526500
2026-04-02,4.96,4.96,4.64,4.71,222769370,1060254847.2200,6.235500
2026-04-03,4.75,4.87,4.67,4.87,191864746,921249834.6700,5.370500
2026-04-07,4.87,4.99,4.78,4.9,124531786,611654208.2700,3.485800
2026-04-08,4.99,5.13,4.94,5.09,195955339,992674431.9500,5.485000
2026-04-09,5.01,5.14,4.94,5.08,143288755,725683919.3300,4.010800
2026-04-10,5.08,5.1,4.99,5.05,137919473,694964202.6600,3.860500
2026-04-13,5.0,5.53,4.98,5.48,341912138,1804527813.5900,9.570400
2026-04-14,5.56,6.03,5.55,6.03,558442337,3291803939.2500,15.631300
2026-04-15,6.02,6.14,5.78,6.05,605261578,3628347054.2300,16.941800
2026-04-16,6.25,6.66,6.2,6.66,749122700,4899616969.7900,20.968600
2026-04-17,7.0,7.33,6.86,6.91,1091073009,7740995280.8900,30.540100
2026-04-20,6.8,6.86,6.38,6.51,813438007,5306072137.3100,22.768900
2026-04-21,6.42,6.45,5.97,6.35,692835518,4291200583.1200,19.393100
2026-04-22,6.45,6.85,6.43,6.54,733494776,4828136825.1100,20.531200
2026-04-23,6.87,7.19,6.35,7.19,828389582,5615563595.1500,23.187400
2026-04-24,7.54,7.88,7.14,7.17,1016642350,7597041839.6800,28.456700
2026-04-27,7.14,7.2,6.9,6.94,612490126,4287366147.8600,17.144100
2026-04-28,6.85,7.48,6.85,7.12,703276060,5053169935.6700,19.685300
2026-04-29,6.57,7.18,6.57,6.96,652674098,4540567355.6800,18.268900
2026-04-30,6.8,6.88,6.34,6.5,587322605,3834742968.2100,15.752500
2026-05-06,6.72,7.15,6.71,7.15,506886133,3503440017.3700,13.595100
2026-05-07,7.36,7.58,7.25,7.42,638436031,4700668280.6500,17.123400
2026-05-08,7.41,7.53,7.17,7.39,507337275,3722284663.1000,13.607200
2026-05-11,7.5,7.7,7.25,7.3,559896681,4189606574.9200,15.016900
2026-05-12,7.38,7.45,6.96,7.1,409920220,2919757675.9500,10.994400
2026-05-13,7.09,7.66,7.01,7.14,694577395,5072141762.1900,18.629100
2026-05-14,7.24,7.85,7.16,7.52,963618120,7334013258.4100,25.845000
2026-05-15,7.38,7.38,6.85,6.96,724120977,5128397297.5200,19.421500
