date,open,high,low,close,volume,amount,turnover
2020-01-02,31.21801122,31.5177341,30.96512004,31.49900142,3004743,100480900.0,2.819400
2020-01-03,31.50836776,31.54583312,31.15244684,31.2835756,2248477,75157612.0,2.109800
2020-01-06,31.0494171,31.48026874,30.908922,31.21801122,2720632,90655895.0,2.552800
2020-01-07,31.20864488,31.77999162,31.08688246,31.76125894,3645715,122572148.0,3.420800
2020-01-08,32.2202096,33.16620994,32.18274424,32.23894228,7785408,271884469.0,7.305200
2020-01-09,32.85712072,33.68135864,32.4075364,33.55959622,7303268,258074582.0,6.852800
2020-01-10,33.36290308,33.65325962,33.11937824,33.21304164,4241522,150941820.0,3.979900
2020-01-13,32.89458608,33.0631802,32.37943738,32.8290217,4491313,156709070.0,4.214300
2020-01-14,32.78219,32.78219,32.4075364,32.41690274,3521541,122389854.0,3.304300
2020-01-15,32.47310078,32.72599196,32.313873,32.72599196,2732946,95031599.0,2.564400
2020-01-16,32.6885266,33.0163485,32.5011998,32.51056614,3182979,111403059.0,2.986700
2020-01-17,32.4543681,32.69789294,31.97668476,32.15464522,3022959,104086543.0,2.836500
2020-01-20,32.10781352,33.18494262,32.0328828,33.0631802,3849748,134905988.0,3.612300
2020-01-21,32.86648706,33.38163576,32.46373444,32.5011998,2888757,101094855.0,2.710600
2020-01-22,32.15464522,32.5480315,31.80809064,32.4075364,3158463,108666325.0,2.963600
2020-01-23,31.845556,32.05161548,29.972288,30.79652592,4152549,139294589.0,3.896400
2020-02-03,27.71500006,27.71500006,27.71500006,27.71500006,724800,21446832.0,0.680100
2020-02-04,24.94256342,27.4433762,24.94256342,26.85329678,5279943,149524678.0,4.954300
2020-02-05,27.0687226,27.99599026,26.94696018,27.19985136,3854865,112890948.0,3.617100
2020-02-06,27.19985136,27.88359418,26.7409007,27.48084156,2941595,86168316.0,2.760200
2020-02-07,27.34034646,28.2863468,27.14365332,28.2863468,3388676,100199985.0,3.179700
2020-02-10,28.0521883,28.77339648,27.73373274,28.5205053,3011977,91251206.0,2.826200
2020-02-11,28.5205053,29.01692132,28.34254484,28.48303994,2494479,75948611.0,2.340600
2020-02-12,28.5205053,28.9888223,28.31444582,28.92325792,3020488,92421498.0,2.834200
2020-02-13,28.7546638,29.85052558,28.6610004,29.04502034,3527200,110634635.0,3.309600
2020-02-14,29.02628766,29.60700074,28.79212916,28.9888223,2931154,91313202.0,2.750400
2020-02-17,29.15741642,29.93482264,29.01692132,29.89735728,3719346,117531463.0,3.489900
2020-02-18,29.98165434,30.32820892,29.60700074,30.12214944,3490724,111681487.0,3.275400
2020-02-19,30.12214944,30.3469416,29.8317929,29.8786246,3478534,111731646.0,3.264000
2020-02-20,29.93482264,30.21581284,29.503971,30.15024846,3403388,108844841.0,3.193500
2020-02-21,30.1127831,31.2835756,29.80369388,30.69349618,4069821,133728129.0,3.818800
2020-02-24,30.908922,33.70945766,30.8620903,33.5783289,10950865,383598490.0,10.275400
2020-02-25,32.75409098,34.67419068,31.99541744,34.655458,13756102,495496809.0,12.907600
2020-02-26,33.718824,35.8730822,33.718824,33.97171518,11690496,433735397.0,10.969400
2020-02-27,34.27143806,34.9364482,33.27860602,33.6251606,6196400,224060808.0,5.814200
2020-02-28,32.2202096,33.03508118,31.0962488,31.27420926,6149500,210697415.0,5.770200
2020-03-02,31.80809064,34.11221028,31.6582292,33.72819034,8222137,290010165.0,7.715000
2020-03-03,34.95518088,36.30393384,34.05601224,34.5617946,12480409,467899147.0,11.710600
2020-03-04,34.187141,35.22680474,33.718824,34.61799264,6827886,251556938.0,6.406700
2020-03-05,35.6857554,36.1540724,34.63672532,34.91771552,8018881,301649701.0,7.524300
2020-03-06,34.5617946,34.8427848,33.98108152,34.01854688,5152333,188531746.0,4.834500
2020-03-09,33.09127922,35.29236912,33.0631802,34.10284394,7846784,288258882.0,7.362800
2020-03-10,33.70945766,37.5121917,32.85712072,37.5121917,12389081,470843295.0,11.624900
2020-03-11,39.5259548,41.18379698,37.48409268,37.64332046,22481830,947829747.0,21.095100
2020-03-12,36.41632992,39.5259548,36.41632992,39.50722212,15436631,629210025.0,14.484500
2020-03-13,37.02514202,39.806945,37.02514202,39.02953878,14388939,595314175.0,13.501400
2020-03-16,39.26369728,39.31989532,35.14250768,35.592092,13105143,521040838.0,12.296800
2020-03-17,37.46536,37.7931819,35.123775,37.01577568,10048839,392929393.0,9.429000
2020-03-18,37.00640934,37.39979562,34.655458,34.75848774,11426574,441578542.0,10.721800
2020-03-19,34.2808044,36.50999332,33.718824,35.66702272,10214461,380801426.0,9.584400
2020-03-20,35.592092,36.22900312,34.76785408,35.11440866,6480631,244550632.0,6.080900
2020-03-23,33.83122008,35.86371586,33.72819034,34.19650734,7183578,268685855.0,6.740500
2020-03-24,35.123775,35.37666618,32.78219,34.45876486,7802331,285552402.0,7.321100
2020-03-25,35.16124036,35.30173546,34.39320048,34.63672532,5876396,218362704.0,5.513900
2020-03-26,34.17777466,34.35573512,32.9695168,33.04444752,6304170,226175553.0,5.915300
2020-03-27,33.51276452,33.66262596,32.53866516,32.57613052,4731829,166670748.0,4.440000
2020-03-30,31.845556,31.845556,30.3469416,30.60919912,4979518,164325845.0,4.672400
2020-03-31,30.908922,31.18054586,29.65383244,29.74749584,4874914,157680790.0,4.574200
2020-04-01,29.58826806,30.19708016,29.05438668,29.29791152,4090205,129701014.0,3.837900
2020-04-02,29.38220858,30.49680304,29.1293174,30.42187232,4280819,136554165.0,4.016800
2020-04-03,30.04721872,30.31884258,29.503971,29.86925826,3258306,103936580.0,3.057300
2020-04-07,30.38440696,30.59046644,30.02848604,30.57173376,4476359,145371673.0,4.200300
2020-04-08,30.5342684,31.7050609,30.26264454,31.0025854,5346542,177268809.0,5.016800
2020-04-09,31.3304073,31.96731842,30.9557537,31.21801122,3846870,128708224.0,3.609600
2020-04-10,31.377239,31.4709024,29.81306022,30.2532782,3236315,105417285.0,3.036700
2020-04-13,29.972288,29.99102068,29.38220858,29.4571393,2399911,75797490.0,2.251900
2020-04-14,29.75686218,30.8152586,29.52270368,30.46870402,3357683,107849139.0,3.150600
2020-04-15,30.3469416,30.87145664,30.08468408,30.1596148,2511251,81427729.0,2.356400
2020-04-16,30.00038702,30.31884258,29.57890172,30.07531774,2088767,66896475.0,1.959900
2020-04-17,30.2532782,30.7684269,30.02848604,30.04721872,3593202,116602876.0,3.371600
2020-04-20,30.21581284,30.8152586,30.15024846,30.73096154,2856091,93152948.0,2.679900
2020-04-21,30.3469416,30.97448638,30.3001099,30.83399128,3043368,99609885.0,2.855700
2020-04-22,30.51553572,30.77779324,30.28137722,30.6279318,2465173,80225700.0,2.313100
2020-04-23,30.64666448,30.74032788,29.7849612,29.80369388,3171249,101925687.0,2.975600
2020-04-24,29.8317929,30.31884258,29.28854518,29.5508027,2551664,81044449.0,2.394300
2020-04-27,29.57890172,30.13151578,29.3166442,29.6912978,2029383,64399160.0,1.904200
2020-04-28,29.72876316,29.72876316,27.59323764,28.7546638,3098283,94763295.0,2.907200
2020-04-29,28.31444582,28.7546638,28.04282196,28.39874288,1888614,57367107.0,1.772100
2020-04-30,28.567337,29.76622852,28.09902,29.57890172,3260703,101935344.0,3.059600
2020-05-06,29.38220858,30.0659514,29.0824857,30.0659514,3609225,113971483.0,3.386600
2020-05-07,30.35630794,30.89955566,29.98165434,30.00038702,3854687,124972078.0,3.616900
2020-05-08,30.38440696,30.70286252,29.98165434,30.32820892,3480035,112915499.0,3.265400
2020-05-11,30.40313964,31.2367439,30.3469416,30.65603082,4887472,160864004.0,4.586000
2020-05-12,30.6279318,30.84335762,29.8317929,30.42187232,2947705,95185606.0,2.765900
2020-05-13,30.2064465,30.5342684,30.02848604,30.1596148,1802467,58107843.0,1.691300
2020-05-14,29.972288,30.27201088,29.6444661,29.67256512,2022410,64511785.0,1.897700
2020-05-15,29.65383244,30.1596148,29.44777296,29.58826806,2298249,72874112.0,2.156500
2020-05-18,29.5976344,29.8317929,28.82959452,29.18551544,2770154,86632448.0,2.599300
2020-05-19,29.47587198,29.57890172,29.035654,29.27917884,1708759,53449800.0,1.603400
2020-05-20,29.28854518,29.85989192,28.86705988,29.48523832,2625279,82167713.0,2.463400
2020-05-21,29.48523832,29.95355532,29.20424812,29.47587198,2464434,77749388.0,2.312400
2020-05-22,29.38220858,29.79432754,28.8014955,28.83896086,2275928,70995301.0,2.135500
2020-05-25,28.60480236,28.60480236,27.0687226,27.4433762,3588856,106032953.0,3.367500
2020-05-26,27.4902079,27.82739614,27.4902079,27.64943568,1793658,52902158.0,1.683000
2020-05-27,27.75246542,27.87422784,27.57450496,27.76183176,1428806,42232430.0,1.340700
2020-05-28,27.630703,28.0521883,27.4433762,27.89296052,1589378,47155283.0,1.491300
2020-05-29,27.5838713,28.0053566,27.5838713,27.84612882,1401847,41592525.0,1.315400
2020-06-01,27.8648615,28.59543602,27.85549516,28.45494092,2492299,75497142.0,2.338600
2020-06-02,28.5205053,28.9419906,28.2863468,28.83896086,1880030,57557016.0,1.764100
2020-06-03,28.91389158,29.32601054,28.51113896,28.73593112,2681207,82731049.0,2.515800
2020-06-04,28.73593112,28.8951589,28.26761412,28.2863468,1656300,50376502.0,1.554100
2020-06-05,28.67973308,29.20424812,28.38937654,28.65163406,2121755,65160940.0,1.990900
2020-06-08,28.8483272,29.18551544,28.5205053,28.567337,1595500,49092618.0,1.497100
2020-06-09,28.76403014,28.78276282,28.36127752,28.57670334,1119191,34119782.0,1.050200
2020-06-10,28.6610004,28.6610004,28.09902,28.30507948,1429218,43135005.0,1.341100
2020-06-11,28.5205053,28.71719844,28.16458438,28.3331785,1691433,51356324.0,1.587100
2020-06-12,27.90232686,28.82022818,27.50894058,28.68909942,2775883,83921227.0,2.604700
2020-06-15,28.46430726,29.035654,28.3800102,28.82959452,2372572,72994276.0,2.226200
2020-06-16,28.92325792,29.28854518,28.92325792,29.1761491,1895054,59009653.0,1.778200
2020-06-17,29.28854518,29.37284224,28.73593112,28.8951589,1779507,54972281.0,1.669700
2020-06-18,28.8951589,29.42904028,28.68909942,29.20424812,2244443,69771401.0,2.106000
2020-06-19,29.3166442,29.44777296,29.10121838,29.25107982,1960387,61230944.0,1.839500
2020-06-22,29.04502034,29.53207002,28.99818864,29.035654,2194288,68329575.0,2.058900
2020-06-23,29.10121838,29.1293174,28.12711902,28.6610004,1530701,46919322.0,1.436300
2020-06-24,28.7078321,29.972288,28.67036674,29.4103076,4229783,133474030.0,3.968900
2020-06-29,29.37284224,29.37284224,28.35191118,28.67973308,2491982,76576355.0,2.338300
2020-06-30,28.82959452,29.2229808,28.71719844,28.85769354,1661305,51375578.0,1.558800
2020-07-01,28.93262426,29.01692132,28.48303994,28.68909942,1826762,55895001.0,1.714100
2020-07-02,28.7078321,29.15741642,28.5205053,29.09185204,2634517,81394822.0,2.472000
2020-07-03,29.09185204,29.5508027,29.09185204,29.54143636,3230601,101212200.0,3.031300
2020-07-06,29.9254563,30.89955566,29.91608996,30.71222886,5411069,175772767.0,5.077300
2020-07-07,30.91828834,31.80809064,30.7684269,30.99321906,5777657,193180116.0,5.421300
2020-07-08,30.908922,31.4240707,30.70286252,31.33977364,4463502,148382093.0,4.188200
2020-07-09,31.38660534,33.0631802,31.33977364,32.27640764,6717677,230292396.0,6.303300
2020-07-10,31.845556,32.4543681,31.43343704,31.54583312,4642509,158080210.0,4.356200
2020-07-13,31.7518926,32.5948632,31.5645658,32.47310078,5059263,174286099.0,4.747200
2020-07-14,32.9695168,33.52213086,31.6582292,32.19211058,6268609,218451583.0,5.882000
2020-07-15,32.313873,32.49183346,30.77779324,30.8152586,5131341,171590762.0,4.814800
2020-07-16,30.74969422,31.17117952,29.7381295,29.74749584,3662567,118880802.0,3.436700
2020-07-17,29.6444661,30.1596148,29.62573342,29.972288,2467829,78798247.0,2.315600
2020-07-20,30.3001099,30.440605,29.7849612,30.43123866,2368804,76372646.0,2.222700
2020-07-21,30.440605,30.5811001,29.95355532,30.13151578,2315716,74744781.4,2.172900
2020-07-22,30.2064465,31.3304073,30.00975336,30.74032788,4120426,135505606.24,3.866300
2020-07-23,30.6279318,30.6279318,29.6444661,30.02848604,3693561,118506431.2,3.465700
2020-07-24,29.9254563,30.31884258,28.7078321,28.93262426,3067656,96545413.61,2.878400
2020-07-27,28.92325792,29.16678276,28.4736736,28.96072328,1573429,48482995.53,1.476400
2020-07-28,29.19488178,29.5508027,28.96072328,29.18551544,1294622,40416620.88,1.214800
2020-07-29,29.1761491,29.71939682,28.88579256,29.63509976,1707680,53634873.8,1.602300
2020-07-30,29.65383244,29.99102068,29.26044616,29.27917884,1544330,48673578.0,1.449100
2020-07-31,29.3634759,29.66319878,29.035654,29.2698125,1837886,57546484.31,1.724500
2020-08-03,29.48523832,29.95355532,29.2698125,29.94418898,2717489,86329976.3,2.549900
2020-08-04,29.972288,30.04721872,29.40094126,29.53207002,2178407,68863262.33,2.044000
2020-08-05,29.56953538,29.6912978,29.2698125,29.53207002,1943678,61222228.52,1.823800
2020-08-06,29.4103076,29.51333734,28.8483272,29.1293174,2332536,72496031.35,2.188700
2020-08-07,29.1761491,29.2229808,28.24888144,28.41747556,2722436,83131500.22,2.554500
2020-08-10,28.3800102,29.18551544,28.3800102,28.92325792,1898219,58704482.54,1.781100
2020-08-11,28.81086184,29.21361446,28.6141687,28.91389158,2182433,67340486.59,2.047800
2020-08-12,28.91389158,29.25107982,28.48303994,29.25107982,1856678,57155951.75,1.742200
2020-08-13,29.26044616,29.65383244,29.26044616,29.503971,1953586,61511886.46,1.833100
2020-08-14,29.98656743,29.98656743,29.15387007,29.24849477,1550604,48051830.09,1.455000
2020-08-17,29.31473206,29.63645604,29.0497829,29.48505652,1791011,55620873.28,1.680500
2020-08-18,29.39043182,29.75000568,29.39043182,29.6175311,1636854,51201583.8,1.535900
2020-08-19,29.54183134,29.6175311,28.98354561,29.09709525,1811600,55903365.9,1.699900
2020-08-20,28.96462067,29.29580712,28.83214609,29.09709525,1463817,44997917.05,1.373500
2020-08-21,29.12548266,29.37150688,29.0497829,29.19171995,1093676,33722363.66,1.026200
2020-08-24,29.25795724,29.41881923,29.01193302,29.39043182,1299211,40204568.48,1.219100
2020-08-25,29.39043182,29.58914369,29.2390323,29.38096935,914200,28357039.0,0.857800
2020-08-26,29.38096935,29.38096935,28.8605335,28.88892091,1271367,39061853.1,1.192900
2020-08-27,28.88892091,29.25795724,28.59558434,29.19171995,1002200,30803228.0,0.940400
2020-08-28,29.25795724,29.25795724,28.75644633,29.21064489,1225542,37630561.38,1.149900
2020-08-31,29.8067805,30.52592822,29.8067805,30.07172966,3707458,118299135.84,3.478800
2020-09-01,30.23259165,30.54485316,29.87301779,30.30829141,2147706,68699672.42,2.015200
2020-09-02,30.41237858,30.67732774,30.04334225,30.11904201,1739399,55692702.44,1.632100
2020-09-03,30.11904201,30.26097906,29.65538098,29.8067805,1444351,45600598.61,1.355300
2020-09-04,29.333657,29.77839309,29.25795724,29.6175311,1439993,44946210.32,1.351200
2020-09-07,29.72161827,30.04334225,29.45666911,29.53236887,1502041,47215056.53,1.409400
2020-09-08,29.75946815,29.78785556,29.2390323,29.66484345,1308605,40843552.51,1.227900
2020-09-09,29.35258194,29.68376839,28.92677079,29.44720664,1852506,57485392.99,1.738200
2020-09-10,29.6175311,29.66484345,28.82268362,28.86999597,1713400,52814483.0,1.607700
2020-09-11,28.60504681,29.1444076,28.5766594,28.94569573,1130655,34525228.42,1.060900
2020-09-14,28.96462067,29.4282817,28.79429621,29.16333254,959154,29521688.44,0.900000
2020-09-15,29.18225748,29.28634465,28.75644633,28.90784585,780142,23840905.72,0.732000
2020-09-16,28.85107103,29.08763278,28.77537127,28.83214609,622402,19005051.16,0.584000
2020-09-17,28.6712841,29.22010736,28.6712841,29.03085796,800548,24503955.2,0.751200
2020-09-18,29.20118242,29.60806863,28.96462067,29.48505652,1304839,40513376.35,1.224400
2020-09-21,30.279904,30.279904,29.49451899,29.7121558,1279270,40210048.22,1.200400
2020-09-22,29.44720664,29.65538098,29.19171995,29.21064489,845000,26282833.0,0.792900
2020-09-23,29.34311947,29.51344393,29.01193302,29.08763278,622519,19182839.9,0.584100
2020-09-24,28.94569573,29.08763278,28.6712841,28.7659088,729284,22174231.92,0.684300
2020-09-25,28.74698386,28.9551582,28.50095964,28.84160856,638221,19351979.88,0.598900
2020-09-28,28.8605335,29.0497829,27.7250371,27.82912427,1414808,42289983.01,1.327500
2020-09-29,28.11299837,28.27386036,27.77234945,27.86697415,740900,21941385.07,0.695200
2020-09-30,27.82912427,28.05622355,27.42223806,27.52632523,776582,22704874.12,0.728700
2020-10-09,27.86697415,28.36848506,27.86697415,28.14138578,866891,25854877.16,0.813400
2020-10-12,28.1981606,28.96462067,28.1981606,28.88892091,1192475,36189638.54,1.118900
2020-10-13,28.84160856,29.07817031,28.72805892,28.8605335,875539,26725222.92,0.821500
2020-10-14,28.85107103,28.98354561,28.50095964,28.62397175,726306,21988176.44,0.681500
2020-10-15,28.62397175,28.83214609,28.4820347,28.58612187,700603,21174170.57,0.657400
2020-10-16,28.40633494,28.68074657,28.02783614,28.22654801,837100,24967512.73,0.785500
2020-10-19,28.6712841,29.03085796,28.17923566,28.46310976,1212187,36603078.02,1.137400
2020-10-20,28.38741,28.38741,27.99944873,28.2927853,820223,24396201.43,0.769600
2020-10-21,28.1981606,28.36848506,27.8196618,28.03729861,724292,21417614.88,0.679600
2020-10-22,28.03729861,28.13192331,27.7250371,27.92374897,711708,20996806.19,0.667800
2020-10-23,27.92374897,28.33063518,27.92374897,27.98052379,608800,18092209.0,0.571200
2020-10-26,27.99944873,27.99944873,27.54525017,27.6304124,871171,25487304.37,0.817400
2020-10-27,27.58310005,27.76288698,27.50740029,27.68718722,528012,15419921.72,0.495400
2020-10-28,27.78181192,27.78181192,27.16675137,27.73449957,868286,25230315.58,0.814700
2020-10-29,27.55471264,27.71557463,27.35600077,27.6304124,574610,16724257.1,0.539200
2020-10-30,28.38741,28.50095964,27.20460125,27.54525017,1107200,32431187.87,1.038900
2020-11-02,27.1572889,27.45062547,26.0217925,26.15426708,2045630,57359491.96,1.919500
2020-11-03,26.38136636,26.66524046,26.16372955,26.45706612,944293,26402681.63,0.886000
2020-11-04,26.39082883,26.65577799,26.06910485,26.22050437,1088779,30258094.39,1.021600
2020-11-05,26.4002913,27.32761336,26.12587967,27.22352619,1969189,55946385.44,1.847700
2020-11-06,27.28030101,27.67772475,27.1572889,27.32761336,1223315,35363016.54,1.147900
2020-11-09,27.441163,28.13192331,27.441163,27.69664969,1755260,51637821.2,1.647000
2020-11-10,27.98998626,27.98998626,27.1572889,27.2519136,1202200,34774028.0,1.128000
2020-11-11,27.20460125,27.2519136,26.75986516,26.82610245,834400,23701176.0,0.782900
2020-11-12,26.9680395,27.07212667,26.53276588,26.62739058,856600,24192184.0,0.803800
2020-11-13,26.5895407,26.5895407,26.3056666,26.51384094,813229,22710432.5,0.763100
2020-11-16,26.51384094,26.83556492,26.46652859,26.6841654,578712,16325773.16,0.543000
2020-11-17,26.75986516,26.91126468,26.63685305,26.89233974,721315,20406574.4,0.676800
2020-11-18,26.7787901,27.11943902,26.74094022,26.89233974,755112,21478395.36,0.708500
2020-11-19,26.82610245,26.94911456,26.60846564,26.89233974,607692,17220115.04,0.570200
2020-11-20,26.89233974,27.10997655,26.8734148,27.08158914,764080,21803037.6,0.717000
2020-11-23,27.09105161,27.36546324,26.9680395,27.18567631,1102111,31589970.07,1.034100
2020-11-24,27.20460125,27.61148746,27.09105161,27.57363758,1120024,32456955.54,1.050900
2020-11-25,27.57363758,28.05622355,27.29922595,27.54525017,1453202,42479258.55,1.363600
2020-11-26,27.50740029,28.14138578,27.45062547,27.96159885,1606696,47327117.28,1.507600
2020-11-27,28.11299837,28.11299837,27.27083854,27.66826228,1036071,30273639.1,0.972200
2020-11-30,28.0089112,28.05622355,27.21406372,27.21406372,1388847,40259728.18,1.303200
2020-12-01,27.21406372,27.51686276,27.13836396,27.3465383,924591,26782858.28,0.867600
2020-12-02,27.3465383,28.01837367,27.0626642,27.68718722,2106459,61155507.94,1.976500
2020-12-03,27.7250371,27.7250371,27.2519136,27.29922595,1137653,32909616.33,1.067500
2020-12-04,27.28976348,27.40331312,27.07212667,27.1572889,759069,21797782.96,0.712200
2020-12-07,27.14782643,27.2519136,26.80717751,26.85448986,837000,23820913.94,0.785400
2020-12-08,26.8734148,27.01535185,26.76932763,26.90180221,619892,17612694.64,0.581700
2020-12-09,26.90180221,26.91126468,26.32459154,26.35297895,1220159,34219731.97,1.144900
2020-12-10,26.19211696,26.71255281,26.19211696,26.69362787,724529,20347199.93,0.679800
2020-12-11,26.66524046,27.21406372,26.37190389,26.86395233,1340400,37910612.48,1.257700
2020-12-14,26.92072715,27.09105161,26.60846564,26.7787901,670566,18984825.47,0.629200
2020-12-15,26.70309034,26.93965209,26.42867871,26.75040269,660381,18610888.35,0.619600
2020-12-16,26.75986516,26.92072715,26.22996684,26.32459154,561465,15701947.65,0.526800
2020-12-17,26.2110419,26.51384094,25.87985545,26.47599106,885150,24579044.0,0.830600
2020-12-18,26.494916,26.494916,26.03125497,26.09749226,680436,18827158.95,0.638500
2020-12-21,26.35297895,26.47599106,26.03125497,26.42867871,794107,22107896.16,0.745100
2020-12-22,26.3056666,26.40975377,25.87985545,25.96501768,982729,27071947.55,0.922100
2020-12-23,26.0217925,26.0217925,25.548669,25.57705641,898402,24443226.22,0.843000
2020-12-24,25.548669,25.60544382,25.0755455,25.09447044,1086400,28997678.0,1.019400
2020-12-25,25.09447044,25.44458183,24.80113387,25.2647949,684765,18218084.49,0.642500
2020-12-28,25.548669,25.548669,24.64973435,24.66865929,769443,20265725.86,0.722000
2020-12-29,24.74435905,26.07856732,24.70650917,25.88931792,1803934,49028165.44,1.692700
2020-12-30,25.87985545,25.88931792,25.4540443,25.52974406,819725,22183622.54,0.769200
2020-12-31,25.37834454,25.89878039,25.37834454,25.58651888,812554,22010383.09,0.762400
2021-01-04,25.59598135,25.9271678,25.43511936,25.85146804,1178826,31982105.06,1.106100
2021-01-05,25.72845593,25.72845593,25.3594196,25.46350677,1144829,30801266.73,1.074200
2021-01-06,25.48243171,25.50135665,24.8862961,24.99038327,1087012,28803166.86,1.020000
2021-01-07,24.9809208,24.9809208,24.64973435,24.68758423,1013545,26475124.63,0.951000
2021-01-08,24.6970467,25.2647949,24.66865929,25.03769562,955216,25313607.32,0.896300
2021-01-11,25.04715809,25.31210725,24.75382152,24.81059634,964780,25481514.46,0.905300
2021-01-12,24.81059634,25.3594196,24.76328399,24.95253339,817904,21579029.2,0.767500
2021-01-13,24.84844622,25.0755455,24.15768591,24.36586025,1497452,38626323.38,1.405100
2021-01-14,24.70650917,25.48243171,24.36586025,25.02823315,1508007,39767350.6,1.415000
2021-01-15,25.02823315,25.29318231,24.80113387,24.93360845,929200,24580798.0,0.871900
2021-01-18,24.93360845,25.2647949,24.602422,24.99038327,882100,23304926.76,0.827700
2021-01-19,24.9809208,25.3594196,24.80113387,25.22694502,1149850,30554750.8,1.078900
2021-01-20,25.32156972,25.32156972,24.89575857,25.0755455,787790,20835031.53,0.739200
2021-01-21,25.0755455,25.10393291,24.80113387,24.94307092,765627,20184528.26,0.718400
2021-01-22,24.82952128,24.94307092,24.24284814,24.28069802,1425390,36770975.67,1.337500
2021-01-25,24.20499826,24.20499826,23.3723009,23.47638807,1664600,41726260.68,1.561900
2021-01-26,23.74133723,23.7507997,23.47638807,23.55208783,936600,23337626.0,0.878800
2021-01-27,23.5615503,24.01574886,23.47638807,23.62778759,763695,19131844.65,0.716600
2021-01-28,23.5615503,23.76972464,23.1830515,23.34391349,980166,24180325.66,0.919700
2021-01-29,23.20197644,23.42907572,22.00024275,22.35035414,1551029,37101823.15,1.455400
2021-02-01,22.21787956,22.68154059,21.97185534,22.28411685,1030980,24200385.92,0.967400
2021-02-02,22.37874155,22.4260539,21.53658172,21.63120642,1550000,35703580.08,1.454400
2021-02-03,21.53658172,21.73529359,20.817434,21.16754539,1838301,41040523.04,1.724900
2021-02-04,21.16754539,21.17700786,20.49571002,20.83635894,1348100,29650555.0,1.264900
2021-02-05,21.06345822,21.63120642,20.55248484,20.55248484,1141100,25319606.0,1.070700
2021-02-08,20.55248484,20.95937105,20.4389352,20.46732261,886384,19344076.48,0.831700
2021-02-09,20.49571002,20.88367129,20.22129839,20.69442189,906968,19746469.73,0.851000
2021-02-10,20.69442189,20.84582141,20.49571002,20.83635894,1008900,22117411.0,0.946700
2021-02-18,21.0066834,21.47034443,20.88367129,21.35679479,1137730,25605433.87,1.067600
2021-02-19,21.43249455,22.02863016,21.1959328,21.96239287,1420000,32704773.0,1.332400
2021-02-22,22.00024275,22.6153033,22.00024275,22.13271733,1484400,34959858.0,1.392800
2021-02-23,22.03809263,22.27465438,21.69744371,21.87723064,770100,17858864.0,0.722600
2021-02-24,21.87723064,22.21787956,21.75421853,22.00024275,1001065,23282463.2,0.939300
2021-02-25,22.27465438,22.27465438,21.68798124,21.78260594,762132,17576084.35,0.715100
2021-02-26,21.55550666,23.9400491,21.53658172,23.38176337,3411661,82280466.63,3.201200
2021-03-01,23.656175,23.66563747,23.15466409,23.32498855,1689901,41712365.15,1.585700
2021-03-02,23.4669256,23.4669256,22.78562776,22.93702728,1184500,28766088.0,1.111400
2021-03-03,22.88971493,23.17358903,22.58691589,23.04111445,1005018,24241510.66,0.943000
2021-03-04,23.0884268,23.10735174,22.5206786,22.59637836,989300,23783567.0,0.928300
2021-03-05,22.43551637,23.16412656,22.4260539,23.00326457,1252061,30363112.39,1.174800
2021-03-08,22.90863987,23.32498855,22.75724035,22.82347764,1026444,24971577.8,0.963100
2021-03-09,22.82347764,23.3723009,22.40712896,22.95595222,1543928,37399264.22,1.448700
2021-03-10,22.96541469,23.16412656,22.45444131,22.60584083,838100,20103243.96,0.786400
2021-03-11,22.45444131,22.67207812,22.34089167,22.60584083,764310,18190974.64,0.717200
2021-03-12,22.60584083,22.65315318,21.93400546,21.9529304,1056944,24682315.84,0.991800
2021-03-15,21.9529304,22.10432992,21.6690563,21.74475606,583759,13453727.85,0.547800
2021-03-16,21.68798124,22.28411685,21.68798124,22.08540498,610837,14210619.67,0.573200
2021-03-17,21.8583057,22.21787956,21.79206841,21.94346793,528407,12282498.49,0.495800
2021-03-18,22.01916769,22.0475551,21.83938076,21.87723064,455556,10545932.59,0.427500
2021-03-19,21.763681,21.99078028,21.69744371,21.90561805,580102,13377313.05,0.544300
2021-03-22,21.90561805,22.38820402,21.80153088,22.18949215,748114,17482196.39,0.702000
2021-03-23,22.85186505,22.8991774,22.2368045,22.48282872,1238081,29518109.57,1.161700
2021-03-24,22.16110474,22.5206786,22.16110474,22.37874155,876018,20643092.94,0.822000
2021-03-25,22.24626697,24.18607332,22.1421798,23.15466409,2014250,49159695.74,1.890000
2021-03-26,23.12627668,23.12627668,22.5206786,22.85186505,1334340,32149336.01,1.252000
2021-03-29,22.51121613,22.71939047,22.37874155,22.58691589,1105923,26281666.33,1.037700
2021-03-30,22.5206786,22.53014107,21.99078028,22.03809263,925423,21663983.94,0.868300
2021-03-31,22.00024275,22.30304179,21.93400546,22.20841709,607600,14175177.0,0.570100
2021-04-01,22.18002968,22.28411685,22.00024275,22.13271733,554100,12957642.46,0.519900
2021-04-02,22.13271733,22.29357932,22.02863016,22.18002968,559221,13097690.21,0.524700
2021-04-06,22.18002968,22.53014107,22.18002968,22.4260539,680209,16109738.59,0.638300
2021-04-07,22.45444131,22.88971493,22.35981661,22.87078999,1353007,32428383.54,1.269600
2021-04-08,22.91810234,23.0884268,22.6153033,22.62476577,1186253,28567041.48,1.113100
2021-04-09,22.63422824,22.75724035,22.4260539,22.57745342,680768,16235240.44,0.638800
2021-04-12,22.3314292,23.06950186,22.3314292,22.8991774,1138681,27481102.56,1.068400
2021-04-13,22.83294011,23.16412656,22.5206786,22.6153033,868547,20892356.03,0.815000
2021-04-14,22.47336625,22.8991774,22.40712896,22.709928,566936,13595640.88,0.532000
2021-04-15,22.709928,23.02218951,22.56799095,23.01272704,919942,22220821.37,0.863200
2021-04-16,23.00326457,23.3723009,22.82347764,23.23982632,1101320,26963020.46,1.033400
2021-04-19,23.32498855,23.40068831,23.02218951,23.21143891,988751,24266986.03,0.927800
2021-04-20,23.14520162,23.32498855,22.87078999,23.02218951,836955,20473460.1,0.785300
2021-04-21,22.95595222,23.02218951,22.71939047,22.82347764,686829,16600947.63,0.644500
2021-04-22,22.82347764,23.13573915,22.73831541,23.12627668,785765,19051667.72,0.737300
2021-04-23,23.07896433,23.07896433,22.53014107,22.60584083,850012,20415766.25,0.797600
2021-04-26,22.6153033,22.97487716,22.35035414,22.35981661,750558,17856597.75,0.704300
2021-04-27,22.3314292,22.68154059,21.74475606,21.74475606,1057676,24518809.79,0.992400
2021-04-28,21.69744371,21.8583057,21.30001997,21.763681,657608,15006565.87,0.617000
2021-04-29,21.90561805,22.2368045,21.61228148,22.0475551,656416,15266606.4,0.615900
2021-04-30,22.1421798,22.31250426,21.34733232,21.63120642,1020682,23493263.37,0.957700
2021-05-06,21.55550666,22.09486745,21.52711925,21.84884323,639893,14772544.06,0.600400
2021-05-07,21.84884323,22.53014107,21.80153088,22.36927908,1158769,27294391.73,1.087300
2021-05-10,22.35035414,22.35035414,21.99078028,22.07594251,678456,15853849.76,0.636600
2021-05-11,21.94346793,22.28411685,21.90561805,21.9529304,615739,14322737.69,0.577800
2021-05-12,22.0475551,22.29357932,21.70690618,22.22734203,770082,17961202.5,0.722600
2021-05-13,22.18949215,22.59637836,21.9529304,22.41659143,903589,21406341.05,0.847900
2021-05-14,22.26519191,22.57745342,22.24626697,22.53014107,668100,15843300.0,0.626900
2021-05-17,22.59637836,22.94648975,22.4260539,22.58691589,1133743,27217301.99,1.063800
2021-05-18,22.64369071,23.04111445,22.59637836,22.72885294,895494,21618928.25,0.840300
2021-05-19,22.79509023,22.93702728,22.45444131,22.47336625,582100,13903468.0,0.546200
2021-05-20,22.48282872,22.88025246,22.4260539,22.66261565,691981,16567862.52,0.649300
2021-05-21,22.66261565,22.88971493,22.58691589,22.709928,663241,15933993.73,0.622300
2021-05-24,22.78562776,23.17358903,22.63422824,22.97487716,1014697,24664159.17,0.952100
2021-05-25,22.97487716,23.17358903,22.86132752,22.98433963,638001,15496876.95,0.598600
2021-05-26,22.98433963,23.14520162,22.75724035,22.79509023,958773,23190383.57,0.899600
2021-05-27,22.8045527,23.03165198,22.76670282,22.78562776,772885,18675276.47,0.725200
2021-05-28,22.91810234,22.96541469,22.59637836,22.77616529,736524,17690071.28,0.691100
2021-05-31,22.78562776,23.5615503,22.73831541,23.45746313,2175045,53417879.64,2.040900
2021-06-01,23.63725006,23.9400491,23.30606361,23.50477548,1596116,39843084.81,1.497700
2021-06-02,23.3723009,23.51423795,22.91810234,22.96541469,1035660,25334401.87,0.971800
2021-06-03,23.16412656,23.87381181,22.9938021,23.62778759,1827750,45502412.5,1.715000
2021-06-04,23.4669256,23.81703699,23.24928879,23.3723009,1252883,31017860.43,1.175600
2021-06-07,23.36283843,23.55208783,23.2776762,23.29660114,900970,22258069.27,0.845400
2021-06-08,23.29660114,23.41961325,23.04111445,23.14520162,909966,22297119.16,0.853800
2021-06-09,23.13573915,23.41961325,22.86132752,22.94648975,1177614,28768205.53,1.105000
2021-06-10,23.12627668,23.61832512,22.83294011,23.54262536,1730291,42508327.95,1.623600
2021-06-11,23.70348735,23.73187476,22.3314292,22.92756481,2976192,72162633.74,2.792600
2021-06-15,22.53960354,22.74777788,22.05701757,22.30304179,1778540,42042094.19,1.668800
2021-06-16,22.39766649,22.59637836,22.1421798,22.28411685,1055141,24884241.26,0.990100
2021-06-17,22.28411685,22.78562776,22.16110474,22.70046553,1416838,33782455.16,1.329400
2021-06-18,22.68154059,24.55510965,22.53960354,24.34693531,5172538,130374452.93,4.853500
2021-06-21,24.49833483,24.5077973,23.71294982,23.80757452,3068426,77815210.71,2.879200
2021-06-22,23.85488687,23.94951157,23.49531301,23.54262536,1874200,46860477.85,1.758600
2021-06-23,23.47638807,23.89273675,23.3723009,23.73187476,1711241,42760426.33,1.605700
2021-06-24,23.8454244,23.85488687,23.25875126,23.35337596,1519074,37576801.82,1.425400
2021-06-25,23.41961325,23.51423795,23.1830515,23.32498855,1330768,32817007.83,1.248700
2021-06-28,23.38176337,23.41015078,22.8045527,22.8991774,1796486,43685189.96,1.685700
2021-06-29,22.88971493,23.02218951,22.72885294,22.81401517,979771,23656956.62,0.919300
2021-06-30,22.81401517,23.17358903,22.75724035,23.05057692,979191,23787890.8,0.918800
2021-07-01,23.10735174,23.10735174,22.53960354,22.63422824,1059100,25513165.0,0.993800
2021-07-02,22.65315318,22.78562776,22.24626697,22.39766649,939012,22235858.96,0.881100
2021-07-05,22.43551637,22.67207812,22.39766649,22.5206786,668422,15914690.31,0.627200
2021-07-06,22.5206786,22.75724035,22.35035414,22.58691589,694110,16583026.5,0.651300
2021-07-07,22.50175366,22.67207812,22.35035414,22.56799095,608354,14455615.38,0.570800
2021-07-08,22.44497884,22.62476577,22.05701757,22.15164227,1187702,27895308.8,1.114400
2021-07-09,21.96239287,22.3314292,21.8583057,22.05701757,691833,16127371.22,0.649200
2021-07-12,22.26519191,22.77616529,22.1421798,22.709928,1533669,36550574.5,1.439100
2021-07-13,22.73831541,22.79509023,22.53960354,22.62476577,801862,19174267.8,0.752400
2021-07-14,22.53960354,22.70046553,22.4260539,22.46390378,830598,19798825.26,0.779400
2021-07-15,22.43551637,22.59637836,22.18949215,22.18949215,764100,17968340.06,0.717000
2021-07-16,22.18949215,22.76670282,22.10432992,22.76670282,1244566,29653229.46,1.167800
2021-07-19,22.6153033,22.63422824,22.18949215,22.53960354,1087956,25755982.28,1.020900
2021-07-20,22.53960354,22.68154059,22.29357932,22.51121613,759380,18011879.8,0.712500
2021-07-21,22.6153033,23.13573915,22.47336625,23.00326457,2091217,50570784.14,1.962200
2021-07-22,23.14520162,23.38176337,22.96541469,23.09788927,1804041,44150209.59,0.444000
2021-07-23,23.34391349,23.44800066,22.91810234,23.04111445,1530550,37408463.98,0.376700
2021-07-26,23.23982632,23.34391349,22.81401517,22.96541469,1913011,46639334.35,0.470800
2021-07-27,22.95595222,23.76972464,22.83294011,23.33445102,2854551,70814297.09,0.702500
2021-07-28,23.4669256,24.28069802,22.91810234,23.95897404,4476497,112437159.1,1.101700
2021-07-29,24.1292985,24.1292985,23.60886265,23.94951157,3671321,92770844.45,0.903500
2021-07-30,23.8454244,24.44156001,23.59940018,24.36586025,3553881,90560720.07,0.874600
2021-08-02,24.4131726,25.97448015,24.23338567,25.67168111,5671756,151767219.95,1.395800
2021-08-03,25.37834454,25.80415569,25.15124526,25.40673195,3565384,95686525.51,0.877400
2021-08-04,25.38780701,25.70006852,25.1701702,25.36888207,2817510,75675356.33,0.693400
2021-08-05,25.36888207,25.42565689,24.73489658,24.77274646,3279313,86859777.4,0.807000
2021-08-06,25.01877068,25.05662056,24.67812176,24.94307092,1877357,49399699.03,0.462000
2021-08-09,24.96199586,25.63383123,24.96199586,25.55813147,2417276,64848595.66,0.594900
2021-08-10,25.70953099,25.71899346,24.93360845,25.29318231,2121207,56581140.35,0.522000
2021-08-11,25.3594196,25.3594196,24.46994742,24.65919682,2991849,78263158.92,0.736300
2021-08-12,24.80113387,25.33103219,24.66865929,24.99984574,2088795,55292893.35,0.514100
2021-08-13,24.94257888,24.9998304,24.49410864,24.78990816,1629964,42249200.76,0.401100
2021-08-16,24.58952784,25.1429592,24.53227632,24.808992,1464973,38201559.79,0.360500
2021-08-17,24.79945008,25.13341728,24.03609648,24.10288992,2020731,51945802.74,0.497300
2021-08-18,24.20785104,24.40823136,23.8548,24.16968336,1144256,28867936.37,0.281600
2021-08-19,24.16968336,24.58952784,24.13151568,24.39868944,1179822,30134715.69,0.290400
2021-08-20,24.31281216,24.79945008,24.00747072,24.70403088,1659026,42556205.09,0.408300
2021-08-23,24.808992,25.04754,24.48456672,24.59906976,1566132,40472693.49,0.385400
2021-08-24,24.54181824,24.67540512,24.16014144,24.331896,1544562,39367450.5,0.380100
2021-08-25,24.30327024,24.43685712,23.84525808,24.12197376,1679918,42369067.0,0.413400
2021-08-26,24.13151568,24.34143792,23.8548,23.93113536,1062503,26821850.9,0.261500
2021-08-27,23.87388384,24.3796056,23.6639616,24.093348,1598581,40310198.42,0.393400
2021-08-30,24.63723744,25.05708192,24.19830912,24.32235408,2739841,70918321.12,0.674300
2021-08-31,24.45594096,24.58952784,23.82617424,24.51319248,2159967,54890536.56,0.531600
2021-09-01,24.6658632,24.9998304,24.16014144,24.97120464,2990641,77454088.29,0.736000
2021-09-02,25.12387536,26.15440272,24.97120464,25.9063128,5959769,161450331.39,1.466700
2021-09-03,26.21165424,26.21165424,25.6200552,25.763184,3000600,81249162.0,0.738400
2021-09-06,26.03035776,28.3395024,25.48646832,28.3395024,9194134,269622101.92,2.262700
2021-09-07,28.3395024,29.47499088,27.671568,28.864308,10491777,314674494.0,2.582000
2021-09-08,28.90247568,30.61047936,28.36812816,30.20971872,9705522,299607900.84,2.388500
2021-09-09,30.33376368,33.23450736,30.33376368,32.76695328,15183040,513853750.96,3.736600
2021-09-10,32.442528,33.37763616,31.01124,31.08757536,9616335,320289975.57,2.366600
2021-09-13,31.18299456,32.03222544,30.9158208,31.35474912,6418049,211200004.58,1.579500
2021-09-14,31.33566528,31.65054864,29.579952,29.9139192,8388687,266983687.14,2.064500
2021-09-15,29.70399696,30.59139552,29.18873328,29.50361664,5367894,167527604.46,1.321000
2021-09-16,29.58949392,30.14292528,28.68301152,29.22690096,3700278,113617790.67,0.910600
2021-09-17,29.44636512,29.44636512,28.02461904,28.58759232,4533331,135212227.38,1.115700
2021-09-22,28.20591552,28.78797264,27.91965792,28.52079888,3179877,94300947.44,0.782600
2021-09-23,28.5303408,29.31277824,28.12958016,28.50171504,5503646,165628461.75,1.354400
2021-09-24,28.30133472,28.85476608,28.08187056,28.34904432,3364242,100124144.02,0.827900
2021-09-27,28.59713424,29.06468832,27.03225936,27.15630432,3907766,112967656.57,0.961700
2021-09-28,27.36622656,27.80515488,26.88913056,27.5284392,2760055,79319696.37,0.679300
2021-09-29,27.45210384,27.45210384,26.58378912,26.8127952,2599744,73263284.09,0.639800
2021-09-30,26.87958864,26.99409168,26.39295072,26.58378912,2652123,74070398.31,0.652700
2021-10-08,26.9082144,27.59523264,26.8127952,27.08951088,2416429,68821447.45,0.594700
2021-10-11,27.2898912,29.79941616,27.23263968,29.79941616,8279568,251496221.41,2.037600
2021-10-12,29.97117072,32.7764952,29.97117072,32.7764952,19605568,657574948.88,4.824900
2021-10-13,33.04366896,34.350912,32.16581232,33.37763616,14043095,488228634.84,3.456000
2021-10-14,32.04176736,34.350912,31.83184512,33.93106752,11038010,386403342.15,2.716500
2021-10-15,33.64480992,34.9711368,32.89099824,33.75931296,9033585,320217356.06,2.223200
2021-10-18,33.35855232,34.14098976,32.80512096,33.17725584,8130651,283357294.02,2.001000
2021-10-19,33.16771392,33.29175888,31.87955472,32.2516896,6988331,236246486.64,1.719800
2021-10-20,31.61238096,33.08183664,31.23070416,31.4406264,6993668,233315752.8,1.721100
2021-10-21,31.3929168,31.3929168,30.22880256,30.6295632,5513905,176765593.84,1.357000
2021-10-22,30.3433056,30.93490464,29.8662096,29.99025456,5067422,160598515.33,1.247100
2021-10-25,30.295596,30.41964096,29.47499088,29.579952,4680785,145601167.52,1.151900
2021-10-26,29.579952,30.63910512,29.2936944,29.47499088,9205499,289763161.89,2.265500
2021-10-27,29.66582928,30.41964096,28.7688888,29.31277824,6181884,191591297.49,1.521400
2021-10-28,29.60857776,32.24214768,28.79751456,32.24214768,8659762,281066968.2,2.131200
2021-10-29,33.09137856,33.39672,29.01697872,29.4845328,16875586,538734372.01,4.153100
2021-11-01,29.08377216,29.09331408,26.54562144,28.2440832,10269949,300754729.13,2.527400
2021-11-02,27.8146968,30.057048,27.69065184,28.87384992,9441756,286246114.12,2.323600
2021-11-03,28.98835296,29.78987424,28.53988272,29.102856,6410823,196057834.59,1.577700
2021-11-04,29.16964944,31.30703952,28.65438576,31.08757536,8652912,275403460.41,2.129500
2021-11-05,31.08757536,31.08757536,29.20781712,29.58949392,8780271,274932028.68,2.160800
2021-11-08,29.04560448,29.51315856,28.52079888,29.04560448,4002323,121830532.91,0.985000
2021-11-09,28.63530192,29.71353888,28.62576,29.08377216,3102787,94563301.31,0.763600
2021-11-10,29.0551464,30.04750608,28.66392768,29.89483536,5240808,161835481.94,1.289800
2021-11-11,29.579952,32.02268352,29.45590704,30.94444656,9814530,317716984.82,2.415400
2021-11-12,30.73452432,31.73642592,30.6295632,31.249788,5985679,196444162.92,1.473100
2021-11-15,31.26887184,31.5837552,30.55322784,31.0589496,5080266,165622799.55,1.250300
2021-11-16,30.98261424,32.24214768,30.89673696,32.0608512,7188856,239762532.42,1.769200
2021-11-17,32.32802496,32.3471088,30.87765312,31.69825824,6775579,223457344.02,1.667500
2021-11-18,32.18489616,32.18489616,30.55322784,30.81085968,5507160,178761590.55,1.355300
2021-11-19,30.21926064,30.75360816,30.04750608,30.3433056,3923044,124842676.88,0.965500
2021-11-22,30.4864344,31.33566528,29.6753712,31.08757536,4797900,154753498.46,1.180800
2021-11-23,31.21162032,31.90818048,30.84902736,31.71734208,5602957,184732768.38,1.378900
2021-11-24,31.488336,33.32992656,31.01124,32.32802496,8551172,291123266.93,2.104400
2021-11-25,32.2516896,32.64290832,31.45016832,31.50741984,5071387,169378322.63,1.248100
2021-11-26,31.45971024,32.2516896,30.87765312,32.0131416,4798755,159464941.63,1.181000
2021-11-29,31.16391072,31.90818048,31.01124,31.33566528,3577007,117478891.37,0.880300
2021-11-30,31.488336,31.6314648,30.65818896,31.22116224,3498222,114306194.44,0.860900
2021-12-01,30.9158208,32.08947696,30.64864704,31.83184512,4716085,155381349.25,1.160600
2021-12-02,31.69825824,31.94634816,30.12384144,30.17155104,5122764,165418129.2,1.260700
2021-12-03,30.1524672,30.80131776,29.78033232,30.3433056,3240251,103028934.51,0.797400
2021-12-06,30.9158208,32.64290832,30.2478864,30.57231168,5907064,194227165.74,1.453700
2021-12-07,30.20971872,30.3433056,28.148664,28.2917928,6278662,190097686.06,1.545200
2021-12-08,28.32041856,29.0074368,28.2917928,28.9120176,2453594,73964879.72,0.603800
2021-12-09,28.89293376,29.33186208,28.7211792,29.1505656,2150352,65560153.7,0.529200
2021-12-10,28.74026304,29.04560448,28.44446352,28.62576,3813199,114500189.28,0.938400
2021-12-13,28.56850848,29.0074368,28.2440832,28.70209536,2426416,73094171.8,0.597100
2021-12-14,28.53988272,29.50361664,28.53988272,28.9120176,3393410,103161834.41,0.835100
2021-12-15,28.9120176,29.55132624,28.8165984,29.27461056,3531115,108467476.88,0.869000
2021-12-16,29.28415248,32.20398,29.28415248,32.20398,7920903,259395576.8,1.949300
2021-12-17,33.1104624,34.22686704,31.50741984,33.85473216,15395806,536259086.02,3.788900
2021-12-20,33.66389376,35.7822,31.85092896,32.20398,12587281,441940360.08,3.097700
2021-12-21,33.26313312,33.43488768,32.33756688,33.12000432,7477212,257825388.27,1.840100
2021-12-22,33.37763616,35.23831056,33.16771392,34.69442112,9262595,333169244.64,2.279500
2021-12-23,34.76121456,35.2573944,34.1600736,35.066556,6360374,232290619.12,1.565300
2021-12-24,34.828008,35.20014288,32.90054016,33.27267504,7301534,259200546.99,1.796900
2021-12-27,33.57801648,33.5875584,32.30894112,32.8242048,4117794,141318336.29,1.013400
2021-12-28,33.3013008,33.8261064,32.7287856,33.02458512,5852503,203562148.09,1.440300
2021-12-29,33.08183664,33.08183664,31.9177224,32.61428256,5332942,181598395.75,1.312400
2021-12-30,33.158172,33.60664224,32.22306384,33.29175888,4994211,172923520.53,1.229100
2021-12-31,33.33946848,33.75931296,31.1066592,31.24024608,9254222,308499298.01,2.277500
2022-01-04,31.01124,31.35474912,30.4387248,30.55322784,5475532,176275760.97,1.347500
2022-01-05,30.8681112,30.98261424,30.32422176,30.6295632,4357278,139871312.47,1.072300
2022-01-06,30.26697024,30.52460208,29.8185,30.06658992,5429485,171460568.31,1.336200
2022-01-07,30.08567376,30.7249824,29.95208688,30.06658992,3707604,117410154.67,0.912400
2022-01-10,30.01888032,30.64864704,29.2936944,30.57231168,3842693,121590263.62,0.945700
2022-01-11,30.57231168,30.99215616,29.78987424,29.95208688,3346955,106045308.9,0.823700
2022-01-12,30.11429952,30.61047936,29.79941616,30.57231168,3020378,95919727.01,0.743300
2022-01-13,30.98261424,31.46925216,30.25742832,30.25742832,4333972,139382421.94,1.066600
2022-01-14,29.89483536,30.6295632,29.7707904,30.17155104,2630681,83432427.49,0.647400
2022-01-17,29.93300304,33.0150432,29.93300304,32.28031536,7893047,262315819.67,1.942500
2022-01-18,32.27077344,32.6333664,31.30703952,31.49787792,5048365,168662479.6,1.242400
2022-01-19,31.22116224,31.8700128,30.63910512,30.83948544,3875970,126732403.4,0.953900
2022-01-20,30.83948544,31.00169808,30.1524672,30.31467984,2995477,95489964.03,0.737200
2022-01-21,30.33376368,30.66773088,28.90247568,29.2459848,4120108,127502838.1,1.014000
2022-01-24,29.40819744,30.12384144,28.96926912,29.71353888,2399989,74810989.75,0.590600
2022-01-25,29.9139192,29.9616288,28.1963736,28.23454128,3052266,92524824.8,0.751200
2022-01-26,28.2917928,28.98835296,27.77652912,27.91965792,2288600,67521397.98,0.563200
2022-01-27,27.79561296,27.87194832,26.60287296,26.6696664,3198342,90838805.5,0.787100
2022-01-28,27.0036336,27.7669872,26.3356992,27.07996896,3145016,89259290.71,0.774000
2022-02-07,27.671568,27.79561296,26.99409168,27.25172352,2151261,61737232.5,0.529400
2022-02-08,27.27080736,28.0055352,26.88913056,27.70973568,3004215,86922716.69,0.739300
2022-02-09,27.671568,28.1963736,27.50935536,28.06278672,2637921,77409208.58,0.649200
2022-02-10,28.23454128,28.4349216,27.63340032,27.90057408,2114682,61834202.96,0.520400
2022-02-11,27.75744528,27.85286448,26.69829216,26.8605048,2892475,82363122.93,0.711800
2022-02-14,26.94638208,27.3853104,26.54562144,26.63149872,2683226,75524991.86,0.660300
2022-02-15,26.75554368,27.0990528,26.6219568,26.88913056,1973913,55671910.86,0.485800
2022-02-16,27.07996896,27.7669872,26.955924,27.50935536,2519584,72483212.22,0.620100
2022-02-17,27.58569072,27.58569072,26.78416944,26.92729824,2469394,69867928.04,0.607700
2022-02-18,27.4807296,28.7688888,27.35668464,28.59713424,5498815,161688783.35,1.353300
2022-02-21,29.39865552,30.40055712,29.11239792,29.66582928,8386094,260585917.56,2.063800
2022-02-22,29.2936944,29.9616288,28.9597272,29.54178432,5602975,173688948.57,1.378900
2022-02-23,29.5322424,30.18109296,29.27461056,30.04750608,4681319,145875352.34,1.152100
2022-02-24,30.01888032,30.11429952,28.6734696,29.07423024,5131813,157757171.94,1.262900
2022-02-25,29.2936944,30.02842224,29.2936944,29.49407472,3504140,108890131.6,0.862400
2022-02-28,29.58949392,30.534144,29.46544896,30.4864344,4777044,150651227.0,1.175600
2022-03-01,30.4387248,31.22116224,30.1047576,30.80131776,4650301,150108951.0,1.144400
2022-03-02,30.6772728,30.6772728,29.9616288,30.13338336,3064076,96908390.0,0.754100
2022-03-03,30.19063488,30.2478864,29.4845328,29.64674544,2432758,75953089.0,0.598700
2022-03-04,29.1505656,29.80895808,29.12193984,29.39865552,2017633,62215061.0,0.496500
2022-03-07,29.37002976,29.37002976,28.64484384,28.77843072,2110095,63823954.0,0.519300
2022-03-08,29.07423024,29.2459848,27.88149024,28.23454128,3070002,92107695.0,0.755500
2022-03-09,28.51125696,29.07423024,26.82233712,28.0055352,3618706,106622929.0,0.890600
2022-03-10,29.579952,29.579952,27.9578256,28.08187056,3359772,100768966.0,0.826800
2022-03-11,28.08187056,28.50171504,27.27080736,28.3395024,3117530,91086088.0,0.767200
2022-03-14,28.148664,29.03606256,27.68110992,27.92919984,3838242,114431596.0,0.944600
2022-03-15,27.61431648,27.8146968,25.94448048,25.94448048,4220817,119069504.0,1.038700
2022-03-16,26.24028,26.717376,25.01891424,26.55516336,3427374,93402111.0,0.843500
2022-03-17,26.69829216,27.61431648,26.67920832,27.194472,3512988,100220750.0,0.864500
2022-03-18,27.02271744,27.3853104,26.97500784,27.0990528,1824553,52024057.38,0.449000
2022-03-21,27.10859472,27.93874176,26.45020224,26.7650856,2321064,65547479.74,0.571200
2022-03-22,26.73645984,27.0990528,26.03035776,26.6219568,2605192,72287686.82,0.641100
2022-03-23,26.84142096,27.74790336,26.24982192,27.49027152,3694096,105143498.96,0.909100
2022-03-24,27.3376008,27.3376008,26.1925704,26.26890576,3946641,109928743.95,0.971300
2022-03-25,26.16394464,26.41203456,25.62959712,25.63913904,2688759,73291005.24,0.661700
2022-03-28,25.49601024,25.89677088,24.808992,25.72501632,2358414,62903058.47,0.580400
2022-03-29,25.94448048,26.05898352,25.24792032,25.43875872,1649761,44101436.57,0.406000
2022-03-30,25.63913904,25.8108936,25.48646832,25.7154744,1380937,37131238.56,0.339800
2022-03-31,25.8586032,25.88722896,25.45784256,25.58188752,1434140,38471035.93,0.352900
2022-04-01,25.4769264,25.9540224,25.16204304,25.63913904,1602690,43067081.26,0.394400
2022-04-06,25.63913904,25.8108936,25.32425568,25.74410016,1663269,44622577.13,0.409300
2022-04-07,25.61051328,25.83951936,25.00937232,25.00937232,1867333,49685931.9,0.459600
2022-04-08,25.763184,25.79180976,24.1410576,24.32235408,2991223,77216909.84,0.736100
2022-04-11,24.2364768,24.2364768,23.0914464,23.32045248,2872353,71099371.76,0.706900
2022-04-12,23.43495552,23.83571616,23.10098832,23.77846464,1823791,44940284.06,0.448800
2022-04-13,23.77846464,23.8548,23.31091056,23.4731232,1512281,37346435.29,0.372200
2022-04-14,23.94067728,24.0456384,23.36816208,23.50174896,1154542,28457572.16,0.284100
2022-04-15,23.51129088,23.7116712,23.1868656,23.34907824,1135868,27902907.0,0.279500
2022-04-18,23.2345752,23.84525808,23.2345752,23.5685424,1264944,31147559.28,0.311300
2022-04-19,23.6639616,24.97120464,23.4731232,24.08380608,3256702,82540050.14,0.801500
2022-04-20,23.88342576,24.331896,23.3299944,23.43495552,2545879,63168314.95,0.626500
2022-04-21,23.32045248,23.76892272,23.02465296,23.0437368,2353974,57802466.86,0.579300
2022-04-22,22.900608,23.19640752,21.87008064,22.38534432,2536975,59301416.14,0.624400
2022-04-25,22.423512,22.423512,20.77275984,20.77275984,2320851,52488551.22,0.571200
2022-04-26,21.2784816,21.2784816,20.71550832,20.8013856,1993106,43717857.98,0.490500
2022-04-27,20.6105472,21.3261912,19.92352896,21.06855936,2068000,44659616.47,0.508900
2022-04-28,21.04947552,21.20214624,20.3242896,20.87772096,1513998,32905421.97,0.372600
2022-04-29,20.992224,21.7555776,20.90634672,21.6124488,1960919,43862816.0,0.482600
2022-05-05,22.0895448,23.77846464,22.0895448,23.77846464,2921891,71327821.48,0.719100
2022-05-06,23.20594944,25.1429592,22.9960272,24.4273152,6877193,175951870.18,1.692500
2022-05-09,24.4273152,25.04754,24.02655456,24.35097984,3680140,94272639.37,0.905700
2022-05-10,24.35097984,25.03799808,23.9025096,24.81853392,3236148,83209185.98,0.796400
2022-05-11,25.02845616,25.59142944,24.69448896,24.9044112,3434116,90463250.19,0.845100
2022-05-12,24.74219856,25.13341728,24.34143792,24.63723744,2589190,66936734.37,0.637200
2022-05-13,25.04754,25.10479152,24.59906976,25.0952496,2217143,57943422.31,0.545600
2022-05-16,25.10479152,25.45784256,24.86624352,24.99028848,2050375,53900269.12,0.504600
2022-05-17,25.06662384,25.26700416,24.72311472,25.17158496,1916944,50348425.2,0.471800
2022-05-18,25.17158496,25.35288144,24.93303696,24.9998304,1386500,36460974.0,0.341200
2022-05-19,24.72311472,25.92539664,24.6181536,25.48646832,2763060,73446498.64,0.680000
2022-05-20,25.64868096,25.7154744,25.21929456,25.48646832,1955496,52096834.9,0.481200
2022-05-23,25.50555216,27.44256192,25.50555216,26.98454976,4288748,119293605.36,1.055500
2022-05-24,26.72691792,27.12767856,25.3815072,25.41013296,3299396,90663701.31,0.812000
2022-05-25,25.29562992,25.68684864,25.286088,25.6677648,1614240,43207539.87,0.397300
2022-05-26,25.65822288,26.4311184,25.20975264,25.94448048,1961934,53007241.12,0.482800
2022-05-27,25.94448048,26.31661536,25.58188752,25.763184,1549793,42190945.5,0.381400
2022-05-30,25.73455824,26.07806736,25.45784256,25.82043552,1228608,33144764.09,0.302400
2022-05-31,25.82043552,26.3834088,25.5723456,26.25936384,1694909,46352783.55,0.417100
2022-06-01,26.22119616,26.66012448,26.0971512,26.58378912,1860021,51595241.34,0.457800
2022-06-02,26.55516336,27.15630432,26.29753152,27.0036336,1872855,52610387.58,0.460900
2022-06-06,27.06088512,27.91965792,26.87004672,27.59523264,2591167,74766754.07,0.637700
2022-06-07,27.98645136,27.98645136,27.53798112,27.70973568,2299138,67024621.1,0.565800
2022-06-08,27.6238584,27.90057408,27.194472,27.61431648,2187820,63095955.28,0.538400
2022-06-09,27.5284392,27.75744528,27.2421816,27.41393616,1593305,45937714.7,0.392100
2022-06-10,27.11813664,27.45210384,27.0036336,27.2898912,1574361,45001876.06,0.387500
2022-06-13,26.85096288,27.5761488,26.85096288,27.39485232,2069719,59141487.89,0.509400
2022-06-14,27.17538816,27.40439424,26.45974416,27.15630432,1767728,49796106.37,0.435000
2022-06-15,27.16584624,28.03416096,27.0036336,27.46164576,2078937,60441541.88,0.511600
2022-06-16,27.23263968,27.8146968,27.23263968,27.49981344,1850019,53484930.63,0.455300
2022-06-17,27.28034928,28.28225088,26.91775632,28.17728976,2475806,72705745.59,0.609300
2022-06-20,28.9597272,29.08377216,28.32041856,28.46354736,2505894,75116021.04,0.616700
2022-06-21,28.7688888,29.20781712,28.03416096,28.36812816,2213736,66382939.45,0.544800
2022-06-22,28.51125696,29.11239792,28.03416096,28.97881104,3270068,98389342.51,0.804800
2022-06-23,28.77843072,28.96926912,27.74790336,28.28225088,2960007,87232536.47,0.728500
2022-06-24,28.28225088,28.87384992,28.01507712,28.70209536,2225950,66519840.95,0.547800
2022-06-27,28.61621808,29.03606256,27.74790336,28.02461904,2875409,84859629.63,0.707600
2022-06-28,28.16774784,28.4826312,27.910116,28.4826312,1814968,53866585.12,0.446700
2022-06-29,28.387212,29.16964944,28.3395024,28.34904432,2634397,79191695.86,0.648300
2022-06-30,28.7688888,30.20971872,28.7688888,29.50361664,3392032,105024032.06,0.834800
2022-07-01,29.50361664,29.50361664,28.1963736,28.39675392,2553827,76896948.32,0.628500
2022-07-04,28.32041856,28.60667616,27.61431648,28.44446352,1888539,55770650.2,0.464800
2022-07-05,28.42537968,28.97881104,27.8624064,28.23454128,1665833,49580465.28,0.410000
2022-07-06,28.17728976,28.79751456,28.148664,28.52079888,1720374,51430682.33,0.423400
2022-07-07,28.53988272,31.37383296,28.5303408,30.61047936,8600061,275617298.39,2.116500
2022-07-08,30.83948544,31.2974976,30.057048,31.22116224,8004913,258789062.43,1.970000
2022-07-11,31.22116224,31.249788,29.9616288,30.41964096,4363143,139176458.57,1.073800
2022-07-12,30.66773088,30.84902736,29.65628736,30.01888032,3444834,108937231.13,0.847800
2022-07-13,29.9139192,31.01124,29.9139192,30.7249824,2556220,82144827.65,0.629100
2022-07-14,30.75360816,32.04176736,30.55322784,31.56467136,3232862,106157022.86,0.795600
2022-07-15,31.3452072,31.56467136,29.95208688,30.057048,5027722,161075660.08,1.237300
2022-07-18,30.25742832,31.14482688,29.9616288,30.85856928,3002400,96397554.95,0.738900
2022-07-19,30.81085968,31.06849152,30.31467984,30.46735056,2250337,72127707.87,0.553800
2022-07-20,30.46735056,30.6295632,29.98071264,30.3433056,1962904,62202896.0,0.483100
2022-07-21,30.20971872,30.50551824,29.89483536,29.94254496,1735141,54811891.95,0.427000
2022-07-22,29.92346112,30.1524672,29.4368232,29.55132624,2567057,79773204.8,0.631800
2022-07-25,29.73262272,30.295596,29.30323632,29.5322424,3134688,97930807.57,0.771400
2022-07-26,29.52270048,32.42344416,29.30323632,31.99405776,6598406,216045923.57,1.623900
2022-07-27,31.99405776,32.442528,31.6791744,32.1562704,4400894,147797636.32,1.083100
2022-07-28,32.0608512,33.24404928,31.90818048,32.43298608,3851324,131652096.26,0.947800
2022-07-29,32.5379472,32.80512096,31.49787792,31.5360456,3604258,120509927.24,0.887000
2022-08-01,31.64100672,31.85092896,31.01124,31.75550976,2851182,93928840.94,0.701700
2022-08-02,31.3929168,32.42344416,30.534144,31.6791744,4375522,145040662.24,1.076800
2022-08-03,31.68871632,33.80702256,31.68871632,32.54748912,6186541,213460696.46,1.522500
2022-08-04,32.59519872,33.2058816,32.04176736,32.71924368,3538814,120871336.0,0.870900
2022-08-05,32.64290832,33.10092048,32.27077344,32.64290832,3299744,112870790.0,0.812100
2022-08-08,32.7764952,33.02458512,32.04176736,32.36619264,2320847,78603712.0,0.571200
2022-08-09,32.30894112,33.09137856,32.30894112,32.98641744,3126304,107422161.0,0.769400
2022-08-10,32.7287856,32.919624,32.11810272,32.18489616,2469573,83816735.0,0.607800
2022-08-11,32.28985728,32.6333664,32.04176736,32.36619264,2069285,70205851.0,0.509300
2022-08-12,32.35665072,33.39672,31.87955472,32.93870784,4054109,138735043.0,0.997700
2022-08-15,32.92916592,33.86427408,32.5856568,33.07229472,4529855,158514977.93,1.114800
2022-08-16,33.12000432,33.39672,32.47115376,32.52840528,1986799,68125485.76,0.489000
2022-08-17,32.66199216,35.7822,32.62382448,35.7822,8602980,315726565.7,2.117200
2022-08-18,36.93677232,39.36042,36.1638768,39.33179424,16025571,648194005.66,3.943900
2022-08-19,39.60079596,42.271592,37.98678972,38.3326482,15039160,626017104.37,3.701100
2022-08-22,38.909079,38.909079,36.987643,37.14135788,8723076,340597240.4,2.146800
2022-08-23,37.468002,37.74661022,36.58414144,36.8915712,4166026,160315021.79,1.025300
2022-08-24,36.71864196,37.07410762,34.79720596,34.99895674,6023218,222720142.95,1.482300
2022-08-25,34.79720596,35.71949524,34.57624082,35.10463572,5085146,185346651.66,1.251500
2022-08-26,35.56578036,38.10207588,35.3544224,37.01646454,9215689,356317439.27,2.268000
2022-08-29,36.13260398,37.0837148,35.1142429,35.9308532,7632403,286178038.24,1.878300
2022-08-30,35.94046038,39.52393852,35.39285112,39.52393852,13226383,527000248.92,3.255000
2022-08-31,41.5030176,41.5030176,37.6121097,37.9003251,14210437,582591172.04,3.497200
2022-09-01,38.51518462,41.6951612,37.98678972,41.6951612,10182207,427378361.74,2.505800
2022-09-02,41.6471253,45.80703424,40.31172728,43.92402696,19059334,862039034.28,4.690500
2022-09-05,43.23231,45.1057101,41.80084018,44.5292793,13775110,628701512.12,3.390100
2022-09-06,43.50131104,46.22975016,42.77116536,45.2978537,13658283,626942060.47,3.361300
2022-09-07,44.49085058,45.7301768,43.91441978,44.0969562,9136562,423854046.0,2.248500
2022-09-08,43.2803459,44.90395932,42.15630584,43.60699002,10443317,470508214.48,2.570100
2022-09-09,43.712669,43.8087408,41.68555402,42.81920126,6971389,308743467.86,1.715700
2022-09-13,43.39563206,43.40523924,41.15715912,41.82005454,6591836,286365718.4,1.622300
2022-09-14,41.1187304,41.75280428,40.47504934,41.4549817,5430962,231834682.78,1.336600
2022-09-15,41.87769762,42.0794484,38.5728277,39.08200824,7434383,307820527.03,1.829600
2022-09-16,39.41825954,40.70562166,38.60164924,39.1972944,5326516,220553690.2,1.310900
2022-09-19,38.84182874,41.67594684,38.67850668,40.81130064,7717223,326463700.4,1.899200
2022-09-20,41.5990894,42.18512738,40.52308524,40.65758576,6438425,276901667.78,1.584500
2022-09-21,41.14755194,41.38773144,39.59118878,40.82090782,5802290,245865028.29,1.427900
2022-09-22,40.79208628,42.5117715,40.5422996,42.26198482,6985256,304358391.43,1.719100
2022-09-23,41.65673248,42.15630584,39.1972944,39.49511698,7794644,325611284.98,1.918300
2022-09-26,39.42786672,43.44366796,39.08200824,43.44366796,9788254,426798385.82,2.408900
2022-09-27,43.10741666,45.153746,42.9921305,45.09610292,9657002,443876187.22,2.376600
2022-09-28,44.65417264,45.09610292,42.3196279,43.68384746,7064078,319163400.79,1.738500
2022-09-29,43.712669,44.1449921,41.00344424,42.1274843,5873898,256819982.74,1.445600
2022-09-30,42.4637356,44.193028,40.4462278,40.45583498,5144410,224456201.47,1.266000
2022-10-10,40.98422988,41.1187304,38.7169354,38.7649713,4954836,204071082.41,1.219400
2022-10-11,39.27415184,39.9658688,38.43832718,39.79293956,4120094,169147748.72,1.014000
2022-10-12,39.51433134,42.25237764,39.389438,41.9833766,5452607,231290071.14,1.341900
2022-10-13,41.43576734,42.90566588,41.05148014,42.00259096,5225225,228589726.48,1.285900
2022-10-14,42.39648534,42.73273664,39.75451084,39.80254674,7116562,299987117.15,1.751400
2022-10-17,39.22611594,40.46544216,39.16847286,40.1099765,4964070,205341896.65,1.221700
2022-10-18,40.1099765,44.12577774,39.84097546,44.12577774,8247445,365573903.5,2.029700
2022-10-19,44.3851716,45.09610292,42.9921305,43.0882023,8621974,393736544.41,2.121900
2022-10-20,42.6558792,43.4724895,40.35976318,42.1755202,6895666,300941760.61,1.697000
2022-10-21,42.2235561,45.14413882,41.96416224,44.15459928,7169894,329727456.09,1.764500
2022-10-24,43.96245568,44.673387,42.59823612,42.86723716,5400840,244483037.55,1.329100
2022-10-25,42.77116536,44.0489203,42.28119918,42.90566588,4871001,219477157.43,1.198800
2022-10-26,42.7999869,42.8960587,40.90737244,42.43491406,5193728,227619092.05,1.278200
2022-10-27,42.55020022,42.85762998,39.22611594,39.44708108,7353489,309530573.21,1.809700
2022-10-28,39.41825954,41.30126682,38.96672208,40.05233342,5712097,238087822.29,1.405700
2022-10-31,40.350156,43.2803459,40.350156,41.68555402,8490050,372024570.6,2.089400
2022-11-01,42.26198482,43.10741666,39.7737252,42.06984122,5704752,244398479.22,1.403900
2022-11-02,41.72398274,42.3676638,40.14840522,40.5903355,6300438,268329391.26,1.550500
2022-11-03,40.37897754,40.69601448,39.7737252,40.28290574,5210663,217432502.86,1.282300
2022-11-04,40.56151396,40.85933654,39.8217611,40.53269242,5658228,237660546.59,1.392500
2022-11-07,40.55190678,40.830515,36.47846246,36.7954994,15091466,589531033.89,3.714000
2022-11-08,36.51689118,37.16057224,36.13260398,36.87235684,7908207,302292687.45,1.946200
2022-11-09,36.7474635,36.85314248,34.98934956,35.21992188,7654101,282627371.19,1.883700
2022-11-10,35.00856392,35.1622788,33.4329864,33.60591564,9990668,355471707.16,2.458700
2022-11-11,34.2976326,34.37449004,33.0486992,33.32730742,8285016,289191417.34,2.038900
2022-11-14,33.4329864,34.02863156,33.08712792,33.99981002,8365187,293494739.7,2.058700
2022-11-15,33.9133454,34.37449004,33.5290582,34.37449004,6065439,215038989.85,1.492700
2022-11-16,34.38409722,34.90288494,34.08627464,34.26881106,5239557,187766758.98,1.289500
2022-11-17,34.2015608,34.2015608,33.47141512,34.09588182,3309733,116692103.92,0.814500
2022-11-18,34.17273926,34.4417403,33.6731659,33.8172736,3228865,114627611.18,0.794600
2022-11-21,33.82688078,34.4417403,33.65395154,34.2976326,3604608,128206726.78,0.887100
2022-11-22,34.105489,34.43213312,33.8653095,33.99981002,3236490,114899786.34,0.796500
2022-11-23,34.04784592,34.51859774,33.39455768,34.40331158,3965774,140523767.07,0.976000
2022-11-24,34.4897762,35.66185216,34.37449004,35.07581418,5194960,190217348.64,1.278500
2022-11-25,34.7299557,34.8740634,33.17359254,33.1928069,5514753,193800653.63,1.357200
2022-11-28,32.8085197,33.73080898,32.68362636,33.66355872,3832163,133614254.41,0.943100
2022-11-29,33.8172736,33.90373822,33.49062948,33.82688078,2585747,90775053.14,0.636400
2022-11-30,33.80766642,33.82688078,33.12555664,33.23123562,4088184,142026023.99,1.006100
2022-12-01,33.65395154,34.09588182,33.3369146,34.02863156,5922812,208550783.12,1.457600
2022-12-02,34.02863156,34.38409722,33.83648796,33.92295258,2975639,105672791.04,0.732300
2022-12-05,34.105489,34.43213312,33.80766642,33.84609514,3640824,128848790.12,0.896000
2022-12-06,33.99981002,34.08627464,33.1928069,33.63473718,3917062,137113862.02,0.964000
2022-12-07,33.63473718,33.75002334,33.21202126,33.31770024,2556200,88780734.0,0.629100
2022-12-08,33.2408428,33.50023666,33.07752074,33.18319972,2219540,76900165.2,0.546200
2022-12-09,33.31770024,33.44259358,32.8085197,32.86616278,2914855,100321402.95,0.717300
2022-12-12,32.7604838,33.2888787,32.664412,33.01027048,2528757,86739867.35,0.622300
2022-12-13,33.20241408,33.20241408,32.50108994,32.50108994,2044500,69678895.0,0.503200
2022-12-14,32.72205508,33.1928069,32.50108994,32.68362636,2409107,82367995.68,0.592900
2022-12-15,32.94302022,33.12555664,32.26091044,32.8565556,1818878,62125361.26,0.447600
2022-12-16,32.65480482,32.88537714,31.8958376,32.01112376,2723783,91318764.67,0.670300
2022-12-19,31.8958376,32.16483864,31.34822834,31.58840784,2019922,66763372.87,0.497100
2022-12-20,31.4154786,32.0879812,31.4154786,31.62683656,2192855,72494280.96,0.539700
2022-12-21,31.47312168,31.8958376,30.99276268,31.16569192,1797815,58570533.96,0.442400
2022-12-22,31.16569192,31.32901398,30.262617,30.33947444,2222709,71064984.38,0.547000
2022-12-23,30.19536674,30.5988683,29.72461492,30.39711752,2079555,65517761.76,0.511800
2022-12-26,30.3586888,30.92551242,30.03204468,30.91590524,1599600,51260137.0,0.393700
2022-12-27,31.00236986,31.40587142,30.8390478,31.28097808,1592800,51624746.0,0.392000
2022-12-28,31.11765602,31.53076476,30.8870837,31.14647756,1854509,60267762.33,0.456400
2022-12-29,31.15608474,31.37704988,30.9351196,31.25215654,1413649,45890077.39,0.347900
2022-12-30,31.44430014,31.77094426,31.02158422,31.34822834,1762399,57613352.01,0.433700
2023-01-03,31.34822834,32.63559046,31.25215654,32.45305404,3931294,131217421.28,0.967500
2023-01-04,32.62598328,33.07752074,32.184053,32.8085197,3053460,103804019.84,0.751500
2023-01-05,32.664412,33.0967351,32.6163761,32.69323354,2254280,76945346.01,0.554800
2023-01-06,32.83734124,33.26005716,32.59716174,32.9045915,2256121,77424886.79,0.555200
2023-01-09,32.77009098,33.29848588,32.6163761,33.02948484,2605532,89441981.2,0.641200
2023-01-10,33.02948484,33.35612896,32.74126944,32.88537714,1666309,57361791.2,0.410100
2023-01-11,32.77009098,33.20241408,32.5683402,32.6163761,1779866,60926592.11,0.438000
2023-01-12,32.75087662,33.16398536,32.5683402,33.02948484,1957785,67205665.61,0.481800
2023-01-13,32.99105612,33.05830638,32.35698224,32.63559046,1807552,61377999.82,0.444800
2023-01-16,32.4722684,33.01027048,32.36658942,32.72205508,2356666,80479826.1,0.580000
2023-01-17,32.73166226,33.30809306,32.73166226,33.08712792,1821260,62785687.08,0.448200
2023-01-18,32.97184176,33.68277308,32.81812688,33.4329864,1983426,68782235.48,0.488100
2023-01-19,33.2888787,33.41377204,32.81812688,32.92380586,2897126,99455769.64,0.713000
2023-01-20,32.83734124,33.7692377,32.82773406,33.74041616,3530821,123379683.97,0.868900
2023-01-30,33.83648796,34.7299557,33.70198744,33.70198744,4323068,152989017.96,1.063900
2023-01-31,33.63473718,34.56663364,33.62513,34.06706028,3785145,134049256.68,0.931500
2023-02-01,34.41291876,34.41291876,33.8172736,34.2495967,4206969,149475678.04,1.035300
2023-02-02,34.4417403,34.7299557,34.14391772,34.31684696,3677039,131640850.27,0.904900
2023-02-03,34.31684696,34.42252594,33.6731659,33.95177412,3007193,106263171.58,0.740100
2023-02-06,33.9613813,34.2495967,33.45220076,33.62513,3758543,132275860.2,0.925000
2023-02-07,33.84609514,34.54741928,33.53866538,34.51859774,4428077,158129178.93,1.089800
2023-02-08,34.66270544,34.76838442,33.4329864,33.50023666,3762789,132537963.82,0.926000
2023-02-09,33.50023666,34.55702646,33.3369146,34.49938338,4229429,150793494.85,1.040900
2023-02-10,34.6819198,35.12385008,34.3937044,34.79720596,3959804,143403553.11,0.974500
2023-02-13,34.80681314,35.2103147,34.6819198,35.07581418,3732711,135985253.65,0.918600
2023-02-14,35.09502854,36.026925,35.04699264,35.74831678,4992675,185458575.61,1.228700
2023-02-15,36.03653218,36.73785632,35.42167266,36.72824914,5427544,204047217.26,1.335700
2023-02-16,36.8435353,36.85314248,34.95092084,35.2583506,7597953,282833221.52,1.869900
2023-02-17,35.3544224,35.38324394,34.57624082,34.61466954,3712006,134657988.73,0.913500
2023-02-20,34.59545518,35.03738546,33.9133454,35.03738546,4290520,153920354.23,1.055900
2023-02-21,34.88367058,35.41206548,34.78759878,35.12385008,3184548,116344579.9,0.783700
2023-02-22,35.00856392,35.00856392,34.31684696,34.62427672,2934790,105628397.21,0.722300
2023-02-23,34.585848,34.97974238,34.14391772,34.27841824,2335892,83849678.6,0.574900
2023-02-24,34.37449004,34.9701352,34.28802542,34.75877724,2359759,85417836.08,0.580700
2023-02-27,34.4417403,34.76838442,34.21116798,34.35527568,1918963,68776512.84,0.472300
2023-02-28,34.585848,35.70028088,34.585848,35.43127984,3806968,139416966.4,0.936900
2023-03-01,35.43127984,36.28631886,35.23913624,36.24789014,4612053,173074705.17,1.135000
2023-03-02,36.68021324,36.94921428,36.3151404,36.77628504,5686944,217001166.02,1.399600
2023-03-03,36.59374862,36.59374862,35.546566,35.76753114,4006065,149736351.69,0.985900
2023-03-06,35.55617318,36.507284,35.4504942,36.10378244,3581368,134639780.65,0.881400
2023-03-07,36.026925,36.11338962,34.7779916,34.85484904,3621296,133063357.48,0.891200
2023-03-08,34.91249212,35.71949524,34.7779916,35.50813728,2739402,101041218.9,0.674200
2023-03-09,35.81556704,36.78589222,35.7387096,36.56492708,5315433,200825583.53,1.308100
2023-03-10,36.23828296,36.33435476,35.74831678,35.74831678,2955361,110583677.86,0.727300
2023-03-13,35.46010138,36.19985424,35.2583506,36.10378244,3240804,121062729.82,0.797600
2023-03-14,36.10378244,36.2671045,35.12385008,35.65224498,2906181,107682779.23,0.715200
2023-03-15,35.6426378,35.95967474,35.00856392,35.15267162,2651004,97510064.39,0.652400
2023-03-16,34.9701352,35.3063865,34.49938338,34.5378121,2536150,92132316.15,0.624100
2023-03-17,34.75877724,36.00771064,34.75877724,35.74831678,4060221,150539395.66,0.999200
2023-03-20,35.74831678,36.68982042,35.74831678,36.25749732,4514612,171210994.77,1.111000
2023-03-21,36.18063988,37.3719302,36.1229968,36.91078556,3947516,151643253.87,0.971500
2023-03-22,36.88196402,39.18768722,36.47846246,38.74575694,6942164,275832319.0,1.708500
2023-03-23,38.51518462,41.53183914,38.1405046,40.94580116,9127401,383193457.68,2.246300
2023-03-24,40.94580116,41.25323092,39.06279388,39.56236724,6810570,281209523.3,1.676100
2023-03-27,39.4855098,40.1580124,39.1012226,39.869797,4583831,189355303.67,1.128100
2023-03-28,39.46629544,39.5815816,37.948361,38.07325434,5609398,225153875.58,1.380500
2023-03-29,38.0924687,39.12043696,38.0924687,38.68811386,4189527,168492192.14,1.031000
2023-03-30,38.58243488,40.29251292,38.31343384,39.389438,6897917,282105558.53,1.697600
2023-03-31,39.55276006,41.30126682,39.21650876,39.7737252,4803928,199039486.29,1.182200
2023-04-03,39.39904518,39.39904518,37.5160379,38.64007796,9171601,365526835.7,2.257100
2023-04-04,38.5728277,38.5728277,37.5160379,37.77543176,6864983,270503746.27,1.689500
2023-04-06,37.82346766,39.869797,37.52564508,39.4855098,8631460,350427022.43,2.124200
2023-04-07,40.08115496,41.5990894,39.46629544,39.6296175,8553079,358846427.76,2.104900
2023-04-10,39.60079596,40.6383714,38.79379284,39.5815816,7156765,297347040.43,1.761300
2023-04-11,39.73529648,39.73529648,38.36146974,39.07240106,4900021,198509638.87,1.205900
2023-04-12,38.909079,39.33179492,38.3806841,39.1492585,5026761,203389823.3,1.237100
2023-04-13,39.0531867,39.0531867,37.6121097,37.83307484,4715153,186808216.56,1.160400
2023-04-14,38.13089742,38.4767559,37.44878764,37.93875382,3391891,133843927.1,0.834700
2023-04-17,37.74661022,37.93875382,36.61296298,36.92999992,4323797,166202134.67,1.064100
2023-04-18,36.87235684,38.20775486,36.42081938,37.6121097,4948119,192396687.73,1.217700
2023-04-19,37.3719302,38.22696922,36.99725018,37.6121097,3650980,143232313.98,0.898500
2023-04-20,37.44878764,39.99469034,37.2758584,39.7737252,7838239,321303301.67,1.929000
2023-04-21,39.9658688,41.24362374,37.5640738,37.72739586,8571400,352491514.15,2.109400
2023-04-24,37.7081815,39.26454466,36.987643,37.53525226,5534905,219523709.56,1.362100
2023-04-25,37.35271584,37.7081815,35.75792396,36.27671168,5812260,220970692.32,1.430400
2023-04-26,36.01731782,36.82432094,35.14306444,35.34481522,4064886,151119487.15,1.000400
2023-04-27,35.3544224,35.80595986,34.70113416,35.02777828,3689562,135140628.7,0.908000
2023-04-28,34.80681314,35.81556704,34.80681314,35.4985301,2870177,105877068.33,0.706400
2023-05-04,35.3063865,35.43127984,33.31770024,33.68277308,5967863,211552146.76,1.468700
2023-05-05,33.61552282,33.61552282,32.45305404,32.68362636,4169528,142952573.74,1.026100
2023-05-08,32.50108994,33.13516382,32.4722684,32.97184176,2922162,99979207.0,0.719100
2023-05-09,32.87576996,33.26966434,32.39541096,32.43383968,2883630,98345037.5,0.709700
2023-05-10,32.39541096,32.64519764,31.8478017,32.0879812,2755903,92270839.56,0.678200
2023-05-11,32.1360171,32.40501814,31.76133708,31.80937298,2532387,84279994.14,0.623200
2023-05-12,31.88623042,32.07837402,31.4635145,31.50194322,1697274,56042216.28,0.417700
2023-05-15,31.47312168,31.91505196,31.10804884,31.91505196,1899213,62249449.45,0.467400
2023-05-16,31.91505196,32.07837402,31.47312168,31.53076476,1820197,59929281.88,0.448000
2023-05-17,31.69408682,31.7517299,31.28097808,31.56919348,1527065,50151254.23,0.375800
2023-05-18,31.7997658,33.144771,31.7997658,33.11594946,5668453,192885069.99,1.395000
2023-05-19,32.9526274,32.97184176,32.27051762,32.73166226,3459383,117530265.34,0.851400
2023-05-22,32.65480482,33.30809306,32.48187558,32.57794738,2705660,92446863.37,0.665900
2023-05-23,32.31855352,32.9045915,32.24169608,32.50108994,1704592,57751630.89,0.419500
2023-05-24,32.24169608,32.87576996,32.0879812,32.49148276,1999214,67741299.42,0.492000
2023-05-25,32.31855352,32.94302022,32.25130326,32.87576996,2757840,93788824.11,0.678700
2023-05-26,32.93341304,33.10634228,32.39541096,32.91419868,2590800,88454948.0,0.637600
2023-05-29,32.94302022,33.89413104,32.94302022,33.37534332,3128719,108824622.12,0.770000
2023-05-30,33.25044998,33.93255976,32.78930534,33.93255976,2757589,96125009.69,0.678600
2023-05-31,34.105489,34.38409722,33.51945102,33.78845206,2570122,90383007.78,0.632500
2023-06-01,33.98059566,34.72034852,33.78845206,33.85570232,3396689,120589615.9,0.835900
2023-06-02,33.9613813,34.66270544,33.75963052,33.77884488,2786488,99058768.89,0.685800
2023-06-05,33.87491668,34.585848,33.75002334,34.3937044,2968822,105973491.04,0.730600
2023-06-06,34.47056184,34.55702646,33.29848588,33.3369146,2964237,104173563.22,0.729500
2023-06-07,33.60591564,34.25920388,33.34652178,33.58670128,2567500,90171114.0,0.631900
2023-06-08,33.0967351,33.25044998,31.6556581,32.184053,4987184,166716631.23,1.227300
2023-06-09,32.3761966,33.59630846,32.184053,33.55787974,4127525,141537883.69,1.015800
2023-06-12,33.55787974,33.78845206,33.15437818,33.56748692,2862115,99726936.18,0.704400
2023-06-13,33.4329864,34.36488286,33.144771,33.82688078,3102544,108853247.78,0.763500
2023-06-14,33.9613813,34.6338839,33.42337922,34.37449004,3801519,135077941.87,0.935600
2023-06-15,34.6338839,36.47846246,34.6338839,35.2583506,9045446,334790568.01,2.226100
2023-06-16,34.59545518,36.3151404,34.18234644,36.20946142,7257413,268507830.68,1.786100
2023-06-19,36.82432094,37.30467994,36.06535372,36.987643,9434235,360458627.75,2.321800
2023-06-20,36.507284,36.62257016,35.6906737,36.11338962,5996657,225156525.34,1.475800
2023-06-21,35.84438858,36.026925,35.31599368,35.3544224,3944997,146188222.72,0.970900
2023-06-26,35.6906737,36.4112122,35.07581418,35.26795778,5874782,218189980.2,1.445800
2023-06-27,35.77713832,35.77713832,34.31684696,34.94131366,4301785,155753148.88,1.058700
2023-06-28,34.8260275,34.9220993,33.8172736,34.42252594,3127345,111484294.61,0.769600
2023-06-29,34.22077516,34.75877724,34.105489,34.55702646,2309494,82972723.3,0.568400
2023-06-30,34.54741928,35.8828173,34.3937044,35.55617318,3844283,141606691.73,0.946100
2023-07-03,35.546566,35.84438858,35.08542136,35.39285112,3126567,115300816.31,0.769400
2023-07-04,36.026925,37.26625122,35.36402958,35.39285112,6002584,225843140.36,1.477200
2023-07-05,35.53695882,35.75792396,34.43213312,34.64349108,3833444,139848817.83,0.943400
2023-07-06,34.65309826,35.47931574,34.38409722,34.6338839,3068479,111630346.43,0.755200
2023-07-07,34.4897762,34.52820492,33.7692377,34.105489,2690179,95616405.66,0.662100
2023-07-10,34.2495967,34.47056184,34.02863156,34.37449004,1715359,61127000.02,0.422200
2023-07-11,35.08542136,36.026925,34.89327776,35.1142429,4018707,147538820.5,0.989000
2023-07-12,34.8260275,35.13345726,33.64434436,33.64434436,3865990,138169041.31,0.951400
2023-07-13,33.6731659,33.9613813,33.4810223,33.85570232,1857831,65297345.99,0.457200
2023-07-14,33.8653095,36.71864196,33.8653095,35.5946019,7698158,283856448.2,1.894500
2023-07-17,35.28717214,35.71949524,34.85484904,35.13345726,3397753,124504153.34,0.836200
2023-07-18,34.9701352,35.12385008,33.92295258,33.97098848,3719112,133001264.64,0.915300
2023-07-19,34.09588182,34.2015608,33.63473718,33.87491668,1950217,68708125.41,0.479900
2023-07-20,34.0094172,34.02863156,32.9526274,33.02948484,2567335,89038368.61,0.631800
2023-07-21,33.0967351,33.144771,32.664412,32.86616278,1447979,49540716.63,0.356300
2023-07-24,32.8565556,33.50984384,32.5683402,33.16398536,1321279,45655792.74,0.325200
2023-07-25,33.31770024,33.95177412,33.2408428,33.69238026,1867779,65474417.62,0.459700
2023-07-26,33.62513,33.8653095,33.45220076,33.53866538,1449957,50765543.56,0.356800
2023-07-27,33.5770941,33.75963052,33.31770024,33.3849505,1360100,47453014.76,0.334700
2023-07-28,33.27927152,33.8172736,32.87576996,33.75002334,1967700,68441056.0,0.484300
2023-07-31,33.8172736,33.89413104,33.49062948,33.61552282,1934979,67822779.85,0.476200
2023-08-01,33.61552282,33.75002334,33.2408428,33.45220076,1438573,49940365.12,0.354000
2023-08-02,33.25044998,33.66355872,33.25044998,33.45220076,1122089,39074884.52,0.276100
2023-08-03,33.4329864,33.5770941,33.17359254,33.1928069,1197900,41527223.0,0.294800
2023-08-04,33.23123562,33.7212018,33.15437818,33.71159462,1791733,62536405.24,0.440900
2023-08-07,33.68277308,33.88452386,33.3369146,33.37534332,1507627,52605847.82,0.371000
2023-08-08,33.17359254,33.5290582,32.68362636,32.68362636,1739836,59824295.77,0.428200
2023-08-09,32.69323354,32.77969816,31.72290836,31.7997658,2394358,80168675.48,0.589300
2023-08-10,31.88623042,32.01112376,31.71330118,31.76133708,1145700,37998416.0,0.282000
2023-08-11,31.92465914,31.92465914,31.26176372,31.38665706,1482119,48640947.04,0.364700
2023-08-14,31.32901398,31.76133708,31.06001294,31.74212272,929162,30432984.26,0.228700
2023-08-15,31.79015862,31.93426632,31.26176372,31.34822834,1108100,36391074.0,0.272700
2023-08-16,31.39626424,31.49233604,30.82944062,30.9351196,952200,30841899.0,0.234300
2023-08-17,30.89669088,31.37704988,30.742976,31.30979962,864800,27996991.0,0.212800
2023-08-18,31.42508578,31.49233604,30.84865498,30.85826216,869100,28166461.0,0.213900
2023-08-21,30.71415446,31.30019244,30.71415446,30.81983344,984755,31761343.67,0.242300
2023-08-22,30.90757845,31.16099915,30.43972485,31.1512522,1348519,42567156.37,0.331900
2023-08-23,31.10251745,31.10251745,29.8841487,29.91338955,1538176,47811217.2,0.378500
2023-08-24,29.9231365,30.77112115,29.9036426,30.3325084,1171100,36468308.0,0.288200
2023-08-25,30.10832855,30.2935206,29.03616405,29.25059695,1531018,46347956.31,0.376800
2023-08-28,31.19024,31.4826485,30.28377365,30.410484,2079941,65452592.95,0.511900
2023-08-29,30.5274474,31.53138325,30.3520023,31.33644425,2137716,68180035.0,0.526100
2023-08-30,31.43391375,31.86277955,31.4046729,31.5021424,1574285,51067874.38,0.387400
2023-08-31,31.4631546,31.76531005,31.4436607,31.6385997,1236807,40136935.67,0.304400
2023-09-01,31.6385997,31.7555631,31.3461912,31.4826485,1211000,39198429.0,0.298000
2023-09-04,31.4826485,32.07721245,31.385179,32.0674655,1675800,54661263.56,0.412400
2023-09-05,32.0479716,32.2234167,31.88227345,32.0869594,1205975,39721151.5,0.296800
2023-09-06,31.88227345,32.4378496,31.775057,32.3988618,1431100,47311050.0,0.352200
2023-09-07,32.4183557,32.4378496,31.82379175,31.82379175,1129000,37167907.0,0.277800
2023-09-08,31.6775875,32.25265755,31.5216363,32.13569415,1133200,37222304.0,0.278900
2023-09-11,32.3403801,32.7302581,31.99923685,32.4573435,1566300,52030053.0,0.385500
2023-09-12,32.58405385,33.07140135,32.40860875,32.9057032,1863000,62824464.0,0.458500
2023-09-13,32.8667154,32.944691,32.21366975,32.4573435,1412900,47121686.0,0.347700
2023-09-14,32.554813,33.20785865,32.46709045,32.6327886,1591900,53635934.0,0.391800
2023-09-15,32.7107642,32.87646235,32.27215145,32.6327886,1526254,50973710.98,0.375600
2023-09-18,32.85696845,33.8219165,32.7692459,33.28583425,3162428,107731343.13,0.778300
2023-09-19,33.13963,33.1591239,31.97974295,32.31113925,2289461,75989359.71,0.563400
2023-09-20,32.2039228,32.79848675,31.6775875,31.7555631,2071569,68275573.63,0.509800
2023-09-21,31.6775875,32.19417585,31.5411302,31.72632225,1558200,50974412.0,0.383500
2023-09-22,31.5021424,32.6327886,31.5021424,32.5938008,2027277,67196081.62,0.498900
2023-09-25,33.0616544,33.5684958,32.7692459,32.95443795,2560571,86747638.57,0.630200
2023-09-26,32.8472215,33.0226666,32.2624045,32.3793679,1785331,59417010.1,0.439400
2023-09-27,32.17468195,32.7107642,32.164935,32.6522825,1757633,58486488.66,0.432600
2023-09-28,32.50607825,33.07140135,32.50607825,32.91545015,1524661,51440065.53,0.375200
2023-10-09,32.9057032,33.46127935,32.749752,33.1591239,2373533,80908538.01,0.584100
2023-10-10,33.14937695,33.4320385,33.14937695,33.2565934,1513894,51734333.5,0.372600
2023-10-11,33.28583425,33.63672445,33.18836475,33.30532815,1564310,53639612.3,0.385000
2023-10-12,33.4710263,33.7829287,33.28583425,33.55874885,1957399,67456070.75,0.481700
2023-10-13,33.5684958,33.5684958,33.01291965,33.334569,1973472,67493767.52,0.485700
2023-10-16,33.32482205,33.38330375,32.7692459,32.9641849,1848346,62578335.64,0.454900
2023-10-17,32.95443795,33.1006422,32.359874,32.7887398,1678372,56353287.18,0.413000
2023-10-18,32.6912703,32.749752,32.164935,32.3013923,1725297,57356349.98,0.424600
2023-10-19,32.35012705,32.54506605,31.62885275,31.6775875,1555854,51018863.57,0.382900
2023-10-20,31.5216363,31.969996,31.10251745,31.19024,1586806,51040826.36,0.390500
2023-10-23,30.94656625,31.0927705,30.06934075,30.16681025,2085631,65379904.96,0.513300
2023-10-24,30.24478585,30.6639047,29.5332585,29.81592005,1729668,52995316.23,0.425700
2023-10-25,30.22529195,30.47871265,29.73794445,30.14731635,1454437,45105090.45,0.357900
2023-10-26,30.06934075,30.800362,29.9426304,30.79061505,1602225,50069678.09,0.394300
2023-10-27,30.61516995,31.10251745,30.4689657,31.0147949,1397490,44192040.7,0.343900
2023-10-30,30.86859065,31.2682156,30.4884596,31.21948085,1504990,47853925.9,0.370400
2023-10-31,30.53719435,30.8393498,29.2993317,29.54300545,3289382,100275915.29,0.809500
2023-11-01,29.3383195,29.67946275,28.31488975,28.41235925,3850305,113469509.67,0.947600
2023-11-02,28.37337145,28.4416001,27.73007275,27.8177953,2641934,75739542.87,0.650200
2023-11-03,27.7788075,28.70476775,27.76906055,28.49033485,2551076,74285932.69,0.627800
2023-11-06,28.656033,29.0264171,28.5585635,28.99717625,2723251,80714549.33,0.670200
2023-11-07,29.0069232,29.58199325,28.7535025,29.3188256,2782865,83319473.9,0.684900
2023-11-08,29.2993317,29.5332585,28.9289476,29.2993317,2606252,78099428.24,0.641400
2023-11-09,29.25059695,29.3968012,29.0654049,29.2213561,1578300,47332753.0,0.388400
2023-11-10,29.0848988,29.32857255,28.95818845,29.1238866,1362500,40706450.0,0.335300
2023-11-13,29.25059695,29.50401765,29.05565795,29.48452375,1745923,52558511.07,0.429700
2023-11-14,29.4747768,29.630728,29.30907865,29.58199325,1539576,46627693.76,0.378900
2023-11-15,29.7281975,29.8061731,29.24085,29.4747768,1638734,49574104.48,0.403300
2023-11-16,29.64047495,30.98555405,29.4942707,29.5527524,3837424,117731460.79,0.944400
2023-11-17,29.9036426,32.1064533,29.54300545,31.580118,8450400,267890260.84,2.079600
2023-11-20,30.800362,30.8978315,29.8841487,30.42023095,9176766,284619079.85,2.258400
2023-11-21,30.22529195,30.3325084,29.8646548,29.99136515,5483128,168519067.28,1.349400
2023-11-22,29.8646548,30.03035295,29.38705425,29.42604205,3559255,108391761.45,0.875900
2023-11-23,29.21160915,29.3383195,28.8119842,29.2798378,2837793,84509725.76,0.698400
2023-11-24,29.2018622,29.24085,28.76324945,28.84122505,2153431,63846433.65,0.530000
2023-11-27,28.84122505,29.0264171,28.656033,28.95818845,1721800,50948295.8,0.423700
2023-11-28,28.99717625,29.21160915,28.8314781,29.13363355,1917841,57203632.22,0.472000
2023-11-29,29.13363355,29.13363355,28.35387755,28.49033485,2565874,75566086.58,0.631500
2023-11-30,28.5000818,28.56831045,28.10045685,28.35387755,1671192,48526646.89,0.411300
2023-12-01,28.266155,28.7729964,28.2271672,28.656033,1791885,52453763.42,0.441000
2023-12-04,28.80223725,29.045911,28.7145147,28.86071895,2261851,67011067.92,0.556600
2023-12-05,28.76324945,28.850972,28.27590195,28.4416001,1465700,42795577.6,0.360700
2023-12-06,28.3051428,28.4026123,28.02248125,28.266155,1437928,41623028.76,0.353900
2023-12-07,28.071216,28.4805879,28.0322282,28.35387755,1348432,39186905.91,0.331800
2023-12-08,28.54881655,29.50401765,28.25640805,29.34806645,6723799,200102297.31,1.654700
2023-12-11,28.850972,29.58199325,28.7535025,29.38705425,5152483,154234149.87,1.268000
2023-12-12,29.24085,29.48452375,28.7535025,28.86071895,3262977,97198355.36,0.803000
2023-12-13,28.88021285,28.9484415,28.27590195,28.2856489,2219800,65020630.54,0.546300
2023-12-14,28.3246367,28.62679215,28.11995075,28.1491916,1491392,43368457.08,0.367000
2023-12-15,28.11995075,28.2466611,27.4474112,27.57412155,2592399,73502032.64,0.638000
2023-12-18,27.486399,27.49614595,26.44347535,26.511704,2335264,64186557.64,0.574700
2023-12-19,26.44347535,26.85284725,26.19005465,26.4142345,1364520,37041510.32,0.335800
2023-12-20,26.4142345,26.6091735,25.926887,25.93663395,1463858,39308463.0,0.360300
2023-12-21,25.93663395,26.316765,25.60523765,26.09258515,1428537,38013235.35,0.351600
2023-12-22,26.09258515,26.20954855,25.6149846,25.81967055,1176700,31314114.0,0.289600
2023-12-25,25.7124541,26.11207905,25.7124541,26.01460955,1113800,29697374.09,0.274100
2023-12-26,26.01460955,26.121826,25.50776815,25.6149846,1259100,33105364.0,0.309900
2023-12-27,25.66371935,25.8099236,25.44928645,25.7904297,895511,23615596.16,0.220400
2023-12-28,25.7904297,26.57993265,25.6539724,26.5311979,1720736,46385769.3,0.423500
2023-12-29,26.42398145,26.901582,26.36549975,26.7651247,1278219,35048246.12,0.314600
2024-01-02,26.7456308,26.85284725,26.4727162,26.48246315,1466838,40083486.08,0.361000
2024-01-03,26.46296925,26.56043875,26.1998016,26.3752467,1122679,30397730.59,0.276300
2024-01-04,26.46296925,26.46296925,26.121826,26.4532223,1004679,27110559.69,0.247300
2024-01-05,26.44347535,26.4922101,25.926887,26.0243565,1273196,34295220.28,0.313300
2024-01-08,25.9073931,26.121826,25.2640944,25.3030822,1309144,34174618.38,0.322200
2024-01-09,25.2640944,25.48827425,25.0301676,25.2056127,975700,25238338.0,0.240100
2024-01-10,25.2446005,25.37131085,24.7767469,25.05940845,918131,23631055.9,0.226000
2024-01-11,25.05940845,25.5759968,24.86446945,25.37131085,1031407,26784428.63,0.253800
2024-01-12,25.39080475,25.4980212,25.0691554,25.07890235,854902,22136085.98,0.210400
2024-01-15,25.0106737,25.29333525,24.8547225,25.0886493,689700,17757091.25,0.169700
2024-01-16,25.1081432,25.37131085,24.8547225,25.2835883,1331178,34304422.28,0.327600
2024-01-17,25.2251066,25.33232305,24.88396335,24.88396335,929979,23960094.3,0.228900
2024-01-18,25.4590334,25.4590334,24.4648445,25.2056127,1607754,40846229.43,0.395700
2024-01-19,25.33232305,25.4590334,24.96193895,24.98143285,1043628,26969412.94,0.256800
2024-01-22,24.9716859,24.98143285,23.6850885,23.8215458,1686300,42225256.05,0.415000
2024-01-23,23.83129275,24.49408535,23.4511617,24.4843384,1522070,37761812.3,0.374600
2024-01-24,24.4648445,24.6987713,23.59736595,24.6792774,1500138,37362956.68,0.369200
2024-01-25,24.72801215,25.8099236,24.61104875,25.72220105,2462663,64136983.29,0.606100
2024-01-26,25.731948,25.85865835,25.34207,25.3810578,1298440,34135005.52,0.319500
2024-01-29,25.34207,25.537009,24.7767469,24.90345725,1282300,33063069.0,0.315600
2024-01-30,24.90345725,25.0496615,24.20167685,24.26015855,993820,25105376.2,0.244600
2024-01-31,24.3088933,24.35762805,23.1587532,23.2757166,1669834,40361563.86,0.410900
2024-02-01,23.2757166,23.8800275,22.807863,23.34394525,1574900,37888613.64,0.387600
2024-02-02,23.34394525,23.6071129,21.4237961,22.028107,1852741,42781028.62,0.456000
2024-02-05,22.0086131,22.807863,20.08846395,21.9501314,3133797,68664824.64,0.771200
2024-02-06,21.9501314,23.1002715,21.1118937,22.95406725,3482748,80168893.09,0.857100
2024-02-07,22.95406725,24.0944604,22.8858386,24.08471345,3900933,95207017.75,0.960000
2024-02-08,24.3478811,25.29333525,24.10420735,24.68902435,3462559,88124929.68,0.852100
2024-02-19,24.9132042,25.5954907,24.7377591,25.5175151,3652809,94609400.13,0.899000
2024-02-20,25.17637185,25.21535965,24.8157347,25.03991455,2382143,61120992.94,0.586200
2024-02-21,24.76699995,25.70270715,24.76699995,25.3615639,3635091,94779299.83,0.894600
2024-02-22,25.2446005,25.9463809,25.2446005,25.9073931,2525920,66774053.04,0.621600
2024-02-23,25.93663395,26.4532223,25.8294175,26.24853635,2761353,74057853.07,0.679600
2024-02-26,26.121826,26.4337284,25.97562175,26.15106685,2718269,73091378.9,0.669000
2024-02-27,26.01460955,27.14525575,25.85865835,27.1160149,3752100,102550373.62,0.923400
2024-02-28,27.08677405,27.53513375,25.99511565,25.99511565,3944420,108455402.8,0.970700
2024-02-29,25.78068275,26.95031675,25.7514419,26.8820881,2704800,73870101.22,0.665700
2024-03-01,26.95031675,27.4669051,26.79436555,27.4669051,3614354,101038918.62,0.889500
2024-03-04,27.57412155,27.6423502,26.95031675,27.3304478,2931000,82098911.0,0.721300
2024-03-05,27.12576185,27.5643746,26.9990515,27.2134844,2713569,76094550.18,0.667800
2024-03-06,27.096521,27.55462765,26.83335335,27.26221915,2306800,64393780.0,0.567700
2024-03-07,27.20373745,27.43766425,26.83335335,26.87234115,1980990,55142277.26,0.487500
2024-03-08,27.04778625,27.74956665,26.8431003,27.74956665,2973961,83348087.45,0.731900
2024-03-11,28.0127343,28.3051428,27.5448807,28.1296977,4650742,133283491.64,1.144500
2024-03-12,28.0322282,28.1296977,27.2719661,27.3694356,3792207,107326252.42,0.933300
2024-03-13,27.37918255,27.96399955,27.32070085,27.5643746,3172507,89910245.91,0.780800
2024-03-14,27.3889295,27.6618441,27.08677405,27.3304478,2277742,63917943.21,0.560600
2024-03-15,27.28171305,27.9152648,26.8625942,27.876277,2954600,83095575.22,0.727100
2024-03-18,27.94450565,28.19792635,27.76906055,28.1881794,2835368,81490587.92,0.697800
2024-03-19,28.19792635,29.6502219,27.8957709,29.0069232,6101633,180871327.49,1.501600
2024-03-20,29.6112341,30.4494718,29.0069232,29.1043927,9141992,277881888.43,2.249800
2024-03-21,28.9874293,31.53138325,28.850972,31.0927705,14347819,447034437.21,3.531000
2024-03-22,30.8588437,32.64253555,30.5274474,32.33063315,13282677,430283253.32,3.268900
2024-03-25,31.580118,31.64834665,29.42604205,29.42604205,10011840,311996852.86,2.463900
2024-03-26,28.74375555,29.91338955,28.266155,28.4026123,7024431,208546678.47,1.728700
2024-03-27,28.1686855,28.3441306,25.8294175,25.91714005,8405691,231905477.95,2.068600
2024-03-28,25.91714005,28.04197515,25.91714005,27.7593136,7103367,199432239.23,1.748100
2024-03-29,27.59361545,28.7729964,27.2719661,28.6755269,5605828,161469330.28,1.379600
2024-04-01,28.43185315,29.28958475,28.43185315,29.13363355,5040925,149232369.44,1.240600
2024-04-02,28.88021285,29.0264171,28.0907099,28.2856489,3988217,116291996.73,0.981500
2024-04-03,28.071216,28.1491916,27.04778625,27.18424355,4470760,125502273.56,1.100300
2024-04-08,27.0575332,27.08677405,26.3362589,26.36549975,3933455,107232051.78,0.968000
2024-04-09,26.50195705,26.6676552,26.1413199,26.50195705,3208879,86911342.05,0.789700
2024-04-10,26.4922101,26.4922101,25.8294175,25.95612785,2855839,76497197.37,0.702800
2024-04-11,26.0438504,26.40448755,25.78068275,26.07309125,3008779,80424565.27,0.740500
2024-04-12,26.11207905,27.26221915,26.0633443,26.6871491,4022634,109861215.31,0.990000
2024-04-15,26.69689605,27.096521,25.99511565,26.6286674,4092050,111616518.58,1.007100
2024-04-16,26.44347535,26.73588385,25.58574375,25.66371935,4228982,113039455.25,1.040800
2024-04-17,25.8878992,26.95031675,25.8878992,26.9405698,3553891,97199259.42,0.874600
2024-04-18,26.901582,27.26221915,26.38499365,26.7261369,3363654,92488946.82,0.827800
2024-04-19,26.63841435,26.9795576,26.13157295,26.3752467,2571361,69833448.72,0.632800
2024-04-22,26.0048626,26.67740215,25.48827425,26.5311979,2489292,67082810.56,0.612600
2024-04-23,26.3362589,26.8041125,26.1413199,26.19005465,2321063,62737863.32,0.571200
2024-04-24,26.1803077,26.98930455,26.121826,26.98930455,3468827,95066061.0,0.853700
2024-04-25,26.7846186,26.85284725,26.42398145,26.52145095,3088660,84198240.22,0.760100
2024-04-26,26.42398145,27.5838685,26.42398145,27.4474112,4402240,122663381.67,1.083400
2024-04-29,27.34019475,27.98349345,27.34019475,27.8372892,4190941,119278162.09,1.031400
2024-04-30,26.79436555,26.79436555,25.4980212,25.6344785,8413946,223726099.84,2.070700
2024-05-06,26.09258515,26.50195705,25.9463809,26.20954855,5088925,136807089.88,1.252400
2024-05-07,26.1998016,26.24853635,25.7124541,25.89764615,2891551,76958140.39,0.711600
2024-05-08,25.7124541,25.9073931,25.03991455,25.1081432,3690000,95764779.0,0.908100
2024-05-09,25.1276371,25.62473155,24.9911798,25.537009,2648931,69100399.41,0.651900
2024-05-10,25.537009,25.60523765,24.9911798,25.2446005,2161200,55935784.0,0.531900
2024-05-13,25.0496615,27.681338,24.757253,27.12576185,9242212,251964217.84,2.274500
2024-05-14,27.04778625,27.22323135,25.99511565,26.46296925,5739158,156015808.45,1.412400
2024-05-15,26.2777772,26.59942655,25.9853687,26.0243565,2866590,77047342.99,0.705500
2024-05-16,26.1023321,26.83335335,25.99511565,26.1998016,3608947,97781369.22,0.888200
2024-05-17,26.1998016,26.2777772,25.72220105,26.24853635,2450185,65473833.12,0.603000
2024-05-20,26.24853635,26.3362589,25.8489114,26.05359735,2310500,61873488.86,0.568600
2024-05-21,26.03410345,26.03410345,25.3225761,25.39080475,3161150,82964188.5,0.778000
2024-05-22,25.41029865,25.54675595,25.147131,25.4980212,1791800,46637667.0,0.441000
2024-05-23,25.62473155,25.62473155,24.86446945,24.98143285,2465600,63471908.0,0.606800
2024-05-24,24.8937103,25.4200456,24.76699995,24.80598775,2636586,67776723.98,0.648900
2024-05-27,24.80598775,25.11789015,24.172436,24.61104875,2031300,50948180.86,0.499900
2024-05-28,24.63054265,24.8547225,24.41610975,24.4648445,1406200,35504803.0,0.346100
2024-05-29,24.31864025,24.70851825,24.31864025,24.41610975,1031400,25896903.0,0.253800
2024-05-30,24.26015855,24.6013018,24.14319515,24.4258567,1226321,30681558.97,0.301800
2024-05-31,24.53307315,24.952192,24.43560365,24.65003655,1533172,38898023.08,0.377300
2024-06-03,24.4648445,24.757253,24.3478811,24.5428201,1497972,37700637.92,0.368700
2024-06-04,24.367375,24.51357925,24.14319515,24.49408535,1196095,29832097.55,0.294400
2024-06-05,24.4648445,24.68902435,24.27965245,24.3088933,1382500,34750602.0,0.340200
2024-06-06,24.172436,24.4453506,23.587619,23.587619,2159511,53050291.11,0.531500
2024-06-07,23.977497,24.0164848,23.39268,23.6266068,1262730,30654061.0,0.310800
2024-06-11,23.6266068,23.8800275,23.16850015,23.8020519,1376853,33359767.69,0.338800
2024-06-12,23.77281105,24.172436,23.6850885,23.9190153,1286313,31677970.04,0.316600
2024-06-13,23.92876225,24.0749665,23.73382325,23.9190153,1151439,28231031.49,0.283400
2024-06-14,23.81179885,24.2114238,23.6461007,24.2114238,2125137,52407103.75,0.523000
2024-06-17,24.0554726,24.4648445,23.977497,24.3868689,1375667,34359068.25,0.338600
2024-06-18,24.2893994,24.952192,24.2893994,24.8352286,1895003,48171452.92,0.466400
2024-06-19,24.952192,25.09839625,24.4843384,24.63054265,1436700,36416285.0,0.353600
2024-06-20,24.6207957,24.72801215,23.977497,24.00673785,1468100,36613080.0,0.361300
2024-06-21,23.92876225,24.1919299,23.6850885,23.9580031,882200,21662389.73,0.217100
2024-06-24,23.8800275,24.65003655,23.42192085,23.5486312,2528939,62287513.56,0.622400
2024-06-25,23.3731861,23.8605336,22.60317705,22.81760995,2175400,51403562.0,0.535400
2024-06-26,22.6519118,23.83129275,22.64216485,23.81179885,1835707,43920401.42,0.451800
2024-06-27,23.81179885,24.06521955,23.20748795,23.2172349,1275938,30812523.94,0.314000
2024-06-28,23.39268,24.22117075,23.12951235,23.71432935,2131188,52176404.16,0.524500
2024-07-01,23.5486312,23.92876225,22.95406725,23.30495745,1994050,47680158.0,0.490700
2024-07-02,23.4121739,23.4121739,22.9053325,22.9638142,1555200,36768931.12,0.382700
2024-07-03,22.9638142,23.0612837,22.64216485,22.73963435,1222480,28619786.8,0.300900
2024-07-04,22.8468508,23.11001845,22.2035521,22.3595033,1866997,43179023.34,0.459500
2024-07-05,22.2035521,22.7103935,22.1840582,22.64216485,1343100,30976685.0,0.330500
2024-07-08,22.6519118,22.7883691,22.0865887,22.17431125,1279899,29345757.88,0.315000
2024-07-09,22.17431125,23.5681251,22.0086131,23.40242695,3106246,73351334.79,0.764400
2024-07-10,23.2562227,23.53888425,22.95406725,23.0222959,1628900,38789914.0,0.400900
2024-07-11,23.40242695,23.63635375,23.1392593,23.3731861,2066200,49588255.0,0.508500
2024-07-12,23.3731861,23.39268,23.01254895,23.12951235,1564035,37213894.2,0.384900
2024-07-15,23.11001845,23.20748795,22.807863,22.9053325,1092500,25706512.0,0.268900
2024-07-16,22.7883691,23.12951235,22.6908996,23.002802,907600,21368446.0,0.223400
2024-07-17,23.03204285,23.03204285,22.612924,22.64216485,1111300,25921562.0,0.273500
2024-07-18,22.612924,22.6519118,22.1255765,22.52520145,1326700,30440874.0,0.326500
2024-07-19,22.417985,22.75912825,22.36925025,22.5934301,907000,21027872.0,0.223200
2024-07-22,22.6519118,22.7493813,22.417985,22.56418925,989600,22914448.0,0.243500
2024-07-23,22.5739362,22.6908996,22.09633565,22.1060826,1172600,26877462.0,0.288600
2024-07-24,22.1060826,22.34975635,21.92089055,21.92089055,947227,21480499.37,0.233100
2024-07-25,21.64797595,22.29127465,21.64797595,22.0086131,862200,19434062.0,0.212200
2024-07-26,21.8526619,22.5154545,21.8526619,22.3789972,1015876,23271353.3,0.250000
2024-07-29,22.38874415,22.54469535,22.2425399,22.40823805,568142,13057885.9,0.139800
2024-07-30,22.40823805,22.60317705,22.2035521,22.52520145,823324,18952980.22,0.202600
2024-07-31,22.52520145,23.51939035,22.5154545,23.2172349,2271845,53916552.19,0.559100
2024-08-01,23.2367288,23.3536922,23.1197654,23.20748795,1502700,35847101.0,0.369800
2024-08-02,23.09052455,23.2757166,22.56418925,22.64216485,1241900,29155391.0,0.305600
2024-08-05,22.4374789,22.7103935,21.90139665,21.95987835,1614600,36839926.0,0.397400
2024-08-06,22.1840582,22.34975635,21.7356985,22.05734785,1014800,22925689.0,0.249700
2024-08-07,24.26015855,24.26015855,24.26015855,24.26015855,3154440,78514011.6,0.776300
2024-08-08,26.3362589,26.36549975,24.0749665,24.1139543,13517617,352918394.92,3.326700
2024-08-09,23.4121739,25.3030822,22.95406725,24.367375,10345282,253168165.46,2.546000
2024-08-12,23.4901495,24.367375,23.197741,23.87028055,5459080,133447407.4,1.343500
2024-08-13,23.6266068,23.8995214,23.1197654,23.3536922,4024600,96682543.0,0.990500
2024-08-14,23.4706556,23.57787205,22.95406725,23.11001845,3355440,80007629.0,0.825800
2024-08-15,23.0612837,23.6655946,22.7688752,23.4121739,3538500,84777008.0,0.870800
2024-08-16,23.36235948,23.62127736,22.87439886,22.904274,3271800,76251774.4,0.805200
2024-08-19,22.89431562,23.32252596,22.72502316,22.9540659,2132080,49353136.0,0.524700
2024-08-20,23.06360808,23.07356646,22.43623014,22.54577232,2093100,47655955.0,0.515100
2024-08-21,22.44618852,22.66527288,22.34660472,22.38643824,1055354,23861030.64,0.259700
2024-08-22,22.3565631,22.54577232,21.88851924,21.89847762,1568054,34789415.92,0.385900
2024-08-23,22.01797818,22.3067712,21.88851924,22.22710416,1651997,36747260.94,0.406600
2024-08-26,23.11339998,23.11339998,22.37647986,22.46610528,2475800,56452544.0,0.609300
2024-08-27,22.2071874,22.88435724,22.03789494,22.2569793,1863043,41628474.91,0.458500
2024-08-28,22.01797818,22.406355,22.01797818,22.37647986,1259900,28161342.0,0.310100
2024-08-29,22.1076036,22.7051064,22.02793656,22.59556422,1983913,44771820.36,0.488200
2024-08-30,22.56568908,23.2030254,22.46610528,22.904274,2431300,56122211.0,0.598300
2024-09-02,22.76485668,23.01381618,22.3067712,22.33664634,1769702,40168373.82,0.435500
2024-09-03,22.2071874,22.6553145,22.2071874,22.63539774,1284502,29006798.72,0.316100
2024-09-04,22.41631338,23.09348322,22.41631338,22.69514802,1273100,28992284.0,0.313300
2024-09-05,22.68518964,23.0038578,22.6553145,22.84452372,1190700,27280067.0,0.293000
2024-09-06,22.904274,22.904274,22.41631338,22.46610528,1418500,32144486.0,0.349100
2024-09-09,22.32668796,22.5557307,22.21714578,22.31672958,1064800,23925715.0,0.262000
2024-09-10,22.32668796,22.74493992,22.08768684,22.58560584,1316567,29597860.55,0.324000
2024-09-11,22.08768684,22.7051064,22.08768684,22.56568908,879700,19920174.0,0.216500
2024-09-12,22.96402428,22.96402428,22.4561469,22.4561469,1134600,25822919.0,0.279200
2024-09-13,22.51589718,22.6553145,22.2071874,22.2569793,1139410,25623740.03,0.280400
2024-09-18,22.26693768,22.42627176,21.96818628,22.17731226,1112500,24780516.0,0.273800
2024-09-19,22.2569793,22.67523126,22.02793656,22.46610528,1347300,30304529.0,0.331600
2024-09-20,22.5059388,22.62543936,22.32668796,22.4561469,1042800,23506492.0,0.256600
2024-09-23,22.59556422,22.79473182,22.39639662,22.43623014,1446500,32769025.0,0.356000
2024-09-24,22.53581394,23.0038578,22.33664634,23.0038578,2789600,63758244.0,0.686500
2024-09-25,23.2030254,23.66111088,23.1532335,23.22294216,3027410,71201048.15,0.745000
2024-09-26,23.3026092,23.87023686,23.22294216,23.87023686,3119019,73910677.68,0.767600
2024-09-27,23.92998714,24.9955338,23.92998714,24.77644944,3001349,74059338.96,0.738600
2024-09-30,25.85195448,27.05691846,25.32416034,26.887626,8085292,213709865.88,1.989800
2024-10-08,29.5763886,29.5763886,27.883464,29.35730424,10799550,314667973.92,2.657800
2024-10-09,28.6801344,28.80959334,26.74820868,26.79800058,7494012,209207468.28,1.844300
2024-10-10,27.87350562,27.87350562,26.71833354,26.9374179,4216553,115413267.52,1.037700
2024-10-11,27.27600282,27.27600282,25.3440771,25.71253716,3898339,101812058.63,0.959400
2024-10-14,26.11087236,26.2901232,25.3440771,26.2403313,3213200,83600257.0,0.790800
2024-10-15,26.15070588,26.56895784,25.58307822,25.5930366,2804000,73320934.0,0.690100
2024-10-16,25.22457654,25.7922042,25.11503436,25.3440771,2374637,60575520.1,0.584400
2024-10-17,25.58307822,25.68266202,25.10507598,25.13495112,2472943,63056673.46,0.608600
2024-10-18,24.9955338,26.75816706,24.95570028,26.23037292,4940600,128804232.0,1.215900
2024-10-21,26.80795896,27.11666874,26.0909556,26.41958214,4810811,128423160.97,1.183900
2024-10-22,26.80795896,27.00712656,26.27020644,26.7880422,3947458,105706839.58,0.971500
2024-10-23,26.76812544,27.6345045,26.54904108,27.24612768,4456500,121945216.0,1.096700
2024-10-24,27.34571148,27.6345045,26.8378341,27.39550338,3782200,103458033.0,0.930800
2024-10-25,28.49092518,28.49092518,27.24612768,27.91333914,4807000,134445141.0,1.183000
2024-10-28,27.77392182,27.77392182,27.44529528,27.6842964,3789500,105016022.0,0.932600
2024-10-29,27.67433802,27.7838802,27.16646064,27.34571148,3483500,96223098.0,0.857300
2024-10-30,27.17641902,27.6345045,26.99716818,27.29591958,2611400,71586711.0,0.642700
2024-10-31,27.20629416,28.27184082,27.1365855,28.05275646,5467900,152109820.0,1.345700
2024-11-01,27.91333914,27.91333914,26.67850002,26.80795896,5819909,158268064.27,1.432300
2024-11-04,27.34571148,27.8336721,26.80795896,27.79383858,4596162,127116239.32,1.131100
2024-11-05,27.7340883,28.51084194,27.5847126,28.50088356,4839395,137287825.55,1.191000
2024-11-06,28.81955172,28.83946848,27.9830478,28.19217378,4470704,127421061.76,1.100200
2024-11-07,28.1822154,28.4311749,27.94321428,28.36146624,3396981,96281100.43,0.836000
2024-11-08,28.51084194,29.35730424,28.4311749,28.96892742,5874966,170641153.5,1.445800
2024-11-11,31.866816,31.866816,29.9249319,30.54235146,17183672,530470161.84,4.228900
2024-11-12,30.08426598,30.38301738,29.14817826,29.45688804,9793211,291838274.56,2.410100
2024-11-13,29.377221,30.11414112,29.05855284,29.71580592,5592484,166777982.87,1.376300
2024-11-14,29.88509838,30.10418274,28.96892742,29.0286777,4488398,133089191.0,1.104600
2024-11-15,29.0286777,29.29755396,28.31167434,28.3315911,3564284,103174247.08,0.877200
2024-11-18,28.51084194,28.84942686,28.04279808,28.24196568,4038398,115169694.58,0.993900
2024-11-19,28.24196568,28.74984306,28.10254836,28.6801344,3344798,95479469.82,0.823200
2024-11-20,28.86934362,28.879302,28.2817992,28.61042574,3285160,94237741.6,0.808500
2024-11-21,28.70005116,29.06851122,28.14238188,28.40129976,3252353,93289288.13,0.800400
2024-11-22,28.381383,28.61042574,27.50504556,27.52496232,3980091,112451351.26,0.979500
2024-11-25,27.89342238,29.78551458,27.6345045,28.5805506,9238397,269311368.38,2.273600
2024-11-26,28.34154948,29.04859446,27.91333914,27.94321428,4293153,121518866.72,1.056500
2024-11-27,27.7340883,28.67017602,27.41542014,28.67017602,3675195,103423673.04,0.904500
2024-11-28,28.60046736,28.67017602,28.09258998,28.1822154,2362800,67298104.0,0.581500
2024-11-29,28.20213216,28.93905228,28.09258998,28.66021764,3205600,91924535.0,0.788900
2024-12-02,28.51084194,29.21788692,28.381383,28.7797182,3346472,96642507.64,0.823600
2024-12-03,28.7797182,28.85938524,28.40129976,28.5805506,2384972,68536850.68,0.586900
2024-12-04,28.57059222,28.7299263,28.01292294,28.17225702,2634300,74925083.0,0.648300
2024-12-05,28.24196568,28.381383,27.9830478,28.0826316,2548234,72139750.84,0.627100
2024-12-06,28.12246512,28.31167434,27.80379696,28.24196568,2431400,68680626.0,0.598400
2024-12-09,28.1822154,28.34154948,27.74404668,28.0328397,2564600,72135388.0,0.631100
2024-12-10,28.83946848,28.83946848,27.9830478,28.05275646,2906582,82658639.04,0.715300
2024-12-11,27.96313104,28.30171596,27.96313104,28.17225702,1897800,53698379.0,0.467000
2024-12-12,28.19217378,28.2817992,27.92329752,28.2320073,2124500,59985545.0,0.522800
2024-12-13,28.1822154,28.35150786,27.8336721,27.883464,2371958,66700291.98,0.583700
2024-12-16,28.15234026,28.57059222,27.7340883,27.79383858,4702250,132944553.5,1.157200
2024-12-17,27.86354724,28.26188244,27.52496232,27.85358886,3605400,101008107.0,0.887300
2024-12-18,27.7340883,28.41125814,27.60462936,28.11250674,3147700,88557628.0,0.774700
2024-12-19,27.90338076,30.9207699,27.79383858,30.9207699,17147340,516961723.21,4.220000
2024-12-20,30.4726428,30.86101962,29.6759724,29.94484866,17472025,527467658.73,4.299900
2024-12-23,29.94484866,30.56226822,29.4270129,29.58634698,9997972,299627268.33,2.460500
2024-12-24,29.87514,31.44856404,29.7755562,30.38301738,12218887,371992287.09,3.007100
2024-12-25,30.18384978,30.96060342,29.65605564,30.66185202,9552597,289857742.12,2.350900
2024-12-26,30.28343358,32.4643188,29.9249319,32.15560902,16981499,541603246.96,4.179200
2024-12-27,31.54814784,32.2153593,31.19960454,31.43860566,13522614,430439683.95,3.327900
2024-12-30,31.79710734,32.18548416,31.14981264,31.64773164,8998140,286252147.27,2.214400
2024-12-31,31.33902186,31.38881376,29.74568106,29.76559782,9852598,300158490.83,2.424700
2025-01-02,29.60626374,29.91497352,28.07267322,28.40129976,6711882,194404400.34,1.651800
2025-01-03,28.54071708,28.74984306,27.385545,27.57475422,6161748,174160888.68,1.516400
2025-01-06,27.8336721,28.4809668,27.19633578,27.5349207,4254700,118559866.0,1.047100
2025-01-07,27.4353369,29.1282615,27.35566986,28.67017602,6161100,174363792.0,1.516200
2025-01-08,28.71996792,29.8253481,28.25192406,29.31747072,7628600,221883810.0,1.877400
2025-01-09,28.56063384,29.3274291,28.56063384,28.69009278,4551800,131846181.0,1.120200
2025-01-10,28.5307587,28.67017602,27.3357531,27.37558662,4701200,132013806.0,1.157000
2025-01-13,27.11666874,27.12662712,26.39966538,26.52912432,3553300,95423739.0,0.874500
2025-01-14,26.75816706,28.34154948,26.49924918,28.29175758,5116500,142111952.0,1.259200
2025-01-15,28.0826316,30.68176878,28.01292294,29.63613888,9441842,278932973.32,2.323600
2025-01-16,29.63613888,29.87514,29.10834474,29.6261805,4897600,145126440.0,1.205300
2025-01-17,29.61622212,30.0245157,29.18801178,29.93489028,4722603,140634686.27,1.162200
2025-01-20,30.35314224,30.4228509,29.5763886,29.88509838,4796201,144407850.01,1.180300
2025-01-21,30.1738914,30.46268442,29.87514,30.29339196,4606621,139617527.09,1.133700
2025-01-22,30.13405788,31.98631656,30.13405788,31.55810622,11402000,357749796.89,2.806000
2025-01-23,31.58798136,34.71491268,31.5182727,34.71491268,12040923,415205581.44,2.963300
2025-01-24,35.13316464,38.1903873,34.9041219,38.1903873,14240750,533130551.53,3.504700
2025-01-27,42.01440522,42.01440522,40.75964934,41.6260284,38932878,1633913712.76,9.581400
2025-02-05,37.88167752,38.6385144,37.46342556,37.46342556,3706300,140604302.0,0.912100
2025-02-06,34.85433,39.97293732,33.71907468,39.2360172,36471929,1298442317.67,8.975800
2025-02-07,38.0410116,40.32148062,37.70242668,39.49493508,25312678,994787502.0,6.229500
2025-02-10,39.335601,40.1820633,38.64847278,39.35551776,15743135,623854671.3,3.874400
2025-02-11,39.22605882,41.01856722,38.82772362,39.09659988,14315606,568517149.37,3.523100
2025-02-12,39.17626692,40.02272922,38.41943004,39.40530966,12299298,484846651.58,3.026900
2025-02-13,39.1364334,39.45510156,37.6426764,37.72234344,11356826,438151146.29,2.794900
2025-02-14,37.7422602,38.6385144,37.4435088,37.90159428,7542189,287868468.97,1.856100
2025-02-17,37.4435088,37.95138618,36.78625572,37.2443412,9166182,342980367.17,2.255800
2025-02-18,37.2443412,37.72234344,36.27837834,36.5472546,6902800,257085268.0,1.698800
2025-02-19,36.5472546,37.32400824,36.50742108,37.10492388,6169335,229385003.56,1.518300
2025-02-20,36.92567304,37.343925,36.348087,36.76633896,5995900,221878971.0,1.475600
2025-02-21,36.81613086,39.07668312,36.81613086,38.6883063,14866824,571238010.71,3.658700
2025-02-24,38.69826468,42.56211612,38.22026244,42.56211612,14465283,597886471.11,3.559900
2025-02-25,40.44098118,46.79442762,40.2318552,42.91065942,26821955,1136302171.56,6.600900
2025-02-26,42.74136696,42.821034,40.829358,42.0243636,15258596,639357439.48,3.755100
2025-02-27,41.65590354,42.0243636,39.60447726,40.3812309,13380202,545955749.74,3.292900
2025-02-28,39.61443564,40.21193844,36.348087,36.348087,12095700,456186227.0,2.976800
2025-03-03,36.47754594,36.846006,35.2028733,35.61116688,7876900,284213234.0,1.938500
2025-03-04,35.1032895,37.841844,34.98378894,36.7464222,8547600,312902477.48,2.103600
2025-03-05,38.837682,39.335601,36.48750432,37.15471578,10023960,378445020.48,2.466900
2025-03-06,37.36384176,38.51901384,37.16467416,37.68250992,8210282,310959838.72,2.020600
2025-03-07,37.57296774,37.9414278,36.4476708,36.71654706,6616400,246723998.0,1.628300
2025-03-10,36.7464222,37.76217696,36.35804538,37.42359204,6199449,230605133.42,1.525700
2025-03-11,36.53729622,37.38375852,36.02941884,36.28833672,6833458,250613856.5,1.681700
2025-03-12,36.71654706,37.9414278,36.36800376,37.00534008,8673288,324711843.24,2.134500
2025-03-13,37.02525684,37.68250992,36.35804538,36.51737946,6977045,258790779.71,1.717100
2025-03-14,36.26841996,38.5389306,36.12900264,37.23438282,9628433,362199068.21,2.369600
2025-03-17,37.3937169,39.30572586,37.3937169,37.9912197,10161733,390491794.31,2.500800
2025-03-18,37.9912197,38.1903873,37.12484064,37.48334232,5585906,210665964.6,1.374700
2025-03-19,37.1447574,37.22442444,35.96966856,36.02941884,6789710,247640189.72,1.670900
2025-03-20,35.98958532,36.2485032,35.7505842,35.90991828,3550124,128319751.54,0.873700
2025-03-21,35.66095878,35.98958532,35.11324788,35.11324788,4113479,146468992.68,1.012300
2025-03-24,35.0534976,35.4518328,33.7589082,34.73482944,7233312,248594848.46,1.780100
2025-03-25,34.57549536,35.0037057,33.59957412,33.82861686,4320000,148155903.9,1.063200
2025-03-26,33.73899144,34.18711854,33.71907468,33.9082839,2401900,81995324.79,0.591100
2025-03-27,33.9580758,34.36636938,33.5099487,33.97799256,3124454,106724410.45,0.768900
2025-03-28,33.97799256,34.23691044,33.49999032,33.66928278,2319000,78662400.0,0.570700
2025-03-31,33.66928278,34.78462134,33.40040652,33.7091163,4479483,152755881.3,1.102400
2025-04-01,33.8087001,34.23691044,33.51990708,33.87840876,3356591,114095372.99,0.826100
2025-04-02,33.91824228,34.9539138,33.76886658,34.21699368,4233383,145797289.17,1.041800
2025-04-03,33.37053138,34.14728502,33.360573,33.858492,3617400,123027491.0,0.890200
2025-04-07,31.866816,32.75311182,30.4726428,30.4726428,6044800,190237027.72,1.487600
2025-04-08,30.46268442,30.86101962,28.84942686,29.81538972,6100001,182064033.67,1.501200
2025-04-09,29.36726262,30.5224347,27.95317266,30.16393302,6758878,198898305.68,1.663400
2025-04-10,30.870978,31.79710734,30.870978,31.09006236,5422301,170605958.47,1.334400
2025-04-11,30.870978,31.90664952,30.75147744,31.39877214,3953902,124840619.94,0.973100
2025-04-14,31.93652466,32.07594198,31.23943806,31.30914672,3539361,111859978.23,0.871000
2025-04-15,31.3191051,31.368897,30.65189364,30.91081152,2755100,85383542.0,0.678000
2025-04-16,30.54235146,30.85106124,29.9249319,30.2734752,2358000,71823273.0,0.580300
2025-04-17,29.98468218,30.54235146,29.79547296,29.8253481,3091500,93404425.0,0.760800
2025-04-18,29.8253481,30.7713942,29.60626374,30.36310062,5379560,163859241.8,1.323900
2025-04-21,30.6718104,31.14981264,30.21372492,30.94068666,3690300,114369267.0,0.908200
2025-04-22,30.7216023,30.88093638,30.5224347,30.58218498,2329088,71740789.44,0.573200
2025-04-23,31.08010398,31.62781488,30.870978,31.22947968,3542000,111067583.0,0.871700
2025-04-24,31.10997912,31.98631656,30.94068666,31.60789812,5503501,174706478.7,1.354400
2025-04-25,31.60789812,33.0618216,31.58798136,31.6178565,3967758,127837045.11,0.976500
2025-04-28,31.4186889,32.4643188,31.27927158,32.02615008,4120300,131991222.0,1.014000
2025-04-29,33.4103649,33.73899144,32.14565064,33.2609892,8082711,266517871.93,1.989200
2025-04-30,32.80290372,32.9622378,31.75727382,32.72323668,7521280,244328296.6,1.851000
2025-05-06,33.40040652,35.352249,33.2609892,34.4062029,10372404,358616023.88,2.552700
2025-05-07,34.77466296,34.9539138,34.07757636,34.39624452,5269000,182220315.0,1.296700
2025-05-08,34.33649424,37.05513198,34.33649424,36.36800376,9379888,340588026.24,2.308400
2025-05-09,35.87008476,36.12900264,35.28254034,35.352249,5304102,189734494.69,1.305300
2025-05-12,35.5514166,35.7007923,35.0037057,35.53149984,5119399,181777152.68,1.259900
2025-05-13,36.846006,36.92567304,35.1032895,35.23274844,7077600,254866812.0,1.741800
2025-05-14,35.11324788,36.32817024,35.06345598,35.23274844,5454500,194837812.0,1.342400
2025-05-15,35.07341436,35.1032895,33.84853362,33.89832552,5951030,204694580.2,1.464600
2025-05-16,33.99790932,34.48586994,33.71907468,34.13732664,2516801,86408287.48,0.619400
2025-05-19,34.23691044,34.38628614,33.4601568,33.77882496,3021500,102441643.26,0.743600
2025-05-20,33.68919954,33.858492,33.23111406,33.67924116,3139033,105773785.36,0.772500
2025-05-21,33.67924116,33.83857524,33.07177998,33.35061462,2534630,84850732.2,0.623800
2025-05-22,33.2609892,33.5597406,32.85269562,32.95227942,2021400,67344885.0,0.497500
2025-05-23,32.9622378,33.12157188,32.1157755,32.19544254,2714901,88869246.65,0.668100
2025-05-26,32.19544254,32.48423556,32.04606684,32.364735,1992442,64538150.82,0.490300
2025-05-27,32.364735,32.40456852,32.0161917,32.2153593,1634642,52817063.44,0.402300
2025-05-28,32.47427718,32.53402746,32.0659836,32.37469338,1953351,63384749.17,0.480700
2025-05-29,32.37469338,33.13153026,32.3149431,32.93236266,3571139,117970204.96,0.878900
2025-05-30,32.862654,32.87261238,31.70748192,31.83694086,3574000,115133119.5,0.879600
2025-06-03,31.80706572,33.94811742,31.5680646,33.14148864,5987970,199023388.2,1.473600
2025-06-04,33.1614054,34.2568272,33.12157188,34.02778446,6470520,220746342.12,1.592400
2025-06-05,34.03774284,34.83441324,33.47011518,34.69499592,5894478,202844066.22,1.450600
2025-06-06,34.78462134,35.850168,34.67507916,34.78462134,6501580,228541702.0,1.600000
2025-06-09,34.87424676,35.1530814,34.29666072,34.49582832,4153300,144494752.0,1.022100
2025-06-10,34.52570346,34.6551624,33.9082839,34.0576596,3848778,132248125.82,0.947200
2025-06-11,34.1572434,34.356411,33.7091163,33.7091163,2754000,93861817.0,0.677800
2025-06-12,33.58961574,34.57549536,33.5597406,33.858492,3918300,134301164.0,0.964300
2025-06-13,33.5597406,33.99790932,33.10165512,33.38048976,3253000,109175327.2,0.800600
2025-06-16,33.27094758,34.9041219,33.27094758,34.73482944,5648620,196166248.8,1.390100
2025-06-17,34.77466296,34.85433,34.22695206,34.356411,3078600,106403841.4,0.757600
2025-06-18,34.34645262,34.8045381,34.0078677,34.64520402,2976520,102893098.6,0.732500
2025-06-19,34.68503754,38.11072026,34.68503754,36.9455898,14584606,542393004.11,3.589300
2025-06-20,36.9953817,39.335601,36.18875292,38.41943004,17795018,684683001.43,4.379400
2025-06-23,37.68250992,38.9870577,37.4435088,37.98126132,9812763,374050334.25,2.414900
2025-06-24,38.36963814,39.2858091,37.72234344,38.12067864,7429700,284760848.74,1.828500
2025-06-25,38.1903873,38.9372658,37.95138618,38.36963814,8671901,334383363.79,2.134200
2025-06-26,38.2401792,39.71401944,38.0410116,38.7380982,9320880,364455555.0,2.293900
2025-06-27,38.7380982,40.31152224,37.71238506,39.61443564,9439500,371425648.8,2.323100
2025-06-30,39.99285408,40.9289418,39.45510156,40.55052336,8134700,329112726.0,2.002000
2025-07-01,40.80944124,40.80944124,39.4351848,39.8833119,4660100,186521830.0,1.146900
2025-07-02,39.83352,39.8833119,38.60863926,38.9372658,5929800,232653503.0,1.459300
2025-07-03,39.0368496,39.50489346,38.57876412,39.22605882,3877183,152316955.39,0.954200
2025-07-04,39.10655826,39.30572586,37.87171914,37.9912197,7920355,304050340.35,1.949200
2025-07-07,37.343925,38.1405954,37.15471578,37.43355042,4212900,158415841.0,1.036800
2025-07-08,37.43355042,39.6343524,37.2443412,39.19618368,7721600,299887581.0,1.900300
2025-07-09,39.1364334,39.1364334,38.35967976,38.49909708,4044125,157271757.75,0.995300
2025-07-10,38.49909708,39.83352,38.28001272,38.87751552,7286619,285937235.35,1.793200
2025-07-11,38.837682,39.55468536,38.4393468,38.44930518,5153003,200781837.56,1.268200
2025-07-14,38.339763,39.89327028,38.21030406,39.1862253,6681511,264031582.29,1.644300
2025-07-15,39.0866415,40.00281246,38.77793172,39.24597558,7261100,287810777.43,1.787000
2025-07-16,39.3853929,40.71981582,39.04680798,39.2360172,9353100,374019640.99,2.301800
2025-07-17,38.35967976,43.15961892,38.35967976,43.15961892,12024261,498531824.96,2.959200
2025-07-18,43.2193692,44.58366726,42.20361444,42.29323986,17493366,759286859.03,4.305100
2025-07-21,41.70569544,43.22932758,41.6260284,41.78536248,12614210,535213441.9,3.104400
2025-07-22,41.63598678,43.47828708,41.18785968,41.25756834,10849901,457078718.66,2.670200
2025-07-23,40.8791499,42.04428036,40.25177196,41.15798454,9977200,412530948.9,2.455400
2025-07-24,41.50652784,41.6758203,40.25177196,40.4310228,8839410,361423887.9,2.175400
2025-07-25,40.04264598,40.80944124,39.84347838,40.14222978,8118000,328437097.0,1.997800
2025-07-28,40.6799823,40.93890018,39.95302056,40.2318552,8994596,364402019.38,2.213600
2025-07-29,40.331439,44.13554016,40.05260436,44.0160396,20090621,850183683.63,4.944300
2025-07-30,43.10982702,48.41764356,42.91065942,48.41764356,24825633,1149942310.6,6.109600
2025-07-31,48.67656144,53.25741624,48.67656144,50.6383623,30328621,1586340213.48,7.463900
2025-08-01,50.13048492,52.40099556,48.80602038,50.51886174,19666637,1002556870.79,4.840000
2025-08-04,49.70227458,52.779414,49.33381452,51.60432516,16296908,841374304.24,4.010700
2025-08-05,53.0781654,56.762766,50.96698884,56.762766,25951827,1403521247.92,6.386800
2025-08-06,54.26321262,56.09555454,52.60016316,52.85908104,21818589,1180213706.58,5.369600
2025-08-07,52.17195282,55.73705286,50.24998548,53.5760844,23436147,1228668655.38,5.767600
2025-08-08,53.04829026,56.64326544,52.39103718,55.48809336,19999424,1105627448.47,4.921900
2025-08-11,54.77109,57.5096445,53.91466932,54.6715062,16280200,903926484.37,4.006600
2025-08-12,54.273171,56.79264114,53.49641736,55.7171361,14775884,819441634.32,3.636400
2025-08-13,55.85655342,58.2067311,54.77109,56.99180874,20517512,1162998246.03,5.049400
2025-08-14,57.3602688,57.43993584,52.51053774,52.5304545,19055450,1035722054.43,4.689600
2025-08-15,52.779414,53.55616764,52.26157824,53.01841512,11968326,635673727.0,2.945400
2025-08-18,52.93874808,56.57355678,52.281495,55.13955006,17464342,962421457.22,4.298000
2025-08-19,55.269009,60.65649258,54.95034084,58.98348474,22991441,1346087826.97,5.658200
2025-08-20,57.7088121,61.741956,55.9660956,61.32370404,20478117,1202844542.74,5.039700
2025-08-21,59.77019676,60.67640934,55.53788526,56.15530482,20034991,1154787805.39,4.930600
2025-08-22,55.01009112,60.28803252,54.9702576,58.73452524,18320612,1071944703.15,4.508700
2025-08-25,64.60996944,64.60996944,64.60996944,64.60996944,4311505,279730444.4,1.061100
2025-08-26,71.07,71.07,69.06,71.07,19251372,1362113390.74,4.737800
2025-08-27,72.0,78.18,69.95,75.41,34825080,2595278382.83,8.570500
2025-08-28,75.41,82.95,75.4,82.95,6018621,483633000.76,1.481200
2025-08-29,91.25,91.25,88.01,91.25,18848268,1716225605.37,4.638600
2025-09-01,92.5,95.8,88.13,91.98,35722978,3272648643.71,8.791400
2025-09-02,90.15,95.0,82.78,82.78,27889542,2446423569.58,6.863600
2025-09-03,83.2,91.06,81.12,91.06,21696630,1922364193.24,5.339500
2025-09-04,97.0,97.0,81.95,86.0,31543680,2707713029.19,7.762900
2025-09-05,84.0,91.3,84.0,89.85,32002276,2832967106.46,7.875800
2025-09-08,83.66,86.0,80.87,83.97,25122621,2067807891.79,6.182700
2025-09-09,84.0,90.58,80.0,88.71,24451687,2135575837.69,6.017600
2025-09-10,91.81,93.0,83.5,87.61,24021991,2097355211.16,5.911800
2025-09-11,88.5,95.36,85.39,93.25,28517488,2616303994.03,7.018200
2025-09-12,89.96,92.88,88.01,89.3,23287748,2093258838.96,5.731100
2025-09-15,88.0,91.68,86.11,86.95,17360320,1529324444.71,4.272400
2025-09-16,88.0,95.65,85.85,95.65,20004736,1832388481.1,4.923200
2025-09-17,96.98,104.74,93.4,99.68,30123564,2965063492.52,7.413400
2025-09-18,99.68,109.65,96.0,109.65,26244954,2703307580.2,6.458900
2025-09-19,115.1,120.62,111.91,120.62,24747192,2931302736.74,6.090300
2025-09-22,120.54,120.54,108.56,115.28,31902087,3588212980.26,7.851100
2025-09-23,115.3,120.0,110.01,117.27,23842762,2753957717.33,5.867700
2025-09-24,112.3,113.59,105.6,110.3,18672358,2052214311.11,4.595300
2025-09-25,107.35,112.95,105.04,108.08,15041575,1636417382.41,3.701700
2025-09-26,106.45,110.8,103.0,103.0,13405858,1425609453.32,3.299200
2025-09-29,102.65,108.0,102.0,105.55,11289751,1185497404.2,2.778400
2025-09-30,105.54,106.2,99.72,100.84,13912076,1417285918.59,3.423800
2025-10-09,100.92,102.65,97.7,97.98,11868955,1178782829.38,2.921000
2025-10-10,98.24,98.55,90.64,91.23,15601153,1463550492.76,3.839400
2025-10-13,86.15,89.87,86.15,88.6,9639151,849604938.97,2.372200
2025-10-14,89.51,91.99,84.95,85.18,11126292,985274216.13,2.738200
2025-10-15,86.06,86.68,83.0,86.01,10764597,913274707.27,2.649200
2025-10-16,85.78,87.88,85.1,85.66,7790115,673059969.68,1.917200
2025-10-17,90.0,90.0,82.23,82.6,14426359,1214712054.25,3.550300
2025-10-20,84.25,85.94,81.24,82.33,12828960,1072822458.74,3.157200
2025-10-21,82.49,90.56,81.54,87.98,25689904,2228778391.4,6.322300
2025-10-22,86.74,93.25,85.48,91.59,22468453,1995135381.74,5.529500
2025-10-23,89.93,89.93,83.38,85.48,17265612,1478904257.75,4.249100
2025-10-24,86.7,92.19,84.75,89.89,19429723,1730169477.6,4.781700
2025-10-27,91.5,95.0,90.64,93.38,20485216,1908645178.12,5.041400
2025-10-28,94.19,95.29,90.78,91.27,14925210,1384143843.08,3.673100
2025-10-29,91.27,92.33,87.82,91.0,13684697,1229731521.17,3.367800
2025-10-30,90.01,91.83,87.4,88.5,10171263,909216593.16,2.503200
2025-10-31,87.0,87.39,83.8,84.89,11062017,942026954.98,2.722400
2025-11-03,84.01,85.68,82.9,85.06,7542201,636274760.77,1.856100
2025-11-04,85.58,85.58,82.0,82.58,5800556,482205843.49,1.427500
2025-11-05,81.0,84.0,80.27,80.75,9334714,758936569.55,2.297300
2025-11-06,80.75,83.99,80.75,83.2,9347095,772057672.81,2.300300
2025-11-07,82.0,82.79,80.2,81.73,6976053,568249317.25,1.716800
2025-11-10,80.79,82.0,78.03,79.95,8722618,692371588.68,2.146600
2025-11-11,81.21,81.77,78.71,79.39,7563596,606934715.46,1.861400
2025-11-12,79.4,79.78,76.76,78.25,6242523,485990374.04,1.536300
2025-11-13,78.2,79.06,77.38,78.35,5502866,430152504.96,1.354300
2025-11-14,77.22,82.62,76.18,79.44,15041588,1199514763.64,3.701700
2025-11-17,78.44,83.0,78.4,81.1,12758949,1029005625.73,3.140000
2025-11-18,80.31,83.46,78.62,81.2,14837871,1202668366.18,3.651600
2025-11-19,81.44,86.5,80.18,83.68,20769668,1733886201.84,5.111400
2025-11-20,86.0,86.58,78.0,78.41,16659222,1339632380.11,4.099800
2025-11-21,74.0,74.94,72.28,72.84,10848815,797925562.13,2.669900
2025-11-24,74.2,75.42,72.7,73.64,8348572,615453249.85,2.054600
2025-11-25,74.96,81.0,74.61,81.0,9453380,743367603.8,2.326500
2025-11-26,83.0,89.1,82.33,85.64,30420311,2596842901.32,7.486400
2025-11-27,85.47,93.48,84.76,87.3,27852528,2451651586.63,6.854500
2025-11-28,85.0,90.96,84.5,87.08,19966446,1733446165.44,4.913700
2025-12-01,87.12,87.48,85.08,85.57,12476916,1070471946.78,3.070600
2025-12-02,84.0,84.6,82.44,83.11,10824688,902738107.97,2.664000
2025-12-03,83.57,85.4,82.67,83.02,10352801,869222653.4,2.547800
2025-12-04,81.56,83.68,80.6,82.64,9178674,755032376.6,2.258900
2025-12-05,82.4,84.93,80.78,83.63,11477452,956932715.47,2.824600
2025-12-08,83.65,91.5,83.64,88.31,22576105,1992249252.24,5.556000
2025-12-09,88.38,91.03,87.81,89.48,19575065,1752723267.63,4.817400
2025-12-10,88.93,98.43,87.57,98.43,30978871,2898314319.08,7.623900
2025-12-11,102.0,106.06,95.96,101.27,33174537,3387586911.28,8.164300
2025-12-12,98.97,108.0,98.5,105.72,27414785,2843963627.51,6.746800
2025-12-15,101.39,101.4,95.15,95.15,20828859,2009841386.11,5.126000
2025-12-16,94.32,94.82,88.31,89.3,20378140,1848441344.47,5.015100
2025-12-17,93.0,98.23,93.0,98.23,23778984,2300456883.76,5.852000
2025-12-18,102.0,108.05,102.0,108.05,29292531,3139669428.09,7.208900
2025-12-19,110.0,118.78,105.0,115.5,37516780,4262515507.86,9.232900
2025-12-22,117.8,127.05,117.8,127.05,10806091,1331941100.95,2.659400
2025-12-23,124.95,128.05,122.0,126.07,26726896,3346172489.26,6.577500
2025-12-24,125.0,131.5,123.55,130.5,22513628,2895742743.7,5.540600
2025-12-25,128.99,129.99,122.37,125.0,20267998,2529801642.53,4.988000
2025-12-26,124.0,124.5,119.47,121.86,16049420,1953629347.07,3.949800
2025-12-29,119.99,123.0,119.0,120.75,11282991,1358176777.7,2.776700
2025-12-30,119.02,124.0,119.01,119.3,12893758,1564255688.37,3.173200
2025-12-31,120.54,121.0,115.55,116.36,13329773,1560707471.46,3.280500
2026-01-05,118.0,118.37,113.45,115.19,10659810,1230580884.83,2.623400
2026-01-06,114.41,114.78,112.08,113.92,10949939,1240513404.96,2.694800
2026-01-07,114.55,121.22,114.11,117.76,22086294,2593476107.12,5.435400
2026-01-08,116.59,117.0,111.48,111.63,16141671,1822919079.82,3.972500
2026-01-09,110.0,113.62,108.89,112.03,12011177,1337314001.62,2.956000
2026-01-12,111.89,111.95,107.89,110.48,11487757,1262364269.03,2.827100
2026-01-13,109.98,111.66,106.64,107.2,11109094,1206961630.4,2.734000
2026-01-14,109.3,109.73,105.33,107.2,11980706,1287592550.04,2.948500
2026-01-15,105.85,109.1,105.41,108.37,10089695,1083633953.8,2.483100
2026-01-16,111.1,116.86,111.1,114.4,21622732,2481447953.47,5.321400
2026-01-19,124.79,125.5,116.95,117.83,23418404,2834265804.52,5.763300
2026-01-20,118.0,122.23,112.56,118.4,18136596,2133054580.19,4.463400
2026-01-21,115.08,121.8,113.0,114.17,17691598,2068666347.86,4.353900
2026-01-22,113.97,114.85,109.18,110.13,12130444,1342166121.27,2.985300
2026-01-23,112.45,118.28,112.0,112.58,17570487,2019556589.97,4.324100
2026-01-26,113.82,123.84,112.58,123.84,14380688,1749332916.47,3.539100
2026-01-27,123.0,128.0,115.6,126.6,25568632,3127450029.88,6.292400
2026-01-28,139.26,139.26,128.2,135.3,29372241,3955003501.17,7.228500
2026-01-29,132.04,136.0,129.0,135.56,21197826,2813350060.38,5.216800
2026-01-30,132.99,149.12,131.67,149.12,22099274,3157220793.82,5.438600
2026-02-02,151.0,164.03,151.0,158.99,28567201,4531123093.83,7.030400
2026-02-03,160.0,168.5,156.0,165.22,21902314,3543742532.52,5.390200
2026-02-04,163.19,175.36,162.74,173.51,20647108,3520243632.24,5.081300
2026-02-05,164.83,169.2,157.0,161.76,16602823,2694834854.26,4.086000
2026-02-06,160.65,177.94,160.65,174.77,21213865,3702162142.81,5.220700
2026-02-09,181.3,192.25,171.23,192.25,19469552,3589992340.01,4.791500
2026-02-10,198.37,211.48,198.37,211.48,15565859,3239913113.2,3.830800
2026-02-11,208.08,225.87,208.08,218.26,20342832,4459299036.98,5.006400
2026-02-12,221.0,229.77,210.15,227.0,16956487,3773093912.08,4.173000
2026-02-13,225.0,226.99,211.2,213.39,16041942,3461357082.31,3.947900
2026-02-24,228.0,234.73,221.03,234.73,11923862,2735330606.12,2.934500
2026-02-25,240.0,244.88,218.51,228.55,20346910,4640757118.99,5.007400
2026-02-26,233.0,248.88,233.0,236.2,21625348,5192177527.03,5.322000
2026-02-27,223.09,237.95,215.08,231.31,19834378,4468564168.37,4.881200
2026-03-02,227.62,254.44,224.65,242.42,21467664,5278706820.95,5.283200
2026-03-03,242.52,253.87,235.0,236.0,18400158,4484926835.64,4.528300
2026-03-04,226.87,245.77,224.0,228.27,14035119,3232836712.73,3.454000
2026-03-05,233.0,236.01,219.59,223.36,14293877,3206240649.42,3.517700
2026-03-06,219.74,221.66,211.58,213.2,13741473,2949733046.08,3.381800
2026-03-09,204.78,211.91,196.12,211.91,13685937,2776506907.12,3.368100
2026-03-10,217.25,233.1,214.25,233.1,17054301,3800169466.43,4.197100
2026-03-11,244.75,256.41,244.66,250.01,24669630,6231166368.81,6.071200
2026-03-12,245.01,266.66,242.82,245.0,19616736,4947694783.4,4.827700
2026-03-13,243.78,254.97,241.06,241.9,15910513,3922417649.18,3.915600
2026-03-16,242.0,245.0,228.0,233.0,15235142,3564502701.06,3.749400
2026-03-17,232.98,232.98,213.8,215.81,16621603,3644213168.75,4.090600
2026-03-18,221.0,224.36,214.67,222.93,13780837,3026259668.58,3.391500
2026-03-19,212.0,222.93,212.0,215.93,10539010,2285693391.32,2.593700
2026-03-20,222.3,233.6,215.08,216.88,20501490,4588502591.62,5.045400
2026-03-23,213.54,222.64,209.6,212.1,14324645,3093159036.89,3.525300
2026-03-24,216.34,233.31,212.79,233.31,19516951,4320966944.0,4.803100
2026-03-25,246.0,256.64,243.0,256.64,21614004,5462444335.21,5.319200
2026-03-26,258.44,276.5,254.07,268.88,21681184,5743583517.42,5.335700
2026-03-27,258.0,279.66,252.25,274.26,20566185,5461666608.82,5.061300
2026-03-30,269.28,301.69,269.28,301.69,14917278,4346270138.68,3.671100
2026-03-31,300.0,320.0,287.01,309.49,21301014,6489851046.32,5.242200
2026-04-01,320.0,320.0,291.0,308.0,18290081,5554795108.59,4.501200
2026-04-02,304.9,338.8,304.9,332.49,19214226,6337712569.67,4.728600
2026-04-03,339.13,363.63,330.0,352.5,18651875,6523095990.99,4.590200
2026-04-07,351.5,368.0,346.0,357.1,17236472,6114347424.86,4.241900
2026-04-08,362.2,365.1,341.5,362.1,21878297,7734318438.95,5.384300
2026-04-09,354.86,398.31,353.0,398.31,21458321,8098605832.52,5.280900
2026-04-10,392.0,396.53,370.0,384.38,24883268,9500278889.28,6.123800
2026-04-13,372.0,375.88,360.0,369.18,23044209,8425001819.33,5.671200
2026-04-14,369.99,376.76,360.01,364.5,17459379,6413161412.57,4.296800
2026-04-15,360.12,371.8,352.0,358.61,17089867,6192221276.37,4.205800
2026-04-16,350.0,373.05,346.0,368.52,18079926,6539563616.84,4.449500
2026-04-17,367.44,372.64,360.35,365.89,15223111,5564071057.94,3.746400
2026-04-20,374.23,401.98,374.23,385.0,21011604,8151820598.68,5.171000
2026-04-21,377.3,386.66,360.52,381.58,15460824,5790020754.76,3.804900
2026-04-22,382.29,417.96,382.29,412.0,20262863,8180956316.5,4.986700
2026-04-23,411.2,422.88,381.5,385.02,21328566,8530146001.65,5.249000
2026-04-24,378.39,385.0,364.35,368.16,16406462,6118799352.48,4.037600
2026-04-27,378.0,394.0,374.09,377.5,17541034,6726492687.79,4.316900
2026-04-28,370.51,381.16,368.0,373.49,11231914,4196142921.39,2.764200
2026-04-29,365.0,375.99,358.1,370.52,12297447,4518087120.34,3.026400
2026-04-30,359.1,365.0,336.99,353.9,20776927,7244593592.11,5.113200
2026-05-06,362.0,370.0,353.5,361.05,17378892,6286263257.49,4.277000
2026-05-07,380.11,392.0,368.18,389.2,20203523,7725768832.88,4.972100
2026-05-08,373.38,405.0,373.0,397.23,19456188,7575673696.8,4.788200
2026-05-11,404.4,404.99,385.0,400.31,19399908,7699948538.17,4.774300
2026-05-12,406.05,430.0,406.0,411.46,17859226,7451922397.69,4.395200
2026-05-13,393.0,412.98,393.0,406.96,13853362,5614482466.73,3.409300
2026-05-14,410.82,419.68,398.72,404.7,14203067,5803734204.4,3.495400
2026-05-15,400.01,404.7,366.66,374.45,15527576,5918609601.59,3.821300
2026-05-18,368.0,401.99,367.5,399.48,16529908,6488808574.95,4.068000
