date,open,high,low,close,volume,amount,turnover
2020-01-02,16.63710191,16.63710191,16.63710191,16.63710191,1926891,35820904.0,1.300500
2020-01-03,18.0779698,18.0779698,15.23203198,15.72425393,10917752,195455124.0,7.368900
2020-01-06,14.87405238,15.214133,14.14914369,15.07989065,8759983,142358140.0,5.912500
2020-01-07,14.6771636,15.07989065,14.61451717,14.8561534,4952700,82177160.0,3.342800
2020-01-08,14.86510289,15.3036279,14.73981003,14.92774932,4219238,70804393.0,2.847800
2020-01-09,14.96354728,15.19623402,14.73981003,14.97249677,2692113,44902363.0,1.817000
2020-01-10,15.1246381,15.14253708,14.48027482,14.73086054,2734037,45285324.0,1.845300
2020-01-13,14.74875952,14.82035544,14.47132533,14.74875952,1974100,32271540.0,1.332400
2020-01-14,14.74875952,14.77560799,14.44447686,14.51607278,1935100,31567834.0,1.306100
2020-01-15,14.57871921,14.64136564,14.42657788,14.51607278,1499737,24343703.0,1.012200
2020-01-16,14.51607278,15.65265801,14.43552737,15.5721126,6466298,110070300.0,4.364400
2020-01-17,15.46471872,16.1985769,15.34837535,15.90324373,5246784,92160773.0,3.541300
2020-01-20,15.90324373,15.90324373,15.59001158,15.68845597,2705983,47550617.0,1.826400
2020-01-21,15.3931228,16.03748608,15.3931228,15.6616075,1996799,35082165.0,1.347700
2020-01-22,15.3931228,16.5565565,15.3931228,16.44021313,4422440,78956705.0,2.984900
2020-01-23,16.44916262,16.58340497,15.6616075,15.95694067,3032474,54649492.0,2.046800
2020-02-03,14.36393145,14.36393145,14.36393145,14.36393145,144800,2324040.0,0.097700
2020-02-04,12.93201305,14.36393145,12.93201305,14.06859828,3213100,48874776.0,2.168700
2020-02-05,14.1401942,14.51607278,13.82696205,14.34603247,2257288,36030897.0,1.523500
2020-02-06,14.20284063,14.54292125,14.0506993,14.36393145,1729453,27713430.0,1.167300
2020-02-07,14.36393145,14.47132533,14.16704267,14.36393145,1197338,19133294.0,0.808100
2020-02-10,14.319184,14.54292125,14.15809318,14.48922431,1633675,26216829.0,1.102600
2020-02-11,14.48922431,14.73086054,14.33708298,14.48922431,1383078,22417666.0,0.933500
2020-02-12,14.48922431,15.09778963,14.4086789,14.87405238,2014890,33288138.0,1.359900
2020-02-13,14.8561534,15.00829473,14.55187074,14.60556768,1333109,21938188.0,0.899800
2020-02-14,14.6771636,14.6771636,14.37288094,14.4086789,1289528,20883119.0,0.870400
2020-02-17,14.5876687,14.82035544,14.09544675,14.72191105,1805900,29340880.0,1.218900
2020-02-18,14.77560799,15.53631464,14.5876687,15.53631464,2166064,36449523.0,1.462000
2020-02-19,15.6616075,15.77795087,15.0351432,15.33942586,2239609,38433418.0,1.511600
2020-02-20,15.43787025,15.4826177,15.14253708,15.47366821,1663600,28527383.0,1.122800
2020-02-21,15.46471872,15.6616075,15.15148657,15.22308249,2518592,43071069.0,1.699900
2020-02-24,15.16938555,15.22308249,14.89195136,15.08884014,1939887,32605094.0,1.309300
2020-02-25,14.91879983,14.91879983,14.14914369,14.65926462,2913588,47483371.0,1.966500
2020-02-26,14.4086789,14.77560799,14.32813349,14.41762839,1456960,23682417.0,0.983400
2020-02-27,14.44447686,15.07989065,14.39077992,15.06199167,1766581,29060016.0,1.192300
2020-02-28,14.70401207,15.91219322,14.319184,15.68845597,5593139,96473788.0,3.775100
2020-03-02,15.83164781,16.9145361,15.38417331,16.62815242,7027078,128006818.0,4.742900
2020-03-03,16.58340497,16.96823304,16.11803149,16.18067792,5675403,105194567.0,3.830600
2020-03-04,15.95694067,16.2880718,15.84954679,16.05538506,2615700,46764585.0,1.765500
2020-03-05,16.22542537,17.53205091,16.22542537,17.02192998,5392151,101424248.0,3.639400
2020-03-06,16.59235446,17.43360652,16.5565565,16.69079885,4084678,77023171.0,2.756900
2020-03-09,16.4670616,17.5410004,15.02619371,17.04877845,5633462,107260622.0,3.802300
2020-03-10,16.65500089,17.89003051,16.21647588,17.80053561,6143292,117956802.0,4.146400
2020-03-11,17.87213153,19.58148412,17.67524275,19.17875707,8723059,183235463.0,5.887600
2020-03-12,18.42699991,19.01766625,17.26356621,17.5410004,5697181,115585989.0,3.845300
2020-03-13,16.1985769,19.2414035,16.1985769,18.793929,6414034,130210394.0,4.329100
2020-03-16,19.10716115,19.46514075,17.02192998,17.41570754,4901745,101010944.0,3.308400
2020-03-17,17.5410004,18.65968665,16.6460514,18.31065654,3884786,77549006.0,2.622000
2020-03-18,18.59704022,18.76708053,17.4515055,17.4515055,3578016,72162000.0,2.415000
2020-03-19,17.01298049,18.14956572,16.7355463,17.65734377,2734733,52876424.0,1.845800
2020-03-20,17.58574785,18.6149392,17.47835397,18.45384838,3211925,65196069.0,2.167900
2020-03-23,17.90792949,18.35540399,17.47835397,17.47835397,2259542,45133504.0,1.525100
2020-03-24,17.71104071,17.97057592,16.6460514,17.67524275,2290017,44469141.0,1.545600
2020-03-25,17.89003051,18.31960603,17.69314173,18.19431317,2351566,47359422.0,1.587200
2020-03-26,17.8094851,19.13400962,17.74683867,18.75813104,4578268,95547757.0,3.090100
2020-03-27,18.75813104,19.0624137,18.04217184,18.0779698,2876090,59332509.0,1.941200
2020-03-30,17.73788918,18.09586878,17.10247539,17.7199902,1663800,32640940.0,1.123000
2020-03-31,17.58574785,18.74918155,17.55889938,18.73128257,3013109,61836674.0,2.033700
2020-04-01,18.68653512,18.8834239,18.12271725,18.1674647,2062500,42393185.0,1.392100
2020-04-02,17.74683867,18.68653512,17.74683867,18.64178767,1845858,37827308.0,1.245900
2020-04-03,18.793929,20.1363525,18.36435348,19.61728208,4424498,95524946.0,2.986300
2020-04-07,19.78732239,21.25503875,19.46514075,20.30639281,4483936,101490004.0,3.026400
2020-04-08,20.15425148,21.02235201,19.7783729,20.52118057,3358921,76852160.0,2.267100
2020-04-09,21.10289742,21.10289742,20.2258474,20.30639281,2687600,61649489.0,1.814000
2020-04-10,20.62857445,20.6733219,19.93946372,19.97526168,1976600,44472240.0,1.334100
2020-04-13,19.69782749,20.05580709,19.08031268,19.64413055,1514600,33289710.0,1.022300
2020-04-14,19.84996882,20.65542292,19.25930248,20.36903924,2191600,49411960.0,1.479200
2020-04-15,20.36008975,20.70017037,20.01105964,20.02000913,1867100,42453315.0,1.260200
2020-04-16,20.02000913,21.0313015,19.72467596,20.92390762,4049254,92995601.0,2.733000
2020-04-17,20.98655405,21.19239232,20.60172598,20.70017037,2063300,48040861.0,1.392600
2020-04-20,20.70017037,22.16788673,20.66437241,21.93519999,3661800,88295970.0,2.471500
2020-04-21,21.96204846,22.6422097,21.42507906,21.6577658,3746400,92004495.0,2.528600
2020-04-22,21.72936172,23.07178522,21.48772549,22.74960358,3869078,96741520.0,2.611400
2020-04-23,22.70485613,23.92198677,22.49901786,23.6266536,4129300,107432778.0,2.787100
2020-04-24,23.58190615,24.00253218,23.29552247,23.86828983,2876462,75725032.0,1.941500
2020-04-27,22.42742194,23.0896842,21.478776,21.478776,3418900,83314879.0,2.307600
2020-04-28,19.55463565,21.2997862,19.55463565,20.2258474,3907100,88713481.0,2.637100
2020-04-29,20.12740301,22.07839183,19.98421117,21.70251325,3280300,78488204.0,2.214000
2020-04-30,21.70251325,22.35582602,21.05814997,21.19239232,2546323,61090157.0,1.718600
2020-05-06,20.93285711,21.18344283,20.23479689,21.14764487,1744100,40547630.0,1.177200
2020-05-07,21.29083671,23.25972451,20.96865507,23.25972451,3254143,82405482.0,2.196400
2020-05-08,24.09202708,24.09202708,22.7317046,23.14338114,3487969,90819539.0,2.354200
2020-05-11,23.95778473,24.09202708,22.53481582,23.0896842,2225500,57492509.0,1.502100
2020-05-12,23.22392655,23.25972451,22.373725,22.84804797,1348493,34258812.0,0.910200
2020-05-13,22.84804797,23.51925972,22.41847245,23.06283573,1533865,39570739.0,1.035300
2020-05-14,23.1791791,23.20602757,22.66010868,22.88384593,1189300,30520353.0,0.802700
2020-05-15,22.85699746,23.06283573,22.43637143,22.49006837,1214042,30787399.0,0.819400
2020-05-18,22.71380562,22.81225001,21.9262505,22.06049285,1325800,33105665.0,0.894800
2020-05-19,22.16788673,22.5527148,21.94414948,22.23948265,1312300,32670284.0,0.885700
2020-05-20,22.24843214,22.51691684,21.71146274,21.8367556,1189700,29275315.0,0.803000
2020-05-21,22.30212908,23.39396686,21.40718008,22.67800766,2140500,54535601.0,1.444700
2020-05-22,22.4632199,23.06283573,21.18344283,21.32663467,1947076,47422727.0,1.314200
2020-05-25,20.98655405,21.3892811,20.32429179,21.3892811,1392156,32686283.0,0.939600
2020-05-26,21.59987683,21.76469149,21.059651,21.6090332,839100,19699369.0,0.566300
2020-05-27,21.63650231,22.1584154,21.16037107,21.32518573,782500,18429441.0,0.528100
2020-05-28,21.04133826,21.55409498,20.9680873,21.23362203,680100,15742358.0,0.459000
2020-05-29,21.23362203,21.7005969,20.93146182,21.2427784,931410,21729713.0,0.628700
2020-06-01,21.059651,21.83794245,21.059651,21.36181121,1386450,32436089.0,0.935800
2020-06-02,21.46253128,21.5174695,21.07796374,21.13290196,856310,19844545.0,0.578000
2020-06-03,21.13290196,21.3343421,20.84905449,21.16037107,926220,21395483.0,0.625100
2020-06-04,21.12374559,21.54493861,20.85821086,20.97724367,854500,19727492.0,0.576700
2020-06-05,20.97724367,21.07796374,20.30882866,20.72086531,1047252,23599139.0,0.706800
2020-06-08,20.72086531,21.059651,20.00666845,20.21726496,1146000,25452206.0,0.773500
2020-06-09,20.21726496,20.57436339,19.53053721,20.55605065,1994962,43538552.0,1.346500
2020-06-10,20.56520702,21.49915676,20.15317037,20.18063948,1593410,35902788.0,1.075500
2020-06-11,20.0524503,20.27220318,19.70450824,19.71366461,1134200,24640874.0,0.765500
2020-06-12,19.57631906,19.5946318,19.27415885,19.33825344,996500,21129507.0,0.672600
2020-06-15,19.39319166,20.31798503,19.39319166,19.69535187,1421600,30879813.0,0.959500
2020-06-16,20.13485763,20.13485763,19.63125728,19.89679201,584800,12657216.0,0.394700
2020-06-17,19.85101016,20.70255257,19.85101016,20.51942517,1254913,27826093.0,0.847000
2020-06-18,20.51942517,20.67508346,20.2355777,20.59267613,840200,18771054.0,0.567100
2020-06-19,20.59267613,20.93146182,20.4187051,20.91314908,805500,18277120.0,0.543700
2020-06-22,20.91314908,21.94781889,20.91314908,21.89288067,1702806,40126519.0,1.149300
2020-06-23,21.91119341,22.2499791,21.41674943,21.77384786,1116356,26630601.0,0.753500
2020-06-24,21.69144053,21.95697526,21.39843669,21.49915676,1009900,23804842.0,0.681600
2020-06-29,21.49915676,21.75553512,21.059651,21.22446566,948300,22120903.0,0.640100
2020-06-30,21.4259058,21.44421854,21.17868381,21.20615292,917674,21322076.0,0.619400
2020-07-01,21.30687299,21.48084402,20.64761435,20.84905449,1134800,25935256.0,0.765900
2020-07-02,20.70255257,21.059651,20.26304681,20.92230545,1166800,26415501.0,0.787500
2020-07-03,20.90399271,21.12374559,20.75749079,20.81242901,1208292,27559979.0,0.815500
2020-07-06,20.81242901,21.32518573,20.74833442,21.21530929,2105200,48394067.0,1.420900
2020-07-07,21.28856025,22.1584154,21.28856025,21.77384786,2377424,56421649.0,1.604600
2020-07-08,21.7921606,22.6162339,21.59072046,22.27744821,1954837,47068045.0,1.319400
2020-07-09,22.3415428,22.68032849,21.8837243,22.44226287,2282424,55589592.0,1.540500
2020-07-10,22.5246702,24.68557352,22.08516444,24.68557352,3911512,100414985.0,2.640100
2020-07-13,25.72024333,27.14863705,24.1728168,26.41612745,4405125,124533397.0,2.973200
2020-07-14,26.1872182,26.72744403,25.2715812,25.8209634,2573820,72640676.0,1.737200
2020-07-15,25.83011977,26.74575677,25.64699237,26.02240354,2425104,69231434.0,1.636800
2020-07-16,25.77518155,27.3775463,24.9968901,25.1800175,3313600,95313898.0,2.236500
2020-07-17,25.62867963,26.96550965,25.62867963,26.71828766,3074100,89003747.0,2.074900
2020-07-20,27.56983007,28.43968522,26.553473,28.32065241,3258984,98815851.0,2.199600
2020-07-21,28.8425655,28.8425655,27.06622972,27.23104438,2598600,78592009.0,1.753900
2020-07-22,27.20357527,27.7438011,26.38865834,27.33176445,1552710,46082407.7,1.048000
2020-07-23,27.06622972,28.32065241,26.83732047,27.98186672,1979310,59799665.5,1.335900
2020-07-24,27.9269285,27.9269285,26.83732047,27.14863705,1489760,44322609.1,1.005500
2020-07-27,27.13032431,27.45995363,26.02240354,26.26046916,1322190,38350589.97,0.892400
2020-07-28,26.1872182,27.17610616,25.85758888,26.32456375,1086100,31187640.0,0.733100
2020-07-29,26.1872182,26.92888417,25.92168347,26.7366004,951899,27719689.22,0.642500
2020-07-30,26.87394595,26.93804054,26.04987265,26.14143635,1116950,32136995.55,0.753900
2020-07-31,26.30625101,26.8281641,26.0040908,26.8281641,1044700,30323605.0,0.705100
2020-08-03,27.1944189,28.24740145,26.71828766,28.09174316,1713681,51366168.6,1.156600
2020-08-04,27.99102309,28.21993234,27.61561192,27.89945939,1063379,32297439.28,0.717700
2020-08-05,27.67055014,30.216021,27.67055014,29.97795538,2414300,77594252.0,1.629500
2020-08-06,30.216021,30.46324299,29.6666388,30.19770826,1528206,50124625.42,1.031500
2020-08-07,30.05120634,30.13361367,27.46911,27.67970651,2332400,72664093.0,1.574200
2020-08-10,27.47826637,27.85367754,26.48022204,26.9197278,1748054,51674918.04,1.179800
2020-08-11,27.34092082,27.34092082,26.28793827,26.31540738,925681,26963122.52,0.624800
2020-08-12,26.0956545,26.60841122,25.07929743,26.59925485,1137641,32115507.38,0.767800
2020-08-13,26.65419307,27.1028552,26.26962553,26.66334944,1029600,29854263.0,0.694900
2020-08-14,26.30625101,26.90141506,26.26046916,26.69081855,574100,16609039.0,0.387500
2020-08-17,26.95635328,27.88114665,26.57178574,27.46911,1354392,40478486.28,0.914100
2020-08-18,27.45995363,27.45995363,26.89225869,27.26766986,797400,23662333.0,0.538200
2020-08-19,27.26766986,27.3775463,25.72024333,25.72024333,1385500,39718577.16,0.935100
2020-08-20,25.68361785,26.16890546,25.38145764,25.637836,1049540,29563468.08,0.708400
2020-08-21,25.64699237,26.06818539,25.11592291,25.29905031,976500,27147206.0,0.659100
2020-08-24,25.50964682,25.61036689,24.6306353,25.06098469,1778625,48487120.91,1.200500
2020-08-25,25.06098469,25.17086113,24.45666427,24.68557352,1034000,27907507.88,0.697900
2020-08-26,24.76798085,24.78629359,23.08320877,23.61427823,2026200,52806002.0,1.367600
2020-08-27,23.99884577,24.52075886,23.29380528,24.11787858,1555398,40734596.6,1.049800
2020-08-28,24.11787858,24.11787858,23.31211802,23.8981257,2190513,56672599.8,1.478500
2020-08-31,23.7149983,25.24411209,23.7149983,24.45666427,2818400,75442606.0,1.902300
2020-09-01,24.46582064,25.50049045,23.76993652,24.87785729,2184500,58987425.0,1.474400
2020-09-02,25.28073757,25.60121052,24.54822797,25.30820668,1185800,32503804.0,0.800400
2020-09-03,25.14339202,25.44555223,24.06294036,24.42919516,1294300,34822922.0,0.873600
2020-09-04,23.84318748,25.13423565,23.14730336,25.13423565,1247600,33277915.0,0.842100
2020-09-07,25.13423565,25.56458504,24.31016235,24.4475079,1175500,31630657.0,0.793400
2020-09-08,24.62147893,25.2715812,24.20028591,24.86870092,1266543,34352142.98,0.854800
2020-09-09,24.82291907,25.03351558,23.96222029,24.10872221,1266500,33950477.32,0.854800
2020-09-10,24.57569708,24.57569708,22.890925,22.91839411,1315500,33482453.0,0.887900
2020-09-11,22.88176863,23.43115083,22.16757177,23.39452535,1175867,29388402.48,0.793600
2020-09-14,23.806562,24.3559442,22.93670685,23.39452535,911600,23610340.0,0.615300
2020-09-15,23.39452535,23.67837282,23.03742692,23.32127439,469121,11901936.42,0.316600
2020-09-16,23.30296165,23.45861994,22.9824887,23.06489603,441564,11161296.72,0.298000
2020-09-17,23.0740524,23.47693268,22.66201575,23.1656161,739300,18638579.0,0.499000
2020-09-18,23.15645973,23.57765275,22.91839411,23.48608905,604600,15342221.0,0.408100
2020-09-21,24.31931872,24.31931872,22.4331065,22.71695397,1293743,32353594.99,0.873200
2020-09-22,23.0740524,23.0740524,22.21335362,22.36901191,777988,19107412.12,0.525100
2020-09-23,22.38732465,22.60707753,21.86541156,22.20419725,821731,19885307.82,0.554600
2020-09-24,22.20419725,22.20419725,21.69144053,21.7005969,583300,13982686.0,0.393700
2020-09-25,21.76469149,22.14010266,21.28856025,21.6090332,657188,15461616.48,0.443600
2020-09-28,21.6090332,21.93866252,21.14205833,21.14205833,559906,13169003.36,0.377900
2020-09-29,21.25193477,21.96613163,20.6933962,21.62734594,851895,19992571.15,0.575000
2020-09-30,21.63650231,23.20224158,21.47168765,22.42395013,1048855,25746024.04,0.707900
2020-10-09,22.87261226,22.93670685,22.19504088,22.21335362,768120,18846510.0,0.518400
2020-10-12,22.2499791,22.65285938,22.02106985,22.64370301,638500,15667387.0,0.431000
2020-10-13,22.39648102,22.93670685,22.35985554,22.38732465,614900,15125319.0,0.415000
2020-10-14,22.38732465,22.50635746,21.975288,22.00275711,461900,11146720.0,0.311800
2020-10-15,21.80131697,22.09432081,21.6090332,21.77384786,541269,12866037.03,0.365300
2020-10-16,21.77384786,21.92950615,21.48084402,21.49915676,417692,9862105.48,0.281900
2020-10-19,21.57240772,22.02106985,20.82158538,20.97724367,1131100,26328074.0,0.763400
2020-10-20,20.74833442,21.2427784,20.47364332,21.07796374,785013,17828840.23,0.529800
2020-10-21,21.14205833,21.44421854,20.88567997,20.98640004,822979,19048860.54,0.555500
2020-10-22,21.05049463,21.11458922,20.33629777,20.99555641,570913,12923394.72,0.385300
2020-10-23,21.41674943,21.41674943,20.65677072,20.91314908,415948,9543414.34,0.280700
2020-10-26,20.94977456,20.94977456,20.40039236,20.49195606,471800,10589976.0,0.318400
2020-10-27,20.6933962,21.75553512,20.4187051,21.18784018,904792,21038662.28,0.610700
2020-10-28,21.1512147,21.58156409,20.83074175,21.47168765,465513,10777361.78,0.314200
2020-10-29,21.47168765,22.47888835,20.83989812,22.21335362,1731200,41632800.4,1.168500
2020-10-30,22.33238643,23.05573966,21.85625519,22.75357945,2457692,60713136.53,1.658800
2020-11-02,23.03742692,23.03742692,22.23166636,22.6162339,1406275,34635931.4,0.949200
2020-11-03,22.41479376,22.67117212,22.2499791,22.45141924,643060,15756131.2,0.434000
2020-11-04,22.46057561,22.60707753,21.7921606,22.0668517,1087700,26394500.0,0.734100
2020-11-05,22.10347718,22.46057561,21.16037107,21.71890964,1433688,34055458.6,0.967700
2020-11-06,21.66397142,21.96613163,20.94977456,21.4259058,1212188,28352943.36,0.818200
2020-11-09,21.4259058,21.91119341,21.11458922,21.50831313,978388,23044914.32,0.660400
2020-11-10,21.6090332,21.85625519,20.6933962,20.98640004,1006000,23112961.0,0.679000
2020-11-11,20.9680873,21.3343421,20.4187051,21.22446566,533700,12303220.0,0.360200
2020-11-12,21.22446566,21.38928032,20.84905449,21.11458922,522577,12014727.29,0.352700
2020-11-13,21.05049463,21.23362203,20.72086531,20.90399271,475400,10820092.0,0.320900
2020-11-16,20.55605065,21.05049463,20.55605065,21.05049463,314700,7182810.0,0.212400
2020-11-17,21.01386915,21.01386915,20.51942517,20.64761435,409200,9246925.0,0.276200
2020-11-18,20.9680873,21.14205833,20.6933962,20.85821086,299300,6836885.0,0.202000
2020-11-19,20.84905449,21.04133826,20.47364332,20.93146182,292500,6681371.0,0.197400
2020-11-20,20.92230545,21.19699655,20.8765236,21.01386915,278600,6403946.0,0.188000
2020-11-23,21.35265484,21.7005969,21.059651,21.07796374,608800,14131176.0,0.410900
2020-11-24,21.08712011,21.20615292,20.83989812,20.90399271,392400,8984724.0,0.264800
2020-11-25,21.059651,21.059651,20.01582482,20.19895222,830600,18540207.0,0.560600
2020-11-26,20.144014,20.73002168,19.98835571,20.6018325,628660,14098637.2,0.424300
2020-11-27,20.55605065,20.6933962,20.0524503,20.63845798,567000,12567147.0,0.382700
2020-11-30,20.48279969,21.03218189,20.38207962,20.74833442,405200,9163382.0,0.273500
2020-12-01,20.74833442,20.92230545,20.6018325,20.73002168,1053700,23881581.0,0.711200
2020-12-02,20.76664716,22.7993613,20.35461051,22.7993613,2086899,49229279.7,1.408500
2020-12-03,22.58876479,22.890925,21.55409498,22.80851767,2684503,64746563.16,1.811900
2020-12-04,22.4331065,22.88176863,22.07600807,22.6162339,1444900,35601426.0,0.975200
2020-12-07,22.64370301,23.9896894,22.46057561,23.42199446,1852858,47028318.01,1.250600
2020-12-08,23.30296165,23.91643844,23.11067788,23.40368172,1537422,39324982.94,1.037700
2020-12-09,23.52271453,23.52271453,22.7077976,22.72611034,807479,20263718.9,0.545000
2020-12-10,23.806562,23.806562,22.46973198,22.72611034,1555958,39560074.66,1.050200
2020-12-11,22.82683041,23.13814699,22.0668517,22.0668517,1043900,25592854.0,0.704600
2020-12-14,22.2499791,23.12899062,21.86541156,22.90008137,993011,24491421.28,0.670200
2020-12-15,22.83598678,23.1656161,22.3415428,22.5246702,612700,15215895.9,0.413500
2020-12-16,21.975288,23.0740524,21.8837243,22.87261226,659635,16331124.1,0.445200
2020-12-17,22.87261226,22.890925,22.20419725,22.84514315,575500,14212268.0,0.388400
2020-12-18,22.17672814,22.88176863,22.17672814,22.35985554,526412,12914374.53,0.355300
2020-12-21,22.38732465,23.33958713,21.975288,23.23886706,1295900,32454418.0,0.874700
2020-12-22,22.9824887,23.21139795,22.10347718,22.22250999,1051681,26113117.31,0.709800
2020-12-23,22.31407369,23.17477247,22.31407369,23.05573966,1187800,29562550.0,0.801700
2020-12-24,23.12899062,23.5318709,22.7993613,23.37621261,1698887,43124873.18,1.146700
2020-12-25,23.37621261,24.25522413,22.890925,24.0812531,1878333,48447861.97,1.267800
2020-12-28,24.04462762,24.04462762,23.3487435,23.46777631,1251000,32245201.32,0.844400
2020-12-29,23.4403072,23.69668556,22.14925903,22.19504088,1137642,28266036.66,0.767800
2020-12-30,21.98444437,22.40563739,21.70975327,21.94781889,900487,21634784.12,0.607800
2020-12-31,21.7921606,22.17672814,21.41674943,21.43506217,850588,20177072.27,0.574100
2021-01-04,21.65481505,22.37816828,21.1512147,22.02106985,658777,15784118.85,0.444600
2021-01-05,21.8837243,23.6234346,21.7921606,23.37621261,1604900,40326616.66,1.083200
2021-01-06,23.40368172,23.69668556,22.60707753,22.71695397,1026800,25754169.0,0.693000
2021-01-07,22.65285938,22.72611034,21.65481505,21.7921606,886764,21342616.32,0.598500
2021-01-08,21.74637875,22.03022622,21.5174695,21.54493861,715181,16927146.89,0.482700
2021-01-11,21.5174695,21.65481505,20.44617421,20.46448695,1051000,23886442.98,0.709400
2021-01-12,20.42786147,21.2427784,20.4187051,21.03218189,433700,9887812.0,0.292700
2021-01-13,20.9680873,20.97724367,19.6861955,19.73197735,903734,19912243.27,0.610000
2021-01-14,19.73197735,20.18979585,18.30358363,18.81634035,1630100,33595721.0,1.100200
2021-01-15,18.59658747,18.81634035,18.26695815,18.70646391,898900,18188666.0,0.606700
2021-01-18,18.60574384,19.5030681,18.44092918,19.1368133,730500,15258286.0,0.493000
2021-01-19,18.7705585,19.48475536,18.72477665,19.11850056,457900,9557763.0,0.309100
2021-01-20,19.11850056,19.83269742,19.00862412,19.5946318,521955,11058959.2,0.352300
2021-01-21,19.71366461,19.82354105,19.09103145,19.10018782,655706,13849738.46,0.442600
2021-01-22,19.0452496,19.19175152,18.55080562,18.55080562,558900,11428028.0,0.377200
2021-01-25,18.56911836,18.77971487,17.89154698,18.2211763,643687,12895416.25,0.434500
2021-01-26,18.2211763,18.29442726,17.3055393,17.38794663,1101404,21251676.2,0.743400
2021-01-27,17.68095047,17.8549215,16.89350265,17.16819375,1192500,22329839.7,0.804900
2021-01-28,16.99422272,18.88959131,16.73784436,18.88959131,2961879,59943369.77,1.999100
2021-01-29,19.21006426,20.77580353,18.6789948,20.77580353,2349649,51533769.37,1.585900
2021-02-01,21.975288,22.85429952,21.7005969,22.85429952,3805471,93686151.02,2.568500
2021-02-02,23.39452535,25.14339202,23.23886706,25.14339202,3412079,91472839.34,2.303000
2021-02-03,22.7077976,27.46911,22.62539027,22.7993613,10286937,277040614.08,6.943100
2021-02-04,21.02302552,24.722199,21.02302552,23.63259097,9152708,229376290.12,6.177600
2021-02-05,23.20224158,25.76602518,22.90008137,24.42003879,7242684,192215387.12,4.888400
2021-02-08,24.28269324,25.76602518,23.6234346,24.02631488,6436900,175809751.99,4.344600
2021-02-09,24.69472989,24.95110825,22.92755048,24.04462762,4145392,107429334.06,2.797900
2021-02-10,24.29184961,26.0040908,23.61427823,25.68361785,5019120,137016000.56,3.387600
2021-02-18,25.47302134,26.0956545,24.89617003,25.79349429,3771057,104571116.45,2.545300
2021-02-19,25.79349429,25.79349429,24.6306353,25.16170476,2576579,70474806.72,1.739100
2021-02-22,25.1800175,26.4619093,24.55738434,26.45275293,3651290,102519403.3,2.464400
2021-02-23,26.7366004,27.44164089,26.08649813,26.28793827,4107210,120447235.88,2.772100
2021-02-24,25.637836,27.12116794,25.28989394,26.08649813,2914108,83464178.32,1.966900
2021-02-25,26.4619093,27.0112915,25.95830895,26.8281641,2708271,78659073.4,1.827900
2021-02-26,26.58094211,29.51098051,26.25131279,29.51098051,5189562,159514337.86,3.502700
2021-03-01,29.09894386,29.77651524,28.1100559,28.80594002,4667676,146395542.54,3.150400
2021-03-02,28.4763107,31.57116376,28.39390337,31.28731629,5079427,168693429.03,3.428300
2021-03-03,31.08587615,34.41879483,30.90274875,34.41879483,5060845,181774987.39,3.415800
2021-03-04,33.6954416,37.16570583,33.16437214,33.93350722,6488544,246998956.98,4.379400
2021-03-05,33.878569,34.41879483,30.53649395,30.53649395,4844681,166787521.18,3.269900
2021-03-08,28.00017946,32.047295,28.00017946,31.41550547,6358144,214481181.61,4.291400
2021-03-09,31.0400943,31.47960006,28.27487056,29.01653653,4877517,155852702.95,3.292100
2021-03-10,29.60254421,30.10614456,28.8425655,29.56591873,2226594,71953097.02,1.502800
2021-03-11,30.216021,30.51818121,28.43052885,30.3991484,2250689,72985336.88,1.519100
2021-03-12,30.81118505,32.81643008,29.300384,32.31282973,3187110,108197807.99,2.151100
2021-03-15,32.43186254,32.43186254,29.43772955,29.80398435,3172210,106194950.99,2.141100
2021-03-16,30.28011559,31.47044369,29.9413299,31.10418889,2731500,92057990.0,1.843600
2021-03-17,30.36252292,32.10223322,30.0328936,31.5894765,2684540,91467208.91,1.811900
2021-03-18,31.92826219,31.92826219,30.44493025,30.6738395,1948500,65701141.0,1.315100
2021-03-19,30.41746114,31.58032013,29.52013688,29.85892257,2048100,67944565.5,1.382400
2021-03-22,30.216021,31.52538191,29.85892257,31.06756341,2772600,93792275.0,1.871400
2021-03-23,30.95768697,31.44297458,29.64832606,30.216021,2117200,70334350.0,1.429000
2021-03-24,30.216021,30.70130861,28.55871803,28.76015817,2747700,88457134.0,1.854500
2021-03-25,28.32980878,29.92301716,26.32456375,27.05707335,5430079,162336266.27,3.665000
2021-03-26,27.13948068,27.46911,26.08649813,26.53516026,3435549,100011120.86,2.318800
2021-03-29,26.60841122,27.07538609,26.32456375,26.51684752,2010127,58369345.07,1.356700
2021-03-30,26.32456375,26.76406951,25.73855607,25.94915258,2032450,58083731.5,1.371800
2021-03-31,26.58094211,28.09174316,25.53711593,27.5606737,2637600,77652570.0,1.780200
2021-04-01,27.43248452,29.44688592,27.17610616,28.73268906,2731437,84875888.0,1.843600
2021-04-02,28.63196899,29.30954037,28.30233967,29.10810023,1769786,55820453.59,1.194500
2021-04-06,28.91581646,32.01982589,28.8425655,32.01982589,5445283,185248189.53,3.675300
2021-04-07,32.11138959,33.58556516,31.34225451,33.00871385,4671026,165806531.2,3.152700
2021-04-08,32.85305556,33.64965975,32.65161542,33.1460594,2403500,87062510.0,1.622200
2021-04-09,33.66797249,33.83278715,32.1388587,32.30367336,2995200,108106087.0,2.021600
2021-04-12,32.45017528,32.58752083,29.07147475,29.19050756,5962800,196653611.3,4.024600
2021-04-13,29.35532222,29.35532222,26.44359656,27.18526253,5571100,166555938.47,3.760200
2021-04-14,27.39585904,27.72548836,25.96746532,26.28793827,3162900,91469290.48,2.134800
2021-04-15,26.10481087,26.6450367,25.7293997,26.49853478,2587260,74450865.4,1.746300
2021-04-16,26.50769115,28.92497283,26.40697108,27.56983007,3958900,120850571.0,2.672000
2021-04-19,27.86283391,28.10089953,27.06622972,27.33176445,1919000,57366858.0,1.295200
2021-04-20,27.66139377,28.61365625,27.09369883,27.64308103,2178526,66177086.46,1.470400
2021-04-21,27.47826637,27.8353648,26.40697108,26.78238225,2357100,69275482.0,1.590900
2021-04-22,27.0112915,29.38279133,26.22384368,28.7510018,3966277,122794674.2,2.677000
2021-04-23,28.86087824,28.86087824,27.17610616,27.35923356,2470600,74901737.0,1.667500
2021-04-26,27.87199028,27.87199028,26.74575677,26.75491314,1379000,40805032.0,0.930800
2021-04-27,26.57178574,27.71633199,25.86674525,26.94719691,1791000,51955306.0,1.208800
2021-04-28,26.78238225,27.32260808,26.44359656,26.94719691,901600,26402624.0,0.608500
2021-04-29,26.37950197,26.9197278,26.37950197,26.44359656,971326,28240549.06,0.655600
2021-04-30,26.47106567,27.7438011,26.47106567,26.95635328,1252226,37093780.96,0.845200
2021-05-06,26.96550965,27.61561192,26.29709464,26.36118923,1273500,37124592.0,0.859500
2021-05-07,26.3703456,27.07538609,25.38145764,26.41612745,1295000,37309581.0,0.874100
2021-05-10,26.81900773,26.81900773,25.40892675,25.60121052,1307900,36740047.0,0.882800
2021-05-11,25.40892675,26.44359656,25.40892675,26.13227998,873763,24881343.81,0.589700
2021-05-12,26.13227998,26.13227998,25.5462723,25.56458504,736400,20668212.94,0.497000
2021-05-13,25.35398853,25.78433792,24.722199,24.87785729,1256300,34565024.0,0.847900
2021-05-14,24.722199,25.07014106,24.37425694,24.5390716,1468400,39485134.0,0.991100
2021-05-17,24.62147893,24.62147893,23.0740524,23.76078015,2394100,62103988.0,1.615900
2021-05-18,23.8981257,24.24606776,23.3487435,24.21859865,1319600,34401446.0,0.890700
2021-05-19,24.1728168,26.0956545,24.06294036,24.82291907,3396300,93709380.0,2.292300
2021-05-20,24.6306353,24.63979167,23.6234346,23.82487474,1770517,46449527.0,1.195000
2021-05-21,23.74246741,24.27353687,23.67837282,23.76078015,868500,22641823.8,0.586200
2021-05-24,23.76078015,24.13619132,22.67117212,22.890925,2011900,50591870.0,1.357900
2021-05-25,22.890925,22.96417596,22.26829184,22.7077976,1779908,43754418.84,1.201300
2021-05-26,22.68948486,23.2571798,22.46057561,23.04658329,1018800,25506405.0,0.687600
2021-05-27,23.04658329,23.23886706,22.80851767,22.890925,1243600,31277576.0,0.839400
2021-05-28,23.806562,25.1800175,23.806562,25.1800175,3821554,104206762.15,2.579300
2021-05-31,27.13032431,27.13032431,25.44555223,25.52795956,5290913,151312138.32,3.571100
2021-06-01,25.78433792,25.80265066,24.83207544,25.29905031,2071716,57134879.03,1.398300
2021-06-02,25.29905031,25.56458504,25.12507928,25.30820668,1137375,31442791.4,0.767700
2021-06-03,25.57374141,26.04987265,25.04267195,25.637836,1666326,46608534.17,1.124700
2021-06-04,25.4884539,25.68451893,24.62016591,24.6481752,1398567,37481349.4,0.944000
2021-06-07,24.7415395,25.08698741,24.10666226,24.44277374,1349575,35450717.75,0.910900
2021-06-08,24.90959524,25.01229597,24.41476445,24.9282681,984400,25965276.0,0.664400
2021-06-09,25.09632384,27.06631057,24.60149305,26.2353683,2315675,64933733.5,1.563000
2021-06-10,25.85257467,26.50612477,25.5818182,25.89925682,1402900,39192974.0,0.946900
2021-06-11,26.08598542,26.44076976,25.88058396,26.22603187,1227000,34382714.0,0.828200
2021-06-15,25.208361,26.12333114,25.208361,25.44177175,929533,25533518.25,0.627400
2021-06-16,25.3950896,25.74987394,24.7415395,24.93760453,878400,23772054.0,0.592900
2021-06-17,24.9282681,25.51646319,24.32140015,25.50712676,1125033,30361444.0,0.759300
2021-06-18,25.91792968,25.91792968,24.86291309,25.06831455,1514792,40854541.96,1.022400
2021-06-21,24.93760453,27.57981422,24.77888522,27.57981422,2674558,77140684.7,1.805200
2021-06-22,28.25203718,28.80288655,26.78621767,26.96360984,3908909,115284543.72,2.638300
2021-06-23,27.17834773,27.32773061,26.68351694,26.82356339,1519533,43811214.1,1.025600
2021-06-24,26.73019909,27.2623756,26.45010619,26.5154612,1795800,51608107.0,1.212100
2021-06-25,26.73019909,28.4761115,25.77788323,26.17001329,3525076,100893069.18,2.379200
2021-06-28,25.90859325,26.4220969,25.53513605,26.08598542,1699996,47378823.82,1.147400
2021-06-29,26.11399471,26.4220969,25.32973459,25.37641674,1670375,46105443.0,1.127400
2021-06-30,25.35774388,25.81522895,25.35774388,25.51646319,889292,24380499.17,0.600200
2021-07-01,25.51646319,25.74987394,25.0216324,25.09632384,1225334,33022379.92,0.827000
2021-07-02,24.90025881,25.74987394,24.90025881,25.3950896,879400,23794098.0,0.593500
2021-07-05,25.37641674,26.41276047,25.37641674,25.65650964,1263500,35106800.0,0.852800
2021-07-06,25.72186465,26.02996684,25.208361,25.65650964,908800,24937460.0,0.613400
2021-07-07,25.32973459,25.91792968,25.32973459,25.63783678,892100,24497517.0,0.602100
2021-07-08,25.88058396,27.01029199,25.50712676,26.7955541,2939925,82968533.25,1.984300
2021-07-09,26.92626412,27.04763771,26.41276047,26.68351694,2232527,63862657.79,1.506800
2021-07-12,26.7021898,26.7021898,25.7685468,26.0486397,1759758,49264176.72,1.187700
2021-07-13,26.00195755,26.6088255,25.82456538,26.29138688,1351309,37963884.95,0.912100
2021-07-14,26.5154612,26.96360984,26.142004,26.54347049,1670109,47440228.52,1.127200
2021-07-15,26.56214335,26.90759126,25.72186465,26.58081621,1479958,41787208.12,0.998900
2021-07-16,26.58081621,26.87024554,26.142004,26.4220969,970851,27596472.42,0.655300
2021-07-19,26.15134043,26.59948907,25.82456538,25.89925682,1508300,42209936.37,1.018000
2021-07-20,25.7685468,26.8889184,25.56314534,26.48745191,1204458,33629740.7,0.812900
2021-07-21,26.17001329,26.8889184,26.17001329,26.48745191,1004734,28662541.1,0.678100
2021-07-22,26.6088255,26.7955541,26.17001329,26.31005974,794100,22394095.0,0.536000
2021-07-23,26.40342404,26.44076976,25.6751825,25.69385536,1198200,33422627.0,0.808700
2021-07-26,26.02996684,26.02996684,24.76021236,25.13366956,1466000,39580228.0,0.989500
2021-07-27,25.208361,25.5818182,23.67718648,23.77055078,1471000,38899555.0,0.992800
2021-07-28,23.48112145,23.98528867,22.65017918,23.57448575,1154434,28799177.1,0.779200
2021-07-29,23.77055078,24.72286664,23.47178502,24.47078303,825025,21398623.0,0.556800
2021-07-30,24.7415395,25.0216324,24.25604514,24.73220307,1078634,28530372.9,0.728000
2021-08-02,24.6481752,25.18968814,24.28405443,24.94694096,955467,25436757.23,0.644900
2021-08-03,24.85357666,25.31106173,24.62950234,24.69485735,605499,16155057.23,0.408700
2021-08-04,24.70419378,25.29238887,22.65951561,25.14300599,930000,24766293.0,0.627700
2021-08-05,24.76021236,25.0216324,24.4614466,24.6481752,661138,17484255.86,0.446200
2021-08-06,24.69485735,24.81623094,23.7145322,24.19069013,1014963,26173896.3,0.685000
2021-08-09,24.19069013,25.05897812,23.82656936,24.79755808,966441,25414867.65,0.652300
2021-08-10,24.78822165,26.02996684,24.38675516,25.77788323,1540500,42423574.52,1.039800
2021-08-11,26.02063041,26.28205045,25.69385536,26.05797613,1273234,35479524.32,0.859400
2021-08-12,26.01129398,26.40342404,25.84323824,26.03930327,1117216,31217176.16,0.754100
2021-08-13,25.89925682,26.21669544,25.40442603,25.63783678,1171334,32264303.76,0.790600
2021-08-16,25.3017253,26.02996684,25.208361,25.41376246,749000,20500645.0,0.505500
2021-08-17,25.36708031,25.41376246,24.14400798,24.14400798,1054000,27897839.0,0.711400
2021-08-18,24.14400798,24.70419378,23.95727938,24.0879894,803200,20812209.0,0.542100
2021-08-19,24.54547447,24.54547447,23.7145322,23.94794295,645500,16560202.0,0.435700
2021-08-20,23.72386863,24.05998011,23.36908429,23.57448575,715000,18085782.0,0.482600
2021-08-23,23.68652291,24.15334441,23.341075,23.79856007,886300,22602084.0,0.598200
2021-08-24,23.89192437,23.93860652,23.20102855,23.38775715,1035300,25986934.86,0.698800
2021-08-25,23.39709358,23.58382218,22.89292636,23.1543464,788900,19521783.0,0.532500
2021-08-26,23.1543464,23.48112145,22.9676178,23.07031853,871800,21733024.0,0.588400
2021-08-27,23.01429995,23.33173857,21.97795622,22.38875914,1001000,24122974.0,0.675600
2021-08-30,22.407432,22.7808892,21.7538819,21.82857334,1718345,40632376.5,1.159800
2021-08-31,21.97795622,22.01530194,21.07232251,21.07232251,1847500,42363820.0,1.247000
2021-09-01,21.16568681,21.21236896,20.42810884,20.86692105,1943000,43254688.0,1.311400
2021-09-02,20.59616458,21.13767752,20.59616458,20.9136032,890400,19945873.0,0.601000
2021-09-03,20.93227606,21.9406105,20.87625748,21.24971468,1452300,33186686.0,0.980200
2021-09-06,21.2870604,21.68852689,20.33474454,21.06298608,2075001,46175342.09,1.400500
2021-09-07,21.0069675,21.36175184,20.68952888,20.82957533,1198900,26848540.94,0.809200
2021-09-08,20.95094892,21.473789,20.82957533,21.0069675,1889000,42705126.0,1.275000
2021-09-09,21.05364965,21.05364965,20.57749172,20.77355675,1187000,26395930.0,0.801200
2021-09-10,20.77355675,21.27772397,20.54948243,20.65218316,1854500,41400825.0,1.251700
2021-09-13,20.7268746,20.7268746,20.09199736,20.1666888,1195699,25946740.44,0.807000
2021-09-14,20.21337095,20.41877241,19.7932316,19.9799602,1247600,26715307.0,0.842100
2021-09-15,19.90526876,20.13867951,19.42911083,20.0733245,884700,18897166.0,0.597100
2021-09-16,20.10133379,20.13867951,19.2330458,19.36375582,1188100,24935798.0,0.801900
2021-09-17,19.36375582,19.52247513,18.93428004,19.29840081,1102900,22626505.0,0.744400
2021-09-22,19.28906438,19.44778369,18.99963505,19.14901793,1034300,21223430.0,0.698100
2021-09-23,19.28906438,20.540146,19.28906438,20.39076312,2243299,48547175.22,1.514100
2021-09-24,20.38142669,20.38142669,19.70920373,19.85858661,1330016,28342373.0,0.897700
2021-09-27,20.06398807,20.12000665,19.0463172,19.45712012,1136700,23665061.0,0.767200
2021-09-28,19.606503,19.90526876,18.92494361,19.50380227,614700,12887153.0,0.414900
2021-09-29,19.24238223,19.49446584,18.63551428,18.81290645,843200,17147475.0,0.569100
2021-09-30,18.8595886,19.44778369,18.75688787,19.31707367,755000,15463253.0,0.509600
2021-10-08,19.21437294,19.80256803,19.00897148,19.68119444,873600,18339600.0,0.589600
2021-10-11,19.74654945,19.96128734,19.14901793,19.606503,593700,12398615.0,0.400700
2021-10-12,19.67185801,19.6998673,18.86892503,19.12100864,644600,13223237.0,0.435100
2021-10-13,19.18636365,19.18636365,18.78489716,19.05565363,502500,10180116.0,0.339200
2021-10-14,19.05565363,19.09299935,18.69153286,18.93428004,419100,8484466.0,0.282900
2021-10-15,18.93428004,19.0463172,18.80357002,18.84091574,418300,8465129.0,0.282300
2021-10-18,18.93428004,19.2330458,18.73821501,19.05565363,698916,14175116.36,0.471700
2021-10-19,19.05565363,19.59716657,18.90627075,19.20503651,643600,13297991.0,0.434400
2021-10-20,19.27972795,19.36375582,18.99963505,19.1396815,481300,9858593.0,0.324900
2021-10-21,19.0463172,19.0463172,17.739217,18.84091574,733900,14725847.0,0.495300
2021-10-22,18.67286,18.90627075,18.49546783,18.7662243,423200,8487100.0,0.285600
2021-10-25,18.75688787,18.91560718,18.58883213,18.87826146,353600,7111325.0,0.238700
2021-10-26,18.70086929,19.02764434,18.67286,18.80357002,322200,6496107.0,0.217500
2021-10-27,18.67286,18.73821501,18.06599205,18.2994028,660200,12933130.1,0.445600
2021-10-28,17.88859988,18.2060385,17.37509623,17.89793631,436775,8380341.0,0.294800
2021-10-29,17.90727274,18.09400134,17.63651627,17.81390844,573200,10974498.0,0.386900
2021-11-01,17.85125416,19.59716657,17.58049769,19.59716657,2533649,52029578.66,1.710100
2021-11-02,19.84925018,20.99763107,19.606503,19.65318515,3722991,79886309.99,2.512800
2021-11-03,19.66252158,19.75588588,18.99963505,19.27039152,2255866,46676789.13,1.522600
2021-11-04,19.27039152,19.94261448,19.27039152,19.8865959,1818000,38296652.0,1.227100
2021-11-05,19.89593233,20.40943598,19.606503,20.21337095,1968916,42358452.52,1.328900
2021-11-08,20.33474454,20.39076312,19.7932316,19.87725947,1156300,24754448.0,0.780400
2021-11-09,20.06398807,20.46545456,19.93327805,20.2600531,929765,20075458.6,0.627500
2021-11-10,20.30673525,20.34408097,19.81190446,20.21337095,805000,17260333.0,0.543300
2021-11-11,20.1666888,20.34408097,19.90526876,20.08266093,805600,17367438.0,0.543700
2021-11-12,20.08266093,20.42810884,19.9799602,20.11067022,913600,19694665.0,0.616600
2021-11-15,20.23204381,20.47479099,20.03597878,20.42810884,1437600,31179743.0,0.970300
2021-11-16,20.42810884,20.43744527,19.98929663,19.99863306,1156800,25051074.0,0.780800
2021-11-17,19.98929663,20.64284673,19.98929663,20.32540811,889900,19336563.0,0.600600
2021-11-18,20.09199736,20.32540811,20.01730592,20.02664235,776433,16753258.78,0.524100
2021-11-19,20.02664235,21.40843399,19.74654945,21.05364965,2264445,50420816.0,1.528400
2021-11-22,21.27772397,21.61383545,20.59616458,20.70820174,1555057,34728913.13,1.049600
2021-11-23,20.79222961,21.13767752,20.40009955,20.40943598,988000,21814989.0,0.666800
2021-11-24,20.40943598,20.80156604,19.9799602,20.66151959,1100200,23989018.0,0.742600
2021-11-25,20.7268746,20.7268746,20.24138024,20.30673525,752800,16445903.0,0.508100
2021-11-26,20.22270738,20.62417387,20.09199736,20.50280028,1154199,25247050.08,0.779000
2021-11-29,20.09199736,20.34408097,19.77455874,20.08266093,1109700,23848383.0,0.749000
2021-11-30,20.1666888,20.540146,19.84925018,19.98929663,914000,19711713.0,0.616900
2021-12-01,19.98929663,20.2600531,19.82124089,20.02664235,1106583,23723048.86,0.746900
2021-12-02,20.19469809,22.0339748,20.02664235,21.61383545,7246652,166262941.09,4.891100
2021-12-03,20.88559391,21.0069675,20.0733245,20.39076312,4653973,102231416.21,3.141200
2021-12-06,20.39076312,20.540146,19.62517586,20.03597878,2695300,57461341.2,1.819200
2021-12-07,19.9799602,20.20403452,19.3264101,19.6998673,1684069,35455557.48,1.136700
2021-12-08,19.75588588,19.81190446,19.43844726,19.77455874,857545,18071337.66,0.578800
2021-12-09,19.87725947,19.87725947,19.62517586,19.74654945,1183600,25012310.0,0.798900
2021-12-10,19.61583943,20.01730592,19.46645655,19.9799602,1183733,25118863.27,0.799000
2021-12-13,20.12934308,20.32540811,19.83057732,20.02664235,1311211,28201258.18,0.885000
2021-12-14,19.97062377,21.82857334,19.82124089,21.23104182,3805833,85979577.82,2.568700
2021-12-15,21.24971468,22.21136697,20.96962178,22.0339748,3469998,80809645.84,2.342100
2021-12-16,21.98729265,22.2207034,21.64184474,21.8472462,2380998,55968114.36,1.607000
2021-12-17,21.8472462,22.20203054,21.58582616,21.71653618,1490883,34907934.46,1.006300
2021-12-20,21.71653618,21.85658263,21.24037825,21.34307898,1245100,28600810.0,0.840400
2021-12-21,21.82857334,22.1273391,21.1936961,21.50179829,1246100,28740869.0,0.841100
2021-12-22,21.49246186,21.83790977,20.58682815,21.31506969,769200,17608586.0,0.519200
2021-12-23,21.52047115,21.55781687,21.01630393,21.20303253,667000,15165346.59,0.450200
2021-12-24,21.25905111,22.75287991,21.1936961,21.8472462,3396547,80352712.76,2.292500
2021-12-27,21.6605176,22.28605841,21.39909756,21.79122762,2402200,56318753.0,1.621400
2021-12-28,21.64184474,22.36074985,21.473789,22.14601196,1610500,38147728.0,1.087000
2021-12-29,22.21136697,22.27672198,21.51113472,21.55781687,1929333,45057518.54,1.302200
2021-12-30,21.55781687,21.71653618,21.2870604,21.30573326,1175800,26968705.0,0.793600
2021-12-31,21.41777042,22.5941606,21.21236896,21.6605176,1508000,35280719.0,1.017800
2022-01-04,21.46445257,22.39809557,21.46445257,21.99662908,1229000,28893213.0,0.829500
2022-01-05,22.14601196,22.14601196,21.3804247,21.3804247,1009900,23324261.0,0.681600
2022-01-06,21.34307898,21.88459192,21.05364965,21.57648973,922000,21275633.0,0.622300
2022-01-07,21.52047115,21.67919046,20.90426677,20.94161249,1171739,26678712.6,0.790900
2022-01-10,20.96962178,21.2870604,20.76422032,20.99763107,771659,17398170.04,0.520800
2022-01-11,21.27772397,21.27772397,20.61483744,20.70820174,1063859,23757491.67,0.718000
2022-01-12,20.81090247,21.72587261,20.81090247,21.18435967,1331000,30345406.0,0.898400
2022-01-13,21.26838754,21.52047115,20.96028535,20.99763107,881800,20036112.16,0.595200
2022-01-14,20.9136032,21.21236896,20.76422032,20.78289318,638000,14320311.0,0.430600
2022-01-17,20.73621103,21.09099537,20.67085602,20.79222961,708366,15802803.16,0.478100
2022-01-18,20.79222961,21.11900466,20.3534174,20.37209026,989900,21720940.0,0.668100
2022-01-19,20.37209026,20.87625748,20.0733245,20.4467817,942200,20582284.0,0.635900
2022-01-20,20.4467817,20.58682815,19.89593233,20.12934308,1019981,21912866.97,0.688400
2022-01-21,19.92394162,20.20403452,19.50380227,19.82124089,1317000,27879399.0,0.888900
2022-01-24,19.44778369,19.8865959,19.24238223,19.30773724,942380,19672904.4,0.636100
2022-01-25,19.30773724,19.606503,18.7662243,18.84091574,748900,15267931.0,0.505500
2022-01-26,18.84091574,19.06499006,18.65418714,18.96228933,446281,9029470.11,0.301200
2022-01-27,19.38242868,19.38242868,18.22471136,18.22471136,669700,13321311.0,0.452000
2022-01-28,18.67286,18.7662243,18.0193099,18.7662243,628100,12432488.0,0.423900
2022-02-07,19.09299935,19.46645655,18.81290645,19.30773724,988800,20357186.0,0.667400
2022-02-08,19.5131387,19.73721302,19.19570008,19.50380227,705900,14681977.0,0.476400
2022-02-09,19.50380227,19.67185801,19.19570008,19.63451229,586369,12278714.0,0.395800
2022-02-10,19.63451229,19.63451229,19.28906438,19.39176511,496200,10312031.0,0.334900
2022-02-11,19.39176511,19.83991375,18.90627075,19.08366292,449500,9195483.0,0.303400
2022-02-14,18.9529529,19.30773724,18.84091574,19.1396815,377300,7721328.0,0.254700
2022-02-15,19.10233578,19.31707367,18.87826146,19.1396815,551600,11279967.0,0.372300
2022-02-16,19.1396815,19.46645655,19.0463172,19.38242868,652077,13504374.82,0.440100
2022-02-17,19.59716657,19.74654945,19.15835436,19.31707367,622800,12911975.0,0.420400
2022-02-18,19.41043797,20.1666888,19.10233578,19.6998673,835100,17666215.0,0.563600
2022-02-21,19.70920373,20.58682815,19.46645655,20.15735237,1186400,25625991.0,0.800800
2022-02-22,20.08266093,20.28806239,19.66252158,20.03597878,800749,17131716.5,0.540500
2022-02-23,20.06398807,20.17602523,19.97062377,19.99863306,613000,13171686.0,0.413700
2022-02-24,19.99863306,20.11067022,19.1396815,19.42911083,992000,20796553.0,0.669500
2022-02-25,19.42911083,20.1666888,19.42911083,19.64384872,824709,17497425.33,0.556600
2022-02-28,19.67185801,19.9799602,19.2330458,19.37309225,727400,15148779.0,0.491000
2022-03-01,19.50380227,19.6998673,19.37309225,19.52247513,526700,11014086.0,0.355500
2022-03-02,19.52247513,19.89593233,19.28906438,19.76522231,650800,13654867.0,0.439300
2022-03-03,19.80256803,19.8865959,19.52247513,19.606503,528891,11141255.0,0.357000
2022-03-04,19.63451229,19.75588588,19.42911083,19.58783014,703200,14757235.0,0.474600
2022-03-07,19.58783014,19.61583943,19.0463172,19.19570008,706800,14544313.0,0.477100
2022-03-08,19.19570008,21.1003318,18.99029862,19.05565363,1382409,28961712.0,0.933100
2022-03-09,18.74755144,18.99029862,17.76722629,18.57015927,1269401,25002424.0,0.856800
2022-03-10,18.62617785,19.19570008,18.62617785,18.88759789,789409,16032992.0,0.532800
2022-03-11,18.82224288,19.08366292,18.31807566,19.00897148,638500,12777832.0,0.431000
2022-03-14,18.94361647,18.94361647,18.23404779,18.23404779,510400,10086694.0,0.344500
2022-03-15,18.44878568,18.5794957,17.25372264,17.43111481,913400,17364668.0,0.616500
2022-03-16,17.44978767,17.77656272,17.16035834,17.59917055,888550,16665186.0,0.599700
2022-03-17,17.87926345,17.9259456,17.13234905,17.67386199,901582,17163519.0,0.608500
2022-03-18,17.62717984,17.87926345,17.44045124,17.87926345,560200,10614353.0,0.378100
2022-03-21,17.87926345,17.98196418,17.63651627,17.89793631,461500,8808584.0,0.311500
2022-03-22,17.88859988,18.10333777,17.70187128,17.96329132,474000,9096396.0,0.319900
2022-03-23,18.09400134,18.24338422,17.86059059,17.94461846,400300,7703815.0,0.270200
2022-03-24,17.93528203,18.04731919,17.56182483,17.739217,761000,14498832.0,0.513600
2022-03-25,17.739217,17.98196418,17.60850698,17.6458527,469516,8943952.3,0.316900
2022-03-28,17.62717984,17.739217,17.21637692,17.58983412,429000,8038910.0,0.289600
2022-03-29,17.71120771,17.71120771,17.39376909,17.52447911,230382,4324331.05,0.155500
2022-03-30,17.52447911,17.90727274,17.39376909,17.59917055,432426,8128908.33,0.291900
2022-03-31,17.60850698,17.86059059,17.42177838,17.6458527,548299,10360625.25,0.370100
2022-04-01,17.6458527,17.65518913,17.2723955,17.65518913,512684,9611566.17,0.346000
2022-04-06,17.65518913,17.82324487,17.50580625,17.70187128,572725,10819488.25,0.386600
2022-04-07,17.72988057,17.87926345,17.4591241,17.62717984,951683,18017815.51,0.642300
2022-04-08,17.6458527,17.87926345,17.44045124,17.62717984,680800,12803922.0,0.459500
2022-04-11,17.40310552,17.40310552,16.8989383,17.14168548,641100,11787048.0,0.432700
2022-04-12,17.12301262,17.65518913,16.97362974,17.38443266,616800,11379063.0,0.416300
2022-04-13,17.15102191,17.3657598,17.05765761,17.10433976,497100,9155320.0,0.335500
2022-04-14,17.1790312,17.2723955,16.805574,16.92694759,680900,12368265.0,0.459600
2022-04-15,16.92694759,16.92694759,16.30140678,16.7122097,1115700,19893093.0,0.753000
2022-04-18,16.39477108,16.56282682,16.20804248,16.5254811,556700,9791118.0,0.375700
2022-04-19,16.46012609,16.64685469,16.11467818,16.28273392,555050,9714484.0,0.374600
2022-04-20,16.32941607,16.6188454,16.2453882,16.32007964,545382,9600130.64,0.368100
2022-04-21,16.29207035,16.29207035,15.5918381,15.93728601,821600,13972746.0,0.554500
2022-04-22,15.74122098,16.00264102,15.52648309,15.75055741,476300,8013036.0,0.321500
2022-04-25,15.75055741,15.75989384,14.17270074,14.62084938,847705,13662578.68,0.572200
2022-04-26,14.5648308,14.71421368,13.15502987,13.15502987,2175200,31920141.0,1.468100
2022-04-27,12.75356338,13.19237559,12.26806902,13.02431985,1107600,15121668.0,0.747600
2022-04-28,13.06166557,13.76189782,12.5108162,13.06166557,1382900,19502382.0,0.933400
2022-04-29,12.94029198,13.78990711,12.93095555,13.68720638,910199,13120436.43,0.614300
2022-05-05,13.69654281,14.4714665,13.42578634,14.34075648,1096200,16619828.0,0.739900
2022-05-06,14.004645,15.4051095,14.004645,15.2183809,1736300,27781818.0,1.171900
2022-05-09,15.19970804,16.74021899,15.15302589,16.74021899,1163800,20375209.0,0.785500
2022-05-10,18.04731919,18.22471136,15.91861315,16.32007964,3517500,63568288.0,2.374100
2022-05-11,16.0586596,16.30140678,15.74122098,15.95595887,1754099,30073760.0,1.183900
2022-05-12,15.73188455,16.17069676,15.58250167,15.84392171,1083005,18400161.0,0.731000
2022-05-13,15.92794958,16.3387525,15.85325814,16.00264102,808000,13867652.0,0.545400
2022-05-16,16.00264102,16.14268747,15.73188455,15.75055741,551000,9384872.0,0.371900
2022-05-17,16.00264102,16.3387525,15.63852025,16.04932317,766800,13130777.0,0.517500
2022-05-18,16.16136033,16.4321168,15.83458528,16.01197745,1289331,22226831.0,0.870200
2022-05-19,16.01197745,16.29207035,15.5918381,15.97463173,883031,15147962.0,0.596000
2022-05-20,15.98396816,16.30140678,15.97463173,16.1520239,998200,17275989.0,0.673700
2022-05-23,16.26406106,16.50680824,16.06799603,16.37609822,1019100,17795667.0,0.687800
2022-05-24,16.4321168,16.63751826,15.64785668,15.64785668,915700,15863042.0,0.618000
2022-05-25,15.5918381,16.22671534,15.58250167,16.14268747,929700,15984472.0,0.627500
2022-05-26,16.31074321,16.3387525,15.7785667,15.89060386,694396,11877727.63,0.468700
2022-05-27,15.90927672,16.04932317,15.6852024,15.79723956,554715,9429300.34,0.374400
2022-05-30,15.66652954,16.06799603,15.66652954,16.01197745,622400,10583464.0,0.420100
2022-05-31,16.0586596,16.14268747,15.65719311,16.01197745,693405,11808798.55,0.468000
2022-06-01,16.13335104,16.9923026,15.871931,16.76822828,1590305,28349278.75,1.073400
2022-06-02,16.74955542,18.44878568,16.4321168,18.44878568,1927716,37163228.16,1.301100
2022-06-06,18.58883213,19.41043797,18.34608495,18.9529529,4497332,90559777.92,3.035500
2022-06-07,18.67286,19.93327805,18.57015927,19.25171866,2961615,60324898.6,1.998900
2022-06-08,19.2422279,19.25170683,18.49339243,18.73984461,1808800,35840515.7,1.220800
2022-06-09,18.85359177,18.95786,18.08579844,18.55974494,1231500,24001421.0,0.831200
2022-06-10,18.58818173,20.41761522,18.37964527,20.41761522,3268800,67951737.0,2.206300
2022-06-13,20.40813629,20.80625135,19.905753,20.04793695,2445600,52407502.0,1.650600
2022-06-14,20.13324732,20.96739316,19.82992156,20.853646,2364917,51352502.03,1.596200
2022-06-15,20.88208279,20.90104065,20.0953316,20.36074164,1527517,32843431.2,1.031000
2022-06-16,20.36074164,20.73041991,20.20907876,20.65458847,1170849,25325649.44,0.790300
2022-06-17,20.44605201,21.06218246,20.2849102,20.98635102,1366149,29960528.14,0.922100
2022-06-20,21.11905604,21.37498715,20.73989884,20.84416707,1241100,27461064.0,0.837700
2022-06-21,21.07166139,21.46977645,20.72094098,21.2328032,1881400,41871771.0,1.269800
2022-06-22,21.05270353,21.95320188,20.89156172,21.5171711,1462216,33113190.33,0.986900
2022-06-23,21.30863464,22.35131694,21.30863464,22.1806962,1767428,41024451.64,1.192900
2022-06-24,21.90580723,22.9390106,21.54560789,21.65935505,2551000,59771701.0,1.721800
2022-06-27,21.801539,21.801539,21.16645069,21.4223818,1744400,39353062.0,1.177400
2022-06-28,21.4223818,21.68779184,20.9484353,21.20436641,1594500,35602872.0,1.076200
2022-06-29,21.18540855,21.18540855,20.5692781,20.60719382,1298300,28419830.0,0.876300
2022-06-30,20.80625135,21.00530888,20.4744888,20.4744888,1083900,23619697.0,0.731600
2022-07-01,20.51240452,21.6119604,20.45553094,20.81573028,1688400,37370093.0,1.139600
2022-07-04,20.81573028,21.54560789,20.42709415,21.30863464,1221200,27234170.0,0.824200
2022-07-05,21.2328032,21.58352361,20.91051958,21.09061925,768800,17163806.0,0.518900
2022-07-06,21.24228213,21.49821324,20.80625135,21.1380139,622500,13876927.0,0.420200
2022-07-07,21.2328032,21.5171711,21.07166139,21.46977645,760600,17109740.0,0.513400
2022-07-08,21.46029752,22.0859069,21.06218246,21.6119604,1298828,29578685.08,0.876600
2022-07-11,21.31811357,21.801539,20.89156172,21.45081859,917300,20743021.0,0.619100
2022-07-12,21.4223818,21.79206007,20.74937777,20.84416707,1048754,23315404.06,0.707900
2022-07-13,20.54084131,21.26123999,20.43657308,20.93895637,944000,20866321.0,0.637100
2022-07-14,20.92947744,21.40342394,20.0005423,20.23751555,2331680,50502698.4,1.573800
2022-07-15,20.11428946,20.32282592,19.7161744,19.98158444,1257117,26624257.36,0.848500
2022-07-18,20.24699448,21.03374567,19.98158444,20.61667275,1944300,42308204.0,1.312300
2022-07-19,20.81573028,20.9484353,20.15220518,20.42709415,1721900,37241056.0,1.162200
2022-07-20,20.63563061,20.83468814,20.2849102,20.51240452,1183917,25632804.88,0.799100
2022-07-21,20.65458847,20.6640674,19.82992156,20.3796995,1937028,41576845.16,1.307400
2022-07-22,20.23751555,20.55979917,19.93418979,20.20907876,1149100,24479262.0,0.775600
2022-07-25,20.49344666,20.7588567,19.74461119,19.8109637,1258199,26686098.1,0.849200
2022-07-26,19.88679514,19.99106337,19.31805934,19.76356905,938300,19424864.0,0.633300
2022-07-27,19.905753,20.18064197,19.65930082,20.18064197,823523,17376139.09,0.555800
2022-07-28,20.25647341,20.54084131,19.86783728,20.36074164,687817,14811803.69,0.464200
2022-07-29,20.40813629,21.31811357,20.03845802,20.39865736,1084200,23727065.0,0.731800
2022-08-01,20.43657308,20.43657308,19.91523193,20.14272625,954000,20243418.0,0.643900
2022-08-02,20.16168411,20.16168411,19.2422279,19.7161744,1053945,21935113.85,0.711400
2022-08-03,19.64982189,20.0953316,19.13795967,19.20431218,766615,15771948.9,0.517400
2022-08-04,19.38441185,20.0005423,19.2422279,19.67825868,989515,20557179.0,0.667900
2022-08-05,19.67825868,19.8109637,19.32753827,19.74461119,617500,12745918.0,0.416800
2022-08-08,19.74461119,20.18064197,19.36545399,20.13324732,973600,20537263.0,0.657100
2022-08-09,20.12376839,20.5692781,19.96262658,19.99106337,611800,12977654.0,0.412900
2022-08-10,20.03845802,21.40342394,20.03845802,20.80625135,1801000,39227341.0,1.215600
2022-08-11,20.80625135,21.77310221,20.45553094,21.25176106,2541800,57296023.0,1.715600
2022-08-12,21.1380139,21.65935505,20.73989884,20.853646,1651675,37004061.0,1.114800
2022-08-15,20.59771489,21.14749283,20.59771489,20.81573028,1236400,27139001.0,0.834500
2022-08-16,20.9484353,21.24228213,20.82520921,20.98635102,856000,18972188.0,0.577800
2022-08-17,20.90104065,21.20436641,20.74937777,20.79677242,821575,18116958.5,0.554500
2022-08-18,20.7588567,21.2328032,20.7588567,21.19488748,950900,21166152.0,0.641800
2022-08-19,21.1380139,21.22332427,20.58823596,20.58823596,961026,21080642.5,0.648600
2022-08-22,20.55979917,20.5692781,20.0953316,20.1901209,1049700,22399681.0,0.708500
2022-08-23,20.1901209,20.5692781,19.94366872,20.33230485,901000,19287575.0,0.608100
2022-08-24,20.5692781,20.5692781,19.0526493,19.10952288,1453100,29981953.0,0.980800
2022-08-25,19.3370172,19.46972222,18.49339243,18.94838107,1791500,35683113.0,1.209200
2022-08-26,18.73984461,19.25170683,18.51235029,18.59766066,831100,16455720.0,0.560900
2022-08-29,18.58818173,18.91994428,18.05736165,18.88202856,675900,13375279.0,0.456200
2022-08-30,19.07160716,19.07160716,18.49339243,18.59766066,631500,12428568.0,0.426200
2022-08-31,18.54078708,18.83463391,18.04788272,18.1995456,1257100,24218687.0,0.848500
2022-09-01,18.56922387,18.56922387,17.71612017,17.88674091,829300,15679384.0,0.559700
2022-09-02,17.88674091,18.05736165,17.62133087,17.95309342,734875,13862438.5,0.496000
2022-09-05,18.009967,18.21850346,17.84882519,18.01944593,606800,11535222.0,0.409600
2022-09-06,18.09527737,18.2943349,17.70664124,17.99100914,591400,11170862.0,0.399200
2022-09-07,18.009967,18.18058774,17.8203884,17.97205128,604975,11453074.25,0.408300
2022-09-08,18.009967,18.1047563,17.74455696,17.8203884,575700,10903916.0,0.388600
2022-09-09,17.87726198,18.08579844,17.58341515,17.93413556,494100,9289158.0,0.333500
2022-09-13,17.97205128,18.1047563,17.67820445,17.76351482,495000,9275019.0,0.334100
2022-09-14,17.60237301,17.8203884,17.32748404,17.71612017,448000,8317307.0,0.302400
2022-09-15,17.88674091,17.90569877,16.85353754,17.16634223,793900,14386508.0,0.535800
2022-09-16,17.22321581,17.47914692,17.062074,17.28956832,691400,12622556.0,0.466700
2022-09-19,17.28956832,17.55497836,16.8724954,17.01467935,778100,14006713.0,0.525200
2022-09-20,17.05259507,17.45071013,16.89145326,17.23269474,473000,8602042.0,0.319200
2022-09-21,17.33696297,17.33696297,16.8724954,17.12842651,356500,6423025.0,0.240600
2022-09-22,17.12842651,17.33696297,16.88197433,17.02415828,369000,6662619.0,0.249100
2022-09-23,17.13790544,17.70664124,16.43646462,17.54549943,1108200,20268109.0,0.748000
2022-09-26,17.3464419,17.3464419,16.6829168,16.75874824,1105100,19764718.0,0.745900
2022-09-27,16.76822717,17.32748404,16.60708536,17.28008939,652000,11777369.0,0.440100
2022-09-28,17.27061046,17.36539976,16.67343787,16.70187466,527600,9445820.0,0.356100
2022-09-29,17.03363721,17.03363721,16.42698569,16.54073285,557300,9775754.0,0.376100
2022-09-30,16.80614289,16.80614289,16.22792816,16.31323853,568200,9814229.0,0.383500
2022-10-10,16.31323853,16.64500108,15.9246024,15.97199705,610400,10439093.0,0.412000
2022-10-11,16.19949137,16.2089703,15.78241845,16.19001244,561185,9467065.59,0.378800
2022-10-12,16.19001244,16.51229606,15.74450273,16.4933382,832200,14103585.0,0.561700
2022-10-13,16.4933382,17.05259507,16.3985489,16.88197433,694400,12329208.0,0.468700
2022-10-14,17.062074,17.21373688,16.85353754,17.04311614,594300,10679300.74,0.401100
2022-10-17,16.99572149,17.57393622,16.99572149,17.56445729,778500,14259837.0,0.525400
2022-10-18,18.84411284,18.84411284,17.56445729,17.94361449,1518726,28997020.44,1.025100
2022-10-19,17.76351482,18.03840379,17.7255991,17.85830412,614200,11568999.0,0.414600
2022-10-20,17.85830412,18.03840379,17.5360205,17.6308098,473300,8866608.0,0.319500
2022-10-21,17.89621984,18.19006667,17.64028873,17.87726198,320900,6051484.0,0.216600
2022-10-24,17.86778305,18.08579844,17.45071013,17.67820445,740805,13891122.9,0.500000
2022-10-25,17.61185194,17.9151777,17.35592083,17.67820445,608500,11349076.0,0.410700
2022-10-26,17.74455696,18.07631951,17.69716231,18.01944593,687300,12991986.0,0.463900
2022-10-27,18.36068741,18.63557638,17.94361449,18.009967,759005,14618670.45,0.512300
2022-10-28,17.9151777,18.07631951,17.5360205,17.7255991,682020,12779025.4,0.460300
2022-10-31,17.77299375,18.45547671,17.54549943,18.23746132,858600,16468207.0,0.579500
2022-11-01,18.3891242,18.94838107,17.89621984,18.89150749,994300,19600628.0,0.671100
2022-11-02,18.95786,19.16639646,18.4839135,19.00525465,702300,14097995.0,0.474000
2022-11-03,18.70192889,19.00525465,18.64505531,18.95786,555200,11034222.0,0.374700
2022-11-04,18.93890214,19.2422279,18.79671819,19.13795967,672700,13553282.0,0.454000
2022-11-07,19.3370172,19.3370172,18.84411284,19.01473358,669500,13437893.0,0.451900
2022-11-08,19.19483325,19.19483325,18.59766066,18.81567605,696700,13770491.0,0.470200
2022-11-09,18.80619712,18.93890214,18.62609745,18.69244996,519900,10293233.0,0.350900
2022-11-10,20.26595234,20.55979917,19.46024329,20.55979917,4247800,90926432.0,2.867000
2022-11-11,20.57875703,22.53141661,20.55979917,21.37498715,6518770,148468122.47,4.399800
2022-11-14,21.31811357,21.31811357,19.91523193,20.05741588,3881091,83675175.42,2.619500
2022-11-15,20.29438913,20.6640674,19.82044263,19.93418979,2492600,52991637.0,1.682400
2022-11-16,19.93418979,20.0953316,19.72565333,19.87731621,1504800,31549625.0,1.015700
2022-11-17,19.7161744,19.89627407,19.30858041,19.64982189,1317370,27131145.49,0.889200
2022-11-18,19.64982189,20.15220518,19.44128543,19.56451152,1419700,29507841.0,0.958200
2022-11-21,19.67825868,19.76356905,19.4318065,19.72565333,922200,19105757.0,0.622400
2022-11-22,19.7161744,19.77304798,18.95786,19.06212823,1102800,22400437.0,0.744300
2022-11-23,18.96733893,19.13795967,18.43651885,19.00525465,1492228,29542441.72,1.007200
2022-11-24,19.00525465,19.3370172,18.87254963,18.94838107,990968,20023252.04,0.668800
2022-11-25,19.23274897,19.29910148,18.66401317,18.84411284,1037368,20658114.84,0.700200
2022-11-28,18.95786,18.95786,18.09527737,18.73984461,740800,14563714.0,0.500000
2022-11-29,18.69244996,18.92942321,18.58818173,18.7682814,1047600,20708151.0,0.707100
2022-11-30,18.80619712,18.80619712,18.3891242,18.5787028,929600,18178907.88,0.627400
2022-12-01,18.65453424,18.74932354,18.4839135,18.4839135,877019,17159699.91,0.591900
2022-12-02,18.56922387,19.1474386,18.40808206,18.95786,1403525,27964576.0,0.947300
2022-12-05,19.00525465,19.85835835,18.7682814,19.73513226,2310691,47271505.59,1.559600
2022-12-06,19.73513226,19.73513226,19.2422279,19.70669547,1046600,21547323.0,0.706400
2022-12-07,19.47920115,19.70669547,19.3370172,19.47920115,830700,17061959.0,0.560700
2022-12-08,19.3370172,19.44128543,19.03369144,19.11900181,836470,16958208.4,0.564600
2022-12-09,19.18535432,19.6213851,18.8630707,19.0526493,1003910,20359617.6,0.677600
2022-12-12,19.19483325,19.19483325,18.68297103,18.74932354,623900,12371343.0,0.421100
2022-12-13,18.91994428,18.97681786,18.51235029,18.56922387,453100,8935536.0,0.305800
2022-12-14,18.68297103,19.2422279,18.58818173,18.6734921,531300,10531727.0,0.358600
2022-12-15,18.69244996,19.00525465,18.51235029,18.69244996,547700,10853969.0,0.369700
2022-12-16,18.58818173,18.92942321,18.18058774,18.31329276,603000,11687475.0,0.407000
2022-12-19,18.24694025,18.56922387,17.66872552,17.85830412,586100,11122131.6,0.395600
2022-12-20,17.80143054,18.07631951,17.69716231,17.83934626,458800,8657072.0,0.309700
2022-12-21,17.88674091,18.2943349,17.48862585,17.78247268,636500,11880775.0,0.429600
2022-12-22,17.89621984,17.89621984,17.27061046,17.38435762,547300,10121413.0,0.369400
2022-12-23,17.37487869,17.67820445,17.062074,17.47914692,708800,12949970.0,0.478400
2022-12-26,17.77299375,18.05736165,17.09998972,17.94361449,538200,10124582.0,0.363300
2022-12-27,18.08579844,18.1995456,17.7255991,17.9151777,397300,7532605.0,0.268200
2022-12-28,17.82986733,18.19006667,17.67820445,17.77299375,544000,10211478.0,0.367200
2022-12-29,17.75403589,17.9151777,17.2516526,17.8203884,409130,7655618.2,0.276100
2022-12-30,17.8203884,18.00048807,17.70664124,17.97205128,569500,10718283.0,0.384400
2023-01-03,17.97205128,18.34172955,17.85830412,18.34172955,961400,18436792.0,0.648900
2023-01-04,18.4839135,18.4839135,18.16162988,18.2943349,478300,9233245.0,0.322800
2023-01-05,18.27537704,18.47443457,18.19006667,18.43651885,457430,8847902.3,0.308700
2023-01-06,18.5787028,18.63557638,18.31329276,18.35120848,407200,7928982.0,0.274800
2023-01-09,18.34172955,18.82515498,18.34172955,18.3891242,817700,16017306.0,0.551900
2023-01-10,18.56922387,18.56922387,18.1047563,18.24694025,835100,16046717.0,0.563600
2023-01-11,18.17110881,18.55974494,17.83934626,17.83934626,559200,10632895.0,0.377400
2023-01-12,17.86778305,18.19006667,17.48862585,18.009967,378400,7200491.0,0.255400
2023-01-13,18.95786,18.95786,17.68768338,18.08579844,1329900,25506608.0,0.897600
2023-01-16,18.009967,18.4839135,18.009967,18.22798239,1162100,22261125.0,0.784400
2023-01-17,18.1047563,18.40808206,17.88674091,18.00048807,1006700,19133504.0,0.679500
2023-01-18,18.12371416,18.52182922,17.94361449,18.42703992,958300,18457888.0,0.646800
2023-01-19,18.2943349,18.50287136,18.14267202,18.30381383,620400,11950002.0,0.418700
2023-01-20,18.40808206,18.87254963,18.24694025,18.73036568,915500,17994812.0,0.617900
2023-01-30,18.8630707,20.60719382,18.85359177,20.60719382,2470400,52133836.0,1.667400
2023-01-31,21.19488748,21.21384534,19.905753,20.81573028,4547600,97931588.0,3.069400
2023-02-01,20.65458847,20.83468814,20.34178378,20.68302526,2667778,57800994.88,1.800600
2023-02-02,20.65458847,20.6640674,20.39865736,20.5692781,1554000,33630847.0,1.048900
2023-02-03,20.5692781,20.73041991,20.21855769,20.73041991,1792200,38766092.0,1.209600
2023-02-06,20.76833563,21.41290287,20.55979917,21.11905604,3089480,68431460.0,2.085200
2023-02-07,20.89156172,21.58352361,20.86312493,21.39394501,1881700,42242001.0,1.270000
2023-02-08,21.43186073,21.87737044,21.24228213,21.49821324,1876800,42787483.0,1.266700
2023-02-09,21.50769217,21.97215974,21.3275925,21.54560789,1617800,36878353.0,1.091900
2023-02-10,21.7067497,21.94372295,21.50769217,21.79206007,1554300,35682106.0,1.049100
2023-02-13,21.78258114,22.53141661,21.78258114,22.06694904,1997900,46659289.0,1.348500
2023-02-14,22.20913299,22.26600657,21.59300254,21.85841258,1283749,29525546.61,0.866500
2023-02-15,21.96268081,22.41766945,21.82997579,22.02903332,1482400,34514291.0,1.000500
2023-02-16,22.25652764,22.25652764,20.52188345,20.853646,2778900,62401301.0,1.875600
2023-02-17,20.95791423,21.2328032,20.76833563,20.91999851,1744700,38609539.0,1.177600
2023-02-20,20.88208279,20.88208279,20.34178378,20.76833563,1513800,32915096.0,1.021700
2023-02-21,20.93895637,21.19488748,20.59771489,20.95791423,1255700,27770642.0,0.847500
2023-02-22,20.83468814,20.93895637,20.52188345,20.72094098,779700,17004585.0,0.526300
2023-02-23,20.51240452,20.83468814,20.51240452,20.6640674,712300,15509415.0,0.480800
2023-02-24,20.43657308,20.83468814,20.3796995,20.64510954,648889,14061248.98,0.438000
2023-02-27,20.52188345,20.81573028,20.32282592,20.41761522,817400,17732962.0,0.551700
2023-02-28,20.42709415,20.93895637,20.42709415,20.72094098,1079800,23625576.0,0.728800
2023-03-01,20.64510954,21.01478781,20.4744888,20.54084131,778500,16930414.0,0.525400
2023-03-02,20.45553094,20.60719382,20.01002123,20.08585267,963900,20651632.0,0.650600
2023-03-03,20.08585267,20.4744888,20.04793695,20.24699448,647800,13834344.0,0.437200
2023-03-06,20.2849102,20.60719382,20.04793695,20.52188345,892500,19249199.0,0.602400
2023-03-07,20.52188345,20.61667275,20.04793695,20.11428946,518350,11095362.0,0.349900
2023-03-08,20.37022057,20.37022057,19.88679514,20.20907876,560600,11884499.0,0.378400
2023-03-09,20.1901209,20.5692781,19.94366872,20.33230485,669100,14312645.0,0.451600
2023-03-10,20.33230485,20.51240452,19.99106337,20.07637374,452300,9602026.0,0.305300
2023-03-13,20.07637374,20.44605201,19.905753,20.11428946,720700,15320770.0,0.486400
2023-03-14,20.05741588,20.25647341,19.50763794,19.63086403,787200,16380271.0,0.531300
2023-03-15,20.04793695,20.4744888,19.78252691,20.29438913,867411,18557089.61,0.585500
2023-03-16,20.19959983,21.87737044,20.19959983,20.95791423,3255300,72597964.0,2.197200
2023-03-17,20.89156172,21.1380139,20.27543127,20.58823596,2552700,55286643.0,1.722900
2023-03-20,20.4744888,20.54084131,19.82044263,19.85835835,1961321,41408994.32,1.323800
2023-03-21,19.98158444,21.84893365,19.905753,21.84893365,2947600,66552659.0,1.989500
2023-03-22,21.91528616,22.47454303,21.72570756,22.13330155,6615821,153852395.89,4.465300
2023-03-23,21.81101793,21.94372295,21.57404468,21.65935505,3066216,70203198.6,2.069500
2023-03-24,21.65935505,21.98163867,21.48873431,21.82049686,2497422,57345980.22,1.685600
2023-03-27,21.93424402,21.93424402,21.35602929,21.47925538,1927922,43819779.2,1.301200
2023-03-28,21.6119604,21.66883398,21.19488748,21.33707143,1346816,30346610.16,0.909000
2023-03-29,21.52665003,21.74466542,21.19488748,21.67831291,2052500,46765324.0,1.385300
2023-03-30,21.58352361,21.58352361,20.87260386,21.25176106,1213000,27181856.0,0.818700
2023-03-31,21.25176106,21.98163867,21.09061925,21.64039719,1925422,43953402.12,1.299600
2023-04-03,21.6119604,21.72570756,21.14749283,21.30863464,1794900,40324574.0,1.211500
2023-04-04,21.33707143,21.33707143,20.5692781,20.98635102,2122500,46700463.0,1.432600
2023-04-06,21.03374567,21.56456575,20.6640674,21.30863464,1258800,28256435.0,0.849600
2023-04-07,21.6119604,23.44139389,21.38446608,23.44139389,5640700,137011292.0,3.807200
2023-04-10,23.7921143,25.7826896,23.7921143,24.34189224,8589500,222757757.0,5.797400
2023-04-11,24.21866615,24.8347966,23.96273504,24.73052837,4461700,115059337.0,3.011400
2023-04-12,24.29449759,24.645218,24.01012969,24.20918722,3470998,88870634.3,2.342700
2023-04-13,24.10491899,24.4556394,23.91534039,24.37032903,2706998,69134349.02,1.827100
2023-04-14,24.35137117,24.35137117,23.00536311,23.52670426,3589872,89003806.52,2.423000
2023-04-17,23.5077464,25.8774789,23.34660459,25.8774789,6163440,162145767.68,4.160000
2023-04-18,25.86799997,26.86328762,25.27082738,25.55519528,5966498,163023686.24,4.027100
2023-04-19,25.4983217,25.71633709,25.0243752,25.71633709,4121272,110082070.28,2.781600
2023-04-20,25.593111,25.593111,23.9816929,24.50303405,4560800,117992158.86,3.078300
2023-04-21,24.34189224,25.1191645,24.10491899,24.1712715,3345478,86629802.26,2.258000
2023-04-24,24.34189224,24.34189224,22.76838986,23.10015241,3193030,78150582.6,2.155100
2023-04-25,23.00536311,23.5077464,21.9911176,22.70203735,2661272,63281177.76,1.796200
2023-04-26,22.81578451,23.3181678,22.51245875,23.11911027,2074750,50404287.5,1.400300
2023-04-27,23.2233785,23.78263537,22.63568484,22.749432,2138272,52230281.68,1.443200
2023-04-28,22.8442213,23.32764673,22.2754855,23.28973101,1663600,40406650.84,1.122800
2023-05-04,23.28973101,23.92481932,22.79682665,22.91057381,1970000,48358683.0,1.329600
2023-05-05,22.73995307,22.749432,22.09538583,22.40819052,1619300,38217677.0,1.092900
2023-05-08,22.36079587,22.73995307,22.11434369,22.48402196,1248266,29379661.0,0.842500
2023-05-09,22.19965406,22.66412163,21.72570756,22.43662731,1745600,40947054.0,1.178200
2023-05-10,22.3702748,23.85846681,22.33235908,23.76367751,3282000,80612033.0,2.215200
2023-05-11,23.90586146,24.1712715,23.24233636,24.14283471,2699300,67453231.8,1.821900
2023-05-12,23.7921143,24.03856648,23.32764673,23.39399924,1471700,36562784.0,0.993300
2023-05-15,23.2233785,24.18075043,22.76838986,24.1712715,2496030,62499600.78,1.684700
2023-05-16,24.1712715,24.84427553,23.67836714,23.71628286,2897246,74267435.64,1.955500
2023-05-17,23.59305677,24.16179257,23.2233785,24.13335578,1992546,50018600.96,1.344900
2023-05-18,24.13335578,24.19970829,23.34660459,23.61201463,1671700,41615167.0,1.128300
2023-05-19,23.6025357,23.6025357,22.94848953,23.33712566,944700,23287069.0,0.637600
2023-05-22,23.38452031,23.86794574,22.749432,23.17598385,1528100,37362386.0,1.031400
2023-05-23,23.20442064,24.16179257,22.89161595,23.2233785,1978000,49233215.0,1.335000
2023-05-24,23.04327883,23.80159323,22.92005274,23.46983068,1094300,27005414.0,0.738600
2023-05-25,23.24233636,24.51251298,23.14754706,24.29449759,3745395,95045087.6,2.527900
2023-05-26,24.00065076,24.14283471,22.97692632,23.54566212,2530200,62562871.0,1.707700
2023-05-29,23.5077464,23.54566212,22.79682665,22.92953167,1479450,35899658.5,0.998500
2023-05-30,22.89161595,23.17598385,22.57881126,23.06223669,1127400,27164259.0,0.760900
2023-05-31,23.14754706,23.14754706,22.749432,22.749432,827800,19987242.0,0.558700
2023-06-01,22.75891093,23.08119455,21.58352361,21.87737044,2633000,61964476.0,1.777100
2023-06-02,21.78258114,22.07642797,21.22332427,21.6119604,2416400,55171634.94,1.630900
2023-06-05,21.6119604,22.07642797,21.0432246,21.79206007,1852300,42297065.0,1.250200
2023-06-06,21.7067497,21.74466542,21.33707143,21.36550822,1204800,27325980.0,0.813200
2023-06-07,21.49046432,21.5769644,21.0483528,21.22135296,1097500,24278102.0,0.740800
2023-06-08,21.12524176,22.0094648,21.12524176,21.29824192,1651700,36991473.0,1.114800
2023-06-09,21.40396424,22.08635376,21.17329736,21.73074232,1367672,30896925.96,0.923100
2023-06-12,21.80763128,21.89413136,21.25018632,21.6730756,1113300,24920846.0,0.751400
2023-06-13,21.55774216,22.22090944,21.49046432,21.88452024,1072100,24321126.0,0.723600
2023-06-14,22.14402048,22.14402048,21.36551976,21.39435312,998200,22354424.0,0.673700
2023-06-15,21.2886308,21.97102032,21.2886308,21.7691868,1011700,22869028.0,0.682800
2023-06-16,21.7691868,21.95179808,21.65385336,21.77879792,781600,17736917.0,0.527500
2023-06-19,21.9133536,22.64379872,21.9133536,22.3939096,1796800,41753187.0,1.212700
2023-06-20,22.2977984,23.2589104,21.99024256,22.88407672,2335200,55020327.0,1.576100
2023-06-21,22.88407672,23.1627992,22.06713152,22.105576,1454200,33890711.0,0.981500
2023-06-26,21.93257584,22.22090944,21.62502,21.82685352,1012200,23042528.0,0.683200
2023-06-27,21.61540888,22.09596488,21.61540888,21.92296472,735200,16752536.0,0.496200
2023-06-28,22.0094648,22.08635376,21.4327976,22.01907592,882700,19966667.0,0.595800
2023-06-29,21.97102032,22.4900208,21.75957568,22.28818728,1103000,25601638.0,0.744500
2023-06-30,22.66302096,22.66302096,22.01907592,22.32663176,1198500,27873173.0,0.808900
2023-07-03,22.51885416,22.70146544,22.23052056,22.48040968,974000,22778286.0,0.657400
2023-07-04,22.47079856,22.75913216,22.37468736,22.51885416,1262300,29651922.0,0.852000
2023-07-05,22.45157632,22.66302096,22.28818728,22.42274296,757181,17721137.54,0.511100
2023-07-06,22.38429848,22.4900208,22.105576,22.1536316,658300,15225446.0,0.444300
2023-07-07,22.02868704,22.36507624,21.82685352,22.16324272,662800,15298248.0,0.447400
2023-07-10,22.27857616,22.73990992,22.02868704,22.51885416,1059600,24836917.0,0.715200
2023-07-11,22.60535424,22.96096568,22.30740952,22.65340984,1012500,23949300.0,0.683400
2023-07-12,22.6341876,22.7783544,22.40352072,22.59574312,1061800,24960066.0,0.716700
2023-07-13,22.31702064,22.85524336,22.31702064,22.59574312,779200,18297951.0,0.525900
2023-07-14,22.69185432,22.85524336,22.47079856,22.49963192,841700,19811643.0,0.568100
2023-07-17,22.45157632,22.80718776,22.17285384,22.69185432,1104700,26007021.0,0.745600
2023-07-18,22.7783544,22.7783544,22.3939096,22.60535424,582000,13679302.0,0.392800
2023-07-19,22.6341876,22.71107656,22.14402048,22.2977984,775300,18041021.0,0.523300
2023-07-20,22.46118744,22.46118744,21.65385336,21.66346448,891700,20405065.0,0.601800
2023-07-21,21.56735328,21.865298,21.2405752,21.32707528,992600,22208323.0,0.670000
2023-07-24,21.4327976,21.99024256,21.13485288,21.21174184,615200,13612160.0,0.415200
2023-07-25,21.21174184,21.71152008,21.1925196,21.40396424,525200,11693038.0,0.354500
2023-07-26,21.40396424,21.40396424,21.03874168,21.05796392,686700,15115006.0,0.463500
2023-07-27,21.144464,21.36551976,20.87535264,20.9522416,678800,14895583.0,0.458200
2023-07-28,20.7600192,21.06757504,20.55818568,20.83690816,907100,19615014.0,0.612200
2023-07-31,20.663908,21.0964084,20.58701904,20.8561304,921800,20067700.0,0.622200
2023-08-01,20.96185272,21.0483528,20.78885256,20.904186,479100,10406771.0,0.323400
2023-08-02,20.9522416,20.98107496,20.49090784,20.60624128,931900,19994743.0,0.629000
2023-08-03,20.50051896,20.67351912,20.41401888,20.54857456,599500,12796117.0,0.404600
2023-08-04,20.49090784,21.2405752,20.49090784,20.84651928,1301100,28183095.0,0.878200
2023-08-07,20.84651928,20.84651928,20.41401888,20.7119636,915400,19664017.0,0.617800
2023-08-08,20.58701904,20.78885256,20.5197412,20.64468576,590381,12672010.07,0.398500
2023-08-09,20.81768592,20.81768592,20.2794632,20.35635216,570800,12149310.0,0.385300
2023-08-10,20.35635216,20.49090784,20.0872408,20.14490752,559200,11760840.0,0.377400
2023-08-11,20.14490752,20.14490752,19.69318488,19.77968496,1086700,22480329.0,0.733500
2023-08-14,19.83735168,19.88540728,19.39524016,19.86618504,808100,16491502.0,0.545400
2023-08-15,19.9911296,19.9911296,19.34718456,19.39524016,657781,13387997.82,0.444000
2023-08-16,19.462518,19.63551816,19.03962872,19.04923984,697600,14035649.0,0.470800
2023-08-17,19.08768432,19.702796,18.99157312,19.59707368,776200,15684927.0,0.523900
2023-08-18,19.64512928,19.98151848,19.57785144,19.58746256,767600,15795970.0,0.518100
2023-08-21,19.78929608,19.87579616,19.0300176,19.24146224,654200,13222090.0,0.441500
2023-08-22,19.30874008,19.6066848,19.01079536,19.30874008,681300,13632900.0,0.459800
2023-08-23,19.30874008,19.54901808,19.11651768,19.27990672,570700,11490662.0,0.385200
2023-08-24,19.27990672,19.42407352,18.82818408,19.20301776,645900,12879893.0,0.435900
2023-08-25,18.8858508,19.29912896,18.53023936,18.5494616,1159100,22644998.0,0.782300
2023-08-28,20.20257424,20.25062984,19.19340664,19.49135136,2448500,50098506.0,1.652600
2023-08-29,19.462518,20.3275188,19.45290688,20.28907432,1495500,31221070.0,1.009400
2023-08-30,20.28907432,20.7600192,20.22179648,20.59663016,1056000,22613075.0,0.712700
2023-08-31,20.65429688,20.68313024,20.29868544,20.49090784,662300,14120491.0,0.447000
2023-09-01,20.5197412,20.57740792,19.83735168,19.9911296,1348800,28199411.0,0.910400
2023-09-04,20.183352,20.19296312,19.64512928,19.88540728,798600,16435393.0,0.539000
2023-09-05,19.92385176,20.0391852,19.67396264,19.87579616,706900,14570809.0,0.477100
2023-09-06,19.87579616,20.05840744,19.77968496,20.0391852,662700,13752163.0,0.447300
2023-09-07,20.14490752,20.34674104,19.49135136,19.5586292,611700,12591290.0,0.412900
2023-09-08,19.53940696,19.74124048,19.39524016,19.5586292,503300,10256371.0,0.339700
2023-09-11,19.5105736,19.943074,19.34718456,19.8469628,611600,12565444.0,0.412800
2023-09-12,19.95268512,20.0391852,19.59707368,19.8469628,548800,11338230.0,0.370400
2023-09-13,19.8950184,19.95268512,19.38562904,19.5586292,582300,11872586.0,0.393000
2023-09-14,19.5105736,19.56824032,19.16457328,19.3664068,515100,10352735.0,0.347700
2023-09-15,19.3183512,19.52018472,19.1261288,19.24146224,593900,11884131.0,0.400900
2023-09-18,19.45290688,19.63551816,18.66479504,19.4144624,823300,16613481.0,0.555700
2023-09-19,19.4144624,19.462518,18.8377952,18.94351752,741000,14718189.0,0.500100
2023-09-20,18.87623968,19.20301776,18.8377952,18.92429528,511800,10115268.0,0.345400
2023-09-21,18.91468416,18.981962,18.62635056,18.67440616,442500,8651166.0,0.298700
2023-09-22,18.67440616,19.19340664,18.61673944,19.19340664,584800,11556062.0,0.394700
2023-09-25,19.3183512,19.34718456,18.95312864,19.11651768,442100,8797459.0,0.298400
2023-09-26,19.21262888,19.26068448,19.03962872,19.09729544,430000,8566538.0,0.290200
2023-09-27,19.08768432,19.49135136,19.08768432,19.44329576,757800,15264085.0,0.511500
2023-09-28,19.52018472,19.7989072,19.44329576,19.73162936,626700,12837720.0,0.423000
2023-10-09,19.8950184,20.04879632,19.66435152,19.77007384,853500,17604632.0,0.576100
2023-10-10,19.7989072,19.85657392,19.6547404,19.702796,519600,10670693.0,0.350700
2023-10-11,19.87579616,19.87579616,19.5105736,19.76046272,513806,10522283.12,0.346800
2023-10-12,19.702796,20.0391852,19.5586292,19.91424064,628100,12928197.0,0.423900
2023-10-13,20.01996296,20.02957408,19.462518,19.64512928,704800,14385888.0,0.475700
2023-10-16,19.63551816,19.8950184,19.47212912,19.66435152,1072900,21994703.0,0.724100
2023-10-17,19.58746256,19.8469628,19.49135136,19.61629592,620400,12670443.0,0.418700
2023-10-18,19.28951784,19.63551816,19.13573992,19.16457328,591406,11853746.12,0.399200
2023-10-19,19.06846208,19.58746256,18.8858508,19.09729544,484900,9726224.0,0.327300
2023-10-20,19.6066848,19.6066848,18.86662856,18.91468416,790800,15763426.0,0.533700
2023-10-23,18.90507304,19.0780732,18.1650168,18.27073912,715700,13749044.0,0.483100
2023-10-24,18.32840584,19.02040648,17.93434992,18.97235088,849300,16520958.0,0.573200
2023-10-25,19.20301776,19.2702956,18.84740632,19.00118424,576800,11410864.0,0.389300
2023-10-26,18.72246176,19.2702956,18.55907272,19.19340664,481100,9461797.0,0.324700
2023-10-27,19.02040648,19.18379552,18.31879472,18.58790608,1417900,27405520.0,0.957000
2023-10-30,18.5494616,18.80896184,18.4052948,18.6936284,824400,15947843.0,0.556400
2023-10-31,18.77051736,18.77051736,18.3572392,18.44373928,631200,12130496.0,0.426000
2023-11-01,18.46296152,18.52062824,18.2130724,18.42451704,683590,13063866.42,0.461400
2023-11-02,18.261128,18.47257264,18.1650168,18.1650168,673900,12804885.0,0.454800
2023-11-03,18.12657232,18.8858508,18.12657232,18.62635056,1118900,21755883.0,0.755200
2023-11-06,18.72246176,19.2702956,18.68401728,19.23185112,993200,19666151.0,0.670400
2023-11-07,19.29912896,19.29912896,18.85701744,19.20301776,1018500,20290894.0,0.687400
2023-11-08,19.22224,19.29912896,19.00118424,19.11651768,733700,14616574.0,0.495200
2023-11-09,19.11651768,19.20301776,18.91468416,18.981962,625095,12374424.45,0.421900
2023-11-10,18.86662856,19.21262888,18.72246176,19.06846208,590800,11699885.0,0.398800
2023-11-13,18.9339064,19.34718456,18.9339064,19.33757344,934300,18737129.0,0.630600
2023-11-14,19.38562904,19.56824032,19.24146224,19.39524016,654100,13208466.0,0.441500
2023-11-15,19.53940696,19.76046272,19.47212912,19.58746256,603795,12320056.4,0.407500
2023-11-16,19.62590704,19.7508516,19.33757344,19.3664068,686100,13912790.0,0.463100
2023-11-17,19.2702956,19.61629592,19.2702956,19.58746256,558100,11314664.0,0.376700
2023-11-20,19.59707368,20.02957408,19.52979584,19.97190736,797800,16453071.0,0.538500
2023-11-21,20.07762968,20.15451864,19.702796,19.77968496,872800,18124432.0,0.589100
2023-11-22,19.77968496,20.01035184,19.68357376,19.68357376,673600,13882089.0,0.454600
2023-11-23,19.68357376,20.01035184,19.56824032,19.93346288,491400,10166898.0,0.331700
2023-11-24,19.93346288,20.01035184,19.47212912,19.69318488,658400,13472121.0,0.444400
2023-11-27,19.8469628,19.85657392,19.42407352,19.77007384,759100,15542241.0,0.512400
2023-11-28,19.78929608,19.943074,19.53940696,19.81812944,482000,9932396.0,0.325300
2023-11-29,19.85657392,20.1352964,19.77007384,19.87579616,585100,12124150.0,0.394900
2023-11-30,19.86618504,20.7600192,19.68357376,19.8950184,837700,17314332.0,0.565400
2023-12-01,19.92385176,19.9911296,19.22224,19.62590704,862300,17671974.0,0.582000
2023-12-04,19.702796,19.7508516,19.3183512,19.462518,655800,13321315.0,0.442600
2023-12-05,19.5105736,19.53940696,19.1741844,19.20301776,849739,17067203.44,0.573500
2023-12-06,19.21262888,21.12524176,19.1261288,19.9911296,4461400,94338938.0,3.011200
2023-12-07,19.98151848,20.2314076,19.50096248,19.5586292,3225620,66188232.65,2.177100
2023-12-08,19.58746256,21.07718616,19.13573992,20.49090784,4853800,101413116.0,3.276100
2023-12-11,20.3755744,21.39435312,20.07762968,21.384742,6690281,146208383.85,4.515600
2023-12-12,21.26940856,21.60579776,20.88496376,21.2886308,3844000,84659754.0,2.594500
2023-12-13,21.26940856,21.53851992,20.88496376,21.13485288,2542000,56008345.0,1.715700
2023-12-14,21.11563064,22.37468736,20.8080748,22.09596488,4171800,93616568.0,2.815700
2023-12-15,22.2016872,22.2016872,21.144464,21.22135296,2999900,67420893.0,2.024800
2023-12-18,21.31746416,21.60579776,20.94263048,21.5289088,2434500,54012496.0,1.643200
2023-12-19,21.35590864,21.79802016,21.0002972,21.51929768,1956900,43527191.0,1.320800
2023-12-20,21.60579776,21.63463112,21.36551976,21.37513088,1344600,30054072.0,0.907500
2023-12-21,21.37513088,21.97102032,21.13485288,21.77879792,1700490,38307715.5,1.147700
2023-12-22,21.75957568,21.99024256,21.26940856,21.45201984,1390400,31218489.0,0.938400
2023-12-25,21.27901968,21.5769644,21.144464,21.4327976,1023300,22716061.0,0.690700
2023-12-26,21.46163096,21.46163096,20.8561304,21.13485288,1143700,25163190.0,0.771900
2023-12-27,21.13485288,21.34629752,20.8080748,20.97146384,656500,14339654.0,0.443100
2023-12-28,21.06757504,21.41357536,20.83690816,20.93301936,1347681,29655196.77,0.909600
2023-12-29,20.9522416,21.34629752,20.9522416,21.32707528,1028800,22701242.0,0.694400
2024-01-02,21.2405752,22.07674264,21.2405752,22.06713152,2944800,67062054.0,1.987600
2024-01-03,21.9133536,21.9133536,21.41357536,21.64424224,1667000,37449367.0,1.125100
2024-01-04,21.5769644,21.74996456,21.4327976,21.74035344,796100,17919657.1,0.537300
2024-01-05,21.79802016,21.79802016,20.9522416,21.11563064,1139600,25308270.0,0.769200
2024-01-08,20.99068608,21.4327976,20.97146384,21.06757504,744500,16421149.0,0.502500
2024-01-09,21.06757504,21.5289088,20.96185272,21.144464,738000,16289480.0,0.498100
2024-01-10,21.31746416,21.384742,20.79846368,21.10601952,803400,17631754.0,0.542300
2024-01-11,21.15407512,21.5289088,21.05796392,21.5289088,877900,19514827.0,0.592500
2024-01-12,21.5289088,21.99985368,21.50968656,21.58657552,1006900,22808091.0,0.679600
2024-01-15,21.69229784,21.80763128,21.4808532,21.54813104,640200,14426584.0,0.432100
2024-01-16,21.47124208,21.64424224,21.0964084,21.47124208,767300,17019189.0,0.517900
2024-01-17,21.37513088,21.89413136,20.86574152,20.86574152,1143600,25526817.0,0.771900
2024-01-18,20.83690816,20.83690816,19.91424064,20.4716856,1545200,32663075.0,1.042900
2024-01-19,20.4716856,20.6158524,20.06801856,20.10646304,688300,14530333.0,0.464600
2024-01-22,20.10646304,20.2314076,18.34762808,18.94351752,1553100,31200108.0,1.048300
2024-01-23,18.67440616,18.89546192,18.10735008,18.53023936,1110171,21280813.33,0.749300
2024-01-24,18.58790608,18.84740632,17.780572,18.53985048,1275500,24333726.0,0.860900
2024-01-25,18.53985048,19.4144624,18.23229464,19.3664068,1242600,24491828.0,0.838700
2024-01-26,19.3183512,19.59707368,19.08768432,19.22224,865100,17381188.0,0.583900
2024-01-29,19.3183512,19.3183512,18.6455728,18.741684,701700,13785730.0,0.473600
2024-01-30,18.46296152,18.77051736,17.8766832,18.13618344,644100,12284199.0,0.434700
2024-01-31,18.37646144,18.37646144,16.52151528,16.73295992,1355000,24235312.0,0.914600
2024-02-01,16.55995976,16.59840424,15.65651448,16.26201504,1182700,19857601.0,0.798300
2024-02-02,16.26201504,16.58879312,14.82995816,15.858348,1068100,17436549.0,0.720900
2024-02-05,15.3297364,15.35856976,14.2725132,14.6089024,1627500,24735166.0,1.098500
2024-02-06,14.11873528,15.62768112,13.6477904,15.137514,1129400,17160148.0,0.762300
2024-02-07,15.89679248,15.89679248,14.2244576,14.897236,1257000,19328851.52,0.848400
2024-02-08,14.897236,15.858348,14.41668,15.858348,965587,15403279.49,0.651700
2024-02-19,15.858348,16.95401568,15.7622368,16.75218216,1081787,18682501.43,0.730100
2024-02-20,16.82907112,16.82907112,16.338904,16.54073752,479581,8244855.86,0.323700
2024-02-21,16.46384856,16.89634896,16.1466816,16.51190416,691200,12000505.72,0.466500
2024-02-22,16.59840424,16.71373768,16.36773736,16.61762648,643881,11051279.87,0.434600
2024-02-23,16.66568208,16.85790448,16.41579296,16.74257104,787900,13652364.0,0.531800
2024-02-26,16.7233488,17.22312704,16.6752932,16.94440456,964500,17023146.0,0.651000
2024-02-27,16.98284904,17.300016,16.63684872,17.300016,872000,15573512.0,0.588600
2024-02-28,17.36729384,17.89590544,16.0505704,16.12745936,1494100,26523026.0,1.008400
2024-02-29,15.94484808,16.60801536,15.89679248,16.59840424,876000,14910244.0,0.591300
2024-03-01,16.59840424,17.06934912,16.44462632,16.87712672,859400,14988880.0,0.580000
2024-03-04,16.75218216,17.1558492,16.54073752,16.93479344,695800,12148063.0,0.469600
2024-03-05,16.93479344,16.93479344,16.22357056,16.25240392,1060400,18164031.0,0.715700
2024-03-06,16.1466816,16.89634896,16.1466816,16.64645984,806300,13901492.0,0.544200
2024-03-07,16.6752932,17.52107176,16.52151528,17.00207128,1894500,33495540.0,1.278700
2024-03-08,16.85790448,17.00207128,16.3869596,16.78101552,1046700,18176141.0,0.706500
2024-03-11,16.78101552,18.22268352,16.6752932,17.3961272,1850300,33377807.0,1.248900
2024-03-12,17.26157152,17.8286276,17.1077936,17.57873848,1645500,29972306.0,1.110600
2024-03-13,17.55951624,17.8766832,17.4922384,17.57873848,1112700,20419351.0,0.751000
2024-03-14,17.51146064,17.7325164,17.22312704,17.42496056,1188200,21551067.0,0.802000
2024-03-15,17.41534944,17.54990512,17.22312704,17.45379392,795600,14358863.0,0.537000
2024-03-18,17.47301616,17.66523856,17.4441828,17.66523856,1062400,19404208.0,0.717100
2024-03-19,17.60757184,17.94396104,17.56912736,17.6364052,1187000,21897188.0,0.801200
2024-03-20,17.6364052,17.79018312,17.41534944,17.79018312,880370,16150640.8,0.594200
2024-03-21,17.80940536,17.8766832,17.62679408,17.76134976,812200,15010432.0,0.548200
2024-03-22,17.50184952,17.81901648,17.1558492,17.26157152,1270800,22906424.0,0.857700
2024-03-25,17.18468256,17.2039048,16.28123728,16.37734848,1995100,34741888.73,1.346600
2024-03-26,16.31007064,16.52151528,15.75262568,16.06018152,1512187,25375030.79,1.020600
2024-03-27,16.04095928,16.2908484,15.72379232,15.858348,1374700,22821727.0,0.927800
2024-03-28,15.74301456,16.2427928,15.74301456,15.9544592,997100,16623949.0,0.673000
2024-03-29,16.0025148,16.11784824,15.89679248,16.07940376,761300,12688470.0,0.513800
2024-04-01,16.31968176,16.6752932,16.30045952,16.6272376,1393500,23948058.0,0.940500
2024-04-02,16.579182,16.85790448,16.44462632,16.61762648,803000,13864157.0,0.542000
2024-04-03,16.61762648,16.68490432,16.30045952,16.5311264,681400,11660732.0,0.459900
2024-04-08,16.54073752,16.6272376,16.12745936,16.12745936,863600,14628029.0,0.582900
2024-04-09,16.01212592,16.58879312,16.01212592,16.47345968,882000,15055833.0,0.595300
2024-04-10,16.47345968,16.4830708,16.0505704,16.16590384,725800,12237143.0,0.489900
2024-04-11,16.16590384,17.780572,16.02173704,17.780572,1885900,34306189.0,1.272900
2024-04-12,18.79935072,19.5586292,17.43457168,17.55951624,9026700,176931191.2,6.092500
2024-04-15,17.059738,17.29040488,16.338904,16.89634896,5737910,100437956.1,3.872800
2024-04-16,16.35812624,16.47345968,15.20479184,15.20479184,2539100,40598200.0,1.713800
2024-04-17,15.07023616,16.13707048,14.897236,15.77184792,4034175,65705557.25,2.722900
2024-04-18,15.72379232,15.9544592,15.377792,15.68534784,2759400,45135002.0,1.862400
2024-04-19,15.57962552,15.63729224,15.0894584,15.2816808,1579100,25121532.0,1.065800
2024-04-22,15.1855696,15.31051416,14.7050136,15.12790288,891200,13959091.0,0.601500
2024-04-23,15.5700144,15.74301456,15.24323632,15.36818088,1164532,18706007.72,0.786000
2024-04-24,15.51234768,15.54118104,15.1855696,15.39701424,1168500,18753044.0,0.788700
2024-04-25,15.35856976,16.4350152,15.20479184,16.0505704,2386300,39318278.0,1.610600
2024-04-26,15.858348,16.4350152,15.63729224,16.098626,2637600,44073628.0,1.780200
2024-04-29,16.16590384,16.81946,16.03134816,16.49268192,2545400,43471062.0,1.718000
2024-04-30,16.49268192,16.5311264,16.0505704,16.1947372,1408100,23808909.0,0.950400
2024-05-06,16.44462632,16.81946,16.338904,16.55995976,1625600,27993342.0,1.097200
2024-05-07,16.70412656,16.74257104,16.4350152,16.6272376,1194900,20631749.0,0.806500
2024-05-08,16.63684872,16.79062664,16.4830708,16.63684872,1485000,25693622.0,1.002300
2024-05-09,16.63684872,16.87712672,16.61762648,16.83868224,1273300,22265268.0,0.859400
2024-05-10,16.83868224,17.46340504,16.64645984,17.33846048,2571100,45889060.0,1.735400
2024-05-13,17.38651608,17.780572,16.8675156,17.31923824,2228800,40351091.0,1.504300
2024-05-14,17.17507144,17.62679408,17.1077936,17.300016,1473900,26683183.0,0.994800
2024-05-15,17.31923824,17.780572,17.18468256,17.26157152,1728500,31408793.0,1.166600
2024-05-16,17.2039048,17.35768272,16.7233488,16.79062664,1703600,29924619.0,1.149800
2024-05-17,16.8675156,16.93479344,16.5311264,16.89634896,999000,17451864.0,0.674300
2024-05-20,16.88673784,17.059738,16.73295992,16.79062664,832600,14627553.0,0.562000
2024-05-21,16.7233488,16.78101552,16.37734848,16.44462632,811100,13958296.0,0.547400
2024-05-22,16.45423744,16.71373768,16.41579296,16.52151528,864100,14882432.0,0.583200
2024-05-23,16.56957088,16.66568208,16.07940376,16.1466816,693700,11735159.0,0.468200
2024-05-24,16.098626,16.4830708,15.98329256,16.10823712,976000,16510479.0,0.658700
2024-05-27,16.0025148,17.72290528,16.0025148,17.72290528,2517900,45219566.0,1.699400
2024-05-28,17.5883496,17.95357216,17.12701584,17.2039048,6714400,121792937.0,4.531900
2024-05-29,17.09818248,17.53068288,16.83868224,17.32884936,4094000,73602739.0,2.763200
2024-05-30,17.29040488,17.55951624,16.9636268,17.2039048,3020945,54267005.95,2.039000
2024-05-31,17.21351592,17.54990512,16.94440456,17.51146064,3184845,57370192.7,2.149600
2024-06-03,17.3480716,17.38651608,16.64645984,16.75218216,2505600,44420683.0,1.691100
2024-06-04,16.03134816,16.71373768,15.74301456,16.6752932,2616900,44166901.0,1.766300
2024-06-05,16.4350152,16.44462632,16.06979264,16.07940376,1519600,25617169.0,1.025600
2024-06-06,16.26201504,16.26201504,15.0894584,15.2336252,2045400,32830291.0,1.380500
2024-06-07,15.51900468,15.6469356,15.23362032,15.58789056,1153400,18095688.0,0.778500
2024-06-11,15.51900468,15.6469356,15.02696268,15.63709476,1185100,18493582.0,0.799900
2024-06-12,15.3517104,15.8929566,15.3517104,15.8929566,774100,12412287.0,0.522500
2024-06-13,15.8929566,16.17834096,15.71582148,15.98152416,869400,14148776.0,0.586800
2024-06-14,16.06025088,16.4342028,15.8437524,16.20786348,1017300,16750680.0,0.686600
2024-06-17,16.15865928,16.50308868,15.9421608,15.9421608,1062500,17425927.0,0.717100
2024-06-18,16.00120584,16.1389776,15.83391156,16.1389776,947800,15424564.0,0.639700
2024-06-19,16.1389776,16.20786348,15.85359324,15.96184248,643500,10457993.0,0.434300
2024-06-20,15.92247912,16.00120584,15.57804972,15.58789056,798100,12773946.0,0.538700
2024-06-21,15.65677644,15.65677644,15.33202872,15.45995964,692200,10878649.0,0.467200
2024-06-24,15.28282452,15.29266536,14.42667144,14.47587564,1310500,19704564.0,0.884500
2024-06-25,14.54476152,14.89903176,14.54476152,14.75141916,827900,12400479.0,0.558800
2024-06-26,14.75141916,15.36155124,14.65301076,15.34186956,770200,11780231.0,0.519800
2024-06-27,15.27298368,15.44027796,14.91871344,14.9580768,916300,14119707.0,0.618500
2024-06-28,15.03680352,15.52884552,14.92855428,15.21393864,835000,12978398.0,0.563600
2024-07-01,15.21393864,15.57804972,15.21393864,15.34186956,862400,13454337.0,0.582100
2024-07-02,15.28282452,15.60757224,15.16473444,15.46980048,818500,12822778.0,0.552400
2024-07-03,15.48948216,15.6469356,14.97775848,15.13521192,793200,12232217.0,0.535400
2024-07-04,15.06632604,15.253302,14.67269244,14.78094168,641100,9732604.0,0.432700
2024-07-05,14.64316992,14.92855428,14.59396572,14.83998672,478100,7178986.0,0.322700
2024-07-08,14.79078252,14.9088726,14.54476152,14.58412488,631400,9411521.0,0.426200
2024-07-09,14.37746724,14.75141916,14.0724012,14.64316992,1006100,14799618.0,0.679100
2024-07-10,14.72189664,14.72189664,14.47587564,14.50539816,484200,7181890.0,0.326800
2024-07-11,14.75141916,14.96791764,14.65301076,14.88919092,806500,12190182.0,0.544300
2024-07-12,14.88919092,14.96791764,14.6628516,14.74157832,679800,10230550.0,0.458800
2024-07-15,14.7120558,14.75141916,14.44635312,14.58412488,561400,8301814.0,0.378900
2024-07-16,14.86950924,14.86950924,14.20033212,14.3676264,588900,8619737.0,0.397500
2024-07-17,14.4168306,14.42667144,13.96415196,13.98383364,889100,12728310.0,0.600100
2024-07-18,13.98383364,14.0724012,13.60988172,13.9739928,850100,11940677.0,0.573800
2024-07-19,13.66892676,14.14128708,13.65908592,13.99367448,592700,8416602.0,0.400000
2024-07-22,14.2200138,14.2200138,13.93462944,14.08224204,667200,9548931.0,0.450300
2024-07-23,14.24953632,14.4660348,14.05271952,14.06256036,882200,12817659.0,0.595400
2024-07-24,14.00351532,14.13144624,13.70829012,13.8755844,667200,9424056.0,0.450300
2024-07-25,14.01335616,14.3184222,13.80669852,14.23969548,837792,12046315.88,0.565500
2024-07-26,14.23969548,14.57428404,14.20033212,14.48571648,747400,10989890.0,0.504500
2024-07-29,14.4168306,14.57428404,14.32826304,14.44635312,614000,9026519.0,0.414400
2024-07-30,14.24953632,14.4660348,14.16096876,14.28889968,560300,8150494.0,0.378200
2024-07-31,14.28889968,14.62348824,14.28889968,14.57428404,771600,11373464.0,0.520800
2024-08-01,14.60380656,14.7120558,14.57428404,14.63332908,599100,8913512.0,0.404400
2024-08-02,14.84982756,14.87935008,14.49555732,14.50539816,630800,9372806.0,0.425800
2024-08-05,14.3676264,14.83998672,14.2200138,14.42667144,985200,14601623.0,0.665000
2024-08-06,14.42667144,14.70221496,14.42667144,14.59396572,865100,12802834.0,0.583900
2024-08-07,14.53492068,14.9580768,14.515239,14.82030504,991300,14927500.0,0.669100
2024-08-08,14.82030504,14.82030504,14.48571648,14.6628516,655100,9728080.0,0.442200
2024-08-09,14.76126,14.78094168,14.47587564,14.47587564,632600,9404886.0,0.427000
2024-08-12,14.7120558,14.7120558,14.28889968,14.37746724,444600,6516313.0,0.300100
2024-08-13,14.53492068,14.6136474,14.32826304,14.49555732,370800,5448299.0,0.250300
2024-08-14,14.49555732,14.6628516,14.37746724,14.53492068,458300,6751978.0,0.309300
2024-08-15,14.515239,14.68253328,14.45619396,14.5644432,507700,7515767.0,0.342700
2024-08-16,14.5644432,14.73173748,14.49555732,14.5644432,756900,11248507.0,0.510900
2024-08-19,14.58412488,14.63332908,14.4168306,14.58412488,500600,7387668.0,0.337900
2024-08-20,14.58412488,14.64316992,14.34794472,14.42667144,515200,7567963.0,0.347700
2024-08-21,14.33810388,14.5644432,14.269218,14.4660348,405000,5943895.0,0.273400
2024-08-22,14.4660348,14.6136474,14.3184222,14.59396572,644580,9500865.0,0.435100
2024-08-23,14.59396572,14.91871344,13.94447028,14.1708096,997780,14390191.8,0.673400
2024-08-26,13.9739928,14.43651228,13.9739928,14.21017296,942500,13621086.0,0.636100
2024-08-27,14.20033212,14.33810388,13.93462944,13.9739928,589200,8398921.0,0.397700
2024-08-28,13.95431112,14.23969548,13.8755844,14.09208288,609192,8715793.44,0.411200
2024-08-29,14.08224204,14.4168306,13.96415196,14.30858136,725600,10501970.0,0.489700
2024-08-30,14.30858136,14.62348824,14.23969548,14.4660348,941300,13887185.0,0.635300
2024-09-02,14.4660348,14.58412488,14.34794472,14.40698976,669000,9841117.0,0.451500
2024-09-03,14.37746724,14.64316992,14.3184222,14.40698976,494300,7264652.0,0.333600
2024-09-04,14.40698976,14.54476152,14.2200138,14.33810388,543300,7935150.0,0.366700
2024-09-05,14.30858136,14.47587564,14.29874052,14.3676264,461500,6743417.0,0.311500
2024-09-06,14.44635312,14.44635312,13.8755844,13.8755844,912100,13037236.0,0.615600
2024-09-09,13.88542524,14.60380656,13.6295634,14.28889968,1849786,26427050.86,1.248500
2024-09-10,14.15112792,14.19049128,13.777176,14.0724012,1450800,20591890.0,0.979200
2024-09-11,14.0724012,14.30858136,13.93462944,14.21017296,808800,11639739.0,0.545900
2024-09-12,15.62725392,15.62725392,15.62725392,15.62725392,2709800,43031624.0,1.829000
2024-09-13,17.19194748,17.19194748,16.237386,17.19194748,7308152,127020032.44,4.932600
2024-09-18,16.9262448,16.9262448,15.46980048,16.07009172,9660452,157103942.44,6.520300
2024-09-19,15.72566232,16.9262448,15.28282452,16.3849986,7963152,129789696.7,5.374700
2024-09-20,16.42436196,16.69990548,15.80438904,15.98152416,5160186,84307690.06,3.482800
2024-09-23,15.65677644,17.57574024,15.5977314,17.57574024,8458596,144281827.76,5.709100
2024-09-24,17.35924176,19.189638,16.99513068,18.04810056,10852000,198953387.0,7.324500
2024-09-25,17.69383032,19.26836472,17.43796848,18.33348492,8654114,160644924.2,5.841100
2024-09-26,18.68775516,20.16388116,18.04810056,19.98674604,12344000,244585782.62,8.331500
2024-09-27,19.51438572,19.8784968,18.77632272,19.83913344,7104300,139617192.0,4.795000
2024-09-30,19.83913344,21.649848,19.29788724,21.24637356,10518320,218815929.0,7.099300
2024-10-08,22.95867972,23.13581484,21.3546228,22.3387068,8740600,197040798.0,5.899400
2024-10-09,21.64000716,23.69674272,21.22669188,22.89963468,8101714,186548122.2,5.468200
2024-10-10,23.20470072,24.56273664,22.05332244,22.3387068,6392300,149983682.04,4.314500
2024-10-11,22.3387068,24.57257748,21.8466648,24.4052832,11546000,283389535.0,7.792900
2024-10-14,25.20239124,26.84581152,24.28719312,26.84581152,10573375,275398125.25,7.136500
2024-10-15,26.7670848,29.53236084,26.4718596,29.53236084,9712514,284627815.54,6.555400
2024-10-16,29.49299748,31.490688,27.12135504,27.7511688,11204189,323296960.38,7.562200
2024-10-17,27.85941804,29.13872724,27.1115142,28.6368444,8384289,239955869.06,5.658900
2024-10-18,27.4559436,28.43018676,26.87533404,27.5051478,9871934,274955154.6,6.663000
2024-10-21,27.12135504,29.74885932,27.0131058,29.14856808,8763014,256008583.0,5.914600
2024-10-22,28.54827684,32.06145672,28.1448024,31.1462586,9425600,292481565.0,6.361800
2024-10-23,31.0970544,34.26580488,30.51644484,34.26580488,7982875,270189647.5,5.388000
2024-10-24,33.1636308,34.01978388,31.490688,32.228751,8242889,271478736.69,5.563500
2024-10-25,33.458856,35.45654652,33.0652224,35.45654652,8510900,300271401.0,5.744400
2024-10-28,35.919066,38.95988556,34.44294,37.9364382,13138914,491442792.92,8.868100
2024-10-29,35.919066,37.06060344,35.01370872,36.49967556,10014900,366394750.0,6.759500
2024-10-30,34.44294,34.67912016,32.84872392,32.84872392,8071600,274321988.24,5.447900
2024-10-31,31.98273,33.7540812,31.67766396,32.3763636,7805031,258577552.83,5.268000
2024-11-01,32.07129756,32.11066092,29.68981428,30.58533072,7550275,236418138.11,5.096000
2024-11-04,30.13265208,31.1462586,30.13265208,31.11673608,4197600,131313485.0,2.833200
2024-11-05,30.84119256,31.5890964,30.5558082,31.07737272,5039200,159599115.0,3.401200
2024-11-06,31.07737272,31.6875048,29.90631276,30.15233376,4713700,146330461.0,3.181500
2024-11-07,29.7193368,31.05769104,28.91238792,30.68373912,5109000,156531752.0,3.448300
2024-11-08,30.68373912,32.0811384,30.1621746,31.4414838,6010700,192253894.0,4.056900
2024-11-11,30.81167004,32.70111132,30.81167004,32.61254376,4553769,148609004.84,3.073500
2024-11-12,32.28779604,32.8192014,31.6383006,32.5239762,3611300,118326544.73,2.437400
2024-11-13,32.5239762,33.43917432,32.10082008,32.35668192,4041800,134180207.0,2.728000
2024-11-14,31.8843216,35.59431828,31.8843216,35.59431828,9241120,327319625.4,6.237300
2024-11-15,34.934982,35.36797896,32.95697316,34.32484992,7603700,263673825.0,5.132100
2024-11-18,33.93121632,33.93121632,30.89039676,30.89039676,2804200,90010160.0,1.892700
2024-11-19,28.75493448,29.68981428,27.83973636,29.030478,6670720,194061740.6,4.502400
2024-11-20,28.85334288,29.4241116,28.0955982,28.95175128,3998400,116058105.0,2.698700
2024-11-21,28.8336612,28.8336612,27.85941804,28.66636692,2707700,78282950.0,1.827600
2024-11-22,28.76477532,29.1288864,27.52482948,27.63307872,2954700,85093466.0,1.994300
2024-11-25,27.6527604,28.046394,26.5210638,27.63307872,3063500,84572467.0,2.067700
2024-11-26,27.6527604,29.7193368,27.56419284,28.12512072,3493117,102236986.37,2.357700
2024-11-27,27.73148712,28.69588944,27.5051478,28.67620776,2003800,57414108.0,1.352500
2024-11-28,28.3908234,29.3257032,28.1940066,28.3416192,1752100,50850027.0,1.182600
2024-11-29,28.35146004,28.80413868,27.9971898,28.32193752,1747700,50326024.0,1.179600
2024-12-02,28.22352912,29.3749074,27.9971898,29.05015968,2051300,60337654.0,1.384500
2024-12-03,28.87302456,30.28026468,28.87302456,29.36506656,2137000,63893697.0,1.442400
2024-12-04,29.16824976,29.97519864,28.9320696,29.1288864,1571100,46689226.0,1.060400
2024-12-05,28.94191044,30.03424368,28.94191044,29.5717242,1801000,54168031.0,1.215600
2024-12-06,29.60124672,30.9494418,29.60124672,30.3589914,2904500,89454300.0,1.960400
2024-12-09,31.08721356,33.30140256,30.72310248,32.05161588,4355310,142301270.8,2.939600
2024-12-10,32.28779604,32.79951972,31.65798228,32.28779604,2951973,97003421.93,1.992400
2024-12-11,31.98273,33.3604476,31.57925556,33.32108424,2644373,87175707.13,1.784800
2024-12-12,33.09474492,33.77376288,32.8684056,33.20299416,2645100,89525468.0,1.785300
2024-12-13,33.07506324,34.6397568,32.94713232,33.58678692,3041200,103756238.0,2.052600
2024-12-16,33.77376288,34.5905526,32.0811384,32.3271594,3125000,105467823.35,2.109200
2024-12-17,32.41572696,32.95697316,31.51036968,31.6875048,2239043,73015881.32,1.511200
2024-12-18,31.5890964,32.228751,31.0970544,32.15986512,1223600,39617140.0,0.825900
2024-12-19,31.8351174,32.45509032,31.5398922,32.23859184,1286900,41897641.0,0.868600
2024-12-20,32.20906932,33.63599112,32.11066092,33.3604476,1706035,57422996.45,1.151500
2024-12-23,33.38997012,33.58678692,31.5890964,31.6875048,1906300,62392441.0,1.286600
2024-12-24,31.84495824,32.6715888,31.8351174,32.60270292,1359078,44735236.88,0.917300
2024-12-25,32.3763636,35.86002096,32.28779604,35.86002096,4851815,172743429.6,3.274700
2024-12-26,36.411108,38.06436912,34.85625528,38.0348466,5774245,215928308.3,3.897300
2024-12-27,37.60184964,38.35959432,36.88346832,38.06436912,3401502,130645225.4,2.295800
2024-12-30,37.9856424,38.85163632,37.27710192,38.11357332,2838000,109852293.13,1.915500
2024-12-31,38.12341416,38.5760928,36.69649236,36.7063332,2289400,86769345.0,1.545200
2025-01-02,36.5587206,37.75930308,36.2142912,36.8539458,2444000,91755240.85,1.649600
2025-01-03,37.20821604,40.5442608,37.20821604,40.5442608,3714500,150454712.0,2.507100
2025-01-06,40.5442608,44.28378,38.871318,43.51619448,6938833,295351592.69,4.683300
2025-01-07,41.5283448,42.32545284,39.1665432,39.1665432,4819357,199551635.76,3.252800
2025-01-08,37.53296376,41.54802648,37.41487368,40.18014972,5967388,240265855.48,4.027700
2025-01-09,39.36336,41.1347112,37.96596072,39.19606572,4367088,174056069.8,2.947500
2025-01-10,38.9697264,40.1506272,38.379276,39.07797564,3152988,126273730.2,2.128100
2025-01-13,38.38911684,38.38911684,35.17116216,35.60415912,5192113,189044061.88,3.504400
2025-01-14,35.43686484,37.7396214,35.43686484,37.51328208,3603235,134353091.1,2.432000
2025-01-15,37.51328208,38.38911684,36.88346832,37.0999668,2315568,88294448.72,1.562900
2025-01-16,37.02124008,37.887234,36.67681068,37.56248628,2037143,77179814.79,1.375000
2025-01-17,37.17869352,37.4936004,36.07651944,36.56856144,2313700,85999374.0,1.561600
2025-01-20,36.40126716,39.1665432,36.40126716,38.2808676,3034100,117976760.0,2.047900
2025-01-21,38.2808676,39.0189306,37.96596072,38.133255,2094100,81675940.0,1.413400
2025-01-22,37.4936004,38.5760928,36.87362748,36.97203588,1647600,62448202.0,1.112000
2025-01-23,36.97203588,37.77898476,34.89561864,35.68288584,3203400,118077911.0,2.162100
2025-01-24,35.6238408,36.93267252,35.40734232,36.69649236,2390394,88721042.86,1.613400
2025-01-27,36.69649236,37.887234,35.78129424,35.8206576,1790200,66585826.0,1.208300
2025-02-05,35.83049844,36.6079248,32.966814,33.02585904,3006700,103158824.0,2.029400
2025-02-06,33.0652224,33.950898,32.0811384,33.94105716,2313827,78617759.81,1.561700
2025-02-07,33.94105716,35.71240836,33.94105716,34.67912016,2330100,82696980.0,1.572700
2025-02-10,34.44294,34.934982,34.1477148,34.79721024,1744100,61287105.0,1.177200
2025-02-11,34.934982,36.30285876,34.81689192,35.30893392,2458800,88515927.0,1.659600
2025-02-12,35.26957056,35.79113508,34.934982,35.45654652,1602500,57539346.0,1.081600
2025-02-13,35.43686484,36.2142912,34.18707816,34.30516824,2531300,90465037.0,1.708500
2025-02-14,34.21660068,34.80705108,34.03946556,34.4921442,1380200,48138471.0,0.931600
2025-02-17,34.196919,35.80097592,33.32108424,35.43686484,2576600,90842441.0,1.739100
2025-02-18,35.80097592,35.919066,34.12803312,34.36421328,1546200,54545869.0,1.043600
2025-02-19,34.13787396,34.7873694,34.0493064,34.44294,1426900,49790516.0,0.963100
2025-02-20,34.60039344,36.68665152,34.30516824,36.0174744,3418987,124046636.57,2.307600
2025-02-21,36.165087,36.34222212,35.17116216,36.19460952,2475139,90157333.52,1.670600
2025-02-24,35.65336332,35.74193088,34.5413484,34.688961,3057700,108383573.0,2.063800
2025-02-25,34.688961,35.11211712,33.950898,34.71848352,1380600,48709456.0,0.931800
2025-02-26,34.74800604,38.19230004,34.70864268,38.19230004,3953514,147967705.2,2.668400
2025-02-27,38.19230004,38.19230004,36.33238128,36.411108,4848514,181823183.24,3.272500
2025-02-28,36.411108,36.54887976,34.96450452,35.25972972,2697500,97998274.0,1.820700
2025-03-03,35.24004804,35.78129424,33.46869684,33.5572644,2879500,100945454.0,1.943500
2025-03-04,32.90776896,34.0493064,32.7699972,33.77376288,1460400,49792462.0,0.985700
2025-03-05,33.77376288,34.37405412,33.63599112,33.8524896,1336100,46106365.0,0.901800
2025-03-06,34.0493064,34.934982,34.00994304,34.06898808,1664100,58081074.0,1.123200
2025-03-07,34.27564572,34.27564572,32.00241168,32.31731856,3176800,106266930.0,2.144200
2025-03-10,32.05161588,32.46493116,31.490688,32.25827352,1903100,61780075.0,1.284500
2025-03-11,31.8843216,32.15986512,31.46116548,32.11066092,1387500,44863858.0,0.936500
2025-03-12,32.474772,32.87824644,32.0811384,32.34684108,1541900,50802695.0,1.040700
2025-03-13,32.3763636,32.46493116,31.59893724,32.43540864,1330200,43187845.0,0.897800
2025-03-14,32.7699972,32.7699972,31.97288916,32.3271594,1336300,43859293.0,0.901900
2025-03-17,32.07129756,32.3271594,30.29994636,30.79198836,3570543,111975186.32,2.409900
2025-03-18,30.9494418,32.1303426,30.72310248,32.09097924,3276043,105251890.2,2.211200
2025-03-19,31.8843216,32.02209336,30.998646,31.06753188,2219443,70631182.4,1.498000
2025-03-20,31.10689524,31.33323456,30.67389828,30.7034208,1426100,44734849.0,0.962500
2025-03-21,30.53612652,30.79198836,29.75870016,30.10312956,2035700,62231036.0,1.374000
2025-03-24,30.10312956,30.3589914,28.8336612,29.67997344,1789600,53741491.0,1.207900
2025-03-25,29.53236084,29.78822268,28.77461616,29.13872724,1562800,46353914.0,1.054800
2025-03-26,29.1780906,30.3097872,29.1780906,29.60124672,1764900,53455666.0,1.191200
2025-03-27,29.48315664,29.8177452,29.31586236,29.60124672,1351500,40562888.0,0.912200
2025-03-28,29.54220168,29.9653578,29.24697648,29.33554404,1347900,40459175.0,0.909800
2025-03-31,28.97143296,28.97143296,28.20384744,28.43018676,1573900,45491558.0,1.062300
2025-04-01,28.35146004,29.33554404,28.35146004,28.76477532,1357937,39857616.55,0.916500
2025-04-02,28.74509364,29.04031884,28.49907264,29.01079632,803500,23538610.0,0.542300
2025-04-03,28.77461616,29.09936388,28.01687148,28.32193752,1328400,38457803.0,0.896600
2025-04-07,26.1274302,27.13119588,25.4877756,25.4877756,928800,24267116.0,0.626900
2025-04-08,23.83451448,25.3893672,22.94883888,23.6672202,3555300,85307992.0,2.399600
2025-04-09,22.46663772,24.57257748,21.71873388,24.28719312,3207310,75514063.1,2.164800
2025-04-10,25.36968552,26.078226,24.48400992,25.91093172,2619000,68304062.0,1.767700
2025-04-11,25.55666148,26.33408784,25.46809392,26.08806684,1463800,38764380.0,0.988000
2025-04-14,26.20615692,26.99342412,25.9798176,26.08806684,2177900,58701626.0,1.470000
2025-04-15,26.01918096,26.18647524,25.32048132,25.586184,1943800,50485200.0,1.312000
2025-04-16,25.77315996,25.77315996,24.61194084,25.21223208,1182400,30252567.0,0.798100
2025-04-17,25.00557444,25.6845924,25.00557444,25.340163,1330100,34400260.0,0.897700
2025-04-18,25.32048132,25.60586568,24.87764352,25.5369798,1180800,30266019.0,0.797000
2025-04-21,25.32048132,25.67475156,25.15318704,25.56650232,1245000,32311617.0,0.840300
2025-04-22,25.4877756,26.13727104,25.20239124,25.26143628,1370900,35656257.0,0.925300
2025-04-23,25.52713896,26.3734512,25.52713896,26.2258386,2374900,62880649.0,1.602900
2025-04-24,25.92077256,26.31440616,25.39920804,26.06838516,1577900,41548259.0,1.065000
2025-04-25,25.9306134,27.63307872,25.61570652,26.63915388,2991600,81512375.0,2.019200
2025-04-28,26.51122296,26.7178806,25.56650232,25.57634316,2013800,52955986.0,1.359200
2025-04-29,25.51729812,26.7178806,25.37952636,26.24552028,1503700,40024048.0,1.014900
2025-04-30,26.570268,27.0131058,26.10774852,26.58010884,1125100,30567702.0,0.759400
2025-05-06,26.570268,27.23944512,26.4718596,27.23944512,1522600,41606258.0,1.027700
2025-05-07,27.38705772,28.1940066,27.32801268,28.12512072,2054200,57958772.0,1.386500
2025-05-08,27.9479856,28.41050508,27.86925888,28.01687148,1446800,41326093.0,0.976500
2025-05-09,28.01687148,28.15464324,27.37721688,27.56419284,1271700,35655088.0,0.858300
2025-05-12,27.73148712,29.18793144,27.73148712,28.31209668,2097800,60701019.0,1.415900
2025-05-13,28.54827684,29.38474824,28.20384744,28.77461616,2657300,77708039.0,1.793500
2025-05-14,28.64668524,28.91238792,28.1448024,28.3416192,1615900,46678356.0,1.090600
2025-05-15,27.9479856,29.4241116,27.77085048,28.61716272,3177968,92645315.0,2.145000
2025-05-16,28.36130088,29.10920472,28.26289248,28.32193752,1677500,48853202.0,1.132200
2025-05-19,29.9161536,31.15609944,28.84350204,31.15609944,4681600,143344760.0,3.159800
2025-05-20,30.998646,33.93121632,30.1621746,33.04554072,9688538,316876524.87,6.539200
2025-05-21,32.14018344,33.30140256,31.5890964,32.7699972,6437000,211031812.44,4.344600
2025-05-22,32.26811436,33.82296708,32.06145672,33.69503616,5834614,196606421.95,3.938000
2025-05-23,33.27188004,34.76768772,32.9176098,32.95697316,6016473,207522790.0,4.060800
2025-05-26,32.64206628,32.64206628,31.27418952,31.71702732,4092300,131932570.0,2.762100
2025-05-27,31.490688,31.8351174,31.07737272,31.490688,2688900,85860607.0,1.814900
2025-05-28,31.42180212,31.5398922,30.31962804,30.506604,3047900,95699630.0,2.057200
2025-05-29,30.52628568,31.490688,30.2113788,31.1954628,2593868,81480571.64,1.750700
2025-05-30,30.91007844,31.7859132,30.24090132,30.38851392,2407500,75618819.0,1.624900
2025-06-03,30.31962804,30.8018292,29.72917764,30.64437576,2030700,62605081.0,1.370600
2025-06-04,30.7034208,30.89039676,30.4081956,30.6050124,1373700,42685972.0,0.927200
2025-06-05,30.63453492,31.08721356,30.1129704,30.1129704,1980000,61292459.0,1.336400
2025-06-06,30.29010552,30.67389828,29.82758604,30.6050124,1418900,43701792.0,0.957700
2025-06-09,30.48692232,31.27418952,30.3097872,31.0970544,2068400,64724477.0,1.396100
2025-06-10,30.998646,31.08721356,29.43395244,30.14249292,2703400,82824463.0,1.824600
2025-06-11,30.014562,30.84119256,30.014562,30.57548988,1458100,45097864.0,0.984100
2025-06-12,30.44755896,30.58533072,30.03424368,30.09328872,1156900,35525685.0,0.780800
2025-06-13,30.09328872,30.13265208,29.2272948,29.4733158,1253300,37652206.0,0.845900
2025-06-16,29.2272948,29.69965512,28.87302456,29.48315664,905100,27112756.0,0.610900
2025-06-17,29.4241116,29.52252,28.91238792,29.06000052,1086200,32163518.0,0.733100
2025-06-18,29.06,29.5,28.68,29.39,929800,27026182.0,0.627600
2025-06-19,29.39,29.77,28.58,28.76,1213538,35394225.32,0.819100
2025-06-20,28.58,29.1,28.58,29.04,858000,24712236.0,0.579100
2025-06-23,28.6,29.39,28.51,29.04,1439500,41496862.0,0.971600
2025-06-24,29.04,29.7,28.91,29.57,1229400,36191248.0,0.829800
2025-06-25,29.6,30.14,29.48,29.85,1518000,45145765.0,1.024600
2025-06-26,29.8,30.07,29.48,29.55,1083600,32142338.0,0.731400
2025-06-27,29.63,29.94,29.08,29.79,1171600,34637827.0,0.790800
2025-06-30,29.6,29.76,29.0,29.73,1186000,35043346.0,0.800500
2025-07-01,29.72,31.13,29.31,30.57,2912100,88965628.0,1.965500
2025-07-02,30.35,30.57,29.34,29.52,1870100,55492289.0,1.262200
2025-07-03,29.66,30.17,29.49,29.55,1258700,37455286.0,0.849600
2025-07-04,29.41,29.55,28.94,29.03,1281200,37275664.0,0.864700
2025-07-07,28.86,29.28,28.86,29.14,933700,27093694.0,0.630200
2025-07-08,29.08,30.1,28.96,29.92,2095699,62042592.41,1.414500
2025-07-09,29.9,30.18,29.56,29.68,1159400,34652405.0,0.782500
2025-07-10,29.54,29.84,29.27,29.7,1032000,30502734.0,0.696500
2025-07-11,29.7,29.78,29.17,29.67,1016300,29906029.0,0.685900
2025-07-14,29.55,30.16,29.53,29.83,1179200,35273500.0,0.795900
2025-07-15,29.74,29.87,29.3,29.61,1056200,31145229.0,0.712900
2025-07-16,29.63,30.63,29.63,30.16,2089800,63009163.0,1.410500
2025-07-17,30.16,30.49,29.9,30.21,1362400,41048403.0,0.919500
2025-07-18,30.23,30.23,29.68,29.79,1417200,42256246.0,0.956500
2025-07-21,29.71,30.97,29.56,30.47,2915400,88043471.0,1.967700
2025-07-22,30.35,30.6,30.03,30.18,2115500,64023701.0,1.427800
2025-07-23,30.17,30.17,28.74,28.75,3718400,108808773.0,2.509700
2025-07-24,28.75,28.95,27.5,28.08,4552355,128683724.3,3.072600
2025-07-25,28.1,28.48,27.8,28.48,1873555,52901341.95,1.264500
2025-07-28,28.34,28.43,26.91,27.14,5370900,147654301.0,3.625100
2025-07-29,27.34,27.39,27.08,27.32,1747300,47589807.0,1.179300
2025-07-30,27.3,27.58,26.82,27.54,2564600,69592020.0,1.731000
2025-07-31,27.38,27.45,26.62,26.77,3106100,83699303.0,2.096400
2025-08-01,26.66,27.12,26.66,27.03,1329200,35846610.0,0.897100
2025-08-04,27.08,27.08,26.65,26.92,1293400,34811938.0,0.873000
2025-08-05,27.0,27.13,26.89,27.06,1288500,34814866.0,0.869700
2025-08-06,27.05,27.5,26.85,27.35,1794300,48911952.0,1.211100
2025-08-07,27.33,28.28,27.2,27.65,3368900,93614749.0,2.273800
2025-08-08,27.34,27.6,26.89,26.96,2837000,76962776.0,1.914800
2025-08-11,26.97,27.62,26.89,27.5,2393800,65353121.0,1.615700
2025-08-12,27.48,28.03,27.22,27.6,2555300,70794310.0,1.724700
2025-08-13,27.61,27.7,27.21,27.38,2044100,55950237.6,1.379700
2025-08-14,27.39,27.5,27.02,27.09,2272020,61847437.2,1.533500
2025-08-15,27.18,27.29,26.9,27.09,2421000,65461416.0,1.634000
2025-08-18,27.2,27.43,27.03,27.18,3213600,87442441.0,2.169000
2025-08-19,27.17,27.49,27.04,27.25,2480300,67625239.0,1.674100
2025-08-20,27.22,28.52,27.06,28.1,5611794,156761491.94,3.787700
2025-08-21,27.95,28.16,27.52,27.64,2608600,72385137.45,1.760700
2025-08-22,27.53,27.85,27.42,27.71,2036100,56156477.0,1.374300
2025-08-25,27.83,27.85,27.25,27.46,2937300,80688416.0,1.982500
2025-08-26,27.5,28.8,27.41,27.93,4860427,136967722.27,3.280500
2025-08-27,27.94,28.17,27.42,27.48,3413700,94743618.0,2.304100
2025-08-28,27.4,27.67,26.0,26.77,4536630,121316488.3,3.062000
2025-08-29,26.67,26.96,26.4,26.75,2029860,54240360.4,1.370000
2025-09-01,26.71,27.12,26.17,26.76,1980000,52868536.0,1.336400
2025-09-02,26.63,26.95,26.11,26.47,2051323,54003599.84,1.384500
2025-09-03,26.32,26.72,26.0,26.01,1645400,43134717.0,1.110600
2025-09-04,26.03,26.44,25.8,26.08,2315200,60582376.0,1.562600
2025-09-05,26.3,26.75,26.08,26.6,2163500,57367595.0,1.460200
2025-09-08,26.6,28.0,26.6,27.98,4652433,127770949.7,3.140100
2025-09-09,27.97,27.97,27.18,27.58,2501100,68852473.0,1.688100
2025-09-10,27.56,27.7,27.24,27.63,1874600,51476926.0,1.265300
2025-09-11,27.63,28.19,27.2,27.6,3504033,97143602.29,2.365000
2025-09-12,27.6,27.99,27.25,27.38,2638300,72724491.0,1.780700
2025-09-15,27.48,27.48,26.9,27.14,2185700,59222332.0,1.475200
2025-09-16,26.96,27.38,26.9,27.18,1741583,47270874.89,1.175500
2025-09-17,27.3,27.8,27.01,27.07,2262700,61717554.0,1.527200
2025-09-18,27.08,29.78,27.08,29.78,10741094,309567699.32,7.249700
2025-09-19,30.02,30.61,29.1,29.5,9062494,270380997.44,6.116700
2025-09-22,29.61,29.9,28.93,29.48,4112000,120623139.0,2.775400
2025-09-23,29.56,29.56,27.59,28.79,5016800,142539597.0,3.386100
2025-09-24,28.56,28.68,28.13,28.57,3022100,85862360.0,2.039800
2025-09-25,28.57,29.12,28.11,28.23,4204000,119987782.0,2.837500
2025-09-26,28.02,28.49,27.9,28.25,2419094,68367076.0,1.632800
2025-09-29,28.25,29.11,27.5,28.44,3824594,108316254.36,2.581400
2025-09-30,28.35,28.87,27.95,28.02,2653894,74991493.84,1.791200
2025-10-09,28.2,29.0,27.69,28.49,3719800,105760185.0,2.510700
2025-10-10,28.36,29.2,28.13,29.19,4329700,124897045.5,2.922300
2025-10-13,26.5,27.7,26.45,27.18,6077700,165136150.14,4.102100
2025-10-14,27.32,27.48,25.71,25.88,4789500,127057694.0,3.232700
2025-10-15,25.5,26.15,25.38,26.1,2546150,65553545.5,1.718500
2025-10-16,26.09,26.35,25.56,25.69,1872100,48407275.0,1.263600
2025-10-17,25.6,25.69,24.2,24.25,3411800,84762526.0,2.302800
2025-10-20,24.24,25.02,24.24,24.77,1980310,48881615.9,1.336600
2025-10-21,24.8,25.24,24.72,25.22,1408022,35265052.16,0.950300
2025-10-22,25.21,25.39,25.0,25.17,1070500,26987865.0,0.722500
2025-10-23,25.34,25.96,24.97,25.86,1908178,48808571.88,1.287900
2025-10-24,25.86,26.04,25.61,25.74,1306100,33646366.0,0.881500
2025-10-27,25.86,26.48,25.75,26.12,2052200,53433142.0,1.385100
2025-10-28,25.99,27.16,25.85,26.5,2958500,78774585.0,1.996800
2025-10-29,26.5,27.18,26.31,26.79,2571000,69103059.0,1.735300
2025-10-30,26.79,27.0,25.93,25.96,2269900,59523053.0,1.532100
2025-10-31,25.87,26.44,25.87,26.21,1234400,32426017.0,0.833200
2025-11-03,26.23,27.3,26.11,26.97,3095500,83049838.0,2.089300
2025-11-04,27.18,27.28,26.66,26.76,1538810,41367250.0,1.038600
2025-11-05,26.74,27.27,26.51,27.13,2310700,62360671.0,1.559600
2025-11-06,27.3,27.3,26.85,26.97,1696081,45884739.9,1.144800
2025-11-07,26.92,27.13,26.6,26.68,1525700,40907312.0,1.029800
2025-11-10,26.61,26.78,26.31,26.43,1577500,41767621.0,1.064700
2025-11-11,26.44,27.09,26.44,26.67,1424200,38212187.0,0.961300
2025-11-12,26.7,26.7,25.99,26.1,1584800,41583462.0,1.069700
2025-11-13,26.13,26.35,26.0,26.07,1173110,30683855.5,0.791800
2025-11-14,26.02,26.44,25.88,26.1,1318510,34406611.07,0.889900
2025-11-17,26.23,26.78,25.81,26.28,1513900,39719244.0,1.021800
2025-11-18,26.25,26.25,25.73,25.77,1319800,34192506.0,0.890800
2025-11-19,25.79,25.89,25.2,25.45,1504888,38368513.36,1.015700
2025-11-20,25.76,25.81,25.15,25.22,914907,23255213.43,0.617500
2025-11-21,25.1,25.65,24.6,24.74,1775700,44376626.0,1.198500
2025-11-24,24.8,25.12,24.61,24.96,1347600,33452943.0,0.909600
2025-11-25,25.01,25.44,24.92,25.04,1113800,28036863.0,0.751800
2025-11-26,25.08,25.2,24.7,24.74,1058100,26328435.0,0.714200
2025-11-27,24.76,25.74,24.69,25.19,1638100,41247925.0,1.105600
2025-11-28,25.18,26.88,24.86,26.62,4124500,108329908.0,2.783800
2025-12-01,26.62,27.15,26.5,26.77,3043100,81515212.0,2.053900
2025-12-02,26.77,26.8,26.42,26.56,1262400,33546447.0,0.852100
2025-12-03,26.71,26.84,26.42,26.45,985400,26120188.0,0.665100
2025-12-04,26.38,26.6,25.75,25.78,1449300,37699533.0,0.978200
2025-12-05,25.77,25.87,25.32,25.82,939300,24073333.0,0.634000
2025-12-08,25.92,26.17,25.52,26.02,1360200,35176197.0,0.918100
2025-12-09,25.89,26.46,25.89,26.07,1163300,30378882.0,0.785200
2025-12-10,26.02,26.55,25.92,26.36,1680600,44135167.0,1.134300
2025-12-11,26.5,26.93,26.13,26.58,2396800,63755797.0,1.617700
2025-12-12,26.58,27.88,26.39,27.05,5723600,156367172.0,3.863100
2025-12-15,27.1,27.15,26.45,26.68,2524120,67602531.4,1.703600
2025-12-16,26.5,27.45,26.35,26.9,2210511,59362070.91,1.492000
2025-12-17,26.66,26.91,26.06,26.6,2178500,57633909.0,1.470400
2025-12-18,26.59,27.29,26.44,26.97,1613000,43579340.0,1.088700
2025-12-19,26.98,27.17,26.88,27.04,1193000,32238097.0,0.805200
2025-12-22,27.0,27.18,26.8,27.1,1372000,37067377.0,0.926000
2025-12-23,26.92,27.82,26.88,27.23,2279600,62295843.0,1.538600
2025-12-24,27.23,27.84,27.2,27.58,2735000,75500301.0,1.846000
2025-12-25,27.56,28.97,27.31,28.7,6132100,174045155.0,4.138800
2025-12-26,28.7,29.27,28.51,28.8,4837000,139789518.0,3.264700
2025-12-29,28.95,29.59,28.52,29.31,4218800,123423044.0,2.847500
2025-12-30,29.59,30.0,29.0,29.22,3820900,112444220.0,2.578900
2025-12-31,29.2,30.5,28.62,30.12,4017353,118874388.48,2.711500
2026-01-05,30.12,31.1,29.84,30.09,3812968,116222578.64,2.573500
2026-01-06,30.25,30.5,29.81,30.2,2931200,88231696.0,1.978400
2026-01-07,30.0,31.45,29.98,30.91,3528520,108726200.2,2.381600
2026-01-08,30.91,30.97,30.38,30.6,2579200,79008283.0,1.740800
2026-01-09,30.35,31.4,30.1,30.28,3565900,109604157.56,2.406800
2026-01-12,30.48,30.55,29.66,30.34,3874968,117092695.48,2.615400
2026-01-13,30.28,30.8,29.45,30.57,3539487,107253623.1,2.389000
2026-01-14,30.43,31.45,30.36,30.98,3387100,104658269.0,2.286100
2026-01-15,30.68,31.68,30.48,31.39,2709000,84685246.0,1.828400
2026-01-16,31.57,31.98,30.97,31.33,2746639,86074980.66,1.853800
2026-01-19,31.44,31.44,30.58,30.81,2736100,84725534.0,1.846700
2026-01-20,30.6,31.81,30.6,31.15,3046100,95441372.0,2.056000
2026-01-21,31.13,33.27,30.8,32.63,3648400,117635111.0,2.462500
2026-01-22,32.56,32.6,31.78,31.88,2601700,83370471.0,1.756000
2026-01-23,31.86,32.85,31.69,32.49,2065300,66905610.0,1.394000
2026-01-26,32.49,33.37,32.0,32.61,2715600,89084281.0,1.832900
2026-01-27,32.65,32.65,31.28,31.7,2882700,91358357.0,1.945700
2026-01-28,31.57,32.13,31.28,31.46,1942200,61468986.0,1.310900
2026-01-29,31.36,31.9,30.82,30.96,1738300,54376049.0,1.173300
2026-01-30,30.96,31.39,30.44,31.21,1966500,60720018.0,1.327300
2026-02-02,31.14,31.95,31.0,31.13,2333913,73612197.5,1.575300
2026-02-03,31.13,31.85,30.85,31.8,1632200,51295454.0,1.101600
2026-02-04,31.78,31.88,31.1,31.33,2247500,70703125.0,1.516900
2026-02-05,31.05,33.84,30.8,33.27,5259900,170506094.0,3.550100
2026-02-06,33.33,35.98,33.29,35.5,6615586,228843047.54,4.465200
2026-02-09,35.51,36.0,34.78,35.42,5131900,181495640.0,3.463800
2026-02-10,35.42,35.98,34.6,34.7,3012700,105585799.0,2.033400
2026-02-11,34.7,34.8,33.62,33.76,2773500,94235576.0,1.872000
2026-02-12,34.0,34.43,33.44,33.79,2473626,83931761.34,1.669600
2026-02-13,34.0,34.15,33.21,33.44,1433900,48023905.2,0.967800
2026-02-24,33.83,34.0,33.02,33.4,2312213,77181630.42,1.560600
2026-02-25,33.36,34.11,32.78,33.74,3209486,107402436.08,2.166200
2026-02-26,33.59,33.98,33.32,33.75,1623000,54558639.0,1.095400
2026-02-27,33.6,34.75,33.15,34.5,2189500,74904766.0,1.477800
2026-03-02,33.98,34.22,32.1,32.17,4235713,138663753.46,2.858900
2026-03-03,32.25,32.66,30.8,30.88,3345200,105956570.0,2.257800
2026-03-04,30.86,31.47,30.0,31.07,2114786,65500831.5,1.427400
2026-03-05,32.5,32.57,31.39,31.51,1950000,62006368.0,1.316100
2026-03-06,31.05,34.18,31.05,33.16,3463300,114257765.0,2.337500
2026-03-09,32.5,33.12,32.08,32.85,2111600,68739438.0,1.425200
2026-03-10,33.3,34.09,32.92,33.85,1958100,66130935.0,1.321600
2026-03-11,33.85,34.51,33.47,33.53,2279381,77219688.85,1.538500
2026-03-12,33.37,33.58,32.23,32.34,1778600,58267104.0,1.200500
2026-03-13,32.37,32.66,31.75,31.93,1540100,49520571.0,1.039500
2026-03-16,32.86,32.86,31.38,31.99,2156000,68671862.0,1.455200
2026-03-17,31.36,32.13,31.3,31.48,2005200,63406526.0,1.353400
2026-03-18,31.82,34.63,31.25,34.63,4868962,162804908.62,3.286300
2026-03-19,34.69,37.0,34.29,35.98,8575541,308643174.9,5.788000
2026-03-20,35.95,36.37,34.97,35.07,5259181,186738128.67,3.549700
2026-03-23,34.68,38.58,34.49,38.58,10573320,395557257.9,7.136400
2026-03-24,39.15,39.98,37.95,39.69,9994394,387711883.8,6.745700
2026-03-25,39.3,39.4,37.88,38.79,7906311,303736554.42,5.336300
2026-03-26,38.41,42.65,38.08,41.0,9197800,369911759.28,6.208000
2026-03-27,39.16,42.61,39.16,40.93,6391207,260926220.08,4.313700
2026-03-30,40.0,45.02,39.18,45.02,7172032,307449423.03,4.840700
2026-03-31,45.6,48.97,44.0,48.13,9852651,459294151.88,6.650000
2026-04-01,47.65,50.9,44.42,47.52,11419200,549908044.0,7.707300
2026-04-02,46.74,52.27,46.41,51.1,13173174,662538366.29,8.891200
2026-04-03,50.5,52.0,45.99,45.99,9816674,472111908.54,6.625700
2026-04-07,45.63,45.92,42.68,43.52,9910665,438713120.85,6.689200
2026-04-08,43.5,44.28,41.02,42.61,9214070,393711546.6,6.219000
2026-04-09,42.76,43.34,41.7,42.16,6400388,271470811.59,4.319900
2026-04-10,42.1,43.0,41.7,42.54,5238100,222269914.0,3.535400
2026-04-13,42.0,43.25,41.88,42.85,4789800,203957400.0,3.232900
2026-04-14,43.19,43.87,42.27,43.86,5630300,242429549.0,3.800100
2026-04-15,43.86,48.25,43.5,46.16,10340085,474829997.9,6.979000
2026-04-16,46.16,47.76,45.23,47.53,7099985,328690067.55,4.792100
2026-04-17,47.24,51.21,47.2,49.81,7041700,351523633.97,4.752800
2026-04-20,50.2,51.16,49.01,50.21,5655000,283814330.0,3.816800
2026-04-21,50.01,55.23,50.0,55.23,4658402,251406049.46,3.144200
2026-04-22,55.0,58.88,53.91,53.93,14621305,819904517.96,9.868600
2026-04-23,53.87,55.18,51.77,52.76,8247613,438113031.63,5.566700
2026-04-24,52.01,58.04,52.01,58.04,3265602,184102571.08,2.204100
2026-04-27,61.17,61.36,56.46,58.86,11147000,650326542.0,7.523600
2026-04-28,58.86,59.76,57.4,59.09,6479987,379485761.88,4.373600
2026-04-29,58.5,60.56,58.5,59.88,5077401,302584172.03,3.427000
2026-04-30,58.5,60.86,54.13,54.94,9623800,544368227.0,6.495500
2026-05-06,56.04,56.04,52.18,53.04,6996527,372959000.07,4.722300
2026-05-07,52.51,56.68,52.15,55.72,6021207,330961385.04,4.064000
2026-05-08,55.34,55.68,53.93,54.01,3955794,216455204.56,2.669900
2026-05-11,54.01,54.16,52.17,52.56,4376600,232255099.0,2.954000
2026-05-12,52.74,52.74,50.5,51.43,4308191,220939824.35,2.907800
2026-05-13,51.61,52.6,51.05,51.14,3532042,182515656.36,2.383900
2026-05-14,51.14,56.25,50.37,56.25,5713911,302356636.75,3.856600
2026-05-15,55.0,56.25,50.85,51.9,7774656,412052925.24,5.247500
2026-05-18,51.55,52.08,48.1,48.7,5995480,294559617.4,4.046600
