date,open,high,low,close,volume,amount,turnover
2020-01-02,8.8852436,9.3969592,8.67125344,9.17366512,17609058,171859903.0000,6.692400
2020-01-03,9.03410632,9.20157688,8.8852436,9.13644944,12118922,117644433.0000,4.605900
2020-01-06,9.1178416,9.769116,9.08992984,9.31322392,17860114,180043914.0000,6.787800
2020-01-07,9.43417488,9.75981208,9.1178416,9.37835136,13316771,133180948.0000,5.061100
2020-01-08,9.30392,9.85285128,9.071322,9.52721408,17549546,179322816.0000,6.669800
2020-01-09,9.6295572,9.75981208,9.2574004,9.3504396,13149440,133671727.0000,4.997500
2020-01-10,9.30392,9.3504396,8.838724,8.9317632,10936436,106105768.0000,4.156400
2020-01-13,8.9317632,9.08992984,8.8852436,9.0248024,5881306,56837290.0000,2.235200
2020-01-14,9.04341024,9.08062592,8.89454752,8.95037104,5431981,52393064.0000,2.064500
2020-01-15,8.98758672,8.99689064,8.70846912,8.86663576,5343333,50692719.0000,2.030800
2020-01-16,8.84802792,9.12714552,8.81081224,8.9317632,6902325,66751531.0000,2.623300
2020-01-17,8.838724,9.0248024,8.7922044,8.80150832,4378049,41842590.0000,1.663900
2020-01-20,8.84802792,9.04341024,8.7922044,9.0248024,5006806,48096221.0000,1.902900
2020-01-21,9.0248024,9.071322,8.50378288,8.54099856,5972278,55874198.0000,2.269800
2020-01-22,8.41074368,8.68986128,8.41074368,8.606126,3379460,31165805.0000,1.284400
2020-01-23,8.59682208,8.72707696,8.01997904,8.15953784,5422031,48447549.0000,2.060700
2020-02-03,7.34079288,7.34079288,7.34079288,7.34079288,1032300,8144847.0000,0.392300
2020-02-04,6.86629296,7.57339088,6.86629296,7.36870464,5788892,45712236.0000,2.200100
2020-02-05,7.4896556,7.75016536,7.3966164,7.57339088,5905234,48260842.0000,2.244300
2020-02-06,7.46174384,7.65712616,7.3966164,7.56408696,5162504,41846042.0000,1.962000
2020-02-07,7.46174384,7.59199872,7.45243992,7.5826948,3978517,32179207.0000,1.512100
2020-02-10,7.50826344,7.85250848,7.50826344,7.8152928,5003854,41562852.0000,1.901700
2020-02-11,7.77807712,7.92693984,7.71294968,7.75016536,4933486,41352478.0000,1.875000
2020-02-12,7.7222536,7.87111632,7.68503792,7.8618124,3956723,33227868.0000,1.503800
2020-02-13,7.8152928,7.94554768,7.70364576,7.7222536,4427620,37160682.0000,1.682700
2020-02-14,7.73155752,7.88972416,7.675734,7.75946928,3473810,29011814.0000,1.320200
2020-02-17,7.77807712,8.53169464,7.77807712,8.53169464,9330116,82301577.0000,3.546000
2020-02-18,8.5596064,8.94106712,8.47587112,8.68986128,14816588,138546573.0000,5.631100
2020-02-19,8.66194952,8.92245928,8.44795936,8.59682208,9411940,87886007.0000,3.577100
2020-02-20,8.6526456,9.15505728,8.63403776,8.89454752,11453427,109363735.0000,4.352900
2020-02-21,8.7922044,8.9782828,8.7456848,8.87593968,9338459,88444404.0000,3.549100
2020-02-24,8.80150832,8.9317632,8.56891032,8.838724,9199241,86361941.0000,3.496200
2020-02-25,8.56891032,8.75498872,8.22466528,8.75498872,7728735,71150993.0000,2.937300
2020-02-26,8.58751816,8.81081224,8.53169464,8.5596064,6201510,57800683.0000,2.356900
2020-02-27,8.63403776,8.89454752,8.55030248,8.70846912,7748869,72728214.0000,2.945000
2020-02-28,8.40143976,8.42935152,7.908332,7.96415552,7866380,69228878.0000,2.989700
2020-03-02,7.98276336,8.33631232,7.94554768,8.31770448,5047997,44561507.0000,1.918500
2020-03-03,8.42935152,8.606126,8.21536136,8.373528,5410266,49109809.0000,2.056200
2020-03-04,8.61542992,8.96897888,8.606126,8.89454752,11624555,109385775.0000,4.418000
2020-03-05,8.91315536,9.22018472,8.68055736,9.13644944,14729050,142671518.0000,5.597800
2020-03-06,8.76429264,8.87593968,8.6991652,8.70846912,9895937,93349759.0000,3.761000
2020-03-09,8.5130868,8.53169464,8.16884176,8.20605744,7445292,66868890.0000,2.829600
2020-03-10,8.10371432,8.4200476,7.91763592,8.4200476,4829062,42488926.0000,1.835300
2020-03-11,8.373528,8.47587112,8.19675352,8.25257704,4829020,43370652.0000,1.835300
2020-03-12,8.11301824,8.25257704,8.0013712,8.11301824,3088199,26936498.0000,1.173700
2020-03-13,7.7222536,8.01997904,7.61060656,7.92693984,3919508,32956720.0000,1.489600
2020-03-16,8.0478908,8.07580256,7.52687128,7.59199872,3377121,28362352.0000,1.283500
2020-03-17,7.61060656,7.70364576,7.0709792,7.52687128,2945420,23593227.0000,1.119400
2020-03-18,7.59199872,7.66643008,7.31288112,7.31288112,2544687,20589388.0000,0.967100
2020-03-19,7.3966164,7.52687128,7.31288112,7.4896556,2627040,20944568.0000,0.998400
2020-03-20,7.5826948,7.64782224,7.47104776,7.60130264,1964700,15989940.0000,0.746700
2020-03-23,7.36870464,7.54547912,7.3500968,7.35940072,1830997,14627615.0000,0.695900
2020-03-24,7.52687128,7.61991048,7.42452816,7.60130264,1915977,15478546.0000,0.728200
2020-03-25,7.69434184,7.77807712,7.675734,7.70364576,2544450,21102740.0000,0.967000
2020-03-26,7.66643008,7.70364576,7.52687128,7.61060656,1919677,15748745.0000,0.729600
2020-03-27,7.73155752,7.73155752,7.5361752,7.56408696,1227650,10088662.0000,0.466600
2020-03-30,7.5361752,7.5361752,7.34079288,7.41522424,1667820,13270200.0000,0.633900
2020-03-31,7.57339088,7.57339088,7.41522424,7.43383208,1261700,10119462.0000,0.479500
2020-04-01,7.3966164,7.75946928,7.36870464,7.70364576,3287233,27047520.0000,1.249300
2020-04-02,7.68503792,7.70364576,7.52687128,7.70364576,3132183,25580174.0000,1.190400
2020-04-03,7.6292144,7.675734,7.4896556,7.49895952,2454245,20035719.0000,0.932700
2020-04-07,7.6292144,7.68503792,7.56408696,7.675734,2888416,23729877.0000,1.097800
2020-04-08,7.675734,7.8152928,7.61991048,7.73155752,2403480,19987430.0000,0.913500
2020-04-09,7.73155752,7.80598888,7.70364576,7.73155752,2018770,16800823.0000,0.767200
2020-04-10,7.7222536,7.73155752,7.51756736,7.5361752,1787793,14604085.0000,0.679500
2020-04-13,7.54547912,7.54547912,7.35940072,7.45243992,1426853,11415153.0000,0.542300
2020-04-14,7.46174384,7.61060656,7.46174384,7.61060656,1601237,13015170.0000,0.608600
2020-04-15,7.61060656,7.61060656,7.47104776,7.49895952,1849970,14992868.0000,0.703100
2020-04-16,7.47104776,7.50826344,7.41522424,7.50826344,1344710,10781710.0000,0.511100
2020-04-17,7.55478304,7.57339088,7.443136,7.46174384,1541610,12445371.0000,0.585900
2020-04-20,7.47104776,7.4896556,7.41522424,7.48035168,1142370,9151784.0000,0.434200
2020-04-21,7.443136,7.443136,7.33148896,7.3966164,1585920,12565755.0000,0.602700
2020-04-22,7.3500968,7.46174384,7.31288112,7.45243992,1468010,11667763.0000,0.557900
2020-04-23,7.46174384,7.46174384,7.36870464,7.38731248,1126410,8982013.0000,0.428100
2020-04-24,7.3500968,7.45243992,7.27566544,7.31288112,1643930,12990317.0000,0.624800
2020-04-27,7.31288112,7.33148896,7.13610664,7.14541056,1867040,14520764.0000,0.709600
2020-04-28,7.15471448,7.17332232,6.76394984,6.95933216,1970652,14711390.0000,0.749000
2020-04-29,6.95933216,7.08958704,6.91281256,6.97794,1386342,10441408.0000,0.526900
2020-04-30,7.05237136,7.15471448,7.00585176,7.13610664,1483880,11319408.0000,0.564000
2020-05-06,7.0709792,7.22914584,7.03376352,7.21984192,1400030,10760269.0000,0.532100
2020-05-07,7.17332232,7.23844976,7.14541056,7.14541056,1034860,7986950.0000,0.393300
2020-05-08,7.1640184,7.24775368,7.1640184,7.23844976,1051311,8158229.0000,0.399600
2020-05-11,7.23844976,7.29427328,7.20123408,7.22914584,974870,7596474.0000,0.370500
2020-05-12,7.22914584,7.26636152,7.08028312,7.15471448,1052152,8096492.0000,0.399900
2020-05-13,7.15471448,7.20123408,7.0709792,7.20123408,959103,7360714.0000,0.364500
2020-05-14,7.13610664,7.18262624,7.08958704,7.1174988,1128390,8654782.0000,0.428800
2020-05-15,7.1174988,7.19193016,7.08028312,7.10819488,906293,6931687.0000,0.344400
2020-05-18,7.15471448,7.15471448,7.04306744,7.06167528,938839,7136806.0000,0.356800
2020-05-19,7.10819488,7.20123408,7.0709792,7.20123408,1343449,10327733.0000,0.510600
2020-05-20,7.18262624,7.29427328,7.13610664,7.20123408,1606360,12463126.0000,0.610500
2020-05-21,7.20123408,7.2570576,7.15471448,7.17332232,1138800,8825215.0000,0.432800
2020-05-22,7.17332232,7.19193016,6.94072432,7.01515568,1558831,11813282.0000,0.592400
2020-05-25,6.98724392,7.4896556,6.8849008,7.38731248,5212964,40853893.0000,1.981200
2020-05-26,7.3500968,7.35940072,7.23844976,7.34079288,3308514,25981968.0000,1.257400
2020-05-27,7.31288112,7.31288112,7.17332232,7.210538,1949076,15150976.0000,0.740800
2020-05-28,7.210538,7.33148896,7.18262624,7.31288112,1763958,13788515.0000,0.670400
2020-05-29,7.31288112,7.75016536,7.21984192,7.61991048,6587469,53498874.0000,2.503600
2020-06-01,7.61060656,7.99206728,7.59199872,7.98276336,9557575,79999210.0000,3.632400
2020-06-02,8.01067512,8.26188096,7.74086144,7.87111632,8516574,73081310.0000,3.236800
2020-06-03,7.87111632,7.92693984,7.75016536,7.7687732,4068005,34222936.0000,1.546100
2020-06-04,7.77807712,7.85250848,7.60130264,7.69434184,4455550,36841631.0000,1.693400
2020-06-05,7.7222536,7.75016536,7.5826948,7.66643008,2859350,23552506.0000,1.086700
2020-06-08,7.65712616,7.75946928,7.59199872,7.61060656,2523882,20810430.0000,0.959200
2020-06-09,7.6292144,7.88972416,7.4896556,7.70364576,4731527,39056033.0000,1.798200
2020-06-10,7.71294968,7.88042024,7.57339088,7.79668496,4263178,35490916.0000,1.620200
2020-06-11,7.75946928,7.9548516,7.56408696,7.57339088,4413623,36613567.0000,1.677400
2020-06-12,7.43383208,7.79668496,7.37800856,7.73155752,3688300,30132741.0000,1.401800
2020-06-15,7.73155752,7.80598888,7.61991048,7.65712616,3693310,30624872.0000,1.403700
2020-06-16,7.6951215,7.7331221,7.59061985,7.6381206,3524460,28318987.0000,1.339500
2020-06-17,7.6571209,7.6951215,7.60962015,7.66662105,2031918,16363565.0000,0.772200
2020-06-18,7.6761212,7.93262525,7.60012,7.9231251,4890150,40248845.0000,1.858500
2020-06-19,7.8851245,8.17962915,7.83762375,8.08462765,8896162,75512617.0000,3.381000
2020-06-22,8.08462765,8.17962915,8.00862645,8.10362795,5515521,46987952.0000,2.096200
2020-06-23,8.0371269,8.08462765,7.85662405,7.8661242,2851410,23814169.0000,1.083700
2020-06-24,7.83762375,7.9231251,7.7141218,7.7331221,2905800,23814873.0000,1.104400
2020-06-29,7.6761212,7.6761212,7.38161655,7.4861182,4910990,38734644.0000,1.866400
2020-06-30,7.51461865,7.5431191,7.43861745,7.4671179,3504110,27620597.0000,1.331800
2020-07-01,7.4861182,7.83762375,7.3721164,7.43861745,6035639,47535728.0000,2.293900
2020-07-02,7.41961715,7.5051185,7.38161655,7.5051185,3171635,24850694.0000,1.205400
2020-07-03,7.5241188,7.60962015,7.49561835,7.60962015,3055984,24310963.0000,1.161400
2020-07-06,7.6191203,7.93262525,7.60962015,7.91362495,5818738,47801998.0000,2.211400
2020-07-07,8.00862645,8.1321284,7.85662405,7.980126,7273780,61182263.0000,2.764400
2020-07-08,7.980126,8.12262825,7.93262525,8.12262825,5517886,46723016.0000,2.097100
2020-07-09,8.1321284,8.2841308,8.0751275,8.2271299,6394611,55155867.0000,2.430300
2020-07-10,8.2461302,8.27463065,8.02762675,8.0561272,4942460,42487772.0000,1.878400
2020-07-13,8.0751275,8.3791323,8.0751275,8.3411317,5325559,46350804.0000,2.024000
2020-07-14,8.3411317,8.4361332,8.10362795,8.27463065,5504150,47874385.0000,2.091900
2020-07-15,8.27463065,8.3411317,8.0371269,8.08462765,4691100,40243692.0000,1.782900
2020-07-16,8.08462765,8.17962915,7.8471239,7.85662405,4556856,38584725.0000,1.731900
2020-07-17,7.97062585,7.9991263,7.8091233,7.91362495,2935446,24375083.0000,1.115600
2020-07-20,7.91362495,8.1511287,7.91362495,8.1321284,3367300,28547683.0000,1.279800
2020-07-21,8.170129,8.2081296,8.00862645,8.12262825,2190710,18628620.8000,0.832600
2020-07-22,8.0751275,8.17962915,8.0561272,8.0941278,2743410,23469566.0000,1.042600
2020-07-23,7.980126,8.06562735,7.7521224,7.9421254,3810571,31702148.9300,1.448200
2020-07-24,7.8661242,8.12262825,7.7711227,7.78062285,3654554,30483025.5000,1.388900
2020-07-27,7.78062285,7.83762375,7.6381206,7.790123,2267160,18466638.3600,0.861600
2020-07-28,7.83762375,7.9611257,7.790123,7.9611257,2256310,18743137.7000,0.857500
2020-07-29,7.9611257,8.08462765,7.9041248,8.0751275,2207590,18619751.7000,0.839000
2020-07-30,8.0751275,8.2271299,8.02762675,8.14162855,3891156,33281074.2800,1.478900
2020-07-31,8.1131281,8.19862945,8.0181266,8.17962915,3086606,26381912.7600,1.173100
2020-08-03,8.2081296,8.3031311,8.17962915,8.27463065,4256830,36950928.1000,1.617800
2020-08-04,8.2651305,8.27463065,8.14162855,8.19862945,3227620,27919940.3000,1.226700
2020-08-05,8.23663005,8.3411317,8.170129,8.2841308,3365511,29296491.7000,1.279100
2020-08-06,8.29363095,8.31263125,8.08462765,8.19862945,3038940,26196068.1000,1.155000
2020-08-07,8.1511287,8.19862945,8.0181266,8.1321284,3146924,26856680.5400,1.196000
2020-08-10,8.12262825,8.3981326,8.0941278,8.27463065,3573430,31144598.8800,1.358100
2020-08-11,8.27463065,8.5311347,8.19862945,8.21762975,5796470,50948435.0000,2.203000
2020-08-12,8.1891293,8.19862945,7.9421254,8.17962915,4049710,34357873.9000,1.539100
2020-08-13,8.170129,8.4361332,8.16062885,8.3791323,4575710,40157976.2400,1.739000
2020-08-14,8.36963215,8.4551335,8.2651305,8.38863245,3718180,32725853.6000,1.413100
2020-08-17,8.4551335,8.52163455,8.3791323,8.46463365,4629816,41155615.4000,1.759600
2020-08-18,8.50263425,8.9491413,8.4741338,8.65463665,8634320,79233654.5000,3.281500
2020-08-19,8.6071359,8.740138,8.48363395,8.50263425,5745800,52045326.6000,2.183700
2020-08-20,8.5311347,8.5311347,8.36963215,8.38863245,3209280,28567935.8000,1.219700
2020-08-21,8.4931341,8.57863545,8.3221314,8.36963215,2310190,20528809.9000,0.878000
2020-08-24,8.46463365,8.50263425,8.33163155,8.4171329,1850220,16392737.0000,0.703200
2020-08-25,8.4361332,8.65463665,8.3981326,8.42663305,2931270,26250194.7000,1.114000
2020-08-26,8.44563335,8.48363395,8.2081296,8.3221314,2832310,24917942.9000,1.076400
2020-08-27,8.33163155,8.65463665,8.25563035,8.6261362,4716276,42243606.7000,1.792400
2020-08-28,8.5311347,8.59763575,8.3791323,8.52163455,2995390,26684694.5400,1.138400
2020-08-31,8.4931341,8.57863545,8.40763275,8.4171329,2026440,18140328.9000,0.770200
2020-09-01,8.42663305,8.59763575,8.38863245,8.5691353,2572030,23033626.8000,0.977500
2020-09-02,8.5691353,8.69263725,8.4551335,8.5311347,3350850,30227780.6000,1.273500
2020-09-03,8.50263425,8.5121344,8.1891293,8.2271299,4359040,38296654.9000,1.656700
2020-09-04,8.12262825,8.3791323,8.06562735,8.3411317,3118400,26966954.8000,1.185200
2020-09-07,8.3411317,8.59763575,8.3031311,8.42663305,4767090,42598079.6000,1.811800
2020-09-08,8.54063485,8.61663605,8.3791323,8.57863545,3077820,27628418.3000,1.169700
2020-09-09,8.5311347,8.6641368,8.4361332,8.4361332,4410050,39752810.9000,1.676100
2020-09-10,8.57863545,8.59763575,8.08462765,8.08462765,3877080,33779166.2000,1.473500
2020-09-11,8.08462765,8.2271299,8.00862645,8.19862945,1755247,14987662.4700,0.667100
2020-09-14,8.1891293,8.2651305,8.14162855,8.2461302,2313216,20006197.8600,0.879100
2020-09-15,8.21762975,8.27463065,8.0371269,8.1131281,1844960,15807743.0000,0.701200
2020-09-16,8.1321284,8.14162855,7.9611257,7.9991263,2151399,18178301.6800,0.817600
2020-09-17,8.0941278,8.10362795,7.9991263,8.0181266,928640,7862783.8000,0.352900
2020-09-18,8.00862645,8.1511287,7.9991263,8.14162855,1385330,11783342.9000,0.526500
2020-09-21,8.1321284,8.1321284,8.00862645,8.0181266,1516434,12862682.8600,0.576300
2020-09-22,7.93262525,7.9991263,7.85662405,7.8661242,2026200,16850179.0000,0.770100
2020-09-23,7.8661242,8.02762675,7.8471239,7.95162555,1760770,14707466.6000,0.669200
2020-09-24,7.9041248,7.91362495,7.8091233,7.8091233,1232980,10193084.8000,0.468600
2020-09-25,7.8471239,7.8471239,7.6951215,7.70462165,1080760,8829633.7000,0.410700
2020-09-28,7.7141218,7.74262225,7.53361895,7.55261925,1573634,12607244.1000,0.598100
2020-09-29,7.55261925,7.66662105,7.55261925,7.59061985,706148,5660920.7300,0.268400
2020-09-30,7.64762075,7.66662105,7.57161955,7.60012,641749,5146073.7000,0.243900
2020-10-09,7.68562135,7.8281236,7.66662105,7.8091233,915829,7489640.7000,0.348100
2020-10-12,7.79962315,7.98962615,7.79962315,7.9611257,1608300,13396164.0000,0.611200
2020-10-13,7.9231251,7.97062585,7.8851245,7.9421254,1025911,8565034.8500,0.389900
2020-10-14,7.9611257,8.1321284,7.9041248,8.08462765,1947420,16426872.2000,0.740100
2020-10-15,8.10362795,8.71163755,8.0941278,8.42663305,9473345,84026898.6700,3.600300
2020-10-16,8.46463365,8.8921404,8.4361332,8.78763875,10579067,96354504.8300,4.020600
2020-10-19,8.69263725,8.7021374,8.50263425,8.52163455,5430910,49015069.7000,2.064000
2020-10-20,8.5691353,8.9111407,8.4551335,8.7781386,7352149,67521462.1500,2.794200
2020-10-21,8.7781386,8.930141,8.7021374,8.78763875,7166685,66638585.5600,2.723700
2020-10-22,8.78763875,8.92064085,8.67363695,8.84463965,5618746,52141243.4300,2.135400
2020-10-23,8.78763875,9.2531461,8.78763875,9.16764475,8947859,85640021.2900,3.400600
2020-10-26,9.14864445,9.35764775,9.0061422,9.35764775,7725869,74629379.5200,2.936200
2020-10-27,9.18664505,9.2531461,8.7591383,9.0251425,8995238,84508424.5700,3.418600
2020-10-28,8.8921404,8.9491413,8.57863545,8.7021374,8823878,81203408.3000,3.353500
2020-10-29,8.6451365,8.6641368,8.4551335,8.5311347,5733187,51475731.0400,2.178900
2020-10-30,8.57863545,8.5881356,8.02762675,8.0371269,7943765,69337196.6500,3.019000
2020-11-02,8.00862645,8.4171329,7.9991263,8.3031311,4335185,37493224.0500,1.647600
2020-11-03,8.3981326,8.40763275,8.23663005,8.29363095,3770665,32970596.6900,1.433000
2020-11-04,8.27463065,8.3791323,8.21762975,8.33163155,2241365,19628265.3500,0.851800
2020-11-05,8.40763275,8.48363395,8.2841308,8.3791323,2850390,25137520.5000,1.083300
2020-11-06,8.360132,8.40763275,8.1321284,8.2271299,3394570,29420723.4000,1.290100
2020-11-09,8.2651305,8.33163155,8.17962915,8.23663005,3813705,33144413.6100,1.449400
2020-11-10,8.2651305,8.2841308,7.95162555,8.0371269,4574000,38982802.5500,1.738300
2020-11-11,8.04662705,8.0751275,7.9611257,8.0561272,2483517,20968757.5200,0.943900
2020-11-12,8.02762675,8.06562735,7.95162555,7.9611257,2168952,18256611.5400,0.824300
2020-11-13,7.9611257,8.0181266,7.87562435,7.97062585,2221011,18565838.7700,0.844100
2020-11-16,7.93262525,8.0561272,7.93262525,8.0561272,2139321,18017816.8600,0.813000
2020-11-17,8.0561272,8.2651305,8.0371269,8.23663005,4087332,35146001.8700,1.553400
2020-11-18,8.23663005,8.31263125,8.12262825,8.21762975,2633410,22767064.7000,1.000800
2020-11-19,8.2271299,8.2841308,8.170129,8.2841308,1794410,15536852.6000,0.682000
2020-11-20,8.2651305,8.40763275,8.19862945,8.360132,2898920,25395665.1000,1.101700
2020-11-23,8.360132,8.4931341,8.3031311,8.31263125,3387070,29870391.2000,1.287300
2020-11-24,8.35063185,8.42663305,8.2461302,8.33163155,3069170,26885461.8000,1.166400
2020-11-25,8.33163155,8.5311347,8.29363095,8.31263125,5266924,46747057.0200,2.001700
2020-11-26,8.2651305,8.5311347,8.2271299,8.4361332,4966512,43941693.1600,1.887500
2020-11-27,8.40763275,8.6071359,8.36963215,8.42663305,4211670,37538912.5000,1.600600
2020-11-30,8.40763275,8.5311347,8.27463065,8.3411317,3229380,28566293.5100,1.227300
2020-12-01,8.3031311,8.44563335,8.2651305,8.40763275,3385988,29761030.9400,1.286800
2020-12-02,8.4741338,8.4741338,8.27463065,8.31263125,2245795,19708864.9200,0.853500
2020-12-03,8.33163155,8.33163155,8.06562735,8.0751275,3996760,34267967.4200,1.519000
2020-12-04,8.1131281,8.1131281,8.00862645,8.04662705,2066866,17521104.7000,0.785500
2020-12-07,8.0561272,8.12262825,8.00862645,8.0181266,2231550,18938871.0400,0.848100
2020-12-08,7.98962615,8.0561272,7.87562435,7.9041248,2883944,24211115.0600,1.096000
2020-12-09,7.980126,7.980126,7.6951215,7.74262225,3164470,26102467.0000,1.202700
2020-12-10,7.7331221,7.79962315,7.7141218,7.7331221,1801430,14698537.1700,0.684600
2020-12-11,7.76162255,7.790123,7.57161955,7.64762075,2738338,22103758.3800,1.040700
2020-12-14,7.6761212,7.790123,7.64762075,7.76162255,1635810,13292347.7000,0.621700
2020-12-15,7.76162255,7.7711227,7.64762075,7.7521224,1151380,9342596.9000,0.437600
2020-12-16,7.7331221,7.790123,7.62862045,7.6381206,1352785,10916927.1100,0.514100
2020-12-17,7.60962015,7.7521224,7.40061685,7.66662105,3146000,24969480.3800,1.195600
2020-12-18,7.66662105,7.7141218,7.62862045,7.6761212,889910,7185370.9000,0.338200
2020-12-21,7.68562135,7.74262225,7.60962015,7.74262225,1775646,14381112.4600,0.674800
2020-12-22,7.74262225,7.7711227,7.57161955,7.60012,1433250,11563222.6000,0.544700
2020-12-23,7.5621194,7.64762075,7.4861182,7.57161955,1391430,11085742.6000,0.528800
2020-12-24,7.60012,7.60012,7.2391143,7.26761475,2490150,19345150.7000,0.946400
2020-12-25,7.32461565,7.36261625,7.1251125,7.28661505,1737710,13291503.5000,0.660400
2020-12-28,7.26761475,7.2771149,6.9351095,7.00161055,2575850,19165845.3000,0.978900
2020-12-29,7.00161055,7.1251125,6.9541098,7.03961115,1819810,13496511.7000,0.691600
2020-12-30,7.03961115,7.09661205,6.9731101,7.0681116,1557790,11551758.0000,0.592000
2020-12-31,7.07761175,7.26761475,7.0491113,7.2011137,1762850,13354583.2000,0.670000
2021-01-04,7.26761475,7.28661505,7.17261325,7.26761475,1294272,9863371.1600,0.491900
2021-01-05,7.2961152,7.3531161,7.19161355,7.2391143,1549220,11843977.6000,0.588800
2021-01-06,7.21061385,7.22961415,7.02061085,7.03961115,1938220,14481209.2000,0.736600
2021-01-07,7.03961115,7.03961115,6.71660605,6.75460665,2374775,17102562.4600,0.902500
2021-01-08,6.75460665,6.8781086,6.56460365,6.7831071,1340150,9545286.3000,0.509300
2021-01-11,6.77360695,6.77360695,6.52660305,6.58360395,1612910,11282704.4000,0.613000
2021-01-12,6.6121044,6.73560635,6.52660305,6.56460365,1443470,10036735.7000,0.548600
2021-01-13,6.5931041,6.5931041,6.31759975,6.33660005,2190268,14782317.9200,0.832400
2021-01-14,6.3270999,6.56460365,6.29859945,6.50760275,1932750,13071933.8000,0.734500
2021-01-15,6.46960215,6.8021074,6.46960215,6.71660605,2205420,15604215.6200,0.838200
2021-01-18,6.71660605,6.81160755,6.65960515,6.69760575,1203667,8523647.3100,0.457400
2021-01-19,6.650105,6.840108,6.650105,6.81160755,1504270,10744604.8100,0.571700
2021-01-20,6.77360695,6.83060785,6.7261062,6.79260725,817665,5826713.4500,0.310700
2021-01-21,6.84960815,6.86860845,6.77360695,6.7831071,965039,6926648.8700,0.366800
2021-01-22,6.7451065,6.81160755,6.62160455,6.69760575,990219,6964721.9100,0.376300
2021-01-25,6.58360395,6.6881056,6.5741038,6.58360395,748410,5202963.3000,0.284400
2021-01-26,6.5741038,6.64060485,6.4981026,6.54560335,723130,4997186.8000,0.274800
2021-01-27,6.54560335,6.6121044,6.4791023,6.5741038,750722,5181185.6200,0.285300
2021-01-28,6.5931041,6.8211077,6.48860245,6.64060485,1086160,7612970.8000,0.412800
2021-01-29,6.6121044,6.7261062,6.4031011,6.45060185,1157720,7917502.4000,0.440000
2021-02-01,6.48860245,6.48860245,6.39360095,6.45060185,766700,5195404.8800,0.291400
2021-02-02,6.41260125,6.460102,6.3270999,6.45060185,1000042,6730838.1400,0.380100
2021-02-03,6.460102,6.460102,6.33660005,6.3651005,697082,4690564.4000,0.264900
2021-02-04,6.37460065,6.37460065,6.1370969,6.2320984,1236536,8113911.6800,0.469900
2021-02-05,6.270099,6.650105,6.270099,6.3461002,2611475,17724380.0000,0.992500
2021-02-08,6.2890993,6.46960215,6.2510987,6.3461002,1067197,7156843.7600,0.405600
2021-02-09,6.3270999,6.46960215,6.31759975,6.45060185,631579,4253149.1800,0.240000
2021-02-10,6.460102,6.58360395,6.41260125,6.58360395,1600300,10925238.7000,0.608200
2021-02-18,6.60260425,6.71660605,6.5931041,6.6881056,1451764,10186934.8600,0.551700
2021-02-19,6.71660605,6.81160755,6.650105,6.8021074,1403452,9962550.4300,0.533400
2021-02-22,6.75460665,6.8971089,6.7451065,6.75460665,2631080,18921210.5000,0.999900
2021-02-23,6.7451065,6.75460665,6.6691053,6.7451065,1303211,9206516.3400,0.495300
2021-02-24,6.7451065,6.86860845,6.67860545,6.83060785,1376020,9865533.0000,0.522900
2021-02-25,6.84960815,6.84960815,6.65960515,6.65960515,1317210,9325369.3000,0.500600
2021-02-26,6.6121044,6.79260725,6.6121044,6.77360695,992400,7017905.8000,0.377200
2021-03-01,6.77360695,6.83060785,6.75460665,6.8021074,1120260,8005226.8000,0.425700
2021-03-02,6.81160755,6.83060785,6.650105,6.69760575,1278010,9061803.8000,0.485700
2021-03-03,6.71660605,6.8021074,6.67860545,6.79260725,826380,5875093.6000,0.314100
2021-03-04,6.7641068,6.88760875,6.7451065,6.81160755,1453689,10433759.8900,0.552500
2021-03-05,6.7831071,6.9731101,6.7831071,6.88760875,1414440,10270573.8000,0.537500
2021-03-08,6.9351095,7.05861145,6.88760875,6.92560935,1736102,12765291.3000,0.659800
2021-03-09,6.88760875,6.9351095,6.69760575,6.8021074,1494500,10775004.2000,0.568000
2021-03-10,6.84960815,6.8591083,6.7261062,6.7261062,1010860,7208726.6000,0.384200
2021-03-11,6.7451065,6.9541098,6.71660605,6.8971089,1049900,7575918.1000,0.399000
2021-03-12,6.90660905,7.02061085,6.8971089,6.9541098,1230380,9030275.9000,0.467600
2021-03-15,6.94460965,7.0111107,6.8591083,6.9351095,1049970,7651503.0000,0.399000
2021-03-16,6.9541098,7.1251125,6.9351095,7.09661205,1506700,11197372.4800,0.572600
2021-03-17,7.1061122,7.2771149,6.9921104,7.220114,1858775,14038494.7000,0.706400
2021-03-18,7.17261325,7.43861745,7.15361295,7.2771149,2541437,19480541.7500,0.965900
2021-03-19,7.2011137,7.38161655,7.17261325,7.2961152,1563332,12006894.7800,0.594100
2021-03-22,7.38161655,7.41961715,7.26761475,7.3341158,1952592,15120825.5600,0.742100
2021-03-23,7.30561535,7.3721164,7.19161355,7.2581146,1582850,12082945.0000,0.601600
2021-03-24,7.19161355,7.43861745,7.17261325,7.38161655,1513830,11697015.3000,0.575300
2021-03-25,7.4291173,7.4291173,7.11561235,7.1631131,1579360,11989496.6000,0.600200
2021-03-26,7.21061385,7.34361595,7.1251125,7.2581146,1705660,13020636.4000,0.648200
2021-03-29,7.2771149,7.43861745,7.22961415,7.30561535,2786910,21539575.1000,1.059100
2021-03-30,7.2581146,7.28661505,7.07761175,7.1251125,2047230,15411051.3000,0.778000
2021-03-31,7.09661205,7.40061685,7.0871119,7.3721164,2310642,17639906.8400,0.878100
2021-04-01,7.3531161,7.40061685,7.2961152,7.34361595,1070100,8273163.6000,0.406700
2021-04-02,7.3341158,7.3341158,7.2011137,7.21061385,928750,7083802.0000,0.353000
2021-04-06,7.19161355,7.3341158,7.1821134,7.24861445,769550,5865522.4000,0.292500
2021-04-07,7.24861445,7.3341158,7.22961415,7.2961152,591000,4531526.8000,0.224600
2021-04-08,7.26761475,7.47661805,7.26761475,7.36261625,1544070,12033981.6000,0.586800
2021-04-09,7.4671179,7.8281236,7.2961152,7.7331221,5456820,44140563.8000,2.073800
2021-04-12,7.74262225,8.1131281,7.6951215,7.74262225,5777192,48323599.5400,2.195600
2021-04-13,7.74262225,7.83762375,7.60962015,7.6761212,2080827,16896526.4700,0.790800
2021-04-14,7.60962015,8.0371269,7.51461865,7.79962315,2581070,20976792.8600,0.980900
2021-04-15,7.78062285,7.8851245,7.64762075,7.8091233,1311817,10727892.1700,0.498500
2021-04-16,7.790123,7.89462465,7.7711227,7.85662405,993670,8210976.4000,0.377600
2021-04-19,7.85662405,8.31263125,7.85662405,8.12262825,5385960,46114488.8000,2.046900
2021-04-20,8.12262825,8.29363095,8.0371269,8.0561272,2377640,20415494.2000,0.903600
2021-04-21,8.0371269,8.12262825,7.93262525,7.980126,1630350,13741543.7000,0.619600
2021-04-22,7.980126,8.0751275,7.93262525,7.980126,1097990,9237782.4000,0.417300
2021-04-23,7.980126,7.980126,7.76162255,7.78062285,2656860,21904670.5000,1.009700
2021-04-26,7.7521224,7.87562435,7.6381206,7.76162255,1706810,13977760.2000,0.648700
2021-04-27,7.7141218,7.8091233,7.66662105,7.7331221,737120,5987064.8000,0.280100
2021-04-28,7.6951215,7.9041248,7.5811197,7.85662405,1829710,14879321.8000,0.695400
2021-04-29,7.8091233,7.93262525,7.7711227,7.8851245,705080,5830663.6000,0.268000
2021-04-30,7.93262525,8.1321284,7.6951215,7.7141218,2337530,19380324.5000,0.888400
2021-05-06,7.6951215,8.31263125,7.5811197,8.1891293,4327800,36421916.9000,1.644700
2021-05-07,8.14162855,8.17962915,7.9611257,8.00862645,2050820,17390602.4000,0.779400
2021-05-10,8.0751275,8.0751275,7.790123,7.87562435,2325333,19325581.1500,0.883700
2021-05-11,7.8851245,8.06562735,7.8661242,8.0371269,1093142,9192109.9000,0.415400
2021-05-12,8.0181266,8.21762975,7.85662405,8.1131281,1844340,15674582.1000,0.700900
2021-05-13,8.0561272,8.12262825,7.91362495,7.9611257,1440582,12164658.0800,0.547500
2021-05-14,8.0181266,8.5121344,7.9611257,8.42663305,5291797,46376541.8300,2.011100
2021-05-17,8.50263425,8.7591383,8.3221314,8.46463365,4919224,44183367.4800,1.869500
2021-05-18,8.3411317,8.7211377,8.170129,8.61663605,4512970,40773827.0000,1.715100
2021-05-19,8.55963515,8.6831371,8.46463365,8.52163455,2097170,18869096.1000,0.797000
2021-05-20,8.46463365,8.6071359,8.3791323,8.38863245,1850897,16501709.1500,0.703400
2021-05-21,8.3791323,8.67363695,8.2841308,8.5691353,2760000,24816593.3300,1.048900
2021-05-24,8.550135,8.69263725,8.4551335,8.57863545,1558162,14055388.9800,0.592200
2021-05-25,8.5691353,8.57863545,8.4171329,8.44563335,1344730,11981727.3000,0.511100
2021-05-26,8.4931341,8.4931341,8.2841308,8.2841308,1803040,15833918.6000,0.685200
2021-05-27,8.29363095,8.42663305,8.2271299,8.360132,1875628,16447256.9200,0.712800
2021-05-28,8.33163155,8.3791323,8.21762975,8.23663005,1110920,9689794.9000,0.422200
2021-05-31,8.23663005,8.6071359,8.1891293,8.550135,1944870,17248734.2000,0.739100
2021-06-01,8.55963515,8.55963515,8.38863245,8.40763275,1383433,12272807.5600,0.525800
2021-06-02,8.48363395,8.48363395,8.29363095,8.3411317,901120,7911124.6000,0.342500
2021-06-03,8.3411317,8.54063485,8.29363095,8.4361332,1355620,12074159.8000,0.515200
2021-06-04,8.44563335,8.44563335,8.3031311,8.3411317,1018340,8935490.0000,0.387000
2021-06-07,8.3031311,8.3981326,8.2651305,8.3221314,691620,6056326.9000,0.262800
2021-06-08,8.33163155,8.4931341,8.33163155,8.4551335,1155800,10236049.9000,0.439300
2021-06-09,8.3981326,8.4361332,8.33163155,8.360132,731043,6443776.1700,0.277800
2021-06-10,8.360132,9.1961452,8.360132,9.1961452,11671592,110127681.6900,4.435700
2021-06-11,9.1961452,9.64265225,9.09164355,9.3481476,10303856,101784974.0800,3.915900
2021-06-15,9.33849306,9.39643614,8.41140378,8.9811774,5974840,55375981.0400,2.270700
2021-06-16,9.08740638,9.09706356,8.62386174,8.691462,2958820,26830178.5800,1.124500
2021-06-17,8.63351892,8.85563406,8.56591866,8.58523302,2351452,21114650.6500,0.893700
2021-06-18,8.57557584,8.77837662,8.45968968,8.73009072,1915481,17211468.2200,0.728000
2021-06-21,8.7397479,8.96186304,8.70111918,8.85563406,2825435,25952827.7900,1.073800
2021-06-22,8.85563406,9.05843484,8.7880338,8.9811774,2874558,26469136.5400,1.092500
2021-06-23,8.87494842,9.18397818,8.82666252,8.86529124,3341930,30974031.2000,1.270100
2021-06-24,8.84597688,8.84597688,8.67214764,8.7397479,2544550,23047490.6000,0.967000
2021-06-25,8.691462,8.94254868,8.5948902,8.84597688,2253670,20434723.9000,0.856500
2021-06-28,8.79769098,8.9328915,8.75906226,8.81700534,1748770,16006100.9000,0.664600
2021-06-29,8.8846056,9.03912048,8.74940508,8.86529124,2194990,20220987.9000,0.834200
2021-06-30,8.8846056,9.26123562,8.8363197,9.19363536,4729110,44646231.4000,1.797300
2021-07-01,9.25157844,9.2708928,8.99083458,8.99083458,2300589,21711880.0400,0.874300
2021-07-02,9.0294633,9.10672074,8.92323432,8.96186304,1194870,11123069.8000,0.454100
2021-07-05,8.95220586,9.2226069,8.92323432,9.174321,2006320,18969655.7500,0.762500
2021-07-06,9.16466382,9.30952152,9.0777492,9.14534946,2235859,21283432.2100,0.849700
2021-07-07,9.09706356,9.63786564,9.0777492,9.59923692,6295605,61826899.3000,2.392600
2021-07-08,9.83100924,10.50701184,9.81169488,10.49735466,13750680,145674252.7600,5.225800
2021-07-09,10.00483848,11.0091852,9.9951813,10.72912698,14363903,157617235.5500,5.458900
2021-07-12,10.73878416,11.66587344,10.73878416,11.4920442,11579751,135702891.8600,4.400800
2021-07-13,11.26992906,11.62724472,11.0091852,11.45341548,10193118,119198273.4700,3.873800
2021-07-14,11.26992906,11.77210242,11.0091852,11.09609982,7883449,92858675.7500,2.996000
2021-07-15,11.12507136,11.28924342,10.08209592,10.68084108,12727033,140075380.4800,4.836800
2021-07-16,10.74844134,10.88364186,10.43941158,10.68084108,6072478,67472457.8500,2.307800
2021-07-19,10.70015544,10.9126134,10.4297544,10.622898,4514767,49641956.0900,1.715800
2021-07-20,10.49735466,10.61324082,10.29455388,10.51666902,3865555,41723731.1600,1.469100
2021-07-21,10.51666902,11.4437583,10.35249696,11.26992906,8767775,100377552.4500,3.332100
2021-07-22,11.22164316,12.39981912,11.2023288,12.39981912,6698823,83675828.7600,2.545800
2021-07-23,12.71850606,13.00822146,11.9266173,12.83439222,18875290,244458074.4200,7.173400
2021-07-26,12.78610632,12.78610632,11.76244524,12.18736116,15393284,194571631.1100,5.850100
2021-07-27,12.11010372,12.3611904,11.62724472,11.82038832,9442322,117723157.8700,3.588500
2021-07-28,11.47272984,11.76244524,10.70015544,11.3471865,6839077,79396323.2000,2.599100
2021-07-29,11.46307266,11.588616,10.8160416,11.588616,10560018,123406456.0100,4.013200
2021-07-30,11.66587344,12.04250346,11.2989006,11.2989006,7725192,93288466.6800,2.935900
2021-08-02,11.2506147,12.25496142,11.105757,12.08113218,11721128,144616272.0000,4.454500
2021-08-03,12.01353192,12.08113218,11.2989006,11.3471865,7779560,93354902.9000,2.956600
2021-08-04,11.24095752,11.54998728,11.18301444,11.48238702,6144178,72660365.6700,2.335000
2021-08-05,11.4437583,11.4437583,10.46838312,10.80638442,12564878,140722047.8900,4.775200
2021-08-06,10.79672724,10.99952802,10.54564056,10.88364186,6905298,77190608.8100,2.624300
2021-08-09,10.79672724,10.94158494,10.68084108,10.7677557,4625844,51635108.3800,1.758000
2021-08-10,10.7194698,11.27958624,10.63255518,11.2506147,7116483,81754493.2100,2.704600
2021-08-11,11.32787214,12.38050476,11.32787214,12.38050476,11524739,144321338.3700,4.379900
2021-08-12,13.05650736,13.05650736,11.96524602,12.47707656,16510328,212269386.2900,6.274600
2021-08-13,12.76679196,12.8923353,12.1680468,12.38050476,7674904,98561226.1600,2.849200
2021-08-16,12.4094763,13.00822146,12.3611904,12.554334,10012333,131877477.0100,3.717000
2021-08-17,12.49639092,13.037193,12.23564706,12.41913348,8467354,111400003.3400,3.143400
2021-08-18,12.38050476,13.01787864,12.38050476,12.6991917,7465509,98981322.7200,2.771500
2021-08-19,12.73782042,12.78610632,12.14873244,12.44810502,5762150,74111827.0400,2.139100
2021-08-20,12.41913348,12.6991917,12.05216064,12.48673374,4831084,62041015.2000,1.793500
2021-08-23,12.7957635,13.69388124,12.58330554,13.68422406,12750966,177244491.1000,4.733700
2021-08-24,13.7614815,13.8097674,13.24965096,13.40416584,9077305,126734060.7000,3.369900
2021-08-25,13.50073764,13.77113868,13.17239352,13.5683379,7176801,100570086.8400,2.664300
2021-08-26,13.57799508,13.94496792,13.33656558,13.48142328,6842146,95864864.9700,2.540100
2021-08-27,13.4717661,13.65525252,13.2786225,13.520052,5883439,82259802.7700,2.184200
2021-08-30,13.8097674,14.33125512,13.54902354,14.30228358,12122120,175572998.4900,4.500200
2021-08-31,14.2926264,14.2926264,12.87302094,12.87302094,15972774,218235270.0700,5.929700
2021-09-01,12.554334,12.78610632,11.85901704,11.90730294,14441399,182916299.1400,5.361200
2021-09-02,11.91696012,12.87302094,11.90730294,12.76679196,10614809,137441711.4400,3.940700
2021-09-03,12.82473504,14.04153972,12.82473504,14.04153972,13561325,195151434.1400,5.034500
2021-09-06,15.08451516,15.44183082,14.59199898,15.44183082,20453810,320836172.5700,7.593300
2021-09-07,15.934347,16.30131984,14.68857078,15.1617726,25658660,410367167.6100,9.525500
2021-09-08,15.6929175,15.80880366,15.0169149,15.38388774,13935823,222285346.0900,5.173500
2021-09-09,15.33560184,16.68760704,15.24868722,15.66394596,15154582,251021035.6700,5.626000
2021-09-10,16.0792047,16.29166266,14.968629,15.2583444,11743123,187949642.5000,4.359500
2021-09-13,15.65428878,16.78417884,15.65428878,16.78417884,10250015,175087825.7000,3.805200
2021-09-14,17.2863522,17.92372608,16.417206,16.58137806,22636803,403986583.5800,8.403700
2021-09-15,17.08355142,18.24241302,16.2723483,18.24241302,13815220,249492155.2800,5.128800
2021-09-16,19.00533024,20.06762004,18.61904304,20.06762004,17524572,358997164.3300,6.505800
2021-09-17,19.69099002,21.09128112,18.56109996,19.83584772,30638568,634506584.0500,11.712100
2021-09-22,20.1352203,20.91745188,19.14053076,20.78225136,13899087,289333826.9300,5.313100
2021-09-23,20.28973518,20.60842212,18.70595766,18.70595766,9193717,182989844.4900,3.514400
2021-09-24,18.5900715,18.69630048,17.13183732,17.90441172,15392313,288013723.4900,5.883900
2021-09-27,17.90441172,18.4934997,16.9966368,17.71126812,12507569,230234474.4300,4.781200
2021-09-28,17.42155272,17.94304044,16.9483509,17.45052426,7865495,141493895.0700,3.006700
2021-09-29,17.08355142,17.7692112,16.4654919,16.4654919,8078258,141583127.1800,3.088000
2021-09-30,16.7069214,17.6726394,16.62966396,17.4794958,7347581,131166222.0600,2.808700
2021-10-08,17.40223836,17.40223836,15.73154622,15.73154622,7916726,133160143.5300,3.026300
2021-10-11,15.44183082,16.68760704,15.05554362,15.1617726,12850595,207457498.9200,4.870700
2021-10-12,15.1617726,15.91503264,14.64028488,14.89137156,9965274,156616729.0600,3.777100
2021-10-13,14.98794336,15.68326032,14.42782692,15.3066303,9261792,145131398.2500,3.510400
2021-10-14,15.79914648,16.84212192,14.8720572,16.84212192,10110887,168028974.6100,3.832300
2021-10-15,16.417206,17.1897804,15.6929175,16.33029138,11477903,193823440.7100,4.350400
2021-10-18,16.1757765,17.24772348,16.0792047,16.8517791,11746929,204022783.7600,4.452300
2021-10-19,16.7069214,17.24772348,16.28200548,17.07389424,6953719,120921221.9600,2.635600
2021-10-20,16.93869372,17.865783,16.88075064,17.21875194,6524108,117704576.6100,2.472800
2021-10-21,17.30566656,17.4794958,16.31097702,16.37857728,8577936,148286571.0800,3.251200
2021-10-22,16.7069214,16.7069214,15.0652008,15.2583444,9864813,159425415.2800,3.739000
2021-10-25,15.2583444,15.94400418,15.15211542,15.75086058,9201837,148419979.2100,3.487700
2021-10-26,15.53840262,16.3206342,15.18108696,15.42251646,7406005,118904950.1000,2.807000
2021-10-27,15.33560184,16.1757765,14.83342848,15.8860611,12462948,197672496.2100,4.723700
2021-10-28,15.46114518,15.7412034,14.54371308,14.9203431,11494825,179107235.5300,4.356800
2021-10-29,14.99760054,15.23903004,13.6166238,14.01256818,18825549,275254717.5900,7.135300
2021-11-01,13.92565356,15.41285928,13.86771048,15.41285928,7870728,121052377.2800,2.983200
2021-11-02,15.4997739,16.4654919,14.44714128,14.91068592,19914447,317796423.9600,7.548000
2021-11-03,15.13280106,15.77017494,15.0169149,15.29697312,13006927,205939071.8400,4.929900
2021-11-04,16.38823446,16.82280756,15.82811802,16.82280756,5809037,100110900.9900,2.201800
2021-11-05,18.50315688,18.50315688,17.07389424,17.46983862,39100003,727331673.2000,14.819800
2021-11-08,16.5137778,16.76486448,15.72188904,15.77983212,32756467,541465618.2100,12.415400
2021-11-09,15.76051776,16.68760704,15.75086058,15.87640392,17814765,297272711.0500,6.752200
2021-11-10,15.79914648,16.18543368,15.22937286,15.95366136,16351662,265291236.2000,6.197600
2021-11-11,15.451488,15.63497442,14.66925642,14.90102874,18539995,290081311.9500,7.027100
2021-11-12,14.8720572,15.2100585,14.74651386,15.09417234,9033207,140553218.4800,3.423800
2021-11-15,15.05554362,15.451488,14.41816974,14.48577,11237195,170633818.3800,4.259100
2021-11-16,14.16708306,14.46645564,13.9063392,14.002911,10810292,158007443.0000,4.097300
2021-11-17,14.01256818,15.0652008,14.01256818,14.93965746,11220129,169996954.6300,4.233100
2021-11-18,14.89137156,15.90537546,14.80445694,15.6929175,15538648,247686104.3400,5.862400
2021-11-19,15.46114518,17.26703784,15.43217364,17.26703784,20353424,348678718.3200,7.678900
2021-11-22,18.2037843,18.99567306,18.04926942,18.99567306,29507496,569435389.9400,11.132500
2021-11-23,18.91841562,18.99567306,17.85612582,17.92372608,22858283,431243257.1000,8.623900
2021-11-24,18.35829918,18.4452138,17.7692112,18.12652686,17479824,328576965.9500,6.594700
2021-11-25,18.19412712,18.52247124,17.54709606,17.5760676,13869560,256769572.7600,5.232700
2021-11-26,17.77886838,17.82715428,17.06423706,17.45052426,11136022,199663906.7800,4.201400
2021-11-29,17.1414945,18.5900715,16.97732244,18.33898482,18312929,339050619.9500,6.909100
2021-11-30,18.21344148,18.5900715,17.9140689,18.53212842,14981896,284275095.0700,5.652300
2021-12-01,18.29069892,19.19847384,17.9623548,18.04926942,13060678,248516437.1200,4.927500
2021-12-02,18.04926942,18.16515558,17.37326682,17.39258118,10871060,199523483.3000,4.101400
2021-12-03,17.6726394,17.94304044,17.29600938,17.59538196,7220443,131963578.9700,2.724100
2021-12-06,17.6243535,17.7692112,16.66829268,16.71657858,8786940,155725334.0000,3.315100
2021-12-07,16.88075064,17.03526552,15.99229008,16.10817624,8788520,147935558.9000,3.315700
2021-12-08,16.29166266,16.54274934,15.934347,16.2240624,6792294,113769059.1400,2.562600
2021-12-09,16.08886188,16.2723483,15.77017494,16.00194726,5795055,95650511.5700,2.186300
2021-12-10,15.87640392,17.34429528,15.84743238,16.97732244,10625103,184063050.1800,4.008600
2021-12-13,16.8034932,17.22840912,16.14680496,16.68760704,9039209,156101135.2500,3.410300
2021-12-14,16.68760704,16.88075064,16.29166266,16.5620637,5334280,91342121.0300,2.012500
2021-12-15,16.6103496,17.26703784,16.5137778,16.52343498,7506280,130606334.0000,2.832000
2021-12-16,16.417206,17.13183732,16.38823446,16.68760704,6257893,108512410.0200,2.361000
2021-12-17,16.74555012,16.8034932,16.26269112,16.2723483,6576302,112839572.9800,2.481100
2021-12-20,16.1274906,16.417206,15.77983212,15.87640392,5221573,86473649.2100,1.970000
2021-12-21,15.87640392,16.09851906,15.77017494,16.01160444,2502400,41333739.5000,0.944100
2021-12-22,16.1274906,16.3206342,15.85708956,16.1274906,3332059,55424413.1700,1.257100
2021-12-23,16.24337676,17.46018144,15.92468982,17.24772348,9257342,161516679.7000,3.492600
2021-12-24,17.24772348,17.71126812,16.06954752,16.18543368,11391257,197342549.2900,4.297700
2021-12-27,15.934347,16.76486448,15.47080236,16.3689201,6852756,115149300.1500,2.585400
2021-12-28,16.3689201,16.68760704,16.04057598,16.60069242,4934576,83724310.3500,1.861700
2021-12-29,16.50412062,18.09755532,16.50412062,17.1414945,12604939,226078429.9400,4.755600
2021-12-30,17.56641042,18.23275584,17.21875194,17.26703784,16098680,295578993.1400,6.073700
2021-12-31,17.6726394,17.70161094,16.71657858,16.81315038,8487910,149479711.1800,3.202300
2022-01-04,16.81315038,16.87109346,15.77983212,16.13714778,9779612,162166377.6000,3.689600
2022-01-05,16.09851906,16.67794986,15.77017494,16.0309188,5833138,96763707.3900,2.200600
2022-01-06,15.91503264,16.15646214,15.65428878,15.8377752,6688761,110061922.3200,2.523400
2022-01-07,16.01160444,16.01160444,15.0652008,15.0652008,9066630,143571092.0000,3.420500
2022-01-10,15.07485798,15.41285928,14.7754854,15.3549162,3974570,62782310.4000,1.499500
2022-01-11,15.26800158,15.52874544,15.2100585,15.28731594,2153166,34189621.9000,0.812300
2022-01-12,15.20040132,15.46114518,15.1134867,15.3066303,2821421,44623011.7400,1.064400
2022-01-13,15.3549162,15.4032021,14.35056948,14.35056948,8726052,131915054.9800,3.292000
2022-01-14,14.31194076,14.86240002,14.2926264,14.7271995,4500180,68566069.9000,1.697800
2022-01-17,14.61131334,14.90102874,14.61131334,14.66925642,3272055,49984291.6100,1.234400
2022-01-18,14.71754232,14.90102874,14.35056948,14.54371308,4873523,73746379.9000,1.838600
2022-01-19,14.66925642,14.81411412,14.2926264,14.57268462,3094673,46706447.5000,1.167500
2022-01-20,14.57268462,14.5823418,13.82908176,14.01256818,5806011,84856782.2100,2.190400
2022-01-21,13.99325382,13.99325382,13.520052,13.86771048,3653354,51793831.9800,1.378300
2022-01-24,13.86771048,14.002911,13.58765226,13.8097674,3503190,49955522.1200,1.321600
2022-01-25,13.64559534,13.91599638,13.19170788,13.24965096,4312680,60117119.2000,1.627000
2022-01-26,13.29793686,13.7131956,13.06616454,13.36553712,4564330,63097588.0000,1.722000
2022-01-27,13.22067942,13.3751943,12.73782042,12.8923353,4986699,66853372.6200,1.881300
2022-01-28,12.92130684,13.64559534,12.70884888,13.2303366,4032242,55037761.2300,1.521200
2022-02-07,13.49108046,14.2926264,13.29793686,14.13811152,5644692,81614449.0400,2.129500
2022-02-08,14.15742588,14.2926264,13.5683379,14.21536896,4141629,60015780.2800,1.562500
2022-02-09,14.08016844,14.28296922,13.84839612,13.99325382,3304800,48060415.7500,1.246800
2022-02-10,13.96428228,14.20571178,13.5683379,13.7614815,3398133,48415986.1000,1.282000
2022-02-11,13.63593816,13.63593816,13.09513608,13.1337648,2900502,40026982.2200,1.094300
2022-02-14,13.15307916,13.23999378,12.85370658,12.95993556,2888148,38894062.5400,1.089600
2022-02-15,12.99856428,13.57799508,12.85370658,13.39450866,4237616,57905191.4200,1.598700
2022-02-16,13.52970918,13.89668202,13.20136506,13.70353842,4308566,61045696.2000,1.625500
2022-02-17,13.70353842,14.04153972,13.62628098,13.83873894,3372730,48436179.5000,1.272400
2022-02-18,13.67456688,13.8580533,13.58765226,13.74216714,1723834,24480395.5000,0.650300
2022-02-21,13.73250996,13.9546251,13.52970918,13.9063392,1955970,27909685.6000,0.737900
2022-02-22,13.92565356,14.1477687,13.57799508,13.7614815,2647830,37852192.0000,0.998900
2022-02-23,13.9063392,14.08016844,13.73250996,14.07051126,2470430,35711363.5000,0.932000
2022-02-24,14.10913998,14.44714128,13.59730944,13.80011022,4038756,58516236.8200,1.523700
2022-02-25,13.80011022,14.2443405,13.80011022,14.002911,3123280,45445864.4000,1.178300
2022-02-28,13.9063392,14.08982562,13.50073764,13.5683379,5982338,84489927.0000,2.256900
2022-03-01,13.5683379,14.2926264,13.5683379,14.02222536,7254698,105627621.0000,2.736900
2022-03-02,13.99325382,14.11879716,13.74216714,13.82908176,3233819,46388511.0000,1.221300
2022-03-03,13.8580533,13.94496792,13.52970918,13.63593816,3448840,48699475.0000,1.302500
2022-03-04,13.55868072,13.7131956,13.520052,13.57799508,2845549,40085709.0000,1.074600
2022-03-07,13.5683379,13.5683379,13.037193,13.1337648,2977531,40705369.0000,1.124500
2022-03-08,13.037193,13.20136506,12.48673374,12.63159144,2594662,34346209.0000,0.979900
2022-03-09,12.70884888,12.7474776,11.71415934,12.48673374,2995530,38136315.0000,1.131300
2022-03-10,12.78610632,12.85370658,12.56399118,12.75713478,1634251,21536988.0000,0.617200
2022-03-11,12.58330554,12.7957635,12.20667552,12.68953452,2412097,31002410.0000,0.910900
2022-03-14,12.68953452,12.6991917,11.76244524,11.9266173,5466814,67886605.0000,2.064400
2022-03-15,11.77210242,11.86867422,11.2023288,11.2023288,4349328,51745404.0000,1.642400
2022-03-16,11.30855778,11.56930164,10.9126134,11.53067292,3428960,40130902.0000,1.239900
2022-03-17,11.6369019,12.05216064,11.51135856,11.5403301,3045368,36876087.0000,1.101200
2022-03-18,11.47272984,11.9266173,11.47272984,11.88798858,2936500,35646997.0000,1.061900
2022-03-21,12.04250346,13.07582172,12.04250346,13.07582172,1879725,25002998.5000,0.679700
2022-03-22,13.7614815,13.7614815,12.7474776,12.8923353,9462152,127651994.8300,3.421600
2022-03-23,12.97924992,13.34622276,12.7957635,12.88267812,4662092,62986094.8200,1.685800
2022-03-24,12.88267812,12.95027838,12.554334,12.58330554,3107709,40889880.4800,1.123800
2022-03-25,12.58330554,12.70884888,12.38050476,12.43844784,2202360,28503955.7000,0.796400
2022-03-28,12.32256168,12.42879066,12.06181782,12.19701834,2593093,32779704.5900,0.937600
2022-03-29,12.33221886,12.35153322,11.85901704,11.96524602,1901143,23649902.9900,0.687400
2022-03-30,12.01353192,12.1197609,11.84935986,12.01353192,1639130,20360423.2000,0.592700
2022-03-31,12.01353192,12.11010372,11.75278806,11.80107396,1610120,19858261.4000,0.582200
2022-04-01,11.77210242,11.82038832,11.61758754,11.71415934,1375700,16682926.0000,0.497400
2022-04-06,11.71415934,11.82038832,11.54998728,11.7817596,1921900,23262589.3000,0.694900
2022-04-07,11.74313088,11.76244524,11.27958624,11.2989006,1918740,22729442.8000,0.693800
2022-04-08,11.2989006,11.43410112,10.98987084,11.06712828,2607650,30029924.5000,0.942900
2022-04-11,11.2023288,11.2023288,10.70015544,10.78707006,2601758,29153949.6800,0.940700
2022-04-12,10.70981262,11.16370008,10.58426928,11.105757,2486642,28094523.6400,0.899100
2022-04-13,10.94158494,11.1540429,10.84501314,10.9126134,1461300,16619680.3000,0.528400
2022-04-14,11.105757,11.105757,10.8160416,10.89329904,1442060,16280133.8000,0.521400
2022-04-15,10.90295622,10.9126134,10.3814685,10.40078286,2249480,24495482.2000,0.813400
2022-04-18,10.39112568,11.04781392,10.14969618,10.8643275,3293583,36629293.9200,1.190900
2022-04-19,10.8160416,11.19267162,10.7677557,11.08644264,1928414,22014492.8600,0.697300
2022-04-20,11.03815674,11.18301444,10.72912698,10.83535596,1353580,15304488.1000,0.489400
2022-04-21,10.78707006,10.8643275,10.29455388,10.31386824,1627007,17770674.0000,0.588300
2022-04-22,10.2848967,10.45872594,10.10141028,10.35249696,1296360,13766103.5000,0.468700
2022-04-25,10.21729644,10.21729644,9.32883588,9.39643614,2235335,22579417.0500,0.808200
2022-04-26,9.35780742,9.39643614,8.66249046,8.76871944,3085355,28729783.2300,1.115600
2022-04-27,8.691462,9.40609332,8.51763276,9.37712178,2764644,25614730.4600,0.999600
2022-04-28,9.3191787,9.34815024,8.85563406,8.96186304,2718930,25597038.6000,0.983100
2022-04-29,8.97152022,9.2708928,8.8846056,9.2226069,2905200,27351797.0000,1.050400
2022-05-05,9.43506486,10.14969618,9.34815024,10.14969618,1362670,13863479.7000,0.492700
2022-05-06,10.3331826,11.09609982,9.8503236,10.64221236,9782979,106569377.3600,3.537300
2022-05-09,10.31386824,10.73878416,10.06278156,10.54564056,5665002,61219731.8400,2.048300
2022-05-10,10.26558234,11.0091852,10.21729644,10.9608993,5452580,61269137.3200,1.971500
2022-05-11,11.09609982,11.81073114,10.83535596,11.1540429,5826648,68765063.7600,2.106700
2022-05-12,11.2506147,11.32787214,11.01884238,11.27958624,3269900,37913273.6000,1.182300
2022-05-13,11.48238702,11.588616,11.26027188,11.37615804,2104512,24859202.2200,0.760900
2022-05-16,11.59827318,11.60793036,11.14438572,11.26027188,2530814,29546438.1100,0.915100
2022-05-17,11.38581522,11.5403301,11.11541418,11.53067292,2423610,28588981.5000,0.876300
2022-05-18,11.3471865,11.82038832,11.3471865,11.66587344,2649030,32077073.0800,0.957800
2022-05-19,11.40512958,12.83439222,11.3954724,12.83439222,9499705,121901662.2400,3.434800
2022-05-20,12.57364836,13.34622276,12.57364836,13.07582172,7191459,97058994.4300,2.600200
2022-05-23,12.8923353,13.40416584,12.59296272,13.2786225,6324910,85054635.1600,2.286900
2022-05-24,13.12410762,13.38485148,12.554334,12.63159144,4095566,55066126.5500,1.480800
2022-05-25,12.72816324,12.9406212,12.34187604,12.51570528,3919700,50645827.4000,1.417200
2022-05-26,12.27427578,12.75713478,12.27427578,12.58330554,2399499,31241959.6800,0.867600
2022-05-27,12.58330554,12.92130684,12.52536246,12.6026199,2489868,32728553.0000,0.900300
2022-05-30,12.6026199,12.9889071,12.51570528,12.6991917,2128378,28022704.9800,0.769500
2022-05-31,12.554334,13.97393946,12.554334,13.43313738,6944894,96470735.7200,2.511000
2022-06-01,13.36553712,13.6166238,13.14342198,13.28827968,5061304,69914212.5900,1.830000
2022-06-02,13.92565356,14.54371308,13.35587994,14.15742588,14512794,210743190.6800,5.247300
2022-06-06,14.002911,14.68857078,13.72285278,14.30228358,13705712,201487207.9900,4.900900
2022-06-07,14.13811152,14.20571178,13.3269084,13.52970918,10700217,152266562.0300,3.710700
2022-06-08,13.48142328,13.70353842,12.9406212,13.23999378,6040584,83079509.1000,2.094800
2022-06-09,13.22067942,13.6166238,12.58330554,12.71850606,9555095,128414506.3400,3.220100
2022-06-10,12.56399118,13.4234802,12.47707656,13.3269084,8215038,112101004.9300,2.768500
2022-06-13,13.20136506,13.3269084,12.95993556,13.22067942,8137200,111020710.1300,2.742300
2022-06-14,13.05650736,13.62628098,12.67022016,13.52970918,7408810,101199297.1000,2.496800
2022-06-15,13.52970918,13.8097674,13.14342198,13.25930814,6494288,90110507.3100,2.136000
2022-06-16,13.26896532,14.0511969,13.15307916,14.04153972,11271976,160512861.0300,3.707400
2022-06-17,13.86771048,15.44183082,13.6166238,15.2583444,22944636,351166341.7600,7.546700
2022-06-20,15.60600288,16.7552073,15.60600288,16.2723483,21144642,352507165.5700,6.954600
2022-06-21,16.3206342,16.68760704,15.86674674,16.20474804,9807091,165298194.5700,3.225600
2022-06-22,16.11783342,16.4654919,15.86674674,16.01160444,7315347,122667501.2900,2.406100
2022-06-23,15.91503264,16.5137778,15.79914648,16.37857728,7957812,133655226.4100,2.617400
2022-06-24,16.3004859,17.58890754,16.16383512,16.90565364,12402753,216600499.6900,4.079400
2022-06-27,16.75924209,17.19847674,16.31024667,16.93493595,10458407,178837513.1100,3.439900
2022-06-28,16.87637133,16.93493595,16.37857206,16.42737591,5491261,93366487.7900,1.806100
2022-06-29,16.593309,17.06182596,15.46105968,15.64651431,14282810,236150303.9700,4.697700
2022-06-30,15.87101202,16.29072513,14.9339781,15.49034199,10012183,160937151.0600,3.293100
2022-07-01,15.74412201,15.90029433,15.0315858,15.54890661,5395014,86458365.6700,1.774500
2022-07-04,15.54890661,15.9100551,14.99254272,15.68555739,9246559,145867110.3000,3.041300
2022-07-05,15.66603585,15.9100551,14.8363704,15.0315858,6520348,101863542.1800,2.144600
2022-07-06,15.06086811,16.07598819,14.96326041,15.19751889,6924412,109282849.1600,2.277500
2022-07-07,15.13895427,15.55866738,14.47522191,15.33416967,6230899,97080362.7800,2.049400
2022-07-08,15.57818892,15.60747123,14.69971962,14.78756655,5715766,88309721.6000,1.880000
2022-07-11,14.89493502,15.23656197,14.70948039,15.09015042,7450430,114164917.0600,2.450500
2022-07-12,14.8363704,15.98814126,14.8363704,15.54890661,10835063,173159073.0800,3.563700
2022-07-13,15.75388278,16.72019901,15.64651431,16.1052705,12491236,207083883.3500,4.108500
2022-07-14,16.12479204,17.45225676,15.8124474,16.8861321,13711403,236170470.6200,4.509800
2022-07-15,16.7885244,17.13015135,16.35905052,16.83732825,9123547,156801420.1000,3.000800
2022-07-18,16.97397903,16.97397903,16.16383512,16.57378746,10382434,175503738.7200,3.414900
2022-07-19,16.47617976,16.4957013,15.50010276,15.66603585,10904785,177812951.4200,3.586700
2022-07-20,15.66603585,17.23751982,15.52938507,16.90565364,18799368,321351288.0800,6.183300
2022-07-21,16.90565364,17.75484063,16.68115593,16.81780671,16352094,288651670.9100,5.378300
2022-07-22,17.04230442,18.0574245,16.87637133,17.79388371,18488739,333025608.2000,6.081100
2022-07-25,17.7646014,18.0574245,16.54450515,16.9837398,9950025,174690104.9400,3.272600
2022-07-26,16.9837398,17.05206519,16.40785437,16.68115593,6853470,117604206.3300,2.254200
2022-07-27,16.70067747,17.84268756,16.37857206,17.79388371,9965235,177211678.1600,3.277600
2022-07-28,17.9598168,18.78948225,17.40345291,18.47713761,15365624,287775882.0600,5.053900
2022-07-29,18.37952991,19.25799921,17.80364448,18.70163532,12755802,244275835.3800,4.195500
2022-08-01,18.80900379,19.64843001,18.12574989,19.00421919,15085665,292791427.1300,4.961800
2022-08-02,19.01397996,19.50201846,17.8622091,18.66259224,9411555,179735560.7500,3.095500
2022-08-03,18.6430707,19.1311092,18.13551066,18.18431451,8918978,169713055.4700,2.933500
2022-08-04,18.18431451,18.545463,17.32536675,17.94029526,9030496,164903361.0000,2.970200
2022-08-05,18.07694604,18.3502476,17.03254365,17.25704136,8328823,148534687.0000,2.739400
2022-08-08,17.2765629,18.29168298,16.71043824,18.07694604,7679801,139209688.0000,2.525900
2022-08-09,17.78412294,19.08230535,17.71579755,18.85780764,9177035,176078898.0000,3.018400
2022-08-10,18.76996071,19.0335015,18.34048683,18.9358938,4436006,85303958.0000,1.459000
2022-08-11,19.10182689,19.6191477,18.40881222,18.7406784,7466927,144693770.0000,2.456000
2022-08-12,19.52154,19.52154,18.32096529,18.52594146,5362500,102916792.0000,1.763800
2022-08-15,18.24287913,19.01397996,18.16479297,18.75043917,3084664,59192268.6800,1.014600
2022-08-16,18.85780764,20.62450701,18.77972148,20.62450701,10266638,215381585.8400,3.376800
2022-08-17,21.34680399,21.34680399,19.7167554,20.48785623,16409374,342287408.0500,5.397200
2022-08-18,20.5952247,20.95637319,20.21455467,20.87828703,9043752,191027999.2000,2.974600
2022-08-19,20.77091856,20.77091856,18.78948225,18.78948225,12559985,249027323.3800,4.131100
2022-08-22,17.82316602,18.6430707,17.3741706,18.1550322,10385927,191736606.1800,3.416000
2022-08-23,18.03790296,19.76555925,17.95005603,18.78948225,10993478,212649514.0400,3.615900
2022-08-24,18.80900379,18.9358938,16.91541441,16.91541441,10836501,193685127.7900,3.564200
2022-08-25,16.56402669,17.15943366,15.70507893,16.11503127,18383351,303326462.5200,6.046500
2022-08-26,16.26144282,16.7885244,16.0076628,16.24192128,8626501,145295420.0100,2.837300
2022-08-29,15.92957664,17.23751982,15.79292586,16.83732825,10891188,187965312.1600,3.582200
2022-08-30,16.91541441,17.1789552,16.3980936,16.67139516,6854520,117841838.1800,2.254500
2022-08-31,16.64211285,16.81780671,15.36345198,15.52938507,11181615,180615489.6500,3.677800
2022-09-01,15.80268663,16.2028782,15.52938507,15.84172971,6102659,99372920.3100,2.007200
2022-09-02,15.90029433,16.07598819,15.2268012,15.37321275,9817385,156818431.1700,3.229000
2022-09-05,15.52938507,16.28096436,15.29512659,15.70507893,7163771,116526423.7400,2.356200
2022-09-06,16.0076628,16.3004859,15.2268012,16.12479204,10194174,165274190.8300,3.353000
2022-09-07,16.15407435,17.569386,16.02718434,16.95445749,11969119,208368079.4100,3.936800
2022-09-08,16.97397903,17.34488829,16.55426592,16.87637133,7432228,128301162.0500,2.444500
2022-09-09,16.85684979,16.97397903,15.79292586,16.593309,9149584,152950216.2700,3.009400
2022-09-13,16.4957013,16.72995978,15.92957664,16.35905052,5462351,91050302.2300,1.796600
2022-09-14,15.95885895,16.68115593,15.95885895,16.35905052,5407147,90401445.1600,1.778500
2022-09-15,16.27120359,16.53474438,14.89493502,15.18775812,11087691,174422537.3100,3.646900
2022-09-16,15.3244089,15.52938507,14.94373887,15.26584428,6785816,106307871.2300,2.116400
2022-09-19,15.09015042,15.30488736,14.5435473,14.62163346,5427082,82186732.8800,1.692700
2022-09-20,14.77780578,15.46105968,14.77780578,15.00230349,4966353,76923197.8400,1.549000
2022-09-21,15.24632274,15.24632274,14.641155,14.77780578,3263753,49607334.9500,1.017900
2022-09-22,14.641155,15.21704043,14.48498268,14.82660963,3760068,57464484.6600,1.172700
2022-09-23,14.75828424,14.91445656,13.57723107,13.97742264,12388850,178127195.0600,3.864000
2022-09-26,13.8602934,14.42641806,13.64555646,14.06526957,6401190,92397545.8700,1.996500
2022-09-27,14.10431265,14.71924116,13.96766187,14.28976728,7953119,116088614.6100,2.457300
2022-09-28,14.28000651,14.89493502,13.67483877,13.80172878,8155081,117571173.9300,2.519700
2022-09-29,13.82125032,14.12383419,13.51866645,13.8602934,4756113,67445991.9000,1.469500
2022-09-30,13.80172878,13.80172878,13.14775719,13.22584335,5288591,72333938.0100,1.634000
2022-10-10,13.25512566,13.26488643,12.70852254,12.86469486,4163641,55072767.8100,1.286400
2022-10-11,12.86469486,13.32345105,12.60115407,13.16727873,4401885,59073260.3700,1.360000
2022-10-12,13.2746472,14.48498268,12.89397717,14.48498268,6962593,97028802.7600,2.151200
2022-10-13,14.7387627,15.37321275,14.22144189,14.79732732,11839651,181371600.3700,3.658100
2022-10-14,14.9339781,15.23656197,14.57282961,15.08038965,8795645,134394900.5000,2.717600
2022-10-17,15.05110734,15.79292586,14.99254272,15.46105968,7365878,116141215.3500,2.275800
2022-10-18,15.50986353,16.16383512,15.13895427,15.87101202,9759296,156809602.4300,3.015300
2022-10-19,15.80268663,15.95885895,15.45129891,15.50986353,6780368,108892538.8500,2.094900
2022-10-20,15.4220166,15.47082045,14.9339781,15.02182503,6573589,102032623.5500,2.031000
2022-10-21,15.08038965,15.95885895,15.08038965,15.75388278,8709625,139420494.6100,2.691000
2022-10-24,15.9100551,16.3980936,15.72460047,16.03694511,8679463,142469903.3700,2.681700
2022-10-25,15.97838049,17.15943366,15.69531816,16.62259131,10948798,184181159.1000,3.382800
2022-10-26,16.3980936,16.73972055,15.96861972,16.51522284,8678230,145801234.7500,2.681300
2022-10-27,16.3980936,16.67139516,15.57818892,15.63675354,8253482,135120312.0100,2.550100
2022-10-28,15.73436124,16.24192128,15.33416967,15.46105968,8851640,143314630.2600,2.734900
2022-10-31,15.09015042,15.72460047,15.01206426,15.41225583,5610359,88385051.9000,1.733400
2022-11-01,15.47082045,15.9100551,15.09015042,15.79292586,5950575,95024896.8900,1.838500
2022-11-02,15.67579662,15.78316509,15.13895427,15.63675354,6272230,99765052.9600,1.937900
2022-11-03,15.60747123,16.15407435,15.4220166,15.86125125,6095500,98730782.0000,1.883300
2022-11-04,15.87101202,16.91541441,15.63675354,16.6909167,17357185,292166990.9300,5.362800
2022-11-07,16.77876363,16.93493595,15.92957664,16.05646665,13207566,220150018.3900,4.080700
2022-11-08,16.03694511,16.64211285,15.76364355,16.3004859,7565980,125463413.3700,2.337600
2022-11-09,16.1052705,16.14431358,15.64651431,15.64651431,6615456,107325191.3300,2.044000
2022-11-10,15.66603585,15.7148397,14.95349964,15.02182503,6434261,100555571.8300,1.988000
2022-11-11,15.4220166,15.65627508,15.02182503,15.27560505,6020904,94305836.4700,1.860300
2022-11-14,15.08038965,15.36345198,14.04574803,14.23120266,10839239,161201727.5700,3.349000
2022-11-15,14.18239881,14.97302118,14.07503034,14.87541348,7060829,106237460.0000,2.181600
2022-11-16,14.87541348,15.16823658,14.641155,14.7387627,4915701,75101140.2900,1.518800
2022-11-17,14.50450422,14.71924116,14.11407342,14.43617883,5238518,76768491.3500,1.618500
2022-11-18,14.43617883,14.84613117,14.21168112,14.59235115,4365883,65541275.4200,1.348900
2022-11-21,14.60211192,15.73436124,14.27024574,15.64651431,10933151,170359819.8100,3.378000
2022-11-22,15.58794969,15.64651431,14.84613117,14.92421733,6167160,96056910.9000,1.905500
2022-11-23,14.90469579,15.17799735,14.4459396,14.98278195,4548505,68896331.3000,1.405300
2022-11-24,14.97302118,15.1291935,14.69971962,14.91445656,3831491,58701064.9200,1.183800
2022-11-25,14.79732732,14.8363704,14.41665729,14.4459396,3798684,56586938.6000,1.173700
2022-11-28,14.17263804,14.50450422,14.06526957,14.41665729,3201500,46809878.6000,0.989200
2022-11-29,14.32881036,14.67043731,14.30928882,14.49474345,2864839,42510175.1800,0.885100
2022-11-30,14.41665729,14.5435473,14.18239881,14.27024574,3557322,52173886.0700,1.099100
2022-12-01,14.27024574,14.81684886,14.27024574,14.56306884,4463089,66625914.6500,1.379000
2022-12-02,14.4459396,14.98278195,14.42641806,14.74852347,4304996,65102467.4500,1.330100
2022-12-05,14.91445656,14.91445656,14.32881036,14.45570037,4578197,67972097.6400,1.414500
2022-12-06,14.40689652,14.5435473,14.28000651,14.31904959,3098990,45592472.4500,0.957500
2022-12-07,14.3483319,14.56306884,14.16287727,14.32881036,3134520,46232380.8600,0.968500
2022-12-08,14.27024574,14.48498268,14.21168112,14.27024574,1839907,26973066.9000,0.568500
2022-12-09,14.29952805,14.29952805,13.67483877,13.73340339,5176445,73749301.1000,1.599400
2022-12-12,13.73340339,13.91885802,13.52842722,13.82125032,2568883,36239856.5900,0.793700
2022-12-13,13.92861879,13.94814033,13.62603492,13.71388185,1879902,26474836.2000,0.580800
2022-12-14,13.7626857,13.82125032,13.42105875,13.48938414,2712918,37823865.7800,0.838200
2022-12-15,13.64555646,13.74316416,13.32345105,13.665078,4146776,57480244.6400,1.281200
2022-12-16,13.5674703,13.59675261,13.1770395,13.30392951,2833896,38726932.6700,0.875600
2022-12-19,13.36249413,13.54794876,13.10871411,13.18680027,2177478,29596288.2900,0.672800
2022-12-20,13.15751796,13.58699184,13.06967103,13.58699184,4209447,57911587.8100,1.300600
2022-12-21,13.5674703,13.60651338,13.05014949,13.09895334,2815507,38304415.6100,0.869900
2022-12-22,13.0794318,13.2746472,12.689001,12.77684793,4239158,56074321.0200,1.309800
2022-12-23,12.67924023,12.94278102,12.65971869,12.82565178,2854195,37280254.9300,0.881900
2022-12-26,12.71828331,13.4698626,12.71828331,13.43081952,3762691,51283992.9300,1.162600
2022-12-27,13.45034106,13.69436031,13.31369028,13.59675261,2801836,38797410.4400,0.865700
2022-12-28,13.57723107,13.57723107,13.13799642,13.20632181,2776256,37730885.7700,0.857800
2022-12-29,13.28440797,13.3722549,13.02086718,13.11847488,4040901,54551115.8500,1.248500
2022-12-30,13.16727873,13.42105875,12.93302025,12.99158487,3687046,49531719.7900,1.139200
2023-01-03,13.00134564,13.81148955,12.95254179,13.68459954,6338007,87426090.9600,1.958200
2023-01-04,13.665078,13.74316416,13.1770395,13.34297259,5157258,71041446.8900,1.593400
2023-01-05,13.29416874,13.71388185,13.29416874,13.63579569,4541239,63242574.1900,1.403100
2023-01-06,13.63579569,14.0555088,13.60651338,13.80172878,5465929,77478371.7800,1.688800
2023-01-09,13.85053263,14.24096343,13.80172878,13.92861879,6281920,90127861.7500,1.940900
2023-01-10,14.01646572,14.04574803,13.74316416,13.8602934,2823620,40036687.7000,0.872400
2023-01-11,13.8602934,13.98718341,13.58699184,13.63579569,4033528,56803489.4200,1.246200
2023-01-12,13.62603492,14.03598726,13.57723107,13.7626857,5126257,72778819.9300,1.583900
2023-01-13,13.70412108,14.03598726,13.57723107,13.68459954,3406250,47766355.5000,1.052400
2023-01-16,13.58699184,13.89933648,13.58699184,13.81148955,3715643,52506488.5900,1.148000
2023-01-17,13.91885802,14.20192035,13.67483877,13.8602934,4377595,62388558.8500,1.352500
2023-01-18,13.90909725,14.08479111,13.7626857,13.99694418,3564245,50912086.1500,1.101200
2023-01-19,13.89933648,14.03598726,13.81148955,13.92861879,3137497,44613727.8000,0.969400
2023-01-20,13.89933648,14.22144189,13.89933648,14.09455188,3932795,56703661.0500,1.215100
2023-01-30,14.29952805,14.81684886,14.28976728,14.52402576,6382100,94983551.4000,1.971900
2023-01-31,14.45570037,15.2268012,14.4459396,15.09015042,11451659,176231108.4800,3.538200
2023-02-01,15.09015042,15.4220166,14.91445656,15.29512659,8534420,133227707.0400,2.636900
2023-02-02,15.38297352,15.4220166,14.98278195,15.07062888,5382942,83547059.4500,1.663200
2023-02-03,15.06086811,15.06086811,14.58259038,14.82660963,4511422,68372132.2400,1.393900
2023-02-06,14.71924116,14.84613117,14.59235115,14.7387627,3602230,54250882.0000,1.113000
2023-02-07,14.67043731,15.41225583,14.67043731,15.09015042,6824044,105310616.6400,2.108400
2023-02-08,15.00230349,15.17799735,14.91445656,15.05110734,3528767,54341868.5400,1.090300
2023-02-09,14.94373887,15.3244089,14.81684886,15.21704043,5017950,78095829.3000,1.550400
2023-02-10,15.21704043,15.21704043,14.86565271,14.97302118,3977520,61203998.0800,1.228900
2023-02-13,15.04134657,15.26584428,14.88517425,14.99254272,4449607,68447424.1400,1.374800
2023-02-14,14.98278195,15.01206426,14.65091577,14.8363704,6508748,98684810.5100,2.011000
2023-02-15,14.92421733,14.98278195,14.641155,14.71924116,4304430,65048444.8000,1.329900
2023-02-16,14.69971962,14.80708809,13.89933648,14.0555088,9329758,137142900.9900,2.882600
2023-02-17,14.09455188,14.32881036,14.00670495,14.14335573,5193666,75434269.7500,1.604700
2023-02-20,14.2507242,14.52402576,13.96766187,14.43617883,4201250,61513609.9400,1.298100
2023-02-21,14.33857113,14.60211192,14.26048497,14.51426499,3326327,49257573.6700,1.027700
2023-02-22,14.47522191,14.78756655,14.33857113,14.57282961,3835467,57548666.7000,1.185000
2023-02-23,14.60211192,14.67043731,14.43617883,14.55330807,2355165,35062778.6100,0.727700
2023-02-24,14.57282961,14.62163346,14.37761421,14.51426499,2529874,37569237.5800,0.781700
2023-02-27,14.41665729,14.66067654,14.28976728,14.3483319,2932716,43411640.5600,0.906100
2023-02-28,14.39713575,14.43617883,14.13359496,14.31904959,2917909,42608119.6000,0.901500
2023-03-01,14.32881036,14.32881036,14.09455188,14.20192035,3636390,52811109.7700,1.123500
2023-03-02,14.24096343,14.2507242,13.77244647,13.84077186,6487523,92537118.4300,2.004400
2023-03-03,13.79196801,13.98718341,13.72364262,13.78220724,2876115,40677177.6500,0.888600
2023-03-06,13.7626857,13.84077186,13.45034106,13.61627415,8405042,116997953.9100,2.596900
2023-03-07,13.59675261,13.61627415,13.1770395,13.1770395,5646673,77471015.0900,1.744600
2023-03-08,13.1770395,13.42105875,13.1770395,13.42105875,3401316,46551660.5200,1.050900
2023-03-09,13.41129798,13.55770953,13.26488643,13.32345105,3173300,43521457.4000,0.980400
2023-03-10,13.26488643,13.31369028,12.8842164,13.08919257,5463119,73160196.2200,1.687900
2023-03-13,13.05014949,13.19656104,12.89397717,12.96230256,2938829,39139598.5500,0.908000
2023-03-14,12.9818241,13.03062795,12.56211099,12.71828331,3956216,51454276.3200,1.222300
2023-03-15,12.7866087,13.08919257,12.75732639,12.97206333,3277050,43566439.6000,1.012500
2023-03-16,12.97206333,12.97206333,12.62067561,12.689001,4103378,53683623.5000,1.267800
2023-03-17,12.71828331,12.8842164,12.34737405,12.48402483,4767092,61365906.6900,1.472900
2023-03-20,12.53282868,12.53282868,12.23024481,12.36689559,5346145,67521232.5000,1.651800
2023-03-21,12.43522098,12.64019715,12.31809174,12.63043638,3529324,45209108.8200,1.090400
2023-03-22,12.689001,12.87445563,12.52306791,12.60115407,4452461,57930466.3100,1.375700
2023-03-23,12.5913933,12.61091484,12.33761328,12.42546021,4641324,59068073.6600,1.434000
2023-03-24,12.52306791,12.54258945,12.33761328,12.35713482,3781643,48012734.7900,1.168400
2023-03-27,12.35713482,12.48402483,12.2985702,12.40593867,3799806,48297520.4800,1.174000
2023-03-28,12.48402483,12.51330714,12.16191942,12.21072327,4313910,54358828.7000,1.332900
2023-03-29,12.21072327,12.31809174,12.07407249,12.09359403,3526707,43930920.2500,1.089600
2023-03-30,12.09359403,12.42546021,12.05455095,12.26928789,4026542,50596173.3600,1.244100
2023-03-31,12.21072327,12.41569944,12.18144096,12.37665636,2827825,35737249.9300,0.873700
2023-04-03,12.46450329,12.46450329,12.2009625,12.30833097,3624407,45599046.0300,1.119800
2023-04-04,12.32785251,12.32785251,11.88861786,12.02526864,5233590,64609513.7700,1.617000
2023-04-06,12.07407249,12.15215865,11.87885709,12.14239788,2979012,36700348.3600,0.920400
2023-04-07,12.13263711,12.21072327,11.97646479,12.01550787,2781240,34462774.8000,0.859300
2023-04-10,12.03502941,12.1033548,11.95694325,12.05455095,2495004,30788416.6300,0.770900
2023-04-11,12.01550787,12.05455095,11.79101016,11.91790017,3006297,36644303.8200,0.928900
2023-04-12,11.92766094,11.97646479,11.78124939,11.95694325,3071741,37374048.0100,0.949100
2023-04-13,11.98622556,11.99598633,11.8105317,11.8105317,2231841,27075418.1000,0.689600
2023-04-14,11.86909632,11.95694325,11.74220631,11.9081394,2550255,31035545.2000,0.787900
2023-04-17,11.84957478,12.43522098,11.77148862,12.31809174,6248345,78634846.8500,1.930500
2023-04-18,12.28880943,12.42546021,12.23024481,12.30833097,2665369,33645334.5000,0.823500
2023-04-19,12.34737405,12.34737405,12.15215865,12.26928789,2466207,30890346.2500,0.762000
2023-04-20,12.25952712,12.25952712,11.93742171,12.1033548,2672277,33021374.5900,0.825600
2023-04-21,12.09359403,12.22048404,11.62507707,11.62507707,3169000,38499824.1400,0.979100
2023-04-24,11.63483784,11.74220631,11.2248855,11.39081859,3744818,43757396.7200,1.157000
2023-04-25,11.44938321,11.48842629,10.91254086,11.16632088,4246981,48383420.6400,1.312200
2023-04-26,11.16632088,11.58603399,11.14679934,11.39081859,5401282,63235112.5600,1.668800
2023-04-27,11.3224932,11.53723014,11.24440704,11.41034013,3772387,44013299.4400,1.165500
2023-04-28,11.2248855,11.44938321,10.96134471,11.11751703,5903565,66907529.6000,1.824000
2023-05-04,11.11751703,11.63483784,10.99062702,11.29321089,5983154,69804428.8100,1.848600
2023-05-05,11.2248855,11.33225397,10.8344547,10.91254086,5532006,62037522.8700,1.709200
2023-05-08,10.96134471,11.26392858,10.96134471,11.10775626,4360931,49647345.0000,1.347400
2023-05-09,11.14679934,11.14679934,10.69780392,10.71732546,4729071,52569399.8000,1.461100
2023-05-10,10.82469393,11.16632088,10.68804315,11.0296701,4642261,52086623.7200,1.434300
2023-05-11,11.11751703,11.37129705,10.89301932,11.15656011,4986564,56997153.7700,1.540700
2023-05-12,11.10775626,11.19560319,10.75636854,10.85397624,3963543,44293168.2400,1.224600
2023-05-15,10.79541162,11.15656011,10.79541162,11.06871318,3782588,42715307.4600,1.168700
2023-05-16,11.07847395,11.50794783,11.00038779,11.35177551,7228110,83798562.2300,2.233300
2023-05-17,11.3224932,11.48842629,11.23464627,11.4201009,3443937,40153008.4200,1.064100
2023-05-18,11.48842629,11.60555553,11.3224932,11.46890475,3331236,39119590.3600,1.029200
2023-05-19,11.5177086,11.58603399,11.38105782,11.48842629,2478500,29173419.0000,0.765800
2023-05-22,11.4201009,11.94718248,11.39081859,11.84957478,4509330,54374512.0000,1.393200
2023-05-23,11.84957478,11.96670402,11.68364169,11.70316323,3311672,40023479.6200,1.023200
2023-05-24,11.70316323,11.85933555,11.59579476,11.72268477,2282300,27455676.0000,0.705200
2023-05-25,11.83005324,11.97646479,11.65435938,11.87885709,3766001,45621630.5100,1.163600
2023-05-26,11.9081394,11.94718248,11.56651245,11.84957478,3450382,41552410.9300,1.066100
2023-05-29,11.85933555,11.85933555,11.59579476,11.6153163,2858400,34232779.0000,0.883200
2023-05-30,11.89837863,12.56211099,11.73244554,11.99598633,15945966,197521436.7500,4.926800
2023-05-31,12.14239788,12.16191942,11.68364169,11.70316323,8951775,108436813.5000,2.765800
2023-06-01,11.76172785,11.78124939,11.43962244,11.65435938,5888109,70315103.4900,1.819200
2023-06-02,11.65435938,11.94718248,11.63483784,11.73244554,3555842,42850136.4200,1.098600
2023-06-05,11.69340246,11.83981401,11.55675168,11.62507707,3159323,37686886.4000,0.976100
2023-06-06,11.6153163,11.67388092,11.29321089,11.3224932,3560987,41718279.4500,1.100200
2023-06-07,11.31273243,11.38105782,11.19560319,11.25416781,2581706,29863858.5800,0.797700
2023-06-08,11.25416781,11.46890475,11.14679934,11.17608165,2617230,30181795.4000,0.808600
2023-06-09,11.17608165,11.5177086,11.1272778,11.4201009,2953726,34297811.6000,0.912600
2023-06-12,11.41034013,11.76172785,11.27368935,11.69340246,4226729,50098955.2200,1.305900
2023-06-13,11.62507707,11.95694325,11.62507707,11.88861786,3777423,45804766.3800,1.167100
2023-06-14,11.91790017,11.93742171,11.58603399,11.69340246,3113900,37260658.0000,0.962100
2023-06-15,11.69340246,12.64995792,11.55675168,12.63043638,14213073,178382915.0700,4.391400
2023-06-16,12.64019715,13.44058029,12.51330714,13.32345105,21576615,290852231.1600,6.666500
2023-06-19,13.4698626,14.63139423,13.33321182,14.56306884,26443318,381345182.4400,8.170200
2023-06-20,14.82660963,15.89053356,14.43617883,15.55866738,39553801,616124356.2000,12.220900
2023-06-21,15.1835205,15.66726075,14.61093,14.75901375,22006035,337170598.8000,6.799200
2023-06-26,14.75901375,15.045309,14.16667875,14.26540125,18559644,274733034.3400,5.734300
2023-06-27,14.255529,14.50233525,13.29792075,13.663194,30250814,419491425.7300,9.346500
2023-06-28,13.65332175,14.16667875,13.13996475,13.900128,23013703,318650003.7900,7.110500
2023-06-29,13.7619165,15.1045425,13.7619165,14.571441,25263892,372878416.8500,7.805700
2023-06-30,14.54182425,14.93671425,14.16667875,14.689908,17066300,252281432.5000,5.272900
2023-07-03,14.847864,15.3019875,14.62080225,14.7491415,22534363,341427377.9100,6.962400
2023-07-04,14.62080225,15.1045425,14.4727185,14.93671425,15532800,234224178.1200,4.799100
2023-07-05,14.93671425,15.25262625,14.61093,14.847864,12529073,190073412.3800,3.871100
2023-07-06,14.847864,16.3287015,14.6306745,16.3287015,26099701,414405023.4000,8.064000
2023-07-07,16.6841025,17.7503055,15.5389215,16.61499675,50368334,848006269.1200,15.562200
2023-07-10,16.3681905,16.8815475,14.95645875,15.3809655,36952178,587588227.8300,11.417100
2023-07-11,15.40071,16.14112875,15.3019875,15.66726075,27698055,440116973.4000,8.557800
2023-07-12,15.84496125,16.63474125,15.39083775,15.479688,24644013,398670323.4400,7.614200
2023-07-13,15.361221,15.84496125,15.163776,15.56853825,18191970,285563387.6000,5.620700
2023-07-14,15.37109325,16.111512,15.3019875,15.56853825,15091323,241317022.5600,4.662700
2023-07-17,15.46981575,15.756111,14.97620325,15.17364825,12393559,191437783.8600,3.829200
2023-07-18,15.19339275,15.756111,15.1045425,15.43032675,12087612,189659154.9700,3.734700
2023-07-19,15.40071,15.4204545,14.73926925,14.847864,12297942,186055389.3600,3.799700
2023-07-20,14.85773625,15.23288175,14.7096525,14.7886305,9155933,138778219.2700,2.828900
2023-07-21,14.729397,14.7491415,14.2752735,14.30489025,8549852,125037755.5000,2.641600
2023-07-24,14.26540125,14.5122075,14.018595,14.0778285,9257619,133134463.1600,2.860300
2023-07-25,14.28514575,14.689908,14.137062,14.4727185,7018113,102795287.6100,2.168400
2023-07-26,14.54182425,14.54182425,13.75204425,13.860639,7710770,108871311.2000,2.382400
2023-07-27,13.98897825,14.5122075,13.91000025,14.20616775,7665550,110720424.0000,2.368400
2023-07-28,14.1173175,14.66029125,13.73229975,14.56156875,10226631,148328045.2300,3.159700
2023-07-31,14.56156875,14.6701635,14.255529,14.373996,7726552,112798167.8800,2.387300
2023-08-01,14.3147625,14.44310175,13.87051125,13.979106,7526690,106880001.5400,2.325500
2023-08-02,13.9198725,14.571441,13.83102225,14.413485,10480557,151790070.7400,3.238200
2023-08-03,14.30489025,14.650419,13.9593615,14.0383395,7963732,114400279.4000,2.460500
2023-08-04,14.137062,14.52207975,13.77178875,14.137062,12555986,179662889.0600,3.879400
2023-08-07,14.04821175,14.2357845,13.65332175,13.79153325,8835321,123917222.7800,2.729800
2023-08-08,13.67306625,14.10744525,13.5249825,13.6039605,8484360,118330795.2300,2.621400
2023-08-09,13.51511025,13.8014055,13.228815,13.27817625,5697057,77400328.1500,1.760200
2023-08-10,13.27817625,13.55459925,13.1300925,13.189326,4474330,60291590.9000,1.382400
2023-08-11,13.19919825,13.19919825,12.912903,12.912903,4650306,61379650.9100,1.436800
2023-08-14,12.833925,13.4854935,12.7746915,13.43613225,6947231,92638163.0700,2.146500
2023-08-15,13.4065155,14.7096525,13.3670265,14.10744525,19863304,287008780.6000,6.137100
2023-08-16,14.1568065,14.66029125,13.623705,13.67306625,13410125,193014085.3300,4.143300
2023-08-17,13.7224275,15.045309,13.465749,15.045309,20465087,299351596.0400,6.323100
2023-08-18,15.29211525,15.31185975,14.7096525,14.77875825,20378080,308987559.9100,6.296200
2023-08-21,14.571441,14.808375,14.32463475,14.38386825,13272427,195169967.5600,4.072500
2023-08-22,14.38386825,14.5911855,13.98897825,14.36412375,13401780,193648581.6100,4.112200
2023-08-23,14.255529,15.084798,13.7619165,14.50233525,21962588,323801605.0100,6.739000
2023-08-24,14.42335725,14.808375,14.10744525,14.32463475,14205458,206907135.0800,4.358800
2023-08-25,14.21604,14.2752735,13.4854935,13.544727,14471602,201183396.2200,4.440400
2023-08-28,14.452974,14.4727185,13.544727,13.59408825,11635070,163863300.9000,3.570100
2023-08-29,13.43613225,14.95645875,13.307793,14.95645875,13885643,205561673.0700,4.260700
2023-08-30,15.86470575,16.45704075,15.68700525,15.9733005,55377014,903335542.2900,16.991800
2023-08-31,15.7956,16.427424,15.46981575,16.072023,33058924,534535336.6100,10.143800
2023-09-01,15.8548335,17.6713275,15.835089,17.10860925,45727129,777029716.5900,14.030800
2023-09-04,17.0395035,17.12835375,16.664358,16.99014225,27670375,473790240.5500,8.490300
2023-09-05,17.019759,18.43149075,16.93090875,17.18758725,31941857,574143530.0100,9.801000
2023-09-06,16.91116425,17.217204,16.506402,16.69397475,26720564,454703884.5100,8.198900
2023-09-07,16.703847,16.8815475,16.072023,16.53601875,17960790,298981260.7000,5.511100
2023-09-08,16.269468,18.19455675,16.06215075,17.83915575,40076370,717211178.4600,12.297000
2023-09-11,17.7503055,18.25379025,17.37516,17.76017775,26797424,482471208.2200,8.222500
2023-09-12,17.888517,18.76714725,17.58247725,18.05634525,29174098,537998601.4200,8.951700
2023-09-13,17.967495,18.046473,17.12835375,17.58247725,18149493,320855275.5800,5.569000
2023-09-14,17.34554325,18.11557875,17.26656525,17.5133715,13051251,233289554.9900,4.004600
2023-09-15,17.62196625,17.7108165,16.861803,17.62196625,13508268,236939607.9600,4.144900
2023-09-18,17.77005,19.389099,17.7503055,18.80663625,37119667,705276193.0300,11.389700
2023-09-19,18.796764,19.0534425,17.967495,18.875742,23643489,443293628.2900,7.254700
2023-09-20,18.599319,19.8037335,18.53021325,18.638808,21185274,409839625.9600,6.500500
2023-09-21,18.76714725,18.90535875,17.7108165,17.8687725,18253329,335866013.1400,5.600800
2023-09-22,17.8687725,19.65564975,17.66145525,19.34961,35050739,667589157.2800,10.754900
2023-09-25,20.1591345,20.68236375,19.5273105,20.0406675,34592789,701439052.4600,10.614400
2023-09-26,20.18875125,20.2381125,19.43846025,19.63590525,16614663,332763031.2100,5.098000
2023-09-27,19.61616075,20.12951775,19.2508875,19.6852665,16596243,331321401.0500,5.092400
2023-09-28,19.547055,19.71488325,18.64868025,19.0534425,19896716,385922683.8200,6.105100
2023-10-09,18.8559975,19.89258375,18.09583425,19.547055,18520751,358449641.8000,5.682900
2023-10-10,19.30024875,19.33973775,18.6190635,18.88561425,12970498,248702021.9800,3.979800
2023-10-11,18.915231,19.89258375,18.15506775,18.401874,18146966,346583770.2100,5.568200
2023-10-12,18.17481225,18.43149075,17.651583,18.0662175,14735417,269288027.4600,4.521400
2023-10-13,17.8687725,18.82638075,17.335671,17.54298825,19881010,359689002.9300,6.100300
2023-10-16,17.5133715,18.39200175,17.22707625,17.99711175,17200820,309506564.4000,5.277900
2023-10-17,17.77005,17.967495,17.335671,17.5923495,11230765,200087798.3100,3.446000
2023-10-18,17.3554155,17.52324375,17.059248,17.12835375,10424999,182111745.3700,3.198800
2023-10-19,16.98027,17.50349925,16.91116425,17.06912025,9140822,159130091.6900,2.804800
2023-10-20,16.901292,17.3554155,16.6051245,16.6841025,7578227,129421873.1700,2.325300
2023-10-23,16.45704075,16.6841025,15.993045,16.41755175,11293158,185917641.3500,3.465200
2023-10-24,16.427424,16.782825,16.23985125,16.67423025,7603109,127642664.2100,2.332900
2023-10-25,16.8420585,17.6713275,16.8420585,17.098737,12787211,223421718.0500,3.923600
2023-10-26,17.098737,17.1579705,16.348446,16.93090875,7914100,134207798.0000,2.428400
2023-10-27,16.9605255,17.14809825,16.45704075,16.95065325,7288934,124433847.5200,2.236500
2023-10-30,16.6841025,17.54298825,16.16087325,17.3949045,12822457,219740999.3000,3.934400
2023-10-31,17.20733175,17.256693,16.072023,16.31882925,12868571,214951606.5700,3.948600
2023-11-01,16.33857375,16.43729625,16.10163975,16.2102345,5630990,92833902.2000,1.727800
2023-11-02,16.18061775,16.55576325,15.82521675,15.84496125,7684625,125610762.8100,2.357900
2023-11-03,16.27934025,17.138226,16.16087325,16.77295275,16080944,271658012.8600,4.934300
2023-11-06,16.87167525,17.16784275,16.14112875,16.9210365,18893643,321548979.9300,5.797300
2023-11-07,17.6318385,18.60919125,17.50349925,18.60919125,9135789,169382801.5300,2.803200
2023-11-08,18.3821295,19.7445,18.2636625,19.18178175,30026961,575898477.5300,9.213400
2023-11-09,19.18178175,20.336835,18.90535875,19.2903765,21324418,420136676.2100,6.543200
2023-11-10,19.08305925,20.28747375,18.80663625,19.83335025,17633861,350795565.2400,5.410700
2023-11-13,19.665522,21.8176725,19.6457775,20.5935135,30688387,652602085.9500,9.416400
2023-11-14,20.7119805,22.311285,20.652747,21.560994,29885657,647718912.3200,9.170100
2023-11-15,21.17597625,22.16320125,20.6330025,21.90652275,29120071,627543865.9600,8.935200
2023-11-16,21.2253375,21.6202275,20.731725,21.01802025,21593797,460975529.7400,6.625800
2023-11-17,21.11674275,22.47911325,20.92917,21.90652275,24181728,532571004.4000,7.419900
2023-11-20,21.71895,24.09816225,21.679461,24.09816225,36855720,872422530.7200,11.308800
2023-11-21,23.94020625,24.53254125,22.232307,22.429752,41786971,988860144.3500,12.821900
2023-11-22,21.98550075,22.40013525,21.403038,21.4227825,27535506,607914185.9900,8.449000
2023-11-23,21.55112175,22.2125625,20.82057525,20.93904225,28305882,615567688.0100,8.685300
2023-11-24,21.245082,21.74856675,20.53428,21.1463595,25263878,544380779.1900,7.751900
2023-11-27,20.53428,21.01802025,20.18875125,20.810703,20604135,430146652.2700,6.322100
2023-11-28,20.5540245,21.2253375,20.24798475,20.92917,15896357,336141944.2000,4.877600
2023-11-29,20.93904225,21.6202275,20.76134175,21.008148,16991808,366159150.1400,5.213700
2023-11-30,21.33393225,21.6202275,20.53428,21.47214375,20762887,444987676.3400,6.370900
2023-12-01,21.2253375,21.53137725,20.850192,21.1068705,11040549,235498296.4700,3.387700
2023-12-04,20.92917,21.166104,20.44542975,20.44542975,13502491,283204649.2900,4.143100
2023-12-05,20.3960685,21.15623175,20.297346,20.74159725,16060402,337526689.2600,4.928000
2023-12-06,20.613258,21.7386945,20.48491875,20.74159725,21443339,462338380.0700,6.579600
2023-12-07,20.336835,21.126615,20.060412,20.76134175,15095834,315301637.8700,4.632000
2023-12-08,20.74159725,21.166104,20.50466325,21.0278925,11188100,236518521.8500,3.432900
2023-12-11,20.87980875,22.390263,20.2381125,22.3705185,23992608,523243460.7600,7.361900
2023-12-12,22.2125625,22.36064625,21.63009975,21.86703375,14723891,327306833.9000,4.517900
2023-12-13,21.7781835,24.01918425,21.68933325,23.03195925,30885921,720264561.6600,9.477000
2023-12-14,22.69630275,23.68352775,22.43962425,23.22940425,20952755,488208698.1900,6.429100
2023-12-15,22.706175,22.87400325,21.9361395,22.63706925,11795945,267982577.7800,3.619500
2023-12-18,22.3310295,23.72301675,22.0151175,23.4762105,14929012,350858960.0000,4.580800
2023-12-19,23.24914875,23.56506075,22.7259195,23.56506075,10398268,243938917.3400,3.190600
2023-12-20,23.38736025,24.127779,22.11384,22.87400325,11721225,272301493.3700,3.596500
2023-12-21,22.30141275,22.5679635,21.126615,22.02498975,11080469,246376364.2800,3.399900
2023-12-22,21.916395,23.68352775,21.8176725,22.2915405,15236598,352642894.8600,4.675200
2023-12-25,22.28166825,23.7921225,22.14345675,23.2787655,13990756,326685916.3400,4.292900
2023-12-26,23.0813205,23.219532,22.1335845,22.3705185,10932054,250898392.5000,3.354400
2023-12-27,22.311285,22.95298125,22.2520515,22.38039075,6857693,156655811.3400,2.104200
2023-12-28,22.232307,22.51860225,21.71895,22.153329,9863948,221814789.8000,3.026600
2023-12-29,22.1730735,23.101065,22.02498975,23.101065,11953834,274996464.7200,3.667900
2024-01-02,23.05170375,23.0813205,22.390263,22.4100075,7834040,179830400.1400,2.403800
2024-01-03,22.4100075,22.4100075,20.2381125,20.652747,15865182,337758234.9200,4.868000
2024-01-04,20.50466325,20.652747,19.8432225,20.34670725,7059477,144833742.6800,2.166100
2024-01-05,20.5935135,20.95878675,20.099901,20.36645175,6565661,137274324.9800,2.014600
2024-01-08,20.68236375,20.68236375,18.4216185,18.55983,19101491,368603737.2900,5.861100
2024-01-09,18.54995775,19.3693545,18.4611075,19.310121,13204692,254096030.4300,4.051700
2024-01-10,19.152165,19.2508875,18.480852,19.08305925,8339205,159473385.9200,2.558800
2024-01-11,18.8559975,19.2508875,18.70791375,18.95472,8009126,153462424.9500,2.457500
2024-01-12,18.875742,19.033698,18.3426405,18.70791375,11075586,209133995.4600,3.398400
2024-01-15,18.6980415,18.6980415,18.0267285,18.27353475,8589690,158774785.4000,2.635600
2024-01-16,18.07608975,18.362385,17.85890025,18.085962,6156273,112541564.0400,1.889000
2024-01-17,18.0662175,18.125451,17.4738825,17.50349925,5276661,94908866.3300,1.619100
2024-01-18,17.28630975,17.651583,16.9210365,17.56273275,7273791,126822112.7700,2.231900
2024-01-19,17.46401025,17.77992225,17.0789925,17.08886475,5187799,91168595.2600,1.591800
2024-01-22,16.940781,17.20733175,15.80547225,15.9733005,9874271,165132031.1000,3.029800
2024-01-23,15.9733005,16.27934025,15.6968775,15.953556,8620582,139191827.8400,2.645100
2024-01-24,15.993045,16.151001,15.282243,15.8153445,7959014,126261265.0500,2.442100
2024-01-25,15.8153445,15.9733005,15.13415925,15.6178995,16190181,253818261.0000,4.967800
2024-01-26,15.440199,15.54879375,14.61093,14.91696975,14522455,221007934.9500,4.456000
2024-01-29,15.00582,15.1045425,14.21604,14.24565675,11323808,166103469.4400,3.474600
2024-01-30,14.295018,15.09467025,14.097573,14.42335725,12664374,188111757.1200,3.885900
2024-01-31,14.36412375,14.73926925,13.71255525,13.73229975,8920944,127506092.9400,2.737300
2024-02-01,13.63357725,14.24565675,13.4854935,13.89025575,8403731,118487372.5600,2.578600
2024-02-02,13.742172,14.058084,12.5377575,13.02149775,15050797,202580106.0300,4.618200
2024-02-05,12.833925,12.9326475,11.71836075,11.71836075,13104627,160104450.7500,4.021000
2024-02-06,11.14577025,12.715458,10.9187085,12.202101,17751214,212695145.3500,5.446800
2024-02-07,12.29095125,12.50814075,11.254365,11.54066025,27175096,326192357.1300,8.338400
2024-02-08,11.214876,12.6957135,10.39547925,12.63648,40066853,485408712.6300,10.941200
2024-02-19,12.62660775,13.27817625,12.42916275,13.1300925,28220459,368248874.3500,7.706200
2024-02-20,13.00175325,14.44310175,12.62660775,14.44310175,29863792,409252835.9500,8.155000
2024-02-21,14.1173175,15.13415925,13.742172,14.2752735,39141942,579298310.2900,10.688600
2024-02-22,14.137062,15.05518125,14.1173175,14.93671425,25172746,375029578.1600,6.874000
2024-02-23,14.97620325,16.427424,14.9465865,16.427424,34096640,542454914.4200,9.310900
2024-02-26,16.782825,17.6318385,16.3287015,16.5656355,45918485,793531838.1900,12.539100
2024-02-27,16.4866575,17.74043325,16.27934025,17.74043325,32381463,557225828.1200,8.842500
2024-02-28,17.42452125,17.4738825,15.96342825,15.96342825,40329488,681995544.5500,11.012900
2024-02-29,15.41058225,16.6446135,15.3809655,16.5656355,26921027,443250006.4500,7.351400
2024-03-01,16.53601875,16.703847,15.98317275,16.387935,22590776,373142395.6900,6.168900
2024-03-04,16.308957,17.37516,15.94368375,17.335671,33976599,577059208.9000,9.278100
2024-03-05,16.99014225,17.217204,16.387935,16.703847,22721265,386625162.2600,6.204600
2024-03-06,16.427424,17.730561,16.29908475,17.3949045,33821269,586935037.8900,9.235700
2024-03-07,17.66145525,18.125451,16.67423025,16.95065325,32489915,574162896.4600,8.872100
2024-03-08,16.77295275,17.533116,16.33857375,17.34554325,21492484,373381747.2400,5.869000
2024-03-11,17.12835375,17.9872395,16.8815475,17.9082615,21625197,383147522.0900,5.905300
2024-03-12,18.0267285,19.4088435,17.87864475,18.875742,35560820,675571788.2200,9.710700
2024-03-13,18.7375305,20.0406675,18.480852,19.89258375,32922868,647916522.5600,8.990300
2024-03-14,19.87283925,19.87283925,18.55983,18.9349755,34504019,669102062.6800,9.422100
2024-03-15,18.757275,19.428588,18.37225725,19.33973775,25047106,484726231.1400,6.839700
2024-03-18,19.0534425,19.55692725,18.9349755,19.41871575,21343692,414439778.7700,5.828400
2024-03-19,19.152165,19.31999325,18.4611075,18.5400855,20793204,395905965.4300,5.678100
2024-03-20,18.51046875,18.90535875,18.29327925,18.60919125,17171741,323768179.8400,4.689100
2024-03-21,18.41174625,18.72765825,18.15506775,18.5400855,16043722,299598109.3500,4.381100
2024-03-22,18.5005965,20.3960685,18.2636625,19.6852665,41985160,821850512.3900,11.465000
2024-03-25,19.39897125,20.0406675,18.15506775,18.16494,33247595,643136211.2100,9.079000
2024-03-26,17.9477505,18.243918,17.177715,17.42452125,24507011,437170122.9400,6.692200
2024-03-27,17.37516,17.60222175,16.51627425,16.51627425,17927128,307330623.8300,4.895400
2024-03-28,16.624869,18.16494,16.624869,18.16494,28004871,505114028.9100,7.647400
2024-03-29,18.16494,18.60919125,17.6713275,18.27353475,25100594,458499639.9600,6.854300
2024-04-01,18.17481225,18.8559975,18.05634525,18.82638075,20712990,390338664.6700,5.656200
2024-04-02,18.78689175,18.78689175,17.77005,18.11557875,18501179,340331986.5600,5.052200
2024-04-03,17.77005,17.95762275,17.02963125,17.16784275,14690936,258074719.3900,4.011700
2024-04-08,17.16784275,17.44426575,16.71371925,16.8815475,13222287,228267931.4100,3.610600
2024-04-09,16.940781,18.19455675,16.7235915,17.56273275,18703324,331978843.0400,5.107400
2024-04-10,17.56273275,17.68119975,16.65448575,16.77295275,12983352,223720824.4500,3.545400
2024-04-11,16.57550775,17.177715,16.57550775,16.940781,12576411,215441266.2300,3.434300
2024-04-12,16.8815475,17.22707625,16.67423025,16.7630805,11742852,201481126.7600,3.206700
2024-04-15,16.7630805,16.861803,15.40071,15.9338115,19925061,323145602.4600,5.441000
2024-04-16,15.9338115,15.993045,14.5122075,14.66029125,18556317,280915224.5100,5.067200
2024-04-17,15.1835205,15.62777175,15.045309,15.598155,13074970,204355462.5800,3.570400
2024-04-18,15.52904925,16.8815475,15.1835205,16.2892125,20039390,328502158.6700,5.472200
2024-04-19,16.27934025,16.27934025,15.70674975,15.8548335,10913020,176215171.0700,2.980000
2024-04-22,15.598155,15.8153445,15.15390375,15.45007125,7668300,120505823.0000,2.094000
2024-04-23,15.479688,17.0000145,15.479688,16.782825,30422360,510291845.9300,8.307500
2024-04-24,16.79269725,17.2369485,16.624869,16.95065325,22478739,384435453.8300,6.138300
2024-04-25,16.782825,17.10860925,16.55576325,16.69397475,11680000,199015067.0000,3.189500
2024-04-26,16.5656355,17.46401025,16.5656355,17.22707625,16072998,278110889.1800,4.389100
2024-04-29,17.967495,18.05634525,17.3949045,17.533116,19689201,352324949.0000,5.376600
2024-04-30,17.572605,17.849028,17.2369485,17.56273275,12342368,218699810.0200,3.370400
2024-05-06,17.91813375,18.37225725,17.74043325,18.09583425,22261934,408273163.4100,6.079100
2024-05-07,18.1451955,18.21430125,17.50349925,17.76017775,13398097,241327257.8300,3.658700
2024-05-08,17.572605,17.572605,16.89141975,16.9605255,13144700,228303292.1000,3.589500
2024-05-09,16.9605255,17.28630975,16.91116425,16.99014225,10707178,184898055.9600,2.923800
2024-05-10,17.059248,17.10860925,16.57550775,16.69397475,7761376,131523503.8400,2.119400
2024-05-13,16.58538,16.58538,15.874578,15.98317275,10754376,175393749.6400,2.936700
2024-05-14,16.59525225,16.77295275,16.032534,16.12138425,9194436,152143641.6800,2.510700
2024-05-15,16.06215075,16.20036225,15.7956,15.8548335,6716190,108583205.2700,1.834000
2024-05-16,15.8943225,16.49652975,15.86470575,16.2497235,11009430,180116363.5000,3.006400
2024-05-17,16.02266175,16.47678525,15.874578,16.427424,9915288,162797959.4200,2.707600
2024-05-20,16.2892125,16.940781,16.25959575,16.624869,11885952,199860892.2400,3.245700
2024-05-21,16.55576325,16.61499675,15.993045,16.19049,8639639,141899718.0400,2.359300
2024-05-22,16.22010675,17.809539,16.19049,17.3159265,29650912,519283807.8300,8.096900
2024-05-23,17.177715,17.5133715,16.98027,17.296182,17391540,303993121.2400,4.749200
2024-05-24,17.177715,17.2764375,16.6841025,16.83218625,11903523,203889639.8500,3.250500
2024-05-27,17.04937575,17.04937575,15.90419475,16.55576325,12946597,213708009.6900,3.535400
2024-05-28,16.3681905,16.5656355,16.032534,16.1707455,8828231,145168560.7400,2.410700
2024-05-29,15.9733005,16.2892125,15.9338115,16.18061775,5601200,91635363.0000,1.529500
2024-05-30,16.1312565,16.8420585,16.12138425,16.6051245,15821360,266210547.6000,4.320400
2024-05-31,16.8815475,18.2636625,16.861803,17.81941125,44511592,806378348.6800,12.154900
2024-06-03,18.1451955,18.638808,17.77005,17.967495,41964007,771426712.9200,11.459200
2024-06-04,17.77005,18.21430125,17.454138,18.05634525,25701661,466743662.8700,7.018400
2024-06-05,17.77992225,18.54995775,17.64171075,18.006984,23812300,436449928.8700,6.502500
2024-06-06,18.006984,18.09583425,17.00988675,17.42452125,22185355,392715110.8700,6.058200
2024-06-07,17.651583,18.01685625,17.30605425,17.9872395,22710835,408514741.5600,6.201700
2024-06-11,17.77005,18.45123525,17.0789925,18.401874,22526676,404428981.3300,6.151400
2024-06-12,18.1451955,19.191654,18.046473,18.757275,31179057,587430288.7400,8.514200
2024-06-13,18.45829136,19.92339332,18.25895776,19.185859,33624129,642066186.5600,9.181800
2024-06-14,18.438358,18.4881914,17.40182328,17.77059044,28833644,517045877.9500,7.873700
2024-06-17,17.5413568,17.99982408,17.50149008,17.82042384,13233622,235851086.1400,3.613700
2024-06-18,17.81045716,19.07622552,17.7905238,18.57789152,23569557,432396475.0700,6.436200
2024-06-19,18.5380248,18.59782488,17.94999068,18.16925764,14349726,262422075.3300,3.918500
2024-06-20,18.0396908,18.1393576,16.75398908,16.93338932,20014977,349093563.3400,5.465500
2024-06-21,16.56462216,16.943356,16.42508864,16.86362256,9941931,167006285.5200,2.714900
2024-06-24,16.65432228,16.83372252,15.946688,15.96662136,12282051,200595049.7900,3.353900
2024-06-25,15.8968546,16.33538852,15.86695456,15.98655472,8919571,144098940.9900,2.435700
2024-06-26,15.93672132,16.32542184,15.51812076,16.28555512,10383429,166404357.4900,2.835400
2024-06-27,16.10615488,16.445022,15.88688792,15.88688792,8308600,134736962.0000,2.268900
2024-06-28,15.86695456,16.694189,15.80715448,16.3453552,11428042,186818018.6400,3.120700
2024-07-01,16.2456884,16.5945222,15.946688,16.58455552,8173910,133480755.8000,2.232100
2024-07-02,16.88355592,17.11278956,16.43505532,16.5446888,8758700,147041438.0000,2.391800
2024-07-03,16.6443556,16.7938558,16.15598828,16.3951886,7308080,121220612.2000,1.995600
2024-07-04,16.6443556,16.92342264,16.07625484,16.2456884,10984150,182544777.9000,2.999500
2024-07-05,15.946688,15.95665468,14.7506864,15.5978542,13926987,214136594.0700,3.803100
2024-07-08,15.199187,15.23905372,14.4018526,14.451686,11791680,174391740.2000,3.220000
2024-07-09,14.451686,14.9001866,13.96331868,14.83041984,13681986,197403258.5400,3.736200
2024-07-10,14.61115288,14.91015328,14.44171932,14.6510196,8732750,128612557.9000,2.384700
2024-07-11,14.95002,15.27892044,14.74071972,14.9998534,9192936,138006594.3300,2.510300
2024-07-12,15.0496868,15.0496868,14.52145276,14.52145276,7707979,113411661.1400,2.104800
2024-07-15,14.52145276,14.52145276,13.8038518,14.01315208,8693770,122533582.2000,2.374000
2024-07-16,13.953352,14.33208584,13.8038518,14.22245236,6714179,94629822.2100,1.833500
2024-07-17,14.13275224,14.17261896,13.83375184,13.83375184,5019412,70332462.8000,1.370700
2024-07-18,13.7540184,13.953352,13.46498468,13.83375184,6784800,93153515.0000,1.852700
2024-07-19,13.76398508,14.17261896,13.67428496,13.953352,5701700,80334957.0000,1.557000
2024-07-22,13.96331868,14.38191924,13.953352,14.3021858,6665200,95044101.0000,1.820100
2024-07-23,14.83041984,14.93008664,14.12278556,14.26231908,8604334,124880944.5600,2.349600
2024-07-24,13.953352,14.21248568,13.8038518,13.8038518,7010190,98156150.7000,1.914300
2024-07-25,13.72411836,14.0031854,13.53475144,13.82378516,5742760,79380452.9000,1.568200
2024-07-26,13.704185,14.23241904,13.704185,14.23241904,7269775,102770366.9600,1.985200
2024-07-29,14.202519,14.451686,14.0031854,14.202519,5763784,81741342.1200,1.573900
2024-07-30,14.14271892,14.87028656,13.79388512,14.5513528,12692881,183647897.2400,3.466100
2024-07-31,14.53141944,15.93672132,14.41181928,15.72742104,23769449,366464707.7500,6.490800
2024-08-01,15.5978542,15.697521,15.2988538,15.38855392,13490800,209161401.0900,3.684000
2024-08-02,15.21912036,15.31878716,14.82045316,14.84038652,8884828,134340990.2000,2.426200
2024-08-05,14.700853,15.16928696,14.59121952,14.6011862,10630798,159173356.4000,2.903000
2024-08-06,14.8503532,15.00982008,14.6011862,14.89021992,7211100,107055170.0000,1.969200
2024-08-07,14.87028656,15.13938692,14.83041984,14.93008664,8236100,123976489.9100,2.249100
2024-08-08,14.8005198,14.83041984,14.23241904,14.26231908,8825562,127545392.7800,2.410000
2024-08-09,14.39188592,14.451686,14.1526856,14.23241904,4453800,63782614.0000,1.216200
2024-08-12,14.19255232,14.39188592,13.91348528,14.17261896,4242136,60235925.0400,1.158400
2024-08-13,14.1028522,14.41181928,14.07295216,14.31215248,4763283,68069058.1500,1.300700
2024-08-14,14.2523524,14.43175264,14.09288552,14.2523524,4912586,70252628.6200,1.341500
2024-08-15,13.953352,14.700853,13.83375184,14.49155272,8625146,124378329.8800,2.355300
2024-08-16,14.4018526,14.6011862,14.29221912,14.36198588,4719060,68335459.6000,1.288600
2024-08-19,14.34205252,14.44171932,14.04305212,14.06298548,4402900,62733475.0000,1.202300
2024-08-20,14.09288552,14.14271892,13.67428496,13.93341864,4599461,63920002.7500,1.256000
2024-08-21,13.82378516,14.2523524,13.7540184,14.09288552,6998200,98531178.0000,1.911000
2024-08-22,14.0530188,14.0530188,12.96665068,13.1061842,11329834,152053420.6600,3.093900
2024-08-23,13.0563508,13.34538452,12.9068506,12.9068506,4605231,60288445.7600,1.257600
2024-08-26,12.97661736,13.33541784,12.91681728,12.94671732,3408230,44659441.7000,0.930700
2024-08-27,12.83708384,12.98658404,12.44838332,12.49821672,5590800,70884271.0000,1.526700
2024-08-28,12.53808344,12.9068506,12.39854992,12.66765028,5517821,70169629.4900,1.506800
2024-08-29,12.58791684,13.28558444,12.53808344,13.1560176,6791950,88732011.6000,1.854700
2024-08-30,13.23575104,13.5546848,13.04638412,13.43508464,7588422,102012583.4200,2.072200
2024-09-02,13.36531788,13.49488472,12.8570172,12.88691724,5709601,75360592.0100,1.559100
2024-09-03,13.04638412,13.41515128,12.88691724,13.18591764,5581121,73845417.9900,1.524100
2024-09-04,13.09621752,13.39521792,13.03641744,13.21581768,4029650,53480326.0000,1.100400
2024-09-05,13.3553512,13.704185,13.32545116,13.42511796,6429800,87171978.0000,1.755800
2024-09-06,13.4051846,13.53475144,13.0563508,13.22578436,3924760,52100227.2000,1.071700
2024-09-09,13.04638412,13.19588432,12.83708384,13.11615088,3781790,49525614.3000,1.032700
2024-09-10,13.19588432,13.205851,12.79721712,13.13608424,5089900,66234349.0000,1.389900
2024-09-11,13.09621752,13.1560176,12.96665068,13.13608424,3219078,42187728.0200,0.879000
2024-09-12,13.13608424,13.21581768,12.8071838,12.96665068,4570450,59624816.4000,1.248100
2024-09-13,12.956684,12.956684,12.43841664,12.45835,5431120,68633131.8000,1.483100
2024-09-18,12.52811676,12.52811676,12.12944956,12.27894976,4998400,61587841.0000,1.364900
2024-09-19,12.3586832,12.91681728,12.17928296,12.6576836,8104282,102518925.4300,2.213100
2024-09-20,12.6576836,12.81715048,12.41848328,12.49821672,5002500,63125519.5000,1.366000
2024-09-23,12.53808344,12.6576836,12.23908304,12.47828336,3215583,40290991.3300,0.878100
2024-09-24,12.6078502,13.66431828,12.5081834,13.39521792,12148850,159303574.0000,3.317500
2024-09-25,13.72411836,13.91348528,13.32545116,13.3553512,12142950,166362044.5000,3.315900
2024-09-26,13.5048514,14.49155272,13.455018,14.48158604,21258595,302190256.0400,5.805100
2024-09-27,14.48158604,15.2490204,14.48158604,15.18922032,13562131,202406693.5400,3.703400
2024-09-30,15.7473544,16.5945222,15.05965348,16.5945222,28348673,453034626.3800,7.741300
2024-10-08,18.22905772,18.25895776,16.52475544,17.75065708,30188237,530034525.7200,8.243600
2024-10-09,16.96328936,18.15929096,16.62442224,16.85365588,30436164,532240734.0200,8.311300
2024-10-10,17.02308944,17.22242304,16.15598828,16.23572172,18076820,301196374.7300,4.936300
2024-10-11,16.0463548,16.0961882,14.67095296,14.94005332,19465259,298220904.0800,5.315400
2024-10-14,14.9001866,15.81712116,14.48158604,15.58788752,16783292,254643243.2300,4.583100
2024-10-15,15.42842064,15.9965214,15.0496868,15.17925364,16259790,250969189.6000,4.440100
2024-10-16,14.94005332,15.60782088,14.76065308,15.36862056,13286557,203450253.6100,3.628200
2024-10-17,15.37858724,15.5978542,15.12942024,15.1493536,11561494,177940633.1200,3.157100
2024-10-18,15.08955352,16.43505532,14.95002,16.15598828,23469020,375232477.8500,6.408700
2024-10-21,16.25565508,16.71412236,16.07625484,16.33538852,16616784,272958738.2200,4.537600
2024-10-22,16.4948554,17.73072372,16.16595496,17.27225644,24643891,421933646.4600,6.729600
2024-10-23,17.0430228,17.33205652,16.7440224,16.86362256,15577174,265605163.7300,4.253700
2024-10-24,17.2423564,17.93005732,16.8436892,17.32208984,22686174,393762427.6400,6.195000
2024-10-25,17.46162336,17.56129016,17.01312276,17.18255632,16004474,277052259.7300,4.370400
2024-10-28,17.44169,18.6376916,17.41178996,18.3386912,28219744,514545168.4600,7.706000
2024-10-29,18.30879116,19.06625884,17.9898574,18.0895242,25358031,469778785.0500,6.924600
2024-10-30,18.14932428,18.90679196,18.0895242,18.41842464,17563319,326459261.5400,4.796100
2024-10-31,18.22905772,18.7871918,17.86029056,18.65762496,15476284,285772394.8600,4.226200
2024-11-01,18.4881914,18.56792484,17.13272292,17.15265628,19259478,343255107.4600,5.259200
2024-11-04,17.5413568,18.60779156,17.52142344,18.14932428,20752813,378130565.6600,5.667000
2024-11-05,18.19915768,18.5380248,17.6410236,18.438358,20050284,365314506.3300,5.475200
2024-11-06,18.5380248,19.435026,18.0895242,19.11609224,35805307,677914740.3000,9.777500
2024-11-07,19.11609224,19.11609224,18.31875784,18.70745836,21005485,391706071.1600,5.736000
2024-11-08,18.7871918,19.32539252,18.50812476,18.7871918,19261884,364227817.0600,5.259900
2024-11-11,18.79715848,20.431694,18.7871918,20.36192724,25205785,499691553.5200,6.883000
2024-11-12,20.35196056,20.70079436,19.31542584,19.81375984,20083388,400291670.4900,5.484200
2024-11-13,19.62439292,19.65429296,18.7373584,19.40512596,12546019,240856825.2100,3.426000
2024-11-14,19.32539252,19.71409304,18.66759164,18.72739172,10681590,205172949.9000,2.916900
2024-11-15,18.5380248,18.94665868,17.8403572,17.87025724,10969876,201821427.0400,2.995600
2024-11-18,17.940024,18.21909104,17.21245636,17.44169,8949723,158657797.9800,2.443900
2024-11-19,17.53139012,18.34865788,17.46162336,18.34865788,10042177,180826806.5500,2.742200
2024-11-20,18.3386912,19.7340264,18.189191,19.50479276,22462130,435852639.4300,6.133800
2024-11-21,19.45495936,19.75395976,19.04632548,19.47489272,13252674,258349332.8000,3.618900
2024-11-22,19.4848594,19.66425964,18.39849128,18.50812476,14156200,272186464.9700,3.865700
2024-11-25,18.50812476,18.70745836,17.72075704,18.25895776,12142734,220655334.0800,3.315800
2024-11-26,18.19915768,18.19915768,17.01312276,17.10282288,17368624,302863768.6700,4.742900
2024-11-27,17.25232308,17.82042384,16.31545516,17.690857,20581605,351591655.0400,5.620300
2024-11-28,17.5911902,17.6410236,16.4948554,16.57458884,20772099,354088959.1400,5.672300
2024-11-29,17.16262296,18.22905772,16.95332268,18.22905772,23940000,421497627.2000,6.537400
2024-12-02,19.82372652,20.05296016,19.1360256,20.05296016,36740436,727911229.6400,10.032800
2024-12-03,21.15926164,22.05626284,20.81042784,22.05626284,28392450,613854409.7200,7.753200
2024-12-04,24.25889912,24.25889912,24.25889912,24.25889912,8845964,215310763.7600,2.415600
2024-12-05,26.68080236,26.68080236,26.68080236,26.68080236,4082080,109277281.6000,1.114700
2024-12-06,29.3518726,29.3518726,26.68080236,29.3518726,134147989,3854082899.9400,36.632200
2024-12-09,29.39173932,32.2920432,28.51467148,28.6043716,137755574,4347202181.0800,37.617300
2024-12-10,28.6043716,30.6973744,25.7638678,27.40837,133460945,3822354533.0700,36.444500
2024-12-11,26.27216848,30.149207,25.0163668,29.2023724,138774336,3901532402.3400,37.895500
2024-12-12,28.155871,32.12260964,28.155871,32.12260964,110448663,3399302694.0800,30.160500
2024-12-13,33.67741172,35.3318806,30.7472078,35.3318806,130961375,4334834823.9200,35.762000
2024-12-16,33.886712,34.65414636,31.80367588,31.80367588,66760610,2211134669.4600,18.230500
2024-12-17,28.62430496,29.2023724,28.62430496,28.62430496,21956330,631908700.1000,5.995700
2024-12-18,26.90006932,27.89673732,25.7638678,26.58113556,92751100,2477339093.2500,25.327800
2024-12-19,25.913368,27.7073704,25.8137012,26.6110356,67169275,1818556879.0900,18.342100
2024-12-20,26.411702,28.79373852,26.411702,27.83693724,70647478,1967499295.0900,19.291900
2024-12-23,27.4582034,29.1027056,27.0097028,27.49807012,58465648,1644744757.4400,15.965400
2024-12-24,28.66417168,28.96317208,26.7107024,27.77713716,56384771,1569421107.2200,15.397100
2024-12-25,27.0595362,27.7572038,25.79376784,26.54126884,46888333,1262777960.0100,12.803900
2024-12-26,26.411702,28.57447156,26.411702,27.83693724,52594364,1459469298.4200,14.362100
2024-12-27,27.96650408,28.6043716,26.7107024,26.97980276,49087681,1364138702.9100,13.404500
2024-12-30,26.4615354,26.74060244,25.50473412,25.77383448,37656727,980836979.7400,10.283000
2024-12-31,25.7638678,26.10273492,24.4681994,24.667533,35807148,909267753.8200,9.778000
2025-01-02,24.65756632,26.05290152,24.169199,24.93663336,40606227,1022358150.2000,11.088500
2025-01-03,24.7671998,24.7671998,23.1226976,23.5711982,36458391,867527822.4200,9.955800
2025-01-06,23.421698,23.85026524,22.81373052,23.48149808,21779670,513537926.4000,5.947400
2025-01-07,23.6210316,24.38846596,23.5213648,24.2688658,28878884,693064195.8500,7.886000
2025-01-08,24.2688658,26.3120352,23.79046516,25.6143676,58796812,1473067768.2900,16.055800
2025-01-09,25.15590032,28.17580436,24.82699988,28.17580436,55727593,1469778371.6100,15.217700
2025-01-10,30.81697456,30.9963748,29.91997336,30.9963748,33240147,1026019922.8200,9.077000
2025-01-13,33.69734508,34.09601228,30.4482074,31.2953752,121969225,4013251059.7200,33.306500
2025-01-14,31.893376,34.42491272,31.2953752,34.42491272,66077331,2172046282.7000,18.043900
2025-01-15,37.86341732,37.86341732,37.86341732,37.86341732,14200879,539491393.2100,3.877900
2025-01-16,39.368386,41.65075572,39.1690524,40.1657204,135084803,5517281699.5400,36.888000
2025-01-17,41.5610556,43.62415836,40.20558712,41.87002268,104274816,4379963903.7100,28.474600
2025-01-20,39.77701988,44.85006,39.52785288,42.9563908,99218471,4208358716.0500,27.093900
2025-01-21,42.94642412,45.7470612,41.44145544,45.7470612,110832527,4808293367.0300,30.265300
2025-01-22,44.0527256,45.5477276,43.36502468,43.71385848,73290958,3245332489.1900,20.013800
2025-01-23,43.71385848,46.63409572,41.7603892,43.7537252,91671280,4080045090.6100,25.032900
2025-01-24,42.23878984,48.12909772,42.0095562,48.12909772,94574130,4305097778.3900,25.825600
2025-01-27,47.6407304,47.65069708,43.31519128,43.31519128,70114853,3116683686.6500,19.146500
2025-02-05,42.856724,44.11252568,41.2620552,41.91985608,89552698,3847414403.6800,24.454400
2025-02-06,41.860056,45.06932696,41.361722,44.0028922,83145087,3639653970.8600,22.704700
2025-02-07,43.9530588,48.40816476,43.5543916,46.345062,105833897,4955455077.6700,28.900400
2025-02-10,44.85006,44.9995602,42.35839,43.97299216,77024240,3390967141.1300,21.033200
2025-02-11,43.66402508,44.29192592,42.0593896,42.856724,57920912,2503770911.6700,15.816600
2025-02-12,42.42815676,44.84009332,41.9098894,44.74042652,62340480,2734853308.9500,17.023500
2025-02-13,44.3018926,46.1955618,42.62749036,42.7570572,56103471,2486533573.4000,15.320300
2025-02-14,42.69725712,42.84675732,38.88001868,39.6673864,64686580,2610500664.3200,17.664100
2025-02-17,39.63748636,41.860056,39.63748636,41.78032256,47365539,1941293531.0900,12.934200
2025-02-18,41.27202188,42.09925632,40.365054,40.67402108,34283532,1412524310.8500,9.361900
2025-02-19,40.19562044,43.5045582,40.19562044,43.2055578,50989731,2180100859.2200,13.923900
2025-02-20,43.17565776,46.11582836,42.21885648,43.61419168,62156455,2725685203.9900,16.973200
2025-02-21,43.1557244,44.0028922,41.87998936,42.9065574,47135939,2013536366.8700,12.871500
2025-02-24,42.856724,47.20219648,41.45142212,44.97962684,77174899,3462524389.3700,21.074400
2025-02-25,43.3052246,49.47459952,43.1557244,48.19886448,85647752,3997248731.4700,23.388100
2025-02-26,48.338398,53.0227376,48.338398,53.0227376,61560888,3228888916.2600,16.810600
2025-02-27,51.98620288,51.98620288,47.72046384,48.9363988,82801242,4113127125.1400,22.610800
2025-02-28,46.85336268,49.17559912,44.04275892,46.42479544,59027238,2724839036.8600,16.118700
2025-03-03,46.93309612,47.15236308,42.09925632,43.14575772,43714789,1934444075.3400,11.937300
2025-03-04,43.14575772,45.85669468,42.856724,44.79025992,37582049,1682842146.9500,10.262600
2025-03-05,43.86335868,45.846728,43.84342532,44.81019328,42176776,1889619739.1400,11.517300
2025-03-06,44.82015996,45.597561,43.97299216,44.85006,49134972,2215913578.4100,13.417400
2025-03-07,43.89325872,48.2387312,43.89325872,46.96299616,62875887,2924211248.1700,17.169700
2025-03-10,46.62412904,47.56099696,44.57099296,46.095895,39477043,1805259858.8100,10.780100
2025-03-11,44.39159272,45.348394,42.856724,44.51119288,36504489,1615543833.0900,9.968400
2025-03-12,45.83676132,47.0427296,44.87996004,44.8998934,40639433,1866902738.1300,11.097500
2025-03-13,44.90986008,44.90986008,41.0627216,41.7105558,35425440,1501803241.8800,9.673700
2025-03-14,41.0627216,45.88659472,41.0627216,45.88659472,60666405,2707964955.5700,16.566300
2025-03-17,46.2453952,46.92312944,43.73379184,45.7470612,50338926,2291033657.9500,13.746200
2025-03-18,45.7470612,46.27529524,44.37165936,45.15902708,29493913,1335287561.7100,8.054000
2025-03-19,45.32846064,46.12579504,43.73379184,44.21219248,35355960,1585761476.5000,9.654700
2025-03-20,42.89659072,45.30852728,42.51785688,44.33179264,34568846,1524319358.8200,9.439800
2025-03-21,44.16235908,45.348394,42.14908972,42.89659072,31771636,1380477681.5700,8.676000
2025-03-24,42.94642412,42.97632416,40.63415436,41.99958952,22879658,953313518.0400,6.247800
2025-03-25,41.98962284,43.4547248,41.33182196,41.75042252,22286760,946713022.2700,6.085900
2025-03-26,40.6640544,42.77699056,40.6640544,41.44145544,19226510,808585302.7000,5.250200
2025-03-27,40.9630548,41.72052248,40.24545384,40.33515396,17211775,705948502.6500,4.700100
2025-03-28,39.95642012,40.53448756,38.8202186,38.85011864,20062142,790979110.6800,5.478400
2025-03-31,38.29198456,38.66075172,36.85678264,38.59098496,20579132,777399641.5500,5.619600
2025-04-01,38.58101828,38.870052,38.0228842,38.25211784,11279231,434618397.4600,3.080100
2025-04-02,38.24215116,39.368386,38.09265096,38.7205518,15133390,588817709.8000,4.132500
2025-04-03,37.873384,39.0693856,37.58435028,37.90328404,11179668,428495831.3900,3.052900
2025-04-07,34.11594564,34.385046,34.11594564,34.11594564,3328500,113968769.0000,0.908900
2025-04-08,30.70734108,32.36180996,30.70734108,30.70734108,14359311,448581429.4000,3.921100
2025-04-09,27.91667068,31.893376,27.63760364,31.22560844,40361998,1191532424.7100,11.021800
2025-04-10,32.2422098,33.76711184,32.00300948,32.13257632,33652591,1104098955.9400,9.189600
2025-04-11,31.17577504,33.9365454,31.145875,33.139211,27095959,895627730.3400,7.399200
2025-04-14,33.96644544,34.385046,33.20897776,33.49801148,20763838,703882107.5000,5.670000
2025-04-15,33.7372118,34.5843796,33.26877784,33.76711184,20894110,710275497.6000,5.705600
2025-04-16,33.45814476,33.9863788,32.4913768,32.9897108,17831400,593967578.0000,4.869300
2025-04-17,32.87011064,34.385046,32.87011064,32.91994404,18329200,617643283.7000,5.005200
2025-04-18,32.94984408,33.36844464,32.5910436,32.6907104,11413541,376202220.4800,3.116700
2025-04-21,31.893376,35.71061444,31.6940424,34.87341332,30776982,1044735091.9800,8.404400
2025-04-22,35.04284688,35.27208052,33.59767828,33.72724512,20413800,702433422.0000,5.574500
2025-04-23,34.35514596,37.09598296,34.3352126,36.30861524,44459012,1602076975.1600,12.140500
2025-04-24,36.29864856,37.0262162,35.25214716,35.61094764,31659250,1144648428.0000,8.645300
2025-04-25,35.7803812,35.9797148,34.76377984,35.54118088,21476800,762232394.9000,5.864700
2025-04-28,35.62091432,35.62091432,34.4847128,34.4847128,14717640,513778783.6000,4.019000
2025-04-29,34.46477944,35.6807144,33.79701188,35.37174732,19881970,699645691.4000,5.429200
2025-04-30,35.4813808,37.38501668,35.24218048,37.26541652,28752920,1054890150.0000,7.851600
2025-05-06,37.37505,38.03285088,37.26541652,37.873384,28290926,1069462813.8800,7.725500
2025-05-07,38.36175132,38.4215514,36.7770492,37.37505,25230306,951015611.9400,6.889700
2025-05-08,37.0760496,38.870052,37.03618288,38.122551,29539470,1122444523.3000,8.066400
2025-05-09,38.20228444,38.2720512,36.1790484,36.83684928,22986200,851017233.3500,6.276900
2025-05-12,37.4248834,40.52452088,37.41491672,39.45808612,41470090,1612936614.2000,11.324400
2025-05-13,39.75708652,39.82685328,38.5212182,38.86008532,26089910,1023831686.7000,7.124400
2025-05-14,38.95975212,39.0195522,37.63418368,37.98301748,24013410,918557105.4000,6.557400
2025-05-15,37.7737172,37.98301748,36.7770492,36.9763828,15289171,569421605.1100,4.175100
2025-05-16,36.75711584,39.74711984,36.65744904,38.74048516,35480772,1370990326.3800,9.688800
2025-05-19,39.0693856,41.32185528,37.64415036,40.47468748,41966630,1663252244.0000,11.459900
2025-05-20,41.74045584,43.355058,40.53448756,40.92318808,49888630,2092355618.1600,13.623200
2025-05-21,39.97635348,41.6607224,39.17901908,40.863388,34531620,1387276206.6000,9.429600
2025-05-22,40.365054,40.7138878,39.1690524,39.37835268,21477100,857283527.5200,5.864800
2025-05-23,39.20891912,40.74378784,38.28201788,39.87668668,26991952,1076819388.0800,7.370800
2025-05-26,39.4680528,40.44478744,38.6707184,39.86672,16947800,672253453.0000,4.628000
2025-05-27,39.44811944,40.64412104,38.870052,39.68731976,19185837,766090134.3100,5.239100
2025-05-28,39.5677196,41.45142212,39.42818608,40.59428764,26619160,1081882275.4800,7.269000
2025-05-29,40.17568708,40.85342132,39.69728644,39.73715316,22110668,891719625.6000,6.037800
2025-05-30,39.2188858,39.30858592,36.9265494,36.94648276,24426942,925763855.6000,6.670300
2025-06-03,36.378382,37.19564976,35.70064776,36.11924832,17959793,655267066.7800,4.904300
2025-06-04,36.33851528,36.51791552,35.89998136,36.13918168,12898530,467746028.9000,3.522200
2025-06-05,36.0295482,37.0760496,35.6807144,36.68734908,16989000,619460559.0000,4.639200
2025-06-06,36.38834868,36.51791552,35.85014796,35.87008132,11626241,420079116.7600,3.174800
2025-06-09,35.77041452,36.69731576,35.70064776,36.10928164,11510623,419078965.8200,3.143200
2025-06-10,36.05944824,36.15911504,34.80364656,35.77041452,15643558,556961491.1600,4.271800
2025-06-11,35.880048,36.10928164,35.56111424,35.84018128,8803060,316860961.4000,2.403900
2025-06-12,35.70064776,36.2288818,35.41161404,35.89001468,10207200,368189035.0000,2.787300
2025-06-13,35.58,35.97,34.91,35.4,11717166,414276667.4000,3.199600
2025-06-16,35.01,35.6,34.8,34.99,9828614,344939219.1400,2.683900
2025-06-17,35.0,35.15,32.7,32.92,24571938,825964831.4800,6.709900
2025-06-18,32.77,33.48,32.5,33.47,15596734,514566370.6900,4.259000
2025-06-19,33.44,34.21,32.91,32.95,17602228,590670674.2400,4.806700
2025-06-20,32.63,33.08,31.85,31.91,14449458,466066966.5200,3.945800
2025-06-23,31.34,32.0,31.29,31.81,10259600,325818126.0000,2.801600
2025-06-24,32.03,33.6,32.0,33.16,20954523,692693891.9900,5.722100
2025-06-25,33.2,33.88,32.92,33.75,17371789,582471397.3500,4.743800
2025-06-26,33.87,34.14,33.3,33.31,14293548,482132474.8300,3.903200
2025-06-27,33.4,33.5,32.92,33.18,9787874,325272727.9400,2.672800
2025-06-30,33.19,33.8,33.11,33.51,9456048,316247417.3800,2.582200
2025-07-01,33.55,33.68,33.16,33.38,9037800,301944184.0000,2.468000
2025-07-02,33.18,33.3,32.5,32.71,8957610,293890744.6000,2.446100
2025-07-03,32.54,32.98,32.32,32.55,6894636,224815452.9200,1.882700
2025-07-04,32.55,32.61,32.01,32.13,7273246,234213083.1200,1.986100
2025-07-07,32.13,32.14,31.69,31.97,5593746,178337844.0000,1.527500
2025-07-08,31.61,32.3,31.61,32.2,8285581,265713402.1100,2.262600
2025-07-09,32.83,33.42,32.16,32.22,16015625,524399531.0000,4.373400
2025-07-10,31.8,32.11,31.73,31.94,7719962,246039142.5400,2.108100
2025-07-11,32.0,33.37,31.83,33.0,17113072,560054539.3800,4.673100
2025-07-14,33.32,36.18,32.9,34.93,36560959,1262405713.3400,9.983800
2025-07-15,34.5,34.88,34.01,34.58,22035900,756770008.0000,6.017400
2025-07-16,34.57,36.06,34.33,35.7,31436660,1113506418.7200,8.584500
2025-07-17,35.43,36.94,35.17,36.31,30579150,1107445105.3000,8.350300
2025-07-18,36.3,36.32,35.57,35.96,17669500,633110777.8000,4.825100
2025-07-21,36.44,37.53,36.0,36.77,22925885,842288142.4500,6.260400
2025-07-22,36.6,36.64,35.56,35.65,19660128,706571437.8400,5.368600
2025-07-23,35.21,35.87,35.05,35.39,12155066,430877185.2800,3.319200
2025-07-24,35.36,36.06,35.36,35.63,11052398,393923429.6800,3.018100
2025-07-25,35.39,35.6,35.05,35.43,12052260,425522715.1800,3.291100
2025-07-28,35.88,35.97,35.23,35.43,9943800,353612407.9500,2.715400
2025-07-29,35.29,35.38,34.9,35.22,9842890,345570096.8000,2.687800
2025-07-30,35.28,35.29,34.02,34.28,11743388,405285403.4800,3.206800
2025-07-31,34.03,35.23,34.03,34.29,14097043,489417778.3000,3.849500
2025-08-01,34.25,34.64,33.6,33.9,9883880,335913343.3000,2.699000
2025-08-04,33.63,37.29,33.58,37.29,38397046,1380857314.2300,10.485200
2025-08-05,38.95,39.62,37.85,38.07,54985487,2116306564.2500,15.015000
2025-08-06,37.87,41.0,37.5,40.22,58370290,2299465921.6600,15.939300
2025-08-07,40.0,40.07,38.7,39.16,34609476,1353409238.8200,9.450900
2025-08-08,39.16,39.47,38.2,38.4,24767366,960295688.2600,6.763300
2025-08-11,38.38,38.86,38.08,38.45,20654157,794593495.0300,5.640100
2025-08-12,38.45,38.58,37.81,38.22,17618842,671908972.7400,4.811200
2025-08-13,38.15,38.88,37.8,38.62,20392373,783709292.8400,5.568600
2025-08-14,38.77,40.4,38.0,39.89,45925169,1805350554.2300,12.540900
2025-08-15,39.38,41.45,39.0,40.74,39180291,1586660868.6200,10.699100
2025-08-18,40.5,41.9,39.79,41.32,38870853,1579834962.1400,10.614600
2025-08-19,40.85,43.0,40.11,42.33,40633299,1692155546.3700,11.095800
2025-08-20,41.65,43.05,41.39,41.9,26966214,1137490831.5400,7.363700
2025-08-21,41.18,41.69,39.98,39.98,25489966,1036606401.0300,6.960600
2025-08-22,39.99,40.48,39.86,40.41,16468468,662530683.6400,4.497100
2025-08-25,40.8,41.36,40.2,40.43,23623519,962816882.8400,6.450900
2025-08-26,40.39,40.4,39.5,39.88,16529188,661420565.7400,4.513700
2025-08-27,39.72,40.5,38.9,39.03,19936833,794663352.8600,5.444200
2025-08-28,38.88,39.0,37.52,38.98,22162349,851024615.7000,6.051900
2025-08-29,39.02,40.21,38.34,39.47,19960286,785708483.4800,5.450600
2025-09-01,39.59,39.73,38.81,39.13,14437600,565337249.3800,3.942500
2025-09-02,39.99,43.04,38.43,42.03,71014485,2953960678.4800,19.392100
2025-09-03,42.03,42.4,39.7,39.99,45517588,1855683638.8600,12.429600
2025-09-04,39.4,39.88,36.5,37.3,33079660,1269427121.0900,9.033200
2025-09-05,37.29,39.05,36.72,38.88,25027831,958611384.0200,6.834400
2025-09-08,38.89,42.14,38.89,40.75,33462090,1368009398.7300,9.137600
2025-09-09,40.05,41.43,40.0,41.03,26983499,1101459196.6300,7.368500
2025-09-10,40.25,41.8,40.23,40.58,21713590,889808743.7800,5.929400
2025-09-11,40.77,41.67,39.85,41.6,25374860,1044184343.3000,6.929200
2025-09-12,42.4,45.76,41.75,43.6,51107754,2237596277.9400,13.956100
2025-09-15,43.17,47.67,42.85,45.2,50703842,2311874501.7600,13.845800
2025-09-16,45.47,47.15,44.6,46.66,54545495,2506755164.3900,14.894900
2025-09-17,46.0,49.46,45.88,47.73,53334611,2526733237.3600,14.564200
2025-09-18,48.51,52.5,47.79,51.8,82583661,4179356346.2900,22.551300
2025-09-19,49.46,49.88,46.62,46.62,45239405,2150858938.4600,12.353600
2025-09-22,46.53,50.25,46.52,49.25,48693494,2361341403.0800,13.296900
2025-09-23,49.14,49.57,46.4,47.35,38142944,1830395775.1400,10.415800
2025-09-24,46.72,47.7,45.0,47.07,35269985,1638974316.0200,9.631300
2025-09-25,47.43,47.77,46.19,46.47,22356372,1046960760.4200,6.104900
2025-09-26,45.8,47.4,45.21,45.21,25246070,1170143591.7300,6.894000
2025-09-29,46.2,47.27,45.4,46.55,23363638,1084807973.1800,6.380000
2025-09-30,46.56,46.89,45.82,46.15,19637533,907755933.6500,5.362500
2025-10-09,45.8,46.98,45.32,46.1,19071819,883453830.1200,5.208000
2025-10-10,46.0,46.68,43.94,44.12,20071953,904185174.1600,5.481100
2025-10-13,39.71,43.63,39.71,43.63,26820423,1131896315.8500,7.323900
2025-10-14,44.29,44.29,41.09,41.41,17628652,749475856.9100,4.813900
2025-10-15,42.53,45.55,41.89,45.55,56185856,2506010024.3200,15.342800
2025-10-16,43.55,43.94,42.56,42.8,36788478,1592625890.3800,10.045900
2025-10-17,43.0,43.07,41.3,41.43,18437839,774456127.6300,5.034900
2025-10-20,42.06,43.0,41.51,42.14,18966470,802570629.8700,5.179200
2025-10-21,42.15,42.24,41.11,42.08,17051631,711763073.6100,4.656300
2025-10-22,41.78,42.85,41.29,42.19,17872938,750359728.1800,4.880600
2025-10-23,41.41,41.8,39.87,40.6,17650795,712969636.6300,4.820000
2025-10-24,40.81,42.1,40.72,41.78,18005229,745430793.8800,4.916700
2025-10-27,42.3,44.37,42.3,43.69,29233382,1268384535.6200,7.982800
2025-10-28,43.29,43.76,42.5,43.53,20863396,902948902.5600,5.697200
2025-10-29,43.01,43.86,42.8,43.29,13580037,587648733.3300,3.708300
2025-10-30,43.42,44.26,42.7,44.05,27963366,1220653083.5500,7.636000
2025-10-31,44.22,47.5,44.11,45.9,44737779,2057528993.6000,12.216700
2025-11-03,45.8,47.16,44.88,45.96,31964610,1473376735.3600,8.728700
2025-11-04,45.51,45.51,43.51,43.58,21251785,936112031.2100,5.803300
2025-11-05,42.06,45.98,41.7,44.29,22323516,979607922.3200,6.095900
2025-11-06,45.29,48.72,44.01,47.84,58090423,2745568503.3800,15.862900
2025-11-07,47.0,49.15,45.01,47.1,51940006,2426171237.4700,14.183400
2025-11-10,46.07,47.38,45.56,45.89,28676853,1330335861.2600,7.830900
2025-11-11,46.83,49.36,46.46,48.37,40948982,1947722928.6600,11.182100
2025-11-12,48.37,48.78,46.3,46.92,28358102,1342039714.7900,7.743800
2025-11-13,45.57,46.53,44.4,45.55,21628735,982991228.4600,5.906200
2025-11-14,44.51,45.17,43.41,43.42,18236691,805616705.9100,4.979900
2025-11-17,42.72,44.35,42.63,43.13,12274527,533754771.2200,3.351800
2025-11-18,42.78,43.91,42.0,43.7,15289471,655417421.3400,4.175100
2025-11-19,43.27,44.2,43.1,44.01,11421660,501497379.4200,3.118900
2025-11-20,44.05,44.35,41.55,41.9,13021557,556949540.3500,3.555800
2025-11-21,41.0,44.4,40.9,42.88,19817450,847390997.2400,5.411600
2025-11-24,42.6,44.0,41.54,43.57,14799131,635168609.8500,4.041200
2025-11-25,44.14,44.77,43.29,43.36,14921355,657082939.5400,4.074600
2025-11-26,42.08,44.35,42.08,43.74,15070658,655390037.9300,4.115400
2025-11-27,43.5,44.58,43.02,43.29,13534839,592655505.3200,3.696000
2025-11-28,42.8,45.42,42.53,44.91,22437493,992212429.2000,6.127100
2025-12-01,45.4,46.67,44.78,46.28,22863186,1052157054.8900,6.243300
2025-12-02,46.02,46.02,44.67,44.78,15557435,704096230.4600,4.248300
2025-12-03,45.29,47.5,45.09,46.22,25238776,1162646332.6600,6.892000
2025-12-04,49.0,49.96,45.89,45.9,38776881,1844623562.2100,10.588900
2025-12-05,45.08,50.49,44.65,49.06,48623562,2329551180.5100,13.277800
2025-12-08,48.6,53.97,47.81,53.97,61418102,3165671049.5400,16.771600
2025-12-09,53.9,57.57,53.47,53.52,69474517,3819886817.5200,18.971600
2025-12-10,53.03,54.72,52.8,53.46,43623701,2342984860.9500,11.912400
2025-12-11,53.5,55.8,53.21,54.62,43922807,2397521223.2500,11.994100
2025-12-12,53.55,53.93,50.8,50.98,48824286,2533375468.2000,13.332600
2025-12-15,50.12,51.29,49.11,49.11,29232855,1458992053.8800,7.982700
2025-12-16,49.12,49.49,47.6,47.72,18519028,892365322.1000,5.057000
2025-12-17,47.8,51.8,47.75,51.09,34719302,1748036425.7400,9.480900
2025-12-18,50.0,53.33,49.86,51.29,29982434,1560155567.8300,8.187400
2025-12-19,51.97,52.55,50.21,50.31,22532420,1149248407.6200,6.153000
2025-12-22,51.27,51.47,49.76,50.65,32518821,1645124119.1000,8.880000
2025-12-23,50.5,50.99,49.37,49.79,21214680,1060504839.6800,5.793200
2025-12-24,49.44,50.1,48.91,49.72,17489655,869335854.4800,4.775900
2025-12-25,49.91,53.65,49.91,52.95,42830732,2219587112.7700,11.695900
2025-12-26,52.3,53.88,51.81,52.58,34821378,1828784968.7000,9.508800
2025-12-29,52.79,57.84,52.45,57.84,47885576,2679998150.9200,13.076200
2025-12-30,58.2,63.62,57.89,63.62,41141690,2538968363.1900,11.234700
2025-12-31,69.98,69.98,67.38,69.98,36834466,2570907340.1900,10.058500
2026-01-05,69.0,76.98,68.01,74.2,103221437,7707446920.9900,28.187000
2026-01-06,74.46,79.85,74.33,77.49,84285245,6524001370.3600,23.016000
2026-01-07,74.97,82.88,74.97,75.6,80875950,6322340316.9000,22.085000
2026-01-08,75.61,79.37,75.18,75.94,58669792,4512138460.2100,16.021100
2026-01-09,76.92,80.92,75.4,78.11,63251858,4968813473.4800,17.272400
2026-01-12,81.71,82.0,78.68,80.3,69401655,5567621904.9100,18.951700
2026-01-13,78.6,88.0,74.74,82.65,72337857,5933312073.2300,19.753500
2026-01-14,80.0,84.41,75.48,76.54,71277559,5679629625.7400,19.464000
2026-01-15,74.18,77.18,73.2,73.72,43773037,3272297093.3300,11.953200
2026-01-16,74.32,81.09,74.0,81.09,59155230,4645941648.1900,16.153700
2026-01-19,83.7,89.2,82.87,89.2,61195074,5270506252.4900,16.710700
2026-01-20,89.0,91.87,83.51,85.5,63830110,5522751631.6100,17.430300
2026-01-21,83.79,91.05,83.78,89.11,63352645,5601237134.8700,17.299900
2026-01-22,88.01,94.27,88.0,90.83,60408682,5484940574.4800,16.496000
2026-01-23,90.83,92.5,86.86,87.13,58193458,5145045603.1500,15.891000
2026-01-26,87.8,89.2,82.28,83.31,41191925,3493168250.9000,11.248400
2026-01-27,82.95,83.85,80.01,82.3,37788840,3095174078.5100,10.319100
2026-01-28,82.45,82.45,76.8,78.88,45831403,3614311290.4200,12.515300
2026-01-29,78.91,80.25,75.54,76.0,38730794,2996614050.4800,10.576300
2026-01-30,75.26,78.28,72.7,75.84,48272286,3642017628.2500,13.181800
2026-02-02,75.0,82.07,74.78,79.66,56731880,4462127716.3300,15.491900
2026-02-03,79.6,80.6,76.51,80.39,45632058,3614705669.1800,12.460900
2026-02-04,79.01,84.04,77.45,81.93,50255472,4068804019.3500,13.723400
2026-02-05,79.03,81.49,76.7,77.86,35071293,2760046226.2900,9.577000
2026-02-06,76.5,85.65,76.5,85.65,47044587,3909081200.0400,12.846600
2026-02-09,86.0,89.2,84.65,88.02,57960898,5075455080.2600,15.827500
2026-02-10,86.87,96.69,86.04,91.18,75986496,6838938297.8600,20.749800
2026-02-11,88.23,89.76,87.0,87.45,46151521,4070745287.2600,12.602700
2026-02-12,86.0,88.88,85.22,86.34,35928507,3138656015.2700,9.811100
2026-02-13,85.69,93.81,85.5,90.64,54025778,4849235545.8700,14.753000
2026-02-24,90.4,90.49,81.58,84.39,49619453,4181788025.9800,13.549700
2026-02-25,82.7,82.9,79.44,80.18,43532621,3515478715.3100,11.887600
2026-02-26,79.03,82.0,79.03,80.31,29224018,2360801681.9400,7.980300
2026-02-27,80.32,81.0,79.21,80.01,20961125,1678057601.2100,5.723900
2026-03-02,77.0,79.5,76.54,76.9,30905748,2396181852.0900,8.439500
2026-03-03,76.54,77.68,71.51,71.55,31323996,2319530723.9100,8.553700
2026-03-04,70.5,73.19,70.5,72.15,21809220,1568346595.3900,5.955500
2026-03-05,73.87,74.3,72.51,72.95,21343281,1564379088.1400,5.828300
2026-03-06,72.24,73.84,72.19,72.57,14164334,1035520131.0900,3.867900
2026-03-09,70.47,72.68,68.52,72.05,23757016,1669973113.6300,6.487400
2026-03-10,73.22,78.88,73.11,76.48,33731919,2551614354.9100,9.211300
2026-03-11,75.51,77.08,74.08,75.38,24586000,1854522063.2900,6.713800
2026-03-12,75.14,77.48,74.55,76.14,24797710,1886431120.5800,6.771600
2026-03-13,74.72,75.3,72.18,72.19,20867794,1534582096.9400,5.698400
2026-03-16,72.5,72.63,70.6,71.61,12467367,892543059.5100,3.404500
2026-03-17,72.0,72.31,69.01,69.01,14759781,1038707067.3500,4.030500
2026-03-18,69.0,70.38,68.6,69.95,12689173,883045511.7700,3.465100
2026-03-19,68.55,68.81,66.57,66.92,16446210,1108697752.8800,4.491000
2026-03-20,67.97,68.06,65.41,65.49,13774983,918044344.4000,3.761600
2026-03-23,64.52,67.69,62.73,63.53,20245459,1327984875.0100,5.528500
2026-03-24,65.0,65.35,62.1,64.02,16160624,1021920090.9600,4.413000
2026-03-25,64.02,68.15,64.02,67.0,23749643,1582199979.7700,6.485400
2026-03-26,67.99,69.8,66.39,66.72,24278571,1650468777.6000,6.629800
2026-03-27,66.0,67.5,65.4,66.71,14262926,949998553.3400,3.894800
2026-03-30,65.32,67.39,65.32,67.02,11678434,776615131.7700,3.189100
2026-03-31,67.07,68.62,66.3,66.33,14653677,986653114.1300,4.001500
2026-04-01,67.52,69.0,67.03,68.42,21228024,1445885862.9200,5.796800
2026-04-02,67.39,68.98,66.5,66.57,14073769,948517547.0800,3.843200
2026-04-03,67.21,67.69,66.2,66.28,11546506,771346954.9700,3.153000
2026-04-07,66.27,66.74,65.16,65.65,8923890,587956395.9300,2.436900
2026-04-08,67.4,69.8,67.4,69.78,19417282,1337621712.3300,5.302300
2026-04-09,68.41,69.06,67.29,67.61,15037464,1023064994.2600,4.106300
2026-04-10,68.61,74.0,68.58,70.47,28220882,2013118555.3000,7.706400
2026-04-13,69.07,70.47,69.06,69.35,15965846,1112032305.2400,4.359800
2026-04-14,70.38,71.33,68.68,71.25,23220893,1631081277.2700,6.341000
2026-04-15,72.0,72.86,69.8,70.19,21043838,1499057920.8700,5.746500
2026-04-16,72.9,73.48,70.01,70.95,25347344,1804167119.2200,6.921700
2026-04-17,69.87,71.58,69.01,70.55,19170559,1344810043.7500,5.235000
2026-04-20,70.72,71.49,69.88,70.16,19800765,1396340509.2200,5.407000
2026-04-21,69.7,72.76,68.91,71.16,25711913,1819489884.1400,7.021200
2026-04-22,70.05,72.27,70.04,71.22,18838576,1340834248.8600,5.144300
2026-04-23,71.0,71.05,67.19,68.3,28469882,1955816582.8200,7.774300
2026-04-24,68.01,69.49,67.01,67.03,14745607,999468414.2800,4.026600
2026-04-27,66.3,67.43,65.17,66.69,14241569,946159004.0500,3.889000
2026-04-28,66.0,66.68,62.83,63.07,18297026,1171978496.9100,4.996400
2026-04-29,62.52,64.6,62.3,64.15,13119426,838928099.6200,3.582600
2026-04-30,63.63,67.3,63.6,66.38,16931065,1119993212.3800,4.623400
2026-05-06,66.41,68.17,66.41,67.19,15882731,1069061761.3300,4.337100
2026-05-07,67.2,71.77,66.92,71.06,28607238,2017431537.3300,7.811900
2026-05-08,71.32,78.17,71.3,78.17,38149872,2887365872.5800,10.417700
2026-05-11,78.2,80.5,76.0,79.18,60844389,4796777338.6700,16.614900
2026-05-12,78.8,83.0,78.01,79.94,45663060,3677213330.4800,12.469300
2026-05-13,79.0,82.6,78.2,81.4,38545639,3108446381.6400,10.525800
2026-05-14,81.0,85.5,76.84,76.95,51955513,4223186126.7300,14.187600
2026-05-15,77.03,84.65,75.9,84.43,80131185,6573526534.1600,21.881600
