date,open,high,low,close,volume,amount,turnover
2020-01-02,10.22047994,10.35948432,10.19853188,10.34485228,1257042,17718860.0,0.749500
2020-01-03,10.40338044,10.40338044,10.242428,10.33022024,1124040,15874399.0,0.670200
2020-01-06,10.35948432,10.41069646,10.242428,10.30827218,1492320,21101058.0,0.889800
2020-01-07,10.24974402,10.3887484,10.24974402,10.33753626,1512544,21336016.0,0.901900
2020-01-08,10.33753626,10.35948432,10.0961076,10.11073964,1591620,22238867.0,0.949000
2020-01-09,10.17658382,10.2790081,10.14731974,10.19121586,1352560,18877824.0,0.806500
2020-01-10,10.22779596,10.34485228,10.08147556,10.16195178,1386860,19265831.0,0.826900
2020-01-13,10.15463576,10.22779596,9.88394302,10.22779596,1930440,26698294.0,1.151100
2020-01-14,10.23511198,10.3521683,10.17658382,10.2790081,1548511,21778200.0,0.923300
2020-01-15,10.28632412,10.43996054,10.17658382,10.36680034,1629440,23024227.0,0.971600
2020-01-16,10.36680034,10.4253285,10.26437606,10.32290422,1299020,18370851.0,0.774600
2020-01-17,10.37411636,10.37411636,9.9863673,10.01563138,2400554,33190094.0,1.431400
2020-01-20,10.00831536,10.00831536,9.6937265,9.88394302,2163340,29027562.0,1.289900
2020-01-21,9.90589108,9.90589108,9.7303066,9.75957068,1239841,16563672.0,0.739300
2020-01-22,9.6937265,9.8400469,9.33524152,9.75225466,2179191,28577979.0,1.299400
2020-01-23,9.68641048,9.75957068,9.2181852,9.49619396,2478470,32191576.0,1.477800
2020-02-03,8.54511136,8.54511136,8.54511136,8.54511136,420500,4911440.0,0.250700
2020-02-04,7.68913702,8.58169146,7.68913702,8.42073902,5583658,62259374.0,3.329400
2020-02-05,8.50853126,8.8158041,8.34757882,8.66216768,3879563,45463413.0,2.313300
2020-02-06,8.72069584,8.72801186,8.4865832,8.5597434,2769829,32553353.0,1.651600
2020-02-07,8.56705942,8.61095554,8.32563076,8.5963235,3085660,35820627.0,1.839900
2020-02-10,8.61095554,8.73532788,8.53779534,8.71337982,2803098,33133923.0,1.671400
2020-02-11,8.779224,8.87433226,8.65485166,8.779224,2089521,25066755.0,1.245900
2020-02-12,8.8158041,8.85970022,8.7060638,8.84506818,1794873,21590265.0,1.070200
2020-02-13,8.83775216,8.83775216,8.57437544,8.61827156,1944905,23097845.0,1.159700
2020-02-14,8.53047932,8.73532788,8.53047932,8.64021962,1998383,23630777.0,1.191600
2020-02-17,8.6694837,8.88164828,8.64753564,8.88164828,2617900,31527456.0,1.561000
2020-02-18,8.87433226,9.1084449,8.8523842,9.06454878,2992759,36830458.0,1.784500
2020-02-19,9.1084449,9.11576092,8.94017644,8.9621245,2243697,27645852.0,1.337800
2020-02-20,9.02065266,9.2181852,8.91822838,9.2181852,2873350,35892024.0,1.713300
2020-02-21,9.3279255,9.3279255,9.17428908,9.2181852,1966803,24801431.0,1.172700
2020-02-24,9.2181852,9.27671336,9.0352847,9.24013326,2131393,26756905.0,1.270900
2020-02-25,9.04260072,9.19623714,8.79385604,9.15234102,2683980,33137051.0,1.600400
2020-02-26,9.0718648,9.2547653,9.02065266,9.05723276,2297957,28707720.0,1.370200
2020-02-27,9.1084449,9.53277406,9.02065266,9.35718958,4862836,61964237.0,2.899500
2020-02-28,9.04260072,9.2181852,8.64021962,8.91091236,3532043,43345817.0,2.106000
2020-03-02,8.94017644,9.21086918,8.94017644,9.15965704,2497397,31123714.0,1.489100
2020-03-03,9.2547653,9.3279255,9.04260072,9.07918082,2380820,29984425.0,1.419600
2020-03-04,8.9987046,9.145025,8.96944052,9.11576092,1764145,21822171.0,1.051900
2020-03-05,9.19623714,9.30597744,9.15965704,9.26939734,2261180,28601887.0,1.348300
2020-03-06,9.26939734,9.56935416,9.22550122,9.48156192,3881378,49915530.0,2.314300
2020-03-09,9.41571774,9.7303066,9.20355316,9.20355316,3946766,50831419.0,2.353300
2020-03-10,9.0718648,9.34255754,8.78654002,9.24744928,2391100,29682570.0,1.425700
2020-03-11,9.24744928,9.46692988,9.24744928,9.33524152,2707220,34717000.0,1.614200
2020-03-12,9.15965704,9.37913764,8.9255444,9.02796868,1962780,24378373.0,1.170300
2020-03-13,8.60363952,8.93286042,8.5231633,8.91091236,2178260,25941353.0,1.298800
2020-03-16,8.8889643,8.9987046,8.4865832,8.56705942,2390357,28609691.0,1.425300
2020-03-17,8.5963235,8.5963235,8.2671026,8.55242738,1957600,22667129.0,1.167300
2020-03-18,8.60363952,8.71337982,8.2671026,8.2671026,1739320,20157311.0,1.037100
2020-03-19,8.27441862,9.09381286,8.25247056,9.09381286,5906687,71357752.0,3.522000
2020-03-20,9.49619396,9.49619396,8.8523842,9.0718648,5475400,68230200.0,3.264800
2020-03-23,8.8889643,9.02065266,8.7426439,8.7426439,3174714,38525966.0,1.893000
2020-03-24,8.79385604,8.94749246,8.54511136,8.84506818,2764581,33158042.0,1.648400
2020-03-25,8.91091236,9.04991674,8.79385604,8.96944052,2704120,32982394.0,1.612400
2020-03-26,8.89628032,8.9255444,8.60363952,8.64753564,2111500,25277569.0,1.259000
2020-03-27,8.69143176,8.779224,8.5231633,8.60363952,1406640,16608441.0,0.838700
2020-03-30,8.4865832,8.5597434,8.1939424,8.3402628,1682780,19148631.0,1.003400
2020-03-31,8.36952688,8.50121524,8.3402628,8.36221086,908204,10426023.0,0.541500
2020-04-01,8.3036827,8.53047932,8.29636668,8.45731912,987019,11332204.0,0.588500
2020-04-02,8.36221086,8.54511136,8.34757882,8.53779534,1038020,12007207.0,0.618900
2020-04-03,8.53779534,9.145025,8.4865832,8.80117206,2707666,32761875.0,1.614500
2020-04-07,8.83775216,8.94749246,8.72069584,8.8889643,2188502,26454817.0,1.304900
2020-04-08,8.76459196,8.99138858,8.75727594,8.98407256,1608794,19575216.0,0.959300
2020-04-09,8.98407256,9.01333664,8.87433226,8.93286042,1103953,13489184.0,0.658300
2020-04-10,8.86701624,8.9255444,8.67679972,8.72069584,1286980,15417591.0,0.767400
2020-04-13,8.72069584,8.72069584,8.4865832,8.6329036,1060032,12529174.0,0.632100
2020-04-14,8.71337982,8.7426439,8.62558758,8.7060638,1075237,12759977.0,0.641100
2020-04-15,8.61827156,8.74995992,8.61827156,8.6329036,1053500,12493555.0,0.628200
2020-04-16,8.6329036,8.6694837,8.50121524,8.6329036,906540,10663111.0,0.540500
2020-04-17,8.64021962,8.85970022,8.64021962,8.67679972,1918559,22914409.0,1.144000
2020-04-20,8.6329036,8.75727594,8.61827156,8.74995992,1095179,13032139.0,0.653000
2020-04-21,8.74995992,8.77190798,8.60363952,8.6329036,848250,10030052.0,0.505800
2020-04-22,8.6329036,8.7426439,8.51584728,8.7060638,886474,10501387.0,0.528600
2020-04-23,8.77190798,8.77190798,8.57437544,8.61095554,1623726,19181847.0,0.968200
2020-04-24,8.5597434,8.61827156,8.45731912,8.47195116,1488573,17308529.0,0.887600
2020-04-27,8.413423,8.54511136,8.413423,8.50121524,628720,7295972.0,0.374900
2020-04-28,8.5597434,8.5597434,8.1939424,8.24515454,1101099,12545369.0,0.656500
2020-04-29,8.29636668,8.45731912,7.8281414,8.35489484,1227641,13945845.0,0.732000
2020-04-30,8.40610698,8.4865832,8.32563076,8.39879096,1764478,20279638.0,1.052100
2020-05-06,8.31099872,8.47195116,8.31099872,8.4500031,934613,10739315.0,0.557300
2020-05-07,8.47926718,9.1084449,8.34757882,8.97675654,4228772,50942245.0,2.521500
2020-05-08,8.90359634,8.9621245,8.7060638,8.82312012,2373828,28711826.0,1.415400
2020-05-11,8.80117206,9.15234102,8.74995992,9.05723276,3356260,41125269.0,2.001200
2020-05-12,8.99138858,9.0718648,8.86701624,8.9987046,1581739,19343608.0,0.943100
2020-05-13,8.9987046,9.22550122,8.88164828,9.19623714,3318083,41327141.0,1.978500
2020-05-14,9.13039296,9.2913454,8.98407256,8.99138858,2704472,33614946.0,1.612600
2020-05-15,9.0352847,9.18892112,8.94749246,9.01333664,1856796,23044572.0,1.107100
2020-05-18,9.01333664,9.32060948,8.91091236,9.13039296,2219754,27797545.0,1.323600
2020-05-19,9.18892112,9.26939734,9.08649684,9.08649684,1466853,18327870.0,0.874600
2020-05-20,9.08649684,9.13770898,8.97675654,9.0352847,1143360,14157141.0,0.681700
2020-05-21,8.9255444,9.05723276,8.8523842,8.91091236,1337991,16357869.0,0.797800
2020-05-22,8.8158041,9.0352847,8.77190798,8.99138858,1652685,20148563.0,0.985400
2020-05-25,8.80848808,9.05723276,8.80848808,9.02065266,1364500,16738038.0,0.813600
2020-05-26,9.1084449,9.1084449,8.98407256,9.04260072,926820,11437894.0,0.552600
2020-05-27,9.04260072,9.45961386,9.02065266,9.24013326,3136522,39742802.0,1.870200
2020-05-28,9.24013326,9.35718958,9.13039296,9.2913454,1679253,21187669.0,1.001300
2020-05-29,9.27671336,9.43034978,9.22550122,9.27671336,1747700,22324867.0,1.042100
2020-06-01,9.41571774,9.41571774,9.2547653,9.37182162,1950090,24902632.0,1.162800
2020-06-02,9.4010857,9.66446242,9.35718958,9.5839862,2016090,26314022.0,1.202100
2020-06-03,9.59861824,9.6205663,9.37913764,9.38645366,2263360,29239246.0,1.349600
2020-06-04,9.44498182,9.62788232,9.4010857,9.6205663,1463720,19109857.0,0.872800
2020-06-05,9.63519834,9.70104252,9.53277406,9.57667018,1507040,19792905.0,0.898600
2020-06-08,9.57667018,9.73762262,9.51814202,9.56935416,1370340,18017386.0,0.817100
2020-06-09,9.56935416,9.61325028,9.40840172,9.42303376,1305400,16903842.0,0.778400
2020-06-10,9.24013326,9.50350998,9.22550122,9.44498182,973380,12519519.0,0.580400
2020-06-11,9.34255754,9.6571464,9.34255754,9.51814202,1584640,20682766.0,0.944900
2020-06-12,9.34987356,9.49619396,9.32060948,9.45961386,1161700,14978808.0,0.692700
2020-06-15,9.3645056,9.4742459,9.15965704,9.16697306,1517700,19314110.0,0.905000
2020-06-16,9.28402938,9.61325028,9.24744928,9.57667018,2041672,26404166.0,1.217400
2020-06-17,9.6571464,9.75225466,9.54009008,9.7303066,1673100,22116650.0,0.997600
2020-06-18,9.92052312,9.92052312,9.70104252,9.7668867,1379740,18444578.0,0.822700
2020-06-19,9.79615078,9.97173526,9.70835854,9.96441924,2168063,29346119.0,1.292700
2020-06-22,9.96441924,10.43264452,9.92052312,10.35948432,2996560,42004341.0,1.786800
2020-06-23,10.55701686,10.55701686,10.03026342,10.30095616,2637369,36801753.0,1.572600
2020-06-24,10.2429708,11.33491014,10.1946549,11.22861516,4442431,49770786.0,2.047500
2020-06-29,10.9193934,10.98703566,10.20431808,10.20431808,6875844,75443456.0,3.169100
2020-06-30,10.25263398,10.51353984,10.07869674,10.2429708,5100380,54354359.0,2.350800
2020-07-01,10.16566536,10.42657122,10.10768628,10.34926578,2890262,30834419.0,1.332100
2020-07-02,10.4362344,10.47488712,10.2429708,10.35892896,2325898,24927424.0,1.072000
2020-07-03,10.3879185,10.4362344,10.21398126,10.28162352,2306978,24560974.0,1.063300
2020-07-06,10.31061306,10.4845503,10.23330762,10.4845503,5360305,57505793.0,2.470600
2020-07-07,10.5328662,10.61017164,10.3396026,10.36859214,4294572,46341228.0,1.979400
2020-07-08,10.30094988,10.40724486,10.17532854,10.40724486,4269780,45546748.0,1.968000
2020-07-09,10.46522394,10.70680344,10.39758168,10.60050846,5176656,56512657.0,2.385900
2020-07-10,10.5811821,10.59084528,10.37825532,10.50387666,3870700,41997893.0,1.784000
2020-07-13,10.52320302,10.83242478,10.44589758,10.70680344,5244780,57989992.0,2.417300
2020-07-14,10.7261298,10.81309842,10.46522394,10.71646662,4782005,52714030.0,2.204000
2020-07-15,10.69714026,11.22861516,10.68747708,10.90973022,6803203,77089221.0,3.135600
2020-07-16,10.9193934,11.2092888,10.7261298,10.80343524,5501071,62318578.0,2.535500
2020-07-17,10.74545616,10.74545616,9.72115908,10.34926578,4488340,48087751.0,2.068700
2020-07-20,10.37825532,10.63916118,10.35892896,10.5811821,2858647,31121645.0,1.317600
2020-07-21,10.6778139,10.6778139,10.32027624,10.44589758,2284521,24756172.33,1.052900
2020-07-22,10.44589758,10.7744457,10.31061306,10.60050846,4130245,45279437.71,1.903600
2020-07-23,10.60050846,10.66815072,10.2912867,10.42657122,2747742,29674164.08,1.266400
2020-07-24,10.40724486,10.49421348,9.96273858,9.97240176,3172522,33438200.92,1.462200
2020-07-27,10.0497072,10.83242478,10.04004402,10.47488712,4093002,44137710.18,1.886500
2020-07-28,10.629498,10.81309842,10.4362344,10.81309842,4659238,51362216.38,2.147500
2020-07-29,10.81309842,11.02568838,10.65848754,10.83242478,4911333,55066688.14,2.263600
2020-07-30,10.83242478,11.2576047,10.73579298,11.10299382,5701239,65163353.99,2.627700
2020-07-31,11.17063608,11.72143734,10.89040386,11.6441319,9152583,107688574.31,4.218400
2020-08-03,11.65379508,12.13695408,11.61514236,11.99200638,5311211,65565197.68,2.447900
2020-08-04,11.99200638,12.44617584,11.9340273,12.34954404,5822010,73775100.22,2.683400
2020-08-05,12.34954404,13.50912564,12.078975,13.29653568,9725319,129691598.26,4.482400
2020-08-06,13.22889342,13.47047292,12.92933484,13.26754614,6672899,91301787.88,3.075600
2020-08-07,13.2868725,13.42215702,12.9969771,13.25788296,5046558,68768879.18,2.326000
2020-08-10,13.3351884,14.011611,13.2385566,13.66373652,6680579,94930941.14,3.079100
2020-08-11,13.77969468,13.9149792,13.32552522,13.42215702,5407862,76330090.1,2.492500
2020-08-12,13.9149792,13.9149792,12.7070817,13.22889342,5745204,77651584.68,2.648000
2020-08-13,13.4318202,13.47047292,12.89068212,12.89068212,3104562,42217230.27,1.430900
2020-08-14,12.87135576,13.4801361,12.67809216,13.19990388,4284202,58469960.16,1.974600
2020-08-17,13.29653568,13.42215702,13.10327208,13.20956706,2626430,35872709.44,1.210500
2020-08-18,13.21923024,14.53342272,13.21923024,14.53342272,10118480,150170623.28,4.663600
2020-08-19,14.61072816,15.2678244,14.1565587,14.37881184,10237353,155385018.47,4.718400
2020-08-20,14.1082428,15.77030976,14.011611,15.7509834,10142831,159923293.74,4.674900
2020-08-21,15.64468842,16.16650014,15.34512984,15.83795202,7124162,116835201.78,3.283500
2020-08-24,15.63502524,16.35010056,15.63502524,15.96357336,6451170,106334321.92,2.973400
2020-08-25,16.2341424,17.19079722,15.95391018,16.93955454,7202119,123948759.42,3.319500
2020-08-26,17.17147086,17.81890392,16.83325956,17.64496668,6206179,112223309.43,2.860400
2020-08-27,17.41305036,19.12343322,15.87660474,16.910565,13988978,257636234.54,6.447600
2020-08-28,16.8139332,17.38406082,16.45639554,16.6689855,8379054,145860617.08,3.861900
2020-08-31,16.85258592,18.34071564,16.59168006,18.34071564,4024236,74824886.1,1.854800
2020-09-01,19.6645713,19.6645713,16.50471144,16.50471144,8893195,160458963.86,4.098900
2020-09-02,15.461088,16.17616332,14.85230766,15.00691854,13300057,209632419.24,6.130000
2020-09-03,15.08422398,15.90559428,14.99725536,15.10355034,6417152,102033634.64,2.957700
2020-09-04,15.08422398,15.33546666,14.77500222,15.16152942,3075808,48082440.92,1.417600
2020-09-07,15.2195085,15.44176164,14.80399176,15.0745608,3042662,47480193.34,1.402400
2020-09-08,15.0745608,15.13253988,14.57207544,14.977929,3679833,56738709.36,1.696000
2020-09-09,15.0262449,15.6543516,14.74601268,14.81365494,4012712,62467818.64,1.849500
2020-09-10,14.82331812,15.25816122,14.4464541,14.58173862,2798352,42725987.76,1.289800
2020-09-11,14.58173862,14.64938088,14.02127418,14.62039134,2528462,37726571.24,1.165400
2020-09-14,14.9296131,14.9296131,14.02127418,14.1082428,3582503,53232994.35,1.651200
2020-09-15,14.35948548,14.35948548,13.5767679,13.70238924,3483634,49473825.5,1.605600
2020-09-16,13.73137878,14.41746456,13.18057752,13.53811518,5082048,71902781.68,2.342300
2020-09-17,13.4318202,14.07925326,13.34485158,13.9149792,4705736,67012698.92,2.168900
2020-09-18,13.8666633,14.12756916,13.60575744,13.79902104,3281370,46905406.82,1.512400
2020-09-21,14.35948548,14.35948548,13.3835043,13.4801361,2808322,39486610.48,1.294400
2020-09-22,13.49946246,13.60575744,13.045293,13.08394572,2795200,38201517.08,1.288300
2020-09-23,13.36417794,13.39316748,13.05495618,13.11293526,2410326,32945515.04,1.110900
2020-09-24,13.22889342,13.22889342,12.562134,12.62977626,3672103,48493336.93,1.692500
2020-09-25,12.74573442,12.74573442,12.3205545,12.60078672,3142730,40676292.14,1.448500
2020-09-28,12.6587658,12.69741852,12.2722386,12.3205545,2515496,32385989.78,1.159400
2020-09-29,12.34954404,12.72640806,12.29156496,12.33988086,1854268,23987816.48,0.854600
2020-09-30,12.48482856,12.562134,12.15628044,12.47516538,2249104,28722852.6,1.036600
2020-10-09,12.562134,13.40283066,12.5138181,13.16125116,4124700,55858572.11,1.901100
2020-10-12,13.2868725,13.55744154,13.05495618,13.4318202,2902510,40171733.04,1.337800
2020-10-13,13.36417794,14.28218004,13.3351884,14.08891644,4564642,65982886.22,2.103900
2020-10-14,14.18554824,15.48041436,13.8666633,15.25816122,8419304,129276438.4,3.880500
2020-10-15,15.27748758,16.78494366,15.27748758,16.78494366,10403316,175416594.76,4.794900
2020-10-16,16.6206696,16.6206696,15.10355034,15.10355034,8273828,133134182.16,3.813400
2020-10-19,14.53342272,14.62039134,13.6250838,13.9149792,9055897,131315893.32,4.173900
2020-10-20,13.9149792,15.24849804,13.6250838,15.1711926,7478943,112972912.31,3.447100
2020-10-21,15.1711926,15.69300432,14.7363495,14.81365494,4955073,77678125.29,2.283800
2020-10-22,15.0745608,15.1711926,14.2531905,14.3015064,4221702,63275270.46,1.945800
2020-10-23,14.33049594,14.9296131,14.17588506,14.2048746,3532701,53007802.52,1.628200
2020-10-26,14.31116958,14.66870724,14.12756916,14.2531905,2622710,39002588.98,1.208800
2020-10-27,14.61072816,14.61072816,13.8183474,13.93430556,3061508,44527164.5,1.411100
2020-10-28,13.95363192,13.9632951,13.55744154,13.6250838,2473728,35127219.6,1.140100
2020-10-29,13.12259844,13.84733694,13.06461936,13.40283066,3540376,49282260.48,1.631800
2020-10-30,13.47047292,13.49946246,12.93899802,13.18057752,2982780,40630448.6,1.374800
2020-11-02,13.10327208,13.13226162,12.76506078,12.8520294,1710524,22857038.34,0.788400
2020-11-03,13.01630346,13.7217156,12.8520294,13.41249384,3317352,46071357.72,1.529000
2020-11-04,13.58643108,13.58643108,13.0936089,13.21923024,2319422,32075529.88,1.069000
2020-11-05,13.41249384,14.1565587,13.41249384,13.93430556,3734367,53728663.49,1.721200
2020-11-06,14.011611,14.08891644,13.32552522,13.528452,3316494,46541539.38,1.528600
2020-11-09,13.528452,13.92464238,13.36417794,13.48979928,3058510,42887808.62,1.409700
2020-11-10,13.48979928,13.60575744,13.16125116,13.25788296,1780504,24566066.3,0.820600
2020-11-11,13.2868725,13.36417794,13.08394572,13.27720932,1487018,20327039.14,0.685400
2020-11-12,13.27720932,13.47047292,13.02596664,13.16125116,1632630,22326270.96,0.752500
2020-11-13,13.10327208,14.09857962,12.95832438,13.80868422,4535415,64447655.65,2.090400
2020-11-16,13.89565284,13.93430556,13.55744154,13.6733997,2420641,34305403.11,1.115700
2020-11-17,13.68306288,13.69272606,13.25788296,13.36417794,1917264,26580489.24,0.883700
2020-11-18,13.3351884,13.55744154,13.06461936,13.13226162,2138590,29223975.58,0.985700
2020-11-19,13.1419248,13.21923024,12.83270304,12.91967166,2315097,31094087.23,1.067000
2020-11-20,13.37384112,13.37384112,12.76506078,12.9003453,1598822,21367117.88,0.736900
2020-11-23,12.9003453,12.9486612,12.63943944,12.6587658,2252756,29626105.52,1.038300
2020-11-24,12.7070817,12.82303986,12.57179718,12.6104499,1260266,16527115.08,0.580900
2020-11-25,12.6104499,12.73607124,12.48482856,12.71674488,1580976,20667629.7,0.728700
2020-11-26,12.55247082,12.71674488,12.33021768,12.3688704,2468524,31790595.0,1.137700
2020-11-27,12.50415492,12.98731392,12.20459634,12.84236622,2757192,35763290.64,1.270800
2020-11-30,12.8520294,12.86169258,12.3688704,12.42684948,2739002,35456038.96,1.262400
2020-12-01,12.4171863,12.54280764,12.2722386,12.30122814,2069708,26450622.26,0.953900
2020-12-02,12.35920722,12.45583902,12.14661726,12.1756068,1398530,17754400.28,0.644600
2020-12-03,12.1756068,12.19493316,11.9340273,11.96301684,1492254,18585612.46,0.687800
2020-12-04,12.35920722,12.35920722,11.91470094,11.91470094,1295440,16132011.3,0.597100
2020-12-07,11.95335366,12.05964864,11.82773232,11.82773232,1245898,15346743.48,0.574200
2020-12-08,11.94369048,11.94369048,11.60547918,11.65379508,1888214,22882102.74,0.870300
2020-12-09,11.6441319,11.87604822,11.33491014,11.46053148,1933110,23095609.6,0.891000
2020-12-10,11.4991842,11.4991842,11.18996244,11.27693106,1618394,18899505.3,0.745900
2020-12-11,11.27693106,11.32524696,10.84208796,11.10299382,2612740,29895315.11,1.204200
2020-12-14,11.1609729,11.2576047,10.8227616,10.92905658,1416174,16100370.04,0.652700
2020-12-15,10.97737248,11.34457332,10.61983482,11.2092888,3585430,40577134.92,1.652500
2020-12-16,11.15130972,11.15130972,10.2429708,10.36859214,3940608,42962356.47,1.816200
2020-12-17,10.32993942,10.70680344,10.0497072,10.629498,2091354,22661783.08,0.963900
2020-12-18,10.64882436,11.39288922,10.5811821,11.2092888,3916928,44890821.06,1.805300
2020-12-21,11.2092888,11.91470094,11.1609729,11.76975324,3370250,40729899.52,1.553400
2020-12-22,11.7890796,11.96301684,11.3542365,11.46053148,2300142,27684688.44,1.060100
2020-12-23,11.46053148,11.57648964,11.19962562,11.27693106,1513478,17740042.6,0.697600
2020-12-24,11.18996244,11.38322604,10.8710775,11.112657,1654736,19049615.56,0.762700
2020-12-25,10.99669884,11.31558378,10.99669884,11.0160252,745172,8573950.33,0.342800
2020-12-28,10.99669884,11.0160252,10.64882436,10.7261298,1070920,11940306.04,0.492700
2020-12-29,10.90006704,10.90973022,10.51353984,10.56185574,949056,10455805.04,0.436700
2020-12-30,10.4845503,10.69714026,10.45556076,10.64882436,722688,7933042.16,0.332500
2020-12-31,10.70680344,11.10299382,10.59084528,11.05467792,963060,10839019.45,0.443100
2021-01-04,11.05467792,11.9340273,10.7261298,11.50884738,2934258,35144039.4,1.350000
2021-01-05,11.48952102,11.6924478,11.12232018,11.3059206,1682476,19778919.74,0.774100
2021-01-06,11.26726788,11.3542365,10.92905658,11.00636202,903594,10376289.82,0.415700
2021-01-07,11.00636202,11.52817374,10.84208796,11.29625742,1998310,23241925.16,0.919400
2021-01-08,11.2576047,11.2576047,10.629498,10.78410888,1454040,16431911.8,0.669000
2021-01-11,11.0160252,11.0160252,10.22364444,10.23330762,1617350,17526731.32,0.744100
2021-01-12,10.18499172,10.45556076,10.01105448,10.05937038,1128066,11865538.02,0.519000
2021-01-13,10.10768628,10.20431808,9.50856912,9.74048544,1723872,17312972.36,0.793100
2021-01-14,9.69216954,9.74048544,9.52789548,9.57621138,957148,9549561.01,0.440400
2021-01-15,9.59553774,9.91442268,9.59553774,9.69216954,572186,5768444.64,0.263300
2021-01-18,9.87576996,10.5328662,9.73082226,10.22364444,1134247,11843488.7,0.521900
2021-01-19,10.21398126,10.39758168,9.97240176,10.07869674,597900,6251657.0,0.275100
2021-01-20,10.05937038,10.12701264,9.7598118,9.96273858,738263,7583916.75,0.339700
2021-01-21,9.97240176,10.21398126,9.88543314,9.99172812,973756,10145809.68,0.448000
2021-01-22,9.9047595,10.12701264,9.7598118,9.77913816,1217666,12400007.46,0.560200
2021-01-25,9.89509632,10.21398126,9.63419046,9.9530754,1234336,12719436.58,0.567900
2021-01-26,9.9530754,9.99172812,9.66318,9.83711724,838406,8535345.86,0.385700
2021-01-27,9.83711724,10.2912867,9.76947498,10.01105448,1421662,14789643.96,0.654100
2021-01-28,10.0013913,10.0980231,9.83711724,9.87576996,720992,7422394.2,0.331700
2021-01-29,9.87576996,10.0013913,9.72115908,9.79846452,657776,6699702.26,0.302600
2021-02-01,9.68250636,9.9047595,9.63419046,9.65351682,622762,6254516.38,0.286500
2021-02-02,9.7598118,9.7598118,9.57621138,9.63419046,519200,5175947.0,0.238900
2021-02-03,9.7114959,9.93374904,9.4699164,9.6148641,903264,9061163.0,0.415600
2021-02-04,9.54722184,9.66318,9.11237874,9.31530552,1145478,11080995.44,0.527000
2021-02-05,9.39261096,9.8081277,9.25732644,9.54722184,1577612,15530459.9,0.725800
2021-02-08,9.53755866,9.89509632,9.4699164,9.69216954,799650,7989565.92,0.367900
2021-02-09,9.7114959,9.97240176,9.59553774,9.75014862,865238,8791060.16,0.398100
2021-02-10,9.8081277,9.87576996,9.62452728,9.82745406,754846,7651312.0,0.347300
2021-02-18,9.9047595,9.99172812,9.8564436,9.96273858,871352,8932665.16,0.400900
2021-02-19,9.99172812,10.08835992,9.86610678,10.05937038,848577,8782362.89,0.390400
2021-02-22,10.0497072,10.4362344,10.0497072,10.28162352,1318234,13958285.52,0.606500
2021-02-23,10.2429708,10.3396026,10.06903356,10.22364444,840933,8910920.36,0.386900
2021-02-24,10.15600218,10.21398126,9.96273858,10.02071766,746417,7791011.75,0.343400
2021-02-25,10.18499172,10.18499172,9.82745406,9.88543314,762741,7850363.64,0.350900
2021-02-26,9.94341222,10.32993942,9.77913816,10.20431808,1180876,12260670.74,0.543300
2021-03-01,10.1946549,10.26229716,10.01105448,10.11734946,797638,8325873.19,0.367000
2021-03-02,10.12701264,10.16566536,9.92408586,9.99172812,459450,4765235.1,0.211400
2021-03-03,10.0013913,10.05937038,9.89509632,9.97240176,483210,4983022.92,0.222300
2021-03-04,9.97240176,10.11734946,9.9047595,9.9530754,604100,6249473.0,0.277900
2021-03-05,9.92408586,10.02071766,9.86610678,10.02071766,701135,7207017.43,0.322600
2021-03-08,10.02071766,10.2912867,9.89509632,9.89509632,596398,6168244.5,0.274400
2021-03-09,9.8564436,9.93374904,9.58587456,9.66318,882635,8888754.52,0.406100
2021-03-10,9.74048544,9.81779088,9.4699164,9.52789548,740660,7358925.5,0.340800
2021-03-11,9.47957958,9.65351682,9.4216005,9.5182323,886992,8728862.86,0.408100
2021-03-12,9.4699164,9.5665482,9.3732846,9.4216005,490058,4785371.76,0.225500
2021-03-15,9.2766528,9.93374904,9.2766528,9.67284318,1706587,16973723.5,0.785200
2021-03-16,9.66318,9.9047595,9.57621138,9.79846452,819167,8246711.25,0.376900
2021-03-17,9.81779088,9.84678042,9.63419046,9.65351682,578928,5813150.56,0.266400
2021-03-18,9.65351682,9.78880134,9.5665482,9.63419046,921558,9232392.6,0.424000
2021-03-19,9.5665482,9.67284318,9.5182323,9.60520092,334262,3321019.56,0.153800
2021-03-22,9.60520092,9.67284318,9.49890594,9.58587456,603714,5991794.1,0.277800
2021-03-23,9.58587456,9.65351682,9.39261096,9.44092686,719186,7058872.08,0.330900
2021-03-24,9.64385364,9.7114959,9.4216005,9.4216005,570200,5611060.6,0.262300
2021-03-25,9.4216005,9.47957958,9.25732644,9.3732846,588300,5697040.0,0.270700
2021-03-26,9.4699164,9.5182323,9.36362142,9.36362142,1013276,9901481.0,0.466200
2021-03-29,9.3732846,9.3732846,9.19934736,9.20901054,1818577,17413138.88,0.836700
2021-03-30,9.20901054,9.29597916,9.12204192,9.20901054,644851,6145785.43,0.296700
2021-03-31,9.20901054,9.2766528,9.1317051,9.2766528,522790,4985467.44,0.240500
2021-04-01,9.29597916,9.29597916,9.0350733,9.06406284,1457828,13741526.56,0.670700
2021-04-02,9.12204192,9.1317051,9.00608376,9.07372602,408496,3834678.68,0.187900
2021-04-06,9.0833892,9.98206494,9.0833892,9.98206494,4621939,47259969.67,2.126500
2021-04-07,10.1946549,10.30094988,9.70183272,9.91442268,6010118,61846685.96,2.765200
2021-04-08,9.76947498,9.9047595,9.6148641,9.63419046,2716810,27282047.52,1.250000
2021-04-09,9.59553774,9.78880134,9.54722184,9.70183272,2015300,20153963.32,0.927200
2021-04-12,9.62452728,9.75014862,9.49890594,9.72115908,2294538,22868557.94,1.055700
2021-04-13,9.67284318,9.70183272,9.35395824,9.4216005,1651560,16328180.3,0.759900
2021-04-14,9.33463188,9.53755866,9.33463188,9.43126368,1559328,15238539.12,0.717400
2021-04-15,9.6148641,9.73082226,9.38294778,9.52789548,1452524,14379682.42,0.668300
2021-04-16,9.48924276,9.7114959,9.47957958,9.70183272,1399662,13966078.64,0.644000
2021-04-19,9.70183272,9.7598118,9.59553774,9.68250636,1727952,17257966.7,0.795000
2021-04-20,9.62452728,9.76947498,9.60520092,9.63419046,1455834,14564396.02,0.669800
2021-04-21,9.6148641,9.73082226,9.5665482,9.57621138,1483890,14786607.9,0.682700
2021-04-22,9.59553774,9.67284318,9.48924276,9.60520092,1897058,18801016.96,0.872800
2021-04-23,9.60520092,9.82745406,9.48924276,9.67284318,3123554,31147997.24,1.437100
2021-04-26,9.72115908,9.73082226,9.52789548,9.58587456,1657854,16476257.81,0.762800
2021-04-27,9.52789548,9.8081277,9.36362142,9.73082226,2508852,24921362.94,1.154300
2021-04-28,9.67284318,9.82745406,9.5665482,9.66318,1679500,16789952.0,0.772700
2021-04-29,9.53755866,9.8081277,9.3249687,9.40227414,3315464,32689662.82,1.525400
2021-04-30,9.52789548,9.52789548,9.2766528,9.39261096,1374592,13299764.96,0.632400
2021-05-06,9.45059004,9.50856912,9.36362142,9.38294778,908422,8844015.58,0.418000
2021-05-07,9.5182323,9.5182323,9.34429506,9.40227414,901640,8772170.46,0.414800
2021-05-10,9.3732846,9.38294778,9.14136828,9.29597916,1634486,15630295.46,0.752000
2021-05-11,9.20901054,9.40227414,9.180021,9.2766528,714200,6852958.0,0.328600
2021-05-12,9.2766528,9.44092686,9.23800008,9.4216005,671582,6508447.84,0.309000
2021-05-13,9.4699164,9.75014862,9.40227414,9.70183272,2932484,29248876.26,1.349200
2021-05-14,9.70183272,9.74048544,9.6148641,9.66318,1252690,12520640.12,0.576400
2021-05-17,9.66318,9.68250636,9.5665482,9.57621138,1976491,19681833.15,0.909400
2021-05-18,9.53755866,9.67284318,9.4699164,9.65351682,1022372,10129874.74,0.470400
2021-05-19,9.68250636,9.84678042,9.5665482,9.82745406,2864164,28764463.84,1.317800
2021-05-20,9.83711724,9.9530754,9.70183272,9.82745406,2485476,25304236.84,1.143500
2021-05-21,9.87576996,9.87576996,9.50856912,9.58587456,2846238,28398822.14,1.309500
2021-05-24,9.5182323,9.68250636,9.43126368,9.48924276,2686782,26606636.44,1.236200
2021-05-25,9.49890594,9.59553774,9.40227414,9.4699164,1300692,12765858.58,0.598400
2021-05-26,9.46025322,9.6148641,9.41193732,9.54722184,1429246,14059568.1,0.657600
2021-05-27,9.50856912,9.59553774,9.41193732,9.49890594,2749412,26983418.68,1.265000
2021-05-28,9.43126368,9.48924276,9.26698962,9.31530552,1930876,18668084.8,0.888400
2021-05-31,9.31530552,9.34429506,9.20901054,9.29597916,869448,8343592.88,0.400000
2021-06-01,9.3249687,9.46025322,9.21867372,9.3732846,1512284,14657502.84,0.695800
2021-06-02,9.40227414,9.40227414,9.180021,9.20901054,1520440,14543690.26,0.699500
2021-06-03,9.180021,9.30564234,9.17035782,9.24766326,767002,7347061.4,0.352900
2021-06-04,9.2766528,9.30564234,9.20901054,9.26698962,741790,7100549.0,0.341300
2021-06-07,9.2766528,9.3249687,9.19934736,9.23800008,744234,7122573.24,0.342400
2021-06-08,9.2283369,9.2766528,9.06406284,9.0833892,1556912,14723141.0,0.716300
2021-06-09,9.11237874,9.1317051,9.04473648,9.11237874,924550,8705112.5,0.425400
2021-06-10,9.14136828,9.16069464,9.01574694,9.1317051,922027,8666244.15,0.424200
2021-06-11,9.1317051,9.17035782,9.04473648,9.12204192,528562,4996153.46,0.243200
2021-06-15,9.16069464,9.16069464,8.9384415,8.96743104,1023392,9563483.92,0.470900
2021-06-16,8.99642058,9.10271556,8.94810468,9.01574694,481043,4490647.74,0.221300
2021-06-17,9.10271556,9.12204192,9.02541012,9.0833892,640450,6011845.8,0.294700
2021-06-18,9.12213018,9.15118155,8.83161648,9.05434365,593416,5527891.98,0.273000
2021-06-21,9.07371123,9.07371123,8.97687333,8.98655712,604042,5615273.58,0.277900
2021-06-22,9.08339502,9.08339502,8.98655712,9.0059247,519294,4832178.7,0.238900
2021-06-23,9.0059247,9.0059247,8.94782196,8.98655712,575212,5330538.82,0.264700
2021-06-24,8.93813817,9.0059247,8.9090868,8.95750575,662320,6118141.8,0.304700
2021-06-25,8.94782196,8.95750575,8.88003543,8.92845438,978420,9006138.06,0.450200
2021-06-28,8.99624091,8.99624091,8.87035164,8.88971922,728150,6702831.18,0.335000
2021-06-29,8.84130027,8.87035164,8.715411,8.76382995,1015564,9214798.64,0.467300
2021-06-30,8.77351374,8.80256511,8.65730826,8.79288132,790574,7125584.06,0.363700
2021-07-01,8.78319753,8.79288132,8.64762447,8.68635963,683922,6162185.94,0.314700
2021-07-02,8.69604342,8.76382995,8.56047036,8.68635963,617846,5534972.3,0.284300
2021-07-05,8.75414616,8.77351374,8.60888931,8.715411,546878,4920112.16,0.251600
2021-07-06,8.72509479,8.77351374,8.67667584,8.73477858,462792,4161897.52,0.212900
2021-07-07,8.715411,8.78319753,8.6185731,8.74446237,950450,8577648.38,0.437300
2021-07-08,8.75414616,8.78319753,8.62825689,8.64762447,736768,6623389.46,0.339000
2021-07-09,8.57015415,8.8122489,8.57015415,8.8122489,933750,8401226.46,0.429600
2021-07-12,8.83161648,8.92845438,8.8122489,8.86066785,1227596,11254362.0,0.564800
2021-07-13,8.86066785,8.93813817,8.76382995,8.77351374,615766,5601176.28,0.283300
2021-07-14,8.85098406,8.85098406,8.62825689,8.66699205,924686,8305908.88,0.425400
2021-07-15,8.66699205,8.72509479,8.48300004,8.50236762,1052552,9286523.04,0.484300
2021-07-16,8.50236762,8.5217352,8.30869182,8.34742698,953672,8262163.12,0.438800
2021-07-19,8.37647835,8.37647835,8.10533223,8.14406739,1092974,9210656.86,0.502900
2021-07-20,8.15375118,8.3280594,8.11501602,8.28932424,1294822,11042526.34,0.595700
2021-07-21,8.3280594,8.46363246,8.26027287,8.34742698,744014,6416971.94,0.342300
2021-07-22,8.47331625,8.56047036,8.26995666,8.46363246,976822,8493000.02,0.449400
2021-07-23,8.47331625,8.50236762,8.24090529,8.27964045,621300,5354109.54,0.285900
2021-07-26,8.25058908,8.46363246,8.1343836,8.16343497,910676,7706029.48,0.419000
2021-07-27,8.19248634,8.26027287,7.8438699,7.97944296,702538,5876566.72,0.323200
2021-07-28,7.97944296,8.19248634,7.69861305,8.09564844,1112038,9080278.2,0.511600
2021-07-29,8.10533223,8.30869182,7.90197264,7.96975917,1242780,10282062.44,0.571800
2021-07-30,7.96975917,8.05691328,7.76639958,7.96975917,669204,5501096.44,0.307900
2021-08-02,7.96975917,8.07628086,7.85355369,8.05691328,1060960,8755280.02,0.488100
2021-08-03,8.12469981,8.14406739,8.01817812,8.0375457,752240,6274712.88,0.346100
2021-08-04,8.1343836,8.30869182,8.02786191,8.22153771,1559944,13183811.56,0.717700
2021-08-05,8.11501602,8.31837561,8.08596465,8.19248634,1328826,11209484.14,0.611400
2021-08-06,8.17311876,8.2312215,7.98912675,8.0375457,790900,6595478.0,0.363900
2021-08-09,8.0375457,8.09564844,7.87292127,8.06659707,986854,8147489.84,0.454000
2021-08-10,8.1343836,8.49268383,8.06659707,8.41521351,1944216,16784970.1,0.894500
2021-08-11,8.4248973,8.55078657,8.38616214,8.47331625,1215793,10644695.92,0.559400
2021-08-12,8.49268383,8.57015415,8.35711077,8.49268383,920692,8052046.62,0.423600
2021-08-13,8.43458109,8.58952173,8.43458109,8.54110278,751491,6606488.02,0.345800
2021-08-16,8.54110278,8.57983794,8.39584593,8.47331625,1035861,9064862.42,0.476600
2021-08-17,8.39584593,8.47331625,8.11501602,8.1343836,900510,7718876.6,0.414300
2021-08-18,8.1343836,8.2312215,8.10533223,8.19248634,804152,6786885.12,0.370000
2021-08-19,8.14406739,8.21185392,8.11501602,8.12469981,883052,7434246.46,0.406300
2021-08-20,8.19248634,8.19248634,7.91165643,8.02786191,800300,6617594.0,0.368200
2021-08-23,8.10533223,8.50236762,7.98912675,8.45394867,1558364,13453914.64,0.717000
2021-08-24,8.49268383,8.8122489,8.49268383,8.59920552,1548552,13823513.82,0.712500
2021-08-25,8.5217352,8.72509479,8.47331625,8.66699205,1205510,10763657.78,0.554600
2021-08-26,8.78319753,8.80256511,8.46363246,8.56047036,1590134,14097875.06,0.731600
2021-08-27,8.56047036,8.66699205,8.39584593,8.43458109,1028530,9040054.2,0.473200
2021-08-30,8.50236762,8.88971922,8.3280594,8.8122489,2451552,22142306.44,1.127900
2021-08-31,8.8122489,8.88003543,8.67667584,8.77351374,1447104,13137372.34,0.665800
2021-09-01,8.77351374,9.07371123,8.73477858,8.86066785,1927820,17763407.8,0.887000
2021-09-02,8.88003543,9.03497607,8.55078657,8.82193269,3576914,32293551.36,1.645700
2021-09-03,8.83161648,9.26738703,8.74446237,9.03497607,3354332,31052277.27,1.543300
2021-09-06,9.08339502,9.93556854,9.08339502,9.93556854,5004956,50816912.9,2.302700
2021-09-07,10.79742585,10.79742585,9.62568726,10.01303886,15017756,157189299.63,6.909500
2021-09-08,9.75157653,9.89683338,9.49979799,9.82904685,7900463,79248915.31,3.634900
2021-09-09,9.5869521,9.64505484,9.30612219,9.35454114,5647778,55073046.12,2.598500
2021-09-10,9.35454114,9.44169525,9.27707082,9.43201146,2473538,23926962.92,1.138100
2021-09-13,9.3932763,9.79031169,9.3932763,9.53853315,4285344,42530900.62,1.971700
2021-09-14,9.5869521,9.65473863,9.20928429,9.20928429,2542329,24447437.06,1.169700
2021-09-15,9.1996005,9.42232767,9.08339502,9.34485735,2223341,21256746.55,1.022900
2021-09-16,9.34485735,9.63537105,9.15118155,9.18991671,2734542,26578723.6,1.258100
2021-09-17,9.18991671,9.44169525,9.12213018,9.3932763,3095320,29638574.8,1.424100
2021-09-22,9.35454114,9.64505484,9.2964384,9.61600347,3413475,33706057.51,1.570500
2021-09-23,9.71284137,9.73220895,9.3932763,9.52884936,2690800,26483026.0,1.238000
2021-09-24,9.49979799,9.5869521,9.2964384,9.36422493,2218126,21434193.7,1.020500
2021-09-27,9.57726831,10.23576603,9.42232767,9.68379,5544938,55371878.5,2.551200
2021-09-28,9.74189274,9.7806279,9.17054913,9.60631968,3834474,37167749.4,1.764200
2021-09-29,9.3932763,9.9743037,9.33517356,9.51916557,4384714,43984201.92,2.017400
2021-09-30,9.45137904,9.76126032,9.45137904,9.52884936,2468920,24381369.8,1.135900
2021-10-08,9.61600347,9.85809822,9.52884936,9.68379,3017550,30189499.16,1.388300
2021-10-11,9.7806279,9.7806279,9.4901142,9.56758452,2896982,28833346.36,1.332900
2021-10-12,9.54821694,9.5869521,9.21896808,9.28675461,2303256,22199832.02,1.059700
2021-10-13,9.28675461,9.43201146,9.16086534,9.38359251,1189556,11482147.0,0.547300
2021-10-14,9.38359251,9.72252516,9.28675461,9.66442242,3031926,30091912.56,1.395000
2021-10-15,9.56758452,9.70315758,9.40296009,9.55790073,1958768,19299336.92,0.901200
2021-10-18,9.66442242,9.90651717,9.54821694,9.79999548,4279780,43338137.54,1.969100
2021-10-19,9.79999548,10.53596352,9.70315758,10.40039046,6941621,73113790.4,3.193800
2021-10-20,10.44880941,10.44880941,10.05177402,10.10019297,5071394,53292296.2,2.333300
2021-10-21,10.00335507,10.42944183,10.00335507,10.21639845,4261826,45055801.32,1.960800
2021-10-22,10.21639845,10.60375005,9.89683338,10.51659594,5739151,61468919.92,2.640500
2021-10-25,10.62311763,11.57212905,10.41007425,11.57212905,11134566,129760419.48,5.122900
2021-10-26,11.73675348,12.27904572,11.34940188,11.87232654,16542046,200413939.06,7.610900
2021-10-27,11.75612106,12.0078996,11.5237101,11.76580485,8614598,104676378.56,3.963500
2021-10-28,11.43655599,11.83359138,10.96205028,11.66896695,7700058,92119163.42,3.542700
2021-10-29,11.67865074,12.38556741,11.2331964,12.07568613,9227263,112764996.44,4.245400
2021-11-01,11.93042928,12.48240531,11.64959937,12.37588362,8729642,109565894.29,4.016400
2021-11-02,12.16284024,12.3952512,11.63991558,11.88201033,8159384,100659382.64,3.754100
2021-11-03,11.99821581,12.24031056,11.63023179,12.18220782,5276000,65103318.24,2.427400
2021-11-04,11.99821581,12.44367015,11.93042928,12.23062677,5733928,72139670.54,2.638100
2021-11-05,12.11442129,12.77291901,11.94011307,12.08536992,7019596,89240065.52,3.229700
2021-11-08,11.95948065,12.57924321,11.40750462,12.56955942,7542382,94635980.56,3.470200
2021-11-09,12.56955942,12.77291901,12.11442129,12.11442129,5129740,65334123.76,2.360200
2021-11-10,12.01758339,12.25967814,11.88201033,12.05631855,4068308,50594160.06,1.871800
2021-11-11,12.06600234,12.24999435,11.84327517,12.01758339,2783860,34718353.9,1.280800
2021-11-12,11.9110617,12.38556741,11.83359138,12.35651604,3723970,46752217.1,1.713400
2021-11-15,12.55019184,12.55019184,12.16284024,12.44367015,2823914,36048142.94,1.299300
2021-11-16,12.48240531,13.00532997,11.95948065,13.00532997,5924317,78018130.69,2.725700
2021-11-17,12.9762786,13.35394641,12.52114047,12.64702974,4779234,62809221.16,2.198900
2021-11-18,12.588927,12.9762786,12.3952512,12.50177289,3511760,45771094.62,1.615700
2021-11-19,12.37588362,12.70513248,12.28872951,12.59861079,2307948,29788389.98,1.061900
2021-11-22,12.4920891,13.22805714,12.43398636,13.06343271,5795448,77168145.54,2.666400
2021-11-23,13.35394641,14.37074436,13.13121924,14.37074436,5741667,83492495.04,2.641700
2021-11-24,14.525685,14.69030943,13.557306,13.77034938,13696123,197305323.6,6.301500
2021-11-25,13.77034938,13.80908454,13.39268157,13.50888705,5595141,78363599.65,2.574300
2021-11-26,13.37331399,13.40236536,12.8794407,13.01501376,5291628,71422240.48,2.434600
2021-11-29,12.0078996,12.72450006,12.0078996,12.69544869,7253980,92826389.89,3.337500
2021-11-30,12.66639732,12.7826028,12.2984133,12.33714846,3729460,48135359.86,1.715900
2021-12-01,12.37588362,12.55987563,12.26936193,12.4920891,2223524,28563401.36,1.023000
2021-12-02,12.43398636,12.43398636,11.63023179,11.70770211,5356130,65814480.72,2.464300
2021-12-03,11.70770211,12.01758339,11.63023179,11.75612106,2289451,27845519.08,1.053400
2021-12-06,11.78517243,11.86264275,11.3300343,11.63991558,3077152,36779975.16,1.415800
2021-12-07,11.63991558,12.33714846,11.50434252,12.25967814,4955762,61194718.82,2.280100
2021-12-08,12.25967814,13.48951947,12.06600234,13.48951947,9015672,124042187.18,4.148000
2021-12-09,13.78003317,14.11896582,13.19900577,13.33457883,12932886,182382573.62,5.950300
2021-12-10,13.31521125,14.30295783,13.15058682,14.18675235,9467308,135265770.14,4.355800
2021-12-13,14.37074436,14.47726605,13.40236536,13.77034938,7011702,99395272.7,3.226000
2021-12-14,14.08991445,14.08991445,13.47983568,13.54762221,3325382,46827537.88,1.530000
2021-12-15,13.8478197,13.8478197,13.13121924,13.19900577,3751630,51394941.0,1.726100
2021-12-16,13.33457883,13.33457883,13.06343271,13.23774093,2592330,35303773.6,1.192700
2021-12-17,13.23774093,14.56442016,12.88912449,14.56442016,9007408,130652027.3,4.144200
2021-12-20,14.7193608,14.87430144,14.00276034,14.25453888,8730624,130082639.18,4.016900
2021-12-21,13.77034938,15.3003882,13.77034938,14.79683112,6655948,101835696.16,3.062300
2021-12-22,14.87430144,15.5909019,14.53536879,15.21323409,5932112,92880003.84,2.729300
2021-12-23,15.33912336,15.67805601,14.97113934,15.35849094,4857706,77417915.14,2.235000
2021-12-24,15.494064,15.77489391,14.78714733,14.79683112,3811036,59603984.5,1.753400
2021-12-27,14.82588249,15.22291788,14.63220669,14.7193608,3118066,47931236.6,1.432100
2021-12-28,14.7193608,14.98082313,14.6225229,14.97113934,2844772,43472907.94,1.306600
2021-12-29,14.97113934,15.22291788,14.72904459,15.01955829,2421762,37468081.1,1.112300
2021-12-30,15.04860966,15.16481514,14.61283911,14.76777975,3182920,48619234.64,1.461900
2021-12-31,14.76777975,15.17449893,14.1383334,14.27390646,4674386,70060294.48,2.146900
2022-01-04,14.14801719,14.43853089,13.61540874,13.78971696,3933852,56152477.1,1.806800
2022-01-05,13.8478197,13.87687107,12.96659481,13.61540874,4174449,57752371.48,1.917300
2022-01-06,13.41204915,14.28359025,13.27647609,13.7509818,4074126,57658538.62,1.871200
2022-01-07,13.76066559,13.87687107,13.1699544,13.17963819,2692029,37472190.73,1.236400
2022-01-10,13.24742472,14.1383334,13.22805714,14.1383334,3797325,53838299.75,1.744100
2022-01-11,14.1383334,15.21323409,13.02469755,13.16027061,10766024,156437617.88,4.944700
2022-01-12,13.16027061,13.52825463,12.79228659,13.24742472,4747134,64711373.52,2.180300
2022-01-13,13.24742472,13.43141673,12.61797837,13.20868956,3936784,52905608.94,1.808100
2022-01-14,13.25710851,13.32489504,12.82133796,12.86975691,2350146,31545059.68,1.079400
2022-01-17,13.1699544,13.21837335,12.588927,13.21837335,2847122,38348699.6,1.307600
2022-01-18,13.20868956,13.22805714,12.90849207,12.90849207,1794480,24164114.04,0.824200
2022-01-19,12.90849207,13.22805714,12.83102175,13.0731165,1530740,20545610.12,0.703000
2022-01-20,13.08280029,13.11185166,11.76580485,12.65671353,2438368,31769083.52,1.119900
2022-01-21,12.70513248,12.90849207,12.44367015,12.67608111,1434400,18679947.6,0.658800
2022-01-24,12.588927,12.79228659,12.52114047,12.72450006,966600,12679841.0,0.443900
2022-01-25,12.59861079,12.72450006,12.27904572,12.27904572,1559904,20036897.56,0.716400
2022-01-26,12.12410508,12.55019184,12.1047375,12.38556741,1270600,16290634.3,0.583600
2022-01-27,12.38556741,12.40493499,11.14604229,12.02726718,3210614,39537893.58,1.474600
2022-01-28,11.61086421,12.35651604,11.61086421,12.24999435,2538082,31879189.06,1.165700
2022-02-07,12.37588362,12.92785965,12.24999435,12.70513248,2381486,30969700.74,1.093800
2022-02-08,12.9762786,13.11185166,12.59861079,12.73418385,2518351,33430880.88,1.156600
2022-02-09,12.73418385,12.90849207,12.4920891,12.76323522,1591859,20928152.89,0.731100
2022-02-10,12.76323522,12.76323522,11.620548,12.45335394,1462264,18805223.56,0.671600
2022-02-11,12.588927,12.588927,12.03695097,12.06600234,1257800,15820412.3,0.577700
2022-02-14,12.06600234,12.22094298,11.9110617,12.02726718,969086,12088355.88,0.445100
2022-02-15,12.02726718,12.15315645,11.79485622,12.09505371,1806742,22280067.32,0.829800
2022-02-16,12.80197038,12.8794407,11.82390759,12.67608111,3712800,48013958.64,1.705200
2022-02-17,12.67608111,12.9762786,12.56955942,12.83102175,3236312,42757853.68,1.486400
2022-02-18,12.6857649,13.06343271,12.50177289,12.588927,1643922,21563899.6,0.755000
2022-02-21,12.588927,12.65671353,12.43398636,12.47272152,1158014,14953053.18,0.531900
2022-02-22,12.24031056,12.47272152,12.21125919,12.27904572,1292922,16426538.96,0.593800
2022-02-23,12.08536992,12.44367015,12.08536992,12.22094298,2529478,32075872.72,1.161700
2022-02-24,12.31778088,12.32746467,11.51402631,11.66896695,3463182,42458791.46,1.590600
2022-02-25,11.66896695,12.18220782,11.66896695,11.99821581,2080434,25825060.82,0.955500
2022-02-28,12.04663476,12.22094298,11.74643727,12.06600234,1634868,20164807.0,0.750900
2022-03-01,12.2015754,12.2015754,11.8142238,11.86264275,1094350,13488406.0,0.502600
2022-03-02,11.87232654,12.09505371,11.82390759,11.96916444,1349192,16698275.0,0.619700
2022-03-03,11.96916444,12.01758339,11.63991558,11.70770211,1309182,15925858.0,0.601300
2022-03-04,11.78517243,11.88201033,11.47529115,11.53339389,1264652,15199591.0,0.580800
2022-03-07,11.56244526,11.80454001,11.45592357,11.61086421,1534102,18442688.0,0.704600
2022-03-08,11.61086421,11.80454001,11.15572608,11.27193156,1512565,17760369.0,0.694700
2022-03-09,11.27193156,11.59149663,10.95236649,11.35908567,1954426,22869943.0,0.897600
2022-03-10,12.2015754,12.2015754,11.40750462,11.79485622,2360142,28396811.0,1.084000
2022-03-11,12.13378887,12.2015754,11.4268722,12.0078996,2698030,32839813.0,1.239200
2022-03-14,11.76580485,12.12410508,11.76580485,11.87232654,1626108,20066100.0,0.746800
2022-03-15,11.66896695,12.1047375,11.4268722,11.45592357,1612000,19388479.0,0.740400
2022-03-16,11.53339389,11.76580485,11.08793955,11.59149663,1594374,18885600.0,0.732300
2022-03-17,11.54307768,11.67865074,11.43655599,11.54307768,1369736,16357321.0,0.629100
2022-03-18,11.49465873,11.72706969,11.37845325,11.70770211,883884,10600740.28,0.406000
2022-03-21,11.72706969,12.18220782,11.5237101,12.04663476,1702200,21013399.0,0.781800
2022-03-22,11.9110617,12.11442129,11.8142238,12.01758339,860200,10680656.0,0.395100
2022-03-23,12.19189161,12.19189161,11.87232654,11.99821581,954726,11778459.58,0.438500
2022-03-24,11.9110617,12.03695097,11.83359138,11.94011307,1096706,13521723.72,0.503700
2022-03-25,11.89169412,12.03695097,11.79485622,11.82390759,748472,9199614.14,0.343800
2022-03-28,11.78517243,11.9110617,11.620548,11.86264275,1103814,13396462.7,0.507000
2022-03-29,11.94979686,11.94979686,11.55276147,11.69801832,1215300,14652912.0,0.558200
2022-03-30,11.78517243,11.88201033,11.70770211,11.77548864,865940,10549396.0,0.397700
2022-03-31,11.93042928,11.95948065,11.72706969,11.88201033,985688,12038758.08,0.452700
2022-04-01,11.82390759,11.84327517,11.59149663,11.64959937,941647,11375688.01,0.432500
2022-04-06,11.64959937,11.90137791,11.58181284,11.63991558,1480675,17925334.79,0.680100
2022-04-07,11.620548,11.64959937,11.31066672,11.54307768,1684522,19945037.66,0.773700
2022-04-08,11.63023179,11.63023179,11.21382882,11.51402631,971900,11513839.32,0.446400
2022-04-11,11.56244526,11.56244526,10.95236649,11.15572608,1937700,22347974.0,0.890000
2022-04-12,11.16540987,11.3300343,10.97173407,11.29129914,1782300,20647266.0,0.818600
2022-04-13,11.25256398,11.25256398,10.75869069,10.75869069,1466600,16595074.0,0.673600
2022-04-14,10.98141786,10.98141786,10.19703087,10.41975804,2050600,22147660.0,0.941800
2022-04-15,10.30355256,10.70058795,10.10019297,10.62311763,2249430,24265660.6,1.033100
2022-04-18,10.62311763,10.80710964,10.2648174,10.70058795,1589077,17418529.23,0.729800
2022-04-19,10.70058795,10.78774206,10.43912562,10.54564731,1141300,12478313.0,0.524200
2022-04-20,10.5553311,10.96205028,10.5553311,10.72963932,1912900,21293255.44,0.878600
2022-04-21,10.96205028,11.02015302,10.19703087,10.41007425,1663613,18116107.19,0.764100
2022-04-22,10.42944183,10.60375005,10.29386877,10.43912562,618620,6677273.9,0.284100
2022-04-25,10.17766329,10.29386877,9.3932763,9.3932763,2477110,25008003.7,1.137700
2022-04-26,9.35454114,9.69347379,8.8122489,8.92845438,1641122,15654943.68,0.753700
2022-04-27,8.8122489,9.68379,8.6185731,9.66442242,2572610,24350802.4,1.181600
2022-04-28,9.66442242,10.2648174,9.27707082,10.13892813,3059770,31767258.24,1.405300
2022-04-29,10.28418498,11.14604229,10.14861192,10.81679343,4464147,50028053.23,2.050300
2022-05-05,10.652169,11.21382882,10.48754457,11.17509366,2432779,27524448.41,1.117300
2022-05-06,11.18477745,12.28872951,11.18477745,12.28872951,7583012,95081090.66,3.482800
2022-05-09,11.63991558,12.46303773,11.63991558,12.06600234,8461374,104679424.48,3.886200
2022-05-10,11.9110617,12.48240531,11.7173859,12.30809709,4674285,58933565.84,2.146800
2022-05-11,12.47272152,12.56955942,12.06600234,12.25967814,3286518,42136450.54,1.509400
2022-05-12,12.25967814,12.44367015,12.17252403,12.38556741,2091534,26640899.72,0.960600
2022-05-13,12.33714846,12.6857649,12.28872951,12.66639732,3158490,40918185.78,1.450600
2022-05-16,12.6857649,12.95691102,11.8142238,12.37588362,3023188,38899419.1,1.388500
2022-05-17,12.45335394,12.47272152,12.26936193,12.3952512,1362300,17410056.0,0.625700
2022-05-18,12.3952512,12.82133796,12.21125919,12.70513248,2420030,31662688.94,1.111500
2022-05-19,12.54050805,12.86975691,12.51145668,12.84070554,2388728,31362816.18,1.097100
2022-05-20,12.82133796,13.22805714,12.72450006,13.13121924,2180610,29441529.0,1.001500
2022-05-23,13.25710851,13.3636302,12.98596239,13.17963819,2010666,27276767.24,0.923500
2022-05-24,13.4604681,13.4604681,12.82133796,12.85038933,2613984,35273880.0,1.200600
2022-05-25,12.588927,13.06343271,12.588927,12.83102175,1907562,25270230.5,0.876100
2022-05-26,12.7826028,13.0731165,12.55019184,13.03438134,2310292,30671914.92,1.061100
2022-05-27,13.03438134,13.11185166,12.73418385,12.86007312,1630400,21661332.0,0.748800
2022-06-07,14.14801719,14.14801719,14.14801719,14.14801719,561684,8206203.24,0.258000
2022-06-08,15.56185053,15.56185053,13.47983568,13.66382769,13948615,204552076.06,6.406400
2022-06-09,13.19900577,14.1383334,13.19900577,13.66382769,5870328,82318360.4,2.696100
2022-06-10,13.6444046,15.03312336,13.595848,15.03312336,4991930,75303134.29,2.292700
2022-06-13,15.9265648,16.53837796,15.052546,16.23732704,14022120,229090661.28,6.440100
2022-06-14,15.65464784,17.85911748,15.61580256,17.59691184,13693149,240844258.21,6.289000
2022-06-15,17.53864392,18.61660044,16.99481,17.6746024,15821794,289826732.18,7.266700
2022-06-16,17.41239676,17.93680804,17.237593,17.58720052,5838456,105128705.32,2.681500
2022-06-17,17.54835524,18.48064196,17.237593,18.37381744,6970858,130586817.22,3.201600
2022-06-20,17.9173854,18.81082684,17.9173854,18.37381744,6559176,124135528.84,3.012500
2022-06-21,18.451508,18.72342496,17.7717156,18.0144986,5123649,95304435.4,2.353200
2022-06-22,18.0144986,18.0144986,17.36384016,17.3832628,4987691,90332624.37,2.290800
2022-06-23,17.03365528,17.56777788,16.8976968,17.36384016,4279646,75998087.48,1.965600
2022-06-24,17.480376,17.70373636,17.17932508,17.22788168,3229538,57665328.74,1.483300
2022-06-27,17.2861496,17.55806656,17.03365528,17.24730432,3213902,57111806.52,1.476100
2022-06-28,17.47066468,17.7717156,16.97538736,17.49008732,4332190,77785730.9,1.989700
2022-06-29,17.64546844,17.64546844,16.95596472,16.99481,3595486,63438434.58,1.651300
2022-06-30,16.95596472,18.14074576,16.92683076,16.97538736,3486120,62253066.5,1.601100
2022-07-01,17.02394396,17.29586092,16.85885152,17.01423264,2969179,51991566.09,1.363700
2022-07-04,17.42210808,17.5774892,16.8491402,17.27643828,5171304,91807873.46,2.375100
2022-07-05,17.27643828,17.40268544,16.87827416,16.99481,2870880,50342224.12,1.318500
2022-07-06,16.93654208,17.17932508,16.77144964,16.88798548,2460348,42840467.32,1.130000
2022-07-07,16.8005836,17.0919232,16.7034704,16.79087228,2199232,38128425.72,1.010100
2022-07-08,16.78116096,16.95596472,16.34415156,16.4121308,3103370,53050649.8,1.425300
2022-07-11,16.4606874,16.49953268,15.95569876,16.266461,3798274,63197992.24,1.744500
2022-07-12,16.509244,16.509244,15.64493652,15.8294516,3048040,49812368.56,1.399900
2022-07-13,15.75176104,16.20819308,15.69349312,15.99454404,2296000,37814292.54,1.054500
2022-07-14,16.40241948,16.40241948,15.538112,16.266461,2967730,49202745.7,1.363000
2022-07-15,16.509244,16.509244,15.69349312,15.72262708,3602695,59048912.7,1.654700
2022-07-18,15.8780082,16.49953268,15.85858556,16.25674968,2700904,45108720.68,1.240500
2022-07-19,16.28588364,16.35386288,15.80031764,15.8780082,1990728,32673122.4,0.914300
2022-07-20,16.023678,16.023678,15.35359692,15.81002896,4794496,77306829.32,2.202000
2022-07-21,15.780895,16.11107988,15.538112,15.7323384,2061916,33663954.56,0.947000
2022-07-22,15.65464784,16.6549138,15.65464784,16.08194592,3962386,66018309.22,1.819900
2022-07-25,16.19848176,16.35386288,15.66435916,15.79060632,2604670,42834989.9,1.196300
2022-07-26,15.79060632,16.08194592,15.37301956,16.0722346,2284954,37103052.64,1.049400
2022-07-27,16.08194592,17.68431372,15.91685348,17.68431372,5379438,95431513.1,2.470700
2022-07-28,18.44179668,18.44179668,16.82000624,17.8688288,11101230,201021184.18,5.098600
2022-07-29,17.9173854,18.04363256,17.24730432,17.42210808,6151346,111779276.14,2.825200
2022-08-01,17.46095336,17.94651936,17.31528356,17.51922128,3867785,70125249.76,1.776400
2022-08-02,17.4318194,17.75229296,17.0919232,17.4318194,5135156,92308499.26,2.358500
2022-08-03,17.45124204,17.74258164,16.83942888,16.88798548,3883316,69118163.14,1.783500
2022-08-04,17.00452132,17.29586092,16.6549138,17.0919232,2790072,48812952.0,1.281400
2022-08-05,17.37355148,17.37355148,16.6549138,17.1404798,2769612,48330161.0,1.272000
2022-08-08,16.8005836,18.85938344,16.8005836,18.85938344,8045040,152374867.0,3.695000
2022-08-09,18.7428476,19.908206,18.7428476,19.41292868,10370922,207216056.0,4.763200
2022-08-10,19.40321736,19.41292868,18.8399608,19.16043436,4965204,97412470.0,2.280400
2022-08-11,19.21870228,19.77224752,18.7428476,19.46148528,4058714,80529328.0,1.864100
2022-08-12,19.3740834,19.3740834,18.52919856,18.55833252,3567581,69316382.0,1.638500
2022-08-15,18.71371364,19.18956832,18.52919856,18.86909476,2443518,47583298.5,1.122300
2022-08-16,18.96620796,19.5197532,18.61660044,18.90794004,3058450,60118564.96,1.404700
2022-08-17,18.937074,19.2769702,18.67486836,19.0827438,3645692,71214712.78,1.674400
2022-08-18,19.10216644,19.59744376,18.8885174,19.42264,5947744,118529447.6,2.731700
2022-08-19,19.42264,19.7625362,18.7428476,18.8399608,3852850,74896618.02,1.769600
2022-08-22,18.8399608,18.95649664,18.27670424,18.92736268,2500886,48170920.5,1.148600
2022-08-23,18.92736268,19.5683098,18.694291,19.18956832,3156352,62474471.3,1.449700
2022-08-24,19.42264,19.42264,17.65517976,18.00478728,4942400,93802984.64,2.270000
2022-08-25,18.14074576,18.208725,17.29586092,17.74258164,3625962,65949634.34,1.665300
2022-08-26,17.95623068,18.451508,17.53864392,17.60662316,2143464,39288944.82,0.984500
2022-08-29,17.480376,18.5486212,17.20845904,18.1116118,2736286,50927242.38,1.256700
2022-08-30,18.16987972,18.28641556,17.2861496,17.50950996,3026648,54741127.58,1.390100
2022-08-31,17.50950996,17.5289326,16.24703836,16.42184212,3967958,67968824.26,1.822400
2022-09-01,16.42184212,16.58693456,15.8780082,15.91685348,2339200,38950873.0,1.074400
2022-09-02,15.96541008,16.5578006,15.69349312,16.1693478,1866875,31131603.43,0.857400
2022-09-05,16.023678,16.93654208,16.023678,16.25674968,2623220,44348228.0,1.204800
2022-09-06,16.3150176,16.68404776,15.8294516,16.05281196,6072428,100891278.58,2.789000
2022-09-07,16.05281196,16.57722324,16.01396668,16.20819308,2156700,36211906.0,0.990500
2022-09-08,16.19848176,16.57722324,15.85858556,15.88771952,3204600,53208562.0,1.471800
2022-09-09,15.81002896,15.9265648,15.56724596,15.72262708,1810100,29273727.98,0.831400
2022-09-13,15.8294516,16.023678,15.4409988,15.9265648,2497032,40522039.04,1.146800
2022-09-14,15.59637992,15.85858556,15.538112,15.70320444,1670400,26982106.0,0.767200
2022-09-15,15.56724596,15.86829688,15.4409988,15.57695728,2722638,43667110.08,1.250500
2022-09-16,15.52840068,15.6352252,15.295329,15.33417428,2171088,34514471.68,0.997100
2022-09-19,15.33417428,15.45071012,14.83889696,14.94572148,2028606,31406784.6,0.931700
2022-09-20,15.052546,15.37301956,15.052546,15.27590636,1686751,26430317.09,0.774700
2022-09-21,15.3924422,16.752027,15.052546,16.32472892,5378186,88509836.88,2.470100
2022-09-22,16.19848176,16.51895532,15.9265648,15.96541008,3643872,60818275.52,1.673600
2022-09-23,15.96541008,16.08194592,15.57695728,15.70320444,1944198,31498051.8,0.892900
2022-09-26,15.4895554,15.71291576,15.33417428,15.3438856,1138200,18137539.0,0.522800
2022-09-27,15.3924422,15.79060632,15.28561768,15.6352252,1339244,21439491.03,0.615100
2022-09-28,15.49926672,15.85858556,15.17879316,15.23706108,1726082,27334951.06,0.792800
2022-09-29,15.31475164,15.47013276,15.13023656,15.25648372,849012,13324208.58,0.389900
2022-09-30,14.9554328,15.26619504,14.91658752,14.9554328,1143185,17663901.5,0.525000
2022-10-10,14.77091772,15.04283468,14.6155366,14.6640932,1105198,16749588.96,0.507600
2022-10-11,14.6640932,15.0039894,14.57669132,14.9554328,900190,13719205.6,0.413400
2022-10-12,14.7612064,14.7612064,13.45988952,13.94545552,6534276,92347763.84,3.001100
2022-10-13,13.7900744,14.324197,13.6929612,13.86776496,4303128,62163420.8,1.976400
2022-10-14,14.1785272,14.1785272,13.55700272,13.87747628,3192018,45162965.78,1.466000
2022-10-17,13.9357442,15.052546,13.87747628,14.18823852,4307670,63094141.74,1.978400
2022-10-18,14.15910456,14.29506304,13.79978572,14.15910456,2736036,39607977.2,1.256600
2022-10-19,13.99401212,14.23679512,13.838631,13.838631,2029282,29206029.46,0.932000
2022-10-20,13.7415178,13.9357442,13.51815744,13.60555932,1779282,25095018.24,0.817200
2022-10-21,13.56671404,13.96487816,13.56671404,13.95516684,1738756,24714347.0,0.798600
2022-10-24,14.081414,14.081414,13.4016216,13.5472914,2248518,31806335.82,1.032700
2022-10-25,13.5472914,13.90661024,13.21710652,13.6929612,1777942,24855886.72,0.816600
2022-10-26,13.82891968,13.99401212,13.595848,13.838631,1567946,22319739.34,0.720100
2022-10-27,13.9843008,14.05228004,13.80949704,13.84834232,1441700,20642967.0,0.662100
2022-10-28,13.7415178,13.91632156,13.21710652,13.24624048,1798145,25059936.7,0.825900
2022-10-31,13.21710652,13.87747628,13.1588386,13.6929612,2239711,31475044.83,1.028700
2022-11-01,13.87747628,14.48928944,13.63469328,14.31448568,3582688,52527285.28,1.645500
2022-11-02,14.23679512,14.5184234,14.13968192,14.31448568,1731756,25655845.28,0.795400
2022-11-03,14.23679512,14.30477436,14.09112532,14.18823852,1025601,14998469.11,0.471000
2022-11-04,14.18823852,14.7126498,14.13968192,14.6155366,1922777,28753193.84,0.883100
2022-11-07,15.0039894,15.0039894,14.41159888,14.55726868,1865694,28074906.02,0.856900
2022-11-08,14.5184234,14.6640932,14.31448568,14.40188756,1213276,18013295.04,0.557200
2022-11-09,14.43102152,14.47957812,14.18823852,14.4213102,958130,14168172.32,0.440100
2022-11-10,14.45044416,14.45044416,14.10083664,14.12025928,983116,14355712.28,0.451500
2022-11-11,14.43102152,14.64467056,14.1299706,14.1785272,1404720,20697490.8,0.645200
2022-11-14,14.39217624,14.39217624,13.85805364,14.05228004,1634900,23624194.0,0.750900
2022-11-15,13.96487816,14.35333096,13.95516684,14.33390832,1280200,18690848.0,0.588000
2022-11-16,14.3727536,14.38246492,14.04256872,14.1299706,1322100,19283521.0,0.607200
2022-11-17,14.081414,14.21737248,13.90661024,13.9357442,958220,13792512.1,0.440100
2022-11-18,14.07170268,14.39217624,13.89689892,14.1785272,1244127,18197046.2,0.571400
2022-11-21,14.1785272,14.9554328,13.94545552,14.6640932,3221966,47974195.72,1.479800
2022-11-22,14.29506304,14.64467056,14.2756404,14.31448568,1393800,20637076.0,0.640200
2022-11-23,14.31448568,14.44073284,13.838631,14.25621776,1616200,23544095.18,0.742300
2022-11-24,14.2756404,15.31475164,13.86776496,15.09139128,4219906,64316657.28,1.938100
2022-11-25,15.09139128,15.26619504,14.64467056,14.84860828,3017906,46337161.68,1.386100
2022-11-28,14.84860828,14.84860828,14.2270838,14.45044416,1979100,29524269.0,0.909000
2022-11-29,14.53784604,14.53784604,14.2270838,14.29506304,2439528,35933627.52,1.120400
2022-11-30,14.29506304,14.29506304,14.081414,14.25621776,1184767,17309552.26,0.544100
2022-12-01,14.24650644,14.5184234,14.16881588,14.30477436,2170182,31965042.1,0.996700
2022-12-02,14.2756404,14.72236112,14.1785272,14.4698668,2447618,36507765.92,1.124200
2022-12-05,14.56698,14.65438188,14.1785272,14.24650644,1888520,27816353.0,0.867400
2022-12-06,14.23679512,15.01370072,13.7900744,14.809763,4804115,72069912.83,2.206500
2022-12-07,14.88745356,15.28561768,14.6640932,14.80005168,2529200,38860217.0,1.161600
2022-12-08,14.80005168,15.31475164,14.6640932,15.03312336,2526405,39142958.38,1.160300
2022-12-09,15.02341204,16.53837796,14.99427808,15.6352252,8348370,138244335.52,3.834300
2022-12-12,15.6352252,16.1693478,15.54782332,15.7323384,6114684,99467641.0,2.808400
2022-12-13,15.8294516,16.01396668,15.54782332,15.57695728,2479990,40212769.1,1.139000
2022-12-14,15.94598744,16.05281196,15.50897804,15.59637992,1957500,31637359.0,0.899000
2022-12-15,15.65464784,15.7323384,15.43128748,15.64493652,1521164,24395471.72,0.698600
2022-12-16,15.64493652,15.74204972,15.3924422,15.74204972,1231890,19788227.9,0.565800
2022-12-19,15.66435916,16.00425536,15.06225732,15.17879316,2469422,39331973.5,1.134200
2022-12-20,15.20792712,15.52840068,15.06225732,15.28561768,1151820,18113333.6,0.529000
2022-12-21,15.2467724,15.35359692,14.81947432,14.94572148,1130900,17431096.68,0.519400
2022-12-22,15.01370072,15.052546,14.49900076,14.63495924,1385472,21006744.44,0.636300
2022-12-23,14.63495924,14.64467056,14.48928944,14.55726868,837410,12547609.0,0.384600
2022-12-26,14.56698,14.94572148,14.47957812,14.9068762,662000,10098341.0,0.304000
2022-12-27,14.91658752,15.052546,14.59611396,14.69322716,753200,11458646.8,0.345900
2022-12-28,14.68351584,14.74178376,14.45044416,14.50871208,730700,10951301.0,0.335600
2022-12-29,14.39217624,14.48928944,14.1785272,14.30477436,678400,10007144.72,0.311600
2022-12-30,14.23679512,14.68351584,14.18823852,14.68351584,783162,11660620.64,0.359700
2023-01-03,14.97485544,14.97485544,14.4698668,14.64467056,770917,11621538.45,0.354100
2023-01-04,14.64467056,14.64467056,14.28535172,14.4698668,754908,11246516.56,0.346700
2023-01-05,14.47957812,14.7126498,14.44073284,14.68351584,994303,14954664.71,0.456700
2023-01-06,14.6640932,15.72262708,14.6640932,15.30504032,2813063,44160318.79,1.292000
2023-01-09,15.30504032,15.51868936,14.92629884,15.0039894,1491961,23225917.09,0.685200
2023-01-10,14.9554328,15.75176104,14.80005168,15.51868936,2272575,36108206.03,1.043800
2023-01-11,15.35359692,15.4895554,15.15937052,15.2467724,1297049,20422214.83,0.595700
2023-01-12,15.20792712,15.4409988,15.1011026,15.27590636,811700,12773179.0,0.372800
2023-01-13,15.31475164,16.00425536,15.08167996,15.3438856,3196049,51091695.22,1.467900
2023-01-16,15.26619504,15.7323384,15.23706108,15.4409988,2121400,33865129.0,0.974300
2023-01-17,15.67407048,15.8294516,15.47013276,15.76147236,2132660,34459414.6,0.979500
2023-01-18,15.80031764,16.00425536,15.74204972,15.81002896,1175956,19184780.4,0.540100
2023-01-19,15.81002896,15.9751214,15.57695728,15.70320444,1608900,26054238.96,0.738900
2023-01-20,15.81974028,15.99454404,15.62551388,15.9265648,1465936,23896575.82,0.673300
2023-01-30,16.04310064,16.30530628,15.60609124,15.7323384,2075980,33834332.4,0.953500
2023-01-31,15.538112,15.84887424,15.30504032,15.69349312,2263532,36473372.76,1.039600
2023-02-01,15.81002896,15.81974028,15.45071012,15.7323384,1866200,29971866.0,0.857100
2023-02-02,15.74204972,15.88771952,15.538112,15.6837818,1038750,16812487.08,0.477100
2023-02-03,15.6837818,15.71291576,15.33417428,15.5866686,1814208,28963691.9,0.833200
2023-02-06,15.65464784,15.65464784,15.25648372,15.26619504,1413100,22337533.0,0.649000
2023-02-07,15.3438856,15.6837818,15.26619504,15.57695728,1436500,22933374.0,0.659800
2023-02-08,15.56724596,15.72262708,15.38273088,15.52840068,1058400,16966298.0,0.486100
2023-02-09,15.62551388,15.64493652,15.43128748,15.4895554,1139318,18190645.0,0.523300
2023-02-10,15.4895554,15.51868936,15.32446296,15.4895554,938088,14894328.28,0.430800
2023-02-13,15.49926672,15.7323384,15.38273088,15.50897804,835300,13332826.0,0.383600
2023-02-14,15.47013276,15.76147236,15.4409988,15.75176104,1578352,25398382.4,0.724900
2023-02-15,15.7323384,15.9265648,15.56724596,15.6352252,1400340,22676664.2,0.643200
2023-02-16,15.538112,15.76147236,15.0039894,15.09139128,2970300,46932724.18,1.364200
2023-02-17,15.09139128,15.2467724,14.9554328,14.97485544,1091100,16931236.0,0.501100
2023-02-20,14.97485544,15.2467724,14.7612064,15.15937052,1039720,16105110.58,0.477500
2023-02-21,15.2467724,15.28561768,15.07196864,15.28561768,727800,11368723.0,0.334300
2023-02-22,15.20792712,15.32446296,15.03312336,15.15937052,516400,8065999.0,0.237200
2023-02-23,15.3438856,15.62551388,15.2467724,15.35359692,1230008,19539712.72,0.564900
2023-02-24,15.3438856,15.52840068,15.1496592,15.32446296,654522,10365257.28,0.300600
2023-02-27,15.23706108,15.67407048,15.1496592,15.4895554,1535800,24457042.0,0.705400
2023-02-28,15.47984408,15.9751214,15.33417428,15.6837818,1506110,24349337.0,0.691700
2023-03-01,15.74204972,15.81002896,15.538112,15.60609124,976300,15718130.0,0.448400
2023-03-02,15.60609124,15.81974028,15.55753464,15.60609124,845800,13648037.0,0.388500
2023-03-03,15.7323384,15.7323384,15.43128748,15.46042144,880500,14066465.0,0.404400
2023-03-06,15.46042144,15.61580256,14.97485544,15.45071012,800856,12727137.36,0.367800
2023-03-07,15.51868936,15.538112,15.04283468,15.13023656,984000,15485935.0,0.451900
2023-03-08,15.01370072,15.42157616,14.9554328,15.17879316,674950,10579840.0,0.310000
2023-03-09,15.28561768,15.42157616,15.03312336,15.08167996,547300,8542461.0,0.251400
2023-03-10,15.28561768,15.52840068,14.9068762,15.2467724,1523400,23882648.56,0.699700
2023-03-13,15.23706108,15.4409988,14.9554328,15.09139128,1568600,24457650.0,0.720400
2023-03-14,15.06225732,15.2467724,14.87774224,14.96514412,1080200,16695871.0,0.496100
2023-03-15,15.07196864,15.15937052,14.9068762,14.93601016,766680,11828642.06,0.352100
2023-03-16,14.86803092,15.06225732,14.48928944,14.62524792,1106500,16802202.0,0.508200
2023-03-17,14.6640932,15.052546,14.54755736,14.57669132,1104766,16721794.86,0.507400
2023-03-20,14.53784604,14.67380452,14.2756404,14.49900076,591268,8857336.28,0.271600
2023-03-21,14.57669132,14.73207244,14.3727536,14.7126498,500900,7554962.0,0.230100
2023-03-22,14.88745356,15.13994788,14.77091772,14.83889696,888552,13688635.74,0.408100
2023-03-23,14.83889696,15.0039894,14.7126498,14.74178376,723114,11035407.8,0.332100
2023-03-24,14.83889696,14.83889696,14.57669132,14.7612064,637900,9664172.0,0.293000
2023-03-27,14.6640932,14.99427808,14.65438188,14.73207244,779870,11844863.7,0.358200
2023-03-28,14.73207244,14.87774224,14.5184234,14.59611396,839150,12668756.0,0.385400
2023-03-29,14.55726868,14.81947432,14.4698668,14.53784604,778512,11733368.68,0.357600
2023-03-30,14.6640932,14.6640932,14.35333096,14.3727536,839884,12481497.72,0.385700
2023-03-31,14.3727536,14.73207244,14.35333096,14.70293848,949242,14314857.5,0.436000
2023-04-03,14.91658752,14.91658752,14.4698668,14.58640264,989310,14803692.72,0.454400
2023-04-04,14.58640264,14.63495924,14.34361964,14.3727536,989264,14719458.66,0.454400
2023-04-06,14.3727536,14.4698668,14.081414,14.1299706,877300,12809844.0,0.402900
2023-04-07,14.2270838,14.26592908,14.09112532,14.18823852,581582,8482270.2,0.267100
2023-04-10,14.29506304,14.34361964,14.05228004,14.09112532,736000,10704989.0,0.338000
2023-04-11,14.01343476,14.1299706,13.95516684,14.04256872,632830,9138000.6,0.290600
2023-04-12,13.9843008,14.20766116,13.82891968,13.90661024,571760,8210302.8,0.262600
2023-04-13,13.91632156,14.081414,13.81920836,13.97458948,645195,9275850.33,0.296300
2023-04-14,13.99401212,14.06199136,13.8871876,13.91632156,576332,8288659.56,0.264700
2023-04-17,13.84834232,14.19794984,13.81920836,14.06199136,733560,10558136.5,0.336900
2023-04-18,13.9357442,14.06199136,13.89689892,14.00372344,472700,6794929.0,0.217100
2023-04-19,14.00372344,14.34361964,13.89689892,14.2756404,735900,10770193.0,0.338000
2023-04-20,14.2756404,14.324197,14.00372344,14.06199136,857582,12457106.46,0.393900
2023-04-21,14.05228004,14.21737248,13.87747628,13.8871876,443772,6387950.12,0.203800
2023-04-24,13.81920836,13.86776496,13.48902348,13.61527064,1043800,14722892.0,0.479400
2023-04-25,13.61527064,13.7415178,13.41133292,13.4501782,1110228,15416706.8,0.509900
2023-04-26,13.75122912,14.80005168,13.42104424,14.80005168,3262514,48753352.56,1.498400
2023-04-27,14.72236112,15.1982158,14.63495924,14.9554328,3391466,52304192.68,1.557600
2023-04-28,15.04283468,15.04283468,14.56698,14.91658752,1397310,21221072.5,0.641800
2023-05-04,14.809763,15.21763844,14.809763,15.12052524,1457494,22596694.76,0.669400
2023-05-05,15.052546,15.052546,14.78062904,15.0039894,920800,14165329.0,0.422900
2023-05-08,14.99427808,15.1011026,14.65438188,14.7126498,969636,14746684.0,0.445300
2023-05-09,14.73207244,14.81947432,14.48928944,14.5184234,737784,11116995.52,0.338900
2023-05-10,14.5184234,14.73207244,14.4698668,14.52813472,633000,9495326.0,0.290700
2023-05-11,14.67380452,14.67380452,14.4698668,14.52813472,588400,8796254.0,0.270200
2023-05-12,14.52813472,14.65438188,14.3727536,14.41159888,573500,8553058.0,0.263400
2023-05-15,14.73207244,14.73207244,14.19794984,14.44073284,778720,11499359.6,0.357700
2023-05-16,14.53784604,14.7612064,14.4213102,14.52813472,847800,12734747.0,0.389400
2023-05-17,14.52813472,14.69322716,14.28535172,14.65438188,792300,11862439.0,0.363900
2023-05-18,14.72236112,14.72236112,14.40188756,14.5184234,658352,9811675.4,0.302400
2023-05-19,14.40188756,14.6640932,14.35333096,14.6155366,666700,9989542.0,0.306200
2023-05-22,14.6640932,14.73207244,14.40188756,14.48928944,892920,13342577.2,0.410100
2023-05-23,14.54755736,14.6640932,14.33390832,14.34361964,888020,13271592.4,0.407900
2023-05-24,14.4213102,15.052546,14.324197,14.8583196,1962420,29907223.1,0.901300
2023-05-25,14.7612064,14.9068762,14.56698,14.82918564,1228512,18648492.96,0.564200
2023-05-26,14.809763,14.809763,14.4213102,14.59611396,947860,14217686.8,0.435300
2023-05-29,14.74178376,14.79034036,14.3727536,14.4213102,601200,8945540.0,0.276100
2023-05-30,14.3727536,14.58640264,14.2756404,14.54755736,372150,5549114.9,0.170900
2023-05-31,14.60582528,14.60582528,14.3727536,14.55726868,376812,5626243.08,0.173100
2023-06-01,14.39217624,14.6155366,14.39217624,14.41159888,409432,6116622.4,0.188000
2023-06-02,14.56698,14.6155366,14.40188756,14.5184234,734028,10968318.92,0.337100
2023-06-05,14.5184234,14.9068762,14.26592908,14.7126498,1107400,16748536.0,0.508600
2023-06-06,14.63495924,14.7126498,14.3727536,14.39217624,995700,14826594.0,0.457300
2023-06-07,14.54755736,14.54755736,14.324197,14.38246492,607800,9008846.0,0.279200
2023-06-08,14.49900076,14.49900076,14.19794984,14.23679512,538556,7932714.72,0.247400
2023-06-09,14.32430634,14.50907336,14.12981474,14.41182756,498774,7370216.16,0.229100
2023-06-12,14.43127672,14.6841158,14.37292924,14.50907336,777402,11618294.02,0.357000
2023-06-13,14.50907336,14.91750572,14.3923784,14.59659458,1485770,22416871.88,0.682400
2023-06-14,14.6354929,14.83970908,14.54797168,14.65494206,677238,10193848.54,0.311000
2023-06-15,14.71328954,15.05364984,14.57714542,14.86888282,1096510,16789953.02,0.503600
2023-06-16,14.9272303,15.00502694,14.7813616,14.94667946,931100,14270038.0,0.427600
2023-06-19,14.99530236,15.40373472,14.89805656,15.25786602,1573800,24447126.12,0.722800
2023-06-20,15.32593808,16.27894692,15.15089564,15.9969341,3824349,62468742.42,1.756500
2023-06-21,15.9483112,16.3859173,15.6565738,15.76354418,2521920,41400720.0,1.158300
2023-06-26,15.67602296,15.93858662,15.559328,15.66629838,1510256,24461193.32,0.693600
2023-06-27,15.6565738,16.07473074,15.58850174,15.9969341,1370104,22465585.6,0.629300
2023-06-28,16.25949776,16.531786,15.91913746,16.31784524,1788552,29811582.4,0.821500
2023-06-29,16.531786,16.531786,16.17197654,16.2886715,1634036,27406538.64,0.750500
2023-06-30,16.18170112,16.34701898,16.06500616,16.22059944,1055200,17550152.0,0.484600
2023-07-03,16.24977318,16.36646814,15.92886204,15.96776036,1509318,24874848.26,0.693200
2023-07-04,16.12335364,16.13307822,15.8996883,16.00665868,801756,13211613.08,0.368200
2023-07-05,16.06500616,16.08445532,15.8024425,15.96776036,760501,12487518.53,0.349300
2023-07-06,15.88023914,16.11362906,15.8024425,16.05528158,623860,10248210.2,0.286500
2023-07-07,15.9483112,16.1428028,15.73437044,15.83161624,892100,14550326.54,0.409700
2023-07-10,15.8996883,16.1914257,15.559328,15.66629838,1453200,23430362.48,0.667400
2023-07-11,15.7538196,15.8024425,15.45235762,15.73437044,984350,15829314.74,0.452100
2023-07-12,15.7051967,15.9483112,15.53987884,15.68574754,915894,14832496.44,0.420700
2023-07-13,15.47180678,15.78299334,15.47180678,15.73437044,788700,12695235.0,0.362200
2023-07-14,15.56905258,15.68574754,15.52042968,15.53987884,816220,13088506.0,0.374900
2023-07-17,15.47180678,15.83161624,15.2189677,15.54960342,1352414,21698361.12,0.621100
2023-07-18,15.52042968,15.91913746,15.38428556,15.78299334,1111590,17999429.5,0.510500
2023-07-19,15.79271792,16.01638326,15.52042968,15.58850174,656620,10549184.8,0.301600
2023-07-20,15.62740006,15.7051967,15.42318388,15.47180678,684194,10913432.06,0.314200
2023-07-21,15.47180678,15.73437044,15.37456098,15.52042968,920500,14717798.0,0.422800
2023-07-24,15.559328,16.07473074,15.39401014,15.73437044,1536893,25015581.24,0.705900
2023-07-25,15.8024425,15.88023914,15.50098052,15.54960342,1043200,16773289.48,0.479100
2023-07-26,15.5107051,15.84134082,15.4620822,15.66629838,857660,13821083.5,0.393900
2023-07-27,15.71492128,15.7538196,15.53987884,15.57877716,612782,9837630.58,0.281400
2023-07-28,15.47180678,15.69547212,15.39401014,15.58850174,701483,11222608.62,0.322200
2023-07-31,15.62740006,15.64684922,15.3648364,15.37456098,897020,14247558.0,0.412000
2023-08-01,15.37456098,15.47180678,15.27731518,15.45235762,561382,8877466.34,0.257800
2023-08-02,15.4620822,15.7051967,15.37456098,15.64684922,629100,10079725.18,0.288900
2023-08-03,16.13307822,16.13307822,15.38428556,15.5107051,815702,13052517.08,0.374600
2023-08-04,15.5107051,15.74409502,15.3648364,15.43290846,588084,9343866.72,0.270100
2023-08-07,15.39401014,15.57877716,15.33566266,15.4134593,475710,7549733.0,0.218500
2023-08-08,15.53015426,15.53015426,15.22869228,15.2675906,975147,15366598.13,0.447900
2023-08-09,15.44263304,15.44263304,15.16062022,15.18979396,584300,9151945.0,0.268400
2023-08-10,15.49125594,15.49125594,14.96612862,15.19951854,597522,9287854.64,0.274400
2023-08-11,15.15089564,15.57877716,15.05364984,15.15089564,881447,13835665.97,0.404800
2023-08-14,15.15089564,15.15089564,14.74246328,14.9272303,803030,12286046.7,0.368800
2023-08-15,14.7813616,15.3648364,14.76191244,14.9272303,1244382,19195553.92,0.571500
2023-08-16,14.8299845,15.1217219,14.51879794,14.55769626,871700,13177718.7,0.400400
2023-08-17,14.54797168,14.9272303,14.3923784,14.79108618,853430,12868912.0,0.392000
2023-08-18,13.5657891,14.79108618,13.3226746,13.48799246,5433801,75833696.45,2.495700
2023-08-21,13.128183,13.34212376,13.01148804,13.10873384,2225212,30170988.74,1.022000
2023-08-22,13.13790758,13.2254288,12.77809812,12.95314056,1626500,21677759.0,0.747000
2023-08-23,12.94341598,12.96286514,12.58360652,12.70030148,1680882,22023087.48,0.772000
2023-08-24,12.7391998,12.91424224,12.71975064,12.72947522,868029,11429018.19,0.398700
2023-08-25,12.71002606,12.81699644,12.58360652,12.66140316,1564030,20406194.6,0.718300
2023-08-28,12.95314056,13.2254288,12.55443278,12.6905769,1807900,23936083.0,0.830300
2023-08-29,12.67112774,13.35184834,12.60305568,13.26432712,1954482,26243442.48,0.897700
2023-08-30,13.40047124,13.89642482,13.3226746,13.67275948,1606800,22656186.0,0.738000
2023-08-31,13.67275948,13.8575265,13.47826788,13.7116578,880900,12401561.0,0.404600
2023-09-01,13.74083154,13.92559856,13.43936956,13.59496284,810100,11297276.0,0.372100
2023-09-04,13.5657891,13.89642482,13.48799246,13.62413658,747756,10475533.64,0.343400
2023-09-05,13.75055612,13.86725108,13.59496284,13.63386116,885200,12484492.0,0.406600
2023-09-06,13.6630349,13.88670024,13.5657891,13.8575265,1084360,15331889.4,0.498000
2023-09-07,13.87697566,14.09091642,13.65331032,13.79917902,814962,11643076.9,0.374300
2023-09-08,13.79917902,13.93532314,13.64358574,13.77972986,625576,8858341.44,0.287300
2023-09-11,13.91587398,13.91587398,13.63386116,13.7602807,638300,9020972.0,0.293200
2023-09-12,14.1978868,14.1978868,13.64358574,13.69220864,602750,8499008.5,0.276800
2023-09-13,13.6630349,13.83807734,13.47826788,13.67275948,610730,8526524.3,0.280500
2023-09-14,13.62413658,13.65331032,13.4199204,13.5657891,459612,6395676.74,0.211100
2023-09-15,13.47826788,13.7116578,13.44909414,13.50744162,470382,6560832.16,0.216000
2023-09-18,13.614412,13.74083154,13.16708132,13.62413658,743200,10414190.0,0.341300
2023-09-19,13.69220864,13.69220864,13.30322544,13.41019582,557030,7688407.78,0.255800
2023-09-20,13.4685433,13.4685433,13.28377628,13.38102208,650940,8945046.4,0.299000
2023-09-21,13.29350086,13.40047124,13.13790758,13.30322544,509800,6972260.0,0.234100
2023-09-22,13.39074666,13.4685433,13.0795601,13.45881872,591700,8110412.0,0.271800
2023-09-25,13.60468742,13.60468742,13.20597964,13.43936956,724760,9969228.8,0.332900
2023-09-26,13.30322544,13.55606452,13.20597964,13.45881872,809840,11194638.6,0.371900
2023-09-27,13.43936956,13.6630349,13.2254288,13.36157292,812140,11236202.4,0.373000
2023-09-28,13.34212376,13.59496284,13.3226746,13.45881872,973968,13460999.98,0.447300
2023-10-09,13.44909414,13.44909414,13.06983552,13.11845842,858040,11672247.0,0.394100
2023-10-10,13.11845842,13.2254288,12.8850685,12.91424224,384700,5143586.0,0.176700
2023-10-11,12.92396682,13.15735674,12.86561934,13.11845842,617820,8259542.4,0.283800
2023-10-12,13.14763216,13.38102208,12.94341598,13.01148804,569500,7631457.0,0.261600
2023-10-13,13.06011094,13.18653048,12.82672102,12.82672102,593900,7883623.0,0.272800
2023-10-16,12.82672102,12.95314056,12.74892438,12.89479308,471200,6222456.0,0.216400
2023-10-17,12.7878227,12.91424224,12.71002606,12.7878227,660840,8692661.0,0.303500
2023-10-18,12.80727186,12.81699644,12.5933311,12.641954,692838,9010354.76,0.318200
2023-10-19,12.53498362,12.82672102,12.4474624,12.6905769,2137620,27775605.22,0.981800
2023-10-20,12.641954,13.00176346,12.41828866,12.66140316,1090864,14219686.16,0.501000
2023-10-23,12.71002606,12.86561934,12.4474624,12.66140316,2073482,26863256.44,0.952300
2023-10-24,12.6905769,12.99203888,12.641954,12.6905769,1515486,19897794.7,0.696000
2023-10-25,12.68085232,13.0795601,12.52525904,13.05038636,1971392,25928817.46,0.905400
2023-10-26,12.91424224,12.9823143,12.5933311,12.82672102,1201042,15711134.58,0.551600
2023-10-27,12.66140316,13.21570422,12.66140316,13.20597964,1186600,15914576.0,0.545000
2023-10-30,13.54633994,13.55606452,12.9823143,13.01148804,1266564,17117519.36,0.581700
2023-10-31,13.33239918,13.4685433,12.68085232,12.81699644,1133692,14985987.2,0.520700
2023-11-01,13.128183,13.2254288,12.82672102,13.21570422,1278300,17190951.0,0.587100
2023-11-02,13.05038636,13.31295002,12.99203888,13.06983552,708700,9552209.0,0.325500
2023-11-03,13.06983552,13.48799246,13.04066178,13.30322544,899400,12324877.0,0.413100
2023-11-06,13.26432712,13.38102208,13.128183,13.26432712,1112300,15162946.0,0.510900
2023-11-07,13.26432712,13.43936956,13.18653048,13.34212376,1182700,16192979.8,0.543200
2023-11-08,13.33239918,13.44909414,13.16708132,13.21570422,1636682,22288553.46,0.751700
2023-11-09,13.25460254,13.30322544,13.06011094,13.24487796,1170894,15878780.76,0.537800
2023-11-10,13.2254288,13.24487796,12.99203888,13.11845842,1013728,13670146.68,0.465600
2023-11-13,13.06011094,13.44909414,13.01148804,13.42964498,2057230,28197821.68,0.944900
2023-11-14,13.4685433,13.59496284,13.36157292,13.38102208,984700,13598375.8,0.452300
2023-11-15,13.49771704,13.49771704,13.21570422,13.2740517,983192,13438455.2,0.451600
2023-11-16,13.3712975,13.38102208,13.0795601,13.128183,1103706,14966440.56,0.506900
2023-11-17,13.05038636,13.24487796,13.0309372,13.13790758,797700,10776687.0,0.366400
2023-11-20,13.15735674,13.5171662,13.15735674,13.48799246,1275600,17505517.14,0.585900
2023-11-21,13.64358574,13.64358574,13.2254288,13.3226746,1294540,17875661.4,0.594600
2023-11-22,13.3226746,13.36157292,13.08928468,13.08928468,971700,13182471.0,0.446300
2023-11-23,13.08928468,13.38102208,13.08928468,13.2740517,1309600,17864432.0,0.601500
2023-11-24,13.3226746,13.36157292,13.01148804,13.0309372,832100,11183709.0,0.382200
2023-11-27,13.0309372,13.19625506,12.96286514,13.0795601,782890,10508943.4,0.359600
2023-11-28,13.0795601,13.3712975,13.06983552,13.3712975,1076130,14712797.74,0.494200
2023-11-29,13.33239918,13.45881872,13.2254288,13.36157292,1042224,14296478.24,0.478700
2023-11-30,13.26432712,13.40047124,13.0309372,13.19625506,968000,13101646.0,0.444600
2023-12-01,13.11845842,13.42964498,13.02121262,13.40047124,1403670,19143148.16,0.644700
2023-12-04,13.4199204,14.74246328,13.3712975,14.74246328,5589107,83043069.96,2.567000
2023-12-05,14.7813616,15.05364984,14.18816222,14.23678512,9003401,135281975.81,4.135100
2023-12-06,14.22706054,14.7327387,14.17843764,14.21733596,3511910,51666163.76,1.613000
2023-12-07,14.21733596,14.35348008,13.9061494,14.06174268,1997866,28886479.4,0.917600
2023-12-08,14.06174268,14.100641,13.59496284,13.8089036,2706149,38254283.14,1.242900
2023-12-11,13.79917902,13.96449688,13.41019582,13.9061494,2563074,36337272.04,1.177200
2023-12-12,13.9061494,13.96449688,13.57551368,13.96449688,2361746,33489597.84,1.084700
2023-12-13,13.91587398,14.06174268,13.67275948,13.72138238,2152800,30631739.54,0.988700
2023-12-14,13.75055612,13.9061494,13.49771704,13.59496284,2132500,29850662.0,0.979400
2023-12-15,13.59496284,13.75055612,13.41019582,13.58523826,1895100,26381265.0,0.870400
2023-12-18,13.52689078,13.83807734,13.38102208,13.67275948,2651440,37264631.6,1.217800
2023-12-19,13.67275948,13.7602807,13.50744162,13.72138238,2147240,30143339.9,0.986200
2023-12-20,13.79917902,13.86725108,13.39074666,13.48799246,1723200,24067217.0,0.791400
2023-12-21,13.54633994,13.6630349,13.04066178,13.64358574,2676820,36892249.2,1.229400
2023-12-22,13.44909414,13.77972986,13.44909414,13.59496284,1846752,25893119.4,0.848200
2023-12-25,13.54633994,13.67275948,13.47826788,13.59496284,907300,12654324.0,0.416700
2023-12-26,13.8575265,13.9547723,13.11845842,13.1768059,2416500,33153406.0,1.109900
2023-12-27,13.1768059,13.3712975,13.09900926,13.34212376,1290410,17611839.3,0.592700
2023-12-28,13.36157292,13.73110696,13.14763216,13.63386116,1867804,26098274.04,0.857900
2023-12-29,13.614412,14.08119184,13.614412,13.91587398,2300692,32799401.26,1.056700
2024-01-02,14.37292924,14.4896242,13.93532314,14.42155214,2939800,43073409.6,1.350200
2024-01-03,14.41182756,14.4896242,14.20761138,14.33403092,1382540,20343521.8,0.635000
2024-01-04,14.3923784,14.56742084,14.28540802,14.56742084,1724432,25602374.44,0.792000
2024-01-05,14.71328954,14.8299845,14.40210298,14.6354929,2618030,39451396.03,1.202400
2024-01-08,15.0244761,15.06337442,14.27568344,14.51879794,2191100,32558787.0,1.006300
2024-01-09,14.6354929,14.65494206,14.30485718,14.38265382,1494592,22219578.08,0.686400
2024-01-10,14.1978868,14.49934878,14.1978868,14.3437555,1259600,18615550.0,0.578500
2024-01-11,14.4410013,14.4410013,13.92559856,14.1492639,2328500,33834193.0,1.069400
2024-01-12,14.15898848,14.71328954,14.06174268,14.46045046,2451700,36595395.0,1.126000
2024-01-15,14.32430634,14.59659458,14.27568344,14.52852252,1528300,22748381.0,0.701900
2024-01-16,14.49934878,14.56742084,14.2465097,14.40210298,1241600,18367485.0,0.570200
2024-01-17,14.4896242,14.5382471,14.100641,14.38265382,1024730,15137673.82,0.470600
2024-01-18,14.1492639,14.1492639,13.33239918,13.614412,3131819,43990078.32,1.438400
2024-01-19,13.7116578,13.74083154,13.28377628,13.29350086,1023800,14098301.0,0.470200
2024-01-22,13.39074666,13.39074666,12.26269538,12.46691156,1882054,24784664.18,0.864400
2024-01-23,12.45718698,12.45718698,11.99040714,12.22379706,1873900,23584978.0,0.860700
2024-01-24,12.23352164,12.48636072,11.56252562,11.98068256,1532568,18707832.9,0.703900
2024-01-25,12.2043479,12.36966576,11.90288592,12.35994118,1153138,14418559.3,0.529600
2024-01-26,13.52689078,13.58523826,12.7391998,13.1768059,5069930,68496778.4,2.328500
2024-01-29,13.33239918,13.33239918,12.74892438,13.01148804,3158110,42308683.2,1.450500
2024-01-30,12.77809812,13.35184834,12.77809812,13.15735674,2246114,30292944.28,1.031600
2024-01-31,12.86561934,13.30322544,12.07792836,12.11682668,2760262,35650101.44,1.267700
2024-02-01,12.06820378,12.3988395,11.6208731,11.70839432,2385808,29152066.36,1.095800
2024-02-02,11.70839432,12.00013172,10.9887754,11.4263815,2065931,24242002.15,0.948800
2024-02-05,11.3777586,11.3777586,10.28860564,10.28860564,2178500,23810660.36,1.000600
2024-02-06,9.8218258,10.8915296,9.25780016,10.28860564,2511584,25223576.26,1.153500
2024-02-07,10.27888106,10.27888106,9.37449512,9.72458,2425839,24062252.69,1.114100
2024-02-08,9.72458,10.3080548,9.24807558,10.3080548,1830542,18404093.65,0.840700
2024-02-19,10.3080548,10.65813968,10.19135984,10.52199556,2649554,28398041.91,1.216900
2024-02-20,10.47337266,10.6484151,10.28860564,10.60951678,1465899,15892289.74,0.673300
2024-02-21,10.43447434,11.3777586,10.42474976,11.00822456,2073015,23533999.13,0.952100
2024-02-22,10.93042792,11.22216532,10.91097876,11.1346441,1111292,12638972.4,0.510400
2024-02-23,11.14436868,11.83481386,11.14436868,11.70839432,1991230,23610588.2,0.914500
2024-02-26,11.65004684,11.99040714,11.59169936,11.85426302,1265023,15386304.29,0.581000
2024-02-27,11.84453844,12.5933311,11.82508928,12.17517416,1535276,19002893.72,0.705100
2024-02-28,12.22379706,12.42801324,11.25133906,11.3291357,1832500,22452785.0,0.841600
2024-02-29,11.16381784,11.8639876,11.04712288,11.80564012,1417400,16888134.0,0.651000
2024-03-01,12.19462332,12.19462332,11.49445356,11.64032226,1312900,15677851.0,0.603000
2024-03-04,11.7667418,11.82508928,11.49445356,11.7667418,1262262,15178883.16,0.579700
2024-03-05,11.7667418,11.7667418,11.43610608,11.51390272,798898,9506214.28,0.366900
2024-03-06,11.5722502,11.7181189,11.30968654,11.61114852,918470,10873497.9,0.421800
2024-03-07,11.6208731,12.02930546,11.6208731,11.72784348,1308298,15943936.7,0.600900
2024-03-08,11.72784348,11.98068256,11.63059768,11.92233508,890000,10781831.0,0.408800
2024-03-11,12.2529708,12.2529708,11.87371218,12.14600042,781800,9696383.0,0.359100
2024-03-12,12.14600042,12.2529708,12.0098563,12.19462332,611187,7628622.98,0.280700
2024-03-13,12.11682668,12.29186912,11.97095798,12.17517416,1029400,12846808.0,0.472800
2024-03-14,12.16544958,12.31131828,11.73756806,11.83481386,1779287,21841249.14,0.817200
2024-03-15,11.82508928,12.11682668,11.60142394,12.09737752,2072152,25209243.08,0.951700
2024-03-18,12.2529708,12.4474624,12.1071021,12.43773782,1519600,19228986.0,0.697900
2024-03-19,12.34049202,12.63222942,12.23352164,12.52525904,1000000,12887638.72,0.459300
2024-03-20,12.5447082,12.8364456,12.5447082,12.80727186,1218428,15966008.32,0.559600
2024-03-21,12.80727186,13.30322544,12.7878227,13.28377628,1612101,21658995.57,0.740400
2024-03-22,13.14763216,13.25460254,12.62250484,12.72947522,2054164,27091802.56,0.943400
2024-03-25,12.71975064,13.99367062,12.641954,12.8850685,2553039,34489900.33,1.172600
2024-03-26,12.74892438,12.87534392,12.45718698,12.641954,1588134,20672218.78,0.729400
2024-03-27,13.0795601,13.128183,12.155725,12.155725,1217184,15685239.2,0.559000
2024-03-28,11.99040714,12.58360652,11.8639876,12.46691156,1185098,15134414.24,0.544300
2024-03-29,12.45718698,12.641954,12.3502166,12.57388194,849398,10925050.14,0.390100
2024-04-01,12.70030148,12.87534392,12.51553446,12.81699644,914418,11943909.54,0.420000
2024-04-02,12.92396682,12.96286514,12.7391998,12.91424224,838696,11089655.14,0.385200
2024-04-03,12.7391998,12.95314056,12.6905769,12.81699644,719192,9482769.72,0.330300
2024-04-08,12.84617018,12.97258972,12.60305568,12.6905769,828226,10887344.34,0.380400
2024-04-09,12.66140316,13.86725108,12.66140316,13.01148804,1991365,26882121.85,0.914600
2024-04-10,12.8850685,13.614412,12.66140316,13.3226746,3014802,40762744.28,1.384700
2024-04-11,13.26432712,13.29350086,12.75864896,12.76837354,2400600,31905130.0,1.102600
2024-04-12,12.6905769,12.8850685,12.4960853,12.50580988,1483200,19350019.0,0.681200
2024-04-15,12.641954,12.68085232,11.70839432,11.85426302,2159235,26727595.81,0.991700
2024-04-16,11.669496,11.669496,10.66786426,10.66786426,2324500,26017296.5,1.067600
2024-04-17,10.34695312,11.3291357,10.34695312,11.183267,2062700,23366434.0,0.947400
2024-04-18,11.09574578,11.3777586,10.91097876,11.22216532,1308064,15055403.12,0.600800
2024-04-19,11.183267,11.33886028,10.86235586,10.93042792,915982,10373452.34,0.420700
2024-04-22,10.78455922,10.91097876,10.49282182,10.62896594,1941532,21275641.76,0.891700
2024-04-23,10.75538548,10.93042792,10.65813968,10.83318212,1368052,15210243.88,0.628300
2024-04-24,10.68731342,11.17354242,10.68731342,11.17354242,829420,9431899.0,0.380900
2024-04-25,11.60142394,11.60142394,10.9887754,11.0860212,890846,10207078.42,0.409200
2024-04-26,11.34858486,11.4750044,10.9887754,11.41665692,1077694,12481001.12,0.495000
2024-04-29,11.90288592,12.00013172,11.49445356,11.82508928,2926750,35456338.16,1.344200
2024-04-30,11.8153647,12.0584792,11.669496,12.02930546,1859282,22751016.02,0.853900
2024-05-06,12.08765294,12.41828866,11.98068256,12.155725,1993174,25020998.44,0.915400
2024-05-07,12.11682668,12.40856408,12.0098563,12.36966576,1480356,18672181.96,0.679900
2024-05-08,12.21407248,12.641954,12.21407248,12.27241996,1349850,17294205.5,0.620000
2024-05-09,12.36966576,12.7391998,12.2529708,12.66140316,1624764,21004872.0,0.746200
2024-05-10,12.77809812,12.7878227,12.36966576,12.60305568,1379500,17857329.0,0.633600
2024-05-13,12.47663614,12.53498362,12.16544958,12.28214454,1313200,16612881.0,0.603100
2024-05-14,11.74729264,12.72947522,11.74729264,12.31131828,1259290,15965864.2,0.578400
2024-05-15,12.23352164,12.45718698,12.0584792,12.16544958,826736,10436883.52,0.379700
2024-05-16,12.00013172,12.77809812,12.00013172,12.57388194,1669052,21392277.48,0.766600
2024-05-17,12.56415736,12.65167858,12.3988395,12.4960853,842100,10822484.0,0.386800
2024-05-20,12.42801324,13.21570422,12.42801324,13.06983552,2622395,34762148.94,1.204400
2024-05-21,12.95314056,13.16708132,12.80727186,12.8850685,1260392,16772090.7,0.578900
2024-05-22,12.77809812,13.00176346,12.6905769,12.71002606,799643,10518843.88,0.367300
2024-05-23,12.72947522,12.89479308,12.52525904,12.7391998,1319100,17218448.0,0.605800
2024-05-24,12.62250484,12.8850685,12.50580988,12.76837354,1406782,18384251.84,0.646100
2024-05-27,12.68085232,12.74892438,12.48636072,12.6905769,1036482,13426375.82,0.476000
2024-05-28,13.614412,13.69220864,12.58360652,12.72947522,1541400,20301815.0,0.707900
2024-05-29,12.60305568,13.06011094,12.55443278,12.89479308,1481400,19559061.0,0.680400
2024-05-30,12.89479308,12.97258972,12.5933311,12.5933311,1169600,15379354.0,0.537200
2024-05-31,12.67112774,12.72947522,12.52525904,12.62250484,1223700,15889544.0,0.562000
2024-06-03,13.00176346,13.08928468,11.99040714,12.12655126,1979000,25033428.0,0.908900
2024-06-04,11.97095798,12.155725,11.3777586,11.59169936,2705146,32198225.12,1.242400
2024-06-05,11.54307646,11.59169936,11.06657204,11.183267,1988514,22959863.44,0.913300
2024-06-06,11.31307298,11.31307298,10.3844624,10.55420842,2201300,23710416.8,1.011000
2024-06-07,10.66404408,10.95361082,10.56419348,10.90368552,2016660,21734665.2,0.926200
2024-06-11,10.91367058,10.9336407,10.5841636,10.89370046,1517822,16379695.02,0.697100
2024-06-12,10.89370046,11.14332696,10.80383492,11.04347636,1296360,14245407.2,0.595400
2024-06-13,11.10338672,11.21322238,10.94362576,11.11337178,863664,9579333.66,0.396700
2024-06-14,10.983566,11.2831178,10.983566,11.2831178,985300,11039889.0,0.452500
2024-06-17,11.01352118,11.482819,11.01352118,11.16329708,832600,9387772.0,0.382400
2024-06-18,11.16329708,11.3829684,11.0334913,11.3829684,905500,10203554.0,0.415900
2024-06-19,11.2331925,11.46284888,11.20323732,11.2331925,688400,7780306.0,0.316200
2024-06-20,11.20323732,11.31307298,10.89370046,10.90368552,946000,10459242.8,0.434500
2024-06-21,10.89370046,10.96359588,10.49429806,10.7838648,814000,8831738.0,0.373900
2024-06-24,10.75390962,10.75390962,10.05495542,10.2846118,1421534,14705731.2,0.652900
2024-06-25,10.1847612,10.60413372,10.1847612,10.41441758,1002672,10494834.8,0.460500
2024-06-26,10.44437276,10.6840142,10.2346865,10.6340889,932370,9758589.02,0.428200
2024-06-27,10.67402914,10.80383492,10.37447734,10.4343877,937822,9939779.76,0.430700
2024-06-28,10.34452216,10.66404408,10.34452216,10.484313,816600,8612470.0,0.375100
2024-07-01,10.49429806,10.6840142,10.3345371,10.49429806,874500,9160439.0,0.401600
2024-07-02,10.4343877,10.64407396,10.4343877,10.59414866,583920,6181094.4,0.268200
2024-07-03,10.60413372,10.60413372,10.27462674,10.35450722,638554,6653197.58,0.293300
2024-07-04,10.36449228,10.45435782,10.01501518,10.02500024,663996,6766039.88,0.305000
2024-07-05,10.52425324,10.52425324,9.76538868,10.05495542,975934,9743389.02,0.448200
2024-07-08,9.8852094,10.02500024,9.74541856,9.77537374,724500,7140363.0,0.332800
2024-07-09,9.7853588,10.06494048,9.57567254,10.05495542,903700,8901484.9,0.415100
2024-07-10,9.9351347,9.9351347,9.0864046,9.51576218,1209112,11621490.76,0.555300
2024-07-11,9.5856576,9.98506,9.5856576,9.96508988,1135720,11187272.2,0.521600
2024-07-12,10.27462674,10.27462674,9.66553808,9.7354335,1000000,9830769.0,0.459300
2024-07-15,9.91516458,10.31456698,9.5856576,9.66553808,1257800,12390598.0,0.577700
2024-07-16,9.5856576,9.66553808,9.27612074,9.54571736,1342908,12736896.76,0.616800
2024-07-17,9.54571736,9.54571736,9.30607592,9.41591158,774030,7297913.6,0.355500
2024-07-18,9.24616556,9.34601616,9.05644942,9.21621038,960552,8851839.24,0.441200
2024-07-19,9.20622532,9.82529904,9.11635978,9.67552314,1707452,16398453.68,0.784200
2024-07-22,9.60562772,9.7354335,9.39594146,9.55570242,1291800,12333495.0,0.593300
2024-07-23,9.55570242,9.77537374,9.30607592,9.30607592,896300,8503206.8,0.411700
2024-07-24,9.26613568,9.3360311,9.1363299,9.15630002,666162,6143068.3,0.306000
2024-07-25,9.15630002,9.44586676,9.01650918,9.3859564,796820,7411214.2,0.366000
2024-07-26,9.39594146,9.6855082,9.29609086,9.54571736,1109750,10586737.0,0.509700
2024-07-29,9.55570242,9.57567254,9.3360311,9.40592652,809400,7648766.0,0.371700
2024-07-30,9.31606098,9.50577712,9.29609086,9.42589664,548800,5159905.0,0.252100
2024-07-31,9.51576218,9.66553808,9.30607592,9.65555302,699520,6692594.2,0.321300
2024-08-01,9.76538868,10.10488072,9.6855082,9.91516458,1679690,16629533.7,0.771500
2024-08-02,9.8852094,9.8852094,9.4358817,9.44586676,1603554,15407800.86,0.736500
2024-08-05,9.44586676,9.5357323,9.04646436,9.1862552,1167254,10899945.86,0.536100
2024-08-06,9.22619544,9.45585182,9.1862552,9.45585182,830386,7767636.48,0.381400
2024-08-07,9.3360311,9.60562772,9.3360311,9.5357323,808800,7696900.0,0.371500
2024-08-08,9.51576218,9.52574724,8.986554,9.3859564,686052,6434302.6,0.315100
2024-08-09,9.81531398,9.81531398,9.2861058,9.2861058,690700,6506055.9,0.317200
2024-08-12,9.2861058,9.49579206,9.2861058,9.39594146,786682,7419123.72,0.361300
2024-08-13,9.40592652,9.42589664,9.16628508,9.37597134,676300,6313103.0,0.310600
2024-08-14,9.86523928,9.86523928,9.20622532,9.32604604,704710,6611730.5,0.323700
2024-08-15,9.22619544,9.4358817,9.10637472,9.31606098,900000,8339343.0,0.413400
2024-08-16,9.2861058,9.39594146,9.14631496,9.15630002,638000,5913005.0,0.293000
2024-08-19,9.3859564,9.3859564,9.06643448,9.10637472,683400,6253280.0,0.313900
2024-08-20,9.10637472,9.10637472,8.7868528,8.82679304,796600,7127342.0,0.365900
2024-08-21,8.986554,9.12634484,8.7868528,8.95659882,600049,5408621.22,0.275600
2024-08-22,8.986554,9.06643448,8.82679304,8.8867034,601667,5368984.62,0.276300
2024-08-23,8.82679304,8.85674822,8.60712172,8.60712172,528430,4601676.6,0.242700
2024-08-26,8.69698726,8.85674822,8.61710678,8.81680798,551700,4838796.0,0.253400
2024-08-27,8.86673328,8.96658388,8.62709184,8.72694244,732300,6430135.32,0.336300
2024-08-28,8.77686774,8.86673328,8.51725618,8.82679304,476100,4175852.0,0.218700
2024-08-29,8.8367781,8.96658388,8.75689762,8.85674822,792912,7078520.96,0.364200
2024-08-30,8.7868528,9.06643448,8.7868528,8.79683786,1083156,9644800.32,0.497500
2024-09-02,8.80682292,8.82679304,8.2875998,8.34751016,1382000,11840792.0,0.634700
2024-09-03,8.34751016,8.6370769,8.2376745,8.54721136,1303920,11120424.6,0.598900
2024-09-04,8.54721136,8.56718148,8.04795836,8.20771932,1930200,15907841.0,0.886500
2024-09-05,8.14780896,8.24765956,7.988048,8.15779402,2472660,20052102.2,1.135700
2024-09-06,8.15779402,8.27761474,7.7883468,7.80831692,2258750,18006583.5,1.037400
2024-09-09,7.64855596,7.9381227,7.64855596,7.75839162,1994546,15543220.0,0.916100
2024-09-10,7.75839162,7.9381227,7.5886456,7.84825716,1665126,12955678.12,0.764800
2024-09-11,7.84825716,7.988048,7.74840656,7.9381227,1242012,9842144.92,0.570400
2024-09-12,7.97806294,8.30756992,7.9381227,8.17776414,2226500,18154582.0,1.022600
2024-09-13,8.17776414,8.17776414,7.8382721,7.85824222,1409800,11255615.0,0.647500
2024-09-18,7.85824222,7.97806294,7.57866054,7.72843644,1259574,9715848.84,0.578500
2024-09-19,7.72843644,8.00801812,7.71845138,7.97806294,989300,7831526.0,0.454400
2024-09-20,7.97806294,7.97806294,7.7384215,7.82828704,836700,6563307.0,0.384300
2024-09-23,7.7883468,8.21770438,7.7384215,7.8382721,1757620,13910322.8,0.807200
2024-09-24,7.82828704,8.06792848,7.75839162,8.02798824,1830214,14529882.16,0.840600
2024-09-25,8.11785378,8.34751016,8.09788366,8.14780896,2304514,18998948.1,1.058400
2024-09-26,8.19773426,8.42739064,8.10786872,8.41740558,1720100,14286214.0,0.790000
2024-09-27,8.7868528,8.7868528,8.44736076,8.69698726,1993000,17248588.0,0.915400
2024-09-30,8.90667352,9.56568748,8.8367781,9.56568748,4321886,40091801.1,1.985000
2024-10-08,10.39444746,10.52425324,9.485807,9.95510482,7088019,71214358.01,3.255400
2024-10-09,9.95510482,9.95510482,8.95659882,8.95659882,4683888,43426693.84,2.151200
2024-10-10,8.95659882,9.09638966,8.5372263,8.77686774,5002096,43808897.2,2.297400
2024-10-11,8.7868528,8.7868528,8.41740558,8.46733088,3043525,26179448.32,1.397800
2024-10-14,8.46733088,8.74691256,8.39743546,8.71695738,2387711,20589585.64,1.096600
2024-10-15,8.6870022,8.81680798,8.5871516,8.60712172,2018710,17559716.54,0.927200
2024-10-16,8.5871516,8.71695738,8.46733088,8.65704702,1839910,15888423.5,0.845000
2024-10-17,8.71695738,8.8367781,8.60712172,8.6370769,1902710,16638891.0,0.873900
2024-10-18,8.54721136,8.86673328,8.54721136,8.79683786,2406300,21115681.52,1.105200
2024-10-21,8.80682292,8.8867034,8.67701714,8.77686774,2713300,23887019.0,1.246200
2024-10-22,8.87671834,8.92664364,8.67701714,8.92664364,2506166,22157328.28,1.151000
2024-10-23,8.92664364,9.12634484,8.8867034,9.01650918,2653646,23938095.4,1.218800
2024-10-24,8.96658388,9.01650918,8.74691256,8.7868528,3729372,32958818.24,1.712800
2024-10-25,8.82679304,9.09638966,8.79683786,9.09638966,3835542,34512719.8,1.761600
2024-10-28,9.16628508,9.3360311,9.11635978,9.32604604,2586915,23862566.67,1.188100
2024-10-29,9.4358817,9.76538868,9.09638966,9.2361805,5047857,47500638.08,2.318400
2024-10-30,9.20622532,9.56568748,9.1862552,9.39594146,3169206,29646625.9,1.455600
2024-10-31,9.31606098,9.66553808,9.31606098,9.52574724,2790120,26605544.6,1.281500
2024-11-01,9.49579206,9.5856576,9.11635978,9.11635978,3337504,30919665.0,1.532900
2024-11-04,9.2361805,9.50577712,9.15630002,9.45585182,2950382,27707253.24,1.355100
2024-11-05,9.3859564,9.5357323,9.36598628,9.45585182,3454000,32688097.27,1.586400
2024-11-06,9.4358817,9.8352841,9.4358817,9.67552314,5097510,49405733.7,2.341200
2024-11-07,9.62559784,9.87522434,9.45585182,9.86523928,3061872,29851057.36,1.406300
2024-11-08,9.92514964,9.92514964,9.67552314,9.7354335,2653787,25932223.11,1.218800
2024-11-11,9.7354335,10.71396938,9.71546338,10.71396938,5631706,59982172.46,2.586600
2024-11-12,11.52275924,11.7823708,10.99355106,11.7823708,15757892,183680229.27,7.237300
2024-11-15,12.96060788,12.96060788,11.7823708,12.64108596,26467645,334378095.03,12.156200
2024-11-18,12.11187778,12.11187778,11.37298334,11.37298334,4961100,57545104.04,2.278600
2024-11-19,10.2346865,11.982072,10.2346865,11.0334913,14728945,162236696.57,6.764800
2024-11-20,10.64407396,11.5826696,10.64407396,11.3330431,10669778,119512047.6,4.900500
2024-11-21,11.32305804,11.5826696,10.8837154,11.19325226,7192572,80672307.98,3.303400
2024-11-22,11.36299828,12.31157898,10.91367058,12.31157898,4503936,53888549.88,2.068600
2024-11-25,13.41992064,13.41992064,12.34153416,12.92066764,22499612,289786213.34,10.333700
2024-11-26,12.481325,12.5811756,11.65256502,11.8322961,12650162,152381881.36,5.810000
2024-11-27,11.84228116,13.02051824,11.3829684,13.02051824,8332514,105938215.26,3.827000
2024-11-28,13.3799804,13.99905412,12.7808768,13.1303539,20050439,267577515.59,9.208800
2024-11-29,12.8308021,13.36001028,12.66105608,12.97059294,11708380,152265061.9,5.377500
2024-12-02,13.12036884,13.93914376,13.12036884,13.66954714,12874996,175713580.8,5.913300
2024-12-03,13.55971148,14.20874038,13.4299057,13.88921846,8966178,123790434.5,4.118000
2024-12-04,13.88921846,13.979084,13.1802792,13.34004016,6848782,92272305.88,3.145500
2024-12-05,13.12036884,14.18877026,13.12036884,13.89920352,8257364,114213735.92,3.792500
2024-12-06,13.89920352,13.98906906,13.55971148,13.56969654,5379900,74139346.0,2.470900
2024-12-09,13.45986088,14.0290093,13.30009992,13.979084,6522038,89853739.22,2.995500
2024-12-10,14.34853122,14.478337,13.81932304,14.0290093,5303670,74713911.5,2.435900
2024-12-11,13.94912882,14.478337,13.80933798,14.44838182,5378674,76569259.49,2.470300
2024-12-12,14.44838182,14.84778422,14.05896448,14.50829218,6649458,95523921.64,3.054000
2024-12-13,14.30859098,14.50829218,13.979084,14.00903918,4608400,65008521.0,2.116600
2024-12-16,13.84927822,13.95911388,13.01053318,13.10039872,5384334,71914145.14,2.472900
2024-12-17,13.10039872,13.34004016,12.46135488,12.50129512,4978364,63802888.52,2.286500
2024-12-18,12.3814744,13.02051824,12.19175826,12.5312503,3845050,48378658.9,1.766000
2024-12-19,12.19175826,12.7309515,12.19175826,12.56120548,2545800,31983649.0,1.169200
2024-12-20,12.50129512,12.8308021,12.41142958,12.70099632,2009700,25520990.0,0.923000
2024-12-23,12.70099632,13.05047342,12.42141464,12.67104114,3943993,50509143.89,1.811400
2024-12-24,13.07044354,13.93914376,12.75092162,13.93914376,3729382,51593315.72,1.712800
2024-12-25,14.0789346,14.2287105,13.21023438,13.74942762,11653773,161159590.43,5.352400
2024-12-26,13.6795322,13.75941268,13.39995052,13.7294575,5325542,72473589.92,2.445900
2024-12-27,13.86924834,13.9291587,13.39995052,13.63959196,5366524,73396368.06,2.464800
2024-12-30,13.479831,13.54972642,12.70099632,12.8308021,6168542,80247547.56,2.833100
2024-12-31,13.06045848,13.06045848,12.26165368,12.30159392,3817210,47908547.34,1.753200
2025-01-02,12.06195248,12.32156404,11.86225128,12.15181802,3263526,39715202.02,1.498900
2025-01-03,12.15181802,12.3315491,11.30308792,11.31307298,3055918,35967770.94,1.403500
2025-01-06,11.31307298,11.7823708,10.7339395,11.34302816,2236766,25380223.02,1.027300
2025-01-07,11.26314768,11.7324455,11.26314768,11.71247538,1664600,19168748.0,0.764500
2025-01-08,11.5826696,11.7823708,11.2331925,11.56269948,1849600,21317946.0,0.849500
2025-01-09,11.69250526,11.82231104,11.46284888,11.70249032,1533000,17926604.0,0.704100
2025-01-10,11.62260984,11.9321467,11.35301322,11.3829684,1667650,19444555.0,0.765900
2025-01-13,11.1832672,11.4328937,10.86374528,11.41292358,1537800,17287564.0,0.706300
2025-01-14,11.40293852,12.0819226,11.40293852,12.05196742,2132682,25320460.98,0.979500
2025-01-15,12.05196742,12.10189272,11.8322961,11.90219152,1976056,23645041.0,0.907600
2025-01-16,12.02201224,12.0819226,11.56269948,11.57268454,2134050,25142685.5,0.980100
2025-01-17,11.70249032,11.70249032,11.41292358,11.482819,1665282,19224929.08,0.764800
2025-01-20,11.6825202,12.01202718,11.50278912,11.75241562,2430874,28781950.2,1.116500
2025-01-21,12.10189272,12.10189272,11.34302816,11.42290864,3562058,41259977.82,1.636000
2025-01-22,11.42290864,11.60263972,11.21322238,11.5327443,1982700,22744084.68,0.910600
2025-01-23,11.6325949,11.79235586,11.4328937,11.45286382,2127968,24741645.6,0.977300
2025-01-24,11.5327443,11.8822214,11.30308792,11.6825202,1677628,19422127.48,0.770500
2025-01-27,11.71247538,11.91217658,11.19325226,11.2831178,2473660,28189440.46,1.136100
2025-02-05,11.35301322,11.982072,11.25316262,11.90219152,3035882,35637342.96,1.394300
2025-02-06,11.87223634,12.61113078,11.76240068,12.59116066,3347578,41429905.5,1.537500
2025-02-07,12.55122042,12.87074234,12.41142958,12.61113078,3143348,39684522.72,1.443700
2025-02-10,12.62111584,13.32007004,12.62111584,13.15032402,3229288,42319255.5,1.483200
2025-02-11,13.04048836,13.32007004,12.75092162,13.22021944,3835888,50021892.02,1.761800
2025-02-12,13.22021944,13.40993558,13.0305033,13.32007004,2592382,34294466.58,1.190600
2025-02-13,13.3300551,13.65956208,13.12036884,13.29011486,3251710,43684257.4,1.493500
2025-02-14,13.15032402,13.19026426,12.56120548,12.8308021,4124223,53128914.08,1.894200
2025-02-17,12.76090668,13.14033896,12.44138476,12.76090668,4679856,59600321.8,2.149400
2025-02-18,12.64108596,13.43989076,12.64108596,12.94063776,4436200,58246370.6,2.037500
2025-02-19,12.8807274,13.41992064,12.75092162,13.30009992,4124900,54695115.0,1.894500
2025-02-20,13.22021944,13.80933798,13.10039872,13.78936786,5760752,78145143.26,2.645800
2025-02-21,13.80933798,15.16730614,13.80933798,14.86775434,14039761,207489137.11,6.448200
2025-02-24,14.8777394,15.00754518,14.08891966,14.7279635,8780963,128816342.53,4.033000
2025-02-25,14.50829218,15.9261707,14.43839676,15.49681312,7883658,121939575.43,3.620800
2025-02-26,15.2272165,15.64658902,14.84778422,15.04748542,8048294,121778765.34,3.696500
2025-02-27,14.91767964,15.26715674,14.70799338,14.97759,5546264,83269445.44,2.547300
2025-02-28,14.95761988,15.0275153,13.979084,14.04897942,6820200,97415005.0,3.132400
2025-03-03,13.479831,14.0789346,12.85077222,12.980578,9306430,122713991.2,4.274300
2025-03-04,12.86075728,13.74942762,12.8308021,13.58966666,7018006,94774763.9,3.223300
2025-03-05,13.58966666,13.83929316,13.2302045,13.59965172,4883152,66189473.0,2.242800
2025-03-06,13.6795322,13.90918858,13.5297563,13.79935292,3710218,51073277.4,1.704000
2025-03-07,13.64957702,14.04897942,13.479831,13.5796816,4047800,55623167.0,1.859100
2025-03-10,13.5796816,13.86924834,13.39995052,13.84927822,4923544,67154409.04,2.261300
2025-03-11,13.6296069,14.50829218,13.5796816,14.478337,11445256,160553608.26,5.256600
2025-03-12,14.478337,15.43690276,14.20874038,14.60814278,13094856,194750753.2,6.014300
2025-03-13,16.06596154,16.06596154,16.06596154,16.06596154,9500504,152863109.36,4.363400
2025-03-14,17.6735562,17.6735562,15.6765442,15.79636492,33490647,568121861.13,15.381700
2025-03-17,14.50829218,15.65657408,14.21872544,15.04748542,24676975,362211593.48,11.333700
2025-03-18,14.64808302,15.15732108,14.5781876,15.0774406,14192976,210797246.18,6.518600
2025-03-19,14.8278141,15.63660396,14.79785892,14.91767964,11911194,180632768.94,5.470600
2025-03-20,14.54823242,15.44688782,14.54823242,15.34703722,11861352,179975731.18,5.447700
2025-03-21,15.34703722,15.34703722,14.66805314,14.99756012,8967000,134297359.0,4.118400
2025-03-24,14.99756012,15.25717168,14.01902424,14.48832206,7641148,111018963.2,3.509500
2025-03-25,14.35851628,14.96760494,14.35851628,14.60814278,4313220,63462569.75,1.981000
2025-03-26,14.478337,15.05747048,14.478337,14.90769458,4028679,60262617.93,1.850300
2025-03-27,14.93764976,15.04748542,14.44838182,14.44838182,3849700,56632832.54,1.768100
2025-03-28,14.6780382,14.6780382,14.1787852,14.3784864,2823375,40766608.5,1.296700
2025-03-31,14.16880014,14.9276647,14.16880014,14.76790374,4312900,63464142.0,1.980800
2025-04-01,14.7778888,15.15732108,14.70799338,15.00754518,4283900,64207951.0,1.967500
2025-04-02,14.99756012,15.86626034,14.79785892,15.65657408,8163034,127159381.64,3.749200
2025-04-03,15.15732108,15.49681312,15.1273659,15.31708204,4725534,72358084.88,2.170400
2025-04-07,14.48832206,14.75791868,13.78936786,13.78936786,4289300,61232114.0,1.970000
2025-04-08,12.99056306,14.1787852,12.980578,13.9291587,5048548,68817744.28,2.318700
2025-04-09,13.5796816,14.08891966,12.7808768,13.91917364,5028264,68229167.52,2.309400
2025-04-10,14.1787852,15.1772912,14.1787852,14.9276647,5973400,88417046.0,2.743500
2025-04-11,14.93764976,16.3255731,14.7778888,16.14584202,9824336,156261810.34,4.512200
2025-04-14,16.44539382,17.0744526,15.39696252,16.65508008,18649752,304988800.0,8.565500
2025-04-15,16.56521454,17.05448248,15.44688782,15.7763948,13618170,216785736.04,6.254600
2025-04-16,15.05747048,15.63660396,14.36850134,15.24718662,10776788,161685146.42,4.949600
2025-04-17,15.93615576,16.7749008,15.8762454,16.7749008,9763598,161807002.4,4.484300
2025-04-18,16.46536394,16.58518466,15.59666372,15.59666372,12655095,202686484.5,5.812300
2025-04-21,15.91618564,15.95612588,15.23720156,15.5766936,5763500,89445130.0,2.647100
2025-04-22,15.1772912,15.49681312,14.7279635,14.9276647,7896946,118952339.88,3.626900
2025-04-23,14.8777394,15.36700734,14.73794856,15.04748542,7489853,112982087.28,3.440000
2025-04-24,15.05747048,15.73645456,14.85776928,15.15732108,6774300,103924248.34,3.111300
2025-04-25,15.05747048,16.00605118,14.8777394,15.74643962,10119390,158186156.2,4.647700
2025-04-28,15.75642468,16.2257225,15.3769924,16.1258719,8362765,132882723.06,3.840900
2025-04-29,14.51827724,15.29711192,14.51827724,14.85776928,10376751,154423901.71,4.765900
2025-04-30,14.80784398,15.30709698,14.76790374,14.98757506,6065024,91543289.24,2.785600
2025-05-06,15.0774406,15.66655914,14.7778888,15.5267683,7320603,112059177.25,3.362200
2025-05-07,15.65657408,15.83630516,15.30709698,15.41693264,4784928,74679471.56,2.197600
2025-05-08,15.46685794,16.15582708,15.41693264,16.11588684,8897878,141670973.16,4.086700
2025-05-09,16.08593166,16.26566274,15.75642468,15.93615576,4663528,74352489.38,2.141900
2025-05-12,15.93615576,16.1757972,15.63660396,15.83630516,4588600,73201881.0,2.107500
2025-05-13,16.00605118,16.13585696,15.53675336,15.64658902,5292800,83734176.12,2.430900
2025-05-14,15.6765442,15.73645456,15.39696252,15.46685794,4108882,63887862.56,1.887100
2025-05-15,15.46685794,15.51678324,15.16730614,15.25717168,2128688,32566393.4,0.977700
2025-05-16,15.26715674,15.70649938,15.1772912,15.69651432,3526888,55001030.84,1.619800
2025-05-19,15.76640974,15.76640974,15.0275153,15.13735096,5147325,78690049.5,2.364100
2025-05-20,15.14733602,15.15732108,14.85776928,14.8777394,5973200,89649952.36,2.743400
2025-05-21,14.83779916,15.43690276,14.69800832,15.23720156,5870200,88705625.0,2.696100
2025-05-22,15.24718662,15.86626034,15.1772912,15.29711192,5846946,91044355.78,2.685400
2025-05-23,15.29711192,15.44688782,14.93764976,15.05747048,3219700,49009950.0,1.478800
2025-05-26,15.05747048,15.2272165,14.65806808,14.70799338,5762986,85700853.8,2.646800
2025-05-27,14.75791868,14.8278141,14.56820254,14.79785892,1961000,28847249.0,0.900700
2025-05-28,14.73794856,14.90769458,14.58817266,14.66805314,1641056,24184663.0,0.753700
2025-05-29,14.80784398,14.80784398,14.49830712,14.71797844,2456900,36080472.0,1.128400
2025-05-30,14.6780382,14.73794856,14.23869556,14.25866568,2883640,41659492.4,1.324400
2025-06-03,14.25866568,14.5781876,14.19875532,14.40844158,2459598,35347315.26,1.129700
2025-06-04,14.40844158,14.49830712,14.23869556,14.3285611,2527766,36330410.78,1.161000
2025-06-05,14.3285611,14.478337,14.14883002,14.25866568,2079300,29754237.0,0.955000
2025-06-06,14.35851628,14.35851628,14.13884496,14.1787852,1967120,27982250.6,0.903500
2025-06-09,14.29860592,14.29860592,13.2302045,13.45986088,13496539,183752826.72,6.198700
2025-06-10,13.4299057,14.38847146,12.89071246,14.38847146,13097475,176135673.4,6.015500
2025-06-11,14.13884496,14.23869556,13.8293081,13.89920352,7013056,98569274.32,3.221000
2025-06-12,13.80933798,13.89920352,13.58966666,13.64957702,3000646,41236244.92,1.378100
2025-06-13,13.6795322,13.8293081,13.31008498,13.36999534,3163446,42858646.02,1.452900
2025-06-16,13.3,13.88,13.3,13.72,3233954,44206461.18,1.485300
2025-06-17,13.72,13.9,13.48,13.53,2086700,28359700.0,0.958400
2025-06-18,13.6,13.6,13.25,13.37,1750800,23408803.0,0.804100
2025-06-19,13.37,13.45,13.1,13.11,2063700,27317804.0,0.947800
2025-06-20,13.11,13.24,12.95,13.1,1737000,22687257.0,0.797800
2025-06-23,13.0,13.23,12.83,13.16,2954300,38686664.0,1.356900
2025-06-24,13.54,13.54,13.16,13.44,3127900,41942255.0,1.436600
2025-06-25,13.45,13.73,13.3,13.72,3635704,49309913.32,1.669800
2025-06-26,13.85,13.85,13.53,13.55,2515000,34347311.0,1.155100
2025-06-27,13.56,13.63,13.36,13.41,2446300,32938051.0,1.123500
2025-06-30,13.3,13.46,13.14,13.41,3660900,48681324.0,1.681400
2025-07-01,13.39,13.47,13.2,13.29,3379900,45018902.0,1.552300
2025-07-02,13.35,13.4,13.18,13.37,2872300,38187646.0,1.319200
2025-07-03,13.55,14.16,13.51,14.07,9792214,136257533.94,4.497400
2025-07-04,14.05,14.05,13.52,13.59,5692700,78394983.0,2.614600
2025-07-07,13.66,13.66,13.32,13.49,2142548,28798276.08,0.984000
2025-07-08,13.49,13.66,13.35,13.66,2202600,29814858.0,1.011600
2025-07-09,13.7,13.71,13.47,13.52,2209198,29976875.82,1.014600
2025-07-10,13.53,14.49,13.53,14.12,9903474,140923274.62,4.548500
2025-07-11,13.99,14.54,13.99,14.4,6098100,87493198.0,2.800800
2025-07-14,14.4,14.89,14.4,14.65,5318700,77718634.0,2.442800
2025-07-15,14.66,14.92,14.57,14.71,4211300,62221325.0,1.934200
2025-07-16,14.71,14.78,14.28,14.43,5422200,78491896.0,2.490300
2025-07-17,14.4,14.77,14.4,14.72,4031700,59131915.0,1.851700
2025-07-18,14.97,14.97,14.5,14.66,2433766,35604109.98,1.117800
2025-07-21,14.62,14.88,14.62,14.69,2335000,34433210.0,1.072400
2025-07-22,14.76,14.76,14.4,14.42,3215300,46558654.0,1.476700
2025-07-23,14.42,15.33,14.4,14.85,8588194,127662020.52,3.944400
2025-07-24,14.86,14.97,14.5,14.68,5998000,87764643.0,2.754800
2025-07-25,14.7,14.96,14.46,14.83,6124072,90339082.96,2.812700
2025-07-28,14.58,14.96,14.21,14.79,6597810,96771353.2,3.030300
2025-07-29,14.74,15.2,14.7,14.78,7220610,107892783.0,3.316300
2025-07-30,13.3,13.62,13.3,13.3,8005800,106493000.0,3.676900
2025-07-31,12.36,12.78,12.26,12.47,20542540,255061211.02,9.434900
2025-08-01,12.29,12.41,12.07,12.11,12783306,156157665.32,5.871200
2025-08-04,12.11,12.45,12.06,12.41,9073282,111752921.22,4.167200
2025-08-05,12.42,12.6,12.32,12.5,7430958,92386109.76,3.412900
2025-08-06,12.5,12.77,12.41,12.67,7644503,96627119.91,3.511000
2025-08-07,12.67,12.7,12.49,12.57,4777500,60026468.0,2.194200
2025-08-08,12.56,12.58,12.36,12.42,3721948,46288604.16,1.709400
2025-08-11,12.49,12.63,12.42,12.58,4685510,58850708.58,2.152000
2025-08-12,12.59,12.71,12.41,12.43,4678358,58427124.06,2.148700
2025-08-13,12.43,12.49,12.28,12.33,6002864,74130992.68,2.757000
2025-08-14,12.34,12.38,11.94,12.04,8282800,100268288.0,3.804200
2025-08-15,12.0,12.26,11.97,12.24,5631178,68518585.64,2.586300
2025-08-18,12.3,12.54,12.3,12.43,7653212,95030052.88,3.515000
2025-08-19,12.43,12.54,12.29,12.54,7003638,87029515.33,3.216700
2025-08-20,12.46,12.58,12.4,12.58,5692379,71127471.68,2.614400
2025-08-21,12.6,12.78,12.48,12.7,8117309,102630761.22,3.728200
2025-08-22,12.68,12.72,12.49,12.6,5681464,71435588.92,2.609400
2025-08-25,12.62,12.69,12.54,12.63,6048922,76239954.6,2.778200
2025-08-26,12.63,12.68,12.53,12.63,5371419,67877032.7,2.467000
2025-08-27,12.65,12.95,12.36,12.37,10696000,135525692.36,4.912500
2025-08-28,12.44,12.55,11.91,12.33,7619327,93218569.66,3.499400
2025-08-29,12.33,12.35,12.14,12.21,5005100,61271700.0,2.298800
2025-09-01,12.21,12.7,12.17,12.39,6648999,82352610.35,3.053800
2025-09-02,12.38,12.44,11.95,12.08,7584428,91614307.56,3.483400
2025-09-03,12.08,12.18,11.74,11.75,5517500,65564943.0,2.534100
2025-09-04,11.72,12.04,11.71,11.87,5160700,61389864.0,2.370200
2025-09-05,11.91,12.15,11.76,12.15,4855000,58266508.0,2.229800
2025-09-08,12.17,12.43,12.17,12.37,5637053,69503712.84,2.589000
2025-09-09,12.35,12.38,12.14,12.2,3996900,48911710.0,1.835700
2025-09-10,12.16,12.26,12.05,12.22,2914994,35446055.18,1.338800
2025-09-11,12.2,12.31,12.04,12.3,4066607,49686321.57,1.867700
2025-09-12,12.31,12.35,12.15,12.16,4038600,49457482.0,1.854900
2025-09-15,12.16,12.16,12.02,12.05,3006392,36294181.8,1.380800
2025-09-16,12.09,12.4,11.96,12.32,6614576,80820908.84,3.038000
2025-09-17,12.31,12.33,12.18,12.27,4395364,53820283.28,2.018700
2025-09-18,12.23,12.3,11.87,11.97,6219050,75281002.5,2.856300
2025-09-19,12.02,12.05,11.6,11.73,5133100,60433259.48,2.357600
2025-09-22,11.65,11.8,11.58,11.61,5297100,61649179.0,2.432900
2025-09-23,11.65,11.65,11.04,11.49,6332100,71672351.0,2.908200
2025-09-24,11.52,11.73,11.3,11.69,4494400,51974888.24,2.064200
2025-09-25,11.7,11.8,11.5,11.55,3029720,35287819.4,1.391500
2025-09-26,11.48,11.64,11.38,11.46,4203194,48370123.94,1.930500
2025-09-29,11.43,11.73,11.26,11.66,4480640,51924006.8,2.057900
2025-09-30,11.68,11.73,11.54,11.55,3102700,36044198.18,1.425000
2025-10-09,11.53,11.6,11.35,11.39,3949106,45258334.24,1.813800
2025-10-10,11.34,11.49,11.26,11.4,3606720,41158151.4,1.656500
2025-10-13,10.99,11.43,10.86,11.36,5034866,56437480.34,2.312400
2025-10-14,11.43,11.59,11.28,11.33,3754900,43005572.28,1.724600
2025-10-15,11.33,11.51,11.23,11.49,3246900,37028736.0,1.491200
2025-10-16,11.46,11.59,11.29,11.3,3628700,41345496.0,1.666600
2025-10-17,11.34,11.34,11.02,11.05,3881200,43265228.0,1.782600
2025-10-20,11.19,11.44,11.17,11.43,4825238,54669942.16,2.216200
2025-10-21,11.43,11.58,11.3,11.57,3462320,39730736.0,1.590200
2025-10-22,11.57,11.7,11.46,11.6,3206200,37197255.0,1.472600
2025-10-23,11.55,11.65,11.41,11.65,3194502,36878365.08,1.467200
2025-10-24,11.65,11.75,11.61,11.67,2940730,34312144.94,1.350600
2025-10-27,11.78,11.8,11.55,11.69,3633500,42458267.0,1.668800
2025-10-28,11.65,11.87,11.61,11.85,3468000,40849764.0,1.592800
2025-10-29,11.85,11.85,11.57,11.7,2685720,31297525.96,1.233500
2025-10-30,11.64,11.76,11.47,11.5,4323600,50138703.0,1.985800
2025-10-31,11.53,11.75,11.47,11.75,5037834,58881739.3,2.313800
2025-11-03,11.86,11.88,11.68,11.84,3236300,38237542.02,1.486400
2025-11-04,11.88,11.95,11.78,11.93,3847500,45623606.0,1.767100
2025-11-05,11.82,12.13,11.82,12.11,3586710,43184260.4,1.647300
2025-11-06,12.15,12.19,12.01,12.15,3277976,39657249.64,1.505500
2025-11-07,12.19,12.22,12.05,12.08,3027900,36629205.0,1.390700
2025-11-10,12.2,12.23,12.09,12.18,3761800,45849552.0,1.727700
2025-11-11,12.25,12.25,12.1,12.19,2687100,32745146.0,1.234100
2025-11-12,12.26,12.26,12.09,12.11,3035664,36912731.24,1.394200
2025-11-13,12.14,12.27,11.96,12.2,3166704,38411382.24,1.454400
2025-11-14,12.2,12.3,12.15,12.21,4067700,49833416.0,1.868200
2025-11-17,12.27,12.27,12.1,12.25,3213800,39142569.0,1.476000
2025-11-18,12.24,12.24,12.09,12.12,2801000,34011543.0,1.286500
2025-11-19,12.12,12.17,11.7,11.77,4667650,55353605.7,2.143800
2025-11-20,11.81,11.89,11.5,11.65,3492907,40728036.34,1.604200
2025-11-21,11.6,11.72,11.01,11.02,4675144,52636400.65,2.147200
2025-11-24,11.22,11.43,11.1,11.35,4357378,49093969.4,2.001300
2025-11-25,11.43,11.64,11.3,11.44,2785900,32006786.62,1.279500
2025-11-26,11.44,11.59,11.21,11.22,2571930,29302508.3,1.181200
2025-11-27,11.17,11.48,11.17,11.42,3150500,35787371.0,1.447000
2025-11-28,11.42,11.62,11.26,11.6,2375964,27270580.24,1.091200
2025-12-01,11.79,11.8,11.52,11.57,3125300,36406703.84,1.435400
2025-12-02,11.57,11.58,11.33,11.5,2508600,28728439.91,1.152200
2025-12-03,11.45,11.53,11.26,11.34,2384700,27097480.2,1.095300
2025-12-04,11.34,11.43,11.11,11.12,2683700,30034512.0,1.232600
2025-12-05,11.1,11.35,11.0,11.34,2848620,31891424.0,1.308300
2025-12-08,11.34,11.5,11.3,11.46,3326200,37989966.0,1.527700
2025-12-09,11.39,11.56,11.36,11.46,2780384,31924221.56,1.277000
2025-12-10,11.43,11.53,11.26,11.32,2822582,32127960.42,1.296400
2025-12-11,11.32,11.4,11.05,11.08,2690630,30082179.4,1.235800
2025-12-12,11.04,11.37,10.98,11.03,3334500,37192255.0,1.531500
2025-12-15,10.99,11.09,10.77,10.97,2964200,32536528.0,1.361400
2025-12-16,11.01,11.01,10.72,10.81,2754900,29853347.0,1.265300
2025-12-17,10.84,10.92,10.5,10.73,2988200,31868755.0,1.372400
2025-12-18,10.73,11.06,10.65,10.94,2453900,26816650.0,1.127000
2025-12-19,10.99,11.15,10.85,11.15,2343500,25979232.0,1.076300
2025-12-22,11.16,11.32,11.1,11.16,2467700,27656418.0,1.133400
2025-12-23,11.12,11.3,11.0,11.21,4417674,49326064.62,2.029000
2025-12-24,11.17,11.45,11.02,11.41,3921516,44434277.28,1.801100
2025-12-25,11.41,11.78,11.36,11.76,4126416,47753138.44,1.895200
2025-12-26,11.79,12.53,11.78,12.43,18323534,223250583.28,8.415700
2025-12-29,12.3,12.43,11.95,12.12,14501688,176785311.98,6.660400
2025-12-30,11.98,12.07,11.89,12.01,5458426,65434289.1,2.507000
2025-12-31,12.1,12.21,11.97,12.14,5480327,66362064.8,2.517000
2026-01-05,12.12,12.12,11.75,11.82,6472205,76859688.85,2.972600
2026-01-06,11.84,11.99,11.76,11.97,4139140,49232997.6,1.901000
2026-01-07,11.92,12.09,11.86,11.96,3652835,43781398.11,1.677700
2026-01-08,11.9,12.14,11.9,12.1,3638530,43950944.14,1.671100
2026-01-09,12.07,12.15,11.98,12.11,4002212,48304719.76,1.838200
2026-01-12,12.12,12.12,11.92,12.1,5148388,61994073.26,2.364600
2026-01-13,12.12,12.39,11.94,12.1,7032146,85871117.56,3.229800
2026-01-14,12.14,12.27,12.03,12.23,5546864,67495173.6,2.547600
2026-01-15,12.24,12.25,12.07,12.18,2765490,33541741.44,1.270100
2026-01-16,12.18,12.3,12.1,12.28,3845162,46950040.36,1.766000
2026-01-19,12.25,12.5,12.13,12.5,5169742,64075284.48,2.374400
2026-01-20,12.55,12.78,12.42,12.59,5963700,74922696.0,2.739000
2026-01-21,12.48,13.0,12.48,12.88,7648730,98129921.88,3.512900
2026-01-22,13.19,13.26,12.85,12.92,7141854,92646076.51,3.280100
2026-01-23,12.99,13.01,12.83,12.93,4804656,61936656.04,2.206700
2026-01-26,12.93,12.94,12.61,12.76,4759464,60764264.4,2.185900
2026-01-27,12.71,12.84,12.35,12.69,5082300,63944931.0,2.334200
2026-01-28,12.68,12.8,12.49,12.56,3920526,49374391.3,1.800600
2026-01-29,12.5,12.6,12.3,12.34,5415016,67402534.9,2.487000
2026-01-30,12.34,12.59,12.24,12.55,4762334,59308393.78,2.187300
2026-02-02,12.57,12.62,12.31,12.34,4516900,56381159.0,2.074500
2026-02-03,12.46,12.54,12.35,12.52,3926676,48923622.72,1.803500
2026-02-04,12.54,12.77,12.45,12.53,4214500,53099436.0,1.935700
2026-02-05,12.55,12.63,12.4,12.4,3865846,48400595.68,1.775500
2026-02-06,12.41,12.65,12.32,12.6,4202700,52813378.0,1.930200
2026-02-09,12.6,12.83,12.56,12.79,3633182,46294179.86,1.668700
2026-02-10,12.79,12.84,12.73,12.77,2309700,29538477.44,1.060800
2026-02-11,12.77,12.94,12.71,12.76,2686300,34431670.52,1.233800
2026-02-12,12.74,12.79,12.6,12.65,2729200,34663815.04,1.253500
2026-02-13,12.65,12.95,12.64,12.87,4575200,58792266.88,2.101300
2026-02-24,12.94,13.12,12.8,13.0,4537604,58884743.14,2.084000
2026-02-25,13.05,13.07,12.84,12.87,3432100,44359130.0,1.576300
2026-02-26,12.93,12.97,12.85,12.96,3088700,39845827.0,1.418600
2026-02-27,12.9,13.03,12.82,12.98,2949200,38121303.0,1.354500
2026-03-02,12.9,12.97,12.38,12.44,5733400,72157770.0,2.633300
2026-03-03,12.41,12.59,12.01,12.04,6370610,78284664.3,2.925900
2026-03-04,11.99,12.15,11.8,12.09,3989386,47991511.7,1.832300
2026-03-05,12.19,12.53,12.19,12.33,4369020,54110350.6,2.006600
2026-03-06,12.43,12.69,12.31,12.69,3673982,46149895.38,1.687400
2026-03-09,12.51,12.74,12.4,12.61,4196502,52790311.16,1.927400
2026-03-10,12.7,12.99,12.7,12.96,4573582,58930692.06,2.100600
2026-03-11,13.04,13.05,12.73,12.83,3951100,50858019.0,1.814700
2026-03-12,12.85,12.93,12.65,12.78,4008300,51234018.0,1.840900
2026-03-13,12.77,12.9,12.64,12.68,2758040,35178011.6,1.266700
2026-03-16,12.6,12.76,12.54,12.7,2902346,36649678.76,1.333000
2026-03-17,12.88,12.88,12.25,12.25,3442400,42907174.0,1.581000
2026-03-18,12.25,12.51,12.16,12.5,3409884,42129283.62,1.566100
2026-03-19,12.38,12.56,12.2,12.25,3153346,38942543.72,1.448300
2026-03-20,12.25,12.37,11.73,11.79,4763800,57021761.0,2.187900
2026-03-23,11.6,11.68,10.83,10.92,6062200,68252217.52,2.784300
2026-03-24,11.16,11.6,10.97,11.57,4484485,50442493.15,2.059700
2026-03-25,11.57,11.92,11.54,11.88,4533184,53386313.56,2.082000
2026-03-26,11.88,12.99,11.8,12.57,13729182,171131801.94,6.305600
2026-03-27,12.44,13.2,12.33,13.15,16438206,210887628.44,7.549800
2026-03-30,12.98,13.35,12.83,12.9,10048404,130291265.86,4.615100
2026-03-31,12.8,13.19,12.75,13.03,9029200,117513920.0,4.147000
2026-04-01,13.1,14.33,13.0,13.98,32659632,456537164.3,15.000000
2026-04-02,13.85,14.07,13.31,13.61,20452896,277870318.84,9.393700
2026-04-03,13.63,13.9,13.11,13.16,10448990,139049705.8,4.799100
2026-04-07,13.13,13.6,12.83,13.15,8736610,115623594.8,4.012600
2026-04-08,13.41,13.75,13.11,13.34,13567351,181578092.44,6.231300
2026-04-09,13.28,13.66,13.0,13.44,9643731,128712665.93,4.429200
2026-04-10,13.47,13.83,13.25,13.51,9765124,132043339.92,4.485000
2026-04-13,13.38,13.9,13.28,13.83,9032337,122512293.27,4.148400
2026-04-14,13.8,13.99,13.31,13.93,11404790,155840462.1,5.238000
2026-04-15,13.88,14.02,13.62,13.88,7752782,107197904.14,3.560700
2026-04-16,13.86,14.26,13.6,14.22,8974200,125774582.12,4.121700
2026-04-17,14.18,14.74,14.15,14.71,10122646,146638911.34,4.649200
2026-04-20,14.52,14.81,14.25,14.62,7546071,110069798.29,3.465800
2026-04-21,14.66,14.98,14.45,14.47,7658800,112455176.0,3.517600
2026-04-22,14.47,14.49,13.87,13.97,13075446,184641940.3,6.005300
2026-04-23,13.93,14.06,13.76,13.92,6336300,88253526.0,2.910200
2026-04-24,13.91,15.31,13.7,15.31,14506807,211420838.31,6.662700
2026-04-27,15.17,15.17,14.16,14.64,18662600,273044785.0,8.571400
2026-04-28,14.66,14.66,14.04,14.12,10555141,150737041.45,4.847800
2026-04-29,14.45,14.98,13.61,14.32,17221700,249551589.7,7.909700
2026-04-30,14.32,15.12,14.17,14.8,16011961,234670294.68,7.354000
2026-05-06,15.0,15.15,14.65,15.01,11031476,164891660.4,5.066600
2026-05-07,14.9,15.62,14.9,15.04,13784700,210775884.8,6.331100
2026-05-08,15.05,15.6,14.99,15.3,11535167,176455318.07,5.297900
2026-05-11,15.0,15.3,14.85,15.17,9782756,147522993.52,4.493100
2026-05-12,15.09,15.36,14.88,14.91,7893082,118941471.28,3.625200
2026-05-13,14.85,15.02,14.51,14.56,8871964,130224158.2,4.074800
2026-05-14,14.62,14.62,14.2,14.35,6626820,95228153.89,3.043600
2026-05-15,14.31,15.1,14.31,14.6,10825600,159503119.0,4.972000
2026-05-18,14.5,14.6,14.02,14.14,8887970,125811625.34,4.082100
