date,open,high,low,close,volume,amount,turnover
2020-09-18,8.91076896,10.68901452,8.91076896,10.68901452,110593,1206429.4200,0.553000
2020-09-21,11.75400774,11.75400774,11.75400774,11.75400774,43300,520899.0000,0.216500
2020-09-22,12.92647734,12.92647734,12.92647734,12.92647734,61000,807030.0000,0.305000
2020-09-23,14.2161939,14.2161939,14.2161939,14.2161939,83827,1219682.8500,0.419100
2020-09-24,15.64269858,15.64269858,15.64269858,15.64269858,130207,2084614.0700,0.651000
2020-09-25,17.20599138,17.20599138,17.20599138,17.20599138,144030,2536368.3000,0.720200
2020-09-28,18.92561346,18.92561346,18.92561346,18.92561346,1478201,28632753.3700,7.391000
2020-09-29,20.82110598,20.82110598,20.82110598,20.82110598,1291023,27511700.1300,6.455100
2020-09-30,22.90223952,22.90223952,22.90223952,22.90223952,390800,9160352.0000,1.954000
2020-10-09,25.18855524,25.18855524,23.56663896,25.18855524,15166207,384886966.4400,75.831000
2020-10-12,25.0615377,26.53689528,24.6707145,25.7943312,8491242,221988705.0000,42.456200
2020-10-13,25.65754308,26.45873064,24.82704378,26.14607208,5979008,156927433.4900,29.895000
2020-10-14,25.91157816,26.50758354,25.16901408,25.52075496,4251552,111609811.7200,21.257800
2020-10-15,25.44259032,25.76501946,24.42645,25.5500667,3732013,96051559.3700,18.660100
2020-10-16,25.7454783,26.0874486,24.6707145,24.98337306,3636206,94311000.3000,18.181000
2020-10-19,25.34488452,25.403508,24.73910856,24.98337306,2212369,56613548.9400,11.061800
2020-10-20,24.92474958,25.892037,24.74887914,25.12993176,3737887,96509540.0800,18.689400
2020-10-21,25.2569493,25.85295468,24.89543784,25.39373742,4841613,125575451.4700,24.208100
2020-10-22,25.36442568,27.93408822,25.12016118,26.83978326,10068961,277805174.2600,50.344800
2020-10-23,26.44896006,26.44896006,24.914979,25.0126848,7199163,188217942.5000,35.995800
2020-10-26,25.2569493,26.80070094,25.10062002,26.19492498,4426750,118119307.2000,22.133800
2020-10-27,26.31217194,27.846153,26.20469556,26.53689528,5405500,149884551.0000,27.027500
2020-10-28,27.34785342,27.42601806,25.75524888,26.6248305,3185155,85850301.0500,15.925800
2020-10-29,25.96043106,27.846153,25.8431841,27.09381834,3582682,99605454.1500,17.913400
2020-10-30,27.5041827,28.22720562,25.82364294,25.96043106,3291200,90159396.7300,16.456000
2020-11-02,26.0874486,26.32194252,24.914979,25.14947292,2803500,72723843.0000,14.017500
2020-11-03,25.3058022,27.66051198,24.72933798,27.66051198,7106175,194774478.3500,35.530900
2020-11-04,27.9438588,28.334682,25.8431841,25.892037,6660052,183330396.7200,33.300300
2020-11-05,26.20469556,26.4782718,25.61846076,26.45873064,3972782,106196468.7400,19.863900
2020-11-06,26.20469556,26.9668008,25.41327858,25.892037,2671001,71548845.8100,13.355000
2020-11-09,26.1363015,27.2599182,26.0874486,27.02542428,4139400,113628209.0000,20.697000
2020-11-10,27.32831226,27.93408822,26.59551876,27.23060646,3342200,93170456.0000,16.711000
2020-11-11,27.00588312,29.63416914,27.00588312,27.80707068,5988600,172450604.0000,29.943000
2020-11-12,27.95362938,30.17155104,26.78115978,29.49738102,9090800,265240239.0800,45.454000
2020-11-13,28.74504636,29.0186226,27.7973001,28.11972924,5320200,154202829.0200,26.601000
2020-11-16,27.75821778,28.73527578,27.4553298,28.27605852,3786048,108587514.2800,18.930200
2020-11-17,28.20766446,28.20766446,27.0645066,27.32831226,3031900,85317025.0000,15.159500
2020-11-18,27.15244182,28.32491142,27.02542428,27.6995943,2444200,69138222.0000,12.221000
2020-11-19,27.77775894,28.37376432,27.14267124,28.0415646,3327200,94605903.0000,16.636000
2020-11-20,27.9438588,28.49101128,27.4553298,28.37376432,2700200,77839767.0000,13.501000
2020-11-23,28.25651736,28.823211,27.46510038,27.59211792,3013300,86320932.0000,15.066500
2020-11-24,27.4553298,27.78752952,26.9179479,27.6995943,2211900,61996472.0000,11.059500
2020-11-25,27.59211792,27.66051198,26.48804238,26.56620702,2078829,57514668.6400,10.394100
2020-11-26,26.53689528,26.74207746,25.90180758,26.29263078,1839600,49411903.0000,9.198000
2020-11-27,26.07767802,26.6736834,25.95066048,26.55643644,1320600,35472522.0000,6.603000
2020-11-30,26.4782718,26.63460108,26.21446614,26.32194252,1056900,28576311.0000,5.284500
2020-12-01,26.22423672,26.4294189,26.1851544,26.31217194,929400,25043745.0000,4.647000
2020-12-02,26.27308962,26.44896006,26.06790744,26.20469556,1126700,30268113.0000,5.633500
2020-12-03,26.1851544,26.869095,25.41327858,26.46850122,1738255,46928380.7500,8.691300
2020-12-04,26.26331904,26.39033658,25.9897428,26.0874486,1062300,28447392.0000,5.311500
2020-12-07,26.0874486,26.5759776,25.91157816,26.2828602,795200,21344827.0000,3.976000
2020-12-08,26.1363015,26.94725964,26.1363015,26.36102484,1226500,33209148.0000,6.132500
2020-12-09,26.37079542,26.51735412,25.403508,25.62823134,1592129,42077776.0000,7.960600
2020-12-10,25.57937844,25.7943312,25.3058022,25.33511394,812700,21189394.4200,4.063500
2020-12-11,25.3546551,25.403508,24.44599116,24.80750262,1436000,36615905.0000,7.180000
2020-12-14,24.89543784,25.6966254,24.7195674,25.60869018,1207200,31234326.0000,6.036000
2020-12-15,25.57937844,25.72593714,25.31557278,25.31557278,693400,18084438.0000,3.467000
2020-12-16,25.3058022,26.32194252,25.22763756,25.93111932,1926601,51070994.6400,9.633000
2020-12-17,25.86272526,25.86272526,24.7195674,25.26671988,1532300,39406519.0000,7.661500
2020-12-18,24.99314364,25.24717872,24.49484406,24.5241558,1150900,29203783.0000,5.754500
2020-12-21,24.5241558,24.54369696,23.82067404,23.95746216,1211700,29843255.0000,6.058500
2020-12-22,23.72296824,24.42645,23.48847432,23.5470978,1225600,30006519.0000,6.128000
2020-12-23,23.449392,23.89883868,22.5700398,22.99017474,1456900,34676661.0000,7.284500
2020-12-24,22.68728676,22.75568082,21.7395405,21.94472268,1429000,32505642.0000,7.145000
2020-12-25,21.79816398,22.57981038,21.79816398,22.57981038,982200,22341491.0000,4.911000
2020-12-28,22.472334,22.7165985,21.72976992,21.72976992,1029700,23314728.0000,5.148500
2020-12-29,21.6906876,22.56026922,21.48550542,22.0815108,1189300,26837021.0000,5.946500
2020-12-30,21.95449326,22.15967544,21.76885224,21.80793456,715397,16054052.5600,3.577000
2020-12-31,21.92518152,22.21829892,21.74931108,22.1303637,749700,16923229.0000,3.748500
2021-01-04,22.1792166,22.472334,22.09128138,22.24761066,593200,13523493.0000,2.966000
2021-01-05,22.24761066,23.58618012,22.1303637,22.9120101,1470400,34501344.0000,7.352000
2021-01-06,22.8631572,23.45916258,22.43325168,22.54072806,1316600,30963330.0000,6.583000
2021-01-07,22.2769224,22.6677456,20.8601883,21.41711136,1727500,37942546.0000,8.637500
2021-01-08,21.21192918,21.3487173,20.53775916,20.69408844,964800,20570672.0000,4.824000
2021-01-11,20.6159238,20.8113354,19.55093058,19.8342774,1597620,32842544.0000,7.988100
2021-01-12,19.91244204,20.2739535,19.6388658,19.90267146,598500,12239362.0000,2.992500
2021-01-13,19.90267146,19.90267146,19.1991897,19.46299536,926300,18450063.0000,4.631500
2021-01-14,19.52161884,19.7854245,19.08194274,19.37506014,774700,15396250.0000,3.873500
2021-01-15,19.37506014,20.44005336,19.2480426,20.25441234,1685081,34601703.5600,8.425400
2021-01-18,19.90267146,20.57684148,19.90267146,20.1273948,935001,19365885.6300,4.675000
2021-01-19,20.01014784,20.34234756,19.94175378,20.1762477,748500,15443352.0000,3.742500
2021-01-20,20.28372408,22.19875776,19.9319832,20.97743526,3539400,77187658.8900,17.697000
2021-01-21,20.77225308,20.8113354,20.26418292,20.44005336,1891020,39663120.0000,9.455100
2021-01-22,20.35211814,22.1792166,20.25441234,21.983805,2769501,60319349.1700,13.847500
2021-01-25,21.5441289,22.1303637,21.2021586,21.70045818,1739801,38310392.9500,8.699000
2021-01-26,21.6906876,21.983805,20.98720584,21.40734078,1503741,33021560.4300,7.518700
2021-01-27,21.32917614,21.32917614,20.7624825,21.23147034,1023901,22009440.2500,5.119500
2021-01-28,21.1533057,22.59935154,20.63546496,21.67114644,2357400,52521507.0000,11.787000
2021-01-29,21.63206412,22.21829892,19.54116,20.6159238,1189328,25698023.4400,5.946600
2021-02-01,20.40097104,22.6677456,20.13716538,21.79816398,1829000,40164888.0000,9.145000
2021-02-02,21.6906876,22.46256342,21.51481716,21.983805,1540400,34635731.0000,7.702000
2021-02-03,21.86655804,22.20852834,21.63206412,21.63206412,894563,20015003.6100,4.472800
2021-02-04,21.57344064,21.97403442,20.41074162,20.72340018,977600,21046749.0000,4.888000
2021-02-05,20.69408844,22.79476314,20.6159238,22.79476314,1284428,29517406.4000,6.422100
2021-02-08,25.0615377,25.0615377,21.01651758,21.2998644,2665500,61861383.4400,13.327500
2021-02-09,21.13376454,21.495276,20.44005336,20.4693651,1665228,35384466.8800,8.326100
2021-02-10,20.3716593,20.73317076,19.84404798,19.8831303,1101234,22793070.5400,5.506200
2021-02-18,20.14693596,20.49867684,20.04923016,20.36188872,665900,13823324.0000,3.329500
2021-02-19,20.3228064,21.14353512,20.18601828,21.08491164,961404,20492749.1900,4.807000
2021-02-22,21.08491164,21.4464231,20.8601883,20.96766468,903816,19559726.5400,4.519100
2021-02-23,20.78202366,20.99697642,20.44982394,20.7624825,639766,13598072.7600,3.198800
2021-02-24,20.7136296,20.88950004,20.59638264,20.77225308,498029,10580170.8000,2.490100
2021-02-25,20.8113354,20.8601883,20.41074162,20.4205122,469200,9895826.9300,2.346000
2021-02-26,20.1273948,21.26078208,20.10785364,20.83087656,711872,15089356.7600,3.559400
2021-03-01,20.86995888,21.08491164,20.8113354,20.96766468,471172,10092333.9200,2.355900
2021-03-02,20.97743526,21.1044528,20.79179424,20.9090412,403100,8638724.6000,2.015500
2021-03-03,20.92858236,21.0555999,20.80156482,20.85041772,465200,9943055.8000,2.326000
2021-03-04,20.8601883,20.87972946,20.4205122,20.44005336,436572,9198485.7600,2.182900
2021-03-05,20.39120046,20.96766468,20.3716593,20.7136296,381200,8061915.0000,1.906000
2021-03-08,20.9090412,20.9090412,20.62569438,20.7136296,332800,7055306.0000,1.664000
2021-03-09,20.7624825,20.77225308,20.08831248,20.1762477,491400,10229543.8600,2.457000
2021-03-10,20.31303582,20.8113354,19.94175378,20.30326524,511600,10624341.0000,2.558000
2021-03-11,20.28372408,20.44982394,20.06877132,20.38142988,396800,8240383.0000,1.984000
2021-03-12,20.34234756,20.58661206,20.04923016,20.13716538,388800,8048739.7600,1.944000
2021-03-15,20.1273948,20.2251006,19.74634218,19.91244204,311000,6336912.0000,1.555000
2021-03-16,19.9319832,20.16647712,19.90267146,20.1273948,281100,5759401.0000,1.405500
2021-03-17,20.15670654,20.3716593,20.029689,20.25441234,340000,7047502.0000,1.700000
2021-03-18,20.31303582,20.64523554,20.24464176,20.48890626,501600,10484766.0000,2.508000
2021-03-19,20.53775916,20.99697642,20.35211814,20.86995888,748800,15960722.0000,3.744000
2021-03-22,20.92858236,21.71022876,20.74294134,21.68091702,1293300,28193429.0000,6.466500
2021-03-23,21.5929818,21.5929818,20.7624825,20.79179424,831600,17969174.0000,4.158000
2021-03-24,20.5670709,21.46596426,20.5670709,21.04582932,691100,14931669.0000,3.455500
2021-03-25,21.13376454,21.29009382,20.78202366,20.86995888,528650,11379350.0000,2.643300
2021-03-26,20.88950004,21.17284686,20.75271192,20.92858236,424316,9091629.3600,2.121600
2021-03-29,20.92858236,21.31940556,20.92858236,21.19238802,548700,11874664.0000,2.743500
2021-03-30,21.1044528,21.5929818,20.97743526,21.4464231,936750,20463194.5000,4.683800
2021-03-31,21.32917614,22.24761066,21.26078208,21.6906876,1335201,29745137.5000,6.676000
2021-04-01,22.07174022,23.85975636,21.983805,23.85975636,1837017,44177057.2200,9.185100
2021-04-02,25.05176712,26.24377788,24.54369696,26.24377788,5008502,132714385.2400,25.042500
2021-04-06,27.9438588,28.70596404,25.86272526,27.18175356,5493555,153401598.5800,27.467800
2021-04-07,26.64437166,29.3605929,25.90180758,28.60825824,4058511,113931736.3600,20.292600
2021-04-08,26.93748906,28.20766446,26.40010716,26.63460108,2762725,77061040.4900,13.813600
2021-04-09,26.63460108,29.30196942,26.380566,29.30196942,3423915,100198626.9400,17.119600
2021-04-12,30.6796212,32.23314342,28.334682,29.53646334,5539418,174082670.6600,27.697100
2021-04-13,29.76118668,30.75778584,27.357624,28.3835349,3506986,104015390.8800,17.534900
2021-04-14,29.8979748,31.22677368,29.32151058,31.22677368,2833116,88847189.8300,14.165600
2021-04-15,29.90774538,31.6566792,28.334682,28.52032302,4124171,124261597.7400,20.620900
2021-04-16,28.03179402,28.63756998,27.10358892,27.6507414,3052700,87042643.0000,15.263500
2021-04-19,26.32194252,27.73867662,26.32194252,27.5041827,2240815,62659380.9900,11.204100
2021-04-20,27.93408822,30.25948626,27.93408822,30.25948626,1748031,53338277.4900,8.740200
2021-04-21,33.22974258,33.27859548,28.41284664,28.7255052,5054001,155430823.4000,25.270000
2021-04-22,27.6995943,29.6537103,27.57257676,28.823211,2627772,76982872.7500,13.138900
2021-04-23,28.71573462,28.97954028,27.24037704,27.56280618,2424629,68770002.2600,12.123100
2021-04-26,27.36739458,27.75821778,26.79093036,26.99611254,1345200,37501201.0000,6.726000
2021-04-27,26.6736834,26.9668008,25.1103906,25.55983728,1546793,40591463.7600,7.734000
2021-04-28,26.00928396,27.90477648,25.99951338,27.25014762,1720449,47992294.3100,8.602200
2021-04-29,27.2599182,27.2599182,26.1363015,26.2828602,1283800,34756357.0000,6.419000
2021-04-30,26.2828602,26.9179479,25.81387236,26.66391282,958300,25956462.5000,4.791500
2021-05-06,26.66391282,26.71276572,24.68048508,25.10062002,1513158,39181244.0200,7.565800
2021-05-07,25.12016118,25.14947292,24.1333326,24.50461464,848378,21344498.6800,4.241900
2021-05-10,24.09425028,24.99314364,23.7425094,24.14310318,719070,17725052.1000,3.595400
2021-05-11,26.21446614,26.55643644,25.31557278,26.55643644,1142748,30713778.6400,5.713700
2021-05-12,27.357624,28.1392704,26.5759776,28.06110576,2946421,83166307.5000,14.732100
2021-05-13,27.82661184,27.82661184,26.0874486,26.76161862,1684268,46086809.6800,8.421300
2021-05-14,26.5759776,27.846153,26.41964832,27.07427718,1265233,35178962.0100,6.326200
2021-05-17,26.41964832,26.9668008,25.57937844,25.97997222,1099050,29426239.0000,5.495300
2021-05-18,25.97997222,27.81684126,25.91157816,26.5759776,960200,26341774.0000,4.801000
2021-05-19,26.02882512,26.64437166,25.6966254,26.22423672,665800,17810642.0000,3.329000
2021-05-20,26.0385957,27.6507414,25.6966254,27.24037704,1535328,42563906.1200,7.676600
2021-05-21,27.31854168,27.31854168,26.06790744,26.25354846,1105700,29789981.0000,5.528500
2021-05-24,26.55643644,26.56620702,25.33511394,25.67708424,761448,20031372.1200,3.807200
2021-05-25,25.67708424,26.1851544,25.03222596,26.09721918,885800,23260468.0000,4.429000
2021-05-26,25.9897428,25.9897428,25.49144322,25.67708424,546199,14358590.8700,2.731000
2021-05-27,25.5012138,27.24037704,25.23740814,26.380566,1388841,37765388.4400,6.944200
2021-05-28,26.71276572,26.9668008,25.62823134,25.88226642,937741,25203428.4100,4.688700
2021-05-31,25.892037,25.9897428,25.23740814,25.8431841,675008,17607772.5600,3.375000
2021-06-01,25.892037,26.380566,25.43281974,26.16561324,609742,16200548.6000,3.048700
2021-06-02,25.87249584,27.846153,25.87249584,26.88863616,1817883,50481638.7600,9.089400
2021-06-03,26.56620702,27.47487096,26.12653092,26.75184804,1490997,41072996.2100,7.455000
2021-06-04,27.3087711,29.31174,26.869095,29.05770492,3179440,93244899.3800,15.897200
2021-06-07,29.2140342,29.31174,27.47487096,28.83298158,2288692,66389126.8400,11.443500
2021-06-08,27.92431764,28.71573462,26.64437166,26.89840674,1943811,54446830.7900,9.719100
2021-06-09,27.0645066,27.1622124,25.5989196,26.10698976,1354228,36097005.0400,6.771100
2021-06-10,25.97997222,26.07767802,25.28626104,25.57937844,953257,24930357.4800,4.766300
2021-06-11,25.41327858,25.7943312,25.19832582,25.58914902,615500,16117133.4800,3.077500
2021-06-15,25.55983728,25.5989196,24.42645,24.79773204,814878,20647311.7900,4.074400
2021-06-16,24.48507348,24.9638319,24.4753029,24.56323812,463179,11662205.1700,2.315900
2021-06-17,24.48507348,24.914979,24.42645,24.80750262,447829,11355681.9900,2.239100
2021-06-18,24.56323812,24.85635552,23.7425094,24.24080898,1018005,24993460.4000,5.090000
2021-06-21,24.1333326,24.14310318,23.29306272,23.3028333,1139114,27428860.2600,5.695600
2021-06-22,23.37122736,24.7684203,23.34191562,24.1333326,1055596,26103409.8900,5.278000
2021-06-23,24.1333326,24.2310384,23.3516862,23.43962142,813300,19535065.0000,4.066500
2021-06-24,23.68388592,23.68388592,22.7654514,22.7654514,622900,14598298.0000,3.114500
2021-06-25,22.5700398,23.2051275,22.472334,22.83384546,470549,11036516.0900,2.352700
2021-06-28,22.80453372,23.77182114,22.472334,23.37122736,724400,17221707.0000,3.622000
2021-06-29,23.37122736,23.37122736,22.5211869,22.5700398,631700,14674361.0000,3.158500
2021-06-30,22.43325168,22.75568082,22.4234811,22.45279284,423800,9765202.0000,2.119000
2021-07-01,22.45279284,22.94132184,22.25738124,22.56026922,409450,9495377.0000,2.047300
2021-07-02,22.3746282,22.64820444,21.71022876,21.7883934,558300,12550150.0000,2.791500
2021-07-05,21.71999934,21.97403442,21.5929818,21.92518152,326746,7296165.1500,1.633700
2021-07-06,21.7883934,22.26715182,21.62229354,22.14990486,451500,10121543.0000,2.257500
2021-07-07,22.1792166,24.36782652,22.15967544,23.42985084,1718783,41848326.4600,8.593900
2021-07-08,22.548673,22.891358,21.882885,22.010168,1248348,28361132.5000,6.241700
2021-07-09,21.814348,21.814348,21.109396,21.305216,809324,17605551.7100,4.046600
2021-07-12,21.305216,21.784975,21.138769,21.657692,601083,13186943.8900,3.005400
2021-07-13,21.706647,23.263416,21.667483,22.607419,1248608,28895913.8000,6.243000
2021-07-14,23.165506,23.175297,21.83393,21.971004,962108,21817719.8500,4.810500
2021-07-15,21.089814,21.980795,21.089814,21.236679,703200,15291658.0000,3.516000
2021-07-16,21.128978,21.726229,21.099605,21.393335,494100,10772345.0000,2.470500
2021-07-19,21.128978,21.73602,20.492563,20.610055,761300,16125442.7400,3.806500
2021-07-20,20.531727,20.942949,20.07155,20.903785,668151,13936357.3700,3.340800
2021-07-21,20.874412,21.128978,20.570891,20.590473,546143,11551214.9000,2.730700
2021-07-22,20.590473,20.590473,20.149878,20.159669,476100,9835372.0000,2.380500
2021-07-23,20.345698,20.345698,19.562418,19.611373,595848,12029829.6400,2.979200
2021-07-26,19.611373,19.807193,18.89663,19.014122,624683,12215453.4200,3.123400
2021-07-27,19.67991,19.87573,19.19036,19.48409,570900,11404893.0000,2.854500
2021-07-28,19.48409,19.48409,18.318961,19.072868,598079,11565860.4900,2.990400
2021-07-29,19.102241,19.454717,18.955376,19.082659,417000,8174774.0000,2.085000
2021-07-30,18.99454,19.082659,18.367916,18.583318,646000,12244823.0000,3.230000
2021-08-02,18.485408,19.258897,17.927321,19.063077,771000,14654382.0000,3.855000
2021-08-03,19.043495,20.159669,18.749765,19.699492,964000,19292644.0000,4.820000
2021-08-04,19.728865,20.022595,18.99454,19.112032,664800,13053072.0000,3.324000
2021-08-05,19.258897,19.258897,18.6029,18.79872,345868,6646655.7600,1.729300
2021-08-06,18.612691,19.043495,18.612691,18.906421,252800,4848009.0000,1.264000
2021-08-09,19.180569,20.531727,18.926003,19.97364,1333542,27035809.2200,6.667700
2021-08-10,20.003013,20.36528,19.611373,19.905103,1186322,24187340.1200,5.931600
2021-08-11,19.77782,20.16946,19.77782,20.140087,658508,13441229.4800,3.292500
2021-08-12,20.345698,20.36528,19.503672,19.670119,621100,12541389.0000,3.105500
2021-08-13,19.474299,19.836566,19.327434,19.464508,471956,9412507.0400,2.359800
2021-08-16,19.572209,19.963849,19.239315,19.856148,573900,11572926.0000,2.869500
2021-08-17,19.836566,19.846357,19.209942,19.28827,553830,11041969.2000,2.769200
2021-08-18,19.327434,19.582,18.906421,19.004331,450382,8770935.6400,2.251900
2021-08-19,18.877048,19.327434,18.857466,18.867257,339400,6588077.0000,1.697000
2021-08-20,18.612691,18.837884,18.221051,18.40708,535172,10057157.5600,2.675900
2021-08-23,18.40708,18.965167,18.30917,18.808511,429600,8209980.0000,2.148000
2021-08-24,18.955376,19.38618,18.632273,18.642064,526783,10132966.5000,2.633900
2021-08-25,18.426662,18.926003,18.426662,18.691019,427483,8153229.1100,2.137400
2021-08-26,18.691019,18.691019,18.328752,18.436453,429800,8086586.0000,2.149000
2021-08-27,18.40708,18.563736,17.614009,17.682546,1078286,19609484.5600,5.391400
2021-08-30,17.72171,18.064395,17.163623,17.52589,958942,17160931.8000,4.794700
2021-08-31,17.555263,17.91753,17.183205,17.23216,555674,9847834.1300,2.778400
2021-09-01,17.23216,17.72171,17.046131,17.408398,653156,11591378.6800,3.265800
2021-09-02,17.506308,17.52589,16.889475,17.271324,506601,8924062.6100,2.533000
2021-09-03,17.124459,17.594427,17.124459,17.476935,572708,10203960.2000,2.863500
2021-09-06,17.496517,17.907739,17.418189,17.633591,957072,17265030.5600,4.785400
2021-09-07,17.633591,17.72171,17.359443,17.565054,500800,8953609.6800,2.504000
2021-09-08,17.52589,17.770665,17.359443,17.496517,425500,7612926.0000,2.127500
2021-09-09,17.506308,17.976276,17.506308,17.751083,797300,14472358.0000,3.986500
2021-09-10,17.800038,17.81962,17.418189,17.584636,590300,10591120.0000,2.951500
2021-09-13,17.584636,17.809829,17.339861,17.72171,590700,10630746.0000,2.953500
2021-09-14,17.711919,17.897948,17.359443,17.379025,523000,9359399.0000,2.615000
2021-09-15,17.379025,17.516099,17.241951,17.388816,353956,6262777.5600,1.769800
2021-09-16,17.398607,17.535681,17.144041,17.173414,365856,6452888.0000,1.829300
2021-09-17,17.046131,17.42798,16.899266,17.095086,662692,11554298.2800,3.313500
2021-09-22,17.13425,17.320279,15.714555,16.409716,478640,8104707.0800,0.571500
2021-09-23,16.958012,17.026549,16.478253,16.713237,509100,8669956.2900,0.607900
2021-09-24,16.15515,16.909057,16.15515,16.723028,475700,8093154.0000,0.568000
2021-09-27,16.732819,17.692337,16.488044,17.114668,1183042,20835979.8600,1.412700
2021-09-28,16.93843,17.075504,16.674073,16.801356,501224,8591642.7000,0.598500
2021-09-29,16.791565,17.290906,16.664282,16.791565,334960,5740293.6000,0.400000
2021-09-30,16.84052,16.987385,16.74261,16.801356,320060,5502313.8000,0.382200
2021-10-08,17.212578,17.408398,16.899266,17.202787,668780,11762168.0000,0.798600
2021-10-11,17.261533,17.614009,17.065713,17.183205,707124,12516550.0800,0.844400
2021-10-12,17.212578,17.310488,16.762192,17.104877,429800,7442671.0000,0.513200
2021-10-13,16.84052,17.545472,16.54679,17.408398,525200,9257826.0000,0.627100
2021-10-14,17.555263,17.555263,17.065713,17.163623,296230,5208354.0600,0.353700
2021-10-15,17.173414,17.388816,16.693655,16.771983,575616,9965219.1200,0.687300
2021-10-18,16.771983,16.977594,16.331388,16.507626,404130,6812963.9000,0.482600
2021-10-19,16.507626,16.791565,16.44888,16.664282,296300,5033042.0000,0.353800
2021-10-20,16.713237,16.771983,16.360761,16.54679,351800,5918601.4000,0.420100
2021-10-21,16.595745,16.84052,16.419507,16.634909,364274,6172267.5000,0.435000
2021-10-22,16.615327,16.683864,16.35097,16.497835,299900,5042118.9800,0.358100
2021-10-25,16.125777,16.527208,15.685182,16.409716,251140,4177713.6000,0.299900
2021-10-26,16.497835,16.634909,16.302015,16.331388,249540,4194249.6000,0.298000
2021-10-27,16.331388,16.331388,15.969121,16.076822,346901,5710044.3700,0.414200
2021-10-28,16.008285,16.047449,15.597063,15.597063,265055,4274051.9000,0.316500
2021-10-29,15.832047,17.026549,15.812465,16.605536,1051840,17783986.4000,1.256000
2021-11-01,16.576163,16.879684,16.399925,16.752401,730937,12450231.1800,0.872800
2021-11-02,16.74261,17.290906,16.6447,16.84052,894339,15446016.0500,1.067900
2021-11-03,16.850311,17.574845,16.771983,17.545472,1287100,22749501.0000,1.536900
2021-11-04,17.379025,18.456035,17.310488,18.40708,1978663,36209060.5700,2.362700
2021-11-05,18.436453,18.886839,17.72171,17.839202,2103653,39159767.3900,2.511900
2021-11-08,17.594427,18.191678,17.52589,17.614009,910258,16561063.0200,1.086900
2021-11-09,17.672755,18.054604,17.545472,17.780456,814951,14844772.9700,0.973100
2021-11-10,17.702128,18.083977,17.6238,17.91753,688594,12559305.5200,0.822200
2021-11-11,17.927321,17.986067,17.467144,17.565054,665858,12012755.7600,0.795100
2021-11-12,17.555263,17.565054,17.192996,17.320279,495320,8790165.4000,0.591500
2021-11-15,17.320279,19.053286,17.320279,19.053286,1915560,35950358.8000,2.287300
2021-11-16,19.38618,20.962531,19.09245,20.962531,4835355,101340406.5800,5.773800
2021-11-17,20.962531,22.431181,20.46319,22.02975,5514798,119679720.3500,6.585100
2021-11-18,21.922049,21.93184,19.885521,20.375071,3637393,75799913.3000,4.343400
2021-11-19,20.16946,20.16946,19.151196,19.738656,2911777,58193393.2800,3.476900
2021-11-22,19.689701,21.716438,19.38618,21.716438,4170064,88034535.6800,4.979400
2021-11-23,21.706647,21.706647,20.237997,21.011486,3468601,73656255.5400,4.141800
2021-11-24,21.011486,21.305216,20.414235,21.285634,2454850,52231944.1000,2.931300
2021-11-25,20.678592,21.305216,20.394653,20.433817,1873850,39743048.1000,2.237500
2021-11-26,20.375071,20.639428,19.768029,20.022595,1286100,26323675.0000,1.535700
2021-11-29,19.591791,20.355489,19.474299,20.257579,1283148,26202686.0000,1.532200
2021-11-30,20.257579,20.316325,19.630955,19.77782,1176152,23841389.0000,1.404400
2021-12-01,19.905103,20.316325,19.689701,20.26737,1280140,26225435.3000,1.528600
2021-12-02,20.326116,20.531727,19.728865,19.738656,1113860,22772613.6000,1.330000
2021-12-03,19.738656,19.924685,18.779138,18.935794,1493330,29069899.6000,1.783200
2021-12-06,18.935794,19.082659,18.11335,18.79872,866629,16446975.1400,1.034800
2021-12-07,18.935794,18.984749,18.21126,18.358125,866049,16287628.4000,1.034100
2021-12-08,18.377707,18.857466,18.01544,18.837884,1074512,20470733.2000,1.283100
2021-12-09,18.847675,19.249106,18.661646,18.730183,1089600,21063785.0000,1.301100
2021-12-10,18.779138,20.600264,18.70081,20.600264,1641000,33742908.0000,1.959500
2021-12-13,21.559782,21.745811,20.081341,20.394653,3644078,77279252.3400,4.351300
2021-12-14,20.394653,20.580682,19.885521,19.97364,2053700,42265314.0000,2.452300
2021-12-15,20.042177,20.36528,19.630955,20.208624,1706140,34953864.0000,2.037300
2021-12-16,20.149878,20.414235,19.768029,19.797402,1208230,24631487.4000,1.442700
2021-12-17,19.865939,20.198833,19.229524,19.249106,1056100,20942796.0000,1.261100
2021-12-20,19.38618,19.533045,19.043495,19.09245,847400,16712889.9800,1.011900
2021-12-21,18.99454,19.28827,18.867257,19.278479,731200,14257839.0000,0.873100
2021-12-22,19.552627,19.552627,19.014122,19.249106,641182,12567081.5400,0.765600
2021-12-23,19.268688,21.05065,19.268688,20.110714,2316318,47810548.6000,2.765900
2021-12-24,19.67991,19.963849,18.808511,18.89663,1752978,34208942.2400,2.093200
2021-12-27,18.739974,19.249106,18.289588,19.160987,1003366,19205726.4800,1.198100
2021-12-28,19.141405,20.5611,19.004331,19.689701,1621900,32956546.0800,1.936700
2021-12-29,19.738656,19.836566,18.857466,18.965167,1003307,19559019.4000,1.198000
2021-12-30,18.965167,19.963849,18.965167,19.660328,1205082,24059234.8300,1.439000
2021-12-31,19.77782,19.836566,19.151196,19.38618,1028941,20308117.2100,1.228600
2022-01-04,19.347016,19.934476,18.99454,19.87573,1155100,23106562.0100,1.379300
2022-01-05,19.87573,20.845039,19.699492,20.26737,2211121,45615123.6600,2.640300
2022-01-06,20.26737,20.796084,19.954058,20.414235,1346879,28012944.4100,1.608300
2022-01-07,20.26737,20.36528,19.591791,19.67991,1092491,22184955.6500,1.304500
2022-01-10,19.836566,19.856148,19.151196,19.621164,644028,12893150.2800,0.769000
2022-01-11,19.621164,19.836566,19.298061,19.493881,656200,13046859.0000,0.783600
2022-01-12,19.621164,20.36528,19.395971,20.36528,1653579,34019923.9800,1.974500
2022-01-13,20.36528,20.5611,19.934476,19.934476,1028500,21190649.0000,1.228100
2022-01-14,19.983431,20.5611,19.533045,19.660328,1184974,24242174.3200,1.415000
2022-01-17,19.660328,19.67991,18.710601,19.278479,968000,19113290.0000,1.155900
2022-01-18,19.278479,19.582,18.358125,18.426662,1326000,25323951.7000,1.583400
2022-01-19,18.544154,18.867257,18.21126,18.739974,711234,13469667.5200,0.849300
2022-01-20,18.612691,18.79872,17.574845,17.839202,1220600,22468192.0000,1.457500
2022-01-21,17.653173,18.11335,17.545472,17.604218,634457,11522951.6800,0.757600
2022-01-24,17.956694,17.956694,17.114668,17.251742,629310,11148002.4000,0.751500
2022-01-25,17.574845,17.574845,16.74261,16.752401,566730,9916850.9000,0.676700
2022-01-26,16.781774,17.23216,16.781774,16.958012,385584,6680985.9200,0.460400
2022-01-27,16.997176,17.114668,16.204105,16.25306,639600,10761802.0000,0.763700
2022-01-28,16.233478,16.791565,16.233478,16.517417,571100,9645371.0000,0.681900
2022-02-07,16.527208,17.23216,16.262851,16.713237,585253,9969549.1600,0.698800
2022-02-08,17.006967,17.516099,16.634909,17.437771,834021,14731067.0100,0.995900
2022-02-09,17.604218,17.604218,17.016758,17.202787,857900,15080183.0000,1.024400
2022-02-10,17.261533,17.320279,16.93843,17.065713,545955,9518364.9000,0.651900
2022-02-11,17.104877,17.104877,16.54679,16.54679,459439,7853262.2500,0.548600
2022-02-14,16.664282,17.075504,16.527208,16.879684,396643,6841805.0000,0.473600
2022-02-15,16.713237,16.987385,16.556581,16.791565,336900,5758895.0000,0.402300
2022-02-16,16.860102,17.065713,16.6447,16.928639,320610,5536625.5300,0.382800
2022-02-17,17.124459,17.241951,16.752401,16.879684,389398,6719310.4200,0.465000
2022-02-18,16.693655,16.801356,16.556581,16.732819,336231,5722630.6200,0.401500
2022-02-21,16.732819,16.967803,16.664282,16.918848,456056,7843813.8800,0.544600
2022-02-22,16.918848,16.93843,16.360761,16.527208,561114,9459443.6400,0.670000
2022-02-23,16.576163,17.183205,16.576163,16.918848,823470,14237708.1900,0.983300
2022-02-24,16.918848,16.967803,16.076822,16.302015,855318,14380195.5200,1.021300
2022-02-25,16.321597,16.791565,16.243269,16.399925,610742,10278124.4000,0.729300
2022-02-28,16.527208,16.527208,15.841838,16.164941,500100,8221733.0000,0.597200
2022-03-01,16.35097,16.517417,15.871211,16.429298,535709,8956571.0000,0.639700
2022-03-02,16.409716,16.723028,16.223687,16.527208,947600,15887021.0000,1.131500
2022-03-03,16.6447,16.820938,16.44888,16.468462,575800,9773783.0000,0.687600
2022-03-04,16.497835,16.703446,16.35097,16.429298,485300,8190373.0000,0.579500
2022-03-07,16.44888,16.634909,15.95933,16.115986,567900,9367100.0000,0.678100
2022-03-08,16.115986,16.272642,15.37187,15.37187,539724,8714752.0000,0.644500
2022-03-09,15.646018,15.646018,14.520053,15.07814,646630,9965657.0000,0.772100
2022-03-10,15.225005,15.557899,15.205423,15.283751,454002,7114092.0000,0.542100
2022-03-11,15.127095,15.6656,14.852947,15.616645,566412,8846580.0000,0.676300
2022-03-14,15.459989,15.929957,15.07814,15.518735,651254,10448694.0000,0.777700
2022-03-15,15.381661,15.538317,14.58859,14.608172,667734,10226705.0000,0.797300
2022-03-16,14.715873,15.225005,14.00113,14.843156,780640,11580655.0000,0.932200
2022-03-17,14.970439,15.254378,14.794201,14.88232,690200,10587827.0000,0.824200
2022-03-18,14.725664,15.215214,14.725664,15.136886,502751,7726463.9500,0.600300
2022-03-21,15.136886,15.773301,15.136886,15.773301,707940,11241480.4000,0.845300
2022-03-22,15.430616,16.076822,15.430616,15.577481,469600,7493286.0000,0.560700
2022-03-23,15.577481,15.95933,15.244587,15.283751,655033,10297336.8300,0.782200
2022-03-24,15.293542,15.587272,15.185841,15.342497,710140,11178710.3200,0.848000
2022-03-25,15.381661,15.822256,15.27396,15.518735,633537,10098225.5800,0.756500
2022-03-28,15.518735,15.616645,15.185841,15.430616,515316,8110201.2000,0.615300
2022-03-29,15.76351,15.76351,15.293542,15.401243,370000,5825524.0000,0.441800
2022-03-30,15.440407,15.851629,15.37187,15.773301,714453,11437860.2200,0.853100
2022-03-31,15.812465,16.634909,15.812465,16.302015,1343516,22389492.8400,1.604300
2022-04-01,16.409716,16.625118,16.086613,16.625118,981202,16467940.7000,1.171600
2022-04-06,16.439089,17.13425,16.439089,16.791565,1127180,19442394.0000,1.346000
2022-04-07,16.74261,16.93843,16.595745,16.791565,770200,13199376.0000,0.919700
2022-04-08,16.6447,17.13425,16.566372,16.74261,833454,14321608.5500,0.995200
2022-04-11,16.74261,17.046131,16.693655,17.03634,1490720,25704843.8000,1.780000
2022-04-12,16.987385,17.23216,16.478253,17.23216,1301820,22445369.3900,1.554500
2022-04-13,17.241951,17.476935,16.84052,17.016758,1354019,23703754.9400,1.616800
2022-04-14,17.13425,17.506308,16.723028,17.457353,1984637,34714745.1000,2.369800
2022-04-15,17.23216,17.23216,16.44888,16.595745,2136890,36816343.9500,2.551600
2022-04-18,16.585954,16.84052,14.941066,16.693655,1474739,24595305.2100,1.761000
2022-04-19,16.850311,16.967803,16.478253,16.791565,1081810,18499839.2000,1.291800
2022-04-20,16.889475,17.574845,16.693655,17.447562,2328605,41003987.6000,2.780600
2022-04-21,17.506308,17.52589,16.899266,16.977594,1633902,28731976.4800,1.951000
2022-04-22,16.067031,17.192996,16.047449,16.752401,1344413,22779669.6900,1.605300
2022-04-25,16.693655,16.693655,15.293542,15.440407,895111,14620083.6400,1.068800
2022-04-26,15.577481,15.773301,14.901902,15.234796,1204400,18861085.5000,1.438200
2022-04-27,15.17605,15.352288,14.363397,15.352288,930936,14135715.7200,1.111600
2022-04-28,15.401243,15.401243,14.549426,15.029185,941612,14286272.3500,1.124400
2022-04-29,14.98023,15.342497,14.813783,15.234796,1271667,19696330.7600,1.518500
2022-05-05,15.234796,15.704764,14.78441,15.548108,1451310,22808308.7000,1.733000
2022-05-06,15.313124,16.047449,15.195632,15.616645,1292930,20696432.8600,1.543900
2022-05-09,15.489362,16.204105,15.479571,15.998494,1083245,17695956.0000,1.293500
2022-05-10,16.106195,16.527208,15.734137,16.488044,1555238,25476173.2500,1.857100
2022-05-11,16.488044,17.075504,16.35097,16.468462,1591960,27274941.1000,1.900900
2022-05-12,16.54679,16.74261,14.98023,16.067031,1342262,22244721.6000,1.602800
2022-05-13,16.409716,16.419507,16.008285,16.399925,638100,10583007.0000,0.761900
2022-05-16,16.399925,16.997176,16.399925,16.811147,1105541,19000646.6400,1.320100
2022-05-17,16.74261,16.820938,16.282433,16.585954,747000,12603118.0000,0.892000
2022-05-18,16.302015,16.6447,16.135568,16.135568,720100,11964240.0000,0.859900
2022-05-19,15.900584,16.282433,15.76351,16.145359,538441,8830182.2700,0.642900
2022-05-20,16.018076,17.760874,16.018076,17.760874,1147017,20456645.4400,1.369600
2022-05-23,18.720392,19.533045,17.946903,18.162305,5998076,114987625.8500,7.162200
2022-05-24,18.661646,18.759556,17.192996,17.839202,3761061,68509566.0800,4.491000
2022-05-25,17.310488,17.800038,16.958012,17.555263,2740582,48305841.7600,3.272500
2022-05-26,17.535681,17.535681,16.752401,16.977594,2165090,37496378.5600,2.585300
2022-05-27,16.811147,17.183205,16.703446,16.977594,1582200,27365766.0000,1.889300
2022-05-30,16.977594,17.271324,16.781774,16.879684,1317116,22795774.7200,1.572800
2022-05-31,16.84052,17.614009,16.6447,17.535681,2529980,44716602.0000,3.021000
2022-06-01,17.506308,17.506308,16.84052,17.016758,1555708,27154560.6000,1.857600
2022-06-02,17.055922,17.085295,16.6447,16.860102,1175322,20124694.0000,1.403400
2022-06-06,16.781774,17.095086,16.74261,17.03634,1026300,17720571.0000,1.225500
2022-06-07,17.163623,17.388816,16.918848,16.948221,1182900,20683495.0000,1.412500
2022-06-08,16.860102,17.114668,16.54679,16.869893,977100,16771100.0000,1.166700
2022-06-09,16.6447,16.977594,16.595745,16.948221,824922,14148060.5200,0.985000
2022-06-10,16.6447,16.899266,16.615327,16.820938,723900,12381603.0000,0.864400
2022-06-13,16.820938,16.918848,16.458671,16.860102,1046771,17802467.4600,1.249900
2022-06-14,16.693655,16.889475,16.25306,16.585954,775740,13106192.6000,0.926300
2022-06-15,16.703446,17.555263,16.703446,16.801356,1655920,28940902.7000,1.977300
2022-06-16,16.703446,17.114668,16.664282,16.762192,702582,12075983.9400,0.838900
2022-06-17,16.762192,16.958012,16.54679,16.791565,659063,11273516.6200,0.787000
2022-06-20,17.026549,17.23216,16.664282,16.93843,876895,15160023.5200,1.047100
2022-06-21,16.93843,16.997176,16.311806,16.468462,1293420,21945541.9700,1.544500
2022-06-22,16.458671,16.625118,15.949539,16.409716,961137,15992526.7400,1.147700
2022-06-23,16.54679,16.595745,16.037658,16.439089,758044,12676626.8200,0.905200
2022-06-24,16.419507,16.791565,16.272642,16.664282,658321,11152838.5700,0.786100
2022-06-27,16.664282,17.095086,16.44888,16.860102,1010100,17405253.0000,1.206100
2022-06-28,16.820938,17.085295,16.674073,16.977594,787623,13638828.9000,0.940500
2022-06-29,16.860102,17.075504,16.664282,16.791565,1056060,18187238.3600,1.261000
2022-06-30,16.967803,18.11335,16.811147,17.858784,2915977,52626222.8300,3.481900
2022-07-01,17.800038,17.878366,17.339861,17.81962,1549806,27910637.4100,1.850600
2022-07-04,18.064395,18.093768,17.418189,17.790247,1415300,25576629.4800,1.690000
2022-07-05,17.790247,17.897948,17.339861,17.496517,1038781,18600870.4700,1.240400
2022-07-06,17.574845,17.72171,17.310488,17.379025,677593,12103871.4200,0.809100
2022-07-07,17.369234,17.751083,17.261533,17.741292,797378,14298826.2500,0.952100
2022-07-08,18.01544,18.524572,17.447562,17.565054,1391297,25530388.7700,1.661300
2022-07-11,17.780456,18.093768,17.13425,18.005649,1356088,24646547.8100,1.619300
2022-07-12,17.91753,18.544154,17.897948,18.279797,1728281,32213304.2200,2.063700
2022-07-13,18.250424,19.347016,18.11335,19.258897,2565397,49619979.6400,3.063300
2022-07-14,19.063077,19.924685,19.063077,19.542836,2763713,55265949.8600,3.300100
2022-07-15,19.826775,20.443608,19.660328,20.012804,2603033,53444674.0900,3.108200
2022-07-18,20.707965,22.010168,19.77782,22.010168,5897900,128953338.5700,7.042600
2022-07-19,22.010168,22.793448,20.453399,20.639428,5106156,112974171.3500,6.097200
2022-07-20,20.75692,21.34438,20.16946,21.109396,3340761,71114371.8400,3.989200
2022-07-21,21.14856,22.000377,20.85483,20.962531,2117214,45546607.1100,2.528100
2022-07-22,20.88402176,21.0017888,20.42276752,20.63867376,1310437,27543293.4200,1.564800
2022-07-25,21.15881152,21.590624,20.44239536,21.590624,1953269,42065695.8800,2.332400
2022-07-26,21.2962064,21.89485552,21.17843936,21.4434152,1756343,38465991.6500,2.097200
2022-07-27,21.33546208,21.6887632,21.22750896,21.58081008,1148300,25112452.8100,1.371200
2022-07-28,21.58081008,22.01262256,21.52192656,21.9341112,907983,20190968.5800,1.084200
2022-07-29,21.9341112,22.39536544,21.09011408,21.1980672,1140952,24807071.8300,1.362400
2022-08-01,21.1980672,21.57099616,21.0017888,21.21769504,794200,17150495.0000,0.948300
2022-08-02,21.22750896,21.35508992,20.63867376,20.98216096,1428700,30564504.0000,1.706000
2022-08-03,20.83495216,21.26676464,20.3148144,20.35407008,1021117,21504013.6800,1.219300
2022-08-04,20.35407008,20.77606864,19.78486272,20.4129536,622613,12853747.0000,0.743500
2022-08-05,21.08030016,21.08030016,20.22648912,20.24611696,719697,14967514.0000,0.859400
2022-08-08,20.2166752,20.64848768,20.2166752,20.609232,829682,17288532.0000,0.990700
2022-08-09,20.609232,21.08030016,20.43258144,21.08030016,807826,17114954.0000,0.964600
2022-08-10,20.96253312,23.19029296,20.96253312,21.590624,3080833,68960405.0000,3.678800
2022-08-11,21.15881152,21.86541376,21.01160272,21.62987968,2119100,46379858.0000,2.530400
2022-08-12,21.57099616,22.2775984,21.32564816,22.09113392,1158801,25753032.0000,1.383700
2022-08-15,22.1794592,23.0136424,21.4924848,22.8664336,1365600,31274970.0000,1.630600
2022-08-16,22.72903872,23.42582704,22.53276032,23.2589904,1306200,30728266.0000,1.559700
2022-08-17,23.2589904,24.50535824,23.2099208,24.21094064,1446644,35083816.8300,1.727400
2022-08-18,26.1540968,26.1540968,22.31685408,23.36694352,3355523,79295741.7600,4.006800
2022-08-19,23.062712,24.1913128,22.61127168,24.07354576,1927201,46412961.4300,2.301200
2022-08-22,23.9459648,24.96661248,23.62210544,24.74089232,1332900,33222204.4900,1.591600
2022-08-23,25.00586816,25.13344912,24.1422432,24.5838696,743974,18582270.3400,0.888400
2022-08-24,24.6329392,24.85865936,24.10298752,24.10298752,1011841,25137117.7300,1.208200
2022-08-25,24.62312528,24.62312528,22.572016,23.7496864,1034001,24845210.9200,1.234700
2022-08-26,23.7496864,24.5348,23.07252592,23.26880432,1037300,24814750.8400,1.238600
2022-08-29,22.87624752,24.03429008,22.87624752,23.553408,980500,23505331.0000,1.170800
2022-08-30,24.02447616,24.02447616,23.1608512,23.44545488,1003770,24010915.6100,1.198600
2022-08-31,23.3571296,23.8478256,22.9155032,23.56322192,1009662,24050073.6800,1.205600
2022-09-01,23.76931424,24.39740512,22.78792224,23.6515472,1294043,30913630.8200,1.545200
2022-09-02,23.4552688,23.4552688,21.28639248,22.40517936,2496283,55513659.1600,2.980800
2022-09-05,22.04206432,22.43462112,20.29518656,22.08132,1623430,36138672.4000,1.938500
2022-09-06,22.24815664,22.56220208,21.62006576,22.48369072,921984,20839034.0400,1.100900
2022-09-07,22.54257424,22.69959696,22.09113392,22.20890096,996557,22724912.0300,1.190000
2022-09-08,22.4738768,22.54257424,21.90466944,22.12057568,714999,16094839.5800,0.853800
2022-09-09,22.12057568,23.33750176,21.89485552,23.1608512,1059982,24556424.2600,1.265700
2022-09-13,23.36694352,24.1422432,22.20890096,23.86745344,2648044,63481877.8600,3.162000
2022-09-14,24.05391792,24.27963808,23.4552688,24.15205712,1216736,29674032.4000,1.452900
2022-09-15,24.15205712,24.5348,23.75950032,23.93615088,1301059,31971173.3000,1.553600
2022-09-16,23.8968952,24.54461392,23.8968952,24.10298752,970153,23936175.4800,1.158400
2022-09-19,24.25019632,25.025496,23.96559264,25.00586816,1634265,41197308.2800,1.951500
2022-09-20,24.89791504,25.025496,23.69080288,23.93615088,1382816,34230949.9600,1.651200
2022-09-21,23.96559264,24.79977584,23.8478256,24.35814944,944916,23500822.6400,1.128300
2022-09-22,24.35814944,24.88810112,24.2403824,24.6329392,931618,23386311.2400,1.112400
2022-09-23,24.75070624,25.33954144,24.52498608,24.75070624,1079109,27360017.8500,1.288500
2022-09-26,24.74089232,25.1727048,24.2403824,24.49554432,813687,20402136.2300,0.971600
2022-09-27,24.49554432,25.18251872,24.08335968,24.8292176,1808920,45465960.3000,2.160000
2022-09-28,24.5838696,25.39842496,24.27963808,25.39842496,2258282,57500082.9600,2.696600
2022-09-29,25.4180528,25.73209824,24.75070624,25.37879712,1342400,34647914.0000,1.602900
2022-09-30,25.516192,25.88912096,25.1236352,25.79098176,1243724,32412464.0400,1.485100
2022-10-10,25.91856272,26.56628144,25.68302864,26.48777008,1357900,36228728.0000,1.621400
2022-10-11,26.497584,26.742932,25.2217744,26.57609536,2526643,67085559.2000,3.017000
2022-10-12,26.56628144,27.4299064,25.9087488,27.37102288,3047012,82186791.0700,3.638400
2022-10-13,27.1354888,27.4299064,24.6329392,24.6329392,3908300,105307480.3000,4.666800
2022-10-14,22.16964528,22.72903872,22.16964528,22.29722624,6200368,140428033.5300,7.403800
2022-10-17,21.590624,21.8850416,20.0694664,20.45220928,6587954,138445252.7300,7.866600
2022-10-18,20.1676056,20.44239536,20.08909424,20.33444224,3732313,76916599.0300,4.456700
2022-10-19,20.1676056,20.3148144,19.73579312,19.80449056,2408944,48944345.5400,2.876500
2022-10-20,20.04983856,20.04983856,18.97030736,19.11751616,3026229,59315494.2700,3.613600
2022-10-21,19.11751616,19.12733008,18.62682016,18.6955176,1996799,38234269.1200,2.384400
2022-10-24,18.55812272,18.9408656,18.37165824,18.5483088,1951587,37080659.3200,2.330400
2022-10-25,18.50905312,18.50905312,17.90059008,18.2538912,1450246,26904467.8400,1.731700
2022-10-26,18.155752,18.4992392,18.155752,18.31277472,1608787,30117109.0300,1.921000
2022-10-27,18.3029608,18.58756448,18.16556592,18.17537984,1283200,24024167.0000,1.532300
2022-10-28,18.12631024,18.12631024,16.683664,16.9780816,2499050,44062068.0000,2.984100
2022-10-31,16.9780816,17.42952192,16.93882592,17.15473216,1450800,25382392.0000,1.732400
2022-11-01,17.23324352,17.7631952,17.23324352,17.7631952,1783254,31957360.4000,2.129400
2022-11-02,17.7631952,18.1066824,17.72393952,17.89077616,1353197,24697667.2500,1.615800
2022-11-03,17.8613344,17.94965968,17.62580032,17.8613344,943361,17147129.2000,1.126500
2022-11-04,17.9594736,18.42072784,17.910404,18.29314688,1558699,28960496.6000,1.861200
2022-11-07,18.2538912,18.41091392,18.155752,18.41091392,1227520,22900165.0000,1.465800
2022-11-08,18.37165824,18.41091392,18.21463552,18.3029608,832000,15514840.0000,0.993500
2022-11-09,18.3029608,18.38147216,18.03798496,18.06742672,861700,15959599.0000,1.028900
2022-11-10,18.06742672,18.28333296,17.88096224,18.13612416,976200,18013558.8000,1.165700
2022-11-11,18.4011,18.51886704,18.14593808,18.21463552,1143800,21307383.0000,1.365800
2022-11-14,18.18519376,18.41091392,18.155752,18.23426336,939190,17478633.4500,1.121500
2022-11-15,18.13612416,18.53849488,18.13612416,18.50905312,1147579,21502917.1500,1.370300
2022-11-16,18.51886704,19.81430448,18.39128608,19.71616528,3736105,73736615.1500,4.461200
2022-11-17,19.46100336,19.46100336,18.9408656,19.15677184,2083386,40656942.1900,2.487700
2022-11-18,19.1862136,19.41193376,18.63663408,18.80347072,1623226,31423500.0600,1.938300
2022-11-21,18.56793664,18.62682016,18.03798496,18.52868096,1454700,27222158.0000,1.737000
2022-11-22,18.60719232,18.81328464,18.3029608,18.44035568,923900,17456868.0000,1.103200
2022-11-23,18.4501696,18.52868096,17.82207872,17.9594736,1375659,25222537.8000,1.642700
2022-11-24,17.89077616,18.12631024,17.89077616,18.09686848,771317,14158435.9100,0.921000
2022-11-25,18.03798496,18.8427264,18.0085432,18.82309856,1755817,33110813.4500,2.096600
2022-11-28,18.82309856,19.25491104,18.4992392,19.19602752,2298215,44390793.9700,2.744300
2022-11-29,19.02919088,19.51007296,18.87216816,19.39230592,2363546,46303010.0400,2.822300
2022-11-30,20.1676056,20.1676056,19.16658576,19.36286416,2722674,53795609.6300,3.251100
2022-12-01,19.62784,20.363884,19.50025904,20.363884,3851662,78777927.5600,4.599200
2022-12-02,21.0017888,22.40517936,20.99197488,22.40517936,5604581,125684722.1800,6.692400
2022-12-05,22.36592368,22.36592368,20.61904592,21.1980672,7582089,163260141.9700,9.053700
2022-12-06,20.97234704,21.08030016,20.42276752,20.44239536,3964781,83950653.7000,4.734300
2022-12-07,20.50127888,20.50127888,20.01058288,20.24611696,2790000,57355693.0000,3.331500
2022-12-08,20.10872208,20.2166752,19.78486272,20.20686128,2102077,42790903.9800,2.510100
2022-12-09,20.03021072,20.39332576,19.66709568,20.29518656,2428079,49378314.6000,2.899300
2022-12-12,20.24611696,20.24611696,19.73579312,19.81430448,1919325,39137036.9800,2.291800
2022-12-13,19.63765392,20.12834992,19.4315616,19.95169936,1925286,39013191.3800,2.299000
2022-12-14,19.89281584,20.69755728,19.76523488,20.609232,3179386,65990490.2200,3.796500
2022-12-15,20.7073712,21.5415544,20.32462832,20.363884,4130779,87622557.7300,4.932500
2022-12-16,20.15779168,21.099928,19.80449056,20.98216096,3141300,65945968.0000,3.751000
2022-12-19,21.0017888,21.02141664,19.873188,20.05965248,2407900,49492994.0000,2.875200
2022-12-20,19.95169936,20.09890816,18.0576128,18.81328464,2382041,46158357.1300,2.844400
2022-12-21,18.90160992,19.51007296,18.82309856,19.10770224,1458802,28481264.4800,1.741900
2022-12-22,19.24509712,20.20686128,18.92123776,19.01937696,2480639,49441503.3400,2.962100
2022-12-23,19.01937696,19.01937696,18.17537984,18.28333296,1918739,36247408.5800,2.291100
2022-12-26,18.31277472,18.81328464,18.31277472,18.53849488,1306539,24716963.2500,1.560100
2022-12-27,18.5483088,18.7936568,18.2538912,18.72495936,1058359,20013259.2200,1.263800
2022-12-28,18.68570368,19.01937696,18.28333296,18.56793664,1152800,21922381.0000,1.376500
2022-12-29,18.68570368,18.68570368,18.2538912,18.29314688,952914,17832052.3400,1.137900
2022-12-30,18.5483088,18.5483088,18.2048216,18.4501696,853971,15983600.8000,1.019700
2023-01-03,18.42072784,18.63663408,18.26370512,18.53849488,976200,18331525.0000,1.165700
2023-01-04,18.4501696,18.68570368,18.37165824,18.4501696,1056000,19925588.0000,1.261000
2023-01-05,18.42072784,18.90160992,18.39128608,18.66607584,1204371,22934388.7400,1.438100
2023-01-06,18.66607584,18.68570368,18.32258864,18.46979744,944500,17786911.0000,1.127800
2023-01-09,18.46979744,18.73477328,18.44035568,18.5973784,806414,15281731.0200,0.962900
2023-01-10,18.646448,18.646448,18.32258864,18.44035568,619800,11624972.0000,0.740100
2023-01-11,18.46979744,18.46979744,18.02817104,18.02817104,1032400,19136368.0000,1.232800
2023-01-12,18.2048216,18.2048216,17.75338128,17.82207872,1183900,21612557.0000,1.413700
2023-01-13,17.9594736,18.63663408,17.7631952,18.53849488,1875614,35188139.9200,2.239600
2023-01-16,18.646448,18.78384288,18.4011,18.4501696,1214800,22939876.0000,1.450600
2023-01-17,18.47961136,18.5973784,18.155752,18.22444944,824200,15329212.0000,0.984200
2023-01-18,18.32258864,18.32258864,18.0576128,18.17537984,581500,10769078.0000,0.694400
2023-01-19,18.06742672,18.19500768,17.96928752,18.11649632,817200,15043776.0000,0.975800
2023-01-20,18.2048216,18.44035568,18.08705456,18.3520304,906800,16869373.0000,1.082800
2023-01-30,18.4501696,18.93105168,18.4501696,18.82309856,1739700,33187326.0000,2.077400
2023-01-31,18.70533152,18.9408656,18.67588976,18.83291248,783900,15005188.0000,0.936000
2023-02-01,18.78384288,19.01937696,18.76421504,18.97030736,1063966,20479020.8400,1.270500
2023-02-02,18.9899352,19.31379456,18.88198208,19.24509712,1541300,30064477.6100,1.840400
2023-02-03,19.3334224,19.51007296,19.137144,19.2352832,1303700,25582298.0000,1.556700
2023-02-06,19.137144,19.62784,19.0390048,19.41193376,1850000,36555724.5900,2.209100
2023-02-07,19.42174768,19.60821216,19.25491104,19.54932864,1216500,24122807.0000,1.452600
2023-02-08,19.63765392,19.9222576,19.45118944,19.84374624,1775614,35757367.1000,2.120200
2023-02-09,19.69653744,19.98114112,19.62784,19.85356016,1433800,28931787.0000,1.712100
2023-02-10,20.0203968,20.04002464,19.70635136,19.80449056,1141500,23050008.0000,1.363000
2023-02-13,19.8241184,20.05965248,19.63765392,20.03021072,1329600,26957952.0000,1.587700
2023-02-14,20.1676056,20.4129536,19.83393232,20.18723344,2033890,41797881.1800,2.428600
2023-02-15,20.12834992,20.7073712,20.03021072,20.54053456,2794841,57939568.3800,3.337300
2023-02-16,21.45322912,21.590624,20.4620232,21.09011408,6260541,134454302.5200,7.475600
2023-02-17,21.62006576,23.20010688,20.71718512,20.97234704,10102231,226907894.8200,12.062900
2023-02-20,20.33444224,20.62885984,19.65728176,20.53072064,5885507,121233145.8300,7.027800
2023-02-21,20.37369792,20.64848768,20.10872208,20.57979024,4068400,84593898.0000,4.858000
2023-02-22,20.59941808,21.08030016,20.12834992,20.45220928,3938900,82148486.0000,4.703400
2023-02-23,20.4620232,21.03123056,20.22648912,20.9036496,3569200,74906808.0000,4.261900
2023-02-24,20.77606864,20.87420784,20.2657448,20.43258144,1909000,39831616.1900,2.279500
2023-02-27,20.4129536,20.97234704,20.12834992,20.71718512,2395100,50528729.0000,2.860000
2023-02-28,20.77606864,21.08030016,20.34425616,20.55034848,2486800,52335892.0000,2.969500
2023-03-01,20.53072064,20.9527192,20.39332576,20.45220928,3010000,63442621.0000,3.594200
2023-03-02,20.50127888,20.6583016,20.12834992,20.29518656,2271270,47249791.5000,2.712100
2023-03-03,20.43258144,20.4620232,19.9713272,20.04002464,1858500,38191626.0000,2.219200
2023-03-06,20.04002464,20.1676056,19.74560704,19.88300192,1688700,34303710.0000,2.016500
2023-03-07,19.90262976,19.99095504,19.7259792,19.7259792,1145700,23165900.0000,1.368100
2023-03-08,19.6769096,19.873188,19.45118944,19.58858432,1320602,26295288.7600,1.576900
2023-03-09,19.62784,20.1676056,19.4315616,19.62784,1796900,36094515.0000,2.145700
2023-03-10,19.49044512,19.89281584,19.2843528,19.382492,1518322,30260186.2200,1.813000
2023-03-13,19.382492,19.63765392,19.19602752,19.45118944,1111000,22015644.0000,1.326600
2023-03-14,19.49044512,19.62784,19.14695792,19.61802608,1308400,25871744.0000,1.562300
2023-03-15,19.62784,19.80449056,19.3334224,19.46100336,1988700,39631765.0000,2.374700
2023-03-16,19.3334224,19.62784,18.99974912,19.06844656,1955600,38533713.0000,2.335200
2023-03-17,19.20584144,19.25491104,18.90160992,18.99974912,681200,13227261.0000,0.813400
2023-03-20,18.99974912,18.99974912,18.70533152,18.8427264,796500,15299441.0000,0.951100
2023-03-21,18.88198208,19.0390048,18.73477328,19.0390048,673500,12990099.0000,0.804200
2023-03-22,18.97030736,19.26472496,18.97030736,19.24509712,487100,9502519.0000,0.581600
2023-03-23,19.51988688,19.51988688,18.95067952,19.06844656,637000,12417755.0000,0.760600
2023-03-24,18.99974912,19.19602752,18.90160992,18.91142384,788900,15280738.0000,0.942000
2023-03-27,18.96049344,18.96049344,18.66607584,18.7445872,818962,15673811.6400,0.977900
2023-03-28,18.7936568,18.86235424,18.46979744,18.78384288,612022,11686006.8800,0.730800
2023-03-29,18.82309856,18.90160992,18.60719232,18.62682016,587700,11208251.0000,0.701800
2023-03-30,18.61700624,19.00956304,18.60719232,18.83291248,689800,13199689.0000,0.823700
2023-03-31,18.93105168,19.98114112,18.86235424,19.49044512,2591400,51588655.0000,3.094400
2023-04-03,19.27453888,19.27453888,18.646448,18.77402896,2290800,43981151.2500,2.735400
2023-04-04,18.67588976,18.82309856,18.50905312,18.56793664,1124800,21353341.0000,1.343100
2023-04-06,18.62682016,18.62682016,18.18519376,18.34221648,1053800,19707937.0000,1.258300
2023-04-07,18.36184432,18.55812272,18.2538912,18.37165824,516200,9688983.0000,0.616400
2023-04-10,18.2538912,18.31277472,18.0085432,18.03798496,928200,17134194.0000,1.108400
2023-04-11,18.03798496,18.03798496,17.77300912,17.96928752,690570,12566499.9000,0.824600
2023-04-12,17.88096224,18.24407728,17.87114832,18.14593808,642451,11859951.9500,0.767100
2023-04-13,18.37165824,18.891796,18.16556592,18.62682016,1133751,21512461.9000,1.353800
2023-04-14,18.52868096,18.5973784,18.0576128,18.31277472,705100,13147205.0000,0.842000
2023-04-17,18.38147216,18.48942528,18.13612416,18.4011,551300,10305594.0000,0.658300
2023-04-18,18.3520304,18.56793664,18.24407728,18.39128608,648100,12160885.0000,0.773900
2023-04-19,18.36184432,18.4501696,17.94965968,18.31277472,643500,11917762.0000,0.768400
2023-04-20,18.16556592,18.5973784,18.16556592,18.43054176,740000,13859402.0000,0.883600
2023-04-21,18.43054176,18.85254032,18.11649632,18.11649632,838200,15712048.0000,1.000900
2023-04-24,18.17537984,18.62682016,17.96928752,18.33240256,781400,14529179.0000,0.933100
2023-04-25,18.32258864,18.99974912,18.32258864,18.9899352,2177819,41808988.2700,2.600500
2023-04-26,19.06844656,19.31379456,18.7445872,19.31379456,2168600,42261835.1800,2.589500
2023-04-27,19.2352832,19.30398064,18.75440112,19.0880744,1380500,26710690.0000,1.648400
2023-04-28,19.0880744,19.49044512,18.9899352,19.382492,1662700,32629584.0000,1.985400
2023-05-04,19.873188,21.32564816,19.382492,19.66709568,5624043,116479931.4500,6.715600
2023-05-05,19.47081728,19.66709568,17.82207872,17.93984576,4708741,87351872.1200,5.622600
2023-05-08,17.84170656,17.910404,17.08603472,17.10566256,3005257,52922431.0000,3.588500
2023-05-09,17.13510432,17.16454608,16.76217536,16.85050064,1327783,22867215.1100,1.585500
2023-05-10,17.08603472,17.20380176,16.7818032,17.15473216,997383,17315939.4100,1.191000
2023-05-11,17.14491824,17.55710288,17.01733728,17.53747504,1044802,18497072.7200,1.247600
2023-05-12,17.52766112,17.84170656,17.38045232,17.65524208,1295783,23301606.1700,1.547300
2023-05-15,17.33138272,17.75338128,17.33138272,17.64542816,926383,16626247.8500,1.106200
2023-05-16,17.84170656,17.8613344,17.40008016,17.8122648,1517219,27415738.0900,1.811700
2023-05-17,17.665056,18.19500768,17.6159864,18.16556592,2095719,38221182.4300,2.502500
2023-05-18,18.1066824,18.26370512,17.93003184,18.1066824,1651500,30510400.0000,1.972000
2023-05-19,17.99872928,18.16556592,17.70431168,17.82207872,1687119,30910102.0400,2.014600
2023-05-22,17.89077616,17.910404,17.59635856,17.73375344,1352119,24453378.0900,1.614500
2023-05-23,17.72393952,17.99872928,17.5178472,17.7631952,816335,14867200.9400,0.974800
2023-05-24,17.73375344,17.73375344,17.33138272,17.42952192,764100,13612295.0000,0.912400
2023-05-25,17.6159864,17.6159864,17.09584864,17.26268528,687600,12095143.0000,0.821100
2023-05-26,17.33138272,17.419708,16.98789552,17.34119664,373900,6591889.0000,0.446500
2023-05-29,17.50803328,17.50803328,17.0271512,17.09584864,576851,10098472.4200,0.688800
2023-05-30,17.20380176,17.31175488,17.01733728,17.30194096,451500,7897055.9800,0.539100
2023-05-31,17.2234296,17.33138272,17.09584864,17.15473216,523400,9160823.0000,0.625000
2023-06-01,17.19398784,17.50803328,16.9780816,17.39026624,646519,11429119.4400,0.772000
2023-06-02,17.40008016,17.67486992,17.3706384,17.48840544,333800,5949534.0000,0.398600
2023-06-05,17.48840544,17.64542816,17.34119664,17.62580032,434000,7741079.0000,0.518200
2023-06-06,17.53747504,17.62580032,17.17436,17.25287136,560100,9955484.0000,0.668800
2023-06-07,17.23324352,17.35101056,17.11547648,17.29212704,383716,6734437.1200,0.458200
2023-06-08,17.24305744,17.5178472,17.2234296,17.43933584,682322,12094398.1500,0.814800
2023-06-09,17.55710288,18.08705456,17.34119664,17.99872928,1792700,32636384.0000,2.140600
2023-06-12,17.97910144,19.79467664,17.83189264,19.79467664,4071836,79731400.5500,4.862100
2023-06-13,20.609232,20.69755728,19.0390048,19.37267808,6059274,121568076.9100,7.235300
2023-06-14,19.1862136,21.30602032,18.85254032,21.30602032,8416742,177549940.8100,10.050300
2023-06-15,22.1794592,22.24815664,19.75542096,20.00076896,9312059,194591582.3800,11.119400
2023-06-16,19.3334224,19.55914256,18.99974912,19.1862136,5064462,98967962.0000,6.047400
2023-06-19,18.9899352,18.9899352,18.31277472,18.45998352,3959670,74729300.5000,4.728200
2023-06-20,18.44035568,18.73477328,18.26370512,18.58756448,2565100,48461249.0000,3.063000
2023-06-21,18.52868096,18.82309856,18.39128608,18.43054176,1924600,36452747.0000,2.298100
2023-06-26,18.155752,18.72495936,18.0576128,18.63663408,1613700,30446901.0000,1.926900
2023-06-27,18.50905312,18.82309856,18.50905312,18.646448,1061300,20146789.0000,1.267300
2023-06-28,18.55812272,18.9899352,18.55812272,18.85254032,1642400,31493187.0000,1.961200
2023-06-29,18.71514544,19.40211984,18.70533152,19.16658576,1870400,36316424.0000,2.233400
2023-06-30,19.15677184,19.51007296,18.9899352,19.04881872,1630400,31839973.0000,1.946800
2023-07-03,18.9899352,19.71616528,18.9899352,19.58858432,2078700,41166044.0000,2.482100
2023-07-04,19.58858432,19.76523488,19.42174768,19.6769096,1446300,28905901.0000,1.727000
2023-07-05,19.61802608,19.91244368,19.61802608,19.69653744,1270400,25545571.0000,1.517000
2023-07-06,19.62784,20.118536,19.62784,20.07928032,1683914,34142897.4000,2.010700
2023-07-07,20.07928032,21.17843936,20.07928032,20.9036496,2714300,57112409.0000,3.241100
2023-07-10,20.88402176,21.20788112,20.78588256,20.86439392,2273586,48600947.1200,2.714900
2023-07-11,21.01160272,21.91448336,20.9036496,21.80653024,3752700,82426406.0000,4.481000
2023-07-12,21.81634416,22.1794592,21.48267088,22.08132,2894400,64764577.0000,3.456200
2023-07-13,21.9831808,22.36592368,21.7869024,22.326668,3293400,74309733.0000,3.932600
2023-07-14,21.86541376,21.86541376,20.09890816,20.09890816,2640900,54523204.0000,3.153500
2023-07-17,19.54932864,19.8241184,18.9408656,19.29416672,2558486,50390608.9000,3.055100
2023-07-18,19.32360848,19.78486272,18.93105168,19.22546928,2640700,51736887.0000,3.153200
2023-07-19,19.19602752,19.50025904,19.0390048,19.17639968,1423100,27867498.0000,1.699300
2023-07-20,19.22546928,19.29416672,19.00956304,19.12733008,1338900,26121674.0000,1.598800
2023-07-21,18.8412523,19.32461427,18.8412523,19.00894931,1132600,21942320.0000,1.352400
2023-07-24,19.07800102,19.08786555,18.75247153,18.81165871,1252800,23973583.0000,1.496000
2023-07-25,18.95962666,18.97935572,18.77220059,18.95962666,944470,18098460.2000,1.127800
2023-07-26,18.88071042,19.05827196,18.82152324,18.98922025,683700,13129820.0000,0.816400
2023-07-27,18.9398976,19.04840743,18.79192965,18.79192965,753400,14420221.0000,0.899600
2023-07-28,18.82152324,18.97935572,18.55518093,18.97935572,801200,15330122.0000,0.956700
2023-07-31,19.05827196,19.30488521,18.96949119,19.1371882,1303000,25197028.0000,1.555900
2023-08-01,19.1371882,19.31474974,18.98922025,19.0385429,1048970,20370154.2000,1.252600
2023-08-02,19.0385429,19.15691726,18.91030401,19.09773008,685200,13232732.0000,0.818200
2023-08-03,19.05827196,19.37393692,19.01881384,19.30488521,1303200,25360369.0000,1.556100
2023-08-04,19.29502068,19.49231128,19.0385429,19.06813649,1286570,24941156.1000,1.536300
2023-08-07,19.06813649,19.09773008,18.85111683,18.95962666,683362,13126087.9200,0.816000
2023-08-08,19.01881384,19.09773008,18.81165871,18.9398976,651300,12490274.0000,0.777700
2023-08-09,18.75247153,19.01881384,18.75247153,18.93003307,547000,10474006.0000,0.653200
2023-08-10,18.92016854,19.12732367,18.81165871,18.95962666,577900,11107819.0000,0.690100
2023-08-11,19.01881384,19.01881384,18.61436811,18.65382623,767000,14599933.0000,0.915900
2023-08-14,18.28883862,18.71301341,18.27897409,18.59463905,408200,7652050.0000,0.487400
2023-08-15,18.59463905,18.70314888,18.35789033,18.48612922,334000,6261651.0000,0.398800
2023-08-16,18.49599375,18.68341982,18.37761939,18.47626469,367743,6909778.7200,0.439100
2023-08-17,18.5453164,18.91030401,18.1507352,18.86098136,819400,15507773.0000,0.978400
2023-08-18,18.8412523,19.12732367,18.62423264,18.75247153,534053,10166839.5300,0.637700
2023-08-21,18.67355529,18.95962666,18.57490999,18.69328435,733200,13922660.0000,0.875500
2023-08-22,18.60450358,18.99908478,18.39734845,18.67355529,792870,14952718.8000,0.946800
2023-08-23,18.79192965,18.79192965,18.25924503,18.37761939,502600,9402321.0000,0.600100
2023-08-24,18.2493805,18.71301341,18.11127708,18.65382623,1164700,21878013.0000,1.390800
2023-08-25,18.45653563,18.76233606,18.32829674,18.40721298,564667,10582198.9300,0.674300
2023-08-28,19.12732367,19.28515615,17.756154,18.07181896,1521100,28476953.0000,1.816300
2023-08-29,17.87452836,18.73274247,17.76601853,18.71301341,1697500,31745253.0000,2.027000
2023-08-30,18.5453164,19.01881384,18.5453164,18.86098136,1242300,23721954.0000,1.483400
2023-08-31,18.65382623,18.81165871,18.4466711,18.56504546,715400,13478062.0000,0.854200
2023-09-01,18.42694204,18.86098136,18.42694204,18.61436811,498300,9427068.0000,0.595000
2023-09-04,18.6439617,18.91030401,18.60450358,18.86098136,1392900,26532506.9400,1.663200
2023-09-05,18.83138777,18.93003307,18.66369076,18.69328435,1072100,20461521.0000,1.280200
2023-09-06,18.59463905,18.742607,18.47626469,18.68341982,795900,15005949.9400,0.950400
2023-09-07,18.50585828,18.77220059,18.45653563,18.45653563,692361,12991018.5800,0.826700
2023-09-08,18.2493805,18.57490999,18.18032879,18.42694204,704453,13102253.0400,0.841200
2023-09-11,18.42694204,18.56504546,18.25924503,18.5453164,1067500,19901009.0000,1.274700
2023-09-12,18.4466711,19.16678179,18.4466711,18.9398976,3130200,59852803.0000,3.737700
2023-09-13,18.73274247,19.0385429,18.4466711,18.91030401,2989100,56899559.0000,3.569200
2023-09-14,18.89057495,19.07800102,18.79192965,19.0385429,2378900,45672775.0000,2.840600
2023-09-15,19.04840743,19.11745914,18.65382623,19.01881384,1774961,33963282.0800,2.119500
2023-09-18,18.79192965,19.16678179,18.57490999,19.00894931,1327369,25453673.1000,0.490600
2023-09-19,18.85111683,19.59095658,18.85111683,19.55149846,2545300,49854959.0000,0.940800
2023-09-20,19.66987282,20.54781599,19.51204034,20.1236412,3642075,74294774.7300,1.346200
2023-09-21,20.1236412,20.69578394,19.90662154,20.38011898,2856480,58762049.8000,1.055900
2023-09-22,20.17296385,21.38630104,19.97567325,20.42944163,7948380,167408642.7600,2.938000
2023-09-25,20.15323479,20.15323479,18.88071042,19.24569803,6220394,121534014.4000,2.299300
2023-09-26,19.1371882,19.18651085,18.4466711,18.49599375,2583400,48873753.0000,0.954900
2023-09-27,18.40721298,18.89057495,18.20992238,18.76233606,1558514,29485727.7000,0.576100
2023-09-28,18.69328435,18.71301341,18.46640016,18.56504546,1093900,20562611.0000,0.404300
2023-10-09,18.48612922,18.62423264,18.28883862,18.53545187,856500,16036788.0000,0.316600
2023-10-10,18.50585828,18.53545187,18.2493805,18.32829674,780200,14517286.0000,0.288400
2023-10-11,18.2493805,18.56504546,18.2493805,18.52558734,900400,16800108.0000,0.332800
2023-10-12,18.51572281,19.36407239,18.51572281,18.68341982,1386000,26429844.0000,0.512300
2023-10-13,18.6439617,18.66369076,18.36775486,18.57490999,897439,16844933.2500,0.331700
2023-10-16,18.53545187,18.73274247,18.36775486,18.56504546,755861,14174597.7500,0.279400
2023-10-17,18.61436811,18.85111683,18.41707751,18.6439617,613000,11543279.0000,0.226600
2023-10-18,18.6439617,18.81165871,18.49599375,18.742607,790494,14987791.7200,0.292200
2023-10-19,18.65382623,19.00894931,18.47626469,18.742607,1201500,22922146.8200,0.444100
2023-10-20,18.66369076,18.86098136,18.40721298,18.75247153,792841,14995590.3000,0.293100
2023-10-23,18.76233606,18.93003307,18.46640016,18.65382623,1061900,20127726.0000,0.392500
2023-10-24,18.79192965,19.11745914,18.57490999,19.07800102,1281123,24505458.7700,0.473500
2023-10-25,19.08786555,19.9263506,18.98922025,19.86716342,3232000,63951480.0000,1.194700
2023-10-26,20.0249959,20.65632582,19.72906,20.63659676,3195400,65777260.0000,1.181100
2023-10-27,20.65632582,20.83388736,20.4195771,20.53795146,1708400,35655396.0000,0.631500
2023-10-30,20.60700317,21.38630104,20.48862881,21.0114489,3322983,70419581.1500,1.228300
2023-10-31,20.83388736,21.03117796,19.97567325,20.28147368,2160000,44793063.0000,0.798400
2023-11-01,20.50835787,20.5182224,19.97567325,20.23215103,1152500,23574430.0000,0.426000
2023-11-02,20.28147368,20.36038992,19.88689248,20.2222865,833800,17041809.0000,0.308200
2023-11-03,20.1236412,20.5182224,20.04472496,20.21242197,713500,14676508.0000,0.263700
2023-11-06,20.16309932,20.2222865,19.91648607,20.05458949,806483,16384713.5800,0.298100
2023-11-07,19.97567325,20.47876428,19.74878906,20.4195771,1114100,22800523.0000,0.411800
2023-11-08,20.3209318,20.715513,20.20255744,20.50835787,756200,15658617.0000,0.279500
2023-11-09,20.5182224,20.65632582,20.34066086,20.46889975,546300,11355820.0000,0.201900
2023-11-10,20.56754505,20.66619035,20.05458949,20.50835787,594400,12264655.0000,0.219700
2023-11-13,20.6168677,20.8141583,20.24201556,20.78456471,732500,15269109.0000,0.270800
2023-11-14,20.8141583,20.85361642,20.4195771,20.48862881,851800,17813631.0000,0.314900
2023-11-15,20.63659676,20.8141583,20.19269291,20.46889975,799700,16527051.0000,0.295600
2023-11-16,20.35052539,20.57740958,20.34066086,20.4195771,438400,9085637.0000,0.162000
2023-11-17,20.4195771,20.715513,20.36038992,20.70564847,720700,15022273.0000,0.266400
2023-11-20,20.66619035,21.00158437,20.53795146,20.8141583,1032000,21730508.0000,0.381500
2023-11-21,20.92266813,20.92266813,20.47876428,20.54781599,782600,16427601.0000,0.289300
2023-11-22,20.54781599,20.63659676,20.4195771,20.49849334,504800,10506041.0000,0.186600
2023-11-23,20.47876428,20.715513,20.4195771,20.66619035,458300,9551275.0000,0.169400
2023-11-24,20.72537753,20.82402283,20.49849334,20.715513,492100,10329067.0000,0.181900
2023-11-27,20.66619035,20.93253266,20.42944163,20.79442924,685883,14364214.2300,0.253500
2023-11-28,20.68591941,20.9128036,20.54781599,20.79442924,405800,8540696.0000,0.150000
2023-11-29,20.87334548,20.87334548,20.58727411,20.80429377,353600,7434599.0000,0.130700
2023-11-30,20.75497112,21.1100942,20.63659676,21.07063608,804000,17041655.0000,0.297200
2023-12-01,20.94239719,21.65264335,20.87334548,21.22846856,1157500,24946077.0000,0.427900
2023-12-04,21.25806215,21.5046754,20.62673223,20.74510659,777100,16412767.0000,0.287200
2023-12-05,20.64646129,21.10022967,20.54781599,20.79442924,634400,13409522.0000,0.234500
2023-12-06,20.74510659,20.95226172,20.59713864,20.6168677,694441,14615483.7400,0.256700
2023-12-07,20.69578394,20.84375189,20.38011898,20.72537753,566183,11834890.4400,0.209300
2023-12-08,20.70564847,21.10022967,20.70564847,20.73524206,767200,16218730.0000,0.283600
2023-12-11,20.68591941,21.06077155,20.45903522,20.96212625,929600,19638847.0000,0.343600
2023-12-12,20.98185531,21.6033207,20.80429377,21.6033207,973236,20987451.6000,0.359700
2023-12-13,21.5046754,22.27410874,21.48494634,22.03736002,1646200,36600110.0000,0.608500
2023-12-14,21.83020489,21.92885019,20.59713864,21.46521728,2031300,43941242.0000,0.750800
2023-12-15,21.31724933,21.61318523,21.3073848,21.5046754,806100,17544945.0000,0.298000
2023-12-18,21.3073848,21.76115318,20.72537753,21.04104249,1091590,23450608.0800,0.403500
2023-12-19,21.0114489,21.14955232,20.64646129,20.9128036,585900,12372208.0000,0.216600
2023-12-20,20.9128036,21.08050061,20.8141583,20.90293907,386200,8193779.0000,0.142800
2023-12-21,20.86348095,21.07063608,20.72537753,20.90293907,391400,8285518.0000,0.144700
2023-12-22,20.93253266,21.05090702,20.66619035,20.78456471,458800,9685891.0000,0.169600
2023-12-25,21.04104249,21.17914591,20.715513,21.13968779,413300,8783019.0000,0.152800
2023-12-26,21.10022967,21.56386258,20.84375189,21.04104249,577500,12380045.0000,0.213500
2023-12-27,20.93253266,21.31724933,20.715513,21.3073848,1272400,27135571.0000,0.470300
2023-12-28,21.29752027,21.53426899,20.72537753,21.52440446,1126700,24218036.0000,0.416500
2023-12-29,21.69210147,23.02381302,21.5046754,22.9843549,2078800,47145167.0000,0.768400
2024-01-02,23.50717499,25.28279039,23.40852969,24.79942842,4741300,117988783.0000,1.752600
2024-01-03,24.24701474,24.97698996,23.95107884,24.8586156,2195400,54636589.0000,0.811500
2024-01-04,24.8586156,25.2531968,24.57254423,24.94739637,1593113,40327977.6400,0.588900
2024-01-05,24.81915748,24.96712543,24.29633739,24.50349252,1252200,31286926.7000,0.462900
2024-01-08,24.62186688,24.661325,22.85611601,22.99421943,1547700,36911199.0000,0.572100
2024-01-09,23.22110362,24.02013055,23.01394849,23.95107884,1315600,31485009.0000,0.486300
2024-01-10,23.89189166,24.63173141,23.52690405,24.08918226,937500,22855305.0000,0.346500
2024-01-11,23.95107884,24.35552457,23.82283995,24.12864038,813000,19845957.0000,0.300500
2024-01-12,24.0694532,24.79942842,23.92148525,23.99053696,1090200,26889968.0000,0.403000
2024-01-15,24.01026602,24.0694532,23.46771687,23.85243354,802948,19312748.4800,0.296800
2024-01-16,23.72419465,24.14836944,23.31974892,23.62554935,653248,15602935.2800,0.241500
2024-01-17,23.65514294,23.78338183,23.13232285,23.24083268,476800,11332684.0000,0.176200
2024-01-18,23.06327114,23.06327114,22.0965472,22.86598054,1045800,23861538.0000,0.386600
2024-01-19,22.84625148,22.84625148,22.36288951,22.46153481,708500,16140754.0000,0.261900
2024-01-22,22.51085746,23.14218738,20.83388736,21.21860403,1132300,25259072.7400,0.418500
2024-01-23,21.17914591,21.3073848,20.69578394,21.04104249,763100,16262538.0000,0.282100
2024-01-24,21.3073848,21.3073848,20.37025445,20.98185531,700900,14833359.0000,0.259100
2024-01-25,20.97199078,21.69210147,20.8141583,21.36657198,872200,18901089.0000,0.322400
2024-01-26,21.36657198,21.76115318,21.1100942,21.38630104,740700,16139710.0000,0.273800
2024-01-29,21.45535275,21.8992566,20.8141583,21.00158437,699100,15064962.0000,0.258400
2024-01-30,20.37025445,21.45535275,20.31106727,20.67605488,1161800,24608474.0000,0.429400
2024-01-31,20.80429377,21.08050061,19.66987282,19.73892453,1169700,23964403.0000,0.432400
2024-02-01,19.9263506,20.1236412,19.14705273,19.49231128,975239,19329852.2000,0.360500
2024-02-02,19.49231128,19.78824718,17.77588306,18.3480258,1525200,29024769.0000,0.563800
2024-02-05,18.3480258,18.36775486,16.51322322,16.64146211,1832600,31588858.0000,0.677400
2024-02-06,16.63159758,18.09154802,15.03354372,17.41089545,1702859,28930256.9100,0.629400
2024-02-07,17.56872793,17.56872793,15.67473817,16.41457792,2241063,36838599.1000,0.828400
2024-02-08,16.49349416,17.9534446,14.77706594,17.84493477,1913201,32446165.4900,0.707200
2024-02-19,18.0520899,19.05827196,18.0520899,19.05827196,1444676,27259679.9500,0.534000
2024-02-20,19.05827196,19.52190487,18.9398976,19.46271769,1236309,24114180.2000,0.457000
2024-02-21,19.44298863,20.49849334,19.21610444,19.89675701,926400,18838173.0000,0.342400
2024-02-22,20.09404761,20.23215103,19.56136299,20.1236412,675400,13685228.0000,0.249700
2024-02-23,19.98553778,20.24201556,19.78824718,20.2222865,633900,12923529.0000,0.234300
2024-02-26,20.29133821,20.43930616,19.97567325,20.14337026,742100,15178107.0000,0.274300
2024-02-27,20.11377667,20.715513,19.76851812,20.66619035,636200,13223874.0000,0.235200
2024-02-28,20.66619035,21.53426899,19.39366598,19.45285316,923600,19041491.0000,0.341400
2024-02-29,19.9263506,20.36038992,18.98922025,20.0249959,621200,12551124.0000,0.229600
2024-03-01,20.05458949,20.27160915,19.6304147,20.0249959,494500,9970994.0000,0.182800
2024-03-04,20.15323479,20.5182224,19.65014376,19.84743436,825100,16658127.0000,0.305000
2024-03-05,19.83756983,20.15323479,19.5317694,19.96580872,1019194,20585199.6800,0.376700
2024-03-06,19.9263506,20.0249959,19.44298863,19.75865359,754500,15105895.0000,0.278900
2024-03-07,19.8277053,20.0249959,19.38380145,19.50217581,811600,16214008.0000,0.300000
2024-03-08,19.69946641,19.69946641,19.18651085,19.47258222,571820,11239463.4000,0.211400
2024-03-11,19.6304147,19.97567325,19.37393692,19.95594419,843300,16873434.0000,0.311700
2024-03-12,19.93621513,20.85361642,19.83756983,20.70564847,1518542,31515763.8800,0.561300
2024-03-13,20.72537753,20.88321001,20.10391214,20.43930616,940300,19507928.0000,0.347600
2024-03-14,20.33079633,20.80429377,20.33079633,20.715513,736200,15402435.0000,0.272100
2024-03-15,20.56754505,21.04104249,20.56754505,21.00158437,614004,12977570.0000,0.227000
2024-03-18,21.2087395,21.53426899,20.8141583,21.51453993,647900,13886431.0000,0.239500
2024-03-19,21.36657198,21.65264335,21.23833309,21.25806215,518200,11269145.0000,0.191500
2024-03-20,21.08050061,21.27779121,20.73524206,21.06077155,583400,12402561.4500,0.215600
2024-03-21,21.02131343,21.4060301,20.98185531,21.38630104,992055,21287107.1500,0.366700
2024-03-22,21.41589463,23.52690405,21.32711386,23.52690405,3300500,75633125.0000,1.220000
2024-03-25,25.86479766,25.88452672,23.7735173,25.88452672,3374739,87373020.3600,1.247400
2024-03-26,28.46903358,28.46903358,28.46903358,28.46903358,1043200,30106752.0000,0.385600
2024-03-27,31.31988275,31.31988275,26.18046262,29.1003635,12510695,368267314.7300,4.624400
2024-03-28,26.19032715,29.05104085,26.19032715,28.46903358,7680186,213517985.2500,2.838900
2024-03-29,29.1990088,31.31988275,29.1990088,31.31988275,5885800,184147430.2300,2.175600
2024-04-01,32.4543037,34.45680329,32.1583678,34.45680329,2978300,101793010.0000,1.100900
2024-04-02,36.60727083,37.89952426,35.512308,37.2879234,6715286,251792970.6200,2.482200
2024-04-03,35.512308,41.01671574,34.61463577,39.64554607,6974983,270938638.8300,2.578200
2024-04-08,40.444573,43.61108713,39.44825547,43.61108713,6425600,272499021.0000,2.375100
2024-04-09,42.417479,45.88979356,39.25096487,44.6863209,5821086,249392944.1400,2.151700
2024-04-10,44.67645637,44.67645637,40.21768881,40.21768881,3515221,150538662.7600,1.299400
2024-04-11,36.19296057,40.21768881,36.19296057,39.12272598,4082391,157544460.1600,1.509000
2024-04-12,39.45812,39.90202385,36.18309604,36.71578066,2931471,111981975.5100,1.083600
2024-04-15,37.39643323,40.38538582,37.3865687,40.38538582,3193000,127956546.0000,1.180200
2024-04-16,42.2201884,42.2201884,36.35079305,36.35079305,2498751,95319579.7400,0.923600
2024-04-17,35.02894603,36.26201228,33.2434661,36.1041798,3549974,126723707.6400,1.312200
2024-04-18,34.525855,39.71459778,34.47653235,39.50744265,4037551,156036006.1800,1.492400
2024-04-19,39.12272598,43.46311918,38.05735674,43.46311918,3953561,166119315.1200,1.461400
2024-04-22,44.2917397,47.72459614,41.80587814,45.2781927,3698917,167471657.3300,1.367300
2024-04-23,44.390385,44.63699825,40.75037343,40.75037343,2693817,115218214.4700,0.995700
2024-04-24,41.25346446,43.42366106,40.6418636,42.8120602,2371440,101402606.0000,0.876600
2024-04-25,43.45325465,43.83797132,41.2337354,42.50625977,1547400,65961485.0000,0.572000
2024-04-26,42.417479,43.41379653,39.5567653,40.42484394,2361177,98565517.0000,0.872800
2024-04-29,40.0499918,40.0499918,36.38038664,39.12272598,3773871,144691258.5200,1.395000
2024-04-30,38.8662482,38.94516444,37.49507853,38.38288623,1812901,70447534.3900,0.670100
2024-05-06,39.44825547,42.2201884,38.471667,42.07222045,2301301,95530025.9900,0.850600
2024-05-07,41.93411703,45.91938715,41.34224523,44.83428885,3042700,135553080.9600,1.124700
2024-05-08,45.376838,46.24491664,42.43720806,44.6863209,2145701,97174932.2800,0.793100
2024-05-09,45.44588971,48.8294235,44.69618543,46.2646457,2206286,105583567.2000,0.815500
2024-05-10,44.5876756,44.86388244,41.63818113,41.63818113,2981404,128634759.2800,1.102000
2024-05-13,39.87243026,43.19677687,39.3594747,41.9242525,1738027,73648066.0800,0.642400
2024-05-14,42.0228978,42.09194951,38.74787384,39.24110034,1754856,71543466.4800,0.648700
2024-05-15,39.25096487,41.44089053,39.0635388,39.21150675,1644856,66862166.8400,0.608000
2024-05-16,38.46180247,40.13877257,36.63686442,36.78483237,2564756,97791804.6400,0.948000
2024-05-17,36.7946969,37.6825046,36.38038664,37.16954904,1336756,50111025.0000,0.494100
2024-05-20,37.9784405,39.52717171,36.80456143,38.67882213,2121300,81829053.0000,0.784100
2024-05-21,38.52098965,39.83297214,37.96857597,38.68868666,1729074,68297546.5200,0.639100
2024-05-22,38.34342811,38.68868666,37.21887169,37.81074349,1229656,47075503.5200,0.454500
2024-05-23,38.44207341,38.471667,37.2879234,37.99816956,936756,36041769.9600,0.346300
2024-05-24,37.99816956,37.99816956,36.19296057,36.23241869,1282234,47730704.8200,0.474000
2024-05-27,36.14363792,36.80456143,32.61213618,32.61213618,4243000,144774183.0000,1.568400
2024-05-28,32.60227165,32.81929131,31.24096651,31.55663147,3132900,100976946.0000,1.158000
2024-05-29,31.6651413,31.81310925,30.81679172,31.19164386,1650900,52344955.0000,0.610200
2024-05-30,31.08313403,31.08313403,29.91911949,30.10654556,1787131,55076196.9800,0.660600
2024-05-31,30.4813977,31.0732695,29.8895259,29.9881712,2035171,62689379.6100,0.752300
2024-06-03,30.04735838,30.95489514,29.64291265,30.42221052,2243600,68884714.0000,0.829300
2024-06-04,30.26437804,30.83652078,29.8895259,30.64909471,1564800,48249012.0000,0.578400
2024-06-05,30.82665625,30.82665625,29.76128701,29.8895259,1395400,42655763.0000,0.515800
2024-06-06,29.72182889,30.02762932,28.42957546,28.62686606,1575900,46416639.0000,0.582500
2024-06-07,29.1003635,29.43575752,28.48876264,28.7057823,1055900,30892173.0000,0.390300
2024-06-11,28.3112011,28.98198914,28.23228486,28.87347931,1216500,35389273.0000,0.449700
2024-06-12,28.99185367,29.22860239,28.77483401,28.92280196,1111800,32659506.0000,0.411000
2024-06-13,28.92280196,29.09049897,28.24214939,28.38025281,1215100,35138328.0000,0.449100
2024-06-14,28.19282674,28.54794982,28.1139105,28.43943999,1048300,30093549.0000,0.387500
2024-06-17,28.30133657,28.57754341,27.88702631,28.06458785,965400,27511783.0000,0.356800
2024-06-18,28.33093016,28.48876264,28.10404597,28.41971093,929500,26681287.0000,0.343600
2024-06-19,28.55781435,28.78469854,27.94621349,28.00540067,1080600,30885689.0000,0.399400
2024-06-20,27.96594255,28.25201392,27.29515451,27.29515451,931900,26121645.0000,0.344500
2024-06-21,27.2261028,27.47271605,26.94003143,27.16691562,815800,22516576.0000,0.301500
2024-06-24,26.9301669,27.16691562,26.31856604,26.3382951,866200,23396363.0000,0.320200
2024-06-25,26.36788869,26.79206348,26.24951433,26.4369404,749700,20148273.0000,0.277100
2024-06-26,26.4369404,26.77233442,26.16073356,26.67368912,1269600,34141711.0000,0.469300
2024-06-27,26.58490835,26.66382459,26.15086903,26.20019168,950800,25444774.0000,0.351500
2024-06-28,26.3096034,26.62790484,25.95151428,26.2598688,926500,24592184.0000,0.342500
2024-07-01,26.4588072,26.53838256,25.83215124,26.17034652,1097660,28740552.0000,0.405700
2024-07-02,25.98135504,26.1603996,25.5635844,25.72273512,798937,20717321.5800,0.295300
2024-07-03,25.80231048,25.87193892,25.38453984,25.49395596,1123800,28932742.0000,0.415400
2024-07-04,25.48400904,25.57353132,24.50921088,24.8673,1235400,31049986.0000,0.456600
2024-07-05,24.8673,24.8673,24.35006016,24.70814928,1087000,26862807.0000,0.401800
2024-07-08,24.72804312,24.72804312,23.90244876,24.04170564,897300,21808679.0000,0.331700
2024-07-09,24.05165256,24.3202194,23.51451888,24.14117484,1111600,26759187.0000,0.410900
2024-07-10,24.0715464,24.31027248,23.66372268,23.89250184,814000,19631352.0000,0.300900
2024-07-11,24.121281,24.57883932,23.96213028,24.34011324,1026200,25092631.0000,0.379300
2024-07-12,24.55894548,24.55894548,23.8228734,24.00191796,790100,19068691.0000,0.292000
2024-07-15,24.08149332,24.36000708,23.78308572,24.0218118,1128300,27330809.0000,0.417100
2024-07-16,24.09144024,24.09144024,23.55430656,23.80297956,702160,16767525.8000,0.259500
2024-07-17,23.69356344,23.8228734,23.3255274,23.5742004,776800,18388877.0000,0.287100
2024-07-18,23.4747312,23.66372268,23.2260582,23.58414732,789900,18633386.0000,0.292000
2024-07-19,23.48467812,23.73335112,23.25589896,23.6736696,644800,15250261.0000,0.238300
2024-07-22,23.6736696,23.79303264,23.10669516,23.3255274,900100,21118384.0000,0.332700
2024-07-23,23.38520892,23.38520892,22.41041076,22.5297738,899300,20714213.0000,0.332400
2024-07-24,22.70881836,22.7784468,22.27115388,22.40046384,947000,21391848.0000,0.350000
2024-07-25,22.46014536,22.69887144,22.14184392,22.4303046,705800,15911719.0000,0.260900
2024-07-26,22.4303046,22.8281814,22.19157852,22.55961456,1034700,23555317.0000,0.382500
2024-07-29,22.48998612,22.73865912,22.25126004,22.65908376,676600,15294985.0000,0.250100
2024-07-30,22.55961456,24.92698152,22.40046384,24.92698152,2615800,62816371.0000,0.966900
2024-07-31,26.359338,26.359338,23.8228734,24.121281,7074883,172538294.3000,2.615100
2024-08-01,24.10138716,24.84740616,23.89250184,24.42963552,5547100,135447405.0700,2.050400
2024-08-02,24.37990092,24.37990092,23.45483736,23.48467812,3696700,88568577.0000,1.366400
2024-08-05,23.14648284,23.80297956,22.38057,22.38057,3352700,77478910.0000,1.239300
2024-08-06,22.75855296,23.4249966,22.629243,23.35536816,3427556,79428097.4400,1.267000
2024-08-07,23.28573972,23.36531508,22.76849988,22.86796908,1879520,43425692.4000,0.694700
2024-08-08,22.71876528,23.03706672,22.1816316,22.83812832,1932200,43971003.0000,0.714200
2024-08-09,22.78839372,23.25589896,22.3308354,22.36067616,1521400,34798990.0000,0.562400
2024-08-12,21.94290552,22.31094156,21.5848164,22.00258704,1656000,36545874.0000,0.612100
2024-08-13,21.81359556,22.44025152,21.81359556,22.34078232,1142900,25459548.0000,0.422500
2024-08-14,22.34078232,22.54966764,22.11200316,22.19157852,1149800,25789232.0000,0.425000
2024-08-15,22.11200316,22.49993304,21.8334894,22.38057,1014940,22680996.2000,0.375200
2024-08-16,22.2811008,22.51982688,21.75391404,21.8334894,1047240,23148004.6000,0.387100
2024-08-19,21.64449792,22.00258704,21.35603724,21.40577184,1022140,22234311.4000,0.377800
2024-08-20,21.4853472,21.5848164,21.04768272,21.2864088,896056,19181591.1600,0.331200
2024-08-21,21.0874704,21.49529412,21.0874704,21.34609032,578900,12402080.0000,0.214000
2024-08-22,21.37593108,21.51518796,21.04768272,21.19688652,896600,19186968.0000,0.331400
2024-08-23,21.20683344,21.385878,20.92831968,21.10736424,631700,13395688.0000,0.233500
2024-08-26,20.888532,21.32619648,20.888532,21.15709884,706600,15023581.0000,0.261200
2024-08-27,21.07752348,21.34609032,20.99794812,21.2864088,706000,15036827.0000,0.261000
2024-08-28,21.15709884,21.2864088,20.50060212,20.94821352,1666120,34937194.0000,0.615900
2024-08-29,20.75922204,21.11731116,20.639859,21.0377358,1167900,24527846.0000,0.431700
2024-08-30,21.04768272,21.4853472,20.76916896,21.34609032,1605520,34271087.6000,0.593500
2024-09-02,21.19688652,21.46545336,20.71943436,20.75922204,1006900,21358071.0000,0.372200
2024-09-03,20.60007132,21.2864088,20.60007132,21.14715192,1064720,22595950.4000,0.393600
2024-09-04,21.0377358,21.32619648,20.94821352,21.09741732,745500,15826160.0000,0.275600
2024-09-05,21.14715192,21.51518796,20.96810736,21.385878,872800,18694494.0000,0.322600
2024-09-06,21.42566568,21.49529412,20.7890628,20.85869124,867900,18334910.0000,0.320800
2024-09-09,20.8387974,21.05762964,20.61996516,20.77911588,552500,11561756.0000,0.204200
2024-09-10,21.04768272,21.04768272,20.41107984,20.9382666,852200,17765917.0000,0.315000
2024-09-11,20.81890356,21.07752348,20.64980592,20.76916896,598405,12500763.3000,0.221200
2024-09-12,20.6895936,20.9880012,20.37129216,20.45086752,770600,15990412.0000,0.284800
2024-09-13,20.391186,20.4906552,20.08283148,20.11267224,705525,14385535.7000,0.260800
2024-09-18,19.85405232,20.32155756,19.71479544,20.2419822,618400,12441505.0000,0.228600
2024-09-19,20.15245992,21.20683344,20.08283148,21.137205,1408100,29482652.0000,0.520500
2024-09-20,21.30630264,21.30630264,20.30166372,20.4409206,1276300,26402317.0000,0.471800
2024-09-23,20.77911588,22.48998612,20.4409206,21.15709884,5700119,124393083.4200,2.107000
2024-09-24,21.0874704,22.2811008,20.89847892,21.96279936,5179271,113364967.6200,1.914400
2024-09-25,21.96279936,22.68892452,21.79370172,21.80364864,3464350,77206654.5000,1.280600
2024-09-26,21.94290552,22.99727904,21.75391404,22.91770368,2925900,65924391.5000,1.081500
2024-09-27,23.73335112,25.20549528,23.73335112,25.20549528,3846299,96696856.6600,1.421700
2024-09-30,26.4090726,27.72206604,25.37459292,27.72206604,7761799,209517840.6500,2.869000
2024-10-08,30.4375752,30.4375752,26.17034652,28.0503144,7313500,210356719.0000,2.703300
2024-10-09,27.82153524,27.82153524,25.24528296,25.24528296,3544600,92361145.0000,1.310200
2024-10-10,24.83745924,24.83745924,23.53441272,24.05165256,3952200,96319480.0000,1.460900
2024-10-11,24.29037864,24.43958244,22.80828756,23.05696056,2373160,56105508.0000,0.877200
2024-10-14,23.39515584,24.15112176,23.0271198,24.0715464,2167060,51438083.6000,0.801000
2024-10-15,23.95218336,24.05165256,23.20616436,23.21611128,2049400,48604178.0000,0.757500
2024-10-16,22.78839372,23.5244658,22.74860604,23.26584588,1520400,35367476.0000,0.562000
2024-10-17,23.4249966,23.90244876,23.23600512,23.31558048,1358300,32184070.0000,0.502100
2024-10-18,23.06690748,24.15112176,22.9276506,23.7234042,2034200,48089255.0000,0.751900
2024-10-21,23.7234042,25.0662384,23.55430656,24.57883932,3294100,80948801.0000,1.217600
2024-10-22,24.84740616,24.84740616,23.5742004,24.45947628,2340100,56634242.0000,0.865000
2024-10-23,24.43958244,25.364646,24.08149332,25.09607916,3021900,75799234.0000,1.117000
2024-10-24,25.10602608,25.33480524,24.57883932,24.87724692,2188473,54808675.5400,0.808900
2024-10-25,24.8673,24.8673,24.31027248,24.40974168,2141700,52728137.0000,0.791700
2024-10-28,24.44952936,24.68825544,24.121281,24.68825544,1936500,47649189.0000,0.715800
2024-10-29,24.68825544,25.09607916,23.73335112,23.80297956,2158713,52656792.6900,0.797900
2024-10-30,23.66372268,23.83282032,23.28573972,23.76319188,2002696,47422955.6500,0.740300
2024-10-31,23.85271416,24.13122792,23.60404116,24.04170564,1985700,47759404.0000,0.734000
2024-11-01,24.0218118,24.23069712,23.56425348,23.7234042,2388873,57482567.8300,0.883000
2024-11-04,23.872608,24.54899856,23.4249966,24.4694232,2173400,52825696.0000,0.803400
2024-11-05,24.2207502,26.84673708,24.2207502,26.5085418,6064439,156447502.1500,2.241600
2024-11-06,26.12061192,27.17498544,26.10071808,26.4588072,3449360,91857889.2000,1.275000
2024-11-07,26.0609304,27.46344612,25.9117266,26.8069494,3683171,99385600.6500,1.361400
2024-11-08,26.98599396,28.597395,26.63785176,27.86132292,4576000,127768133.0000,1.691500
2024-11-11,27.86132292,28.1995182,26.49859488,26.66769252,3798200,103256172.0000,1.404000
2024-11-12,26.74726788,26.94620628,26.28970956,26.6577456,2297700,61625259.0000,0.849300
2024-11-13,26.4588072,26.88652476,26.17034652,26.83679016,1503900,40187476.0000,0.555900
2024-11-14,26.83679016,27.03572856,25.77246972,25.9117266,1249500,33089521.0000,0.461900
2024-11-15,25.9117266,26.84673708,25.7625228,25.98135504,1635400,43244309.0000,0.604500
2024-11-18,25.97140812,26.5582764,25.12591992,25.43427444,1489800,38436664.0000,0.550700
2024-11-19,25.58347824,26.3096034,25.364646,26.2598688,1476194,38343983.5000,0.545700
2024-11-20,26.3096034,27.14514468,26.0609304,26.7572148,1945500,52143848.0000,0.719100
2024-11-21,26.66769252,27.3042954,26.46875412,26.84673708,1587000,42859662.0000,0.586600
2024-11-22,26.82684324,27.13519776,26.23997496,26.2598688,1741884,46847872.6200,0.643900
2024-11-25,26.1603996,27.68227836,26.10071808,27.1550916,2299500,62168334.0000,0.850000
2024-11-26,27.1550916,28.0005798,27.01583472,27.54302148,2548200,70644666.0000,0.941900
2024-11-27,27.35403,28.2492528,26.54832948,28.20946512,2890161,80110618.9500,1.068300
2024-11-28,28.22935896,29.76118464,28.1497836,29.13452868,3653000,106299044.0000,1.350300
2024-11-29,29.13452868,29.76118464,28.52776656,28.76649264,3798900,110983614.0000,1.404200
2024-12-02,28.846068,30.21874296,28.50787272,30.07948608,3639800,108349584.0000,1.345400
2024-12-03,29.81091924,32.09871084,29.73134388,31.34274492,4081600,127390303.2000,1.508700
2024-12-04,31.34274492,31.6809402,30.62656668,31.51184256,3322463,104369148.2800,1.228100
2024-12-05,31.39247952,32.6258976,30.2386368,31.39247952,3645300,114771462.0000,1.347400
2024-12-06,31.14380652,33.819528,30.8851866,33.34207584,4259300,140630464.7000,1.574400
2024-12-09,33.30228816,34.10798868,32.73531372,33.85931568,3574919,119996530.8200,1.321400
2024-12-10,34.82416692,35.00321148,33.4216512,33.88915644,3707200,126452454.5400,1.370300
2024-12-11,33.9189972,33.94883796,30.586779,30.6365136,8692300,282837028.9000,3.213000
2024-12-12,30.62656668,30.62656668,28.55760732,29.7910254,6915200,202691960.0000,2.556100
2024-12-13,29.02511256,29.71145004,28.6471296,28.7465988,4383300,128221628.0000,1.620200
2024-12-16,28.83612108,28.90574952,27.79169448,27.98068596,2910600,82743437.0000,1.075900
2024-12-17,28.0503144,28.16967744,27.11530392,27.21477312,2046500,56652771.0000,0.756500
2024-12-18,27.3042954,27.61264992,26.88652476,27.33413616,1872000,51303634.0000,0.692000
2024-12-19,26.91636552,28.12988976,26.91636552,28.12988976,2302800,63862150.0000,0.851200
2024-12-20,28.08015516,28.53771348,27.602703,27.7021722,2407479,67815692.6000,0.889900
2024-12-23,27.59275608,28.04036748,27.17498544,27.5032338,1527800,42454267.6000,0.564700
2024-12-24,27.74195988,28.33877508,27.6524376,28.0503144,1721500,48513062.0000,0.636300
2024-12-25,28.23930588,28.80628032,27.56291532,28.58744808,2442000,69276362.0000,0.902700
2024-12-26,28.58744808,28.7963334,28.22935896,28.46808504,1499700,42949592.0000,0.554300
2024-12-27,28.22935896,28.95548412,28.0005798,28.15973052,1788010,51163590.5000,0.660900
2024-12-30,27.99063288,28.13983668,27.4534992,27.97073904,1032300,28799727.0000,0.381600
2024-12-31,27.96079212,28.21941204,27.35403,27.42365844,958400,26660794.0000,0.354300
2025-01-02,27.38387076,28.32882816,27.3042954,27.8016414,1389800,38979920.0000,0.513700
2025-01-03,27.73201296,28.10999592,27.0556224,27.08546316,1406000,38863390.0000,0.519700
2025-01-06,27.1550916,27.23466696,25.87193892,26.73732096,867700,23405059.0000,0.320700
2025-01-07,26.61795792,27.7021722,26.4588072,27.67233144,966200,26309600.0000,0.357100
2025-01-08,27.68227836,27.94089828,26.41901952,27.0058878,1210800,32910411.0000,0.447600
2025-01-09,26.98599396,27.82153524,26.6577456,27.66238452,946700,26105935.0000,0.349900
2025-01-10,27.71211912,28.03042056,26.86663092,26.94620628,914200,25253018.0000,0.337900
2025-01-13,26.63785176,27.602703,26.37923184,27.4534992,831602,22671366.2000,0.307400
2025-01-14,27.35403,28.52776656,27.31424232,28.4481912,1008200,28605415.0000,0.372700
2025-01-15,28.43824428,29.41304244,28.1497836,29.38320168,1998800,58346154.0000,0.738800
2025-01-16,29.6418216,30.24858372,29.2439448,29.82086616,1882400,56250551.0000,0.695800
2025-01-17,29.82086616,29.97006996,29.38320168,29.88054768,812890,24244658.6000,0.300500
2025-01-20,29.88054768,30.338106,29.13452868,29.43293628,892986,26533894.0000,0.330100
2025-01-21,29.43293628,29.96012304,29.21410404,29.78107848,819186,24421692.9600,0.302800
2025-01-22,29.78107848,30.01980456,29.22405096,29.65176852,836900,24933237.0000,0.309300
2025-01-23,29.78107848,30.0396984,29.36330784,29.36330784,582400,17369001.0000,0.215300
2025-01-24,29.65176852,29.72139696,29.20415712,29.6915562,551100,16337297.4000,0.203700
2025-01-27,29.76118464,30.44752212,29.343414,29.37325476,684986,20587082.6600,0.253200
2025-02-05,29.37325476,29.51251164,28.58744808,28.90574952,721986,20959970.6800,0.266900
2025-02-06,28.846068,29.33346708,28.4979258,29.33346708,751700,21927313.0000,0.277900
2025-02-07,29.33346708,29.7910254,28.68691728,29.20415712,996200,29264525.0000,0.368200
2025-02-10,29.2439448,29.40309552,28.40840352,29.2936794,861402,25097491.6000,0.318400
2025-02-11,29.25389172,30.07948608,29.11463484,29.56224624,951400,28264566.0000,0.351700
2025-02-12,29.343414,31.65109944,29.06490024,30.16900836,2579517,77617825.3600,0.953500
2025-02-13,30.15906144,30.4375752,29.75123772,29.85070692,1252400,37848064.0000,0.462900
2025-02-14,30.31821216,31.00454964,29.90044152,30.92497428,1703960,52419813.4000,0.629800
2025-02-17,30.92497428,31.54168332,30.36794676,31.01449656,1441193,44829851.7400,0.532700
2025-02-18,31.01449656,31.32285108,29.73134388,29.98001688,1527300,46851077.0000,0.564500
2025-02-19,29.6915562,30.338106,29.11463484,30.32815908,1136900,34216006.0000,0.420200
2025-02-20,30.2883714,30.7857174,29.92033536,30.16900836,474400,14369719.0000,0.175400
2025-02-21,30.1889022,30.5370444,29.75123772,30.5370444,876000,26582940.0000,0.323800
2025-02-24,30.835452,31.16370036,30.44752212,30.6862482,677800,20950993.0000,0.250500
2025-02-25,30.44752212,31.25322264,30.17895528,30.91502736,805424,24993991.7600,0.297700
2025-02-26,30.91502736,31.4820018,30.70614204,31.2830634,724900,22729301.0000,0.267900
2025-02-27,31.332798,32.03902932,30.94486812,32.03902932,901100,28480802.0000,0.333100
2025-02-28,32.05892316,32.824836,31.830144,32.10865776,1226409,39635297.1600,0.453300
2025-03-03,32.10865776,32.7253668,32.01913548,32.21807388,1290500,41908928.0000,0.477000
2025-03-04,32.21807388,33.0237744,31.90971936,33.0237744,1101979,36213109.2700,0.407300
2025-03-05,33.01382748,33.8692626,32.7253668,33.8692626,1304100,43818582.0000,0.482000
2025-03-06,33.9189972,34.29698016,33.1729782,34.09804176,1627000,55316585.0000,0.601400
2025-03-07,34.07814792,34.80427308,34.00851948,34.79432616,1302400,45017401.0000,0.481400
2025-03-10,34.81422,37.30095,33.36196968,35.94816888,3677002,131540831.0000,1.359200
2025-03-11,35.19220296,36.554931,34.99326456,36.5051964,2097490,75673401.8000,0.775300
2025-03-12,36.48530256,38.01712824,36.13716036,37.34073768,1795584,67487656.1700,0.663700
2025-03-13,37.42031304,37.5993576,36.4057272,36.62455944,1437250,53234948.8500,0.531300
2025-03-14,36.306258,36.83344476,36.02774424,36.57482484,1144500,41903674.0000,0.423000
2025-03-17,36.57482484,36.88317936,36.0078504,36.4057272,877100,32051084.0000,0.324200
2025-03-18,36.38583336,36.88317936,36.08742576,36.74392248,835988,30684422.0900,0.309000
2025-03-19,36.39578028,37.08211776,36.39578028,36.6046656,677600,25077259.0000,0.250500
2025-03-20,36.41567412,37.1020116,36.4057272,36.67429404,697400,25666159.0000,0.257800
2025-03-21,36.44551488,37.07217084,36.31620492,36.69418788,795100,29367449.0000,0.293900
2025-03-24,36.79365708,36.98264856,36.34604568,36.78371016,1059600,39073336.0000,0.391700
2025-03-25,36.7041348,36.87323244,35.89843428,36.39578028,1702512,62255487.0300,0.629300
2025-03-26,36.23662956,36.56487792,36.12721344,36.42562104,954300,34955143.0000,0.352700
2025-03-27,36.6046656,36.8533386,36.04763808,36.28636416,1860705,68131032.5500,0.742700
2025-03-28,36.26647032,36.48530256,36.1570542,36.26647032,886500,32386911.0000,0.353800
2025-03-31,36.1570542,36.88317936,36.06753192,36.78371016,1307100,47879783.0000,0.521700
2025-04-01,36.77376324,39.12123636,36.68424096,37.3506846,2371013,90660305.5300,0.946400
2025-04-02,37.47004764,38.1961728,36.96275472,37.56951684,1202300,45436340.0000,0.479900
2025-04-03,37.1020116,38.56420884,37.02243624,38.17627896,1427200,54342111.0000,0.569700
2025-04-07,36.84339168,38.046969,34.35666168,34.4163432,3026200,108766595.0000,1.207900
2025-04-08,34.13782944,36.306258,34.13782944,35.73928356,1700033,60627933.1200,0.678600
2025-04-09,35.808912,37.28105616,35.47071672,36.51514332,2249100,82413730.0000,0.897700
2025-04-10,36.51514332,37.798296,36.34604568,37.55956992,2609657,96808003.1100,1.041600
2025-04-11,37.53967608,38.7432534,37.53967608,38.37521736,3303176,126850291.0200,1.318400
2025-04-14,37.9972344,38.56420884,37.33079076,37.82813676,2086684,79615921.5600,0.832900
2025-04-15,37.86792444,37.97734056,37.4501538,37.52972916,810331,30696267.1800,0.323400
2025-04-16,37.549623,39.1908648,37.46010072,39.07150176,2703400,104831734.0000,1.079000
2025-04-17,39.290334,39.64842312,38.12654436,39.3400686,1616600,63240112.0000,0.645300
2025-04-18,38.8924572,40.05624684,38.86261644,39.3400686,1682806,66804949.1800,0.671700
2025-04-21,39.3400686,39.7379454,38.47468656,39.01182024,1911761,75018627.4800,0.763100
2025-04-22,38.68357188,38.68357188,35.1126276,35.6099736,3470370,125766589.1000,1.385200
2025-04-23,35.4110352,37.6988268,35.4110352,37.4998884,3699100,136590554.0000,1.476500
2025-04-24,37.51978224,37.9972344,36.93291396,37.71872064,1759500,66325744.0000,0.702300
2025-04-25,37.66898604,37.86792444,37.1517462,37.76845524,1112140,41998531.0000,0.443900
2025-04-28,37.50983532,38.23596048,37.31089692,37.86792444,1148200,43685468.0000,0.458300
2025-04-29,37.798296,38.06686284,37.52972916,37.798296,633300,24091401.0000,0.252800
2025-04-30,37.798296,38.1464382,37.4004192,37.82813676,967500,36781526.0000,0.386200
2025-05-06,37.82813676,41.60796636,37.82813676,41.60796636,3742639,151802470.5500,1.493900
2025-05-07,43.99522716,45.76577892,42.86127828,45.755832,5315256,242052519.7500,2.121600
2025-05-08,45.755832,46.79031168,44.45278548,45.507159,4600045,211569985.1500,1.836100
2025-05-09,46.253178,49.7346,46.253178,49.12783788,4331817,212863824.1700,1.729000
2025-05-12,49.06815636,51.226638,46.750524,50.76907968,3807591,189283035.6800,1.519800
2025-05-13,49.9335384,52.00249776,49.7346,50.3314152,3027500,153907067.0000,1.208400
2025-05-14,50.83870812,55.36455672,50.3314152,55.36455672,2792000,151531844.0000,1.114400
2025-05-15,55.702752,60.2783352,55.702752,59.8804584,5759574,333618874.9700,2.298900
2025-05-16,57.0953208,58.84597872,55.702752,57.9905436,4880467,280844993.4300,1.948000
2025-05-19,57.82144596,61.670904,57.26441844,58.56746496,4790367,286333808.7100,1.912000
2025-05-20,57.9905436,59.17422708,54.63843156,56.9958516,5398904,306483683.2000,2.154900
2025-05-21,56.697444,57.692136,55.9016904,57.55287912,2999204,170963159.9500,1.197100
2025-05-22,57.46335684,58.189482,55.6032828,56.67755016,2001500,114138977.0000,0.798900
2025-05-23,57.18484308,57.68218908,55.71269892,56.7969132,2245200,128522078.0000,0.896200
2025-05-26,57.01574544,57.0455862,55.92158424,56.50845252,1492079,84777173.9000,0.595600
2025-05-27,56.448771,56.78696628,54.29028936,56.38908948,1851000,103586087.0000,0.738800
2025-05-28,56.57808096,58.36852656,56.08073496,57.2445246,2125100,122162446.0000,0.848200
2025-05-29,57.33404688,58.59730572,55.58338896,57.68218908,1991500,115043166.0000,0.794900
2025-05-30,57.692136,58.79624412,56.70739092,58.08006588,1820400,105865884.0000,0.726600
2025-06-03,57.55287912,59.26374936,56.697444,58.66693416,1742100,101782963.0000,0.695300
2025-06-04,57.7916052,61.60127556,57.22463076,61.60127556,3564500,212399158.0000,1.422700
2025-06-05,61.60127556,63.50113728,58.16958816,59.19412092,3955870,242019820.1000,1.579000
2025-06-06,58.84597872,60.5767428,56.21004492,57.45340992,3992800,231878076.4000,1.593700
2025-06-09,57.12516156,57.12516156,51.70409016,51.70409016,4833221,260884235.1900,1.929200
2025-06-10,50.96801808,51.23658492,46.6510548,48.23261508,7996799,388336141.0100,3.191900
2025-06-11,47.745216,48.13314588,47.28765768,48.0436236,3438469,164980284.2200,1.372400
2025-06-12,47.7949506,48.2922966,47.65569372,47.9441544,1966200,94661406.0000,0.784800
2025-06-13,47.71537524,50.3314152,47.6457468,49.3367232,3390030,167366918.0000,1.353100
2025-06-16,50.22199908,54.27039552,50.10263604,54.27039552,3914193,206826754.4800,1.562300
2025-06-17,55.4043444,55.4043444,48.8393772,48.8393772,5959940,302495316.3000,2.378900
2025-06-18,48.3420312,49.06815636,45.7060974,46.86988704,5046883,238566054.8800,2.014400
2025-06-19,45.258486,45.83540736,42.18488772,42.18488772,3463300,149487180.0000,1.382400
2025-06-20,40.04629992,40.97136348,38.92229796,40.12587528,6804300,272086304.8000,2.715900
2025-06-23,39.51911316,40.49391132,39.03171408,39.4395378,3924795,155854072.4000,1.566600
2025-06-24,39.54895392,40.1855568,39.10134252,40.04629992,3326260,133177236.6000,1.327700
2025-06-25,40.4839644,40.74258432,39.51911316,40.16566296,2706213,108798888.6900,1.080200
2025-06-26,40.16566296,41.21008956,39.78768,40.06619376,2564100,103996817.0000,1.023400
2025-06-27,40.0860876,40.8321066,39.86725536,40.0860876,2005395,81088407.9000,0.800400
2025-06-30,40.0860876,40.46407056,39.85730844,40.09603452,2273500,91559101.0000,0.907500
2025-07-01,40.15571604,40.84205352,39.96672456,40.8321066,2465300,100351905.0000,0.984000
2025-07-02,40.6829028,40.6829028,39.71805156,39.9866184,2153200,86929608.0000,0.859400
2025-07-03,40.06619376,40.19550372,39.6384762,39.84736152,1546000,61928577.0000,0.617100
2025-07-04,40.04629992,40.05624684,39.36990936,39.69815772,1538600,61444142.0000,0.614100
2025-07-07,39.67826388,40.14576912,39.67826388,39.80757384,1595700,64063887.0000,0.636900
2025-07-08,39.89709612,39.95677764,39.66831696,39.89709612,1148900,45983973.0000,0.458600
2025-07-09,39.7379454,40.7326374,39.7379454,40.14576912,2592500,105381427.4000,1.034800
2025-07-10,40.14576912,41.6278602,40.14576912,40.3844952,3558260,145840454.8000,1.420300
2025-07-11,40.3844952,43.0701636,40.30491984,41.83674552,4775030,201203082.1000,1.905900
2025-07-14,42.23462232,44.2140594,41.63780712,43.35862428,4336630,185946730.6000,1.730900
2025-07-15,43.78634184,43.9156518,41.70743556,42.29430384,3415299,146000337.6600,1.363200
2025-07-16,42.27441,42.3241446,41.0807796,41.56817868,2678100,112126339.0000,1.068900
2025-07-17,42.025737,42.025737,41.1802488,41.90637396,1960500,82270705.0000,0.782500
2025-07-18,42.00584316,42.34403844,41.39908104,41.50849716,1789500,74890331.0000,0.714300
2025-07-21,41.4786564,41.9262678,40.72269048,41.48860332,2213005,91738762.8000,0.883300
2025-07-22,41.48860332,42.05557776,41.279718,41.89642704,2039600,85386415.0000,0.814100
2025-07-23,41.777064,41.91632088,41.4786564,41.74722324,1510400,63310005.0000,0.602900
2025-07-24,41.777064,42.1749408,41.54828484,42.0754716,1852610,78055193.4000,0.739500
2025-07-25,42.13515312,42.771756,42.13515312,42.38382612,1761100,75083838.0000,0.702900
2025-07-28,42.29430384,43.6172442,42.29430384,43.30888968,2313325,100177806.9500,0.923400
2025-07-29,43.3188366,45.83540736,42.9706944,45.37784904,5175100,231386077.0000,2.065600
2025-07-30,45.258486,47.745216,44.65172388,47.28765768,4824080,225448150.0000,1.925500
2025-07-31,47.2976046,51.723984,46.5515856,51.53499252,6153399,306545683.6000,2.456100
2025-08-01,50.8287612,50.8287612,47.65569372,48.13314588,5232468,256680955.6600,2.088500
2025-08-04,47.21802924,48.33208428,45.755832,46.999197,2889320,136796338.8000,1.153300
2025-08-05,47.00914392,47.92426056,46.750524,46.8499932,2332967,110522814.9500,0.931200
2025-08-06,46.77,47.4,46.1,46.91,1920100,90014740.0000,0.766400
2025-08-07,46.62,49.18,46.62,49.1,3231717,155062347.6400,1.289900
2025-08-08,48.86,49.51,48.06,48.42,2295132,111938056.8000,0.916100
2025-08-11,48.0,49.09,47.99,49.01,1891100,91954285.0000,0.754800
2025-08-12,48.83,49.99,48.5,48.8,1726700,84785113.0300,0.689200
2025-08-13,48.64,49.01,47.4,48.18,1840285,88446746.0500,0.734500
2025-08-14,48.03,48.64,47.58,47.89,1670985,80305427.0000,0.667000
2025-08-15,47.79,48.3,47.71,47.98,1041670,49941035.7500,0.415800
2025-08-18,48.75,49.38,48.05,49.12,2492507,121808994.8400,0.994900
2025-08-19,49.8,50.11,48.73,49.11,2327210,114499017.7000,0.860200
2025-08-20,49.49,50.45,48.78,49.86,2563599,126865287.7900,0.947600
2025-08-21,50.29,52.4,49.6,51.94,3333719,170531317.2900,1.232300
2025-08-22,51.94,52.65,51.66,52.05,2573400,134223400.0000,0.951200
2025-08-25,52.55,52.58,50.02,51.52,3170600,162477998.7000,1.172000
2025-08-26,51.21,52.98,51.21,51.57,2154900,112274500.0000,0.796500
2025-08-27,51.77,51.77,50.16,50.18,1839700,93688335.0000,0.680000
2025-08-28,50.18,50.9,49.71,50.85,1668800,83633079.3600,0.616800
2025-08-29,51.3,51.52,47.56,48.93,3303428,165014476.8800,1.221100
2025-09-01,48.66,49.2,47.65,48.26,2571740,124184418.0000,0.950600
2025-09-02,48.26,48.78,46.92,47.15,1568700,74507104.0000,0.579800
2025-09-03,47.32,47.56,45.3,45.41,1451700,67121082.0000,0.536600
2025-09-04,45.44,46.5,45.3,46.16,2026800,93068763.0000,0.749200
2025-09-05,46.15,46.17,44.9,45.94,1317300,60067577.0000,0.486900
2025-09-08,45.92,46.88,45.61,46.85,1451100,67081514.0500,0.536400
2025-09-09,46.77,47.61,46.3,46.46,1541600,72336719.0000,0.569800
2025-09-10,46.4,46.4,45.38,45.42,1252076,57276861.5200,0.462800
2025-09-11,45.42,45.8,44.85,45.65,1427900,64726966.0000,0.527800
2025-09-12,45.28,45.4,41.8,41.95,5671900,242631061.0000,2.096500
2025-09-15,42.21,45.18,42.21,44.35,4543786,199725471.8000,1.679500
2025-09-16,44.31,47.99,44.3,47.95,4317600,201929170.0000,1.595900
2025-09-17,47.95,48.71,47.01,47.1,2929710,140201003.9000,1.082900
2025-09-18,47.0,47.35,45.02,45.4,2457098,112964235.0700,0.908200
2025-09-19,45.97,46.0,45.08,45.88,1468971,66933118.2500,0.543000
2025-09-22,45.87,45.96,44.9,45.25,1762700,79752038.6000,0.651600
2025-09-23,45.25,45.72,43.9,44.69,2081670,92355007.6500,0.769500
2025-09-24,44.52,45.07,44.31,44.43,1514490,67589748.2500,0.559800
2025-09-25,44.64,45.1,43.9,43.92,1792677,79396111.8100,0.662600
2025-09-26,43.94,44.17,42.96,43.19,1679861,73236580.5900,0.620900
2025-09-29,43.2,43.42,41.63,42.96,2211261,94693837.6800,0.817400
2025-09-30,43.22,44.54,43.12,44.41,1754664,77367455.9600,0.648600
2025-10-09,44.77,44.92,43.64,44.35,1393034,61623685.5900,0.514900
2025-10-10,44.35,45.91,44.28,44.58,1314810,59081499.0000,0.486000
2025-10-13,43.74,44.88,42.55,44.46,1687810,74299047.2500,0.623900
2025-10-14,44.41,45.35,44.32,44.75,1640992,73551374.2700,0.606600
2025-10-15,45.2,45.23,43.95,44.98,1730300,76762788.0000,0.639600
2025-10-16,44.72,45.08,44.15,44.45,1170828,52116544.1600,0.432800
2025-10-17,44.45,45.6,44.34,44.55,2190700,98787512.9500,0.809800
2025-10-20,44.8,45.37,44.17,45.0,1290463,57916901.0000,0.477000
2025-10-21,45.36,46.1,44.76,46.05,1899810,86510690.2000,0.702200
2025-10-22,46.07,47.17,45.81,47.0,1447679,67317186.7300,0.535100
2025-10-23,47.0,47.35,45.55,46.09,1953300,90494199.0000,0.722000
2025-10-24,46.15,47.0,45.89,46.42,1335179,61998053.1600,0.493500
2025-10-27,46.54,46.69,44.1,45.06,3262405,147236659.9000,1.205900
2025-10-28,44.9,46.1,44.9,45.95,1867912,85492228.2600,0.690400
2025-10-29,45.96,46.86,45.27,46.61,1616800,74661753.2800,0.597600
2025-10-30,46.63,46.77,45.81,46.41,2029800,93931811.0000,0.750300
2025-10-31,46.21,47.1,46.21,46.51,2088384,97400760.9700,0.771900
2025-11-03,46.51,46.73,44.75,46.21,2224900,101735945.0000,0.822400
2025-11-04,46.15,46.77,45.91,46.65,1900900,88200855.0000,0.702600
2025-11-05,46.45,47.2,45.68,47.0,1604889,74948048.2100,0.593200
2025-11-06,47.11,47.86,46.91,47.2,1858900,88114715.5000,0.687100
2025-11-07,47.25,47.29,46.04,46.36,1525300,70864345.0000,0.563800
2025-11-10,46.36,46.5,44.9,45.1,1730000,78913307.0000,0.639500
2025-11-11,44.8,44.8,41.02,41.48,5582320,234148618.9100,2.063400
2025-11-12,41.49,41.58,40.68,40.81,2182320,89609685.1500,0.806700
2025-11-13,40.82,41.23,40.5,40.82,1931500,79012787.0000,0.714000
2025-11-14,40.91,41.17,40.27,40.28,1545200,62667461.0000,0.571200
2025-11-17,40.23,40.54,39.43,39.57,1700100,67350308.0000,0.628400
2025-11-18,39.5,39.58,38.95,39.48,1575367,61915350.0500,0.582300
2025-11-19,39.4,39.6,38.68,38.94,1375740,53653025.7800,0.508500
2025-11-20,38.9,39.13,38.28,38.77,1246500,48166328.0000,0.460800
2025-11-21,38.5,38.98,37.59,37.72,1539380,58586909.0000,0.569000
2025-11-24,37.98,38.4,37.13,37.98,1407800,53392804.0000,0.520400
2025-11-25,37.99,39.35,37.75,38.97,1963326,76092753.1600,0.725700
2025-11-26,38.7,40.53,38.7,39.0,1844280,72917889.2000,0.681700
2025-11-27,39.78,39.78,38.81,38.82,770600,30096402.0000,0.284800
2025-11-28,38.95,38.95,38.4,38.88,745600,28835470.0000,0.275600
2025-12-01,38.88,39.3,38.6,38.68,1489695,57895793.0000,0.550600
2025-12-02,38.67,38.73,37.98,38.4,1111180,42591599.6000,0.410700
2025-12-03,38.4,39.06,38.27,38.96,2225855,85918622.9200,0.822800
2025-12-04,38.92,39.25,38.2,38.78,1654527,64045964.3200,0.611600
2025-12-05,38.67,39.74,38.67,39.7,1630487,64254704.9100,0.602700
2025-12-08,39.6,39.6,37.13,37.62,3551000,134478396.9000,1.312600
2025-12-09,37.49,37.55,36.2,36.36,2230403,81955057.8400,0.824400
2025-12-10,36.38,36.54,35.7,35.73,2380063,85420892.3900,0.879800
2025-12-11,35.9,36.6,35.64,35.71,1877728,67594026.2900,0.694100
2025-12-12,35.71,35.97,35.34,35.58,2357633,83913322.7800,0.871500
2025-12-15,35.33,35.76,35.21,35.54,1502178,53242976.6200,0.555300
2025-12-16,35.57,36.29,35.28,35.9,1811300,64772499.9500,0.669500
2025-12-17,35.61,36.58,35.61,36.34,1389200,50093483.0000,0.513500
2025-12-18,36.33,36.83,36.03,36.07,1187800,43240213.0000,0.439100
2025-12-19,36.31,36.75,35.95,36.59,1085600,39617671.0000,0.401300
2025-12-22,36.5,36.92,36.12,36.59,1003400,36701670.9200,0.370900
2025-12-23,36.61,36.9,36.32,36.45,786600,28757474.0000,0.290800
2025-12-24,36.52,36.8,36.16,36.42,882805,32244796.5000,0.326300
2025-12-25,36.5,36.87,36.23,36.66,780800,28618276.0000,0.288600
2025-12-26,36.7,36.78,36.31,36.58,852107,31128726.2400,0.315000
2025-12-29,36.5,37.9,36.3,37.69,1830031,68517568.3500,0.676400
2025-12-30,37.48,38.87,37.48,38.07,1843200,70668029.0000,0.681300
2025-12-31,38.28,38.28,37.26,37.62,1014800,38159679.4000,0.375100
2026-01-05,37.63,38.0,37.34,37.52,1487535,56019012.3200,0.549800
2026-01-06,37.81,38.25,37.31,37.62,1429400,53867699.0000,0.528400
2026-01-07,37.65,37.95,37.2,37.76,1325935,49783196.8500,0.490100
2026-01-08,37.4,40.78,37.35,39.91,4699635,185861156.5000,1.737200
2026-01-09,40.31,40.31,38.74,39.33,2347525,92594643.7500,0.867700
2026-01-12,39.33,40.14,39.22,39.95,2408360,95902626.6000,0.890200
2026-01-13,39.88,41.3,39.4,39.83,2936803,118858103.0700,1.085500
2026-01-14,39.99,40.74,39.16,39.48,2420735,96477553.4000,0.894800
2026-01-15,39.44,39.79,38.86,39.3,1485403,58181689.8400,0.549100
2026-01-16,39.4,39.88,38.7,39.87,2420100,94750108.0000,0.894600
2026-01-19,39.99,43.11,39.75,42.17,4641099,195041342.8000,1.715500
2026-01-20,42.08,43.77,41.95,42.76,3958300,169500008.0000,1.463100
2026-01-21,42.48,43.45,42.4,43.18,2480500,106777245.0000,0.916900
2026-01-22,42.79,43.55,42.75,43.05,2225400,95804281.0000,0.822600
2026-01-23,43.75,43.86,42.95,43.56,3023900,131062505.0000,1.117700
2026-01-26,43.4,45.35,43.28,44.88,3707379,166022270.0400,1.370400
2026-01-27,44.9,46.46,44.35,46.0,3480915,158419219.3600,1.286700
2026-01-28,45.83,46.42,44.55,44.6,2675000,120868605.9000,0.988800
2026-01-29,44.6,46.43,44.5,46.3,3269600,149196579.2000,1.208600
2026-01-30,46.33,47.9,45.75,47.16,4157890,194529330.7000,1.536900
2026-02-02,46.66,47.15,44.02,44.03,3719953,168691997.0300,1.375000
2026-02-03,44.88,45.18,44.2,44.66,2328359,103961939.2600,0.860600
2026-02-04,44.72,44.88,42.7,42.9,3095289,134011211.2500,1.144100
2026-02-05,42.8,43.3,42.03,42.78,1795100,76933904.0000,0.663500
2026-02-06,42.93,43.08,42.07,42.12,1430109,60814573.9300,0.528600
2026-02-09,42.42,42.88,41.68,42.56,1514050,64114608.5000,0.559600
2026-02-10,42.9,42.9,41.3,41.39,1437700,60048003.4500,0.531400
2026-02-11,41.56,41.6,40.99,41.25,1084736,44790873.2800,0.401000
2026-02-12,41.25,41.62,41.0,41.36,981982,40612182.8000,0.363000
2026-02-13,42.0,42.11,40.37,40.6,1508700,62046418.0000,0.557700
2026-02-24,41.8,41.8,40.2,40.63,1485300,60579908.0000,0.549000
2026-02-25,40.5,41.0,40.16,40.76,1258600,50958427.0000,0.465200
2026-02-26,40.7,40.78,40.09,40.5,935400,37721904.0000,0.345800
2026-02-27,40.15,41.15,40.15,40.92,1189884,48473590.4000,0.439800
2026-03-02,40.7,42.0,40.7,41.67,2271784,94129460.5600,0.839700
2026-03-03,41.36,42.1,40.22,40.42,2260686,92283520.9000,0.835600
2026-03-04,40.04,40.97,40.04,40.6,1150535,46715602.7500,0.425300
2026-03-05,40.73,41.1,39.38,39.72,1644550,65682547.5000,0.607900
2026-03-06,39.81,40.15,39.56,39.85,872100,34782332.5000,0.322400
2026-03-09,39.52,39.88,38.22,38.45,1736500,67331238.0000,0.641900
2026-03-10,38.78,39.14,38.37,38.91,887100,34362588.0000,0.327900
2026-03-11,38.91,39.08,38.27,38.32,1083400,41836439.0000,0.400500
2026-03-12,38.44,38.58,37.88,38.16,663400,25364326.0000,0.245200
2026-03-13,38.16,38.61,37.78,38.0,1023800,39164394.0000,0.378400
2026-03-16,38.0,38.48,37.45,37.93,1104435,41857207.7000,0.408200
2026-03-17,37.91,38.3,37.67,37.67,882435,33516179.9500,0.326200
2026-03-18,37.85,38.19,37.45,38.14,980000,37098303.0000,0.362200
2026-03-19,38.12,38.12,36.17,36.44,1503700,55532829.0000,0.555800
2026-03-20,36.42,37.56,35.67,36.46,1660200,60689988.0000,0.613700
2026-03-23,36.13,36.99,35.4,35.81,1858000,67272572.9500,0.686800
2026-03-24,36.19,37.63,36.06,37.4,1649600,60846485.0000,0.609800
2026-03-25,37.41,38.53,37.41,38.39,1557900,59460296.0000,0.575900
2026-03-26,38.58,39.29,37.54,37.93,1763200,67171811.0000,0.651700
2026-03-27,37.8,38.97,37.56,38.9,1461400,56050256.0000,0.540200
2026-03-30,38.6,39.6,36.59,39.24,2576400,97673852.0000,0.952300
2026-03-31,38.98,43.16,38.98,40.35,5763189,239290697.2900,2.130300
2026-04-01,39.6,39.98,37.83,37.96,4058900,155689061.6500,1.500300
2026-04-02,37.4,37.9,37.07,37.53,1866990,70026808.1000,0.690100
2026-04-03,37.44,37.95,37.05,37.27,1108735,41661015.5000,0.409800
2026-04-07,37.9,39.8,37.9,39.11,3001600,117450620.0000,1.109500
2026-04-08,39.38,40.65,39.38,40.65,2552500,102719577.0000,0.943500
2026-04-09,40.94,42.05,40.0,41.28,3186390,131943693.8000,1.177800
2026-04-10,41.36,42.77,41.33,42.2,2004000,84441982.0000,0.740800
2026-04-13,42.19,43.89,41.8,42.85,2610318,112277632.5600,0.964900
2026-04-14,43.0,44.96,42.91,44.56,2858000,125989127.0000,1.056400
2026-04-15,45.1,45.8,43.36,44.18,2493600,110489199.0000,0.921700
2026-04-16,43.98,48.1,43.9,47.17,4845400,224971592.0000,1.791000
2026-04-17,47.47,48.15,46.5,47.9,3672200,173587564.0000,1.357400
2026-04-20,48.5,49.95,44.22,45.8,6209000,292141332.0000,2.295100
2026-04-21,45.84,46.01,44.0,45.17,3801200,170690037.0000,1.405100
2026-04-22,45.8,48.0,45.18,46.63,2750380,128834842.8000,1.016600
2026-04-23,46.6,47.39,45.5,47.09,2266480,105179815.2000,0.837800
2026-04-24,46.13,48.19,45.9,46.29,2089725,97870122.7500,0.772400
2026-04-27,46.0,46.99,45.5,46.1,1898300,87965739.0000,0.701700
2026-04-28,46.19,47.17,45.9,46.0,1942300,89932366.0000,0.717900
2026-04-29,46.03,46.1,45.4,45.87,1488340,68111375.2000,0.550100
2026-04-30,45.01,45.9,44.6,45.84,2129905,96339099.0000,0.787300
2026-05-06,46.08,48.5,45.89,46.1,2424993,113133676.5300,0.896400
2026-05-07,46.1,48.02,46.1,47.41,2120770,100373417.2000,0.783900
2026-05-08,47.1,47.39,46.16,47.15,2348900,109842719.0000,0.868200
2026-05-11,48.0,48.7,47.12,48.28,2342035,112466232.9500,0.865700
2026-05-12,48.29,53.11,48.29,53.11,3948301,201456493.3400,1.459400
2026-05-13,56.2,58.42,55.19,56.05,10079198,572094951.8000,3.725600
2026-05-14,55.64,61.51,53.4,59.0,10010026,570260023.6800,3.700100
2026-05-15,59.28,60.82,58.0,58.0,5806800,343857730.0000,2.146400
