date,open,high,low,close,volume,amount,turnover
2021-04-12,9.71328036,11.65685538,9.71328036,11.65685538,285605,7228231.66,0.856600
2021-04-13,12.82391934,12.82391934,12.82391934,12.82391934,182122,5083025.02,0.546300
2021-04-14,14.1058518,14.1058518,14.1058518,14.1058518,90951,2792195.7,0.272800
2021-04-15,15.51643698,15.51643698,15.51643698,15.51643698,388370,13115254.9,1.164900
2021-04-16,17.0694591,17.0694591,17.0694591,17.0694591,4315477,160319970.55,12.943800
2021-04-19,17.460012,18.77870238,17.07864858,18.77870238,14163111,561545377.94,42.480800
2021-04-20,20.36848242,20.65795104,19.757382,20.65795104,4753179,211042487.15,14.256700
2021-04-21,22.72558404,22.72558404,20.67633,20.87849856,23976268,1143069031.78,71.914400
2021-04-22,18.79708134,20.69011422,18.79708134,19.4816976,16949271,722972438.9,50.837600
2021-04-23,19.068171,19.068171,17.53352784,17.53812258,15621474,617568295.29,46.855100
2021-04-26,16.82134314,16.84431684,15.8059056,15.9437478,12535936,444803216.64,37.600300
2021-04-27,15.6910371,17.40487512,15.29129472,16.57782192,13530686,482800501.82,40.583900
2021-04-28,15.8978004,16.35267966,15.5531949,16.23781116,8851097,307663156.42,26.548000
2021-04-29,16.04483208,17.63461212,16.02185838,16.68809568,11541040,428680770.17,34.616200
2021-04-30,16.18267428,17.61163842,15.85644774,17.38649616,12587343,464096169.82,37.754500
2021-05-06,16.9086432,17.1613539,16.4491692,16.9086432,8777807,320684190.52,26.328200
2021-05-07,16.77539574,16.89945372,15.6450897,15.90698988,8961193,314580280.4,26.878200
2021-05-10,15.67725288,15.71860554,14.7950628,14.90533656,8548586,281286001.11,25.640600
2021-05-11,14.91452604,15.53481594,14.8410102,15.3464316,7154222,238143654.53,21.458400
2021-05-12,15.1396683,15.94834254,14.91452604,15.5991423,6972669,235365696.87,20.913800
2021-05-13,15.38318952,15.66346866,15.01561032,15.2775105,5376996,178946382.33,16.127800
2021-05-14,15.44292114,15.74617398,15.1856157,15.35102634,5415426,182697307.61,16.243000
2021-05-17,15.10750512,15.12588408,14.4274836,14.60667846,5976743,190971358.81,17.926600
2021-05-18,14.52397314,15.162642,14.47802574,15.162642,5522972,179535058.05,16.565600
2021-05-19,15.4383264,16.6789062,15.2315631,15.92536884,10251265,359920636.96,30.747600
2021-05-20,15.44751588,15.851853,15.19021044,15.2085894,6819554,229227712.22,20.454600
2021-05-21,15.25913154,15.87942144,15.162642,15.36481056,4668176,156351288.14,14.001700
2021-05-24,15.392379,15.57157386,14.62046268,14.8180365,5648093,182816470.1,16.940900
2021-05-25,14.80884702,15.19939992,14.48721522,15.19939992,4680960,150650258.12,14.040100
2021-05-26,15.0707472,15.37400004,14.93749974,15.162642,4113849,135512198.16,12.339100
2021-05-27,15.11209986,16.43997972,15.04317876,15.60373704,8595356,293808890.19,25.780900
2021-05-28,15.48886854,17.16594864,15.392379,17.16594864,8324422,300700993.02,24.968300
2021-05-31,17.919486,18.8843814,17.72191218,18.8843814,18433209,736882126.73,55.288600
2021-06-01,18.37896,19.19222898,17.8505649,18.149223,14077394,561686828.7,42.223700
2021-06-02,17.77704906,18.82924452,17.77704906,18.2411178,10799879,431305165.47,32.393200
2021-06-03,17.919486,18.7235655,17.230275,18.2870652,9410167,368112528.55,28.224900
2021-06-04,17.8496752,20.00876,17.472766,18.3940996,11747688,473673431.0,35.236000
2021-06-07,18.3010356,20.2321136,18.2451972,20.2321136,12457511,518100165.57,37.365100
2021-06-08,20.00876,20.2321136,18.2079716,18.2358908,13925817,570733299.06,41.769100
2021-06-09,17.589096,18.1986652,17.33317,17.705426,8037499,305826587.21,24.107700
2021-06-10,17.635628,18.0916416,17.542564,17.5518704,6247061,239152336.21,18.737400
2021-06-11,17.3471296,19.3061268,17.309904,19.3061268,9437621,385011515.45,28.307200
2021-06-15,19.4829484,20.0878644,18.705864,18.9804028,12875216,535185907.98,38.617900
2021-06-16,18.7105172,20.1762752,18.6965576,19.6411572,12881506,542118857.13,38.636800
2021-06-17,19.0688136,19.9250024,17.6775068,19.915696,10656153,436723135.41,31.962100
2021-06-18,19.6504636,20.24142,18.891992,19.6458104,9056576,378953546.0,27.164300
2021-06-21,19.3154332,19.4829484,18.5988404,18.6965576,7864022,320249005.41,23.587300
2021-06-22,18.6174532,20.00876,18.4173656,19.9529216,9750786,400594540.65,29.246500
2021-06-23,19.5480932,19.89243,19.2270224,19.54344,7574131,318519839.27,22.717800
2021-06-24,19.357312,19.450376,18.14748,18.2312376,6856551,276272937.08,20.565500
2021-06-25,18.054416,19.07812,17.728692,18.5988404,5003619,198961685.95,15.007900
2021-06-28,18.3149952,18.6546788,17.9985776,18.5709212,4491146,176844824.75,13.470700
2021-06-29,18.426672,20.35775,18.3149952,19.4317632,10358770,433000084.6,31.070100
2021-06-30,19.31078,21.3768008,19.31078,21.3768008,11908197,528278624.43,35.717400
2021-07-01,21.5303564,21.5303564,19.9017364,19.9017364,12313074,539391414.08,36.931800
2021-07-02,19.9063896,21.218592,19.6225444,20.5252652,10530362,462893947.86,31.584800
2021-07-05,20.70674,22.474956,20.3996288,21.683912,10632057,490061576.81,31.889800
2021-07-06,21.683912,21.683912,20.0599452,20.70674,9209209,409833986.18,27.622100
2021-07-07,20.47408,21.8607336,20.0366792,21.451252,8873072,404005260.3,26.613900
2021-07-08,21.381454,22.1027,20.8044572,21.9444912,9376409,434147422.69,28.123600
2021-07-09,21.8374676,21.8374676,20.9394,21.590848,6705676,309151369.3,20.113000
2021-07-12,21.660646,21.776976,20.613676,21.241858,6608999,299334778.74,19.823000
2021-07-13,20.892868,21.032464,20.24142,20.4554672,5846010,257699061.29,17.534500
2021-07-14,20.427548,20.427548,18.7477428,19.1060392,8228808,341391935.06,24.681500
2021-07-15,19.07812,19.5248272,18.8128876,19.0920796,4816703,198968803.73,14.447200
2021-07-16,18.9199112,19.31078,18.1847056,18.3196484,5993634,240563194.92,17.977300
2021-07-19,18.38014,18.4638976,17.845022,18.1288672,3637484,141459581.12,10.910300
2021-07-20,18.100948,18.5150828,17.9241264,18.5057764,3362236,131991959.86,10.084700
2021-07-21,18.5290424,19.3433524,18.356874,19.0827732,5551178,225653201.51,16.650200
2021-07-22,19.0827732,19.0967328,18.356874,18.4359784,4452033,177755392.5,13.353400
2021-07-23,18.426672,18.7012108,18.1056012,18.1614396,3014500,118936735.0,9.041700
2021-07-26,18.1847056,18.5336956,17.3517828,17.4308872,3743500,143788117.21,11.228300
2021-07-27,17.589096,17.589096,16.193136,16.2070956,5382294,191746353.5,16.143700
2021-07-28,16.239668,16.2862,14.8762804,15.402092,3816485,126300319.85,11.447200
2021-07-29,15.4067452,16.472328,15.4067452,16.0721528,3939757,134708152.98,11.816900
2021-07-30,16.0442336,16.2210552,15.658018,15.9697824,3274589,112218633.57,9.821800
2021-08-02,16.146604,16.6910284,15.774348,16.5607388,3597744,126843884.52,10.791100
2021-08-03,16.565392,16.565392,16.1326444,16.1372976,2729091,95407002.32,8.185600
2021-08-04,16.2815468,16.6444964,15.844146,16.5700452,3801223,133361224.23,11.401400
2021-08-05,16.5700452,16.5700452,16.05354,16.146604,2698283,93916169.83,8.093200
2021-08-06,16.2257084,16.565392,16.1372976,16.2257084,2709836,95099254.75,8.127900
2021-08-09,16.2117488,16.4583684,15.634752,16.4537152,3459884,119436078.78,10.377600
2021-08-10,16.449062,16.6026176,16.2443212,16.5095536,3017797,106858377.47,9.051600
2021-08-11,16.565392,16.960914,16.3978768,16.9283416,3984109,143783006.96,11.949900
2021-08-12,17.053978,17.053978,16.4630216,16.681722,3178284,113734076.28,9.532900
2021-08-13,16.7003348,16.7096412,16.193136,16.193136,2991406,105107358.08,8.972400
2021-08-16,16.1745232,16.332732,15.7464288,16.3280788,2261299,78397277.5,6.782500
2021-08-17,16.3280788,16.425796,15.7092032,15.7417756,2526193,86868362.32,7.577100
2021-08-18,15.7324692,15.9092908,15.611486,15.867412,1862987,63199415.14,5.587800
2021-08-19,15.9930484,15.9930484,15.70455,15.7138564,1877004,63787710.13,5.629900
2021-08-20,15.797614,15.797614,14.89024,15.0903276,2755945,89993342.93,8.266200
2021-08-23,15.0205296,15.5463412,15.0205296,15.4858496,2052516,67982730.92,6.156300
2021-08-24,15.169432,15.425358,15.0810212,15.23923,2315212,75954667.28,6.944200
2021-08-25,15.35556,15.35556,14.8995464,15.0437956,2220404,71832385.54,6.659900
2021-08-26,14.9274656,15.6021796,14.727378,15.3602132,3297792,107869570.39,9.891400
2021-08-27,15.169432,15.192698,14.7180716,14.7320312,3088659,98598362.13,9.264100
2021-08-30,14.7413376,14.8530144,14.285324,14.3970008,2079204,64983866.72,6.236400
2021-08-31,14.285324,14.355122,13.49428,13.633876,3157328,93791774.76,9.470100
2021-09-01,13.6199164,13.8991084,13.5128928,13.7874316,1907765,56375194.96,5.722200
2021-09-02,13.7408996,13.936334,13.5919972,13.8153508,1704059,50593585.94,5.111200
2021-09-03,13.72694,14.331856,13.6617952,14.0898896,2216173,67087914.33,6.647200
2021-09-06,14.0898896,14.19226,13.8106976,14.1643408,1947352,58624265.21,5.840900
2021-09-07,14.1503812,14.2294856,14.0433576,14.1829536,1637573,49737903.85,4.911700
2021-09-08,14.1829536,14.331856,13.982866,14.052664,1896325,57583286.7,5.687800
2021-09-09,14.0433576,14.0433576,13.7641656,13.8386168,1700797,50712623.49,5.101400
2021-09-10,13.8618828,14.65758,13.8013912,14.494718,3546574,108703469.92,10.637600
2021-09-13,14.4993712,14.5459032,14.0852364,14.099196,2289246,69790964.04,6.866400
2021-09-14,13.9642532,14.0898896,13.820004,13.8944552,1622723,48562745.18,4.867200
2021-09-15,13.7781252,13.9502936,13.680408,13.8572296,1097599,32607266.47,3.292100
2021-09-16,13.7362464,13.9596,13.308152,13.3128052,2066971,60476495.02,6.199700
2021-09-17,13.3128052,13.3919096,12.703236,12.9219364,2024353,56320691.63,6.071800
2021-09-22,12.586906,12.8567916,12.56364,12.703236,1004326,27476741.76,3.012400
2021-09-23,12.703236,13.2523136,12.703236,13.0894516,1654900,46509192.54,4.963700
2021-09-24,13.1127176,13.1173708,12.7963,12.842832,1081899,29930854.44,3.245000
2021-09-27,12.8521384,13.308152,12.6287848,13.1592496,1992000,55816735.0,5.974800
2021-09-28,13.1639028,13.2802328,12.8056064,12.9545088,1079088,30038051.64,3.236600
2021-09-29,12.91263,13.0010408,12.6194784,12.6520508,1070626,29448207.31,3.211200
2021-09-30,12.7544212,12.9033236,12.7125424,12.7916468,740650,20360278.52,2.221500
2021-10-08,12.842832,13.0661856,12.819566,13.0382664,1199369,33517618.24,3.597400
2021-10-11,13.0336132,13.1406368,12.8800576,13.1127176,1013075,28341372.5,3.038600
2021-10-12,13.1127176,13.1127176,12.6753168,12.7916468,1118726,30886572.39,3.355500
2021-10-13,12.7869936,14.0712768,12.7869936,14.0712768,3436179,100676580.6,10.306500
2021-10-14,14.3272028,15.1647788,13.9689064,14.5598628,7874959,248163685.8,23.620200
2021-10-15,14.3365092,14.4156136,13.9596,14.1736472,3851274,117243192.7,11.551500
2021-10-18,14.1131556,14.8250952,14.0107852,14.6529268,4384768,136922332.35,13.151700
2021-10-19,14.65758,14.6715396,14.2899772,14.5598628,2854429,88550120.47,8.561600
2021-10-20,14.3411624,14.89024,14.0107852,14.634314,3895909,120849227.27,11.685400
2021-10-21,14.5784756,15.495156,14.3039368,15.1089404,5717963,183647528.64,17.150500
2021-10-22,14.9507316,15.0949808,14.2899772,14.3690816,3804965,120196169.89,11.412600
2021-10-25,14.1829536,15.0391424,14.052664,14.5272904,3421199,107774517.95,10.261500
2021-10-26,14.4528392,15.5509944,14.4295732,14.9088528,4218885,136017322.68,12.654100
2021-10-27,14.6854992,14.7692568,14.099196,14.3597752,2976538,92026435.39,8.927800
2021-10-28,14.145728,14.145728,12.9219364,12.959162,4429046,125238633.85,13.284500
2021-10-29,12.8149128,13.1545964,12.726502,13.0243068,2058275,57376100.02,6.173600
2021-11-01,13.02896,13.447748,12.773034,13.2011284,2263620,63531456.26,6.789500
2021-11-02,13.168556,13.3174584,12.7869936,12.9731216,1749193,48992289.22,5.246500
2021-11-03,12.8707512,13.2290476,12.749768,13.122024,1753497,48749181.74,5.259400
2021-11-04,13.075492,13.238354,13.0150004,13.1871688,1497940,42398785.51,4.492900
2021-11-05,13.1871688,13.401216,13.0475728,13.1964752,1820905,51648636.22,5.461600
2021-11-08,13.052226,13.4430948,12.9731216,13.424482,2162338,61894589.71,6.485700
2021-11-09,13.49428,13.5501184,13.284886,13.3639904,1726640,49648061.32,5.178900
2021-11-10,13.424482,13.4756672,13.0801452,13.308152,1431204,40622369.72,4.292800
2021-11-11,13.3174584,13.587344,13.2941924,13.4058692,2108199,60979948.58,6.323300
2021-11-12,13.4337884,13.6617952,13.2476604,13.6385292,2556487,74227769.4,7.667900
2021-11-15,13.633876,13.773472,13.5082396,13.72694,2053853,60205509.53,6.160300
2021-11-16,13.7222868,13.7222868,13.354684,13.401216,2022671,58593807.95,6.066800
2021-11-17,13.564078,14.4202668,13.4570544,14.0712768,4597673,138215975.05,13.790300
2021-11-18,13.9642532,14.215526,13.9177212,14.1085024,3231486,97417716.92,9.692500
2021-11-19,14.099196,14.099196,13.820004,13.982866,2006083,60173839.08,6.017000
2021-11-22,13.982866,15.35556,13.8525764,14.6250076,4962159,154947858.97,14.883500
2021-11-23,14.517984,14.77391,14.4295732,14.4342264,3308906,103180132.9,9.924700
2021-11-24,14.2015664,14.6063948,14.1969132,14.3737348,2466814,76281140.0,7.399000
2021-11-25,14.42492,14.471452,14.1550344,14.3970008,1787312,54979083.25,5.360900
2021-11-26,14.4202668,14.77391,14.2667112,14.5459032,3075794,96352604.26,9.225500
2021-11-29,14.2015664,14.7134184,13.8758424,14.5133308,2584975,79450429.93,7.753400
2021-11-30,14.5133308,14.65758,14.122462,14.215526,2336482,72083058.06,7.008000
2021-12-01,14.168994,14.3039368,14.145728,14.262058,1442463,44148908.44,4.326500
2021-12-02,14.145728,14.9414252,13.9596,14.704112,4970808,154812347.89,14.909400
2021-12-03,14.5459032,14.65758,14.331856,14.3644284,2650417,82264243.16,7.949700
2021-12-06,14.3504688,14.3504688,13.8479232,13.9689064,2091830,63188978.5,6.274200
2021-12-07,13.9502936,14.099196,13.3128052,13.5501184,1909577,55898749.04,5.727600
2021-12-08,13.4058692,13.750206,13.4058692,13.680408,1103453,32388649.01,3.309700
2021-12-09,13.750206,13.7874316,13.587344,13.6524888,1076115,31641750.79,3.227700
2021-12-10,13.6524888,13.9037616,13.447748,13.8386168,1217602,36037218.4,3.652100
2021-12-13,13.820004,13.9270276,13.7315932,13.8013912,1064973,31622244.45,3.194300
2021-12-14,13.447748,13.6385292,13.1313304,13.5594248,2476192,71030020.55,7.427100
2021-12-15,13.447748,13.8711892,13.424482,13.8013912,2209601,64926434.18,6.627500
2021-12-16,13.72694,14.2527516,13.517546,13.9921724,3092946,92478009.54,9.277000
2021-12-17,13.8525764,14.2341388,13.6757548,13.7781252,2268919,68054796.08,6.805400
2021-12-20,13.7781252,13.8293104,13.4337884,13.4384416,1570700,45719562.35,4.711200
2021-12-21,13.5315056,13.8060444,13.4570544,13.7222868,1402765,41138447.81,4.207500
2021-12-22,13.866536,14.704112,13.820004,14.1410748,2980598,90830143.83,8.940000
2021-12-23,14.1829536,14.2015664,13.9037616,13.9037616,1919419,57806464.24,5.757100
2021-12-24,13.8804956,13.9502936,13.3128052,13.3407244,2275173,65977247.84,6.824200
2021-12-27,13.308152,13.4384416,13.191822,13.4337884,910119,26155863.71,2.729800
2021-12-28,13.4524012,13.540812,13.3639904,13.5128928,841619,24363613.59,2.524400
2021-12-29,13.5082396,13.5082396,13.3360712,13.354684,846518,24368078.8,2.539000
2021-12-30,13.3360712,13.49428,13.3360712,13.3919096,778376,22449445.66,2.334700
2021-12-31,13.3919096,13.49428,13.3639904,13.4291352,741222,21378306.08,2.223200
2022-01-04,13.4756672,13.61061,13.4198288,13.5966504,1090453,31665164.3,3.270700
2022-01-05,13.6013036,13.6199164,13.331418,13.4198288,1021073,29453450.02,3.062600
2022-01-06,13.2523136,13.540812,13.2523136,13.4570544,717929,20713700.75,2.153400
2022-01-07,13.4663608,13.49428,13.2755796,13.2895392,1023824,29416196.95,3.070900
2022-01-10,13.2662732,13.4384416,13.14529,13.3686436,612212,17476548.82,1.836300
2022-01-11,13.3919096,13.424482,13.215088,13.238354,635373,18201999.12,1.905700
2022-01-12,13.2430072,13.5221992,13.2430072,13.447748,1103379,31837599.33,3.309500
2022-01-13,13.447748,13.4896268,13.3453776,13.3965628,760600,21903744.0,2.281300
2022-01-14,13.308152,13.4337884,13.098758,13.1406368,1075035,30661612.55,3.224500
2022-01-17,13.075492,13.2430072,13.02896,13.1964752,749823,21220300.9,2.249000
2022-01-18,13.1313304,13.1964752,12.91263,12.9219364,1115492,31191222.04,3.345800
2022-01-19,12.9219364,12.9917344,12.842832,12.866098,538900,14938156.0,1.616400
2022-01-20,12.866098,12.9079768,12.2891012,12.3449396,1367381,36741572.66,4.101300
2022-01-21,12.33098,12.3914716,12.2286096,12.377512,574892,15186902.12,1.724300
2022-01-24,12.3821652,12.5496804,12.3821652,12.4891888,536192,14382808.4,1.608300
2022-01-25,12.4891888,12.4891888,11.7539832,11.7539832,983084,25396255.87,2.948700
2022-01-26,11.679532,12.0006028,11.6516128,11.7400236,577384,14616361.0,1.731800
2022-01-27,11.7539832,11.86566,11.2747036,11.2747036,780900,19272716.0,2.342200
2022-01-28,11.3724208,11.5213232,11.1816396,11.377074,542300,13284946.0,1.626600
2022-02-07,11.5352828,12.1495052,11.5352828,11.9401112,820973,20959650.4,2.462400
2022-02-08,11.958724,12.0471348,11.726064,11.9959496,634473,16280941.23,1.903000
2022-02-09,11.9959496,12.0936668,11.8749664,12.0006028,548453,14102224.34,1.645000
2022-02-10,11.9959496,12.0378284,11.8330876,11.935458,660700,16904221.0,1.981700
2022-02-11,11.9261516,11.9401112,11.6981448,11.7214108,423545,10729689.2,1.270400
2022-02-14,11.6841852,11.888926,11.6423064,11.7912088,354753,8974914.25,1.064000
2022-02-15,11.7912088,11.98199,11.6748788,11.8935792,605935,15441603.68,1.817400
2022-02-16,11.9028856,12.0192156,11.8703132,11.9680304,492500,12636007.3,1.477200
2022-02-17,11.9773368,12.2099968,11.8796196,12.1960372,1267500,33015111.0,3.801700
2022-02-18,12.0936668,12.0936668,11.8796196,11.9866432,927452,23824025.7,2.781800
2022-02-21,11.9447644,12.0657476,11.842394,12.028522,512800,13218340.0,1.538100
2022-02-22,11.9912964,12.051788,11.7353704,11.8842728,591922,15107422.83,1.775400
2022-02-23,11.8982324,12.2286096,11.8982324,12.1634648,1222953,31893225.01,3.668100
2022-02-24,12.33098,12.33098,11.5445892,11.7772492,1381903,35384988.23,4.144900
2022-02-25,11.8796196,12.0797072,11.7772492,11.8935792,729800,18765400.0,2.189000
2022-02-28,12.0006028,12.005256,11.6423064,11.7632896,601062,15171973.0,1.802800
2022-03-01,11.7772492,11.9959496,11.7772492,11.888926,453263,11589560.0,1.359500
2022-03-02,11.7586364,11.9912964,11.7586364,11.9494176,504853,12937015.0,1.514300
2022-03-03,11.9959496,12.2193032,11.9261516,12.051788,1076853,27936013.0,3.229900
2022-03-04,11.9633772,12.1355456,11.842394,11.842394,694353,17875856.0,2.082600
2022-03-07,11.8377408,11.8377408,11.633,11.656266,564953,14200554.0,1.694500
2022-03-08,11.6423064,11.726064,11.1630268,11.260744,744700,18193631.0,2.233700
2022-03-09,11.2421312,11.51667,10.6046428,10.958286,896300,21285785.0,2.688400
2022-03-10,11.1071884,11.307276,11.004818,11.0466968,651800,15646095.0,1.955000
2022-03-11,10.9675924,11.0699628,10.6604812,11.0466968,645100,15032836.0,1.934900
2022-03-14,10.981552,11.028084,10.655828,10.6837472,615773,14274436.0,1.846900
2022-03-15,10.632562,10.6465216,9.9904204,10.00438,970353,21447943.0,2.910500
2022-03-16,10.0555652,10.2044676,9.6460836,10.1858548,1089833,23334858.0,3.268800
2022-03-17,10.23704,10.6046428,10.23704,10.423168,1139714,25611709.0,3.418500
2022-03-18,10.4092084,10.539498,10.330104,10.4976192,620461,13940012.4,1.861000
2022-03-21,10.5255384,11.5492424,10.5255384,11.5492424,1665306,40378892.92,4.994900
2022-03-22,11.633,12.703236,11.539936,12.703236,5418149,143012617.79,16.251200
2022-03-23,13.02896,13.9735596,12.6241316,12.7078892,12368462,356014799.28,37.098000
2022-03-24,11.8144748,13.447748,11.656266,12.7916468,8523281,229552290.46,25.564700
2022-03-25,12.4798824,12.56364,11.935458,11.935458,5773415,151567013.41,17.316800
2022-03-28,11.9912964,12.4054312,11.6748788,11.7912088,4223842,108748220.66,12.669000
2022-03-29,11.6050808,11.9401112,11.1862928,11.260744,3722526,92336825.08,11.165300
2022-03-30,11.4049932,11.6748788,11.0466968,11.633,3184200,78313623.0,9.550700
2022-03-31,11.5771616,11.6376532,11.353808,11.3956868,2218953,54608881.91,6.655500
2022-04-01,11.4422188,11.4422188,10.8838348,10.9024476,2678115,63773087.91,8.032700
2022-04-06,10.8745284,11.1164948,10.865222,11.0466968,1403600,33200846.0,4.210000
2022-04-07,11.0187776,11.097882,10.6604812,10.6977068,1535960,35649698.39,4.607000
2022-04-08,10.7163196,10.8279964,10.3812892,10.562764,1409100,31973536.0,4.226500
2022-04-11,10.5953364,10.6697876,10.0602184,10.190508,1512500,33343437.0,4.536600
2022-04-12,10.2184272,10.2509996,9.794986,10.2463464,1396700,30286438.0,4.189300
2022-04-13,10.2463464,10.283572,9.911316,10.1951612,1064100,23135360.0,3.191700
2022-04-14,10.2416932,10.5022724,10.1579356,10.2184272,1566600,34565216.0,4.698900
2022-04-15,10.1346696,10.1346696,9.818252,9.9950736,1124406,24113376.24,3.372500
2022-04-18,9.9950736,10.167242,9.8042924,10.167242,859200,18550773.0,2.577100
2022-04-19,10.167242,10.3114912,10.097444,10.2230804,1107119,24305688.45,3.320700
2022-04-20,10.190508,10.4836596,10.0462588,10.1579356,1350700,29862008.0,4.051300
2022-04-21,10.074178,10.2184272,9.5483664,9.5669792,1590400,33613993.0,4.770200
2022-04-22,9.42273,9.7624136,9.2645212,9.6181644,1250973,25659259.93,3.752200
2022-04-25,9.5251004,9.5251004,8.7852416,8.8085076,1458060,28340478.0,4.373300
2022-04-26,8.748016,9.0132484,8.1756724,8.1989384,1448600,26676733.0,4.344900
2022-04-27,8.003504,8.6130732,7.9476656,8.5665412,1461300,26186256.0,4.383000
2022-04-28,8.468824,8.5339688,8.1244872,8.282696,1309646,23381936.13,3.928200
2022-04-29,8.3711068,8.5898072,8.305962,8.5525816,1020400,18609497.0,3.060600
2022-05-05,8.5525816,8.748016,8.515356,8.5898072,921300,17145193.0,2.763300
2022-05-06,8.4595176,8.5525816,8.329228,8.4967432,663260,12069268.8,1.989400
2022-05-09,8.399026,8.6968308,8.399026,8.6502988,693273,12827583.5,2.079400
2022-05-10,8.6921776,8.8085076,8.515356,8.7805884,980261,18357538.19,2.940200
2022-05-11,8.748016,9.236602,8.7340564,8.9434504,1845373,35774235.46,5.535000
2022-05-12,8.9294908,9.0458208,8.8038544,8.9760228,1369800,26307959.0,4.108600
2022-05-13,8.980676,9.1063124,8.8317736,8.9713696,862659,16549016.42,2.587500
2022-05-16,9.0783932,9.2179892,8.8783056,9.027208,1219100,23635369.17,3.656600
2022-05-17,9.027208,9.120272,8.8503864,9.050474,1037405,20011074.68,3.111600
2022-05-18,9.050474,9.283134,8.9713696,9.2040296,1514561,29824693.63,4.542800
2022-05-19,9.1388848,9.3808512,9.027208,9.2970936,1341106,26595005.48,4.022500
2022-05-20,9.352932,9.445996,9.259868,9.4087704,1306785,26309388.75,3.919600
2022-05-23,9.4087704,9.53906,9.3343192,9.5064876,1069200,21681874.0,3.207000
2022-05-24,9.5111408,9.6135112,8.9294908,9.0923528,1341500,26834129.0,4.023700
2022-05-25,9.0923528,9.2691744,9.0923528,9.2505616,683100,13490744.0,2.048900
2022-05-26,9.2412552,9.9020096,9.0225548,9.2040296,3463861,69362324.01,10.389500
2022-05-27,9.0690868,9.4087704,8.864346,9.236602,2103446,41942999.76,6.309100
2022-05-30,9.3064,9.492528,9.1295784,9.4041172,1528046,30691635.6,4.583200
2022-05-31,9.492528,9.492528,9.19007,9.3948108,1335300,26773177.0,4.005100
2022-06-01,9.3436256,9.5995516,9.3436256,9.5483664,1814800,37061006.0,5.443300
2022-06-02,9.52468728,9.7519164,9.45367818,9.71404488,1849973,37627384.9,5.548800
2022-06-06,9.68564124,10.03121886,9.55309092,10.02175098,2005981,42051297.33,6.016700
2022-06-07,9.99808128,10.0359528,9.6572376,9.73298064,1585900,32810551.0,4.756700
2022-06-08,9.72351276,9.78978792,9.36373332,9.5625588,1694300,34193002.0,5.081900
2022-06-09,9.55782486,9.55782486,9.10336662,9.1365042,1535400,30037864.72,4.605300
2022-06-10,9.0418254,9.38740302,9.0418254,9.36373332,1063645,20817816.69,3.190300
2022-06-13,9.3495315,9.77085216,9.22644906,9.6809073,1790145,36225508.69,5.369400
2022-06-14,9.5625588,9.65250366,9.33059574,9.56729274,1195564,23930982.32,3.586000
2022-06-15,9.5625588,9.71877882,9.46788,9.47734788,1251400,25294453.0,3.753400
2022-06-16,9.48208182,9.704577,9.41580666,9.63830184,1125622,22861705.02,3.376200
2022-06-17,9.57202668,10.6040256,9.5388891,10.6040256,3043800,66031065.0,9.129600
2022-06-20,10.99220868,11.44666692,10.67976864,10.69397046,7914233,183989267.28,23.738000
2022-06-21,10.88332806,10.97327292,10.3436589,10.57562196,4150443,92452150.05,12.448800
2022-06-22,10.4620074,11.598153,10.42413588,11.1484287,6393882,149368229.25,19.177800
2022-06-23,10.9354014,11.1010893,10.5566862,11.02534626,4476074,102501515.62,13.425500
2022-06-24,11.124759,11.2667772,10.73657592,10.99220868,4082363,94583316.83,12.244600
2022-06-27,11.08215354,11.1484287,10.68923652,10.888062,3448300,79145866.86,10.342800
2022-06-28,10.888062,10.94013534,10.6987044,10.888062,2663127,60801200.3,7.987800
2022-06-29,10.87859412,10.87859412,10.30105344,10.30105344,2719719,60521386.42,8.157500
2022-06-30,10.2963195,10.49987892,10.29158556,10.3199892,1453641,31898321.62,4.360100
2022-07-01,10.31525526,10.3909983,10.2016407,10.26791586,1252213,27239338.32,3.755900
2022-07-04,10.25844798,10.888062,10.0359528,10.68450258,2908982,64658456.6,8.725200
2022-07-05,10.651365,10.68450258,10.30578738,10.3673286,1686227,37243217.26,5.057700
2022-07-06,10.37206254,10.5093468,10.2253104,10.2726498,916354,20005403.79,2.748500
2022-07-07,10.25844798,10.85019048,10.12589766,10.66556682,2785676,62423774.2,8.355400
2022-07-08,10.651365,10.6987044,10.46674134,10.49041104,1614500,36051513.0,4.842500
2022-07-11,10.41940194,10.651365,10.23004434,10.5093468,1276154,28132691.48,3.827700
2022-07-12,10.41940194,10.5093468,10.05488856,10.05488856,1375100,29735552.73,4.124500
2022-07-13,10.0359528,10.25371404,9.9886134,10.1069619,835953,17881254.37,2.507400
2022-07-14,10.19690676,11.12002506,10.1069619,11.12002506,3605145,82484670.13,10.813300
2022-07-15,11.48927238,12.23250096,11.34252024,11.65022634,10982303,274546860.73,32.940300
2022-07-18,11.41826328,11.83011606,11.19103416,11.7638409,7136292,173885941.56,21.404600
2022-07-19,11.361456,11.96740032,11.361456,11.68336392,5023454,123795619.3,15.067300
2022-07-20,11.598153,11.75437302,11.42299722,11.4798045,3662530,89122415.0,10.985400
2022-07-21,11.49400632,12.25143672,11.28571296,11.9531985,7171690,177473460.19,21.510800
2022-07-22,11.77804272,11.83011606,11.39459358,11.65496028,4073374,99920514.44,12.217700
2022-07-25,11.5508136,11.7401712,11.3141166,11.57921724,2435360,59392029.21,7.304600
2022-07-26,11.68336392,12.15675792,11.18156628,11.99580396,5273020,130440763.21,15.815900
2022-07-27,11.7401712,12.54020706,11.7401712,12.46446402,6716569,174579287.35,20.145700
2022-07-28,12.308244,12.36031734,12.05261124,12.08101488,4060018,104617804.36,12.177600
2022-07-29,12.08101488,12.54020706,12.0005379,12.0005379,4380656,113897552.07,13.139300
2022-08-01,12.0005379,12.29404218,11.53187784,12.18516156,2910600,73728581.0,8.730100
2022-08-02,11.83958394,11.97213426,11.23363962,11.3141166,3529782,85970648.0,10.587200
2022-08-03,11.3141166,12.44552826,11.3141166,11.94373062,8762963,226355059.41,26.283600
2022-08-04,11.6691621,12.1662258,11.53661178,11.75910696,5770926,144194119.0,17.309300
2022-08-05,11.6928318,12.61121616,11.6928318,12.2609046,5284887,135610542.0,15.851500
2022-08-08,12.1898955,12.36031734,11.9058591,12.2372349,3706347,95268729.0,11.116800
2022-08-09,12.24196884,13.09407804,12.15675792,12.7106289,8173343,219695569.0,24.515100
2022-08-10,12.45973008,13.90831572,12.37451916,13.03253682,7419495,201880351.0,22.254000
2022-08-11,12.96152772,13.05147258,12.65855556,13.0420047,4427900,120247360.0,13.281000
2022-08-12,12.95205984,13.19822472,12.77690406,13.1366835,4688198,128729463.0,14.061800
2022-08-15,13.1366835,13.6100775,12.69169314,12.7579683,5440326,150048107.34,16.317700
2022-08-16,12.75323436,12.8999865,12.55914282,12.8289774,3174100,85214082.0,9.520400
2022-08-17,12.781638,13.018335,12.48813372,12.73903254,3281700,88012680.0,9.843100
2022-08-18,12.62068404,12.98993136,12.4502622,12.69169314,2845400,76763738.0,8.534500
2022-08-19,12.66802344,12.76270224,12.4502622,12.45499614,1907300,50550088.0,5.720800
2022-08-22,12.34138158,12.57807858,12.23250096,12.34611552,1560300,40927762.0,4.680000
2022-08-23,12.20409732,12.7579683,12.19462944,12.62541798,2613473,69453920.07,7.838900
2022-08-24,12.781638,12.8053077,11.82538212,11.83485,2863346,73688129.6,8.588300
2022-08-25,11.80644636,12.14729004,11.35198812,11.60762088,1937108,47621066.07,5.810200
2022-08-26,11.94846456,12.65855556,11.9058591,12.08574882,3984573,103720653.62,11.951300
2022-08-29,11.89639122,12.55914282,11.598153,12.0478773,2482100,63699876.0,7.444800
2022-08-30,12.0242076,12.071547,11.60762088,11.62655664,1862973,46343576.6,5.587800
2022-08-31,11.62655664,11.65496028,10.89752988,11.0537499,2327700,54797417.0,6.981700
2022-09-01,11.06795172,11.39459358,10.95433716,11.1010893,1164900,27373174.0,3.494000
2022-09-02,11.14369476,11.30938266,11.0300802,11.22890568,980600,23158365.0,2.941200
2022-09-05,11.2667772,11.3141166,11.03481414,11.0774196,1012573,23858994.02,3.037100
2022-09-06,11.07268566,11.42299722,10.90226382,11.41352934,1804004,42783542.49,5.410900
2022-09-07,11.34252024,11.58868512,11.28571296,11.5271439,1177599,28574541.86,3.532100
2022-09-08,11.5034742,11.7165015,11.2904469,11.30938266,1051700,25468293.0,3.154500
2022-09-09,11.27151114,11.37565782,11.03954808,11.0774196,975200,22915249.0,2.925000
2022-09-13,11.08215354,11.27624508,11.04901596,11.18630022,784300,18477141.0,2.352400
2022-09-14,11.08215354,11.11055718,10.90699776,11.06321778,708600,16449500.27,2.125400
2022-09-15,11.07268566,11.20523598,10.28685162,10.4856771,1520900,34104232.92,4.561800
2022-09-16,10.4856771,10.57562196,10.177971,10.18270494,1057500,23175188.0,3.171900
2022-09-19,10.17323706,10.24424616,9.8939346,10.02648492,1030100,21852443.0,3.089700
2022-09-20,10.07382432,10.49987892,10.07382432,10.44780558,1252553,27458814.53,3.756900
2022-09-21,10.3199892,10.5803559,10.28211768,10.48094316,816919,18087493.47,2.450300
2022-09-22,10.35786072,10.6750347,10.33892496,10.42413588,707734,15729610.76,2.122800
2022-09-23,10.5093468,10.57088802,10.12116372,10.2253104,949869,20632513.7,2.849000
2022-09-26,9.95547582,10.33892496,9.94600794,10.0359528,707400,15075922.0,2.121800
2022-09-27,10.0359528,10.4620074,10.0359528,10.33892496,994824,21572527.56,2.983900
2022-09-28,10.3673286,10.3673286,10.00281522,10.00281522,977672,20928374.88,2.932400
2022-09-29,10.04068674,10.2253104,9.87499884,9.87499884,671300,14224557.0,2.013500
2022-09-30,9.85132914,9.93654006,9.6098982,9.67143942,678600,13937176.0,2.035400
2022-10-10,9.67143942,9.81819156,9.2785224,9.35426544,817100,16332693.0,2.450800
2022-10-11,9.41580666,9.6335679,9.34006362,9.5388891,971012,19529369.84,2.912500
2022-10-12,9.6335679,9.88446672,9.3495315,9.86553096,1025673,20871169.45,3.076400
2022-10-13,9.7992558,10.0832922,9.7755861,9.93180612,838500,17660919.0,2.515000
2022-10-14,9.92707218,10.2253104,9.92707218,10.17323706,803100,17226527.0,2.408800
2022-10-17,10.55195226,10.7933832,10.414668,10.72710804,1871791,41910413.96,5.614300
2022-10-18,10.77918138,10.8643923,10.56142014,10.7460438,1803112,40796890.67,5.408300
2022-10-19,10.81231896,11.6454924,10.7697135,10.97800686,3461912,81659878.95,10.383700
2022-10-20,10.68923652,10.85965836,10.49987892,10.5566862,2163185,48524668.43,6.488300
2022-10-21,10.63242924,10.78391532,10.52828256,10.6276953,1011473,22733946.93,3.033800
2022-10-24,10.59929166,10.7933832,10.42886982,10.49514498,1116000,24954376.0,3.347300
2022-10-25,10.44307164,10.63716318,10.21110858,10.49514498,965479,21222773.61,2.895900
2022-10-26,10.45253952,10.73657592,10.45253952,10.73657592,1214819,27279655.16,3.643700
2022-10-27,10.74130986,10.87386018,10.5566862,10.5566862,968535,21842222.5,2.905000
2022-10-28,10.5566862,10.60875954,9.99808128,10.06909038,869712,18863696.8,2.608600
2022-10-31,10.01701704,10.57088802,10.01701704,10.47620922,1286800,28290799.0,3.859600
2022-11-01,10.54721832,10.89752988,10.54248438,10.88332806,1565873,35629543.04,4.696700
2022-11-02,10.88332806,10.9354014,10.7460438,10.8407226,1217500,27934156.0,3.651800
2022-11-03,10.77918138,11.03481414,10.651365,10.86912624,1079162,24758726.8,3.236800
2022-11-04,10.81231896,11.16263052,10.81231896,11.0774196,1551112,36150821.06,4.652400
2022-11-07,11.0774196,11.38985964,11.03954808,11.14369476,1528631,36094767.13,4.585000
2022-11-08,11.12949294,11.16263052,10.9117317,11.00167656,900161,20929150.66,2.699900
2022-11-09,11.11529112,11.11529112,10.84545654,10.8643923,910700,21003902.0,2.731600
2022-11-10,10.8407226,10.9827408,10.7223741,10.73657592,816300,18610797.0,2.448400
2022-11-11,10.97327292,11.02061232,10.65609894,10.68923652,1119100,25554692.0,3.356600
2022-11-14,10.7697135,10.85019048,10.51881468,10.83125472,1215700,27634862.0,3.646400
2022-11-15,10.83598866,11.0064105,10.78391532,11.0064105,1293653,29896897.95,3.880200
2022-11-16,11.0064105,11.03954808,10.7933832,10.81231896,863695,19886159.91,2.590600
2022-11-17,10.80758502,10.87386018,10.6750347,10.87386018,762193,17318688.4,2.286100
2022-11-18,10.888062,11.0300802,10.82652078,10.85492442,1155603,26722097.82,3.466100
2022-11-21,10.85492442,10.9827408,10.61349348,10.9827408,1179991,26961397.52,3.539300
2022-11-22,10.99220868,11.16263052,10.6987044,10.82178684,1763679,40714333.06,5.290000
2022-11-23,10.82178684,10.8407226,10.3673286,10.71290622,1450061,32377171.79,4.349300
2022-11-24,10.78391532,11.78277666,10.73657592,11.78277666,4771004,116426108.52,14.310100
2022-11-25,12.03367548,12.308244,11.33305236,11.53187784,8372231,205763519.16,25.111700
2022-11-28,11.46560268,11.53187784,11.1720984,11.53187784,3548026,85498719.47,10.641900
2022-11-29,11.47033662,11.58868512,11.361456,11.50820814,3493952,84469942.74,10.479800
2022-11-30,11.48453844,12.63488586,11.23363962,11.97213426,6792931,169407083.29,20.374700
2022-12-01,11.7875106,11.92479486,11.60288694,11.65496028,4086290,101358008.7,12.256400
2022-12-02,11.7165015,11.80171242,11.51767602,11.6218227,2451600,60374225.0,7.353300
2022-12-05,11.65969422,11.80171242,11.44666692,11.7875106,2563700,62841447.0,7.689600
2022-12-06,11.7401712,11.90112516,11.6928318,11.87272152,2585274,64496133.12,7.754300
2022-12-07,11.87272152,12.01473972,11.60288694,11.61235482,2456003,61193395.67,7.366500
2022-12-08,11.4561348,11.60762088,11.36618994,11.5508136,1663573,40337756.44,4.989700
2022-12-09,11.37092388,11.57921724,11.37092388,11.56028148,1298473,31476147.13,3.894600
2022-12-12,11.5508136,11.5508136,11.37565782,11.42773116,882173,21299460.49,2.646000
2022-12-13,11.41826328,11.5744833,11.37565782,11.47033662,1012200,24503869.0,3.036000
2022-12-14,11.4324651,11.4561348,10.94486928,10.99220868,1942673,45817011.21,5.826900
2022-12-15,11.06321778,11.16736446,10.97327292,11.13422688,918947,21506170.58,2.756300
2022-12-16,11.0300802,11.06795172,10.73657592,10.8407226,1373073,31455243.0,4.118400
2022-12-19,10.8407226,10.91646564,10.46674134,10.52828256,1219700,27512324.0,3.658400
2022-12-20,10.52828256,10.52828256,10.2963195,10.32945708,1109046,24337280.56,3.326500
2022-12-21,10.3199892,10.3909983,10.06909038,10.1543013,1182000,25424944.0,3.545300
2022-12-22,10.25844798,10.3673286,9.8939346,9.941274,918273,19514742.82,2.754300
2022-12-23,9.80872368,10.0122831,9.80872368,9.8465952,655643,13683649.0,1.966500
2022-12-26,9.8465952,10.21584252,9.8465952,10.19690676,890843,19015938.76,2.672000
2022-12-27,10.23004434,10.38153042,10.06909038,10.22057646,723800,15556955.0,2.171000
2022-12-28,10.14009948,10.14009948,9.93654006,10.01701704,633400,13426082.0,1.899800
2022-12-29,10.06435644,10.1543013,9.9176043,9.92233824,559700,11839235.0,1.678800
2022-12-30,10.00281522,10.07382432,9.94600794,10.07382432,445600,9423320.0,1.336500
2023-01-03,10.12116372,10.30578738,9.9886134,10.28685162,841400,18136134.0,2.523700
2023-01-04,10.31052132,10.3436589,10.14483342,10.27738374,751700,16294569.0,2.254600
2023-01-05,10.28685162,10.52354862,10.20637464,10.40046618,936726,20592298.22,2.809600
2023-01-06,10.3673286,10.6040256,10.2963195,10.414668,1008700,22377169.0,3.025500
2023-01-09,10.5566862,10.63716318,10.414668,10.52354862,1031300,22958570.0,3.093300
2023-01-10,10.47620922,10.5566862,10.42886982,10.52828256,677700,15024696.0,2.032700
2023-01-11,10.49987892,10.6040256,10.38626436,10.414668,669500,14816947.0,2.008100
2023-01-12,10.4383377,10.5803559,10.414668,10.4383377,473400,10486026.0,1.419900
2023-01-13,10.44780558,10.52354862,10.23004434,10.33892496,757687,16597321.74,2.272600
2023-01-16,10.3436589,10.51408074,10.3199892,10.49041104,640100,14135098.0,1.919900
2023-01-17,10.6040256,10.61822742,10.38153042,10.5093468,509500,11289441.0,1.528200
2023-01-18,10.49514498,10.6276953,10.42413588,10.59929166,720161,16067970.18,2.160100
2023-01-19,10.46674134,10.6987044,10.46674134,10.6987044,502100,11291450.0,1.506000
2023-01-20,10.6987044,10.81231896,10.66556682,10.80285108,675761,15383430.92,2.026900
2023-01-30,10.89279594,11.1957681,10.89279594,11.01587838,1413800,33060580.0,4.240600
2023-01-31,10.9590711,11.04901596,10.89752988,11.04901596,668753,15500154.83,2.005900
2023-02-01,11.124759,11.124759,11.01114444,11.12002506,764100,17894671.0,2.291800
2023-02-02,11.11529112,11.25730932,11.01114444,11.06321778,1097453,25735823.5,3.291700
2023-02-03,11.06321778,11.13422688,10.90226382,11.09635536,882200,20528527.0,2.646100
2023-02-06,11.09635536,11.1720984,10.98747474,11.09162142,608300,14240420.0,1.824500
2023-02-07,11.07268566,11.24784144,11.0300802,11.18630022,768500,18121405.0,2.305000
2023-02-08,11.13896082,12.071547,11.12949294,11.56501542,4813702,118767167.32,14.438200
2023-02-09,11.5034742,11.5034742,11.2667772,11.5034742,2806973,67467761.51,8.419200
2023-02-10,11.42773116,11.4324651,11.31885054,11.38039176,1339400,32166863.0,4.017400
2023-02-13,11.38039176,11.44193298,11.28097902,11.41826328,1264000,30340604.0,3.791200
2023-02-14,11.4087954,11.4561348,11.33305236,11.44666692,911388,21930008.96,2.733600
2023-02-15,11.38039176,11.45140086,11.3141166,11.35672206,1011700,24280278.0,3.034500
2023-02-16,11.38985964,11.44666692,10.9590711,11.03481414,1593500,37856708.0,4.779500
2023-02-17,11.05848384,11.30464872,11.05848384,11.09635536,1172734,27700583.09,3.517500
2023-02-20,11.09635536,11.23363962,10.9354014,11.22890568,949700,22306522.0,2.848500
2023-02-21,11.2667772,11.43719904,11.16263052,11.24784144,1022700,24434606.0,3.067500
2023-02-22,11.24784144,11.598153,11.15316264,11.37565782,1756385,42405189.81,5.268100
2023-02-23,11.38985964,11.49400632,11.27151114,11.4324651,1227512,29552546.96,3.681800
2023-02-24,11.4324651,11.4324651,11.2194378,11.29991478,697113,16672735.05,2.090900
2023-02-27,11.33305236,11.39459358,11.20523598,11.21470386,735200,17535912.0,2.205200
2023-02-28,11.20996992,11.32358448,11.13422688,11.2667772,601148,14274735.24,1.803100
2023-03-01,11.32358448,11.44193298,11.25257538,11.43719904,980373,23523272.38,2.940500
2023-03-02,11.44193298,11.47507056,11.2667772,11.27151114,871900,20918357.0,2.615200
2023-03-03,11.2667772,11.49400632,11.2667772,11.35198812,810500,19459998.95,2.431000
2023-03-06,11.2904469,11.43719904,11.27151114,11.43719904,799400,19236987.0,2.397700
2023-03-07,11.47507056,11.47507056,11.0300802,11.0300802,1228876,29082320.03,3.685900
2023-03-08,11.02061232,11.2194378,10.98747474,11.2194378,557073,13100146.77,1.670900
2023-03-09,11.21470386,11.3851257,11.16263052,11.34252024,905700,21605274.0,2.716600
2023-03-10,11.28097902,11.53661178,11.124759,11.124759,857776,20432821.4,2.572800
2023-03-13,11.08688748,11.23363962,10.888062,11.09635536,995100,23191999.0,2.984700
2023-03-14,11.07268566,11.1484287,10.6750347,10.76497956,759176,17426343.16,2.277100
2023-03-15,10.90226382,11.4561348,10.90226382,11.16263052,1576700,37324984.0,4.729200
2023-03-16,11.1010893,11.21470386,10.80285108,10.80285108,1032401,23892624.13,3.096600
2023-03-17,11.02061232,11.0300802,10.79811714,10.79811714,648700,14904067.0,1.945700
2023-03-20,10.84545654,11.01114444,10.59929166,10.80758502,784200,17824814.0,2.352100
2023-03-21,10.888062,11.598153,10.66556682,11.41352934,2597503,61864911.94,7.791000
2023-03-22,11.3377863,11.4087954,11.20523598,11.33305236,1627873,38868002.05,4.882600
2023-03-23,11.34252024,11.34252024,11.18156628,11.28571296,967200,23018558.0,2.901000
2023-03-24,11.34252024,11.39932752,11.18630022,11.32831842,1103400,26335551.0,3.309500
2023-03-27,11.33305236,11.4798045,11.23837356,11.3851257,1320700,31678841.0,3.961300
2023-03-28,11.35198812,11.38985964,11.124759,11.19103416,813800,19345340.0,2.440900
2023-03-29,11.1720984,11.5271439,11.124759,11.48927238,2475102,59823449.18,7.423800
2023-03-30,11.5271439,11.5271439,11.03481414,11.20996992,1790153,42440087.91,5.369400
2023-03-31,11.06321778,11.34252024,11.06321778,11.1484287,848700,20038136.94,2.545600
2023-04-03,11.124759,11.18156628,10.98747474,11.13422688,1096800,25658200.99,3.289700
2023-04-04,11.20523598,11.21470386,10.80285108,10.8643923,1143800,26392143.0,3.430700
2023-04-06,10.86912624,10.92593352,10.7460438,10.86912624,693400,15857714.0,2.079800
2023-04-07,10.87859412,10.9117317,10.75077774,10.79811714,702201,16038350.03,2.106200
2023-04-10,10.77918138,10.89279594,10.65609894,10.66556682,852201,19375247.94,2.556100
2023-04-11,10.651365,10.67030076,10.45727346,10.5330165,931200,20756358.0,2.793000
2023-04-12,10.52828256,10.67976864,10.49987892,10.6750347,562973,12596729.12,1.688600
2023-04-13,10.651365,10.651365,10.414668,10.45727346,945200,20886147.0,2.835000
2023-04-14,10.47147528,10.54248438,10.41940194,10.49987892,599400,13266443.0,1.797800
2023-04-17,10.44780558,10.55195226,10.3673286,10.50461286,473173,10468825.95,1.419200
2023-04-18,10.52828256,10.86912624,10.4383377,10.4856771,1465300,32853756.0,4.395000
2023-04-19,10.4856771,10.49041104,10.22057646,10.2253104,1104800,23974054.0,3.313700
2023-04-20,10.23477828,10.27738374,10.1306316,10.1306316,593459,12773667.4,1.780000
2023-04-21,10.13536554,10.25844798,9.87499884,9.87973278,878259,18539263.74,2.634300
2023-04-24,9.81345762,9.93180612,9.63830184,9.73771458,690500,14180353.0,2.071100
2023-04-25,9.73771458,9.88446672,9.3968709,9.73298064,761908,15466096.18,2.285300
2023-04-26,9.88920066,10.12116372,9.6098982,10.09749402,1283543,26876684.96,3.849900
2023-04-27,9.9176043,10.20637464,9.9176043,10.14483342,950147,20315057.81,2.849900
2023-04-28,10.14483342,10.25844798,10.10222796,10.23477828,583559,12562886.63,1.750300
2023-05-04,10.19217282,10.3673286,10.11169584,10.3436589,586963,12770637.63,1.760500
2023-05-05,10.3436589,10.3436589,10.15903524,10.27738374,539200,11670694.0,1.617300
2023-05-08,10.3199892,10.38153042,10.14483342,10.18743888,427700,9247080.0,1.282800
2023-05-09,10.18743888,10.18743888,9.9886134,10.01701704,521600,11097348.0,1.564500
2023-05-10,10.01701704,10.2016407,9.94600794,10.12589766,415000,8859183.0,1.244800
2023-05-11,10.177971,10.3199892,10.0832922,10.31052132,490500,10603861.0,1.471200
2023-05-12,10.31525526,10.41940194,10.18270494,10.22057646,308000,6672492.0,0.923800
2023-05-15,10.177971,10.3909983,10.177971,10.35786072,565800,12342801.0,1.697100
2023-05-16,10.35786072,10.48094316,10.28685162,10.43360376,855374,18833639.96,2.565600
2023-05-17,10.4620074,10.4856771,10.3673286,10.44780558,588100,12946215.0,1.763900
2023-05-18,10.4856771,10.5566862,10.37206254,10.52828256,634500,14087324.0,1.903100
2023-05-19,10.54248438,10.6987044,10.46674134,10.68923652,685188,15382384.84,2.055200
2023-05-22,10.71290622,10.88332806,10.64189712,10.76024562,854800,19486070.0,2.563900
2023-05-23,10.8407226,10.8407226,10.66083288,10.70343834,569573,12933209.37,1.708400
2023-05-24,10.6987044,10.8643923,10.63242924,10.76024562,720773,16424941.29,2.161900
2023-05-25,10.7697135,10.85965836,10.70817228,10.83598866,644400,14696187.0,1.932800
2023-05-26,10.83598866,10.96853898,10.71764016,10.94486928,858800,19764288.0,2.575900
2023-05-29,10.89279594,11.22417174,10.89279594,11.09162142,1021873,23872262.87,3.065000
2023-05-30,11.02061232,11.17683234,10.93066746,11.09162142,941000,21940773.12,2.822400
2023-05-31,11.16736446,11.1720984,10.95433716,11.12002506,712800,16670649.0,2.138000
2023-06-01,11.12002506,11.1484287,10.98747474,11.0064105,791885,18496257.95,2.375200
2023-06-02,11.0547843,11.10800208,10.93867278,11.01608046,782885,17850276.45,2.348200
2023-06-05,11.02091844,11.1031641,10.89996894,10.9580247,574285,13035574.05,1.722500
2023-06-06,11.02091844,11.02091844,10.74515358,10.79837136,630800,14164986.0,1.892000
2023-06-07,10.80320934,11.0305944,10.75482954,10.91448288,527900,11899982.0,1.583400
2023-06-08,10.98705258,11.03543238,10.74999156,10.74999156,443900,9962872.0,1.331400
2023-06-09,10.74999156,10.84675116,10.643556,10.75482954,371200,8262907.0,1.113400
2023-06-12,10.75482954,11.01124248,10.6193661,10.98705258,601800,13521732.0,1.805000
2023-06-13,10.97253864,11.15638188,10.92899682,11.0789742,601800,13771226.0,1.805000
2023-06-14,11.06446026,11.127354,10.94834874,11.08865016,615900,14055262.0,1.847300
2023-06-15,11.09348814,11.20476168,11.00156652,11.20476168,754800,17396420.0,2.263900
2023-06-16,11.2241136,11.22895158,11.04994632,11.11284006,654200,15034509.0,1.962200
2023-06-19,11.1031641,11.13702996,11.02575642,11.06446026,484500,11089495.0,1.453200
2023-06-20,11.19508572,11.19508572,10.9822146,11.08381218,582700,13358495.59,1.747800
2023-06-21,11.09348814,11.2241136,11.01608046,11.127354,822047,18940032.65,2.465600
2023-06-26,11.01124248,11.127354,10.7403156,10.87577904,705553,15881838.68,2.116200
2023-06-27,10.87577904,11.31119724,10.80320934,11.21443764,1041600,24060687.0,3.124200
2023-06-28,11.2241136,11.2483035,10.93867278,11.2241136,762900,17522956.0,2.288200
2023-06-29,11.2241136,11.36441502,11.15638188,11.27733138,948800,22159700.0,2.845800
2023-06-30,11.3450631,11.36441502,11.1757338,11.27733138,819300,19138405.0,2.457400
2023-07-03,11.25314148,11.4176328,11.25314148,11.2724934,821600,19223527.0,2.464300
2023-07-04,11.37892896,11.37892896,11.18057178,11.33054916,891500,20836115.0,2.674000
2023-07-05,11.35473906,11.35473906,11.16121986,11.21927562,637300,14819795.0,1.911500
2023-07-06,11.2966833,11.2966833,11.16605784,11.20959966,397206,9211325.02,1.191400
2023-07-07,11.2241136,11.24346552,11.1031641,11.16605784,529900,12237970.0,1.589400
2023-07-10,11.28216936,11.40795684,11.16605784,11.31603522,760400,17766355.0,2.280700
2023-07-11,11.31603522,11.59180008,11.23378956,11.57244816,1452213,34480280.58,4.355800
2023-07-12,11.52406836,11.63050392,11.38860492,11.41279482,1168688,27771956.0,3.505400
2023-07-13,11.3934429,11.72242554,11.3934429,11.6595318,1609800,38708452.0,4.828400
2023-07-14,11.7079116,11.71758756,11.52890634,11.60631402,1035073,24780569.7,3.104600
2023-07-17,11.63050392,11.78531928,11.5143924,11.57244816,1026052,24638746.92,3.077500
2023-07-18,11.61598998,11.7562914,11.57244816,11.65469382,851773,20533706.11,2.554800
2023-07-19,11.66436978,11.7562914,11.611152,11.7079116,759119,18363925.23,2.276900
2023-07-20,11.71758756,11.7321015,11.47568856,11.47568856,1114073,26643168.56,3.341600
2023-07-21,11.49987846,11.52406836,11.28216936,11.31603522,722173,17004407.39,2.166100
2023-07-24,11.33054916,11.44666068,11.23378956,11.4418227,507845,11957380.1,1.523200
2023-07-25,11.49504048,11.58212412,11.3208732,11.5627722,858400,20351466.0,2.574700
2023-07-26,11.5627722,11.66436978,11.45149866,11.57728614,513200,12260494.0,1.539300
2023-07-27,11.65469382,11.6837217,11.29184532,11.38376694,771401,18244058.66,2.313700
2023-07-28,11.39828088,11.40311886,11.13219198,11.27733138,598700,13962239.0,1.795700
2023-07-31,11.30635926,11.33054916,11.16121986,11.1999237,696000,16144892.0,2.087600
2023-08-01,11.16121986,11.21927562,10.99672854,11.04510834,736300,16842850.0,2.208500
2023-08-02,11.04510834,11.18540976,10.9338348,11.18540976,545500,12551835.0,1.636200
2023-08-03,11.14186794,11.1515439,10.9822146,11.00156652,579900,13236692.0,1.739400
2023-08-04,11.02575642,11.127354,10.7886954,10.84191318,663100,14943565.0,1.988900
2023-08-07,10.85158914,10.9096449,10.7161257,10.83223722,590900,13196641.0,1.772300
2023-08-08,10.7886954,10.92899682,10.67742186,10.7403156,506500,11252435.0,1.519200
2023-08-09,10.74999156,10.83223722,10.68225984,10.6919358,502100,11145564.0,1.506000
2023-08-10,10.6919358,10.9096449,10.68709782,10.82739924,603100,13485254.0,1.808900
2023-08-11,10.8612651,11.14670592,10.75482954,10.7645055,1420700,32213483.0,4.261200
2023-08-14,10.67742186,10.87577904,10.51293054,10.7161257,891927,19585566.15,2.675200
2023-08-15,10.64839398,10.78385742,10.4984166,10.56131034,390600,8552959.0,1.171600
2023-08-16,10.4984166,10.643556,10.401657,10.42100892,472500,10250520.0,1.417200
2023-08-17,10.4500368,10.62904206,10.29522144,10.57582428,789112,17073100.08,2.366900
2023-08-18,10.5709863,10.7886954,10.52744448,10.60969014,720212,15884082.08,2.160200
2023-08-21,10.58550024,10.77418146,10.51293054,10.54195842,614065,13484401.87,1.841800
2023-08-22,10.54195842,10.75482954,10.2081378,10.46455074,736500,15823823.0,2.209100
2023-08-23,10.46455074,10.46455074,10.22265174,10.27586952,436700,9311437.0,1.309800
2023-08-24,10.3290873,10.41617094,10.10170224,10.19846184,574300,12136972.0,1.722600
2023-08-25,10.15008204,10.29522144,9.917859,9.9662388,559300,11659330.0,1.677600
2023-08-28,10.643556,10.643556,9.97107678,10.0629984,808300,17012939.0,2.424400
2023-08-29,9.93237294,10.643556,9.93237294,10.62420408,1273500,27524803.0,3.819700
2023-08-30,10.63388004,11.04510834,10.62420408,10.9822146,1529526,34564048.69,4.587700
2023-08-31,11.03543238,11.14670592,10.89513096,11.06929824,1273300,29099004.88,3.819100
2023-09-01,11.13219198,11.13219198,10.94834874,11.00156652,881000,20065386.0,2.642500
2023-09-04,10.90480692,11.10800208,10.87094106,10.96770066,964800,21812600.0,2.893800
2023-09-05,10.99189056,11.1515439,10.92415884,11.04027036,646900,14781894.0,1.940300
2023-09-06,10.885455,11.19024774,10.885455,11.18540976,1023800,23569858.0,3.070800
2023-09-07,11.20959966,11.24346552,11.01608046,11.0305944,579500,13287579.0,1.738200
2023-09-08,11.02091844,11.11767804,10.94834874,11.08865016,501100,11455063.0,1.503000
2023-09-11,11.07413622,11.31603522,11.0547843,11.26765542,991900,22996854.0,2.975100
2023-09-12,11.2483035,11.2966833,11.127354,11.1757338,400800,9253542.0,1.202200
2023-09-13,11.1757338,11.18057178,10.98705258,11.11284006,492600,11290372.0,1.477500
2023-09-14,11.127354,11.17089582,10.95318672,11.05962228,549365,12515045.25,1.647800
2023-09-15,11.05962228,11.10800208,10.89996894,10.92415884,742657,16837561.49,2.227500
2023-09-18,10.92899682,11.2241136,10.85158914,11.13219198,666900,15319076.0,2.000300
2023-09-19,11.14670592,11.14670592,10.885455,11.01124248,780600,17692071.0,2.341300
2023-09-20,11.01124248,11.127354,10.86610308,11.01608046,973104,22239344.84,2.918700
2023-09-21,10.9580247,11.08865016,10.78385742,10.82739924,767700,17302634.0,2.302600
2023-09-22,10.97737662,11.06929824,10.79353338,11.0547843,812500,18430282.0,2.437000
2023-09-25,11.02091844,11.08865016,10.89996894,11.03543238,551400,12524703.0,1.653900
2023-09-26,11.11767804,11.11767804,10.91448288,10.95318672,378800,8597394.0,1.136200
2023-09-27,10.91932086,11.18540976,10.89996894,11.08381218,641300,14696045.0,1.923500
2023-09-28,11.08865016,11.15638188,11.02575642,11.13219198,435800,9998926.0,1.307100
2023-10-09,11.14670592,11.23378956,11.0789742,11.17089582,929500,21448529.95,2.787900
2023-10-10,11.05962228,11.17089582,10.73063964,10.77901944,1004145,22581574.6,3.011800
2023-10-11,10.8128853,11.06929824,10.67742186,10.94834874,1046504,23597065.8,3.138900
2023-10-12,10.80320934,11.1515439,10.80320934,11.14186794,934773,21403283.54,2.803800
2023-10-13,11.13219198,11.13219198,10.9096449,11.0547843,869700,19818987.0,2.608600
2023-10-16,11.04994632,11.08381218,10.7403156,10.80320934,687960,15431881.4,2.063500
2023-10-17,10.84675116,10.9096449,10.72580166,10.7645055,459052,10248140.08,1.376900
2023-10-18,10.72580166,10.80804732,10.6193661,10.64839398,534204,11820279.96,1.602300
2023-10-19,10.5951762,10.87094106,10.58066226,10.61452812,516911,11431894.41,1.550400
2023-10-20,10.5709863,10.7403156,10.4500368,10.48874064,679859,14828377.07,2.039200
2023-10-23,10.58066226,10.58550024,10.16459598,10.2323277,827000,17678378.0,2.480500
2023-10-24,10.19846184,10.5951762,10.15492002,10.55647236,885300,19137279.0,2.655400
2023-10-25,10.63871802,10.6919358,10.401657,10.49357862,653773,14202186.1,1.960900
2023-10-26,10.49357862,10.49357862,10.12589214,10.4258469,677250,14388699.0,2.031300
2023-10-27,10.31457336,10.63871802,10.2565176,10.60001418,885900,19165195.0,2.657200
2023-10-30,10.5467964,11.06446026,10.5467964,10.97737662,1708300,38410640.0,5.123900
2023-10-31,10.97737662,11.08381218,10.885455,10.9338348,1116612,25298143.24,3.349200
2023-11-01,10.91932086,11.1757338,10.885455,11.11767804,1125857,25811509.7,3.376900
2023-11-02,11.14670592,11.21927562,11.00156652,11.03543238,764063,17497063.05,2.291700
2023-11-03,11.04994632,11.2483035,11.00156652,11.19508572,1084350,25059661.98,3.252400
2023-11-06,11.23378956,11.33054916,11.20476168,11.2241136,796600,18529460.0,2.389300
2023-11-07,11.2966833,11.34022512,11.127354,11.28700734,769479,17952353.81,2.308000
2023-11-08,11.28216936,11.3934429,11.23862754,11.37892896,941606,22062348.29,2.824300
2023-11-09,11.26765542,11.37892896,11.17089582,11.25797946,642300,14956410.0,1.926500
2023-11-10,11.2483035,11.33538714,11.127354,11.2966833,618350,14414523.5,1.854700
2023-11-13,11.31119724,11.38860492,11.2241136,11.34990108,699700,16388492.0,2.098700
2023-11-14,11.42247078,11.43214674,11.2724934,11.31603522,578259,13537773.88,1.734400
2023-11-15,11.47568856,11.4902025,11.3208732,11.35957704,783100,18399411.0,2.348800
2023-11-16,11.33054916,11.5143924,11.2724934,11.28700734,859100,20210920.0,2.576800
2023-11-17,11.3450631,11.38376694,11.21443764,11.33538714,834673,19517146.12,2.503500
2023-11-20,11.43698472,11.4902025,11.33054916,11.47568856,746500,17623795.0,2.239100
2023-11-21,11.45633664,11.5143924,11.32571118,11.33538714,678860,16004712.8,2.036200
2023-11-22,11.34022512,11.46117462,11.23862754,11.26281744,559500,13085440.0,1.678200
2023-11-23,11.23378956,11.3450631,11.21443764,11.2966833,583400,13613851.0,1.749900
2023-11-24,11.25797946,11.33054916,11.14186794,11.1999237,600900,13911877.0,1.802300
2023-11-27,11.14186794,11.5143924,11.13219198,11.28700734,1227600,28732262.0,3.682100
2023-11-28,11.2483035,12.41425668,11.2241136,12.41425668,3405325,85457667.1,10.213900
2023-11-29,13.4495844,13.4495844,12.05624616,12.14816778,10661357,274837484.83,31.977700
2023-11-30,12.14816778,12.3852288,11.60147604,11.72242554,6622957,162393178.53,19.864900
2023-12-01,11.95948656,12.03689424,11.6353419,11.8288611,4885250,119812574.5,14.652800
2023-12-04,11.8288611,11.91110676,11.64985584,11.6595318,3491446,84501053.85,10.472200
2023-12-05,11.6595318,11.9498106,11.49504048,11.77564332,5110273,124299699.36,15.327800
2023-12-06,11.66436978,12.13365384,11.57244816,11.91594474,5645300,139323896.0,16.932500
2023-12-07,11.97883848,11.9981904,11.66920776,11.67888372,3286152,79862394.76,9.856500
2023-12-08,11.7079116,11.86756494,11.2241136,11.2241136,4044452,95776806.44,12.130900
2023-12-11,11.15638188,11.64501786,11.1515439,11.5627722,3143800,74549855.0,9.429500
2023-12-12,11.52406836,11.86272696,11.4660126,11.8046712,3161600,76434155.0,9.482900
2023-12-13,11.80950918,11.84821302,11.59180008,11.74661544,1999200,48463767.0,5.996400
2023-12-14,11.74177746,11.853051,11.6595318,11.67404574,1338758,32453637.35,4.015500
2023-12-15,11.6595318,12.23041344,11.6595318,11.88691686,3508800,86361573.0,10.524300
2023-12-18,11.98367646,12.02721828,11.55309624,11.60631402,2506894,60589254.66,7.519200
2023-12-19,11.60147604,11.853051,11.5143924,11.74661544,1705400,41337385.0,5.115200
2023-12-20,11.7079116,11.93045868,11.7079116,11.75145342,2046643,50073150.37,6.138700
2023-12-21,11.71274958,12.0223803,11.46117462,11.99335242,2974300,72367665.0,8.921100
2023-12-22,12.0465702,12.18203364,11.79499524,11.96916252,3142400,77629333.0,9.425300
2023-12-25,12.00786636,12.27879324,11.7079116,12.27395526,5148600,128566035.27,15.442700
2023-12-26,12.21106152,12.37555284,11.79983322,11.87240292,5435793,135904944.21,16.304100
2023-12-27,11.87240292,11.88207888,11.3934429,11.61598998,3483400,83466842.0,10.448100
2023-12-28,11.66436978,12.16268172,11.4176328,12.06592212,4395990,108456701.92,13.185300
2023-12-29,11.93045868,12.28363122,11.92078272,12.25460334,4687253,117894825.38,14.058900
2024-01-02,12.2400894,12.37071486,12.13365384,12.16268172,3623800,91506412.0,10.869200
2024-01-03,12.1917096,13.3770147,12.10462596,12.82548498,11706418,312259407.23,35.112200
2024-01-04,12.63196578,14.10754968,12.57391002,14.10754968,10942090,311675236.13,32.819700
2024-01-05,14.12206362,14.93000628,13.09157388,13.16414358,16475095,473818285.72,49.415400
2024-01-08,13.01900418,14.48007414,12.70453548,14.48007414,10510383,297938582.01,31.524800
2024-01-09,14.88646446,15.58797156,13.9333824,14.45588424,18680532,568872411.28,56.030400
2024-01-10,13.84146078,14.3204208,13.304445,14.18495736,12317427,352614977.95,36.944900
2024-01-11,13.6914834,14.1269016,13.35766278,13.95273432,9950995,283167419.77,29.847000
2024-01-12,13.6189137,15.34607256,13.5705339,14.16560544,14496364,436851751.75,43.480400
2024-01-15,13.4495844,13.9333824,13.01900418,13.27541712,10171826,282303332.94,30.509400
2024-01-16,13.07705994,13.15446762,12.4819884,12.63680376,8755287,229814765.6,26.260600
2024-01-17,12.55939608,12.63196578,11.78531928,11.79983322,6613300,164554226.0,19.835900
2024-01-18,11.6595318,11.88207888,11.06929824,11.4418227,6645100,156177321.0,19.931300
2024-01-19,11.4418227,11.60147604,11.30635926,11.43698472,4536500,107812064.0,13.606800
2024-01-22,11.31119724,11.31119724,10.30005942,10.4258469,5844400,130165181.0,17.529700
2024-01-23,10.2081378,10.51776852,10.0871883,10.29522144,3956100,84046389.0,11.865900
2024-01-24,10.31457336,10.5709863,10.0871883,10.44036084,4033929,86425927.07,12.099400
2024-01-25,10.46938872,10.7403156,10.23716568,10.64839398,4367645,94871091.4,13.100300
2024-01-26,10.61452812,10.87094106,10.48874064,10.4984166,3195650,70287691.0,9.585000
2024-01-29,10.55647236,10.68225984,9.9662388,10.0146186,3311465,69755639.9,9.932400
2024-01-30,9.98075274,9.98075274,9.5308206,9.5308206,2538465,51068128.6,7.613900
2024-01-31,9.48727878,9.6275802,9.00831876,9.08088846,3116987,59646137.91,9.349100
2024-02-01,9.03734664,9.03734664,8.6116044,8.82447552,2774420,50585540.6,8.321600
2024-02-02,8.71320198,8.99380482,8.02137084,8.33100156,3080287,54023333.27,9.239000
2024-02-05,8.21489004,8.23424196,7.498869,7.498869,3289800,51920161.0,9.867400
2024-02-06,6.99571908,7.73109204,6.7489821,7.33921566,5270264,77238809.66,15.807600
2024-02-07,7.43597526,7.43597526,6.78284796,6.93282534,4685565,69089879.5,14.053900
2024-02-08,6.93282534,7.62465648,6.65706048,7.62465648,5486077,81315065.52,16.454900
2024-02-19,7.78430982,8.05039872,7.64884638,7.99234296,4838568,79151525.9,14.512800
2024-02-20,8.1036165,8.11329246,7.82785164,8.0552367,3377037,55896761.31,10.129100
2024-02-21,7.99234296,8.86317936,7.9342872,8.57773854,6589364,116617915.08,19.764100
2024-02-22,8.3213256,8.950263,8.3213256,8.84382744,5644687,101506804.8,16.930700
2024-02-23,8.7809337,8.9986428,8.61644238,8.98412886,5682087,103369531.74,17.042900
2024-02-26,8.98412886,9.24537978,8.8293135,9.09056442,5519277,102849467.2,16.554500
2024-02-27,9.00831876,9.40019514,8.93091108,9.39051918,4210740,80232874.89,12.629700
2024-02-28,9.4824408,9.75336768,8.52935874,8.56806258,6638010,126799324.5,19.910000
2024-02-29,8.466465,8.99380482,8.466465,8.95993896,4280973,78280720.87,12.840400
2024-03-01,9.03734664,9.12443028,8.94058704,9.0954024,3348573,62527145.34,10.043700
2024-03-04,9.10024038,9.27924564,8.98412886,9.18732402,3470400,65635903.0,10.409100
2024-03-05,9.13894422,9.13894422,8.82447552,8.86801734,3064800,56685495.0,9.192600
2024-03-06,8.91155916,9.1679721,8.85834138,9.10507836,2980400,55671872.0,8.939400
2024-03-07,9.18248604,9.2405418,8.92123512,9.00831876,2539400,47777446.0,7.616700
2024-03-08,8.99380482,9.21151392,8.98412886,9.14862018,2520300,47469317.0,7.559400
2024-03-11,9.13894422,10.0629984,9.13410624,10.0629984,4114600,82483581.0,12.341300
2024-03-12,10.643556,11.06929824,10.26619356,10.83223722,13404324,296613996.42,40.204900
2024-03-13,10.36779114,10.72096368,10.26135558,10.5951762,7727303,167498894.26,23.177300
2024-03-14,10.401657,10.5467964,10.02913254,10.24684164,5525626,117628507.42,16.573600
2024-03-15,10.2323277,10.2323277,9.917859,10.13073012,3771316,78194747.88,11.311700
2024-03-18,10.10170224,10.33392528,10.09686426,10.31941134,4122497,87404618.39,12.365000
2024-03-19,10.2565176,10.36779114,10.159758,10.2323277,3044702,64413192.17,9.132300
2024-03-20,10.1839479,10.4258469,10.159758,10.4258469,3647000,77692492.9,10.938800
2024-03-21,10.46938872,10.94834874,10.31941134,10.94834874,7302788,160825645.0,21.904000
2024-03-22,10.87094106,10.885455,10.401657,10.55163438,5032964,110513039.04,15.095900
2024-03-25,10.39198104,10.401657,9.82593738,9.85980324,3398270,70876208.94,10.192800
2024-03-26,9.6517701,10.84675116,9.6517701,10.84675116,3693986,81885075.47,11.079700
2024-03-27,11.9014308,11.9014308,10.47906468,10.58550024,12130758,281839745.5,36.385000
2024-03-28,10.1355681,11.64501786,10.05332244,11.2966833,10573508,240215445.1,31.714200
2024-03-29,11.21443764,12.2884692,11.03543238,11.62566594,10927939,261961548.88,32.777300
2024-04-01,11.47085058,12.47715042,11.369253,12.23525142,10178826,251070476.51,30.530400
2024-04-02,12.0465702,13.00449024,11.78531928,12.47715042,10363477,262169473.19,31.084200
2024-04-03,12.34168698,12.73840134,11.46117462,11.52890634,8192110,204657762.91,24.571400
2024-04-08,11.45633664,11.49504048,10.70644974,10.75966752,6312497,143213777.58,18.933700
2024-04-09,10.71128772,11.5143924,10.54195842,11.06929824,5791197,132391443.42,17.370100
2024-04-10,10.88061702,10.94834874,10.12589214,10.25167962,5902797,126970469.34,17.704900
2024-04-11,10.16459598,10.26135558,9.8210994,9.83561334,5145551,106186085.08,15.433600
2024-04-12,9.82593738,10.81772328,9.82593738,10.81772328,3110706,68720898.28,2.332900
2024-04-15,10.78385742,11.04027036,9.98559072,10.29522144,6503500,140125225.0,4.877400
2024-04-16,10.19362386,10.29038346,9.2647317,9.2647317,4154700,80801484.0,3.115900
2024-04-17,9.21151392,9.80658546,9.21151392,9.7969095,4102500,81821613.0,3.076700
2024-04-18,9.76788162,10.05332244,9.40503312,9.76304364,4133500,83598663.0,3.100000
2024-04-19,9.68079798,9.80658546,9.51146868,9.63241818,2628800,52350392.0,1.971500
2024-04-22,9.5308206,9.5792004,9.192162,9.36632928,2012999,39076494.67,1.509700
2024-04-23,9.3614913,9.81142344,9.31794948,9.61790424,2613799,51922690.54,1.960300
2024-04-24,9.5792004,9.7485297,9.48727878,9.7243398,2420999,48350367.97,1.815700
2024-04-25,9.75336768,9.99526668,9.63725616,9.85980324,2790200,56773205.0,2.092500
2024-04-26,9.8210994,9.9904287,9.68079798,9.89850708,2978100,60681298.0,2.233500
2024-04-29,10.31457336,10.85158914,10.3048974,10.6193661,5682500,124171406.0,4.261700
2024-04-30,10.7161257,10.85642712,10.55163438,10.7403156,4343500,95989123.0,3.257500
2024-05-06,11.06929824,11.06929824,10.7645055,10.90480692,3852706,86836494.88,2.889400
2024-05-07,10.88061702,11.0064045,10.83223722,10.8612651,2509100,56416862.0,1.881700
2024-05-08,10.84191318,10.99672854,10.72580166,10.79353338,2552106,57415333.96,1.914000
2024-05-09,10.90480692,11.37892896,10.89513096,11.08865016,5220000,120520109.0,3.914800
2024-05-10,10.97253864,11.01608046,10.77418146,10.8128853,3171400,71136169.0,2.378400
2024-05-13,10.70161176,10.75966752,10.5226065,10.60485216,2178124,47914151.64,1.633500
2024-05-14,10.55647236,10.79837136,10.55647236,10.68225984,1554700,34388892.0,1.166000
2024-05-15,10.643556,10.91448288,10.59033822,10.68709782,1855000,41298728.0,1.391200
2024-05-16,10.7645055,10.92415884,10.73063964,10.84675116,2357468,52743576.84,1.768000
2024-05-17,10.82256126,10.885455,10.69677378,10.885455,1897600,42377095.0,1.423100
2024-05-20,10.885455,11.369253,10.84191318,11.19508572,4086600,93888906.0,3.064800
2024-05-21,11.07413622,11.7079116,10.9822146,11.54342028,4900500,114851174.0,3.675200
2024-05-22,11.42730876,11.64985584,11.3934429,11.4660126,4560900,108584736.0,3.420500
2024-05-23,11.40795684,11.40795684,10.99672854,11.0789742,3320703,76528744.7,2.490400
2024-05-24,11.00156652,11.12251602,10.79353338,10.81772328,2189800,49457627.0,1.642300
2024-05-27,10.8370752,11.04510834,10.7403156,11.02091844,2161800,48808326.0,1.621300
2024-05-28,10.89996894,11.06929824,10.82256126,10.97737662,1435100,32456893.0,1.076300
2024-05-29,11.02091844,11.67888372,10.9822146,11.6595318,6185400,146072707.0,4.638800
2024-05-30,11.66436978,11.75145342,11.37892896,11.42247078,4010700,95489504.0,3.007900
2024-05-31,11.52406836,11.72242554,11.45633664,11.5869621,3423168,81997596.2,2.567200
2024-06-03,11.60631402,11.89175484,11.45149866,11.79499524,4506273,109119156.47,3.379500
2024-06-04,11.79983322,11.82402312,11.369253,11.5869621,3641100,86707175.16,2.730700
2024-06-05,11.48536452,11.49987846,11.08865016,11.28700734,3285500,76673037.0,2.464000
2024-06-06,10.9861221,11.18205294,10.3563444,10.4263197,4283200,65253874.57,2.294500
2024-06-07,10.44031476,10.65723819,10.16741109,10.50329253,2895295,43121547.43,1.551000
2024-06-11,10.54527771,10.55227524,10.17440862,10.43331723,2184300,32228568.6,1.170100
2024-06-12,10.37733699,10.88815668,10.30036416,10.8461715,3501426,53753139.24,1.875700
2024-06-13,10.83917397,10.97212704,10.75520361,10.83917397,2508860,38930782.6,1.344000
2024-06-14,10.8461715,11.11907517,10.67123325,11.04210234,2729680,42848564.8,1.462300
2024-06-17,10.95113445,11.58091215,10.93014186,11.32900107,4372338,70901287.26,2.342200
2024-06-18,11.25202824,11.4059739,11.14006776,11.37798378,2856640,45978194.2,1.530300
2024-06-19,11.37798378,11.37798378,11.07009246,11.20304553,2245246,35982607.08,1.202800
2024-06-20,11.16805788,11.23803318,10.8461715,10.8461715,2718274,42672820.06,1.456100
2024-06-21,10.7761962,11.08408752,10.7062209,10.86016656,1912960,29869167.0,1.024700
2024-06-24,10.81118385,10.81118385,10.32135675,10.33535181,2357295,35486782.45,1.262800
2024-06-25,10.51029006,10.69222584,10.23038886,10.43331723,2004880,29946567.4,1.074000
2024-06-26,10.27237404,10.69922337,10.16741109,10.67823078,2054060,30751361.6,1.100300
2024-06-27,10.67823078,10.88815668,10.58026536,10.58026536,2011700,30890878.6,1.077600
2024-06-28,10.55927277,10.95113445,10.50329253,10.79019126,2189460,33875748.0,1.172900
2024-07-01,10.79019126,10.93014186,10.58726289,10.72721349,1836940,28085081.4,0.984000
2024-07-02,10.89515421,10.89515421,10.62225054,10.75520361,1510800,23230426.6,0.809300
2024-07-03,10.74120855,10.97912457,10.61525301,10.62225054,1697420,26184659.8,0.909300
2024-07-04,10.496295,10.64324313,10.15341603,10.20239874,2495560,36914853.4,1.336800
2024-07-05,10.16741109,10.25837898,9.97148025,10.16741109,1261274,18226544.78,0.675600
2024-07-08,10.13942097,10.27237404,9.92949507,9.9364926,1514400,21771719.8,0.811200
2024-07-09,9.94349013,10.32135675,9.82453212,10.32135675,2431674,35106890.08,1.302600
2024-07-10,10.55227524,11.35699119,10.55227524,10.99311963,8041472,127598163.44,4.307700
2024-07-11,10.88115915,11.24503071,10.78319373,11.17505541,5917512,93780873.4,3.169900
2024-07-12,11.196048,11.21004306,11.00011716,11.0560974,3205360,50739611.6,1.717100
2024-07-15,11.3359986,11.3359986,10.83217644,10.87416162,2625600,40982968.08,1.406500
2024-07-16,10.83917397,11.00711469,10.79718879,10.95113445,2554300,39883650.2,1.368300
2024-07-17,10.95113445,11.16106035,10.89515421,10.9161468,3319420,52360176.2,1.778200
2024-07-18,10.78319373,10.78319373,10.41232464,10.65024066,3244400,48999758.2,1.738000
2024-07-19,10.60125795,10.76220114,10.47530241,10.5662703,2042320,30992644.2,1.094000
2024-07-22,10.52428512,10.6362456,10.50329253,10.57326783,1282300,19373705.2,0.686900
2024-07-23,10.54527771,10.6362456,10.34234934,10.34934687,1621660,24319764.2,0.868700
2024-07-24,10.32835428,10.51029006,10.24438392,10.25138145,1575320,23313250.6,0.843900
2024-07-25,10.1464185,10.496295,10.09043826,10.39832958,1695040,24958811.6,0.908000
2024-07-26,10.37033946,10.50329253,10.30036416,10.44731229,1665480,24811304.6,0.892200
2024-07-29,10.43331723,10.45430982,10.22339133,10.37033946,1202760,17780218.8,0.644300
2024-07-30,10.30736169,10.48929747,10.30736169,10.38433452,1459500,21744309.8,0.781800
2024-07-31,10.36334193,10.73421102,10.32835428,10.73421102,2361760,35783309.2,1.265200
2024-08-01,10.71321843,10.82517891,10.55227524,10.71321843,2244240,34300200.6,1.202200
2024-08-02,10.71321843,10.74120855,10.48229994,10.48929747,1562947,23694421.07,0.837300
2024-08-05,10.48229994,10.58026536,10.11842838,10.11842838,2051620,30283964.0,1.099000
2024-08-06,10.20939627,10.33535181,10.11143085,10.25138145,1221402,17811353.8,0.654300
2024-08-07,10.24438392,10.40532711,10.18140615,10.34234934,1252140,18490897.6,0.670800
2024-08-08,10.39832958,10.39832958,10.03445802,10.22339133,1031200,15037520.0,0.552400
2024-08-09,10.23738639,10.36334193,10.15341603,10.16041356,789640,11543766.0,0.423000
2024-08-12,10.09743579,10.17440862,10.02046296,10.12542591,971720,14017579.0,0.520500
2024-08-13,10.12542591,10.33535181,10.08344073,10.30736169,1205780,17637334.8,0.645900
2024-08-14,10.30736169,10.38433452,10.19540121,10.19540121,764600,11199665.8,0.409600
2024-08-15,10.16041356,10.32835428,10.12542591,10.20939627,1242940,18164317.8,0.665800
2024-08-16,10.27237404,10.2863691,10.15341603,10.18840368,773660,11290495.2,0.414400
2024-08-19,10.11143085,10.25837898,10.04145555,10.06244814,1025700,14863083.8,0.549500
2024-08-20,10.03445802,10.16041356,9.83852718,9.88051236,1120040,15894367.6,0.600000
2024-08-21,9.85951977,10.1464185,9.80353953,10.01346543,1338180,19187566.6,0.716800
2024-08-22,10.0064679,10.23038886,9.88750989,9.90850248,1689860,24327132.8,0.905200
2024-08-23,9.83852718,9.95048766,9.6565914,9.75455682,1345940,18773177.6,0.721000
2024-08-26,9.67758399,10.11842838,9.67758399,10.02046296,1320780,18847232.6,0.707500
2024-08-27,10.0064679,10.0064679,9.88051236,9.92949507,1093580,15528333.6,0.585800
2024-08-28,9.92949507,10.2163938,9.91550001,10.08344073,1231340,17718727.6,0.659600
2024-08-29,10.08344073,10.34934687,10.02046296,10.22339133,2554420,37451708.2,1.368400
2024-08-30,10.1464185,10.40532711,10.1464185,10.32835428,2785740,41075784.2,1.492300
2024-09-02,10.30736169,10.58726289,10.2863691,10.37033946,3319020,49695174.4,1.778000
2024-09-03,10.30736169,10.62225054,10.30036416,10.5662703,2449860,36880278.6,1.312400
2024-09-04,10.48929747,10.76919867,10.4263197,10.69922337,3053180,46552110.8,1.635600
2024-09-05,10.6362456,10.69222584,10.47530241,10.60125795,2262400,34194621.6,1.211900
2024-09-06,10.50329253,10.65024066,10.39133205,10.44031476,1812320,27233152.2,0.970800
2024-09-09,10.45430982,10.53828018,10.32135675,10.39832958,1248080,18602066.8,0.668600
2024-09-10,10.39832958,10.51029006,10.32835428,10.48929747,1393860,20765833.2,0.746700
2024-09-11,10.48229994,10.65024066,10.44731229,10.53828018,2045140,30856030.4,1.095600
2024-09-12,10.45430982,10.60825548,10.32135675,10.32135675,1337360,19973725.6,0.716400
2024-09-13,10.30036416,10.39133205,10.04145555,10.04145555,1375000,20000692.8,0.736600
2024-09-18,10.04145555,10.11842838,9.6565914,9.796542,1516080,21251562.4,0.812100
2024-09-19,9.92249754,10.08344073,9.76855188,10.06944567,1609200,22871977.0,0.862000
2024-09-20,10.02046296,10.0764432,9.92249754,10.0064679,956160,13658550.2,0.512200
2024-09-23,9.99247284,10.04145555,9.85252224,9.99947037,1082440,15417626.4,0.579800
2024-09-24,9.99947037,10.37733699,9.92249754,10.37033946,1884340,27347656.8,1.009400
2024-09-25,10.4263197,10.61525301,10.39133205,10.41232464,2151180,32321052.4,1.152400
2024-09-26,10.34934687,10.60825548,10.32135675,10.60825548,1812520,27129528.2,0.970900
2024-09-27,10.69922337,11.0560974,10.69922337,11.0560974,2504340,39027408.6,1.341500
2024-09-30,11.67188004,12.13371702,11.16106035,12.02175654,7317094,122536081.73,3.919700
2024-10-08,13.21133664,13.2253317,11.81882817,12.69351942,9598333,172429986.81,5.141700
2024-10-09,12.53257623,12.53257623,11.42696649,11.44096155,6400250,107420565.86,3.428500
2024-10-10,11.44096155,11.79783558,11.35699119,11.5459245,3744560,62020552.0,2.005900
2024-10-11,11.4759492,11.53892697,10.9861221,11.16106035,2972480,47753631.0,1.592300
2024-10-14,11.16106035,11.37098625,10.9861221,11.37098625,2658600,42676959.2,1.424200
2024-10-15,11.37098625,11.80483311,11.21004306,11.34299613,3513728,57446990.8,1.882300
2024-10-16,11.09108505,11.46195414,11.02110975,11.4059739,2263647,36592831.22,1.212600
2024-10-17,11.37098625,11.5459245,11.31500601,11.32900107,1974663,32222146.77,1.057800
2024-10-18,11.16106035,11.67188004,11.16106035,11.52493191,3431398,56281381.78,1.838200
2024-10-21,11.51793438,11.80483311,11.51793438,11.72086275,4314248,72130501.2,2.311100
2024-10-22,11.70686769,11.88180594,11.60890227,11.84681829,2991687,50300398.04,1.602600
2024-10-23,11.86081335,11.9657763,11.7558504,11.79783558,3109553,52734549.31,1.665700
2024-10-24,11.83282323,11.90279853,11.67188004,11.76984546,2249960,37821052.8,1.205300
2024-10-25,11.76984546,12.20369232,11.72086275,12.14771208,4066804,70131697.64,2.178500
2024-10-28,12.1057269,12.16870467,11.94478371,12.16170714,3555419,61276040.63,1.904600
2024-10-29,12.33664539,12.5255787,11.98676889,12.00076395,4167155,72644707.55,2.232300
2024-10-30,11.92379112,12.2456775,11.84681829,12.0357516,3743182,64417194.6,2.005200
2024-10-31,12.02175654,12.30865527,11.97977136,12.1057269,3530134,61276146.16,1.891000
2024-11-01,12.02175654,12.1757022,11.69287263,11.70686769,4418880,74819014.0,2.367100
2024-11-04,11.66488251,11.895801,11.58790968,11.87480841,2594700,43794743.8,1.389900
2024-11-05,11.87480841,12.01475901,11.83282323,11.99376642,3457190,58950673.06,1.852000
2024-11-06,11.99376642,12.20369232,11.97277383,12.0357516,4606824,79657146.66,2.467800
2024-11-07,11.99376642,12.19669479,11.93778618,12.19669479,3934401,67939186.68,2.107600
2024-11-08,12.25967256,12.50458611,12.19669479,12.2456775,4918555,86820496.7,2.634800
2024-11-11,12.13371702,12.51158364,12.1057269,12.51158364,4323849,76437922.84,2.316200
2024-11-12,12.55356882,12.69351942,12.28766268,12.44860587,4534720,81245420.6,2.429200
2024-11-13,12.42061575,12.58155894,12.18269973,12.50458611,2995894,53080567.26,1.604900
2024-11-14,12.51158364,12.85446261,12.12671949,12.18269973,4167380,74284069.4,2.232400
2024-11-15,12.14771208,12.42061575,12.00776148,12.04974666,3201980,56025866.2,1.715300
2024-11-18,12.04974666,12.23168244,11.53192944,11.63689239,3570369,59974644.27,1.912600
2024-11-19,11.63689239,12.1057269,11.63689239,12.09872937,2771540,46939899.99,1.484700
2024-11-20,12.05674419,12.33664539,12.05674419,12.32964786,2764640,48230605.2,1.481000
2024-11-21,12.37163304,12.56056635,12.25267503,12.41361822,2854193,50644498.58,1.529000
2024-11-22,12.43461081,12.44860587,11.83282323,11.87480841,2512920,43760386.8,1.346100
2024-11-25,11.90979606,12.3156528,11.90279853,12.21768738,2710640,46968692.2,1.452100
2024-11-26,12.2456775,12.32265033,11.95877877,11.99376642,2149396,37278593.04,1.151400
2024-11-27,11.95178124,12.0357516,11.4759492,12.02175654,2470860,41455104.4,1.323600
2024-11-28,12.02175654,12.16170714,11.90979606,11.95877877,1987647,34203069.47,1.064800
2024-11-29,11.95178124,12.12671949,11.79083805,12.05674419,2126280,36502200.2,1.139000
2024-12-02,12.15470961,12.41361822,12.0357516,12.39962316,3130880,54888750.4,1.677200
2024-12-03,12.42761328,13.63818597,12.34364292,13.63818597,8839064,165288661.36,4.735000
2024-12-04,13.98806247,14.58985005,13.42126254,13.7851341,18135615,361032655.31,9.715000
2024-12-05,13.54022055,13.54022055,13.17634899,13.35828477,9824893,187525942.61,5.263100
2024-12-06,13.33729218,13.35828477,12.96642309,13.04339592,6799404,127368250.22,3.642400
2024-12-09,13.0853811,13.31629959,13.02940086,13.07138604,6014600,113105879.8,3.221900
2024-12-10,13.40026995,13.49123784,13.02240333,13.05039345,5515060,104095096.2,2.954300
2024-12-11,13.05039345,13.62419091,13.02940086,13.295307,6984660,133302270.4,3.741600
2024-12-12,13.4352576,13.4352576,13.13436381,13.37227983,4856980,92386161.4,2.601800
2024-12-13,13.28131194,13.37227983,13.0853811,13.12736628,3822420,72154531.4,2.047600
2024-12-16,13.07138604,13.19734158,12.91044285,12.98041815,2684460,50031293.6,1.438000
2024-12-17,12.97342062,12.97342062,12.42761328,12.4556034,3591544,64974841.4,1.923900
2024-12-18,12.56756388,12.63054165,12.2456775,12.58855647,2507800,44801382.2,1.343400
2024-12-19,12.39262563,12.61654659,12.29466021,12.54657129,2160847,38502938.16,1.157500
2024-12-20,12.55356882,13.0853811,12.54657129,12.88245273,3925500,72435279.0,2.102800
2024-12-23,12.88945026,12.88945026,12.25267503,12.30165774,3574167,63992586.46,1.914600
2024-12-24,12.51858117,12.5255787,12.21068985,12.5255787,2283560,40535825.8,1.223300
2024-12-25,12.46260093,13.77813657,12.46260093,13.77813657,7426990,145181454.2,3.978500
2024-12-26,14.17699578,15.15664998,13.99506,15.15664998,24607021,514200615.33,13.181700
2024-12-27,14.694813,16.05233382,14.12101554,14.23997355,21802946,455063621.48,11.679600
2024-12-30,14.10002295,14.53386981,13.88309952,13.94607729,14009779,282215460.71,7.504900
2024-12-31,14.21898096,15.07267962,14.2049859,14.4149118,18014433,372985383.37,9.650100
2025-01-02,13.91108964,15.10066974,13.90409211,14.88374631,17896636,373896112.86,9.587000
2025-01-03,14.49888216,16.14330171,13.90409211,15.42955365,21310377,464139206.66,11.415700
2025-01-06,14.9747142,16.97600778,14.78578089,16.97600778,20166070,456850354.6,10.802700
2025-01-07,16.45819056,18.67640757,16.01734617,16.7240967,26636380,655506062.85,14.268800
2025-01-08,16.11531159,16.71010164,15.07967715,15.85640298,19253264,438477105.97,10.313700
2025-01-09,15.52751907,16.6541214,15.40156353,16.40920785,18355562,426155572.95,9.832800
2025-01-10,15.91238322,16.05933135,14.77178583,14.77178583,13803000,298626211.6,7.394100
2025-01-13,13.84811187,13.96007235,13.295307,13.295307,12677430,243767011.2,6.791100
2025-01-14,13.4352576,14.18399331,13.42126254,14.16300072,13263183,261788937.3,7.104900
2025-01-15,14.1350106,14.30295132,13.68716868,13.73615139,8671505,172430398.2,4.645200
2025-01-16,13.80612669,14.2049859,13.58220573,13.69416621,7898820,156193857.6,4.231300
2025-01-17,13.69416621,13.91108964,13.32329712,13.65917856,7613400,147674085.0,4.078400
2025-01-20,13.79213163,14.39391921,13.75014645,14.23997355,10881419,219843710.81,5.829000
2025-01-21,14.54786487,15.64647708,14.14900566,15.24062034,17411751,371647862.94,9.327300
2025-01-22,15.01669938,15.05868456,14.60384511,14.79977595,9220144,195579254.09,4.939100
2025-01-23,14.84176113,15.22662528,14.65282782,14.68081794,9742350,207062425.11,5.218900
2025-01-24,14.4848871,14.92573149,14.45689698,14.77878336,7183350,151452302.9,3.848000
2025-01-27,14.78578089,14.84176113,14.0650353,14.07203283,5934620,121645982.8,3.179100
2025-02-05,14.08602789,14.33094144,13.84811187,14.30295132,6037360,121815601.6,3.234100
2025-02-06,14.14200813,14.72980065,14.07203283,14.63883276,6624630,137377581.0,3.548700
2025-02-07,14.56885746,15.33158823,14.52687228,15.30359811,11725250,250790761.8,6.281100
2025-02-10,15.2546154,15.394566,15.0446895,15.34558329,9695291,211274945.35,5.193600
2025-02-11,15.28960305,16.3742202,15.1146648,15.98935605,13184672,298607462.48,7.062900
2025-02-12,15.80042274,16.12230912,15.56950425,16.00335111,9009199,204323755.83,4.826100
2025-02-13,15.94737087,16.3742202,15.42255612,15.44354871,10188792,231847120.56,5.458000
2025-02-14,15.42955365,15.80742027,15.22662528,15.28960305,8285564,182847373.31,4.438500
2025-02-17,15.13565739,15.38057094,15.13565739,15.26861046,6007174,130912661.54,3.218000
2025-02-18,15.36657588,16.794072,15.36657588,16.794072,14926550,353452533.2,7.996000
2025-02-19,16.95501519,18.43849155,16.63312881,17.493825,24982468,613253238.76,13.382800
2025-02-20,17.08097073,17.10196332,16.54216092,16.73809176,13626014,325422747.84,7.299300
2025-02-21,16.6541214,17.66176572,16.59814116,17.43084723,15997920,394775429.81,8.569900
2025-02-24,17.2139238,18.01164222,16.50017574,17.5638003,13004778,317767735.54,6.966500
2025-02-25,17.23491639,17.47982994,16.87104483,17.0039979,9092236,222392579.52,4.870600
2025-02-26,17.0039979,17.45883735,16.82905965,17.0739732,8458920,207445513.4,4.531300
2025-02-27,17.05298061,18.78137052,16.9340226,18.78137052,17292950,450333944.67,9.263600
2025-02-28,18.43849155,20.25784935,18.00464469,18.193578,25226169,690194440.38,13.513300
2025-03-03,18.10960764,20.0129358,17.493825,20.0129358,18769976,509128250.78,10.054800
2025-03-04,19.593084,19.593084,18.1236027,19.3831581,18312454,493587098.93,9.809800
2025-03-05,18.90032853,20.00593827,18.5434545,19.82400249,17495240,483716479.6,9.372000
2025-03-06,19.5231087,20.07591357,19.41814575,19.69804695,13349560,375866325.0,7.151200
2025-03-07,19.3131828,19.41114822,18.65541498,18.74638287,10879247,294903587.85,5.827900
2025-03-10,18.21457059,19.0332816,18.06062493,18.60643227,6974025,184872400.75,3.735900
2025-03-11,18.193578,18.74638287,18.08861505,18.4734792,5930920,156312157.6,3.177100
2025-03-12,18.44548908,18.86534088,18.32653107,18.55744956,6817544,181354479.0,3.652100
2025-03-13,18.37551378,18.85834335,17.87868915,18.00464469,7652740,200554434.8,4.099500
2025-03-14,17.72474349,18.0536274,16.97600778,17.81571138,8168620,203528384.6,4.375800
2025-03-17,17.81571138,18.36851625,17.50782006,18.14459529,6533850,167634435.7,3.500100
2025-03-18,18.18658047,19.25720256,18.18658047,18.48747426,8598696,229474545.72,4.606200
2025-03-19,18.18658047,19.1032569,17.7037509,18.24955824,7562696,197362236.52,4.051200
2025-03-20,18.25655577,18.39650637,17.7737262,17.81571138,5437300,140274978.64,2.912700
2025-03-21,17.6337756,17.89268421,17.12295591,17.30489169,5148420,128042014.2,2.757900
2025-03-24,17.26990404,17.41685217,16.36022514,16.7240967,5486180,131489334.6,2.938900
2025-03-25,16.70310411,16.7240967,16.36022514,16.52116833,3415876,80729448.2,1.829800
2025-03-26,16.4441955,16.78007694,16.43719797,16.70310411,3030880,72230177.6,1.623600
2025-03-27,16.57015104,17.1439485,16.24826466,17.01099543,5435241,130709325.09,2.911600
2025-03-28,16.8640473,17.1439485,16.57015104,16.85005224,4093201,98714275.55,2.192700
2025-03-31,16.794072,17.19293121,16.45119303,17.13695097,4533240,109936981.8,2.428400
2025-04-01,17.13695097,17.45883735,17.01799296,17.22791886,4005200,98820418.0,2.145500
2025-04-02,17.12295591,17.31188922,16.81506459,16.83605718,3379760,82384036.6,1.810500
2025-04-03,16.54915845,16.83605718,15.6044919,15.70945485,6038284,139028438.08,3.234600
2025-04-07,14.21198343,14.81377101,14.14200813,14.14200813,2387540,48634169.24,1.279000
2025-04-08,13.5052329,13.98806247,12.93843297,13.42826007,6051576,115759393.06,3.241800
2025-04-09,13.07138604,14.10702048,12.14771208,13.97406741,6735164,127207203.08,3.607900
2025-04-10,14.16999825,14.70181053,14.16999825,14.2749612,5044136,104174392.56,2.702100
2025-04-11,14.05104024,14.72980065,14.05104024,14.49188463,3379240,69906987.8,1.810200
2025-04-14,14.84176113,15.1146648,14.82076854,15.10066974,4525425,96917535.1,2.424200
2025-04-15,15.17064504,15.77943015,14.98171173,15.09367221,4922164,107809889.0,2.636700
2025-04-16,15.02369691,15.19863516,14.58285252,14.8347636,3637680,77327988.2,1.948700
2025-04-17,14.73679818,14.94672408,14.65982535,14.694813,3005600,63569675.36,1.610100
2025-04-18,14.64583029,14.8347636,14.5548624,14.7647883,2048120,43117452.6,1.097200
2025-04-21,14.72980065,15.10066974,14.68081794,15.10066974,2349160,50200590.2,1.258400
2025-04-22,15.16364751,15.31059564,15.01669938,15.08667468,2399480,51940931.6,1.285400
2025-04-23,15.12166233,15.5345166,15.12166233,15.44354871,3373500,74248280.0,1.807100
2025-04-24,15.40156353,15.69545979,15.29660058,15.52751907,2938240,64985297.4,1.574000
2025-04-25,15.47853636,15.62548449,15.33158823,15.43655118,2303880,50974089.8,1.234200
2025-04-28,15.2546154,15.31059564,14.5548624,14.72280312,4896180,103252270.6,2.622800
2025-04-29,14.56885746,15.01669938,14.56185993,14.79277842,2172840,46068162.4,1.164000
2025-04-30,14.88374631,15.2546154,14.7647883,15.1146648,2528300,54310945.0,1.354400
2025-05-06,15.1146648,15.49952895,15.1146648,15.49952895,2252840,49490321.0,1.206800
2025-05-07,15.57650178,15.80742027,15.38057094,15.61148943,3298951,73668376.33,1.767200
2025-05-08,15.59049684,15.94737087,15.52751907,15.8144178,2559783,57911434.11,1.371200
2025-05-09,15.77243262,15.92637828,15.52751907,15.70945485,2128490,47667973.5,1.140200
2025-05-12,15.86340051,16.1642943,15.84940545,16.03833876,2987300,68192913.2,1.600300
2025-05-13,16.17129183,16.31823996,15.93337581,16.01034864,3017860,69381171.2,1.616600
2025-05-14,15.98935605,16.04533629,15.79342521,15.8843931,2003080,45473395.8,1.073000
2025-05-15,15.8843931,16.03833876,15.73744497,15.99635358,2113660,48074861.2,1.132300
2025-05-16,15.93337581,16.26925725,15.89838816,16.20627948,2256900,51995466.6,1.209000
2025-05-19,16.1642943,16.98300531,16.01734617,16.71709917,4304780,101735716.6,2.306000
2025-05-20,16.69610658,17.09496579,16.60513869,16.91303001,4150280,100391436.0,2.223300
2025-05-21,16.794072,17.83670397,16.50017574,16.53516339,9502099,232935281.99,5.090200
2025-05-22,16.57714857,16.71010164,16.094319,16.10831406,5885179,137085060.74,3.152600
2025-05-23,16.15729677,16.43020044,15.8843931,15.91238322,2966200,68120636.0,1.589000
2025-05-26,15.8144178,16.13630418,15.77943015,16.05933135,2057960,47001861.4,1.102400
2025-05-27,16.03833876,17.40285711,15.89838816,16.3742202,5923280,140041268.0,3.173000
2025-05-28,16.48618068,16.88503989,16.29024984,16.3742202,4400360,104060750.2,2.357200
2025-05-29,16.26925725,16.9340226,16.26925725,16.75908435,4411080,105413365.4,2.363000
2025-05-30,16.68910905,16.83605718,16.38821526,16.49317821,3083220,72946855.2,1.651600
2025-06-03,16.49317821,17.24891145,16.31823996,16.99000284,5836361,140510049.97,3.126500
2025-06-04,17.01,17.52,16.85,17.34,8574133,147397493.57,3.280800
2025-06-05,17.22,17.4,16.88,16.96,6039592,103224073.32,2.311000
2025-06-06,16.9,17.19,16.7,16.84,4690172,79356845.84,1.794600
2025-06-09,16.8,17.44,16.8,17.1,4894372,83807830.6,1.872800
2025-06-10,17.08,18.81,17.08,17.62,16040194,287966489.0,6.137500
2025-06-11,17.6,17.9,17.31,17.38,8785731,153856202.09,3.361700
2025-06-12,17.45,17.63,17.35,17.53,5299496,92555734.32,2.027800
2025-06-13,17.43,18.0,17.23,17.4,7285814,127846163.1,2.787800
2025-06-16,17.29,17.66,16.96,17.43,5278796,91141656.68,2.019800
2025-06-17,17.38,17.59,17.25,17.43,4550928,79295209.12,1.741300
2025-06-18,17.44,17.45,16.91,17.1,4522804,77324119.36,1.730600
2025-06-19,17.07,17.42,16.73,16.77,5464575,93562502.49,2.090900
2025-06-20,16.7,17.6,16.69,17.19,7122920,121966146.88,2.725500
2025-06-23,16.99,17.57,16.81,17.5,6835792,118387509.8,2.615600
2025-06-24,17.55,18.25,17.55,18.21,12346478,222848972.34,4.724200
2025-06-25,18.19,20.03,17.94,20.03,17497308,336503061.95,6.695100
2025-06-26,20.03,22.0,19.5,20.27,31959314,658941161.79,12.228700
2025-06-27,20.17,22.3,19.8,22.3,27654220,570955383.09,10.581400
2025-06-30,22.07,24.42,21.66,23.59,32861433,753895652.72,12.573900
2025-07-01,22.6,22.99,21.66,21.66,24673902,547837373.65,9.441100
2025-07-02,21.11,21.61,20.59,21.08,15292045,322364612.84,5.851300
2025-07-03,21.01,22.7,20.92,22.26,22631634,494365914.67,8.659600
2025-07-04,21.6,21.97,20.95,20.96,15741092,336565881.19,6.023100
2025-07-07,20.66,21.37,20.51,21.2,8906604,188469198.44,3.408000
2025-07-08,21.21,21.31,20.87,21.1,8144083,171462528.38,3.116200
2025-07-09,21.11,21.59,20.61,20.7,9451829,198128954.91,3.616600
2025-07-10,20.7,20.7,20.13,20.51,8285420,168981579.28,3.170300
2025-07-11,20.61,20.8,20.31,20.6,6363170,130973391.72,2.434800
2025-07-14,20.76,21.13,20.7,20.8,7167049,149459095.27,2.742400
2025-07-15,20.64,20.98,20.32,20.66,7084972,145820887.56,2.711000
2025-07-16,20.79,21.06,20.52,20.66,6831079,141651374.77,2.613800
2025-07-17,20.45,20.8,20.11,20.7,6235429,128138335.98,2.385900
2025-07-18,20.67,20.99,20.55,20.68,6289687,130409817.96,2.406600
2025-07-21,20.55,21.17,20.31,20.71,6857612,142308802.04,2.624000
2025-07-22,20.59,21.45,20.53,21.16,12909510,271800614.72,4.939600
2025-07-23,21.04,21.08,20.28,20.36,9627656,199193117.08,3.683900
2025-07-24,20.35,20.54,20.27,20.38,4588862,93631687.34,1.755900
2025-07-25,20.4,20.4,20.16,20.27,3846512,77869626.56,1.471800
2025-07-28,20.28,20.74,20.25,20.59,5121804,105312341.56,1.959800
2025-07-29,20.53,20.73,19.98,20.12,6105553,123714981.7,2.336200
2025-07-30,20.0,20.4,19.38,20.05,7999639,158330093.28,3.060900
2025-07-31,19.85,20.18,19.55,19.66,4350160,86308443.0,1.664500
2025-08-01,19.68,20.28,19.45,19.92,5839532,116000250.0,2.234400
2025-08-04,19.68,21.05,19.66,20.87,12005304,248447591.48,4.593600
2025-08-05,20.89,21.36,20.85,21.14,9913909,209158882.1,3.793400
2025-08-06,20.92,23.25,20.92,23.25,23801732,526813101.09,9.107400
2025-08-07,23.25,25.48,22.76,24.6,29492272,716058374.61,11.284700
2025-08-08,24.05,27.06,23.89,25.13,31497792,822667636.17,12.052100
2025-08-11,26.37,27.64,26.37,27.64,13115545,359180937.74,5.018500
2025-08-12,27.64,30.4,27.64,29.1,33579050,973635322.64,12.848500
2025-08-13,28.0,28.66,26.92,27.0,29485280,807748448.11,11.282100
2025-08-14,27.48,28.37,26.2,26.3,24865933,675581820.96,9.514500
2025-08-15,25.66,26.94,25.66,25.99,18066019,473689669.76,6.912700
2025-08-18,26.06,26.6,25.74,26.2,15100923,393129373.06,5.778100
2025-08-19,25.9,27.3,25.5,27.3,19276927,511338582.8,7.376000
2025-08-20,26.8,27.48,26.6,26.7,12696788,341375439.0,4.858200
2025-08-21,26.2,26.87,25.89,26.38,9326348,245792946.4,3.568600
2025-08-22,26.34,27.0,26.26,26.53,10290160,274545540.2,3.937400
2025-08-25,26.7,27.0,26.1,26.57,12161146,322998982.74,4.653300
2025-08-26,26.36,27.66,26.21,26.79,15645224,423372893.32,5.986400
2025-08-27,26.6,27.5,25.15,25.2,16467000,438212799.94,6.300800
2025-08-28,24.87,25.65,23.71,24.54,16371768,402252867.88,6.264400
2025-08-29,24.54,25.95,24.15,25.14,12465360,313398710.16,4.769700
2025-09-01,25.03,25.88,24.91,25.38,8229152,208618360.32,3.148800
2025-09-02,25.7,27.92,25.23,26.98,26787096,724010044.36,10.249700
2025-09-03,26.28,28.45,25.78,28.4,27226253,745719621.81,10.417700
2025-09-04,26.5,27.41,25.56,25.56,21478135,566355764.69,8.218300
2025-09-05,24.3,28.12,24.29,28.12,24762547,683362431.48,9.475000
2025-09-08,28.56,30.93,27.26,28.94,36191404,1037891672.46,13.848100
2025-09-09,28.65,29.78,28.0,29.57,27764785,806330904.1,10.623700
2025-09-10,28.12,28.85,27.69,28.0,18339744,517107251.94,7.017400
2025-09-11,28.0,30.58,27.52,29.71,25766512,759668327.69,9.859100
2025-09-12,29.31,30.77,28.79,30.31,28403289,846358753.22,10.868100
2025-09-15,29.6,32.23,29.5,29.61,22140092,675339146.92,8.471600
2025-09-16,29.2,29.88,28.2,29.33,16653464,482801421.72,6.372200
2025-09-17,29.04,29.2,28.24,28.3,14630751,418590207.06,5.598200
2025-09-18,28.47,28.97,27.61,27.9,14215889,402533111.21,5.439500
2025-09-19,27.99,30.14,27.51,29.29,19184544,556318947.39,7.340700
2025-09-22,29.54,31.0,29.3,30.78,19676559,594827274.17,7.528900
2025-09-23,30.3,30.62,28.3,28.9,16617594,491133233.41,6.358500
2025-09-24,28.35,28.82,26.38,28.01,16593024,456382816.89,6.349100
2025-09-25,27.44,27.8,27.0,27.03,9982118,271350498.45,3.819500
2025-09-26,26.8,27.8,26.51,26.7,8643467,235825984.97,3.307300
2025-09-29,26.76,27.56,26.74,27.22,7441508,202663495.5,2.847400
2025-09-30,26.91,27.54,26.82,27.07,6265134,170383431.06,2.397300
2025-10-09,27.52,28.9,27.5,28.58,13239686,374277747.6,5.066000
2025-10-10,28.66,29.4,27.8,28.06,11620918,330498774.84,4.446600
2025-10-13,26.33,27.36,26.33,26.97,7616056,204581716.28,2.914200
2025-10-14,26.98,28.28,26.98,27.34,8342866,231138701.74,3.192300
2025-10-15,27.05,27.28,26.13,26.55,8506392,225026021.24,3.254800
2025-10-16,26.58,26.86,26.22,26.37,5299182,140364267.0,2.027600
2025-10-17,26.28,26.35,23.94,23.94,11137270,274680564.94,4.261500
2025-10-20,23.98,24.31,23.25,23.49,9021870,214301878.88,3.452100
2025-10-21,23.5,24.59,23.24,24.28,9035842,216120237.62,3.457400
2025-10-22,24.11,24.25,23.65,23.87,5141880,123002247.28,1.967500
2025-10-23,23.87,23.87,22.96,23.58,6362616,148352615.92,2.434600
2025-10-24,23.55,24.05,23.5,23.94,4758980,113547849.72,1.820900
2025-10-27,23.95,24.47,23.78,24.2,5494068,132774074.4,2.102200
2025-10-28,24.08,24.4,23.95,24.25,4898077,118550310.87,1.874200
2025-10-29,24.2,24.88,24.15,24.51,7282568,178625304.72,2.786600
2025-10-30,24.51,25.68,24.42,25.25,12742310,318270531.26,4.875600
2025-10-31,24.74,27.5,24.55,26.62,20963004,552901121.42,8.021200
2025-11-03,26.43,27.83,25.6,27.64,22520160,603977205.68,8.617000
2025-11-04,26.95,28.25,26.6,27.9,20488956,562438678.28,7.839800
2025-11-05,27.28,27.6,25.82,26.56,15416776,415095485.64,5.899000
2025-11-06,26.07,26.78,25.25,25.48,12776040,328333932.52,4.888500
2025-11-07,25.1,25.99,25.09,25.57,7924888,202775990.12,3.032300
2025-11-10,25.25,25.73,24.71,24.9,8467607,213207175.12,3.240000
2025-11-11,24.99,26.98,24.75,26.23,16414952,429693968.04,6.280900
2025-11-12,25.7,25.71,24.75,25.01,9875891,247755236.13,3.778900
2025-11-13,24.94,27.51,24.7,27.51,15936540,432468915.56,6.097900
2025-11-14,27.51,27.83,26.5,26.55,22823779,615761824.08,8.733200
2025-11-17,26.41,26.77,25.8,26.14,11374296,297011389.08,4.352200
2025-11-18,26.14,26.88,24.93,25.18,12530723,321018995.53,4.794700
2025-11-19,24.9,25.36,23.77,24.18,9447000,230221718.08,3.614700
2025-11-20,24.19,24.49,23.8,24.0,5249376,126591795.73,2.008600
2025-11-21,23.65,23.65,22.26,22.3,7706636,175273665.8,2.948800
2025-11-24,22.48,22.82,22.12,22.7,4714436,106096416.68,1.803900
2025-11-25,22.75,23.31,22.75,23.12,4363176,100902235.52,1.669500
2025-11-26,23.12,23.39,22.92,23.12,4399060,101839465.08,1.683200
2025-11-27,23.12,23.58,23.02,23.16,4158752,96849308.76,1.591300
2025-11-28,23.08,23.32,22.93,23.3,3459467,80226160.96,1.323700
2025-12-01,23.15,23.61,23.11,23.5,3864859,90760238.57,1.478800
2025-12-02,23.56,23.56,22.89,22.93,3724464,86019431.44,1.425100
2025-12-03,22.92,23.1,22.39,22.5,3712116,84032021.68,1.420400
2025-12-04,22.5,22.62,22.19,22.4,2600359,58260983.96,0.995000
2025-12-05,22.41,22.58,22.02,22.55,2972988,66458768.32,1.137600
2025-12-08,22.56,23.0,22.47,22.9,3574455,81502736.73,1.367700
2025-12-09,22.8,22.94,22.51,22.61,2662752,60443099.4,1.018900
2025-12-10,22.51,22.71,22.29,22.67,2843736,63895060.16,1.088100
2025-12-11,22.75,22.86,22.2,22.22,3119820,70046637.04,1.193700
2025-12-12,22.21,22.42,22.17,22.38,2308596,51510702.56,0.883300
2025-12-15,22.3,22.49,22.1,22.16,2125672,47307258.76,0.813400
2025-12-16,22.28,22.83,21.74,22.41,5966257,133341317.36,2.282900
2025-12-17,22.2,22.68,21.89,22.55,5139504,114556638.6,1.966500
2025-12-18,22.29,22.63,22.05,22.07,3764416,83988907.28,1.440400
2025-12-19,22.06,22.45,22.05,22.35,3227100,71973729.4,1.234800
2025-12-22,22.48,22.57,22.31,22.51,2363385,53169595.54,0.904300
2025-12-23,22.52,22.92,22.1,22.7,5702324,128901714.11,2.181900
2025-12-24,22.58,22.99,22.58,22.81,3890776,88693267.0,1.488700
2025-12-25,22.75,22.95,22.5,22.93,3841952,87477854.84,1.470100
2025-12-26,23.03,23.87,23.03,23.7,11158952,262406568.98,4.269800
2025-12-29,23.73,23.8,23.01,23.11,7269584,168923210.4,2.781600
2025-12-30,22.75,23.08,22.58,22.91,4175585,95310501.6,1.597700
2025-12-31,23.1,23.15,22.46,22.48,3971724,89769224.56,1.519700
2026-01-05,22.44,22.79,22.43,22.78,3382820,76583970.68,1.294400
2026-01-06,22.88,23.26,22.8,23.07,4794533,110538003.3,1.834600
2026-01-07,23.07,23.24,22.82,22.97,4368804,100606005.23,1.671700
2026-01-08,22.9,23.15,22.7,23.08,3601172,82995924.07,1.377900
2026-01-09,22.97,23.18,22.9,23.15,4164337,96080581.94,1.593400
2026-01-12,23.02,23.39,22.82,23.38,6636808,153567112.08,2.539500
2026-01-13,23.39,23.47,22.8,22.87,5499948,126928537.96,2.104500
2026-01-14,22.87,23.52,22.81,23.14,6606445,153313764.89,2.527900
2026-01-15,23.02,24.0,22.9,23.65,10704576,253874078.26,4.095900
2026-01-16,23.95,23.95,23.28,23.44,5732540,134438031.6,2.193500
2026-01-19,23.32,23.79,23.26,23.67,4280764,100857566.96,1.638000
2026-01-20,23.67,24.5,23.61,23.79,7459012,178597629.58,2.854100
2026-01-21,23.48,23.94,23.41,23.9,5110638,121426700.04,1.955500
2026-01-22,23.98,24.22,23.65,23.7,4624713,110070102.99,1.769600
2026-01-23,23.5,23.66,22.85,23.51,7627839,177632762.91,2.918700
2026-01-26,23.51,23.59,22.5,22.7,6247956,143359884.72,2.390700
2026-01-27,22.67,22.67,21.54,21.87,5475668,119693758.66,2.095200
2026-01-28,21.88,22.0,21.55,21.61,2954752,64143637.36,1.130600
2026-01-29,21.8,21.95,21.51,21.68,3087580,67119280.52,1.181400
2026-01-30,21.72,21.72,21.24,21.5,2484716,53261772.12,0.950700
2026-02-02,21.44,21.65,21.25,21.31,1727856,37061059.76,0.661100
2026-02-03,21.49,21.65,21.33,21.62,1816188,39056422.04,0.694900
2026-02-04,21.64,21.78,21.5,21.77,1856136,40262221.24,0.710200
2026-02-05,21.6,21.76,21.56,21.6,1222580,26419023.0,0.467800
2026-02-06,21.6,22.0,21.48,21.81,2402468,52370925.76,0.919300
2026-02-09,21.86,21.92,21.8,21.86,1901000,41559830.8,0.727400
2026-02-10,21.8,21.9,21.71,21.73,1371488,29880527.24,0.524800
2026-02-11,21.73,21.82,21.64,21.73,1139212,24773977.92,0.435900
2026-02-12,21.8,21.8,21.5,21.52,1857652,40079497.44,0.710800
2026-02-13,21.53,21.95,21.51,21.64,1843580,40106292.72,0.705400
2026-02-24,21.64,21.89,21.64,21.78,1622268,35330585.24,0.620700
2026-02-25,21.81,22.08,21.75,22.04,2530596,55611798.68,0.968300
2026-02-26,22.04,22.13,21.85,21.89,1755460,38461576.8,0.671700
2026-02-27,21.91,21.93,21.6,21.91,1843452,40140028.4,0.705400
2026-03-02,21.5,21.69,21.02,21.02,3704560,78626696.68,1.417500
2026-03-03,21.02,21.23,20.15,20.17,3035924,62494774.12,1.161600
2026-03-04,19.74,20.28,19.74,19.9,1861844,37193310.96,0.712400
2026-03-05,20.1,20.42,20.1,20.3,1775056,35996931.72,0.679200
2026-03-06,20.23,20.66,20.18,20.64,1576172,32416988.6,0.603100
2026-03-09,20.6,20.6,20.12,20.47,1542280,31369029.8,0.590100
2026-03-10,20.49,20.8,20.49,20.78,1291528,26804973.8,0.494200
2026-03-11,20.86,22.27,20.74,21.65,7487989,163037004.26,2.865200
2026-03-12,21.2,21.55,20.97,21.14,4268440,90237970.24,1.633200
2026-03-13,20.8,21.56,20.8,21.15,2745894,58437513.36,1.050700
2026-03-16,20.92,21.35,20.9,21.16,1881348,39778690.48,0.719900
2026-03-17,21.28,21.3,20.53,20.53,1888292,39439684.76,0.722500
2026-03-18,20.54,20.68,20.2,20.52,1635317,33276929.74,0.625700
2026-03-19,20.32,20.53,20.07,20.15,1388424,28106109.28,0.531300
2026-03-20,20.16,20.53,19.88,19.89,2350500,47613074.08,0.899400
2026-03-23,19.7,20.01,18.99,19.12,3057564,59288233.92,1.169900
2026-03-24,19.39,19.68,19.03,19.64,2172660,42091107.6,0.831300
2026-03-25,19.65,19.96,19.51,19.91,1901600,37561358.0,0.727600
2026-03-26,19.81,20.29,19.77,19.86,2124112,42551269.8,0.812800
2026-03-27,19.56,20.32,19.56,20.17,2174600,43511599.88,0.832100
2026-03-30,19.91,20.33,19.85,20.17,1863751,37498127.61,0.713100
2026-03-31,20.3,20.3,19.76,19.77,1653272,33044085.2,0.632600
2026-04-01,19.73,20.14,19.73,19.95,1562072,31222397.44,0.597700
2026-04-02,19.82,20.06,19.45,19.56,1412300,27866014.0,0.540400
2026-04-03,19.6,19.79,18.93,18.95,1727300,33057162.0,0.660900
2026-04-07,19.07,19.5,18.99,19.42,1690876,32761851.92,0.647000
2026-04-08,19.75,19.88,19.47,19.86,2188605,43159898.12,0.837400
2026-04-09,19.71,19.86,19.57,19.65,1222476,24081965.2,0.467800
2026-04-10,19.78,20.7,19.78,20.31,4345028,88722603.47,1.662600
2026-04-13,20.15,20.45,20.08,20.3,2148724,43566983.56,0.822200
2026-04-14,20.3,20.6,20.17,20.59,2130472,43353898.68,0.815200
2026-04-15,20.6,20.69,20.16,20.23,1726696,35122422.6,0.660700
2026-04-16,20.3,20.63,20.15,20.48,2261752,46268085.36,0.865400
2026-04-17,20.4,20.65,20.31,20.62,2341688,48076212.8,0.896000
2026-04-20,20.5,20.55,20.33,20.4,1735236,35468639.04,0.664000
2026-04-21,20.42,20.54,20.21,20.4,1599408,32620998.16,0.612000
2026-04-22,20.3,20.74,20.3,20.53,1996752,41002666.2,0.764000
2026-04-23,20.65,20.65,20.0,20.05,2303020,46431299.58,0.881200
2026-04-24,20.05,20.5,19.86,20.34,2069240,41872669.4,0.791800
2026-04-27,20.34,20.56,19.96,20.53,1946872,39561641.2,0.744900
2026-04-28,20.3,20.74,20.15,20.27,2614820,53494508.08,1.000500
2026-04-29,20.26,20.65,20.16,20.59,2701886,55441367.42,1.033800
2026-04-30,20.58,20.58,20.22,20.3,1890976,38472946.92,0.723600
2026-05-06,20.3,20.49,20.28,20.36,1763719,35894437.38,0.674900
2026-05-07,20.37,20.44,20.04,20.12,2361800,47715855.6,0.903700
2026-05-08,20.11,20.62,20.01,20.28,2273865,46234595.62,0.870100
2026-05-11,20.5,20.5,19.85,20.0,3898848,77951090.56,1.491800
2026-05-12,19.95,19.95,19.16,19.35,3665728,71203243.8,1.402600
2026-05-13,19.33,19.5,18.81,18.94,5226100,99398540.44,1.999700
2026-05-14,18.93,19.0,18.39,18.39,3793738,70632282.69,1.451600
2026-05-15,18.71,18.72,18.21,18.33,2854959,52599935.16,1.092400
2026-05-18,18.32,18.56,18.01,18.42,1776591,32496653.92,0.679800
