date,open,high,low,close,volume,amount,turnover
2020-08-03,14.29162265,17.14812775,14.29162265,17.14812775,127064,2389504.4,0.393500
2020-08-04,18.8674891,18.8674891,18.8674891,18.8674891,53070,1100671.8,0.164300
2020-08-05,20.75059915,20.75059915,20.75059915,20.75059915,121237,2765415.97,0.375400
2020-08-06,22.82474935,22.82474935,22.82474935,22.82474935,127966,3210666.94,0.396300
2020-08-07,25.108134,25.108134,22.015103,25.108134,20079846,532014104.65,62.180600
2020-08-10,24.57140215,24.64417935,22.6519035,23.00669235,14897105,384152662.05,46.131400
2020-08-11,22.4335719,22.71558355,21.62392555,21.83316,11414476,277123828.93,35.346800
2020-08-12,21.40559395,21.47837115,20.64143335,21.15087375,8967344,207546984.46,27.768900
2020-08-13,21.2327481,21.82406285,20.6505305,20.76879345,7421348,173304387.39,22.981400
2020-08-14,20.40490745,20.71421055,19.831787,20.07741005,6610834,146060223.58,20.471500
2020-08-17,19.96824425,20.36851885,19.9227585,20.24115875,4679412,103889756.12,14.490600
2020-08-18,20.2502559,20.25935305,19.87727275,20.1592844,4318849,95286883.52,13.374000
2020-08-19,20.1774787,21.0871937,20.09560435,20.40490745,7126431,161868226.09,22.068200
2020-08-20,20.1047015,20.11379865,19.38602665,19.6134554,5045442,108986916.14,15.624100
2020-08-21,19.69532975,19.80449555,19.44060955,19.60435825,3167435,68281400.05,9.808500
2020-08-24,19.5952611,19.6680383,19.11311215,19.3587352,2913444,61804266.6,9.022000
2020-08-25,19.3041523,19.73171835,19.29505515,19.58616395,3314158,71188057.97,10.262800
2020-08-26,19.5224839,20.15018725,19.5224839,19.64074685,4514764,98605083.87,13.980700
2020-08-27,19.58616395,20.01373,19.38602665,19.9227585,2715578,58981739.39,8.409200
2020-08-28,19.78630125,19.89546705,19.5588725,19.831787,2244557,48655949.02,6.950600
2020-08-31,19.9773414,20.15018725,19.84088415,20.0683129,2558275,56132734.6,7.922100
2020-09-01,20.01373,20.4321989,19.8681756,20.3958103,3251279,72182997.2,10.068100
2020-09-02,20.2320616,20.377616,19.69532975,19.8135927,3543553,77732188.43,10.973200
2020-09-03,19.69532975,19.89546705,19.3769295,19.4497067,2389366,51545618.18,7.399100
2020-09-04,19.2677637,19.7226212,19.1222093,19.7044269,1609307,34398155.02,4.983500
2020-09-07,19.53158105,19.7044269,19.2131808,19.3041523,1573704,33649170.03,4.873200
2020-09-08,19.31324945,19.649844,19.285958,19.4315124,1281361,27377639.99,3.967900
2020-09-09,19.4133181,19.7590098,19.1949865,19.5588725,2919594,62717341.52,9.041000
2020-09-10,19.58616395,20.09560435,19.5770668,19.82268985,3334027,72598458.78,10.324400
2020-09-11,19.9227585,19.9773414,19.104015,19.5588725,2745794,58786617.84,8.502800
2020-09-14,19.44060955,19.7772041,19.29505515,19.7226212,2129359,45878886.74,6.593900
2020-09-15,19.69532975,20.5049761,19.6316497,20.4867818,4726057,104720728.79,14.635000
2020-09-16,20.51407325,20.67782195,20.01373,20.5959476,4002363,89515063.94,12.394000
2020-09-17,20.49587895,20.7051134,20.13199295,20.2866445,3620823,81170070.4,11.212500
2020-09-18,20.2866445,20.56865615,20.1228958,20.31393595,2284886,51051910.13,7.075500
2020-09-21,20.31393595,20.31393595,19.87727275,19.98643855,1859901,40925929.71,5.759500
2020-09-22,19.84088415,20.67782195,19.40422095,20.51407325,3863946,85704958.48,11.965400
2020-09-23,20.69601625,20.85976495,20.3412274,20.559559,3013700,68231993.27,9.332400
2020-09-24,20.56865615,20.6141419,19.649844,20.18657585,2691558,59352808.35,8.334900
2020-09-25,20.22296445,20.91434785,20.0319243,20.7233077,4001678,90470123.35,12.391900
2020-09-28,20.8142792,21.05990225,18.6491575,18.7947119,11383519,245981036.04,35.251000
2020-09-29,18.9584606,18.9584606,16.91160185,17.23909925,7104008,135363038.25,21.998700
2020-09-30,17.102642,17.38465365,16.96618475,17.23909925,2904671,54996216.48,8.994800
2020-10-09,17.33007075,17.7030539,17.284585,17.6666653,2193418,42179086.68,6.792300
2020-10-12,17.5938881,18.0305513,17.56659665,17.9213855,2107136,41228875.53,6.525100
2020-10-13,17.87589975,17.91228835,17.648471,17.7394425,1626090,31706831.27,5.035500
2020-10-14,17.6302767,17.9031912,17.56659665,17.7212482,1654999,32149314.02,5.125000
2020-10-15,17.7940254,17.80312255,17.4119451,17.5211109,1413930,27415768.08,4.378500
2020-10-16,17.53020805,17.71215105,17.42104225,17.6302767,978985,18925142.93,3.031600
2020-10-19,17.62117955,17.648471,17.34826505,17.4301394,1240692,23864964.08,3.842000
2020-10-20,17.3573622,17.5938881,17.31187645,17.53020805,978673,18775212.56,3.030600
2020-10-21,17.47562515,17.63937385,17.34826505,17.4847223,980752,18827373.36,3.037100
2020-10-22,17.4119451,17.47562515,17.27548785,17.42104225,893664,17078408.68,2.767400
2020-10-23,17.36645935,17.5211109,17.1754192,17.2300021,1047204,19984393.23,3.242800
2020-10-26,17.102642,17.6120824,16.8661161,17.5211109,2293106,43723335.42,7.101000
2020-10-27,17.4483337,17.466528,17.2663907,17.3573622,1020259,19468020.78,3.159400
2020-10-28,17.34826505,17.4483337,17.1754192,17.34826505,720312,13692663.66,2.230600
2020-10-29,17.22090495,17.2663907,17.0298648,17.16632205,937384,17668378.69,2.902800
2020-10-30,17.2300021,17.38465365,16.7933389,17.1208363,1408653,26541076.7,4.362100
2020-11-02,17.102642,17.34826505,17.00257335,17.20271065,1632938,30934737.36,5.056700
2020-11-03,17.2118078,17.5211109,17.14812775,17.466528,1112793,21264832.07,3.445900
2020-11-04,17.51201375,17.53020805,17.25729355,17.43923655,1026128,19645407.04,3.177600
2020-11-05,17.47562515,17.60298525,17.3755565,17.53020805,1276397,24595883.35,3.952600
2020-11-06,17.60298525,18.012357,17.42104225,17.5029166,967570,18661718.1,2.996200
2020-11-09,17.648471,17.71215105,17.4119451,17.6302767,1757929,34008931.45,5.443700
2020-11-10,17.6848596,17.71215105,17.43923655,17.466528,1194689,23074903.5,3.699600
2020-11-11,17.54840235,17.94867695,17.466528,17.85770545,3232740,63178905.86,10.010700
2020-11-12,17.9213855,18.3034658,17.5574995,18.14881425,3162603,62325624.51,9.793500
2020-11-13,17.94867695,18.5036031,17.8486083,18.0851342,2225340,44415290.14,6.891100
2020-11-16,18.1943,18.27617435,17.8486083,18.02145415,1402902,27757273.58,4.344300
2020-11-17,18.1033285,18.376243,17.830414,18.0669399,1672463,33271398.79,5.179100
2020-11-18,17.9759684,18.23978575,17.94867695,18.07603705,1060310,21065425.78,3.283400
2020-11-19,18.1033285,18.1579114,18.00325985,18.07603705,1112600,22109317.0,3.445400
2020-11-20,18.05784275,18.1215228,17.76673395,17.82131685,1336960,26285087.0,4.140100
2020-11-23,17.82131685,17.8668026,17.7030539,17.7576368,977371,19095185.02,3.026600
2020-11-24,17.83951115,17.83951115,17.51201375,17.53020805,1029186,19907452.0,3.187000
2020-11-25,17.53020805,17.5574995,17.284585,17.4119451,1023300,19547168.68,3.168800
2020-11-26,17.4483337,17.5393052,17.3391679,17.53020805,610838,11721134.74,1.891600
2020-11-27,17.5574995,17.62117955,17.4483337,17.53020805,536566,10335081.92,1.661600
2020-11-30,17.5393052,17.60298525,17.40284795,17.5029166,680670,13103716.76,2.107800
2020-12-01,17.5574995,17.78492825,17.4847223,17.65756815,708135,13741140.65,2.192900
2020-12-02,17.7212482,17.73034535,17.58479095,17.69395675,662364,12871562.28,2.051100
2020-12-03,17.7212482,17.8122197,17.648471,17.65756815,720049,14021521.51,2.229800
2020-12-04,17.7212482,17.73034535,17.60298525,17.65756815,481400,9339670.0,1.490700
2020-12-07,17.60298525,17.65756815,17.47562515,17.60298525,473397,9133379.25,1.466000
2020-12-08,17.5574995,17.6302767,17.4301394,17.4301394,418443,8062737.73,1.295800
2020-12-09,17.5393052,17.5393052,16.96618475,17.466528,1043065,19731342.17,3.230000
2020-12-10,17.27548785,17.466528,17.1572249,17.4483337,597500,11377820.0,1.850300
2020-12-11,17.4119451,17.49381945,17.05715625,17.16632205,589500,11137849.0,1.825500
2020-12-14,17.23909925,17.25729355,17.0662534,17.25729355,430265,8107884.9,1.332400
2020-12-15,17.2118078,17.27548785,17.1390306,17.25729355,283138,5353086.66,0.876800
2020-12-16,17.284585,17.58479095,15.52883505,15.52883505,3600172,64031227.52,11.148500
2020-12-17,14.03690245,14.7191887,14.00051385,14.3189141,6788148,106924471.85,21.020600
2020-12-18,14.1187768,14.3189141,13.9550281,14.0641939,4037446,62658231.81,12.502600
2020-12-21,14.0459996,14.41898275,13.9914167,14.09148535,3085638,48129416.16,9.555200
2020-12-22,14.009611,14.05509675,13.7185022,13.7548908,2430102,36992207.83,7.525200
2020-12-23,13.7366965,13.9004452,13.45468485,13.463782,2031648,30466380.01,6.291300
2020-12-24,13.4273934,13.49107345,13.0817017,13.2636447,1944368,28331564.8,6.021100
2020-12-25,13.1544789,13.8640566,13.1544789,13.645725,1879472,27843071.2,5.820100
2020-12-28,13.72759935,14.1005825,13.3364219,13.3546162,1560896,23349914.24,4.833600
2020-12-29,13.4091991,13.4455877,13.1908675,13.25454755,1356656,19852446.64,4.201100
2020-12-30,13.30913045,13.463782,13.1180903,13.25454755,1412300,20593303.0,4.373400
2020-12-31,13.32732475,13.4273934,13.21815895,13.3546162,1484291,21725062.21,4.596400
2021-01-04,13.3546162,13.50926775,13.1908675,13.41829625,1453502,21367791.5,4.501000
2021-01-05,13.36371335,13.5547535,13.34551905,13.5365592,1311860,19423799.91,4.062400
2021-01-06,13.50926775,13.5547535,13.0635074,13.16357605,1462156,21316928.79,4.527800
2021-01-07,13.0271188,13.1544789,12.47219265,12.6086499,1808635,25282213.93,5.600700
2021-01-08,12.67232995,12.72691285,12.3357354,12.45399835,1122766,15439953.84,3.476800
2021-01-11,12.45399835,12.45399835,12.0628209,12.190181,1379146,18502381.88,4.270800
2021-01-12,12.190181,12.50858125,12.18108385,12.41760975,1438005,19600251.15,4.453000
2021-01-13,12.4449012,12.81788435,12.1719867,12.5176784,1911581,26363577.71,5.919500
2021-01-14,12.4630955,12.96343875,12.3539297,12.89066155,1744832,24465805.61,5.403200
2021-01-15,12.917953,13.32732475,12.79969005,13.32732475,1845299,26740636.27,5.714300
2021-01-18,13.34551905,13.50926775,12.99982735,13.0817017,1779028,25718215.14,5.509100
2021-01-19,13.0271188,13.1180903,12.8815644,13.05441025,1311656,18754683.36,4.061800
2021-01-20,13.0271188,13.45468485,12.9725359,13.3364219,1705800,24840715.0,5.282300
2021-01-21,13.3728105,13.5183649,13.2636447,13.29093615,1695400,24930567.0,5.250100
2021-01-22,13.30913045,13.9186395,13.2636447,13.52746205,3461280,51619717.16,10.718400
2021-01-25,13.61843355,13.67301645,12.96343875,13.5729478,2651920,38834662.3,8.212100
2021-01-26,13.5001706,13.9732224,13.36371335,13.6275307,2697169,40785182.6,8.352200
2021-01-27,13.4455877,13.69121075,13.2454504,13.52746205,1637369,24189792.27,5.070400
2021-01-28,13.50926775,13.74579365,12.9361473,13.01802165,1555569,22758900.42,4.817100
2021-01-29,13.0089245,13.18177035,12.554067,12.67232995,1453970,20494030.48,4.502500
2021-02-01,12.63594135,13.2636447,12.59955275,13.2272561,1370200,19591445.0,4.243100
2021-02-02,13.12718745,13.36371335,12.96343875,12.9907302,1081007,15617456.1,3.347500
2021-02-03,12.9907302,13.14538175,12.4449012,12.59955275,1128815,15801682.87,3.495600
2021-02-04,12.4812898,12.79969005,12.4085126,12.4994841,985276,13619877.68,3.051100
2021-02-05,12.56316415,13.74579365,12.372124,13.74579365,2599044,38069449.76,8.048400
2021-02-08,14.1005825,14.373497,13.05441025,13.14538175,4003085,59658622.23,12.396200
2021-02-09,13.10899315,13.21815895,12.6086499,12.96343875,2409231,33904368.61,7.460600
2021-02-10,12.8087872,13.1908675,12.6450385,12.72691285,1811016,25552515.0,5.608100
2021-02-18,12.83607865,13.1362846,12.56316415,13.01802165,1677018,23891689.56,5.193200
2021-02-19,12.9907302,13.5001706,12.9361473,13.40010195,1953734,28601419.82,6.050100
2021-02-22,13.41829625,13.80037655,13.3000333,13.34551905,2107235,31398352.28,6.525400
2021-02-23,13.281839,13.61843355,13.1726732,13.5911421,1472978,21722520.32,4.561300
2021-02-24,13.5911421,13.74579365,13.4273934,13.7003079,1759804,26332638.04,5.449500
2021-02-25,13.70940505,13.7366965,13.3364219,13.3728105,1394578,20667053.3,4.318500
2021-02-26,13.23635325,13.63662785,13.1908675,13.5365592,1213900,17973110.0,3.759000
2021-03-01,13.61843355,13.7366965,13.56385065,13.63662785,1233228,18502461.44,3.818900
2021-03-02,13.7185022,14.03690245,13.5911421,13.6821136,1740028,26355568.2,5.388300
2021-03-03,13.65482215,13.80037655,13.5365592,13.69121075,1201237,18042991.85,3.719800
2021-03-04,13.67301645,13.90954235,13.4091991,13.4455877,1367228,20497626.72,4.233800
2021-03-05,13.4455877,13.92773665,13.29093615,13.81857085,1643403,24810989.57,5.089100
2021-03-08,13.87315375,14.23703975,13.7548908,13.9186395,2281500,35065284.0,7.065000
2021-03-09,14.0823882,14.0823882,13.34551905,13.54565635,1488500,22319751.0,4.609400
2021-03-10,13.5911421,13.60023925,13.09079885,13.21815895,1379200,20166113.0,4.270900
2021-03-11,13.1908675,13.5001706,13.1726732,13.4455877,946447,13910624.44,2.930800
2021-03-12,13.36371335,13.4455877,13.21815895,13.281839,926382,13550841.61,2.868700
2021-03-15,13.2636447,13.30913045,12.9725359,13.0817017,860718,12431238.81,2.665400
2021-03-16,13.099896,13.3728105,13.099896,13.3000333,808000,11797692.0,2.502100
2021-03-17,13.32732475,13.7185022,13.281839,13.5729478,1252808,18611365.36,3.879500
2021-03-18,13.5729478,13.8458623,13.45468485,13.6821136,1491008,22332744.28,4.617200
2021-03-19,13.7366965,14.1005825,13.61843355,13.8640566,2290908,34914303.72,7.094200
2021-03-22,13.9004452,14.14606825,13.827668,14.14606825,2138616,32954523.9,6.622600
2021-03-23,14.10967965,14.1369711,13.69121075,13.7185022,1531469,23303297.52,4.742400
2021-03-24,13.7730851,13.87315375,13.60023925,13.7730851,1058300,15984710.0,3.277200
2021-03-25,13.81857085,13.9186395,13.6275307,13.6275307,1112088,16827319.32,3.443800
2021-03-26,13.69121075,13.89134805,13.5183649,13.7185022,1125706,16952668.28,3.485900
2021-03-29,13.7003079,13.9914167,13.5547535,13.8822509,1364300,20631493.24,4.224800
2021-03-30,13.87315375,13.98231955,13.6275307,13.8458623,1272853,19289776.38,3.941600
2021-03-31,14.3916913,15.1740462,14.191554,14.2825255,6017624,96068618.83,18.634600
2021-04-01,14.01870815,15.43786355,14.01870815,15.12856045,6440424,106019790.93,19.943800
2021-04-02,14.71009155,15.36508635,14.4462742,15.0102975,4878253,79778649.44,15.106300
2021-04-06,14.81925735,15.2104348,14.65550865,15.05578325,2879670,47309750.01,8.917400
2021-04-07,15.0830747,15.3923778,14.60092575,15.18314335,5156084,84928974.61,15.966700
2021-04-08,15.01939465,15.7198752,15.0102975,15.0102975,5577714,93849558.46,17.272300
2021-04-09,14.9011317,16.192927,14.7919659,15.69258375,6810981,115996103.58,21.091300
2021-04-12,15.7380695,16.02008115,15.31050345,15.5561265,4972022,84978840.89,15.396700
2021-04-13,15.43786355,15.7926524,14.737383,15.1922405,3977656,66381706.28,12.317500
2021-04-14,15.2468234,16.71146455,15.2468234,16.71146455,2897899,51824354.4,8.973800
2021-04-15,18.38534015,18.38534015,17.5393052,18.38534015,6981642,140858502.9,21.619800
2021-04-16,16.5932016,17.7394425,16.54771585,16.54771585,12312700,229417206.1,38.128300
2021-04-19,15.7016809,15.9200125,15.3014063,15.7380695,8382214,144031864.44,25.956900
2021-04-20,15.5379322,15.91091535,15.465155,15.5925151,5230600,90207370.6,16.197400
2021-04-21,15.5561265,16.82063035,15.5561265,16.5932016,7404906,130096817.78,22.930500
2021-04-22,15.9927897,16.9025047,15.69258375,16.87521325,6476891,116503772.32,20.056800
2021-04-23,17.22090495,17.5393052,15.5561265,15.5743208,8169889,147008792.21,25.299400
2021-04-26,14.9375203,15.18314335,14.01870815,14.01870815,6935675,109941617.93,21.477500
2021-04-27,14.009611,14.14606825,13.65482215,13.90954235,2986244,45441268.56,9.247400
2021-04-28,13.9550281,13.9914167,13.60023925,13.6821136,2422400,36595357.91,7.501400
2021-04-29,13.78218225,14.0459996,13.6639193,13.6821136,2210295,33573541.76,6.844500
2021-04-30,13.6821136,13.72759935,13.2636447,13.3000333,2319291,34102400.6,7.182100
2021-05-06,13.1726732,13.40010195,13.14538175,13.281839,1254828,18362590.04,3.885800
2021-05-07,13.281839,13.4455877,13.1362846,13.1726732,1201368,17444436.72,3.720200
2021-05-10,13.1726732,13.2272561,12.87246725,13.07260455,1731240,24720510.6,5.361100
2021-05-11,13.05441025,13.49107345,12.96343875,13.3728105,1860940,27190102.4,5.762700
2021-05-12,13.1908675,13.34551905,13.1544789,13.3182276,1250200,18204620.0,3.871500
2021-05-13,13.23635325,13.3546162,13.1726732,13.1908675,1259200,18331718.0,3.899300
2021-05-14,13.1908675,13.30913045,13.1726732,13.29093615,1222800,17824041.0,3.786600
2021-05-17,13.29093615,13.29093615,12.85427295,13.0453131,1579300,22565464.0,4.890600
2021-05-18,13.0089245,13.1726732,12.917953,13.1726732,1096128,15686651.88,3.394300
2021-05-19,13.1180903,13.23635325,13.01802165,13.19996465,1002997,14513366.5,3.105900
2021-05-20,13.14538175,13.34551905,13.01802165,13.2636447,1187997,17253587.07,3.678800
2021-05-21,13.29093615,13.5911421,13.1908675,13.45468485,1756197,25935688.69,5.438400
2021-05-24,13.463782,13.5547535,13.281839,13.36371335,1033300,15212694.0,3.199800
2021-05-25,13.3000333,13.50926775,13.19996465,13.45468485,1245953,18306310.27,3.858300
2021-05-26,13.4273934,13.61843355,13.3728105,13.5729478,1452725,21647674.29,4.498600
2021-05-27,13.5729478,13.85495945,13.50926775,13.7548908,1403900,21184848.0,4.347400
2021-05-28,13.8458623,14.1369711,13.7366965,13.76398795,2786056,42780785.56,8.627500
2021-05-31,13.69121075,13.81857085,13.4819763,13.80037655,1502400,22520988.0,4.652400
2021-06-01,13.74579365,13.9732224,13.7003079,13.81857085,1205100,18304147.0,3.731800
2021-06-02,13.9186395,13.96412525,13.80037655,13.827668,1200053,18293920.87,3.716200
2021-06-03,13.8094737,13.90954235,13.7366965,13.7366965,1129900,17157909.0,3.498900
2021-06-04,13.7366965,13.7912794,13.5365592,13.56385065,1069797,16014507.06,3.312800
2021-06-07,13.56385065,13.7003079,13.5183649,13.5911421,814083,12147521.39,2.520900
2021-06-08,13.61843355,13.78218225,13.54565635,13.69121075,810300,12177946.6,2.509200
2021-06-09,13.69121075,13.78218225,13.61843355,13.76398795,517262,7787029.1,1.601800
2021-06-10,13.7366965,13.81857085,13.6821136,13.7548908,855131,12929772.1,2.648100
2021-06-11,13.8094737,14.25523405,13.8094737,13.92773665,2710131,41922184.1,8.392400
2021-06-15,13.827668,13.9004452,13.3000333,13.38190765,2121100,31552593.0,6.568300
2021-06-16,13.4455877,13.4455877,13.10899315,13.16357605,1027597,14905940.01,3.182100
2021-06-17,13.1908675,13.25454755,13.099896,13.19996465,640969,9295570.29,1.984900
2021-06-18,13.2090618,13.25454755,13.0817017,13.2454504,486700,7048855.0,1.507100
2021-06-21,13.16357605,13.3728105,13.099896,13.30913045,626700,9130626.0,1.940700
2021-06-22,13.3000333,13.54565635,13.3000333,13.463782,834822,12329157.96,2.585200
2021-06-23,13.41829625,13.5001706,13.38190765,13.4455877,626538,9257693.5,1.940200
2021-06-24,13.4455877,13.4455877,13.30913045,13.3546162,640427,9419803.28,1.983200
2021-06-25,13.3728105,13.5001706,13.34551905,13.47287915,800269,11813783.89,2.478200
2021-06-28,13.4273934,13.58204495,13.41829625,13.52746205,693169,10301834.34,2.146500
2021-06-29,13.5183649,13.5183649,13.281839,13.3910048,739500,10897140.0,2.290000
2021-06-30,13.3546162,13.4819763,13.29093615,13.34551905,536700,7886430.0,1.662000
2021-07-01,13.34551905,13.4273934,13.1908675,13.1908675,495700,7264683.0,1.535000
2021-07-02,13.1908675,13.19996465,13.05441025,13.099896,611097,8816275.8,1.892400
2021-07-05,13.0817017,13.463782,13.0817017,13.3000333,658900,9598834.0,2.040400
2021-07-06,13.2454504,13.4455877,13.16357605,13.3000333,748100,10947135.0,2.316600
2021-07-07,13.30913045,13.41829625,13.2636447,13.38190765,668997,9835205.93,2.071700
2021-07-08,13.4273934,13.463782,13.099896,13.23635325,898381,13053437.79,2.782000
2021-07-09,13.14538175,13.2636447,13.0817017,13.21815895,486700,7046232.0,1.507100
2021-07-12,13.2272561,13.3182276,13.19996465,13.2272561,700300,10199911.0,2.168600
2021-07-13,13.2454504,13.3364219,13.18177035,13.3182276,680200,9931024.0,2.106400
2021-07-14,13.3182276,13.5729478,13.29093615,13.3546162,1001256,14735218.58,3.100600
2021-07-15,13.32732475,13.34551905,13.09079885,13.19996465,765721,11114446.19,2.371200
2021-07-16,13.19996465,13.2454504,13.0089245,13.0089245,646421,9335748.5,2.001800
2021-07-19,13.0089245,13.1180903,12.50858125,12.67232995,1490200,20738977.0,4.614700
2021-07-20,12.63594135,12.73601,12.5176784,12.65413565,468500,6492236.0,1.450800
2021-07-21,12.6632328,12.79969005,12.6632328,12.7178157,523300,7326312.0,1.620500
2021-07-22,12.79969005,12.79969005,12.63594135,12.73601,495077,6917965.6,1.533100
2021-07-23,12.72691285,12.8087872,12.47219265,12.4812898,937208,12974984.85,2.902200
2021-07-26,12.4994841,12.5722613,12.21747245,12.2629582,636578,8626047.6,1.971300
2021-07-27,12.3539297,12.50858125,12.2629582,12.2811525,713357,9713713.03,2.209000
2021-07-28,12.32663825,12.8269815,11.98094655,12.4630955,1475166,20143465.4,4.568100
2021-07-29,12.4085126,12.61774705,12.4085126,12.52677555,845377,11660182.46,2.617900
2021-07-30,12.45399835,12.58135845,12.3903183,12.54496985,653203,8967827.44,2.022800
2021-08-02,12.554067,12.6814271,12.45399835,12.63594135,635169,8789847.34,1.966900
2021-08-03,12.65413565,12.7178157,12.61774705,12.6450385,734214,10214436.49,2.273600
2021-08-04,12.6450385,12.7178157,12.6086499,12.6450385,557892,7750206.96,1.727600
2021-08-05,12.69052425,12.917953,12.58135845,12.67232995,921700,12889412.0,2.854200
2021-08-06,12.7723986,12.7723986,12.49038695,12.6632328,881214,12193246.81,2.728800
2021-08-09,12.60745068,12.80269881,12.5516655,12.7376161,946407,12926888.02,2.930700
2021-08-10,12.77480622,12.90497164,12.71902104,12.87707905,602911,8321560.14,1.867000
2021-08-11,13.03513706,13.23038519,12.95145929,12.98864941,1303264,18318050.35,4.035800
2021-08-12,13.16530248,13.16530248,12.94216176,12.94216176,910600,12760334.0,2.819800
2021-08-13,12.94216176,12.97935188,12.82129387,12.88637658,808900,11220116.0,2.504900
2021-08-16,12.91426917,13.07232718,12.91426917,13.02583953,687328,9613629.88,2.128400
2021-08-17,13.016542,13.21179013,12.78410375,12.79340128,971928,13563008.56,3.009700
2021-08-18,12.70972351,12.97005435,12.70972351,12.96075682,690417,9566685.8,2.138000
2021-08-19,12.95145929,13.03513706,12.85848399,12.88637658,447728,6228571.8,1.386500
2021-08-20,12.81199634,12.97935188,12.67253339,12.80269881,581709,8000298.94,1.801400
2021-08-23,12.8305914,13.13740989,12.79340128,13.09092224,851714,11931478.31,2.637500
2021-08-24,13.12811236,13.18389754,12.99794694,13.10021977,673869,9485656.69,2.086700
2021-08-25,13.14670742,13.19319507,13.04443459,13.19319507,658828,9309302.36,2.040200
2021-08-26,13.15600495,13.26757531,13.06302965,13.23038519,826370,11695595.2,2.559000
2021-08-27,13.2024926,13.25827778,12.93286423,13.016542,658111,9235961.23,2.038000
2021-08-30,13.016542,13.15600495,12.9235667,12.97935188,674100,9460141.0,2.087500
2021-08-31,12.99794694,13.06302965,12.80269881,12.85848399,832640,11573215.2,2.578400
2021-09-01,12.90497164,13.2024926,12.84918646,13.17460001,1337740,18806416.2,4.142500
2021-09-02,13.15600495,13.22108766,12.99794694,13.17460001,932800,13147028.0,2.888600
2021-09-03,13.17460001,13.24898025,13.10021977,13.19319507,775897,11006477.49,2.402700
2021-09-06,13.23968272,13.2954679,13.12811236,13.24898025,764428,10862039.8,2.367200
2021-09-07,13.4814185,13.7603444,13.33265802,13.36055061,1650930,23851105.82,5.112400
2021-09-08,13.37914567,13.56509627,13.36055061,13.53720368,1306033,18915274.41,4.044300
2021-09-09,13.4814185,13.56509627,13.42563332,13.45352591,767400,11121601.0,2.376400
2021-09-10,13.51860862,13.62088145,13.33265802,13.37914567,897697,12962978.95,2.779900
2021-09-13,13.43493085,13.50001356,13.31406296,13.4814185,852548,12284532.89,2.640100
2021-09-14,13.47212097,13.52790615,13.21179013,13.25827778,673700,9668744.0,2.086200
2021-09-15,13.28617037,13.46282344,13.18389754,13.41633579,745392,10675556.8,2.308200
2021-09-16,13.41633579,13.53720368,13.25827778,13.26757531,940112,13563496.28,2.911200
2021-09-17,13.2024926,13.31406296,13.04443459,13.25827778,738200,10457268.19,2.286000
2021-09-22,13.13740989,13.21179013,13.016542,13.1095173,788269,11091388.09,2.441000
2021-09-23,13.11881483,13.31406296,13.10021977,13.15600495,594481,8452717.29,1.840900
2021-09-24,13.46282344,13.47212097,12.93286423,12.94216176,957400,13451268.0,2.964700
2021-09-27,12.94216176,12.99794694,12.5516655,12.57026056,742294,10121520.76,2.298600
2021-09-28,12.57955809,12.67253339,12.52377291,12.63534327,451100,6103305.0,1.396900
2021-09-29,12.60745068,12.61674821,12.37501243,12.37501243,529608,7102624.43,1.640000
2021-09-30,12.3657149,12.48658279,12.28203713,12.47728526,478955,6405511.45,1.483200
2021-10-08,12.50517785,12.79340128,12.50517785,12.71902104,779055,10628423.15,2.412500
2021-10-11,12.80269881,13.19319507,12.67253339,12.91426917,887835,12293275.06,2.749300
2021-10-12,12.82129387,12.99794694,12.74691363,12.83988893,601800,8325541.0,1.863600
2021-10-13,12.83988893,13.05373212,12.81199634,12.97935188,659600,9187603.0,2.042600
2021-10-14,12.89567411,13.06302965,12.89567411,12.99794694,509800,7124006.0,1.578700
2021-10-15,13.09092224,13.09092224,12.89567411,12.93286423,588840,8232252.6,1.823400
2021-10-18,13.10021977,13.10021977,12.7376161,13.06302965,318097,4452349.85,0.985000
2021-10-19,12.93286423,13.03513706,12.81199634,12.8305914,473600,6585024.0,1.466600
2021-10-20,12.88637658,12.94216176,12.70972351,12.7376161,371900,5110754.0,1.151700
2021-10-21,12.79340128,12.89567411,12.5516655,12.62604574,456500,6221278.0,1.413600
2021-10-22,12.60745068,12.74691363,12.53307044,12.53307044,490797,6651297.53,1.519800
2021-10-25,12.5516655,12.59815315,12.39360749,12.49588032,225440,3036139.2,0.698100
2021-10-26,12.50517785,12.57955809,12.42150008,12.44939267,335700,4508442.0,1.039600
2021-10-27,12.44939267,12.51447538,12.086789,12.13327665,701800,9222706.0,2.173200
2021-10-28,12.13327665,12.22625195,12.04959888,12.19835936,382800,4997227.0,1.185400
2021-10-29,12.19835936,12.35641737,12.15187171,12.32852478,315600,4161463.0,0.977300
2021-11-01,12.33782231,12.62604574,12.29133466,12.52377291,526100,7076968.0,1.629200
2021-11-02,12.58885562,12.63534327,12.42150008,12.47728526,511362,6903049.24,1.583500
2021-11-03,12.47728526,12.70972351,12.41220255,12.63534327,490340,6632130.6,1.518400
2021-11-04,12.63534327,12.87707905,12.58885562,12.78410375,448466,6150372.86,1.388700
2021-11-05,12.8305914,12.96075682,12.71902104,12.81199634,484100,6684669.0,1.499100
2021-11-08,12.75621116,12.99794694,12.75621116,12.93286423,449100,6248163.0,1.390700
2021-11-09,12.95145929,13.05373212,12.89567411,13.04443459,537070,7513799.6,1.663100
2021-11-10,13.04443459,13.11881483,12.93286423,13.1095173,576900,8094869.0,1.786500
2021-11-11,13.10021977,13.30476543,12.98864941,13.17460001,787098,11199668.79,2.437400
2021-11-12,13.18389754,13.60228639,13.1095173,13.40703826,1210212,17450207.31,3.747600
2021-11-15,13.42563332,13.55579874,13.35125308,13.49071603,880157,12752497.18,2.725600
2021-11-16,13.49071603,13.96489006,13.41633579,13.68596416,2344281,34725288.28,7.259500
2021-11-17,13.65807157,13.90910488,13.49071603,13.76964193,1244086,18296623.24,3.852500
2021-11-18,13.82542711,13.95559253,13.47212097,13.49071603,871900,12839674.0,2.700000
2021-11-19,13.86261723,13.86261723,13.40703826,13.61158392,696316,10189937.16,2.156300
2021-11-22,13.58369133,13.79753452,13.52790615,13.63947651,528800,7761487.0,1.637500
2021-11-23,13.49071603,13.7603444,13.49071603,13.63947651,586000,8609670.0,1.814600
2021-11-24,13.93699747,13.93699747,13.5743938,13.7603444,769528,11373596.6,2.383000
2021-11-25,13.81612958,14.0392703,13.68596416,13.78823699,887500,13238654.0,2.748300
2021-11-26,13.78823699,13.87191476,13.58369133,13.71385675,435800,6419826.0,1.349500
2021-11-29,13.41633579,13.54650121,13.34195555,13.35125308,521200,7519780.0,1.614000
2021-11-30,13.44422838,13.7603444,13.41633579,13.61158392,703194,10301478.88,2.177600
2021-12-01,13.61158392,13.89980735,13.56509627,13.83472464,920000,13662995.0,2.848900
2021-12-02,13.8533197,13.95559253,13.63947651,13.72315428,436500,6456576.0,1.351700
2021-12-03,13.68596416,13.93699747,13.58369133,13.84402217,719500,10693458.0,2.228100
2021-12-06,13.88121229,13.93699747,13.40703826,13.50001356,647600,9472233.0,2.005400
2021-12-07,13.54650121,13.80683205,13.13740989,13.24898025,1250600,17929542.0,3.872700
2021-12-08,13.32336049,13.43493085,13.21179013,13.28617037,429969,6147557.39,1.331500
2021-12-09,13.28617037,14.61571716,13.28617037,13.98348512,4177990,63578792.17,12.937800
2021-12-10,13.97418759,14.02997277,13.63947651,13.67666663,1987600,29419020.0,6.154900
2021-12-13,13.68596416,13.91840241,13.58369133,13.59298886,1452800,21383479.0,4.498800
2021-12-14,13.61158392,13.99278265,13.4814185,13.8533197,1551528,22981714.0,4.804600
2021-12-15,13.91840241,13.946295,13.7603444,13.81612958,800900,11915779.0,2.480100
2021-12-16,13.81612958,13.90910488,13.76964193,13.90910488,946700,14104704.0,2.931600
2021-12-17,13.90910488,15.30373438,13.79753452,15.30373438,6059609,96803959.71,18.764600
2021-12-20,16.0847269,16.0847269,14.79237023,15.805801,10247643,171498486.59,31.733500
2021-12-21,15.39670968,15.78720594,15.11778378,15.73142076,5734778,94881192.96,17.758700
2021-12-22,17.30270333,17.30270333,16.50311575,17.30270333,10148527,187303000.97,31.426600
2021-12-23,18.51138223,19.03204391,17.665307,19.03204391,17335127,350804772.33,53.681100
2021-12-24,19.41324264,19.8037389,17.12605026,17.12605026,12288111,241975050.19,38.052200
2021-12-27,15.41530474,15.41530474,15.41530474,15.41530474,1572900,26078682.0,4.015500
2021-12-28,14.1322456,16.41943798,13.87191476,15.28513932,16016381,248286312.82,40.888200
2021-12-29,14.47625421,14.66220481,14.09505548,14.30889867,9123179,141067960.48,23.290600
2021-12-30,14.27170855,14.45765915,14.16013819,14.40187397,6192199,95225813.63,15.808100
2021-12-31,14.27170855,14.36468385,14.14154313,14.16943572,4403900,67391146.0,11.242700
2022-01-04,14.16013819,14.55993198,14.10435301,14.42976656,5647200,87269995.0,14.416700
2022-01-05,14.44836162,14.56922951,14.17873325,14.43906409,4919290,75990678.0,12.558500
2022-01-06,14.32749373,14.71798999,14.28100608,14.51344433,4446500,69570189.67,11.351500
2022-01-07,14.5041468,14.7830727,14.14154313,14.30889867,5279900,82287886.23,13.479100
2022-01-10,14.27170855,14.42976656,13.95559253,14.34608879,3118700,47921659.0,7.961700
2022-01-11,14.40187397,14.64360975,14.35538632,14.51344433,3331700,51967631.0,8.505500
2022-01-12,14.44836162,14.80166776,14.2252209,14.68079987,3609802,56759945.22,9.215500
2022-01-13,14.76447764,15.2479492,14.5971221,15.0619986,5497552,88713408.82,14.034700
2022-01-14,14.90394059,15.10848625,14.4111715,14.52274186,4717200,74609220.0,12.042500
2022-01-17,14.48555174,14.79237023,14.39257644,14.63431222,3005502,47227432.22,7.672700
2022-01-18,14.63431222,14.64360975,14.07646042,14.1322456,3485400,53305323.0,8.897900
2022-01-19,14.1322456,14.73658505,14.10435301,14.63431222,3908702,60943179.28,9.978500
2022-01-20,14.73658505,14.73658505,13.95559253,14.02997277,3159400,48109204.0,8.065600
2022-01-21,13.95559253,14.1322456,13.56509627,13.8533197,2092801,31024118.69,5.342700
2022-01-24,13.7603444,13.87191476,13.53720368,13.68596416,1047600,15418173.0,2.674400
2022-01-25,13.5743938,13.68596416,12.94216176,12.94216176,1972390,28048074.0,5.035300
2022-01-26,12.95145929,13.2954679,12.95145929,13.2024926,1362300,19281402.0,3.477800
2022-01-27,13.23968272,13.24898025,12.87707905,13.03513706,1845300,25921094.0,4.710900
2022-01-28,13.03513706,14.11365054,13.02583953,13.80683205,3754900,55243415.0,9.585900
2022-02-07,13.86261723,14.23451843,13.52790615,14.16943572,2287790,34370044.4,5.840500
2022-02-08,14.08575795,14.40187397,13.97418759,14.37398138,1775300,27147392.0,4.532200
2022-02-09,14.3181962,14.97832083,14.17873325,14.876048,3816590,60004054.5,9.743400
2022-02-10,14.95972577,15.25724673,14.55993198,15.0619986,3497197,56073295.98,8.928000
2022-02-11,15.11778378,15.2479492,14.5971221,14.61571716,1669700,26560630.34,4.262600
2022-02-14,14.62501469,14.81096529,14.42046903,14.67150234,1492200,23533735.0,3.809400
2022-02-15,14.57852704,15.13637884,14.39257644,15.04340354,2874000,45966946.0,7.337000
2022-02-16,15.12708131,15.74071829,14.89464306,15.73142076,3704200,61187881.06,9.456400
2022-02-17,15.73142076,15.73142076,15.16427143,15.25724673,3168766,52291315.42,8.089500
2022-02-18,15.32232944,15.41530474,14.93183318,15.35022203,1537700,25185619.0,3.925600
2022-02-21,15.3409245,15.41530474,15.07129613,15.35951956,1587700,26034800.0,4.053200
2022-02-22,15.35951956,15.35951956,14.92253565,15.09918872,1566500,25439626.0,3.999100
2022-02-23,15.07129613,15.22935414,14.76447764,14.85745294,1457500,23344315.0,3.720900
2022-02-24,14.82026282,15.05270107,14.1322456,14.45765915,1593901,25028998.61,4.069100
2022-02-25,14.45765915,14.80166776,14.45765915,14.70869246,1019800,16122906.0,2.603400
2022-02-28,14.76447764,14.76447764,14.3181962,14.49484927,777200,12116285.0,1.984100
2022-03-01,14.49484927,14.67150234,14.34608879,14.47625421,849600,13229184.0,2.168900
2022-03-02,14.37398138,14.56922951,14.32749373,14.42976656,814777,12666205.0,2.080000
2022-03-03,14.42976656,15.26654426,14.4111715,15.1549739,2324300,37275001.0,5.933700
2022-03-04,15.31303191,15.31303191,14.69939493,14.92253565,1992200,32192091.0,5.085900
2022-03-07,14.93183318,15.00621342,14.51344433,14.6900974,1238009,19640865.0,3.160500
2022-03-08,14.62501469,14.65290728,13.90910488,14.00208018,1343700,20500532.0,3.430300
2022-03-09,14.00208018,14.12294807,13.12811236,13.7603444,1144700,16897882.0,2.922300
2022-03-10,13.88121229,14.43906409,13.88121229,14.36468385,1327428,20339177.0,3.388800
2022-03-11,14.3181962,14.39257644,13.93699747,14.30889867,1020500,15532422.0,2.605200
2022-03-14,14.2252209,14.2252209,13.82542711,13.82542711,607500,9181068.0,1.550900
2022-03-15,13.71385675,13.89050982,13.07232718,13.1095173,935469,13582518.0,2.388200
2022-03-16,13.24898025,13.52790615,12.84918646,13.41633579,959200,13604344.0,2.448700
2022-03-17,13.50001356,13.88121229,13.50001356,13.67666663,998500,14715970.0,2.549100
2022-03-18,13.75104687,14.10435301,13.5743938,13.946295,909481,13622846.29,2.321800
2022-03-21,14.02997277,14.24381596,13.946295,14.23451843,914000,13899991.0,2.333300
2022-03-22,14.25311349,14.86675047,13.97418759,14.51344433,1769600,27465143.0,4.517600
2022-03-23,14.5041468,14.56922951,14.2252209,14.39257644,1174400,18173707.0,2.998100
2022-03-24,14.27170855,14.32749373,13.99278265,14.12294807,923400,14038075.0,2.357300
2022-03-25,14.15084066,14.40187397,14.0392703,14.14154313,702800,10769002.0,1.794200
2022-03-28,14.1322456,14.30889867,13.76964193,14.16943572,744100,11266138.0,1.899600
2022-03-29,14.18803078,14.30889867,13.71385675,13.78823699,760200,11370824.0,1.940700
2022-03-30,13.90910488,14.15084066,13.62088145,14.12294807,862100,12940832.0,2.200900
2022-03-31,14.10435301,14.62501469,14.04856783,14.4111715,1415500,21952150.0,3.613600
2022-04-01,14.42976656,14.55993198,14.05786536,14.10435301,988500,15070956.0,2.523500
2022-04-06,14.21592337,14.82956035,14.11365054,14.73658505,1761400,27743346.0,4.496700
2022-04-07,14.56922951,14.82956035,14.29960114,14.29960114,1290800,20217436.0,3.295300
2022-04-08,14.29960114,15.26654426,14.2252209,14.9690233,3247500,51802674.0,8.290500
2022-04-11,14.82956035,15.32232944,14.65290728,14.93183318,4465300,72413134.0,11.399500
2022-04-12,14.876048,15.19216402,14.4111715,15.1549739,2728469,43395620.27,6.965500
2022-04-13,15.0619986,15.0619986,14.27170855,14.56922951,2115621,33233674.86,5.401000
2022-04-14,14.57852704,14.92253565,14.42976656,14.62501469,1767500,27785572.0,4.512200
2022-04-15,14.45765915,14.5971221,13.60228639,13.63017898,2258700,33759630.0,5.766200
2022-04-18,13.4814185,14.21592337,13.16530248,14.21592337,1561600,23241435.0,3.986600
2022-04-19,14.34608879,14.34608879,13.77893946,14.00208018,968801,14566024.06,2.473300
2022-04-20,14.12294807,15.12708131,14.05786536,14.28100608,2045701,32057812.11,5.222500
2022-04-21,14.28100608,14.73658505,13.73245181,13.77893946,1627000,24843528.0,4.153600
2022-04-22,13.45352591,14.06716289,13.41633579,13.74174934,1011000,14949842.0,2.581000
2022-04-25,13.69526169,13.74174934,12.58885562,12.85848399,1592300,22493179.0,4.065000
2022-04-26,12.95145929,13.016542,12.04959888,12.05889641,1287700,17222577.0,3.287400
2022-04-27,11.92873099,12.2727396,11.51034214,12.2727396,1373000,17539598.0,3.505100
2022-04-28,12.1797643,12.48658279,11.53823473,11.73348286,1053900,13494825.0,2.690500
2022-04-29,11.89154087,12.54236797,11.88224334,12.47728526,1204800,15941603.0,3.075700
2022-05-05,12.54236797,12.78410375,12.14257418,12.59815315,1119100,15032101.0,2.856900
2022-05-06,12.29133466,12.48658279,12.10538406,12.14257418,803600,10596745.0,2.051500
2022-05-09,12.29133466,12.67253339,12.086789,12.60745068,889300,11932933.0,2.270300
2022-05-10,12.30063219,12.80269881,12.30063219,12.72831857,871100,11855182.0,2.223800
2022-05-11,12.76550869,13.05373212,12.75621116,12.77480622,1273200,17681104.0,3.250400
2022-05-12,12.76550869,13.1095173,12.61674821,13.016542,898200,12486459.0,2.293000
2022-05-13,13.016542,13.3884432,13.016542,13.1095173,718600,10170368.02,1.834500
2022-05-16,13.2954679,13.34195555,13.00724447,13.14670742,617349,8770268.72,1.576000
2022-05-17,13.14670742,13.17460001,12.75621116,12.94216176,543100,7527916.0,1.386500
2022-05-18,12.98864941,13.24898025,12.83988893,13.18389754,521700,7374836.0,1.331800
2022-05-19,13.016542,13.34195555,12.91426917,13.2024926,710666,10097210.62,1.814300
2022-05-20,13.30476543,13.36984814,13.13740989,13.22108766,548500,7802956.0,1.400300
2022-05-23,13.24898025,13.35125308,13.13740989,13.19319507,400900,5698158.0,1.023500
2022-05-24,13.22108766,13.24898025,12.51447538,12.58885562,811300,11234540.0,2.071200
2022-05-25,12.58885562,12.87707905,12.58885562,12.8305914,534500,7340617.0,1.364500
2022-05-26,12.8305914,12.86778152,12.56096303,12.84918646,561600,7695726.0,1.433700
2022-05-27,12.93286423,13.00724447,12.76550869,12.87707905,452300,6278319.0,1.154700
2022-05-30,13.17460001,13.18389754,12.89567411,13.18389754,596600,8379573.0,1.523100
2022-05-31,13.18389754,13.61158392,12.96075682,13.33265802,1169000,16841654.0,2.984300
2022-06-01,13.33265802,13.63017898,13.22108766,13.46282344,667700,9683404.0,1.704600
2022-06-02,13.56509627,13.5743938,13.24898025,13.53720368,559727,8089065.63,1.428900
2022-06-06,13.39774073,14.02997277,13.39774073,13.99278265,1165478,17397469.42,2.975300
2022-06-07,14.02997277,14.2252209,13.72315428,13.83472464,776627,11626760.57,1.982700
2022-06-08,13.8533197,14.10435301,13.6673691,13.93699747,1133400,16979815.0,2.893500
2022-06-09,13.93699747,14.17873325,13.5743938,13.6673691,728900,10777582.0,1.860800
2022-06-10,13.6673691,13.74174934,13.44422838,13.4814185,707400,10323563.0,1.805900
2022-06-13,13.47212097,13.56509627,13.04443459,13.4814185,822800,11847137.0,2.100500
2022-06-14,13.3884432,13.45352591,13.00724447,13.34195555,684200,9699228.0,1.746700
2022-06-15,13.46282344,13.47212097,13.22108766,13.26757531,737800,10571333.0,1.883500
2022-06-16,13.26757531,13.35125308,13.18389754,13.24898025,360300,5136219.22,0.919800
2022-06-17,13.17460001,13.34195555,12.91426917,13.09092224,594100,8354009.0,1.516700
2022-06-20,13.09092224,13.63947651,13.09092224,13.54650121,875400,12648009.0,2.234800
2022-06-21,13.64877404,13.75104687,13.35125308,13.53720368,710900,10374615.0,1.814900
2022-06-22,13.69526169,13.69526169,13.36984814,13.49071603,509700,7391061.0,1.301200
2022-06-23,13.52790615,13.63017898,13.27687284,13.52790615,683900,9911580.0,1.745900
2022-06-24,13.63017898,13.70455922,13.56509627,13.70455922,675800,9914896.0,1.725200
2022-06-27,13.71385675,13.99278265,13.58369133,13.77893946,783500,11674219.0,2.000200
2022-06-28,13.92769994,13.99278265,13.68596416,13.88121229,700400,10438289.0,1.788100
2022-06-29,14.01404186,14.09943548,13.62502648,13.71990828,761900,11067120.0,1.945100
2022-06-30,13.5680974,13.90967188,13.5680974,13.8053019,738856,10732554.92,1.886200
2022-07-01,13.9950655,15.19057618,13.70093192,14.10892366,2205497,33249596.57,5.630400
2022-07-04,14.03301822,14.28919908,13.64400284,13.72939646,1657600,24201231.0,4.231700
2022-07-05,13.77683736,13.84325462,13.22652292,13.49219196,1206800,17107900.0,3.080800
2022-07-06,13.49219196,13.49219196,13.07471204,13.20754656,875112,12183615.48,2.234100
2022-07-07,13.26447564,13.34038108,13.12215294,13.13164112,678641,9431071.44,1.732500
2022-07-08,13.15061748,13.35935744,13.15061748,13.34038108,603478,8461181.9,1.540600
2022-07-11,13.45423924,13.45423924,13.12215294,13.40679834,576900,8092810.0,1.472800
2022-07-12,13.3308929,13.4732156,12.96085388,13.00829478,1068200,14828761.0,2.727000
2022-07-13,13.01778296,13.4257747,12.8564839,13.3783338,862800,12076459.0,2.202600
2022-07-14,13.46372742,13.4732156,13.283452,13.39731016,580390,8193401.2,1.481700
2022-07-15,13.31191654,13.45423924,13.05573568,13.07471204,639000,8857548.0,1.631300
2022-07-18,13.07471204,13.53963286,12.96085388,13.5206565,859600,12164694.0,2.194500
2022-07-19,13.57758558,14.00455368,13.44475106,13.93813642,1499112,21756804.84,3.827100
2022-07-20,14.02353004,14.66872628,13.81479008,14.28919908,2105700,31899290.0,5.375600
2022-07-21,14.38408088,14.66872628,14.05199458,14.36510452,1361700,20702065.0,3.476300
2022-07-22,14.45049814,14.95337168,14.10892366,14.64026174,1599897,24587861.35,4.084400
2022-07-25,14.59282084,15.0387653,14.35561634,14.85848988,1948597,30534561.84,4.974600
2022-07-26,14.85848988,15.26648162,14.66872628,15.21904072,2300200,36537509.06,5.872200
2022-07-27,15.181088,15.35187524,14.98183622,15.02927712,1663300,26480408.0,4.246200
2022-07-28,15.14313528,15.2759698,14.9438835,14.98183622,1240432,19751448.65,3.166700
2022-07-29,14.91541896,15.4182925,14.69719082,14.69719082,1284100,20374017.0,3.278200
2022-08-01,14.9438835,15.80730788,14.49793904,15.7029379,3665197,59184782.96,9.356900
2022-08-02,16.129906,16.129906,14.16585274,14.5169154,3277141,51110782.0,8.366200
2022-08-03,14.6117972,14.9913244,14.16585274,14.26073454,1686700,26011422.0,4.306000
2022-08-04,14.36510452,14.79207262,14.33663998,14.73514354,1341500,20654241.0,3.424700
2022-08-05,15.04825348,15.04825348,14.44100996,14.59282084,1374361,21272675.0,3.508600
2022-08-08,14.6117972,14.71616718,14.3745927,14.44100996,1069248,16264782.0,2.729700
2022-08-09,14.45049814,14.68770264,14.3271518,14.50742722,790275,12065161.0,2.017500
2022-08-10,14.4220336,14.69719082,14.3745927,14.69719082,1099225,16799743.0,2.806200
2022-08-11,14.74463172,15.77884334,14.71616718,15.55112702,3165121,51430381.0,8.080200
2022-08-12,15.55112702,15.6080561,15.3234107,15.54163884,1556800,25398152.0,3.974400
2022-08-15,15.74089062,15.75986698,15.181088,15.74089062,2051300,33844962.0,5.236800
2022-08-16,15.78833152,16.30069324,15.42778068,16.14888236,3235100,54496486.0,8.258900
2022-08-17,16.10144146,16.39557504,16.0350242,16.2247878,1858121,31704146.1,4.743600
2022-08-18,16.2247878,16.35762232,15.86423696,16.1773469,1384000,23496426.0,3.533200
2022-08-19,16.13939418,16.3671105,15.9401424,16.0350242,1327700,22561273.0,3.389500
2022-08-22,16.13939418,16.23427598,15.85474878,16.19632326,1441800,24493157.0,3.680800
2022-08-23,16.23427598,16.23427598,15.9875833,16.15837054,757200,12857675.0,1.933100
2022-08-24,16.15837054,16.18683508,15.4657334,15.68396154,1550697,25793253.86,3.958800
2022-08-25,15.4657334,16.04451238,15.4657334,15.8452606,1127397,18784754.08,2.878100
2022-08-26,15.94963058,15.95911876,15.62703246,15.77884334,817897,13639412.11,2.088000
2022-08-29,15.75986698,16.20581144,15.01030076,16.15837054,1076100,17818618.51,2.747200
2022-08-30,16.26274052,16.31018142,15.62703246,15.7978197,950660,15861469.2,2.426900
2022-08-31,15.7978197,16.02553602,15.25699344,15.34238706,923997,15103532.49,2.358900
2022-09-01,15.45624522,15.91167786,15.19057618,15.71242608,871200,14354428.0,2.224100
2022-09-02,15.72191426,16.10144146,15.5606152,16.04451238,833900,14006973.0,2.128900
2022-09-05,16.0350242,16.2722287,15.69344972,15.92116604,689300,11546091.0,1.759700
2022-09-06,15.9401424,16.129906,15.8452606,16.00655966,844511,14253800.58,2.156000
2022-09-07,16.00655966,16.1773469,15.7029379,15.9401424,834600,13997056.0,2.130600
2022-09-08,16.11092964,16.12041782,15.66498518,15.90218968,503500,8406468.0,1.285400
2022-09-09,16.02553602,16.21529962,15.90218968,15.97809512,721700,12183683.0,1.842400
2022-09-13,15.9875833,16.7466377,15.9401424,16.32915778,1210800,20925171.0,3.091100
2022-09-14,16.18683508,16.28171688,15.80730788,15.87372514,838700,14161021.0,2.141100
2022-09-15,15.85474878,16.12041782,15.5131743,15.78833152,701400,11685219.83,1.790600
2022-09-16,15.77884334,15.81679606,14.9913244,15.00081258,709700,11440001.0,1.811800
2022-09-19,14.8490017,15.35187524,14.71616718,15.01978894,716700,11331201.0,1.829700
2022-09-20,15.02927712,16.129906,15.02927712,15.26648162,629328,10158871.36,1.606600
2022-09-21,15.4182925,15.57010338,14.9913244,15.2285289,406400,6512331.0,1.037500
2022-09-22,16.72766134,16.72766134,15.15262346,15.2759698,2212300,36609908.03,5.647800
2022-09-23,15.04825348,15.04825348,14.06148276,14.31766362,1646297,25295857.73,4.202800
2022-09-26,14.0425064,14.45998632,13.90967188,14.06148276,1519295,22509281.95,3.878600
2022-09-27,14.10892366,14.31766362,13.97608914,14.23227,742910,11050575.91,1.896600
2022-09-28,14.23227,14.40305724,13.5206565,13.76734918,835214,12275051.92,2.132200
2022-09-29,13.90967188,13.97608914,13.38782198,13.70093192,984200,14143393.0,2.512600
2022-09-30,13.53963286,13.70093192,13.34038108,13.49219196,477156,6771605.98,1.218100
2022-10-10,13.49219196,13.72939646,13.01778296,13.11266476,483203,6754114.28,1.233600
2022-10-11,12.8564839,13.283452,12.8564839,13.25498746,531102,7304753.39,1.355800
2022-10-12,13.283452,13.4732156,13.0936884,13.46372742,638455,8952358.65,1.629900
2022-10-13,14.21329364,14.21329364,13.43526288,14.0425064,1102055,16100341.51,2.813400
2022-10-14,14.0425064,14.3745927,13.8053019,14.27022272,1156700,17302063.47,2.952900
2022-10-17,14.35561634,14.39356906,14.17534092,14.23227,563600,8470752.0,1.438800
2022-10-18,14.24175818,14.52640358,14.19431728,14.49793904,681000,10343364.0,1.738500
2022-10-19,14.49793904,14.63077356,14.24175818,14.57384448,447100,6842758.0,1.141400
2022-10-20,14.706679,14.72565536,14.28919908,14.39356906,472267,7184992.29,1.205700
2022-10-21,14.47896268,14.58333266,14.31766362,14.5169154,271978,4153317.28,0.694300
2022-10-24,14.64974992,14.76360808,14.24175818,14.24175818,454500,6961278.0,1.160300
2022-10-25,14.44100996,14.50742722,14.14687638,14.30817544,388100,5837980.0,0.990800
2022-10-26,14.45049814,14.5643563,14.31766362,14.50742722,442800,6741632.0,1.130400
2022-10-27,14.41254542,14.85848988,14.41254542,14.69719082,553100,8577629.0,1.412000
2022-10-28,14.6592381,14.68770264,13.5206565,14.0425064,485000,7310897.0,1.238200
2022-10-31,14.05199458,14.29868726,13.90967188,14.02353004,523000,7753337.0,1.335200
2022-11-01,14.05199458,14.6592381,13.81479008,14.62128538,752200,11361188.0,1.920300
2022-11-02,14.3745927,14.83951352,14.3745927,14.64974992,694000,10767395.0,1.771700
2022-11-03,14.64974992,14.79207262,14.26073454,14.50742722,427200,6512109.0,1.090600
2022-11-04,14.49793904,14.67821446,14.33663998,14.49793904,630328,9639593.84,1.609200
2022-11-07,14.6592381,14.79207262,14.4220336,14.6117972,605603,9284692.96,1.546000
2022-11-08,14.69719082,14.69719082,14.44100996,14.55486812,558900,8573515.0,1.426800
2022-11-09,14.49793904,14.72565536,14.47896268,14.63077356,652628,10047344.08,1.666100
2022-11-10,14.63077356,14.71616718,14.26073454,14.28919908,673628,10231209.84,1.719700
2022-11-11,14.6117972,15.2759698,14.45049814,14.85848988,1591444,24836959.44,4.062800
2022-11-14,15.3234107,15.53215066,14.54537994,14.57384448,1876441,29665259.45,4.790400
2022-11-15,14.78258444,14.78258444,14.38408088,14.5169154,966000,14767705.0,2.466100
2022-11-16,14.54537994,14.76360808,14.39356906,14.5169154,626400,9606413.0,1.599100
2022-11-17,14.63077356,15.12415892,14.4694745,14.96285986,1080123,16884419.74,2.757400
2022-11-18,14.90593078,15.06722984,14.43152178,14.45998632,1010000,15641338.0,2.578400
2022-11-21,14.45998632,14.54537994,14.07097094,14.52640358,837300,12597647.0,2.137500
2022-11-22,14.53589176,14.76360808,14.39356906,14.4694745,582500,8948348.63,1.487100
2022-11-23,14.30817544,14.62128538,14.1848291,14.49793904,601200,9122381.0,1.534800
2022-11-24,14.5169154,14.8490017,14.48845086,14.64026174,668769,10341923.57,1.707300
2022-11-25,14.63077356,14.83951352,14.63077356,14.74463172,735228,11428969.56,1.877000
2022-11-28,14.36510452,14.73514354,14.30817544,14.48845086,756100,11555560.71,1.930200
2022-11-29,14.5643563,15.0862062,14.5643563,14.9438835,1051165,16479214.43,2.683500
2022-11-30,14.96285986,14.9913244,14.63077356,14.7541199,677600,10555306.0,1.729800
2022-12-01,14.81104898,15.17159982,14.76360808,15.00081258,901700,14227651.0,2.301900
2022-12-02,14.92490714,15.0862062,14.87746624,14.91541896,601028,9485379.16,1.534400
2022-12-05,14.91541896,15.3234107,14.91541896,15.181088,928600,14850228.0,2.370600
2022-12-06,15.21904072,15.21904072,14.95337168,15.04825348,494600,7842154.0,1.262700
2022-12-07,14.73514354,15.19057618,14.73514354,15.0387653,475700,7543814.0,1.214400
2022-12-08,15.04825348,15.181088,14.85848988,15.0387653,685548,10867763.12,1.750100
2022-12-09,15.0387653,15.15262346,14.8015608,14.8964426,450400,7075952.0,1.149800
2022-12-12,14.9913244,14.9913244,14.6117972,14.73514354,609700,9483889.0,1.556500
2022-12-13,14.73514354,16.129906,14.5169154,14.83002534,938200,14622275.0,2.395100
2022-12-14,14.79207262,14.83002534,14.45049814,14.50742722,481448,7405891.12,1.229100
2022-12-15,14.58333266,14.67821446,14.5169154,14.6117972,580400,8921370.0,1.481700
2022-12-16,14.5169154,14.5169154,14.28919908,14.34612816,409500,6208394.0,1.045400
2022-12-19,14.34612816,14.706679,13.88120734,13.89069552,672069,10000176.16,1.715700
2022-12-20,14.08045912,14.08045912,13.6629792,13.90967188,525800,7701965.0,1.342300
2022-12-21,13.93813642,14.16585274,13.74837282,13.93813642,572323,8413181.18,1.461100
2022-12-22,14.09943548,14.21329364,13.46372742,13.49219196,546700,7906394.0,1.395700
2022-12-23,13.48270378,13.6155383,13.1885702,13.31191654,750900,10573902.0,1.917000
2022-12-26,13.5206565,13.5206565,13.1885702,13.3308929,480300,6722028.0,1.226200
2022-12-27,13.41628652,13.50168014,13.24549928,13.41628652,534200,7528777.0,1.363800
2022-12-28,13.34038108,13.46372742,13.02727114,13.25498746,684900,9510770.0,1.748500
2022-12-29,13.22652292,13.2360111,12.91341298,12.92290116,677648,9289197.28,1.730000
2022-12-30,12.9513657,13.0936884,12.83750754,13.0462475,533500,7297632.0,1.362000
2023-01-03,13.0462475,13.4257747,13.0462475,13.38782198,860400,12026374.0,2.196500
2023-01-04,13.4732156,13.71990828,13.29294018,13.51116832,909806,12984660.26,2.322600
2023-01-05,13.51116832,13.63451466,13.34038108,13.5206565,507000,7211411.0,1.294300
2023-01-06,13.67246738,13.91916006,13.38782198,13.46372742,714600,10248584.0,1.824300
2023-01-09,13.51116832,13.65349102,13.35935744,13.4257747,580600,8257453.0,1.482200
2023-01-10,13.4732156,13.5206565,13.20754656,13.40679834,520100,7308576.0,1.327800
2023-01-11,13.34038108,13.4257747,13.16010566,13.19805838,474800,6652158.0,1.212100
2023-01-12,13.19805838,13.76734918,13.07471204,13.31191654,1265072,17800636.16,3.229600
2023-01-13,13.283452,14.64026174,13.15061748,13.9001837,5635848,83949726.2,14.387800
2023-01-16,13.5680974,14.00455368,13.54912104,13.79581372,4331272,62723159.96,11.057300
2023-01-17,13.74837282,13.88120734,13.48270378,13.53963286,1955900,27987014.0,4.993200
2023-01-18,13.58707376,13.757861,13.49219196,13.6629792,1260900,18068695.0,3.219000
2023-01-19,13.57758558,13.74837282,13.43526288,13.53014468,1201806,17150116.26,3.068100
2023-01-20,13.5206565,13.70093192,13.48270378,13.68195556,1261400,18088362.0,3.220200
2023-01-30,13.68195556,13.89069552,13.67246738,13.78632554,1477955,21431257.77,3.773100
2023-01-31,13.76734918,13.92864824,13.67246738,13.92864824,1123506,16394027.6,2.868200
2023-02-01,13.92864824,14.16585274,13.84325462,14.09943548,1371400,20267206.0,3.501000
2023-02-02,14.1848291,14.1848291,14.02353004,14.0425064,1004400,14885650.0,2.564100
2023-02-03,14.1373882,14.19431728,13.86223098,14.11841184,926700,13729587.0,2.365800
2023-02-06,14.16585274,14.17534092,13.98557732,14.06148276,632400,9377092.0,1.614500
2023-02-07,14.09943548,14.22278182,14.02353004,14.19431728,677200,10072589.0,1.728800
2023-02-08,14.19431728,14.62128538,14.0899473,14.20380546,561400,8386465.0,1.433200
2023-02-09,14.11841184,14.38408088,14.10892366,14.34612816,1000466,15083486.36,2.554100
2023-02-10,14.35561634,14.4220336,14.24175818,14.3745927,590706,8928607.6,1.508000
2023-02-13,14.4220336,14.55486812,14.2797109,14.45998632,1053200,16014111.0,2.688700
2023-02-14,14.49793904,14.55486812,14.3745927,14.4220336,982103,14962509.35,2.507200
2023-02-15,14.38408088,14.5643563,14.3271518,14.4694745,1112100,16942272.0,2.839100
2023-02-16,14.5169154,14.5169154,13.86223098,13.9950655,1045800,15660909.0,2.669800
2023-02-17,14.01404186,14.3271518,13.96660096,14.00455368,935600,13929248.0,2.388500
2023-02-20,14.00455368,14.22278182,13.98557732,14.22278182,847800,12597301.0,2.164300
2023-02-21,14.23227,14.41254542,14.19431728,14.3745927,811800,12258828.0,2.072400
2023-02-22,14.3271518,14.45998632,14.28919908,14.41254542,561700,8526139.0,1.434000
2023-02-23,14.41254542,14.5169154,14.30817544,14.4220336,665700,10121279.0,1.699500
2023-02-24,14.40305724,14.50742722,14.28919908,14.4694745,593900,9017626.0,1.516200
2023-02-27,14.4694745,14.4694745,14.16585274,14.22278182,754000,11364734.0,1.924900
2023-02-28,14.29868726,14.40305724,14.1373882,14.31766362,825900,12428711.0,2.108400
2023-03-01,14.30817544,14.39356906,14.2797109,14.36510452,731500,11056031.0,1.867400
2023-03-02,14.41254542,14.4694745,14.21329364,14.30817544,863300,13050037.0,2.203900
2023-03-03,14.38408088,14.38408088,14.14687638,14.22278182,780700,11724741.0,1.993000
2023-03-06,14.28919908,14.34612816,14.00455368,14.12790002,1126400,16776735.94,2.875600
2023-03-07,14.14687638,14.1848291,13.83376644,13.8527428,835500,12303768.62,2.132900
2023-03-08,13.8527428,14.07097094,13.76734918,14.05199458,795400,11736495.0,2.030600
2023-03-09,14.05199458,14.22278182,13.96660096,14.1848291,800300,11917305.0,2.043100
2023-03-10,14.17534092,14.25124636,13.91916006,13.91916006,712000,10579362.0,1.817700
2023-03-13,14.0899473,14.0899473,13.64400284,13.89069552,956700,13945933.0,2.442400
2023-03-14,13.89069552,13.9001837,13.44475106,13.4732156,834730,11979954.5,2.131000
2023-03-15,13.6629792,13.86223098,13.5206565,13.86223098,574700,8327325.0,1.467200
2023-03-16,13.92864824,13.92864824,13.53014468,13.57758558,506100,7277522.0,1.292000
2023-03-17,13.757861,13.77683736,13.53014468,13.5680974,580225,8340765.5,1.481300
2023-03-20,13.6155383,13.84325462,13.50168014,13.5680974,807100,11593233.0,2.060400
2023-03-21,13.53014468,13.97608914,13.50168014,13.93813642,1089800,15843281.0,2.782100
2023-03-22,13.93813642,14.0899473,13.8053019,13.92864824,957100,14061520.0,2.443400
2023-03-23,13.91916006,13.91916006,13.69144374,13.73888464,601900,8731192.0,1.536600
2023-03-24,13.7104201,13.84325462,13.6629792,13.757861,413900,5986936.0,1.056600
2023-03-27,13.72939646,13.8527428,13.53014468,13.71990828,601400,8700707.0,1.535300
2023-03-28,13.6629792,13.79581372,13.59656194,13.68195556,699000,10105544.0,1.784500
2023-03-29,13.63451466,13.7104201,13.38782198,13.45423924,718069,10216623.49,1.833200
2023-03-30,13.45423924,13.57758558,13.21703474,13.34038108,509300,7143145.0,1.300200
2023-03-31,13.36884562,13.39731016,13.24549928,13.283452,441600,6197989.0,1.127400
2023-04-03,13.2360111,13.26447564,13.05573568,13.22652292,828300,11518650.0,2.114600
2023-04-04,13.29294018,13.29294018,12.9039248,13.01778296,845800,11639113.0,2.159200
2023-04-06,13.01778296,13.02727114,12.7616021,12.9513657,841569,11461861.16,2.148400
2023-04-07,12.9988066,13.07471204,12.88494844,13.01778296,708500,9710796.0,1.808700
2023-04-10,13.01778296,13.06522386,12.7616021,12.81853118,564600,7661827.0,1.441400
2023-04-11,12.78057846,12.92290116,12.77109028,12.8564839,517900,7006281.0,1.322100
2023-04-12,12.8564839,12.97034206,12.809043,12.93238934,459722,6243581.71,1.173600
2023-04-13,12.88494844,13.0462475,12.84699572,12.88494844,443025,6042417.75,1.131000
2023-04-14,12.89443662,13.00829478,12.77109028,12.88494844,509700,6909135.0,1.301200
2023-04-17,12.82801936,12.94187752,12.82801936,12.88494844,508800,6908283.0,1.298900
2023-04-18,12.9513657,12.9513657,12.7616021,12.82801936,381900,5158619.0,0.975000
2023-04-19,12.77109028,12.86597208,12.54337396,12.62876758,548800,7320315.0,1.401000
2023-04-20,12.62876758,12.62876758,12.31565764,12.35361036,565754,7392503.08,1.444300
2023-04-21,12.34412218,12.44849216,12.07845314,12.11640586,583900,7549077.0,1.490600
2023-04-24,12.12589404,12.40105126,11.9076659,12.24924038,759600,9685133.0,1.939200
2023-04-25,12.25872856,12.34412218,11.860225,12.06896496,718900,9162370.0,1.835300
2023-04-26,12.06896496,12.29668128,11.91715408,12.20179948,649600,8329063.0,1.658400
2023-04-27,12.23026402,12.25872856,12.01203588,12.03101224,1101400,14100158.0,2.811800
2023-04-28,12.17333494,12.7141612,12.12589404,12.70467302,1651569,21771889.46,4.216300
2023-05-04,12.64774394,12.88494844,12.53388578,12.70467302,1161772,15541299.92,2.965900
2023-05-05,12.70467302,12.7616021,12.46746852,12.49593306,824300,10891163.88,2.104400
2023-05-08,12.55286214,12.89443662,12.46746852,12.53388578,826972,10970697.0,2.111200
2023-05-09,12.56235032,12.7141612,12.13538222,12.2871931,643028,8378254.56,1.641600
2023-05-10,12.25872856,12.5243976,12.25872856,12.50542124,701100,9168147.0,1.789800
2023-05-11,12.60030304,12.73313756,12.48644488,12.65723212,911000,12135562.0,2.325700
2023-05-12,12.6667203,12.7616021,12.54337396,12.60030304,614500,8192069.0,1.568800
2023-05-15,12.58132668,12.77109028,12.3820749,12.58132668,676100,8933652.0,1.726000
2023-05-16,12.67620848,12.67620848,12.2397522,12.42002762,739400,9702587.0,1.887600
2023-05-17,12.3820749,12.79955482,12.36309854,12.79006664,908972,12122920.64,2.320500
2023-05-18,12.78057846,12.9513657,12.74262574,12.8564839,714487,9679165.59,1.824000
2023-05-19,12.9513657,12.9513657,12.62876758,12.7141612,945800,12669441.0,2.414500
2023-05-22,12.67620848,12.8564839,12.51490942,12.74262574,971000,12958940.0,2.478900
2023-05-23,12.65723212,12.98931842,12.65723212,12.83750754,1078000,14627693.0,2.752000
2023-05-24,12.83750754,12.92290116,12.75211392,12.89443662,640330,8666364.0,1.634700
2023-05-25,12.78057846,13.15061748,12.72364938,13.13164112,1254400,17142859.0,3.202400
2023-05-26,13.13164112,13.36884562,12.67620848,12.78057846,1843211,24970686.17,4.705500
2023-05-29,12.84699572,12.97034206,12.78057846,12.809043,1123811,15232035.0,2.869000
2023-05-30,12.89443662,12.89443662,12.68569666,12.79006664,807630,10883385.5,2.061800
2023-05-31,12.809043,12.89443662,12.6667203,12.7141612,815072,10939448.2,2.080800
2023-06-01,12.64774394,12.77109028,12.48644488,12.56235032,762500,10090453.0,1.946600
2023-06-02,12.60979122,13.0462475,12.5718385,13.01778296,1212900,16471846.0,3.096400
2023-06-05,12.96085388,13.1885702,12.7141612,13.17908202,1342572,18355595.12,3.427500
2023-06-06,13.17908202,13.17908202,12.78057846,12.8564839,919472,12563514.32,2.347300
2023-06-07,12.87546026,13.1411293,12.81853118,13.10317658,1057672,14523588.88,2.700100
2023-06-08,13.07471204,13.10317658,12.88494844,12.91341298,857200,11712777.0,2.188300
2023-06-09,13.01778296,13.0462475,12.77109028,12.9039248,1065300,14512860.0,2.719600
2023-06-12,12.9513657,13.30242836,12.73313756,13.26447564,1294900,17831193.0,3.305700
2023-06-13,13.26447564,13.35935744,13.03675932,13.29294018,1068500,14919247.0,2.727800
2023-06-14,13.34038108,13.34986926,13.16959384,13.3308929,575900,8049898.0,1.470200
2023-06-15,13.35935744,13.35935744,13.12215294,13.24549928,582500,8116081.0,1.487100
2023-06-16,13.1411293,13.45423924,13.1411293,13.30242836,1210800,16973354.0,3.091100
2023-06-19,13.26447564,13.41628652,13.0936884,13.34986926,704900,9860456.0,1.799500
2023-06-20,13.4257747,13.4257747,13.19805838,13.29294018,896387,12542908.0,2.288400
2023-06-21,13.30242836,13.55860922,13.07471204,13.16959384,888636,12412482.84,2.268600
2023-06-26,13.11266476,13.12215294,12.82801936,13.00829478,875600,11954019.0,2.235300
2023-06-27,13.1150084,14.15295655,12.83369535,13.64853315,3350500,46808610.0,8.553500
2023-06-28,13.64853315,13.64853315,13.22171335,13.53212775,1711287,23629393.95,4.368700
2023-06-29,13.51272685,13.6776345,13.43512325,13.49332595,1120700,15642407.0,2.861000
2023-06-30,14.8416885,14.8416885,13.4448237,13.4448237,8826900,129820681.44,22.534200
2023-07-03,13.04710525,14.01715025,12.998603,13.8522426,6475887,89914586.1,16.532300
2023-07-04,13.60973135,14.2984633,13.57092955,13.95894755,4788500,68666340.0,12.224600
2023-07-05,14.0074498,14.21115925,13.59033045,13.6776345,2988500,42581846.0,7.629300
2023-07-06,13.6000309,13.6776345,13.4836255,13.53212775,1404400,19629959.0,3.585300
2023-07-07,13.4642246,13.8522426,13.43512325,13.74553765,2264500,31870069.0,5.781000
2023-07-10,13.68733495,13.78433945,13.5030264,13.62913225,1645500,23147512.0,4.200800
2023-07-11,13.59033045,13.86194305,13.5612291,13.8522426,1666800,23663396.0,4.255200
2023-07-12,14.03655115,14.0462516,13.7358372,13.78433945,1347800,19223491.0,3.440800
2023-07-13,13.78433945,13.95894755,13.6582336,13.78433945,1607690,22867086.9,4.104300
2023-07-14,14.0074498,14.0074498,13.7358372,13.774639,1665200,23727207.0,4.251100
2023-07-17,13.84254215,13.8522426,13.6388327,13.74553765,1632800,23087814.0,4.168400
2023-07-18,13.74553765,13.99774935,13.6582336,13.86194305,2088800,29871023.0,5.332500
2023-07-19,13.92014575,14.0462516,13.8522426,13.97834845,1498530,21539403.0,3.825600
2023-07-20,13.9492471,14.05595205,13.774639,13.8716435,1332530,19096195.5,3.401800
2023-07-21,13.84254215,13.9880489,13.78433945,13.8910444,968630,13862652.5,2.472800
2023-07-24,13.95894755,13.9880489,13.7164363,13.92014575,980930,14025376.1,2.504200
2023-07-25,13.9880489,14.71558265,13.9298462,14.50217275,4241630,62965911.6,10.828500
2023-07-26,14.54097455,14.6476795,14.38576735,14.6088777,2109190,31593854.4,5.384500
2023-07-27,14.65737995,14.71558265,14.42456915,14.48277185,1627800,24349602.0,4.155600
2023-07-28,14.34696555,14.67678085,14.34696555,14.52157365,1505000,22567397.0,3.842100
2023-07-31,14.5700759,14.85138895,14.4148687,14.8222876,2884390,43855176.7,7.363600
2023-08-01,14.8222876,14.9580939,14.67678085,14.9580939,2217800,33916400.0,5.661800
2023-08-02,15.1133011,16.13184835,14.92899255,15.326711,9146246,145958070.9,23.349400
2023-08-03,15.25880785,15.326711,14.75438445,15.16180335,5082866,78261947.18,3.935000
2023-08-04,14.94839345,15.1909047,14.77378535,15.0550984,3041400,46933288.0,2.354600
2023-08-07,14.96779435,15.51101955,14.8416885,15.3655128,3496300,54897682.0,2.706700
2023-08-08,15.326711,15.8505353,15.22000605,15.8117335,3671900,58857864.0,2.842700
2023-08-09,15.714729,15.8117335,15.47221775,15.62742495,2184000,35219349.0,1.690800
2023-08-10,15.5401209,15.72442945,15.3849137,15.4819182,1127500,17985843.0,0.872900
2023-08-11,15.4237155,15.58862315,15.02599705,15.132702,1371400,21521475.0,1.061700
2023-08-14,14.85138895,15.2103056,14.85138895,15.14240245,816128,12647821.96,0.631800
2023-08-15,15.14240245,15.2297065,14.9580939,15.20060515,705300,10988231.0,0.546000
2023-08-16,15.0356975,15.3073101,14.9192921,15.132702,1153400,18029634.0,0.892900
2023-08-17,15.0939002,15.25880785,14.94839345,15.22000605,794900,12386135.0,0.615400
2023-08-18,15.22000605,15.326711,15.0550984,15.0939002,895000,14002005.0,0.692900
2023-08-21,15.0744993,15.25880785,14.98719525,15.04539795,656100,10204951.0,0.507900
2023-08-22,15.0356975,16.296756,14.61857815,16.296756,987041,15378758.38,0.764100
2023-08-23,15.4431164,15.4431164,14.6670804,14.69618175,3633469,55193096.28,2.812900
2023-08-24,14.3954678,14.8610894,13.90074485,14.63797905,2803328,41478546.4,2.170200
2023-08-25,14.5312741,14.5700759,14.1044543,14.2790624,1342000,19781374.0,1.038900
2023-08-28,15.06479885,15.06479885,14.32756465,14.5894768,2190269,33139739.0,1.695600
2023-08-29,14.7252831,15.86023575,14.63797905,15.6953281,4002215,63430539.21,3.098400
2023-08-30,15.66622675,15.89903755,15.35581235,15.51101955,2946056,47306404.97,2.280700
2023-08-31,15.43341595,15.62742495,15.39461415,15.52072,959928,15364719.28,0.743100
2023-09-01,15.60802405,16.28705555,15.56922225,16.15124925,2688356,44317341.79,2.081200
2023-09-04,16.296756,17.7712244,16.296756,17.47051045,9375238,168638514.69,7.258000
2023-09-05,17.5966163,17.848828,17.1697965,17.5384136,7385610,133533228.1,5.717700
2023-09-06,17.39290685,17.78092485,17.29590235,17.654819,3281300,59733728.0,2.540300
2023-09-07,17.5772154,17.83912755,17.48991135,17.62571765,2386800,43362519.0,1.847800
2023-09-08,17.89733025,18.38235275,17.31530325,18.18834375,4833010,89250137.7,3.741600
2023-09-11,18.1398415,18.2950487,17.83912755,18.1980442,3545110,66118511.6,2.744500
2023-09-12,18.1980442,18.4502559,18.01373565,18.3338505,3041900,57311091.0,2.354900
2023-09-13,18.430855,18.55696085,17.9652334,18.13014105,3111700,58424781.0,2.409000
2023-09-14,18.07193835,18.3144496,17.89733025,18.1204406,2006000,37362888.0,1.553000
2023-09-15,17.97493385,18.30474915,17.66451945,17.74212305,2268000,41869396.0,1.755800
2023-09-18,17.7518235,18.11074015,17.5772154,17.93613205,1988800,36742468.0,1.539700
2023-09-19,18.042837,18.236846,17.64511855,17.74212305,2630100,48653203.0,2.036100
2023-09-20,17.80032575,17.83912755,17.072792,17.47051045,3319275,59476127.25,2.569700
2023-09-21,17.4996118,17.62571765,17.072792,17.48991135,2877900,51661998.0,2.228000
2023-09-22,17.5578145,17.89733025,17.50931225,17.60631675,4137900,75600940.0,3.203400
2023-09-25,17.5384136,17.848828,16.15124925,17.43170865,5585294,99523197.06,4.323900
2023-09-26,17.46081,17.46081,16.15124925,16.32585735,5917300,101449064.0,4.581000
2023-09-27,16.28705555,16.48106455,16.03484385,16.15124925,2392310,40108518.8,1.852000
2023-09-28,16.13184835,16.4713641,16.01544295,16.34525825,1533900,25803857.0,1.187500
2023-10-09,16.30645645,16.7623776,16.26765465,16.53926725,3287500,56047368.0,2.545100
2023-10-10,16.67507355,16.7817785,16.3743596,16.4325623,1598900,27322131.0,1.237800
2023-10-11,16.53926725,16.53926725,16.102747,16.2191524,1079800,18081834.0,0.835900
2023-10-12,16.4131614,16.55866815,16.13184835,16.3355578,1153400,19410028.0,0.892900
2023-10-13,16.5295668,16.5295668,16.15124925,16.2773551,936300,15695803.0,0.724900
2023-10-16,16.2773551,16.5295668,16.22885285,16.30645645,865000,14601431.0,0.669700
2023-10-17,16.50046545,16.50046545,16.2579542,16.3355578,865100,14570954.0,0.669700
2023-10-18,16.296756,16.50046545,15.8117335,16.0445443,1330100,22086913.0,1.029700
2023-10-19,15.95724025,16.34525825,15.9475398,15.97664115,1094744,18172640.12,0.847500
2023-10-20,16.0057425,16.17065015,15.8117335,15.9281389,1198000,19751676.0,0.927500
2023-10-23,16.11244745,16.11244745,15.6953281,15.76323125,1533972,25057668.4,1.187500
2023-10-24,15.95724025,16.15124925,15.6953281,16.13184835,1280760,21138608.4,0.991500
2023-10-25,16.42286185,16.63627175,16.0251434,16.50046545,1685400,28603778.0,1.304800
2023-10-26,16.73327625,16.7623776,15.70502855,15.84083485,2424000,39952999.46,1.876600
2023-10-27,15.70502855,15.95724025,15.45281685,15.56922225,1986400,32108028.0,1.537800
2023-10-30,15.714729,17.1309947,15.68562765,16.5489677,5473700,92626441.24,4.237600
2023-10-31,16.38406005,18.20774465,16.30645645,18.20774465,13887300,255701791.0,10.751100
2023-11-01,19.04198335,19.04198335,17.29590235,18.1398415,14499040,269834164.8,11.224700
2023-11-02,18.042837,18.2174451,17.50931225,18.1592424,6654054,123075427.18,5.151300
2023-11-03,18.07193835,18.3338505,17.29590235,17.46081,5193200,95014923.0,4.020400
2023-11-06,17.4414091,17.80032575,17.12129425,17.62571765,5449700,98063769.7,4.219000
2023-11-07,17.60631675,18.13014105,17.29590235,17.9070307,5998200,109567447.0,4.643600
2023-11-08,17.78092485,17.80032575,17.3250037,17.43170865,3676910,66277094.2,2.846500
2023-11-09,17.35410505,17.43170865,16.65567265,16.7429767,3454000,60298801.0,2.674000
2023-11-10,16.65567265,16.8593821,16.5683686,16.6653731,2083400,35911286.0,1.612900
2023-11-13,16.67507355,17.4414091,16.63627175,17.1503956,2944900,51740756.0,2.279800
2023-11-14,17.1503956,17.4220082,17.14069515,17.19889785,2431900,43282462.0,1.882700
2023-11-15,17.3638055,17.6160172,16.98548795,17.5578145,2921700,52328502.0,2.261900
2023-11-16,17.5384136,17.7324226,17.29590235,17.70332125,2988200,54077042.0,2.313400
2023-11-17,17.89733025,17.89733025,17.3638055,17.45110955,2195799,39798259.74,1.699900
2023-11-20,17.60631675,18.1786433,17.5190127,18.1010397,3352710,62017410.6,2.595600
2023-11-21,18.1010397,18.2950487,17.9846343,18.1010397,2080600,38862466.0,1.610700
2023-11-22,18.5278595,18.55696085,17.6936208,17.80032575,2761800,51086842.0,2.138100
2023-11-23,17.56751495,18.09133925,17.56751495,17.83912755,1875600,34534247.0,1.452000
2023-11-24,17.58691585,18.1786433,17.52871315,17.81972665,1863500,34149170.0,1.442700
2023-11-27,17.7130217,17.8294271,17.31530325,17.3832064,1542600,27833108.0,1.194200
2023-11-28,17.50931225,17.6936208,17.1115938,17.39290685,2022100,36435495.0,1.565400
2023-11-29,17.4802109,17.4802109,16.83028075,17.04369065,2534069,44743589.1,1.961800
2023-11-30,17.16009605,17.23769965,16.90788435,17.06309155,1589300,27967436.0,1.230400
2023-12-01,17.0921929,17.29590235,16.9563866,16.9757875,1472300,25943384.0,1.139800
2023-12-04,16.90788435,17.266801,16.8981839,16.9951884,1736100,30509992.0,1.344000
2023-12-05,15.29760965,17.12129425,15.29760965,16.6459722,1720400,29684205.0,1.331900
2023-12-06,16.5877695,17.0339902,16.5683686,16.63627175,1726088,29891740.96,1.336300
2023-12-07,16.5683686,16.98548795,16.3743596,16.5295668,1620201,27597585.08,1.254300
2023-12-08,16.6071704,16.6071704,15.82143395,16.4519632,2654700,44125702.0,2.055200
2023-12-11,15.86023575,16.26765465,15.52072,16.26765465,2841200,46592326.0,2.199600
2023-12-12,16.13184835,16.1415488,15.6565263,16.1415488,2067200,33849140.0,1.600400
2023-12-13,15.8699362,16.102747,15.7729317,15.8505353,1155000,18894995.0,0.894200
2023-12-14,15.8505353,16.1221479,15.8505353,15.9863416,1207100,19925145.36,0.934500
2023-12-15,15.9669407,16.15124925,15.82143395,16.0445443,1073000,17737885.0,0.830700
2023-12-18,16.0833461,16.22885285,15.80203305,15.89903755,1258200,20733894.0,0.974100
2023-12-19,16.05424475,16.05424475,15.6177245,15.9475398,970000,15776612.0,0.750900
2023-12-20,16.0445443,16.1803506,15.8505353,15.99604205,831500,13753357.0,0.643700
2023-12-21,16.0057425,16.4131614,15.6177245,16.4131614,2068500,34437970.0,1.601400
2023-12-22,16.73327625,17.5772154,15.6177245,15.8505353,5761402,97775039.85,4.460300
2023-12-25,15.62742495,15.91843845,15.27820875,15.4819182,3750559,60187535.86,2.903600
2023-12-26,15.5013191,15.51101955,15.0162966,15.5013191,3440172,54013594.32,2.663300
2023-12-27,15.45281685,16.2385533,14.92899255,16.11244745,3662700,58761197.0,2.835500
2023-12-28,15.99604205,15.99604205,15.14240245,15.1521029,3330800,52976767.0,2.578600
2023-12-29,15.2103056,15.6371254,15.132702,15.58862315,2562600,40741855.0,1.983900
2024-01-02,15.82143395,16.0445443,15.5789227,16.01544295,2094500,34013527.0,1.621500
2024-01-03,15.91843845,16.01544295,15.51101955,15.58862315,1285800,20807133.0,0.995400
2024-01-04,15.58862315,15.9669407,15.58862315,15.8311344,1677200,27262431.0,1.298400
2024-01-05,15.9475398,16.0833461,15.5789227,15.70502855,1430300,23397891.76,1.107300
2024-01-08,15.62742495,15.908738,15.37521325,15.41401505,1419100,22792880.0,1.098600
2024-01-09,15.53042045,15.76323125,15.4237155,15.58862315,1697600,27321400.0,1.314200
2024-01-10,15.5595218,15.6565263,15.2685083,15.4625173,1047054,16695204.4,0.810600
2024-01-11,15.62742495,15.714729,15.33641145,15.4625173,1941934,30999201.52,1.503400
2024-01-12,15.4431164,15.60802405,15.3461119,15.4237155,1196500,19096123.0,0.926300
2024-01-15,15.4237155,15.5789227,15.33641145,15.4625173,1336898,21340059.0,1.035000
2024-01-16,15.5789227,15.64682585,15.0356975,15.64682585,1918900,30196921.0,1.485500
2024-01-17,15.41401505,15.43341595,14.8416885,15.23940695,2199900,34284912.0,1.703100
2024-01-18,14.8610894,15.0550984,14.2790624,15.0550984,2332472,35039645.0,1.805700
2024-01-19,14.59917725,14.83198805,14.36636645,14.36636645,1764445,26329829.7,1.366000
2024-01-22,14.11415475,14.40516825,13.31871785,13.31871785,2156300,30823604.0,1.669300
2024-01-23,13.27991605,13.82314125,12.89189805,13.72613675,3551000,48946278.0,2.749100
2024-01-24,13.84254215,14.52157365,13.82314125,14.3372651,3993000,58465563.06,3.091200
2024-01-25,14.4536705,15.6177245,14.24996105,15.5595218,4176600,64224302.0,3.233400
2024-01-26,15.52072,15.97664115,15.3073101,15.714729,5450500,88440225.0,4.219600
2024-01-29,15.80203305,15.908738,15.4237155,15.5789227,2800100,45099201.0,2.167700
2024-01-30,15.56922225,15.9863416,15.3461119,15.714729,4690170,76184934.34,3.631000
2024-01-31,15.5789227,15.97664115,14.8998912,15.4043146,5517481,87577815.04,4.271400
2024-02-01,15.1715038,15.9475398,15.0356975,15.47221775,3271300,52224760.0,2.532500
2024-02-02,15.52072,17.02428975,15.08419975,16.8593821,6802367,112398805.54,5.266200
2024-02-05,17.0145893,17.1309947,16.1997515,16.81087985,7361432,126991093.53,5.699000
2024-02-06,16.490765,17.4414091,15.53042045,17.4414091,4782532,80384573.49,3.702500
2024-02-07,17.266801,17.266801,15.6953281,16.0639452,3751122,62314817.17,2.904000
2024-02-08,15.76323125,15.8699362,14.4536705,14.89019075,4487813,67892696.39,3.474300
2024-02-19,13.774639,16.38406005,13.774639,16.22885285,4552612,71915480.61,3.524500
2024-02-20,16.102747,16.684774,15.8117335,16.3161569,2569004,43193487.36,1.988800
2024-02-21,16.22885285,16.878783,16.0057425,16.7817785,3713628,63635405.08,2.875000
2024-02-22,16.67507355,16.9757875,16.296756,16.7041749,2667868,45797885.61,2.065400
2024-02-23,16.684774,16.73327625,16.20945195,16.4519632,2389105,40456830.75,1.849600
2024-02-26,16.3549587,16.7817785,16.102747,16.38406005,2702754,46036937.03,2.092400
2024-02-27,16.32585735,16.55866815,16.0639452,16.490765,3132389,52552797.0,2.425000
2024-02-28,16.3161569,16.9757875,14.8416885,14.8416885,4735268,77817386.52,3.665900
2024-02-29,14.42456915,14.8416885,13.68733495,14.8416885,4201517,61924537.45,3.252700
2024-03-01,14.63797905,14.9192921,14.2208597,14.40516825,2855449,42544033.3,2.210600
2024-03-04,14.3760669,14.44397005,13.99774935,14.05595205,2158900,31508632.0,1.671300
2024-03-05,13.968648,14.8222876,13.95894755,14.744684,2772749,41213445.47,2.146600
2024-03-06,14.8804903,14.938693,14.34696555,14.69618175,2113849,31819310.96,1.636500
2024-03-07,14.59917725,14.61857815,14.1432561,14.19175835,1768100,26212508.0,1.368800
2024-03-08,14.11415475,14.3760669,14.11415475,14.24996105,1061000,15583412.0,0.821400
2024-03-11,14.2596615,14.48277185,14.21115925,14.356666,1221222,18027676.72,0.945400
2024-03-12,14.356666,14.61857815,14.2596615,14.5118732,1931719,28758677.91,1.495500
2024-03-13,14.5118732,14.744684,14.4342696,14.54097455,1801468,27105442.16,1.394600
2024-03-14,14.48277185,14.6670804,14.2596615,14.42456915,1450649,21653265.24,1.123000
2024-03-15,14.4148687,14.46337095,14.21115925,14.4148687,1189400,17569172.0,0.920800
2024-03-18,14.54097455,14.6476795,14.42456915,14.57977635,2059200,30829307.0,1.594200
2024-03-19,14.6476795,14.7252831,14.4536705,14.6670804,1696100,25538068.0,1.313100
2024-03-20,14.65737995,14.77378535,14.48277185,14.67678085,1630500,24548061.0,1.262300
2024-03-21,14.7834858,14.79318625,14.40516825,14.50217275,1523100,22859313.0,1.179100
2024-03-22,14.5312741,14.5312741,14.28876285,14.3178642,1230600,18262698.0,0.952700
2024-03-25,14.4536705,14.7058822,14.1820579,14.2984633,1465800,21838638.0,1.134800
2024-03-26,14.28876285,14.4924723,14.1432561,14.32756465,1369600,20213217.0,1.060300
2024-03-27,14.2014588,14.3954678,13.70673585,13.72613675,1220100,17724579.0,0.944600
2024-03-28,13.74553765,14.550675,13.64853315,14.40516825,1707700,25032397.0,1.322000
2024-03-29,14.56037545,14.6476795,14.24996105,14.36636645,1408398,20962577.03,1.090300
2024-04-01,14.550675,14.550675,14.30816375,14.4536705,1275800,18974802.0,0.987700
2024-04-02,14.46337095,14.81258715,14.46337095,14.7252831,1913500,28928902.0,1.481400
2024-04-03,14.7252831,14.90959165,14.63797905,14.7058822,1205797,18315408.46,0.933500
2024-04-08,14.69618175,15.8893371,14.6282786,15.27820875,4476797,71003328.96,3.465800
2024-04-09,15.0550984,16.40346095,15.0550984,16.2191524,4956769,81498955.9,3.837400
2024-04-10,16.1997515,16.61687085,16.0057425,16.19005105,3361600,56339494.0,2.602400
2024-04-11,16.0057425,16.28705555,15.4819182,15.51101955,2566848,41796538.56,1.987200
2024-04-12,15.6177245,16.5295668,15.326711,16.4519632,6411449,106335187.04,4.963500
2024-04-15,16.296756,16.61687085,15.0356975,16.3937605,5559596,91648220.32,4.304100
2024-04-16,16.3937605,16.3937605,15.6953281,15.7923326,2547700,41947138.0,1.972300
2024-04-17,15.714729,16.13184835,15.5013191,15.82143395,2134500,34873334.35,1.652500
2024-04-18,15.8311344,15.8311344,15.4819182,15.49161865,1591600,25565891.0,1.232200
2024-04-19,15.52072,15.7535308,15.39461415,15.5595218,901500,14445058.0,0.697900
2024-04-22,15.52072,15.52072,14.9968957,15.2103056,1679169,26201066.4,1.300000
2024-04-23,15.06479885,15.4237155,15.0356975,15.23940695,938700,14757970.0,0.726700
2024-04-24,15.49161865,16.34525825,15.326711,16.20945195,4129469,68223641.3,3.196900
2024-04-25,16.30645645,16.4131614,15.6371254,15.72442945,2168100,35526168.0,1.678500
2024-04-26,16.11244745,16.11244745,14.550675,14.9192921,3361649,53005135.49,2.602500
2024-04-29,14.7252831,14.89019075,14.57977635,14.6282786,2746040,41632637.4,2.125900
2024-04-30,14.7834858,15.33641145,14.6670804,14.79318625,1687700,25876195.0,1.306600
2024-05-06,14.85138895,15.10360065,14.71558265,15.0162966,1606540,24751705.6,1.243700
2024-05-07,15.0162966,15.02599705,14.65737995,14.8804903,1657200,25318346.0,1.282900
2024-05-08,14.8416885,14.87078985,14.57977635,14.63797905,1206700,18274830.0,0.934200
2024-05-09,14.59917725,14.8222876,14.5894768,14.79318625,927700,14107314.0,0.718200
2024-05-10,14.79318625,15.31701055,14.73498355,15.14240245,2283800,35559272.0,1.768000
2024-05-13,15.132702,15.326711,14.83198805,14.8998912,1983224,30727782.64,1.535300
2024-05-14,14.8998912,14.9774948,14.7252831,14.92899255,786100,12061502.0,0.608600
2024-05-15,14.938693,14.938693,14.69618175,14.7640849,939000,14326141.0,0.726900
2024-05-16,14.69618175,15.132702,14.5700759,14.8222876,1602900,24683673.0,1.240900
2024-05-17,14.83198805,15.04539795,14.7640849,14.92899255,1855700,28464265.0,1.436600
2024-05-20,14.8998912,14.8998912,14.0074498,14.17235745,3064424,45471626.96,2.372400
2024-05-21,14.30816375,14.46337095,13.95894755,14.01715025,1374800,20018087.0,1.064300
2024-05-22,13.78433945,14.2208597,13.78433945,14.17235745,1540800,22324996.0,1.192800
2024-05-23,14.2596615,14.2596615,13.386621,13.7940399,2094100,29581016.0,1.621200
2024-05-24,13.74553765,13.74553765,13.4448237,13.59033045,818300,11492160.0,0.633500
2024-05-27,13.6776345,13.6776345,13.02770435,13.2314138,1839000,25027549.0,1.423700
2024-05-28,13.2896165,13.2896165,13.04710525,13.10530795,902828,12228883.12,0.698900
2024-05-29,13.10530795,13.29931695,13.04710525,13.20231245,692600,9431978.0,0.536200
2024-05-30,13.0956075,13.192612,12.93069985,12.93069985,723000,9720672.82,0.559700
2024-05-31,12.96950165,13.18291155,12.96950165,13.14410975,727200,9797894.0,0.563000
2024-06-03,13.192612,13.4254228,13.0568057,13.35751965,1374500,18689212.0,1.064100
2024-06-04,13.3672201,13.45452415,13.0568057,13.1732111,1372828,18733294.96,1.062800
2024-06-05,13.0180039,13.27991605,12.93069985,13.1732111,923000,12477673.0,0.714600
2024-06-06,13.16351065,13.2702156,12.1837652,12.7657922,2525800,33336638.0,1.955400
2024-06-07,12.63968635,13.0762066,12.63968635,12.98890255,1197600,15995279.0,0.927100
2024-06-11,13.0180039,13.24111425,12.610585,13.2314138,1099397,14765813.66,0.851100
2024-06-12,13.1344093,13.41572235,13.1344093,13.20231245,799600,10922047.0,0.619000
2024-06-13,13.33811875,13.33811875,13.0956075,13.27991605,696669,9494358.85,0.539300
2024-06-14,13.27991605,13.64853315,13.2120129,13.47392505,1173100,16304322.0,0.908200
2024-06-17,13.386621,13.6776345,13.386621,13.5612291,908469,12701747.38,0.703300
2024-06-18,13.53212775,13.58063,13.3090174,13.386621,718600,9957061.0,0.556300
2024-06-19,13.4060219,13.5418282,13.3284183,13.43512325,512300,7101560.0,0.396600
2024-06-20,13.37692055,13.43512325,13.14410975,13.2896165,705140,9697564.6,0.545900
2024-06-21,13.192612,13.58063,12.998603,13.4254228,600500,8285561.0,0.464900
2024-06-24,13.39632145,13.45452415,13.12470885,13.14410975,873400,11954455.0,0.676200
2024-06-25,13.14410975,13.53212775,13.14410975,13.3478192,977769,13485198.34,0.757000
2024-06-26,13.33811875,13.66793405,13.31871785,13.64853315,1032640,14426085.2,0.799400
2024-06-27,13.70673585,13.7552381,13.29931695,13.4060219,909240,12611392.2,0.703900
2024-06-28,13.66793405,13.66793405,12.7075895,13.47392505,1360500,18734219.0,1.053300
2024-07-01,13.3090174,13.62913225,13.3090174,13.62913225,1006900,14071036.0,0.779500
2024-07-02,13.57092955,13.8716435,13.57092955,13.82314125,1113400,15809626.0,0.862000
2024-07-03,13.86194305,13.86194305,13.49332595,13.60973135,931000,13085639.0,0.720700
2024-07-04,13.57092955,13.6582336,13.4642246,13.49332595,877700,12268047.0,0.679500
2024-07-05,13.4836255,13.62913225,13.43512325,13.6000309,891400,12466021.0,0.690100
2024-07-08,13.59033045,13.82314125,13.49332595,13.57092955,472600,6630970.0,0.365900
2024-07-09,13.57092955,13.58063,13.39632145,13.53212775,853800,11874400.0,0.661000
2024-07-10,13.4836255,13.62913225,13.386621,13.58063,615000,8585531.0,0.476100
2024-07-11,13.6776345,13.6776345,13.5030264,13.62913225,749300,10490391.0,0.580100
2024-07-12,13.47392505,13.64853315,13.47392505,13.6000309,401800,5631118.0,0.311100
2024-07-15,13.57092955,13.60973135,13.45452415,13.4836255,313600,4373070.0,0.242800
2024-07-16,13.53212775,13.5612291,13.39632145,13.5224273,301300,4193083.0,0.233300
2024-07-17,13.47392505,13.53212775,13.41572235,13.4254228,279900,3881862.0,0.216700
2024-07-18,13.386621,13.4836255,13.0956075,13.4060219,1360200,18680607.0,1.053000
2024-07-19,13.24111425,13.57092955,13.24111425,13.4448237,520400,7223957.0,0.402900
2024-07-22,13.43512325,14.01715025,13.43512325,13.8328417,1332800,18861513.0,1.031800
2024-07-23,13.8328417,14.0656525,13.7358372,13.8328417,965700,13838224.0,0.747600
2024-07-24,13.8716435,14.0850534,13.7164363,13.99774935,1460400,21025765.0,1.130600
2024-07-25,14.07535295,14.07535295,13.8328417,14.0268507,720100,10351165.0,0.557500
2024-07-26,14.0462516,14.32756465,13.9492471,14.32756465,1350100,19722335.0,1.045200
2024-07-29,14.3372651,14.7640849,14.2596615,14.73498355,1510500,22731935.0,1.169400
2024-07-30,14.73498355,15.0356975,14.67678085,14.8416885,2027100,31033083.0,1.569300
2024-07-31,14.8416885,14.8998912,14.5894768,14.79318625,1090700,16596714.0,0.844400
2024-08-01,14.79318625,14.9580939,14.71558265,14.87078985,792400,12137627.0,0.613400
2024-08-02,14.7252831,15.45281685,14.7252831,15.35581235,2067500,32481190.0,1.600600
2024-08-05,15.33641145,15.9669407,15.23940695,15.70502855,2723224,43956554.48,2.108200
2024-08-06,15.66622675,15.7923326,15.27820875,15.3655128,1570700,25087528.0,1.216000
2024-08-07,15.66622675,15.66622675,14.7834858,14.9774948,1746300,27044151.0,1.351900
2024-08-08,14.89019075,15.3655128,14.89019075,15.2685083,1055900,16538987.0,0.817400
2024-08-09,15.2685083,15.56922225,15.1521029,15.47221775,868700,13849633.0,0.672500
2024-08-12,15.5401209,15.70502855,14.96779435,15.1909047,1427300,22533648.0,1.105000
2024-08-13,15.19090176,15.5271587,15.08211275,15.43814951,898200,13978386.0,0.695400
2024-08-14,15.44803942,15.6260578,15.3293605,15.51726879,949000,14902331.0,0.734700
2024-08-15,15.43814951,15.58649816,15.34914032,15.44803942,782400,12222035.0,0.605700
2024-08-16,15.45792933,15.5271587,15.28980086,15.35903023,783000,12209953.0,0.606200
2024-08-19,15.2304614,15.26013113,14.84475491,15.11178248,989700,15049703.0,0.766200
2024-08-20,15.40847978,15.4282596,15.06233293,15.25024122,690400,10650201.0,0.534500
2024-08-21,15.1315623,15.3293605,15.11178248,15.26013113,422600,6516848.0,0.327200
2024-08-22,15.25024122,15.53704861,15.25024122,15.35903023,684300,10668200.0,0.529800
2024-08-23,15.4282596,15.5271587,14.94365401,15.09200266,831100,12708156.0,0.643400
2024-08-26,14.97332374,15.22057149,14.91398428,15.01288338,473000,7205078.0,0.366200
2024-08-27,15.00299347,15.22057149,14.88431455,15.01288338,518500,7875988.0,0.401400
2024-08-28,15.11178248,15.823856,14.9337641,15.75462663,1488600,23235832.0,1.152400
2024-08-29,15.69528717,16.08099366,15.6260578,15.76451654,1370000,21941000.0,1.060600
2024-08-30,15.9227551,15.9227551,15.55682843,15.83374591,868700,13846700.0,0.672500
2024-09-02,16.26890195,16.26890195,15.73484681,15.90297528,1477832,23718271.32,1.144100
2024-09-03,15.88319546,16.0216542,15.76451654,15.93264501,843800,13561627.0,0.653200
2024-09-04,15.823856,16.06121384,15.78429636,15.98209456,635300,10246116.0,0.491800
2024-09-05,15.96231474,16.53592952,15.93264501,16.29857168,954800,15707794.0,0.739200
2024-09-06,16.17989276,16.52603961,15.9227551,15.94253492,947100,15536413.0,0.733200
2024-09-09,15.94253492,15.94253492,15.70517708,15.85352573,737300,11788854.0,0.570800
2024-09-10,15.86341564,16.05132393,15.73484681,16.05132393,491800,7912685.0,0.380700
2024-09-11,15.97220465,16.11066339,15.823856,15.89308537,451900,7280871.0,0.349800
2024-09-12,15.86341564,15.95242483,15.823856,15.85352573,393600,6324090.0,0.304700
2024-09-13,15.823856,15.9227551,15.74473672,15.80407618,656500,10518914.0,0.508200
2024-09-18,15.80407618,15.98209456,15.67550735,15.83374591,992100,15892511.0,0.768100
2024-09-19,15.84363582,15.9227551,15.6260578,15.81396609,941600,15068052.0,0.729000
2024-09-20,15.81396609,15.94253492,15.67550735,15.90297528,1295000,20767865.0,1.002500
2024-09-23,15.9227551,16.01176429,15.5271587,15.89308537,1539700,24571056.0,1.192000
2024-09-24,15.89308537,16.39747078,15.63594771,16.32824141,1540400,24852634.0,1.192500
2024-09-25,16.3183515,16.5161497,16.11066339,16.33813132,2343500,38608915.0,1.814300
2024-09-26,16.76339745,16.812847,16.07110375,16.50625979,3183300,52822730.0,2.464400
2024-09-27,16.50625979,16.63482862,16.40736069,16.60515889,999900,16713083.0,0.774100
2024-09-30,16.49636988,17.74249854,16.49636988,17.42602142,4994956,86933746.83,3.866900
2024-10-08,18.81060882,19.15675567,17.1095443,17.5051407,6278807,114352163.9,4.860800
2024-10-09,17.35679205,18.23699404,16.69416808,17.38646178,5491100,98858511.93,4.251000
2024-10-10,17.15899385,18.0985353,17.1095443,17.42602142,4513647,80723687.41,3.494300
2024-10-11,17.35679205,17.79194809,17.33701223,17.52492052,3040500,53792809.0,2.353900
2024-10-14,17.57437007,18.01941602,17.45569115,17.87106737,3927100,70418498.0,3.040200
2024-10-15,17.801838,18.61281062,17.73260863,18.17765458,5658453,104224222.03,4.380600
2024-10-16,18.14798485,18.4941317,18.01941602,18.23699404,3598200,66530469.0,2.785600
2024-10-17,18.23699404,18.34578305,17.45569115,18.12820503,7301100,133144896.0,5.652300
2024-10-18,18.02930593,18.43479224,17.86117746,18.07875548,6862766,125913545.56,5.312900
2024-10-21,18.06886557,18.33589314,17.63370953,17.95018665,6785424,123344054.78,5.253000
2024-10-22,18.28644359,19.4831227,17.95018665,19.43367315,8730053,164343026.07,6.758500
2024-10-23,19.3842236,19.43367315,18.42490233,18.57325098,7315876,138522270.96,5.663700
2024-10-24,18.3952326,18.91939783,18.15787476,18.25677386,3975800,74622264.0,3.077900
2024-10-25,18.1974344,20.08640721,18.17765458,20.08640721,11920269,237194444.39,9.466900
2024-10-28,20.2743155,22.08416903,20.2743155,21.48088452,10097303,217454414.6,8.019100
2024-10-29,21.48088452,21.93582038,20.36332469,21.88637083,7366900,159958538.0,5.850700
2024-10-30,21.3622056,21.73802218,20.4721137,21.2633065,4681900,99993403.0,3.718300
2024-10-31,21.45121479,22.3511966,21.21385695,22.20284795,5252349,116534639.78,4.171300
2024-11-01,22.42042597,22.746793,21.29297623,21.32264596,4642200,103572919.0,3.686800
2024-11-04,21.24352668,21.69846254,20.85782019,21.34242578,3571100,76854509.0,2.836100
2024-11-05,21.39187533,21.8567011,20.5710128,21.78747173,4968700,107193824.0,3.946100
2024-11-06,21.78747173,22.03471948,20.82815046,21.09517803,5177604,111939596.15,4.112000
2024-11-07,21.1644074,21.1644074,19.85893928,20.16552649,4124853,84706679.54,3.275900
2024-11-08,20.51167334,20.75892109,20.18530631,20.46222379,2792653,57926640.33,2.217900
2024-11-11,20.56112289,20.88748992,19.13697585,19.53257225,5178800,104669904.0,4.112900
2024-11-12,19.53257225,20.10618703,19.53257225,20.01717784,3441880,69012856.8,2.733500
2024-11-13,20.02706775,20.8677101,20.02706775,20.80837064,3923580,81653497.4,3.116100
2024-11-14,20.80837064,22.03471948,20.63035226,21.4611047,7636600,167203636.0,6.064900
2024-11-15,21.4611047,21.73802218,20.2743155,20.44244397,4562500,96956387.0,3.623500
2024-11-18,20.42266415,20.64024217,18.53369134,19.27543459,3762200,74612312.0,2.987900
2024-11-19,19.12708594,19.73037045,18.87983819,19.59191171,2160358,42176251.8,1.715700
2024-11-20,19.52268234,19.83915946,19.42378324,19.63147135,1999210,39753228.4,1.587700
2024-11-21,19.63147135,19.92816865,19.14686576,19.8787191,2389800,47605234.0,1.897900
2024-11-22,19.76004018,20.42266415,19.14686576,19.15675567,2046610,40956236.4,1.625400
2024-11-25,19.21609513,20.6699119,18.65237026,20.49189352,2423300,48199493.0,1.924600
2024-11-26,20.52156325,20.52156325,19.1864254,19.47323279,2174200,43190743.0,1.726700
2024-11-27,19.3842236,19.77982,19.04796666,19.76993009,1270500,25057926.0,1.009000
2024-11-28,19.76993009,20.11607694,19.34466396,19.78970991,1588100,31807914.0,1.261200
2024-11-29,19.9776182,19.9776182,19.39411351,19.53257225,1706000,33929700.46,1.354900
2024-12-02,19.57213189,20.45233388,19.50290252,19.66114108,3617200,72950687.0,2.872700
2024-12-03,19.66114108,19.67103099,18.95895747,19.12708594,1991900,38577587.0,1.581900
2024-12-04,19.16664558,19.40400342,18.73148954,19.16664558,1861800,35892340.0,1.478600
2024-12-05,19.4831227,19.55235207,18.790829,19.47323279,1958511,38116054.82,1.555400
2024-12-06,19.43367315,19.51279243,18.87983819,18.89961801,4788400,92709058.15,3.802900
2024-12-09,19.23587495,20.78859082,18.93917765,20.78859082,9836394,204858563.63,7.811900
2024-12-10,21.18418722,21.74791209,20.768811,21.24352668,10585199,227497776.58,8.406600
2024-12-11,21.23363677,21.44132488,20.31387514,21.0655083,4914699,103337319.67,3.903200
2024-12-12,20.8677101,22.12372867,20.78859082,21.93582038,5187800,112760851.0,4.120100
2024-12-13,21.64901299,22.3511966,21.5600038,21.87648092,2648500,58789918.0,2.103400
2024-12-16,22.04460939,22.6478939,21.82703137,22.18306813,2994500,67547522.0,2.378200
2024-12-17,22.00504975,22.3511966,21.31275605,21.3622056,2595300,56840314.0,2.061200
2024-12-18,21.34242578,22.09405894,21.03583857,21.94571029,2535895,55817952.5,2.014000
2024-12-19,22.06438921,22.06438921,21.0655083,21.45121479,1629600,35440127.0,1.294200
2024-12-20,21.45121479,22.11383876,21.27319641,22.11383876,2653700,58805732.0,2.107500
2024-12-23,22.11383876,22.51932507,20.64024217,20.66002199,2158500,46459086.0,1.714300
2024-12-24,20.768811,21.14462758,20.28420541,20.79848073,1254000,26324454.0,0.995900
2024-12-25,20.60068253,21.07539821,19.34466396,19.76004018,1581000,31757740.0,1.255600
2024-12-26,19.96772829,20.4721137,19.59191171,20.1754164,1040237,21119000.21,0.826100
2024-12-27,20.16552649,20.99627893,19.89849892,20.6699119,1838599,38324201.14,1.460200
2024-12-30,20.74903118,21.01605875,19.92816865,20.85782019,1085528,22643122.56,0.862100
2024-12-31,20.98638902,21.09517803,20.1754164,20.3732146,1359700,28334792.0,1.079900
2025-01-02,20.3732146,20.6699119,19.83915946,19.95783838,834600,17066811.0,0.662800
2025-01-03,20.14574667,20.35343478,18.57325098,19.03807675,1011300,19795847.0,0.803200
2025-01-06,19.04796666,20.5710128,18.10842521,20.30398523,2435998,48924828.45,1.934600
2025-01-07,20.45233388,20.8677101,20.16552649,20.36332469,1596100,33087493.0,1.269500
2025-01-08,20.36332469,21.0655083,20.05673748,20.71936145,1543499,32180666.34,1.227600
2025-01-09,20.9666092,21.3622056,20.2743155,21.09517803,1848900,39406855.0,1.470500
2025-01-10,21.20396704,21.40176524,20.78859082,20.88748992,1250800,26615470.0,0.994800
2025-01-13,20.84793028,21.11495785,20.43255406,20.61057244,790700,16518735.0,0.628900
2025-01-14,20.64024217,21.73802218,20.4721137,21.52044416,2458500,53000258.0,1.955400
2025-01-15,21.52044416,21.52044416,20.8677101,21.04572848,1352900,28895072.0,1.076000
2025-01-16,21.03583857,21.3622056,20.51167334,20.77870091,1022700,21563823.0,0.813400
2025-01-17,20.77870091,21.14462758,20.35343478,21.01605875,876900,18523214.0,0.697500
2025-01-20,21.1644074,21.51055425,20.61057244,21.0655083,1302000,27949859.0,1.035600
2025-01-21,21.23363677,21.23363677,20.08640721,20.28420541,1477237,30473344.61,1.174900
2025-01-22,20.6699119,20.6699119,19.61169153,20.04684757,1009100,20564693.0,0.802600
2025-01-23,20.14574667,20.42266415,19.77982,19.96772829,804200,16328758.0,0.639600
2025-01-24,19.78970991,20.26442559,19.5820218,19.93805856,814200,16375541.0,0.647600
2025-01-27,19.98750811,20.53145316,19.85893928,19.8787191,723700,14766169.0,0.575600
2025-02-05,20.0765173,20.08640721,19.80948973,20.02706775,436400,8809666.0,0.347100
2025-02-06,20.01717784,20.30398523,19.73037045,20.20508613,555600,11242323.0,0.441900
2025-02-07,20.15563658,20.3732146,19.93805856,20.16552649,852900,17349041.0,0.678400
2025-02-10,20.20508613,21.73802218,20.08640721,21.28308632,2961500,62806737.0,2.355500
2025-02-11,21.73802218,22.03471948,20.35343478,21.34242578,3285499,70036265.24,2.613200
2025-02-12,21.33253587,21.41165515,20.87760001,21.03583857,1302400,27774694.0,1.035900
2025-02-13,21.03583857,21.03583857,20.58090271,20.62046235,922900,19420173.0,0.734000
2025-02-14,20.72925136,20.83804037,20.32376505,20.39299442,986800,20445684.0,0.784900
2025-02-17,20.49189352,20.768811,20.25453568,20.36332469,1179200,24426799.0,0.937900
2025-02-18,20.56112289,20.95671929,20.1754164,20.66002199,1836500,38159491.0,1.460700
2025-02-19,20.40288433,21.11495785,20.40288433,20.6699119,1893500,39864594.0,1.506000
2025-02-20,20.8677101,20.8677101,20.3732146,20.66002199,1222100,25422892.0,0.972000
2025-02-21,20.75892109,20.9666092,20.42266415,20.6699119,1427903,29798021.07,1.135700
2025-02-24,20.5710128,20.91715965,20.52156325,20.56112289,1420600,29686536.0,1.129900
2025-02-25,20.5710128,20.68969172,20.39299442,20.48200361,1442900,29936045.0,1.147600
2025-02-26,20.45233388,20.70947154,20.30398523,20.34354487,1557200,32214754.0,1.238500
2025-02-27,20.34354487,21.24352668,20.21497604,21.15451749,2761100,57777242.0,2.196100
2025-02-28,21.15451749,21.89626074,20.70947154,20.98638902,4953600,106541356.56,3.939900
2025-03-03,20.768811,21.57978362,20.33365496,20.39299442,2726300,57987797.0,2.168400
2025-03-04,20.25453568,20.93693947,20.25453568,20.66002199,1532486,31993605.26,1.218900
2025-03-05,20.45233388,20.75892109,20.15563658,20.30398523,1309200,26940070.0,1.041300
2025-03-06,20.33365496,21.0655083,20.32376505,20.53145316,2262400,47345183.0,1.799400
2025-03-07,20.72925136,22.32152687,20.52156325,22.32152687,6092299,133068517.7,4.845600
2025-03-10,22.65778381,24.55664653,22.11383876,24.55664653,5340100,125956615.0,4.247300
2025-03-11,24.2302795,24.29950887,22.53910489,23.61710508,4665115,110673582.95,3.710500
2025-03-12,23.64677481,25.98079357,23.39952706,25.64453663,5280199,132296315.63,4.199700
2025-03-13,24.97202275,27.1972525,24.97202275,26.06980276,5314110,140884418.6,4.226600
2025-03-14,25.77310546,26.702757,25.15004113,25.60497699,3056300,79337172.0,2.430900
2025-03-17,25.60497699,27.0983534,25.2192705,26.8016561,3788000,101483192.0,3.012800
2025-03-18,26.69286709,27.4939498,26.08958258,26.78187628,2459500,66393958.0,1.956200
2025-03-19,26.58407808,27.07857358,26.08958258,26.52473862,1596100,42672403.0,1.269500
2025-03-20,26.71264691,27.1972525,26.47528907,26.55440835,1680104,45613598.44,1.336300
2025-03-21,27.04890385,29.16534459,25.96101375,28.51261053,3919204,108568809.36,3.117200
2025-03-24,27.96866548,29.81807865,27.83020674,29.1752345,3939600,114265815.0,3.133400
2025-03-25,29.1752345,30.35213379,28.4829408,30.24334478,3324700,99412628.0,2.644300
2025-03-26,29.33347306,30.22356496,28.75985828,29.62028045,2761400,82217730.0,2.196300
2025-03-27,29.28402351,30.78728983,28.8785372,28.8785372,4060037,122262966.64,3.229200
2025-03-28,29.35325288,29.7686291,27.96866548,29.66973,2592360,75952072.9,2.061900
2025-03-31,29.90708784,29.90708784,27.85987647,28.680739,2341300,68085767.8,1.862200
2025-04-01,28.680739,29.00710603,28.17635359,28.30492242,1908980,55107215.0,1.518300
2025-04-02,28.26536278,29.1752345,27.92910584,28.60161972,2418100,69616881.0,1.923300
2025-04-03,28.16646368,29.53127126,28.16646368,29.44226207,1798700,52708951.0,1.430600
2025-04-07,26.49506889,28.7796381,26.49506889,27.35549106,2406500,66990557.0,1.914000
2025-04-08,27.38516079,28.31481233,26.71264691,27.64229845,1768020,49053625.0,1.406200
2025-04-09,27.2961516,27.9884453,24.9225732,27.47416998,1561251,42500402.76,1.241800
2025-04-10,27.4939498,30.22356496,27.4939498,30.22356496,2568519,76892604.44,2.042900
2025-04-11,29.62028045,31.23233578,29.19501432,31.18288623,3796100,116954446.55,3.019300
2025-04-14,31.14332659,31.63782209,30.2631246,30.92574857,3098249,96999925.13,2.464200
2025-04-15,31.0543174,31.0543174,29.35325288,29.66973,2636601,79546423.87,2.097100
2025-04-16,29.56094099,29.64995018,28.33459215,28.55217017,2102700,61260061.0,1.672400
2025-04-17,28.2851426,29.8675282,27.76097737,29.64995018,2302300,67507276.0,1.831200
2025-04-18,29.59061072,29.64006027,28.36426188,28.79941792,1523549,44392961.3,1.211800
2025-04-21,27.99833521,29.08622531,27.97855539,28.33459215,1417600,40562488.0,1.127500
2025-04-22,28.23569305,28.7796381,28.03789485,28.32470224,710600,20396626.0,0.565200
2025-04-23,28.20602332,28.65106927,27.27637178,28.20602332,1521400,43083051.0,1.210100
2025-04-24,27.82031683,28.39393161,27.4939498,28.20602332,1235300,34910507.0,0.982500
2025-04-25,28.1862435,28.4829408,27.691748,27.83020674,843400,24029634.0,0.670800
2025-04-28,27.1972525,28.23569305,26.88077538,27.4939498,829800,22991448.0,0.660000
2025-04-29,27.55328926,28.85875738,27.2961516,28.55217017,1359500,39070080.0,1.081300
2025-04-30,29.66973,30.63894118,28.76974819,28.76974819,1452300,43301449.0,1.155100
2025-05-06,28.71040873,29.23457396,28.25547287,29.05655558,973400,28280861.0,0.774200
2025-05-07,29.10600513,29.4719318,28.74007846,29.08622531,821800,24269790.0,0.653600
2025-05-08,28.84886747,29.1752345,28.29503251,28.73018855,1134100,32754609.0,0.902000
2025-05-09,28.70051882,30.1642255,27.9884453,30.02576676,1982100,59505597.0,1.576500
2025-05-12,29.8675282,30.1642255,28.680739,30.03565667,1211300,36540103.0,0.963400
2025-05-13,30.1642255,30.57960172,29.2741336,30.11477595,1056400,32010114.0,0.840200
2025-05-14,29.87741811,30.56971181,29.42248225,29.52138135,1209000,36476746.0,0.961600
2025-05-15,29.4719318,29.78840892,29.33347306,29.59061072,885700,26451394.0,0.704500
2025-05-16,29.73895937,29.73895937,28.57194999,28.94776657,1176900,34473622.84,0.936100
2025-05-19,28.82908765,29.82796856,28.24558296,29.04666567,1381400,40510083.0,1.098700
2025-05-20,29.03677576,29.46204189,28.9774363,29.13567486,743800,21975036.6,0.591600
2025-05-21,29.12578495,29.49171162,28.8785372,29.28402351,1011200,29873529.04,0.804300
2025-05-22,29.1752345,29.8675282,28.89831702,29.15545468,1366000,40537604.0,1.086500
2025-05-23,29.15545468,29.4719318,27.93899575,27.93899575,1565700,45014603.0,1.245300
2025-05-26,27.93899575,28.33459215,26.9005552,27.52361953,1703100,47553931.0,1.354600
2025-05-27,27.55328926,27.76097737,27.21703232,27.4939498,1638300,45437757.51,1.303000
2025-05-28,27.54339935,28.17635359,27.18736259,27.42472043,1663800,46402885.0,1.323300
2025-05-29,27.30604151,27.74119755,27.27637178,27.44450025,1248049,34631215.71,0.992600
2025-05-30,27.66207827,27.66207827,26.58407808,26.69286709,936600,25545475.04,0.744900
2025-06-03,26.69286709,27.10824331,25.9115642,26.95000475,994000,26825929.0,0.790600
2025-06-04,27.25,27.25,26.64,26.98,1067700,28826370.0,0.849200
2025-06-05,26.85,27.11,26.3,26.65,1230800,32727040.0,0.978900
2025-06-06,26.65,27.8,26.53,27.48,2289128,61861510.6,1.820700
2025-06-09,27.48,27.68,26.91,27.05,1114100,30346626.0,0.886100
2025-06-10,27.33,27.33,25.44,26.49,2367100,62001342.0,1.882700
2025-06-11,26.49,27.05,26.21,26.63,1117200,29769739.0,0.888600
2025-06-12,26.61,27.1,25.72,26.78,1675200,44229171.8,1.332400
2025-06-13,26.88,26.88,25.8,26.07,1150632,30090409.84,0.915200
2025-06-16,26.02,28.68,25.6,28.67,2890600,78062215.0,2.299100
2025-06-17,28.28,29.06,27.58,28.6,4313600,122538930.0,3.430900
2025-06-18,27.85,28.9,27.85,28.49,1507100,43110984.0,1.198700
2025-06-19,28.49,29.49,28.49,28.77,1543900,44717441.0,1.228000
2025-06-20,28.64,29.01,28.03,28.06,1445200,41166410.0,1.149500
2025-06-23,28.03,28.03,25.96,26.92,1452800,39124531.0,1.155500
2025-06-24,26.99,27.6,26.99,27.28,1250700,34231146.0,0.994800
2025-06-25,27.7,27.8,26.73,27.38,1146000,31207312.0,0.911500
2025-06-26,28.8,28.88,27.18,28.23,1857100,51719718.0,1.477100
2025-06-27,28.15,29.1,28.0,28.31,1315000,37407787.0,1.045900
2025-06-30,28.38,29.19,27.53,27.85,3513900,98990352.0,2.794800
2025-07-01,27.56,28.31,27.56,27.85,1872600,52376443.0,1.489400
2025-07-02,28.2,28.2,27.04,27.36,1302200,35661184.0,1.035700
2025-07-03,27.38,27.54,27.15,27.28,934500,25511052.0,0.743300
2025-07-04,27.41,27.41,26.61,26.7,1382700,37278010.0,1.099700
2025-07-07,26.72,27.23,26.4,26.97,1288200,34463642.0,1.024600
2025-07-08,26.97,27.2,26.5,26.87,1328600,35745312.0,1.056700
2025-07-09,27.33,27.33,26.7,26.85,936400,25174326.0,0.744800
2025-07-10,26.85,27.16,26.42,26.59,1269900,33712495.0,1.010000
2025-07-11,26.56,26.89,26.41,26.64,2720800,72546314.0,2.164000
2025-07-14,26.55,27.34,26.2,26.83,3792000,101964941.0,3.016000
2025-07-15,26.81,26.81,25.9,26.02,1821400,48069292.0,1.448700
2025-07-16,26.39,26.39,25.67,25.79,1382600,35774532.0,1.099700
2025-07-17,25.85,26.1,25.36,25.67,1997400,51313623.0,1.588700
2025-07-18,25.81,27.03,25.44,26.5,2637800,69365716.0,2.098000
2025-07-21,26.5,26.8,25.96,26.71,1392600,36715116.0,1.107600
2025-07-22,26.71,27.66,26.4,27.51,3256100,89017597.0,2.589800
2025-07-23,27.51,28.65,27.04,27.88,4776600,132729555.0,3.799100
2025-07-24,27.51,28.38,27.51,28.34,3784530,105806918.3,3.010100
2025-07-25,28.35,30.42,28.29,29.57,6906430,201919981.4,5.493100
2025-07-29,30.28,30.28,26.8,27.47,8461800,232498385.0,6.730200
2025-07-30,27.0,30.09,27.0,28.46,5552240,157699385.8,4.416000
2025-07-31,28.07,28.86,27.34,27.42,2882400,79971962.0,2.292500
2025-08-01,27.79,28.0,27.08,27.47,2507500,68790998.0,1.994400
2025-08-04,27.46,27.55,26.93,27.47,1825500,49721523.0,1.451900
2025-08-05,27.6,28.0,27.34,27.84,1929000,53476014.0,1.534300
2025-08-06,28.5,28.65,27.57,28.61,2427200,68496653.0,1.930500
2025-08-07,28.78,29.66,28.78,29.48,2956000,86763849.0,2.351100
2025-08-08,29.0,29.95,29.0,29.51,1935300,57308297.0,1.539300
2025-08-11,29.51,29.74,28.87,29.55,2026300,59525532.0,1.611600
2025-08-12,31.03,31.03,29.2,29.44,2308500,68487266.0,1.836100
2025-08-13,29.5,30.3,29.26,29.6,2411900,71770430.0,1.918300
2025-08-14,29.57,29.7,29.2,29.4,1583600,46644444.0,1.259500
2025-08-15,29.36,29.43,29.09,29.4,1670271,48891367.56,1.328500
2025-08-18,29.45,30.24,29.4,29.76,2571400,76710420.0,2.045200
2025-08-19,29.76,29.76,29.04,29.66,1826400,53603466.0,1.452600
2025-08-20,29.42,30.0,29.15,29.9,1743200,51897100.0,1.386500
2025-08-21,29.8,32.5,29.5,31.49,4795100,149463513.0,3.813800
2025-08-22,31.92,34.19,31.5,33.49,5398200,180708871.0,4.293500
2025-08-25,33.34,34.74,33.2,34.06,4146171,140612113.99,3.297700
2025-08-26,34.66,35.0,33.19,33.83,3667100,124954783.0,2.916700
2025-08-27,33.54,34.29,32.71,32.9,2955900,98892623.97,2.351000
2025-08-28,32.45,33.14,31.87,32.94,2441100,79307596.0,1.941600
2025-08-29,32.88,33.0,32.03,32.72,1660600,54018971.0,1.320800
2025-09-01,32.52,33.39,32.27,32.59,2647203,86900681.29,2.105500
2025-09-02,32.59,32.78,30.83,31.06,3493100,110141827.0,2.778300
2025-09-03,30.99,31.4,30.4,30.87,2413400,74666208.0,1.919500
2025-09-04,31.04,31.31,30.43,30.56,1852700,57065461.0,1.473600
2025-09-05,30.73,33.08,30.16,32.71,2637300,83917661.0,2.097600
2025-09-08,32.55,33.62,32.55,33.59,2356400,78379465.0,1.874200
2025-09-09,33.11,33.88,32.86,33.05,1649700,55095173.0,1.312100
2025-09-10,32.84,33.76,32.82,33.2,1184900,39482168.0,0.942400
2025-09-11,33.22,34.52,32.92,33.8,2265200,76624237.0,1.801700
2025-09-12,33.83,34.35,33.6,34.0,1985000,67494300.0,1.578800
2025-09-15,34.3,34.89,33.5,34.5,2109100,72478742.0,1.677500
2025-09-16,34.46,36.0,34.1,35.95,2476000,86723789.0,1.969300
2025-09-17,35.96,37.11,35.28,35.65,3196200,115566134.0,2.542100
2025-09-18,36.05,36.32,35.18,35.58,1781000,63671219.0,1.416500
2025-09-19,35.58,36.87,35.49,36.23,2341400,84764033.0,1.862300
2025-09-22,36.22,38.29,35.9,38.29,2667600,99868228.0,2.121700
2025-09-23,38.17,38.85,37.04,38.15,2844030,107767491.3,2.262000
2025-09-24,38.01,39.45,37.3,38.9,2333200,90366716.0,1.855700
2025-09-25,39.07,39.16,38.08,38.4,1680200,64637055.0,1.336400
2025-09-26,38.38,38.68,37.32,38.34,1565400,59789245.0,1.245100
2025-09-29,38.36,41.36,38.36,41.3,3031300,121247583.0,2.411000
2025-09-30,41.53,43.38,40.58,41.78,3581400,149432748.0,2.848500
2025-10-09,42.5,43.28,41.03,42.88,3487800,148584314.0,2.774100
2025-10-10,42.67,45.99,42.32,45.98,3202700,141584886.5,2.547300
2025-10-13,44.99,49.65,44.0,46.86,6275599,291890861.3,4.991400
2025-10-14,46.88,50.87,46.5,50.67,6351017,313520604.51,5.051400
2025-10-15,50.28,52.86,47.5,52.86,5989100,299299748.0,4.763500
2025-10-16,52.0,58.15,52.0,58.15,8384719,468226260.4,6.668900
2025-10-17,56.97,58.87,54.09,54.31,7710650,433055018.79,6.132800
2025-10-20,54.5,59.74,54.5,59.74,6926600,399495248.0,5.509100
2025-10-21,61.99,65.71,57.01,61.8,13978780,859720600.2,11.118200
2025-10-22,58.62,61.28,58.13,58.63,8871059,528986268.69,7.055700
2025-10-23,60.39,64.49,60.0,64.49,8379750,524140004.63,6.664900
2025-10-24,64.62,70.94,64.49,70.94,8763750,602423181.0,6.970300
2025-10-27,70.94,74.73,63.85,71.29,9169242,650631494.52,7.292900
2025-10-28,72.04,73.99,68.0,68.5,7433600,520482936.5,5.912400
2025-10-29,69.8,73.44,69.33,69.94,8697650,620239401.0,6.917800
2025-10-30,69.0,70.0,66.31,66.49,7006800,473885058.0,5.572900
2025-10-31,67.0,67.7,64.65,65.55,4718800,312842492.0,3.753200
2025-11-03,67.0,67.0,64.5,66.2,3840600,253284898.0,3.054700
2025-11-04,66.25,66.6,64.7,66.2,3120400,204878528.0,2.481800
2025-11-05,65.0,66.95,64.18,65.33,2753600,180405402.0,2.190100
2025-11-06,65.33,65.68,63.01,63.52,3681800,234747168.0,2.928400
2025-11-07,63.26,63.66,62.1,62.72,3012200,188919719.0,2.395800
2025-11-10,62.35,63.08,60.1,60.62,3125500,192232960.0,2.485900
2025-11-11,60.95,60.95,58.5,59.32,3505000,208461687.0,2.787700
2025-11-12,59.24,61.95,58.0,60.75,3842900,233315753.0,3.056500
2025-11-13,60.46,61.8,60.0,60.1,2348800,142386361.0,1.868100
2025-11-14,59.9,59.99,58.0,58.81,2670300,157436058.0,2.123900
2025-11-17,58.77,58.77,55.0,56.2,3743400,211296715.0,2.977400
2025-11-18,56.0,57.88,55.55,56.32,2662800,151344100.0,2.117900
2025-11-19,56.64,56.64,53.59,53.93,2743300,149906514.0,2.181900
2025-11-20,53.83,55.49,53.2,53.7,1935600,104363900.0,1.539500
2025-11-21,53.7,53.7,51.52,51.75,2549300,132881293.0,2.027600
2025-11-24,51.73,54.27,51.6,52.49,2595700,136648363.0,2.064500
2025-11-25,53.21,55.5,52.5,54.09,2873000,155236907.0,2.285100
2025-11-26,54.15,54.24,52.15,52.61,2387700,125922719.0,1.899100
2025-11-27,52.14,54.16,51.71,52.99,1854900,98676102.0,1.475300
2025-11-28,53.47,53.47,51.09,52.35,1817300,94505231.0,1.445400
2025-12-01,52.71,53.0,51.92,52.18,1271100,66390921.0,1.011000
2025-12-02,52.09,53.5,52.0,52.73,1926400,101526905.0,1.532200
2025-12-03,53.67,53.85,51.85,52.06,1426500,74531534.0,1.134600
2025-12-04,51.8,52.73,51.5,51.61,1316000,68411551.0,1.046700
2025-12-05,52.02,53.46,50.84,52.34,2209500,115529043.0,1.757400
2025-12-08,52.0,54.42,51.93,53.17,2405900,128659243.0,1.913600
2025-12-09,53.86,53.94,52.91,53.02,1479000,78849762.71,1.176300
2025-12-10,52.97,53.29,51.47,51.88,1491869,77686413.89,1.186600
2025-12-11,52.43,52.43,50.5,50.76,1836200,94040478.0,1.460400
2025-12-12,51.26,51.87,49.95,50.3,1888400,95547650.0,1.502000
2025-12-15,50.53,55.33,49.81,52.25,4989900,264333807.0,3.968800
2025-12-16,52.9,55.8,52.27,53.86,6403900,348147449.0,5.093400
2025-12-17,54.04,55.1,51.56,54.79,6126800,328935183.0,4.873000
2025-12-18,55.5,60.27,53.9,60.27,6425200,374190225.31,5.110400
2025-12-19,64.21,66.3,61.0,66.3,7172700,468873592.0,5.704900
2025-12-22,66.3,72.0,66.3,71.34,9463750,660814626.42,7.527100
2025-12-23,71.34,73.3,69.26,69.57,6727800,476369690.0,5.351000
2025-12-24,68.86,69.98,66.59,68.2,5739150,391674294.5,4.564700
2025-12-25,68.21,68.21,64.7,64.99,4797000,315170648.0,3.815300
2025-12-26,66.5,71.47,63.31,69.26,5494900,370186049.0,4.370400
2025-12-29,69.0,70.93,68.0,69.72,3208000,222867461.0,2.551500
2025-12-30,70.97,71.04,66.53,66.9,3131600,213814830.0,2.490800
2025-12-31,66.9,67.0,64.59,65.17,3080400,201769634.0,2.450000
2026-01-05,65.17,66.65,62.97,63.42,2750700,175861993.0,2.187800
2026-01-06,63.06,63.88,61.76,63.52,2837200,177808994.0,2.256600
2026-01-07,62.94,63.8,61.8,63.5,2563600,160746574.0,2.039000
2026-01-08,63.6,65.58,63.05,64.6,3407100,219039445.0,2.709900
2026-01-09,63.56,64.6,58.3,60.1,8189800,496721041.0,6.513800
2026-01-12,60.0,60.98,59.0,60.62,3868100,231810167.0,3.076500
2026-01-13,60.84,60.88,59.29,59.34,2502500,150030362.0,1.990400
2026-01-14,59.25,60.9,59.15,59.38,2054100,123045496.0,1.633800
2026-01-15,59.34,60.11,58.21,58.68,1469500,86597487.0,1.168800
2026-01-16,58.5,60.75,58.18,60.43,2330100,138532982.0,1.853300
2026-01-19,60.7,66.47,60.5,66.47,7311100,476637828.0,5.815000
2026-01-20,66.22,66.5,62.5,65.53,4592530,296276137.0,3.652700
2026-01-21,65.21,66.58,63.3,66.0,2801000,183171726.0,2.227800
2026-01-22,65.54,67.5,64.5,65.99,2712100,179292668.0,2.157100
2026-01-23,66.64,67.7,65.55,67.42,3038700,203113511.0,2.416900
2026-01-26,68.68,68.79,64.0,64.7,3628200,241102966.0,2.885700
2026-01-27,64.7,65.88,63.53,65.4,1897700,122859456.0,1.509400
2026-01-28,65.0,66.89,64.7,65.87,2165500,142140398.0,1.722400
2026-01-29,66.06,66.7,62.58,62.84,2376400,152588541.0,1.890100
2026-01-30,62.15,63.49,61.2,62.31,1432600,89121119.0,1.139400
2026-02-02,62.28,64.0,60.36,60.66,1614000,100145651.13,1.283700
2026-02-03,60.66,63.5,60.66,63.06,1541000,95922577.0,1.225700
2026-02-04,62.99,63.94,62.0,62.85,1416000,89092230.0,1.126200
2026-02-05,62.3,64.18,62.3,63.58,1427100,90696742.0,1.135100
2026-02-06,63.58,66.35,63.0,65.35,2049600,132986141.0,1.630200
2026-02-09,65.4,66.78,65.08,66.26,1797100,118644900.0,1.429300
2026-02-10,66.89,72.0,66.19,69.63,4013944,278551877.08,3.192500
2026-02-11,70.18,70.54,67.67,68.28,3186856,220804342.72,2.534700
2026-02-12,68.0,75.11,67.9,75.11,5995230,436328356.3,4.768400
2026-02-13,77.3,80.0,75.6,76.2,7215930,559974380.16,5.739300
2026-02-24,76.0,78.16,73.99,76.85,4154600,318507437.0,3.304400
2026-02-25,76.17,78.56,74.1,78.09,2720430,208773831.6,2.163700
2026-02-26,79.1,80.99,76.12,79.98,3169400,250696877.0,2.520800
2026-02-27,79.97,82.37,78.29,78.9,1969100,156277965.0,1.566100
2026-03-02,78.0,79.84,75.5,76.1,2795900,216299141.0,2.223800
2026-03-03,77.9,77.9,71.2,71.65,2975300,219342209.0,2.366400
2026-03-04,71.58,72.63,70.28,70.98,1666200,118758169.0,1.325200
2026-03-05,71.5,72.2,69.8,71.19,1379666,97552662.04,1.097300
2026-03-06,71.19,73.13,69.0,69.61,2136100,150897508.0,1.699000
2026-03-09,68.0,70.36,67.02,69.85,1961600,134725007.0,1.560200
2026-03-10,70.7,76.84,70.22,76.84,2982800,221234067.0,2.372400
2026-03-11,78.58,79.0,75.66,75.66,2855400,220113972.0,2.271100
2026-03-12,78.0,78.0,73.33,74.03,1743900,129966210.0,1.387000
2026-03-13,73.4,75.11,73.11,73.5,1431700,106170862.0,1.138700
2026-03-16,73.99,76.6,69.2,76.34,3473000,255143141.0,2.762300
2026-03-17,76.31,76.48,73.58,73.66,2244400,168094105.0,1.785100
2026-03-18,74.43,75.5,72.19,72.97,1325200,97105247.0,1.054000
2026-03-19,73.5,73.99,71.0,71.71,1499400,108320362.0,1.192600
2026-03-20,72.0,74.99,71.11,72.19,2610400,190972890.0,2.076200
2026-03-23,72.1,74.9,68.88,69.72,3183200,229889447.0,2.531800
2026-03-24,71.46,71.46,67.8,70.94,2206100,153998040.0,1.754600
2026-03-25,70.57,71.88,70.38,71.15,1311800,93191336.0,1.043400
2026-03-26,71.15,74.5,70.69,73.79,2508525,183367591.25,1.995200
2026-03-27,73.05,77.14,70.8,76.0,3420800,256406807.0,2.720800
2026-03-30,75.0,75.0,73.37,74.52,1562400,115836191.0,1.242700
2026-03-31,74.55,76.25,73.1,73.56,1715630,127584624.8,1.364500
2026-04-01,74.8,75.81,73.57,75.8,1628900,121573012.0,1.295600
2026-04-02,75.0,76.7,73.5,74.5,2092256,156826790.12,1.664100
2026-04-03,74.82,77.0,73.15,76.28,2609904,197086346.36,2.075800
2026-04-07,77.45,78.0,75.55,77.0,2215404,170253268.08,1.762000
2026-04-08,77.5,84.7,77.49,84.7,4562600,376381660.0,3.628900
2026-04-09,87.01,93.17,87.01,93.17,7772600,708398197.0,6.182000
2026-04-10,93.17,95.2,90.12,90.9,5606900,515651571.0,4.459500
2026-04-13,88.95,95.6,88.95,93.52,4197000,393475383.0,3.338100
2026-04-14,92.47,94.47,91.69,92.87,2629600,243763192.0,2.091500
2026-04-15,93.95,95.5,91.67,94.69,2880600,270554235.0,2.291100
2026-04-16,93.03,96.77,93.03,96.69,3032100,289907609.0,2.411600
2026-04-17,96.37,98.21,94.0,95.02,2750769,264304801.33,2.187900
2026-04-20,96.0,99.97,95.02,97.49,3048800,298788074.0,2.424900
2026-04-21,97.4,97.98,89.88,90.85,4706600,436677625.0,3.743400
2026-04-22,88.5,96.4,88.5,95.44,4924600,463004936.0,3.916800
2026-04-23,95.35,99.9,95.0,95.88,2772600,269280933.0,2.205200
2026-04-24,96.36,97.66,94.01,96.95,2429400,233485666.0,1.932300
2026-04-27,96.99,96.99,92.71,96.16,3469000,329369397.0,2.759100
2026-04-28,97.0,98.91,94.31,96.79,2809000,271050844.0,2.234200
2026-04-29,96.79,98.89,96.0,98.16,1997400,195575074.0,1.588700
2026-04-30,98.5,102.0,97.66,101.18,3836200,382288869.03,3.051200
2026-05-06,101.4,103.27,98.59,99.21,3667245,370046569.0,2.916800
2026-05-07,99.7,100.87,94.5,96.33,3181373,307507732.5,2.530300
2026-05-08,96.09,99.7,95.5,98.73,2331100,227308742.0,1.854100
2026-05-11,98.73,99.95,95.04,95.16,2688200,261512457.0,2.138100
2026-05-12,95.33,95.36,92.51,92.77,2099100,196473273.0,1.669500
2026-05-13,93.29,93.4,91.28,92.25,1459900,134766682.0,1.161100
2026-05-14,92.13,92.15,88.9,89.79,2413500,218002764.0,1.919600
2026-05-15,89.76,91.8,88.21,89.0,1778000,159524953.0,1.414200
2026-05-18,89.0,97.9,88.38,97.9,3735900,354616572.0,2.971400
