date,open,high,low,close,volume,amount,turnover
2020-01-02,56.4406323,56.86980068,55.77192808,56.6901488,2107641,119014024.0,5.194000
2020-01-03,56.68016814,57.388795,56.2909224,56.91970398,1929659,110090013.0,4.755400
2020-01-06,56.68016814,57.52852424,55.90167666,56.5404389,1811501,103268158.0,4.464200
2020-01-07,56.889762,57.1392785,55.92163798,56.95962662,2121357,120241012.0,5.227800
2020-01-08,56.87978134,57.96767328,56.46059362,57.00952992,2695748,154807687.0,6.643300
2020-01-09,57.2889884,60.382993,57.2889884,59.71428878,4047656,239750702.0,9.974900
2020-01-10,59.99374726,60.87204534,58.56651288,58.5864742,2269860,134674471.0,5.593800
2020-01-13,58.885894,59.26515908,57.4886016,59.1853138,1990421,116704696.0,4.905100
2020-01-14,59.50469492,61.880092,59.50469492,60.8321227,4190961,256165980.0,10.328100
2020-01-15,60.99181326,63.65664948,60.5826062,61.22136844,3285977,204163275.0,8.097900
2020-01-16,61.29123306,63.95606928,60.2831864,63.50693958,4565921,284722407.0,11.252100
2020-01-17,63.99599192,68.72682476,63.99599192,67.65889414,7149093,478163848.0,17.618000
2020-01-20,68.2677144,72.1601718,66.371389,69.97440726,6805237,475762051.0,16.770600
2020-01-21,68.94639928,70.85270534,65.73262676,65.9222593,5446319,369286934.0,13.421700
2020-01-22,65.39328432,67.1698418,62.7783514,65.85239468,3954131,255747319.0,9.744400
2020-01-23,64.86430934,68.25773374,62.878158,63.6766108,3828622,250983573.0,9.435100
2020-02-03,53.05718856,59.384927,52.9973046,55.0932432,5184935,295287388.0,12.777600
2020-02-04,56.28094174,60.22330244,56.28094174,59.41486898,4695102,274984394.0,11.570500
2020-02-05,61.880092,63.15761648,60.382993,62.9779646,5358171,331821020.0,13.204500
2020-02-06,62.95800328,66.870422,61.90005332,65.4731296,5805793,378630294.0,14.307600
2020-02-07,64.87429,66.2715824,62.20945378,64.08581786,4968766,318808041.0,12.244900
2020-02-10,64.7744834,68.23777242,62.6785448,68.1679078,5499302,361398321.0,13.552300
2020-02-11,67.4692616,67.74872008,62.88813866,62.98794526,4778907,310198770.0,11.777000
2020-02-12,62.878158,65.872356,61.87011134,64.86430934,4320150,277835958.0,10.046900
2020-02-13,64.87429,66.3214857,63.74647542,64.21556644,4260808,277938483.0,9.908900
2020-02-14,64.20558578,64.9740966,61.24132976,62.1795118,4011979,253209426.0,9.330200
2020-02-17,62.1795118,65.6727428,61.91003398,65.23359376,3991831,256607463.0,9.283300
2020-02-18,64.87429,67.7187781,64.68465746,65.85239468,4128127,273506317.0,9.600300
2020-02-19,64.87429,65.05394188,63.55684288,63.69657212,3262161,209801628.0,7.586400
2020-02-20,63.49695892,64.7245801,62.2793184,63.91614664,2905515,184753986.0,6.757000
2020-02-21,63.98601126,64.16566314,62.5787382,62.63862216,3022340,190894121.0,7.028700
2020-02-24,62.6785448,63.53688156,61.89007266,62.2294151,2219168,138630616.0,5.160900
2020-02-25,60.81216138,63.3272877,60.39297366,62.76837074,3031062,188646641.0,7.049000
2020-02-26,62.5787382,63.377191,60.1833798,60.50276092,2795857,173208388.0,6.502000
2020-02-27,59.1853138,60.46283828,56.87978134,56.94964596,3587097,208896378.0,8.342100
2020-02-28,55.2928564,56.2909224,53.4963376,53.72589278,2579387,141640065.0,5.998600
2020-03-02,54.4944036,56.390729,54.394597,55.891696,1702608,94525413.0,3.959600
2020-03-03,56.9895686,58.2371511,56.1911158,56.4905356,2054167,117962171.0,4.777100
2020-03-04,56.40070966,57.1891818,54.394597,57.1891818,1901374,106483529.0,4.421800
2020-03-05,57.887828,58.1872478,56.52047758,57.0893752,1520542,87171317.0,3.536100
2020-03-06,56.9895686,57.0893752,55.9915026,56.9396653,1310358,74317713.0,3.047300
2020-03-09,56.25099976,56.25099976,54.41455832,54.6940168,1683965,93124075.0,3.916200
2020-03-10,53.78577674,55.891696,53.4963376,55.6920828,1587558,86895458.0,3.692000
2020-03-11,55.90167666,57.7880214,55.4425663,55.4425663,1932430,109310820.0,4.494000
2020-03-12,54.05525456,54.87366868,53.5462409,53.7957574,1208108,65258719.0,2.809600
2020-03-13,50.901366,52.6479815,49.9033,51.85950936,2132752,109781481.0,4.959900
2020-03-16,52.5980782,52.73780744,48.905234,49.2046538,1983517,101343343.0,4.612800
2020-03-17,49.31444106,50.37239102,45.6116162,47.71753546,1793334,86041090.0,4.170500
2020-03-18,47.86724536,48.9551373,46.25037844,46.7094888,1574540,75457243.0,3.661700
2020-03-19,46.61966286,47.24844444,44.44387898,45.88109402,1702751,77883113.0,3.959900
2020-03-20,46.7094888,46.8591987,45.79126808,46.32024306,1220361,56634284.0,2.838000
2020-03-23,45.0626799,45.52179026,42.99668328,43.2162578,1487164,65976414.0,3.458500
2020-03-24,44.0147106,44.79320208,43.2162578,44.27420776,1238442,54715203.0,2.880100
2020-03-25,47.907168,48.89525334,46.82925672,47.2085218,2489904,119028770.0,5.790500
2020-03-26,46.1605525,46.76937276,45.911036,45.97091996,1144593,52953333.0,2.661800
2020-03-27,46.2603591,47.23846378,45.42198366,45.63157752,1256924,58405564.0,2.923100
2020-03-30,44.95289264,44.95289264,43.93486532,44.23428512,1151658,51060422.0,2.678300
2020-03-31,44.87304736,45.10260254,43.914904,44.2143238,783986,34833139.0,1.823200
2020-04-01,44.09455588,44.7133568,43.77517476,43.84503938,763776,33830025.0,1.776200
2020-04-02,43.80511674,45.02275726,43.2661611,45.0127766,947813,41939402.0,2.204200
2020-04-03,45.0127766,46.5098756,44.72333746,45.57169356,1404382,64497382.0,3.266000
2020-04-07,46.1106492,47.39815434,46.1106492,46.7094888,1384827,64785895.0,3.220500
2020-04-08,46.1605525,48.8054274,46.1605525,47.8073614,1826161,87453248.0,4.246900
2020-04-09,47.8073614,48.09680054,47.13865718,47.47799962,946186,45109679.0,2.200400
2020-04-10,47.47799962,47.98701328,45.911036,46.1605525,989173,46467213.0,2.300400
2020-04-13,46.0607459,46.88914068,45.0626799,46.1106492,798685,36939934.0,1.857400
2020-04-14,46.1106492,47.18856048,46.08070722,46.92906332,767174,35869538.0,1.784100
2020-04-15,47.1087152,49.84341604,47.06879256,48.5559109,2140517,105134348.0,4.977900
2020-04-16,48.86531136,48.86531136,47.73749678,48.44612364,1157178,55952217.0,2.691100
2020-04-17,48.3063944,48.93517598,47.56782556,47.71753546,1159059,56054989.0,2.695500
2020-04-20,48.36627836,49.68372548,48.2564911,49.37432502,1584489,78115529.0,3.684900
2020-04-21,49.6038802,49.6038802,47.81734206,48.12674252,1108659,53730880.0,2.463700
2020-04-22,47.76743876,48.6058142,47.23846378,48.03691658,837785,40285113.0,1.861700
2020-04-23,48.2065878,49.44418964,48.1566845,48.406201,1236624,60660564.0,2.748100
2020-04-24,48.406201,49.3543637,48.0069746,48.406201,1106948,54047185.0,2.459900
2020-04-27,48.39622034,48.62577552,46.97896662,46.97896662,1096887,52239197.0,2.437500
2020-04-28,47.56782556,49.404267,46.410069,48.39622034,1974746,95604934.0,4.388300
2020-04-29,47.43807698,48.13672318,46.91908266,47.03885058,1292162,61442016.0,2.871500
2020-04-30,47.37819302,49.2046538,47.2085218,49.0549439,1786376,86819872.0,3.969700
2020-05-06,48.63575618,52.33858104,48.58585288,51.97927728,2767586,140793965.0,6.150200
2020-05-07,52.398465,52.4982716,51.1009792,51.28063108,2162060,112210439.0,4.804600
2020-05-08,51.37045702,52.52821358,51.37045702,51.63993484,1440074,74824580.0,3.200200
2020-05-11,51.59003154,52.21881312,51.01115326,51.23072778,1186133,61332552.0,2.635900
2020-05-12,51.3504957,52.33858104,50.6019462,51.8495287,1295579,66988465.0,2.879100
2020-05-13,51.7497221,54.55428756,51.54012824,53.9953706,2889248,155149779.0,6.420600
2020-05-14,53.40651166,54.85370736,53.0971112,53.5961442,1517908,81944874.0,3.373100
2020-05-15,53.73587344,54.55428756,53.25680176,54.12511918,1455595,78621974.0,3.234700
2020-05-18,54.16504182,57.7381181,53.895564,56.47057428,2880453,160650169.0,6.401000
2020-05-19,56.79993606,58.2371511,55.68210214,57.76806008,2377154,135863091.0,5.282600
2020-05-20,57.6882148,58.51660958,54.40457766,55.25293376,2481226,140291386.0,5.513800
2020-05-21,55.2928564,57.12929784,54.41455832,54.5443069,1819533,102112902.0,4.043400
2020-05-22,54.394597,54.87366868,51.66987682,52.15892916,1732386,91681293.0,3.849700
2020-05-25,52.61803952,52.7477881,51.1009792,52.57811688,836768,43786055.0,1.859500
2020-05-26,52.57811688,54.57424888,52.57811688,54.4944036,1134873,61262661.0,2.521900
2020-05-27,54.5443069,55.27289508,52.95738196,53.2468211,942123,50712415.0,2.191000
2020-05-28,52.9973046,54.2947904,51.80960606,52.7976914,1080285,57324097.0,2.512300
2020-05-29,52.81765272,54.12511918,52.40844566,53.73587344,1111680,59828008.0,2.585300
2020-06-01,54.1949838,56.27096108,53.895564,55.91165732,1757899,97402409.0,4.088100
2020-06-02,56.30090306,56.75003276,55.30283706,56.08132854,1503014,84347977.0,3.495400
2020-06-03,56.37076768,57.77804074,55.81185072,56.2909224,1639943,93569972.0,3.813800
2020-06-04,56.20109646,57.47862094,55.90167666,57.2889884,1502561,85387097.0,3.494300
2020-06-05,58.50662892,60.57262554,56.4905356,56.87978134,2887905,168556160.0,6.716100
2020-06-08,56.3408257,56.58036154,55.02337858,55.08326254,1769404,98998438.0,4.114900
2020-06-09,55.08326254,55.77192808,54.4944036,55.5922762,1122208,62119840.0,2.609800
2020-06-10,55.60225686,56.47057428,55.13316584,55.73200544,1136534,63653786.0,2.643100
2020-06-11,55.8417927,56.6402455,55.16310782,55.43258564,1296135,72686813.0,3.014300
2020-06-12,54.0452739,55.4924696,53.895564,54.7439201,1146877,62966103.0,2.667200
2020-06-15,54.89363,57.36883368,54.7938234,57.00952992,2341709,132920079.0,5.445800
2020-06-16,57.24906576,62.4789316,56.28094174,60.85208402,4520621,270688450.0,10.513100
2020-06-17,59.88396,63.6766108,59.88396,61.6804788,4276291,266758443.0,9.944900
2020-06-18,61.6804788,62.15955048,58.386861,59.30508172,2900156,173600888.0,6.744500
2020-06-19,59.5346369,60.37301234,58.72620344,60.09355386,1510926,90550846.0,3.513800
2020-06-22,60.56264488,61.46090428,59.7841534,60.40295432,1755170,106292812.0,4.081800
2020-06-23,60.46283828,62.56875754,59.64442416,62.2294151,2759780,169715704.0,6.418100
2020-06-24,62.1795118,62.1795118,60.89200666,61.32117504,1508402,92640476.0,3.507900
2020-06-29,61.70044012,63.06779054,61.41100098,62.18949246,1634897,101985051.0,3.802100
2020-06-30,62.65858348,64.2754504,61.42098164,62.4789316,2523023,157936625.0,5.867500
2020-07-01,62.44898962,62.66856414,59.47475294,60.19336046,3013883,183787511.0,7.009000
2020-07-02,59.88396,61.27127174,59.86399868,60.00372792,1831807,110804662.0,4.260000
2020-07-03,59.99374726,60.17339914,58.6862808,59.69432746,1950099,116274524.0,4.535100
2020-07-06,60.26322508,62.46895094,59.61448218,61.880092,3087912,189645473.0,7.181200
2020-07-07,62.0797052,65.23359376,61.56071088,64.7744834,3910133,249471229.0,9.093300
2020-07-08,64.25548908,68.53719222,64.25548908,66.3214857,4649525,311908787.0,10.812800
2020-07-09,66.4711956,68.52721156,64.87429,67.19978378,4583424,307157077.0,10.659100
2020-07-10,67.23970642,73.14825714,66.78059606,70.33371102,5805024,410276016.0,13.500100
2020-07-13,71.45154494,80.43413894,71.45154494,78.56775552,6738187,511948655.0,15.670200
2020-07-14,78.6476008,82.72969074,74.5555302,76.4518556,5961598,462385238.0,13.864200
2020-07-15,74.99467924,75.89293864,69.86462,69.93448462,4893789,357754317.0,11.380900
2020-07-16,70.6630728,70.6630728,62.4789316,62.6286415,4970324,329864947.0,11.558900
2020-07-17,62.878158,65.09386452,62.4290283,64.36527634,3153819,201832195.0,7.334500
2020-07-20,64.40519898,64.87429,58.87591334,62.98794526,4412485,270681357.0,10.261600
2020-07-21,61.91003398,64.16566314,61.91003398,63.21750044,1878442,118805475.0,4.368500
2020-07-22,63.23746176,67.40937764,62.80829338,66.21169844,3512691,232438450.0,8.169000
2020-07-23,65.6228395,67.70879744,64.87429,66.4711956,2404254,159504162.01,5.591300
2020-07-24,65.2735164,66.34144702,60.882026,61.12156184,2649992,168356538.0,6.162800
2020-07-27,60.70237412,62.26933774,60.51274158,60.85208402,1264752,77474746.0,2.941300
2020-07-28,61.67049814,62.58871886,60.57262554,62.2793184,1315328,81189714.0,3.058900
2020-07-29,62.379125,64.7744834,61.46090428,64.5748702,1925768,123282043.0,4.478500
2020-07-30,64.5748702,68.70686344,63.51692024,66.5210989,3357640,224233141.44,7.808500
2020-07-31,65.872356,67.30957104,64.21556644,66.6708088,2468280,163114281.0,5.740200
2020-08-03,67.2197451,69.4653936,66.35142768,68.9663606,2888365,197738694.0,6.717100
2020-08-04,68.4673276,69.40550964,65.5729362,65.61285884,2976805,201107696.0,6.922800
2020-08-05,65.6228395,66.76063474,63.876224,65.21363244,1943191,126997148.03,4.519000
2020-08-06,65.2735164,65.74260742,63.6766108,63.86624334,1741620,112239464.79,4.050300
2020-08-07,63.38717166,65.2236131,63.13765516,64.3253537,1821204,117053963.0,4.235400
2020-08-10,63.89618532,64.0758372,61.46090428,61.93997596,1727786,107928599.0,4.018100
2020-08-11,61.54074956,62.83823536,60.50276092,60.7822194,1341688,83221799.0,3.120200
2020-08-12,58.885894,59.09548786,52.26871642,52.88751734,6872965,372790768.0,2.745100
2020-08-13,52.68790414,52.68790414,48.76550476,48.92519532,8789680,442312009.0,3.510600
2020-08-14,47.86724536,49.3044604,47.7075548,48.1566845,5395952,261007973.0,2.155200
2020-08-17,48.46608496,48.66569816,46.79931474,47.48798028,7979542,379203844.0,3.187100
2020-08-18,47.56782556,47.64767084,46.1106492,46.76937276,9537701,445662813.54,3.809400
2020-08-19,46.28032042,48.53594958,46.22043646,47.7075548,11778367,560726500.0,4.704300
2020-08-20,46.97896662,47.48798028,46.43003032,47.13865718,3891334,183581118.64,1.554200
2020-08-21,47.408135,47.73749678,46.1106492,46.1106492,6621572,308596922.57,2.644700
2020-08-24,46.29030108,46.410069,44.44387898,45.49184828,4483745,203367605.79,1.790800
2020-08-25,45.80124874,46.88914068,45.62159686,46.67954682,4693605,217292330.0,1.874700
2020-08-26,46.8092954,47.2085218,45.89107468,47.13865718,4452961,207988410.0,1.778500
2020-08-27,47.13865718,47.5578449,46.42004966,47.29834774,3773752,178239585.67,1.507300
2020-08-28,47.26840576,47.57780622,46.5098756,47.51792226,3514245,165871384.0,1.403600
2020-08-31,47.83730338,50.62190752,47.43807698,49.5539769,7518932,371777006.0,3.003100
2020-09-01,49.63382218,49.64380284,48.46608496,48.51598826,4782473,233923591.0,1.910100
2020-09-02,48.71560146,48.87529202,47.52790292,47.71753546,3926377,188421085.0,1.568200
2020-09-03,47.7075548,49.06492456,47.5578449,47.98701328,3438159,166451311.66,1.373200
2020-09-04,47.42809632,48.3562977,47.18856048,48.28643308,2432996,116622211.68,0.971800
2020-09-07,48.28643308,48.78546608,46.81927606,47.07877322,3087788,147453417.0,1.233300
2020-09-08,47.1586185,47.3083284,46.42004966,47.03885058,1967857,92273408.0,0.786000
2020-09-09,46.77935342,46.87916002,45.5118096,46.20047514,2540892,117662206.0,1.014800
2020-09-10,46.5098756,47.1087152,45.53177092,45.57169356,2074671,96318122.0,0.828600
2020-09-11,45.911036,48.23652978,45.80124874,48.1566845,4667656,221566911.0,1.864300
2020-09-14,49.06492456,49.3543637,47.91714866,48.42616232,4533686,221579049.87,1.810800
2020-09-15,48.88527268,48.92519532,47.907168,48.5060076,2716424,132417625.0,1.085000
2020-09-16,48.49602694,49.6537835,48.17664582,49.12480852,3665003,179673542.0,1.463800
2020-09-17,48.905234,51.5002056,48.7056208,50.98121128,5830764,294030451.0,2.328800
2020-09-18,50.92132732,50.92132732,49.46415096,50.2027198,4937804,247905915.0,1.972200
2020-09-21,50.3025264,50.5021396,48.81540806,49.2046538,3821357,189416489.02,1.526300
2020-09-22,48.8054274,50.3524297,48.72558212,49.54399624,3230453,160949536.65,1.290300
2020-09-23,49.6038802,51.06105656,49.1547505,50.42229432,5048771,255640042.0,2.016500
2020-09-24,50.08295188,50.6019462,49.42422832,49.49409294,3251954,162530548.0,1.298800
2020-09-25,49.58391888,50.29254574,48.7056208,49.01502126,2933300,145707158.1,1.171600
2020-09-28,49.18469248,49.49409294,48.11676186,48.46608496,1810339,88459125.0,0.723100
2020-09-29,48.5559109,49.9033,48.18662648,49.22461512,2704858,133838084.96,1.080300
2020-09-30,49.64380284,49.89331934,48.93517598,49.2046538,2302545,114025341.0,0.919600
2020-10-09,49.7036868,50.402333,49.41424766,49.94322264,3714409,185618871.78,1.483600
2020-10-12,50.5520429,50.86144336,49.9033,50.7017528,4076942,206074622.92,1.628400
2020-10-13,50.78159808,51.26066976,49.96318396,50.09293254,5186502,261683907.0,2.071500
2020-10-14,50.29254574,50.37239102,48.79544674,49.03498258,4373943,216810132.51,1.747000
2020-10-15,48.8054274,49.11482786,48.21656846,48.22654912,3082881,149729259.97,1.231300
2020-10-16,48.22654912,48.72558212,47.43807698,48.07683922,2496693,120207613.19,0.997200
2020-10-19,47.9570713,48.79544674,47.9570713,48.3562977,1998254,96962763.0,0.798100
2020-10-20,48.2065878,48.33633638,46.73943078,47.71753546,2669705,126687761.0,1.066300
2020-10-21,47.88720668,48.16666516,47.29834774,47.3083284,1751074,83630853.0,0.699400
2020-10-22,47.29834774,47.29834774,46.30028174,46.7593921,1793961,83961845.31,0.716500
2020-10-23,46.7094888,47.11869586,45.22237046,45.42198366,2783441,128204633.44,1.111700
2020-10-26,45.19242848,46.19049448,44.4638403,46.03080392,2128623,96993378.0,0.850200
2020-10-27,45.8611327,47.2085218,45.6615195,46.99892794,2150797,100623184.1,0.859000
2020-10-28,47.8073614,47.82732272,46.20047514,46.89912134,2372052,111255908.77,0.947400
2020-10-29,46.25037844,47.3083284,46.0108426,46.32024306,3090876,144848431.0,1.234500
2020-10-30,46.44999164,47.06879256,45.3121964,45.39204168,2622757,121252140.0,1.047500
2020-11-02,45.17246716,45.80124874,44.1145172,44.50376294,2774707,124575483.62,1.108200
2020-11-03,44.5137436,46.99892794,44.5137436,46.67954682,3523926,163612529.91,1.407500
2020-11-04,46.81927606,47.39815434,45.94097798,46.410069,1713500,79757604.15,0.684400
2020-11-05,46.909102,47.1087152,46.28032042,46.54979824,1893833,88444650.12,0.756400
2020-11-06,46.78933408,46.78933408,45.49184828,45.8611327,2263842,104224069.79,0.904200
2020-11-09,45.8611327,46.98894728,45.79126808,46.68952748,2737690,127741863.87,1.093400
2020-11-10,46.88914068,47.67761282,46.6595855,46.909102,3111625,147084995.78,1.242800
2020-11-11,47.0089086,47.0089086,46.03080392,46.14059118,1810284,84027422.32,0.723000
2020-11-12,46.40008834,46.410069,45.55173224,45.7114228,1856616,85327349.49,0.741500
2020-11-13,45.3121964,46.1106492,45.19242848,45.87111336,1692857,77518776.8,0.676100
2020-11-16,47.1087152,47.18856048,45.88109402,46.13061052,2538871,117546128.2,1.014000
2020-11-17,46.6096822,46.6096822,45.14252518,45.39204168,2067192,94121578.25,0.825600
2020-11-18,45.19242848,45.6615195,45.17246716,45.40202234,1440306,65498971.9,0.575300
2020-11-19,45.40202234,45.55173224,44.91297,45.12256386,1396592,63139453.84,0.557800
2020-11-20,45.1125832,45.39204168,44.27420776,44.77324076,2598058,116117553.06,1.037700
2020-11-23,44.75327944,44.95289264,43.90492334,44.2642271,2522970,111838254.22,1.007700
2020-11-24,44.30414974,44.413937,43.92488466,44.04465258,1490232,65842242.52,0.595200
2020-11-25,44.17440116,44.17440116,43.04658658,43.07652856,2536709,110297157.34,1.013200
2020-11-26,43.07652856,43.39590968,42.99668328,43.28612242,1078782,46682410.22,0.430900
2020-11-27,43.415871,44.20434314,43.12643186,44.08457522,2004940,88189032.56,0.800800
2020-11-30,44.2642271,45.1624865,44.1145172,44.8131634,2359269,106049959.02,0.942300
2020-12-01,44.8131634,45.23235112,44.7133568,45.0127766,1649025,74430113.12,0.658600
2020-12-02,45.17246716,45.17246716,44.39397568,44.7632601,1654399,74039178.15,0.660800
2020-12-03,44.72333746,45.25231244,44.53370492,44.97285396,1503689,67727158.39,0.600600
2020-12-04,44.80318274,44.98283462,44.57362756,44.64349218,1211661,54261389.31,0.483900
2020-12-07,44.63351152,45.29223508,43.92488466,45.13254452,2277939,102234307.28,0.909800
2020-12-08,44.413937,44.413937,39.73300746,39.75296878,9422587,386594946.19,3.763400
2020-12-09,39.48349096,40.38175036,38.63513486,39.79289142,4265596,168827912.26,1.703700
2020-12-10,39.7230268,40.25200178,38.99443862,39.80287208,2934934,117242241.07,1.172200
2020-12-11,39.6232202,42.07846256,39.6232202,41.7191588,6196521,252706118.97,2.474900
2020-12-14,41.8688687,41.918772,40.8208994,41.50956494,2715041,112623839.63,1.084400
2020-12-15,41.68921682,41.90879134,41.05045458,41.70917814,1971881,82295009.81,0.787600
2020-12-16,41.58941022,41.85888804,40.33184706,40.64124752,1594103,65537531.43,0.636700
2020-12-17,40.75103478,41.3199324,39.6232202,40.18213716,2303255,92906678.4,0.919900
2020-12-18,40.08233056,40.08233056,39.10422588,39.2738971,2603239,102628130.32,1.039700
2020-12-21,39.92264,40.05238858,38.94453532,39.3737037,2798243,110434240.37,1.117600
2020-12-22,39.3238004,40.2719631,39.0243806,39.423607,2292388,90946468.26,0.915600
2020-12-23,39.5234136,39.58329756,38.44550232,38.73494146,2223347,86436115.06,0.888000
2020-12-24,38.8247674,38.8247674,36.55915758,37.04820992,3232379,120770329.42,1.291000
2020-12-25,36.8286354,37.26778444,36.4793123,36.83861606,2376507,87572905.05,0.949200
2020-12-28,36.93842266,37.08813256,36.2297958,36.53919626,2001878,73474803.62,0.799600
2020-12-29,36.2297958,37.31768774,36.2297958,36.8286354,2008215,74368439.31,0.802100
2020-12-30,36.68890616,37.0781519,36.28967976,36.3795057,1780924,65226790.24,0.711300
2020-12-31,36.5292156,37.1280552,36.3296024,36.93842266,2210140,81502770.19,0.882700
2021-01-04,37.0282486,37.0282486,36.0301826,36.8785387,3052905,111629841.44,1.219300
2021-01-05,37.24782312,40.06236924,36.94840332,38.78484476,6685825,261847019.93,2.670400
2021-01-06,39.10422588,39.10422588,37.6270882,37.7767981,3185793,121468462.26,1.272400
2021-01-07,37.926508,38.2758311,36.429409,36.96836464,2977825,111093117.31,1.189400
2021-01-08,36.63900286,38.14608252,36.63900286,37.69695282,2604219,98264362.66,1.040100
2021-01-11,38.1261212,38.20596648,35.930376,36.25973778,3569783,131543115.21,1.425800
2021-01-12,35.930376,36.5791189,35.61099488,35.7806661,2367508,85193956.95,0.945600
2021-01-13,36.04016326,36.07010524,34.8325034,35.34151706,2721037,96036410.35,1.086800
2021-01-14,35.24171046,36.86855804,35.24171046,36.38948636,3318868,120289572.55,1.325600
2021-01-15,36.89850002,37.25780378,36.2297958,36.7787321,2341916,86318204.32,0.935400
2021-01-18,36.429409,36.928442,36.24975712,36.5292156,1876526,68622910.34,0.749500
2021-01-19,36.70886748,37.7268948,36.39946702,37.1779585,2868183,107043282.14,1.145600
2021-01-20,37.20790048,37.70693348,36.53919626,37.13803586,2022773,75295594.56,0.807900
2021-01-21,37.4773783,37.4773783,36.58909956,37.1779585,2096739,77820365.98,0.837400
2021-01-22,37.03822926,37.3775717,36.13996986,36.93842266,2541537,93505345.54,1.015100
2021-01-25,37.1280552,38.61517354,36.38948636,38.2758311,4420269,167604981.86,1.765500
2021-01-26,38.38561836,38.38561836,37.427475,37.65703018,2447781,92657275.38,0.977700
2021-01-27,37.65703018,38.60519288,37.18793916,38.10615988,2762574,105512482.77,1.103400
2021-01-28,38.11614054,38.83474806,37.93648866,38.25586978,2995887,115371586.08,1.196600
2021-01-29,37.95644998,38.25586978,35.55111092,35.7307628,4448211,162509431.91,1.776600
2021-02-01,35.8804727,37.20790048,35.64093686,36.89850002,2734188,100624324.56,1.092000
2021-02-02,37.0781519,37.20790048,36.3296024,36.70886748,1878648,69089574.87,0.750300
2021-02-03,36.74879012,36.7787321,35.44132366,35.54113026,2429388,87115568.97,0.970300
2021-02-04,35.29161376,35.45130432,33.61486288,33.72465014,3401127,116542283.23,1.358400
2021-02-05,33.57494024,34.3334704,33.37532704,33.44519166,2006166,67812124.23,0.801300
2021-02-08,33.55497892,34.07397324,33.4851143,33.8843407,1557526,52685180.54,0.622100
2021-02-09,33.81447608,34.42329634,33.62484354,34.2336638,1730495,58926156.71,0.691200
2021-02-10,34.39335436,36.46933164,33.934244,36.14995052,2869939,101895725.95,1.146300
2021-02-18,36.5292156,37.50732028,35.930376,36.85857738,2697854,99401889.05,1.077500
2021-02-19,36.90848068,37.39753302,36.65896418,37.11807454,2214675,82385583.57,0.884600
2021-02-22,37.23784246,37.80674008,36.73880946,37.53726226,2953556,110859570.03,1.179700
2021-02-23,37.34762972,37.61710754,36.14995052,36.53919626,2841589,104253030.99,1.134900
2021-02-24,36.5791189,37.26778444,36.28967976,36.55915758,2556927,94211580.71,1.021200
2021-02-25,36.53919626,36.76875144,35.2317298,35.32155574,3053502,109616313.32,1.219600
2021-02-26,35.0321166,35.97029864,34.9822133,35.49122696,1954328,69831689.35,0.780600
2021-03-01,35.3315364,36.2297958,35.3315364,36.01022128,1390634,50046167.01,0.555400
2021-03-02,35.9802793,36.3296024,34.93231,35.31157508,1846278,65523675.07,0.737400
2021-03-03,35.2317298,35.77068544,35.0321166,35.75072412,1083100,38509142.74,0.432600
2021-03-04,35.5810529,39.0243806,35.5810529,38.7249608,6050710,230453674.19,2.416700
2021-03-05,38.60519288,38.9744773,38.1261212,38.68503816,3032650,117276670.33,1.211300
2021-03-08,38.6251542,39.36372304,38.3257344,38.8247674,3762864,147241162.52,1.502900
2021-03-09,38.425541,39.0742839,37.1280552,37.55722358,3981421,152788978.55,1.590200
2021-03-10,37.90654668,37.90654668,36.5791189,36.66894484,1972678,73258214.22,0.787900
2021-03-11,36.8286354,37.69695282,36.429409,37.29772642,1689596,62676979.86,0.674800
2021-03-12,37.29772642,37.40751368,36.0800859,36.40944768,2088306,76174656.48,0.834100
2021-03-15,36.0301826,37.35761038,36.0301826,36.85857738,1668398,61789198.78,0.666400
2021-03-16,36.6290222,38.09617922,36.6290222,38.0762179,2828636,107059183.08,1.129800
2021-03-17,38.46546364,39.54337492,37.8267014,38.05625658,2354849,90572823.16,0.940500
2021-03-18,38.425541,38.6750575,37.55722358,37.59714622,1905842,72825043.18,0.761200
2021-03-19,37.5272816,38.0263146,36.928442,36.928442,1787105,67373244.29,0.713800
2021-03-22,37.8267014,38.2259278,37.48735896,37.926508,2414808,91768280.16,0.964500
2021-03-23,37.926508,38.21594714,37.6270882,37.91652734,2094825,79527711.94,0.836700
2021-03-24,37.91652734,38.00635328,37.43745566,37.90654668,2374600,90081686.25,0.948400
2021-03-25,38.00635328,38.5253476,37.54724292,38.38561836,2157668,82274628.61,0.861800
2021-03-26,38.31575374,39.91265934,38.31575374,39.3737037,3224757,127382880.15,1.288000
2021-03-29,39.14414852,39.5733169,38.84472872,39.48349096,1805308,71006118.52,0.721000
2021-03-30,39.3238004,39.41362634,37.65703018,37.70693348,3419362,130810965.4,1.365700
2021-03-31,38.29579242,38.56527024,37.7268948,38.1760245,1332711,50875333.72,0.532300
2021-04-01,38.16604384,38.41556034,37.3775717,37.80674008,1910276,72238925.37,0.763000
2021-04-02,37.926508,38.10615988,37.5771849,37.64704952,1755290,66413111.38,0.701100
2021-04-06,37.91652734,38.15606318,37.3276684,37.8267014,1641075,61959040.19,0.655500
2021-04-07,37.8267014,37.90654668,37.3775717,37.70693348,1184830,44670498.66,0.473200
2021-04-08,37.96643064,38.30577308,37.5272816,38.03629526,2005856,76391472.06,0.801100
2021-04-09,37.8267014,37.8267014,36.429409,36.71884814,3209465,118554738.26,1.281900
2021-04-12,36.83861606,36.83861606,35.31157508,35.7307628,2885702,103574904.46,1.152600
2021-04-13,35.57107224,35.91041468,35.57107224,35.81060808,1187727,42536433.12,0.474400
2021-04-14,35.930376,36.11002788,35.74074346,35.90043402,1075038,38743905.71,0.429400
2021-04-15,35.5311496,36.61904154,35.34151706,36.26971844,2072096,75104277.66,0.827600
2021-04-16,36.41942834,36.75877078,36.0800859,36.60906088,2232792,81561106.83,0.891800
2021-04-19,36.96836464,37.3276684,36.60906088,37.04820992,2284995,84921245.36,0.912600
2021-04-20,37.2278618,37.63706886,36.28967976,36.31962174,2578551,95564104.59,1.029900
2021-04-21,36.429409,36.70886748,35.9802793,36.58909956,1788008,65206513.75,0.714100
2021-04-22,36.6290222,37.25780378,36.54917692,37.13803586,2216718,81928713.6,0.885400
2021-04-23,37.13803586,37.34762972,36.11002788,36.40944768,1917348,70131806.47,0.759700
2021-04-26,36.49927362,37.3276684,36.429409,36.61904154,2673227,98737020.5,1.059200
2021-04-27,36.6290222,36.7288288,35.57107224,35.7806661,2147297,77332103.51,0.850800
2021-04-28,35.79064676,36.21981514,35.61099488,35.81060808,1616391,58067490.73,0.640500
2021-04-29,36.2297958,36.6789255,35.74074346,35.95033732,1867640,67756540.69,0.740000
2021-04-30,35.1319232,35.6808595,33.91428268,35.431343,2740253,96106816.78,1.085800
2021-05-06,35.431343,36.3795057,35.36147838,35.65091752,1617185,58154533.11,0.640800
2021-05-07,35.74074346,37.427475,35.60101422,36.69888682,3605650,133032170.13,1.428700
2021-05-10,36.8286354,37.68697216,36.50925428,36.90848068,2924568,108947669.18,1.158800
2021-05-11,36.6290222,37.0282486,36.46933164,36.53919626,1658401,60939156.43,0.657100
2021-05-12,36.429409,37.29772642,36.02020194,37.08813256,2309134,85177842.12,0.915000
2021-05-13,36.928442,37.44743632,36.6789255,36.79869342,1946943,72376083.8,0.771500
2021-05-14,37.03822926,37.1280552,36.79869342,36.94840332,1775519,65758919.56,0.703500
2021-05-17,36.95838398,37.2278618,36.5292156,36.6290222,2054992,75933260.92,0.814300
2021-05-18,36.80867408,37.41749434,36.56913824,37.2278618,2616707,97201774.65,1.036800
2021-05-19,37.60712688,37.8267014,37.00828728,37.13803586,2655179,99328440.78,1.052100
2021-05-20,37.1280552,38.16604384,36.76875144,37.7268948,4533426,170174167.29,1.796300
2021-05-21,37.7767981,38.50538628,37.30770708,37.50732028,5216577,198672345.31,2.067000
2021-05-24,37.427475,37.427475,35.84055006,36.1299892,3664505,133564101.75,1.452000
2021-05-25,36.16991184,36.5791189,36.13996986,36.429409,1793681,65442979.2,0.710700
2021-05-26,36.58909956,38.03629526,36.33958306,37.926508,5456362,204384850.28,2.162000
2021-05-27,37.81672074,38.1261212,37.63706886,37.8267014,3440516,130582531.92,1.363300
2021-05-28,37.95644998,38.0263146,37.19791982,37.427475,2778251,104358373.22,1.100900
2021-05-31,37.44743632,38.51536694,37.0781519,38.1261212,4784415,181806134.93,1.895800
2021-06-01,38.90461268,38.90461268,38.0762179,38.20596648,6436844,248136880.8,2.550500
2021-06-02,38.20596648,42.9667413,38.0762179,41.1702225,15070821,613028779.57,5.971700
2021-06-03,41.18020316,42.0684819,40.65122818,41.2201258,8406013,347552559.31,3.330800
2021-06-04,41.35985504,41.38979702,39.92264,40.38175036,6378547,259608798.04,2.527400
2021-06-07,40.4715763,42.5176116,40.4715763,41.52952626,6899716,288488423.29,2.733900
2021-06-08,41.52952626,41.6193522,39.73300746,40.1222532,6416737,260358751.63,2.542600
2021-06-09,40.1721565,40.1721565,39.1740905,39.25393578,4076097,161674076.24,1.615100
2021-06-10,39.2239938,39.80287208,38.80480608,39.60325888,4180270,164439564.77,1.656400
2021-06-11,39.7230268,39.8228334,38.50538628,38.60519288,4534130,176745478.44,1.796600
2021-06-15,38.71498014,39.48349096,38.6251542,39.14414852,3817080,149767058.43,1.512500
2021-06-16,39.3238004,41.3199324,38.93455466,40.5713829,6156177,249817429.8,2.439300
2021-06-17,40.63126686,41.72913946,40.5713829,41.52952626,5693533,235086305.04,2.256000
2021-06-18,41.89881068,42.27807576,40.30190508,41.50956494,5120087,212101258.68,2.028800
2021-06-21,41.20016448,41.84890738,39.93262066,40.73107346,6190322,252236152.72,2.452900
2021-06-22,40.70113148,41.08039656,40.1222532,40.75103478,3851570,156863468.33,1.526100
2021-06-23,40.81091874,42.89687668,40.24202112,42.50763094,7550587,316180098.84,2.991800
2021-06-24,42.8170314,42.82701206,41.52952626,41.77904276,4060065,170669439.59,1.608800
2021-06-25,42.5176116,44.0147106,42.0684819,43.914904,7952001,345146523.16,3.150900
2021-06-28,44.65347284,45.13254452,43.5156776,44.3640337,6458742,287651883.19,2.559200
2021-06-29,44.34407238,46.3102624,44.0147106,45.39204168,6118990,278454845.61,2.424600
2021-06-30,45.4619063,47.66763216,45.15250584,46.10066854,7496546,349506748.2,2.970400
2021-07-01,45.911036,46.97896662,45.02275726,45.2123898,5391569,247499579.18,2.136400
2021-07-02,45.19242848,46.0108426,44.2143238,45.911036,5876709,266117714.77,2.328600
2021-07-05,45.73138412,46.68952748,44.0646139,44.93293132,6436535,290564077.22,2.550400
2021-07-06,42.417805,43.15637384,40.93068666,41.2700291,10737114,452023506.83,4.254500
2021-07-07,41.69919748,42.38786302,41.419739,41.98863662,4239645,177643728.66,1.679900
2021-07-08,41.918772,41.97865596,40.25200178,40.5214796,5079771,207744524.63,2.007100
2021-07-09,40.34182772,41.419739,40.08233056,41.18020316,2769551,113083405.33,1.102900
2021-07-12,41.16024184,42.30801774,40.920706,41.918772,3129876,130931122.76,1.246400
2021-07-13,41.84890738,42.29803708,41.3199324,41.6692555,2421323,101085203.45,0.964200
2021-07-14,41.92875266,42.00859794,41.37981636,41.77904276,2226654,93285042.04,0.886700
2021-07-15,41.42971966,43.0665479,41.42971966,42.40782434,3868715,163611354.4,1.540600
2021-07-16,42.417805,42.89687668,41.49958428,41.49958428,2909501,122662320.25,1.158600
2021-07-19,40.89076402,41.3199324,40.3218664,40.93068666,3151264,128540321.75,1.254900
2021-07-20,40.84086072,41.68921682,40.5713829,41.29997108,1450156,59933986.92,0.577500
2021-07-21,40.920706,42.6673215,40.84086072,42.37788236,2808439,118190695.55,1.118400
2021-07-22,42.22817246,42.69726348,41.67923616,42.0185786,2499095,105646714.93,0.995200
2021-07-23,41.77904276,42.19823048,41.20016448,41.49958428,2998807,124760302.25,1.194200
2021-07-26,40.920706,41.21014514,38.5253476,39.26391644,5922351,233628437.28,2.358400
2021-07-27,38.91459334,39.84279472,38.5253476,39.00441928,3392537,132991488.29,1.351000
2021-07-28,39.08426456,40.2220598,38.96449664,39.48349096,3425130,136116343.57,1.363900
2021-07-29,39.86275604,39.86275604,39.30383908,39.53339426,2352034,93278840.52,0.936600
2021-07-30,39.3737037,39.3737037,38.60519288,39.01439994,2646445,103389553.8,1.053900
2021-08-02,38.98445796,40.06236924,38.34569572,39.26391644,2975566,116829476.51,1.184900
2021-08-03,39.92264,43.02662526,39.92264,41.53950692,6475393,270878078.47,2.578600
2021-08-04,40.8708027,41.5195456,40.50151828,40.73107346,3882533,159003258.9,1.546100
2021-08-05,40.6212862,41.419739,40.1721565,40.34182772,2820021,114836809.15,1.123000
2021-08-06,40.20209848,40.3218664,39.33378106,39.54337492,2312225,92003440.42,0.920800
2021-08-09,39.90267868,40.920706,39.423607,40.1222532,2285760,92518036.59,0.910200
2021-08-10,40.0224466,40.78097676,39.80287208,40.49153762,2032501,82095213.41,0.809400
2021-08-11,40.3218664,40.40171168,39.8228334,40.09231122,1865527,74810221.69,0.742900
2021-08-12,39.92264,40.81091874,39.92264,40.14221452,2138883,86366557.59,0.845000
2021-08-13,40.1721565,40.70113148,39.5234136,40.6212862,2685354,108102757.54,1.060900
2021-08-16,40.76101544,40.76101544,39.6731235,39.9725433,2486393,99567114.58,0.982300
2021-08-17,39.98252396,40.58136356,39.60325888,39.7230268,2386136,95626170.5,0.942700
2021-08-18,39.66314284,40.09231122,39.53339426,39.63320086,1528635,60941980.42,0.603900
2021-08-19,39.5733169,39.98252396,39.3737037,39.40364568,1690723,67106444.44,0.668000
2021-08-20,39.3238004,39.39366502,38.20596648,38.5253476,2803745,108600918.8,1.107700
2021-08-23,38.5253476,38.8746707,38.24588912,38.59521222,1452369,56168467.78,0.573800
2021-08-24,38.65509618,38.90461268,38.425541,38.50538628,1576344,60954195.77,0.622800
2021-08-25,38.5253476,38.85470938,38.00635328,38.64511552,2158003,83328516.96,0.852600
2021-08-26,38.63513486,38.70499948,36.7288288,36.94840332,3998966,150126061.69,1.579900
2021-08-27,36.94840332,37.28774576,36.6789255,36.81865474,1558672,57613065.19,0.615800
2021-08-30,36.68890616,37.30770708,35.95033732,36.00024062,2531559,92000353.62,1.000100
2021-08-31,36.05014392,36.50925428,35.81060808,36.3795057,1617787,58515596.59,0.639100
2021-09-01,36.05014392,37.0781519,35.89045336,36.96836464,1967913,72330394.35,0.777500
2021-09-02,36.98832596,37.46739764,36.90848068,37.0282486,1654166,61642595.83,0.653500
2021-09-03,37.56720424,37.56720424,36.928442,37.34762972,1764835,65980834.71,0.697200
2021-09-06,37.28774576,38.7748641,37.28774576,38.5253476,2986692,114933955.76,1.179900
2021-09-07,38.81478674,38.81478674,38.1261212,38.41556034,2092009,80440684.47,0.826500
2021-09-08,38.41556034,38.6251542,38.06623724,38.14608252,1679401,64483376.81,0.663500
2021-09-09,37.926508,38.14608252,37.66701084,37.8766047,1462749,55470640.91,0.577900
2021-09-10,38.425541,38.60519288,37.89656602,37.95644998,1612124,61647759.04,0.636900
2021-09-13,37.93648866,39.04434192,37.93648866,38.76488344,2389427,92348291.31,0.944000
2021-09-14,38.94453532,39.3737037,38.5253476,38.6750575,1791077,70020820.09,0.707600
2021-09-15,38.64511552,38.8247674,37.926508,37.94646932,1413560,54047226.53,0.558500
2021-09-16,37.90654668,38.26585044,37.41749434,37.98639196,1168160,44497749.27,0.461500
2021-09-17,38.10615988,38.56527024,37.6769915,38.2758311,2009751,76825265.58,0.794000
2021-09-22,37.93648866,39.423607,37.8267014,38.79482542,2336720,91016056.64,0.923200
2021-09-23,39.1241872,39.2239938,38.56527024,38.8247674,1425201,55353537.1,0.563100
2021-09-24,38.8247674,38.924574,38.50538628,38.8746707,1450321,56315918.99,0.573000
2021-09-27,38.8746707,39.1740905,38.43552166,38.86469004,2165044,84252510.05,0.855300
2021-09-28,38.53532826,38.89463202,38.35567638,38.3756377,1409209,54485045.89,0.556700
2021-09-29,38.10615988,38.50538628,37.24782312,37.9764113,1773026,67203545.39,0.700500
2021-09-30,37.89656602,38.03629526,37.45741698,37.50732028,1172723,44279024.16,0.463300
2021-10-08,37.60712688,39.05432258,37.29772642,38.68503816,2564614,99011140.59,1.013200
2021-10-11,39.00441928,39.8228334,38.90461268,39.423607,3054307,120687126.18,1.206700
2021-10-12,39.3238004,39.80287208,39.1740905,39.31381974,2136496,84330220.35,0.844100
2021-10-13,39.43358766,39.50345228,39.04434192,39.2738971,1806733,71090246.52,0.713800
2021-10-14,39.13416786,39.34376172,38.80480608,38.84472872,1408069,55053754.4,0.556300
2021-10-15,38.6750575,39.80287208,38.54530892,39.423607,2019819,79302143.08,0.798000
2021-10-18,39.40364568,39.61323954,38.6251542,38.79482542,2413106,94542723.68,0.953300
2021-10-19,38.58523156,42.38786302,38.44550232,41.1203192,6681655,271185146.76,2.639700
2021-10-20,40.421673,40.8208994,39.44356832,39.60325888,4005575,160686133.09,1.582500
2021-10-21,39.7230268,40.28194376,38.6750575,38.78484476,2732327,107652754.99,1.079500
2021-10-22,38.83474806,39.10422588,38.425541,38.4754443,1704871,66198430.48,0.673500
2021-10-25,38.45548298,38.45548298,37.71691414,38.00635328,1991011,75807344.01,0.786600
2021-10-26,38.0762179,38.30577308,37.78677876,37.80674008,1672744,63715922.21,0.660800
2021-10-27,37.79675942,37.8267014,36.429409,36.64898352,2553214,94417794.18,1.008700
2021-10-28,36.3795057,37.13803586,36.3795057,36.8286354,1597673,58834788.69,0.631200
2021-10-29,36.23977646,37.08813256,36.23977646,36.8785387,1526036,56217464.22,0.602900
2021-11-01,36.9783453,36.9783453,35.99025996,36.8785387,1691622,61868987.57,0.668300
2021-11-02,36.7288288,37.427475,36.30964108,36.43938966,2071601,76300773.13,0.818400
2021-11-03,36.40944768,37.10809388,36.3795057,36.89850002,1592728,58887520.08,0.629200
2021-11-04,36.928442,37.00828728,36.2297958,36.26971844,2008799,73491530.51,0.793600
2021-11-05,36.2796991,36.61904154,36.14995052,36.29966042,1276797,46502935.45,0.504400
2021-11-08,36.2796991,36.60906088,35.5311496,35.7806661,1684791,60562228.16,0.665600
2021-11-09,35.7806661,36.39946702,35.6808595,35.89045336,1534142,55213405.09,0.606100
2021-11-10,36.0301826,37.44743632,35.8305694,36.73880946,3190864,116998489.3,1.260600
2021-11-11,36.63900286,37.00828728,36.5292156,36.90848068,1782973,65656350.21,0.704400
2021-11-12,36.66894484,37.2278618,36.58909956,36.89850002,1685165,62322805.13,0.665800
2021-11-15,36.928442,37.6270882,36.73880946,37.18793916,2685514,100107284.12,1.061000
2021-11-16,37.1280552,37.5771849,36.928442,37.427475,1999047,74556866.67,0.789800
2021-11-17,37.427475,37.427475,36.89850002,36.99830662,1360724,50523690.31,0.537600
2021-11-18,37.21788114,37.21788114,36.68890616,36.90848068,1778778,65660439.87,0.702700
2021-11-19,36.8286354,37.427475,36.73880946,37.1779585,1481921,55180362.7,0.585500
2021-11-22,37.427475,37.427475,36.5791189,36.69888682,2412766,88936295.28,0.953200
2021-11-23,36.59908022,36.84859672,36.25973778,36.3296024,1951664,71366904.06,0.771000
2021-11-24,36.31962174,36.78871276,35.94035666,36.55915758,2047119,74630283.82,0.808800
2021-11-25,36.4793123,37.49733962,36.39946702,37.10809388,2845919,105877394.1,1.124300
2021-11-26,37.00828728,37.20790048,36.35954438,36.50925428,1962107,72052831.59,0.775200
2021-11-29,36.89850002,37.10809388,35.84055006,35.87049204,2442744,88354157.35,0.965100
2021-11-30,35.7307628,35.930376,35.64093686,35.8305694,1861845,66685374.39,0.735600
2021-12-01,35.75072412,36.50925428,35.65091752,36.1798925,1807434,65460463.69,0.714100
2021-12-02,36.0800859,37.1779585,35.96031798,36.94840332,3409654,125368849.06,1.347000
2021-12-03,36.90848068,37.1280552,36.53919626,36.89850002,1998306,73733807.55,0.789500
2021-12-06,36.7787321,37.1779585,36.429409,36.49927362,1868381,68837848.37,0.738100
2021-12-07,36.5292156,36.78871276,35.8305694,36.06012458,1573650,57070557.95,0.621700
2021-12-08,36.06012458,36.2297958,35.91041468,36.01022128,1395153,50379137.04,0.551200
2021-12-09,36.09006656,36.33958306,35.94035666,36.1798925,1870713,67837572.26,0.739100
2021-12-10,36.25973778,36.25973778,35.35149772,35.62097554,3542792,126530926.63,1.399600
2021-12-13,35.84055006,35.86051138,34.97223264,35.10198122,2947534,104249439.54,1.164500
2021-12-14,35.2317298,35.61099488,35.12194254,35.1818265,1630860,57779541.19,0.644300
2021-12-15,35.1319232,35.2317298,34.36341238,34.46321898,2910724,101261789.44,1.149900
2021-12-16,34.433277,34.7326968,34.2336638,34.56302558,1867551,64419340.44,0.737800
2021-12-17,34.56302558,34.56302558,33.9841473,34.0839539,2154492,73731095.93,0.851200
2021-12-20,34.01408928,34.7326968,34.01408928,34.15381852,2030286,69960062.03,0.802100
2021-12-21,34.26360578,34.71273548,34.0340506,34.4831803,1542649,53300555.98,0.609500
2021-12-22,34.5330836,34.89238736,34.41331568,34.44325766,1180444,40849118.45,0.466400
2021-12-23,34.67281284,34.67281284,33.5350176,34.26360578,2764031,93781326.5,1.092000
2021-12-24,34.2336638,34.5330836,33.81447608,34.37339304,1906656,65337525.72,0.753300
2021-12-27,34.3334704,34.9822133,34.3334704,34.70275482,1654958,57420006.33,0.653800
2021-12-28,34.64287086,34.92232934,34.49316096,34.8325034,1774788,61741981.41,0.701200
2021-12-29,34.70275482,35.0321166,34.51312228,34.6827935,1801774,62723251.14,0.711800
2021-12-30,34.55304492,34.72271614,34.42329634,34.60294822,1074801,37241587.43,0.424600
2021-12-31,34.61292888,35.19180716,34.55304492,34.94229066,2313347,81086256.79,0.913900
2022-01-04,34.8325034,35.1319232,34.6328902,34.75265812,2199001,76668607.13,0.868800
2022-01-05,34.87242604,34.92232934,34.05401192,34.433277,2297662,79141876.9,0.907700
2022-01-06,34.19374116,34.79258076,34.09393456,34.64287086,1796331,62030216.14,0.709700
2022-01-07,34.433277,35.09200056,34.2336638,34.75265812,1871921,65302558.86,0.739500
2022-01-10,34.74267746,34.81254208,34.21370248,34.40333502,1729379,59644079.23,0.683200
2022-01-11,34.30352842,34.67281284,34.26360578,34.31350908,1548320,53391117.53,0.611700
2022-01-12,34.31350908,34.82252274,34.14383786,34.50314162,2143867,74195986.42,0.847000
2022-01-13,34.39335436,34.61292888,34.14383786,34.36341238,1557130,53575127.59,0.615200
2022-01-14,34.1837605,35.30159442,34.1338572,35.00217462,3752667,131045348.52,1.482600
2022-01-17,35.2816331,35.2816331,34.65285152,34.94229066,2128944,74484698.06,0.841100
2022-01-18,35.01215528,35.04209726,34.26360578,34.32348974,2137659,73962636.36,0.844500
2022-01-19,34.25362512,34.41331568,33.56495958,33.67474684,2468469,83745684.61,0.975200
2022-01-20,33.6847275,33.99412796,33.17571384,33.99412796,2621726,88205470.85,1.035800
2022-01-21,33.80449542,34.19374116,33.59490156,34.19374116,2868829,97615942.56,1.133400
2022-01-24,34.00410862,34.27358644,33.6348242,33.91428268,1666513,56601976.93,0.658400
2022-01-25,33.91428268,33.934244,31.938112,32.06786058,2238497,73792991.36,0.884400
2022-01-26,32.27745444,32.32735774,30.82027808,30.8402394,2335161,73421958.74,0.922500
2022-01-27,30.96000732,31.01989128,29.22337248,29.23335314,2948212,87743295.21,1.164700
2022-01-28,31.46902098,31.46902098,29.13354654,29.32317908,2100411,62167852.48,0.829800
2022-02-07,29.56271492,30.2413998,29.37308238,29.52279228,1395067,41614759.74,0.551100
2022-02-08,29.58267624,30.12163188,29.3431404,30.00186396,1040721,31113572.25,0.411200
2022-02-09,29.94198,30.3911097,29.94198,30.30128376,891625,26993513.69,0.352300
2022-02-10,30.2913031,30.73045214,30.15157386,30.27134178,1118617,34042590.11,0.441900
2022-02-11,30.02182528,30.17153518,29.57269558,29.6924635,1207120,36046248.26,0.476900
2022-02-14,29.35312106,29.94198,28.943914,29.2932371,1596035,46939969.01,0.630500
2022-02-15,29.27327578,29.63257954,28.9938173,29.3431404,1360914,40064460.14,0.537700
2022-02-16,29.3431404,29.75234746,29.0437206,29.71242482,1484603,43789376.99,0.586500
2022-02-17,29.61261822,29.73238614,29.22337248,29.2932371,1086501,32069518.0,0.429200
2022-02-18,29.2932371,30.03180594,29.0936239,29.76232812,1576811,46826341.99,0.622900
2022-02-21,29.83219274,30.25138046,29.63257954,30.06174792,1070786,32228135.75,0.423000
2022-02-22,29.94198,30.03180594,29.2932371,29.3930437,1263237,37323888.38,0.499100
2022-02-23,29.26329512,30.02182528,29.26329512,29.8920767,1603199,47946298.0,0.633400
2022-02-24,29.82221208,29.97192198,28.8441074,29.27327578,2181403,64233236.38,0.861800
2022-02-25,29.3930437,30.11165122,29.2932371,29.45292766,1726138,51292724.0,0.681900
2022-02-28,29.5926569,30.16155452,29.32317908,30.06174792,2326454,69247073.0,0.919100
2022-03-01,30.17153518,30.17153518,29.4928503,29.57269558,1684035,50109316.0,0.665300
2022-03-02,29.5427536,29.90205736,29.3930437,29.75234746,2311758,68620833.0,0.913300
2022-03-03,29.71242482,30.1415932,29.1435272,29.2433338,2666815,78860780.0,1.053600
2022-03-04,29.15350786,29.55273426,28.53470694,28.72433948,2749879,79915405.0,1.086400
2022-03-07,28.53470694,28.70437816,26.76813012,27.0475886,3892458,106962857.0,1.537800
2022-03-08,26.92782068,27.17733718,25.82994808,25.85989006,3307392,87928100.0,1.306600
2022-03-09,25.80998676,25.949716,24.24302314,25.1512632,4671750,117598326.0,1.845700
2022-03-10,25.450683,25.73014148,25.01153396,25.4007797,3850307,97907944.0,1.521100
2022-03-11,25.03149528,26.67830418,24.452617,26.55853626,6738425,173360228.0,2.662100
2022-03-14,26.2491358,26.5485556,25.53052828,25.98963864,4155240,107772840.0,1.641600
2022-03-15,25.83992874,25.83992874,23.97354532,24.01346796,4128021,102693002.0,1.630900
2022-03-16,24.43265568,24.5524236,22.83575008,24.16317786,4456784,105665801.0,1.760700
2022-03-17,24.44263634,26.71822682,24.28294578,26.06948392,6402239,166288224.0,2.529300
2022-03-18,26.18925184,26.448749,25.72016082,25.90979336,2578043,66966581.49,1.018500
2022-03-21,25.9996193,26.27907778,25.56047026,25.91977402,2174832,56493836.62,0.859200
2022-03-22,26.0495226,26.37888438,25.46066366,25.98963864,3130457,81449856.02,1.236700
2022-03-23,25.79002544,26.15930986,25.64031554,26.10940656,2020454,52423706.35,0.798200
2022-03-24,25.95969666,26.10940656,25.54050894,25.57045092,1972470,50898033.53,0.779300
2022-03-25,25.79002544,26.22917448,25.51056696,25.7501028,2723228,70371662.83,1.075900
2022-03-28,25.6003929,25.7501028,24.72209482,24.82190142,2064494,51659637.08,0.815600
2022-03-29,24.78197878,25.33091508,24.66221086,24.79195944,1275641,31887365.04,0.504000
2022-03-30,25.19118584,26.6982655,24.79195944,26.47869098,4753031,125010705.92,1.878000
2022-03-31,26.448749,26.8479754,26.08944524,26.12936788,2530480,67013940.63,0.999800
2022-04-01,26.00959996,26.82801408,25.7001995,26.62840088,3140778,82775522.44,1.241000
2022-04-06,26.7481688,27.31706642,26.448749,26.78809144,2754790,74324093.72,1.088500
2022-04-07,26.86793672,27.98577064,26.35892306,26.41880702,3737689,101650195.53,1.476800
2022-04-08,26.48867164,26.8978787,25.8998127,26.01958062,2320199,60804656.39,0.916700
2022-04-11,25.93973534,26.47869098,25.66027686,25.7501028,2546685,66482377.57,1.006200
2022-04-12,25.69021884,26.66832352,25.39079904,26.60843956,2228159,58138727.06,0.880400
2022-04-13,26.4986523,26.66832352,25.79002544,25.82994808,1685053,44117973.11,0.665800
2022-04-14,25.8499094,26.23915514,25.76008346,25.90979336,1505817,39184994.68,0.595000
2022-04-15,25.78004478,25.8499094,24.88178538,25.03149528,1869062,47123917.43,0.738500
2022-04-18,25.33091508,26.17927118,24.27296512,26.1493292,2688140,68785112.68,1.062100
2022-04-19,25.95969666,26.21919382,25.66027686,25.8499094,1232668,31946043.13,0.487000
2022-04-20,25.949716,26.16929052,25.2011665,25.27103112,1366518,35163577.81,0.539900
2022-04-21,25.11134056,25.33091508,23.953584,23.97354532,1972632,48710520.85,0.779400
2022-04-22,24.1531972,24.1531972,23.24495714,23.64418354,1896656,44795767.79,0.749400
2022-04-25,23.16511186,23.5543576,21.72789682,22.1071619,2434563,55392825.94,0.961900
2022-04-26,21.79776144,22.3566784,21.24882514,21.38855438,2785688,60582063.0,1.100700
2022-04-27,21.3586124,22.5562916,20.8096761,22.2568718,2943917,63574351.16,1.163200
2022-04-28,21.83768408,22.3067751,21.51830296,21.6580322,1969934,42974812.31,0.778300
2022-04-29,21.69795484,22.94553734,21.6580322,22.67605952,2203020,49395275.18,0.870400
2022-05-05,22.456485,22.71598216,21.94747134,21.99737464,3113891,69333541.71,1.230300
2022-05-06,21.66801286,21.71791616,21.39853504,21.46839966,2332485,50380603.2,0.921600
2022-05-09,21.458419,22.12712322,21.2588058,21.73787748,2295596,49890248.37,0.907000
2022-05-10,21.3586124,22.03729728,21.21888316,21.74785814,2326250,50496894.96,0.919100
2022-05-11,22.01733596,23.3547444,21.8576454,22.26685246,3817787,87077650.96,1.508500
2022-05-12,22.18700718,22.87567272,22.0572586,22.52634962,2598424,58475864.78,1.026700
2022-05-13,22.73594348,22.91559536,22.17702652,22.31675576,1508527,33904737.9,0.596000
2022-05-16,22.5562916,22.7060015,21.91752936,21.97741332,1810777,40391813.28,0.715500
2022-05-17,21.96743266,22.03729728,21.3586124,21.72789682,2296724,49836953.61,0.907500
2022-05-18,21.97741332,22.1071619,21.5582256,21.83768408,1825966,39920702.22,0.721500
2022-05-19,21.36859306,21.7578388,21.36859306,21.59814824,1592375,34412187.09,0.629200
2022-05-20,21.64805154,21.97741332,21.56820626,21.957452,2192757,47883312.21,0.866400
2022-05-23,21.957452,22.31675576,21.8077421,22.09718124,2535218,55976113.54,1.001700
2022-05-24,22.1570652,22.18700718,20.86956006,20.86956006,3055618,65715956.21,1.207300
2022-05-25,20.959386,21.12905722,20.6599662,20.84959874,1669776,34898912.12,0.659700
2022-05-26,20.88952138,21.07915392,20.2607398,21.04921194,1647581,34270409.23,0.651000
2022-05-27,21.14901854,21.23884448,20.68990818,20.82963742,1281003,26917907.45,0.506100
2022-05-30,20.82963742,20.86956006,20.43041102,20.7098695,1655879,34212667.88,0.654300
2022-05-31,20.69988884,21.63807088,20.47033366,21.57818692,3316241,70741079.42,1.310300
2022-06-01,21.458419,23.5543576,21.41849636,22.5063883,5838446,133036396.47,2.306800
2022-06-02,22.2568718,23.454551,22.13710388,23.454551,5054537,115851764.32,1.997100
2022-06-06,23.31482176,24.31288776,23.2549378,24.0034873,5811179,138802020.73,2.296100
2022-06-07,24.17315852,24.17315852,23.38468638,23.69408684,3012535,71426673.6,1.190300
2022-06-08,23.82383542,25.13130188,23.57431892,24.47257832,5840229,143586423.46,2.307500
2022-06-09,24.23304248,24.452617,23.46453166,23.72402882,3101583,74167344.34,1.225500
2022-06-10,23.7040675,24.38275238,23.53439628,24.38275238,2970393,71775694.24,1.173600
2022-06-13,24.37277172,24.4027137,23.96356466,24.32286842,2502960,60684225.54,0.988900
2022-06-14,23.98352598,24.18313918,23.31482176,24.11327456,2976702,70945981.1,1.176100
2022-06-15,23.94360334,24.66221086,23.88371938,24.07335192,2445458,59255696.11,0.966200
2022-06-16,24.07335192,24.61230756,24.06337126,24.16317786,2217250,54106015.51,0.876100
2022-06-17,24.12325522,25.26105046,23.98352598,25.07141792,4212907,104700759.14,1.664600
2022-06-20,25.24108914,25.90979336,24.83188208,24.95165,3021239,76158749.82,1.193700
2022-06-21,24.93168868,25.1512632,24.3528104,24.83188208,2225616,55046041.05,0.879400
2022-06-22,24.94166934,25.0514566,24.28294578,24.33284908,2630966,64778065.24,1.039500
2022-06-23,24.47257832,25.24108914,24.17315852,25.22112782,3040932,75436120.89,1.201500
2022-06-24,25.36085706,25.64031554,24.88178538,25.450683,2060981,52444716.08,0.814300
2022-06-27,25.66027686,25.88983204,25.33091508,25.39079904,2373094,60866478.2,0.937600
2022-06-28,25.450683,25.450683,24.96163066,25.31095376,2059240,51946248.32,0.813600
2022-06-29,25.48062498,26.18925184,25.03149528,25.1013599,2551499,65309151.3,1.008100
2022-06-30,25.24108914,25.7501028,25.08139858,25.14128254,2007247,50900980.44,0.793100
2022-07-01,25.450683,25.9996193,25.23110848,25.47064432,3003073,76785268.46,1.186600
2022-07-04,25.51056696,27.10747256,25.11134056,26.72820748,6187060,163866116.22,2.444600
2022-07-05,26.2491358,26.42878768,25.66027686,25.88983204,3452081,89890241.27,1.364000
2022-07-06,25.91977402,26.21919382,25.68023818,25.95969666,2178652,56678284.29,0.860800
2022-07-07,26.21919382,26.2491358,25.18120518,25.3508764,2869422,73497599.59,1.133700
2022-07-08,25.43072168,25.73014148,25.1512632,25.43072168,2201753,56083140.14,0.869900
2022-07-11,25.47064432,25.57045092,24.81192076,25.3508764,2088701,52761127.76,0.825300
2022-07-12,25.39079904,25.5504896,24.43265568,24.47257832,2046393,50741486.41,0.808600
2022-07-13,24.59234624,24.62228822,24.07335192,24.2031005,1464687,35688653.06,0.578700
2022-07-14,24.452617,24.79195944,24.13323588,24.57238492,1329319,32693606.04,0.525200
2022-07-15,24.452617,24.93168868,24.08333258,24.08333258,1553869,38143444.11,0.614000
2022-07-18,24.14321654,24.6023269,24.0533906,24.3029071,1654771,40332473.61,0.653800
2022-07-19,24.3029071,25.24108914,24.3029071,24.81192076,2199608,55016973.15,0.869100
2022-07-20,24.82190142,25.61037356,24.82190142,25.24108914,1795938,45545080.71,0.709600
2022-07-21,25.13130188,25.52054762,25.06143726,25.06143726,1239751,31415251.44,0.489800
2022-07-22,25.11134056,25.2510698,24.452617,24.68217218,1810809,45003055.81,0.715500
2022-07-25,24.68217218,25.14128254,24.27296512,24.48255898,1296196,32002638.29,0.512100
2022-07-26,24.43265568,24.63226888,24.21308116,24.51250096,886327,21705999.38,0.350200
2022-07-27,24.54244294,25.17122452,24.2031005,24.95165,1389572,34554538.96,0.549000
2022-07-28,25.0015533,25.52054762,25.0015533,25.22112782,1636075,41425322.59,0.646400
2022-07-29,25.21114716,25.37083772,24.71211416,24.7520368,1370027,34357316.9,0.541300
2022-08-01,24.56240426,24.82190142,24.0533906,24.7021335,1445833,35528566.95,0.571300
2022-08-02,24.52248162,24.52248162,23.32480242,23.58429958,2773745,65983132.47,1.095900
2022-08-03,23.63420288,24.5524236,23.6042609,23.84379674,2315280,55860837.12,0.914800
2022-08-04,23.84379674,24.74205614,23.84379674,24.44263634,1778433,43322041.0,0.702700
2022-08-05,24.53246228,26.0994259,24.41269436,25.96967732,4612022,118053798.0,1.822300
2022-08-08,25.949716,26.40882636,25.7501028,26.02956128,2381836,62149677.0,0.941100
2022-08-09,25.949716,26.18925184,25.47064432,25.7501028,2299310,59275666.0,0.908500
2022-08-10,25.81996742,26.33896174,25.56047026,26.27907778,2530628,66165202.0,0.999900
2022-08-11,26.2491358,28.12549988,26.2491358,27.6464282,6601128,182174501.0,2.608200
2022-08-12,27.6464282,28.68441684,27.3969117,27.88596404,5090522,143571712.0,1.239400
2022-08-15,27.62646688,27.93586734,27.27714378,27.3969117,3120871,86199319.29,0.759900
2022-08-16,27.36696972,27.7462348,27.05756926,27.2971051,2356761,64719181.06,0.573800
2022-08-17,27.47675698,27.5965249,26.87791738,27.27714378,1718931,46775657.26,0.418500
2022-08-18,27.16735652,27.27714378,26.85795606,27.11745322,1307100,35398679.19,0.318200
2022-08-19,27.07753058,27.73625414,26.448749,26.50863296,2561813,69078551.1,0.623700
2022-08-22,26.4986523,27.38693104,26.13934854,27.18731784,1910210,51629008.93,0.465100
2022-08-23,26.3489424,26.52859428,25.27103112,25.56047026,4790307,123531763.19,1.166300
2022-08-24,25.48062498,25.72016082,24.51250096,24.56240426,2744783,68708185.3,0.668300
2022-08-25,24.68217218,24.7520368,23.8537774,24.22306182,2965061,71714856.26,0.721900
2022-08-26,24.2530038,24.98159198,24.14321654,24.21308116,2171998,53356660.5,0.528800
2022-08-29,23.953584,24.32286842,23.5044543,23.98352598,1947516,46817993.17,0.474200
2022-08-30,23.98352598,24.13323588,23.64418354,23.8038741,1399988,33475535.03,0.340900
2022-08-31,23.88371938,24.59234624,23.24495714,23.34476374,4363053,103507899.85,1.062300
2022-09-01,23.24495714,23.9036807,22.92557602,23.0553246,3252246,76342521.08,0.791800
2022-09-02,22.9056147,23.32480242,22.77586612,22.82576942,2774533,63842092.16,0.675500
2022-09-05,22.82576942,23.09524724,22.29679444,22.46646566,2316315,52403066.37,0.564000
2022-09-06,22.49640764,22.83575008,22.31675576,22.6560982,1355746,30751593.47,0.330100
2022-09-07,22.7559048,22.79582744,22.43652368,22.6560982,1492181,33806203.58,0.363300
2022-09-08,22.6560982,22.6560982,22.1570652,22.16704586,1601707,35856890.95,0.390000
2022-09-09,22.2568718,22.5562916,22.16704586,22.36665906,1195663,26840573.08,0.291100
2022-09-13,22.5562916,23.04534394,22.31675576,22.34669774,1857010,42120481.22,0.452100
2022-09-14,22.02731662,22.5063883,22.02731662,22.34669774,1540526,34362665.69,0.375100
2022-09-15,22.34669774,22.46646566,21.56820626,21.66801286,2094642,46029346.38,0.510000
2022-09-16,21.7079355,21.97741332,21.34863174,21.34863174,1668391,36164891.34,0.406200
2022-09-19,21.458419,21.5582256,21.16897986,21.43845768,1495055,31997634.23,0.364000
2022-09-20,21.458419,21.8576454,21.458419,21.5582256,902792,19598866.01,0.219800
2022-09-21,21.5582256,21.71791616,21.18894118,21.6081289,1027793,22128242.91,0.250200
2022-09-22,21.43845768,21.71791616,21.4085157,21.46839966,1107425,23916243.79,0.269600
2022-09-23,21.37857372,21.44843834,20.77973412,21.01926996,1618036,34105696.82,0.394000
2022-09-26,20.87954072,21.61810956,20.77973412,20.959386,1447202,30806513.69,0.352400
2022-09-27,21.06917326,22.13710388,21.02925062,22.09718124,2156916,46902922.68,0.525200
2022-09-28,22.08720058,22.44650434,21.6580322,21.7079355,1321353,29121885.34,0.321700
2022-09-29,21.83768408,22.39660104,21.72789682,21.78778078,1785248,39466718.17,0.434700
2022-09-30,21.71791616,22.33671708,21.71791616,21.71791616,1506302,33172001.27,0.366700
2022-10-10,21.73787748,22.39660104,21.58816758,21.8576454,1940951,42961493.14,0.472600
2022-10-11,22.0572586,22.27683312,21.7578388,22.06723926,1287784,28382578.29,0.313500
2022-10-12,22.06723926,22.39660104,21.16897986,22.26685246,1696582,36936037.85,0.413100
2022-10-13,22.06723926,22.8557114,22.0572586,22.6560982,1744203,39536844.86,0.424700
2022-10-14,22.74592414,23.5543576,22.64611754,23.2549378,2603511,60624490.35,0.633900
2022-10-17,23.34476374,23.74399014,23.18507318,23.31482176,2283895,53660593.78,0.556100
2022-10-18,23.31482176,24.0533906,23.02538262,23.91366136,3084802,73148915.03,0.751100
2022-10-19,23.64418354,23.84379674,23.2549378,23.2549378,2032447,47822783.69,0.494800
2022-10-20,23.19505384,23.77393212,23.07528592,23.2549378,1959056,45903285.38,0.477000
2022-10-21,23.2549378,23.57431892,23.0054213,23.41462836,1890073,44079557.71,0.460200
2022-10-24,23.4046477,23.83381608,22.6560982,22.78584678,2695048,62236713.34,0.656200
2022-10-25,22.83575008,22.955518,22.14708454,22.38662038,1775354,39998641.46,0.432300
2022-10-26,22.42654302,23.52441562,22.39660104,23.1551312,2772196,64472226.49,0.675000
2022-10-27,23.24495714,23.59428024,22.98545998,23.24495714,2299194,53503828.02,0.559800
2022-10-28,23.3547444,23.68410618,22.16704586,22.16704586,3121841,71310853.95,0.760100
2022-10-31,22.31675576,23.34476374,22.12712322,23.03536328,3523370,80937244.4,0.857900
2022-11-01,23.31482176,23.82383542,22.92557602,23.77393212,3820692,89708076.97,0.930200
2022-11-02,23.81385476,24.5025203,23.63420288,23.92364202,3607337,87385172.53,0.878300
2022-11-03,23.68410618,24.08333258,23.454551,23.93362268,2831270,67374388.24,0.689300
2022-11-04,23.79389344,24.33284908,23.79389344,24.16317786,3280699,79300654.47,0.798800
2022-11-07,24.1531972,24.44263634,23.953584,24.14321654,2808263,68159746.84,0.683700
2022-11-08,24.1531972,24.41269436,23.8537774,24.31288776,2230425,54113105.03,0.543100
2022-11-09,24.31288776,25.23110848,24.18313918,24.71211416,3420862,84957921.06,0.832900
2022-11-10,24.67219152,25.23110848,24.23304248,24.36279106,2857328,70599758.34,0.695700
2022-11-11,24.83188208,25.16124386,24.23304248,24.24302314,3588765,88871601.62,0.873800
2022-11-14,24.3029071,24.66221086,23.94360334,24.47257832,3114055,76090743.75,0.758200
2022-11-15,24.452617,24.76201746,23.99350664,24.6522302,3260209,79836874.62,0.793800
2022-11-16,24.76201746,24.94166934,24.47257832,24.5524236,2355111,58116015.62,0.573400
2022-11-17,24.53246228,24.81192076,24.3528104,24.69215284,2191217,54024735.11,0.533500
2022-11-18,24.8518434,25.14128254,24.66221086,24.8019401,2404730,59862383.99,0.585500
2022-11-21,24.6522302,24.9017467,24.38275238,24.78197878,2143837,52997703.96,0.522000
2022-11-22,24.78197878,25.01153396,23.98352598,24.1531972,2555786,62477875.66,0.622300
2022-11-23,24.02344862,24.74205614,23.8038741,24.29292644,3136397,76047787.41,0.763600
2022-11-24,24.27296512,24.64224954,24.16317786,24.3029071,1516420,36954247.0,0.369200
2022-11-25,24.31288776,24.452617,23.93362268,24.29292644,1964979,47692701.64,0.478400
2022-11-28,24.31288776,24.84186274,23.97354532,24.13323588,2399195,58474300.17,0.584100
2022-11-29,24.44263634,24.81192076,24.2530038,24.41269436,2345730,57687332.46,0.571100
2022-11-30,24.452617,25.0015533,24.32286842,24.4027137,2208560,54566479.6,0.537700
2022-12-01,24.67219152,24.78197878,24.39273304,24.59234624,2098111,51778160.02,0.510800
2022-12-02,24.6023269,24.78197878,24.4027137,24.4027137,1826046,44978077.54,0.444600
2022-12-05,24.59234624,24.8019401,23.97354532,24.1032939,3154637,76958958.0,0.768100
2022-12-06,24.13323588,24.32286842,23.62422222,23.64418354,2451199,58794151.21,0.596800
2022-12-07,23.64418354,24.19311984,23.4046477,23.92364202,2716393,64888650.94,0.661400
2022-12-08,23.83381608,24.11327456,23.21501516,23.3048411,3523673,82654896.07,0.857900
2022-12-09,23.3048411,23.454551,22.96549866,23.1551312,6146553,142898769.85,1.496500
2022-12-12,23.1551312,23.52441562,23.1551312,23.3547444,2892047,67645951.69,0.704100
2022-12-13,23.43458968,23.49447364,22.9056147,23.09524724,2581924,59670983.84,0.628600
2022-12-14,23.17509252,23.24495714,22.63613688,22.77586612,1665319,38185377.7,0.405500
2022-12-15,22.71598216,22.955518,22.59621424,22.6560982,1169536,26674337.37,0.284800
2022-12-16,22.69602084,22.76588546,22.37663972,22.66607886,1665350,37617422.77,0.405500
2022-12-19,22.46646566,22.71598216,21.73787748,21.8576454,2213053,48933943.39,0.538800
2022-12-20,21.79776144,22.18700718,21.66801286,21.82770342,1849662,40589632.29,0.450300
2022-12-21,21.7578388,21.97741332,21.46839966,21.76781946,1959171,42622640.31,0.477000
2022-12-22,21.8077421,22.0572586,21.3586124,21.458419,1509940,32898275.45,0.367600
2022-12-23,21.28874778,22.1071619,21.28874778,21.93749068,1766071,38691046.2,0.430000
2022-12-26,22.08720058,22.09718124,21.7578388,21.82770342,1211942,26548997.41,0.295100
2022-12-27,21.83768408,22.06723926,21.5582256,21.99737464,1335917,29266951.66,0.325300
2022-12-28,21.9075487,22.28681378,21.68797418,21.99737464,1293950,28467713.31,0.315000
2022-12-29,21.99737464,22.28681378,21.88758738,22.1071619,1291501,28617307.02,0.314400
2022-12-30,22.06723926,22.22692982,21.87760672,21.93749068,1689085,37204671.85,0.411200
2023-01-03,21.92751002,22.39660104,21.6580322,22.2069685,1842858,40901549.12,0.448700
2023-01-04,22.24689114,22.53633028,22.14708454,22.4065817,1627390,36431333.95,0.396200
2023-01-05,22.51636896,22.97547932,22.28681378,22.87567272,2152886,49015765.57,0.524200
2023-01-06,22.9056147,22.96549866,22.32673642,22.3566784,1721269,38944106.98,0.419100
2023-01-09,22.36665906,22.6061949,21.97741332,22.0073553,2059801,45817157.48,0.501500
2023-01-10,21.92751002,22.17702652,21.77780012,21.98739398,1848110,40645924.66,0.450000
2023-01-11,22.1570652,22.4065817,21.98739398,22.02731662,1316357,29269891.77,0.320500
2023-01-12,22.13710388,23.86375806,21.91752936,23.51443496,5538861,127935508.87,1.348600
2023-01-13,23.51443496,24.27296512,23.08526658,24.11327456,4487812,107027860.19,1.092700
2023-01-16,24.13323588,26.03954194,23.8537774,25.54050894,8966167,226021370.38,2.183000
2023-01-17,26.2491358,26.7980721,25.7501028,26.3489424,9775747,258875575.18,2.380100
2023-01-18,26.2990391,26.92782068,25.51056696,26.83799474,7826045,206139992.76,1.905400
2023-01-19,26.61842022,30.0417866,26.31900042,29.25331446,13617140,390728515.94,3.315400
2023-01-20,29.37308238,29.86213472,28.76426212,29.2932371,5874052,172218941.77,1.430200
2023-01-30,29.40302436,29.83219274,28.12549988,28.2452678,5459862,155957998.2,1.329300
2023-01-31,27.9957513,28.25524846,27.446815,27.73625414,3712108,103444924.78,0.903800
2023-02-01,27.87598338,29.07366258,27.67637018,28.73432014,5232221,149801678.16,1.273900
2023-02-02,28.91397202,31.16960118,28.6943975,30.0916899,7300598,220963843.65,1.777500
2023-02-03,30.5408196,32.1377252,30.2413998,30.5907229,6480925,202264599.59,1.577900
2023-02-06,31.15962052,31.3392724,29.71242482,29.85215406,6192788,188401494.36,1.507800
2023-02-07,29.9918833,30.1914965,29.2932371,29.42298568,3524708,104826833.13,0.858200
2023-02-08,29.72240548,30.23141914,29.25331446,29.61261822,4218648,125452755.29,1.027100
2023-02-09,29.5427536,30.0417866,29.3431404,29.81223142,3547381,105729774.41,0.863700
2023-02-10,29.7922701,30.0916899,28.6444942,28.98383664,5721598,166842261.26,1.393100
2023-02-13,29.05370126,29.32317908,28.60457156,28.70437816,2561737,73932874.59,0.623700
2023-02-14,28.68441684,29.0437206,28.5446876,28.87404938,2132223,61495807.2,0.519100
2023-02-15,28.943914,29.57269558,28.444881,29.03373994,4393681,127469796.57,1.069700
2023-02-16,28.96387532,29.33315974,27.62646688,27.945848,4011899,114066224.96,0.976800
2023-02-17,27.95582866,28.0955579,27.35698906,27.46677632,3316064,92159154.29,0.807400
2023-02-20,27.446815,27.8460414,27.0475886,27.67637018,2855434,78916313.25,0.695200
2023-02-21,27.7462348,27.93586734,26.96774332,27.2472018,2499267,68451475.76,0.608500
2023-02-22,27.27714378,28.08557724,27.05756926,27.66638952,2588476,71878114.48,0.630200
2023-02-23,27.446815,27.82608008,27.0974919,27.2472018,1793557,49260396.02,0.436700
2023-02-24,27.25718246,28.01571262,27.23722114,27.48673764,2492768,69093521.21,0.606900
2023-02-27,27.36696972,27.66638952,26.947782,27.18731784,2519554,68868547.27,0.613400
2023-02-28,27.20727916,28.23528714,27.20727916,27.78615744,3097874,86213819.32,0.754300
2023-03-01,28.7942041,29.31319842,27.82608008,28.30515176,6176885,175412832.45,1.503900
2023-03-02,28.2452678,28.53470694,27.7462348,27.90592536,2415214,68015361.76,0.588000
2023-03-03,27.8959447,28.2452678,27.446815,27.446815,2994839,83220805.02,0.729200
2023-03-06,27.43683434,29.3431404,27.35698906,28.98383664,6705292,190889082.18,1.632600
2023-03-07,28.95389466,29.21339182,27.9957513,28.01571262,3726920,106101587.54,0.906500
2023-03-08,28.25524846,28.25524846,27.5466216,27.5965249,1861887,51803218.75,0.452900
2023-03-09,27.58654424,28.1454612,27.3470084,27.6464282,2344204,64941713.19,0.570200
2023-03-10,27.47675698,27.7961381,27.22724048,27.5466216,2215023,61025312.17,0.538800
2023-03-13,27.66638952,27.78615744,27.0475886,27.5466216,2717336,74460221.58,0.661000
2023-03-14,27.5965249,28.7942041,27.38693104,28.3949777,5174904,146777864.12,1.258700
2023-03-15,28.48480364,29.77230878,28.48480364,28.86406872,4418233,129325575.72,1.074700
2023-03-16,29.2932371,29.40302436,28.60457156,29.12356588,4476854,130638299.19,1.088900
2023-03-17,29.5427536,29.65254086,29.00379796,29.31319842,3067858,90031319.45,0.746200
2023-03-20,29.08364324,29.31319842,27.9957513,28.1953645,3804790,108271048.26,0.925500
2023-03-21,28.41493902,28.81416542,28.1454612,28.6943975,2206204,63054041.85,0.536600
2023-03-22,28.68441684,29.1435272,28.58461024,28.82414608,2521390,72907751.02,0.613300
2023-03-23,28.75428146,29.0437206,28.444881,28.90399136,3081139,89009527.45,0.749500
2023-03-24,28.93393334,29.0936239,27.50669896,27.62646688,5337070,148945880.01,1.298200
2023-03-27,27.52666028,27.92588668,27.18731784,27.77617678,3431203,94758390.93,0.834600
2023-03-28,27.8460414,28.53470694,27.25718246,27.36696972,4915725,136825023.2,1.195700
2023-03-29,27.5965249,27.5965249,27.02762728,27.26716312,2250238,61413371.28,0.547300
2023-03-30,27.3470084,27.61648622,27.0974919,27.51667962,2159722,59360170.1,0.525300
2023-03-31,27.51667962,28.55466826,27.3969117,28.22530648,3086268,86651989.73,0.750700
2023-04-03,27.96580932,28.66445552,26.51861362,26.56851692,6877169,187147199.45,1.672800
2023-04-04,26.5485556,26.947782,26.33896174,26.61842022,3760853,100188262.5,0.914800
2023-04-06,26.61842022,27.23722114,26.45872966,27.06754992,3532523,94825354.79,0.859200
2023-04-07,27.1473952,30.52085828,27.0475886,29.40302436,12719907,374804368.93,3.094000
2023-04-10,29.37308238,31.31931108,29.12356588,30.56078092,9726215,299276895.26,2.365800
2023-04-11,30.3412064,31.39915636,30.17153518,30.940046,7906022,245393032.8,1.923000
2023-04-12,30.8402394,32.01795728,30.7404328,30.80031676,5512458,172623091.44,1.340800
2023-04-13,31.1396592,32.2375318,30.5408196,31.1396592,7753587,244541539.09,1.886000
2023-04-14,31.27938844,31.91815068,30.7903361,31.19954316,5288839,165713580.48,1.286400
2023-04-17,31.3891757,31.69857616,31.02987194,31.35923372,3866802,121431147.33,0.940600
2023-04-18,31.31931108,31.42909834,30.65060686,30.80031676,2962754,91959648.48,0.720700
2023-04-19,31.00991062,31.20952382,30.26136112,30.441013,3672734,112724207.01,0.893300
2023-04-20,30.441013,30.441013,29.48286964,29.77230878,3494039,104257282.78,0.849900
2023-04-21,29.55273426,30.00186396,29.1435272,29.46290832,2830791,83854584.0,0.688600
2023-04-24,29.5926569,30.00186396,28.444881,28.70437816,4930026,143683090.14,1.199200
2023-04-25,28.8940107,28.8940107,27.2472018,27.53664094,5774714,160632140.79,1.404600
2023-04-26,27.70631216,28.1953645,27.446815,27.5466216,3551707,98437556.39,0.863900
2023-04-27,27.41687302,28.03567394,27.36696972,27.78615744,3660534,101667677.63,0.890400
2023-04-28,26.75814946,27.0475886,25.14128254,25.2510698,9425994,243725953.54,2.292800
2023-05-04,25.0514566,25.5005863,24.95165,25.2011665,3310765,83542339.8,0.805300
2023-05-05,25.2011665,25.21114716,24.13323588,24.43265568,3869290,94888668.05,0.941200
2023-05-08,24.39273304,24.51250096,23.83381608,23.92364202,2806278,67371151.0,0.682600
2023-05-09,23.73400948,23.84379674,23.01540196,23.11520856,4494277,105163062.99,1.093200
2023-05-10,23.24495714,23.52441562,22.83575008,23.17509252,2915621,67556306.09,0.708900
2023-05-11,23.2050345,23.44457034,22.6560982,22.81578876,3397757,78158038.48,0.826100
2023-05-12,22.82576942,23.03536328,22.28681378,22.48642698,3284948,74274140.22,0.798700
2023-05-15,22.5063883,22.73594348,21.957452,22.6560982,3005369,67208641.41,0.730700
2023-05-16,22.77586612,23.22499582,22.54631094,22.82576942,4248542,97303149.74,1.033000
2023-05-17,22.76588546,22.92557602,22.57625292,22.8557114,2275058,51815914.65,0.553200
2023-05-18,22.91559536,22.97547932,22.6560982,22.84573074,1590916,36284881.48,0.386800
2023-05-19,22.81578876,23.21501516,22.456485,23.2050345,3045350,69913654.55,0.740400
2023-05-22,23.06530526,23.29486044,22.82576942,23.22499582,2148930,49790918.42,0.522500
2023-05-23,23.21501516,24.1032939,23.18507318,23.34476374,4207379,99658500.96,1.023000
2023-05-24,23.16511186,23.31482176,22.81578876,23.07528592,1975289,45635898.87,0.480300
2023-05-25,23.0553246,23.17509252,22.68604018,22.92557602,1737179,39838467.82,0.422400
2023-05-26,22.9056147,23.5543576,22.7559048,23.28487978,1950588,45427928.78,0.474300
2023-05-29,23.26491846,23.59428024,22.955518,23.0054213,1612849,37519550.35,0.392100
2023-05-30,22.88565338,23.14515054,22.28681378,22.72596282,3250030,73537243.24,0.790200
2023-05-31,22.66607886,22.93555668,22.5562916,22.69602084,1353281,30830772.74,0.329000
2023-06-01,22.8557114,23.38468638,22.6061949,23.11520856,2464464,56995255.57,0.599200
2023-06-02,23.24495714,23.44457034,23.0553246,23.1052279,1684500,39084167.8,0.409600
2023-06-05,23.1052279,23.2050345,22.2568718,22.36665906,3476900,78419450.37,0.845400
2023-06-06,22.37663972,22.49640764,21.5582256,21.5582256,2557102,56160338.74,0.621700
2023-06-07,21.5582256,21.79776144,21.458419,21.67799352,1842911,39909242.91,0.448100
2023-06-08,21.57818692,21.7578388,21.1090959,21.21888316,2674811,57240403.22,0.650400
2023-06-09,21.21888316,21.5083223,21.1090959,21.46839966,1911534,40786073.1,0.464800
2023-06-12,21.3586124,21.61810956,21.17896052,21.3087091,2089300,44873351.35,0.508000
2023-06-13,21.33865108,21.52828362,21.0591926,21.38855438,1932401,41183845.03,0.469800
2023-06-14,21.31868976,21.58816758,21.19892184,21.27876712,1974506,42253297.41,0.480100
2023-06-15,21.3087091,21.67799352,21.11907656,21.64805154,1745438,37538483.11,0.424400
2023-06-16,21.68797418,21.92751002,21.53826428,21.68797418,1812389,39467736.49,0.440700
2023-06-19,21.53826428,22.11714256,21.53826428,21.59814824,1942389,42464077.18,0.472300
2023-06-20,21.59814824,21.9075487,21.46839966,21.46839966,1924686,41714415.34,0.468000
2023-06-21,21.72789682,23.454551,21.69795484,21.92751002,6479880,144736144.95,1.575500
2023-06-26,21.7578388,22.29679444,21.68797418,22.27683312,4002534,88362894.56,0.973200
2023-06-27,22.23691048,22.92557602,22.02731662,22.02731662,3469359,77848028.51,0.843500
2023-06-28,22.1071619,22.1071619,21.71791616,21.96743266,1943810,42569550.8,0.472600
2023-06-29,22.07721992,22.42654302,21.96743266,22.09718124,2293288,51092798.75,0.557600
2023-06-30,22.2069685,22.68604018,22.0572586,22.59621424,2167473,48747280.87,0.527000
2023-07-03,22.5063883,22.73594348,22.29679444,22.34669774,1962072,44118756.37,0.477100
2023-07-04,22.24689114,22.6560982,22.12712322,22.32673642,2918814,65374847.31,0.709700
2023-07-05,22.37663972,22.37663972,21.47838032,21.5582256,3890350,84966842.99,0.945900
2023-07-06,21.5582256,21.68797418,21.48836098,21.5582256,1592669,34423609.77,0.387200
2023-07-07,21.41849636,21.6580322,21.24882514,21.57818692,1686585,36249770.48,0.410100
2023-07-10,21.46839966,21.72789682,21.37857372,21.54824494,1288632,27768018.5,0.313300
2023-07-11,21.46839966,22.32673642,21.458419,22.2568718,2812260,61951088.32,0.683800
2023-07-12,22.31675576,22.31675576,21.73787748,21.79776144,1608763,35399929.18,0.391200
2023-07-13,21.9075487,22.23691048,21.8077421,22.11714256,1690055,37393595.66,0.410900
2023-07-14,22.1071619,22.23691048,21.8077421,21.83768408,1452520,31888186.69,0.353200
2023-07-17,21.9075487,21.9075487,21.458419,21.73787748,1429564,31004354.25,0.347600
2023-07-18,21.73787748,21.79776144,21.56820626,21.79776144,827097,17967279.13,0.201100
2023-07-19,21.957452,22.01733596,21.458419,21.54824494,1865891,40447303.06,0.453700
2023-07-20,21.5582256,21.7578388,21.52828362,21.5582256,1224259,26531744.54,0.297700
2023-07-21,21.56820626,22.0572586,21.51830296,21.7578388,1506189,32954265.05,0.366200
2023-07-24,21.7578388,22.11714256,21.7079355,21.88758738,1274907,27950058.25,0.310000
2023-07-25,22.04727794,22.11714256,21.78778078,22.0572586,1744409,38482921.99,0.424100
2023-07-26,22.08720058,22.91559536,22.0572586,22.56627226,3729280,84412701.33,0.906700
2023-07-27,22.56627226,22.66607886,22.29679444,22.37663972,1648694,37039126.72,0.400900
2023-07-28,22.3566784,22.89563404,22.2069685,22.8557114,2267791,51369688.63,0.551400
2023-07-31,22.98545998,23.03536328,22.53633028,22.63613688,2836844,64576377.02,0.689700
2023-08-01,22.56627226,22.8058081,22.2568718,22.37663972,2157358,48688034.42,0.524500
2023-08-02,22.36665906,22.49640764,22.0572586,22.1071619,2018629,44852698.09,0.490800
2023-08-03,22.2568718,22.456485,21.63807088,21.71791616,4087926,89818903.53,0.993900
2023-08-04,21.8077421,21.957452,20.96936666,21.07915392,6127367,131001063.54,1.489800
2023-08-07,21.0591926,21.12905722,20.3605464,20.67992752,3588441,74253072.51,0.872500
2023-08-08,20.62004356,20.91946336,20.44039168,20.69988884,2381405,49300688.14,0.579000
2023-08-09,20.7597728,21.22886382,20.69988884,21.1589992,3427848,72159020.14,0.833400
2023-08-10,21.18894118,21.29872844,20.84959874,20.8595794,1621165,34130235.76,0.394200
2023-08-11,20.99930864,21.11907656,20.7098695,20.72983082,1393988,29228187.27,0.338900
2023-08-14,21.2588058,24.23304248,21.2089025,23.52441562,18606899,431377053.18,4.524100
2023-08-15,23.4046477,23.73400948,23.03536328,23.5044543,9925265,232624704.17,2.413200
2023-08-16,23.5044543,23.82383542,22.3566784,22.56627226,9926650,229138197.12,2.413600
2023-08-17,22.64611754,22.64611754,21.66801286,21.86762606,9028033,198438295.69,2.195100
2023-08-18,21.86762606,22.44650434,21.79776144,21.8576454,5891688,130323235.95,1.432500
2023-08-21,21.96743266,22.39660104,21.61810956,21.87760672,4849961,107102683.89,1.179200
2023-08-22,21.96743266,22.01733596,21.21888316,21.7079355,5258176,113668904.54,1.278500
2023-08-23,22.0073553,22.0073553,20.84959874,20.88952138,4477900,95151468.52,1.088800
2023-08-24,20.82963742,21.29872844,20.6599662,21.06917326,3283232,68974656.45,0.798300
2023-08-25,20.83961808,21.13903788,20.460353,20.58012092,3232117,67218212.68,0.785900
2023-08-28,22.38662038,22.456485,20.48031432,20.49029498,5910384,126375623.14,1.437000
2023-08-29,20.84959874,21.82770342,20.52023696,21.8077421,5959703,127845645.79,1.449000
2023-08-30,21.67799352,22.456485,21.6580322,22.31675576,5921801,131721190.49,1.439800
2023-08-31,22.14708454,22.6560982,21.9075487,22.46646566,5025359,112431887.89,1.221900
2023-09-01,22.54631094,22.58623358,22.06723926,22.29679444,2737764,61179734.17,0.665700
2023-09-04,22.53633028,22.53633028,22.08720058,22.28681378,2905681,64657563.5,0.706500
2023-09-05,22.19698784,22.58623358,22.1071619,22.3067751,2591740,57874567.56,0.630200
2023-09-06,22.3067751,22.3067751,22.06723926,22.13710388,2301938,51086929.81,0.559700
2023-09-07,21.97741332,22.24689114,21.52828362,21.54824494,3251655,71237268.13,0.790600
2023-09-08,21.61810956,22.0572586,21.61810956,21.72789682,2712968,59416648.35,0.659600
2023-09-11,21.79776144,23.03536328,21.77780012,22.7060015,6483321,147069745.13,1.576400
2023-09-12,22.8058081,23.11520856,22.52634962,22.76588546,4799404,109862903.0,1.166900
2023-09-13,22.81578876,23.03536328,22.49640764,22.73594348,4148615,94751125.83,1.008700
2023-09-14,22.66607886,22.8058081,22.31675576,22.5562916,2967782,67008428.83,0.721600
2023-09-15,22.72596282,23.0054213,22.3067751,22.83575008,5357196,122136151.15,1.302500
2023-09-18,22.78584678,23.23497648,22.6061949,22.78584678,3913158,89620159.39,0.951400
2023-09-19,22.7060015,23.08526658,22.59621424,22.74592414,3295898,75292678.9,0.801400
2023-09-20,22.56627226,22.88565338,22.5063883,22.52634962,2360258,53554689.48,0.573900
2023-09-21,22.456485,22.61617556,22.27683312,22.37663972,2188869,49145277.85,0.532200
2023-09-22,22.37663972,22.88565338,22.11714256,22.86569206,3783900,85538755.48,0.920000
2023-09-25,22.83575008,23.19505384,22.73594348,23.17509252,4652835,107219438.34,1.131300
2023-09-26,23.16511186,23.18507318,22.78584678,22.91559536,2956797,68056389.68,0.718900
2023-09-27,22.86569206,23.34476374,22.8557114,23.21501516,4884978,113280493.34,1.187700
2023-09-28,23.22499582,23.33478308,22.94553734,23.13516988,3168566,73442364.96,0.770400
2023-10-09,23.12518922,23.28487978,22.58623358,22.94553734,3444638,79060955.68,0.837500
2023-10-10,23.1052279,23.13516988,22.28681378,22.37663972,3911072,88388636.96,0.950900
2023-10-11,22.456485,23.454551,22.3566784,22.91559536,5357469,123973805.75,1.302600
2023-10-12,24.2530038,25.949716,24.22306182,25.0514566,16268940,412121078.94,3.955600
2023-10-13,24.38275238,25.38081838,24.38275238,24.8019401,8686877,216144854.77,2.112100
2023-10-16,24.83188208,25.19118584,23.77393212,24.0034873,6179370,150186141.7,1.502400
2023-10-17,24.0533906,24.2031005,23.61424156,23.9036807,3821014,91169279.8,0.929000
2023-10-18,23.8038741,23.8038741,23.23497648,23.28487978,4001383,93944728.13,0.972900
2023-10-19,23.1551312,23.42460902,22.93555668,22.98545998,3611301,83606374.61,0.878000
2023-10-20,22.82576942,23.0054213,22.52634962,22.6061949,2813731,64051093.84,0.684100
2023-10-23,22.456485,22.6061949,21.82770342,22.0073553,3618410,80241560.94,0.879800
2023-10-24,22.09718124,22.61617556,21.8077421,22.51636896,3444829,76987502.6,0.837600
2023-10-25,22.68604018,22.81578876,22.42654302,22.54631094,2959000,67062853.83,0.719400
2023-10-26,22.5063883,22.74592414,22.18700718,22.6560982,2389956,53888051.98,0.581100
2023-10-27,22.74592414,23.94360334,22.456485,23.82383542,5495950,129020679.01,1.336300
2023-10-30,23.74399014,24.49253964,23.5044543,24.36279106,5366443,130493304.67,1.304800
2023-10-31,23.454551,23.6042609,22.5063883,23.38468638,7554302,176430412.3,1.836700
2023-11-01,23.3547444,23.39466704,22.9056147,23.17509252,4561988,105723261.04,1.109200
2023-11-02,23.22499582,23.31482176,22.76588546,22.8058081,3434516,78955254.57,0.835100
2023-11-03,22.83575008,23.1052279,22.74592414,22.88565338,4002699,91912369.7,0.973200
2023-11-06,23.0553246,24.49253964,23.0054213,24.1531972,7593124,181886130.84,1.846200
2023-11-07,24.28294578,24.28294578,23.82383542,24.12325522,3913544,94302757.75,0.951500
2023-11-08,24.08333258,24.69215284,24.0034873,24.4027137,4389307,107254647.37,1.067200
2023-11-09,24.41269436,24.73207548,23.97354532,24.13323588,3958864,96268550.13,0.962600
2023-11-10,24.0533906,24.53246228,23.76395146,24.33284908,3621825,88100667.29,0.880600
2023-11-13,24.52248162,24.7021335,24.23304248,24.67219152,4005051,98530035.65,0.973800
2023-11-14,24.6023269,25.04147594,24.44263634,24.62228822,3913180,96618378.91,0.951400
2023-11-15,25.1512632,25.2011665,24.48255898,24.63226888,3336442,82669843.71,0.811200
2023-11-16,24.57238492,25.02151462,24.19311984,24.22306182,4781739,117450175.49,1.162600
2023-11-17,24.1531972,24.34282974,23.97354532,24.2530038,2674865,64795247.74,0.650400
2023-11-20,24.33284908,24.4027137,23.97354532,24.2031005,2856335,69278059.8,0.694500
2023-11-21,24.26298446,24.41269436,24.0034873,24.0034873,3294735,79903807.89,0.801100
2023-11-22,23.91366136,24.24302314,23.76395146,23.76395146,2737518,65784344.08,0.665600
2023-11-23,23.92364202,24.32286842,23.83381608,24.28294578,3419936,82740921.5,0.831500
2023-11-24,24.31288776,24.37277172,23.86375806,23.98352598,2770381,66815893.3,0.673600
2023-11-27,24.1531972,24.21308116,23.68410618,24.17315852,2515106,60493523.25,0.611500
2023-11-28,23.97354532,24.64224954,23.8537774,24.34282974,3744337,91213943.86,0.910400
2023-11-29,24.2530038,24.3029071,23.82383542,23.82383542,2731433,65765654.17,0.664100
2023-11-30,23.7539708,23.953584,23.64418354,23.8537774,2285776,54523010.05,0.555800
2023-12-01,23.8537774,24.0034873,23.43458968,23.68410618,2975475,70538150.89,0.723500
2023-12-04,23.63420288,23.67412552,23.04534394,23.1551312,3298213,76885151.05,0.801900
2023-12-05,23.1551312,23.36472506,22.8557114,22.91559536,2404458,55457463.43,0.584600
2023-12-06,22.955518,23.72402882,22.7559048,23.38468638,2968771,69210603.31,0.721800
2023-12-07,23.34476374,23.37470572,22.81578876,22.93555668,3200426,73776143.04,0.778100
2023-12-08,22.91559536,23.04534394,22.46646566,22.68604018,5911188,134389228.98,1.437200
2023-12-11,22.5063883,22.94553734,22.11714256,22.93555668,4187115,94119844.72,1.018100
2023-12-12,22.93555668,23.03536328,22.48642698,22.7060015,2747707,62494050.35,0.668100
2023-12-13,22.7060015,23.4046477,22.6560982,22.8557114,3169663,73032464.46,0.770700
2023-12-14,23.36472506,24.06337126,22.91559536,22.96549866,5071091,118956547.41,1.233000
2023-12-15,22.955518,23.14515054,22.43652368,22.57625292,3082164,70261451.76,0.749400
2023-12-18,22.4065817,22.6560982,22.07721992,22.1071619,2083136,46618154.85,0.506500
2023-12-19,22.24689114,22.2568718,21.97741332,22.1570652,1396275,30916700.47,0.339500
2023-12-20,22.1570652,22.3067751,21.62809022,21.68797418,2329901,51156008.01,0.566500
2023-12-21,21.66801286,21.83768408,21.27876712,21.74785814,2309298,49941968.9,0.561500
2023-12-22,21.63807088,21.73787748,21.1589992,21.21888316,2450182,52393116.24,0.595700
2023-12-25,21.17896052,21.458419,21.17896052,21.38855438,1070255,22874404.23,0.260200
2023-12-26,21.33865108,21.41849636,20.97934732,21.0591926,1809595,38432470.32,0.440000
2023-12-27,21.0591926,21.2588058,20.93942468,21.22886382,2057249,43498126.95,0.500200
2023-12-28,21.11907656,21.77780012,20.93942468,21.72789682,2869779,61915269.41,0.697800
2023-12-29,21.58816758,22.12712322,21.58816758,21.9075487,2871694,63015103.56,0.698200
2024-01-02,21.91752936,21.99737464,21.61810956,21.61810956,2213556,48131157.06,0.538200
2024-01-03,21.63807088,21.88758738,21.27876712,21.33865108,2179241,47058343.52,0.529900
2024-01-04,21.24882514,21.5582256,21.1589992,21.49834164,1653353,35384465.08,0.402000
2024-01-05,21.54824494,21.54824494,20.98932798,21.09911524,1888997,40239172.24,0.459300
2024-01-08,21.06917326,21.21888316,19.462287,19.6619002,7003582,140808009.83,1.702800
2024-01-09,19.73176482,20.15095254,19.62197756,19.96132,2780727,55348940.91,0.676100
2024-01-10,19.96132,20.1609332,19.54213228,19.82159076,1839852,36646785.67,0.447300
2024-01-11,20.00124264,20.47033366,19.90143604,20.37052706,2070286,41988127.97,0.503400
2024-01-12,20.2108365,20.5102563,20.10104924,20.1110299,1514506,30800226.24,0.368200
2024-01-15,20.1110299,20.2607398,19.83157142,20.00124264,1602323,32195998.52,0.389600
2024-01-16,20.00124264,20.17091386,19.60201624,19.95133934,1941682,38685336.73,0.472100
2024-01-17,19.8615134,19.99126198,19.44232568,19.44232568,1692815,33419521.87,0.411600
2024-01-18,19.3624804,19.4123837,18.464221,18.963254,5179636,97555780.7,1.259400
2024-01-19,18.92333136,19.08302192,18.5141243,18.52410496,2540778,47784569.87,0.617800
2024-01-22,18.6638342,18.6638342,16.94716068,17.19667718,5295071,93744527.97,1.287400
2024-01-23,17.07690926,17.5659616,16.90723804,17.44619368,3658211,63395238.03,0.889500
2024-01-24,17.49609698,17.9152847,16.84735408,17.7156715,2950271,51224280.6,0.717300
2024-01-25,17.67574886,18.15482054,17.3663484,18.09493658,3523803,63025321.01,0.856800
2024-01-26,17.93524602,18.12487856,17.466155,17.54600028,2470277,44033473.05,0.600600
2024-01-29,17.6158649,17.9152847,17.05694794,17.09687058,2223727,38748048.51,0.540700
2024-01-30,16.99706398,17.52603896,16.7176055,16.7176055,2643507,45280772.31,0.642700
2024-01-31,16.54793428,16.74754748,15.7694428,15.84928808,3912217,63477989.22,0.951200
2024-02-01,15.83930742,16.44812768,15.68959752,15.99899798,3516628,56542722.97,0.855000
2024-02-02,15.99899798,16.12874656,14.48193766,15.04085462,5419986,82861771.81,1.317800
2024-02-05,14.9210867,14.9210867,12.44588302,12.98483866,12212967,163631717.5,2.969500
2024-02-06,12.78522546,14.56178294,12.69539952,14.2723438,8108046,111070607.07,1.971400
2024-02-07,14.2723438,15.2205065,14.16255654,15.19056452,8234813,122865727.26,2.002200
2024-02-08,14.97099,16.69764418,14.97099,15.85926874,8556546,138169535.6,2.080400
2024-02-19,16.05888194,16.63776022,15.8692494,16.0688626,6170732,100321864.64,1.500300
2024-02-20,16.07884326,16.38824372,15.94909468,16.14870788,4710424,76336808.9,1.145300
2024-02-21,16.15868854,16.85733474,15.969056,16.30839844,5582443,91887345.75,1.357300
2024-02-22,16.2684758,16.69764418,16.2684758,16.65772154,4114706,68168944.52,1.000400
2024-02-23,16.58785692,16.8673154,16.33834042,16.8673154,3980096,66215069.07,0.967700
2024-02-26,16.94716068,17.3663484,16.70762484,17.04696728,5300341,90508569.62,1.288700
2024-02-27,16.967122,17.50607764,16.84735408,17.466155,4099636,70424100.01,0.996800
2024-02-28,17.6657682,17.98514932,16.42816636,16.42816636,7310649,126906811.33,1.777500
2024-02-29,16.2684758,17.13679322,16.2684758,17.10685124,5265104,88683610.14,1.280200
2024-03-01,17.14677388,17.3164451,16.80743144,17.25656114,4206648,72098751.77,1.022800
2024-03-04,17.2665418,17.58592292,17.0669286,17.466155,4844070,84274975.28,1.177800
2024-03-05,17.39629038,17.39629038,16.8174121,16.93718002,4513448,77376823.12,1.097400
2024-03-06,16.90723804,17.1667352,16.57787626,16.85733474,3635747,61323313.81,0.884000
2024-03-07,16.84735408,17.02700596,16.1686692,16.20859184,5648022,93726414.3,1.373300
2024-03-08,16.20859184,16.6677022,16.08882392,16.468089,9250831,150952355.49,2.249200
2024-03-11,16.6677022,16.7176055,16.32835976,16.67768286,6622018,109733502.64,1.610100
2024-03-12,16.72758616,17.08688992,16.70762484,17.03698662,4810136,81545724.03,1.169500
2024-03-13,17.0669286,17.22661916,16.67768286,17.0669286,4840038,82115972.66,1.176800
2024-03-14,18.15482054,18.33447242,16.9172187,17.27652246,10699438,187651832.88,2.601500
2024-03-15,17.1667352,17.6158649,17.14677388,17.52603896,5954960,103639841.09,1.447900
2024-03-18,17.5659616,17.88534272,17.29648378,17.84542008,5721335,101179625.3,1.391100
2024-03-19,18.0150913,18.1148979,17.7156715,17.72565216,3715111,66589216.41,0.903300
2024-03-20,17.74561348,18.10491724,17.6158649,17.87536206,3768157,67361445.32,0.916200
2024-03-21,17.94522668,17.965188,17.52603896,17.67574886,3330458,59121074.47,0.809800
2024-03-22,17.6657682,17.74561348,17.18669652,17.27652246,3637975,63223576.32,0.884500
2024-03-25,17.27652246,17.39629038,16.69764418,16.72758616,4457532,75672660.12,1.083800
2024-03-26,16.65772154,16.83737342,16.28843712,16.52797296,2777126,45956198.81,0.675200
2024-03-27,16.49803098,16.8174121,16.18863052,16.28843712,4470843,73740883.18,1.087000
2024-03-28,16.15868854,16.82739276,16.14870788,16.77748946,4204797,69900688.99,1.022400
2024-03-29,16.75752814,19.05307994,16.75752814,18.85346674,15075528,276537566.05,3.665500
2024-04-01,19.52217096,20.27072046,19.37246106,19.88147472,15452335,306050561.91,3.757100
2024-04-02,19.88147472,20.62004356,19.69184218,20.55017894,14234782,288047879.78,3.461000
2024-04-03,20.63002422,21.18894118,20.460353,20.88952138,10653958,222541861.8,2.590400
2024-04-08,21.03923128,21.59814824,20.91946336,20.91946336,11856121,252609569.81,2.882700
2024-04-09,20.83961808,20.91946336,20.0112233,20.64000488,8762725,179051181.33,2.130600
2024-04-10,20.48031432,21.3087091,20.3605464,20.97934732,7325826,152807164.26,1.781200
2024-04-11,21.01926996,21.58816758,20.66994686,20.73981148,6604796,139757327.27,1.605900
2024-04-12,20.71985016,21.18894118,20.57014026,20.74979214,4340171,90709402.0,1.055300
2024-04-15,20.74979214,20.74979214,19.48224832,19.79164878,6619170,132887870.83,1.609400
2024-04-16,19.73176482,19.95133934,18.92333136,19.02313796,5237023,101281287.77,1.273300
2024-04-17,19.25269314,20.1609332,18.97323466,19.84155208,4822612,95541714.47,1.172600
2024-04-18,19.72178416,20.93942468,19.65191954,20.4104497,8028719,164413192.23,1.952100
2024-04-19,20.54019828,20.86956006,20.34058508,20.60008224,4689108,96533720.41,1.140100
2024-04-22,20.58012092,21.1090959,20.48031432,20.63002422,3830782,79906823.54,0.931400
2024-04-23,20.64000488,20.99930864,20.18089452,20.6100629,4818753,99273442.68,1.171600
2024-04-24,20.68990818,21.13903788,20.29068178,21.0591926,4810128,99961649.14,1.169500
2024-04-25,21.11907656,22.42654302,21.04921194,21.97741332,8184474,180914416.54,1.990000
2024-04-26,21.94747134,22.2568718,21.79776144,22.1570652,4834757,106788670.59,1.175500
2024-04-29,22.2568718,22.33671708,21.6580322,21.74785814,5317772,117158974.31,1.293000
2024-04-30,21.64805154,22.12712322,21.62809022,21.86762606,3700439,81268733.38,0.899700
2024-05-06,22.28681378,23.2050345,22.0572586,23.0054213,7203489,163231902.99,1.751500
2024-05-07,23.1551312,23.56433826,22.92557602,23.5543576,4625762,107680042.28,1.124700
2024-05-08,23.5044543,24.01346796,23.13516988,23.32480242,4681158,110145668.78,1.138200
2024-05-09,23.43458968,24.7021335,23.28487978,24.3528104,7002862,169955797.17,1.702700
2024-05-10,24.4027137,24.61230756,23.6042609,23.7040675,3961671,94750089.55,0.963200
2024-05-13,23.7040675,23.94360334,23.3547444,23.4046477,4218701,99786940.79,1.025700
2024-05-14,23.1551312,23.82383542,23.08526658,23.69408684,3066324,72230294.63,0.745500
2024-05-15,23.8537774,23.91366136,23.44457034,23.454551,1753303,41573447.57,0.426300
2024-05-16,23.6042609,23.6042609,22.1071619,22.21694916,6488193,146973143.93,1.577500
2024-05-17,22.3566784,22.456485,21.9075487,22.3566784,3735283,82999901.02,0.908200
2024-05-20,22.36665906,22.9056147,22.26685246,22.44650434,4026584,91263813.38,0.979000
2024-05-21,22.38662038,22.41656236,21.92751002,22.14708454,2407136,53376856.52,0.585300
2024-05-22,22.2568718,22.3067751,21.78778078,21.957452,2119893,46749452.79,0.515400
2024-05-23,21.96743266,21.96743266,21.23884448,21.3586124,2878475,62106516.02,0.699900
2024-05-24,21.5083223,21.59814824,21.16897986,21.3087091,1778747,38138031.78,0.432500
2024-05-27,21.54824494,21.77780012,21.07915392,21.74785814,2118200,45497468.22,0.515000
2024-05-28,21.57818692,21.89756804,21.47838032,21.53826428,1934190,41929098.16,0.470300
2024-05-29,21.53826428,21.77780012,21.16897986,21.19892184,1772931,38067557.23,0.431100
2024-05-30,21.22886382,21.7079355,21.0092893,21.33865108,1398211,29931305.95,0.340000
2024-05-31,21.8576454,22.2568718,21.6580322,22.07721992,3235146,71433641.13,0.793300
2024-06-03,22.42654302,22.72596282,20.7597728,20.97934732,5269847,113498908.98,1.292300
2024-06-04,20.78971478,21.07915392,20.5601596,20.82963742,2916607,60760591.28,0.715200
2024-06-05,20.87954072,21.34863174,20.69988884,20.87954072,2074521,43774643.81,0.508700
2024-06-06,20.73981148,20.97934732,19.7617068,20.00124264,4874868,98474416.21,1.195400
2024-06-07,20.2607398,20.38050772,19.8615134,19.93137802,1781259,35877173.65,0.436800
2024-06-11,19.82159076,20.43041102,19.462287,20.34058508,3812586,76537589.98,0.934900
2024-06-12,20.17091386,20.89950204,20.17091386,20.2607398,2123863,43550388.9,0.520800
2024-06-13,20.37052706,20.5102563,20.02120396,20.3106431,1610071,32711080.98,0.394800
2024-06-14,20.29068178,20.29068178,19.6619002,19.87149406,2601567,51868854.94,0.638000
2024-06-17,19.7617068,20.03118462,19.62197756,19.79164878,2472678,49073558.7,0.606400
2024-06-18,19.67188086,20.0112233,19.67188086,19.9114167,1415163,28183051.22,0.347000
2024-06-19,19.85153274,20.0112233,19.63195822,19.75172614,1393739,27626838.55,0.341800
2024-06-20,19.74174548,20.19087518,19.53215162,19.53215162,2298401,45667175.42,0.563600
2024-06-21,19.4123837,19.82159076,19.34251908,19.58205492,1714087,33632666.27,0.420300
2024-06-24,19.44232568,19.60201624,18.3145111,18.3145111,5028845,94563050.23,1.233200
2024-06-25,18.52410496,18.52410496,17.79551678,17.88534272,3867472,70135826.76,0.948400
2024-06-26,17.92526536,18.85346674,17.57594226,18.84348608,4071497,74417295.58,0.998400
2024-06-27,18.84348608,18.89338938,17.78553612,17.85540074,3220370,58701257.98,0.789700
2024-06-28,17.72565216,18.35443374,17.44619368,17.5659616,3649788,65324017.97,0.895000
2024-07-01,17.5160583,17.6657682,16.74754748,17.00704464,6251839,106568496.38,1.533100
2024-07-02,17.0669286,17.23659982,16.65772154,16.84735408,3631904,61466772.93,0.890600
2024-07-03,16.84735408,16.967122,16.59783758,16.65772154,2153937,36165298.5,0.528200
2024-07-04,16.78747012,16.84735408,16.13872722,16.2185725,2744887,45071509.27,0.673100
2024-07-05,16.37826306,17.3164451,16.02893996,17.08688992,4226646,70958444.97,1.036500
2024-07-08,17.0170253,17.3164451,16.34832108,16.52797296,3945295,66018703.27,0.967500
2024-07-09,16.39822438,16.65772154,16.03892062,16.5678956,3480666,57049503.34,0.853500
2024-07-10,16.59783758,16.94716068,16.468089,16.63776022,2330092,39069119.43,0.571400
2024-07-11,16.92719936,17.45617434,16.84735408,17.22661916,3159239,54428059.18,0.774700
2024-07-12,17.42623236,17.67574886,17.28650312,17.50607764,2749298,48196554.56,0.674200
2024-07-15,17.50607764,17.52603896,16.90723804,17.07690926,2465254,42164764.64,0.604500
2024-07-16,17.07690926,17.2665418,16.90723804,17.1667352,1797796,30817677.72,0.440900
2024-07-17,17.2166385,17.54600028,17.09687058,17.35636774,2190309,37934803.45,0.537100
2024-07-18,17.22661916,17.43621302,16.90723804,17.2166385,2176710,37431202.96,0.533800
2024-07-19,17.04696728,17.50607764,16.967122,17.35636774,2006562,34690969.9,0.492100
2024-07-22,17.35636774,17.7655748,17.32642576,17.5160583,2035030,35778855.96,0.499000
2024-07-23,17.48611632,17.53601962,16.7675088,16.78747012,2099325,35903508.55,0.514800
2024-07-24,16.95714134,16.98708332,16.32835976,16.40820504,3262867,54084822.9,0.800100
2024-07-25,16.37826306,16.84735408,16.25849514,16.44812768,1968177,32592405.79,0.482600
2024-07-26,16.47806966,16.65772154,16.3682824,16.55791494,1492044,24684809.54,0.365900
2024-07-29,16.47806966,16.78747012,16.3183791,16.4181857,1783813,29427909.07,0.437400
2024-07-30,16.37826306,16.5678956,16.1686692,16.43814702,1913554,31397603.6,0.469200
2024-07-31,16.45810834,17.54600028,16.30839844,17.52603896,4393365,75499513.41,1.077300
2024-08-01,17.57594226,17.9152847,17.4162517,17.69571018,3333513,59044218.55,0.817400
2024-08-02,17.69571018,18.83350542,17.5659616,17.94522668,6639229,122157150.56,1.628100
2024-08-05,17.8653814,18.3644144,17.57594226,17.64580688,3622430,65127874.48,0.888300
2024-08-06,17.79551678,18.29454978,17.68572952,18.2646078,3267079,59035496.32,0.801200
2024-08-07,18.2646078,18.2646078,17.78553612,17.965188,2815183,50906552.31,0.690300
2024-08-08,18.0649946,18.27458846,17.79551678,17.95520734,2085149,37670351.0,0.511300
2024-08-09,17.89532338,18.1148979,17.55598094,17.5659616,2087617,37254903.02,0.511900
2024-08-12,17.47613566,18.14483988,17.39629038,17.80549744,2247140,40080691.57,0.551000
2024-08-13,17.83543942,17.84542008,17.466155,17.77555546,2070592,36540867.66,0.507800
2024-08-14,17.84542008,17.84542008,17.3663484,17.43621302,1409402,24724221.5,0.345600
2024-08-15,17.3663484,18.15482054,17.3663484,17.82545876,2820676,50391487.68,0.691700
2024-08-16,17.6657682,17.73563282,16.84735408,17.33640642,4469951,77459346.72,1.096100
2024-08-19,17.3663484,17.83543942,17.2166385,17.49609698,2891052,50967721.15,0.708900
2024-08-20,17.44619368,17.49609698,16.73756682,16.8673154,2662142,45442712.03,0.652800
2024-08-21,16.98708332,17.19667718,16.6677022,16.88727672,1557928,26503675.13,0.382000
2024-08-22,16.88727672,17.15675454,16.79745078,16.92719936,1544966,26224734.57,0.378900
2024-08-23,16.9172187,16.98708332,16.6677022,16.74754748,1349198,22695114.44,0.330900
2024-08-26,16.60781824,17.2166385,16.60781824,16.99706398,1587163,27037292.59,0.389200
2024-08-27,16.967122,17.1168319,16.77748946,16.8673154,1063331,18028149.03,0.260800
2024-08-28,16.88727672,17.19667718,16.60781824,17.04696728,1441587,24529763.33,0.353500
2024-08-29,16.97710266,17.38630972,16.93718002,17.33640642,2114986,36464442.09,0.518600
2024-08-30,17.2665418,17.97516866,17.1667352,17.72565216,2683751,47503221.61,0.658100
2024-09-02,17.7655748,17.88534272,16.87729606,16.87729606,2542823,44189953.73,0.623600
2024-09-03,16.95714134,17.2166385,16.5678956,16.5678956,2877363,48524262.81,0.705600
2024-09-04,16.5179923,16.73756682,16.32835976,16.4181857,1871200,31015455.53,0.458900
2024-09-05,16.54793428,16.88727672,16.44812768,16.75752814,1578943,26460372.61,0.387200
2024-09-06,16.75752814,16.90723804,15.98901732,16.04890128,2597176,42402370.93,0.636900
2024-09-09,16.18863052,16.50801164,16.0688626,16.13872722,2268629,36971890.44,0.556300
2024-09-10,16.07884326,16.3183791,15.5199263,15.84928808,2661820,42019067.35,0.652700
2024-09-11,15.6696362,16.25849514,15.6696362,16.12874656,2064856,33259534.3,0.506300
2024-09-12,16.18863052,16.6177989,16.08882392,16.1187659,1726160,28311607.2,0.423300
2024-09-13,16.18863052,16.28843712,15.75946214,15.78940412,1546546,24695317.78,0.379200
2024-09-18,15.75946214,15.84928808,15.33029376,15.4201197,1816667,28279493.27,0.445500
2024-09-19,15.53988762,16.18863052,15.45006168,15.82932676,2256068,35829015.34,0.553200
2024-09-20,15.87923006,15.95907534,15.1706032,15.25044848,2360647,36361328.61,0.578900
2024-09-23,15.3203131,15.55984894,15.1206999,15.23048716,1444367,22150572.18,0.354200
2024-09-24,15.33029376,16.19861118,15.33029376,16.12874656,3463846,54988350.94,0.849400
2024-09-25,16.33834042,16.52797296,15.87923006,15.9191527,3913939,63718060.38,0.959800
2024-09-26,15.84928808,16.65772154,15.7694428,16.65772154,4113178,66759757.53,1.008600
2024-09-27,16.98708332,17.92526536,16.967122,17.84542008,3579186,62525023.23,0.877700
2024-09-30,18.8634474,21.1589992,18.78360212,21.01926996,10991434,220307869.02,2.695300
2024-10-08,25.01153396,25.02151462,22.61617556,23.99350664,14512900,348783081.72,3.558900
2024-10-09,23.5543576,24.13323588,21.6580322,21.7578388,10986940,251717843.64,2.694200
2024-10-10,21.94747134,22.44650434,20.98932798,20.99930864,8217499,177464886.63,2.015100
2024-10-11,21.17896052,21.17896052,19.05307994,19.2626738,8483760,168416815.75,2.080400
2024-10-14,19.44232568,19.75172614,18.72371816,19.7118035,5727204,110838703.08,1.404400
2024-10-15,19.69184218,20.0112233,19.20278984,19.2127705,5412500,106368778.68,1.327300
2024-10-16,19.28263512,19.7118035,18.9133507,19.2626738,4192791,81081214.99,1.028200
2024-10-17,19.28263512,19.58205492,19.19280918,19.19280918,3604135,69949945.36,0.883800
2024-10-18,19.19280918,21.61810956,19.1628672,20.9094827,8512612,174035321.92,2.087500
2024-10-21,20.959386,22.66607886,20.83961808,22.22692982,9825643,214730912.37,2.409500
2024-10-22,22.28681378,22.49640764,21.7079355,22.28681378,5580561,123716044.69,1.368500
2024-10-23,22.28681378,22.53633028,21.96743266,22.3067751,4955318,110354002.81,1.215100
2024-10-24,22.4065817,23.7539708,22.1570652,23.24495714,9679634,223593358.83,2.373600
2024-10-25,23.38468638,24.28294578,23.27489912,23.9036807,7650227,182403905.47,1.876000
2024-10-28,23.8537774,24.2031005,23.36472506,23.93362268,5794045,138350977.71,1.420800
2024-10-29,23.9036807,24.12325522,23.1551312,23.1551312,6219801,146377665.53,1.525200
2024-10-30,22.955518,23.5543576,22.456485,22.7060015,5821526,133791456.35,1.427600
2024-10-31,23.2549378,23.61424156,22.7559048,22.955518,6866176,159451176.04,1.683700
2024-11-01,23.24495714,23.28487978,22.11714256,22.31675576,6184287,139447064.52,1.516500
2024-11-04,22.955518,23.46453166,22.66607886,23.0054213,5177821,119458997.47,1.269700
2024-11-05,23.02538262,23.91366136,22.69602084,23.81385476,5361435,126267044.25,1.314700
2024-11-06,23.83381608,24.14321654,23.22499582,23.49447364,6038440,143320723.98,1.480800
2024-11-07,23.33478308,23.89370004,23.17509252,23.81385476,4079762,96892564.6,1.000400
2024-11-08,24.0533906,24.3029071,23.46453166,23.6042609,5317107,127269539.97,1.303900
2024-11-11,23.5543576,24.73207548,23.27489912,24.58236558,8625281,208336698.12,2.115100
2024-11-12,24.7021335,25.93973534,24.4027137,24.88178538,11896083,300759298.33,2.917200
2024-11-13,24.67219152,25.18120518,24.0034873,24.38275238,6080050,148750430.34,1.491000
2024-11-14,24.38275238,24.71211416,23.7040675,23.77393212,4158480,100234520.69,1.019700
2024-11-15,23.5543576,24.0533906,22.48642698,22.58623358,7234091,167698607.72,1.773900
2024-11-18,22.8058081,22.8058081,21.7079355,21.88758738,4956958,110492872.71,1.215500
2024-11-19,22.02731662,22.456485,21.76781946,22.37663972,3718811,82466695.23,0.911900
2024-11-20,22.456485,23.13516988,22.28681378,22.92557602,4602097,105222127.11,1.128500
2024-11-21,22.68604018,23.72402882,22.43652368,23.12518922,6300951,145915956.0,1.545100
2024-11-22,22.97547932,23.11520856,20.9094827,20.97934732,11124211,242471914.91,2.727900
2024-11-25,20.98932798,21.2588058,20.66994686,21.0591926,4155704,87231086.49,1.019100
2024-11-26,21.01926996,21.62809022,20.83961808,20.91946336,3350457,71086592.43,0.821600
2024-11-27,20.86956006,21.48836098,20.27072046,21.48836098,4486322,93949698.42,1.100100
2024-11-28,21.5582256,21.67799352,21.11907656,21.14901854,3565437,76372304.21,0.874300
2024-11-29,21.28874778,21.7079355,20.78971478,21.24882514,5197221,110946773.22,1.274500
2024-12-02,21.29872844,21.54824494,21.0591926,21.24882514,6095389,130086695.6,1.494700
2024-12-03,21.2588058,21.3087091,20.24077848,20.64998554,7986699,164285184.62,1.958500
2024-12-04,20.66994686,20.7098695,20.05114594,20.19087518,5123446,104341225.15,1.256400
2024-12-05,20.32062376,20.64998554,20.08108792,20.5102563,3891693,79658028.21,0.954300
2024-12-06,20.6100629,21.1090959,20.24077848,20.99930864,4844145,100817437.28,1.187900
2024-12-09,20.50027564,21.23884448,20.07110726,20.60008224,6903860,143135744.04,1.693000
2024-12-10,21.1589992,21.59814824,20.87954072,20.93942468,5763257,122340602.76,1.413300
2024-12-11,21.2089025,21.36859306,20.9094827,20.94940534,3444575,72841794.78,0.844700
2024-12-12,20.9094827,21.19892184,20.8595794,21.1589992,3533483,74536313.98,0.866500
2024-12-13,21.12905722,21.12905722,20.30066244,20.30066244,4843145,99880407.13,1.187600
2024-12-16,20.23079782,20.44039168,19.8116101,19.94135868,3973403,79710024.81,0.974400
2024-12-17,19.9114167,20.00124264,19.5121903,19.74174548,3154102,62398028.48,0.773500
2024-12-18,19.74174548,19.93137802,19.6619002,19.73176482,2634831,52241404.61,0.646100
2024-12-19,19.58205492,19.97130066,19.3624804,19.93137802,3182044,62735280.6,0.780300
2024-12-20,19.93137802,20.1110299,19.75172614,19.8116101,3845279,76562276.8,0.942900
2024-12-23,20.14097188,20.1609332,19.24271248,19.34251908,3823878,75044858.82,0.937700
2024-12-24,19.33253842,19.59203558,19.19280918,19.52217096,2601521,50504256.09,0.637900
2024-12-25,19.6619002,19.68186152,19.09300258,19.3125771,2548093,49146379.45,0.624800
2024-12-26,19.29261578,19.5121903,19.08302192,19.14290588,1905673,36781385.85,0.467300
2024-12-27,19.12294456,19.50220964,18.963254,19.19280918,2310109,44687046.78,0.566500
2024-12-30,19.19280918,19.25269314,18.98321532,19.09300258,2152884,41269207.59,0.527900
2024-12-31,19.09300258,19.2127705,18.54406628,18.54406628,2681927,50540137.75,0.657700
2025-01-02,18.59396958,18.65385354,17.77555546,18.04503328,3636981,66283998.43,0.891900
2025-01-03,18.0649946,18.2646078,17.6657682,17.7655748,3315816,59839692.83,0.813100
2025-01-06,17.7655748,18.04503328,17.6657682,17.6657682,3509913,62743018.31,0.860700
2025-01-07,17.67574886,17.67574886,17.2166385,17.4162517,4233635,73918470.44,1.038200
2025-01-08,17.38630972,17.5160583,16.8174121,17.2166385,4098812,70385582.21,1.005100
2025-01-09,17.1667352,17.44619368,16.967122,17.19667718,2562729,44338000.92,0.628400
2025-01-10,17.1667352,17.50607764,16.69764418,16.69764418,3531754,60249637.02,0.866100
2025-01-13,16.69764418,17.4162517,16.48805032,17.23659982,5889891,101048439.19,1.444300
2025-01-14,17.27652246,17.7156715,17.13679322,17.67574886,4161957,72866186.53,1.020600
2025-01-15,17.64580688,17.6657682,17.22661916,17.50607764,3668078,63938109.56,0.899500
2025-01-16,17.5659616,17.93524602,17.1667352,17.30646444,3506426,61620643.15,0.859800
2025-01-17,17.24658048,17.70569084,17.1168319,17.5160583,2511292,43859096.02,0.615800
2025-01-20,17.53601962,17.93524602,17.43621302,17.49609698,3447269,60980087.46,0.845300
2025-01-21,17.6158649,17.6158649,16.967122,17.1667352,3752466,64737084.31,0.920200
2025-01-22,17.14677388,17.24658048,16.8174121,17.0170253,2599447,44229017.36,0.637400
2025-01-23,17.20665784,17.52603896,17.0669286,17.07690926,3351734,58189290.14,0.821900
2025-01-24,17.08688992,17.25656114,16.90723804,17.19667718,2971460,50878855.8,0.728700
2025-01-27,17.2166385,17.3663484,16.8673154,16.93718002,3113633,53246130.54,0.763500
2025-02-05,17.04696728,17.7156715,17.04696728,17.54600028,4326941,75698560.24,1.061100
2025-02-06,17.466155,18.2147045,17.29648378,18.1148979,4279276,76862252.15,1.049400
2025-02-07,18.10491724,18.70375684,17.97516866,18.3145111,4482710,82404740.37,1.099300
2025-02-10,18.35443374,18.68379552,18.1148979,18.42429836,4768593,88159443.45,1.169400
2025-02-11,18.42429836,18.42429836,17.84542008,18.14483988,3953863,71450299.08,0.969600
2025-02-12,18.09493658,18.23466582,17.94522668,18.14483988,2628337,47584547.96,0.644500
2025-02-13,18.05501394,18.1648012,17.85540074,17.90530404,2911623,52434836.88,0.714000
2025-02-14,17.9152847,18.53408562,17.85540074,18.3644144,4861749,89329729.52,1.192200
2025-02-17,18.69377618,18.87342806,18.1148979,18.20472384,6156795,113977800.68,1.509800
2025-02-18,18.2147045,18.30453044,17.58592292,17.73563282,4962529,89162697.73,1.216900
2025-02-19,17.73563282,18.18476252,17.59590358,17.98514932,3429259,61644327.87,0.840900
2025-02-20,17.99512998,18.29454978,17.88534272,18.03505262,3437516,62294428.45,0.842900
2025-02-21,18.07497526,18.963254,17.94522668,18.75366014,6643048,123442312.07,1.629000
2025-02-24,18.963254,18.963254,18.24464648,18.4143177,5726057,106023834.95,1.404100
2025-02-25,18.20472384,18.39435638,18.09493658,18.17478186,3516397,64388405.98,0.862300
2025-02-26,18.22468516,19.04309928,17.8653814,18.84348608,7885128,146381357.56,1.933600
2025-02-27,18.85346674,19.45230634,18.6638342,19.40240304,8372812,160600132.11,2.053200
2025-02-28,19.34251908,19.52217096,18.70375684,18.82352476,7110715,135792360.35,1.743700
2025-03-03,18.74367948,19.25269314,18.52410496,18.67381486,5906739,111681552.38,1.448500
2025-03-04,18.6139309,18.8135441,18.32449176,18.74367948,5284662,98575038.08,1.295900
2025-03-05,18.74367948,18.7636408,18.18476252,18.3644144,4607215,85056500.67,1.129800
2025-03-06,18.7137375,19.23273182,18.37439506,19.14290588,7286332,138427979.25,1.786800
2025-03-07,19.0630606,19.12294456,18.57400826,18.75366014,4907443,92803376.19,1.203400
2025-03-10,19.1628672,19.85153274,19.07304126,19.13292522,6561934,127312321.98,1.609100
2025-03-11,18.9133507,19.65191954,18.78360212,19.47226766,8059767,154968333.21,1.976400
2025-03-12,19.39242238,19.42236436,18.97323466,19.04309928,5795833,111009820.72,1.421300
2025-03-13,19.02313796,19.13292522,18.47420166,18.59396958,5668273,105928781.43,1.390000
2025-03-14,18.73369882,19.00317664,18.4143177,18.963254,4260430,80051132.82,1.044700
2025-03-17,19.00317664,19.19280918,18.73369882,18.99319598,3959136,75301504.63,0.970900
2025-03-18,19.03311862,19.35249974,18.85346674,19.04309928,3550325,68140798.69,0.870600
2025-03-19,18.99319598,19.1129639,18.7636408,18.83350542,2972341,56343866.73,0.728900
2025-03-20,18.8135441,18.90337004,18.54406628,18.65385354,3043924,57098388.97,0.746400
2025-03-21,18.5141243,18.70375684,18.07497526,18.20472384,3510230,64480108.81,0.860800
2025-03-24,18.30453044,18.38437572,17.5659616,17.93524602,4647344,83644598.84,1.139600
2025-03-25,17.8653814,18.02507196,17.6158649,17.8653814,3908386,69773825.95,0.958400
2025-03-26,17.84542008,18.12487856,17.77555546,17.87536206,2333578,41946725.6,0.572200
2025-03-27,17.8653814,18.88340872,17.57594226,18.7137375,7097979,130609206.26,1.740600
2025-03-28,18.7137375,19.13292522,18.47420166,18.48418232,4712100,88767124.34,1.155500
2025-03-31,18.28456912,18.464221,17.77555546,18.10491724,4709186,85358677.3,1.154800
2025-04-01,18.14483988,19.3125771,18.14483988,18.88340872,7440995,141116081.51,1.824700
2025-04-02,18.963254,19.28263512,18.78360212,18.8135441,4265265,81364420.3,1.045900
2025-04-03,18.68379552,19.30259644,18.54406628,18.68379552,4636958,87729454.3,1.137100
2025-04-07,17.48611632,18.13485922,14.99095132,15.18058386,11850534,195196094.35,2.906000
2025-04-08,15.3702164,16.468089,15.3702164,15.89919138,8206089,131399868.66,2.012300
2025-04-09,15.48998432,16.3682824,14.83126076,16.14870788,6990172,109144630.19,1.714100
2025-04-10,16.468089,16.84735408,16.32835976,16.43814702,4694722,77965477.35,1.151200
2025-04-11,16.52797296,17.03698662,16.37826306,16.79745078,5245096,88100837.38,1.286200
2025-04-14,17.1168319,17.25656114,16.78747012,16.8673154,3771907,64151603.98,0.924900
2025-04-15,16.967122,16.99706398,16.52797296,16.63776022,4540787,75824806.42,1.113500
2025-04-16,16.59783758,16.59783758,16.03892062,16.22855316,3877569,63123256.92,0.950900
2025-04-17,16.08882392,16.468089,16.03892062,16.12874656,3199202,52147359.28,0.784500
2025-04-18,16.07884326,16.30839844,15.969056,16.08882392,2131421,34370403.56,0.522700
2025-04-21,16.03892062,16.80743144,16.00897864,16.73756682,4143250,68721295.27,1.016000
2025-04-22,16.72758616,16.84735408,16.49803098,16.72758616,2530936,42333533.27,0.620600
2025-04-23,16.8673154,17.07690926,16.52797296,16.60781824,2685887,45096277.18,0.658600
2025-04-24,16.60781824,16.8673154,16.37826306,16.63776022,2665019,44367298.54,0.653500
2025-04-25,16.70762484,17.02700596,16.5179923,16.84735408,3893172,65351852.11,0.954700
2025-04-28,16.84735408,16.84735408,16.03892062,16.78747012,5587467,92229323.01,1.370200
2025-04-29,16.57787626,16.98708332,16.57787626,16.93718002,3125879,52801225.0,0.766500
2025-04-30,16.80743144,17.34638708,16.80743144,17.10685124,2761253,47482417.63,0.677100
2025-05-06,17.37632906,17.62584556,17.2166385,17.39629038,4444158,77572855.25,1.089800
2025-05-07,17.64580688,17.70569084,17.02700596,17.12681256,2981906,51750605.47,0.731200
2025-05-08,17.19667718,17.6657682,16.98708332,17.38630972,3864497,67534601.91,0.947700
2025-05-09,17.3663484,17.49609698,17.13679322,17.1667352,2147356,37125232.84,0.526600
2025-05-12,17.2665418,17.37632906,17.09687058,17.2166385,2905987,50153542.53,0.712600
2025-05-13,17.466155,17.64580688,17.25656114,17.38630972,2934691,51260395.68,0.719600
2025-05-14,17.3663484,17.54600028,17.20665784,17.32642576,2009652,34930749.97,0.492800
2025-05-15,17.32642576,17.4162517,17.09687058,17.24658048,2064205,35714665.85,0.506200
2025-05-16,17.17671586,17.72565216,17.1667352,17.42623236,3536948,61942350.66,0.867300
2025-05-19,17.47613566,17.47613566,17.07690926,17.24658048,2548978,44002751.51,0.625100
2025-05-20,17.35636774,17.73563282,17.3164451,17.52603896,3670820,64662974.54,0.900200
2025-05-21,17.7156715,18.2147045,17.466155,17.7156715,4146324,74403352.03,1.016800
2025-05-22,17.6158649,17.80549744,17.3663484,17.57594226,4031458,70925811.02,0.988600
2025-05-23,17.5160583,17.965188,17.466155,17.50607764,4628121,82278985.24,1.134900
2025-05-26,17.62584556,17.62584556,17.04696728,17.08688992,3883029,66966295.41,0.952200
2025-05-27,17.1667352,17.3164451,16.99706398,17.15675454,4273145,73512721.33,1.047900
2025-05-28,17.1667352,18.39435638,17.07690926,18.20472384,12342301,221511672.0,3.026600
2025-05-29,18.44425968,20.1609332,18.35443374,19.65191954,19431779,378615635.79,4.765100
2025-05-30,19.74174548,19.96132,19.39242238,19.7617068,13217399,260947555.4,3.241200
2025-06-03,19.8615134,22.93555668,19.85153274,22.3566784,29030110,638444751.49,7.118800
2025-06-04,22.16704586,22.7559048,21.57818692,22.53633028,19959674,445739132.9,4.894500
2025-06-05,22.53633028,23.41462836,21.957452,23.3048411,23128999,527988290.87,5.671700
2025-06-06,23.0054213,23.1052279,21.6580322,22.8557114,23343691,525625676.78,5.724300
2025-06-09,22.7559048,24.44263634,22.7559048,23.71404816,26185109,621123076.65,6.421100
2025-06-10,23.69408684,23.82383542,22.6560982,22.8058081,19004645,440311864.97,4.660300
2025-06-11,22.88565338,23.0553246,22.31675576,22.36665906,11665104,263635854.32,2.860500
2025-06-12,22.63613688,24.0533906,22.17702652,23.27489912,19046015,440431502.74,4.670500
2025-06-13,23.1551312,23.63420288,22.71598216,22.87567272,10683032,246633909.14,2.619700
2025-06-16,22.87567272,23.31482176,22.5063883,22.74592414,7098910,162528846.72,1.740800
2025-06-17,23.22499582,23.4046477,21.96743266,22.17702652,13962383,314099213.17,3.423900
2025-06-18,21.84766474,22.28681378,21.6081289,22.21694916,10008197,219857637.4,2.454200
2025-06-19,22.21694916,22.48642698,21.3087091,21.43845768,7648529,166705591.67,1.875600
2025-06-20,21.63807088,21.63807088,20.7597728,21.12905722,8627588,182705286.38,2.115700
2025-06-23,21.1589992,25.0514566,21.04921194,24.43265568,30198643,702851695.34,7.405300
2025-06-24,24.43265568,25.5504896,24.0533906,25.17122452,21368585,532937789.75,5.240000
2025-06-25,24.95165,25.43072168,24.6522302,24.82190142,12040055,300613497.31,2.952500
2025-06-26,24.61230756,24.61230756,23.27489912,23.99350664,14234837,341907544.06,3.490700
2025-06-27,23.94360334,24.1531972,23.56433826,23.7040675,6833163,162933876.55,1.675600
2025-06-30,23.7040675,23.93362268,23.36472506,23.73400948,9348338,221788843.12,2.292400
2025-07-01,23.953584,26.62840088,23.68410618,26.448749,26235911,665190503.47,6.433600
2025-07-02,27.83606074,29.53277294,27.7462348,28.27520978,37648506,1082662411.41,9.232200
2025-07-03,29.442947,31.05981392,28.93393334,30.76039412,33975250,1037111257.2,8.331400
2025-07-04,31.50894362,32.05787992,30.441013,30.940046,28405664,883305855.61,6.965600
2025-07-07,32.8363714,34.8824067,32.06786058,32.7365648,33742252,1120610648.64,8.274300
2025-07-08,32.41718368,34.70275482,31.10971722,31.3392724,30016831,981810545.88,7.360700
2025-07-09,30.96000732,32.2375318,30.65060686,31.2394658,19716843,618425460.6,4.835000
2025-07-10,32.3872417,34.20372182,31.46902098,32.60681622,32897296,1085961773.26,8.067100
2025-07-11,33.01602328,34.7326968,32.0379186,33.7346308,24388550,813912556.48,5.980600
2025-07-14,34.0340506,34.433277,32.96611998,33.91428268,21934544,740118507.92,5.378800
2025-07-15,33.42523034,36.12000854,32.936178,35.70082082,26164818,910785873.18,6.416100
2025-07-16,35.2317298,35.32155574,33.26553978,34.7326968,19005374,656318328.91,4.660500
2025-07-17,34.7326968,35.2816331,33.74461146,34.93231,24987585,866333525.03,6.127500
2025-07-18,36.91846134,36.91846134,33.46515298,35.8804727,32119803,1132282561.24,7.876400
2025-07-21,35.8804727,37.15799718,34.6328902,35.71080148,28129888,1004219842.3,6.898000
2025-07-22,34.99219396,37.56720424,34.60294822,36.39946702,27983826,1017807457.35,6.862200
2025-07-23,35.6309562,36.5292156,34.71273548,34.96225198,20663789,732787157.27,5.067200
2025-07-24,36.14995052,37.21788114,34.32348974,34.7326968,27938225,995765265.41,6.851000
2025-07-25,34.1837605,34.64287086,32.79644876,33.62484354,25108862,841460463.75,6.157200
2025-07-28,33.39528836,34.59296756,33.30546242,33.934244,15879884,539008755.23,3.894100
2025-07-29,34.27358644,39.7230268,32.94615866,38.29579242,40176118,1490465423.81,9.852000
2025-07-30,38.16604384,38.48542496,36.39946702,37.0781519,21320346,800314668.52,5.228200
2025-07-31,37.0282486,38.98445796,36.66894484,37.1779585,23486374,893005734.12,5.759300
2025-08-01,38.425541,39.14414852,36.7288288,37.3775717,19698919,744318341.41,4.830600
2025-08-04,36.80867408,37.56720424,35.25169112,36.25973778,19395985,698083454.75,4.756300
2025-08-05,36.25973778,37.4773783,36.06012458,36.86855804,13322849,490294307.18,3.267000
2025-08-06,36.53919626,37.75683678,35.64093686,36.3296024,16634934,609497441.1,4.079200
2025-08-07,36.31962174,37.09811322,35.2816331,35.7307628,13444285,486102506.61,3.296800
2025-08-08,35.4812463,35.87049204,34.7326968,34.7326968,14218283,499421822.09,3.486600
2025-08-11,34.6328902,37.1280552,34.59296756,36.51923494,14758400,529207660.31,3.619100
2025-08-12,36.2297958,36.928442,34.93231,35.930376,12077034,431147899.24,2.961500
2025-08-13,36.10004722,42.3179984,35.81060808,41.10035788,36911018,1441927749.23,9.051300
2025-08-14,41.918772,42.8669347,40.80093808,40.86082204,21624518,897514391.31,5.302800
2025-08-15,41.10035788,43.914904,40.0224466,42.88689602,23049299,974069371.57,5.652200
2025-08-18,43.90492334,44.90298934,40.20209848,40.98058996,44577840,1874809232.53,10.931400
2025-08-19,40.0224466,41.7191588,38.924574,38.98445796,32261266,1295679618.21,7.911100
2025-08-20,38.74492212,39.18407116,37.63706886,38.46546364,19355298,741239632.01,4.746300
2025-08-21,38.6251542,38.89463202,37.38755236,37.75683678,15072773,574272244.57,3.696200
2025-08-22,37.8267014,38.48542496,37.427475,38.425541,14673887,558363881.34,3.598300
2025-08-25,38.50538628,39.30383908,37.8766047,38.41556034,19779693,763291047.6,4.850400
2025-08-26,38.94453532,39.61323954,37.48735896,37.49733962,20629823,796972871.69,5.058900
2025-08-27,37.85664338,38.29579242,35.6309562,35.65091752,24313649,896515982.86,5.962200
2025-08-28,36.0301826,36.2297958,34.10391522,35.79064676,19947567,702194894.91,4.891500
2025-08-29,35.6808595,37.26778444,35.2317298,36.4793123,17576586,637432353.17,4.310100
2025-09-01,36.429409,39.26391644,36.19985382,38.88465136,29008711,1107852005.49,7.113500
2025-09-02,38.8247674,39.1241872,37.36759104,37.83668206,16285558,622830741.13,3.993600
2025-09-03,38.425541,38.61517354,36.8785387,37.01826794,12276528,462003800.28,3.010500
2025-09-04,37.01826794,37.18793916,34.24364446,34.92232934,15915818,570776454.84,3.902900
2025-09-05,35.0820199,37.03822926,34.93231,36.88851936,16625502,601612064.26,4.076900
2025-09-08,37.0282486,37.427475,35.7806661,36.5292156,13793452,505579257.18,3.382400
2025-09-09,36.60906088,37.2777651,34.26360578,34.56302558,15565482,555578907.75,3.817000
2025-09-10,34.31350908,35.80062742,33.31544308,33.42523034,19044604,655537505.84,4.670100
2025-09-11,30.940046,33.49509496,30.22143848,33.39528836,21609416,696132445.04,5.299100
2025-09-12,33.2855011,34.06399258,32.91621668,33.6847275,12400202,415851064.29,3.040800
2025-09-15,33.8843407,34.50314162,33.5849209,33.6847275,10390385,353621610.26,2.547900
2025-09-16,33.6847275,33.77455344,33.0359846,33.3853077,7804436,261207471.11,1.913800
2025-09-17,33.3354044,33.60488222,32.7365648,32.81641008,10785658,357541507.18,2.644900
2025-09-18,33.16573318,34.20372182,32.24751246,32.7365648,14952877,498413232.58,3.666700
2025-09-19,32.74654546,33.3354044,31.85826672,31.938112,9521697,309053549.06,2.334900
2025-09-22,31.938112,33.21563648,31.938112,32.5868549,8486373,277712886.1,2.081000
2025-09-23,32.76650678,33.1856945,31.32929174,32.12774454,9879225,317972330.68,2.422600
2025-09-24,31.97803464,33.42523034,31.96805398,33.09586856,9388435,308428703.64,2.302200
2025-09-25,33.10584922,33.59490156,32.35729972,32.4870483,11575732,383060080.25,2.838600
2025-09-26,31.7384988,31.7384988,30.60070356,30.60070356,18064178,560706253.78,4.429700
2025-09-29,30.60070356,31.0398526,30.31126442,30.81029742,10970228,337712466.25,2.690100
2025-09-30,30.82027808,32.27745444,30.7404328,32.01795728,10280486,326652252.39,2.521000
2025-10-09,32.02793794,32.40720302,31.4889823,31.7384988,9874315,315292907.58,2.421300
2025-10-10,31.50894362,31.8882087,30.75041346,30.88016204,8665595,271048409.62,2.124900
2025-10-13,29.94198,31.2893691,29.77230878,30.70051016,8525303,261395955.01,2.090500
2025-10-14,30.6905295,31.0897559,29.5427536,29.5427536,9710971,294101698.92,2.381300
2025-10-15,29.7423668,30.6905295,29.46290832,30.3911097,10427523,315968774.4,2.557000
2025-10-16,30.06174792,31.01989128,29.83219274,30.01184462,8481147,257980456.84,2.079700
2025-10-17,30.30128376,30.86020072,29.72240548,29.78228944,10801949,328213224.67,2.648800
2025-10-20,29.94198,30.5907229,29.38306304,29.55273426,7919911,236692710.87,1.942100
2025-10-21,29.58267624,30.0916899,29.36310172,29.8920767,5974397,178340698.9,1.465000
2025-10-22,29.92201868,30.41107102,29.32317908,29.46290832,7203938,214434566.9,1.766500
2025-10-23,29.5427536,29.71242482,28.26522912,28.67443618,9376157,269465904.95,2.299200
2025-10-24,28.8441074,29.20341116,28.60457156,28.90399136,7192203,207857035.8,1.763600
2025-10-27,29.03373994,29.90205736,29.03373994,29.22337248,9936607,293586283.83,2.436600
2025-10-28,29.18344984,29.27327578,28.444881,28.67443618,6980878,201971959.72,1.711800
2025-10-29,28.71435882,29.08364324,28.43490034,29.06368192,6109446,176205713.41,1.498100
2025-10-30,28.91397202,29.05370126,28.00573196,28.4947843,9377441,267639692.72,2.299500
2025-10-31,28.8441074,31.938112,28.77424278,30.81029742,29494149,909244368.02,7.232400
2025-11-03,31.06979458,31.6885955,30.3412064,31.1895625,22054430,683953672.91,5.408000
2025-11-04,30.940046,31.35923372,29.83219274,30.6406262,21069059,645465959.63,5.166400
2025-11-05,30.42105168,31.39915636,30.15157386,30.43103234,15978068,490872583.18,3.918000
2025-11-06,30.940046,31.21950448,29.85215406,30.43103234,12475745,379656804.13,3.059200
2025-11-07,30.78035544,31.29934976,30.10167056,30.35118706,15550826,478419474.0,3.813300
2025-11-10,30.441013,30.6406262,29.75234746,30.07172858,10809940,325241014.56,2.650700
2025-11-11,30.05176726,30.2413998,29.51281162,29.85215406,8240564,245938260.38,2.020700
2025-11-12,29.88209604,30.15157386,29.1934305,29.20341116,9893611,293785478.65,2.426000
2025-11-13,29.15350786,30.50089696,29.10360456,30.0916899,13086389,392494089.01,3.209000
2025-11-14,29.76232812,30.7404328,29.55273426,29.78228944,10498784,316372111.92,2.574400
2025-11-17,29.77230878,29.82221208,28.82414608,29.00379796,8566260,248950569.59,2.100600
2025-11-18,28.943914,29.13354654,28.12549988,28.37501638,9171065,261687609.56,2.248900
2025-11-19,28.35505506,28.57462958,27.66638952,27.8460414,8103448,227118322.53,1.987100
2025-11-20,27.7961381,28.07559658,27.00766596,27.4967183,9702312,267279554.63,2.379100
2025-11-21,27.3470084,27.7961381,26.65834286,26.72820748,7774008,210524626.66,1.906300
2025-11-24,26.76813012,27.33702774,26.5485556,27.13741454,7820414,210621976.1,1.917700
2025-11-25,27.1473952,27.85602206,27.1473952,27.3470084,7469890,206384098.47,1.831700
2025-11-26,27.20727916,28.62453288,27.20727916,27.75621546,9706930,273004567.77,2.380300
2025-11-27,27.7462348,28.12549988,27.3470084,27.76619612,5982284,166884691.68,1.466900
2025-11-28,27.93586734,28.08557724,27.446815,28.03567394,4637555,129128627.94,1.137200
2025-12-01,27.90592536,28.16542252,27.67637018,27.8959447,7202766,201102888.72,1.766200
2025-12-02,27.77617678,27.93586734,27.50669896,27.62646688,4952954,137143251.17,1.214500
2025-12-03,27.76619612,27.81609942,26.72820748,26.86793672,7541659,204511699.93,1.849300
2025-12-04,26.92782068,27.5965249,26.76813012,27.25718246,5723058,156421287.99,1.403400
2025-12-05,27.2472018,27.62646688,26.83799474,27.5965249,5184677,141239048.7,1.271400
2025-12-08,27.83606074,28.50476496,27.83606074,28.25524846,7873859,222955584.05,1.930800
2025-12-09,28.15544186,28.63451354,28.00573196,28.21532582,5686183,161649364.73,1.394300
2025-12-10,28.1953645,28.2452678,27.66638952,28.03567394,4241434,118950287.9,1.040100
2025-12-11,28.1454612,28.75428146,27.8959447,28.25524846,8360790,237605648.65,2.050200
2025-12-12,28.30515176,28.48480364,27.95582866,28.28519044,6148583,173799894.81,1.507700
2025-12-15,28.10553856,28.444881,27.6464282,27.76619612,5312819,148477946.64,1.302800
2025-12-16,27.6464282,27.76619612,26.947782,27.16735652,5073615,138317659.01,1.244100
2025-12-17,27.1473952,27.8959447,27.01764662,27.73625414,4510458,123762312.38,1.106000
2025-12-18,27.65640886,28.1454612,27.57656358,27.78615744,4144725,115687098.45,1.016300
2025-12-19,27.75621546,28.81416542,27.71629282,28.12549988,7593881,215455735.44,1.862100
2025-12-22,28.15544186,28.80418476,27.8460414,28.40495836,7661053,218157469.3,1.878600
2025-12-23,28.43490034,29.0437206,28.32511308,28.50476496,7843992,225831132.56,1.923500
2025-12-24,28.4947843,28.81416542,28.33509374,28.66445552,4782951,137040924.96,1.172800
2025-12-25,28.86406872,29.1435272,28.50476496,29.01377862,5725985,165674963.19,1.404100
2025-12-26,29.01377862,29.21339182,28.7942041,28.95389466,5406975,157193430.35,1.325900
2025-12-29,28.86406872,29.22337248,28.72433948,28.75428146,5447069,157924386.34,1.335700
2025-12-30,28.8441074,29.40302436,28.6943975,28.97385598,6669779,194192677.67,1.635500
2025-12-31,28.93393334,29.442947,28.8940107,29.16348852,7137172,208669643.46,1.750100
2026-01-05,29.2433338,32.06786058,29.0936239,31.95807332,21359354,664449136.4,5.237600
2026-01-06,31.64867286,31.938112,30.8901427,31.11969788,13302884,417657543.84,3.262000
2026-01-07,31.0897559,32.5369516,30.99992996,31.8882087,15163923,485881334.64,3.718400
2026-01-08,32.17764784,32.91621668,31.8383054,31.91815068,11638269,375965468.43,2.853900
2026-01-09,32.22755114,34.41331568,32.22755114,34.2336638,19609920,654953257.74,4.808600
2026-01-12,33.934244,34.34345106,33.0858879,34.14383786,18763275,635007689.78,4.601000
2026-01-13,34.22368314,35.59103356,33.79451476,34.00410862,24981399,868440338.79,6.125800
2026-01-14,33.76457278,36.14995052,33.66476618,34.6328902,23431041,820298461.76,5.745600
2026-01-15,34.24364446,36.39946702,34.14383786,35.1818265,18593617,660947685.92,4.559400
2026-01-16,35.1818265,35.97029864,34.2336638,35.17184584,15826620,553030838.59,3.880900
2026-01-19,35.17184584,35.2816331,33.85439872,34.0340506,13326942,456934732.44,3.267900
2026-01-20,34.1837605,34.84248406,33.57494024,34.05401192,13624701,465223684.58,3.341000
2026-01-21,33.8843407,35.86051138,33.6348242,34.62290954,14566178,506893674.88,3.571800
2026-01-22,34.64287086,34.90236802,33.99412796,34.1338572,8746016,300443589.21,2.144600
2026-01-23,34.1338572,34.8824067,34.05401192,34.72271614,9252809,320613979.17,2.268900
2026-01-26,34.74267746,35.22174914,33.94422466,34.32348974,14245097,491801775.82,3.493100
2026-01-27,34.0340506,34.2336638,32.65671952,33.5350176,16426535,547203259.56,4.028000
2026-01-28,33.5350176,33.8843407,33.15575252,33.30546242,8367485,279885236.91,2.051800
2026-01-29,33.1856945,33.70468882,32.44712566,32.6367582,9788929,323321682.72,2.400400
2026-01-30,32.6367582,33.12581054,31.55884692,31.94809266,9638638,309517041.04,2.363500
2026-02-02,31.75846012,32.3373384,30.3412064,30.51087762,14588551,452891932.03,3.577300
2026-02-03,30.55080026,31.17958184,30.27134178,31.0897559,9521358,292924528.58,2.334800
2026-02-04,31.07977524,31.8383054,30.96998798,31.3891757,8444707,264769232.08,2.070800
2026-02-05,31.51892428,31.52890494,30.81029742,31.04983326,6696673,208663023.42,1.642100
2026-02-06,30.9899493,31.3392724,30.6905295,30.96000732,7021050,218684751.7,1.721700
2026-02-09,31.27938844,31.46902098,30.92008468,31.29934976,6004385,187948012.04,1.472400
2026-02-10,31.439079,32.40720302,31.24944646,31.69857616,9533967,303582815.88,2.337900
2026-02-11,31.5388856,31.81834408,31.04983326,31.14963986,6530807,205162223.1,1.601400
2026-02-12,31.24944646,32.05787992,31.11969788,31.7384988,7493130,238002282.13,1.837400
2026-02-13,31.6885955,32.2874351,31.6386922,31.76844078,7829192,250309034.43,1.919800
2026-02-24,31.86824738,32.0878219,30.96000732,31.30933042,7636434,239662443.77,1.872600
2026-02-25,31.22948514,31.9880153,31.1396592,31.79838276,6089064,193006983.54,1.493100
2026-02-26,32.07784124,33.21563648,31.94809266,32.06786058,9561196,310349727.88,2.344500
2026-02-27,32.21757048,32.69664216,31.7384988,32.5369516,11169854,360581929.57,2.739000
2026-03-02,31.938112,33.1856945,31.8383054,31.938112,11523557,374632900.18,2.825700
2026-03-03,32.1377252,32.21757048,29.65254086,29.7423668,16833010,510845261.56,4.127700
2026-03-04,29.3431404,29.93199934,28.95389466,29.21339182,9088531,267655264.27,2.228600
2026-03-05,29.6425602,30.30128376,28.98383664,29.68248284,8423933,250142167.83,2.065700
2026-03-06,29.65254086,30.72047148,29.4928503,30.3911097,8692142,264199852.87,2.131400
2026-03-09,29.94198,30.3911097,29.0936239,30.0916899,8371708,248930882.13,2.052900
2026-03-10,30.3911097,31.5388856,30.3911097,31.42909834,10549922,330572972.05,2.587000
2026-03-11,32.06786058,32.25749312,31.01989128,31.10971722,9950602,314334887.76,2.440000
2026-03-12,31.10971722,31.51892428,30.2413998,30.73045214,8060209,249292536.72,1.976500
2026-03-13,30.78035544,30.95002666,30.03180594,30.3412064,6640307,202745353.36,1.628300
2026-03-16,30.18151584,30.88016204,30.12163188,30.86020072,5737061,175314687.29,1.406800
2026-03-17,30.5408196,31.36921438,30.2413998,30.35118706,6622536,204239933.84,1.623900
2026-03-18,30.25138046,30.9899493,30.17153518,30.8402394,5917425,181796872.22,1.451000
2026-03-19,30.36116772,30.940046,29.97192198,30.13161254,6666957,202502629.38,1.634800
2026-03-20,29.96194132,30.52085828,29.2433338,29.2433338,7021844,209460413.71,1.721900
2026-03-23,28.86406872,29.40302436,27.77617678,27.97578998,9898487,282779964.83,2.427200
2026-03-24,28.85408806,29.52279228,28.30515176,29.40302436,10383683,301420659.13,2.546200
2026-03-25,29.60263756,29.82221208,29.15350786,29.27327578,6648563,196277813.02,1.630300
2026-03-26,29.32317908,29.62259888,28.444881,28.62453288,5165787,149745420.79,1.266700
2026-03-27,28.3949777,30.27134178,28.2452678,29.94198,10969852,325631471.16,2.690000
2026-03-30,29.78228944,29.94198,29.28325644,29.46290832,7904536,234030510.97,1.938300
2026-03-31,29.27327578,29.6924635,28.4947843,28.51474562,9305809,270083227.29,2.281900
2026-04-01,28.943914,30.80031676,28.5446876,30.73045214,18082288,545218342.39,4.434000
2026-04-02,30.73045214,31.31931108,30.4909163,30.90012336,14487516,448449340.03,3.552500
2026-04-03,30.51087762,30.65060686,29.78228944,29.96194132,9940537,300208705.76,2.437600
2026-04-07,29.95196066,30.65060686,29.36310172,29.86213472,8899192,268296791.36,2.182200
2026-04-08,30.60070356,31.20952382,30.48093564,31.09973656,11507034,355563233.99,2.821700
2026-04-09,30.80031676,31.36921438,30.17153518,30.2913031,9621443,295726605.79,2.359300
2026-04-10,30.36116772,31.01989128,30.15157386,30.3911097,8062128,246781288.46,1.976900
2026-04-13,30.00186396,30.67056818,29.81223142,30.05176726,7722940,233750898.66,1.893800
2026-04-14,30.4909163,30.940046,30.17153518,30.82027808,9295681,285422955.39,2.279400
2026-04-15,31.54886626,31.8383054,30.6905295,31.05981392,13303674,415092587.71,3.262200
2026-04-16,31.04983326,31.90817002,30.85022006,31.56882758,11208303,353896179.53,2.748400
2026-04-17,31.29934976,31.71853748,30.57076158,30.8402394,10855375,337322400.54,2.661900
2026-04-20,30.7903361,31.16960118,30.36116772,30.52085828,8647337,265118795.05,2.120400
2026-04-21,30.4909163,30.68054884,29.77230878,30.07172858,8036175,242161887.95,1.970600
2026-04-22,29.87211538,31.02987194,29.7423668,30.96000732,10496665,321123910.52,2.573900
2026-04-23,30.86020072,31.00991062,30.01184462,30.21145782,7974011,242695191.24,1.955300
2026-04-24,30.0916899,30.3911097,29.62259888,29.75234746,7211042,215921537.01,1.768200
2026-04-27,30.60070356,30.60070356,29.55273426,29.85215406,9079065,273110891.74,2.226300
2026-04-28,29.97192198,30.32124508,29.23335314,29.47288898,8201929,244443765.76,2.011200
2026-04-29,29.50283096,30.0916899,29.0936239,29.67250218,7000047,207600873.35,1.716500
2026-04-30,30.441013,31.80836342,30.441013,31.25942712,21484967,672407268.75,5.268400
2026-05-06,31.11969788,32.56689358,31.0398526,32.1377252,16512183,529055632.95,4.049000
2026-05-07,32.2375318,32.41718368,31.71853748,31.9880153,9252006,296197272.75,2.268700
2026-05-08,32.1377252,32.3373384,31.21950448,31.2394658,10374619,327381687.54,2.544000
2026-05-11,30.8402394,31.37919504,29.68248284,31.3392724,22934688,700002567.1,5.623900
2026-05-12,31.19954316,31.72851814,30.65060686,31.16960118,11727064,365690601.22,2.875600
2026-05-13,31.1396592,31.16960118,30.06174792,30.96998798,11489481,352683161.73,2.817400
2026-05-14,30.96,31.9,30.05,30.9,20344885,626327093.31,4.988800
2026-05-15,30.91,31.35,30.01,30.2,14430748,441332948.64,3.538600
2026-05-18,29.5,29.68,28.12,29.03,16533592,479104750.14,4.054300
