symbol,name,j_low,pct_calm,amplitude,trend_gap,dif,vol_shrink,yangyin,surge,ql_pos,bowl,washout_recover,ma_bull,weekly_cross,ml_score,sig_b1,sig_volume_b1,sig_zhixing,sig_needle,close,pct_change,yellow_line,above_yellow,float_mv_yi,sector,concepts,sector_score
000001,,0.0,1.0,0.8734,0.504,0.9411,0.5768,0.2148,0.0,0.7074,0.0,0.0,1.0,0.0,0.3889,False,False,False,False,10.94,-1.08,10.72,True,2122.9,金融行业,融资融券/外资背景/本月解禁,38.4
000002,,0.7137,1.0,0.8509,0.0,0.0,0.6368,0.1604,0.3,0.0,0.0,0.0,0.0,0.0,0.4567,False,False,False,False,3.07,-1.92,3.66,False,298.3,房地产,含H股/融资融券/前海概念,29.6
000004,,0.0,1.0,1.0,0.0,0.0,0.0,0.0,0.0,0.0,0.0,0.0,0.0,0.0,0.2707,False,False,False,False,2.76,0.0,3.73,False,3.5,生物制药,深圳本地,24.5
000006,,0.1704,1.0,0.6362,0.1315,0.0,0.6089,0.1463,0.6,0.0,0.0,0.0,0.0,0.7,0.4789,False,False,False,False,7.93,0.63,9.04,False,107.1,房地产,前海概念/深圳本地,29.6
000007,,0.0,1.0,0.7965,0.403,1.0,0.8139,0.2183,0.3,1.0,0.0,0.0,1.0,0.0,0.2896,False,False,False,False,14.34,1.77,13.01,True,49.7,酒店旅游,稀缺资源/涉矿概念/业绩预降,27.5
000008,,0.0,1.0,0.8177,0.0763,0.0,0.7996,0.1811,0.3,0.1753,0.0,0.0,0.0,0.0,0.3983,False,False,False,False,2.54,-0.78,2.68,False,69.0,综合行业,业绩预升/深圳本地,20.3
000009,,0.0,1.0,0.7322,0.0,0.0,0.2317,0.1618,0.3,0.0,0.0,0.0,0.0,0.0,0.3799,False,False,False,False,7.08,1.58,7.96,False,182.4,房地产,三板精选/军民融合/低碳经济,29.6
000010,,0.8534,1.0,0.5912,0.0,0.0,0.0,0.3889,0.0,0.0,0.0,0.0,0.5,0.0,0.5658,False,False,False,False,2.1,-0.94,2.76,False,18.3,建筑建材,金融参股/深圳本地/股期概念,23.8
000011,,0.0,1.0,0.781,0.0,0.0,0.6738,0.3667,0.6,0.1529,0.0,0.0,0.5,0.0,0.3311,False,False,False,False,7.45,-2.1,7.81,False,39.2,房地产,含B股/前海概念/业绩预升,29.6
000012,,0.0,0.0,0.2376,0.3464,0.7368,0.6244,0.5899,0.6,0.8777,0.0,0.0,0.5,0.0,0.5558,False,False,False,False,4.52,9.98,4.27,True,88.6,玻璃行业,光伏/光伏概念/低碳经济,82.0
000014,,0.4887,1.0,0.8251,0.0,0.0,0.7589,0.1118,0.0,0.0,0.0,0.0,0.0,0.0,0.4278,False,False,False,False,10.1,-1.85,11.82,False,24.4,房地产,前海概念/深圳本地,29.6
000016,,0.4668,1.0,0.697,0.0,0.0,0.0,0.4672,0.0,0.0,0.0,0.0,0.0,1.0,0.4395,False,False,False,False,2.9,1.4,3.33,False,46.3,家电行业,含B股/前海概念/业绩预升,31.7
000017,,0.0,1.0,0.5761,0.0,0.0,0.169,0.1739,0.0,0.0,0.0,0.0,0.0,0.0,0.5466,False,False,False,False,5.27,1.54,5.97,False,23.2,,含B股/深圳本地,
000019,,0.0,1.0,0.856,0.0,0.0,0.869,0.1157,0.0,0.0,0.0,0.0,0.5,0.0,0.4811,False,False,False,False,6.36,-1.85,6.92,False,26.5,食品行业,含B股/深圳本地,28.5
000020,,0.0,1.0,0.6206,0.0,0.0,0.6746,0.2096,0.3,0.0,0.0,0.0,0.0,0.0,0.5078,False,False,False,False,12.2,2.09,13.59,False,22.1,电子器件,含B股/前海概念/业绩预降,74.0
000021,,0.0,0.9511,0.7298,1.0,1.0,0.4662,0.5531,0.3,1.0,0.0,1.0,0.5,1.0,0.2886,False,False,False,False,40.77,3.29,35.09,True,641.7,电子信息,华为概念/智能电网/融资融券,26.5
000025,,0.0,1.0,0.7007,0.1293,0.4624,0.0,0.2793,0.6,0.5512,0.0,0.0,1.0,0.0,0.3229,False,False,False,False,15.78,1.22,15.71,True,62.0,汽车制造,含B股/前海概念/深圳本地,25.0
000026,,0.5248,1.0,0.7838,1.0,0.968,0.8789,0.4694,0.0,0.9522,1.0,1.0,0.0,0.7,0.2765,False,False,False,False,20.76,0.48,19.96,True,75.7,商业百货,国防军工/军工航天/含B股,26.7
000027,,0.1437,1.0,0.5976,0.6969,0.5032,0.4723,0.596,0.0,0.6367,1.0,0.0,0.0,1.0,0.3372,False,False,False,False,7.33,0.55,7.32,True,348.7,电力行业,碳中和/光伏/碳交易,65.3
000028,,0.0,1.0,0.886,0.1011,0.0,0.8299,0.1135,0.0,0.0905,0.0,0.0,0.0,0.0,0.3315,False,False,False,False,22.51,-1.32,23.99,False,107.6,商业百货,仿制药/含B股/抗癌,26.7
000029,,0.0,0.0,0.3044,0.927,1.0,0.5113,0.2827,0.6,1.0,0.0,1.0,0.5,1.0,0.4921,False,False,True,False,27.62,10.0,23.74,True,246.3,房地产,含B股/业绩预降/深圳本地,29.6
000030,,0.5491,1.0,0.7108,0.0,0.0,0.636,0.1413,0.3,0.0,0.0,0.0,0.0,0.0,0.4555,False,False,False,False,4.38,0.0,4.82,False,73.2,汽车制造,含B股/汽车电子/深圳本地,25.0
000031,,0.8769,1.0,0.7541,0.0,0.0,0.4752,0.1938,0.3,0.0,0.0,0.0,0.0,0.0,0.5179,False,False,False,False,2.39,-2.05,2.78,False,102.4,房地产,前海概念/业绩预升/整体上市,29.6
000032,,0.0,0.0,0.3913,0.0699,1.0,0.0,0.8068,0.9,1.0,0.0,0.0,0.5,0.0,0.4553,False,False,False,False,22.89,10.0,18.09,True,260.5,电子信息,碳中和/电子支付/前海概念,26.5
000034,,0.0,0.0,0.2463,0.0,0.0,0.1267,0.2107,0.6,0.0,0.0,1.0,0.0,1.0,0.6595,False,False,False,False,26.47,10.02,30.58,False,224.8,煤炭行业,华为概念/深圳本地,44.3
000035,,0.5721,1.0,0.68,0.0,0.0,0.56,0.1053,0.0,0.0,0.0,0.0,0.0,0.0,0.4825,False,False,False,False,5.11,2.2,6.01,False,118.2,电子信息,垃圾分类/深圳本地,26.5
000036,,0.0,1.0,0.796,0.2248,0.0,0.8489,0.3062,0.3,0.4517,0.0,0.0,0.5,1.0,0.3234,False,False,False,False,5.15,-1.53,5.34,False,72.3,房地产,前海概念/业绩预降/深圳本地,29.6
000037,,0.0,0.94,0.6758,0.7644,1.0,0.3632,0.2559,0.6,1.0,0.0,0.0,1.0,0.7,0.3926,False,False,True,False,11.69,3.36,10.86,True,39.6,电力行业,ST板块/含B股/深圳本地,65.3
000039,,0.3656,1.0,0.7234,0.0,0.0,0.7692,0.1248,0.0,0.0,0.0,0.0,0.0,0.0,0.6089,False,False,False,False,9.16,-2.55,10.72,False,210.8,机械行业,含H股/融资融券/海工装备,29.0
000042,,0.0181,1.0,0.7433,0.7032,0.1247,0.786,0.2426,0.0,0.6273,0.0,1.0,0.0,0.7,0.29,False,False,False,False,9.4,0.53,9.45,False,62.4,房地产,前海概念/深圳本地,29.6
000045,,0.0,1.0,0.7431,0.065,0.0,0.7597,0.3433,0.0,0.1044,0.0,0.0,0.0,0.0,0.3451,False,False,False,False,11.06,1.47,11.78,False,50.5,纺织行业,含B股/深圳本地,26.5
000048,,0.0,0.0,0.0,0.3112,1.0,0.0226,0.3106,0.3,1.0,0.0,1.0,1.0,0.0,0.4399,False,False,False,False,19.11,10.02,15.8,True,101.1,农林牧渔,猪肉/业绩预升/深圳本地,26.1
000049,,0.0,0.8489,0.7424,0.0861,0.0,0.6838,0.1368,0.0,0.2067,0.0,0.0,0.0,0.0,0.534,False,False,False,False,24.47,3.91,25.73,False,94.1,电器行业,无线耳机/锂电池/信托重仓,28.3
000050,,0.0722,0.7453,0.4801,0.283,0.6416,0.239,0.5014,0.3,0.613,0.0,1.0,0.5,0.0,0.4578,False,False,False,False,8.31,4.53,8.17,True,202.4,电子器件,小米概念/国防军工/军工航天,74.0
000055,,0.0,1.0,0.8429,0.4574,0.9855,0.5702,0.1525,0.3,0.5875,0.0,0.0,1.0,0.0,0.3533,False,False,False,False,3.74,-2.09,3.72,True,25.3,建筑建材,光伏/光伏概念/含B股,23.8
000056,,0.1033,0.9475,0.558,0.1105,1.0,0.6059,0.5109,0.3,0.421,0.0,0.0,0.5,0.0,0.4766,False,False,False,False,1.75,-3.31,1.74,True,15.8,房地产,含B股/深圳本地,29.6
000058,,0.0893,1.0,0.8258,0.0,0.0,0.6773,0.1991,0.6,0.0,0.0,0.0,0.0,0.0,0.4745,False,False,False,False,6.84,-0.73,7.65,False,67.4,电子器件,光伏/光伏概念/含B股,74.0
000059,,0.3832,1.0,0.5137,0.0,0.0,0.4445,0.1026,0.0,0.0,0.0,0.0,0.0,0.0,0.3408,False,False,False,False,4.36,2.59,4.89,False,69.7,石油行业,国防军工/军民融合/军工航天,22.2
000060,,0.0,1.0,0.7222,0.7804,1.0,0.4857,0.365,0.0,1.0,0.0,0.0,0.5,1.0,0.4131,False,False,False,False,8.02,1.26,7.3,True,356.2,有色金属,稀缺资源/融资融券/金融参股,62.0
000061,,0.0,1.0,0.8697,0.0,0.0,0.716,0.138,0.3,0.0,0.0,0.0,0.0,0.0,0.4335,False,False,False,False,6.06,-1.3,6.98,False,108.7,农林牧渔,融资融券/金融改革/食品安全,26.1
000062,,0.2082,1.0,0.835,0.811,0.0,0.7961,0.2411,0.3,0.7182,1.0,1.0,0.0,0.7,0.2574,False,False,False,False,31.21,0.29,30.99,True,326.1,商业百货,互联金融/业绩预升/分拆上市,26.7
000063,,0.2269,1.0,0.6543,0.5874,0.9113,0.3491,0.2835,0.3,0.8011,0.0,1.0,0.5,1.0,0.2613,False,False,True,False,38.0,2.1,36.92,True,1530.5,电子信息,5G概念/含H股/融资融券,26.5
000065,,0.0,1.0,0.5115,0.103,0.0,0.2585,0.2739,0.0,0.4972,0.0,0.0,0.0,0.0,0.4402,False,False,False,False,12.49,0.56,12.64,False,121.8,建筑建材,光伏概念/国防军工/军工航天,23.8
000066,,0.0893,1.0,0.6953,0.4373,0.0,0.8208,0.1095,0.0,0.2466,0.0,1.0,0.0,1.0,0.4419,False,False,False,False,16.6,2.53,17.71,False,535.4,电子信息,光伏/钠电池/光伏概念,26.5
000068,,0.656,1.0,0.7263,0.6,1.0,0.426,0.192,0.3,0.7228,0.0,0.0,0.5,0.0,0.3222,True,False,False,False,3.42,0.29,3.36,True,34.4,电子器件,深圳本地,74.0
000069,,0.681,1.0,0.8551,0.0,0.0,0.711,0.2178,0.3,0.0,0.0,0.0,0.0,0.0,0.4748,False,False,False,False,1.82,-1.09,2.08,False,125.6,酒店旅游,融资融券/前海概念/业绩预升,27.5
000070,,0.0,0.8975,0.6881,0.6368,0.3527,0.3149,0.3864,0.6,1.0,0.0,1.0,0.5,0.7,0.2476,False,False,False,False,19.49,3.62,18.18,True,167.0,电子信息,国防军工/军工航天/宽带提速,26.5
000078,,0.4299,1.0,0.7101,0.0,0.0,0.0,0.3381,0.0,0.0,0.0,0.0,0.0,0.0,0.482,False,False,False,False,1.59,-1.24,2.32,False,41.7,生物制药,生物疫苗/抗癌/超级细菌,24.5
000088,,0.0,1.0,0.8947,0.3238,0.0958,0.6512,0.1727,0.3,0.3967,0.0,0.0,0.0,0.0,0.3523,False,False,False,False,4.36,-1.58,4.47,False,137.9,交通运输,海上丝路/深圳本地,28.9
000089,,0.0,1.0,0.8875,0.2751,0.0,0.6541,0.1309,0.0,0.2173,0.0,0.0,0.0,0.0,0.4466,False,False,False,False,6.44,-1.23,6.75,False,132.1,交通运输,前海概念/整体上市/深圳本地,28.9
000090,,0.0,1.0,0.798,0.341,0.7463,0.6227,0.3875,0.3,0.5182,0.0,0.0,1.0,0.0,0.3336,False,False,False,False,3.55,-2.2,3.58,False,66.3,建筑建材,前海概念/深圳本地,23.8
000096,,0.1384,1.0,0.8148,0.0,0.0,0.673,0.0977,0.0,0.0,0.0,0.0,0.0,0.0,0.4837,False,False,False,False,7.78,-1.77,8.95,False,39.7,石油行业,油气改革/深圳本地,22.2
000099,,0.0,1.0,0.856,0.0199,0.3503,0.0,0.197,0.3,0.3214,0.0,0.0,0.5,0.0,0.3406,False,False,False,False,16.78,-2.04,17.08,False,130.2,交通运输,海南自贸/军工航天/海工装备,28.9
000100,,0.3428,1.0,0.7258,0.6797,1.0,0.4074,0.7447,0.3,0.9112,0.0,0.0,0.5,0.0,0.3477,False,False,False,False,4.65,0.65,4.45,True,889.6,家电行业,光伏/融资融券/涉矿概念,31.7
000151,,0.0,1.0,0.6927,0.8614,1.0,0.0,0.6128,0.9,1.0,0.0,0.0,0.5,1.0,0.2661,False,False,False,False,14.41,-2.31,12.79,True,44.4,物资外贸,业绩预升,35.1
000153,,0.0,1.0,0.8551,0.0,0.0,0.7643,0.1295,0.0,0.0,0.0,0.0,0.0,0.0,0.4261,False,False,False,False,5.47,-0.91,6.0,False,25.1,生物制药,皖江区域/抗癌/参股金融,24.5
000155,,0.0,1.0,0.772,0.0324,0.0,0.8537,0.1886,0.0,0.1566,0.0,0.0,0.0,0.0,0.4537,False,False,False,False,13.46,0.07,14.54,False,248.5,农药化肥,光伏/成渝特区/低碳经济,20.2
000156,,0.0,0.9103,0.6308,0.0,0.0,0.1675,0.2302,0.6,0.0587,0.0,0.0,0.0,0.0,0.473,False,False,False,False,6.73,3.54,7.19,False,114.4,传媒娱乐,业绩预升,21.0
000157,,0.0,1.0,0.9214,0.0058,0.1889,0.7061,0.2921,0.3,0.3571,0.0,0.0,0.5,0.0,0.3426,False,False,False,False,7.58,-0.66,7.81,False,535.9,机械行业,含H股/融资融券/长株潭,29.0
000158,,0.0,1.0,0.8263,0.0,0.0,0.5655,0.3084,0.6,0.0,0.0,0.0,0.5,0.0,0.3581,False,False,False,False,15.0,-2.28,16.61,False,238.2,纺织行业,金融参股/参股金融,26.5
000159,,0.8538,1.0,0.6207,0.4482,0.0,0.7324,0.4079,0.6,0.0,0.0,0.0,0.0,1.0,0.5236,False,False,False,False,5.86,1.03,6.54,False,28.2,石油行业,涉矿概念/油气改革/互联金融,22.2
000166,,0.0,1.0,0.8983,0.1535,0.3616,0.439,0.4149,0.0,0.5172,0.0,0.0,0.5,0.0,0.3149,False,False,False,False,4.6,0.22,4.59,True,1036.7,金融行业,,38.4
000301,,0.0,1.0,0.8067,0.4777,0.358,0.5584,0.2895,0.0,0.9215,0.0,0.0,0.5,1.0,0.3838,False,False,False,False,12.45,-2.43,12.07,True,822.7,综合行业,光伏/业绩预升/分拆上市,20.3
000333,,1.0,1.0,0.7998,0.6968,0.8443,0.3051,0.4527,0.0,0.4987,0.0,0.0,1.0,0.7,0.3897,True,False,False,False,78.96,-2.43,80.41,False,5418.0,家电行业,小米概念/整体上市,31.7
000338,,0.5641,0.7796,0.5825,0.9728,0.0,0.4878,0.1009,0.0,0.3954,0.0,0.0,0.0,0.7,0.5167,False,False,False,False,28.11,-4.32,29.92,False,1392.3,汽车制造,含H股/融资融券/社保重仓,25.0
000400,,0.0823,1.0,0.7961,0.0,0.0,0.6924,0.315,0.0,0.0,0.0,0.0,0.0,0.0,0.4834,False,False,False,False,23.06,0.74,25.85,False,233.3,发电设备,光伏/智能电网/业绩预升,26.5
000401,,0.3035,1.0,0.8788,0.0,0.0,0.8646,0.2361,0.3,0.0,0.0,0.0,0.0,0.0,0.3238,False,False,False,False,3.81,-1.04,4.17,False,100.3,水泥行业,雄安新区/融资融券/京津冀,29.8
000402,,0.7105,1.0,0.7602,0.5465,0.0,0.7918,0.2099,0.3,0.2239,0.0,0.0,0.0,0.7,0.4452,True,False,False,False,2.73,-1.8,2.89,False,81.6,房地产,碳中和/碳交易/融资融券,29.6
000403,,0.7708,1.0,0.7295,0.2748,0.3457,0.5813,0.613,0.6,0.0384,0.0,0.0,0.5,0.0,0.4071,False,False,False,False,11.74,-0.76,12.41,False,110.4,生物制药,ST板块/业绩预升,24.5
000404,,0.0,1.0,0.7516,0.7677,0.0,0.7692,0.4055,0.3,0.655,1.0,0.0,0.0,0.7,0.3482,False,False,False,False,8.1,0.62,8.04,True,56.1,机械行业,业绩预升/节能环保,29.0
000407,,0.3147,1.0,0.8354,0.0,0.0,0.8491,0.2261,0.6,0.0,0.0,0.0,0.0,0.0,0.4612,False,False,False,False,4.0,-1.23,4.46,False,35.0,塑料制品,固废处理/油气改革/金融参股,54.0
000408,,0.0,0.3761,0.5676,0.2063,0.0,0.37,0.1558,0.0,0.3519,0.0,0.0,0.5,0.0,0.477,False,False,False,False,76.34,-6.74,80.56,False,1197.6,商业百货,盐湖提锂/ST板块/涉矿概念,26.7
000409,,0.5736,1.0,0.8748,0.0186,0.0,0.8066,0.0955,0.0,0.0,0.0,0.0,0.0,0.0,0.5097,False,False,False,False,8.91,-1.55,9.99,False,52.6,钢铁行业,深圳本地,26.9
000410,,0.0,1.0,0.7972,0.0,0.0,0.6616,0.1817,0.0,0.0,0.0,0.0,0.0,0.0,0.4862,False,False,False,False,5.35,1.71,5.93,False,105.4,机械行业,朝鲜改革/智能机器/机器人概念,29.0
000411,,0.1269,0.9572,0.7063,0.2183,0.0,0.4708,0.3737,0.6,0.0,0.0,0.0,0.0,1.0,0.5162,False,False,False,False,10.1,-3.26,11.25,False,56.9,商业百货,业绩预升,26.7
000415,,0.0,1.0,0.7061,0.0376,0.0,0.4049,0.1754,0.3,0.8375,0.0,0.0,0.5,0.0,0.3274,False,False,False,False,4.38,1.62,4.26,True,236.2,金融行业,金融改革/海上丝路,38.4
000417,,0.0,1.0,0.768,0.6681,0.124,0.7284,0.3048,0.6,0.5497,1.0,0.0,0.0,1.0,0.3253,False,False,False,False,7.6,1.74,7.56,True,59.2,商业百货,皖江区域/内贸规划/券商重仓,26.7
000419,,0.3031,1.0,0.8099,0.0,0.0,0.6605,0.1345,0.0,0.0,0.0,0.0,0.0,0.0,0.4592,False,False,False,False,4.85,-1.22,5.45,False,26.4,商业百货,长株潭/金融改革/金融参股,26.7
000420,,0.0,1.0,0.798,0.0513,0.0,0.7703,0.1333,0.0,0.1578,0.0,0.0,0.0,0.7,0.4123,False,False,False,False,4.34,1.17,4.66,False,106.7,化纤行业,朝鲜改革,40.6
000421,,0.3441,1.0,0.8545,0.0,0.0,0.7959,0.1201,0.0,0.0,0.0,0.0,0.0,0.0,0.4779,False,False,False,False,5.44,-1.09,6.02,False,31.2,交通运输,金融改革/业绩预降,28.9
000422,,0.0,1.0,0.7245,0.0,0.0,0.5848,0.2559,0.3,0.0803,0.0,0.0,0.5,0.0,0.3703,False,False,False,False,13.73,1.33,14.78,False,145.2,农药化肥,融资融券/业绩预降/信托重仓,20.2
000423,,0.6684,1.0,0.8206,0.3222,0.2161,0.6587,0.2436,0.3,0.2544,0.0,0.0,1.0,0.0,0.4256,False,False,False,False,47.97,-2.2,50.42,False,308.3,生物制药,融资融券/基金重仓,24.5
000425,,0.0,1.0,0.8274,0.0737,0.0,0.7141,0.2467,0.6,0.0457,0.0,0.0,0.0,0.0,0.4274,False,False,False,False,9.19,-0.86,9.94,False,827.2,机械行业,国防军工/军工航天/融资融券,29.0
000426,,0.0,1.0,0.8063,0.0,0.0,0.5871,0.1798,0.3,0.4419,0.0,0.0,0.0,0.0,0.4262,False,False,False,False,40.01,-0.62,41.94,False,710.3,有色金属,信托重仓/参股金融,62.0
000428,,0.5854,1.0,0.8204,0.1718,0.0,0.6672,0.1577,0.6,0.0,0.0,0.0,0.0,0.0,0.418,False,False,False,False,3.26,-2.4,3.63,False,33.2,酒店旅游,长株潭/业绩预升/分拆上市,27.5
000429,,0.5702,1.0,0.7912,0.8046,0.7723,0.3222,0.6872,0.0,0.5833,0.0,1.0,0.0,0.7,0.3682,False,False,False,False,13.14,0.38,13.2,False,171.3,公路桥梁,含B股/业绩预降/参股金融,26.1
000498,,0.4073,1.0,0.9085,0.025,0.0,0.8412,0.1805,0.0,0.0079,0.0,0.0,0.0,0.0,0.3497,False,False,False,False,5.05,-0.98,5.44,False,73.2,建筑建材,,23.8
000520,,0.0,1.0,0.4748,0.4819,1.0,0.0,0.209,0.9,1.0,0.0,1.0,1.0,0.0,0.3595,False,False,False,False,4.58,0.22,4.16,True,46.4,交通运输,准ST股/整体上市,28.9
000525,,0.0,0.6424,0.3885,0.0,0.0,0.1028,0.1719,0.3,0.0,0.0,0.0,0.0,0.0,0.453,False,False,False,False,4.7,5.15,5.16,False,52.3,农药化肥,沿海发展,20.2
000551,,0.0,1.0,0.877,0.5853,0.0402,0.5541,0.3146,0.0,0.6954,0.0,0.0,0.5,1.0,0.3285,False,False,False,False,15.39,-2.1,15.43,False,74.6,机械行业,三板精选/智能电网/节能环保,29.0
000552,,1.0,1.0,0.7933,0.563,0.0,0.7494,0.3435,0.0,0.1368,0.0,0.0,0.0,0.7,0.4406,True,False,False,False,2.52,-2.33,2.71,False,93.9,煤炭行业,业绩预升/陕甘宁,44.3
000553,,0.0,1.0,0.802,0.3314,0.0,0.8187,0.1501,0.0,0.2875,0.0,0.0,0.5,0.7,0.4033,False,False,False,False,6.01,-0.83,6.26,False,130.8,农药化肥,含B股/业绩预升/金融参股,20.2
000554,,0.6515,1.0,0.8548,0.0,0.0,0.7699,0.2185,0.0,0.0,0.0,0.0,0.0,0.0,0.3755,False,False,False,False,6.35,-1.24,7.31,False,23.0,石油行业,油气改革,22.2
000555,,0.1109,1.0,0.8006,0.0,0.0,0.8234,0.1919,0.0,0.0,0.0,0.0,0.0,0.0,0.6066,False,False,False,False,11.41,0.35,13.71,False,111.2,电子信息,,26.5
000557,,0.8622,1.0,0.845,0.0,0.0,0.5245,0.063,0.0,0.0,0.0,0.0,0.0,0.0,0.434,False,False,False,False,3.81,-1.55,4.39,False,55.5,酿酒行业,陕甘宁,23.3
000558,,0.0,1.0,0.641,0.0,0.0915,0.1193,0.2734,0.3,0.0931,0.0,0.0,1.0,0.0,0.3752,False,False,False,False,3.9,0.0,4.08,False,50.3,房地产,振兴沈阳,29.6
000559,,0.0542,1.0,0.8132,0.0,0.0,0.8844,0.3846,0.3,0.0,0.0,0.0,0.0,1.0,0.5038,False,False,False,False,13.79,-0.93,15.73,False,457.0,汽车制造,融资融券/锂电池/金融参股,25.0
000560,,0.5699,1.0,0.8291,0.0,0.0,0.7189,0.1738,0.3,0.0,0.0,0.0,0.0,0.0,0.6466,False,False,False,False,2.31,-1.28,2.79,False,54.0,商业百货,业绩预降/参股金融,26.7
000561,,0.0,1.0,0.8999,0.0,0.0,0.5429,0.2368,0.3,0.0,0.0,0.0,0.0,0.0,0.4109,False,False,False,False,8.0,0.13,9.05,False,62.1,电子信息,国防军工/军民融合/军工航天,26.5
000563,,0.0,1.0,0.8423,0.0215,0.0,0.5298,0.165,0.3,0.0625,0.0,0.0,0.0,0.0,0.3765,False,False,False,False,2.92,-1.35,3.11,False,149.3,金融行业,陕甘宁/金融参股,38.4
000564,,0.0,0.0,0.3563,0.0,0.0,0.0,0.2104,0.6,0.0,0.0,0.0,0.0,0.0,0.4387,False,False,False,False,1.6,10.34,1.76,False,241.5,商业百货,三板精选/内贸规划/陕甘宁,26.7
000565,,0.1986,1.0,0.8226,0.0,0.0,0.807,0.2462,0.3,0.0,0.0,0.0,0.0,1.0,0.4425,False,False,False,False,6.41,0.31,7.23,False,27.8,化工行业,成渝特区/金融参股,59.2
000566,,0.0,1.0,0.7229,0.0,0.0,0.614,0.1183,0.0,0.0,0.0,0.0,0.0,0.0,0.4352,False,False,False,False,3.87,0.52,4.67,False,50.2,生物制药,仿制药/海南自贸/抗癌,24.5
000592,,0.0,1.0,0.7547,0.0,0.0,0.8139,0.2356,0.0,0.0,0.0,0.0,0.0,0.0,0.476,False,False,False,False,7.67,0.79,9.72,False,146.9,农林牧渔,海峡西岸/金融改革/赛马概念,26.1
000599,,0.7769,1.0,0.8765,0.0,0.0,0.7414,0.2144,0.0,0.0,0.0,0.0,0.0,0.0,0.5098,False,False,False,False,4.76,-2.06,5.45,False,38.9,汽车制造,自贸区/日韩贸易,25.0
000600,,0.8554,1.0,0.5768,1.0,1.0,0.5255,0.4849,0.3,0.9177,1.0,0.0,0.5,1.0,0.2972,True,False,False,False,10.51,2.64,10.26,True,114.6,电力行业,碳中和/雄安新区/业绩预升,65.3
000601,,0.848,1.0,0.773,1.0,0.0,0.8644,0.2535,0.6,0.4683,0.0,1.0,0.0,0.7,0.3979,False,False,False,False,7.04,-0.14,7.35,False,73.9,电力行业,光伏/低碳经济,65.3
000608,,0.0,0.0,0.4172,1.0,1.0,0.0,0.0,0.3,1.0,0.0,0.0,1.0,0.7,0.4067,False,False,True,False,7.16,9.82,4.67,True,53.4,房地产,外资背景/信托重仓,29.6
000612,,0.0,0.6947,0.7239,0.0172,0.0,0.3858,0.2306,0.6,0.0668,0.0,0.0,0.0,1.0,0.4964,False,False,False,False,11.03,-4.83,12.04,False,131.5,有色金属,业绩预升/金融参股/参股金融,62.0
000615,,0.0253,1.0,0.7868,0.6421,0.3165,0.7574,0.4666,0.6,0.5582,0.0,0.0,0.0,0.7,0.3637,False,False,False,False,3.44,0.0,3.48,False,31.8,化纤行业,雄安新区/金融参股/参股金融,40.6
000632,,0.4612,1.0,0.6004,0.0,0.0,0.0,0.3968,0.0,0.0,0.0,0.0,0.0,0.0,0.3483,False,False,False,False,3.68,0.27,4.21,False,17.1,综合行业,海峡西岸/参股金融,20.3
000652,,0.0,1.0,0.8514,0.0,0.0,0.7958,0.0968,0.0,0.0398,0.0,0.0,0.0,1.0,0.4152,False,False,False,False,3.61,0.56,3.89,False,52.6,综合行业,碳中和/低碳经济/固废处理,20.3
000668,,0.0,0.2517,0.2725,1.0,1.0,0.0,0.5785,1.0,1.0,0.0,0.0,1.0,0.7,0.295,False,False,True,False,21.67,7.49,17.58,True,31.8,房地产,参股金融,29.6
000672,,0.0,1.0,0.6036,1.0,1.0,0.1829,0.6456,0.6,1.0,0.0,0.0,0.5,1.0,0.3727,False,False,False,False,17.3,2.85,15.42,True,167.7,水泥行业,业绩预升,29.8
000676,,0.0,1.0,0.7611,0.0,0.0,0.5497,0.2228,0.0,0.0,0.0,0.0,0.0,0.0,0.3952,False,False,False,False,5.64,1.08,6.75,False,71.0,仪器仪表,分拆上市,29.4
000677,,0.3215,0.6667,0.3333,0.0,0.0,0.0,0.7604,0.0,0.0,0.0,0.0,0.0,0.0,0.566,False,False,False,False,1.89,5.0,2.87,False,16.3,化纤行业,黄河三角,40.6
000678,,0.5485,1.0,0.4529,0.0,0.0,0.5571,0.2813,0.3,0.0,0.0,1.0,0.0,1.0,0.6696,False,False,False,False,10.05,1.82,12.09,False,46.2,机械行业,金融参股,29.0
000679,,0.0,0.0,0.1982,0.1068,0.0,0.0,0.2121,0.6,0.5157,0.0,0.0,0.0,1.0,0.5379,False,False,False,False,6.68,10.05,6.62,True,23.8,商业百货,自贸区,26.7
000681,,1.0,0.9532,0.7663,0.5061,1.0,0.4968,0.2985,0.6,0.4066,0.0,0.0,0.5,1.0,0.41,False,False,False,False,21.52,-3.28,22.3,False,145.5,电子信息,业绩预升,26.5
000682,,0.0,1.0,0.7855,0.4067,0.0,0.6506,0.1904,0.3,0.2137,0.0,0.0,0.0,1.0,0.4295,False,False,False,False,12.42,-0.08,13.16,False,166.5,发电设备,三板精选/智能电网/黄河三角,26.5
000683,,0.0,1.0,0.7986,0.0,0.0,0.5499,0.0897,0.3,0.0,0.0,0.0,0.0,1.0,0.5404,False,False,False,False,6.78,-2.45,7.69,False,226.6,化工行业,,59.2
000685,,0.0,1.0,0.7567,0.2887,0.0,0.6294,0.2015,0.3,0.4013,0.0,0.0,0.0,1.0,0.3946,False,False,False,False,11.07,1.0,11.31,False,138.0,供水供气,污水处理/节能环保/金融参股,21.9
000686,,0.0,1.0,0.868,0.1743,0.1704,0.4369,0.2192,0.6,0.5957,0.0,0.0,0.5,0.0,0.4017,False,False,False,False,8.12,0.5,8.07,True,190.0,金融行业,融资融券/本月解禁/信托重仓,38.4
000688,,0.0,0.1001,0.6711,0.8134,0.8615,0.3416,0.2068,0.3,1.0,1.0,0.0,0.5,0.7,0.3609,False,False,False,False,41.77,-8.4,40.61,True,495.0,,成渝特区,
000690,,0.0,0.6885,0.3508,0.7838,0.4366,0.4389,0.3325,0.9,1.0,0.0,0.0,0.0,0.7,0.4252,False,False,False,False,5.6,4.87,5.32,True,121.8,电力行业,民营银行/业绩预升/参股金融,65.3
000691,,0.0,0.4851,0.4228,0.9325,1.0,0.0,0.0,0.0,1.0,0.0,0.0,1.0,1.0,0.5601,False,False,False,False,11.15,6.09,8.73,True,36.0,房地产,海南自贸/ST板块,29.6
000697,,0.0,0.2215,0.239,0.8401,0.277,0.1752,0.2663,0.6,1.0,0.0,0.0,0.0,0.7,0.4098,False,False,False,False,11.79,7.67,10.96,True,77.0,有色金属,大飞机/低碳经济/稀缺资源,62.0
000698,,0.6783,1.0,0.8364,0.0232,0.0,0.5722,0.0691,0.3,0.0,0.0,0.0,0.0,0.0,0.3927,False,False,False,False,3.24,-0.61,3.61,False,25.5,化工行业,朝鲜改革,59.2
000700,,0.2496,1.0,0.6507,1.0,1.0,0.3263,0.431,0.9,1.0,0.0,1.0,0.5,1.0,0.2411,False,False,False,False,16.11,1.7,14.33,True,147.9,汽车制造,民营医院/业绩预升,25.0
000701,,0.8372,1.0,0.8148,0.0882,0.0,0.5883,0.2273,0.6,0.0,0.0,0.0,0.0,0.0,0.5207,False,False,False,False,4.98,-1.19,5.75,False,33.3,综合行业,海峡西岸/物联网/电子支付,20.3
000702,,0.5103,1.0,0.7558,0.0,0.0,0.7644,0.1202,0.3,0.0,0.0,0.0,0.0,1.0,0.5734,False,False,False,False,5.44,-0.37,6.32,False,14.5,农林牧渔,长株潭/业绩预升/金融参股,26.1
000703,,0.0,1.0,0.6179,0.3274,0.0,0.5253,0.1079,0.3,0.4542,0.0,0.0,0.0,0.7,0.4995,False,False,False,False,12.78,-1.01,13.47,False,485.9,化纤行业,油气改革/业绩预降/信托重仓,40.6
000705,,0.1411,1.0,0.6825,0.0,0.0,0.383,0.092,0.0,0.0,0.0,0.0,0.0,0.0,0.4602,False,False,False,False,6.55,-2.53,7.66,False,18.5,商业百货,国企改革/金融参股/参股金融,26.7
000707,,0.0,1.0,0.8446,0.0,0.0,0.8727,0.1198,0.0,0.0,0.0,0.0,0.0,0.0,0.4581,False,False,False,False,4.76,0.85,5.39,False,26.2,化工行业,,59.2
000708,,0.0,1.0,0.8722,0.0,0.0,0.4791,0.1762,0.3,0.1234,0.0,0.0,0.5,0.0,0.3936,False,False,False,False,13.81,-1.92,14.77,False,696.9,钢铁行业,,26.9
000709,,0.2068,1.0,0.8754,0.1513,0.0,0.6725,0.2711,0.3,0.0775,0.0,0.0,0.0,0.0,0.355,False,False,False,False,2.11,-1.4,2.26,False,218.1,钢铁行业,氢能源/雄安新区/融资融券,26.9
000710,,0.2749,1.0,0.8259,0.0,0.0,0.7728,0.1879,0.6,0.0,0.0,0.0,0.0,0.0,0.5665,False,False,False,False,8.06,0.25,9.57,False,26.6,汽车制造,成渝特区/涉矿概念/基因概念,25.0
000711,,0.123,1.0,0.687,1.0,1.0,0.658,0.2342,0.3,1.0,1.0,0.0,0.0,0.7,0.2846,False,False,False,False,5.66,-1.57,5.14,True,134.8,电子信息,涉矿概念,26.5
000712,,0.0,0.4025,0.2113,0.0,0.0,0.0,0.3113,0.6,0.0,0.0,0.0,0.0,0.0,0.358,False,False,False,False,9.55,6.58,10.32,False,85.5,金融行业,金融参股/参股金融,38.4
000713,,0.0194,1.0,0.8541,0.105,0.0,0.6622,0.1459,0.0,0.0704,0.0,0.0,0.5,0.0,0.3273,False,False,False,False,5.81,-2.19,6.2,False,35.7,农林牧渔,乡村振兴/皖江区域/生物育种,26.1
000715,,0.0,1.0,0.8249,0.0,0.0,0.8797,0.2126,0.3,0.0,0.0,0.0,0.0,0.0,0.5274,False,False,False,False,4.88,-1.41,5.45,False,23.7,商业百货,内贸规划,26.7
000716,,0.8118,1.0,0.6853,0.2437,0.0,0.7446,0.5041,0.9,0.0,0.0,0.0,0.0,1.0,0.5175,False,False,False,False,4.64,-0.43,5.35,False,34.3,食品行业,业绩预升,28.5
000717,,0.0,1.0,0.8765,0.0,0.0,0.6853,0.1311,0.0,0.0,0.0,0.0,0.0,0.0,0.4088,False,False,False,False,2.14,-0.93,2.33,False,51.9,钢铁行业,ST板块/准ST股,26.9
000718,,1.0,1.0,0.799,0.3263,0.1837,0.4038,0.1169,0.0,0.0,0.0,0.0,0.5,0.0,0.478,False,False,False,False,1.94,-2.51,2.11,False,44.3,房地产,朝鲜改革/融资融券/涉矿概念,29.6
000719,,0.6509,1.0,0.8153,0.3938,0.0,0.4858,0.2732,0.0,0.1352,0.0,0.0,0.0,0.7,0.414,False,False,False,False,12.27,0.0,13.13,False,81.9,传媒娱乐,业绩预升/整体上市,21.0
000720,,0.7172,0.8725,0.4824,0.465,0.0,0.7857,0.3387,0.6,0.1125,0.0,1.0,0.0,0.7,0.5212,False,False,False,False,4.41,3.76,4.86,False,55.4,电力行业,风能概念/金融参股,65.3
000721,,0.0989,1.0,0.8582,0.0,0.0,0.7895,0.1337,0.3,0.0,0.0,0.0,0.0,0.0,0.5524,False,False,False,False,6.07,-0.65,7.07,False,31.1,酒店旅游,白酒概念/陕甘宁,27.5
000722,,0.0,1.0,0.8789,0.77,1.0,0.6961,0.3499,0.3,0.9465,0.0,0.0,0.5,1.0,0.2634,False,False,False,False,15.04,-2.4,14.53,True,69.8,电力行业,长株潭/页岩气/参股金融,65.3
000723,,0.8243,1.0,0.6438,0.0852,0.0,0.3175,0.3282,0.0,0.0,0.0,0.0,0.0,0.0,0.3171,False,False,False,False,3.94,0.25,4.36,False,173.2,煤炭行业,氢能源/整体上市,44.3
000725,,0.2891,0.9932,0.5833,1.0,1.0,0.3546,0.507,0.3,1.0,0.0,1.0,0.5,1.0,0.2338,False,False,False,False,6.1,3.04,5.05,True,2216.9,电子器件,含B股/融资融券,74.0
000726,,0.0,1.0,0.887,0.0,0.0,0.8144,0.1119,0.0,0.0,0.0,0.0,0.0,0.0,0.3658,False,False,False,False,5.84,-1.02,6.39,False,34.4,纺织行业,黄河三角/含B股,26.5
000727,,0.0,0.4506,0.3086,0.6761,0.3386,0.089,0.4182,0.0,0.7881,0.0,1.0,0.0,1.0,0.4323,False,False,False,False,2.87,6.3,2.8,True,130.0,电子器件,触摸屏,74.0
000728,,0.0,1.0,0.8696,0.0972,0.113,0.4423,0.3026,0.6,0.3826,0.0,0.0,0.5,0.0,0.4343,False,False,False,False,7.22,0.84,7.32,False,315.1,金融行业,融资融券/皖江区域/信托重仓,38.4
000729,,0.7002,0.8985,0.8063,0.2055,0.0,0.2996,0.1678,0.0,0.0,0.0,0.0,0.0,0.0,0.4715,False,False,False,False,10.95,-3.61,12.33,False,274.8,酿酒行业,融资融券/保险重仓/信托重仓,23.3
000731,,0.0024,1.0,0.8757,0.0,0.0,0.8926,0.1555,0.0,0.0,0.0,0.0,0.0,0.0,0.4488,False,False,False,False,5.81,-1.53,6.45,False,31.9,农药化肥,,20.2
000733,,0.0,0.0672,0.5284,0.7364,1.0,0.0,0.3886,0.6,1.0,0.0,1.0,0.5,1.0,0.4331,False,False,False,False,56.34,8.6,50.29,True,312.2,电子器件,国防军工/军工航天/锂电池,74.0
000735,,0.0,1.0,0.7063,0.0,0.0,0.5824,0.1788,0.3,0.0,0.0,0.0,0.0,0.0,0.3673,False,False,False,False,5.26,0.77,6.15,False,60.5,农林牧渔,海南自贸/乡村振兴/金融改革,26.1
000736,,0.0154,0.0,0.381,0.0501,0.0,0.1122,0.1236,0.0,0.0,0.0,0.0,0.0,1.0,0.4729,False,False,False,False,4.62,10.0,5.08,False,34.5,房地产,成渝特区,29.6
000737,,0.0,1.0,0.8716,0.2237,0.4102,0.2552,0.2668,0.6,0.8295,0.0,0.0,0.5,1.0,0.3928,False,False,False,False,14.71,-2.32,14.32,True,280.2,化工行业,稀缺资源/参股金融,59.2
000738,,0.0,1.0,0.8806,0.0,0.0,0.6329,0.2282,0.6,0.0219,0.0,0.0,0.5,0.0,0.3852,False,False,False,False,19.03,0.21,20.63,False,250.3,飞机制造,大飞机/国防军工/军工航天,26.5
000739,,0.0,1.0,0.8582,0.1668,0.0,0.8272,0.2038,0.3,0.3787,0.0,0.0,0.0,0.0,0.4005,False,False,False,False,16.35,-0.67,16.87,False,189.3,生物制药,黄河三角/生物疫苗/抗癌,24.5
000750,,0.0,1.0,0.857,0.1225,0.0,0.3399,0.4131,0.0,0.3817,0.0,0.0,0.5,0.0,0.3621,False,False,False,False,3.73,0.0,3.79,False,216.2,金融行业,,38.4
000751,,0.0,1.0,0.8639,0.0143,0.0,0.5294,0.3249,0.0,0.545,0.0,0.0,0.5,1.0,0.3643,False,False,False,False,5.26,-2.41,5.41,False,74.2,有色金属,金融参股,62.0
000752,,0.7444,0.9815,0.7778,0.0913,0.0122,0.5077,0.234,0.0,0.0,0.0,0.0,0.5,0.0,0.3781,False,False,False,False,8.72,-3.11,9.46,False,23.0,酿酒行业,业绩预升,23.3
000753,,0.0147,1.0,0.8284,0.0,0.0,0.7214,0.1219,0.0,0.0,0.0,0.0,0.0,0.0,0.5554,False,False,False,False,5.07,0.4,6.0,False,50.3,汽车制造,海峡西岸/污水处理/参股金融,25.0
000755,,0.6319,1.0,0.8575,0.2979,0.0,0.8633,0.4238,0.6,0.0125,0.0,0.0,0.0,0.0,0.4094,False,False,False,False,4.69,0.21,5.08,False,68.8,化工行业,低碳经济/金融参股/参股金融,59.2
000756,,0.4163,1.0,0.8932,0.0,0.0,0.7288,0.1925,0.3,0.0,0.0,0.0,0.0,0.0,0.3733,False,False,False,False,12.31,-1.44,13.84,False,61.4,生物制药,黄河三角/含H股/生物疫苗,24.5
000757,,0.0572,1.0,0.6038,0.0,0.0,0.3167,0.0702,0.0,0.0,0.0,0.0,0.0,0.0,0.5032,False,False,False,False,3.78,-2.33,4.39,False,20.1,汽车制造,业绩预升,25.0
000758,,0.0,1.0,0.843,0.2692,0.3157,0.0938,0.3681,0.3,0.8236,0.0,0.0,0.5,1.0,0.4226,False,False,False,False,7.11,-1.52,6.94,True,141.0,有色金属,稀缺资源/融资融券/业绩预降,62.0
000759,,0.0,0.7717,0.3165,0.2957,1.0,0.0,0.3872,0.9,0.9145,0.0,0.0,1.0,0.0,0.3574,False,False,False,False,6.21,4.37,5.82,True,40.7,商业百货,武汉规划/内贸规划/QFII重仓,26.7
000761,,0.4785,1.0,0.7759,0.0,0.0,0.5165,0.0974,0.0,0.0,0.0,0.0,0.0,0.0,0.4549,False,False,False,False,2.37,-0.42,2.78,False,87.9,钢铁行业,朝鲜改革/含B股/整体上市,26.9
000762,,0.0,1.0,0.6837,0.1629,0.0,0.7115,0.0961,0.0,0.6087,0.0,0.0,0.5,0.0,0.3877,False,False,False,False,30.38,-0.59,30.77,False,158.2,有色金属,盐湖提锂/稀缺资源/融资融券,62.0
000766,,0.0,1.0,0.7372,0.7548,1.0,0.4976,0.375,0.3,0.8088,0.0,0.0,1.0,1.0,0.3546,False,False,False,False,24.52,-2.35,23.75,True,236.9,生物制药,朝鲜改革/生物疫苗/抗癌,24.5
000767,,0.53,1.0,0.7284,1.0,1.0,0.6929,0.4254,0.0,1.0,1.0,0.0,0.0,0.7,0.2527,False,False,False,False,4.93,0.41,4.66,True,143.6,电力行业,碳中和/碳交易/光伏概念,65.3
000768,,0.0,1.0,0.7596,0.0,0.0,0.3542,0.2862,0.9,0.0,0.0,0.0,0.5,0.0,0.309,False,False,False,False,21.13,-2.31,23.24,False,586.6,飞机制造,大飞机/国防军工/军民融合,26.5
000776,,0.0,0.9639,0.7216,0.307,0.8775,0.0588,0.4326,1.0,1.0,0.0,0.0,1.0,1.0,0.3495,False,False,False,False,21.5,3.22,19.72,True,1269.4,金融行业,含H股/融资融券/信托重仓,38.4
000777,,0.0,0.0,1.0,0.0,0.0,0.8126,0.2182,0.0,0.5525,0.0,0.0,0.5,0.0,0.5102,False,False,False,False,19.87,10.02,19.7,True,76.2,机械行业,国防军工/军工航天/核电核能,29.0
000778,,0.2496,1.0,0.8203,0.1551,0.0,0.6356,0.1259,0.6,0.1145,0.0,0.0,0.0,0.0,0.4562,False,False,False,False,4.07,-0.25,4.38,False,158.5,钢铁行业,融资融券/水利建设/污水处理,26.9
000779,,0.0,1.0,0.6966,0.0,0.0,0.3617,0.2975,0.0,0.1939,0.0,0.0,1.0,0.0,0.3583,False,False,False,False,7.73,0.52,8.1,False,35.9,纺织行业,陕甘宁,26.5
000782,,0.0,1.0,0.7086,1.0,0.9256,0.6072,0.2775,0.3,1.0,0.0,0.0,0.5,0.7,0.3803,False,False,False,False,7.68,1.72,7.09,True,40.6,化纤行业,业绩预降/参股金融,40.6
000783,,0.0,1.0,0.8232,0.4553,0.1982,0.4386,0.2873,0.6,0.7042,0.0,0.0,0.5,1.0,0.3698,False,False,False,False,7.97,0.63,7.84,True,440.8,金融行业,融资融券/信托重仓/券商重仓,38.4
000785,,0.8705,1.0,0.8268,0.1026,0.0,0.5413,0.3363,0.3,0.0,0.0,0.0,0.0,0.0,0.2519,False,False,False,False,2.26,-2.16,2.51,False,131.2,商业百货,武汉规划/参股金融,26.7
000786,,0.2188,1.0,0.8757,0.0,0.0,0.689,0.1987,0.3,0.0,0.0,0.0,0.0,0.0,0.4478,False,False,False,False,20.56,-1.67,23.85,False,347.4,建筑建材,雄安新区/低碳经济,23.8
000788,,0.0,1.0,0.8297,0.0,0.0,0.8015,0.2354,0.3,0.2045,0.0,0.0,0.5,0.0,0.4117,False,False,False,False,5.44,-0.73,5.69,False,32.4,生物制药,成渝特区/生物疫苗/抗癌,24.5
000789,,0.6119,1.0,0.9059,0.0,0.0,0.6555,0.0913,0.0,0.0,0.0,0.0,0.0,0.0,0.3842,False,False,False,False,4.21,-0.94,4.77,False,33.6,水泥行业,业绩预升/整体上市/QFII重仓,29.8
000790,,0.0,1.0,0.7491,0.2017,0.0,0.7514,0.1255,0.3,0.0465,0.0,0.0,0.0,0.7,0.4011,False,False,False,False,3.7,-0.54,3.99,False,23.0,生物制药,成渝特区/生物疫苗/抗癌,24.5
000791,,0.2177,0.0,0.5893,0.8657,0.3425,0.8092,0.499,0.6,1.0,0.0,0.0,0.0,0.7,0.5009,False,False,False,False,9.28,9.95,8.75,True,179.6,电力行业,光伏/陕甘宁/金融参股,65.3
000792,,0.0,1.0,0.7939,0.0,0.0,0.5008,0.0925,0.0,0.3084,0.0,0.0,0.5,0.0,0.3765,False,False,False,False,31.15,-2.75,32.97,False,1648.3,农药化肥,盐湖提锂/稀缺资源/融资融券,20.2
000793,,0.0,1.0,0.8467,0.284,0.026,0.6095,0.2484,0.0,0.4967,0.0,0.0,0.5,0.0,0.3938,False,False,False,False,2.66,1.92,2.67,False,52.2,传媒娱乐,海南自贸/融资融券/业绩预升,21.0
000795,,0.0,0.7996,0.5474,0.3681,0.7717,0.0,0.6226,0.9,0.8024,0.0,0.0,1.0,0.0,0.4341,False,False,False,False,9.67,4.2,9.29,True,109.6,其它行业,专精特新,41.7
000796,,0.0,1.0,0.7738,0.0,0.0,0.658,0.21,0.0,0.0,0.0,0.0,0.0,0.0,0.3671,False,False,False,False,4.46,0.9,4.95,False,59.4,食品行业,陕甘宁/参股金融,28.5
000797,,0.4009,1.0,0.8087,0.0,0.0,0.5224,0.211,0.0,0.0,0.0,0.0,0.0,0.0,0.3823,False,False,False,False,2.42,-0.82,2.71,False,38.0,房地产,海峡西岸/京津冀,29.6
000798,,0.5797,1.0,0.8456,0.0,0.0,0.6796,0.087,0.0,0.0,0.0,0.0,0.0,0.0,0.4366,False,False,False,False,7.73,-0.51,9.02,False,28.3,农林牧渔,水产品/整体上市/参股金融,26.1
000799,,0.8325,1.0,0.8593,0.0915,0.0,0.6628,0.4079,0.9,0.0,0.0,0.0,0.0,0.0,0.4235,False,False,False,False,38.34,-1.34,43.54,False,124.6,酿酒行业,白酒概念/长株潭/业绩预降,23.3
000800,,0.0,1.0,0.8387,0.1144,0.0,0.1433,0.1589,0.3,0.1707,0.0,0.0,0.5,0.0,0.323,False,False,False,False,6.05,-2.42,6.37,False,297.7,汽车制造,朝鲜改革/融资融券/整体上市,25.0
000801,,0.2491,1.0,0.7286,0.0,0.0,0.3576,0.2578,0.6,0.0,0.0,0.0,0.0,0.0,0.4132,False,False,False,False,11.99,-2.36,13.46,False,121.8,电子信息,大飞机/专精特新/国防军工,26.5
000802,,0.7865,0.4065,0.4268,0.7752,0.0,0.4576,0.2797,0.3,0.0,0.0,0.0,0.0,1.0,0.6017,False,False,False,False,4.13,-6.56,4.67,False,29.6,酒店旅游,,27.5
000803,,0.7333,1.0,0.7355,0.0336,0.0,0.766,0.1007,0.6,0.0,0.0,0.0,0.0,0.0,0.347,False,False,False,False,7.14,-2.33,8.09,False,32.8,纺织行业,光伏概念/成渝特区,26.5
000807,,0.6228,0.5582,0.7299,0.0,0.0,0.0,0.162,0.0,0.0,0.0,0.0,0.0,0.0,0.5656,False,False,False,False,25.38,-5.65,30.02,False,880.2,有色金属,,62.0
000809,,0.0,1.0,0.7015,0.7775,0.9042,0.4963,0.3734,1.0,0.7546,1.0,0.0,0.5,1.0,0.3207,False,False,False,False,3.92,-2.49,3.87,True,32.3,房地产,业绩预升,29.6
000810,,0.0,0.4755,0.3761,0.1888,0.0,0.0,0.1881,0.3,0.5194,0.0,1.0,0.0,0.7,0.4027,False,False,False,False,11.57,6.15,11.59,False,128.5,电子器件,百度概念/成渝特区/券商重仓,74.0
000811,,0.0,1.0,0.5825,1.0,1.0,0.4458,0.3204,0.0,1.0,0.0,1.0,0.5,0.7,0.2547,False,False,False,False,33.2,-1.92,28.16,True,324.8,机械行业,碳中和/黄河三角/节能环保,29.0
000812,,0.5172,1.0,0.7708,0.0,0.0,0.5618,0.169,0.3,0.0,0.0,0.0,0.0,0.0,0.4038,False,False,False,False,3.42,-2.01,3.88,False,25.9,印刷包装,陕甘宁/参股金融,26.0
000813,,0.0928,1.0,0.8268,0.0,0.0,0.8013,0.3898,0.3,0.0,0.0,0.0,0.0,1.0,0.381,False,False,False,False,3.03,-1.62,3.42,False,63.5,纺织行业,涉矿概念/节能环保/参股金融,26.5
000815,,0.0,1.0,0.6627,0.0179,0.0,0.7302,0.1771,0.0,0.2064,0.0,1.0,0.5,0.7,0.3109,False,False,False,False,16.3,1.81,17.49,False,113.3,造纸行业,光伏概念/陕甘宁,24.3
000816,,0.2637,1.0,0.8155,0.0,0.0,0.7219,0.1587,0.3,0.0,0.0,0.0,0.0,0.0,0.5128,False,False,False,False,2.5,-1.19,2.95,False,36.0,机械行业,乡村振兴/涉矿概念/沿海发展,29.0
000818,,0.0,1.0,0.7147,0.0,0.0,0.8589,0.1032,0.0,0.0,0.0,0.0,0.0,0.0,0.4591,False,False,False,False,12.92,0.54,16.04,False,85.0,化工行业,国防军工/振兴沈阳/参股金融,59.2
000819,,0.2154,1.0,0.7307,0.1018,0.0,0.776,0.2155,0.6,0.0,0.0,0.0,0.0,1.0,0.452,False,False,False,False,13.58,1.57,15.11,False,49.6,石油行业,长株潭/生物疫苗/抗癌,22.2
000820,,0.4162,1.0,0.7828,0.2535,0.0,0.822,0.2158,0.3,0.0,0.0,0.0,0.0,1.0,0.4483,False,False,False,False,3.08,0.33,3.5,False,9.1,造纸行业,业绩预降/振兴沈阳,24.3
000821,,0.1709,1.0,0.7716,0.0,0.0,0.7686,0.2472,0.3,0.0,0.0,0.0,0.0,0.0,0.3587,False,False,False,False,9.09,0.44,10.35,False,55.0,机械行业,光伏/HIT电池/光伏概念,29.0
000822,,0.0,1.0,0.8136,0.0,0.0,0.8306,0.1378,0.0,0.0,0.0,0.0,0.0,0.0,0.6107,False,False,False,False,4.57,-1.72,5.26,False,40.9,化工行业,黄河三角/基因概念/油气改革,59.2
000823,,0.0,1.0,0.6449,1.0,1.0,0.0,0.5534,0.3,1.0,0.0,0.0,1.0,1.0,0.286,False,False,False,False,20.1,0.05,16.47,True,107.9,电子器件,触摸屏/汽车电子/业绩预降,74.0
000825,,0.0,1.0,0.8273,0.0,0.0,0.5508,0.1359,0.3,0.0283,0.0,0.0,0.0,0.0,0.4058,False,False,False,False,3.86,0.0,4.17,False,219.9,钢铁行业,核电核能/整体上市,26.9
000826,,0.0083,1.0,0.7587,0.6261,0.7167,0.8524,0.4289,0.6,0.5066,0.0,0.0,0.0,1.0,0.3129,False,False,False,False,2.18,-1.36,2.19,False,31.1,环保行业,碳中和/垃圾分类/低碳经济,28.2
000828,,0.1214,1.0,0.8921,0.3093,0.1533,0.6415,0.1311,0.3,0.2839,0.0,0.0,0.0,0.0,0.227,False,False,False,False,9.84,-0.51,10.19,False,102.3,公路桥梁,金融改革/参股金融,26.1
000829,,0.7009,1.0,0.8003,0.0,0.0,0.7633,0.1966,0.3,0.0,0.0,0.0,0.0,0.0,0.4104,False,False,False,False,8.55,-1.5,9.8,False,87.6,商业百货,白酒概念/网络游戏/信托重仓,26.7
000830,,0.0,1.0,0.7946,0.0,0.0,0.6183,0.1322,0.3,0.0,0.0,0.0,0.5,0.0,0.4234,False,False,False,False,12.99,-2.4,14.58,False,247.4,农药化肥,券商重仓,20.2
000831,,0.0,0.7666,0.29,0.5983,1.0,0.0,0.8478,0.9,1.0,0.0,0.0,1.0,1.0,0.3408,False,False,False,False,60.97,4.4,53.03,True,647.0,有色金属,ST板块/稀缺资源/业绩预降,62.0
000837,,0.0,1.0,0.6761,0.7021,1.0,0.4261,0.4855,1.0,0.885,0.0,1.0,1.0,1.0,0.2518,False,False,True,False,12.48,1.05,11.93,True,125.7,机械行业,智能机器/机器人概念/陕甘宁,29.0
000838,,0.4313,1.0,0.5635,0.0,0.0,0.833,0.4231,0.3,0.0,0.0,0.0,0.0,0.0,0.507,False,False,False,False,1.68,0.0,1.97,False,17.7,房地产,,29.6
000839,,0.4868,1.0,0.7744,0.0777,0.0,0.7375,0.4287,0.3,0.0,0.0,1.0,0.0,0.0,0.3364,False,False,False,False,2.66,0.0,3.02,False,104.3,综合行业,低碳经济/融资融券/锂电池,20.3
000850,,0.0162,1.0,0.8775,0.0,0.0,0.6503,0.1187,0.3,0.0,0.0,0.0,0.0,0.0,0.5756,False,False,False,False,3.78,-0.79,4.4,False,35.7,纺织行业,皖江区域/涉矿概念/金融参股,26.5
000852,,0.0,1.0,0.7173,0.0,0.0,0.6176,0.1432,0.0,0.0,0.0,0.0,0.0,0.0,0.5108,False,False,False,False,5.72,1.06,6.49,False,54.1,机械行业,武汉规划/海工装备/页岩气,29.0
000856,,0.3782,1.0,0.6917,0.0,0.0,0.5832,0.1318,0.3,0.0,0.0,0.0,0.0,0.0,0.5845,False,False,False,False,8.07,0.88,9.63,False,18.3,机械行业,雄安新区/ST板块/京津冀,29.0
000858,,0.3153,1.0,0.887,0.0,0.0,0.6906,0.1081,0.3,0.0,0.0,0.0,0.0,0.0,0.4617,False,False,False,False,78.33,-1.63,89.17,False,3040.4,酿酒行业,白酒概念/成渝特区/融资融券,23.3
000859,,0.0,0.7962,0.3052,0.726,1.0,0.2118,0.6363,0.3,1.0,0.0,1.0,1.0,1.0,0.3023,False,False,False,False,11.6,4.22,10.44,True,103.9,塑料制品,皖江区域/生物燃料,54.0
000860,,0.3167,1.0,0.8739,0.0,0.0,0.7616,0.2763,0.9,0.0,0.0,0.0,0.0,0.0,0.4582,False,False,False,False,10.37,-1.89,11.87,False,76.9,酿酒行业,白酒概念/猪肉/生物育种,23.3
000862,,0.8361,1.0,0.786,0.2756,0.0,0.8345,0.5426,0.3,0.0,0.0,0.0,0.0,0.0,0.5823,False,False,False,False,5.83,-1.52,6.71,False,3661.0,电力行业,光伏/光伏概念/低碳经济,65.3
000863,,0.0,0.6102,0.5619,0.016,0.0,0.5103,0.3647,0.3,0.0,0.0,0.0,0.0,1.0,0.4518,False,False,False,False,4.61,-5.34,5.14,False,53.6,房地产,,29.6
000868,,0.0,1.0,0.7895,0.0,0.0,0.4668,0.1026,0.3,0.0,0.0,0.0,0.5,0.0,0.3214,False,False,False,False,3.75,-1.32,4.16,False,27.5,汽车制造,皖江区域,25.0
000869,,0.4447,1.0,0.8185,0.1279,0.0,0.6357,0.1193,0.0,0.0,0.0,0.0,0.0,0.0,0.4005,False,False,False,False,17.27,-2.04,18.65,False,78.6,酿酒行业,黄河三角/含B股/融资融券,23.3
000875,,0.642,1.0,0.8339,0.3207,0.0,0.763,0.2279,0.6,0.0,0.0,0.0,0.0,0.0,0.5248,False,False,False,False,5.96,-1.0,6.61,False,199.2,电力行业,光伏/光伏概念/朝鲜改革,65.3
000876,,0.5785,1.0,0.848,0.0,0.0,0.4116,0.0706,0.0,0.0,0.0,0.0,0.0,1.0,0.5631,False,False,False,False,6.52,-0.91,7.91,False,293.4,农林牧渔,成渝特区/融资融券/金融参股,26.1
000877,,0.471,1.0,0.8683,0.0,0.0,0.637,0.1879,0.3,0.0,0.0,0.0,0.0,0.0,0.491,False,False,False,False,4.04,-0.25,4.54,False,287.2,水泥行业,融资融券,29.8
000878,,0.0,1.0,0.861,0.0,0.0,0.4474,0.3116,0.6,0.3138,0.0,0.0,0.0,0.0,0.3733,False,False,False,False,17.82,-2.25,18.72,False,35704.5,有色金属,稀缺资源/融资融券/整体上市,62.0
000880,,0.0833,1.0,0.7833,0.1023,0.0,0.8367,0.1212,0.3,0.0,0.0,0.0,0.0,1.0,0.5329,False,False,False,False,25.46,0.91,29.08,False,57.8,机械行业,黄河三角,29.0
000881,,0.5736,1.0,0.8305,0.1676,0.0,0.5732,0.2429,0.3,0.0,0.0,0.0,0.0,0.0,0.4122,False,False,False,False,7.1,0.28,7.7,False,64.2,综合行业,大飞机/核电核能/自贸区,20.3
000882,,0.1333,1.0,0.8122,0.0,0.0,0.5471,0.2232,0.3,0.0,0.0,0.0,0.0,0.0,0.3649,False,False,False,False,1.43,0.7,1.57,False,39.1,商业百货,保险重仓/信托重仓/券商重仓,26.7
000883,,0.0,1.0,0.8406,0.6633,0.6227,0.6561,0.5971,0.0,0.6786,1.0,0.0,0.0,1.0,0.3039,False,False,False,False,5.01,-0.2,4.96,True,324.6,电力行业,光伏/光伏概念/武汉规划,65.3
000885,,0.0,1.0,0.8962,0.237,0.0,0.7799,0.1644,0.3,0.202,0.0,0.0,0.0,1.0,0.5166,False,False,False,False,12.74,-0.78,13.39,False,81.8,水泥行业,碳中和/业绩预降,29.8
000886,,0.0666,1.0,0.803,0.0,0.0,0.6983,0.1415,0.0,0.0,0.0,0.0,0.0,0.0,0.5251,False,False,False,False,4.37,-0.68,5.14,False,42.7,公路桥梁,海南自贸,26.1
000887,,0.0,1.0,0.8001,0.8213,1.0,0.4769,0.4873,0.9,1.0,0.0,1.0,1.0,1.0,0.2,False,False,False,False,22.35,0.0,20.23,True,293.8,化工行业,皖江区域/汽车电子/保险重仓,59.2
000888,,0.0,1.0,0.9128,0.0,0.0,0.7924,0.1658,0.0,0.0,0.0,0.0,0.0,0.0,0.5187,False,False,False,False,9.88,-0.6,11.09,False,52.1,酒店旅游,白酒概念/成渝特区/社保重仓,27.5
000889,,0.0,0.4671,0.3991,0.1292,0.0,0.8517,0.0499,0.0,0.2258,0.0,0.0,0.0,0.7,0.5163,False,False,False,False,3.77,6.2,4.04,False,32.8,商业百货,小米概念,26.7
000890,,0.7905,1.0,0.6604,0.0275,0.0,0.8808,0.1501,0.0,0.0,0.0,0.0,0.0,0.0,0.5684,False,False,False,False,9.47,-1.56,11.17,False,39.7,钢铁行业,宽带提速/超导概念/参股金融,26.9
000892,,0.0,1.0,0.7148,0.0,0.0,0.7425,0.1774,0.3,0.0,0.0,0.0,0.0,0.0,0.604,False,False,False,False,3.76,0.53,4.83,False,26.7,电子信息,成渝特区/业绩预降,26.5
000893,,0.3262,0.0,0.3066,0.0,0.0,0.0,0.1618,0.6,0.0,0.0,0.0,0.0,0.0,0.5681,False,False,False,False,43.7,-9.99,50.36,False,354.8,食品行业,准ST股/业绩预升,28.5
000895,,0.8135,1.0,0.7819,0.1707,0.0,0.299,0.1457,0.0,0.0082,0.0,0.0,0.0,0.0,0.3704,False,False,False,False,23.54,-2.53,25.57,False,815.5,食品行业,融资融券/业绩预升/外资背景,28.5
000897,,0.8672,1.0,0.8208,0.0453,0.0,0.7453,0.1528,0.0,0.0,0.0,0.0,0.0,0.0,0.4393,False,False,False,False,1.82,-2.15,2.02,False,29.4,房地产,雄安新区/京津冀/天津自贸,29.6
000898,,0.0,1.0,0.8366,0.0,0.0,0.4547,0.135,0.0,0.0,0.0,0.0,0.0,0.0,0.4024,False,False,False,False,2.0,-1.96,2.17,False,159.2,钢铁行业,朝鲜改革/含H股/海工装备,26.9
000899,,0.9865,1.0,0.8284,0.6732,0.1593,0.7801,0.6302,0.9,0.3553,0.0,0.0,0.0,1.0,0.3554,False,False,False,False,12.55,-2.11,13.23,False,122.4,电力行业,光伏/核电核能/业绩预升,65.3
000901,,0.0,1.0,0.7969,0.0,0.0,0.6343,0.154,0.3,0.0,0.0,0.0,0.0,0.0,0.4713,False,False,False,False,18.49,0.6,21.1,False,147.6,飞机制造,大飞机/国防军工/军民融合,26.5
000903,,0.0,1.0,0.6732,0.0,0.0,0.3551,0.2889,0.0,0.0053,0.0,0.0,1.0,0.0,0.3363,False,False,False,False,2.02,-0.98,2.12,False,38.8,机械行业,业绩预升/节能环保,29.0
000905,,0.0,1.0,0.7667,0.0,0.0,0.5944,0.0999,0.0,0.0,0.0,0.0,0.0,0.0,0.533,False,False,False,False,8.77,-1.02,10.2,False,65.1,交通运输,海峡西岸/海上丝路,28.9
000906,,0.7032,1.0,0.7857,0.3564,0.0,0.8374,0.1983,0.0,0.0,0.0,0.0,0.0,1.0,0.4692,False,False,False,False,5.46,-2.5,6.04,False,38.3,商业百货,长株潭,26.7
000908,,0.7306,0.6214,0.5969,0.6996,0.0,0.0,0.19,0.3,0.0,0.0,0.0,0.0,0.7,0.4324,False,False,False,False,6.11,-5.27,6.82,False,53.8,生物制药,仿制药/长株潭/涉矿概念,24.5
000909,,0.47,1.0,0.7746,0.0,0.0,0.9236,0.2012,0.3,0.0,0.0,0.0,0.0,0.0,0.526,False,False,False,False,4.15,0.24,4.95,False,18.2,综合行业,,20.3
000910,,0.53,1.0,0.8755,0.0467,0.0,0.9687,0.2374,0.3,0.0,0.0,0.0,0.0,0.0,0.5149,False,False,False,False,5.89,0.0,6.52,False,32.2,家具行业,,35.0
000911,,0.8855,1.0,0.7276,0.0,0.0,0.3314,0.3044,0.6,0.0,0.0,0.0,0.0,0.0,0.5071,False,False,False,False,4.74,1.94,5.83,False,1897.5,食品行业,海上丝路,28.5
000912,,0.2789,1.0,0.837,0.0,0.0,0.84,0.1402,0.0,0.0,0.0,0.0,0.0,0.0,0.5188,False,False,False,False,3.58,-2.72,4.21,False,56.1,农药化肥,成渝特区/业绩预降/整体上市,20.2
000915,,0.0,1.0,0.9423,0.0247,0.0252,0.8724,0.2236,0.0,0.1937,0.0,0.0,0.5,0.0,0.3889,False,False,False,False,27.58,-0.51,28.77,False,64.6,生物制药,污水处理/高校背景/节能环保,24.5
000917,,0.0,1.0,0.7073,0.0,0.0,0.6154,0.1889,0.3,0.0,0.0,0.0,0.0,0.0,0.6638,False,False,False,False,7.13,0.99,8.46,False,101.1,传媒娱乐,华为概念/物联网/融资融券,21.0
000919,,0.0,1.0,0.8618,0.0,0.0,0.9987,0.1187,0.0,0.0,0.0,0.0,0.0,0.0,0.5708,False,False,False,False,6.21,-0.96,6.79,False,3861.2,生物制药,抗癌/民营医院/社保重仓,24.5
000920,,0.0,1.0,0.3375,0.7203,1.0,0.0,0.513,0.3,1.0,0.0,0.0,1.0,0.0,0.313,False,False,False,False,14.35,0.42,12.43,True,67.8,交通运输,盐湖提锂/污水处理/金融参股,28.9
000921,,0.2159,1.0,0.5317,1.0,1.0,0.0758,0.3231,0.9,1.0,0.0,0.0,1.0,1.0,0.298,False,False,False,False,28.31,-0.56,25.09,True,259.9,家电行业,含H股/业绩预升,31.7
000922,,0.0,0.0,0.3484,0.0,0.0,0.0,0.3786,0.9,1.0,0.0,0.0,0.5,1.0,0.4443,False,False,False,False,14.5,9.02,13.76,True,102.2,电器行业,核电核能,28.3
000923,,0.2073,1.0,0.834,0.0,0.0,0.5357,0.1594,0.3,0.0,0.0,0.0,0.0,0.0,0.5019,False,False,False,False,14.15,-2.14,16.88,False,88.8,机械行业,雄安新区/京津冀,29.0
000925,,0.0,1.0,0.6234,0.4173,0.1128,0.7574,0.2194,0.6,0.8037,0.0,1.0,0.5,1.0,0.3735,False,False,False,False,8.52,2.4,8.4,True,57.4,机械行业,污水处理/业绩预降,29.0
000926,,0.9467,0.9574,0.7829,0.6441,0.5874,0.5736,0.3627,0.9,0.1278,0.0,0.0,0.0,1.0,0.3812,False,False,False,False,2.08,-3.26,2.2,False,3272.3,房地产,光伏/光伏概念,29.6
000927,,0.1585,1.0,0.8425,0.0407,0.0,0.7537,0.2608,0.0,0.0,0.0,0.0,0.0,0.0,0.4537,False,False,False,False,2.49,-1.97,2.73,False,15065.4,汽车制造,融资融券/业绩预降/社保重仓,25.0
000928,,0.0,1.0,0.8391,0.0,0.0,0.6679,0.1212,0.0,0.0,0.0,0.0,0.0,0.0,0.4952,False,False,False,False,5.78,-0.34,6.27,False,82.9,建筑建材,碳中和/碳交易/朝鲜改革,23.8
000929,,0.0,0.5155,0.6203,0.3983,0.0,0.0,0.3703,0.3,0.5349,0.0,0.0,0.0,1.0,0.3259,False,False,False,False,10.04,5.91,10.18,False,18.6,酿酒行业,陕甘宁/参股金融,23.3
000930,,0.2175,1.0,0.8783,0.0,0.0,0.7323,0.1349,0.0,0.0,0.0,0.0,0.0,0.0,0.4735,False,False,False,False,4.87,-1.22,5.58,False,90.4,食品行业,生物燃料/整体上市/金融参股,28.5
000931,,0.0,1.0,0.8362,0.0,0.0,0.8192,0.1276,0.0,0.0,0.0,0.0,0.0,0.0,0.4334,False,False,False,False,4.04,-0.74,4.52,False,3034.2,房地产,分拆上市,29.6
000932,,0.2467,1.0,0.7749,0.0,0.0,0.3012,0.1178,0.3,0.0,0.0,0.0,0.0,0.0,0.4115,False,False,False,False,3.76,-2.34,4.45,False,257.7,钢铁行业,低碳经济/长株潭/外资背景,26.9
000935,,0.0,1.0,0.7245,0.4213,0.0,0.5921,0.2798,0.6,0.2968,0.0,0.0,0.5,1.0,0.4289,False,False,False,False,26.6,-1.85,28.06,False,203.1,水泥行业,成渝特区/外资背景/参股金融,29.8
000936,,0.0257,1.0,0.8316,0.0,0.0,0.89,0.1204,0.3,0.0,0.0,0.0,0.0,1.0,0.6319,False,False,False,False,5.89,-0.84,6.96,False,52.2,化纤行业,业绩预降/金融参股/参股金融,40.6
000937,,0.8548,0.9179,0.7549,0.4547,0.3004,0.2999,0.3281,0.6,0.1629,0.0,0.0,0.5,0.0,0.4207,False,False,False,False,5.25,-3.49,5.56,False,180.3,煤炭行业,稀缺资源/融资融券,44.3
000938,,0.0111,1.0,0.8313,0.3925,0.0,0.8079,0.1714,0.0,0.3278,0.0,1.0,0.0,0.7,0.354,False,False,False,False,26.78,1.13,27.96,False,765.9,电子信息,智能机器/机器人概念/高校背景,26.5
000948,,0.0209,1.0,0.8634,0.0,0.0,0.6796,0.1965,0.0,0.0,0.0,0.0,0.0,0.0,0.4756,False,False,False,False,12.64,-0.39,14.27,False,49.2,电子信息,碳中和/电子支付/参股金融,26.5
000949,,0.0,1.0,0.3294,0.2147,0.0,0.3039,0.4011,0.3,0.6914,0.0,0.0,0.5,0.7,0.3935,False,False,False,False,6.99,1.9,7.05,False,115.8,化纤行业,,40.6
000950,,0.1759,1.0,0.8371,0.0957,0.0,0.8411,0.2961,0.3,0.0,0.0,0.0,0.0,0.7,0.4173,False,False,False,False,5.24,-1.5,5.83,False,90.6,农药化肥,成渝特区/ST板块/业绩预降,20.2
000951,,0.3362,1.0,0.7375,0.6033,0.4978,0.6892,0.3589,0.3,0.7202,1.0,0.0,0.5,0.0,0.3523,False,False,False,False,22.13,-2.08,22.03,True,258.7,汽车制造,业绩预升/整体上市,25.0
000952,,0.0953,1.0,0.8065,0.0,0.0,0.7537,0.1153,0.0,0.0,0.0,0.0,0.0,1.0,0.4046,False,False,False,False,6.13,-1.13,6.9,False,21.1,生物制药,生物疫苗/维生素,24.5
000953,,0.3949,1.0,0.6918,0.0,0.0,0.5711,0.1672,0.0,0.0,0.0,0.0,0.0,0.0,0.5826,False,False,False,False,5.7,-2.4,6.57,False,20.9,农药化肥,金融参股,20.2
000955,,0.0,0.625,0.4167,0.0,0.0,0.1014,0.1397,0.3,0.0,0.0,0.0,0.0,0.0,0.5043,False,False,False,False,4.21,5.25,4.64,False,22.7,纺织行业,国防军工/海南自贸/军民融合,26.5
000957,,0.0,0.9821,0.7175,0.0461,0.0,0.6955,0.1484,0.0,0.1367,0.0,0.0,0.5,0.0,0.4058,False,False,False,False,10.29,-3.11,10.93,False,61.0,汽车制造,业绩预升/信托重仓,25.0
000958,,0.0,0.7436,0.647,0.3373,0.8007,0.0,0.5139,0.3,0.6706,0.0,0.0,1.0,0.0,0.3554,False,False,False,False,6.31,-4.54,6.19,True,339.7,电力行业,光伏/光伏概念/雄安新区,65.3
000959,,0.0,1.0,0.7076,0.0,0.0,0.2907,0.0581,0.6,0.0,0.0,0.0,0.0,0.0,0.5739,False,False,False,False,3.39,-0.88,4.04,False,252.6,钢铁行业,光伏概念/雄安新区,26.9
000960,,0.0,1.0,0.7312,0.7209,0.8752,0.1887,0.499,0.3,1.0,0.0,0.0,0.0,1.0,0.3409,False,False,False,False,41.64,0.53,37.62,True,68515.8,有色金属,稀缺资源/融资融券/保险重仓,62.0
000962,,0.0,0.6107,0.3268,1.0,1.0,0.2176,0.4823,0.3,1.0,0.0,0.0,0.5,1.0,0.3464,False,False,False,False,64.36,5.34,53.13,True,322.9,有色金属,光伏概念/ST板块/稀缺资源,62.0
000963,,0.0,1.0,0.8253,0.0,0.0,0.5652,0.2454,0.6,0.0,0.0,0.0,0.5,0.0,0.3859,False,False,False,False,28.26,-2.55,31.36,False,495.4,生物制药,仿制药/社保重仓/保险重仓,24.5
000965,,0.2849,1.0,0.7443,0.0578,0.0,0.5324,0.1879,0.3,0.006,0.0,0.0,0.0,0.0,0.3368,False,False,False,False,3.29,-2.95,3.53,False,36.5,房地产,大飞机/京津冀/天津自贸,29.6
000966,,0.4113,1.0,0.6371,0.7882,0.6585,0.688,0.5161,0.3,0.6515,1.0,0.0,0.0,1.0,0.3315,False,False,False,False,4.94,-0.4,4.93,True,161.1,电力行业,碳中和/光伏/碳交易,65.3
000967,,0.0,1.0,0.7743,0.5268,0.0,0.8929,0.174,0.0,0.4312,0.0,0.0,0.0,0.7,0.4391,False,False,False,False,10.35,0.1,10.95,False,34005.7,发电设备,垃圾分类/核电核能,26.5
000968,,0.6599,1.0,0.8003,0.0,0.0,0.851,0.1803,0.0,0.0,0.0,0.0,0.0,0.0,0.538,False,False,False,False,6.86,-2.14,8.05,False,66.4,煤炭行业,ST板块/融资融券/页岩气,44.3
000969,,0.0,0.8369,0.475,0.5397,1.0,0.0,0.4648,0.0,1.0,0.0,0.0,0.5,1.0,0.3529,False,False,False,False,25.35,3.98,22.47,True,26398.2,钢铁行业,氢能源/低碳经济/融资融券,26.9
000970,,0.0,0.0,0.2852,0.5066,1.0,0.0,0.2518,0.6,1.0,0.0,1.0,1.0,0.0,0.5921,False,False,True,False,14.77,9.98,12.51,True,17956.3,电子信息,低碳经济/融资融券/风能概念,26.5
000972,,0.0,1.0,0.8138,0.2387,0.0,0.7409,0.1503,0.0,0.2813,0.0,0.0,0.5,0.0,0.43,False,False,False,False,3.55,-0.84,3.7,False,27.4,食品行业,,28.5
000973,,0.0,0.6601,0.411,0.0,0.0,0.2367,0.2076,0.3,0.8922,0.0,0.0,0.5,0.0,0.3413,False,False,False,False,16.05,5.04,15.83,True,155.3,塑料制品,光伏概念/低碳经济/锂电池,54.0
000975,,0.0,1.0,0.7201,0.0,0.0,0.4681,0.2146,0.0,0.0,0.0,0.0,0.0,0.0,0.5929,False,False,False,False,21.65,-2.26,25.0,False,54718.9,,黄金概念/业绩预升,
000977,,0.0,1.0,0.8436,0.2203,0.0,0.7336,0.1665,0.6,0.3364,0.0,0.0,0.0,0.7,0.4637,False,False,False,False,62.3,-1.25,64.93,False,913.8,电子信息,国防军工/军工航天/国产软件,26.5
000978,,0.9258,1.0,0.8551,0.0278,0.0,0.8479,0.2774,0.0,0.0,0.0,0.0,0.0,0.0,0.3875,False,False,False,False,5.84,-2.34,6.68,False,27.3,酒店旅游,,27.5
000980,,0.1609,0.8724,0.4979,0.232,0.0,0.6065,0.2204,0.3,0.0,0.0,0.0,0.0,1.0,0.5782,False,False,False,False,2.3,-3.77,2.58,False,116.0,仪器仪表,皖江区域/业绩预升,29.4
000981,,0.0,1.0,0.6997,0.0,0.0,0.7291,0.4375,0.6,0.0,0.0,0.0,0.0,0.0,0.45,False,False,False,False,3.37,1.2,3.84,False,320.6,房地产,,29.6
000983,,1.0,1.0,0.8582,0.762,1.0,0.6258,0.4469,0.3,0.5314,0.0,0.0,0.5,1.0,0.3433,True,False,False,False,6.91,-1.99,7.0,False,392.3,煤炭行业,融资融券/保险重仓,44.3
000985,,0.5742,1.0,0.809,0.0,0.0,0.6151,0.0354,0.0,0.0,0.0,0.0,0.0,0.0,0.4614,False,False,False,False,15.96,-0.62,18.18,False,2069.0,化工行业,,59.2
000987,,0.0,1.0,0.8624,0.0,0.0,0.57,0.1801,0.0,0.1689,0.0,0.0,0.0,0.0,0.4368,False,False,False,False,7.76,0.13,8.27,False,389.0,商业百货,碳交易/内贸规划,26.7
000988,,0.0,1.0,0.6861,1.0,1.0,0.5948,0.5015,0.3,1.0,0.0,0.0,0.5,0.7,0.3482,False,False,False,False,164.0,1.88,137.96,True,1648.2,仪器仪表,华为概念/物联网/武汉规划,29.4
000989,,0.0,1.0,0.8596,0.0758,0.0,0.8458,0.1404,0.0,0.0845,0.0,0.0,0.5,0.0,0.4879,False,False,False,False,7.96,-1.36,8.47,False,5525.5,生物制药,长株潭/业绩预升/参股金融,24.5
000990,,0.0,1.0,0.7566,0.1508,0.0,0.7722,0.2111,0.0,0.1107,0.0,0.0,0.0,0.0,0.4687,False,False,False,False,9.05,0.11,9.83,False,110.0,化工行业,碳中和/民营医院/高校背景,59.2
000993,,0.9062,1.0,0.7975,0.3987,0.0,0.8453,0.4456,0.3,0.0,0.0,0.0,0.0,1.0,0.5676,False,False,False,False,11.8,-0.42,13.3,False,51.9,电力行业,碳中和/光伏/碳交易,65.3
000995,,0.464,1.0,0.64,0.0,0.0,0.6704,0.2019,0.3,0.0,0.0,0.0,0.0,0.0,0.5339,False,False,False,False,10.88,-2.07,13.11,False,19.3,酿酒行业,白酒概念/ST板块/陕甘宁,23.3
000997,,0.3235,1.0,0.8174,0.0,0.0,0.6949,0.3512,0.6,0.0,0.0,0.0,0.0,1.0,0.4813,False,False,False,False,17.81,-2.41,21.12,False,179.4,电子信息,海峡西岸/物联网/电子支付,26.5
000998,,0.089,1.0,0.8091,0.0,0.0,0.6472,0.1986,0.6,0.0,0.0,0.0,0.0,0.0,0.4202,False,False,False,False,8.16,-2.63,8.92,False,107.3,农林牧渔,乡村振兴/长株潭/生物育种,26.1
001201,,0.0,1.0,0.8342,0.0,0.0,0.8842,0.1769,0.6,0.0,0.0,0.0,0.0,0.0,0.4347,False,False,False,False,11.22,-0.36,12.42,False,22.6,,,
001202,,0.1532,1.0,0.7787,0.0,0.0,0.6065,0.0947,0.0,0.0,0.0,0.0,0.0,0.0,0.4312,False,False,False,False,14.56,0.69,16.07,False,17.0,,,
001203,,0.0,0.0,0.5158,0.4547,0.0,0.3682,0.0691,0.0,0.4419,0.0,0.0,0.5,0.0,0.4872,False,False,False,False,37.33,-9.02,39.83,False,487.5,,,
001206,,0.0,1.0,0.6847,0.0,0.0,0.0,0.3763,0.6,0.0,0.0,0.0,0.5,0.0,0.347,False,False,False,False,17.62,0.4,18.6,False,18.8,,,
001207,,0.0,1.0,0.8365,0.2505,0.0,0.8522,0.6718,0.3,0.1492,0.0,0.0,0.0,0.0,0.4721,False,False,False,False,17.82,-0.67,19.04,False,52.1,,,
001208,,0.0,1.0,0.833,0.0,0.0,0.8059,0.3051,0.3,0.0,0.0,0.0,0.0,0.0,0.4771,False,False,False,False,15.92,-0.31,18.26,False,5074.2,,专精特新,
001209,,0.469,1.0,0.7504,0.2021,0.0,0.7478,0.1813,0.0,0.0,0.0,0.0,0.0,1.0,0.4271,False,False,False,False,18.46,-1.28,20.64,False,17.7,,,
001210,,0.9305,1.0,0.7168,1.0,0.0,0.3624,0.3941,1.0,0.1901,0.0,0.0,0.0,1.0,0.415,False,False,False,False,23.66,0.51,25.68,False,2254.8,,,
001211,,0.0,0.7884,0.5015,0.8069,0.0,0.2747,0.4229,0.0,0.2957,0.0,0.0,0.5,0.7,0.4173,False,False,False,False,36.1,-4.27,38.81,False,24.2,,,
001212,,0.6204,0.7946,0.6872,0.4038,0.0,0.5094,0.1811,0.3,0.066,0.0,0.0,0.0,1.0,0.4257,False,False,False,False,47.97,-4.23,51.95,False,8339.5,,,
001213,,0.7234,1.0,0.8531,0.1464,0.0,0.3082,0.0996,0.3,0.0,0.0,0.0,0.0,0.0,0.3703,False,False,False,False,3.56,-1.93,3.88,False,158.2,,,
001215,,0.0,1.0,0.6683,0.4758,0.4253,0.6735,0.3046,0.6,0.7601,0.0,0.0,0.5,0.7,0.3725,False,False,False,False,41.64,2.06,41.18,True,4035.0,,,
001216,,0.0,1.0,0.6641,0.0031,0.0,0.3847,0.1666,0.6,0.2079,0.0,0.0,0.0,0.0,0.3907,False,False,False,False,16.23,2.2,17.15,False,3985.3,,,
001218,,0.0,0.9796,0.7736,0.4051,0.1834,0.6764,0.2593,0.3,0.5481,0.0,0.0,0.5,1.0,0.3555,False,False,False,False,24.82,-3.12,25.29,False,29.3,,,
001219,,0.8213,1.0,0.8224,0.1237,0.0,0.8303,0.0485,0.0,0.0,0.0,0.0,0.0,0.0,0.4528,False,False,False,False,12.52,-1.88,13.94,False,23.8,,,
001221,,0.0,1.0,0.7714,0.0,0.0,0.6641,0.0933,0.6,0.0,0.0,0.0,0.0,0.0,0.5041,False,False,False,False,44.35,-2.53,54.1,False,16.0,次新股,,26.6
001222,,0.1251,1.0,0.7985,0.0,0.0,0.6337,0.0839,0.0,0.0,0.0,0.0,0.0,0.0,0.5284,False,False,False,False,14.68,-1.41,17.41,False,16.6,,,
001223,,0.0,1.0,0.5556,0.0,0.0,0.2975,0.2853,0.9,0.0,0.0,1.0,0.0,0.7,0.4697,False,False,False,False,45.3,0.33,53.27,False,22.6,,,
001225,,0.5727,1.0,0.6217,0.0,0.0,0.7162,0.1925,0.3,0.0,0.0,0.0,0.0,0.0,0.6703,False,False,False,False,42.77,-2.15,50.8,False,899.8,,,
001226,,0.1662,1.0,0.7272,0.8108,0.9655,0.608,0.4788,0.6,0.8804,1.0,0.0,0.5,1.0,0.3238,False,False,False,False,50.06,0.42,49.04,True,17.0,,专精特新,
001227,,0.0,1.0,0.876,0.2773,0.3247,0.5494,0.1992,0.0,0.4081,0.0,0.0,0.5,0.0,0.4123,False,False,False,False,2.14,-0.47,2.18,False,90.3,,,
001228,,0.0,1.0,0.733,0.054,0.0,0.6047,0.2548,0.0,0.0,0.0,0.0,0.5,0.0,0.4517,False,False,False,False,27.01,0.15,29.45,False,2157.1,,,
001229,,0.8244,1.0,0.5839,0.0,0.0,0.0,0.5954,0.3,0.0,0.0,0.0,0.0,0.0,0.4072,False,False,False,False,28.38,2.38,35.34,False,15.0,,,
001230,,0.0,1.0,0.7237,0.4585,0.4379,0.1524,0.3823,0.0,1.0,0.0,0.0,1.0,0.7,0.4024,False,False,False,False,27.07,2.93,25.67,True,21.3,,专精特新,
001231,,0.3209,1.0,0.7426,0.0,0.0,0.5704,0.0987,0.0,0.0,0.0,0.0,0.0,1.0,0.4006,False,False,False,False,20.17,-0.15,22.79,False,10.3,,,
001233,,0.0,0.9093,0.7396,0.0,0.0,0.5697,0.1408,0.6,0.0,0.0,0.0,0.5,0.0,0.5283,False,False,False,False,50.62,-3.54,57.61,False,17.9,次新股,,26.6
001234,,0.0,1.0,0.621,0.0,0.0,0.8663,0.2216,0.0,0.0,0.0,0.0,0.0,0.0,0.5005,False,False,False,False,23.27,1.75,25.62,False,21.3,,,
001236,,0.0,1.0,0.8573,0.0,0.0,0.4585,0.1644,0.0,0.0,0.0,0.0,0.0,0.0,0.4609,False,False,False,False,7.88,-0.76,8.76,False,59.7,,,
001238,,0.0,0.9742,0.713,0.0,0.0,0.1321,0.0729,0.3,0.0,0.0,0.0,0.5,0.0,0.6617,False,False,False,False,29.47,-3.15,41.0,False,30.6,,,
001239,,0.0,0.2125,0.3811,0.0,0.1061,0.0,0.3187,0.6,0.8458,0.0,0.0,0.5,0.0,0.3355,False,False,False,False,15.2,7.73,14.46,True,17.3,,,
001255,,0.0,1.0,0.7576,0.0,0.0,0.6808,0.1195,0.0,0.0,0.0,0.0,0.0,0.0,0.4886,False,False,False,False,29.15,0.0,33.42,False,2071.3,,专精特新,
001256,,0.0,1.0,0.6833,0.5134,0.6721,0.0,0.2656,0.6,1.0,0.0,0.0,0.5,0.7,0.3543,False,False,False,False,25.73,-0.62,23.92,True,27.5,,,
001258,,0.9687,1.0,0.6527,0.5877,0.0,0.7376,0.3945,0.3,0.0,0.0,0.0,0.0,0.7,0.5831,False,False,False,False,7.91,0.51,9.3,False,73.8,,,
001259,,0.498,0.0451,0.22,1.0,1.0,0.0,0.2606,0.0,1.0,1.0,0.0,0.0,1.0,0.4034,False,False,False,False,64.51,-8.73,57.25,True,30.7,,,
001266,,0.0,0.0,0.2515,1.0,1.0,0.7466,0.3755,0.0,1.0,0.0,1.0,0.0,1.0,0.3915,False,False,False,False,50.16,10.0,43.43,True,29.2,,专精特新,
001267,,0.0,1.0,0.3609,1.0,0.0,0.4186,0.3225,0.0,1.0,1.0,0.0,0.0,0.7,0.2446,False,False,False,False,53.0,0.61,50.8,True,322.5,,,
001268,,0.0,1.0,0.6859,1.0,1.0,0.5808,0.3697,0.0,1.0,0.0,0.0,0.5,0.7,0.3812,False,False,False,False,41.47,-2.79,38.54,True,28.0,,,
001269,,0.3475,1.0,0.5988,1.0,1.0,0.2459,0.4325,0.3,1.0,0.0,1.0,1.0,1.0,0.2923,False,False,False,False,27.34,-0.29,25.03,True,52.6,,,
001277,,0.0343,1.0,0.8371,0.0,0.0,0.6772,0.1075,0.0,0.0,0.0,0.0,0.0,0.0,0.4241,False,False,False,False,30.33,-1.21,34.22,False,1381.5,,,
001278,,0.6119,1.0,0.751,0.0,0.0,0.6755,0.1428,0.6,0.0,0.0,0.0,0.0,0.0,0.4745,False,False,False,False,16.95,0.47,19.96,False,1446.0,,,
001279,,0.0816,1.0,0.8297,0.0,0.0,0.8253,0.2914,0.9,0.0,0.0,0.0,0.0,0.0,0.6648,False,False,False,False,26.27,-1.31,30.17,False,10.5,,,
001280,,0.0,1.0,0.6989,0.0,0.0,0.2166,0.3833,0.6,0.0,0.0,0.0,0.5,0.0,0.3099,False,False,False,False,73.97,2.18,76.56,False,116.9,次新股,,26.6
001282,,0.0,0.273,0.2564,0.0,0.0,0.1769,0.1738,0.6,0.4144,0.0,0.0,0.0,0.0,0.3663,False,False,False,False,19.25,7.36,19.5,False,15.0,,,
001286,,0.2174,1.0,0.802,0.8736,0.886,0.6989,0.2947,0.3,0.8789,1.0,0.0,0.0,0.7,0.2812,False,False,False,False,12.07,-0.41,11.78,True,162.9,,,
001287,,0.0,1.0,0.7173,0.5913,0.1196,0.6828,0.4056,0.6,0.8222,0.0,1.0,0.0,0.7,0.2579,False,False,False,False,26.92,1.93,26.45,True,20456.5,,,
001288,,0.0,1.0,0.7698,0.0,0.0,0.2309,0.2597,0.9,0.3341,0.0,0.0,0.5,0.0,0.3802,False,False,False,False,26.44,0.34,27.25,False,40.2,,,
001289,,0.9132,1.0,0.8372,0.8427,0.9153,0.68,0.408,0.0,0.6597,1.0,1.0,0.5,1.0,0.3347,True,False,False,False,17.61,0.0,17.54,True,887.7,,碳中和,
001299,,0.5222,1.0,0.805,0.7976,0.0,0.8807,0.37,0.0,0.2669,0.0,0.0,0.0,0.7,0.422,False,False,False,False,10.78,-1.46,11.43,False,3049.4,,,
001313,,0.0,1.0,0.8462,0.3288,0.0,0.812,0.135,0.3,0.0,0.0,0.0,0.5,0.7,0.4336,False,False,False,False,7.32,-0.68,8.03,False,51.2,,,
002597,,0.0,0.7225,0.538,0.0,0.0,0.2387,0.2334,0.9,0.3561,0.0,0.0,0.5,0.0,0.4131,False,False,False,False,21.05,-4.66,21.76,False,119.4,化工行业,皖江区域,59.2
002598,,0.0,1.0,0.8146,0.0,0.0,0.8815,0.2004,0.3,0.0,0.0,0.0,0.0,0.0,0.4357,False,False,False,False,7.31,1.67,7.96,False,20.9,机械行业,钠电池/固态电池/黄河三角,29.0
002599,,0.4906,1.0,0.7816,0.0,0.0,0.6295,0.2434,0.3,0.0,0.0,0.0,0.0,0.0,0.559,False,False,False,False,5.81,0.17,6.71,False,23.1,印刷包装,,26.0
002600,,0.0,0.7797,0.5168,0.5197,0.3326,0.5029,0.445,0.3,1.0,0.0,0.0,0.0,1.0,0.351,False,False,False,False,15.69,4.32,14.86,True,1129.6,电子器件,小米概念/金融改革/业绩预降,74.0
002601,,0.0,1.0,0.8088,0.0,0.0,0.565,0.2836,0.3,0.1126,0.0,0.0,0.5,0.0,0.3275,False,False,False,False,15.4,-1.85,16.33,False,306.1,化工行业,业绩预降,59.2
002603,,0.0,0.6421,0.8493,0.1635,0.0,0.6034,0.2435,0.0,0.0729,0.0,0.0,0.5,0.0,0.5133,False,False,False,False,15.11,-5.15,16.24,False,208.0,生物制药,基因概念,24.5
002605,,0.0,1.0,0.8168,0.0,0.0,0.464,0.212,0.3,0.0,0.0,0.0,0.0,0.0,0.3886,False,False,False,False,18.83,-0.48,20.15,False,63.6,,免疫治疗/网络游戏,
002606,,0.0,1.0,0.6904,0.9218,0.0,0.775,0.2842,0.3,0.7908,1.0,1.0,0.0,0.7,0.2829,False,False,False,False,14.14,2.61,14.11,True,59.5,电器行业,,28.3
002607,,0.5986,1.0,0.7756,0.0,0.0,0.2595,0.0872,0.3,0.0,0.0,0.0,0.0,0.0,0.4219,False,False,False,False,2.04,-1.92,2.44,False,113.1,汽车制造,皖江区域/参股金融,25.0
002608,,0.767,1.0,0.6448,1.0,1.0,0.4601,0.6603,0.6,1.0,1.0,0.0,0.5,1.0,0.366,True,False,False,False,9.1,1.0,8.71,True,343.8,船舶制造,固态电池/ST板块/海工装备,27.2
002609,,0.0,1.0,0.7241,0.0,0.0,0.5775,0.3221,0.0,0.0,0.0,0.0,0.0,0.0,0.3663,False,False,False,False,7.57,1.07,8.26,False,34.7,电子信息,电子支付,26.5
002611,,0.0,1.0,0.8032,0.5078,0.6575,0.582,0.3953,0.6,0.7904,0.0,0.0,0.0,1.0,0.3775,False,False,False,False,18.46,-0.91,18.0,True,185.0,机械行业,国防军工/军民融合/节能环保,29.0
002613,,0.3123,1.0,0.5964,1.0,1.0,0.0,0.2131,0.3,1.0,0.0,1.0,0.5,1.0,0.2591,False,False,False,False,4.87,1.67,4.4,True,37.7,机械行业,碳中和/光伏/HIT电池,29.0
002615,,0.5264,1.0,0.697,0.366,0.0,0.3442,0.2479,0.0,0.2038,0.0,0.0,0.0,1.0,0.3438,False,False,False,False,7.65,2.27,8.1,False,23.1,钢铁行业,金融改革/业绩预升,26.9
002616,,0.8235,1.0,0.8522,0.246,0.0,0.7633,0.212,0.0,0.0,0.0,0.0,0.0,0.0,0.344,False,False,False,False,4.92,-0.81,5.56,False,28.9,环保行业,雄安新区/固废处理/节能环保,28.2
002617,,0.0,1.0,0.7542,0.7022,0.534,0.4612,0.5133,0.9,0.8976,0.0,0.0,0.5,1.0,0.3432,False,False,False,False,9.02,0.78,8.64,True,169.4,有色金属,光伏/光伏概念/锂电池,62.0
002620,,0.0,1.0,0.5391,0.0,0.0,0.5261,0.041,0.0,0.0,0.0,0.0,0.0,0.0,0.6408,False,False,False,False,6.09,2.7,7.53,False,19.2,建筑建材,光伏/光伏概念,23.8
002622,,0.49,1.0,0.5942,0.0122,0.0,0.2362,0.1316,0.0,0.0,0.0,0.0,0.0,1.0,0.4285,False,False,False,False,2.3,0.0,2.61,False,19.3,发电设备,朝鲜改革/民营银行,26.5
002623,,0.3047,1.0,0.7021,0.0,0.0,0.727,0.1958,0.6,0.0,0.0,0.0,0.0,0.0,0.4757,False,False,False,False,17.57,1.97,20.41,False,3490.0,玻璃行业,光伏/光伏概念/业绩预降,82.0
002624,,0.665,1.0,0.6467,0.0,0.0,0.5702,0.2495,0.3,0.0,0.0,1.0,0.0,0.0,0.3611,False,False,False,False,13.32,0.83,15.68,False,243.5,传媒娱乐,金融改革,21.0
002625,,0.0,1.0,0.8503,0.0407,0.0,0.6775,0.2487,0.6,0.1495,0.0,0.0,0.5,0.0,0.3519,False,False,False,False,38.0,-0.78,40.05,False,818.8,汽车制造,国防军工,25.0
002626,,0.5089,1.0,0.8244,0.0,0.0,0.751,0.2426,0.3,0.0,0.0,0.0,0.0,0.0,0.5527,False,False,False,False,14.05,-2.63,16.0,False,85.7,食品行业,海峡西岸/维生素,28.5
002627,,0.3216,1.0,0.7172,0.0,0.0,0.7214,0.2546,0.3,0.0,0.0,0.0,0.0,0.0,0.4219,False,False,False,False,6.55,-0.76,7.23,False,47.0,交通运输,,28.9
002628,,0.0,1.0,0.8155,0.3766,0.0,0.7792,0.1863,0.0,0.3289,0.0,0.0,0.0,0.7,0.3671,False,False,False,False,4.95,-2.17,5.18,False,37.3,建筑建材,成渝特区/业绩预升,23.8
002629,,0.6968,0.9569,0.6062,0.0,0.0,0.0,0.0,0.3,0.0,0.0,0.0,0.0,0.0,0.5777,False,False,False,False,4.75,-3.26,6.0,False,17.2,石油行业,成渝特区/油气改革,22.2
002630,,0.0,0.6274,0.6859,0.0,0.3725,0.8472,0.2775,0.3,0.5797,0.0,0.0,1.0,0.0,0.4831,False,False,False,False,2.01,5.24,1.95,True,21.6,机械行业,碳中和/光伏/成渝特区,29.0
002631,,0.0,1.0,0.6805,0.7857,0.893,0.6164,0.2699,0.0,1.0,0.0,0.0,1.0,0.7,0.3103,False,False,False,False,7.76,-2.14,7.38,True,61.6,家具行业,锂电池,35.0
002632,,0.0563,1.0,0.6724,0.0,0.0,0.6501,0.3073,0.0,0.0088,0.0,1.0,0.0,0.0,0.277,False,False,False,False,10.08,1.1,10.96,False,57.9,化工行业,锂电池/业绩预降,59.2
002633,,0.0,1.0,0.7864,0.2529,0.0,0.7448,0.1816,0.0,0.0853,0.0,0.0,0.0,0.7,0.3704,False,False,False,False,16.61,-1.42,17.9,False,2481.8,机械行业,,29.0
002634,,0.0,0.8603,0.5152,0.0,0.0,0.6483,0.2137,0.0,0.1868,0.0,0.0,0.5,0.0,0.4472,False,False,False,False,5.14,3.84,5.43,False,2273.1,服装鞋类,金融改革,23.7
002637,,0.0,1.0,0.696,0.4024,0.7404,0.5138,0.4152,0.6,0.8216,0.0,0.0,0.5,0.0,0.4019,False,False,False,False,12.36,-1.12,12.15,True,57.5,化工行业,食品安全,59.2
002638,,0.2808,1.0,0.8207,0.6451,0.0,0.6749,0.2932,0.3,0.5209,0.0,0.0,0.0,0.7,0.364,False,False,False,False,4.09,0.0,4.24,False,55.3,电子器件,绿色照明,74.0
002639,,0.0,1.0,0.7541,0.0,0.0,0.6389,0.2896,0.3,0.0,0.0,0.0,0.0,0.0,0.4172,False,False,False,False,15.19,1.88,17.02,False,99.2,机械行业,碳中和/氢能源/海峡西岸,29.0
002640,,0.0,1.0,0.5568,0.2178,0.0,0.4484,0.3108,0.3,0.2582,0.0,0.0,0.0,1.0,0.3757,False,False,False,False,3.65,1.11,3.78,False,56.5,服装鞋类,民营银行,23.7
002642,,0.3333,1.0,0.5971,0.1787,0.0,0.6288,0.1751,0.6,0.0,0.0,0.0,0.0,1.0,0.5564,False,False,False,False,7.08,1.87,8.07,False,46.8,电子信息,碳中和/物联网/基因概念,26.5
002643,,0.0,0.6935,0.5492,0.1238,0.0,0.0802,0.3811,0.6,1.0,0.0,0.0,0.5,1.0,0.3689,False,False,False,False,16.9,4.84,15.95,True,153.7,化工行业,黄河三角,59.2
002644,,0.0,1.0,0.8151,0.0,0.0,0.6898,0.2169,0.0,0.1304,0.0,0.0,0.0,0.0,0.3897,False,False,False,False,7.58,0.13,8.01,False,3870.8,生物制药,送转潜力/陕甘宁,24.5
002645,,0.0,0.0,0.2476,1.0,1.0,0.5827,0.495,0.3,1.0,0.0,1.0,0.5,0.7,0.2894,False,False,False,False,33.63,10.01,26.97,True,188.0,机械行业,垃圾分类/固废处理/节能环保,29.0
002646,,0.6249,1.0,0.8557,0.0,0.0,0.6334,0.176,0.6,0.0,0.0,0.0,0.0,0.0,0.427,False,False,False,False,6.84,-1.3,7.72,False,32.5,酿酒行业,白酒概念,23.3
002647,,0.912,1.0,0.7772,1.0,0.5346,0.9105,0.0582,0.3,0.9034,1.0,0.0,0.5,0.7,0.3784,True,False,False,False,11.53,-1.2,11.49,True,117.1,电器行业,,28.3
002648,,0.661,0.8267,0.7937,0.2283,0.0,0.3554,0.1728,0.3,0.0,0.0,0.0,0.0,0.0,0.4555,False,False,False,False,22.33,-4.04,24.82,False,751.7,化工行业,光伏,59.2
002649,,0.2959,1.0,0.8059,0.0,0.0,0.5879,0.2253,0.6,0.0,0.0,1.0,0.0,0.0,0.5139,False,False,False,False,8.97,0.45,10.56,False,48.1,电子信息,业绩预升/送转潜力/本月解禁,26.5
002650,,0.7342,1.0,0.8118,0.6987,0.2738,0.7565,0.1921,0.0,0.5601,0.0,0.0,0.0,0.7,0.3444,True,False,False,False,7.27,-2.28,7.36,False,8048.2,食品行业,长株潭,28.5
002651,,0.0,1.0,0.8934,0.0,0.0,0.7588,0.2035,0.9,0.0,0.0,0.0,0.0,0.0,0.4562,False,False,False,False,8.09,-0.49,8.98,False,4574.6,机械行业,大飞机/国防军工/军民融合,29.0
002652,,0.0,0.7132,0.2847,0.561,0.0,0.4945,0.1288,0.3,0.2683,0.0,0.0,0.0,0.7,0.3775,False,False,False,False,4.88,4.72,5.2,False,25.0,建筑建材,,23.8
002653,,0.0,1.0,0.8559,0.1757,0.0,0.8108,0.1856,0.0,0.1545,0.0,0.0,0.5,0.0,0.4042,False,False,False,False,48.39,-1.35,51.27,False,259.7,生物制药,金融改革,24.5
002654,,0.0,1.0,0.7754,0.6415,0.7628,0.6249,0.3138,0.3,1.0,0.0,0.0,0.5,1.0,0.2677,False,False,False,False,16.88,1.56,15.56,True,142.7,电子器件,绿色照明,74.0
002655,,0.0,0.8961,0.5169,1.0,1.0,0.7713,0.3674,0.0,1.0,0.0,0.0,0.0,0.7,0.3067,False,False,False,False,37.18,3.62,31.23,True,135.0,电子器件,无线耳机/小米概念/黄河三角,74.0
002656,,0.4813,1.0,0.6875,0.8866,0.437,0.4091,0.3227,0.3,0.6178,0.0,1.0,0.0,0.7,0.3929,False,False,False,False,3.21,0.31,3.24,False,21.7,服装鞋类,,23.7
002657,,0.0,0.6304,0.7193,0.0,0.6679,0.0,0.434,0.3,0.2294,0.0,0.0,1.0,0.0,0.5451,False,False,False,False,20.71,-5.22,21.17,False,69.6,电子信息,国产软件,26.5
002658,,0.0,1.0,0.8965,0.0508,0.0,0.8629,0.3746,0.6,0.3786,0.0,0.0,0.5,0.0,0.4399,False,False,False,False,8.27,-1.19,8.52,False,29.7,仪器仪表,碳中和/碳交易/本月解禁,29.4
002659,,0.3834,1.0,0.8378,0.0,0.0,0.6766,0.1005,0.0,0.0,0.0,0.0,0.0,0.0,0.5153,False,False,False,False,4.12,0.24,4.84,False,2464.9,建筑建材,业绩预降,23.8
002660,,0.0393,1.0,0.6786,0.0,0.0,0.465,0.2031,0.0,0.0,0.0,0.0,0.0,0.0,0.4471,False,False,False,False,7.41,2.07,8.23,False,25.4,发电设备,光伏/光伏概念/绿色照明,26.5
002661,,0.6933,1.0,0.893,0.0,0.0,0.6142,0.0955,0.0,0.0,0.0,0.0,0.0,0.0,0.3516,False,False,False,False,7.45,-0.4,8.32,False,23.7,食品行业,长株潭/民营银行/送转潜力,28.5
002662,,0.0,1.0,0.7333,0.0,0.0,0.6091,0.2407,0.6,0.3135,0.0,0.0,0.5,1.0,0.4135,False,False,False,False,3.56,1.71,3.67,False,53.4,汽车制造,,25.0
002663,,0.5192,1.0,0.7619,0.0,0.0,0.7243,0.1069,0.0,0.0,0.0,0.0,0.0,1.0,0.5721,False,False,False,False,1.68,0.0,2.02,False,28.7,建筑建材,固废处理/业绩预升/本月解禁,23.8
002664,,0.0,1.0,0.6894,0.0,0.0,0.5481,0.405,0.6,0.1227,0.0,0.0,0.0,1.0,0.4827,False,False,False,False,19.56,0.15,20.61,False,78.7,电器行业,汽车电子/送转潜力/QFII重仓,28.3
002666,,0.0,1.0,0.7874,0.0,0.0,0.5753,0.2702,0.3,0.0,0.0,0.0,0.0,0.0,0.387,False,False,False,False,4.41,0.46,4.88,False,22.1,化工行业,,59.2
002667,,1.0,0.6696,1.0,0.0,0.0,1.0,0.4528,0.3,0.0,0.0,0.0,0.5,0.0,0.5473,False,False,False,False,16.21,-4.98,22.04,False,38.4,机械行业,,29.0
002668,,0.0,1.0,0.841,0.4143,0.7385,0.3883,0.3155,0.3,0.8239,0.0,0.0,1.0,1.0,0.3922,False,False,False,False,9.92,-1.39,9.55,True,10754.4,家电行业,,31.7
002670,,0.0,1.0,0.4828,0.0,0.0,0.0,0.5245,0.3,0.0085,0.0,0.0,0.5,0.0,0.3191,False,False,False,False,12.07,2.9,12.73,False,195.9,电器行业,,28.3
002671,,0.3962,1.0,0.8203,0.0,0.0,0.6109,0.1086,0.3,0.0,0.0,0.0,0.0,0.0,0.4872,False,False,False,False,4.06,-0.49,4.65,False,22.4,建筑建材,黄河三角/送转潜力,23.8
002672,,0.0,0.0,0.1149,0.0,0.0,0.0,0.2243,0.0,0.1522,0.0,0.0,0.0,0.0,0.4871,False,False,False,False,3.89,9.89,4.07,False,3520.9,环保行业,碳中和/垃圾分类/含H股,28.2
002673,,0.0,1.0,0.8891,0.0,0.0,0.4792,0.1854,0.0,0.1595,0.0,0.0,0.5,0.0,0.4282,False,False,False,False,6.61,0.0,6.91,False,295.4,金融行业,陕甘宁,38.4
002674,,0.0,0.8594,0.6436,0.9515,1.0,0.0091,0.404,0.6,1.0,0.0,0.0,1.0,1.0,0.3097,False,False,False,False,16.01,-3.84,14.58,True,46.8,服装鞋类,海峡西岸/参股金融,23.7
002675,,0.0,1.0,0.8176,0.2122,0.1124,0.5761,0.2311,0.0,0.3239,0.0,0.0,0.0,0.0,0.4059,False,False,False,False,12.64,1.69,12.94,False,94.0,生物制药,专精特新/黄河三角,24.5
002676,,0.0,1.0,0.8043,0.0,0.0,0.7412,0.1146,0.0,0.0,0.0,0.0,0.5,0.0,0.3586,False,False,False,False,5.68,-1.9,6.29,False,40.9,塑料制品,,54.0
002677,,0.5331,1.0,0.7907,0.0,0.0,0.679,0.2285,0.6,0.0,0.0,0.0,0.0,0.0,0.5582,False,False,False,False,6.55,-2.09,7.59,False,36.1,家电行业,,31.7
002678,,1.0,0.7927,0.7048,0.5961,0.0,0.5386,0.2998,0.0,0.0,0.0,0.0,0.0,0.7,0.5666,False,False,False,False,5.19,-4.24,5.79,False,7045.8,,,
002679,,0.3048,1.0,0.7677,0.0,0.0,0.6787,0.0621,0.0,0.0,0.0,0.0,0.0,0.0,0.5298,False,False,False,False,8.65,0.46,10.03,False,20.4,农林牧渔,碳中和/碳交易/海峡西岸,26.1
002681,,0.0,1.0,0.5317,0.1449,0.0,0.461,0.5228,0.6,0.0,0.0,1.0,0.0,1.0,0.4525,False,False,False,False,4.97,2.69,5.42,False,78.0,家电行业,无线耳机/小米概念/智能穿戴,31.7
002682,,0.0,1.0,0.7101,0.0,0.0,0.4527,0.2164,0.0,0.0,0.0,0.0,0.0,0.0,0.5226,False,False,False,False,4.9,1.45,5.66,False,2755.6,交通运输,海峡西岸,28.9
002683,,0.0,1.0,0.7698,0.0,0.0,0.6331,0.1971,0.0,0.0,0.0,0.0,0.0,0.0,0.4924,False,False,False,False,30.53,-0.55,36.0,False,203.5,化工行业,军民融合/业绩预升,59.2
002685,,0.489,1.0,0.7197,0.163,0.0,0.7734,0.1017,0.3,0.0,0.0,0.0,0.0,0.7,0.5645,False,False,False,False,6.65,-0.15,7.71,False,67.0,机械行业,,29.0
002686,,0.0349,1.0,0.7535,0.0,0.0,0.8547,0.194,0.0,0.0,0.0,0.0,0.0,0.0,0.499,False,False,False,False,5.96,0.17,6.78,False,31.2,机械行业,专精特新,29.0
002687,,0.0,0.8647,0.701,0.0363,0.0,0.348,0.1217,0.3,0.0559,0.0,0.0,0.0,0.0,0.4756,False,False,False,False,4.29,-3.81,4.61,False,17.7,服装鞋类,,23.7
002688,,0.0,1.0,0.841,0.0,0.0,0.7706,0.182,0.3,0.0,0.0,0.0,0.0,0.0,0.479,False,False,False,False,5.05,0.4,5.6,False,37.7,生物制药,污水处理,24.5
002690,,0.0,0.9653,0.7315,0.0,0.0,0.0416,0.1501,0.0,0.0158,0.0,0.0,0.0,0.0,0.5159,False,False,False,False,15.12,3.21,16.22,False,65.6,机械行业,抗癌,29.0
002691,,0.236,0.6685,0.436,0.0,0.0,0.6967,0.1974,0.0,0.0,0.0,0.0,0.0,0.0,0.6287,False,False,False,False,4.84,4.99,6.0,False,16.3,机械行业,雄安新区/京津冀,29.0
002692,,0.1601,1.0,0.6991,0.0,0.0,0.8067,0.1614,0.0,0.0,0.0,0.0,0.0,0.0,0.6095,False,False,False,False,4.29,1.9,5.1,False,30.8,电力行业,,65.3
002693,,0.284,0.9849,0.6983,0.8749,0.0,0.0,0.0,0.0,0.295,0.0,0.0,0.0,0.7,0.4152,False,False,False,False,8.78,-3.09,9.24,False,36.1,生物制药,仿制药/海南自贸,24.5
002694,,0.0348,1.0,0.5422,0.0,0.0,0.8373,0.1301,0.0,0.0,0.0,0.0,0.0,0.0,0.4499,False,False,False,False,2.39,2.58,2.7,False,17.2,塑料制品,,54.0
002696,,0.0,0.2654,0.1235,0.0,0.0,0.0,0.1167,0.3,0.0,0.0,0.0,0.0,0.0,0.4193,False,False,False,False,5.8,7.41,6.32,False,19.4,农林牧渔,水产品/业绩预降/本月解禁,26.1
002698,,0.2936,1.0,0.6167,0.0,0.0,0.5448,0.1688,0.6,0.0,0.0,0.0,0.0,0.0,0.5676,False,False,False,False,11.68,1.74,13.44,False,98.1,机械行业,智能机器/机器人概念/本月解禁,29.0
002700,,0.0,0.0,0.1222,1.0,1.0,0.4405,0.8756,0.9,1.0,0.0,1.0,1.0,1.0,0.3171,False,False,True,False,8.86,10.06,7.53,True,19.0,供水供气,业绩预升/送转潜力/本月解禁,21.9
002701,,0.7722,1.0,0.8374,0.0094,0.0,0.3954,0.0654,0.0,0.0,0.0,0.0,0.0,0.0,0.4565,False,False,False,False,4.42,-2.0,5.08,False,11303.7,印刷包装,军民融合/业绩预升,26.0
002702,,0.4606,1.0,0.7854,0.0,0.0,0.5278,0.2472,0.3,0.0,0.0,0.0,0.0,1.0,0.4055,False,False,False,False,4.98,0.2,5.63,False,22.8,食品行业,海峡西岸,28.5
002703,,0.3086,1.0,0.7487,0.0,0.0,0.8551,0.2602,0.3,0.0,0.0,0.0,0.0,0.0,0.6104,False,False,False,False,15.88,-0.25,18.76,False,93.1,汽车制造,含H股,25.0
002705,,0.0162,1.0,0.7961,0.0,0.0,0.8529,0.1094,0.0,0.0,0.0,0.0,0.0,0.0,0.4112,False,False,False,False,12.24,1.16,13.51,False,98.9,家电行业,,31.7
002706,,0.1311,1.0,0.5234,0.9732,0.3329,0.7477,0.2675,0.0,0.757,1.0,1.0,0.0,1.0,0.3644,False,False,False,False,12.3,2.24,12.13,True,112.5,电器行业,华为概念,28.3
002707,,0.0,1.0,0.8424,0.0,0.0,0.7537,0.1833,0.3,0.0,0.0,0.0,0.0,0.0,0.4295,False,False,False,False,5.42,-1.45,6.04,False,46.9,酒店旅游,,27.5
002708,,0.5463,0.8413,0.5128,0.7845,0.205,0.4643,0.3936,0.9,0.5855,0.0,1.0,0.0,1.0,0.3184,False,False,False,False,13.94,3.95,14.02,False,7202.2,汽车制造,,25.0
002709,,0.0,0.3916,0.4315,0.5734,0.0,0.3805,0.2066,0.0,1.0,0.0,0.0,0.5,0.7,0.3877,False,False,False,False,52.28,6.65,50.38,True,788.9,化工行业,固态电池/锂电池,59.2
002712,,0.5485,1.0,0.7877,0.0541,0.0,0.6863,0.14,0.0,0.0,0.0,0.0,0.0,1.0,0.3733,False,False,False,False,4.65,-1.27,5.27,False,25.2,传媒娱乐,,21.0
002713,,0.0032,1.0,0.6172,0.3149,0.0,0.6622,0.2884,0.0,0.0019,0.0,0.0,0.0,0.7,0.355,False,False,False,False,10.54,0.86,11.77,False,5549.3,建筑建材,,23.8
002715,,0.4288,1.0,0.6419,0.2643,0.0,0.7962,0.0914,0.0,0.0,0.0,0.0,0.0,1.0,0.3947,False,False,False,False,14.48,-0.28,15.89,False,20.0,汽车制造,,25.0
002716,,0.0,1.0,0.8398,0.0,0.0,0.5996,0.1646,0.3,0.0,0.0,0.0,0.5,0.0,0.4623,False,False,False,False,9.3,-2.82,10.54,False,216.2,,黄金概念,
002717,,0.0,0.6597,0.8319,0.0,0.0,0.0,0.5993,0.3,0.0,0.0,0.0,1.0,0.0,0.4225,False,False,False,False,1.13,-5.04,1.28,False,19.4,建筑建材,,23.8
002718,,0.0,1.0,0.5158,1.0,1.0,0.2477,0.5945,0.0,1.0,0.0,0.0,1.0,0.7,0.3118,False,False,False,False,110.9,2.21,81.44,True,10422.5,家具行业,,35.0
002719,,0.0,1.0,0.7531,0.0,0.0,0.9704,0.4174,0.0,0.0,0.0,0.0,0.0,0.0,0.3539,False,False,False,False,7.35,0.82,7.9,False,11.9,食品行业,,28.5
002721,,0.0172,1.0,0.8118,0.0,0.0,0.6152,0.1077,0.0,0.0,0.0,0.0,0.0,0.0,0.5161,False,False,False,False,2.43,-2.02,2.79,False,64.6,,黄金概念,
002722,,0.0,1.0,0.8346,0.0,0.0,0.6727,0.1432,0.0,0.0,0.0,0.0,0.0,1.0,0.4753,False,False,False,False,12.9,0.0,14.23,False,28.7,纺织机械,,26.5
002723,,0.3562,1.0,0.7907,0.1187,0.0,0.8009,0.1017,0.0,0.0,0.0,0.0,0.0,0.0,0.3391,False,False,False,False,8.23,-0.6,9.03,False,2609.3,家电行业,锂电池,31.7
002724,,0.0383,1.0,0.7583,0.0,0.0,0.6706,0.2101,0.0,0.0,0.0,0.0,0.0,0.0,0.3744,False,False,False,False,5.29,0.95,6.01,False,30.0,电子器件,国防军工/军工航天,74.0
002726,,0.0424,0.7063,0.5011,0.0,0.0,0.6026,0.3868,0.6,0.0,0.0,0.0,0.0,0.0,0.5313,False,False,False,False,1.54,4.76,2.29,False,16.6,食品行业,猪肉,28.5
002728,,0.0707,1.0,0.8407,0.0,0.0,0.7434,0.1696,0.0,0.0,0.0,0.0,0.0,0.0,0.584,False,False,False,False,8.25,-1.43,9.52,False,27.4,生物制药,,24.5
002729,,0.0,0.0,0.1864,0.2079,0.0,0.5647,0.396,0.3,0.8246,0.0,0.0,0.0,0.7,0.5701,False,False,False,False,19.47,10.0,18.96,True,34.2,电子器件,光伏,74.0
002730,,0.0,1.0,0.6967,1.0,0.3075,0.6897,0.2881,0.0,1.0,0.0,0.0,0.5,0.7,0.3727,False,False,False,False,30.81,0.13,28.25,True,106.6,电器行业,,28.3
002732,,0.3582,1.0,0.8343,0.0,0.0,0.5791,0.1181,0.0,0.0,0.0,0.0,0.0,0.0,0.5022,False,False,False,False,13.64,-0.29,15.28,False,21.4,食品行业,,28.5
002733,,0.0,0.9567,0.8109,1.0,1.0,0.3488,0.347,0.6,1.0,0.0,0.0,1.0,0.7,0.3048,False,False,False,False,36.5,-3.26,29.87,True,134.6,电器行业,固态电池/氢能源/锂电池,28.3
002734,,0.0798,0.0,0.1991,0.0852,0.0,0.0786,0.197,0.0,0.2671,0.0,0.0,0.0,0.0,0.4606,False,False,False,False,16.39,10.0,17.0,False,71.2,农药化肥,,20.2
002735,,0.0,0.0,0.935,0.8426,1.0,0.7335,0.7376,0.3,1.0,0.0,0.0,1.0,0.0,0.5493,False,False,False,False,21.44,10.01,16.46,True,6111.7,塑料制品,,54.0
002736,,0.0,1.0,0.8914,0.0,0.1126,0.4732,0.3196,0.3,0.276,0.0,0.0,0.5,0.0,0.2769,False,False,False,False,10.45,0.1,10.72,False,1004.6,金融行业,,38.4
002737,,0.0,1.0,0.8039,0.3272,0.1036,0.69,0.1376,0.0,0.222,0.0,0.0,0.0,1.0,0.3841,False,False,False,False,12.41,-1.35,12.94,False,72.5,生物制药,,24.5
002738,,0.0,1.0,0.6853,0.0,0.0,0.2739,0.1259,0.0,0.0,0.0,0.0,0.5,0.0,0.3854,False,False,False,False,61.8,-1.12,69.89,False,439.5,建筑建材,,23.8
002739,,0.0079,1.0,0.8503,0.0,0.0,0.7273,0.2046,0.3,0.0,0.0,0.0,0.0,0.0,0.4018,False,False,False,False,8.48,0.24,9.4,False,178.1,传媒娱乐,,21.0
002741,,0.0,0.0,1.0,1.0,1.0,1.0,0.6789,0.3,1.0,0.0,0.0,1.0,1.0,0.6313,False,False,False,False,35.85,10.0,25.19,True,152.8,化工行业,,59.2
002742,,0.0,0.215,0.4548,0.0977,0.0,0.0,0.0972,0.0,0.0,0.0,0.0,0.0,0.0,0.4856,False,False,False,False,3.95,-7.71,4.34,False,20.7,建筑建材,,23.8
002743,,0.4037,1.0,0.7581,0.0,0.0,0.5999,0.1187,0.0,0.0,0.0,0.0,0.0,0.0,0.5305,False,False,False,False,4.37,-0.91,5.02,False,19.0,钢铁行业,,26.9
002745,,0.0,0.8821,0.6033,0.7831,0.9133,0.0,0.3213,0.6,1.0,0.0,0.0,0.0,1.0,0.459,False,False,False,False,10.63,3.71,9.7,True,113.1,电子器件,,74.0
002747,,0.0,1.0,0.4924,1.0,1.0,0.0,0.5334,0.9,1.0,0.0,1.0,1.0,1.0,0.245,False,False,False,False,33.9,2.02,27.12,True,26523.5,机械行业,专精特新/国防军工,29.0
002748,,0.0,1.0,0.7091,0.0524,0.0,0.5707,0.0838,0.3,0.2025,0.0,0.0,0.5,1.0,0.3285,False,False,False,False,10.98,-0.18,11.63,False,26.4,化工行业,,59.2
002749,,0.4618,0.9691,0.6739,0.0,0.0,0.2358,0.1052,0.0,0.0,0.0,0.0,0.0,0.0,0.4575,False,False,False,False,8.51,-3.19,10.78,False,38.6,农药化肥,,20.2
002752,,0.0,1.0,0.8089,0.3068,0.0,0.9108,0.2983,0.0,0.2289,0.0,0.0,0.0,0.7,0.459,False,False,False,False,6.27,-0.16,6.63,False,6116.6,印刷包装,,26.0
002753,,0.3152,1.0,0.7371,0.0384,0.0,0.7306,0.1929,0.6,0.0,0.0,0.0,0.0,0.0,0.4281,False,False,False,False,6.3,-0.63,6.92,False,15.3,其它行业,,41.7
002755,,0.0,1.0,0.8363,0.0,0.0,0.8928,0.1422,0.6,0.0,0.0,0.0,0.0,0.7,0.5962,False,False,False,False,12.82,-1.61,14.92,False,119.0,其它行业,,41.7
002758,,0.0,1.0,0.8155,0.0,0.0,0.7508,0.1583,0.3,0.0,0.0,0.0,0.0,0.0,0.3903,False,False,False,False,8.13,-2.17,8.85,False,42.1,其它行业,,41.7
002759,,0.0,0.554,0.5121,0.0,0.0,0.4548,0.1469,0.0,0.0,0.0,0.0,0.5,1.0,0.5877,False,False,False,False,28.3,5.68,32.21,False,14176.7,其它行业,锂电池,41.7
002760,,0.1191,1.0,0.5765,0.0,0.0,0.7316,0.1304,0.6,0.0,0.0,0.0,0.0,1.0,0.4788,False,False,False,False,18.03,1.35,20.85,False,19.5,,,
002761,,0.0,1.0,0.8179,0.0592,0.0,0.5758,0.0779,0.0,0.0289,0.0,0.0,0.0,1.0,0.4362,False,False,False,False,7.4,1.09,7.96,False,80.0,,,
002762,,0.0,1.0,0.7165,0.9636,0.5057,0.761,0.3007,0.3,1.0,0.0,0.0,0.0,0.7,0.3193,False,False,False,False,8.81,1.26,8.36,True,18.6,,,
002763,,0.1608,1.0,0.7841,0.5981,0.0,0.8713,0.2624,0.0,0.458,0.0,0.0,0.0,0.7,0.3125,False,False,False,False,7.58,-1.81,7.84,False,23.0,,,
002765,,0.0,1.0,0.8002,0.0,0.0,0.606,0.1301,0.3,0.0,0.0,0.0,0.0,0.0,0.5558,False,False,False,False,8.06,0.62,9.24,False,48.0,,国防军工,
002766,,0.8145,1.0,0.7844,0.0,0.0,0.6866,0.2907,0.3,0.0,0.0,0.0,0.0,0.0,0.6482,False,False,False,False,3.99,-0.75,4.82,False,34.2,,,
002767,,0.0,1.0,0.7741,0.0,0.0,0.6786,0.1603,0.0,0.0,0.0,0.0,0.5,0.0,0.3171,False,False,False,False,17.92,-0.44,19.53,False,23.3,,,
002768,,0.0,1.0,0.5603,1.0,1.0,0.0,1.0,0.9,1.0,0.0,0.0,1.0,1.0,0.3487,False,False,False,False,77.67,2.45,60.64,True,13728.0,,小米概念,
002769,,0.729,1.0,0.7391,0.0,0.0,0.4736,0.1584,0.0,0.0,0.0,0.0,0.0,0.0,0.3724,False,False,False,False,7.43,0.27,9.11,False,2771.5,,小米概念,
002771,,0.8175,1.0,0.369,0.4808,0.2443,0.4981,0.3407,0.3,0.1495,0.0,1.0,0.5,0.0,0.4949,False,False,False,False,14.85,1.85,15.82,False,25.9,,国防军工/军民融合,
002772,,0.0,1.0,0.8733,0.0,0.0,0.7625,0.1062,0.0,0.0,0.0,0.0,0.5,0.0,0.4053,False,False,False,False,12.96,-1.44,14.66,False,4816.4,,,
002773,,0.3732,1.0,0.8023,0.0,0.0,0.7357,0.1397,0.0,0.0,0.0,0.0,0.0,0.0,0.5152,False,False,False,False,20.1,-2.28,23.4,False,138.0,,,
002774,,0.0,0.0,0.2437,0.5203,0.0,0.5689,0.395,0.0,0.8779,0.0,0.0,0.0,1.0,0.4629,False,False,False,False,12.02,9.97,11.67,True,33.9,,,
002775,,0.0625,1.0,0.6537,0.3323,0.1274,0.203,0.3043,0.3,0.244,0.0,0.0,0.0,1.0,0.3307,False,False,False,False,3.85,0.0,4.0,False,22.0,,,
002777,,0.0,1.0,0.8563,0.0,0.0,0.8328,0.1212,0.0,0.0,0.0,0.0,0.0,0.0,0.5489,False,False,False,False,13.52,0.52,15.49,False,54.7,,军民融合,
002778,,0.0,0.8586,0.6616,0.0,0.0,0.6261,0.1823,0.3,0.0,0.0,0.0,0.0,0.0,0.5842,False,False,False,False,17.24,-3.85,19.27,False,21.3,,,
002779,,0.0,1.0,0.5792,0.0,0.8174,0.4796,0.4174,0.6,0.4762,0.0,0.0,1.0,0.0,0.3427,False,False,False,False,83.0,-1.72,81.77,True,13762.1,,乡村振兴,
002780,,0.0,1.0,0.7843,0.0446,0.0,0.7576,0.1217,0.0,0.0066,0.0,0.0,0.0,1.0,0.4451,False,False,False,False,13.41,-1.4,14.65,False,17.5,,,
002782,,0.0,0.0,0.2865,0.9497,0.4711,0.8414,0.3632,0.9,1.0,0.0,1.0,0.0,1.0,0.3569,False,False,False,False,25.7,10.02,24.05,True,12503.1,,光伏,
002783,,0.5682,1.0,0.7537,0.0,0.0,0.7418,0.1881,0.3,0.0,0.0,0.0,0.0,0.0,0.3982,False,False,False,False,7.45,-1.72,8.54,False,34.4,,氢能源/国防军工,
002785,,0.2936,1.0,0.8001,0.2872,0.0,0.7882,0.087,0.3,0.0,0.0,0.0,0.0,1.0,0.4109,False,False,False,False,39.38,0.05,44.0,False,76.2,,,
002786,,0.0,1.0,0.7972,0.7781,0.9179,0.6806,0.3397,0.6,0.5619,1.0,1.0,0.0,1.0,0.2864,False,False,False,False,8.29,0.85,8.19,True,4096.2,,,
002787,,0.2902,0.7149,0.5813,1.0,1.0,0.8004,0.2551,0.3,1.0,0.0,1.0,0.5,0.7,0.1495,False,False,False,False,27.34,4.71,22.59,True,68.6,,,
002788,,0.22,1.0,0.882,0.0,0.0,0.9517,0.2081,0.0,0.0,0.0,0.0,0.0,0.0,0.6329,False,False,False,False,11.22,-0.71,13.34,False,42.8,,,
002789,,0.0,1.0,0.6387,0.8697,0.7898,0.6332,0.3436,0.6,1.0,0.0,0.0,0.5,0.7,0.2963,False,False,True,False,13.49,2.98,12.77,True,2110.8,,,
002790,,0.1263,1.0,0.7785,0.0,0.0,0.6018,0.1299,0.0,0.0,0.0,0.0,0.0,0.0,0.5405,False,False,False,False,5.95,-1.16,6.95,False,15.5,,,
002791,,0.7728,1.0,0.7981,0.0,0.0,0.3799,0.205,0.3,0.0,0.0,0.0,0.0,0.0,0.5448,False,False,False,False,14.11,-2.89,17.41,False,3071.8,,,
002792,,0.5534,1.0,0.5244,0.0,0.0,0.723,0.3268,0.0,0.0,0.0,0.0,0.0,0.7,0.4508,False,False,False,False,36.75,-1.82,43.78,False,12415.0,,华为概念,
002793,,0.2714,1.0,0.8054,0.0,0.0,0.8803,0.0795,0.0,0.0,0.0,0.0,0.0,0.0,0.471,False,False,False,False,4.05,-1.46,4.6,False,44.0,,,
002795,,0.0,0.5689,0.2086,0.2633,0.0,0.336,0.1603,0.6,0.2544,0.0,0.0,0.0,0.7,0.3806,False,False,False,False,7.56,5.59,8.08,False,32.8,,,
002796,,0.2389,1.0,0.5644,0.0418,0.0,0.7781,0.1474,0.3,0.006,0.0,1.0,0.0,0.0,0.3757,False,False,False,False,42.24,1.47,47.48,False,96.2,,,
002797,,0.0,1.0,0.8374,0.0381,0.0,0.7969,0.2024,0.0,0.0238,0.0,0.0,0.0,0.0,0.4619,False,False,False,False,6.56,0.0,7.07,False,275.7,,,
002798,,0.5548,1.0,0.7168,0.3367,0.0,0.6986,0.1753,0.3,0.0,0.0,0.0,0.0,0.7,0.4444,False,False,False,False,5.96,-2.61,6.76,False,3043.5,,,
002799,,0.5066,1.0,0.7542,0.0,0.0,0.494,0.1017,0.0,0.0,0.0,0.0,0.0,0.0,0.5079,False,False,False,False,6.76,-0.29,7.92,False,21.6,,,
002800,,0.4971,1.0,0.5159,0.0,0.0,0.5827,0.2205,0.0,0.0,0.0,0.0,0.0,0.0,0.6294,False,False,False,False,14.69,1.59,17.22,False,21.7,,,
002801,,0.0,1.0,0.8138,0.2553,0.0,0.7453,0.3522,0.6,0.2426,0.0,0.0,0.0,1.0,0.3408,False,False,False,False,30.9,-0.8,32.15,False,35.8,,,
002803,,0.0,1.0,0.8425,0.978,1.0,0.8063,0.4754,0.3,1.0,0.0,0.0,0.5,1.0,0.2588,False,False,False,False,22.01,0.0,20.49,True,6353.9,,专精特新,
002805,,0.0,0.0,0.3121,0.8096,0.7114,0.325,0.3433,0.0,1.0,0.0,0.0,0.5,0.7,0.4672,False,False,False,False,24.2,10.0,20.7,True,67.5,,,
002806,,0.0,0.0,0.4191,1.0,1.0,0.0,0.258,0.9,1.0,0.0,1.0,0.5,1.0,0.484,False,False,False,False,20.7,9.99,16.58,True,36.0,,,
002809,,0.2803,1.0,0.7118,0.0,0.0,0.4835,0.1484,0.9,0.0,0.0,1.0,0.5,0.0,0.2978,False,False,False,False,8.54,-0.23,9.99,False,14.5,,专精特新,
002810,,0.0,1.0,0.5863,0.5187,0.0,0.3173,0.1815,0.0,1.0,0.0,0.0,0.5,0.7,0.3268,False,False,False,False,25.21,0.28,23.24,True,81.6,,专精特新,
002812,,0.0,1.0,0.6692,0.3076,0.0,0.465,0.2376,0.0,0.8882,0.0,0.0,0.5,0.7,0.3429,False,False,False,False,69.77,2.72,68.7,True,574.0,,专精特新,
002813,,0.2238,1.0,0.7571,0.0,0.0,0.7919,0.092,0.3,0.0,0.0,0.0,0.0,1.0,0.5042,False,False,False,False,21.04,0.86,24.03,False,25.2,,百度概念,
002816,,0.0,1.0,0.8711,0.695,1.0,0.6785,0.4707,0.9,1.0,0.0,0.0,0.5,1.0,0.3105,False,False,False,False,26.04,0.74,24.82,True,26.0,,污水处理,
002818,,0.0,1.0,0.8891,0.5243,0.6295,0.745,0.1786,0.0,0.6582,0.0,0.0,0.5,1.0,0.2704,False,False,False,False,11.27,-1.31,11.14,True,33.6,,,
002819,,0.1052,1.0,0.6985,0.0,0.0,0.7081,0.3178,0.3,0.0,0.0,0.0,0.0,1.0,0.5329,False,False,False,False,21.66,0.98,24.9,False,5124.7,,,
002820,,0.4322,1.0,0.7826,0.0,0.0,0.4939,0.091,0.0,0.0,0.0,0.0,0.0,1.0,0.4577,False,False,False,False,9.17,-0.33,10.47,False,18.4,,,
002821,,0.0,1.0,0.819,0.6325,0.0,0.7611,0.1897,0.6,0.4564,0.0,0.0,0.0,0.7,0.2893,False,False,False,False,112.07,-2.17,115.13,False,355.3,,CXO概念/CRO概念,
002822,,0.8215,1.0,0.7949,0.0,0.0,0.4065,0.0013,0.3,0.0,0.0,0.0,0.0,0.0,0.569,False,False,False,False,2.55,-1.92,3.05,False,2725.8,,光伏,
002823,,0.8371,1.0,0.8243,1.0,1.0,0.6495,0.3743,0.6,0.7448,1.0,1.0,0.5,1.0,0.3346,True,False,False,False,17.35,-0.57,17.14,True,38.0,,,
002824,,0.0,0.0,0.6702,0.9701,1.0,0.2855,0.3861,0.3,1.0,0.0,0.0,1.0,0.7,0.5228,False,False,False,False,34.91,9.99,25.7,True,79.0,,,
002825,,0.438,1.0,0.845,0.2136,0.0,0.9383,0.3208,0.3,0.0,0.0,0.0,0.0,0.0,0.494,False,False,False,False,9.47,0.11,10.35,False,24.3,,,
002826,,0.0,1.0,0.6487,0.0,0.0,0.3993,0.1218,0.6,0.0793,0.0,0.0,0.0,0.0,0.4427,False,False,False,False,17.07,2.22,18.09,False,31.5,,,
002827,,0.0424,1.0,0.8566,0.0,0.0,0.6005,0.212,0.0,0.0,0.0,0.0,0.0,0.0,0.5619,False,False,False,False,26.08,0.19,30.17,False,72.0,,,
002828,,0.2205,1.0,0.6175,0.0,0.0,0.3586,0.1623,0.0,0.0,0.0,0.0,0.0,0.0,0.3842,False,False,False,False,8.88,-0.11,10.65,False,17.8,,,
002829,,0.5814,1.0,0.5953,0.0735,0.0,0.5657,0.2745,0.3,0.0,0.0,0.0,0.0,1.0,0.6194,False,False,False,False,19.55,-1.91,23.41,False,2855.3,,百度概念/国防军工/军民融合,
002830,,0.067,0.7476,0.72,0.0,0.0,0.0,0.1051,0.0,0.0,0.0,0.0,0.0,1.0,0.7743,False,False,False,False,15.23,-4.51,20.34,False,10.2,,,
002831,,0.0,1.0,0.7858,0.1742,0.0,0.5783,0.279,0.3,0.0,0.0,0.0,0.0,0.7,0.479,False,False,False,False,30.8,0.98,35.15,False,157.4,,小米概念,
002832,,0.0,1.0,0.7143,1.0,1.0,0.382,0.4629,0.3,1.0,0.0,0.0,1.0,0.7,0.3355,False,False,False,False,21.58,-0.55,19.34,True,84.0,,,
002835,,0.1577,1.0,0.7541,0.0,0.0,0.5163,0.211,0.0,0.0,0.0,0.0,0.0,0.0,0.4485,False,False,False,False,12.74,0.0,14.45,False,1621.6,,,
002837,,0.0,0.8714,0.5529,0.0,0.0,0.3294,0.2633,0.0,0.0,0.0,1.0,0.5,1.0,0.5483,False,False,False,False,73.19,3.77,87.25,False,634.4,,国防军工,
002838,,0.0,1.0,0.6206,0.9717,0.8788,0.4316,0.331,0.3,1.0,0.0,0.0,0.5,0.7,0.3149,False,False,False,False,35.34,0.06,32.01,True,148.6,,专精特新,
002839,,0.0,1.0,0.8605,0.2791,0.2051,0.3784,0.1736,0.0,0.3312,0.0,0.0,0.5,0.0,0.3322,False,False,False,False,4.23,-1.63,4.37,False,103.3,,,
002840,,0.0,1.0,0.7982,0.0,0.0,0.8684,0.0673,0.0,0.0,0.0,0.0,0.5,0.0,0.5953,False,False,False,False,8.18,-0.97,9.8,False,6516.4,,碳中和,
002841,,0.0,1.0,0.7538,0.394,0.0,0.531,0.3831,0.6,0.221,0.0,0.0,0.0,1.0,0.4059,False,False,False,False,34.46,1.0,36.24,False,179.0,,,
002842,,0.0,0.3753,0.0972,0.871,1.0,0.0062,0.5003,0.0,1.0,0.0,0.0,1.0,0.7,0.3762,False,False,False,False,46.35,6.75,34.22,True,124.4,,,
002843,,0.0,1.0,0.7177,0.2986,0.0,0.8223,0.2717,0.3,0.2718,0.0,1.0,0.0,0.7,0.396,False,False,False,False,22.32,1.64,23.49,False,5584.4,,,
002845,,0.0,0.6051,0.3826,0.7256,0.7132,0.362,0.2772,0.3,0.8839,0.0,1.0,0.0,1.0,0.2842,False,False,False,False,15.7,5.37,15.04,True,39.3,,华为概念,
002847,,0.8809,0.8869,0.7472,0.1755,0.0,0.4725,0.3278,0.6,0.0,0.0,0.0,0.0,0.0,0.4069,False,False,False,False,51.32,-3.68,57.92,False,12513.9,,,
002848,,0.5442,0.6864,0.3491,0.7685,0.0,0.1167,0.2535,0.6,0.2954,0.0,1.0,0.0,0.7,0.3261,False,False,False,False,13.75,4.88,14.74,False,22.7,,,
002849,,0.0,1.0,0.5432,0.2422,0.3396,0.0,0.3833,1.0,1.0,0.0,0.0,0.5,0.0,0.396,False,False,False,False,18.23,1.56,17.13,True,39.9,,专精特新,
002851,,0.0,0.0,0.7024,1.0,1.0,0.4883,0.3685,0.6,1.0,0.0,1.0,0.5,1.0,0.4402,False,False,False,False,163.64,10.0,130.15,True,749.6,,光伏,
002852,,0.0,1.0,0.811,0.0,0.0,0.8332,0.0941,0.0,0.0,0.0,0.0,0.0,0.0,0.3678,False,False,False,False,7.7,-0.77,8.75,False,2200.7,,,
002853,,0.0,1.0,0.8129,0.1785,0.0,0.8932,0.3373,0.3,0.1679,0.0,0.0,0.0,1.0,0.3444,False,False,False,False,23.24,0.35,25.32,False,2991.1,,,
002855,,0.0,0.7368,0.3769,0.0,0.0,0.3711,0.2598,0.0,0.0,0.0,0.0,0.0,1.0,0.48,False,False,False,False,11.19,4.58,12.14,False,27.6,,无线耳机,
002856,,1.0,0.6699,0.5554,1.0,1.0,0.2436,0.9004,0.9,1.0,1.0,0.0,0.5,1.0,0.3066,False,False,False,False,21.94,-4.98,19.22,True,27.2,,,
002857,,0.0,0.8087,0.5,0.0,0.0,0.4175,0.1366,0.3,0.0,0.0,0.0,0.0,0.0,0.582,False,False,False,False,18.33,4.15,20.37,False,23.6,,,
002858,,0.3224,1.0,0.7585,0.0,0.0,0.6988,0.1132,0.0,0.0,0.0,0.0,0.0,1.0,0.5277,False,False,False,False,12.01,1.18,14.21,False,17.7,,,
002860,,0.0,0.9942,0.5707,0.4574,0.5793,0.1463,0.6717,0.6,0.9017,0.0,0.0,0.5,1.0,0.4027,False,False,False,False,13.92,3.03,13.25,True,4893.4,,光伏/HIT电池,
002861,,0.0,1.0,0.7989,0.6759,1.0,0.6593,0.4925,0.6,0.8337,0.0,0.0,0.5,1.0,0.3413,False,False,False,False,18.42,1.04,17.77,True,2766.1,,无线耳机/小米概念,
002862,,0.6396,1.0,0.8417,0.027,0.0,0.6966,0.171,0.3,0.0,0.0,0.0,0.0,1.0,0.5054,False,False,False,False,14.67,-0.47,16.96,False,1852.1,,,
002863,,0.1726,1.0,0.834,0.0041,0.0,0.5788,0.1137,0.0,0.0,0.0,0.0,0.0,0.0,0.3848,False,False,False,False,4.77,-1.04,5.27,False,28.6,,,
002864,,0.0,1.0,0.7722,0.0,0.0,0.6567,0.353,0.3,0.0,0.0,0.0,0.0,0.0,0.3164,False,False,False,False,27.59,0.29,30.17,False,2033.0,,,
002865,,0.1336,0.8504,0.5642,0.0273,0.0,0.4364,0.1612,0.3,0.0,0.0,0.0,0.0,1.0,0.5462,False,False,False,False,67.71,3.9,78.4,False,15493.1,,光伏/海南自贸,
002866,,0.1764,1.0,0.6737,0.0,0.0,0.96,0.1079,0.0,0.0,0.0,0.0,0.0,0.7,0.5862,False,False,False,False,18.41,2.39,20.85,False,33.4,,专精特新,
002867,,0.0,1.0,0.8915,0.4394,0.2498,0.7726,0.13,0.0,0.4682,0.0,0.0,0.5,1.0,0.33,False,False,False,False,12.18,-0.9,12.36,False,13143.4,,,
002868,,0.0,1.0,0.6828,0.0,0.0,0.488,0.0672,0.0,0.0,0.0,0.0,0.0,0.0,0.5103,False,False,False,False,26.4,0.49,32.65,False,28.2,,,
002869,,0.0,1.0,0.6588,0.0,0.0,0.5811,0.36,0.6,0.0,0.0,1.0,0.5,0.0,0.2667,False,False,False,False,19.02,2.48,20.2,False,30.0,,专精特新,
002870,,0.0,1.0,0.7937,0.6591,0.7293,0.6208,0.4034,0.6,0.8943,0.0,0.0,0.5,1.0,0.3296,False,False,False,False,41.04,1.58,39.65,True,52.9,,,
002871,,0.4596,1.0,0.5782,0.9022,1.0,0.1971,0.1596,0.3,0.875,1.0,0.0,0.5,1.0,0.3415,False,False,False,False,20.46,-2.66,20.14,True,30.5,,国防军工,
002872,,0.0,1.0,0.8198,0.531,0.1232,0.6042,0.2359,0.0,0.4556,0.0,0.0,0.0,1.0,0.307,False,False,False,False,5.13,-0.97,5.25,False,11.0,,,
002875,,0.4495,1.0,0.1365,0.1561,0.0,0.219,0.0921,0.3,0.0,0.0,1.0,0.0,0.7,0.4662,False,False,False,False,16.76,0.96,20.04,False,30.6,,,
002876,,0.0,1.0,0.7136,0.8875,1.0,0.4427,0.3466,0.6,1.0,0.0,1.0,0.5,0.7,0.2494,False,False,False,False,31.94,1.65,29.4,True,4757.2,,专精特新,
002877,,0.2024,1.0,0.7817,0.0819,0.0,0.6067,0.2067,0.3,0.0,0.0,0.0,0.0,0.0,0.3234,False,False,False,False,7.94,0.0,8.62,False,19.1,,专精特新,
002878,,0.9919,1.0,0.7711,0.0,0.0,0.7267,0.2306,0.0,0.0,0.0,0.0,0.0,1.0,0.4806,False,False,False,False,13.13,-2.01,16.49,False,31.0,,华为概念,
002879,,0.0,1.0,0.7976,0.0,0.0,0.6956,0.1944,0.3,0.0,0.0,0.0,0.0,0.0,0.5413,False,False,False,False,14.94,0.81,17.42,False,2048.6,,,
002881,,0.5435,0.9762,0.599,0.6594,0.4056,0.5485,0.5058,0.6,0.3384,0.0,1.0,0.0,1.0,0.4706,False,False,False,False,42.01,3.14,43.01,False,7642.7,,5G概念,
002882,,0.0,1.0,0.7458,0.0,0.0,0.0932,0.2293,0.3,0.0,0.0,0.0,0.5,0.0,0.4475,False,False,False,False,22.04,0.05,24.93,False,5439.1,,固态电池,
002883,,0.3585,1.0,0.6348,0.1938,0.0,0.8661,0.1392,0.3,0.0,0.0,0.0,0.0,1.0,0.4597,False,False,False,False,8.73,1.75,9.59,False,1338.4,,,
002884,,0.0,1.0,0.8179,0.2863,0.0,0.6151,0.22,0.0,0.2535,0.0,0.0,0.0,0.0,0.4089,False,False,False,False,16.06,-2.49,16.87,False,4385.5,,,
002885,,0.0,0.0,0.4206,1.0,1.0,0.9123,0.4631,0.0,1.0,0.0,1.0,0.0,1.0,0.2446,False,False,False,False,43.29,10.01,37.51,True,10270.8,,光伏概念/华为概念,
002886,,0.0,0.9501,0.6213,1.0,1.0,0.334,0.4996,0.3,1.0,0.0,1.0,0.5,1.0,0.3153,False,False,False,False,30.37,3.3,26.11,True,6349.7,,光伏,
002887,,0.6166,1.0,0.6898,0.7488,0.0,0.7725,0.2496,0.3,0.1416,0.0,0.0,0.0,0.7,0.4702,False,False,False,False,11.59,-1.95,12.58,False,25.2,,碳中和,
002888,,0.0,1.0,0.7905,0.4118,0.0,0.7946,0.2652,0.6,0.3809,0.0,0.0,0.0,1.0,0.3107,False,False,False,False,19.3,-2.18,19.87,False,14.5,,无线耳机,
002889,,0.0,1.0,0.8373,0.0,0.0,0.735,0.1729,0.3,0.0,0.0,0.0,0.0,0.0,0.4662,False,False,False,False,11.44,-0.26,12.67,False,28.7,,华为概念,
002890,,0.0,1.0,0.7488,0.2405,0.0,0.6592,0.2376,0.0,0.3285,0.0,0.0,0.5,1.0,0.3971,False,False,False,False,15.13,-1.69,15.77,False,24.4,,专精特新,
002892,,0.0,1.0,0.7483,0.2212,0.0,0.605,0.2927,0.9,0.0923,0.0,0.0,0.0,0.0,0.3296,False,False,False,False,10.53,1.94,11.04,False,52.8,,专精特新,
002893,,0.6207,1.0,0.7911,0.3388,0.0,0.85,0.477,0.3,0.0,0.0,0.0,0.0,0.0,0.3794,False,False,False,False,10.26,0.49,11.32,False,20.8,,碳中和,
002895,,0.0,1.0,0.7224,0.0,0.0,0.6417,0.2045,0.3,0.0978,0.0,0.0,0.0,0.0,0.4223,False,False,False,False,32.18,-1.47,34.73,False,191.5,,,
002896,,0.4849,1.0,0.772,0.8267,1.0,0.5216,0.5084,1.0,0.5937,1.0,1.0,0.5,1.0,0.3134,False,False,False,False,80.51,0.12,80.28,True,158.2,,,
002897,,0.1969,1.0,0.7099,1.0,1.0,0.5158,0.3935,0.3,1.0,0.0,1.0,0.5,0.7,0.2321,False,False,False,False,87.96,1.24,74.72,True,160.5,,光伏/华为概念,
002899,,0.5177,1.0,0.6315,0.0,0.0,0.4732,0.1746,0.0,0.0,0.0,0.0,0.0,0.0,0.5864,False,False,False,False,24.43,0.78,28.67,False,36.1,,,
002900,,0.0,1.0,0.6407,0.0,0.0,0.305,0.1913,0.0,0.0316,0.0,0.0,0.0,0.0,0.4696,False,False,False,False,10.27,2.5,10.89,False,16.5,,,
002901,,0.0,1.0,0.8729,0.185,0.5435,0.6866,0.3059,0.0,0.4125,0.0,0.0,1.0,0.0,0.372,False,False,False,False,41.92,-1.32,42.42,False,12092.1,,,
002902,,0.0,0.4738,0.465,1.0,0.751,0.2939,0.5558,0.0,1.0,0.0,0.0,0.5,0.7,0.2602,False,False,False,False,36.38,6.16,31.82,True,64.6,,,
002903,,0.0,0.3945,0.5458,1.0,1.0,0.286,0.2668,0.6,1.0,0.0,0.0,1.0,0.7,0.439,False,False,False,False,53.21,6.63,40.23,True,56.8,,专精特新/小米概念,
002905,,0.198,1.0,0.8031,0.0,0.0,0.8061,0.0582,0.0,0.0,0.0,0.0,0.0,0.0,0.5711,False,False,False,False,7.45,0.0,8.86,False,26.0,,,
002906,,0.0098,1.0,0.681,0.1725,0.0,0.5163,0.2342,0.6,0.0,0.0,0.0,0.0,1.0,0.495,False,False,False,False,26.27,0.57,29.29,False,137.8,,百度概念,
002907,,0.0,0.9118,0.4286,0.0,0.0,0.0,0.1542,0.3,0.071,0.0,0.0,0.0,0.0,0.363,False,False,False,False,12.32,3.53,13.0,False,41.4,,,
002908,,0.0,1.0,0.851,0.0,0.0,0.6659,0.158,0.0,0.0,0.0,0.0,0.0,0.0,0.5221,False,False,False,False,7.15,-0.14,8.19,False,2301.1,,,
002909,,0.0172,1.0,0.6905,0.0,0.0,0.5254,0.179,0.3,0.0,0.0,0.0,0.0,0.0,0.416,False,False,False,False,5.53,-1.25,6.23,False,21.0,,碳中和,
002910,,0.0,0.0,0.2673,0.0,0.1118,0.0,0.3676,0.0,1.0,0.0,0.0,0.5,0.0,0.4366,False,False,False,False,11.21,10.01,10.54,True,19.2,,,
002911,,0.4105,1.0,0.8601,0.0,0.0,0.7344,0.1667,0.0,0.0,0.0,0.0,0.0,0.0,0.4831,False,False,False,False,10.48,0.0,11.96,False,13278.6,,,
002913,,0.0,0.3606,0.3071,0.8592,1.0,0.0,0.5519,0.9,1.0,0.0,0.0,1.0,0.7,0.4335,False,False,False,False,65.79,6.84,52.62,True,19847.9,,小米概念,
002915,,0.0,1.0,0.4137,0.3228,0.8815,0.0,0.4207,0.6,0.7602,0.0,0.0,1.0,1.0,0.2862,False,False,False,False,21.75,-1.41,21.03,True,62.7,,,
002917,,0.6988,1.0,0.8147,0.2914,0.0,0.5909,0.3827,0.9,0.0,0.0,0.0,0.0,1.0,0.3701,False,False,False,False,11.66,-1.77,13.33,False,30.4,,国防军工,
002918,,0.5363,1.0,0.746,0.2063,0.0,0.6295,0.2736,0.9,0.0,0.0,0.0,0.0,1.0,0.4803,False,False,False,False,11.39,-1.39,13.07,False,24.4,,,
002919,,0.0,1.0,0.7318,0.2615,0.0,0.7186,0.2663,0.3,0.0394,0.0,0.0,0.0,1.0,0.4001,False,False,False,False,20.44,-0.92,22.37,False,54.1,,,
002920,,0.3237,1.0,0.8813,0.0,0.0,0.8276,0.2822,0.0,0.0,0.0,0.0,0.0,0.0,0.6135,False,False,False,False,88.63,-0.77,102.77,False,528.8,,百度概念,
002921,,0.008,1.0,0.6721,0.3885,0.0,0.8076,0.232,0.3,0.2955,0.0,0.0,0.0,0.7,0.386,False,False,False,False,24.12,1.39,25.85,False,31.0,,光伏概念,
002922,,0.0,1.0,0.6962,0.2719,0.0,0.5174,0.3238,0.0,0.3862,0.0,0.0,0.0,1.0,0.3943,False,False,False,False,37.56,2.48,39.56,False,141.0,,光伏/光伏概念/华为概念,
002923,,0.0,1.0,0.7438,0.0,0.0,0.7179,0.1001,0.0,0.0,0.0,0.0,0.0,0.0,0.4335,False,False,False,False,9.99,-1.58,11.95,False,2578.3,,,
002925,,0.3621,1.0,0.7814,0.733,1.0,0.4404,0.2878,0.3,0.8793,0.0,0.0,0.5,1.0,0.2691,False,False,False,False,21.44,-0.97,20.82,True,156.7,,,
002926,,0.0,1.0,0.9113,0.1761,0.0996,0.5548,0.2591,0.6,0.4302,0.0,0.0,0.5,0.0,0.3822,False,False,False,False,8.24,-0.36,8.32,False,216.3,,,
002927,,0.0,0.0,0.3208,0.7913,0.6889,0.3781,0.2866,0.6,1.0,0.0,0.0,0.0,1.0,0.5169,False,False,False,False,22.24,9.99,20.42,True,49.1,,专精特新/华为概念,
002928,,0.0,1.0,0.7714,0.0,0.0,0.6105,0.2361,0.3,0.0,0.0,0.0,0.0,0.0,0.4359,False,False,False,False,7.17,-1.65,7.94,False,91.6,,,
002929,,0.1822,1.0,0.7156,1.0,0.0,0.7783,0.1585,0.0,0.2813,0.0,0.0,0.0,0.7,0.4141,False,False,False,False,61.1,-0.5,64.7,False,13099.2,,光伏,
002930,,0.0,0.919,0.6414,0.0,0.0,0.7491,0.1876,0.6,0.0,0.0,0.0,0.0,0.7,0.7076,False,False,False,False,9.69,-3.49,12.08,False,42.0,,,
002931,,0.0,0.0,0.3333,0.4655,1.0,0.6299,0.4193,0.3,1.0,0.0,1.0,1.0,0.0,0.4468,False,False,False,False,71.94,10.0,61.92,True,144.8,,,
002932,,0.3072,1.0,0.7769,0.047,0.0,0.8569,0.1119,0.0,0.0,0.0,1.0,0.0,0.0,0.4353,False,False,False,False,15.0,0.4,16.4,False,23.4,,专精特新,
002933,,0.0,1.0,0.7681,0.0,0.0,0.6343,0.2063,0.3,0.0968,0.0,0.0,0.0,0.0,0.316,False,False,False,False,28.92,-0.41,30.68,False,33.8,,,
002935,,0.0,1.0,0.8325,0.3779,0.8397,0.5524,0.3563,0.3,1.0,0.0,0.0,0.5,1.0,0.3075,False,False,False,False,21.88,-1.84,20.34,True,90.8,,,
002936,,0.0,1.0,0.8883,0.3198,0.3605,0.454,0.2549,0.3,0.3273,0.0,0.0,0.5,0.0,0.2014,False,False,False,False,1.76,-1.68,1.81,False,123.7,,,
002938,,0.1227,0.9346,0.5349,1.0,1.0,0.4682,0.4496,0.0,1.0,0.0,1.0,0.5,0.7,0.2163,False,False,True,False,108.19,3.39,88.34,True,249857.6,,无线耳机/华为概念,
002939,,0.0,1.0,0.8575,0.0039,0.0,0.638,0.3331,0.9,0.2434,0.0,0.0,0.5,0.0,0.3891,False,False,False,False,8.45,0.36,8.76,False,304.4,,,
002940,,0.6484,1.0,0.774,0.2012,0.0,0.8558,0.2936,0.6,0.0,0.0,0.0,0.0,0.7,0.504,False,False,False,False,28.18,-0.49,33.65,False,52.2,,,
002941,,0.1201,1.0,0.7798,0.0,0.0,0.4082,0.062,0.3,0.0,0.0,0.0,0.0,0.0,0.4813,False,False,False,False,10.94,-2.32,13.26,False,7983.5,,,
002942,,0.0,1.0,0.8346,0.0,0.0,0.638,0.1381,0.0,0.0,0.0,0.0,0.0,0.0,0.4878,False,False,False,False,16.25,0.81,18.2,False,2254.8,,,
002943,,0.6115,1.0,0.6573,0.593,0.0,0.7294,0.4433,0.0,0.0,0.0,0.0,0.0,1.0,0.545,False,False,False,False,54.72,2.66,66.16,False,79.7,,,
002945,,0.0,1.0,0.8083,0.0,0.0,0.5187,0.2413,0.6,0.2311,0.0,0.0,0.5,0.0,0.4458,False,False,False,False,14.42,1.12,15.09,False,38934.0,,,
002946,,0.3732,0.8175,0.7349,0.1734,0.0,0.559,0.1538,0.3,0.0,0.0,0.0,0.0,1.0,0.3712,False,False,False,False,16.16,-4.09,17.69,False,13747.4,,,
002947,,0.0,1.0,0.7825,1.0,1.0,0.7606,0.2913,0.3,1.0,0.0,0.0,0.5,0.7,0.3109,False,False,False,False,89.4,-0.12,78.86,True,172.2,,无线耳机,
002948,,0.0,1.0,0.8296,0.7632,1.0,0.7665,0.3052,0.0,0.942,0.0,0.0,1.0,0.7,0.3147,False,False,False,False,5.75,-2.04,5.52,True,17896.9,,,
002949,,0.6332,1.0,0.7865,0.0,0.0,0.2848,0.1109,0.0,0.0,0.0,0.0,0.0,0.0,0.529,False,False,False,False,11.03,-1.87,13.12,False,1675.3,,,
002950,,0.0,1.0,0.8536,0.0,0.0,0.9124,0.0294,0.0,0.0,0.0,0.0,0.0,0.0,0.605,False,False,False,False,9.17,0.66,10.81,False,3939.6,,,
002951,,1.0,0.908,0.6122,1.0,0.785,0.4405,0.4454,0.3,0.5937,0.0,1.0,0.5,1.0,0.469,False,False,False,False,16.91,3.55,17.24,False,6783.0,,,
002955,,0.0,1.0,0.751,0.7373,1.0,0.0,1.0,0.6,1.0,0.0,0.0,1.0,0.0,0.3252,False,False,False,False,32.79,0.37,26.77,True,6415.3,,,
002957,,0.4897,1.0,0.7025,1.0,1.0,0.6296,0.3884,0.3,1.0,1.0,1.0,0.5,0.7,0.1743,False,False,False,False,55.55,1.18,47.91,True,23257.6,,,
002958,,0.1417,1.0,0.8635,0.3396,0.4416,0.3993,0.1614,0.6,0.3179,0.0,0.0,1.0,0.0,0.349,False,False,False,False,2.88,-1.71,2.96,False,15665.7,,,
002959,,0.5517,1.0,0.8872,0.0,0.0,0.6599,0.0619,0.0,0.0,0.0,0.0,0.0,0.0,0.4364,False,False,False,False,34.14,-0.41,39.1,False,5138.7,,,
002960,,0.0,1.0,0.6681,0.0984,0.0,0.1997,0.2328,0.6,0.5535,0.0,0.0,0.5,0.0,0.4111,False,False,False,False,9.15,1.22,9.18,False,8859.2,,,
002961,,0.0,1.0,0.7919,0.0,0.0,0.0,0.0917,0.6,0.0871,0.0,0.0,0.5,1.0,0.3459,False,False,False,False,21.09,-1.72,22.51,False,10058.5,,,
002962,,0.7497,1.0,0.3842,1.0,0.9228,0.3889,0.621,0.3,0.5916,0.0,1.0,0.5,0.7,0.537,False,False,False,False,17.87,2.52,18.17,False,37.4,,,
002963,,0.0,1.0,0.6832,0.909,1.0,0.5359,0.7715,0.3,1.0,0.0,0.0,0.5,1.0,0.3264,False,False,False,False,18.34,0.16,17.12,True,2255.7,,,
002965,,0.0,0.491,0.458,0.8721,1.0,0.0,0.7359,0.9,1.0,0.0,0.0,1.0,1.0,0.3519,False,False,False,False,42.92,6.05,35.13,True,8172.6,,,
002966,,0.0,1.0,0.9099,0.4086,0.2232,0.4408,0.2012,0.0,0.3835,0.0,0.0,0.5,0.0,0.237,False,False,False,False,8.06,-0.98,8.28,False,35427.6,,,
002967,,0.2702,1.0,0.8416,0.0,0.0,0.7767,0.1463,0.0,0.0,0.0,0.0,0.0,1.0,0.5568,False,False,False,False,18.13,0.17,20.65,False,9921.2,,,
002968,,0.4109,1.0,0.7647,0.0,0.0,0.6158,0.0869,0.0,0.0,0.0,0.0,0.0,0.0,0.4592,False,False,False,False,9.28,-0.75,10.78,False,1976.7,,,
002969,,0.2404,1.0,0.7651,0.0,0.0,0.6409,0.1812,0.6,0.0,0.0,0.0,0.0,0.0,0.5109,False,False,False,False,15.88,-0.06,19.45,False,17345.5,,,
002970,,0.0,1.0,0.5896,0.4104,0.0,0.561,0.169,0.0,0.8692,0.0,1.0,0.5,1.0,0.2874,False,False,False,False,67.49,1.83,66.12,True,8447.8,,专精特新,
002971,,0.0,0.7779,0.3495,1.0,1.0,0.0,0.6423,0.9,1.0,0.0,0.0,1.0,1.0,0.2412,False,False,False,False,59.24,4.33,37.66,True,9265.2,,,
002972,,0.0,0.0557,0.2847,0.5433,1.0,0.0,0.6265,0.3,1.0,0.0,0.0,1.0,0.7,0.4513,False,False,False,False,15.8,8.67,12.74,True,2127.4,,专精特新,
002973,,0.289,1.0,0.7829,0.3548,0.1561,0.8011,0.2783,0.9,0.1563,0.0,0.0,0.0,0.0,0.371,False,False,False,False,12.43,-1.27,13.1,False,3948.4,,,
002975,,0.0,1.0,0.7244,1.0,1.0,0.5784,0.3536,0.3,1.0,0.0,0.0,0.5,0.7,0.3463,False,False,False,False,136.87,2.52,108.52,True,18799.6,,,
002976,,0.6846,0.0919,0.4796,0.833,0.0,0.0,0.1503,0.6,0.0,0.0,0.0,0.0,0.7,0.6298,False,False,False,False,27.09,-8.45,31.36,False,1806.2,,,
002977,,0.0,0.6646,0.8608,0.0,0.0,1.0,0.0937,0.0,0.0,0.0,1.0,0.0,0.0,0.5042,False,False,False,False,25.14,5.01,27.79,False,1675.5,,,
002978,,0.0,1.0,0.8677,0.0,0.0,0.473,0.175,0.3,0.0,0.0,0.0,0.5,0.0,0.4419,False,False,False,False,27.54,-0.65,29.98,False,10170.0,,,
002979,,0.1921,0.9941,0.6264,1.0,0.7598,0.8284,0.3098,0.6,1.0,1.0,1.0,0.0,0.7,0.1364,False,False,False,False,52.95,3.04,50.11,True,11742.2,,专精特新,
002980,,0.0,0.0809,0.0323,1.0,1.0,0.4329,0.5011,0.0,1.0,0.0,1.0,0.5,0.7,0.2623,False,False,False,False,122.6,8.51,91.63,True,124.2,,,
002981,,1.0,0.0,0.4492,0.6653,0.785,0.0,0.1967,0.9,0.0,0.0,0.0,0.5,1.0,0.6796,False,False,False,False,22.99,-9.98,26.33,False,27.5,,,
002982,,0.0,1.0,0.7311,0.1774,0.0,0.3941,0.19,0.6,0.3007,0.0,0.0,0.5,0.0,0.3796,False,False,False,False,13.06,1.32,13.49,False,1699.0,,,
002983,,0.0,0.7406,0.6583,0.5878,0.6785,0.3889,0.7672,0.6,0.9916,0.0,1.0,0.5,1.0,0.3378,False,False,True,False,25.7,4.56,24.34,True,3293.6,,专精特新,
002984,,0.0,0.9452,0.7439,0.0,0.0,0.5172,0.3049,0.3,0.0,0.0,0.0,0.5,0.0,0.3561,False,False,False,False,15.1,-3.33,16.26,False,10780.3,,大飞机,
002985,,0.0,1.0,0.8222,0.0,0.0,0.3751,0.1621,0.3,0.1273,0.0,0.0,0.5,0.0,0.3583,False,False,False,False,30.66,-1.48,32.79,False,10146.6,,大飞机,
002986,,0.2977,1.0,0.8447,0.0,0.0,0.7218,0.1784,0.0,0.0,0.0,0.0,0.0,0.0,0.5591,False,False,False,False,11.14,-0.18,12.68,False,3362.5,,,
002987,,0.2457,1.0,0.8051,0.0,0.0,0.5118,0.2603,0.3,0.0,0.0,0.0,0.0,0.0,0.2971,False,False,False,False,11.61,-0.17,14.05,False,9792.8,,,
002988,,0.2263,1.0,0.7977,0.0,0.0,0.6789,0.1006,0.3,0.0,0.0,0.0,0.0,1.0,0.5613,False,False,False,False,24.94,-1.69,30.5,False,62.3,,,
002989,,0.0,0.0,0.2447,0.4736,0.1059,0.5833,0.2216,0.9,1.0,0.0,1.0,0.0,1.0,0.5263,False,False,False,False,30.88,10.01,29.07,True,5661.4,,,
002991,,0.5169,0.9107,0.7293,0.0,0.0,0.4547,0.091,0.3,0.0,0.0,0.0,0.0,0.0,0.4544,False,False,False,False,42.29,-3.54,48.25,False,2111.7,,,
002992,,0.0,0.6474,0.2215,0.0,0.0,0.0,0.2156,0.6,0.7178,0.0,0.0,0.5,0.0,0.3589,False,False,False,False,48.7,5.12,46.84,True,7608.6,,,
002993,,0.0,0.0,0.2723,1.0,1.0,0.2087,0.6153,0.3,1.0,0.0,1.0,0.5,1.0,0.4251,False,False,True,False,71.75,10.0,58.5,True,17108.6,,专精特新,
002995,,0.7976,1.0,0.7521,0.3482,0.3547,0.6164,0.17,0.3,0.3115,0.0,0.0,0.5,0.0,0.3729,False,False,False,False,21.5,-1.29,22.78,False,2417.0,,,
002996,,0.0,1.0,0.7337,0.0,0.0,0.6776,0.2277,0.0,0.0292,0.0,0.0,0.0,0.0,0.4673,False,False,False,False,6.54,0.46,7.03,False,2722.7,,专精特新,
002997,,0.0,1.0,0.7064,0.0403,0.0,0.6144,0.3099,0.9,0.2756,0.0,0.0,0.0,1.0,0.3697,False,False,False,False,30.4,1.43,31.38,False,6363.4,,专精特新,
002998,,0.116,1.0,0.7391,0.0641,0.0,0.6409,0.0987,0.0,0.0,0.0,0.0,0.0,0.7,0.4683,False,False,False,False,7.49,1.08,8.4,False,2026.0,,,
002999,,0.2508,1.0,0.8418,0.0,0.0,0.7982,0.16,0.0,0.0,0.0,0.0,0.0,0.0,0.5208,False,False,False,False,5.86,-0.68,6.59,False,2013.2,,,
003000,,0.0,0.8601,0.7319,0.4658,0.462,0.0285,0.2605,0.6,0.3145,0.0,0.0,0.5,1.0,0.5113,False,False,False,False,10.52,-3.84,10.85,False,3240.8,,,
003001,,0.5281,0.8646,0.5235,0.1688,0.0,0.4519,0.2222,0.9,0.0,0.0,0.0,0.0,1.0,0.6976,False,False,False,False,15.25,3.81,18.07,False,16.4,,,
003002,,0.1232,0.9027,0.4673,0.0,0.0,0.204,0.148,0.0,0.0,0.0,1.0,0.0,0.0,0.5122,False,False,False,False,21.39,3.58,24.65,False,39.1,,,
003003,,0.4849,1.0,0.7883,0.0,0.0,0.4721,0.1201,0.0,0.0,0.0,0.0,0.0,1.0,0.5058,False,False,False,False,11.02,0.0,12.53,False,13.0,,,
003004,,0.0,1.0,0.6845,1.0,1.0,0.539,1.0,1.0,1.0,0.0,0.0,1.0,0.7,0.1527,False,False,False,False,65.25,-0.38,49.0,True,44.9,,,
003005,,0.6041,1.0,0.7931,0.0,0.0,0.4971,0.2,0.3,0.0,0.0,0.0,0.0,0.0,0.4498,False,False,False,False,14.57,-1.69,16.88,False,18.5,,,
003007,,0.0,0.8796,0.605,0.1363,0.0,0.7837,0.1728,0.0,0.187,0.0,0.0,0.0,0.7,0.4677,False,False,False,False,40.96,3.72,43.87,False,29.7,,,
003008,,0.2486,1.0,0.8124,0.0,0.0,0.5991,0.0924,0.0,0.0,0.0,0.0,0.0,0.0,0.506,False,False,False,False,18.41,-0.38,21.08,False,1430.9,,,
003009,,0.0,0.7497,0.8159,0.0421,0.855,0.0,0.2965,1.0,0.8738,0.0,0.0,1.0,0.0,0.4995,False,False,False,False,60.88,-4.5,59.13,True,10026.2,,专精特新/光伏,
003010,,0.0,1.0,0.8222,0.0,0.0,0.5638,0.1391,0.0,0.0,0.0,0.0,0.5,0.0,0.4791,False,False,False,False,24.38,-2.95,27.89,False,5513.3,,,
003011,,0.7046,1.0,0.6812,0.0,0.0,0.6094,0.1664,0.6,0.0,0.0,0.0,0.0,0.0,0.4569,False,False,False,False,19.33,-0.62,22.35,False,1485.4,,,
003012,,0.6869,1.0,0.8436,0.0,0.0,0.6899,0.0898,0.0,0.0,0.0,0.0,0.0,0.0,0.4365,False,False,False,False,4.63,-1.28,5.52,False,5252.8,,,
003013,,0.0,1.0,0.6839,0.8399,1.0,0.0,0.8661,1.0,1.0,0.0,1.0,0.5,1.0,0.3201,False,False,False,False,16.24,2.65,14.6,True,6495.1,,,
003015,,0.0,1.0,0.8259,0.0,0.0,0.3395,0.1855,0.3,0.0,0.0,0.0,0.5,0.0,0.3677,False,False,False,False,12.9,-0.92,13.92,False,3190.5,,,
003016,,0.1657,1.0,0.7874,0.0,0.0,0.4349,0.0709,0.0,0.0,0.0,0.0,0.0,0.0,0.4038,False,False,False,False,6.85,-0.72,7.75,False,2814.5,,,
003017,,0.0,1.0,0.8469,0.0,0.0,0.8225,0.2242,0.0,0.0,0.0,0.0,0.0,1.0,0.417,False,False,False,False,26.84,-0.59,29.35,False,1859.7,,,
003018,,0.0,1.0,0.7532,1.0,1.0,0.6892,0.3122,0.6,1.0,0.0,0.0,0.5,0.7,0.1912,False,False,False,False,62.29,0.71,49.7,True,14786.9,,,
003020,,0.2858,1.0,0.8918,0.0,0.0,0.6761,0.0633,0.3,0.0,0.0,0.0,0.0,0.0,0.4715,False,False,False,False,15.36,-0.26,20.01,False,2109.7,,,
003021,,0.3474,1.0,0.8427,0.3381,0.1046,0.7203,0.4176,0.6,0.1019,0.0,0.0,0.0,1.0,0.3426,False,False,False,False,97.93,-1.23,103.82,False,20307.4,,,
003022,,0.0,0.87,0.5205,0.9065,1.0,0.3895,0.4373,0.6,1.0,0.0,0.0,1.0,0.7,0.3845,False,False,False,False,28.28,3.78,23.92,True,37737.7,,光伏,
003023,,0.6349,1.0,0.6756,0.1964,0.0,0.7842,0.1297,0.3,0.0,0.0,0.0,0.0,0.7,0.5835,False,False,False,False,21.99,0.0,25.84,False,2311.6,,,
003025,,0.0,1.0,0.2164,0.8236,1.0,0.0,0.8616,0.6,1.0,0.0,0.0,1.0,1.0,0.2933,False,False,False,False,17.43,2.95,14.93,True,39.5,,专精特新,
003026,,0.1622,1.0,0.7625,0.4008,0.0,0.0574,0.32,0.0,0.0,0.0,1.0,0.0,0.7,0.5008,False,False,False,False,34.92,1.16,39.81,False,3379.9,,专精特新,
003027,,0.2088,1.0,0.7889,0.19,0.0,0.9861,0.2253,0.3,0.0,0.0,0.0,0.0,0.7,0.462,False,False,False,False,20.04,-0.84,22.35,False,2101.4,,碳中和,
003029,,0.0,1.0,0.731,0.0,0.0,0.3681,0.191,0.0,0.0,0.0,0.0,0.0,0.0,0.4954,False,False,False,False,17.9,-1.05,20.39,False,3152.2,,专精特新,
003030,,0.0,1.0,0.7709,0.7312,0.6052,0.658,0.3678,0.6,0.9351,0.0,0.0,0.5,1.0,0.4226,False,False,False,False,23.78,-1.53,22.79,True,19.3,,,
003031,,0.0,0.3314,0.4984,1.0,1.0,0.288,0.3488,0.0,1.0,0.0,0.0,0.5,0.7,0.303,False,False,False,False,161.01,7.01,131.14,True,54768.6,,,
003032,,0.1956,1.0,0.6998,0.5871,0.0,0.0,0.5311,0.6,0.3037,0.0,1.0,0.0,1.0,0.3556,False,False,False,False,6.48,0.62,6.74,False,1843.4,,鸿蒙概念,
003033,,0.8903,0.7027,0.3903,0.2575,0.0,0.3394,0.4893,0.6,0.0,0.0,1.0,0.0,1.0,0.5777,False,False,False,False,52.13,4.78,58.56,False,4209.2,,专精特新,
003035,,0.4743,1.0,0.7338,0.0396,0.0,0.8286,0.2323,0.0,0.0,0.0,0.0,0.0,0.0,0.4479,False,False,False,False,6.36,1.6,7.12,False,24090.9,,碳中和/光伏,
003036,,0.0,0.0561,0.4674,1.0,1.0,0.569,0.8704,0.0,1.0,0.0,0.0,1.0,0.7,0.2983,False,False,False,False,98.21,8.66,54.53,True,21240.7,,,
003037,,0.802,1.0,0.819,0.1631,0.0,0.7533,0.3253,0.6,0.0,0.0,0.0,0.0,0.0,0.4701,False,False,False,False,6.2,-0.96,7.04,False,3714.3,,,
003038,,0.0,1.0,0.7416,0.0,0.0,0.7453,0.1791,0.3,0.0,0.0,0.0,0.5,0.0,0.4494,False,False,False,False,12.72,0.63,13.7,False,2076.2,,专精特新/光伏,
003039,,0.0,1.0,0.8765,0.0,0.0,0.7319,0.0633,0.0,0.0,0.0,0.0,0.0,0.0,0.4563,False,False,False,False,12.39,-0.24,13.72,False,7651.1,,,
003040,,0.0556,1.0,0.8173,0.0,0.0,0.5286,0.0947,0.0,0.0,0.0,0.0,0.0,0.0,0.5156,False,False,False,False,12.1,0.5,14.29,False,5527.9,,,
003041,,0.0682,1.0,0.697,0.0,0.0,0.8234,0.1467,0.0,0.0,0.0,0.0,0.0,1.0,0.6643,False,False,False,False,46.67,1.48,53.5,False,63.9,,,
003042,,0.7451,1.0,0.7865,0.0,0.0,0.5435,0.1763,0.3,0.0,0.0,0.0,0.0,0.0,0.5367,False,False,False,False,13.46,0.22,15.79,False,1659.6,,,
003043,,0.0,1.0,0.6537,1.0,1.0,0.3804,0.751,0.6,1.0,0.0,0.0,1.0,0.7,0.2539,False,False,False,False,83.28,-2.14,63.35,True,6981.4,,,
003816,,0.1849,0.8967,0.5928,0.5087,0.0,0.5431,0.4169,0.3,0.3708,0.0,0.0,0.0,0.7,0.4137,False,False,False,False,4.26,-3.62,4.44,False,1675.8,,,
300001,,0.3424,0.7732,0.5113,1.0,1.0,0.5152,0.3386,0.6,1.0,0.0,0.0,0.0,1.0,0.2973,False,False,False,False,39.01,4.36,34.99,True,403.7,发电设备,光伏概念/智能电网/自贸区,26.5
300002,,0.0,1.0,0.7606,0.0,0.0,0.4202,0.1507,0.0,0.0,0.0,0.0,0.0,0.0,0.6061,False,False,False,False,7.56,0.53,8.89,False,139.6,电子信息,网络游戏,26.5
300003,,0.0,1.0,0.8548,0.0,0.0,0.6946,0.1272,0.0,0.0,0.0,0.0,0.0,0.0,0.5344,False,False,False,False,11.8,-1.17,13.85,False,186.3,医疗器械,仿制药/基因概念/QFII重仓,26.5
300004,,0.4166,1.0,0.7607,0.2751,0.0,0.7836,0.3094,0.6,0.0,0.0,0.0,0.0,1.0,0.4304,False,False,False,False,12.31,0.41,13.83,False,59.1,发电设备,核电核能,26.5
300005,,0.0,1.0,0.3653,0.6636,1.0,0.0,0.4357,0.6,1.0,0.0,0.0,0.5,0.7,0.3893,False,False,False,False,17.6,0.34,15.08,True,154.3,服装鞋类,业绩预升/社保重仓/QFII重仓,23.7
300006,,0.0,1.0,0.7135,0.1517,0.0,0.7059,0.1521,0.0,0.128,0.0,0.0,0.0,0.7,0.4485,False,False,False,False,5.1,-0.39,5.5,False,53.8,生物制药,成渝特区/抗癌/超级细菌,24.5
300007,,0.4996,1.0,0.7975,0.1275,0.0,0.6924,0.4863,0.6,0.0,0.0,1.0,0.0,1.0,0.4646,False,False,False,False,40.19,0.07,44.95,False,113.7,仪器仪表,碳中和/专精特新/物联网,29.4
300008,,0.0,1.0,0.7317,0.0,0.0,0.6169,0.2623,0.3,0.1528,0.0,0.0,0.5,0.0,0.4283,False,False,False,False,6.77,0.89,7.19,False,111.5,船舶制造,专精特新/国防军工/军民融合,27.2
300009,,0.2585,1.0,0.8893,0.0,0.0,0.7007,0.2196,0.6,0.0,0.0,0.0,0.0,0.0,0.4532,False,False,False,False,7.76,-0.89,8.64,False,95.5,生物制药,免疫治疗/皖江区域/生物疫苗,24.5
300010,,0.0538,0.6968,0.4378,0.0,0.0,0.4337,0.2973,0.0,0.0,0.0,1.0,0.0,0.0,0.6053,False,False,False,False,2.61,4.82,3.93,False,43.4,电子信息,国防军工/军工航天/信息安全,26.5
300011,,0.0,1.0,0.802,0.0,0.0,0.5725,0.3006,0.0,0.0,0.0,0.0,0.0,0.0,0.4415,False,False,False,False,6.07,0.17,6.97,False,30.8,交通运输,三板精选/业绩预升,28.9
300012,,0.0,1.0,0.7826,0.2332,0.0,0.5892,0.1288,0.0,0.2431,0.0,0.0,0.0,0.0,0.4345,False,False,False,False,14.0,-2.85,14.8,False,200.4,仪器仪表,碳中和/CXO概念/CRO概念,29.4
300013,,0.6535,1.0,0.6509,0.7376,0.0,0.7241,0.1276,0.6,0.2289,0.0,1.0,0.0,1.0,0.5024,True,False,False,False,4.08,1.75,4.31,False,18.2,交通运输,卫星导航,28.9
300014,,0.0,0.0,0.5882,0.006,0.0,0.0,0.3966,0.3,0.8717,0.0,0.0,0.5,0.0,0.5003,False,False,False,False,66.88,13.8,63.91,True,1412.8,电子器件,盐湖提锂/无线耳机/智能电网,74.0
300015,,0.2138,1.0,0.858,0.0,0.0,0.7266,0.1499,0.3,0.0,0.0,0.0,0.0,1.0,0.4339,False,False,False,False,8.28,-2.01,9.45,False,658.7,医疗器械,长株潭/民营医院,26.5
300016,,0.0,1.0,0.8615,0.0,0.0,0.7189,0.0788,0.0,0.0,0.0,0.0,0.0,0.0,0.5172,False,False,False,False,7.64,-0.78,8.71,False,42.9,生物制药,专精特新/免疫治疗/基因概念,24.5
300017,,0.0,1.0,0.8129,0.0,0.0,0.8251,0.1957,0.3,0.0242,0.0,0.0,0.0,0.0,0.4734,False,False,False,False,14.57,-0.27,16.08,False,341.1,电子信息,电商概念/信息安全/业绩预升,26.5
300018,,0.0,1.0,0.8392,0.2483,0.0,0.8428,0.1925,0.3,0.1965,0.0,0.0,0.0,0.7,0.4594,False,False,False,False,12.29,-1.21,13.18,False,44.3,发电设备,智能电网/武汉规划/卫星导航,26.5
300019,,0.0,0.9259,0.5111,0.0336,0.1927,0.0,0.7597,0.6,0.5686,0.0,0.0,0.5,0.0,0.307,False,False,False,False,18.62,3.44,18.36,True,68.6,化工行业,成渝特区,59.2
300020,,0.2218,1.0,0.8117,0.1641,0.6145,0.8171,0.3605,0.3,0.3152,0.0,0.0,0.5,0.0,0.3478,False,False,False,False,3.5,-1.13,3.62,False,26.8,电子信息,食品安全/业绩预升,26.5
300021,,0.1304,1.0,0.8433,0.0,0.0,0.6882,0.2268,0.0,0.0,0.0,0.0,0.0,0.0,0.4565,False,False,False,False,3.78,-1.31,4.18,False,33.0,农林牧渔,乡村振兴/水利建设/陕甘宁,26.1
300022,,0.2594,1.0,0.8353,0.0444,0.0,0.7618,0.1309,0.0,0.0,0.0,0.0,0.0,0.0,0.3962,False,False,False,False,7.59,-1.3,8.5,False,37.5,商业百货,乡村振兴/成渝特区/业绩预降,26.7
300024,,0.0,0.5173,0.3986,0.4418,1.0,0.0,1.0,0.9,1.0,0.0,1.0,0.5,1.0,0.3954,False,False,False,False,17.96,5.9,15.82,True,281.1,机械行业,专精特新/朝鲜改革/国防军工,29.0
300025,,0.0,1.0,0.6408,0.0,0.0,0.5714,0.0968,0.3,0.0,0.0,0.0,0.0,1.0,0.4721,False,False,False,False,4.7,1.29,5.27,False,23.8,电子信息,5G概念/业绩预降,26.5
300026,,0.093,1.0,0.8701,0.0743,0.0,0.6792,0.1439,0.0,0.0,0.0,0.0,0.0,0.0,0.4682,False,False,False,False,3.06,-0.65,3.31,False,91.8,生物制药,业绩预升,24.5
300027,,0.248,1.0,0.7436,0.4855,0.394,0.9407,0.312,0.0,0.3492,0.0,0.0,0.5,1.0,0.3442,False,False,False,False,1.83,0.55,1.86,False,46.9,传媒娱乐,网络游戏/业绩预升,21.0
300030,,0.2466,1.0,0.7708,0.0,0.0,0.6969,0.0691,0.0,0.0,0.0,0.0,0.0,1.0,0.4848,False,False,False,False,6.35,-0.78,7.35,False,17.3,医疗器械,免疫治疗/基因概念,26.5
300031,,0.0,1.0,0.7242,0.9632,1.0,0.3469,0.46,0.3,1.0,0.0,1.0,1.0,1.0,0.206,False,False,False,False,26.96,-1.28,24.02,True,94.9,化工行业,,59.2
300032,,0.0,0.9323,0.6107,0.0,0.0,0.5664,0.0998,0.0,0.0,0.0,1.0,0.0,0.0,0.4912,False,False,False,False,4.25,3.41,4.88,False,34.1,电子器件,小米概念/触摸屏/汽车电子,74.0
300033,,0.0,1.0,0.6634,0.1564,0.0,0.4382,0.2449,0.9,0.3368,0.0,0.0,0.0,1.0,0.4226,False,False,False,False,218.62,2.77,225.78,False,958.4,电子信息,互联金融,26.5
300034,,0.0,1.0,0.8039,0.0568,0.0,0.5896,0.2313,0.3,0.2306,0.0,0.0,0.0,1.0,0.4072,False,False,False,False,17.87,1.07,18.88,False,137.1,有色金属,大飞机/国防军工/军工航天,62.0
300035,,0.0,0.8682,0.6132,0.0,0.0,0.5508,0.258,0.0,0.0952,0.0,0.0,0.5,0.0,0.5189,False,False,False,False,18.07,3.79,19.12,False,105.4,机械行业,专精特新/锂电池/长株潭,29.0
300036,,0.5527,1.0,0.8753,0.0,0.0,0.4715,0.1516,0.0,0.0,0.0,0.0,0.0,0.0,0.4074,False,False,False,False,12.18,-0.98,14.41,False,53.4,电子信息,鸿蒙概念/卫星导航/国产软件,26.5
300037,,0.0,0.8495,0.3693,1.0,1.0,0.2683,0.3521,0.0,1.0,0.0,0.0,1.0,0.7,0.4076,False,False,False,False,80.4,3.9,68.03,True,433.1,化工行业,锂电池/前海概念,59.2
300039,,0.4676,1.0,0.7147,0.0,0.0,0.0,0.1129,0.0,0.0,0.0,0.0,0.0,0.0,0.6417,False,False,False,False,4.49,1.13,5.43,False,41.2,生物制药,,24.5
300040,,0.8354,1.0,0.6904,0.3871,0.0,0.7955,0.3231,0.3,0.0,0.0,0.0,0.0,0.0,0.473,False,False,False,False,6.58,1.86,7.25,False,34.0,发电设备,碳中和/光伏/光伏概念,26.5
300041,,0.0,1.0,0.6648,1.0,1.0,0.1495,0.5437,0.3,1.0,0.0,1.0,0.5,1.0,0.276,False,False,False,False,14.31,2.8,12.84,True,77.9,化工行业,大飞机/光伏,59.2
300042,,0.0,1.0,0.6624,1.0,1.0,0.7171,0.2887,0.0,1.0,0.0,1.0,0.0,0.7,0.2473,False,False,False,False,64.13,2.46,57.47,True,128.5,电子信息,,26.5
300043,,0.403,1.0,0.807,0.0,0.0,0.6222,0.0953,0.3,0.0,0.0,0.0,0.0,0.0,0.5128,False,False,False,False,4.4,-2.0,5.18,False,54.7,,婴童概念/网络游戏,
300044,,0.0,1.0,0.7198,0.0,0.0,0.7119,0.3895,0.0,0.0,0.0,0.0,0.0,0.0,0.427,False,False,False,False,5.68,-0.53,6.28,False,40.6,电子信息,智能电网/智能机器,26.5
300045,,0.0,1.0,0.8038,0.0,0.0,0.7151,0.2065,0.6,0.0,0.0,0.0,0.0,0.0,0.4376,False,False,False,False,18.24,-0.6,21.39,False,94.2,电子信息,大飞机/国防军工/军民融合,26.5
300046,,0.0,0.9484,0.5475,0.0839,0.0,0.448,0.5363,0.0,0.1341,0.0,1.0,0.0,1.0,0.4202,False,False,False,False,30.59,3.31,32.08,False,72.4,电子器件,国防军工/军工航天,74.0
300047,,0.215,1.0,0.7782,0.0,0.0,0.7284,0.2935,0.9,0.0,0.0,0.0,0.0,0.0,0.5922,False,False,False,False,10.02,1.01,11.75,False,57.5,电子信息,5G概念/业绩预降,26.5
300048,,0.3754,1.0,0.8131,0.0,0.0,0.7091,0.1077,0.0,0.0,0.0,0.0,0.0,0.0,0.4991,False,False,False,False,5.37,0.37,6.13,False,60.7,发电设备,光伏,26.5
300049,,0.0,1.0,0.8231,0.0,0.0,0.7128,0.1908,0.6,0.0,0.0,0.0,0.5,0.0,0.4049,False,False,False,False,42.12,-2.81,51.17,False,98.4,生物制药,民营医院/业绩预降,24.5
300050,,0.4957,0.8671,0.4304,0.5297,0.0,0.5503,0.5286,0.0,0.2707,0.0,0.0,0.0,0.7,0.4569,False,False,False,False,6.56,3.8,6.95,False,35.7,电子信息,5G概念/物联网/业绩预降,26.5
300051,,0.0389,0.6866,0.4462,0.0,0.0,0.6312,0.0077,0.0,0.0,0.0,0.0,0.0,0.7,0.7459,False,False,False,False,10.1,4.88,12.0,False,37.1,电子信息,百度概念/海峡西岸,26.5
300052,,0.0,1.0,0.6082,0.1485,0.0,0.7101,0.28,0.3,0.2655,0.0,0.0,0.5,1.0,0.3319,False,False,False,False,12.28,1.66,12.91,False,32.2,电子信息,网络游戏/业绩预升,26.5
300053,,0.0,1.0,0.6961,0.0327,0.0,0.581,0.2753,0.3,0.0897,0.0,0.0,0.5,1.0,0.3733,False,False,False,False,16.19,-2.88,17.61,False,105.4,电子器件,专精特新/国防军工/军工航天,74.0
300054,,0.0,1.0,0.7507,1.0,1.0,0.4504,0.4016,0.0,1.0,0.0,0.0,1.0,0.7,0.3035,False,False,False,False,84.5,-1.25,65.33,True,623.7,化工行业,武汉规划/信托重仓,59.2
300055,,0.3765,1.0,0.4985,0.0,0.0,0.6261,0.1699,0.0,0.0,0.0,0.0,0.0,0.0,0.6832,False,False,False,False,7.77,0.78,9.32,False,49.2,环保行业,污水处理/业绩预升/节能环保,28.2
300056,,0.8128,1.0,0.6174,0.3929,0.0,0.6041,0.1242,0.0,0.0,0.0,1.0,0.0,0.7,0.7121,False,False,False,False,8.29,1.22,9.74,False,31.9,机械行业,海峡西岸/业绩预升/节能环保,29.0
300057,,0.0,0.6516,0.4495,1.0,0.9407,0.5662,0.2961,0.6,1.0,0.0,0.0,0.5,0.7,0.4288,False,False,False,False,9.29,5.09,8.11,True,70.9,印刷包装,,26.0
300058,,0.1084,1.0,0.7301,0.1987,0.0,0.8165,0.1919,0.0,0.2569,0.0,1.0,0.0,1.0,0.4424,False,False,False,False,15.08,0.07,16.43,False,524.5,印刷包装,,26.0
300059,,0.0,1.0,0.7283,0.0496,0.0,0.2366,0.3225,0.6,0.2852,0.0,0.0,0.0,0.0,0.3747,False,False,False,False,19.12,1.22,19.6,False,2550.1,电子信息,互联金融/参股金融,26.5
300061,,0.4315,0.951,0.4818,0.1568,0.0,0.4954,0.4007,0.6,0.0,0.0,1.0,0.0,1.0,0.5559,False,False,False,False,7.84,3.29,9.24,False,48.8,医疗器械,智能穿戴/业绩预升,26.5
300062,,0.0,1.0,0.7249,0.0,0.0,0.7207,0.3071,0.6,0.0,0.0,0.0,0.0,0.0,0.4845,False,False,False,False,6.43,2.06,7.49,False,29.5,发电设备,光伏/光伏概念/智能电网,26.5
300063,,0.0,1.0,0.7701,0.0,0.0,0.8307,0.2083,0.0,0.0,0.0,0.0,0.0,0.0,0.6524,False,False,False,False,9.6,0.31,11.04,False,60.1,化工行业,业绩预降,59.2
300065,,0.0,1.0,0.7737,0.0,0.0,0.8708,0.164,0.0,0.0,0.0,0.0,0.0,1.0,0.6234,False,False,False,False,18.92,-1.2,22.29,False,124.2,电子信息,专精特新/国防军工/军民融合,26.5
300066,,0.0,0.0,0.0,0.0584,0.5668,0.0,0.6392,1.0,1.0,0.0,0.0,1.0,0.0,0.3799,False,False,False,False,6.78,13.76,6.12,True,67.7,仪器仪表,物联网,29.4
300067,,0.0,1.0,0.644,0.4582,0.0,0.8482,0.1309,0.0,0.3931,0.0,0.0,0.0,0.7,0.4336,False,False,False,False,5.52,1.66,5.73,False,51.7,化工行业,污水处理/业绩预升,59.2
300068,,0.0,0.0,0.0,0.0,0.0,0.0455,0.2893,0.3,0.0,0.0,1.0,0.0,0.0,0.5715,False,False,False,False,4.56,20.0,7.37,False,38.9,电器行业,固态电池/5G概念/锂电池,28.3
300069,,0.9855,1.0,0.6403,1.0,1.0,0.0,0.0,0.0,0.7498,1.0,1.0,0.0,0.7,0.444,True,False,False,False,34.86,0.58,34.62,True,40.8,发电设备,业绩预升,26.5
300070,,0.2366,1.0,0.8851,0.0352,0.0,0.5493,0.1876,0.3,0.0,0.0,0.0,0.5,0.0,0.3768,False,False,False,False,3.45,-0.86,3.71,False,118.5,环保行业,融资融券/污水处理/节能环保,28.2
300071,,0.0,1.0,0.7778,0.0,0.0,0.6617,0.1591,0.3,0.0,0.0,0.0,0.0,0.0,0.5345,False,False,False,False,3.92,0.51,4.66,False,37.1,印刷包装,业绩预升,26.0
300072,,0.5516,1.0,0.8168,0.0,0.0,0.7241,0.2095,0.0,0.0,0.0,0.0,0.0,0.0,0.5436,False,False,False,False,3.64,0.0,4.27,False,84.9,化工行业,节能环保,59.2
300073,,0.0,0.836,0.6794,0.0931,0.0,0.5074,0.133,0.0,0.2733,0.0,0.0,0.0,0.7,0.5024,False,False,False,False,52.98,3.98,55.3,False,268.1,其它行业,固态电池/锂电池/准ST股,41.7
300074,,0.2608,1.0,0.7922,0.1448,0.0,0.531,0.1125,0.0,0.0,0.0,0.0,0.0,1.0,0.4258,False,False,False,False,3.83,-0.52,4.24,False,21.1,电子信息,,26.5
300075,,0.3954,1.0,0.8591,0.0976,0.0,0.6365,0.2284,0.3,0.0,0.0,0.0,0.0,1.0,0.3992,False,False,False,False,11.65,-1.52,13.06,False,60.0,电子信息,雄安新区/卫星导航,26.5
300076,,0.0,0.3547,0.3523,0.0,0.0,0.7513,0.2713,0.0,0.0,0.0,0.0,0.0,0.0,0.5967,False,False,False,False,4.51,6.87,5.26,False,19.1,电子信息,专精特新/智能机器/机器人概念,26.5
300077,,0.02,0.8249,0.55,0.5843,0.0,0.6552,0.278,0.3,0.5123,0.0,1.0,0.0,1.0,0.2669,False,False,False,False,23.12,4.05,23.29,False,130.9,电子器件,5G概念/物联网/电子支付,74.0
300078,,0.1211,1.0,0.7701,0.0,0.0,0.695,0.2283,0.0,0.0,0.0,0.0,0.0,0.0,0.4756,False,False,False,False,3.2,0.31,3.71,False,35.6,电子器件,物联网,74.0
300079,,0.5488,1.0,0.816,0.0572,0.0,0.6667,0.225,0.0,0.0,0.0,0.0,0.0,1.0,0.4499,False,False,False,False,4.68,-0.64,5.33,False,60.0,电子信息,金融改革/宽带提速/券商重仓,26.5
300080,,0.0,1.0,0.7637,0.0,0.0,0.7012,0.2851,0.3,0.0,0.0,0.0,0.0,0.0,0.2717,False,False,False,False,4.0,1.27,4.44,False,74.8,建筑建材,光伏/HIT电池/光伏概念,23.8
300081,,0.7485,1.0,0.7828,0.1525,0.2748,0.7867,0.2637,0.0,0.0,0.0,1.0,0.5,0.0,0.4506,False,False,False,False,3.98,-0.25,4.3,False,24.1,电子信息,5G概念,26.5
300082,,0.0,0.9939,0.5812,0.0,0.0,0.57,0.2039,0.0,0.3832,0.0,0.0,0.5,0.0,0.3867,False,False,False,False,9.84,3.04,10.19,False,66.7,化工行业,光伏/光伏概念/锂电池,59.2
300083,,0.0,0.6196,0.5243,1.0,1.0,0.6344,0.4037,0.0,1.0,0.0,0.0,0.5,1.0,0.3084,False,False,False,False,11.36,5.28,9.87,True,169.5,电子器件,小米概念/触摸屏/业绩预升,74.0
300084,,0.0,1.0,0.7807,0.6666,0.4483,0.6828,0.3506,0.3,0.8206,1.0,0.0,0.5,1.0,0.3345,False,False,False,False,12.0,-1.32,11.81,True,42.8,石油行业,国防军工/军工航天/核电核能,22.2
300085,,0.376,1.0,0.6862,0.0,0.0,0.5057,0.1722,0.6,0.0,0.0,0.0,0.0,1.0,0.6016,False,False,False,False,27.38,0.7,36.12,False,178.5,电子信息,碳中和/业绩预降,26.5
300086,,0.0,1.0,0.7738,0.0,0.0,0.6742,0.1561,0.0,0.0,0.0,0.0,0.0,0.0,0.505,False,False,False,False,6.23,0.65,7.34,False,27.5,生物制药,仿制药/海南自贸/婴童概念,24.5
300087,,0.271,1.0,0.7778,0.0,0.0,0.483,0.1536,0.0,0.0,0.0,0.0,0.0,0.0,0.3436,False,False,False,False,6.96,0.87,7.82,False,62.8,农林牧渔,乡村振兴/皖江区域/生物育种,26.1
300088,,0.0,0.0,0.0,1.0,1.0,0.0077,0.5468,0.6,1.0,0.0,1.0,0.5,0.7,0.2778,False,False,False,False,8.81,12.37,7.34,True,219.0,电子器件,小米概念/触摸屏/皖江区域,74.0
300091,,0.9207,1.0,0.8102,0.3867,0.0,0.6331,0.1276,0.0,0.1598,0.0,0.0,0.0,0.0,0.4504,False,False,False,False,2.75,-2.14,2.94,False,45.0,机械行业,氢能源/军民融合,29.0
300093,,0.0,0.9612,0.5259,0.9771,1.0,0.0,0.2326,0.3,1.0,0.0,1.0,1.0,0.7,0.3564,False,False,False,False,23.95,3.23,21.36,True,55.3,玻璃行业,光伏/HIT电池/光伏概念,82.0
300094,,0.2907,1.0,0.8088,0.0,0.0,0.6445,0.1348,0.0,0.0,0.0,0.0,0.0,0.0,0.3889,False,False,False,False,2.81,0.72,3.07,False,31.1,农林牧渔,水产品/生物育种,26.1
300095,,0.0,1.0,0.782,0.0025,0.0,0.7115,0.2035,0.3,0.0653,0.0,0.0,0.0,1.0,0.3468,False,False,False,False,9.01,1.58,9.7,False,28.6,机械行业,光伏概念/国防军工/军工航天,29.0
300096,,0.0,1.0,0.765,0.4144,0.0,0.3914,0.1714,0.3,1.0,0.0,0.0,0.0,0.7,0.3275,False,False,False,False,9.29,-0.75,8.73,True,39.9,电子信息,海峡西岸/物联网/电子支付,26.5
300097,,0.0,0.7647,0.3277,0.6998,0.0148,0.4103,0.1862,0.0,1.0,0.0,1.0,0.5,0.7,0.2597,False,False,False,False,9.94,4.41,9.44,True,26.8,仪器仪表,智能机器/机器人概念/业绩预升,29.4
300098,,0.0,1.0,0.7884,0.1424,0.0,0.7296,0.3406,0.0,0.0178,0.0,0.0,0.0,1.0,0.442,False,False,False,False,5.08,0.79,5.51,False,78.3,电子信息,,26.5
300099,,0.0,1.0,0.8415,0.0541,0.0,0.771,0.1428,0.0,0.3568,0.0,0.0,0.5,0.0,0.3799,False,False,False,False,7.91,-1.0,8.23,False,46.0,仪器仪表,国防军工/军民融合/黄河三角,29.4
300100,,0.5604,1.0,0.754,0.3043,0.0,0.6981,0.4099,0.6,0.0,0.0,0.0,0.0,1.0,0.3086,False,False,False,False,29.32,-0.74,31.62,False,161.6,汽车制造,,25.0
300101,,0.0,1.0,0.8323,0.0,0.0,0.7967,0.242,0.0,0.0,0.0,0.0,0.0,0.0,0.5138,False,False,False,False,16.51,-1.14,19.54,False,93.4,电子信息,专精特新/国防军工/军民融合,26.5
300102,,0.0,1.0,0.5842,0.0,0.0,0.6257,0.2472,0.0,0.0,0.0,0.0,0.0,0.0,0.501,False,False,False,False,24.44,2.3,27.92,False,223.9,电子器件,光伏/光伏概念/海峡西岸,74.0
300103,,0.2088,0.8293,0.4634,0.8044,0.5523,0.5455,0.2664,0.3,0.844,1.0,1.0,0.0,1.0,0.2433,False,False,False,False,8.53,4.02,8.33,True,27.1,机械行业,军民融合/业绩预升/陕甘宁,29.0
300105,,0.0,0.7296,0.3939,0.2444,0.6394,0.0,0.159,0.3,0.5758,0.0,0.0,1.0,0.0,0.4688,False,False,False,False,6.79,4.62,6.73,True,35.0,仪器仪表,碳中和/黄河三角/业绩预降,29.4
300106,,0.6214,0.9643,0.4881,1.0,0.1055,0.7622,0.4393,0.3,0.271,0.0,1.0,0.0,1.0,0.4565,False,False,False,False,11.56,3.21,12.15,False,24.4,农林牧渔,婴童概念/生物育种,26.1
300107,,0.0,1.0,0.8604,0.0,0.0,0.8331,0.2986,0.3,0.0,0.0,0.0,0.0,0.0,0.3823,False,False,False,False,6.13,-1.29,6.79,False,21.3,化工行业,雄安新区/京津冀,59.2
300109,,0.0,1.0,0.8344,0.2046,0.0,0.7685,0.1117,0.3,0.4595,0.0,0.0,0.5,1.0,0.4235,False,False,False,False,17.49,-1.24,17.89,False,78.2,化工行业,基因概念,59.2
300110,,0.2445,1.0,0.8479,0.0,0.0,0.6677,0.1321,0.0,0.0,0.0,0.0,0.0,0.0,0.4649,False,False,False,False,2.62,-0.38,2.93,False,30.9,生物制药,黄河三角/自贸区/日韩贸易,24.5
300111,,0.0,1.0,0.7444,0.0,0.0,0.6175,0.1256,0.0,0.0,0.0,0.0,0.0,0.0,0.5404,False,False,False,False,3.15,0.64,3.73,False,40.5,电子器件,光伏概念/智能机器/机器人概念,74.0
300112,,0.0,1.0,0.7076,0.0,0.0,0.3756,0.2555,0.0,0.0,0.0,0.0,0.0,0.0,0.3714,False,False,False,False,6.9,0.88,7.67,False,16.4,仪器仪表,专精特新/机器人概念,29.4
300113,,0.0,1.0,0.7733,0.0,0.0,0.8288,0.1628,0.3,0.0,0.0,0.0,0.0,0.0,0.6219,False,False,False,False,20.18,0.9,23.89,False,102.7,电子信息,网络游戏,26.5
300115,,0.2126,1.0,0.7443,0.1262,0.0,0.813,0.4079,0.0,0.0,0.0,1.0,0.0,1.0,0.4116,False,False,False,False,30.92,0.52,34.24,False,419.7,电子器件,无线耳机/小米概念/本月解禁,74.0
300118,,0.0,0.7642,0.5536,0.0,0.0,0.2833,0.1983,0.3,0.0,0.0,0.0,0.0,0.0,0.5108,False,False,False,False,14.19,4.42,15.87,False,131.5,电子器件,光伏/HIT电池/光伏概念,74.0
300119,,0.0,1.0,0.8825,0.0,0.0,0.7347,0.1746,0.0,0.0,0.0,0.0,0.0,0.0,0.4665,False,False,False,False,15.66,-1.39,16.85,False,52.2,生物制药,本月解禁/参股金融,24.5
300120,,0.0,1.0,0.7476,0.8148,1.0,0.0,0.5899,0.6,1.0,0.0,0.0,1.0,0.0,0.3394,False,False,False,False,9.24,-2.84,8.16,True,48.7,发电设备,本月解禁,26.5
300122,,0.0,1.0,0.7249,0.0,0.0,0.4295,0.1504,0.3,0.0,0.0,0.0,0.5,0.0,0.5556,False,False,False,False,12.48,0.97,14.3,False,176.5,生物制药,成渝特区/生物疫苗/抗癌,24.5
300123,,0.2147,1.0,0.6706,0.0,0.0,0.7363,0.3938,0.0,0.0,0.0,0.0,0.0,0.0,0.4506,False,False,False,False,4.37,2.82,5.1,False,43.4,船舶制造,国防军工/军民融合/长株潭,27.2
300124,,0.4046,1.0,0.6931,0.5856,0.0132,0.6985,0.3785,0.6,0.3114,0.0,1.0,0.0,1.0,0.471,False,False,False,False,70.24,1.36,73.06,False,1692.9,仪器仪表,机器人概念/业绩预升/节能环保,29.4
300125,,0.0,0.0,0.1704,0.7364,0.0,0.3564,0.3113,0.0,0.9249,0.0,0.0,0.0,0.7,0.4515,False,False,False,False,9.81,9.0,9.55,True,35.4,发电设备,光伏/光伏概念/节能环保,26.5
300126,,0.1176,1.0,0.7231,0.0,0.0,0.4454,0.0958,0.3,0.0,0.0,0.0,0.0,0.0,0.4733,False,False,False,False,6.51,0.15,7.43,False,13.7,机械行业,,29.0
300127,,0.0,0.8458,0.5508,0.0853,0.0,0.0361,0.4062,0.6,0.4997,0.0,0.0,0.5,0.0,0.4116,False,False,False,False,29.92,3.92,30.14,False,69.1,电子器件,成渝特区,74.0
300128,,0.515,0.1939,0.1596,0.6215,0.0,0.1794,0.3538,0.3,0.0,0.0,1.0,0.0,1.0,0.4153,False,False,False,False,6.33,7.84,7.05,False,82.1,电子器件,光伏/光伏概念,74.0
300129,,0.0228,1.0,0.8326,0.0,0.0,0.8914,0.2495,0.3,0.0,0.0,0.0,0.0,0.0,0.6221,False,False,False,False,9.53,-0.31,11.13,False,68.5,发电设备,专精特新/风能概念,26.5
300130,,0.733,1.0,0.7052,0.3133,0.0,0.0974,0.4503,0.3,0.0,0.0,1.0,0.0,0.0,0.3588,False,False,False,False,21.77,0.28,23.56,False,94.5,电子信息,电子支付,26.5
300131,,0.0,1.0,0.4981,0.8108,0.5584,0.5039,0.6333,0.0,1.0,0.0,0.0,0.5,0.7,0.2976,False,False,False,False,19.62,1.87,17.05,True,204.5,电子器件,物联网/智能家居/智能机器,74.0
300132,,0.6657,0.9271,0.6771,0.0,0.0,0.5802,0.0392,0.0,0.0,0.0,0.0,0.0,1.0,0.5719,False,False,False,False,6.18,-3.44,7.71,False,31.4,化工行业,海峡西岸,59.2
300133,,0.0,1.0,0.7925,0.1505,0.0,0.8885,0.1284,0.3,0.0,0.0,0.0,0.0,1.0,0.4666,False,False,False,False,7.39,0.0,8.18,False,123.9,传媒娱乐,,21.0
300134,,0.0,0.5949,0.4672,0.113,0.0,0.3145,0.2224,0.3,0.2099,0.0,0.0,0.0,1.0,0.4898,False,False,False,False,10.29,5.43,10.76,False,79.0,电子信息,华为概念/5G概念/物联网,26.5
300135,,0.0,0.9949,0.4545,0.0,0.0,0.2455,0.1319,0.0,0.0,0.0,0.0,0.0,0.0,0.4397,False,False,False,False,3.4,3.03,3.7,False,31.3,化工行业,油气改革,59.2
300136,,0.0,1.0,0.5019,1.0,0.8262,0.4369,0.2731,0.3,1.0,1.0,0.0,0.0,0.7,0.2972,False,False,False,False,100.16,2.52,93.3,True,826.5,电子信息,无线耳机/华为概念,26.5
300137,,0.0,1.0,0.7798,1.0,0.2609,0.7667,0.2224,0.0,1.0,1.0,0.0,0.0,0.7,0.3528,False,False,False,False,17.58,0.11,16.87,True,93.2,仪器仪表,碳中和/雄安新区/京津冀,29.4
300138,,0.0,1.0,0.8343,0.0,0.0,0.7059,0.2302,0.6,0.0,0.0,0.0,0.0,0.0,0.4355,False,False,False,False,9.89,-1.69,11.16,False,39.4,食品行业,业绩预降,28.5
300139,,0.0,1.0,0.6808,0.0,0.0,0.2275,0.1612,0.0,0.0722,0.0,0.0,0.5,0.0,0.4163,False,False,False,False,44.03,-1.5,48.63,False,102.9,电子器件,光伏/光伏概念,74.0
300140,,0.4609,1.0,0.8421,0.0,0.0,0.7781,0.243,0.0,0.0,0.0,0.0,0.0,0.0,0.5537,False,False,False,False,5.46,-0.55,6.29,False,55.7,电器行业,业绩预升/陕甘宁,28.3
300141,,0.0,1.0,0.6734,0.0,0.0,0.6439,0.1838,0.0,0.0,0.0,0.0,0.0,0.0,0.4741,False,False,False,False,10.63,2.11,12.28,False,27.1,发电设备,光伏/光伏概念,26.5
300142,,0.0,0.799,0.5079,0.2629,0.0,0.4922,0.1905,0.3,0.3533,0.0,0.0,0.0,0.7,0.3959,False,False,False,False,12.14,4.21,12.58,False,191.5,生物制药,生物疫苗/婴童概念,24.5
300143,,0.4484,1.0,0.7905,0.0,0.0,0.603,0.1537,0.0,0.0,0.0,0.0,0.0,0.0,0.6928,False,False,False,False,6.97,-0.43,9.94,False,44.7,农林牧渔,,26.1
300144,,0.4154,1.0,0.8331,0.0,0.0,0.5292,0.1225,0.3,0.0,0.0,0.0,0.0,0.0,0.4709,False,False,False,False,6.27,-1.88,7.12,False,162.9,酒店旅游,海南自贸,27.5
300145,,0.0,0.0,0.0,0.5795,1.0,0.0,0.4498,0.3,1.0,0.0,1.0,1.0,0.0,0.4375,False,False,True,False,5.65,19.96,4.86,True,108.0,机械行业,水利建设/污水处理/节能环保,29.0
300146,,0.0,1.0,0.8337,0.064,0.0294,0.679,0.2276,0.3,0.2383,0.0,0.0,0.5,0.0,0.3491,False,False,False,False,9.81,-2.1,10.2,False,109.9,食品行业,基因概念,28.5
300147,,0.4627,1.0,0.8737,0.4109,0.0,0.814,0.2646,0.0,0.2728,0.0,0.0,0.0,0.7,0.3901,False,False,False,False,9.35,-1.58,9.82,False,61.5,生物制药,免疫治疗/抗癌,24.5
300148,,0.4101,1.0,0.8235,0.0,0.0,0.7046,0.1769,0.0,0.0,0.0,0.0,0.0,0.0,0.5874,False,False,False,False,3.38,-0.59,3.94,False,27.5,传媒娱乐,长株潭/网络游戏/业绩预降,21.0
300149,,0.3821,1.0,0.8122,0.0,0.0,0.821,0.0193,0.0,0.0,0.0,0.0,0.0,0.0,0.5031,False,False,False,False,7.72,-1.15,9.21,False,36.6,食品行业,CXO概念/CRO概念,28.5
300150,,0.0,1.0,0.8246,0.0,0.0,0.6479,0.1718,0.0,0.0,0.0,0.0,0.0,0.0,0.5946,False,False,False,False,4.18,0.0,4.77,False,19.4,电子信息,专精特新,26.5
300151,,0.2367,1.0,0.7691,1.0,1.0,0.7449,0.5305,0.3,1.0,0.0,1.0,0.0,1.0,0.2158,False,False,False,False,22.95,1.91,20.6,True,84.6,机械行业,,29.0
300152,,0.1132,1.0,0.6667,0.0,0.0,0.6834,0.386,0.0,0.0,0.0,0.0,0.0,0.0,0.2454,False,False,False,False,1.82,1.11,1.95,False,13.0,机械行业,污水处理/节能环保,29.0
300153,,0.0,1.0,0.6596,0.0,0.0,0.7482,0.2319,0.3,0.0,0.0,0.0,0.0,0.0,0.4969,False,False,False,False,25.53,2.65,27.99,False,81.3,发电设备,华为概念/锂电池/核电核能,26.5
300154,,0.0,1.0,0.5551,0.6507,0.0,0.7085,0.3006,0.3,0.6109,0.0,1.0,0.0,1.0,0.2214,False,False,False,False,9.5,2.26,9.51,False,29.9,电子器件,智能机器/机器人概念,74.0
300155,,0.5351,1.0,0.7864,0.0589,0.0,0.6545,0.1336,0.0,0.0,0.0,0.0,0.0,1.0,0.4134,False,False,False,False,4.32,-1.14,4.88,False,14.2,电子器件,物联网/智能家居,74.0
300157,,0.3294,1.0,0.7129,0.0,0.0,0.4965,0.1136,0.3,0.0,0.0,0.0,0.0,0.0,0.5245,False,False,False,False,4.18,0.0,5.16,False,29.6,石油行业,页岩气/本月解禁,22.2
300158,,0.7918,1.0,0.8682,0.0,0.0,0.7311,0.204,0.3,0.0,0.0,0.0,0.0,0.0,0.3616,False,False,False,False,5.01,-0.99,5.51,False,49.7,生物制药,抗癌,24.5
300159,,0.0,1.0,0.8378,1.0,1.0,0.7864,0.3743,0.3,1.0,0.0,0.0,0.5,0.7,0.2997,False,False,False,False,4.12,0.24,3.8,True,75.5,机械行业,大飞机/国防军工/乡村振兴,29.0
300161,,0.0305,1.0,0.7892,0.5666,0.0,0.8281,0.1587,0.3,0.4551,0.0,1.0,0.0,1.0,0.3461,False,False,False,False,31.57,1.87,32.51,False,61.6,机械行业,武汉规划/智能机器/机器人概念,29.0
300162,,0.0,0.5206,0.4155,0.9954,1.0,0.2137,0.4349,0.6,1.0,0.0,1.0,1.0,0.7,0.2898,False,False,True,False,10.99,5.88,9.68,True,37.6,电子器件,专精特新/绿色照明,74.0
300163,,0.7412,0.6708,0.3698,1.0,1.0,0.5945,0.782,0.9,1.0,0.0,1.0,0.5,1.0,0.274,False,False,False,False,6.33,4.98,5.62,True,28.9,建筑建材,专精特新,23.8
300164,,0.2867,1.0,0.7726,0.0,0.0,0.7556,0.1612,0.9,0.0,0.0,0.0,0.0,0.0,0.5514,False,False,False,False,9.08,-0.11,11.45,False,53.0,石油行业,页岩气/陕甘宁,22.2
300165,,0.0,0.3406,0.2812,0.4928,0.0,0.5701,0.0917,0.0,0.8596,0.0,0.0,0.0,0.7,0.4653,False,False,False,False,6.15,6.96,6.07,True,25.9,仪器仪表,专精特新/食品安全/污水处理,29.4
300166,,0.0,1.0,0.7306,0.6981,0.0,0.8835,0.2161,0.3,0.4577,0.0,1.0,0.0,0.7,0.2849,False,False,False,False,15.49,0.98,16.14,False,140.3,电子信息,碳中和,26.5
300167,,0.371,0.919,0.5933,0.0,0.0,0.3317,0.1245,0.3,0.0,0.0,1.0,0.0,0.0,0.4633,False,False,False,False,4.75,3.49,5.37,False,16.8,电子信息,业绩预降,26.5
300168,,0.0624,1.0,0.7668,0.0,0.0,0.5796,0.1792,0.0,0.0,0.0,1.0,0.0,0.0,0.3721,False,False,False,False,4.89,0.62,5.49,False,70.4,电子信息,物联网/信托重仓,26.5
300169,,0.0,0.8308,0.4391,0.0,0.0,0.0948,0.2036,0.0,0.0,0.0,0.0,0.0,0.0,0.4355,False,False,False,False,5.44,4.02,5.9,False,16.4,塑料制品,业绩预降,54.0
300170,,0.0,1.0,0.7693,0.0,0.0,0.7336,0.164,0.0,0.0,0.0,0.0,0.0,0.0,0.4421,False,False,False,False,17.69,0.34,20.06,False,172.8,电子信息,QFII重仓,26.5
300171,,0.0,1.0,0.7851,0.0,0.0,0.4885,0.1269,0.0,0.0,0.0,0.0,0.0,0.0,0.4881,False,False,False,False,11.33,-1.31,12.82,False,63.7,医疗器械,基因概念,26.5
300172,,0.0014,1.0,0.8392,0.0,0.0,0.7024,0.1893,0.0,0.0,0.0,0.0,0.0,0.0,0.5257,False,False,False,False,4.55,-0.22,5.05,False,23.8,环保行业,固废处理/污水处理/节能环保,28.2
300173,,0.0,0.8169,0.5628,0.0,0.0,0.2525,0.2355,0.6,0.0,0.0,0.0,0.0,0.0,0.3434,False,False,False,False,3.81,4.1,4.02,False,28.0,机械行业,,29.0
300174,,0.0,1.0,0.6832,1.0,1.0,0.342,0.5397,0.3,1.0,0.0,1.0,0.5,0.7,0.1849,False,False,False,False,26.27,1.51,21.63,True,95.1,化工行业,海峡西岸/业绩预降,59.2
300175,,0.3094,1.0,0.719,0.0719,0.0,0.4935,0.2742,0.0,0.0,0.0,0.0,0.0,1.0,0.5402,False,False,False,False,5.25,0.57,6.07,False,24.7,食品行业,黄河三角,28.5
300176,,0.5161,1.0,0.8145,0.0,0.0,0.6431,0.1336,0.3,0.0,0.0,0.0,0.0,0.0,0.5968,False,False,False,False,5.35,-0.74,6.35,False,20.7,汽车制造,垃圾分类,25.0
300177,,0.0,1.0,0.7877,0.0,0.0,0.6977,0.1638,0.0,0.0,0.0,0.0,0.0,0.0,0.4955,False,False,False,False,6.87,-0.58,7.96,False,41.7,电子信息,专精特新/百度概念/国防军工,26.5
300179,,0.5532,1.0,0.5308,1.0,1.0,0.4023,0.3822,0.0,1.0,0.0,1.0,0.5,0.7,0.1096,False,False,False,False,44.14,2.87,35.04,True,165.1,其它行业,专精特新,41.7
300180,,0.1612,1.0,0.8083,0.0,0.0,0.6524,0.1792,0.3,0.0,0.0,0.0,0.0,0.0,0.4915,False,False,False,False,4.53,0.22,5.27,False,77.6,化纤行业,,40.6
300181,,0.0,1.0,0.8851,0.0,0.0,0.7271,0.1585,0.0,0.0,0.0,0.0,0.0,0.0,0.4794,False,False,False,False,13.16,-1.35,14.52,False,79.3,生物制药,免疫治疗,24.5
300182,,0.9551,1.0,0.8026,0.5118,0.5627,0.6788,0.3394,0.3,0.3054,0.0,0.0,0.5,1.0,0.3365,True,False,False,False,5.66,-1.39,5.92,False,127.9,电子信息,,26.5
300183,,0.0979,1.0,0.8384,0.0,0.0,0.6531,0.1983,0.0,0.0,0.0,1.0,0.0,0.0,0.5383,False,False,False,False,11.15,0.09,12.97,False,41.4,电子信息,黄河三角/智能家居/自贸区,26.5
300184,,0.1186,0.9937,0.5401,1.0,1.0,0.5626,0.2758,0.6,1.0,0.0,1.0,0.5,0.7,0.2087,False,False,False,False,16.28,3.04,14.56,True,171.3,电子器件,无线耳机/物联网/武汉规划,74.0
300185,,0.0,1.0,0.8321,0.0,0.0,0.718,0.1795,0.0,0.0,0.0,0.0,0.5,0.0,0.4144,False,False,False,False,2.75,-1.08,3.0,False,105.8,机械行业,光伏/国防军工/军民融合,29.0
300187,,0.2057,1.0,0.7147,0.4598,0.0,0.8209,0.2924,0.3,0.2052,0.0,0.0,0.0,1.0,0.4066,False,False,False,False,5.18,0.78,5.49,False,33.2,环保行业,碳中和/光伏/光伏概念,28.2
300188,,0.2166,1.0,0.8469,0.0,0.0,0.7942,0.1922,0.3,0.0,0.0,0.0,0.0,0.0,0.4697,False,False,False,False,10.42,-0.29,11.91,False,89.1,电子信息,海峡西岸/电子支付/信息安全,26.5
300189,,0.0801,1.0,0.8242,0.0,0.0,0.7106,0.1848,0.3,0.0,0.0,0.0,0.0,0.0,0.3744,False,False,False,False,4.91,-0.41,5.81,False,43.5,农林牧渔,海南自贸/乡村振兴/生物育种,26.1
300190,,0.0,1.0,0.5895,0.3431,0.1006,0.5885,0.3779,0.6,0.4808,0.0,1.0,0.5,1.0,0.3286,False,False,False,False,4.18,2.96,4.23,False,39.5,环保行业,碳中和/专精特新/垃圾分类,28.2
300191,,0.0,1.0,0.6587,0.0,0.0,0.8676,0.2647,0.3,0.0,0.0,0.0,0.0,0.0,0.3701,False,False,False,False,30.0,2.39,33.94,False,66.4,石油行业,页岩气/油气改革,22.2
300192,,0.0,1.0,0.6963,0.0,0.0,0.6419,0.3168,0.0,0.2102,0.0,0.0,0.0,1.0,0.3854,False,False,False,False,17.3,1.05,18.22,False,56.2,化工行业,,59.2
300193,,0.0,1.0,0.7701,0.0191,0.2261,0.0,0.327,0.6,0.7954,0.0,0.0,0.5,0.0,0.3159,False,False,False,False,8.64,-0.69,8.32,True,36.2,机械行业,智能机器/机器人概念,29.0
300194,,0.0,1.0,0.8718,0.0031,0.0,0.5769,0.2262,0.0,0.0,0.0,0.0,0.0,0.0,0.4214,False,False,False,False,3.58,-1.65,3.94,False,34.7,生物制药,仿制药/成渝特区/业绩预降,24.5
300195,,0.0114,1.0,0.7367,0.0,0.0,0.6438,0.1727,0.0,0.0,0.0,0.0,0.0,0.0,0.4615,False,False,False,False,5.57,0.0,6.65,False,17.5,机械行业,专精特新/智能机器/机器人概念,29.0
300196,,0.0,1.0,0.3666,1.0,1.0,0.1179,0.5078,0.0,1.0,0.0,0.0,1.0,0.7,0.2679,False,False,False,False,28.05,2.9,22.02,True,69.3,玻璃行业,,82.0
300197,,0.9587,0.9141,0.5833,1.0,1.0,0.0259,0.3495,0.3,1.0,0.0,0.0,0.5,1.0,0.2893,False,False,False,False,2.47,-3.52,2.05,True,73.2,环保行业,乡村振兴/节能环保,28.2
300198,,0.3027,1.0,0.7805,0.2123,0.4469,0.6325,0.3244,0.3,0.3385,0.0,0.0,0.5,0.0,0.2944,False,False,False,False,2.38,-2.06,2.46,False,24.4,塑料制品,海峡西岸/污水处理,54.0
300199,,0.0,1.0,0.7366,0.8158,0.5291,0.7117,0.3662,0.6,1.0,0.0,0.0,0.5,0.7,0.342,False,False,False,False,22.98,-0.22,21.66,True,171.2,生物制药,,24.5
300200,,0.0,0.9687,0.6883,0.003,0.0,0.7001,0.4866,0.3,0.2071,0.0,1.0,0.5,0.0,0.4029,False,False,False,False,9.71,3.19,10.16,False,41.2,化工行业,专精特新/光伏概念,59.2
300201,,0.0,0.9067,0.5765,1.0,1.0,0.6607,0.5638,0.0,1.0,0.0,0.0,0.0,0.7,0.3321,False,False,False,False,18.91,3.56,15.53,True,189.8,机械行业,国防军工/军工航天/智能机器,29.0
300203,,0.0,0.8474,0.4578,0.0833,0.0,0.3214,0.23,0.9,0.456,0.0,0.0,0.5,0.0,0.4844,False,False,False,False,13.8,3.92,13.62,True,61.9,仪器仪表,碳中和/物联网/食品安全,29.4
300204,,0.6802,1.0,0.7557,0.0,0.0,0.7712,0.1139,0.6,0.0,0.0,0.0,0.0,0.0,0.5771,False,False,False,False,20.56,-0.87,25.47,False,93.2,生物制药,,24.5
300205,,0.2433,0.9526,0.5985,0.6719,0.0877,0.6399,0.2175,0.0,0.6243,0.0,0.0,0.0,0.7,0.3624,False,False,False,False,5.66,3.28,5.69,False,24.3,电子器件,专精特新/武汉规划/电子支付,74.0
300206,,0.0,1.0,0.8903,0.2357,0.0,0.7534,0.1856,0.6,0.3437,0.0,0.0,0.5,1.0,0.4526,False,False,False,False,13.22,-1.12,13.75,False,44.7,医疗器械,,26.5
300207,,0.0,0.9979,0.7279,0.0,0.0,0.3717,0.1724,0.3,0.0,0.0,0.0,0.0,0.0,0.5281,False,False,False,False,21.2,3.01,23.8,False,363.3,电子器件,钠电池/无线耳机/华为概念,74.0
300209,,0.0,0.898,0.6437,1.0,1.0,0.7467,0.3506,0.0,1.0,0.0,0.0,0.5,0.7,0.2539,False,False,False,False,26.15,-3.61,21.27,True,192.1,电子信息,物联网/汽车电子,26.5
300210,,0.6679,1.0,0.7942,0.7337,0.0,0.825,0.3403,0.3,0.0982,0.0,0.0,0.0,0.7,0.4167,False,False,False,False,9.57,-1.54,10.3,False,46.3,机械行业,垃圾分类/军民融合,29.0
300211,,0.0,0.6319,0.6007,0.2173,0.0,0.4681,0.3364,0.0,0.2951,0.0,0.0,0.0,1.0,0.4547,False,False,False,False,8.08,5.21,8.4,False,24.1,电子信息,,26.5
300212,,0.3442,0.186,0.1701,0.4143,1.0,0.6253,0.3818,0.3,0.2769,0.0,0.0,0.5,0.0,0.6275,False,False,False,False,10.4,7.88,10.15,True,72.6,电子信息,,26.5
300213,,0.0,1.0,0.7414,0.0,0.0,0.6207,0.2354,0.0,0.0,0.0,0.0,0.0,1.0,0.4639,False,False,False,False,7.05,1.29,7.83,False,3895.8,电子信息,专精特新/国防军工/军民融合,26.5
300214,,0.0,0.0007,0.296,0.394,0.0,0.1638,0.2405,0.3,1.0,0.0,1.0,0.5,0.7,0.4561,False,False,False,False,8.36,9.0,7.83,True,3886.6,化工行业,黄河三角,59.2
300215,,0.0,1.0,0.7593,0.0,0.0,0.7972,0.4173,0.6,0.0,0.0,0.0,0.0,0.0,0.4934,False,False,False,False,7.24,0.56,8.1,False,5423.4,电子器件,国防军工/军民融合/券商重仓,74.0
300217,,0.4066,1.0,0.4695,0.231,0.0,0.4867,0.2638,0.0,0.0,0.0,1.0,0.0,1.0,0.4595,False,False,False,False,4.75,2.15,5.21,False,5896.7,电器行业,大飞机/光伏/海工装备,28.3
300218,,0.0,1.0,0.6828,0.0,0.0,0.6788,0.0698,0.0,0.0,0.0,0.0,0.0,0.0,0.429,False,False,False,False,12.91,0.7,14.29,False,2792.1,塑料制品,皖江区域,54.0
300219,,0.0,0.8349,0.5696,0.9221,1.0,0.4361,0.647,0.3,1.0,0.0,1.0,0.5,1.0,0.2697,False,False,False,False,8.86,3.99,8.18,True,6260.8,电子器件,绿色照明,74.0
300220,,0.2965,1.0,0.7217,0.0,0.0,0.5684,0.1411,0.0,0.0,0.0,0.0,0.0,0.0,0.5352,False,False,False,False,11.57,0.61,13.3,False,1747.3,电子器件,武汉规划/机器人概念,74.0
300221,,0.0,0.8636,0.5704,1.0,1.0,0.0,0.7091,1.0,1.0,0.0,1.0,1.0,1.0,0.1736,False,False,True,False,17.4,3.82,13.19,True,7954.7,塑料制品,小米概念/业绩预降,54.0
300222,,0.0,0.0,0.0,1.0,0.3941,0.0497,0.5516,0.6,1.0,0.0,1.0,0.0,1.0,0.347,False,False,False,False,14.26,12.91,13.37,True,9257.2,电器行业,智能机器/机器人概念,28.3
300223,,0.0,1.0,0.7371,1.0,1.0,0.5752,0.4246,0.3,1.0,0.0,0.0,1.0,1.0,0.2225,False,False,False,False,162.02,-1.39,139.1,True,68348.7,电子器件,智能穿戴/业绩预降,74.0
300224,,0.0,0.7212,0.486,0.0,0.0721,0.0,0.5088,0.6,0.47,0.0,0.0,0.5,0.0,0.4265,False,False,False,False,13.44,4.67,13.44,False,12462.6,电子器件,黄河三角/业绩预降,74.0
300225,,0.0,0.6694,0.4241,1.0,1.0,0.3276,0.592,0.3,1.0,0.0,1.0,0.5,0.7,0.2853,False,False,False,False,9.48,4.98,7.54,True,4475.0,化工行业,业绩预升,59.2
300226,,0.7528,1.0,0.8188,0.0,0.0,0.6468,0.2079,0.0,0.0,0.0,0.0,0.0,0.0,0.6837,False,False,False,False,17.13,-0.93,23.03,False,5248.9,电子信息,电商概念/上海自贸/互联金融,26.5
300227,,0.0,0.8088,0.4347,0.1334,0.0,0.2917,0.1838,0.6,0.7965,0.0,1.0,0.0,0.0,0.3342,False,False,False,False,11.3,4.15,11.09,True,4893.7,电子器件,大飞机,74.0
300229,,0.106,1.0,0.8249,0.0,0.0,0.7065,0.2312,0.3,0.0,0.0,1.0,0.0,0.0,0.4996,False,False,False,False,15.64,0.19,17.87,False,13654.2,电子信息,专精特新/国防军工/军工航天,26.5
300230,,0.1612,1.0,0.7563,0.3632,0.0,0.6161,0.2976,0.3,0.2927,0.0,0.0,0.0,1.0,0.3601,False,False,False,False,4.7,1.08,4.88,False,29.6,塑料制品,小米概念,54.0
300231,,0.0,1.0,0.7525,0.0,0.0,0.7163,0.1496,0.0,0.0,0.0,0.0,0.0,0.0,0.5593,False,False,False,False,8.73,1.28,10.08,False,3878.5,电子信息,,26.5
300232,,0.0,1.0,0.8678,0.0,0.0,0.6663,0.2393,0.0,0.015,0.0,0.0,0.0,0.0,0.3069,False,False,False,False,5.98,-1.16,6.38,False,5296.1,电子器件,绿色照明/节能环保,74.0
300234,,0.0,1.0,0.4826,1.0,1.0,0.1344,1.0,0.6,1.0,0.0,0.0,1.0,0.7,0.2692,False,False,False,False,11.4,2.89,7.94,True,39.2,陶瓷行业,碳中和/专精特新/碳交易,
300235,,0.0,1.0,0.681,0.4717,1.0,0.2804,0.7805,0.3,0.7504,0.0,0.0,1.0,1.0,0.3935,False,False,False,False,14.2,-0.07,13.93,True,2908.1,电子信息,,26.5
300236,,0.0,1.0,0.8016,0.992,1.0,0.5988,0.435,0.3,1.0,0.0,1.0,0.5,0.7,0.1944,False,False,False,False,100.02,-0.47,91.68,True,278.6,化工行业,专精特新/智能穿戴,59.2
300237,,0.0,1.0,0.8413,0.1437,0.0,0.6493,0.2927,0.3,0.0,0.0,0.0,0.0,0.0,0.3851,False,False,False,False,2.11,0.48,2.3,False,3042.4,化工行业,黄河三角,59.2
300238,,0.0,1.0,0.7737,0.0,0.0,0.6269,0.1673,0.3,0.0,0.0,0.0,0.0,0.0,0.4644,False,False,False,False,11.04,1.28,13.0,False,2927.1,医疗器械,免疫治疗,26.5
300239,,0.0,1.0,0.5723,0.0006,0.0,0.0,0.241,0.6,0.4004,0.0,0.0,0.5,0.0,0.372,False,False,False,False,5.19,-2.08,5.29,False,3060.9,生物制药,专精特新/业绩预升,24.5
300240,,0.0,1.0,0.7252,0.0,0.0,0.4375,0.1528,0.0,0.0,0.0,0.0,0.0,0.0,0.5693,False,False,False,False,5.59,0.18,6.42,False,2031.1,交通运输,,28.9
300241,,0.8746,0.9342,0.4959,0.869,0.0,0.5385,0.555,0.3,0.2841,0.0,1.0,0.0,0.7,0.5665,False,False,False,False,6.7,3.4,7.09,False,3939.2,电子器件,绿色照明,74.0
300242,,0.1775,1.0,0.6129,0.3504,0.0,0.571,0.1876,0.6,0.0838,0.0,0.0,0.0,1.0,0.482,False,False,False,False,4.65,0.0,4.99,False,2950.7,电子器件,百度概念,74.0
300243,,0.0,0.8418,0.5646,1.0,1.0,0.5194,0.2222,0.6,1.0,0.0,1.0,0.5,0.7,0.3878,False,False,False,False,20.53,3.95,17.43,True,4246.6,化工行业,黄河三角,59.2
300244,,0.0,1.0,0.7916,0.0,0.115,0.4939,0.2464,0.6,0.5478,0.0,0.0,0.5,0.0,0.3287,False,False,False,False,18.43,-2.33,18.71,False,92.4,医疗器械,基因概念/基因测序,26.5
300245,,0.0,0.8557,0.5294,0.0,0.0,0.6739,0.2061,0.0,0.0,0.0,0.0,0.0,0.0,0.6783,False,False,False,False,6.18,3.87,8.51,False,1881.1,电子信息,,26.5
300246,,0.0,0.4824,0.5021,0.818,0.0,0.387,0.2123,0.0,1.0,0.0,0.0,0.5,0.7,0.5204,False,False,False,False,17.9,6.11,16.65,True,3782.8,医疗器械,,26.5
300247,,0.0,1.0,0.8224,0.043,0.0,0.7809,0.3871,0.6,0.0464,0.0,0.0,0.0,1.0,0.2788,False,False,False,False,4.14,0.24,4.46,False,3324.5,医疗器械,皖江区域/智能家居,26.5
300248,,0.2317,1.0,0.8028,0.0,0.0,0.6638,0.2282,0.6,0.0,0.0,0.0,0.0,0.0,0.3255,False,False,False,False,8.55,1.18,9.73,False,3510.3,电子信息,物联网/电子支付/业绩预降,26.5
300249,,0.0,0.0,0.2987,0.11,0.0,0.0878,0.4576,0.6,0.8796,0.0,0.0,0.0,0.7,0.427,False,False,False,False,17.12,11.17,16.41,True,64.0,机械行业,垃圾分类/成渝特区/节能环保,29.0
300250,,0.0,1.0,0.7733,0.0,0.0,0.754,0.1239,0.0,0.0,0.0,0.0,0.0,0.0,0.4652,False,False,False,False,15.86,-0.13,18.92,False,2496.8,电子信息,5G概念/宽带提速,26.5
300251,,0.0,1.0,0.8385,0.0,0.0,0.7798,0.1596,0.0,0.0,0.0,0.0,0.0,0.0,0.5225,False,False,False,False,11.64,0.69,13.81,False,32305.3,传媒娱乐,业绩预升,21.0
300252,,0.0,0.7171,0.468,0.8272,1.0,0.0,0.6484,0.3,1.0,0.0,0.0,1.0,1.0,0.3476,False,False,False,False,18.5,4.7,15.63,True,10337.4,电器行业,国防军工/军工航天,28.3
300253,,0.0,1.0,0.8813,0.0,0.0,0.7283,0.2861,0.3,0.0,0.0,0.0,0.0,0.0,0.5884,False,False,False,False,7.21,-1.23,8.37,False,13053.7,电子信息,国产软件/业绩预升,26.5
300254,,0.4066,1.0,0.713,0.0,0.0,0.634,0.0759,0.0,0.0,0.0,0.0,0.0,0.7,0.672,False,False,False,False,9.28,-0.11,11.28,False,21.0,生物制药,基因概念,24.5
300255,,0.8913,0.9725,0.4615,0.0,0.0,0.0,0.1198,0.3,0.0,0.0,0.0,0.0,1.0,0.6636,False,False,False,False,29.37,-3.17,40.69,False,26950.6,生物制药,,24.5
300256,,0.0,1.0,0.6283,0.0,0.0,0.3039,0.1964,0.0,0.0,0.0,0.0,0.0,0.0,0.4826,False,False,False,False,2.94,2.44,3.27,False,6595.6,电子器件,华为概念/触摸屏/汽车电子,74.0
300257,,0.0,0.9914,0.53,0.5707,0.0,0.6017,0.1556,0.0,0.5769,0.0,0.0,0.0,0.7,0.3661,False,False,False,False,27.64,-3.05,28.67,False,26390.4,机械行业,军民融合/节能环保,29.0
300258,,0.0,0.343,0.2342,0.3807,0.0,0.5444,0.2504,0.6,0.5069,0.0,0.0,0.0,1.0,0.3748,False,False,False,False,12.94,6.94,12.96,False,7374.4,汽车制造,,25.0
300260,,0.0,1.0,0.7984,1.0,1.0,0.5755,0.5671,0.9,1.0,0.0,0.0,1.0,1.0,0.2724,False,False,False,False,75.3,-0.15,60.1,True,21640.7,机械行业,光伏/HIT电池/食品安全,29.0
300261,,0.0874,1.0,0.8494,0.0,0.0,0.7805,0.1375,0.0,0.0,0.0,0.0,0.0,0.0,0.4057,False,False,False,False,4.83,-0.82,5.58,False,4553.9,农药化肥,垃圾分类,20.2
300263,,0.0,1.0,0.5205,1.0,1.0,0.0,0.6839,0.3,1.0,0.0,0.0,1.0,1.0,0.356,False,False,False,False,16.08,0.56,12.01,True,15686.5,机械行业,大飞机/国防军工/军民融合,29.0
300264,,0.0,1.0,0.4883,0.3989,0.4641,0.3816,0.2954,0.3,0.8018,0.0,0.0,0.5,0.0,0.2672,False,False,False,False,8.99,1.47,8.84,True,3329.8,电子信息,业绩预降,26.5
300265,,0.0,1.0,0.5353,1.0,1.0,0.5635,0.5891,0.3,1.0,0.0,1.0,0.5,0.7,0.2316,False,False,False,False,23.03,2.9,21.0,True,10761.9,电器行业,国防军工/军民融合/军工航天,28.3
300266,,0.6678,1.0,0.7712,0.0,0.0,0.6778,0.2888,0.3,0.0,0.0,0.0,0.5,0.0,0.2666,False,False,False,False,2.06,0.98,2.25,False,3199.3,机械行业,污水处理/节能环保,29.0
300267,,0.0,1.0,0.6935,0.0,0.0,0.8262,0.1839,0.0,0.0,0.0,0.0,0.0,0.7,0.5553,False,False,False,False,3.54,1.72,3.87,False,5035.2,生物制药,长株潭/维生素,24.5
300268,,0.3042,1.0,0.5095,0.0864,0.0,0.2718,0.233,0.6,0.0,0.0,0.0,0.0,0.0,0.4835,False,False,False,False,11.55,2.39,13.0,False,1544.3,农林牧渔,长株潭/本月解禁,26.1
300269,,0.0,1.0,0.6094,0.0,0.0,0.5524,0.1478,0.0,0.0,0.0,0.0,0.0,0.0,0.4969,False,False,False,False,5.22,1.95,6.12,False,27.4,电子器件,绿色照明,74.0
300270,,0.0627,1.0,0.7082,0.5857,0.0,0.8096,0.1475,0.0,0.5671,0.0,1.0,0.0,0.7,0.362,False,False,False,False,12.14,2.19,12.45,False,3117.7,电子信息,,26.5
300271,,0.0,1.0,0.8127,0.0,0.0,0.6863,0.1449,0.0,0.0,0.0,0.0,0.0,0.0,0.4586,False,False,False,False,5.39,0.94,6.14,False,4334.9,电子信息,食品安全/国产软件/送转潜力,26.5
300272,,0.0615,1.0,0.7812,0.0,0.0,0.8792,0.212,0.0,0.0,0.0,0.0,0.0,0.0,0.5319,False,False,False,False,5.77,-0.35,6.81,False,26.8,机械行业,免疫治疗/节能环保,29.0
300274,,0.1342,1.0,0.5998,0.7139,0.337,0.5733,0.3605,0.3,0.4651,0.0,0.0,0.0,1.0,0.3609,False,False,False,False,152.49,2.27,155.2,False,242461.3,电器行业,光伏/光伏概念/皖江区域,28.3
300275,,0.4274,1.0,0.8114,0.0,0.0,0.623,0.1106,0.3,0.0,0.0,0.0,0.0,0.0,0.533,False,False,False,False,9.21,0.22,10.48,False,2500.2,电子信息,专精特新/乡村振兴/成渝特区,26.5
300276,,0.0,1.0,0.6801,0.6681,0.5524,0.6341,0.4162,0.9,0.4211,1.0,1.0,0.0,1.0,0.2556,False,False,False,False,8.02,1.26,8.02,True,8500.0,机械行业,专精特新/智能机器/机器人概念,29.0
300277,,0.0,0.6673,0.5262,0.0,0.0,0.1251,0.2286,0.3,0.0,0.0,0.0,0.0,0.0,0.4532,False,False,False,False,14.92,5.0,16.43,False,11420.5,电子信息,业绩预降,26.5
300278,,0.0,0.9697,0.6061,0.0761,0.0,0.4328,0.2846,0.6,0.0838,0.0,0.0,0.0,1.0,0.3465,False,False,False,False,4.54,3.18,4.81,False,6398.9,机械行业,国防军工/军工航天/智能机器,29.0
300279,,0.0581,0.6619,0.4157,0.0,0.0,0.5639,0.3568,0.6,0.0281,0.0,1.0,0.0,0.0,0.3105,False,False,False,False,7.31,5.03,7.86,False,35.6,电子器件,智能家居,74.0
300281,,0.3574,1.0,0.5138,0.543,0.2854,0.4039,0.3678,0.3,0.4812,0.0,0.0,0.0,1.0,0.3398,False,False,False,False,7.34,2.95,7.42,False,2916.4,机械行业,国防军工/军民融合/军工航天,29.0
300283,,0.211,0.882,0.5056,1.0,1.0,0.5638,0.4067,0.0,1.0,0.0,1.0,1.0,0.7,0.191,False,False,False,False,18.46,3.71,14.8,True,67.8,电器行业,专精特新,28.3
300284,,0.3448,1.0,0.8161,0.0,0.0,0.3229,0.1959,0.3,0.0,0.0,0.0,0.0,0.0,0.3522,False,False,False,False,5.66,-2.41,6.38,False,6671.5,建筑建材,,23.8
300285,,0.0,0.4126,0.3302,1.0,1.0,0.0711,0.5413,0.3,1.0,0.0,1.0,0.5,0.7,0.1645,False,False,False,False,67.43,6.52,47.89,True,56454.4,化工行业,黄河三角/送转潜力,59.2
300286,,0.3877,0.395,0.2568,1.0,0.8963,0.447,0.3838,0.3,0.822,1.0,1.0,0.0,1.0,0.3742,False,False,False,False,29.27,6.63,28.44,True,60.8,仪器仪表,专精特新/业绩预升,29.4
300287,,0.1667,1.0,0.702,0.0,0.0,0.582,0.2548,0.3,0.0,0.0,1.0,0.0,0.0,0.5357,False,False,False,False,3.64,1.68,4.2,False,48.0,电子信息,,26.5
300288,,0.0,1.0,0.8224,0.0,0.0,0.6541,0.1054,0.0,0.0,0.0,0.0,0.0,0.0,0.4796,False,False,False,False,9.72,-0.41,11.35,False,2493.9,电子信息,5G概念/网络游戏,26.5
300289,,0.0,1.0,0.8178,0.0,0.0,0.0657,0.1688,0.6,0.273,0.0,0.0,0.5,0.0,0.2846,False,False,False,False,6.13,-1.45,6.33,False,3329.5,生物制药,生物疫苗/基因概念/基因测序,24.5
300290,,0.0,1.0,0.7919,0.0,0.0,0.6839,0.1781,0.9,0.0,0.0,0.0,0.0,1.0,0.6347,False,False,False,False,9.84,-0.91,13.27,False,6293.6,电子信息,专精特新/国产软件,26.5
300291,,0.7036,1.0,0.6975,0.0,0.0,0.651,0.1957,0.3,0.0,0.0,1.0,0.0,0.0,0.5052,False,False,False,False,5.33,0.76,6.43,False,4956.2,传媒娱乐,,21.0
300292,,0.0,1.0,0.6497,0.9568,1.0,0.3089,0.4398,0.6,1.0,0.0,1.0,1.0,0.7,0.22,False,False,False,False,6.39,1.75,5.6,True,7144.0,电子信息,5G概念/业绩预降,26.5
300293,,0.0,1.0,0.8128,0.2235,0.0,0.7152,0.5129,0.6,0.1829,0.0,0.0,0.5,1.0,0.3328,False,False,False,False,17.89,0.45,18.58,False,6054.7,机械行业,智能机器/机器人概念/节能环保,29.0
300294,,0.0,1.0,0.848,0.0,0.1735,0.6405,0.3268,0.3,0.0,0.0,0.0,1.0,0.0,0.312,False,False,False,False,16.39,-1.68,17.59,False,8264.6,生物制药,免疫治疗/生物疫苗/送转潜力,24.5
300295,,0.0,1.0,0.7427,0.5181,0.0007,0.9348,0.3717,0.0,0.4175,0.0,0.0,0.0,1.0,0.3122,False,False,False,False,11.3,1.44,11.48,False,1894.8,电子信息,电商概念/送转潜力,26.5
300298,,0.0,1.0,0.8838,0.0806,0.0,0.7316,0.1161,0.0,0.0,0.0,0.0,0.0,1.0,0.6427,False,False,False,False,14.65,-1.81,15.91,False,6605.9,医疗器械,长株潭/社保重仓,26.5
300299,,0.4123,1.0,0.8467,0.0,0.0,0.7245,0.2006,0.3,0.0,0.0,1.0,0.0,0.0,0.324,False,False,False,False,5.22,0.0,5.87,False,3598.8,电子信息,5G概念/海峡西岸/物联网,26.5
300300,,0.0,1.0,0.7528,0.0,0.0,0.7368,0.1787,0.0,0.0,0.0,0.0,0.0,0.0,0.5301,False,False,False,False,8.89,-0.11,11.07,False,5927.9,电子信息,网络游戏,26.5
300301,,0.0,1.0,0.7715,0.5438,0.0,0.7462,0.1594,0.0,0.4964,0.0,0.0,0.0,0.7,0.3503,False,False,False,False,3.2,-0.31,3.3,False,2527.6,电子器件,绿色照明,74.0
300302,,0.504,0.8659,0.5,1.0,1.0,0.5157,0.3029,0.6,1.0,1.0,1.0,0.0,0.7,0.152,False,False,False,False,47.75,3.8,40.19,True,17610.9,电子信息,专精特新/国防军工/军民融合,26.5
300303,,0.0,0.8683,0.5987,0.4495,0.0,0.6533,0.282,0.3,0.7528,0.0,1.0,0.0,1.0,0.3458,False,False,False,False,9.31,3.79,9.27,True,12369.7,电子器件,绿色照明/业绩预升,74.0
300305,,0.0,0.9882,0.555,0.9762,1.0,0.1936,0.5256,0.3,1.0,0.0,0.0,1.0,1.0,0.2965,False,False,False,False,7.72,3.07,6.91,True,2481.8,塑料制品,专精特新/光伏/业绩预降,54.0
300307,,0.0,0.8318,0.6869,0.7882,1.0,0.0,0.5942,0.3,1.0,0.0,0.0,1.0,1.0,0.3432,False,False,False,False,8.38,-4.01,7.19,True,6595.0,机械行业,光伏/智能机器/机器人概念,29.0
300308,,0.0,1.0,0.7793,1.0,1.0,0.6299,0.7425,0.0,1.0,0.0,0.0,0.5,0.7,0.2609,False,False,False,False,1248.09,0.25,995.05,True,1383265.2,机械行业,黄河三角,29.0
300310,,0.0,1.0,0.6899,0.0,0.0,0.7528,0.2348,0.6,0.0,0.0,0.0,0.0,0.0,0.6085,False,False,False,False,4.79,1.27,5.63,False,3863.6,电子信息,5G概念/智能家居,26.5
300311,,0.0,1.0,0.8028,0.4373,0.0,0.5446,0.2835,0.0,0.436,0.0,0.0,0.0,1.0,0.3362,False,False,False,False,5.16,1.78,5.28,False,2773.0,电子信息,国防军工/军工航天/信息安全,26.5
300313,,0.0,0.7289,0.5492,0.6559,0.0273,0.6451,0.561,0.0,0.6748,1.0,0.0,0.0,0.7,0.3386,False,False,False,False,8.82,4.63,8.72,True,1740.7,农林牧渔,生物疫苗,26.1
300314,,0.0,1.0,0.5592,0.0,0.0,0.2964,0.1476,0.0,0.0,0.0,0.0,0.0,0.0,0.5061,False,False,False,False,9.87,1.96,11.14,False,1418.7,医疗器械,婴童概念,26.5
300315,,0.4044,1.0,0.8876,0.0,0.0,0.6462,0.2634,0.0,0.0,0.0,0.0,0.0,0.0,0.5306,False,False,False,False,4.11,-0.96,4.72,False,104.5,电子信息,网络游戏/业绩预升,26.5
300317,,0.5933,0.8084,0.5297,0.5956,0.0,0.7266,0.2947,0.6,0.4526,0.0,1.0,0.0,1.0,0.4463,False,False,False,False,5.02,4.15,5.19,False,4161.1,电子器件,光伏/固态电池/光伏概念,74.0
300318,,0.493,1.0,0.8395,0.0,0.0,0.7259,0.2507,0.3,0.0,0.0,0.0,0.0,0.0,0.5041,False,False,False,False,4.56,-0.22,5.31,False,3613.4,医疗器械,婴童概念,26.5
300319,,0.0,0.0358,0.0302,1.0,1.0,0.0,0.6659,0.3,1.0,0.0,1.0,0.5,1.0,0.2053,False,False,True,False,22.66,8.79,16.05,True,19097.3,电子器件,军民融合,74.0
300320,,0.0,0.0,0.2342,0.0,0.0,0.0,0.2302,0.3,0.3646,0.0,0.0,0.0,0.0,0.3749,False,False,False,False,9.06,9.55,9.25,False,4408.0,化工行业,大飞机/光伏,59.2
300321,,0.6442,1.0,0.6672,0.7527,0.8361,0.5763,0.3283,0.6,0.6663,0.0,0.0,0.5,1.0,0.3525,True,False,False,False,40.6,-1.62,40.64,False,3602.1,塑料制品,黄河三角,54.0
300322,,0.228,0.2396,0.2818,0.657,0.0,0.2308,0.3875,0.6,1.0,0.0,0.0,0.0,0.7,0.439,False,False,False,False,31.15,7.56,29.83,True,13719.4,电子信息,华为概念/小米概念,26.5
300323,,0.266,1.0,0.7091,1.0,1.0,0.7978,0.4792,0.3,1.0,1.0,1.0,0.0,0.7,0.207,False,False,False,False,16.13,0.56,14.25,True,19157.5,电子器件,武汉规划/绿色照明/业绩预降,74.0
300324,,0.0,1.0,0.7855,0.0,0.0,0.5787,0.2172,0.0,0.0,0.0,0.0,0.0,0.0,0.5677,False,False,False,False,4.05,0.25,4.68,False,6925.5,电子信息,大飞机/光伏/国防军工,26.5
300326,,0.0,1.0,0.7195,0.4183,0.0,0.6949,0.2131,0.0,0.4071,0.0,0.0,0.0,0.7,0.3769,False,False,False,False,6.3,1.94,6.51,False,4515.3,医疗器械,专精特新/送转潜力,26.5
300327,,0.0,1.0,0.7624,0.5266,0.2073,0.6445,0.4712,0.3,0.4723,0.0,1.0,0.0,1.0,0.3706,False,False,False,False,27.09,1.61,27.61,False,9179.6,电子器件,机器人概念/智能穿戴,74.0
300328,,0.4066,1.0,0.5331,0.947,1.0,0.4202,0.3475,0.9,1.0,0.0,1.0,0.5,1.0,0.2658,False,False,False,False,19.75,1.7,18.66,True,13585.8,,智能机器,
300329,,0.0,1.0,0.7812,0.0,0.0,0.6299,0.0818,0.0,0.0,0.0,0.0,0.0,1.0,0.3713,False,False,False,False,12.22,-2.16,13.39,False,3079.0,,,
300331,,0.0,0.4084,0.4346,1.0,1.0,0.149,0.8162,0.9,1.0,0.0,0.0,1.0,0.7,0.3614,False,False,False,False,71.74,6.55,53.92,True,15935.7,电子器件,业绩预降,74.0
300332,,0.6867,1.0,0.8104,0.0,0.0,0.7272,0.1306,0.0,0.0,0.0,0.0,0.0,0.0,0.5714,False,False,False,False,4.51,-1.31,5.29,False,3743.6,环保行业,业绩预升/节能环保,28.2
300333,,0.395,0.7904,0.4191,0.5764,0.0602,0.2899,0.5529,0.6,0.0562,0.0,0.0,0.0,1.0,0.4241,False,False,False,False,9.67,-4.26,10.22,False,3237.3,电子信息,电子支付,26.5
300334,,0.0,1.0,0.1506,1.0,1.0,0.0,0.7656,0.9,1.0,0.0,0.0,1.0,1.0,0.2181,False,False,False,False,12.0,0.59,8.69,True,3624.4,机械行业,盐湖提锂/污水处理/高校背景,29.0
300335,,0.3472,1.0,0.8148,0.0,0.0,0.8112,0.2593,0.0,0.0,0.0,0.0,0.0,0.0,0.4527,False,False,False,False,5.41,0.19,6.26,False,2078.3,环保行业,生物燃料,28.2
300337,,0.0,1.0,0.7853,0.0,0.0,0.778,0.3523,0.0,0.1584,0.0,0.0,0.0,1.0,0.3919,False,False,False,False,12.22,0.91,13.12,False,8693.4,,大飞机/专精特新/国防军工,
300338,,0.0,0.5831,0.5254,0.0,0.0,0.5701,0.2236,0.6,0.203,0.0,1.0,0.0,0.0,0.4414,False,False,False,False,3.26,5.5,3.4,False,1140.8,仪器仪表,长株潭,29.4
300339,,0.0316,1.0,0.7636,0.2041,0.0,0.6892,0.4414,0.3,0.0827,0.0,1.0,0.0,1.0,0.4268,False,False,False,False,40.88,0.66,43.32,False,31791.8,电子信息,鸿蒙概念/国产软件/网络游戏,26.5
300340,,0.0,0.8241,0.5589,0.0,0.0,0.3241,0.2467,0.0,0.0,0.0,0.0,0.0,0.0,0.4976,False,False,False,False,9.75,4.06,10.46,False,2666.1,电子器件,锂电池/绿色照明/业绩预降,74.0
300341,,0.0,1.0,0.8035,0.2283,0.0989,0.4447,0.2709,0.9,0.4955,0.0,0.0,0.5,1.0,0.4072,False,False,False,False,15.1,1.14,15.11,False,7788.7,发电设备,海峡西岸,26.5
300342,,0.1359,0.0,0.0,0.2328,0.0,0.2821,0.1822,0.3,0.0,0.0,0.0,0.0,0.7,0.5962,False,False,False,False,44.82,-11.27,53.05,False,18840.4,电子器件,国防军工/军民融合/军工航天,74.0
300343,,0.0,1.0,0.5459,0.52,0.108,0.0,0.2528,0.6,0.6678,0.0,0.0,0.0,0.7,0.3118,False,False,False,False,6.58,1.86,6.59,False,7011.9,化工行业,黄河三角/节能环保,59.2
300345,,0.0,1.0,0.5497,0.0,0.0,0.4085,0.3204,0.6,0.1057,0.0,0.0,0.5,0.0,0.315,False,False,False,False,6.14,1.15,6.52,False,2946.7,钢铁行业,碳中和/国防军工/军民融合,26.9
300347,,0.0,1.0,0.775,0.0,0.0,0.4149,0.1083,0.3,0.0,0.0,0.0,0.5,0.0,0.4778,False,False,False,False,39.36,-0.1,46.18,False,22296.5,医疗器械,CXO概念/CRO概念/业绩预升,26.5
300348,,0.0,1.0,0.8432,0.0,0.0,0.5005,0.1514,0.0,0.0,0.0,0.0,0.0,0.0,0.5709,False,False,False,False,9.71,-0.72,11.41,False,6922.5,电子信息,业绩预降,26.5
300350,,0.0,1.0,0.7088,0.0,0.0,0.3741,0.1141,0.0,0.0,0.0,0.0,0.0,0.0,0.5032,False,False,False,False,4.39,0.92,5.02,False,20.7,交通运输,物联网,28.9
300352,,0.0,0.0,0.0,0.0,0.0,0.3079,0.2084,0.3,0.0,0.0,0.0,0.0,0.0,0.6659,False,False,False,False,2.98,12.45,4.27,False,3805.1,电子信息,鸿蒙概念/国防军工/军工航天,26.5
300353,,0.0,0.9271,0.5387,0.603,1.0,0.0,0.5878,0.3,1.0,0.0,0.0,1.0,1.0,0.2116,False,False,False,False,23.17,3.44,20.76,True,12524.8,电子信息,国防军工/军民融合/军工航天,26.5
300354,,0.0,1.0,0.725,0.0,0.0,0.6459,0.2331,0.9,0.0,0.0,0.0,0.0,0.0,0.3431,False,False,False,False,32.83,2.59,35.64,False,2739.3,仪器仪表,专精特新/国防军工/军民融合,29.4
300355,,0.0165,1.0,0.798,0.0,0.0,0.5631,0.1587,0.0,0.0,0.0,0.0,0.0,0.0,0.5894,False,False,False,False,2.99,0.67,3.42,False,4085.2,环保行业,碳中和/节能环保/本月解禁,28.2
300357,,0.621,1.0,0.8522,0.0,0.0,0.6601,0.1558,0.3,0.0,0.0,0.0,0.0,0.0,0.388,False,False,False,False,20.83,-1.75,23.88,False,10079.9,生物制药,专精特新,24.5
300358,,0.0,1.0,0.8851,0.0,0.0,0.7784,0.0872,0.0,0.0,0.0,0.0,0.0,0.0,0.4424,False,False,False,False,8.11,-0.12,9.07,False,5687.5,机械行业,,29.0
300359,,0.1878,1.0,0.7423,0.0,0.0,0.3048,0.1621,0.0,0.0,0.0,0.0,0.0,0.0,0.5248,False,False,False,False,3.88,0.0,4.55,False,24.6,电子信息,电子支付,26.5
300360,,0.5815,1.0,0.8436,0.0,0.0,0.6452,0.1997,0.3,0.0,0.0,0.0,0.0,0.0,0.644,False,False,False,False,12.68,-0.86,14.76,False,6343.9,仪器仪表,,29.4
300363,,0.0,1.0,0.8529,0.0,0.0,0.8302,0.085,0.0,0.0,0.0,0.0,0.5,0.0,0.5116,False,False,False,False,14.17,0.85,17.27,False,7068.8,生物制药,CXO概念/CRO概念,24.5
300364,,0.0,1.0,0.7544,0.0,0.0,0.7237,0.1111,0.0,0.0,0.0,1.0,0.0,1.0,0.4584,False,False,False,False,23.81,0.8,26.47,False,15740.6,传媒娱乐,,21.0
300365,,0.0,1.0,0.5455,0.0,0.0,0.5648,0.2694,0.3,0.0,0.0,0.0,0.0,0.0,0.5169,False,False,False,False,4.97,2.69,5.71,False,2543.3,电子信息,碳中和/智能电网/物联网,26.5
300366,,0.0,1.0,0.7179,0.0223,0.0,0.6631,0.2872,0.3,0.0416,0.0,0.0,0.0,0.0,0.3822,False,False,False,False,5.32,2.31,5.63,False,2822.3,电子信息,,26.5
300368,,0.0,1.0,0.7265,0.0,0.0,0.5837,0.2225,0.0,0.0,0.0,0.0,0.0,0.0,0.6125,False,False,False,False,9.14,1.33,10.69,False,4834.5,机械行业,,29.0
300369,,0.1693,1.0,0.8429,0.0,0.0,0.776,0.1989,0.0,0.0,0.0,0.0,0.0,0.0,0.6054,False,False,False,False,5.92,-0.34,7.1,False,4781.6,电子信息,信息安全,26.5
300370,,0.9812,1.0,0.7661,0.1537,0.0,0.5264,0.2494,0.0,0.0,0.0,0.0,0.0,0.0,0.3447,False,False,False,False,2.24,-1.75,2.51,False,3497.7,仪器仪表,,29.4
300371,,0.075,1.0,0.7782,0.0,0.0,0.5461,0.0583,0.0,0.0,0.0,0.0,0.0,0.0,0.4223,False,False,False,False,10.71,-1.02,12.12,False,1499.4,仪器仪表,专精特新/京津冀,29.4
300373,,0.0,0.9215,0.515,1.0,1.0,0.372,0.4538,0.0,1.0,0.0,1.0,0.5,1.0,0.2297,False,False,False,False,108.8,3.47,90.92,True,58984.7,电子器件,,74.0
300374,,0.0,1.0,0.7918,0.0,0.0,0.5334,0.2024,0.3,0.0,0.0,0.0,0.0,0.0,0.4463,False,False,False,False,11.83,-0.17,13.15,False,29.1,建筑建材,,23.8
300375,,0.0,1.0,0.7521,0.0,0.0651,0.1537,0.4053,0.3,0.6385,0.0,0.0,0.5,0.0,0.3694,False,False,False,False,4.82,-0.41,4.73,True,2546.2,汽车制造,,25.0
300376,,0.0,1.0,0.5478,0.0206,1.0,0.0,0.7413,0.3,1.0,0.0,0.0,1.0,0.0,0.2681,False,False,False,False,6.48,2.21,5.94,True,15081.8,电器行业,光伏/光伏概念/垃圾分类,28.3
300377,,0.0,1.0,0.4948,0.0,0.0,0.0,0.4112,0.3,0.4806,0.0,0.0,0.5,0.0,0.3801,False,False,False,False,16.5,2.48,16.21,True,11568.3,电子信息,,26.5
300378,,0.0,1.0,0.8128,0.0,0.0,0.7235,0.2265,0.3,0.0567,0.0,0.0,0.0,0.0,0.4035,False,False,False,False,37.45,-0.79,39.98,False,10093.2,电子信息,,26.5
300380,,0.0,1.0,0.8041,0.0,0.0,0.5572,0.1749,0.3,0.0,0.0,0.0,0.0,0.0,0.5085,False,False,False,False,30.9,-0.23,34.3,False,3927.6,电子信息,,26.5
300381,,0.2685,1.0,0.7935,0.1307,0.0,0.7588,0.2243,0.3,0.0,0.0,0.0,0.0,1.0,0.4053,False,False,False,False,5.83,0.34,6.51,False,2789.4,农林牧渔,,26.1
300382,,0.163,0.7165,0.4448,0.9074,0.4509,0.4816,0.1764,0.3,0.8409,1.0,1.0,0.0,0.7,0.3385,False,False,False,False,15.59,4.7,15.08,True,10107.6,机械行业,专精特新/光伏,29.0
300383,,0.0,1.0,0.8198,0.0,0.0,0.8435,0.0898,0.3,0.0,0.0,1.0,0.0,0.0,0.5242,False,False,False,False,12.61,0.24,14.82,False,22626.2,电子信息,,26.5
300384,,0.0,1.0,0.7886,0.0,0.0,0.5806,0.1476,0.0,0.0,0.0,0.0,0.0,0.0,0.576,False,False,False,False,12.28,-0.16,13.87,False,2704.8,纺织机械,垃圾分类,26.5
300385,,0.3428,0.8246,0.7436,0.647,0.0,0.767,0.1678,0.0,0.7019,0.0,0.0,0.0,0.7,0.3899,False,False,False,False,13.97,-4.05,14.34,False,4208.9,机械行业,专精特新/固废处理,29.0
300386,,0.0,1.0,0.839,0.0,0.0,0.5801,0.1189,0.0,0.0,0.0,0.0,0.0,0.0,0.4489,False,False,False,False,10.31,-0.39,12.32,False,2585.3,电子信息,,26.5
300387,,0.2907,1.0,0.7772,0.0,0.0,0.6025,0.1474,0.0,0.0,0.0,0.0,0.0,0.0,0.4574,False,False,False,False,7.4,-1.07,8.27,False,2138.3,化工行业,,59.2
300388,,0.2191,1.0,0.8506,0.0757,0.0,0.7495,0.1933,0.0,0.0,0.0,0.0,0.0,0.0,0.3418,False,False,False,False,7.07,-0.98,7.79,False,4815.0,环保行业,污水处理,28.2
300389,,0.0,1.0,0.7742,0.0,0.0,0.7421,0.1283,0.0,0.0,0.0,0.0,0.0,0.0,0.4401,False,False,False,False,13.49,-0.66,15.62,False,2960.6,电子器件,,74.0
300390,,0.0,0.865,0.7501,1.0,1.0,0.5439,0.3123,0.0,1.0,0.0,0.0,0.5,0.7,0.2413,False,False,False,False,93.42,-3.81,82.13,True,628.0,电子信息,,26.5
300393,,0.4161,0.9451,0.5232,0.0203,0.0,0.6479,0.1255,0.0,0.0,0.0,0.0,0.0,0.7,0.4677,False,False,False,False,8.38,3.33,9.57,False,8010.5,塑料制品,光伏/光伏概念,54.0
300394,,0.8118,0.4253,0.4405,1.0,0.0,0.3704,0.4319,0.0,0.0,0.0,1.0,0.0,0.7,0.7532,False,False,False,False,324.71,6.45,371.54,False,252493.6,电子信息,专精特新,26.5
300395,,0.0,0.9594,0.535,0.9063,0.5152,0.3944,0.3628,0.0,1.0,0.0,0.0,0.5,0.7,0.3702,False,False,False,False,131.45,3.24,120.65,True,67237.6,玻璃行业,国防军工/军工航天,82.0
300396,,0.2264,1.0,0.5419,0.0,0.0,0.5075,0.2203,0.0,0.0,0.0,0.0,0.0,0.0,0.5948,False,False,False,False,7.03,2.78,9.02,False,1914.4,医疗器械,,26.5
300397,,0.0,0.0333,0.0,0.5273,0.9392,0.0,0.519,0.9,1.0,0.0,0.0,0.5,1.0,0.4869,False,False,False,False,14.96,8.8,13.37,True,6106.1,电子信息,国防军工/军民融合/军工航天,26.5
300398,,0.0,0.8441,0.5382,1.0,1.0,0.2753,0.5758,0.3,1.0,0.0,1.0,1.0,0.7,0.2734,False,False,False,False,45.16,3.94,36.14,True,25491.1,化工行业,,59.2
300399,,0.0,1.0,0.7232,0.0,0.0,0.0,0.2722,0.6,0.0,0.0,0.0,0.0,0.0,0.4285,False,False,False,False,19.98,-2.39,21.29,False,3947.7,电子信息,,26.5
300400,,0.0,0.8674,0.2471,1.0,1.0,0.1405,0.5744,0.3,1.0,0.0,0.0,1.0,0.7,0.2689,False,False,False,False,44.85,3.8,30.35,True,10845.4,机械行业,,29.0
300401,,0.0,0.4789,0.106,0.0,0.9869,0.0,0.7193,0.3,1.0,0.0,0.0,0.5,0.0,0.305,False,False,False,False,15.59,6.13,13.46,True,8339.1,食品行业,专精特新/维生素,28.5
300402,,0.0,1.0,0.8643,0.0,0.0,0.5507,0.3006,0.0,0.026,0.0,0.0,0.0,0.0,0.3781,False,False,False,False,16.65,-0.3,17.91,False,4056.2,机械行业,专精特新/国防军工/军工航天,29.0
300404,,0.3207,1.0,0.7625,0.0,0.0,0.7283,0.1419,0.3,0.0,0.0,0.0,0.0,1.0,0.6029,False,False,False,False,8.48,0.71,9.78,False,2420.5,医疗器械,CXO概念/CRO概念,26.5
300405,,0.0309,1.0,0.5517,0.2304,0.0,0.41,0.2042,0.0,0.0093,0.0,0.0,0.0,1.0,0.4377,False,False,False,False,5.96,2.76,6.48,False,1304.2,化工行业,专精特新,59.2
300406,,0.0,1.0,0.7689,0.2313,0.0,0.5401,0.322,0.0,0.1416,0.0,0.0,0.0,1.0,0.4068,False,False,False,False,11.6,0.52,12.27,False,4922.1,生物制药,专精特新,24.5
300407,,0.0,1.0,0.8234,0.2002,0.0,0.7512,0.2429,0.0,0.1885,0.0,0.0,0.0,1.0,0.4305,False,False,False,False,11.9,-1.49,12.63,False,3081.2,电器行业,专精特新/垃圾分类,28.3
300408,,0.0,1.0,0.6419,1.0,1.0,0.0555,0.5344,0.0,1.0,0.0,1.0,1.0,0.7,0.1713,False,False,False,False,150.22,-0.02,101.62,True,2808.8,电子器件,小米概念,74.0
300409,,0.0,1.0,0.7136,0.0,0.0,0.539,0.1659,0.3,0.035,0.0,0.0,0.0,0.0,0.4794,False,False,False,False,22.3,1.92,24.18,False,15525.4,陶瓷行业,氢能源,
300410,,0.0,0.0,0.0,1.0,1.0,0.0,0.3833,0.3,1.0,0.0,1.0,0.5,0.7,0.3246,False,False,False,False,12.99,10.08,10.62,True,4768.8,仪器仪表,光伏概念,29.4
300411,,0.0,1.0,1.0,0.0,1.0,1.0,0.5823,0.9,1.0,0.0,0.0,1.0,0.0,0.2965,False,False,False,False,11.02,0.0,9.91,True,3406.5,机械行业,国防军工/军工航天/核电核能,29.0
300413,,0.173,1.0,0.839,0.0,0.0,0.5763,0.1385,0.0,0.0,0.0,0.0,0.0,0.0,0.5464,False,False,False,False,15.89,-1.61,18.93,False,16234.8,商业百货,,26.7
300414,,0.0,1.0,0.8406,0.0,0.0,0.6667,0.2456,0.6,0.0849,0.0,0.0,0.0,0.0,0.4137,False,False,False,False,12.25,0.99,13.19,False,3840.9,电子器件,专精特新/国防军工/军工航天,74.0
300415,,0.0,1.0,0.9005,0.0,0.0,0.8365,0.165,0.0,0.0,0.0,0.0,0.0,0.0,0.5103,False,False,False,False,21.27,-0.84,23.66,False,9665.7,机械行业,,29.0
300416,,0.0,0.9547,0.5056,0.4779,0.7115,0.1729,0.3332,0.3,1.0,0.0,0.0,0.0,1.0,0.4365,False,False,False,False,18.94,3.27,17.87,True,9567.1,仪器仪表,专精特新,29.4
300417,,0.4014,1.0,0.5837,0.1375,0.0,0.3747,0.1054,0.0,0.0,0.0,0.0,0.0,1.0,0.4726,False,False,False,False,11.48,2.41,13.15,False,959.6,仪器仪表,碳中和/专精特新,29.4
300418,,0.0,1.0,0.8691,0.0,0.0,0.7244,0.1323,0.0,0.0,0.0,0.0,0.0,0.0,0.5543,False,False,False,False,38.61,-1.56,45.97,False,44233.4,电子信息,,26.5
300419,,0.0702,1.0,0.887,0.4428,0.4346,0.8739,0.3404,0.3,0.5838,0.0,0.0,0.5,0.0,0.286,False,False,False,False,7.01,-0.99,7.05,False,2578.0,电子信息,,26.5
300420,,0.0,0.9648,0.6534,1.0,1.0,0.2022,0.6459,0.9,1.0,0.0,0.0,1.0,1.0,0.2921,False,False,False,False,6.33,-3.21,4.87,True,7066.0,机械行业,,29.0
300421,,0.3339,1.0,0.7648,0.0,0.0,0.8494,0.3095,0.0,0.0,0.0,0.0,0.0,1.0,0.5794,False,False,False,False,20.49,0.39,24.16,False,4781.6,机械行业,,29.0
300422,,0.3606,1.0,0.6612,0.5297,0.0,0.8601,0.2562,0.0,0.2517,0.0,0.0,0.0,1.0,0.4275,False,False,False,False,4.96,0.81,5.23,False,2563.0,环保行业,碳中和/污水处理,28.2
300423,,0.0,1.0,0.7097,0.0,0.0,0.5623,0.156,0.0,0.0,0.0,0.0,0.0,0.0,0.4434,False,False,False,False,6.12,2.51,7.28,False,2040.2,电力行业,,65.3
300424,,0.5792,1.0,0.6883,0.6924,0.0533,0.6228,0.2651,0.6,0.3611,0.0,1.0,0.0,1.0,0.4205,False,False,False,False,18.39,1.16,19.09,False,4510.9,飞机制造,大飞机/军民融合,26.5
300425,,0.2249,1.0,0.8547,0.0,0.0,0.6347,0.1007,0.0,0.0,0.0,0.0,0.0,0.0,0.402,False,False,False,False,4.1,-0.73,4.58,False,2791.0,机械行业,专精特新/污水处理,29.0
300426,,0.0842,1.0,0.6211,0.0,0.0,0.5853,0.0848,0.0,0.0,0.0,0.0,0.0,0.0,0.4797,False,False,False,False,5.7,1.24,6.85,False,2280.0,传媒娱乐,,21.0
300427,,0.0,1.0,0.7527,0.0,0.0,0.7335,0.3686,0.6,0.0,0.0,0.0,0.0,0.0,0.4143,False,False,False,False,7.3,0.27,9.85,False,3671.9,机械行业,专精特新/光伏/国防军工,29.0
300428,,0.0,1.0,0.6607,0.0836,0.0,0.573,0.2559,0.0,0.2142,0.0,0.0,0.0,0.0,0.495,False,False,False,False,20.05,2.04,21.03,False,11965.1,,专精特新/钠电池/军民融合,
300429,,0.0,1.0,0.8032,0.5433,0.9735,0.3112,0.7601,0.6,1.0,0.0,0.0,0.5,1.0,0.2733,False,False,False,False,15.72,0.9,14.51,True,6311.3,化工行业,专精特新,59.2
300430,,0.0944,0.0882,0.1047,0.0,0.0,0.4111,0.145,0.3,0.0,0.0,1.0,0.0,0.0,0.6421,False,False,False,False,5.25,8.47,9.83,False,1364.2,仪器仪表,专精特新,29.4
300432,,0.0,1.0,0.739,0.4996,0.0,0.4678,0.1358,0.0,0.8316,0.0,0.0,0.5,0.7,0.4407,False,False,False,False,23.56,2.48,23.23,True,39877.5,汽车制造,锂电池,25.0
300433,,0.0,0.6409,0.2315,1.0,1.0,0.2234,0.6568,0.0,1.0,0.0,1.0,0.5,1.0,0.3368,False,False,False,False,48.35,5.15,37.46,True,240285.0,电子器件,无线耳机/华为概念/小米概念,74.0
300434,,0.0,1.0,0.8486,0.05,0.0,0.8805,0.1287,0.0,0.0,0.0,0.0,0.0,0.7,0.4415,False,False,False,False,9.14,-1.19,10.13,False,3138.3,机械行业,,29.0
300436,,0.1467,1.0,0.3985,0.0,0.0,0.297,0.2476,0.3,0.0,0.0,0.0,0.0,0.7,0.5625,False,False,False,False,88.55,2.3,104.81,False,12106.9,生物制药,基因概念,24.5
300437,,0.0,1.0,0.6778,0.0,0.0,0.4527,0.1965,0.3,0.0,0.0,0.0,0.5,0.0,0.3995,False,False,False,False,12.13,1.08,14.1,False,2107.6,化工行业,碳中和/污水处理,59.2
300438,,0.0,0.857,0.5333,1.0,0.1366,0.3716,0.2132,0.0,1.0,0.0,0.0,0.0,0.7,0.3459,False,False,False,False,76.99,3.86,72.48,True,31116.6,电器行业,钠电池/固态电池/无线耳机,28.3
300439,,0.1988,1.0,0.8764,0.0356,0.0,0.7568,0.1175,0.0,0.0,0.0,0.0,0.0,0.0,0.445,False,False,False,False,8.53,-1.16,9.41,False,2493.6,生物制药,基因概念,24.5
300440,,0.0,1.0,0.8483,0.9888,1.0,0.8112,0.1784,0.3,1.0,0.0,0.0,1.0,0.7,0.2877,False,False,False,False,19.53,-1.26,17.55,True,8550.7,电子信息,专精特新,26.5
300441,,0.0,1.0,0.795,0.0,0.0,0.4152,0.1688,0.0,0.0,0.0,0.0,0.0,0.0,0.4197,False,False,False,False,6.18,0.0,6.68,False,3868.3,机械行业,,29.0
300442,,0.0,1.0,0.7929,0.1932,0.0,0.7493,0.2132,0.0,0.3468,0.0,1.0,0.0,0.7,0.319,False,False,False,False,79.37,1.04,84.06,False,129359.1,机械行业,,29.0
300443,,0.121,1.0,0.6821,0.0,0.0,0.7197,0.162,0.0,0.0,0.0,0.0,0.0,0.0,0.6231,False,False,False,False,23.04,2.67,26.64,False,5593.5,机械行业,,29.0
300446,,0.0,1.0,0.8783,0.0,0.0,0.5883,0.1726,0.3,0.0,0.0,0.0,0.5,0.0,0.4746,False,False,False,False,16.2,-1.4,18.34,False,6051.7,化工行业,雄安新区,59.2
300447,,0.0,1.0,0.7239,0.0,0.0,0.6147,0.2832,0.0,0.131,0.0,0.0,0.0,1.0,0.4448,False,False,False,False,16.46,1.73,17.69,False,3315.9,电器行业,大飞机/国防军工/军工航天,28.3
300448,,0.0441,0.3308,0.3035,0.1544,0.0,0.2303,0.2771,0.6,0.1028,0.0,1.0,0.0,0.0,0.4636,False,False,False,False,7.17,7.01,7.71,False,4607.2,电子信息,,26.5
300449,,0.0,1.0,0.6612,0.5126,0.0,0.7158,0.2107,0.6,0.6437,0.0,1.0,0.5,1.0,0.2034,False,False,False,False,8.04,2.16,8.11,False,3103.7,电子信息,,26.5
300450,,0.0,0.0,0.0,0.0,0.0,0.0,0.1638,0.3,0.5753,0.0,1.0,0.0,1.0,0.3616,False,False,False,False,49.4,15.96,49.82,False,77035.1,其它行业,光伏/固态电池/光伏概念,41.7
300451,,0.3132,1.0,0.7934,0.0,0.0,0.5445,0.1536,0.3,0.0,0.0,0.0,0.0,0.0,0.5225,False,False,False,False,3.56,0.28,4.18,False,5451.0,,,
300452,,0.1388,1.0,0.8569,0.0,0.0,0.7854,0.1739,0.0,0.0,0.0,0.0,0.0,0.0,0.462,False,False,False,False,12.04,-0.58,13.33,False,2391.5,,专精特新/仿制药,
300453,,0.0,1.0,0.8784,0.2614,0.0,0.8577,0.1481,0.0,0.4127,0.0,0.0,0.5,0.0,0.3636,False,False,False,False,9.25,-0.75,9.48,False,3356.0,,,
300454,,0.6934,0.9702,0.739,0.0688,0.0,0.6929,0.1654,0.3,0.0,0.0,0.0,0.0,1.0,0.6177,False,False,False,False,98.68,-3.18,113.49,False,28420.1,,,
300455,,0.0,1.0,0.746,0.0,0.0,0.5852,0.1923,0.3,0.1755,0.0,0.0,0.5,1.0,0.2955,False,False,False,False,22.73,-1.6,24.41,False,16107.0,,,
300456,,0.1508,1.0,0.7265,0.0,0.0,0.8421,0.2814,0.6,0.0,0.0,1.0,0.0,1.0,0.4597,False,False,False,False,41.0,1.33,46.82,False,24500.1,,华为概念/百度概念/国防军工,
300457,,0.0,0.9222,0.6112,0.1039,0.0,0.5528,0.2635,0.3,0.2674,0.0,0.0,0.0,0.7,0.464,False,False,False,False,25.37,3.47,26.46,False,16106.0,,锂电池,
300458,,0.0,1.0,0.7971,0.3811,0.0,0.6894,0.3218,0.0,0.4287,0.0,1.0,0.0,1.0,0.2885,False,False,False,False,33.22,1.13,33.74,False,26307.1,,小米概念,
300459,,0.6145,1.0,0.8732,0.0,0.0,0.7001,0.1394,0.0,0.0,0.0,0.0,0.0,0.0,0.4487,False,False,False,False,3.63,-1.36,4.07,False,11927.2,,,
300460,,0.0,1.0,0.7831,0.5001,0.0,0.6586,0.2261,0.3,0.4816,0.0,0.0,0.0,0.7,0.3675,False,False,False,False,9.26,0.43,9.35,False,2600.2,,专精特新,
300461,,0.6779,1.0,0.4914,0.1232,0.0,0.663,0.2259,0.3,0.0,0.0,1.0,0.0,0.0,0.6159,False,False,False,False,42.65,0.12,49.22,False,6128.9,,,
300462,,0.2743,1.0,0.7613,0.1809,0.0,0.9318,0.1452,0.0,0.0,0.0,0.0,0.0,0.0,0.4177,False,False,False,False,11.23,0.54,12.42,False,1550.1,,,
300463,,0.6727,1.0,0.8227,0.0,0.0,0.502,0.0931,0.6,0.0,0.0,0.0,0.0,0.0,0.483,False,False,False,False,8.47,-2.08,9.93,False,4161.3,,,
300464,,0.0,0.0,0.3171,0.8483,0.0,0.2355,0.4375,0.3,0.8882,1.0,1.0,0.0,0.7,0.3142,False,False,False,False,8.63,10.5,8.35,True,3064.9,,无线耳机,
300465,,0.0,1.0,0.5579,0.2696,1.0,0.2664,0.5281,0.9,0.8692,0.0,0.0,1.0,0.0,0.3045,False,False,False,False,16.42,-1.91,15.48,True,7286.4,,,
300466,,0.2641,1.0,0.675,0.0,0.0,0.5828,0.2218,0.0,0.0,0.0,0.0,0.0,1.0,0.4273,False,False,False,False,7.76,2.24,8.63,False,3573.8,,,
300467,,0.0,0.9281,0.6528,0.5485,0.0,0.6262,0.2513,0.0,0.7963,0.0,0.0,0.5,1.0,0.3312,False,False,False,False,34.36,3.43,34.15,True,5896.3,,,
300468,,0.0,0.9903,0.7344,0.0,0.0,0.1792,0.1236,0.0,0.0,0.0,0.0,0.5,0.0,0.472,False,False,False,False,24.09,-3.06,27.16,False,12762.6,,,
300469,,0.0,1.0,0.7283,0.0,0.0,0.6398,0.2971,0.0,0.2366,0.0,0.0,1.0,0.0,0.2913,False,False,False,False,53.33,-2.09,55.99,False,13232.0,,,
300470,,0.0,1.0,0.8608,0.0,0.0,0.6974,0.2909,0.0,0.0,0.0,0.0,0.0,0.0,0.4215,False,False,False,False,30.93,-0.61,33.33,False,6098.4,,,
300471,,0.0,1.0,0.7831,0.0,0.0,0.738,0.0886,0.0,0.0,0.0,0.0,0.0,0.0,0.4254,False,False,False,False,9.27,0.54,11.15,False,3474.1,,专精特新/氢能源,
300472,,0.0,1.0,0.8455,0.5122,0.0,0.7064,0.2279,0.0,0.4085,0.0,0.0,0.5,0.7,0.3458,False,False,False,False,8.01,-2.32,8.32,False,2118.4,,,
300473,,0.5044,1.0,0.5761,0.5168,0.0,0.5949,0.1974,0.0,0.076,0.0,1.0,0.0,1.0,0.4782,False,False,False,False,31.2,1.73,33.55,False,4696.1,,固态电池,
300474,,0.0783,1.0,0.7549,0.0,0.0,0.6772,0.2989,0.0,0.0,0.0,1.0,0.0,1.0,0.4027,False,False,False,False,53.9,1.6,60.7,False,21909.3,,国防军工/军民融合/军工航天,
300475,,0.0,1.0,0.7389,0.9151,1.0,0.6651,0.3647,0.0,1.0,0.0,0.0,0.5,0.7,0.2871,False,False,False,False,204.41,0.06,174.63,True,91059.9,,,
300476,,0.0,0.9688,0.6296,0.9467,0.5661,0.5381,0.3441,0.0,1.0,0.0,0.0,0.0,0.7,0.3758,False,False,False,False,355.48,3.19,331.44,True,307559.5,,,
300477,,0.0644,1.0,0.6944,0.1428,0.0,0.8336,0.4927,0.3,0.0344,0.0,1.0,0.0,1.0,0.4307,False,False,False,False,2.44,1.67,2.66,False,2428.9,,固态电池,
300478,,0.8857,1.0,0.6756,1.0,1.0,0.6601,0.4022,0.3,1.0,1.0,0.0,0.0,0.7,0.3752,True,False,False,False,37.82,-2.63,36.26,True,4790.8,,,
300479,,0.0,1.0,0.6491,0.0,0.0,0.5618,0.141,0.0,0.0,0.0,0.0,0.0,0.0,0.5336,False,False,False,False,14.55,2.11,16.44,False,2865.3,,专精特新,
300480,,0.0,1.0,0.7417,0.9519,0.5551,0.5825,0.4319,0.0,1.0,0.0,0.0,0.5,0.7,0.3716,False,False,False,False,36.37,-2.13,33.56,True,9825.8,,专精特新/国防军工/军工航天,
300481,,0.0,1.0,0.2932,0.3021,1.0,0.0,0.5424,0.6,1.0,0.0,0.0,1.0,0.0,0.3913,False,False,False,False,18.82,0.27,15.48,True,54.6,,专精特新,
300482,,0.0,0.0,0.0,0.37,1.0,0.0,0.4482,1.0,1.0,0.0,0.0,1.0,0.0,0.4611,False,False,False,False,20.73,9.45,18.67,True,8915.4,,,
300483,,0.0,1.0,0.6606,0.3552,0.0,0.8001,0.4146,0.3,0.6114,0.0,0.0,0.5,0.0,0.2866,False,False,False,False,19.58,1.71,19.75,False,7473.2,,,
300484,,0.0,1.0,0.6828,0.0,0.0,0.6913,0.499,0.3,0.0,0.0,0.0,0.0,0.0,0.3914,False,False,False,False,14.96,1.7,16.44,False,2488.6,,,
300485,,0.69,1.0,0.8403,0.0,0.0,0.7342,0.0914,0.0,0.0,0.0,0.0,0.0,0.0,0.461,False,False,False,False,8.29,-0.72,9.72,False,2269.9,,,
300486,,0.9369,1.0,0.59,0.8443,1.0,0.4365,0.3547,0.3,0.7391,0.0,1.0,0.5,1.0,0.351,True,False,False,False,24.19,2.59,24.24,False,11538.8,,专精特新,
300487,,0.0,1.0,0.6519,0.0,0.0,0.3694,0.1906,0.3,0.0069,0.0,0.0,0.5,0.0,0.4279,False,False,False,False,55.72,2.09,60.5,False,17162.8,,专精特新/盐湖提锂,
300488,,0.0,0.0,0.0646,0.9077,1.0,0.0,0.322,0.3,1.0,0.0,0.0,1.0,1.0,0.4919,False,False,False,False,44.3,13.01,34.5,True,7187.8,,专精特新,
300489,,0.0,0.0715,0.1994,1.0,1.0,0.5789,0.4203,0.0,1.0,0.0,0.0,1.0,0.7,0.3128,False,False,False,False,212.18,8.57,117.57,True,29418.4,,国防军工/核电核能,
300490,,0.0,0.8772,0.654,0.0,0.0,0.5937,0.1655,0.0,0.1174,0.0,0.0,0.0,0.0,0.5104,False,False,False,False,14.99,3.74,16.41,False,5894.9,,碳中和/光伏/国防军工,
300491,,0.0,0.0,0.2317,1.0,1.0,0.1351,0.4946,0.3,1.0,0.0,0.0,0.5,1.0,0.4785,False,False,False,False,34.92,9.95,29.24,True,5516.9,,雄安新区,
300492,,0.0,1.0,0.7161,0.0,0.0,0.7241,0.1667,0.3,0.0,0.0,0.0,0.0,0.0,0.5632,False,False,False,False,38.4,0.34,48.77,False,7552.6,,,
300493,,0.0,1.0,0.7232,0.0,0.0,0.6234,0.3047,0.3,0.0,0.0,1.0,0.0,1.0,0.4146,False,False,False,False,14.31,2.43,16.03,False,7249.6,,专精特新/无线耳机,
300494,,0.0158,1.0,0.8268,0.0,0.0,0.6843,0.1575,0.3,0.0,0.0,0.0,0.0,0.0,0.3902,False,False,False,False,9.15,-0.97,10.47,False,3644.9,,,
300497,,0.0,1.0,0.7316,0.1523,0.2372,0.5173,0.1051,0.3,1.0,0.0,0.0,1.0,0.0,0.3653,False,False,False,False,17.49,0.58,16.58,True,7980.0,,,
300498,,0.0,1.0,0.842,0.0,0.0,0.6606,0.0629,0.0,0.0,0.0,0.0,0.5,0.0,0.3917,False,False,False,False,12.9,-1.38,14.49,False,76746.0,,猪肉,
300499,,0.0,1.0,0.726,0.3794,0.0,0.676,0.3721,0.0,0.7269,0.0,0.0,0.0,0.7,0.3857,False,False,False,False,38.73,2.7,38.48,True,10511.6,,专精特新,
300500,,0.7047,1.0,0.759,0.1266,0.0,0.6988,0.1158,0.0,0.0,0.0,0.0,0.0,1.0,0.3907,False,False,False,False,10.13,1.71,11.21,False,1697.8,,,
300501,,0.0,0.9851,0.6333,0.7306,0.0,0.8215,0.3266,0.0,0.5502,0.0,0.0,0.5,0.7,0.3093,False,False,False,False,12.86,-3.09,13.12,False,1834.8,,,
300502,,0.9588,1.0,0.6699,1.0,0.4168,0.511,0.4389,0.3,0.258,0.0,1.0,0.5,0.7,0.4856,False,False,False,False,549.0,1.57,600.15,False,490838.6,,,
300503,,0.0,1.0,0.6391,1.0,1.0,0.6535,0.5092,0.9,1.0,0.0,0.0,0.5,0.7,0.296,False,False,False,False,82.89,2.21,71.31,True,199.7,,专精特新,
300504,,0.185,0.669,0.4771,0.92,0.6622,0.363,0.2675,0.0,1.0,0.0,1.0,0.0,0.7,0.3323,False,False,False,False,18.74,4.99,17.72,True,4090.0,,,
300505,,0.0,1.0,0.6123,0.0,0.0,0.0,0.5256,0.3,0.3841,0.0,0.0,0.5,0.0,0.2796,False,False,False,False,23.22,2.29,23.81,False,5045.7,,,
300506,,0.0,0.0,0.041,0.3307,0.0,0.0,0.4701,0.9,1.0,0.0,1.0,0.0,1.0,0.41,False,False,False,False,5.1,18.33,4.79,True,3599.1,,,
300507,,0.0,1.0,0.6225,0.0,0.0,0.6735,0.3347,0.3,0.0,0.0,0.0,0.0,0.0,0.4535,False,False,False,False,7.4,2.21,8.2,False,5734.9,,,
300508,,0.0,0.5999,0.5655,1.0,1.0,0.3026,0.5544,0.6,1.0,0.0,0.0,1.0,1.0,0.4341,False,False,False,False,56.6,5.4,43.47,True,4633.0,,专精特新,
300509,,0.3481,1.0,0.8112,0.0,0.0,0.7644,0.131,0.3,0.0,0.0,0.0,0.0,0.0,0.4786,False,False,False,False,9.14,-0.44,10.88,False,2258.5,,,
300510,,0.0,1.0,0.7881,0.0,0.0,0.6458,0.218,0.0,0.0,0.0,0.0,0.0,0.0,0.4724,False,False,False,False,3.48,0.58,3.95,False,2869.9,,专精特新,
300511,,0.3841,1.0,0.7861,0.0,0.0,0.8059,0.0328,0.3,0.0,0.0,0.0,0.0,0.0,0.5787,False,False,False,False,5.58,-0.53,6.45,False,3046.7,,,
300512,,0.0,1.0,0.7508,0.0,0.0,0.5643,0.1442,0.0,0.0,0.0,0.0,0.0,0.0,0.4233,False,False,False,False,7.59,1.34,8.56,False,2476.8,,,
300513,,0.0852,1.0,0.7163,0.0,0.0,0.6719,0.1548,0.0,0.0,0.0,0.0,0.0,0.0,0.3889,False,False,False,False,7.58,0.8,8.54,False,2176.1,,智能电网,
300514,,0.209,1.0,0.7624,0.0,0.0,0.6428,0.0871,0.0,0.0,0.0,0.0,0.0,0.0,0.4704,False,False,False,False,10.32,-0.58,11.85,False,1653.9,,,
300515,,0.0,1.0,0.772,0.0,0.0,0.7154,0.3046,0.3,0.0,0.0,0.0,0.0,0.0,0.4562,False,False,False,False,14.96,0.34,16.81,False,3023.1,,专精特新,
300516,,0.508,1.0,0.7037,0.0,0.0094,0.3852,0.2291,0.6,0.1304,0.0,1.0,0.5,0.0,0.2894,False,False,False,False,36.97,0.19,39.89,False,9316.4,,专精特新/国防军工/军民融合,
300517,,0.6476,1.0,0.6509,0.222,0.0,0.4547,0.1558,0.0,0.0,0.0,1.0,0.0,1.0,0.6359,False,False,False,False,9.96,0.3,11.55,False,1257.4,,,
300518,,0.2633,1.0,0.2708,1.0,0.2467,0.6129,0.2732,0.0,0.8496,1.0,0.0,0.0,0.7,0.2836,False,False,False,False,26.75,1.25,26.61,True,5333.3,,,
300519,,0.2387,1.0,0.8047,0.0,0.0,0.7013,0.1064,0.0,0.0,0.0,0.0,0.0,1.0,0.4968,False,False,False,False,12.9,-0.54,14.61,False,1471.9,,,
300520,,0.3667,1.0,0.7264,0.0,0.0,0.7099,0.1729,0.0,0.0,0.0,0.0,0.0,0.0,0.6279,False,False,False,False,29.35,-0.44,35.2,False,8283.1,,,
300521,,0.0,1.0,0.5701,0.0796,0.9074,0.0,0.3233,0.0,1.0,0.0,0.0,1.0,0.0,0.365,False,False,False,False,29.66,1.19,27.34,True,4385.4,,,
300522,,0.0,0.0022,0.281,0.3447,0.017,0.0,0.5601,0.3,0.989,0.0,1.0,0.5,0.7,0.3904,False,False,False,False,13.34,8.99,12.53,True,3517.7,,,
300523,,0.0,1.0,0.7479,0.2083,0.0,0.7601,0.3186,0.3,0.0,0.0,0.0,0.0,0.0,0.4263,False,False,False,False,20.15,0.25,21.75,False,4687.5,,,
300525,,0.0777,1.0,0.8596,0.0,0.0,0.4221,0.2736,0.3,0.0,0.0,0.0,0.5,0.0,0.3094,False,False,False,False,8.91,-1.22,9.91,False,5554.0,,,
300527,,0.206,1.0,0.8191,0.1995,0.0,0.7369,0.1951,0.0,0.1356,0.0,0.0,0.0,0.0,0.4296,False,False,False,False,7.41,0.54,7.82,False,7534.3,,国防军工/军工航天,
300528,,0.0898,1.0,0.6489,0.054,0.0,0.7767,0.3028,0.6,0.0,0.0,0.0,0.0,1.0,0.4728,False,False,False,False,14.75,2.22,16.56,False,5496.0,,,
300529,,0.6325,1.0,0.8387,0.146,0.0,0.4422,0.1688,0.3,0.0,0.0,0.0,0.0,1.0,0.3265,False,False,False,False,16.09,-2.66,18.09,False,82.5,,,
300530,,0.0,1.0,0.6933,0.0,0.0,0.4434,0.1774,0.0,0.0,0.0,0.0,0.0,0.0,0.5194,False,False,False,False,19.26,1.85,22.51,False,3311.8,,,
300531,,0.0,1.0,0.7005,0.0,0.0,0.7463,0.1775,0.3,0.0,0.0,0.0,0.0,0.0,0.3866,False,False,False,False,15.74,2.47,17.56,False,4904.7,,,
300532,,0.0,1.0,0.7862,0.0,0.0,0.6658,0.0968,0.0,0.0,0.0,0.0,0.0,0.0,0.36,False,False,False,False,6.8,-0.87,7.48,False,4112.1,,,
300533,,0.6796,1.0,0.827,0.0,0.0,0.7218,0.1866,0.3,0.0,0.0,0.0,0.0,0.0,0.6858,False,False,False,False,14.88,-1.0,22.56,False,2454.9,,,
300534,,0.0,1.0,0.8253,0.0,0.0,0.6044,0.1394,0.0,0.0,0.0,0.0,0.0,0.0,0.5245,False,False,False,False,7.6,-0.39,8.56,False,2295.7,,,
300535,,0.1309,1.0,0.6618,0.0,0.0,0.6318,0.121,0.0,0.0,0.0,0.0,0.0,0.0,0.4618,False,False,False,False,15.06,0.53,17.51,False,1222.3,,专精特新,
300536,,0.0292,1.0,0.8095,0.7799,0.0,0.7245,0.2738,0.3,0.3613,0.0,0.0,0.0,1.0,0.2869,False,False,False,False,9.8,0.0,10.23,False,2874.0,,,
300537,,0.0,1.0,0.7244,0.9643,1.0,0.1694,0.5647,0.9,1.0,0.0,1.0,0.5,1.0,0.3012,False,False,False,False,28.9,2.12,25.98,True,4386.0,,,
300538,,0.0,1.0,0.553,0.821,1.0,0.1259,0.5273,0.6,1.0,0.0,1.0,0.5,1.0,0.2837,False,False,False,False,18.07,2.67,16.81,True,2213.0,,光伏概念/小米概念,
300540,,0.5074,1.0,0.541,0.8139,0.0,0.7049,0.4126,0.3,0.5395,0.0,0.0,0.0,0.7,0.4024,False,False,False,False,25.08,2.79,25.98,False,5184.7,,氢能源,
300541,,0.0,1.0,0.8795,0.0,0.0,0.8003,0.1362,0.0,0.0,0.0,0.0,0.0,0.0,0.5474,False,False,False,False,10.41,-0.95,12.23,False,4039.5,,,
300542,,0.0,1.0,0.803,0.0,0.0,0.5835,0.2335,0.3,0.0,0.0,0.0,0.0,0.0,0.5149,False,False,False,False,12.4,-0.96,14.56,False,3124.2,,国防军工/军工航天,
300543,,0.364,1.0,0.7232,0.0,0.0,0.5638,0.2063,0.0,0.0,0.0,0.0,0.0,0.0,0.4964,False,False,False,False,8.15,-0.49,9.26,False,2039.1,,,
300545,,0.0,0.6775,0.4473,0.7285,0.9442,0.2431,0.5681,0.3,1.0,0.0,1.0,0.5,1.0,0.3499,False,False,False,False,37.21,4.94,34.32,True,4448.8,,华为概念,
300546,,0.0,1.0,0.6896,0.0,0.0,0.6204,0.1444,0.3,0.0,0.0,0.0,0.0,0.0,0.5553,False,False,False,False,16.8,1.57,19.4,False,2304.7,,专精特新,
300547,,0.0,1.0,0.5016,0.2234,0.0,0.5023,0.2172,0.3,0.5285,0.0,0.0,0.0,0.7,0.4901,False,False,False,False,36.37,2.6,36.52,False,6482.0,,,
300548,,0.0,0.6036,0.5187,0.9988,1.0,0.1355,0.3194,0.3,1.0,0.0,0.0,1.0,0.7,0.3521,False,False,False,False,283.3,5.38,225.45,True,76307.8,,专精特新/华为概念,
300549,,0.2073,1.0,0.6542,0.0,0.0,0.5574,0.112,0.0,0.0,0.0,0.0,0.0,1.0,0.5095,False,False,False,False,14.71,1.73,16.69,False,1486.5,,,
300550,,0.0,0.9571,0.5288,0.7825,1.0,0.596,1.0,0.6,1.0,0.0,0.0,1.0,1.0,0.1842,False,False,True,False,14.9,3.26,13.57,True,3908.3,,,
300551,,0.0,1.0,0.6618,0.0,0.0,0.6136,0.1751,0.3,0.0,0.0,0.0,0.0,0.0,0.4833,False,False,False,False,11.36,2.9,13.22,False,3718.5,,专精特新,
300552,,0.1003,0.4231,0.3564,0.3363,0.0,0.3529,0.4905,0.3,0.3048,0.0,1.0,0.0,1.0,0.4555,False,False,False,False,27.35,6.46,28.39,False,3773.1,,,
300553,,0.0,1.0,0.6332,1.0,1.0,0.5864,0.2652,0.9,1.0,0.0,0.0,0.5,0.7,0.3255,False,False,False,False,69.9,1.48,57.01,True,5934.2,,专精特新,
300554,,0.0,1.0,0.6375,1.0,1.0,0.184,0.4865,0.0,1.0,0.0,1.0,1.0,1.0,0.2544,False,False,False,False,30.75,1.96,27.01,True,2432.2,,,
300555,,0.3477,1.0,0.8465,0.1677,0.0,0.8886,0.2505,0.3,0.0,0.0,1.0,0.0,1.0,0.4152,False,False,False,False,12.06,-0.82,13.27,False,2388.3,,,
300556,,0.0,1.0,0.7535,0.6796,0.9014,0.1838,0.3455,0.6,0.6131,1.0,0.0,0.5,1.0,0.2657,False,False,False,False,19.79,-1.1,19.72,True,2147.3,,,
300557,,0.3437,1.0,0.7032,0.1221,0.0,0.1646,0.6019,0.6,0.0,0.0,1.0,0.0,1.0,0.3269,False,False,False,False,31.24,0.77,34.92,False,3729.7,,,
300558,,0.0,0.6221,0.6164,0.7607,1.0,0.2268,0.3504,0.6,0.7584,0.0,0.0,1.0,0.7,0.4724,False,False,False,False,50.54,-5.27,49.03,True,21198.7,,,
300559,,0.4933,1.0,0.6915,0.0,0.0,0.8892,0.2094,0.6,0.0,0.0,0.0,0.0,0.0,0.5316,False,False,False,False,10.73,1.32,12.27,False,3338.5,,,
300560,,0.0,1.0,0.5889,0.8509,1.0,0.516,0.4896,0.3,1.0,0.0,0.0,0.0,1.0,0.3425,False,False,False,False,18.11,-2.9,17.18,True,3385.9,,国防军工/军民融合,
300561,,0.689,1.0,0.6556,0.3519,0.0,0.0,0.0,0.0,0.0,0.0,0.0,0.0,0.7,0.6227,False,False,False,False,13.56,0.07,16.7,False,32.7,,,
300562,,0.0,0.039,0.0752,0.0,0.0,0.0,0.1424,0.3,0.4379,0.0,0.0,0.0,1.0,0.4457,False,False,False,False,12.78,8.77,12.92,False,20.8,,,
300563,,0.0,0.783,0.5616,0.0,0.0,0.2894,0.2413,0.0,0.1606,0.0,0.0,0.0,0.0,0.427,False,False,False,False,29.82,4.3,31.22,False,3779.0,,专精特新/国防军工,
300564,,0.0524,1.0,0.7088,0.0,0.0,0.471,0.2199,0.0,0.0,0.0,0.0,0.0,1.0,0.5865,False,False,False,False,12.77,1.43,14.79,False,1507.8,,,
300565,,0.0,0.9558,0.6571,0.1808,0.0,0.583,0.328,0.9,0.212,0.0,1.0,0.0,1.0,0.4257,False,False,False,False,12.65,3.27,13.32,False,2886.8,,5G概念,
300566,,0.0,1.0,0.5074,1.0,1.0,0.0,1.0,0.6,1.0,0.0,0.0,1.0,1.0,0.218,False,False,False,False,34.25,-2.67,23.46,True,7763.8,,光伏/光伏概念,
300567,,0.0,1.0,0.5206,1.0,1.0,0.5706,0.5752,0.0,1.0,0.0,0.0,0.5,1.0,0.3346,False,False,False,False,204.83,-1.74,171.29,True,46506.4,,,
300568,,0.0,0.6266,0.2763,0.8134,1.0,0.1615,0.5406,0.6,1.0,0.0,0.0,0.5,0.7,0.3801,False,False,False,False,19.68,5.24,16.5,True,23784.5,,锂电池,
300569,,0.0,1.0,0.8556,0.0,0.0,0.7844,0.0907,0.3,0.0,0.0,0.0,0.0,0.0,0.4157,False,False,False,False,5.0,-1.57,5.76,False,5098.2,,光伏/光伏概念,
300570,,0.0,0.0,0.4435,1.0,1.0,0.2391,0.6159,0.3,1.0,0.0,0.0,1.0,0.7,0.3292,False,False,False,False,263.29,18.55,159.34,True,50602.4,,,
300571,,0.0939,1.0,0.62,0.9668,0.0,0.7998,0.1875,0.0,0.4536,0.0,1.0,0.0,0.7,0.4234,False,False,False,False,42.5,2.21,44.41,False,49.1,,,
300572,,0.0,1.0,0.7455,0.2686,0.0,0.6831,0.2249,0.6,0.3515,0.0,0.0,0.5,0.7,0.4174,False,False,False,False,28.12,2.25,29.3,False,5097.5,,,
300575,,0.1343,1.0,0.8227,0.1259,0.0,0.7651,0.1729,0.3,0.0,0.0,0.0,0.0,1.0,0.364,False,False,False,False,5.57,-1.24,6.16,False,1908.9,,,
300576,,0.0,1.0,0.605,0.9915,1.0,0.3898,0.5733,0.6,1.0,0.0,0.0,0.5,1.0,0.2185,False,False,False,False,49.88,1.92,42.01,True,11714.7,,专精特新,
300577,,0.0777,1.0,0.8057,0.0,0.0,0.7481,0.0091,0.0,0.0,0.0,0.0,0.0,1.0,0.4937,False,False,False,False,15.63,-0.95,18.1,False,2228.4,,小米概念,
300578,,0.0,1.0,0.7008,0.0,0.0,0.6598,0.2123,0.3,0.2941,0.0,0.0,0.5,0.0,0.3176,False,False,False,False,19.46,1.57,20.3,False,3857.3,,,
300579,,0.0,1.0,0.8355,0.0,0.0,0.5994,0.1157,0.0,0.0,0.0,0.0,0.0,0.0,0.5958,False,False,False,False,21.82,-0.27,25.16,False,5691.1,,鸿蒙概念,
300580,,0.1234,1.0,0.5781,0.309,0.0,0.5809,0.1377,0.3,0.0776,0.0,0.0,0.0,0.7,0.4068,False,False,False,False,23.4,-1.27,25.15,False,11058.7,,,
300581,,0.0,1.0,0.6631,0.0,0.4438,0.0,0.3048,0.6,0.5777,0.0,0.0,0.5,0.0,0.2619,False,False,False,False,12.8,-1.99,12.41,True,7041.4,,专精特新/国防军工,
300582,,0.0,0.5338,0.4893,0.3384,0.0,0.5678,0.5889,0.3,0.6768,0.0,0.0,0.0,1.0,0.4462,False,False,False,False,15.33,5.8,15.15,True,3469.4,,专精特新,
300583,,0.6113,1.0,0.8142,0.0,0.0,0.4911,0.0642,0.0,0.0,0.0,0.0,0.0,1.0,0.4724,False,False,False,False,11.72,-1.01,13.52,False,2181.7,,,
300584,,0.0,1.0,0.6952,0.0,0.0,0.6082,0.0639,0.0,0.0,0.0,0.0,0.0,0.0,0.5415,False,False,False,False,31.85,1.11,37.57,False,26.2,,,
300585,,0.1495,1.0,0.6728,0.5449,0.0,0.802,0.2431,0.3,0.411,0.0,0.0,0.0,0.7,0.4255,False,False,False,False,18.2,1.51,18.81,False,3114.2,,专精特新,
300586,,0.0,0.8247,0.4308,0.9936,1.0,0.0692,0.5132,0.0,1.0,0.0,0.0,1.0,1.0,0.4082,False,False,False,False,14.38,4.05,11.58,True,7687.5,,专精特新,
300587,,0.0,1.0,0.5878,0.0,0.0,0.4645,0.1329,0.0,0.0,0.0,0.0,0.0,1.0,0.4622,False,False,False,False,4.82,2.77,5.41,False,5073.6,,专精特新,
300588,,0.0,1.0,0.4658,0.0,0.0,0.0,0.1418,0.3,0.6236,0.0,0.0,0.5,0.0,0.3433,False,False,False,False,21.98,-0.5,21.64,True,3886.5,,专精特新,
300589,,0.0,1.0,0.8492,0.0,0.0,0.7816,0.1448,0.0,0.0,0.0,0.0,0.0,0.0,0.5171,False,False,False,False,13.08,-1.36,15.03,False,3240.7,,军民融合,
300590,,0.0,0.6204,0.4677,0.9435,0.9314,0.6296,0.505,0.0,1.0,0.0,0.0,0.5,0.7,0.4069,False,False,False,False,15.56,5.28,14.11,True,5567.6,,,
300591,,0.0,1.0,0.618,0.2666,0.0,0.7621,0.2776,0.3,0.0189,0.0,0.0,0.0,1.0,0.3931,False,False,False,False,7.26,-0.95,7.73,False,2544.6,,,
300592,,0.0,1.0,0.7358,0.2415,0.1636,0.4635,0.3254,0.3,0.5839,0.0,0.0,0.5,1.0,0.3683,False,False,False,False,12.58,-2.25,12.74,False,4389.2,,,
300593,,0.0,0.0903,0.2254,1.0,1.0,0.2407,0.2753,0.3,1.0,0.0,1.0,0.5,1.0,0.381,False,False,False,False,39.11,8.46,32.41,True,17609.8,,专精特新/国防军工,
300594,,0.0,0.9208,0.4895,0.0,0.0,0.8748,0.1745,0.0,0.0,0.0,1.0,0.0,0.0,0.6224,False,False,False,False,16.08,3.47,20.32,False,14.6,,专精特新,
300595,,0.0,1.0,0.8994,0.0,0.0,0.7271,0.1159,0.0,0.0,0.0,0.0,0.0,0.0,0.5355,False,False,False,False,11.18,-0.8,12.9,False,7473.8,,,
300596,,0.0,1.0,0.7113,0.1974,0.0,0.7794,0.4899,0.0,0.3889,0.0,0.0,0.0,0.0,0.3726,False,False,False,False,41.86,1.28,43.49,False,9405.4,,,
300597,,0.0,1.0,0.7,0.0074,0.0,0.4687,0.1804,0.0,0.0,0.0,0.0,0.0,1.0,0.4451,False,False,False,False,8.12,1.5,8.99,False,22.0,,5G概念,
300598,,0.4103,1.0,0.7937,0.0,0.0,0.7227,0.2331,0.3,0.0,0.0,1.0,0.0,0.0,0.4798,False,False,False,False,31.23,-0.38,36.12,False,6774.9,,鸿蒙概念/华为概念/小米概念,
300599,,0.0,0.7172,0.6162,1.0,1.0,0.269,0.3022,0.9,1.0,1.0,0.0,1.0,0.7,0.3152,False,False,False,False,12.58,-4.7,12.03,True,3984.5,,海南自贸,
300600,,0.2701,1.0,0.7946,0.0,0.0,0.8017,0.2079,0.3,0.0,0.0,0.0,0.0,0.0,0.4513,False,False,False,False,10.62,-0.84,11.94,False,3124.8,,军民融合,
300601,,0.0,1.0,0.7924,0.0,0.0,0.5097,0.1935,0.6,0.0,0.0,0.0,0.0,0.0,0.4501,False,False,False,False,11.6,0.35,13.21,False,10444.3,,,
300602,,0.0,0.8265,0.5013,1.0,1.0,0.5088,0.3511,0.3,1.0,0.0,0.0,0.5,1.0,0.3366,False,False,False,False,48.4,4.04,39.69,True,19137.5,,光伏/华为概念,
300603,,0.0589,1.0,0.7897,0.0,0.0,0.8485,0.2474,0.3,0.0,0.0,1.0,0.0,0.0,0.4793,False,False,False,False,8.63,0.82,10.0,False,3227.0,,,
300604,,0.0,0.8555,0.597,1.0,1.0,0.6462,0.3607,0.3,1.0,0.0,0.0,0.5,0.7,0.2211,False,False,True,False,240.4,3.87,193.22,True,117670.6,,专精特新,
300605,,0.004,1.0,0.7088,0.0,0.0,0.668,0.1525,0.0,0.0,0.0,0.0,0.0,0.0,0.4323,False,False,False,False,10.49,-0.38,12.38,False,1325.8,,,
300606,,0.0,1.0,0.688,0.6559,1.0,0.5266,0.4746,0.6,1.0,0.0,0.0,0.5,0.7,0.4201,False,False,False,False,44.6,1.83,37.05,True,5248.3,,,
300607,,0.0,0.3742,0.2286,1.0,1.0,0.1953,0.5418,0.6,1.0,0.0,1.0,1.0,1.0,0.1996,False,False,True,False,36.35,6.75,31.51,True,12421.9,,,
300608,,0.0,1.0,0.6154,0.3515,0.0,0.6991,0.218,0.9,0.2351,0.0,0.0,0.5,0.7,0.4262,False,False,False,False,12.13,1.42,12.7,False,3574.7,,鸿蒙概念,
300609,,0.5659,1.0,0.7441,0.1478,0.0,0.7192,0.2497,0.3,0.0,0.0,0.0,0.0,1.0,0.4615,False,False,False,False,32.28,-0.89,36.91,False,3872.2,,,
300610,,0.0,1.0,0.7419,0.1036,0.0,0.4942,0.1668,0.3,0.1823,0.0,0.0,0.5,1.0,0.4506,False,False,False,False,10.81,2.08,11.4,False,1812.0,,专精特新,
300611,,0.5537,1.0,0.779,0.4915,0.5073,0.677,0.4131,0.3,0.2435,0.0,0.0,0.0,0.0,0.3899,False,False,False,False,25.81,-2.79,26.93,False,3827.7,,专精特新,
300612,,0.2335,1.0,0.832,0.0,0.0,0.7681,0.1633,0.6,0.0,0.0,0.0,0.0,0.0,0.423,False,False,False,False,12.23,-0.57,14.24,False,2199.9,,,
300613,,0.0,0.6984,0.4844,1.0,1.0,0.5806,0.5294,0.0,1.0,0.0,0.0,0.5,0.7,0.4391,False,False,False,False,65.59,4.81,56.27,True,14403.6,,专精特新,
300614,,0.0,0.8944,0.6422,0.0,0.0,0.2932,0.1756,0.3,0.0,0.0,0.0,0.5,0.0,0.4105,False,False,False,False,11.67,-3.63,12.65,False,1872.3,,碳中和,
300615,,0.0254,1.0,0.6418,0.0,0.0,0.6553,0.2483,0.3,0.0,0.0,0.0,0.0,0.0,0.4103,False,False,False,False,11.19,1.91,12.81,False,1713.0,,5G概念,
300616,,0.6998,1.0,0.5268,0.6262,0.0,0.6584,0.206,0.6,0.0,0.0,0.0,0.0,1.0,0.4743,False,False,False,False,12.95,2.13,14.42,False,2011.1,,,
300617,,0.0,0.4801,0.3835,0.6717,0.0,0.6423,0.3923,0.6,0.9811,0.0,0.0,0.0,0.7,0.3817,False,False,False,False,61.39,6.12,59.9,True,8528.5,,专精特新,
300618,,0.0,1.0,0.7933,0.0,0.0,0.564,0.2306,0.3,0.1041,0.0,0.0,0.5,1.0,0.4052,False,False,False,False,38.71,0.03,41.16,False,10548.3,,,
300619,,0.0,0.9012,0.6502,0.1087,0.0,0.7136,0.266,0.6,0.2776,0.0,0.0,0.0,1.0,0.4211,False,False,False,False,40.08,3.59,42.3,False,5871.2,,,
300620,,0.0,0.0,0.2911,1.0,1.0,0.2448,0.4989,0.0,1.0,0.0,0.0,1.0,0.7,0.313,False,False,False,False,392.49,14.41,266.16,True,97075.2,,,
300621,,0.3583,1.0,0.6862,0.0,0.0,0.3765,0.0815,0.0,0.0,0.0,0.0,0.0,1.0,0.4907,False,False,False,False,7.06,0.71,8.05,False,1429.9,,,
300623,,0.0,1.0,0.6797,0.8524,1.0,0.4106,0.6034,0.3,1.0,0.0,0.0,0.5,1.0,0.3809,False,False,False,False,36.01,1.78,31.95,True,27641.7,,专精特新,
300624,,0.0064,1.0,0.7779,0.0,0.0,0.7773,0.1566,0.0,0.0,0.0,0.0,0.0,0.0,0.6046,False,False,False,False,54.08,0.11,64.44,False,9260.3,,,
300625,,0.5472,1.0,0.8051,0.0387,0.0,0.6525,0.1274,0.3,0.0,0.0,0.0,0.0,0.0,0.3828,False,False,False,False,9.99,0.71,11.35,False,1618.1,,,
300626,,0.0,1.0,0.5771,1.0,1.0,0.428,0.3782,0.6,1.0,0.0,0.0,0.5,0.7,0.2495,False,False,False,False,37.76,1.92,31.44,True,6793.1,,,
300628,,1.0,1.0,0.8511,0.5438,0.0,0.5849,0.2806,0.0,0.0,0.0,0.0,0.0,1.0,0.4876,False,False,False,False,33.42,-1.79,36.56,False,24254.7,,,
300629,,0.0,1.0,0.6825,0.0302,0.0,0.7214,0.2841,0.3,0.0,0.0,0.0,0.0,1.0,0.4718,False,False,False,False,21.5,1.37,23.66,False,4663.9,,国防军工/军民融合,
300631,,0.0,1.0,0.8177,0.011,0.0,0.5316,0.2226,0.3,0.4206,0.0,0.0,0.5,1.0,0.3666,False,False,False,False,26.16,-0.65,26.57,False,3164.8,,专精特新/盐湖提锂,
300632,,0.0,1.0,0.7408,1.0,0.7604,0.7101,0.6673,0.0,1.0,0.0,1.0,0.0,0.7,0.1797,False,False,False,False,28.78,-0.1,25.28,True,6549.9,,,
300633,,0.0,1.0,0.8579,0.0,0.0,0.6387,0.0675,0.3,0.0,0.0,0.0,0.0,0.0,0.5148,False,False,False,False,19.39,-1.62,22.53,False,5196.3,,,
300634,,0.3847,1.0,0.6996,0.133,0.0,0.7624,0.1562,0.3,0.0,0.0,1.0,0.0,0.0,0.5811,False,False,False,False,21.85,0.46,25.09,False,94.9,,,
300635,,0.0,0.6035,0.3182,0.2743,0.0,0.159,0.1794,0.0,0.4693,0.0,0.0,0.0,1.0,0.4412,False,False,False,False,13.91,5.38,14.14,False,1675.1,,,
300636,,0.0,1.0,0.8001,0.0,0.0,0.6245,0.1419,0.0,0.0,0.0,0.0,0.5,0.0,0.4107,False,False,False,False,6.61,-0.9,7.26,False,2427.9,,,
300637,,0.0,1.0,0.7579,0.0,0.0,0.6515,0.5107,0.3,0.0687,0.0,1.0,0.5,0.0,0.2691,False,False,False,False,10.27,0.79,10.9,False,2408.7,,,
300638,,0.3145,1.0,0.771,0.0,0.0,0.7861,0.305,0.3,0.0,0.0,0.0,0.0,0.0,0.5526,False,False,False,False,20.59,1.03,23.67,False,10920.8,,专精特新,
300639,,0.0,1.0,0.851,0.0,0.0,0.9226,0.2454,0.6,0.0,0.0,0.0,0.0,0.0,0.5504,False,False,False,False,5.36,-0.19,6.0,False,3380.8,,,
300640,,0.4678,1.0,0.6384,0.0,0.0,0.6597,0.139,0.0,0.0,0.0,0.0,0.0,1.0,0.5363,False,False,False,False,5.97,1.19,6.97,False,1359.6,,,
300641,,0.0,0.7912,0.5337,0.0,0.6137,0.0,0.428,0.6,1.0,0.0,0.0,1.0,0.0,0.2322,False,False,False,False,18.63,4.25,17.1,True,9790.9,,,
300642,,0.0,1.0,0.6946,0.0,0.0,0.4609,0.1118,0.3,0.0,0.0,0.0,0.0,0.0,0.5055,False,False,False,False,12.92,0.31,15.15,False,1779.2,,专精特新,
300643,,0.0,0.4745,0.3636,0.2723,0.2989,0.0,0.4535,0.3,0.6887,0.0,1.0,0.0,0.0,0.4363,False,False,False,False,18.46,6.15,17.96,True,4260.0,,专精特新,
300644,,0.0,1.0,0.6934,0.0,0.0,0.531,0.2959,0.9,0.0498,0.0,0.0,0.5,0.0,0.4432,False,False,False,False,26.07,1.6,27.72,False,2310.0,,,
300645,,0.0254,1.0,0.7691,0.0,0.0,0.641,0.1275,0.3,0.0,0.0,0.0,0.0,0.0,0.4228,False,False,False,False,13.32,0.3,15.46,False,1855.7,,,
300647,,0.2752,1.0,0.6606,0.2869,0.0,0.5841,0.2523,0.3,0.198,0.0,0.0,0.0,1.0,0.3978,False,False,False,False,6.21,1.97,6.54,False,2835.7,,,
300648,,0.0,1.0,0.6777,0.0486,0.0,0.7037,0.3814,0.3,0.1452,0.0,0.0,0.0,0.0,0.3945,False,False,False,False,47.65,2.83,50.49,False,6470.4,,专精特新/固态电池,
300649,,0.1725,0.0,0.1108,1.0,1.0,0.5467,0.3312,0.0,1.0,0.0,1.0,0.5,0.7,0.2861,False,False,True,False,27.15,9.08,21.51,True,2908.0,,碳中和,
300650,,0.0,0.7713,0.5125,0.0,0.0,0.3233,0.2088,0.0,0.0,0.0,1.0,0.0,0.0,0.5782,False,False,False,False,13.13,4.37,14.93,False,2236.6,,,
300651,,0.756,1.0,0.761,0.0,0.0,0.809,0.1945,0.0,0.0,0.0,0.0,0.0,0.0,0.5774,False,False,False,False,20.75,-0.81,26.26,False,2145.1,,,
300652,,0.0,1.0,0.7083,0.1376,0.0,0.8841,0.4539,0.0,0.0,0.0,0.0,0.0,1.0,0.4126,False,False,False,False,40.74,1.29,44.68,False,4891.2,,,
300653,,0.4613,1.0,0.8424,0.0,0.0,0.439,0.1126,0.0,0.0,0.0,0.0,0.0,0.0,0.5033,False,False,False,False,14.56,-1.69,17.12,False,2620.8,,专精特新,
300654,,0.8611,1.0,0.7192,0.0244,0.0,0.6369,0.217,0.6,0.0,0.0,0.0,0.0,1.0,0.5258,False,False,False,False,9.08,-1.94,10.41,False,3201.9,,,
300655,,0.0,0.9788,0.4427,0.328,0.3734,0.2392,0.4332,0.6,0.8108,0.0,1.0,0.5,1.0,0.4278,False,False,False,False,16.16,3.13,15.66,True,17240.9,,,
300656,,0.0,0.3521,0.0,1.0,1.0,0.0,0.4438,0.6,1.0,0.0,0.0,1.0,1.0,0.2741,False,False,False,False,40.04,6.89,30.07,True,5321.2,,,
300657,,0.0,1.0,0.728,1.0,1.0,0.4577,0.1779,0.3,1.0,0.0,0.0,0.5,0.7,0.3138,False,False,False,False,47.14,-2.86,40.08,True,22085.3,,,
300658,,0.0,1.0,0.7478,0.0,0.0,0.796,0.0806,0.3,0.0,0.0,0.0,0.5,0.0,0.5083,False,False,False,False,12.62,-0.55,16.16,False,2787.5,,,
300659,,0.0,1.0,0.7769,0.0,0.0,0.6025,0.2081,0.3,0.0,0.0,0.0,0.0,0.0,0.4901,False,False,False,False,10.57,1.05,12.2,False,2011.6,,国防军工,
300660,,0.2687,1.0,0.6523,0.0,0.0,0.5868,0.4135,1.0,0.0,0.0,1.0,0.0,1.0,0.6762,False,False,False,False,30.85,1.85,41.12,False,13783.1,,,
300661,,0.0,0.0,0.2473,1.0,1.0,0.5112,0.762,0.6,1.0,0.0,0.0,0.5,0.7,0.6352,False,False,False,False,127.5,9.13,99.4,True,76376.2,,专精特新/无线耳机,
300662,,0.0624,1.0,0.8336,0.0,0.0,0.5244,0.0799,0.3,0.0,0.0,0.0,0.0,0.0,0.5974,False,False,False,False,19.29,-1.73,22.65,False,3785.4,,,
300663,,0.0,1.0,0.7594,0.0,0.0,0.645,0.1539,0.0,0.0,0.0,0.0,0.0,0.0,0.4302,False,False,False,False,7.5,0.27,10.11,False,3447.4,,鸿蒙概念,
300664,,0.502,1.0,0.8344,0.0,0.0,0.9117,0.2885,0.3,0.0,0.0,0.0,0.0,1.0,0.4945,False,False,False,False,4.77,-1.24,5.31,False,3589.3,,,
300665,,0.7501,1.0,1.0,1.0,1.0,1.0,0.4877,0.9,0.9269,1.0,0.0,1.0,1.0,0.2297,True,False,False,False,9.8,0.0,9.43,True,2136.5,,专精特新,
300667,,0.0,1.0,0.6458,0.6511,0.8542,0.6684,0.3931,0.6,1.0,0.0,1.0,0.5,1.0,0.1565,False,False,True,False,19.38,2.98,18.56,True,3438.1,,专精特新/光伏/HIT电池,
300668,,0.0,1.0,0.4769,1.0,0.341,0.4995,0.3616,0.0,1.0,1.0,0.0,0.0,0.7,0.3228,False,False,False,False,57.86,1.33,53.54,True,5768.3,,,
300669,,0.0,1.0,0.7001,0.132,0.0,0.5678,0.2094,0.3,0.0895,0.0,0.0,0.5,1.0,0.4445,False,False,False,False,28.71,-1.41,30.63,False,5239.6,,专精特新,
300670,,0.3111,0.7849,0.549,0.3143,0.0,0.4686,0.1822,0.3,0.1246,0.0,0.0,0.0,1.0,0.4465,False,False,False,False,6.32,4.29,6.71,False,1420.1,,光伏,
300671,,0.0,1.0,0.7666,0.7156,1.0,0.4849,0.4232,0.3,1.0,0.0,0.0,0.5,1.0,0.2699,False,False,False,False,53.2,0.66,46.49,True,117.4,,专精特新,
300672,,0.0,0.9407,0.5912,1.0,1.0,0.5326,0.3619,0.0,1.0,0.0,0.0,0.0,0.7,0.2933,False,False,False,False,300.0,3.36,246.96,True,63101.3,,,
300673,,0.1497,1.0,0.6486,0.0,0.0,0.58,0.2159,0.6,0.0,0.0,0.0,0.0,0.0,0.4892,False,False,False,False,13.79,0.95,15.22,False,2212.4,,,
300674,,0.0,1.0,0.8658,0.0,0.0,0.5427,0.1445,0.3,0.0,0.0,0.0,0.5,0.0,0.3793,False,False,False,False,16.2,-1.16,18.41,False,11388.8,,,
300675,,0.2585,1.0,0.7401,0.0558,0.0,0.5869,0.1045,0.0,0.0,0.0,0.0,0.0,1.0,0.4087,False,False,False,False,13.33,-0.07,14.86,False,1955.1,,碳中和,
300676,,0.0,1.0,0.8547,0.0,0.0,0.7741,0.1735,0.6,0.0,0.0,0.0,0.0,0.0,0.414,False,False,False,False,33.99,-1.19,38.72,False,14141.4,,,
300677,,0.7487,0.0947,0.3287,0.1261,0.0,0.0223,0.1737,0.3,0.0,0.0,0.0,0.5,0.0,0.7719,False,False,False,False,41.92,-8.43,48.37,False,19518.5,,,
300678,,0.0,1.0,0.8398,0.0,0.0,0.6742,0.2379,0.0,0.0,0.0,0.0,0.0,0.0,0.5601,False,False,False,False,23.37,0.3,26.75,False,6822.4,,,
300680,,0.0,1.0,0.838,0.0,0.0,0.7626,0.21,0.9,0.0,0.0,0.0,0.0,0.0,0.5198,False,False,False,False,34.3,0.41,39.21,False,6031.2,,,
300681,,0.3105,1.0,0.7296,1.0,0.6338,0.7318,0.3359,0.3,0.993,1.0,1.0,0.0,0.7,0.2533,False,False,False,False,31.7,1.25,30.38,True,7315.3,,,
300682,,0.4146,1.0,0.8624,0.0,0.0,0.6129,0.2102,0.3,0.0,0.0,0.0,0.0,0.0,0.5266,False,False,False,False,11.62,-0.09,14.07,False,11984.0,,光伏,
300683,,0.1066,1.0,0.7872,0.0,0.0,0.8644,0.1036,0.3,0.0,0.0,0.0,0.0,0.0,0.576,False,False,False,False,24.94,0.77,30.56,False,3047.7,,CXO概念/CRO概念,
300684,,0.0,1.0,0.7476,0.5252,0.0,0.6482,0.402,0.3,0.8486,0.0,0.0,0.5,0.7,0.3609,False,False,False,False,57.8,1.3,56.76,True,11824.4,,,
300686,,0.0,0.9626,0.5243,0.6438,0.978,0.3489,0.469,0.9,1.0,0.0,0.0,0.5,0.7,0.2794,False,False,False,False,19.53,3.22,17.18,True,5056.5,,,
300687,,0.0,1.0,0.6494,0.7924,0.0,0.6556,0.3416,0.0,0.6793,1.0,1.0,0.0,1.0,0.2431,False,False,False,False,25.87,1.53,25.43,True,8457.2,,华为概念,
300688,,0.0,0.7,0.469,0.3209,1.0,0.0,0.3821,0.9,1.0,0.0,0.0,1.0,1.0,0.4029,False,False,False,False,30.13,4.8,26.46,True,4470.6,,,
300689,,0.0,0.8535,0.5131,0.6365,0.939,0.0344,0.6198,0.9,1.0,0.0,0.0,0.5,0.7,0.2741,False,False,False,False,61.59,3.88,53.25,True,62.3,,,
300690,,0.0,1.0,0.7893,0.0,0.0,0.7046,0.2024,0.0,0.0,0.0,0.0,0.0,0.0,0.5673,False,False,False,False,24.51,-0.69,27.5,False,2717.0,,,
300691,,0.0,1.0,0.7555,0.3735,0.0774,0.3747,0.3555,0.6,0.4919,0.0,0.0,0.5,1.0,0.3311,False,False,False,False,16.7,2.08,16.73,False,3686.3,,,
300692,,0.3421,1.0,0.8052,0.2397,0.0,0.7893,0.2088,0.3,0.0511,0.0,0.0,0.0,0.7,0.4161,False,False,False,False,7.7,-2.16,8.33,False,3950.9,,,
300694,,0.0,0.9634,0.4146,0.0,0.0,0.1749,0.1949,0.0,0.0377,0.0,0.0,0.0,1.0,0.5293,False,False,False,False,10.58,3.22,11.33,False,2293.8,,,
300695,,0.6379,1.0,0.8177,0.0,0.0,0.8719,0.259,0.6,0.0,0.0,0.0,0.0,0.0,0.4913,False,False,False,False,57.53,-0.43,66.93,False,5882.8,,,
300696,,0.0,1.0,0.7624,0.2431,0.0,0.5102,0.2973,0.3,0.8288,0.0,0.0,0.5,0.7,0.3699,False,False,False,False,33.11,1.72,32.72,True,9032.0,,大飞机/国防军工/军民融合,
300697,,0.0,1.0,0.8725,0.4579,0.5257,0.4086,0.4281,0.3,0.8192,0.0,0.0,0.0,1.0,0.3829,False,False,False,False,17.0,-1.51,16.51,True,5631.1,,,
300698,,0.103,1.0,0.8049,0.0215,0.0,0.8588,0.3394,0.6,0.0,0.0,0.0,0.0,1.0,0.4865,False,False,False,False,32.44,-0.06,36.25,False,3888.9,,,
300699,,0.0,1.0,0.7944,0.0,0.0,0.5996,0.3309,0.0,0.0,0.0,0.0,0.0,0.0,0.4215,False,False,False,False,29.05,0.66,32.42,False,23862.0,,国防军工,
300700,,0.0,1.0,0.7849,1.0,1.0,0.5234,0.56,0.0,1.0,0.0,0.0,1.0,0.7,0.2362,False,False,False,False,22.35,-1.19,18.55,True,6259.2,,,
300701,,0.0,1.0,0.7274,0.0,0.0,0.7135,0.3335,0.3,0.0,0.0,0.0,0.0,1.0,0.4428,False,False,False,False,10.32,0.49,11.43,False,2588.7,,,
300702,,0.0,1.0,0.6974,0.0,0.0,0.5556,0.3644,0.6,0.0,0.0,0.0,0.5,0.0,0.3341,False,False,False,False,19.17,0.0,20.6,False,4033.6,,,
300703,,0.7174,1.0,0.8154,0.0,0.0,0.7739,0.2282,0.3,0.0,0.0,0.0,0.0,0.0,0.5147,False,False,False,False,14.82,0.07,18.04,False,2464.2,,,
300705,,0.7984,1.0,0.8344,0.0,0.0,0.4956,0.1787,0.3,0.0,0.0,0.0,0.0,0.0,0.5748,False,False,False,False,10.29,-1.72,12.39,False,3795.9,,,
300706,,0.0,0.4926,0.0,1.0,1.0,0.0,0.5868,0.3,1.0,0.0,0.0,1.0,1.0,0.178,False,False,False,False,80.7,6.04,49.95,True,91.7,,专精特新,
300707,,0.0,1.0,0.694,0.0,0.0,0.3776,0.1324,0.0,0.0,0.0,0.0,0.0,0.0,0.4582,False,False,False,False,12.57,1.21,14.31,False,1832.8,,,
300708,,0.2934,1.0,0.8004,0.1382,0.0,0.7661,0.4527,0.3,0.0,0.0,1.0,0.0,0.0,0.4311,False,False,False,False,8.36,0.12,9.18,False,5994.3,,,
300709,,0.0,0.0,0.0,0.9583,1.0,0.0,0.6178,0.0,1.0,0.0,0.0,1.0,1.0,0.5635,False,False,False,False,60.1,16.72,46.33,True,8971.9,,,
300710,,0.9302,1.0,0.7256,1.0,1.0,0.7303,0.513,0.3,0.8819,1.0,0.0,0.0,1.0,0.3382,True,False,False,False,36.25,-1.2,35.79,True,2703.5,,,
300711,,0.1913,1.0,0.7889,0.0,0.0,0.7076,0.2326,0.3,0.0,0.0,0.0,0.0,0.0,0.502,False,False,False,False,18.06,0.33,21.14,False,4486.6,,国防军工,
300712,,0.0,0.6739,0.3997,0.0,0.0,0.0097,0.1635,0.0,0.0,0.0,0.0,0.0,0.0,0.4558,False,False,False,False,23.08,4.96,24.83,False,4309.9,,光伏,
300713,,0.0,0.972,0.5776,0.0,0.0,0.3665,0.1303,0.0,0.0,0.0,0.0,0.0,1.0,0.4843,False,False,False,False,14.33,3.17,16.22,False,1281.2,,,
300715,,1.0,1.0,0.6445,1.0,1.0,0.5144,0.3648,0.6,0.9605,1.0,0.0,0.5,0.7,0.4134,True,False,False,False,19.06,-0.37,18.68,True,6145.7,,专精特新,
300716,,0.0,1.0,0.5673,1.0,1.0,0.6717,0.6509,0.3,1.0,0.0,0.0,1.0,0.7,0.224,False,False,False,False,18.66,2.64,15.58,True,2986.0,,碳中和/光伏,
300718,,0.6627,1.0,0.8083,0.4049,0.0,0.7351,0.4423,0.6,0.0,0.0,1.0,0.0,1.0,0.4515,False,False,False,False,67.94,-0.32,74.42,False,13360.9,,,
300719,,0.0,1.0,0.659,0.0,0.0,0.0,0.1534,0.3,0.0,0.0,0.0,0.5,0.0,0.3662,False,False,False,False,13.25,-1.78,14.37,False,23.8,,大飞机/国防军工,
300720,,0.0,0.1037,0.3234,1.0,1.0,0.3249,0.5552,0.3,1.0,0.0,0.0,1.0,0.7,0.3165,False,False,False,False,79.56,8.38,65.01,True,14650.6,,,
300721,,0.4589,0.8855,0.1396,1.0,1.0,0.3907,0.2718,0.3,1.0,1.0,1.0,0.5,0.7,0.3448,False,False,False,False,30.37,3.69,25.87,True,4201.7,,,
300722,,0.0,1.0,0.8224,0.0,0.0,0.281,0.2698,0.9,0.0,0.0,0.0,0.5,0.0,0.3738,False,False,False,False,24.32,-1.86,26.91,False,67.3,,大飞机/国防军工,
300723,,0.6614,0.5218,0.5312,0.5474,0.0,0.6095,0.207,0.6,0.0,0.0,0.0,0.0,0.7,0.6446,False,False,False,False,33.2,-5.87,37.43,False,13917.1,,,
300724,,0.0,1.0,0.7542,0.0,0.0,0.6834,0.2064,0.0,0.0,0.0,0.0,0.0,0.0,0.5028,False,False,False,False,73.67,1.73,89.33,False,21391.6,,光伏/HIT电池/光伏概念,
300725,,0.1194,1.0,0.8733,0.0,0.0,0.7863,0.1573,0.3,0.0,0.0,0.0,0.0,1.0,0.4993,False,False,False,False,32.08,-0.06,36.05,False,6503.3,,CXO概念/CRO概念,
300726,,0.0,0.0,0.2533,1.0,1.0,0.0,0.4595,0.6,1.0,0.0,1.0,0.5,1.0,0.396,False,False,False,False,80.96,11.81,59.5,True,17360.9,,大飞机/国防军工,
300727,,0.0,0.4045,0.493,0.3402,0.0,0.3506,0.4724,0.3,0.6155,0.0,1.0,0.5,1.0,0.4606,False,False,False,False,34.05,6.57,33.7,True,5520.1,,,
300729,,0.0,1.0,0.8289,0.0,0.0,0.7719,0.137,0.3,0.0,0.0,0.0,0.0,0.0,0.5238,False,False,False,False,10.54,0.19,11.9,False,3466.8,,,
300730,,0.5168,1.0,0.6296,0.5614,0.0,0.7155,0.2451,0.3,0.0,0.0,0.0,0.0,0.7,0.4958,False,False,False,False,13.16,0.15,14.37,False,27.2,,,
300731,,0.0,1.0,0.8099,0.1062,0.0,0.4744,0.3094,0.0,0.0,0.0,0.0,0.0,0.7,0.5728,False,False,False,False,60.2,1.55,69.68,False,7234.8,,,
300732,,0.4335,1.0,0.7993,0.118,0.0,0.7866,0.0975,0.0,0.0,0.0,0.0,0.0,1.0,0.3206,False,False,False,False,6.31,0.0,7.03,False,2336.3,,,
300733,,0.0,1.0,0.5758,0.0,0.0,0.3496,0.3558,0.3,0.0,0.0,0.0,0.5,0.7,0.4701,False,False,False,False,14.8,2.35,16.81,False,3337.6,,,
300735,,0.0,0.7516,0.4955,0.1438,0.0,0.3823,0.3297,0.3,0.0802,0.0,0.0,0.0,0.0,0.4116,False,False,False,False,20.71,4.49,21.82,False,15686.1,,华为概念,
300736,,0.0,0.8928,0.5477,1.0,0.0,0.6554,0.2862,0.3,1.0,0.0,0.0,0.5,0.7,0.2695,False,False,False,False,33.0,3.64,29.71,True,4121.3,,华为概念,
300737,,0.4404,1.0,0.2825,0.8395,0.0,0.1504,0.4815,0.6,0.4349,0.0,0.0,0.0,1.0,0.313,False,False,False,False,6.8,1.64,7.11,False,6030.9,,,
300738,,0.0,1.0,0.822,0.0,0.0,0.7975,0.1244,0.3,0.0,0.0,1.0,0.0,0.7,0.4944,False,False,False,False,20.1,-0.64,22.6,False,19796.1,,光伏,
300739,,0.0,1.0,0.6965,0.8885,0.0833,0.5187,0.5143,0.6,1.0,0.0,0.0,0.0,0.7,0.2814,False,False,False,False,30.51,2.9,28.92,True,9243.8,,,
300740,,0.2567,1.0,0.7912,0.4923,0.0,0.6133,0.262,0.0,0.2275,0.0,1.0,0.0,0.7,0.443,False,False,False,False,22.28,1.13,23.73,False,8049.8,,,
300741,,0.0,1.0,0.881,0.0,0.0,0.707,0.1339,0.0,0.0,0.0,0.0,0.5,0.0,0.4948,False,False,False,False,14.33,-1.65,15.52,False,8825.5,,,
300743,,0.0023,1.0,0.789,0.0184,0.0,0.6613,0.1687,0.0,0.0,0.0,0.0,0.0,1.0,0.414,False,False,False,False,16.44,0.06,18.11,False,2094.6,,专精特新,
300745,,0.1621,0.9404,0.5257,1.0,1.0,0.7298,0.4497,0.3,1.0,1.0,1.0,0.0,0.7,0.201,False,False,False,False,44.02,3.36,39.66,True,6260.9,,,
300746,,0.0,1.0,0.8383,0.0,0.0,0.8291,0.2617,0.3,0.0,0.0,0.0,0.0,0.0,0.3652,False,False,False,False,11.11,-0.18,12.14,False,2483.6,,,
300747,,0.0,0.2891,0.1932,1.0,1.0,0.2744,0.4634,0.3,1.0,0.0,0.0,1.0,0.7,0.2507,False,False,False,False,55.66,7.27,39.76,True,29053.3,,,
300748,,0.0,0.5873,0.3675,0.1392,0.0,0.1155,0.4062,0.6,0.6911,0.0,0.0,0.5,1.0,0.4211,False,False,False,False,33.13,5.48,32.61,True,37499.4,,,
300749,,0.0,0.7149,0.4096,0.0131,0.0,0.4365,0.2971,0.0,0.4216,0.0,1.0,0.0,0.0,0.2707,False,False,False,False,22.23,4.71,23.4,False,3498.9,,,
300750,,0.0,1.0,0.8238,0.5213,0.0,0.526,0.1234,0.0,0.6329,0.0,0.0,0.0,0.7,0.3452,False,False,False,False,403.53,1.36,405.96,False,17176.9,,钠电池/固态电池,
300751,,0.0,0.9614,0.4201,0.0773,0.0,0.4584,0.2633,0.0,0.1166,0.0,0.0,0.0,1.0,0.3644,False,False,False,False,220.4,3.23,241.74,False,42504.0,,光伏/HIT电池/光伏概念,
300752,,0.1902,0.8348,0.3775,0.0,0.0,0.1992,0.2324,0.3,0.0,0.0,1.0,0.0,1.0,0.6518,False,False,False,False,13.81,3.99,17.16,False,2172.1,,,
300753,,0.0,1.0,0.7675,0.0,0.0,0.6669,0.1254,0.0,0.0,0.0,0.0,0.0,0.0,0.4733,False,False,False,False,20.9,-0.14,25.31,False,1851.0,,专精特新,
300755,,0.4235,1.0,0.7888,0.7326,0.8052,0.7179,0.3622,0.6,0.4289,0.0,0.0,0.0,1.0,0.299,False,False,False,False,15.19,-1.81,15.29,False,6327.9,,白酒概念,
300756,,0.0,0.0,0.0,0.0,0.0,0.0,0.3661,0.3,0.0,0.0,1.0,0.0,0.0,0.5095,False,False,False,False,34.68,12.27,41.34,False,4755.9,,,
300757,,0.0,1.0,0.6704,1.0,1.0,0.5603,0.3016,0.0,1.0,0.0,0.0,0.5,0.7,0.3369,False,False,False,False,650.0,2.1,551.6,True,99440.3,,光伏/HIT电池/光伏概念,
300758,,0.0,1.0,0.6656,0.0,0.0,0.7686,0.4613,0.3,0.0064,0.0,0.0,0.5,0.0,0.4167,False,False,False,False,12.63,-1.02,13.56,False,4543.5,,专精特新,
300759,,0.0,1.0,0.8724,0.0,0.0,0.6038,0.1844,0.3,0.0,0.0,0.0,0.0,0.0,0.4666,False,False,False,False,21.99,-2.14,25.85,False,31226.5,,CXO概念/CRO概念,
300760,,0.0,1.0,0.8353,0.0,0.0,0.6749,0.172,0.3,0.0,0.0,0.0,0.5,0.0,0.3234,False,False,False,False,142.9,-2.46,157.74,False,173106.3,,,
300761,,0.5155,1.0,0.7437,0.0529,0.0,0.6564,0.1883,0.3,0.0,0.0,0.0,0.0,0.0,0.4012,False,False,False,False,17.74,-2.58,19.95,False,11320.6,,,
300762,,0.3526,1.0,0.5866,0.11,0.0,0.6438,0.1693,0.3,0.1559,0.0,0.0,0.5,1.0,0.3468,False,False,False,False,35.2,-2.55,38.35,False,22104.4,,专精特新,
300763,,0.5188,0.38,0.2683,0.7028,0.0,0.3784,0.2699,0.3,0.2036,0.0,1.0,0.0,0.7,0.4335,False,False,False,False,93.06,6.72,99.25,False,29927.5,,光伏/光伏概念,
300765,,0.0,0.8398,0.7224,0.0,0.0,0.3926,0.1187,0.0,0.0,0.0,0.0,0.0,0.0,0.6105,False,False,False,False,23.76,-3.96,28.71,False,33373.1,,,
300766,,0.0,1.0,0.6004,0.0,0.0,0.6279,0.2512,0.0,0.0,0.0,0.0,0.0,0.0,0.5261,False,False,False,False,24.91,2.98,29.64,False,89.2,,,
300767,,0.0,0.0,0.2235,0.1595,0.0,0.0051,0.1581,0.3,0.9247,0.0,0.0,0.5,0.7,0.4828,False,False,False,False,21.52,9.46,20.69,True,5162.5,,,
300768,,0.0236,1.0,0.8254,0.0219,0.0,0.5979,0.2201,0.0,0.0,0.0,1.0,0.0,1.0,0.3645,False,False,False,False,14.66,1.03,16.43,False,6167.0,,,
300769,,0.0,0.611,0.5115,1.0,0.5363,0.2138,0.2638,0.3,1.0,0.0,0.0,0.5,0.7,0.3471,False,False,False,False,68.72,5.33,60.91,True,17307.9,,专精特新,
300772,,0.0982,1.0,0.7488,0.0,0.0,0.5795,0.1519,0.0,0.0,0.0,0.0,0.0,0.0,0.5592,False,False,False,False,12.78,0.31,15.64,False,8917.7,,,
300773,,0.0,1.0,0.8203,0.0815,0.0,0.6836,0.2926,0.0,0.3464,0.0,0.0,0.0,1.0,0.4454,False,False,False,False,24.28,0.71,25.03,False,17839.0,,,
300774,,0.0,1.0,0.7324,0.0,0.0,0.5317,0.1754,0.3,0.0,0.0,0.0,0.5,0.0,0.6172,False,False,False,False,13.63,-2.29,15.73,False,2656.2,,,
300775,,0.0,1.0,0.7761,0.0,0.0,0.6511,0.1511,0.0,0.0,0.0,0.0,0.0,0.0,0.5282,False,False,False,False,23.06,-0.69,28.72,False,12259.6,,专精特新,
300776,,0.262,0.1384,0.3264,1.0,1.0,0.5501,0.414,0.0,1.0,0.0,1.0,0.5,0.7,0.2443,False,False,False,False,157.16,8.17,130.39,True,26416.2,,光伏/HIT电池/光伏概念,
300777,,0.1845,1.0,0.7899,0.0,0.0,0.6269,0.1782,0.0,0.0,0.0,0.0,0.0,1.0,0.5807,False,False,False,False,28.79,-1.37,35.01,False,121.6,,专精特新,
300778,,0.5833,1.0,0.7431,0.0,0.0,0.7703,0.2237,0.6,0.0,0.0,0.0,0.0,1.0,0.5498,False,False,False,False,10.27,1.48,12.35,False,2091.0,,,
300779,,0.7509,0.0,0.0128,0.0,0.0,0.0,0.3434,0.6,0.0,0.0,1.0,0.0,0.0,0.8088,False,False,False,False,60.8,11.85,80.93,False,9783.6,,,
300780,,0.0,0.0,0.0,0.8051,0.4367,0.727,0.422,0.3,1.0,0.0,1.0,0.5,1.0,0.4415,False,False,False,False,32.32,20.01,26.96,True,3482.6,,专精特新,
300781,,0.0,1.0,0.8321,0.0,0.0,0.8126,0.1655,0.0,0.0,0.0,0.0,0.0,0.0,0.5769,False,False,False,False,28.96,-0.07,33.57,False,3508.3,,,
300782,,0.0,1.0,0.7503,0.6817,0.0,0.7207,0.2829,0.0,0.3896,0.0,0.0,0.0,0.7,0.2926,False,False,False,False,97.71,1.09,102.04,False,438.0,,,
300783,,0.3923,1.0,0.8472,0.0145,0.0,0.7748,0.3265,0.3,0.0,0.0,0.0,0.0,1.0,0.4138,False,False,False,False,17.07,-2.18,18.77,False,4784.4,,专精特新,
300784,,0.0,1.0,0.6712,0.0029,0.0,0.2839,0.2052,0.6,0.1504,0.0,0.0,0.5,1.0,0.3472,False,False,False,False,45.77,-0.54,48.28,False,774.8,,,
300785,,0.0127,1.0,0.7408,0.0,0.0,0.8032,0.1782,0.0,0.0,0.0,0.0,0.0,0.0,0.5927,False,False,False,False,40.08,0.53,47.56,False,5215.0,,,
300786,,0.0,1.0,0.7087,1.0,1.0,0.314,0.7558,0.0,1.0,0.0,0.0,1.0,1.0,0.3785,False,False,False,False,21.93,1.95,17.86,True,3217.3,,专精特新,
300787,,0.0,0.8107,0.5829,0.0,0.0,0.3593,0.1865,0.0,0.0,0.0,0.0,0.0,0.0,0.4659,False,False,False,False,9.82,4.14,10.54,False,1930.0,,无线耳机,
300788,,0.0,1.0,0.8152,0.0,0.0,0.9299,0.0911,0.0,0.0,0.0,0.0,0.0,1.0,0.5864,False,False,False,False,25.18,-0.28,29.31,False,4788.0,,,
300789,,0.3724,1.0,0.7212,0.1961,0.0,0.5101,0.2884,0.0,0.0,0.0,1.0,0.0,1.0,0.4734,False,False,False,False,19.39,1.36,21.65,False,2706.4,,,
300791,,0.0,1.0,0.8015,0.0,0.0,0.7524,0.2317,0.3,0.0,0.0,0.0,0.0,0.0,0.4451,False,False,False,False,16.78,-2.04,18.71,False,4319.6,,,
300792,,0.4615,1.0,0.6974,0.0,0.0,0.7106,0.1369,0.3,0.0,0.0,0.0,0.0,0.0,0.5357,False,False,False,False,29.77,-0.63,33.96,False,6354.9,,,
300793,,0.1424,1.0,0.7631,0.0,0.0,0.5414,0.2572,0.0,0.0,0.0,0.0,0.0,0.0,0.5121,False,False,False,False,12.46,0.65,14.02,False,4636.2,,无线耳机,
300795,,0.0029,1.0,0.7674,0.0,0.0,0.8153,0.0889,0.0,0.0,0.0,0.0,0.0,0.0,0.4902,False,False,False,False,9.33,-1.37,10.77,False,1623.3,,,
300796,,0.5547,1.0,0.8283,0.0,0.0,0.7127,0.0634,0.3,0.0,0.0,0.0,0.0,0.0,0.3896,False,False,False,False,7.0,0.14,8.11,False,2528.0,,,
300797,,0.0,1.0,0.735,0.0,0.0,0.4134,0.2464,0.3,0.2125,0.0,0.0,0.5,0.0,0.4333,False,False,False,False,14.24,1.06,14.91,False,5389.7,,大飞机,
300798,,0.0,1.0,0.7305,0.0,0.0,0.7971,0.1795,0.0,0.0,0.0,0.0,0.0,0.0,0.6505,False,False,False,False,7.51,1.21,8.74,False,30.5,,,
300800,,0.394,1.0,0.7835,0.0,0.0,0.5689,0.1148,0.0,0.0,0.0,0.0,0.0,1.0,0.4464,False,False,False,False,10.14,-0.2,11.43,False,2376.6,,碳中和/专精特新,
300801,,0.0,1.0,0.746,0.1463,0.0,0.7429,0.3347,0.0,0.5257,0.0,0.0,0.5,1.0,0.3965,False,False,False,False,27.46,1.59,27.74,False,3764.5,,,
300802,,0.0,1.0,0.7176,1.0,1.0,0.1041,0.7798,0.6,1.0,0.0,1.0,1.0,1.0,0.219,False,False,False,False,25.4,1.52,22.06,True,49.5,,,
300803,,0.0,0.9099,0.4757,0.0,0.0,0.0246,0.3011,0.9,0.3748,0.0,0.0,0.5,0.0,0.4062,False,False,False,False,96.5,3.54,97.36,False,58415.2,,,
300804,,0.1548,1.0,0.778,0.0,0.0,0.8798,0.1918,0.3,0.0,0.0,0.0,0.5,0.0,0.4666,False,False,False,False,37.21,-0.85,41.97,False,1023.3,,,
300805,,0.0,1.0,0.7942,0.0,0.0,0.7365,0.1027,0.0,0.0,0.0,0.0,0.0,0.0,0.3885,False,False,False,False,8.11,0.12,9.58,False,2338.5,,,
300806,,0.0,0.0,0.0,1.0,1.0,0.116,0.3927,0.0,1.0,0.0,1.0,1.0,0.7,0.4112,False,False,False,False,97.0,9.8,73.13,True,31700.1,,专精特新,
300807,,0.2249,1.0,0.7412,0.0,0.0,0.5752,0.0747,0.0,0.0,0.0,0.0,0.0,1.0,0.6024,False,False,False,False,40.27,-1.68,47.81,False,2091.6,,,
300808,,0.1168,1.0,0.7383,0.0,0.0,0.6073,0.1489,0.0,0.0,0.0,0.0,0.0,0.0,0.3856,False,False,False,False,23.34,-2.55,25.58,False,2775.1,,,
300809,,0.6297,0.9574,0.385,0.511,0.0,0.6142,0.4993,0.9,0.0,0.0,1.0,0.0,1.0,0.5709,False,False,False,False,32.35,3.26,35.71,False,4870.9,,专精特新,
300810,,0.0,1.0,0.7144,0.0,0.0,0.6942,0.2494,0.3,0.0,0.0,0.0,0.0,0.0,0.5109,False,False,False,False,26.77,1.48,30.42,False,3051.9,,专精特新,
300811,,0.0,0.8403,0.6216,0.752,0.0,0.2787,0.3541,0.3,1.0,0.0,1.0,0.0,0.7,0.3443,False,False,False,False,95.6,3.96,90.3,True,22724.5,,专精特新/光伏概念,
300812,,0.0,1.0,0.7676,0.0,0.0,0.6248,0.4703,0.3,0.0,0.0,1.0,0.0,1.0,0.5855,False,False,False,False,28.27,-0.46,35.04,False,2709.1,,专精特新,
300813,,0.0667,1.0,0.805,0.0,0.0,0.6651,0.0905,0.0,0.0,0.0,0.0,0.0,0.0,0.5148,False,False,False,False,19.92,0.45,23.36,False,1514.9,,,
300814,,0.0,1.0,0.6541,1.0,1.0,0.3854,0.9679,0.0,1.0,0.0,0.0,1.0,0.7,0.2027,False,False,False,False,181.37,-1.99,132.02,True,34719.7,,,
300815,,0.0,1.0,0.7384,0.0413,0.0,0.6134,0.2537,0.3,0.0,0.0,0.0,0.0,0.0,0.4381,False,False,False,False,18.88,-1.2,20.87,False,7404.0,,,
300816,,0.0,1.0,0.6376,1.0,0.6623,0.7675,0.3645,0.3,1.0,1.0,1.0,0.0,0.7,0.3427,False,False,False,False,83.89,0.88,81.43,True,47.5,,专精特新,
300817,,0.5114,1.0,0.7714,0.2733,0.0,0.7028,0.2173,0.0,0.1195,0.0,1.0,0.0,1.0,0.3473,False,False,False,False,18.2,0.66,19.34,False,22.8,,,
300819,,0.0,0.5652,0.4779,1.0,0.1759,0.4882,0.2463,0.0,1.0,0.0,1.0,0.5,0.7,0.3539,False,False,False,False,71.74,5.61,62.9,True,9667.8,,,
300820,,0.0,0.4616,0.4193,1.0,1.0,0.4972,0.7393,0.3,1.0,0.0,0.0,0.5,1.0,0.3359,False,False,False,False,71.1,6.23,59.99,True,7947.5,,专精特新/光伏,
300822,,0.1636,1.0,0.4737,0.1516,0.0,0.3151,0.1625,0.3,0.0,0.0,0.0,0.0,1.0,0.4745,False,False,False,False,13.26,2.63,14.38,False,3831.9,,,
300823,,0.0,1.0,0.6262,0.3501,0.0,0.5021,0.1688,0.0,0.2977,0.0,0.0,0.0,1.0,0.4488,False,False,False,False,16.35,1.87,17.15,False,1386.3,,专精特新,
300824,,0.3084,1.0,0.8356,0.0,0.0,0.719,0.1442,0.0,0.0,0.0,0.0,0.0,0.0,0.4751,False,False,False,False,8.07,-0.49,9.22,False,2574.1,,,
300825,,0.0,0.4602,0.0826,1.0,1.0,0.0,1.0,0.0,1.0,0.0,0.0,1.0,1.0,0.2733,False,False,False,False,17.37,6.24,12.44,True,8415.6,,,
300826,,0.7955,1.0,0.6254,0.4982,0.0,0.1066,0.386,1.0,0.0,0.0,0.0,0.0,1.0,0.4453,False,False,False,False,14.71,-1.61,16.74,False,2495.7,,碳中和,
300828,,0.0,0.0,0.1716,0.1089,0.0,0.2728,0.3617,0.3,0.8663,0.0,0.0,0.0,1.0,0.3875,False,False,False,False,20.85,11.68,20.42,True,1759.1,,,
300829,,0.5981,1.0,0.7788,0.1835,0.0,0.706,0.2961,0.6,0.0,0.0,0.0,0.0,0.0,0.5136,False,False,False,False,15.64,-2.07,18.07,False,24.5,,,
300830,,0.0,1.0,0.7683,0.0,0.0,0.7742,0.2964,0.0,0.0,0.0,0.0,0.0,0.0,0.4125,False,False,False,False,8.97,0.56,10.28,False,3023.7,,,
300831,,0.2672,1.0,0.5183,1.0,0.0,0.7759,0.7218,0.3,0.3433,0.0,1.0,0.0,0.7,0.3318,False,False,False,False,18.65,2.87,19.61,False,3440.6,,,
300832,,0.0,1.0,0.8855,0.04,0.0,0.7438,0.2819,0.3,0.0,0.0,0.0,0.0,0.0,0.3875,False,False,False,False,43.17,-1.12,47.33,False,29490.4,,,
300833,,0.0,1.0,0.7534,0.0929,0.0,0.7653,0.2719,0.0,0.0631,0.0,1.0,0.0,1.0,0.4021,False,False,False,False,33.38,-0.42,35.73,False,2712.4,,专精特新,
300834,,0.0,1.0,0.6145,1.0,1.0,0.8189,0.5167,0.0,1.0,0.0,0.0,0.0,0.7,0.2716,False,False,False,False,47.26,-0.63,42.36,True,9073.8,,,
300835,,0.0,1.0,0.6663,1.0,1.0,0.6315,0.4521,0.3,1.0,0.0,1.0,0.5,0.7,0.1834,False,False,False,False,200.95,2.01,144.03,True,16707.8,,专精特新,
300836,,0.0,0.533,0.5221,0.9652,0.8901,0.5126,0.4859,0.6,1.0,0.0,1.0,0.0,1.0,0.3437,False,False,False,False,75.86,5.8,67.54,True,4813.5,,,
300837,,0.0,1.0,0.5936,0.0,0.0,0.5242,0.1854,0.0,0.0,0.0,0.0,0.0,0.0,0.5588,False,False,False,False,27.65,1.54,32.4,False,2090.1,,,
300838,,0.1201,0.4108,0.3582,0.3929,0.0,0.4542,0.2492,0.0,0.0,0.0,0.0,0.0,1.0,0.4735,False,False,False,False,15.16,6.54,16.76,False,1543.4,,专精特新,
300839,,0.0,1.0,0.6866,0.6674,0.0,0.6678,0.2679,0.6,0.4506,0.0,0.0,0.0,0.7,0.3507,False,False,False,False,15.04,2.45,15.55,False,4361.8,,专精特新,
300840,,0.0,1.0,0.6711,0.8111,0.0,0.8706,0.5417,0.3,0.6277,0.0,1.0,0.0,0.7,0.2509,False,False,False,False,21.53,2.13,21.62,False,3821.9,,,
300841,,0.0,1.0,0.6903,0.0,0.0,0.4282,0.1543,0.3,0.0,0.0,0.0,0.5,0.0,0.5941,False,False,False,False,46.25,0.87,52.99,False,5622.3,,,
300842,,0.0658,1.0,0.6752,0.1407,0.0,0.7279,0.1851,0.0,0.1327,0.0,1.0,0.0,1.0,0.3069,False,False,False,False,80.02,2.34,86.83,False,10332.3,,专精特新/光伏/HIT电池,
300843,,0.0,0.0,0.0,1.0,1.0,0.2737,0.4222,0.3,1.0,0.0,0.0,0.5,0.7,0.4352,False,False,False,False,117.62,20.0,82.54,True,18878.2,,,
300844,,0.6172,1.0,0.6887,0.0,0.0,0.3072,0.1345,0.3,0.0,0.0,0.0,0.0,0.0,0.5678,False,False,False,False,24.93,1.22,30.79,False,2240.0,,,
300845,,0.8478,1.0,0.5929,0.8941,0.1335,0.5729,0.2783,0.3,0.3548,0.0,0.0,0.0,0.7,0.416,False,False,False,False,13.17,0.53,13.86,False,1954.0,,,
300846,,0.0,1.0,0.8457,0.0,0.0,0.8022,0.1627,0.3,0.0,0.0,0.0,0.0,0.0,0.5513,False,False,False,False,22.63,0.71,26.3,False,9387.3,,专精特新,
300847,,0.1946,1.0,0.9111,0.0172,0.0,0.8202,0.2825,0.3,0.0,0.0,0.0,0.0,0.0,0.3573,False,False,False,False,14.19,-0.42,15.37,False,4200.4,,,
300849,,0.7147,1.0,0.82,0.9189,0.5354,0.8163,0.2451,0.9,0.9025,1.0,0.0,0.5,0.7,0.2145,True,False,False,False,22.89,-0.3,22.66,True,2524.1,,,
300850,,0.0,1.0,0.7355,0.0,0.0,0.6187,0.0681,0.0,0.0,0.0,0.0,0.0,0.0,0.5314,False,False,False,False,29.45,-0.14,36.17,False,9058.4,,,
300851,,0.4266,1.0,0.8109,0.0897,0.0,0.7367,0.1494,0.3,0.0,0.0,0.0,0.0,1.0,0.5753,False,False,False,False,24.32,-1.46,28.02,False,1378.1,,,
300852,,0.0,1.0,0.7875,0.972,1.0,0.4042,0.5144,0.3,1.0,0.0,0.0,1.0,1.0,0.3502,False,False,False,False,59.58,1.03,49.81,True,9232.3,,,
300853,,0.7963,0.4686,0.4212,1.0,1.0,0.0569,0.3023,0.0,0.532,0.0,0.0,0.0,0.7,0.5974,False,False,False,False,30.47,-6.19,31.74,False,2995.6,,专精特新,
300854,,0.2484,0.9984,0.6729,1.0,0.0,0.5861,0.4048,0.0,0.323,0.0,0.0,0.5,0.7,0.4113,False,False,False,False,29.65,-3.01,31.41,False,2413.3,,碳中和,
300855,,0.0,1.0,0.8242,0.0,0.0,0.7067,0.2016,0.3,0.0,0.0,0.0,0.0,0.0,0.4925,False,False,False,False,32.48,-0.43,36.49,False,95.2,,大飞机/专精特新,
300856,,0.0,1.0,0.783,0.0948,0.0,0.6189,0.2568,0.3,0.0648,0.0,0.0,0.5,1.0,0.4278,False,False,False,False,12.04,0.5,12.83,False,5535.2,,,
300857,,0.0,1.0,0.7331,1.0,0.0,0.4804,0.1424,0.0,1.0,1.0,0.0,0.0,0.7,0.3473,False,False,False,False,237.5,-1.45,225.03,True,114490.7,,,
300858,,0.0,1.0,0.8076,0.0,0.0,0.9661,0.0946,0.0,0.0,0.0,0.0,0.0,0.0,0.4495,False,False,False,False,15.28,-1.99,17.04,False,29.9,,,
300859,,0.5305,0.8404,0.7406,0.0462,0.3989,0.3465,0.3575,0.3,0.0,0.0,0.0,1.0,0.0,0.3416,False,False,False,False,28.88,-3.96,30.96,False,4476.4,,,
300860,,0.0,1.0,0.778,0.5039,0.8209,0.6364,0.4386,0.6,0.6255,0.0,0.0,1.0,1.0,0.3507,False,False,False,False,26.03,0.77,25.72,True,2848.1,,,
300861,,0.0,0.9343,0.6116,0.7458,0.4887,0.5246,0.3582,0.0,1.0,0.0,0.0,0.5,1.0,0.3133,False,False,False,False,20.41,3.39,18.8,True,8610.3,,光伏,
300862,,0.0,1.0,0.7273,0.3056,0.0,0.7318,0.2962,0.3,0.2591,0.0,1.0,0.0,1.0,0.3374,False,False,False,False,22.44,2.0,23.43,False,3409.1,,碳中和/专精特新,
300863,,0.0,1.0,0.595,1.0,0.9679,0.4824,0.6325,0.0,1.0,0.0,1.0,0.0,1.0,0.2601,False,False,False,False,71.78,-2.22,65.83,True,12979.9,,,
300864,,0.2705,1.0,0.7181,0.5793,0.0256,0.7777,0.2005,0.3,0.3925,0.0,0.0,0.0,1.0,0.4403,False,False,False,False,21.48,-0.19,22.23,False,3391.9,,碳中和,
300865,,0.0,1.0,0.8138,0.1338,0.0,0.7578,0.1973,0.0,0.0,0.0,0.0,0.0,1.0,0.4373,False,False,False,False,25.63,-0.58,27.78,False,1592.7,,,
300866,,0.0,1.0,0.6567,0.5163,0.0,0.549,0.2094,0.0,0.4099,0.0,0.0,0.5,0.7,0.3327,False,False,False,False,113.8,-2.32,116.55,False,34996.2,,,
300867,,0.0,1.0,0.8328,0.4612,0.0,0.7567,0.3646,0.0,0.4355,0.0,0.0,0.0,0.7,0.3172,False,False,False,False,20.34,-1.88,20.8,False,3897.7,,光伏,
300868,,0.0,0.0,0.0837,1.0,1.0,0.4821,0.3627,0.3,1.0,0.0,0.0,1.0,0.7,0.2912,False,False,False,False,141.59,9.34,92.79,True,11436.5,,,
300869,,0.0,1.0,0.8708,0.0,0.0,0.751,0.1796,0.3,0.0,0.0,0.0,0.0,0.0,0.4211,False,False,False,False,10.84,0.0,12.3,False,2863.3,,,
300870,,0.0,0.0,0.0,0.3027,0.0,0.0,0.3352,0.0,1.0,0.0,0.0,0.5,0.7,0.581,False,False,False,False,373.0,16.12,313.12,True,40664.0,,,
300871,,0.0,1.0,0.7549,0.0,0.0,0.5353,0.2411,0.3,0.4699,0.0,0.0,0.5,1.0,0.3071,False,False,False,False,22.86,0.04,23.29,False,4612.8,,,
300872,,0.0,0.738,0.5357,0.6665,0.6198,0.4781,0.6431,0.9,0.8652,0.0,0.0,0.0,1.0,0.36,False,False,False,False,19.67,4.57,18.68,True,83.0,,,
300873,,0.0,0.6451,0.5252,0.4595,1.0,0.0,0.4025,0.9,1.0,0.0,0.0,0.5,0.0,0.3201,False,False,False,False,24.8,5.13,22.39,True,4155.4,,,
300875,,0.0,1.0,0.807,0.0,0.0,0.709,0.2021,0.3,0.0,0.0,0.0,0.0,0.0,0.4437,False,False,False,False,32.16,0.09,37.26,False,2823.4,,专精特新,
300876,,0.0,1.0,0.7746,0.0,0.0,0.3742,0.2415,0.6,0.0,0.0,0.0,0.0,1.0,0.5871,False,False,False,False,17.0,-2.58,24.44,False,1379.1,,专精特新,
300877,,0.5466,1.0,0.8144,0.4127,0.0,0.8878,0.3172,0.6,0.0461,0.0,0.0,0.0,1.0,0.3834,False,False,False,False,27.08,-0.81,29.62,False,3249.6,,,
300878,,0.0,1.0,0.5721,0.6715,0.5703,0.5437,0.1854,0.9,0.873,0.0,0.0,0.5,1.0,0.3086,False,False,False,False,30.86,-1.94,30.12,True,4447.7,,,
300879,,0.0552,1.0,0.7479,0.0,0.0,0.482,0.1662,0.3,0.0,0.0,0.0,0.0,0.0,0.4738,False,False,False,False,18.33,0.44,21.73,False,3684.9,,,
300880,,0.0,1.0,0.7106,0.6093,1.0,0.3897,0.7806,0.6,1.0,0.0,0.0,1.0,0.0,0.356,False,False,False,False,24.97,1.3,22.54,True,4872.1,,,
300881,,0.4343,0.9169,0.4704,0.4948,0.0,0.576,0.2165,0.6,0.0,0.0,0.0,0.0,0.7,0.461,False,False,False,False,42.6,3.5,47.09,False,2445.5,,专精特新,
300882,,0.0,1.0,0.7472,0.0,0.0,0.7195,0.1887,0.0,0.0,0.0,0.0,0.0,0.0,0.5256,False,False,False,False,15.64,0.51,18.39,False,4165.4,,,
300883,,0.0,1.0,0.5201,0.3303,0.0,0.2133,0.3747,0.0,0.3662,0.0,0.0,0.0,1.0,0.3174,False,False,False,False,6.51,1.88,6.72,False,2152.7,,,
300884,,0.0,1.0,0.7402,0.0,0.0,0.5432,0.1563,0.3,0.0,0.0,0.0,0.0,0.0,0.5049,False,False,False,False,10.58,0.57,12.3,False,2031.8,,专精特新,
300885,,0.0,1.0,0.7899,0.5419,0.0,0.8978,0.346,0.0,0.3388,0.0,0.0,0.0,1.0,0.3967,False,False,False,False,25.6,0.83,26.85,False,4275.7,,专精特新,
300886,,0.9491,1.0,0.7211,0.0,0.0,0.5729,0.0255,0.0,0.0,0.0,0.0,0.0,1.0,0.4633,False,False,False,False,22.23,-1.07,26.18,False,1043.2,,,
300887,,0.0131,1.0,0.8417,0.0,0.0,0.78,0.2049,0.6,0.0,0.0,0.0,0.0,0.0,0.525,False,False,False,False,7.99,-0.12,9.31,False,28.9,,碳中和/CXO概念/碳交易,
300888,,0.0,1.0,0.8289,0.0,0.0,0.5406,0.1287,0.3,0.0,0.0,0.0,0.0,0.0,0.4565,False,False,False,False,27.65,-1.43,30.61,False,16029.3,,,
300889,,0.0,1.0,0.7839,0.4353,0.9027,0.5673,0.4536,0.6,0.9316,0.0,0.0,1.0,0.0,0.3302,False,False,False,False,25.11,-1.91,24.23,True,3738.7,,,
300890,,0.0,1.0,0.6406,0.5225,0.0,0.7833,0.1803,0.0,0.7481,0.0,0.0,0.0,0.7,0.331,False,False,False,False,35.22,2.62,34.74,True,3834.2,,光伏/钠电池,
300891,,0.0,1.0,0.6862,0.0,0.0,0.2669,0.1248,0.0,0.0,0.0,0.0,0.0,0.0,0.4503,False,False,False,False,7.07,0.86,7.85,False,2357.7,,,
300892,,0.4219,1.0,0.7998,0.0,0.0,0.7012,0.0829,0.3,0.0,0.0,0.0,0.0,0.0,0.5362,False,False,False,False,21.6,-0.18,25.45,False,1424.7,,,
300893,,0.0,1.0,0.8268,0.1381,0.0,0.8155,0.2458,0.9,0.0,0.0,0.0,0.0,1.0,0.367,False,False,False,False,20.11,0.5,21.93,False,5045.2,,,
300894,,0.0,1.0,0.6811,0.1487,1.0,0.0,0.4304,0.9,1.0,0.0,0.0,1.0,0.0,0.2626,False,False,False,False,10.99,1.1,10.16,True,3231.8,,,
300895,,0.0,1.0,0.8135,0.1803,0.0,0.8623,0.2,0.0,0.0,0.0,1.0,0.0,0.7,0.4164,False,False,False,False,55.85,0.81,61.6,False,7752.7,,,
300896,,0.4581,1.0,0.9124,0.0,0.0,0.6802,0.1321,0.3,0.0,0.0,0.0,0.0,0.0,0.4655,False,False,False,False,92.15,-1.56,109.14,False,18840.2,,专精特新,
300897,,0.7933,1.0,0.6122,0.0,0.0,0.2469,0.053,0.6,0.0,0.0,1.0,0.0,1.0,0.6724,False,False,False,False,16.16,0.0,22.33,False,1416.5,,专精特新,
300898,,0.0,1.0,0.8179,0.0,0.0,0.8548,0.1907,0.3,0.0,0.0,0.0,0.0,0.0,0.4919,False,False,False,False,20.39,-0.54,22.78,False,2339.6,,,
300899,,0.3383,1.0,0.6602,0.0,0.0,0.0,0.0,0.0,0.0,0.0,0.0,0.0,0.0,0.5038,False,False,False,False,29.99,0.57,34.51,False,1299.4,,,
300900,,0.4541,1.0,0.6809,0.0,0.0,0.7194,0.1871,0.0,0.0,0.0,0.0,0.0,0.7,0.5415,False,False,False,False,32.9,-0.33,37.77,False,8448.2,,大飞机/专精特新,
300901,,0.0,1.0,0.8081,0.031,0.0,0.912,0.227,0.3,0.0,0.0,0.0,0.0,1.0,0.4696,False,False,False,False,14.46,-0.89,15.82,False,3470.4,,,
300902,,0.0,1.0,0.4295,0.0,0.0,0.0,0.2943,0.6,0.4191,0.0,0.0,0.5,0.0,0.3509,False,False,False,False,17.15,0.53,17.11,True,2172.5,,,
300903,,0.0,0.7372,0.4588,1.0,1.0,0.6022,0.4034,0.0,1.0,0.0,0.0,0.5,0.7,0.2877,False,False,False,False,81.8,4.58,60.19,True,270.5,,专精特新,
300904,,0.0,1.0,0.7315,0.0,0.0,0.7388,0.1436,0.0,0.0,0.0,0.0,0.0,0.0,0.5249,False,False,False,False,46.3,0.78,54.63,False,1010.2,,,
300905,,0.0,1.0,0.7354,1.0,0.0,0.87,0.1822,0.0,1.0,1.0,0.0,0.0,0.7,0.2682,False,False,False,False,60.01,1.37,57.06,True,8380.2,,专精特新,
300906,,0.0615,1.0,0.6949,0.0,0.0,0.6576,0.1172,0.0,0.0,0.0,0.0,0.0,1.0,0.605,False,False,False,False,28.0,0.9,31.87,False,2022.9,,专精特新,
300907,,0.393,1.0,0.6646,1.0,1.0,0.6349,0.5073,0.9,1.0,0.0,0.0,0.5,1.0,0.2172,False,False,True,False,47.66,0.34,39.0,True,4575.4,,,
300909,,0.0,0.4351,0.2994,0.6796,0.9309,0.0,0.5823,0.6,1.0,0.0,0.0,0.5,1.0,0.4141,False,False,False,False,50.62,6.39,45.87,True,6537.0,,,
300910,,0.0,0.517,0.6127,0.0,0.0,0.0,0.1813,0.3,0.0,0.0,0.0,0.0,0.0,0.5815,False,False,False,False,31.91,-5.9,42.24,False,6626.2,,,
300911,,0.2814,1.0,0.5762,0.0,0.0,0.6425,0.1348,0.0,0.0,0.0,0.0,0.0,0.0,0.5891,False,False,False,False,22.2,-0.63,28.85,False,3803.8,,,
300912,,0.0,1.0,0.7449,0.5496,0.0,0.7548,0.449,0.0,1.0,0.0,0.0,0.5,1.0,0.3937,False,False,False,False,28.81,-0.69,27.23,True,24.8,,,
300913,,0.2979,0.8101,0.6417,0.7227,0.6598,0.4419,0.4728,0.3,0.9115,0.0,1.0,0.5,0.7,0.2427,False,False,False,False,57.36,4.14,55.55,True,14671.8,,,
300915,,0.4666,1.0,0.7882,0.2155,0.0,0.6458,0.1987,0.0,0.0,0.0,0.0,0.0,1.0,0.4708,False,False,False,False,21.43,0.14,23.47,False,1233.0,,,
300916,,0.451,1.0,0.6372,0.0,0.0,0.6477,0.1195,0.3,0.0,0.0,1.0,0.0,0.7,0.6503,False,False,False,False,24.86,0.97,31.74,False,2470.9,,,
300917,,0.4616,1.0,0.8061,0.0,0.0,0.6816,0.1608,0.6,0.0,0.0,0.0,0.0,0.0,0.5801,False,False,False,False,26.09,-1.47,31.31,False,4409.2,,,
300918,,0.3497,1.0,0.7038,0.0,0.0,0.6469,0.3008,0.3,0.0,0.0,1.0,0.0,0.0,0.2864,False,False,False,False,12.63,2.02,14.0,False,6392.5,,,
300919,,0.0,1.0,0.7035,0.0923,0.0,0.5579,0.1455,0.0,0.3434,0.0,0.0,0.0,0.7,0.4587,False,False,False,False,49.92,2.32,52.44,False,45551.8,,,
300920,,1.0,1.0,0.6991,0.799,0.0,0.4345,0.7484,1.0,0.0,0.0,0.0,0.0,1.0,0.3807,False,False,False,False,39.06,0.15,43.79,False,2594.3,,,
300921,,0.0,0.0,0.0,0.0,0.0,0.0,0.3317,0.3,0.0,0.0,0.0,0.5,1.0,0.5536,False,False,False,False,20.73,14.59,23.31,False,2405.8,,,
300922,,0.825,1.0,0.4878,1.0,1.0,0.1339,0.786,0.6,0.8058,1.0,0.0,0.5,1.0,0.2452,True,False,False,False,22.98,-0.26,22.09,True,2864.9,,专精特新,
300923,,0.2119,1.0,0.7356,0.0,0.0,0.525,0.1065,0.0,0.0,0.0,0.0,0.5,1.0,0.3281,False,False,False,False,22.68,-0.04,25.55,False,1731.1,,,
300925,,0.0,1.0,0.6464,0.2538,0.7009,0.4192,0.3986,0.6,0.4705,0.0,1.0,1.0,0.0,0.3434,False,False,False,False,18.46,1.99,18.48,False,6452.2,,,
300926,,0.0,1.0,0.8746,0.0,0.0,0.7425,0.1293,0.0,0.0,0.0,0.0,0.0,0.0,0.542,False,False,False,False,19.47,-1.02,22.58,False,5801.8,,,
300927,,0.0,1.0,0.6536,0.0,0.0,0.3422,0.2614,0.6,0.0022,0.0,0.0,0.5,0.0,0.4215,False,False,False,False,24.66,-1.44,26.72,False,3473.3,,,
300928,,0.3599,1.0,0.6657,0.4679,0.0,0.7002,0.1408,0.0,0.0926,0.0,0.0,0.0,1.0,0.4599,False,False,False,False,29.91,0.0,32.14,False,1501.1,,,
300929,,0.4915,1.0,0.6262,0.1885,0.0,0.6053,0.0916,0.0,0.0,0.0,0.0,0.0,0.7,0.5506,False,False,False,False,10.9,0.18,12.37,False,1366.5,,专精特新,
300930,,0.3999,0.8862,0.5443,0.9578,1.0,0.3856,0.4422,0.0,1.0,0.0,0.0,0.5,1.0,0.3656,False,False,False,False,35.19,3.68,33.24,True,16.6,,专精特新,
300931,,0.0,0.0,0.0,0.8388,0.2628,0.0,0.3611,0.6,1.0,0.0,1.0,0.0,0.7,0.4232,False,False,False,False,16.64,19.97,14.62,True,3207.8,,,
300932,,0.0,0.4406,0.319,0.2903,0.0,0.3988,0.2589,0.3,0.3708,0.0,0.0,0.0,1.0,0.444,False,False,False,False,9.37,6.36,9.71,False,29.9,,,
300933,,0.0,1.0,0.6952,0.0,0.0,0.6309,0.2662,0.0,0.0,0.0,0.0,0.0,0.0,0.4502,False,False,False,False,6.89,1.62,7.8,False,3769.5,,,
300935,,0.2185,1.0,0.6124,0.6996,0.0,0.5654,0.2836,0.3,0.1655,0.0,1.0,0.0,1.0,0.3736,False,False,False,False,32.44,-0.22,34.51,False,1954.8,,,
300936,,0.0,0.9417,0.341,1.0,1.0,0.0646,0.8947,0.0,1.0,0.0,0.0,1.0,0.7,0.2401,False,False,False,False,126.5,3.35,88.68,True,5998.8,,专精特新,
300937,,0.351,1.0,0.8035,0.0,0.0,0.7163,0.1601,0.0,0.0,0.0,0.0,0.0,0.0,0.5556,False,False,False,False,21.29,-0.37,25.88,False,1381.0,,,
300938,,0.0809,1.0,0.5781,0.48,0.0,0.5167,0.3054,0.0,0.0,0.0,0.0,0.0,0.7,0.4757,False,False,False,False,41.74,2.38,47.82,False,8821.8,,,
300940,,0.0,1.0,0.7437,0.0,0.0,0.7628,0.3032,0.6,0.0,0.0,0.0,0.0,0.0,0.4723,False,False,False,False,16.5,0.67,19.93,False,2598.4,,,
300941,,0.0,1.0,0.8384,0.0,0.0,0.6468,0.1373,0.0,0.0,0.0,0.0,0.0,0.0,0.419,False,False,False,False,15.18,-0.52,17.58,False,1879.0,,,
300942,,0.0,1.0,0.7742,0.0,0.0,0.5066,0.133,0.0,0.0,0.0,0.0,0.0,0.0,0.4665,False,False,False,False,6.28,1.29,7.44,False,2543.8,,专精特新,
300943,,0.0631,1.0,0.7885,1.0,0.2961,0.8292,0.3174,0.0,1.0,1.0,1.0,0.0,1.0,0.1966,False,False,False,False,35.31,0.91,34.38,True,4711.3,,,
300945,,0.0,1.0,0.8503,0.0,0.0,0.5608,0.0889,0.0,0.0,0.0,0.0,0.0,0.0,0.4984,False,False,False,False,12.28,-1.52,14.12,False,2927.6,,,
300946,,0.0,1.0,0.7262,0.4044,0.0,0.5771,0.4583,0.9,0.3402,0.0,1.0,0.0,1.0,0.3615,False,False,False,False,47.4,1.91,48.76,False,3593.1,,专精特新,
300947,,0.2641,1.0,0.7246,0.0,0.0,0.5883,0.2351,0.3,0.0,0.0,0.0,0.0,0.0,0.5402,False,False,False,False,13.95,-0.64,16.32,False,2107.5,,,
300948,,0.8366,0.4321,0.3923,1.0,1.0,0.1543,0.6118,0.3,0.6777,0.0,0.0,0.5,1.0,0.5556,False,False,False,False,24.54,-6.41,24.87,False,3719.3,,碳中和,
300950,,0.0,0.9768,0.5852,0.0,0.0,0.2637,0.2958,0.3,0.0,0.0,0.0,0.0,0.0,0.427,False,False,False,False,18.07,3.14,20.21,False,1771.7,,碳中和/专精特新,
300951,,0.0,1.0,0.7142,1.0,1.0,0.6023,0.8221,0.3,1.0,0.0,0.0,1.0,1.0,0.2488,False,False,True,False,44.69,0.83,39.09,True,6765.6,,专精特新,
300952,,0.554,1.0,0.5681,0.0,0.0,0.6021,0.1668,0.0,0.0,0.0,1.0,0.0,0.0,0.6934,False,False,False,False,20.42,0.99,30.2,False,2167.1,,,
300953,,0.0,1.0,0.8591,0.0,0.0,0.5593,0.2091,0.3,0.0,0.0,1.0,0.0,0.7,0.5453,False,False,False,False,142.06,0.08,177.96,False,17694.6,,,
300955,,0.0,1.0,0.5707,0.8262,0.6548,0.6659,0.4312,0.3,1.0,0.0,0.0,0.5,0.7,0.3894,False,False,False,False,43.64,1.82,41.05,True,4398.9,,,
300956,,0.7271,0.5972,0.3333,0.0466,0.0,0.0481,0.0425,0.0,0.0,0.0,1.0,0.0,0.0,0.6799,False,False,False,False,12.65,5.42,14.97,False,2662.2,,专精特新,
300957,,0.0,1.0,0.7667,0.0,0.0,0.5086,0.196,0.0,0.0,0.0,0.0,0.0,0.0,0.4545,False,False,False,False,33.91,-0.29,37.53,False,14364.3,,,
300958,,0.4787,1.0,0.8124,0.135,0.0,0.5977,0.1567,0.0,0.0,0.0,0.0,0.0,1.0,0.4232,False,False,False,False,11.78,0.43,13.09,False,1072.6,,,
300959,,0.532,0.4423,0.4828,1.0,1.0,0.4944,0.3875,0.3,1.0,1.0,0.0,0.0,1.0,0.3456,False,False,False,False,170.45,-6.35,151.29,True,8922.3,,,
300960,,0.0,1.0,0.7722,0.0,0.0,0.5815,0.1339,0.0,0.0,0.0,0.0,0.0,0.0,0.4732,False,False,False,False,17.22,-1.94,20.51,False,2253.7,,,
300961,,0.0,1.0,0.6693,0.0,0.0,0.6754,0.3714,0.0,0.0,0.0,0.0,0.0,1.0,0.4338,False,False,False,False,11.43,1.24,12.87,False,1736.5,,,
300962,,0.0,1.0,0.8001,0.0,0.0,0.5637,0.1188,0.0,0.0,0.0,0.0,0.5,0.0,0.4909,False,False,False,False,13.49,1.12,14.58,False,35.6,,,
300963,,0.0,1.0,0.7197,0.0,0.0,0.4228,0.3623,0.3,0.0,0.0,0.0,0.0,0.0,0.2975,False,False,False,False,14.55,0.28,16.27,False,48.9,,,
300964,,0.0,0.0,0.0,1.0,1.0,0.3075,0.609,0.6,1.0,0.0,1.0,0.5,0.7,0.2877,False,False,False,False,113.06,20.0,87.26,True,6332.5,,专精特新,
300965,,0.1263,1.0,0.7482,0.0,0.0,0.7783,0.1126,0.3,0.0,0.0,0.0,0.0,1.0,0.6709,False,False,False,False,47.27,-0.82,57.37,False,2599.6,,,
300966,,0.0,1.0,0.7058,1.0,0.8947,0.8349,0.2236,0.0,1.0,0.0,0.0,0.5,0.7,0.233,False,False,False,False,26.39,-2.94,25.08,True,2023.2,,,
300967,,0.0,1.0,0.6262,0.4256,1.0,0.427,0.3124,0.3,0.6599,0.0,0.0,0.5,0.0,0.3945,False,False,False,False,18.59,2.2,18.28,True,2319.9,,,
300968,,0.1247,1.0,0.6345,0.0,0.0,0.6206,0.3099,0.6,0.0,0.0,0.0,0.0,0.0,0.3995,False,False,False,False,10.82,2.27,11.85,False,4472.8,,,
300969,,0.5892,1.0,0.7353,0.0,0.0,0.4548,0.2798,0.0,0.0,0.0,0.0,0.0,1.0,0.6421,False,False,False,False,99.02,-1.45,123.5,False,5531.2,,,
300970,,0.5501,1.0,0.8293,0.0137,0.0,0.776,0.1129,0.3,0.0,0.0,0.0,0.0,0.7,0.5726,False,False,False,False,20.9,-2.7,27.58,False,1980.4,,,
300971,,0.0,1.0,0.7374,0.0,0.0,0.6781,0.185,0.0,0.0,0.0,0.0,0.0,1.0,0.4806,False,False,False,False,20.59,1.38,22.67,False,1899.5,,,
300972,,0.5153,1.0,0.8103,0.1642,0.0,0.5394,0.0967,0.0,0.0,0.0,0.0,0.0,0.7,0.3985,False,False,False,False,179.4,-1.43,197.6,False,31966.1,,,
300973,,0.2606,1.0,0.8631,0.0,0.0,0.7494,0.1234,0.3,0.0,0.0,0.0,0.0,0.0,0.4761,False,False,False,False,25.1,-0.87,29.86,False,2976.0,,,
300975,,0.5904,1.0,0.7016,1.0,1.0,0.5531,0.4638,0.6,1.0,0.0,1.0,0.5,0.7,0.1968,False,False,False,False,40.19,-1.16,29.92,True,19875.0,,,
300976,,0.0,0.0,0.0,0.8544,0.9798,0.0,0.6674,0.3,1.0,0.0,0.0,0.5,1.0,0.3903,False,False,False,False,87.72,10.6,69.23,True,7580.3,,,
300977,,0.0,0.5631,0.3649,0.0886,0.0,0.1731,0.2544,0.3,0.0,0.0,0.0,0.0,1.0,0.47,False,False,False,False,17.85,5.62,19.45,False,16.9,,碳中和,
300978,,0.0,1.0,0.8575,0.0,0.0,0.7482,0.2403,0.3,0.0,0.0,0.0,0.0,0.0,0.3996,False,False,False,False,9.31,-0.53,10.46,False,2672.8,,,
300979,,0.7838,1.0,0.7882,0.0,0.0,0.1417,0.1656,0.6,0.0,0.0,0.0,0.0,0.0,0.3601,False,False,False,False,31.78,-2.93,38.01,False,37087.0,,,
300980,,0.0,1.0,0.7368,0.0,0.0,0.6928,0.1293,0.3,0.0,0.0,0.0,0.0,0.0,0.3762,False,False,False,False,27.88,0.98,30.79,False,2788.2,,专精特新,
300981,,0.516,1.0,0.7891,0.0,0.0,0.7992,0.127,0.0,0.0,0.0,0.0,0.0,0.0,0.6493,False,False,False,False,10.74,-0.09,13.01,False,4220.8,,,
300982,,0.5804,1.0,0.7369,0.0,0.0,0.8334,0.467,0.3,0.0,0.0,1.0,0.0,0.0,0.5576,False,False,False,False,18.09,0.56,21.43,False,3507.6,,光伏,
300983,,0.0,1.0,0.729,0.8685,0.2755,0.7463,0.6087,0.3,1.0,0.0,0.0,0.5,0.7,0.3441,False,False,False,False,36.2,0.78,34.84,True,5531.7,,,
300984,,0.294,1.0,0.727,0.2016,0.0,0.6881,0.3133,0.0,0.0937,0.0,1.0,0.0,1.0,0.3947,False,False,False,False,58.31,2.48,62.48,False,5165.8,,,
300985,,0.0,0.0,0.2098,1.0,1.0,0.0,1.0,0.6,1.0,0.0,0.0,1.0,1.0,0.3239,False,False,False,False,34.41,9.34,24.64,True,6417.9,,,
300986,,0.0,1.0,0.7393,0.0,0.0,0.7582,0.1835,0.0,0.0,0.0,0.0,0.0,0.0,0.4714,False,False,False,False,19.04,0.63,21.63,False,7840.0,,,
300987,,0.3713,1.0,0.8198,0.0,0.0,0.6425,0.1531,0.3,0.0,0.0,0.0,0.0,0.0,0.5025,False,False,False,False,13.62,-0.51,15.81,False,2361.3,,,
300988,,0.0,1.0,0.6802,0.0,0.0,0.555,0.3494,0.0,0.0,0.0,0.0,0.0,1.0,0.5717,False,False,False,False,17.39,0.52,23.17,False,2006.8,,专精特新,
300989,,0.0,1.0,0.7534,0.2072,0.0,0.6291,0.1887,0.3,0.0087,0.0,0.0,0.5,1.0,0.3973,False,False,False,False,13.69,-2.63,14.74,False,2230.8,,,
300990,,0.0,0.9357,0.6509,0.3207,0.1891,0.3656,0.5369,0.9,1.0,0.0,0.0,0.5,1.0,0.4869,False,False,False,False,91.6,3.39,85.6,True,70.6,,专精特新,
300991,,0.0,0.323,0.2484,0.0,0.0,0.2088,0.2255,0.3,0.2988,0.0,0.0,0.5,0.0,0.4538,False,False,False,False,41.69,7.06,43.41,False,4381.9,,专精特新,
300992,,0.0,1.0,0.5614,0.0,0.0,0.6141,0.2361,0.0,0.0,0.0,0.0,0.0,0.0,0.5109,False,False,False,False,26.01,0.08,28.9,False,2015.9,,,
300993,,0.0,1.0,0.6113,0.0,0.0,0.147,0.1965,0.6,0.0,0.0,0.0,0.0,0.0,0.4216,False,False,False,False,10.46,1.65,11.66,False,2529.8,,,
300994,,0.7189,1.0,0.7927,0.0,0.0,0.6734,0.0456,0.3,0.0,0.0,1.0,0.0,0.0,0.3479,False,False,False,False,11.88,-0.17,13.66,False,1406.7,,,
300995,,0.0,1.0,0.6961,0.0554,0.0,0.6908,0.2347,0.3,0.0,0.0,0.0,0.0,1.0,0.4316,False,False,False,False,32.07,1.52,34.55,False,1947.6,,,
300996,,0.0,1.0,0.8265,0.2804,0.0,0.7655,0.2197,0.3,0.1701,0.0,0.0,0.0,0.7,0.4217,False,False,False,False,11.35,-1.56,12.0,False,3781.2,,,
300997,,0.3153,1.0,0.6621,0.0,0.0,0.6751,0.375,0.6,0.0,0.0,0.0,0.0,0.0,0.3782,False,False,False,False,17.06,1.73,19.11,False,6774.4,,,
300998,,0.0,1.0,0.6353,0.7693,0.8308,0.3006,0.4112,0.0,1.0,0.0,0.0,0.5,0.7,0.3726,False,False,False,False,29.25,0.0,26.53,True,3149.7,,,
300999,,0.2746,1.0,0.8475,0.0932,0.0,0.6527,0.3154,0.6,0.0006,0.0,0.0,0.0,0.0,0.3441,False,False,False,False,25.18,-2.4,27.14,False,13663.9,,,
301000,,0.0,0.0,0.0,0.2159,0.0,0.1689,0.3489,0.6,0.962,0.0,1.0,0.0,1.0,0.3468,False,False,False,False,35.22,20.0,32.73,True,8074.9,,,
301001,,0.2394,1.0,0.749,0.0,0.0,0.6778,0.1435,0.0,0.0,0.0,0.0,0.0,0.0,0.4615,False,False,False,False,24.44,-1.05,27.98,False,1244.0,,,
301002,,0.3555,1.0,0.8003,0.8312,0.0,0.86,0.324,0.0,0.3271,0.0,1.0,0.0,0.7,0.364,False,False,False,False,44.1,0.85,46.98,False,3747.8,,,
301003,,0.0,1.0,0.6717,0.3874,0.1442,0.7202,0.5707,0.0,1.0,0.0,0.0,0.5,0.0,0.3645,False,False,False,False,54.89,1.99,51.58,True,4124.5,,,
301004,,0.8266,1.0,0.7137,0.0,0.0,0.5964,0.1579,0.6,0.0,0.0,0.0,0.0,0.0,0.5238,False,False,False,False,34.56,-2.35,41.82,False,4703.9,,,
301005,,0.4486,1.0,0.6865,0.0,0.0,0.3763,0.2082,0.3,0.0,0.0,0.0,0.0,1.0,0.5671,False,False,False,False,95.56,-1.87,140.7,False,12649.3,,,
301006,,0.2579,1.0,0.7262,0.0,0.0,0.7282,0.1742,0.0,0.0,0.0,0.0,0.0,0.0,0.5272,False,False,False,False,14.08,-0.28,16.17,False,1214.2,,专精特新,
301007,,0.0,1.0,0.7282,0.2342,0.0,0.5611,0.261,0.3,0.221,0.0,0.0,0.0,1.0,0.5233,False,False,False,False,34.48,-1.0,36.17,False,5217.7,,专精特新,
301008,,0.0,0.9036,0.55,0.0,0.0,0.5856,0.2289,0.0,0.0,0.0,0.0,0.0,0.0,0.5816,False,False,False,False,25.47,3.58,29.43,False,2945.4,,专精特新,
301009,,0.0,1.0,0.8296,0.0,0.0,0.4689,0.0915,0.0,0.0,0.0,0.0,0.0,0.0,0.5333,False,False,False,False,9.0,0.0,10.45,False,1359.3,,专精特新,
301010,,0.5565,1.0,0.742,0.0,0.0,0.7704,0.2112,0.6,0.0,0.0,0.0,0.0,1.0,0.5328,False,False,False,False,18.04,-0.28,20.71,False,1948.3,,专精特新,
301011,,0.0,1.0,0.7562,0.0,0.0,0.6417,0.0819,0.3,0.0,0.0,0.0,0.0,0.0,0.3799,False,False,False,False,16.0,0.88,19.22,False,2345.1,,,
301012,,0.1578,1.0,0.672,0.2688,0.0,0.8066,0.1229,0.3,0.0,0.0,0.0,0.0,0.7,0.5838,False,False,False,False,28.41,1.28,32.11,False,5595.6,,,
301013,,0.0,0.954,0.3482,1.0,1.0,0.2138,0.7273,0.6,1.0,0.0,1.0,1.0,1.0,0.1331,False,False,True,False,60.21,3.28,40.51,True,11394.2,,,
301015,,0.0,1.0,0.8111,0.0,0.0,0.898,0.1132,0.0,0.0,0.0,0.0,0.0,0.0,0.4942,False,False,False,False,20.39,-0.39,22.43,False,10716.1,,,
301016,,0.0,1.0,0.7165,0.1296,0.0,0.7305,0.5535,0.6,0.0,0.0,0.0,0.0,1.0,0.4252,False,False,False,False,14.71,0.89,16.18,False,43.1,,,
301017,,0.1861,1.0,0.3648,0.1708,0.1798,0.3182,0.2941,0.6,0.2804,0.0,0.0,0.0,0.0,0.3331,False,False,False,False,13.56,1.73,14.21,False,3507.9,,,
301018,,0.0,1.0,0.5427,0.614,0.0,0.3735,0.2838,0.0,0.4285,0.0,0.0,0.5,0.7,0.3846,False,False,False,False,110.15,0.89,114.36,False,22140.0,,,
301019,,0.0,1.0,0.8133,0.1915,0.0,0.7513,0.3247,0.3,0.2091,0.0,0.0,0.0,1.0,0.4018,False,False,False,False,20.44,0.44,21.65,False,2138.2,,专精特新,
301020,,0.0,1.0,0.7291,0.8302,0.2254,0.5309,0.2894,0.3,0.6673,1.0,1.0,0.0,1.0,0.281,False,False,False,False,24.89,1.14,24.33,True,3643.9,,专精特新,
301021,,0.0,0.9915,0.5765,1.0,1.0,0.5266,0.5126,0.3,1.0,0.0,0.0,0.5,0.7,0.3625,False,False,False,False,107.07,3.05,79.12,True,163.5,,,
301022,,0.2045,1.0,0.7657,0.0,0.0,0.8817,0.2237,0.3,0.0,0.0,0.0,0.0,0.0,0.5537,False,False,False,False,25.32,0.0,29.2,False,1696.1,,,
301023,,0.6067,1.0,0.61,0.0,0.0,0.5758,0.4467,0.9,0.0,0.0,1.0,0.0,1.0,0.5686,False,False,False,False,31.12,2.84,39.42,False,1354.9,,,
301024,,0.0065,1.0,0.6292,0.9178,0.267,0.7424,0.5204,0.0,0.7186,1.0,0.0,0.0,1.0,0.3355,False,False,False,False,43.81,1.53,43.28,True,2696.9,,,
301025,,0.2961,1.0,0.8059,0.0,0.0,0.5944,0.1408,0.0,0.0,0.0,0.0,0.0,0.0,0.5727,False,False,False,False,8.79,-1.57,10.1,False,2436.2,,,
301026,,0.0,1.0,0.6662,0.0,0.0,0.2711,0.7059,0.6,0.0,0.0,0.0,0.5,1.0,0.4002,False,False,False,False,24.65,2.84,27.85,False,2817.7,,,
301027,,0.0,1.0,0.6962,0.0681,0.0,0.6205,0.1886,0.0,0.0682,0.0,0.0,0.0,0.7,0.4446,False,False,False,False,19.53,2.3,21.24,False,2470.0,,,
301028,,0.0,1.0,0.7583,1.0,0.1904,0.8289,0.3634,0.3,0.6382,0.0,0.0,0.0,1.0,0.3715,False,False,False,False,17.02,-0.47,17.07,False,4226.5,,专精特新,
301029,,0.0,1.0,0.8364,0.8094,1.0,0.1546,0.3713,0.3,1.0,0.0,1.0,1.0,1.0,0.2475,False,False,False,False,32.09,-0.31,28.69,True,15198.6,,,
301030,,0.6685,1.0,0.1383,0.8286,1.0,0.5119,0.588,0.3,0.1385,0.0,0.0,0.5,1.0,0.4331,False,False,False,False,11.7,-0.51,12.3,False,2364.6,,,
301031,,0.0,1.0,0.7348,0.1215,0.0,0.4672,0.3086,0.3,0.0,0.0,0.0,0.0,0.7,0.5869,False,False,False,False,126.97,1.43,145.16,False,9868.0,,专精特新,
301033,,0.0,1.0,0.7428,0.0,0.0,0.6715,0.2406,0.3,0.0,0.0,0.0,0.5,0.0,0.5533,False,False,False,False,48.59,-2.37,54.69,False,2738.2,,,
301035,,0.0,0.4834,0.5333,0.0,0.0,0.2744,0.1391,0.3,0.0,0.0,0.0,0.5,1.0,0.6156,False,False,False,False,50.03,-6.1,66.15,False,14027.3,,,
301036,,0.0,1.0,0.753,0.0,0.0,0.4929,0.2682,0.0,0.0,0.0,0.0,0.5,0.0,0.3424,False,False,False,False,23.5,-1.05,26.72,False,1655.2,,,
301037,,0.5321,1.0,0.6682,0.2124,0.0,0.5523,0.1998,0.0,0.0,0.0,0.0,0.0,1.0,0.4661,False,False,False,False,13.42,-0.3,15.23,False,912.4,,,
301038,,0.0,1.0,0.637,0.1153,0.0,0.562,0.3092,0.9,0.1188,0.0,0.0,0.0,0.0,0.3299,False,False,False,False,19.3,1.05,20.3,False,4305.4,,,
301039,,0.3797,0.7754,0.6846,0.0,0.0,0.0,0.1687,0.3,0.0,0.0,0.0,0.0,0.0,0.4679,False,False,False,False,7.48,-4.35,8.39,False,10864.2,,,
301040,,0.0,1.0,0.8035,0.2243,0.0,0.9225,0.1804,0.9,0.3244,0.0,0.0,0.5,0.0,0.3264,False,False,False,False,30.23,-1.02,31.49,False,2852.6,,,
301041,,0.0,1.0,0.7733,0.9744,1.0,0.5385,0.3888,0.9,1.0,0.0,0.0,0.5,1.0,0.4367,False,False,False,False,35.2,1.44,31.84,True,2779.8,,专精特新,
301042,,1.0,1.0,0.7948,0.5855,0.0,0.5192,0.1707,0.3,0.0,0.0,0.0,0.0,0.7,0.4162,False,False,False,False,73.25,-1.56,95.16,False,4870.4,,,
301043,,0.0,1.0,0.5425,0.0,0.0,0.4329,0.3243,0.6,0.0,0.0,0.0,0.0,0.0,0.4344,False,False,False,False,45.3,2.93,50.6,False,25.7,,,
301045,,0.0,1.0,0.5502,1.0,1.0,0.5193,0.3745,0.3,1.0,0.0,0.0,0.5,1.0,0.2972,False,False,False,False,60.07,1.83,49.99,True,4309.2,,,
301046,,0.0,1.0,0.3769,0.608,0.9536,0.0,0.4353,0.9,1.0,0.0,0.0,0.5,1.0,0.4422,False,False,False,False,28.98,-2.91,26.94,True,3766.0,,光伏,
301047,,0.3832,1.0,0.8771,0.0,0.0,0.7019,0.1793,0.3,0.0,0.0,0.0,0.0,0.0,0.4539,False,False,False,False,59.42,-1.3,66.07,False,7105.5,,CXO概念,
301048,,0.0,1.0,0.8769,0.0,0.0,0.8168,0.1503,0.0,0.0,0.0,0.0,0.0,0.0,0.4555,False,False,False,False,9.19,-0.22,10.23,False,4901.3,,,
301049,,0.3005,1.0,0.7261,0.0509,0.0,0.7106,0.1182,0.0,0.0,0.0,0.0,0.0,1.0,0.414,False,False,False,False,19.91,-0.25,22.37,False,852.7,,,
301050,,0.0,1.0,0.7921,0.0,0.0,0.7393,0.1501,0.0,0.0,0.0,0.0,0.0,0.0,0.4863,False,False,False,False,34.75,-0.57,40.98,False,7315.0,,专精特新,
301051,,0.0,0.7003,0.4529,0.0,0.0,0.241,0.3846,0.3,0.0,0.0,1.0,0.0,0.7,0.6279,False,False,False,False,16.6,4.8,20.4,False,2677.8,,,
301052,,0.0,1.0,0.8219,0.0,0.0,0.7032,0.1629,0.0,0.0,0.0,0.0,0.0,0.0,0.5729,False,False,False,False,25.71,-0.46,30.47,False,2063.0,,,
301053,,0.0,1.0,0.8012,0.2515,0.0,0.8712,0.338,0.6,0.0,0.0,0.0,0.5,0.7,0.4877,False,False,False,False,42.8,-1.81,47.71,False,3744.2,,专精特新,
301055,,0.0,0.0,0.0,1.0,0.9308,0.2695,0.4127,0.6,1.0,0.0,0.0,0.0,0.7,0.5456,False,False,False,False,40.12,20.01,31.81,True,6258.7,,,
301056,,0.1393,1.0,0.7666,0.0,0.0,0.8394,0.2542,0.0,0.0,0.0,0.0,0.0,0.0,0.5544,False,False,False,False,12.27,-0.08,13.94,False,2159.5,,,
301057,,0.1491,1.0,0.6419,0.0,0.0,0.6259,0.144,0.0,0.0,0.0,0.0,0.0,0.0,0.4472,False,False,False,False,27.59,-0.54,31.33,False,2278.6,,,
301058,,0.3765,1.0,0.8733,0.0,0.0,0.5995,0.133,0.3,0.0,0.0,0.0,0.0,0.0,0.4516,False,False,False,False,8.36,-0.71,9.38,False,4282.6,,,
301059,,0.0,1.0,0.8727,0.4886,0.3729,0.0,0.3719,0.6,0.8121,0.0,0.0,0.5,1.0,0.3701,False,False,False,False,14.62,-0.27,14.33,True,3019.2,,,
301060,,0.0,1.0,0.8366,0.0,0.0,0.7488,0.2865,0.0,0.0,0.0,0.0,0.0,1.0,0.4444,False,False,False,False,8.57,0.0,9.75,False,3086.6,,专精特新,
301061,,0.6978,1.0,0.7664,0.0,0.0,0.293,0.0268,0.3,0.0,0.0,0.0,0.0,0.0,0.6032,False,False,False,False,37.53,-1.86,56.65,False,5451.7,,,
301062,,0.0,1.0,0.7615,0.0,0.0,0.6488,0.2326,0.3,0.0,0.0,0.0,0.0,0.0,0.5224,False,False,False,False,6.31,-1.87,7.42,False,1976.6,,,
301063,,0.3612,1.0,0.7897,0.0,0.0,0.576,0.1285,0.0,0.0,0.0,0.0,0.0,0.0,0.5216,False,False,False,False,18.67,-0.16,21.98,False,1804.4,,专精特新,
301065,,0.2425,1.0,0.8171,0.0,0.0,0.7346,0.1036,0.0,0.0,0.0,0.0,0.0,1.0,0.4459,False,False,False,False,19.09,-1.19,21.77,False,1647.2,,,
301066,,0.0901,0.9863,0.7515,0.0431,0.0,0.6604,0.3359,0.3,0.0,0.0,0.0,0.0,1.0,0.3972,False,False,False,False,13.52,-3.08,15.01,False,3151.7,,,
301067,,0.0,1.0,0.6833,0.6131,1.0,0.0466,0.3978,0.9,1.0,0.0,0.0,0.5,1.0,0.3459,False,False,False,False,37.0,2.18,33.42,True,2442.6,,,
301068,,0.0,1.0,0.6193,0.0023,0.0,0.5472,0.1246,0.0,0.0,0.0,0.0,0.0,0.0,0.4524,False,False,False,False,26.88,0.98,30.13,False,2696.6,,,
301070,,0.1554,0.0,0.0,1.0,0.0,0.0038,0.3548,0.3,0.4944,0.0,0.0,0.0,0.7,0.437,False,False,False,False,85.68,14.91,90.07,False,5199.6,,,
301071,,0.0847,0.9214,0.607,1.0,1.0,0.5225,0.354,0.0,1.0,0.0,1.0,0.5,0.7,0.2111,False,False,False,False,73.02,3.47,61.98,True,14083.4,,,
301072,,0.0,0.9361,0.3193,1.0,1.0,0.0,0.5344,0.3,1.0,0.0,0.0,1.0,1.0,0.2857,False,False,False,False,33.92,3.38,26.25,True,2303.9,,,
301073,,0.2301,1.0,0.9024,0.0,0.0,0.8206,0.1673,0.0,0.0,0.0,0.0,0.0,0.0,0.5183,False,False,False,False,20.33,-0.78,23.85,False,3622.4,,,
301075,,0.0,1.0,0.6215,0.4715,0.0,0.8892,0.2158,0.0,0.315,0.0,1.0,0.0,0.7,0.3285,False,False,False,False,69.31,0.64,73.8,False,5544.8,,,
301076,,0.0,0.9785,0.608,0.0,0.0,0.4977,0.271,0.6,0.0,0.0,1.0,0.0,0.0,0.5084,False,False,False,False,29.99,3.13,34.05,False,35.0,,,
301078,,0.0,1.0,0.7316,0.0608,0.0,0.7016,0.3609,0.3,0.0,0.0,0.0,0.0,1.0,0.4113,False,False,False,False,7.86,2.08,8.78,False,9864.7,,,
301079,,0.2261,0.9048,0.6663,0.0,0.0,0.7549,0.3558,0.6,0.0,0.0,1.0,0.0,0.0,0.4572,False,False,False,False,35.38,3.57,39.49,False,2721.9,,专精特新,
301080,,0.0,1.0,0.8077,0.0,0.0,0.7147,0.2778,0.3,0.0,0.0,0.0,0.0,0.0,0.4664,False,False,False,False,38.12,1.79,42.68,False,4815.9,,专精特新,
301081,,0.3985,1.0,0.8027,1.0,0.0,0.7872,0.2269,0.3,0.1505,0.0,0.0,0.0,0.7,0.3219,False,False,False,False,15.42,-0.77,16.74,False,3369.5,,专精特新,
301082,,0.0,1.0,0.78,0.0,0.0,0.5347,0.1758,0.0,0.0,0.0,0.0,0.0,0.0,0.5929,False,False,False,False,10.15,1.5,11.68,False,2768.0,,,
301083,,0.0,1.0,0.6868,0.0,0.0,0.5613,0.1853,0.0,0.0,0.0,0.0,0.0,0.0,0.5029,False,False,False,False,14.38,0.84,16.37,False,1231.1,,专精特新,
301085,,0.0,0.7818,0.5501,0.4917,0.0,0.7463,0.1257,0.0,0.2389,0.0,1.0,0.0,0.7,0.415,False,False,False,False,64.15,4.31,67.95,False,37.8,,,
301086,,0.0,0.0,0.0,0.6084,0.0,0.0,0.3705,0.3,1.0,0.0,0.0,0.5,0.7,0.4059,False,False,False,False,198.25,12.94,172.7,True,9359.8,,专精特新,
301087,,0.0,1.0,0.8418,0.0,0.0,0.7843,0.2011,0.0,0.0223,0.0,0.0,0.0,0.0,0.4102,False,False,False,False,44.99,-0.22,49.2,False,8727.7,,专精特新,
301088,,0.3715,1.0,0.8223,0.1278,0.0,0.9081,0.2478,0.3,0.0,0.0,0.0,0.0,1.0,0.4271,False,False,False,False,13.1,-0.23,14.81,False,2462.8,,,
301089,,0.0,1.0,0.8151,0.0,0.0,0.8299,0.2178,0.3,0.0,0.0,0.0,0.0,0.0,0.5764,False,False,False,False,22.13,0.64,25.42,False,2013.3,,,
301090,,0.0,1.0,0.8211,0.0085,0.0,0.9065,0.1397,0.0,0.1306,0.0,0.0,0.5,0.0,0.5326,False,False,False,False,7.11,0.42,7.6,False,10458.3,,,
301091,,0.0,1.0,0.8335,0.0,0.0,0.5917,0.2993,0.3,0.0,0.0,0.0,0.5,0.0,0.3184,False,False,False,False,18.06,-1.95,20.49,False,9522.7,,,
301092,,0.0,0.9384,0.4922,1.0,1.0,0.2158,0.3583,0.3,1.0,0.0,0.0,0.5,1.0,0.3847,False,False,False,False,50.62,3.37,43.31,True,3087.0,,,
301093,,0.0,0.691,0.4991,1.0,1.0,0.6204,0.5532,0.3,1.0,0.0,0.0,0.5,1.0,0.307,False,False,True,False,130.91,4.85,107.85,True,205.5,,,
301095,,0.2351,0.9435,0.6843,1.0,0.7734,0.6052,0.2467,0.3,0.9719,1.0,0.0,0.0,0.7,0.2105,False,False,False,False,95.53,-3.34,92.53,True,16528.6,,,
301096,,0.3825,1.0,0.7633,0.6958,0.0,0.6919,0.3174,0.9,0.3212,0.0,0.0,0.0,0.7,0.4198,False,False,False,False,55.0,-2.86,57.16,False,4571.4,,,
301097,,0.5423,0.9144,0.626,0.0,0.0,0.1326,0.1848,0.0,0.0,0.0,0.0,0.0,1.0,0.6957,False,False,False,False,36.53,3.51,51.24,False,1057.2,,,
301098,,0.3239,0.9676,0.2875,0.4187,0.0,0.1597,0.2456,0.6,0.0,0.0,1.0,0.0,1.0,0.4522,False,False,False,False,8.4,3.19,9.24,False,1257.4,,,
301099,,0.0,0.0,0.0,1.0,1.0,0.3567,0.4743,0.6,1.0,0.0,1.0,0.5,0.7,0.3233,False,False,False,False,88.87,20.0,64.4,True,7978.8,,,
301100,,0.0,1.0,0.7174,0.0,0.0,0.6299,0.1422,0.3,0.0,0.0,0.0,0.0,0.0,0.4034,False,False,False,False,15.51,-0.39,17.58,False,1357.1,,专精特新,
301101,,0.0,1.0,0.87,0.0,0.0,0.6768,0.1404,0.3,0.0,0.0,0.0,0.0,0.0,0.4488,False,False,False,False,30.01,-0.79,33.88,False,5774.2,,,
301102,,0.0,1.0,0.8282,0.0,0.0,0.6961,0.1139,0.0,0.0843,0.0,0.0,0.5,0.0,0.4762,False,False,False,False,9.78,0.82,10.41,False,3970.7,,,
301103,,0.021,1.0,0.8281,0.0,0.0,0.6703,0.0736,0.3,0.0,0.0,0.0,0.0,0.0,0.4212,False,False,False,False,16.16,-0.8,18.16,False,1965.6,,,
301105,,0.3448,1.0,0.5746,0.1036,0.0,0.7853,0.1676,0.3,0.0747,0.0,0.0,0.0,0.0,0.4818,False,False,False,False,49.68,1.93,54.19,False,816.6,,,
301106,,0.2255,0.6509,0.4695,0.0,0.0,0.3158,0.2302,0.6,0.0,0.0,1.0,0.0,1.0,0.7198,False,False,False,False,21.66,5.09,28.9,False,2211.8,,,
301107,,0.0,1.0,0.5845,0.0,0.0,0.0,0.8975,0.6,0.4141,0.0,0.0,0.5,0.0,0.3688,False,False,False,False,26.3,1.19,26.48,False,1544.4,,专精特新,
301108,,0.0,1.0,0.6361,0.0,0.0,0.2794,0.2451,0.3,0.2594,0.0,0.0,0.5,0.0,0.2897,False,False,False,False,25.06,2.08,25.81,False,16.2,,,
301109,,0.0,1.0,0.8525,0.0721,0.0,0.7204,0.1009,0.0,0.0,0.0,0.0,0.0,0.0,0.4369,False,False,False,False,13.38,-1.33,14.68,False,3081.9,,碳中和,
301110,,0.0,1.0,0.807,0.0,0.0,0.8485,0.2664,0.0,0.0,0.0,0.0,0.0,1.0,0.6016,False,False,False,False,40.13,0.15,55.4,False,2637.1,,,
301111,,0.6721,1.0,0.5379,1.0,1.0,0.3095,0.4592,0.6,0.8965,1.0,0.0,0.0,1.0,0.3161,True,False,False,False,25.26,-1.64,24.66,True,4041.6,,,
301112,,0.0808,0.8241,0.501,0.0877,0.0,0.4413,0.3216,0.6,0.0,0.0,0.0,0.0,1.0,0.4214,False,False,False,False,31.56,4.06,33.92,False,3480.0,,,
301113,,0.4954,1.0,0.6657,0.0,0.0,0.3292,0.1513,0.0,0.0,0.0,0.0,0.0,1.0,0.6176,False,False,False,False,16.67,0.73,21.91,False,919.0,,,
301115,,0.0,1.0,0.5969,1.0,1.0,0.5549,0.461,0.3,1.0,0.0,0.0,0.5,0.7,0.3554,False,False,False,False,33.26,0.06,27.07,True,51.5,,,
301116,,0.4496,1.0,0.7336,0.1802,0.0,0.3446,0.2727,0.0,0.1604,0.0,0.0,0.0,1.0,0.3289,False,False,False,False,9.61,1.05,10.16,False,4314.7,,,
301117,,0.0,0.9502,0.69,0.0,0.0,0.5029,0.256,0.0,0.0,0.0,0.0,0.0,0.0,0.5296,False,False,False,False,25.99,3.3,36.64,False,2150.8,,,
301118,,0.0,1.0,0.63,0.8561,0.4907,0.6598,0.357,0.6,0.9185,1.0,0.0,0.5,1.0,0.268,False,False,False,False,29.83,2.19,28.9,True,3136.0,,,
301119,,0.0,0.0416,0.1055,0.0,0.0,0.0,0.2419,0.3,0.0,0.0,0.0,0.0,0.0,0.4797,False,False,False,False,35.42,8.75,39.36,False,2979.2,,,
301120,,0.1497,0.414,0.4815,0.3124,0.0,0.5344,0.3775,0.6,0.1158,0.0,1.0,0.0,0.0,0.4706,False,False,False,False,20.27,6.52,21.89,False,4541.6,,专精特新,
301121,,0.0,0.836,0.5266,0.3844,0.0744,0.3973,0.2868,0.6,0.5549,0.0,0.0,0.0,1.0,0.3759,False,False,False,False,38.37,3.98,38.03,True,1941.2,,专精特新,
301122,,0.4437,1.0,0.4834,0.0,0.0,0.4431,0.1286,0.3,0.0,0.0,1.0,0.0,1.0,0.5696,False,False,False,False,24.72,1.9,28.61,False,1869.8,,,
301123,,0.0,0.0529,0.2027,1.0,1.0,0.3527,0.4901,0.0,1.0,0.0,1.0,0.5,0.7,0.2518,False,False,False,False,111.78,8.68,81.86,True,18448.4,,,
301125,,0.1547,1.0,0.771,0.0,0.0,0.6289,0.2037,0.3,0.0,0.0,0.0,0.0,1.0,0.4188,False,False,False,False,15.77,-1.5,19.58,False,1981.7,,专精特新,
301126,,0.2424,1.0,0.7487,0.0,0.0,0.5078,0.1062,0.0,0.0,0.0,0.0,0.0,0.0,0.536,False,False,False,False,9.5,-0.52,10.91,False,1325.1,,,
301127,,0.4153,1.0,0.7086,0.0,0.0,0.4658,0.2978,0.0,0.0,0.0,0.0,0.0,0.0,0.4856,False,False,False,False,12.53,-2.19,14.41,False,8197.6,,专精特新,
301129,,0.336,1.0,0.6303,0.3025,0.0,0.6626,0.3724,0.3,0.0,0.0,1.0,0.0,1.0,0.4488,False,False,False,False,23.89,2.71,26.02,False,1583.5,,专精特新,
301130,,0.4925,1.0,0.779,0.0,0.0,0.7302,0.1161,0.0,0.0,0.0,0.0,0.0,1.0,0.5089,False,False,False,False,25.71,-0.89,29.36,False,1517.3,,,
301131,,0.1804,1.0,0.7494,0.0,0.0,0.5508,0.1145,0.3,0.0,0.0,0.0,0.0,0.0,0.3621,False,False,False,False,35.8,-1.05,40.24,False,1401.7,,专精特新,
301132,,0.0,0.057,0.2139,0.4774,0.7851,0.0,0.2657,0.3,1.0,0.0,1.0,0.0,0.0,0.5268,False,False,False,False,44.05,8.66,38.95,True,4173.3,,,
301133,,0.0453,1.0,0.7668,0.3867,0.0,0.7493,0.1717,0.0,0.3051,0.0,0.0,0.0,0.7,0.4008,False,False,False,False,39.63,-0.97,42.13,False,4404.3,,,
301135,,0.0,0.7926,0.5736,0.0,0.0,0.3616,0.1654,0.0,0.0,0.0,0.0,0.0,0.0,0.6994,False,False,False,False,17.93,4.24,23.35,False,1403.7,,,
301136,,0.162,1.0,0.8098,0.0,0.0,0.6222,0.0672,0.0,0.0,0.0,0.0,0.0,0.0,0.5209,False,False,False,False,12.51,-0.87,14.68,False,3439.0,,,
301137,,0.0,1.0,0.5303,0.0,0.0,0.495,0.5296,0.3,0.0,0.0,0.0,0.0,0.0,0.3829,False,False,False,False,38.55,0.6,42.92,False,7008.9,,专精特新,
301138,,0.0,1.0,0.7809,0.0,0.0,0.5092,0.2663,0.0,0.0,0.0,0.0,0.0,0.0,0.5689,False,False,False,False,27.68,1.1,31.96,False,1897.7,,,
301139,,0.8762,1.0,0.3291,0.0,0.0,0.2338,0.476,0.3,0.0,0.0,1.0,0.0,0.0,0.7422,False,False,False,False,4.85,1.68,10.18,False,369.4,,,
301141,,0.0,1.0,0.6223,0.0593,0.0,0.2884,0.4667,0.0,0.4095,0.0,0.0,0.5,1.0,0.411,False,False,False,False,51.18,2.81,51.88,False,2278.2,,,
301148,,0.4815,1.0,0.7078,0.518,0.0,0.6564,0.1699,0.3,0.0161,0.0,0.0,0.0,0.7,0.5184,False,False,False,False,54.0,-1.8,60.47,False,3179.0,,专精特新,
301149,,0.0,1.0,0.8296,0.2172,0.0,0.6095,0.3449,0.3,0.5876,0.0,0.0,0.5,0.7,0.3803,False,False,False,False,12.19,0.49,12.25,False,3183.8,,,
301150,,0.0,0.6348,0.3838,0.682,0.0,0.0,0.4277,0.0,0.0971,0.0,0.0,0.0,0.7,0.2466,False,False,False,False,54.51,5.19,60.58,False,12133.2,,,
301152,,0.0,0.7516,0.5601,0.0,0.0,0.4362,0.236,0.0,0.1346,0.0,0.0,0.0,0.7,0.4836,False,False,False,False,26.76,4.49,28.42,False,1900.4,,专精特新,
301153,,0.0,0.9702,0.7672,0.0,0.0,0.3928,0.2383,0.3,0.0,0.0,0.0,0.5,0.0,0.4552,False,False,False,False,18.58,-3.18,20.26,False,6164.0,,,
301155,,0.6188,1.0,0.634,0.0,0.0,0.6728,0.2153,0.3,0.0,0.0,0.0,0.0,0.0,0.6007,False,False,False,False,47.59,1.26,62.3,False,5926.8,,,
301156,,0.3448,1.0,0.7537,0.0,0.0,0.3846,0.1311,0.3,0.0,0.0,0.0,0.0,1.0,0.67,False,False,False,False,12.18,0.0,16.57,False,1098.1,,,
301157,,0.0,0.6561,0.4839,0.5772,0.0,0.7586,0.3552,0.0,1.0,0.0,0.0,0.0,0.7,0.4986,False,False,False,False,71.79,5.06,69.21,True,1483.0,,,
301158,,0.0,1.0,0.7026,0.0,0.0,0.7524,0.2551,0.0,0.0,0.0,0.0,0.0,1.0,0.5592,False,False,False,False,15.09,0.47,20.64,False,2212.5,,专精特新,
301159,,0.0,1.0,0.7694,0.0,0.0,0.7406,0.1935,0.0,0.0,0.0,0.0,0.0,0.0,0.4662,False,False,False,False,32.51,-0.49,37.82,False,1723.5,,,
301160,,0.6127,1.0,0.5817,0.0,0.0,0.044,0.326,0.3,0.0,0.0,0.0,0.0,1.0,0.4575,False,False,False,False,44.91,2.46,55.4,False,3431.0,,专精特新,
301161,,0.0,1.0,0.6434,0.464,1.0,0.0,0.4732,0.6,1.0,0.0,0.0,1.0,1.0,0.2597,False,False,False,False,35.28,0.37,32.72,True,2723.6,,,
301162,,0.0,1.0,0.7247,0.0789,0.0,0.6015,0.1439,0.3,0.0,0.0,0.0,0.0,0.0,0.4553,False,False,False,False,41.58,1.61,45.5,False,4992.6,,专精特新,
301163,,0.3501,1.0,0.6283,0.0,0.0,0.6266,0.1153,0.0,0.0,0.0,0.0,0.0,1.0,0.4938,False,False,False,False,24.18,-1.59,27.89,False,1318.6,,,
301165,,0.0,1.0,0.7851,0.0,0.0,0.5391,0.2762,0.3,0.0,0.0,1.0,0.0,0.0,0.5336,False,False,False,False,63.89,-0.03,76.72,False,50821.6,,,
301166,,0.0,1.0,0.8063,0.0243,0.0,0.7951,0.1148,0.0,0.0,0.0,0.0,0.0,0.0,0.4801,False,False,False,False,26.87,-1.18,29.4,False,1529.4,,,
301167,,0.2988,1.0,0.7408,0.0,0.0,0.4348,0.1092,0.0,0.0,0.0,0.0,0.0,1.0,0.5365,False,False,False,False,13.94,0.36,15.91,False,1005.3,,,
301168,,0.0,1.0,0.7667,0.4181,0.5828,0.656,0.5203,0.3,0.6653,0.0,0.0,0.5,1.0,0.3536,False,False,False,False,43.63,-0.84,43.08,True,4158.5,,,
301169,,0.0,0.4384,0.4982,1.0,0.1703,0.5267,0.2851,0.0,1.0,1.0,0.0,0.0,0.7,0.3634,False,False,False,False,78.99,6.37,74.43,True,5688.0,,,
301170,,0.2115,1.0,0.7465,0.0,0.0,0.5154,0.0623,0.0,0.0,0.0,0.0,0.0,0.0,0.4296,False,False,False,False,24.04,0.46,27.07,False,807.2,,,
301171,,0.4673,1.0,0.7596,0.6233,0.0,0.7975,0.2449,0.3,0.433,0.0,1.0,0.0,1.0,0.303,False,False,False,False,37.83,-0.42,39.96,False,18786.2,,,
301172,,0.0,1.0,0.4929,0.7312,0.0,0.6175,0.23,0.3,0.7978,1.0,0.0,0.0,0.7,0.2934,False,False,False,False,31.65,1.15,31.16,True,3125.9,,,
301173,,0.2531,1.0,0.7907,0.0,0.0,0.5863,0.0769,0.0,0.0,0.0,0.0,0.0,0.0,0.537,False,False,False,False,33.51,0.21,38.84,False,1033.1,,,
301176,,0.0,0.0,0.4307,1.0,1.0,0.0,0.4133,0.6,1.0,0.0,0.0,1.0,0.7,0.3566,False,False,False,False,81.5,19.99,40.87,True,13370.4,,,
301177,,0.0,0.5727,0.5568,0.0,0.0,0.3186,0.2926,0.6,0.1288,0.0,0.0,0.5,1.0,0.475,False,False,False,False,26.14,-5.56,27.71,False,10456.3,,,
301178,,0.049,0.0,0.2582,0.5348,0.0,0.0,0.1479,1.0,0.0,0.0,0.0,0.0,0.7,0.6195,False,False,False,False,43.82,-20.72,53.73,False,2165.2,,,
301179,,0.0,1.0,0.7531,0.2193,0.0,0.8924,0.3199,0.3,0.1369,0.0,0.0,0.0,0.7,0.4178,False,False,False,False,21.14,1.68,22.84,False,5020.2,,,
301180,,0.0,1.0,0.5309,0.0,0.0,0.3888,0.1713,0.0,0.0,0.0,0.0,0.0,0.0,0.4961,False,False,False,False,14.47,2.84,16.62,False,2375.1,,,
301182,,0.0,0.6814,0.4669,1.0,1.0,0.4743,0.4677,0.6,1.0,0.0,0.0,1.0,0.7,0.3238,False,False,False,False,94.2,4.91,74.68,True,8231.6,,专精特新,
301183,,0.0,0.313,0.3193,1.0,0.9267,0.4327,0.3821,0.3,1.0,0.0,0.0,0.5,0.7,0.3621,False,False,False,False,253.9,7.12,214.78,True,14903.7,,,
301185,,0.0,1.0,0.6466,0.0,0.0,0.4613,0.3075,0.3,0.1853,0.0,0.0,0.5,0.0,0.3719,False,False,False,False,16.76,0.96,17.57,False,2324.1,,,
301186,,0.0,0.8143,0.597,0.4889,0.0,0.7759,0.1428,0.0,0.5784,0.0,0.0,0.0,0.7,0.3622,False,False,False,False,61.49,4.11,62.95,False,4738.4,,,
301187,,0.0,0.8407,0.5344,0.0,0.0,0.298,0.2249,0.3,0.0,0.0,0.0,0.0,0.0,0.5473,False,False,False,False,16.82,3.96,19.56,False,4288.0,,,
301188,,0.0,0.2885,0.0,1.0,1.0,0.4668,0.7114,0.0,1.0,0.0,0.0,1.0,0.7,0.1862,False,False,False,False,63.16,7.27,38.93,True,16897.6,,,
301189,,0.9944,1.0,0.6133,1.0,0.0,0.5553,0.2741,0.0,0.0,0.0,1.0,0.0,0.7,0.5319,False,False,False,False,66.43,-0.69,80.74,False,7463.9,,专精特新,
301190,,0.5027,1.0,0.7473,0.0482,0.0,0.7305,0.2162,0.0,0.0,0.0,1.0,0.0,1.0,0.4551,False,False,False,False,19.39,0.67,22.14,False,2774.8,,,
301191,,0.225,1.0,0.6034,0.0,0.0,0.5257,0.3346,0.3,0.0,0.0,1.0,0.0,0.7,0.6132,False,False,False,False,104.73,1.14,133.7,False,5478.8,,,
301192,,0.0,1.0,0.7025,0.0,0.0,0.6949,0.1037,0.0,0.0,0.0,0.0,0.0,0.0,0.4469,False,False,False,False,21.5,-0.05,24.99,False,1060.6,,专精特新,
301193,,0.0,1.0,0.6627,0.2894,0.0,0.8244,0.134,0.3,0.6058,0.0,0.0,0.0,1.0,0.2553,False,False,False,False,22.83,1.33,22.9,False,3999.7,,,
301195,,0.0,1.0,0.6619,0.4423,1.0,0.1773,0.4602,0.3,1.0,0.0,0.0,1.0,0.0,0.2602,False,False,False,False,34.45,1.0,32.07,True,3020.9,,,
301196,,0.0,0.6909,0.5842,1.0,1.0,0.0735,0.5346,0.3,1.0,0.0,0.0,1.0,0.7,0.2569,False,False,False,False,201.09,4.85,132.59,True,16481.2,,专精特新,
301197,,0.0,0.6716,0.3952,0.956,0.0,0.8084,0.1941,0.0,1.0,1.0,0.0,0.0,0.7,0.2829,False,False,False,False,30.2,4.97,29.23,True,3284.2,,专精特新,
301198,,0.8383,1.0,0.6331,0.7389,0.0,0.5911,0.1979,0.0,0.0,0.0,0.0,0.0,0.7,0.6058,False,False,False,False,13.92,0.8,16.31,False,2258.9,,,
301199,,0.2502,1.0,0.5938,0.0,0.0,0.6195,0.3347,0.9,0.0,0.0,0.0,0.0,0.0,0.3492,False,False,False,False,19.24,2.83,21.36,False,1396.4,,,
301201,,0.0,0.5417,0.2595,0.0,0.0,0.4212,0.2775,0.0,0.0151,0.0,0.0,0.0,0.0,0.4142,False,False,False,False,35.13,5.75,38.34,False,3813.2,,专精特新,
301202,,0.0,1.0,0.6315,0.1484,0.0,0.7394,0.3017,0.0,0.0712,0.0,0.0,0.0,1.0,0.434,False,False,False,False,37.14,2.15,39.73,False,1411.3,,,
301203,,0.0,1.0,0.7476,0.684,0.3569,0.6325,0.2673,0.0,0.9429,0.0,0.0,0.5,0.7,0.3345,False,False,False,False,45.23,-1.03,44.02,True,1983.0,,,
301205,,0.2438,0.7814,0.4651,1.0,1.0,0.5771,0.3711,0.3,1.0,0.0,1.0,0.5,0.7,0.2818,False,False,True,False,337.0,4.31,283.21,True,28107.4,,,
301206,,0.0,1.0,0.8674,0.1225,0.0,0.577,0.0986,0.0,0.07,0.0,0.0,0.0,1.0,0.481,False,False,False,False,23.87,-1.12,25.5,False,3109.9,,专精特新,
301207,,0.2183,1.0,0.8476,0.0,0.0,0.8248,0.2241,0.3,0.0,0.0,0.0,0.0,0.0,0.4575,False,False,False,False,16.57,-0.3,18.68,False,99.5,,,
301208,,0.1416,1.0,0.8732,0.0,0.0,0.5891,0.2219,0.3,0.0,0.0,0.0,0.0,0.0,0.3245,False,False,False,False,29.29,-0.54,32.48,False,1974.8,,,
301209,,0.9588,1.0,0.8115,0.0,0.0,0.2628,0.2521,1.0,0.0,0.0,0.0,0.0,0.0,0.5784,False,False,False,False,59.95,-0.88,84.26,False,5736.2,,专精特新,
301210,,0.0,0.458,0.3974,0.0,0.0,0.0346,0.4728,0.0,0.0,0.0,0.0,0.5,1.0,0.5412,False,False,False,False,31.27,6.25,36.27,False,1359.1,,,
301211,,0.0,1.0,0.7984,0.0,0.0,0.7118,0.1646,0.3,0.0,0.0,0.0,0.0,0.0,0.5329,False,False,False,False,9.47,-1.25,10.79,False,3954.6,,,
301212,,0.3347,1.0,0.6436,0.2423,0.0,0.696,0.2716,0.3,0.0,0.0,0.0,0.0,1.0,0.4157,False,False,False,False,26.21,2.26,29.23,False,2457.2,,,
301213,,0.4941,1.0,0.8346,0.0,0.0,0.5412,0.2392,0.9,0.0,0.0,0.0,0.0,1.0,0.628,False,False,False,False,48.05,-0.64,64.81,False,2484.7,,专精特新,
301216,,0.0,1.0,0.7113,0.3157,0.0,0.415,0.1746,0.0,0.5147,0.0,0.0,0.0,0.7,0.3865,False,False,False,False,25.09,1.54,25.87,False,13757.7,,,
301217,,0.0,0.7154,0.0,1.0,1.0,0.3167,1.0,0.0,1.0,0.0,0.0,1.0,0.7,0.1132,False,False,False,False,178.17,4.71,92.0,True,1477.1,,,
301218,,0.0,0.8497,0.4674,1.0,1.0,0.0994,0.4241,1.0,1.0,0.0,1.0,0.5,1.0,0.2625,False,False,False,False,44.74,3.9,36.89,True,3208.0,,专精特新,
301219,,0.0,1.0,0.726,0.0,0.0,0.4911,0.306,0.3,0.0,0.0,0.0,0.0,0.7,0.4732,False,False,False,False,59.16,-0.35,71.08,False,12448.2,,,
301220,,0.0,0.9995,0.4892,0.1647,0.0,0.516,0.4226,0.6,0.2132,0.0,0.0,0.0,0.0,0.331,False,False,False,False,36.7,3.0,38.29,False,2858.4,,,
301221,,0.0,1.0,0.6299,0.0,0.0,0.6026,0.2966,0.3,0.0,0.0,0.0,0.0,0.0,0.4892,False,False,False,False,30.99,2.41,42.15,False,1944.9,,,
301222,,0.0,1.0,0.667,0.1518,0.0,0.4493,0.2269,0.6,0.0324,0.0,1.0,0.5,0.7,0.5044,False,False,False,False,33.5,0.81,36.75,False,2675.3,,,
301223,,0.0,1.0,0.5194,0.0,0.0,0.176,0.0496,0.3,0.0165,0.0,0.0,0.0,1.0,0.3346,False,False,False,False,16.6,1.41,18.0,False,32.1,,,
301225,,0.1872,1.0,0.6962,0.0,0.0,0.6406,0.3356,0.3,0.0,0.0,0.0,0.0,1.0,0.3853,False,False,False,False,90.61,-1.7,107.08,False,2707.6,,,
301226,,0.0,1.0,0.8014,0.1157,0.0,0.8693,0.3197,0.0,0.2651,0.0,0.0,0.0,0.0,0.3909,False,False,False,False,35.53,-0.14,37.49,False,3865.7,,,
301227,,0.0,1.0,0.5957,0.0,0.0,0.0362,0.4249,0.6,0.0,0.0,0.0,0.5,0.0,0.5203,False,False,False,False,27.06,-2.31,31.03,False,1464.6,,碳中和,
301228,,0.0,0.6363,0.4185,1.0,1.0,0.5284,0.7994,0.0,1.0,0.0,1.0,1.0,0.7,0.238,False,False,False,False,82.0,5.18,63.76,True,9794.1,,,
301229,,0.5444,1.0,0.7818,0.0,0.0,0.6568,0.1128,0.0,0.0,0.0,0.0,0.0,0.0,0.5162,False,False,False,False,13.69,-0.44,16.32,False,1769.9,,,
301230,,0.0,1.0,0.815,0.0,0.0,0.8014,0.1305,0.0,0.0,0.0,0.0,0.5,1.0,0.4861,False,False,False,False,33.67,-0.59,37.58,False,4229.5,,,
301231,,0.3173,1.0,0.7181,0.5682,1.0,0.5946,0.4577,0.9,0.8673,0.0,0.0,0.5,0.0,0.3228,False,False,False,False,33.73,-0.27,32.88,True,22.1,,,
301233,,0.3351,1.0,0.6836,0.5391,0.0,0.672,0.3113,0.0,0.1041,0.0,0.0,0.0,1.0,0.4222,False,False,False,False,52.78,0.19,56.78,False,1490.6,,专精特新,
301234,,0.9513,0.9526,0.6707,0.473,0.354,0.53,0.192,0.3,0.0978,0.0,0.0,0.5,1.0,0.4949,False,False,False,False,36.81,-3.28,39.63,False,1484.1,,专精特新,
301235,,0.6042,1.0,0.6197,1.0,1.0,0.5782,0.5031,0.6,1.0,1.0,1.0,0.0,1.0,0.2662,True,False,False,False,66.08,1.07,61.83,True,4807.0,,专精特新,
301236,,0.8886,1.0,0.6462,0.4206,0.9184,0.4389,0.54,0.3,0.3171,0.0,1.0,0.5,0.0,0.4181,False,False,False,False,40.19,-0.79,41.23,False,31577.7,,,
301237,,0.0,1.0,0.587,0.5745,0.0026,0.6853,0.3082,0.0,1.0,0.0,0.0,0.5,0.7,0.3731,False,False,False,False,68.97,2.45,65.29,True,4017.5,,,
301238,,0.0,0.1695,0.2761,0.7979,1.0,0.0,0.3764,0.6,1.0,0.0,0.0,0.0,0.7,0.4817,False,False,False,False,25.16,7.98,22.29,True,18450.7,,,
301239,,0.0,1.0,0.7249,0.138,0.0,0.7446,0.1551,0.0,0.0,0.0,0.0,0.0,0.7,0.4945,False,False,False,False,32.96,-2.17,36.85,False,4681.8,,,
301246,,0.1044,0.9015,0.5878,0.9802,0.0,0.6857,0.2476,0.0,0.8439,1.0,0.0,0.0,0.7,0.3097,False,False,False,False,27.98,3.59,27.88,True,4841.0,,,
301248,,0.0,1.0,0.7516,1.0,0.0,0.8123,0.1127,0.0,1.0,1.0,1.0,0.0,0.7,0.3108,False,False,False,False,72.27,0.46,70.34,True,8118.0,,,
301252,,0.0,1.0,0.6614,0.3729,0.4286,0.3288,0.3976,0.6,1.0,0.0,0.0,0.5,0.7,0.4151,False,False,False,False,39.49,0.28,37.08,True,1905.2,,,
301255,,0.0,1.0,0.7368,0.0551,0.0,0.8865,0.3871,0.9,0.0,0.0,0.0,0.0,0.7,0.4004,False,False,False,False,24.49,1.79,27.14,False,932.6,,,
301256,,0.0,1.0,0.8557,0.0,0.0,0.761,0.3254,0.3,0.0,0.0,0.0,0.5,0.0,0.3659,False,False,False,False,11.93,-0.67,13.04,False,5726.4,,专精特新,
301257,,0.241,1.0,0.7869,0.0,0.0,0.6564,0.0737,0.3,0.0,0.0,0.0,0.0,0.0,0.4524,False,False,False,False,40.25,0.5,48.64,False,3031.1,,,
301258,,0.0472,1.0,0.7563,0.0,0.0,0.6938,0.115,0.0,0.0,0.0,0.0,0.0,0.0,0.4792,False,False,False,False,24.74,-0.6,28.64,False,2254.7,,,
301259,,0.0,1.0,0.53,0.0,0.0,0.2139,0.3458,0.3,0.0,0.0,0.0,0.0,0.7,0.5418,False,False,False,False,26.6,2.47,33.15,False,2661.1,,,
301260,,0.0,1.0,0.6516,0.3919,0.0,0.6685,0.2559,0.6,0.3239,0.0,0.0,0.0,1.0,0.359,False,False,False,False,15.71,1.35,16.06,False,3225.3,,,
301261,,0.0,1.0,0.5686,0.5909,0.0445,0.6464,0.4079,0.6,0.5306,0.0,1.0,0.0,1.0,0.3238,False,False,False,False,87.4,2.84,88.27,False,3279.6,,,
301262,,0.0,1.0,0.8638,0.0,0.0,0.726,0.0764,0.0,0.0,0.0,0.0,0.0,0.0,0.3972,False,False,False,False,19.91,-0.8,22.34,False,2430.5,,,
301263,,0.0,1.0,0.7502,0.0,0.0,0.1503,0.171,0.3,0.0,0.0,0.0,0.5,0.0,0.5129,False,False,False,False,19.72,-0.15,24.36,False,5986.7,,,
301265,,0.0,0.7888,0.4607,1.0,0.9235,0.6374,0.2623,0.0,1.0,0.0,0.0,0.5,0.7,0.3256,False,False,False,False,28.1,4.27,24.66,True,4771.3,,,
301267,,0.0,1.0,0.886,0.2363,0.0,0.8044,0.1962,0.6,0.1394,0.0,0.0,0.0,1.0,0.4362,False,False,False,False,16.21,-1.04,17.12,False,10511.3,,,
301268,,0.0,1.0,0.7227,0.0,0.0,0.677,0.073,0.0,0.0,0.0,0.0,0.0,1.0,0.4075,False,False,False,False,16.48,0.8,19.3,False,5680.6,,,
301269,,0.0,1.0,0.8111,0.8237,0.493,0.6464,0.4455,0.6,0.4317,0.0,0.0,0.0,1.0,0.3143,False,False,False,False,99.61,-2.01,100.0,False,54330.8,,专精特新,
301270,,0.7261,1.0,0.6805,0.0,0.0,0.7087,0.1931,0.3,0.0,0.0,0.0,0.5,0.0,0.31,False,False,False,False,29.13,0.45,32.02,False,2752.6,,,
301272,,0.0,1.0,0.7158,0.118,0.0,0.5806,0.3282,0.0,0.0,0.0,0.0,0.0,1.0,0.3565,False,False,False,False,37.15,0.87,40.95,False,1163.8,,,
301273,,1.0,1.0,0.6089,1.0,0.0,0.6059,0.421,0.0,0.0,0.0,0.0,0.0,0.7,0.465,False,False,False,False,33.32,0.24,38.12,False,1832.1,,,
301275,,0.0,1.0,0.8131,0.1456,0.3272,0.4961,0.3355,0.3,0.4189,0.0,0.0,0.5,1.0,0.4052,False,False,False,False,44.9,-0.86,45.3,False,13508.6,,,
301276,,0.0,0.0,0.0,0.2586,0.9927,0.0,0.3041,1.0,1.0,0.0,0.0,0.5,1.0,0.458,False,False,False,False,27.63,-11.44,25.37,True,1996.8,,,
301277,,0.2898,1.0,0.7611,0.0,0.0,0.4755,0.0828,0.0,0.0,0.0,0.0,0.0,0.0,0.501,False,False,False,False,9.11,-1.09,10.5,False,3571.8,,,
301278,,0.0,1.0,0.7097,0.0,0.0,0.8484,0.2351,0.0,0.0,0.0,0.0,0.0,0.0,0.5506,False,False,False,False,33.32,1.46,36.82,False,1712.7,,专精特新,
301279,,0.0,1.0,0.727,0.5457,0.518,0.616,0.5097,0.3,0.9075,0.0,0.0,0.5,1.0,0.2907,False,False,False,False,24.49,0.29,23.7,True,3195.9,,,
301280,,0.0,0.0,0.0,0.4659,0.0,0.0,0.2912,0.3,1.0,0.0,0.0,0.0,0.7,0.4674,False,False,False,False,47.06,14.78,42.69,True,2643.8,,,
301281,,0.0,1.0,0.5732,1.0,1.0,0.4503,0.51,0.3,1.0,0.0,0.0,1.0,1.0,0.4315,False,False,False,False,51.07,2.82,41.39,True,3623.5,,,
301282,,0.2553,1.0,0.7747,0.8904,0.333,0.5969,0.2903,0.0,0.9845,1.0,1.0,0.5,0.7,0.3357,False,False,False,False,28.63,0.77,27.78,True,50.6,,,
301283,,0.0,1.0,0.7326,0.0,0.0,0.5242,0.2761,0.3,0.0,0.0,0.0,0.5,1.0,0.4674,False,False,False,False,27.13,-2.83,36.75,False,1716.7,,专精特新,
301285,,0.0,1.0,0.6904,1.0,1.0,0.5708,0.3388,0.6,1.0,0.0,0.0,0.5,0.7,0.386,False,False,False,False,119.18,1.2,104.38,True,246.3,,,
301286,,0.0,1.0,0.717,1.0,1.0,0.6299,0.5576,0.6,1.0,0.0,0.0,1.0,1.0,0.2033,False,False,False,False,61.14,0.61,56.45,True,9860.6,,,
301287,,0.0,1.0,0.7535,0.0,0.0,0.7085,0.1368,0.3,0.0,0.0,0.0,0.5,1.0,0.3393,False,False,False,False,35.45,-1.45,39.86,False,603.8,,,
301288,,0.0,1.0,0.608,0.5814,1.0,0.5993,0.3984,0.3,1.0,0.0,0.0,1.0,1.0,0.309,False,False,False,False,19.82,-0.4,18.59,True,1548.1,,专精特新,
301289,,0.0,1.0,0.5801,0.0211,0.0,0.1499,0.3344,0.3,0.2412,0.0,0.0,0.0,0.0,0.3886,False,False,False,False,50.55,1.4,52.89,False,3917.7,,,
301290,,0.6296,1.0,0.7057,0.6987,0.1677,0.6195,0.2246,0.6,0.5055,0.0,1.0,0.0,1.0,0.3822,False,False,False,False,29.24,-0.71,30.03,False,1993.1,,,
301291,,0.5115,1.0,0.455,0.1294,0.0,0.5392,0.1855,0.9,0.0,0.0,0.0,0.0,0.0,0.5734,False,False,False,False,44.31,2.9,52.0,False,7323.0,,,
301292,,0.0,1.0,0.4429,0.0006,0.0,0.2271,0.2949,0.3,1.0,0.0,0.0,0.5,0.0,0.3328,False,False,False,False,75.06,1.98,73.05,True,6394.6,,,
301293,,0.0,1.0,0.8422,0.0,0.0,0.8321,0.1949,0.3,0.0,0.0,0.0,0.0,0.0,0.5664,False,False,False,False,54.15,-0.64,63.02,False,11154.2,,,
301295,,0.0,1.0,0.7062,1.0,0.6908,0.8284,0.2494,0.3,1.0,0.0,0.0,0.5,0.7,0.2533,False,False,False,False,47.35,1.28,44.27,True,1392.1,,,
301296,,0.3784,1.0,0.8374,0.0,0.0,0.5733,0.0638,0.0,0.0,0.0,0.0,0.0,0.0,0.4217,False,False,False,False,6.51,-0.76,7.29,False,2780.5,,,
301297,,0.0,1.0,0.686,0.8348,0.5459,0.3665,0.3913,0.6,1.0,0.0,0.0,0.5,1.0,0.3683,False,False,False,False,46.08,1.9,42.71,True,16726.0,,,
301299,,0.0,1.0,0.7855,0.0,0.0,0.752,0.1545,0.0,0.0,0.0,0.0,0.0,0.0,0.417,False,False,False,False,52.14,1.66,56.47,False,2334.8,,,
301300,,0.0,1.0,0.727,0.0,0.0,0.6557,0.1246,0.0,0.0,0.0,0.0,0.0,0.0,0.4945,False,False,False,False,35.0,0.92,38.98,False,1357.1,,专精特新,
301301,,0.0,1.0,0.8529,0.0,0.0,0.6057,0.1019,0.0,0.0,0.0,0.0,0.5,0.0,0.4127,False,False,False,False,8.47,-1.63,9.42,False,5232.6,,,
301302,,0.0,1.0,0.675,0.999,1.0,0.3251,0.3924,0.6,1.0,0.0,0.0,1.0,1.0,0.2316,False,False,False,False,31.25,0.22,27.03,True,4343.4,,,
301303,,0.0,1.0,0.6168,0.4424,1.0,0.1278,0.391,0.6,1.0,0.0,0.0,0.5,0.0,0.2884,False,False,False,False,16.23,2.53,15.05,True,1658.7,,,
301305,,0.0,1.0,0.777,0.9428,1.0,0.7204,0.6594,0.9,1.0,0.0,0.0,0.5,0.7,0.2386,False,False,False,False,30.7,-0.29,27.84,True,3798.0,,,
301306,,0.0,1.0,0.3282,0.1477,0.0,0.2472,0.2191,0.6,0.917,0.0,0.0,0.5,0.7,0.3766,False,False,False,False,140.71,0.56,138.99,True,8198.1,,大飞机/专精特新,
301307,,0.0,0.8083,0.4266,1.0,1.0,0.696,0.2755,0.0,1.0,0.0,0.0,1.0,0.7,0.3168,False,False,False,False,65.75,4.15,53.47,True,7201.4,,,
301308,,0.0,1.0,0.6945,1.0,1.0,0.5879,0.5553,0.0,1.0,0.0,0.0,0.0,0.7,0.3509,False,False,False,False,540.23,2.08,473.9,True,150182.6,,专精特新,
301309,,0.0,1.0,0.7118,0.3686,0.0,0.7781,0.1987,0.6,0.5111,0.0,0.0,0.0,0.7,0.4162,False,False,False,False,32.08,-0.93,32.65,False,1943.3,,,
301311,,0.0,1.0,0.8307,0.0,0.0,0.7292,0.2139,0.0,0.0,0.0,0.0,0.0,0.0,0.3941,False,False,False,False,14.46,-0.75,15.95,False,3470.4,,,
301312,,0.0,0.0,0.0,0.3869,0.0,0.025,0.2959,0.6,0.9354,0.0,1.0,0.5,0.7,0.4226,False,False,False,False,106.92,17.01,104.1,True,6474.3,,专精特新,
301313,,0.0,0.8346,0.3146,1.0,1.0,0.0,0.8924,0.6,1.0,0.0,0.0,1.0,0.7,0.1285,False,False,False,False,60.69,3.99,44.85,True,4767.4,,,
301314,,0.0,0.1911,0.4135,0.6123,1.0,0.0,0.3385,0.3,1.0,0.0,1.0,1.0,0.7,0.3994,False,False,False,False,58.23,7.85,49.49,True,1063.1,,,
301315,,0.0,1.0,0.8348,0.0,0.0,0.5504,0.2068,0.3,0.0,0.0,0.0,0.0,0.0,0.5055,False,False,False,False,40.7,-1.12,47.32,False,1505.9,,,
301316,,0.0,1.0,0.7425,0.0,0.0,0.7689,0.0975,0.0,0.0,0.0,1.0,0.0,0.7,0.6339,False,False,False,False,37.88,0.91,44.98,False,14820.5,,,
301317,,0.0,1.0,0.6914,1.0,0.0,0.7025,0.3755,0.0,1.0,1.0,1.0,0.0,0.7,0.1986,False,False,False,False,64.22,-0.9,61.72,True,3352.1,,,
301318,,0.227,1.0,0.7677,0.0,0.0,0.6981,0.2212,0.3,0.0,0.0,0.0,0.0,0.0,0.5454,False,False,False,False,21.01,0.29,24.23,False,19.6,,,
301319,,0.0,1.0,0.4032,1.0,1.0,0.5993,1.0,0.0,1.0,0.0,0.0,1.0,0.7,0.1355,False,False,False,False,147.36,1.47,99.07,True,13786.5,,,
301320,,0.5513,1.0,0.601,0.0,0.0,0.4847,0.2501,0.3,0.0,0.0,0.0,0.0,0.0,0.316,False,False,False,False,14.69,2.23,16.01,False,1002.0,,,
301321,,0.0,1.0,0.6263,1.0,1.0,0.4819,0.4435,0.3,1.0,0.0,0.0,1.0,0.7,0.3046,False,False,False,False,36.21,2.0,28.27,True,5345.3,,,
301322,,0.0,1.0,0.7699,1.0,1.0,0.7321,0.6027,0.0,1.0,0.0,1.0,0.5,0.7,0.2086,False,False,False,False,55.54,-0.66,45.45,True,5343.7,,,
301323,,0.0,1.0,0.6446,1.0,1.0,0.0,0.7394,0.6,1.0,0.0,0.0,1.0,0.7,0.3016,False,False,False,False,108.3,-0.46,77.18,True,7317.5,,,
301325,,0.0007,0.7996,0.5158,0.0514,0.0,0.471,0.2248,0.3,0.0,0.0,1.0,0.0,0.0,0.4536,False,False,False,False,40.17,4.2,44.3,False,2325.6,,,
301326,,0.0,0.7556,0.3653,0.3753,0.0,0.45,0.175,0.0,0.6821,0.0,0.0,0.0,0.7,0.3732,False,False,False,False,149.45,4.47,150.15,False,10771.6,,,
301327,,0.497,1.0,0.7805,0.0,0.0,0.7791,0.1666,0.0,0.0,0.0,0.0,0.0,0.0,0.4691,False,False,False,False,51.95,0.6,58.34,False,7417.1,,,
301328,,0.0,0.0987,0.2182,0.4457,0.0,0.362,0.6419,0.3,0.6724,0.0,1.0,0.0,0.7,0.5216,False,False,False,False,59.44,8.41,59.51,False,4720.9,,,
301329,,0.6843,1.0,0.5866,0.913,0.4414,0.464,0.2354,0.3,0.6949,0.0,1.0,0.0,1.0,0.3474,False,False,False,False,26.07,2.96,26.15,False,1562.7,,,
301330,,0.0,1.0,0.6667,0.0,0.0,0.5072,0.33,0.3,0.0,0.0,1.0,0.0,0.0,0.3618,False,False,False,False,27.66,2.44,30.42,False,5374.9,,,
301331,,0.6851,1.0,0.7947,0.0031,0.0,0.7013,0.2583,0.3,0.0,0.0,0.0,0.0,0.0,0.434,False,False,False,False,21.52,-2.54,25.4,False,2208.8,,,
301332,,0.3691,1.0,0.8351,0.1577,0.0,0.6352,0.1594,0.3,0.0198,0.0,0.0,0.5,0.0,0.4505,False,False,False,False,8.34,-1.77,8.98,False,2208.8,,,
301333,,0.0,1.0,0.6888,0.0,0.0,0.4505,0.1055,0.0,0.0,0.0,0.0,0.0,0.0,0.4841,False,False,False,False,45.75,-0.67,55.36,False,4412.3,,,
301335,,0.0,1.0,0.7353,0.0,0.0,0.615,0.1319,0.0,0.0,0.0,0.0,0.0,0.0,0.4313,False,False,False,False,21.72,-1.99,23.88,False,1099.5,,,
301336,,0.2598,0.8535,0.6352,0.0,0.0,0.2998,0.2106,0.3,0.0,0.0,0.0,0.0,1.0,0.6711,False,False,False,False,37.42,-3.88,47.97,False,1158.9,,,
301337,,0.0,1.0,0.6643,0.1149,0.3541,0.1962,0.3806,0.3,0.6688,0.0,0.0,0.5,0.0,0.3611,False,False,False,False,27.91,-1.03,27.34,True,1237.4,,,
301338,,0.996,0.7936,0.5334,1.0,0.0,0.2073,0.3817,0.0,0.0,0.0,1.0,0.0,0.7,0.5832,False,False,False,False,161.58,4.24,194.25,False,8567.8,,专精特新,
301339,,0.0,0.9651,0.7128,0.0,0.0,0.1399,0.1289,0.0,0.0,0.0,0.0,0.0,0.0,0.4517,False,False,False,False,11.46,-3.21,12.45,False,6529.9,,,
301345,,0.0,0.9838,0.6235,0.0465,0.0,0.575,0.1056,0.0,0.2984,0.0,0.0,0.5,0.0,0.4049,False,False,False,False,209.31,-3.1,220.29,False,7332.1,,,
301348,,0.0,0.7288,0.798,0.4902,0.9236,0.1483,0.2945,0.0,1.0,0.0,0.0,0.5,1.0,0.3653,False,False,False,False,28.65,-4.63,26.39,True,4444.7,,,
301349,,0.0,0.0092,0.2775,1.0,1.0,0.3657,0.9705,0.3,1.0,0.0,0.0,1.0,0.7,0.4254,False,False,False,False,65.04,8.94,50.93,True,7318.1,,专精特新,
301353,,0.0845,1.0,0.7038,0.0,0.0,0.2588,0.1468,0.0,0.0,0.0,0.0,0.0,1.0,0.5842,False,False,False,False,18.81,0.7,24.88,False,599.7,,,
301355,,0.2296,1.0,0.8009,0.0,0.0,0.5705,0.0696,0.0,0.0,0.0,0.0,0.0,0.0,0.4467,False,False,False,False,10.31,-0.67,11.71,False,1033.6,,,
301356,,0.0,1.0,0.6226,0.6241,0.2632,0.644,0.337,0.3,0.5981,0.0,0.0,0.5,1.0,0.3258,False,False,False,False,23.37,0.21,23.37,False,2960.9,,,
301357,,0.4897,1.0,0.8359,0.0,0.0,0.698,0.2661,0.6,0.0,0.0,0.0,0.0,0.0,0.4026,False,False,False,False,88.52,-0.52,103.87,False,8427.1,,,
301358,,0.0,0.9356,0.6191,0.286,0.0,0.4528,0.1644,0.0,0.2812,0.0,0.0,0.0,0.7,0.5087,False,False,False,False,75.1,3.39,80.24,False,57071.4,,,
301360,,0.0679,0.3469,0.2926,0.3577,0.0,0.3102,0.294,0.3,0.6741,0.0,1.0,0.0,1.0,0.3652,False,False,False,False,77.89,6.92,78.49,False,1967.7,,,
301361,,0.0297,1.0,0.6748,0.1923,0.0,0.741,0.6058,0.3,0.0,0.0,0.0,0.0,1.0,0.4247,False,False,False,False,33.32,2.21,37.25,False,1014.4,,,
301362,,0.0,0.9628,0.4081,1.0,1.0,0.2983,0.5789,0.0,1.0,0.0,0.0,0.5,0.7,0.1569,False,False,False,False,232.52,3.22,165.98,True,6898.9,,,
301363,,0.8553,1.0,0.6981,0.0,0.0,0.5106,0.2849,0.3,0.0,0.0,1.0,0.0,1.0,0.7037,False,False,False,False,18.38,-0.92,26.58,False,6859.5,,,
301365,,0.0,1.0,0.7605,0.6312,0.0,0.7921,0.3077,0.0,0.8148,1.0,0.0,0.5,0.7,0.3102,False,False,False,False,32.21,0.62,31.92,True,3265.5,,,
301366,,0.1951,1.0,0.7574,1.0,1.0,0.1836,0.2446,0.3,1.0,0.0,0.0,0.5,1.0,0.328,False,False,False,False,48.5,-0.86,42.21,True,5674.3,,,
301368,,0.0913,1.0,0.5936,0.0,0.0,0.5538,0.2903,1.0,0.0,0.0,1.0,0.0,0.0,0.4935,False,False,False,False,45.51,2.75,51.13,False,2918.2,,,
301369,,0.0,0.7984,0.5746,0.993,0.0,0.5033,0.558,0.3,1.0,0.0,0.0,0.5,0.7,0.3672,False,False,False,False,194.32,4.21,183.32,True,7349.7,,,
301370,,0.2405,1.0,0.8656,0.0,0.0,0.6635,0.082,0.3,0.0,0.0,0.0,0.0,0.0,0.425,False,False,False,False,8.88,-0.56,9.85,False,2874.9,,,
301371,,0.0,1.0,0.8379,0.7638,0.0,0.8626,0.2855,0.3,0.5974,0.0,0.0,0.0,0.7,0.2678,False,False,False,False,27.54,-0.04,27.73,False,2144.1,,,
301372,,0.0,1.0,0.54,0.9538,0.2737,0.7934,0.2136,0.0,0.7877,1.0,0.0,0.0,0.7,0.3355,False,False,False,False,33.98,-0.64,33.75,True,1399.0,,,
301373,,0.0,0.2388,0.1466,1.0,1.0,0.1808,0.3462,0.3,1.0,0.0,0.0,1.0,0.7,0.2014,False,False,False,False,171.01,7.57,115.4,True,7012.8,,,
301376,,0.7288,1.0,0.7814,0.4377,0.0,0.7012,0.232,0.6,0.0,0.0,0.0,0.0,1.0,0.4743,False,False,False,False,15.83,-0.19,17.37,False,3065.4,,,
301377,,0.0,1.0,0.4852,1.0,1.0,0.3939,1.0,0.6,1.0,0.0,0.0,1.0,0.7,0.1602,False,False,False,False,553.58,0.0,316.35,True,39317.5,,,
301378,,0.0,1.0,0.7197,0.0,0.0,0.8021,0.189,0.0,0.0,0.0,0.0,0.0,1.0,0.4947,False,False,False,False,27.29,0.66,31.28,False,1255.9,,,
301379,,0.5713,1.0,0.7722,0.574,0.0,0.4511,0.4993,0.9,0.0,0.0,0.0,0.0,1.0,0.5347,False,False,False,False,25.15,-0.08,28.37,False,3867.0,,,
301380,,0.073,1.0,0.7886,0.0386,0.0,0.8147,0.2275,0.6,0.0,0.0,0.0,0.0,1.0,0.3775,False,False,False,False,29.68,0.1,33.03,False,2444.2,,,
301381,,0.0,0.8742,0.608,0.0,0.0,0.4968,0.1992,0.6,0.4235,0.0,0.0,0.5,1.0,0.395,False,False,False,False,19.48,-3.75,19.79,False,3807.7,,,
301382,,0.3828,1.0,0.7768,0.5203,0.0,0.5805,0.2631,0.0,0.0,0.0,0.0,0.0,0.7,0.4095,False,False,False,False,37.01,-0.88,40.88,False,6534.4,,,
301383,,0.0841,1.0,0.6966,0.1774,0.0,0.6544,0.3817,0.6,0.0363,0.0,0.0,0.0,1.0,0.4384,False,False,False,False,27.64,1.43,29.39,False,1951.8,,,
301386,,0.2005,1.0,0.7665,0.0,0.0,0.592,0.1027,0.0,0.0,0.0,0.0,0.0,0.0,0.4449,False,False,False,False,21.32,0.9,24.04,False,959.4,,,
301387,,0.0,0.481,0.2025,1.0,1.0,0.1361,0.6767,0.3,1.0,0.0,0.0,0.5,0.7,0.2519,False,False,False,False,109.8,-6.11,86.78,True,4686.7,,,
301388,,0.0,1.0,0.7222,0.0,0.0,0.6726,0.2537,0.0,0.0,0.0,0.0,0.0,0.0,0.4523,False,False,False,False,26.64,0.91,30.18,False,1936.3,,,
301389,,0.0,0.0,0.0,1.0,1.0,0.1452,0.5159,0.3,1.0,0.0,0.0,1.0,0.7,0.3335,False,False,False,False,109.21,12.31,74.66,True,30961.0,,,
301390,,0.4906,1.0,0.6329,0.0,0.0,0.6404,0.1309,0.0,0.0,0.0,0.0,0.0,0.0,0.5242,False,False,False,False,30.14,-0.03,34.72,False,1478.6,,,
301391,,0.0,0.8445,0.6051,0.0,0.0,0.707,0.0892,0.0,0.1962,0.0,0.0,0.5,0.0,0.3929,False,False,False,False,66.33,3.93,70.38,False,6157.8,,,
301392,,0.0,1.0,0.5729,0.9963,0.2258,0.3511,0.3868,0.0,1.0,0.0,0.0,0.5,0.7,0.3839,False,False,False,False,174.61,0.86,163.26,True,7123.4,,,
301395,,0.3591,1.0,0.722,0.0,0.0,0.7728,0.0902,0.3,0.0,0.0,0.0,0.0,0.0,0.5138,False,False,False,False,11.29,0.18,13.02,False,1460.4,,,
301396,,0.0,1.0,0.6276,0.1608,0.0,0.1225,0.1034,0.3,0.3984,0.0,0.0,0.5,0.7,0.3567,False,False,False,False,196.2,-1.27,209.26,False,19831.2,,,
301397,,0.0,1.0,0.7474,0.1623,0.0,0.7175,0.1402,0.0,0.4493,0.0,0.0,0.5,0.7,0.4047,False,False,False,False,33.41,1.27,34.05,False,2360.2,,,
301398,,0.0,0.4343,0.3443,0.0,0.0,0.2892,0.2996,0.3,0.0247,0.0,0.0,0.0,0.0,0.4903,False,False,False,False,41.43,6.39,44.41,False,1542.0,,,
301408,,0.2333,1.0,0.763,0.0,0.0,0.814,0.1861,0.0,0.0,0.0,0.0,0.0,0.0,0.5698,False,False,False,False,15.63,-0.76,17.96,False,3578.6,,,
301413,,0.5398,1.0,0.7284,0.0,0.0,0.5406,0.339,0.3,0.0,0.0,0.0,0.0,0.0,0.4816,False,False,False,False,83.08,-1.04,109.25,False,4880.9,,,
301418,,0.0,0.8882,0.2617,1.0,1.0,0.0,0.6495,0.3,1.0,0.0,1.0,1.0,0.7,0.2334,False,False,False,False,49.99,3.67,42.58,True,1471.5,,,
301419,,0.2892,1.0,0.7494,0.7305,0.0343,0.3619,0.6077,0.6,0.7422,1.0,1.0,0.0,0.7,0.2385,False,False,False,False,42.5,1.09,41.95,True,3371.4,,,
301421,,0.0,1.0,0.8332,0.3666,0.0,0.6755,0.811,0.3,0.285,0.0,0.0,0.5,0.7,0.3512,False,False,False,False,95.54,-0.43,98.88,False,4437.2,,,
301428,,0.0,1.0,0.7861,0.6149,1.0,0.2254,0.3964,0.3,1.0,0.0,0.0,1.0,1.0,0.3104,False,False,False,False,38.37,-1.51,35.53,True,2352.9,,,
301429,,0.3761,1.0,0.6587,0.2553,0.0,0.551,0.1489,0.0,0.0,0.0,0.0,0.0,1.0,0.4419,False,False,False,False,17.99,0.11,20.12,False,791.9,,,
301446,,0.0,1.0,0.7029,0.8196,0.8044,0.807,0.5017,0.3,0.9702,1.0,0.0,0.0,1.0,0.2597,False,False,False,False,44.1,-0.74,42.83,True,1370.2,,,
301448,,0.0,1.0,0.6786,0.0,0.8376,0.0,0.5054,0.3,1.0,0.0,0.0,1.0,0.0,0.3035,False,False,False,False,41.02,1.94,38.01,True,1980.5,,,
301456,,0.0,1.0,0.6969,0.0501,0.0,0.6128,0.3085,0.3,0.0,0.0,0.0,0.0,1.0,0.4351,False,False,False,False,26.03,-0.53,28.94,False,1541.2,,,
301458,,0.1115,1.0,0.7292,1.0,1.0,0.3439,0.4763,0.3,1.0,0.0,1.0,0.5,0.7,0.2028,False,False,False,False,56.43,0.11,45.64,True,6629.5,,,
301459,,0.0,1.0,0.7257,0.0,0.0,0.7052,0.4024,1.0,0.1427,0.0,0.0,0.5,0.0,0.3873,False,False,False,False,35.64,1.83,37.21,False,930.2,,,
301468,,0.0,1.0,0.6877,0.0,0.0,0.4205,0.2969,0.6,0.39,0.0,0.0,0.5,1.0,0.3972,False,False,False,False,49.85,-1.89,52.57,False,3738.9,,,
301469,,0.0,1.0,0.7312,0.2138,0.0,0.7974,0.2674,0.0,0.2784,0.0,0.0,0.0,1.0,0.452,False,False,False,False,31.68,0.57,33.33,False,1459.1,,,
301479,,0.0,1.0,0.6363,0.0,0.0,0.6753,0.1076,0.0,0.0,0.0,0.0,0.0,0.7,0.5912,False,False,False,False,64.62,1.0,86.3,False,3272.0,,,
301486,,0.0,0.4657,0.4488,1.0,0.5539,0.4443,0.3065,0.3,1.0,0.0,1.0,0.5,1.0,0.2977,False,False,False,False,255.0,6.21,219.33,True,18485.7,,,
301487,,0.0,0.7821,0.4843,0.4987,0.0,0.5542,0.3685,0.0,0.2855,0.0,0.0,0.0,1.0,0.4745,False,False,False,False,22.52,4.31,23.48,False,6143.3,,,
301488,,0.4499,1.0,0.7466,0.8333,1.0,0.4851,0.4579,0.9,0.7432,1.0,1.0,0.5,1.0,0.2735,False,False,False,False,147.0,-0.22,145.13,True,3441.7,,,
301489,,0.0,0.6963,0.463,0.0,0.0,0.0505,0.2767,0.0,0.0,0.0,0.0,0.0,0.7,0.6408,False,False,False,False,153.04,4.82,190.29,False,7606.2,,,
301491,,0.0,1.0,0.7787,0.0,0.0,0.3891,0.2914,0.3,0.0,0.0,0.0,0.5,0.0,0.2493,False,False,False,False,45.67,1.08,47.66,False,1305.4,次新股,,26.6
301498,,0.0,1.0,0.8634,0.0,0.0,0.8762,0.093,0.0,0.0,0.0,0.0,0.0,0.0,0.5632,False,False,False,False,41.86,-0.24,48.22,False,7507.3,,,
301499,,0.0,0.5813,0.4659,0.4482,0.0,0.5511,0.3748,0.6,0.9256,0.0,0.0,0.0,0.7,0.4357,False,False,False,False,35.03,5.51,33.79,True,1210.8,,,
301500,,0.0,1.0,0.6636,0.841,0.658,0.4223,0.3383,0.3,1.0,0.0,0.0,0.5,0.7,0.3073,False,False,False,False,28.31,-0.11,25.33,True,4078.1,,,
301501,,0.1108,1.0,0.8036,0.0,0.0,0.6895,0.1098,0.3,0.0,0.0,0.0,0.0,0.0,0.4535,False,False,False,False,27.02,-1.71,32.4,False,1175.4,,,
301502,,0.0,1.0,0.7264,1.0,1.0,0.8614,0.6863,0.0,1.0,0.0,1.0,0.5,1.0,0.2252,False,False,False,False,86.28,0.88,69.82,True,2042.3,,,
301503,,0.0619,1.0,0.7441,0.0,0.0,0.7065,0.1251,0.3,0.0,0.0,0.0,0.0,0.0,0.3896,False,False,False,False,30.34,1.27,33.67,False,985.4,,,
301507,,0.0,1.0,0.8499,0.0,0.0,0.5392,0.0813,0.0,0.0,0.0,0.0,0.0,0.0,0.4338,False,False,False,False,12.4,-0.32,13.59,False,1366.3,,,
301508,,0.0,1.0,0.8465,0.0,0.0,0.4058,0.1116,0.0,0.0,0.0,0.0,0.0,0.0,0.3729,False,False,False,False,25.2,0.04,27.73,False,1482.7,,,
301509,,0.0,1.0,0.6808,0.0,0.0,0.624,0.1927,0.0,0.0,0.0,0.0,0.0,0.0,0.5396,False,False,False,False,27.52,1.36,32.63,False,1561.5,,,
301510,,0.0,1.0,0.7974,0.3704,0.0,0.5801,0.3308,0.0,0.622,0.0,0.0,0.0,1.0,0.3741,False,False,False,False,35.3,-0.65,35.27,True,9854.3,,,
301511,,0.0,0.6143,0.1805,1.0,1.0,0.5137,0.7076,0.0,1.0,0.0,0.0,1.0,0.7,0.2594,False,False,False,False,169.63,5.31,98.31,True,63536.2,,,
301512,,0.0,0.888,0.4367,0.9129,1.0,0.3611,0.2568,0.3,1.0,0.0,1.0,0.5,1.0,0.2953,False,False,True,False,55.34,3.67,52.23,True,1383.5,,,
301515,,0.5773,1.0,0.7582,0.0774,0.0,0.6278,0.0794,0.0,0.0,0.0,0.0,0.0,1.0,0.3639,False,False,False,False,19.92,-1.04,22.16,False,1306.2,,,
301516,,0.0,0.8972,0.6024,0.0283,0.0,0.7541,0.2071,0.0,0.0,0.0,0.0,0.0,0.7,0.5469,False,False,False,False,16.33,3.62,18.22,False,1146.0,,,
301517,,0.0555,1.0,0.6427,0.0,0.0,0.7086,0.1495,0.3,0.0,0.0,0.0,0.0,0.7,0.4233,False,False,False,False,52.33,1.26,60.1,False,51.1,,,
301518,,0.0,1.0,0.7739,0.0,0.0,0.6316,0.1416,0.3,0.0,0.0,0.0,0.0,0.0,0.4722,False,False,False,False,30.03,-1.12,34.7,False,1605.3,,,
301519,,0.6265,1.0,0.7438,0.0533,0.0,0.4501,0.0747,0.0,0.0,0.0,0.0,0.0,1.0,0.5041,False,False,False,False,12.14,-0.74,13.89,False,917.7,,,
301520,,0.8789,1.0,0.7645,0.0,0.0,0.557,0.1013,0.0,0.0,0.0,0.0,0.0,0.0,0.726,False,False,False,False,24.9,-1.15,38.29,False,584.4,,,
301522,,0.0,1.0,0.8523,0.0,0.0,0.6399,0.2776,0.6,0.0,0.0,0.0,0.5,0.0,0.3437,False,False,False,False,27.76,-0.82,30.45,False,7683.5,,,
301525,,0.9698,1.0,0.6933,0.0,0.0,0.4741,0.4877,1.0,0.0,0.0,1.0,0.0,1.0,0.685,False,False,False,False,49.62,-0.32,72.53,False,2451.3,,,
301526,,0.0,0.0,0.2441,1.0,1.0,0.4576,0.477,0.0,1.0,0.0,0.0,1.0,0.7,0.2883,False,False,False,False,38.68,13.33,20.07,True,543.2,,,
301528,,0.0,1.0,0.6857,1.0,1.0,0.1328,0.4933,0.3,1.0,0.0,0.0,1.0,0.7,0.3945,False,False,False,False,92.15,-1.26,74.64,True,2933.4,,,
301529,,0.7303,1.0,0.7122,0.2256,0.0,0.5366,0.2984,0.0,0.0,0.0,0.0,0.0,1.0,0.5545,False,False,False,False,103.77,-2.18,125.14,False,4737.5,,,
301533,,0.256,1.0,0.8513,0.0,0.0,0.5442,0.1347,0.0,0.0,0.0,0.0,0.0,0.0,0.5251,False,False,False,False,25.9,-0.42,30.33,False,739.4,,,
301535,,0.0,1.0,0.8478,0.0,0.0,0.6445,0.0672,0.0,0.0,0.0,0.0,0.0,0.0,0.4915,False,False,False,False,15.16,-1.11,18.3,False,2574.1,,,
301536,,0.0,0.816,0.5862,0.8567,1.0,0.0,0.6483,0.0,1.0,0.0,0.0,0.5,0.7,0.4491,False,False,False,False,110.35,4.1,83.03,True,20656.8,,,
301538,,0.5192,0.6927,0.6042,0.6662,0.0,0.3483,0.4447,0.6,0.0,0.0,0.0,0.0,1.0,0.6499,False,False,False,False,67.1,4.84,87.7,False,2094.8,,,
301539,,0.0,1.0,0.7475,0.0,0.0,0.6702,0.0757,0.0,0.0,0.0,0.0,0.0,0.0,0.5065,False,False,False,False,15.01,-0.27,17.3,False,1126.7,,,
301548,,0.0,1.0,0.6176,0.4928,0.0,0.5689,0.1603,0.3,0.5164,0.0,0.0,0.0,1.0,0.3533,False,False,False,False,74.8,0.96,77.11,False,2105.0,,,
301551,,0.0842,1.0,0.8589,0.0,0.0,0.6578,0.1086,0.3,0.0,0.0,0.0,0.0,0.0,0.4194,False,False,False,False,21.97,-1.04,26.39,False,3395.5,,,
301552,,0.0,1.0,0.8144,0.0,0.0,0.846,0.0654,0.0,0.0,0.0,0.0,0.0,0.0,0.3559,False,False,False,False,25.38,-0.47,28.05,False,785.3,,,
301555,,0.0,1.0,0.7051,0.8718,1.0,0.2053,0.8102,0.0,1.0,0.0,0.0,0.5,1.0,0.3857,False,False,False,False,43.5,1.28,38.88,True,2103.0,,,
301556,,0.0691,1.0,0.8045,0.0,0.0,0.809,0.0987,0.0,0.0,0.0,0.0,0.0,0.0,0.5756,False,False,False,False,64.89,-0.35,78.53,False,1913.0,,,
301557,,0.0,1.0,0.6897,0.0,0.0,0.2943,0.2523,0.6,0.0,0.0,0.0,0.5,0.0,0.2622,False,False,False,False,88.74,2.49,99.6,False,1576.5,,,
301558,,0.0,1.0,0.7417,0.0,0.0,0.5006,0.1676,0.0,0.0,0.0,0.0,0.0,0.0,0.5556,False,False,False,False,6.8,1.34,7.56,False,1492.5,,,
301559,,0.0,1.0,0.8323,0.0,0.0,0.5995,0.0787,0.0,0.0,0.0,0.0,0.0,0.0,0.5079,False,False,False,False,13.54,0.15,15.21,False,1218.6,,,
301560,,0.0,0.9586,0.6221,0.0,0.0,0.7296,0.3619,0.3,0.0,0.0,0.0,0.0,0.0,0.3626,False,False,False,False,32.42,3.25,36.2,False,1979.6,,,
301563,,0.4545,1.0,0.6324,1.0,1.0,0.4069,0.4661,0.6,0.0,1.0,1.0,0.5,1.0,0.3726,False,False,False,False,188.02,1.74,181.18,True,2767.6,次新股,,26.6
301565,,0.0,1.0,0.7063,0.9625,1.0,0.0769,0.5871,0.6,1.0,0.0,0.0,1.0,1.0,0.2651,False,False,False,False,27.98,-0.6,24.58,True,3581.7,,,
301566,,0.0,0.7904,0.4778,1.0,1.0,0.0,0.4077,0.0,1.0,0.0,1.0,0.5,1.0,0.2486,False,False,False,False,38.2,4.26,29.53,True,8247.8,,,
301567,,0.0,1.0,0.7075,0.1613,0.0,0.4441,0.2735,0.0,0.0144,0.0,0.0,0.0,1.0,0.4392,False,False,False,False,40.4,0.72,43.71,False,858.1,,,
301568,,0.0,0.0,0.0817,1.0,1.0,0.1659,1.0,0.3,1.0,0.0,0.0,1.0,0.7,0.337,False,False,False,False,112.6,9.46,70.55,True,5379.8,,,
301571,,0.0,1.0,0.5276,0.2551,0.7472,0.1548,0.4106,0.6,1.0,0.0,0.0,0.5,0.0,0.3728,False,False,False,False,71.5,2.77,62.92,True,85.2,,,
301575,,0.0,1.0,0.8381,0.0,0.0,0.6949,0.1982,0.0,0.0,0.0,0.0,0.0,0.0,0.4546,False,False,False,False,41.56,0.95,44.6,False,723.5,次新股,,26.6
301577,,0.3798,0.9454,0.3114,1.0,1.0,0.4181,0.7639,0.6,1.0,0.0,0.0,0.5,0.7,0.1992,False,False,False,False,95.33,3.33,78.7,True,1796.1,,,
301578,,0.4494,1.0,0.7501,0.0,0.0,0.3964,0.1212,0.0,0.0,0.0,0.0,0.0,1.0,0.7224,False,False,False,False,22.49,0.36,30.65,False,521.1,,,
301580,,0.0,0.2227,0.0349,0.0,0.0,0.0,0.1395,0.0,0.0,0.0,1.0,0.0,0.0,0.7439,False,False,False,False,46.78,7.66,60.57,False,33.7,,,
301581,,0.1512,1.0,0.6557,0.463,0.0,0.5867,0.3691,0.3,0.3058,0.0,1.0,0.0,1.0,0.3913,False,False,False,False,46.62,2.04,48.27,False,1971.8,,,
301584,,0.1968,1.0,0.83,0.0,0.0,0.5016,0.1407,0.0,0.0,0.0,0.0,0.0,0.0,0.553,False,False,False,False,21.13,-2.04,24.68,False,1135.0,次新股,,26.6
301585,,0.288,1.0,0.7106,0.0009,0.0,0.6079,0.2729,0.6,0.0,0.0,0.0,0.0,1.0,0.3422,False,False,False,False,25.52,1.63,27.68,False,1738.1,,,
301586,,0.0,1.0,0.8587,0.0,0.0,0.6737,0.2749,0.3,0.0,0.0,0.0,0.0,0.0,0.3855,False,False,False,False,36.34,0.06,40.67,False,1922.8,,,
301587,,0.0,0.8438,0.6436,0.3036,0.0,0.3715,0.2197,0.0,0.3024,0.0,0.0,0.0,0.7,0.359,False,False,False,False,25.08,3.94,26.18,False,1842.2,,,
301588,,0.0,1.0,0.6919,1.0,1.0,0.7003,0.2752,0.0,1.0,0.0,0.0,0.5,0.7,0.3109,False,False,False,False,37.33,-2.53,32.38,True,2738.5,,,
301589,,0.0,1.0,0.8446,0.0,0.0,0.6786,0.2073,0.3,0.0,0.0,0.0,0.0,1.0,0.4611,False,False,False,False,149.4,0.95,163.41,False,5149.1,,,
301590,,0.0,0.4113,0.4504,0.1066,0.0,0.1747,0.3432,1.0,0.1397,0.0,1.0,0.0,1.0,0.3849,False,False,False,False,168.64,6.53,179.72,False,1450.8,,,
301591,,0.0,1.0,0.6912,0.8109,1.0,0.1748,0.8506,0.6,1.0,0.0,0.0,1.0,1.0,0.2947,False,False,False,False,51.75,-0.14,46.16,True,1779.5,,,
301592,,0.0,1.0,0.7497,0.0872,0.0,0.5696,0.1829,0.6,0.0545,0.0,0.0,0.5,0.0,0.4045,False,False,False,False,109.18,-2.19,116.63,False,2550.3,,,
301595,,0.0,1.0,0.666,0.0,0.0,0.5355,0.3233,0.6,0.4826,0.0,0.0,0.5,0.0,0.2561,False,False,False,False,46.94,-2.41,47.65,False,1143.6,,,
301596,,0.8522,1.0,0.7471,0.5831,0.0,0.3684,0.6577,0.9,0.0,0.0,1.0,0.0,1.0,0.5988,False,False,False,False,58.73,2.67,73.3,False,1839.2,,,
301600,,0.0258,1.0,0.8074,0.0,0.0,0.6715,0.1528,0.0,0.0,0.0,0.0,0.0,1.0,0.4735,False,False,False,False,93.78,0.71,106.01,False,3025.2,,,
301601,,0.1836,1.0,0.8128,0.0,0.0,0.5518,0.099,0.3,0.0,0.0,0.0,0.0,0.0,0.3842,False,False,False,False,17.7,-0.62,21.04,False,1495.3,,,
301602,,0.0,1.0,0.7413,0.0,0.0,0.4438,0.1067,0.0,0.0,0.0,0.0,0.0,0.0,0.474,False,False,False,False,15.27,-1.23,17.69,False,3183.8,,,
301603,,0.0,0.0,0.0997,1.0,1.0,0.5754,0.3082,0.0,1.0,0.0,1.0,0.0,0.7,0.3599,False,False,False,False,146.11,12.05,116.59,True,5513.1,,,
301606,,0.0,1.0,0.7593,0.1884,0.0,0.6862,0.1839,0.0,0.0,0.0,0.0,0.0,0.7,0.4999,False,False,False,False,63.12,-0.91,69.53,False,10414.7,,,
301607,,0.9196,0.9862,0.7418,0.2223,0.0,0.4304,0.3,0.0,0.0,0.0,0.0,0.0,0.7,0.5473,False,False,False,False,38.04,-3.08,48.33,False,4124.4,,,
301608,,0.0,0.7661,0.6999,0.0,0.0,0.2953,0.202,0.0,0.0,0.0,0.0,0.0,1.0,0.6437,False,False,False,False,53.35,4.4,70.69,False,2130.6,,,
301609,,0.6358,1.0,0.7346,0.0751,0.0,0.7139,0.4922,0.6,0.0,0.0,0.0,0.0,0.0,0.5032,False,False,False,False,38.85,1.09,46.57,False,1423.8,次新股,,26.6
301611,,0.0,1.0,0.579,0.4287,0.8914,0.5446,0.3064,0.3,1.0,0.0,0.0,1.0,1.0,0.2897,False,False,False,False,112.85,-1.58,106.98,True,16541.9,,,
301613,,0.0,1.0,0.7916,0.0,0.0,0.691,0.197,0.3,0.0,0.0,0.0,0.0,0.0,0.4443,False,False,False,False,40.3,0.8,44.56,False,3381.2,,,
301616,,0.0,1.0,0.7609,0.0,0.0,0.7038,0.1623,0.6,0.0,0.0,0.0,0.0,0.0,0.5201,False,False,False,False,37.58,1.32,42.93,False,1067.3,,,
301617,,0.0,0.9493,0.7493,0.0,0.0,0.2715,0.3145,0.6,0.0,0.0,0.0,0.5,1.0,0.4424,False,False,False,False,52.97,-3.3,59.12,False,2809.5,,,
301618,,0.0,0.3396,0.3232,0.0,0.0,0.0,0.3792,1.0,0.0,0.0,0.0,0.0,1.0,0.2626,False,False,False,False,40.25,6.96,45.47,False,1384.4,,,
301622,,0.0,0.8551,0.6649,0.1062,0.3879,0.2257,0.4662,0.3,0.5522,0.0,0.0,0.5,0.0,0.4032,False,False,False,False,60.13,3.87,58.88,True,3888.0,,,
301626,,0.0,1.0,0.6658,1.0,1.0,0.6366,0.3602,0.0,1.0,0.0,0.0,0.0,0.7,0.3365,False,False,False,False,316.91,1.25,284.6,True,16675.5,,,
301628,,0.0,1.0,0.8011,0.8161,0.1909,0.562,0.5959,0.3,0.8179,1.0,0.0,0.0,1.0,0.3109,False,False,False,False,117.25,1.71,114.35,True,3268.4,,,
301629,,0.0,1.0,0.6794,1.0,1.0,0.5675,0.6496,0.0,1.0,0.0,0.0,0.5,1.0,0.3587,False,False,False,False,383.26,-1.27,345.73,True,7357.1,,,
301630,,0.0,0.7807,0.1043,1.0,1.0,0.0,0.4898,0.3,0.0,0.0,1.0,1.0,0.7,0.2331,False,False,False,False,334.5,4.32,248.2,True,3345.0,次新股,,26.6
301631,,0.0,0.6376,0.5722,0.0,0.0,0.5358,0.3325,0.0,0.0,0.0,0.0,0.0,0.7,0.6341,False,False,False,False,81.3,5.17,100.1,False,2531.6,,,
301632,,0.0,1.0,0.7696,0.0,0.0,0.381,0.1199,0.0,0.0,0.0,0.0,0.5,0.0,0.3979,False,False,False,False,16.94,-2.42,19.25,False,12.4,次新股,,26.6
301633,,0.5324,1.0,0.8218,0.0,0.0,0.5386,0.0515,0.0,0.0,0.0,0.0,0.0,0.0,0.4163,False,False,False,False,47.44,-0.13,56.83,False,1210.2,,,
301636,,0.0,1.0,0.7246,0.0,0.0,0.4166,0.0612,0.0,0.0,0.0,0.0,0.0,0.0,0.4457,False,False,False,False,48.11,2.43,57.44,False,767.8,,,
301638,,0.0,1.0,0.8343,0.3144,0.0,0.846,0.2271,0.3,0.0,0.0,0.0,0.0,0.7,0.4083,False,False,False,False,25.09,0.6,26.55,False,5895.7,次新股,,26.6
301656,,0.0,1.0,0.7169,0.0,0.0,0.0713,0.3763,0.6,0.0,0.0,0.0,0.5,0.0,0.303,False,False,False,False,19.37,-2.07,19.99,False,3944.3,次新股,,26.6
301658,,0.1976,1.0,0.7055,0.0,0.0,0.7761,0.2745,0.6,0.0,0.0,0.0,0.0,0.0,0.5957,False,False,False,False,30.56,1.49,36.89,False,2977.1,,,
301662,,0.0,0.096,0.2514,0.0,0.0,0.0,0.2315,0.0,0.0,0.0,0.0,0.0,1.0,0.6196,False,False,False,False,102.84,8.42,135.71,False,3162.7,,,
301665,,0.0,1.0,0.8851,0.0,0.0,0.7652,0.0677,0.0,0.0,0.0,0.0,0.0,0.0,0.488,False,False,False,False,22.4,-1.02,25.0,False,2333.4,,,
301668,,0.0,1.0,0.8012,0.0,0.0,0.7469,0.1413,0.0,0.0,0.0,0.0,0.0,0.0,0.5308,False,False,False,False,36.49,0.77,42.85,False,887.7,次新股,,26.6
301678,,0.0,0.9483,0.7043,0.0196,0.0,0.2407,0.3881,0.6,0.0,0.0,0.0,0.5,0.0,0.2732,False,False,False,False,56.67,-3.31,60.26,False,2715.1,次新股,,26.6
302132,,0.0,1.0,0.8403,0.0,0.0,0.575,0.1415,1.0,0.0,0.0,0.0,0.5,0.0,0.4484,False,False,False,False,60.9,-0.73,65.41,False,35691.6,,,
600000,,0.0,1.0,0.9021,0.2873,0.8235,0.758,0.5107,0.0,0.3487,0.0,0.0,1.0,0.0,0.3376,False,False,False,False,9.46,-0.73,9.55,False,3151.1,金融行业,融资融券/国企改革/保险重仓,38.4
600004,,0.0,1.0,0.8241,0.1356,0.11,0.6316,0.1819,0.3,0.2351,0.0,0.0,0.5,0.0,0.3663,False,False,False,False,8.18,-1.92,8.5,False,193.6,交通运输,整体上市/金融参股/QFII重仓,28.9
600006,,0.0,1.0,0.8856,0.0646,0.0,0.6853,0.118,0.3,0.0,0.0,0.0,0.0,1.0,0.3971,False,False,False,False,5.75,-1.37,6.32,False,115.0,汽车制造,业绩预降,25.0
600007,,1.0,0.8491,0.7328,0.5985,0.0,0.02,0.2008,0.3,0.0,0.0,0.0,0.0,0.7,0.5224,False,False,False,False,18.7,-3.91,21.06,False,188.3,开发区,外资背景/QFII重仓,24.6
600008,,0.0,1.0,0.8952,0.5487,0.7617,0.5333,0.5117,0.3,0.6284,0.0,0.0,0.5,0.0,0.2726,False,False,False,False,3.14,-1.26,3.12,True,230.5,环保行业,垃圾分类/雄安新区/固废处理,28.2
600009,,0.0,1.0,0.8595,0.0,0.0,0.6914,0.1485,0.3,0.0,0.0,0.0,0.5,0.0,0.4254,False,False,False,False,23.79,-1.69,26.02,False,486.8,交通运输,融资融券/国企改革/整体上市,28.9
600010,,0.0,1.0,0.6404,0.0378,0.0,0.3009,0.2748,0.6,0.4046,0.0,0.0,0.0,0.0,0.3827,False,False,False,False,2.47,2.49,2.54,False,775.1,钢铁行业,低碳经济/融资融券/整体上市,26.9
600011,,1.0,1.0,0.7601,1.0,1.0,0.5252,0.6515,0.0,0.6444,1.0,0.0,0.5,1.0,0.3872,True,False,False,False,7.88,-2.23,7.88,True,866.6,电力行业,碳中和/光伏/低碳经济,65.3
600012,,0.5577,0.8648,0.6975,0.8005,0.9438,0.3547,0.4739,0.0,0.5707,0.0,0.0,0.5,0.7,0.397,False,False,False,False,15.9,-3.81,15.99,False,18533.0,公路桥梁,含H股/皖江区域/金融改革,26.1
600015,,0.0,1.0,0.9134,0.4654,0.7159,0.7409,0.5212,0.0,0.5413,0.0,0.0,1.0,0.0,0.2708,False,False,False,False,6.86,-1.01,6.85,True,1055.7,金融行业,融资融券/QFII重仓,38.4
600016,,0.0,1.0,0.8898,0.3,0.4705,0.4865,0.1613,0.3,0.3891,0.0,0.0,1.0,0.0,0.3782,False,False,False,False,3.59,-1.1,3.64,False,127309.0,金融行业,含H股/融资融券/保险重仓,38.4
600017,,0.4132,1.0,0.8039,0.1052,0.0,0.4336,0.1253,0.3,0.0057,0.0,0.0,0.0,0.0,0.3952,False,False,False,False,2.66,-2.21,2.87,False,8181.2,交通运输,海上丝路/自贸区/日韩贸易,28.9
600018,,0.0352,1.0,0.8416,0.4524,0.4563,0.4067,0.2244,0.3,0.3765,0.0,0.0,0.5,1.0,0.2879,False,False,False,False,4.95,-1.98,5.06,False,115071.3,交通运输,上海自贸/整体上市/金融参股,28.9
600019,,0.0,1.0,0.8325,0.0285,0.0,0.5354,0.22,0.0,0.1279,0.0,0.0,0.5,0.0,0.3435,False,False,False,False,5.85,-2.01,6.18,False,127425.2,钢铁行业,融资融券/海工装备/业绩预降,26.9
600020,,0.7746,1.0,0.881,0.4817,0.5907,0.6356,0.2204,0.0,0.366,0.0,0.0,0.0,1.0,0.3091,False,False,False,False,3.88,-1.02,3.96,False,8719.8,公路桥梁,金融参股/参股金融,26.1
600021,,0.8043,1.0,0.7719,0.3913,0.0,0.6517,0.3723,0.3,0.0334,0.0,0.0,0.0,0.0,0.4194,False,False,False,False,17.46,-0.46,18.95,False,49258.8,电力行业,光伏/碳交易/光伏概念,65.3
600022,,0.0,1.0,0.8507,0.0,0.0,0.6736,0.1732,0.0,0.0929,0.0,0.0,0.0,0.0,0.3408,False,False,False,False,1.32,-1.49,1.41,False,14122.5,钢铁行业,低碳经济/融资融券/参股金融,26.9
600023,,0.0,1.0,0.8268,0.8829,1.0,0.7143,0.7489,0.3,0.9491,1.0,0.0,1.0,0.7,0.2655,False,False,False,False,6.14,-0.32,5.92,True,82329.6,电力行业,核电核能,65.3
600025,,0.7657,1.0,0.8686,0.5487,0.6216,0.5866,0.3207,0.3,0.4824,0.0,0.0,0.5,0.0,0.2715,True,False,False,False,9.54,-1.04,9.69,False,177740.6,,,
600026,,0.0,0.3312,0.1446,0.0,0.0,0.0,0.0647,0.3,0.0022,0.0,0.0,0.5,0.0,0.2684,False,False,False,False,17.9,-7.01,19.76,False,68413.8,交通运输,含H股,28.9
600027,,1.0,1.0,0.8024,0.6716,0.3613,0.612,0.4528,0.0,0.2783,0.0,0.0,0.0,1.0,0.3946,True,False,False,False,4.94,-2.37,5.17,False,45525.4,电力行业,含H股/融资融券/业绩预升,65.3
600028,,0.0,1.0,0.8931,0.0,0.0,0.6248,0.195,0.3,0.1256,0.0,0.0,0.5,0.0,0.3436,False,False,False,False,4.97,-0.4,5.25,False,470919.8,石油行业,含H股/融资融券/保险重仓,22.2
600029,,0.0,1.0,0.8657,0.0,0.0165,0.599,0.219,0.6,0.1675,0.0,0.0,0.5,0.0,0.3832,False,False,False,False,5.39,-1.28,5.65,False,72640.9,交通运输,含H股/融资融券/社保重仓,28.9
600030,,0.0,1.0,0.8362,0.41,0.6772,0.2673,0.4265,0.6,0.8404,0.0,0.0,1.0,1.0,0.3557,False,False,False,False,27.25,1.45,26.15,True,331811.0,金融行业,含H股/融资融券/保险重仓,38.4
600031,,0.0,1.0,0.7499,0.1199,0.0706,0.5851,0.3307,0.3,0.2347,0.0,0.0,0.5,0.0,0.3555,False,False,False,False,18.65,-2.81,19.57,False,158047.4,机械行业,国防军工/军工航天/融资融券,29.0
600032,,1.0,1.0,0.7736,0.4807,0.0,0.7589,0.3578,0.3,0.0,0.0,0.0,0.0,0.7,0.5689,False,False,False,False,8.35,-2.22,9.86,False,20079.0,,光伏,
600033,,0.0,1.0,0.8707,0.2799,0.3771,0.5092,0.2596,0.3,0.4175,0.0,0.0,0.5,0.0,0.3954,False,False,False,False,3.55,-1.66,3.62,False,9742.6,公路桥梁,海峡西岸,26.1
600035,,0.4079,1.0,0.9295,0.4335,0.4269,0.4314,0.1586,0.0,0.4081,0.0,0.0,0.0,0.0,0.223,False,False,False,False,3.77,-0.26,3.84,False,6070.1,公路桥梁,物联网/武汉规划,26.1
600037,,0.0,1.0,0.8507,0.0659,0.0,0.6952,0.1598,0.0,0.0,0.0,0.0,0.0,1.0,0.4122,False,False,False,False,6.72,0.3,7.35,False,9352.7,传媒娱乐,,21.0
600038,,0.0,1.0,0.8421,0.0,0.0,0.4943,0.1794,0.3,0.0,0.0,0.0,0.5,0.0,0.3485,False,False,False,False,27.68,-2.16,30.27,False,18516.1,飞机制造,大飞机/国防军工/军民融合,26.5
600039,,0.0,1.0,0.9038,0.0738,0.1643,0.8221,0.5267,0.0,0.1868,0.0,0.0,0.0,0.0,0.3178,False,False,False,False,8.35,0.36,8.75,False,72608.2,建筑建材,碳中和/成渝特区/融资融券,23.8
600048,,0.7118,1.0,0.8202,0.0,0.0,0.5063,0.1056,0.6,0.0,0.0,0.0,0.0,0.0,0.3686,False,False,False,False,5.05,-2.7,5.79,False,60450.7,房地产,融资融券/社保重仓/保险重仓,29.6
600050,,0.0,1.0,0.9242,0.2085,0.0719,0.8241,0.4366,0.6,0.2436,0.0,0.0,0.5,0.0,0.2512,False,False,False,False,4.37,-0.68,4.53,False,135428.1,电子信息,5G概念/融资融券/社保重仓,26.5
600051,,0.5183,1.0,0.8288,0.0,0.0,0.7364,0.1404,0.0,0.0,0.0,0.0,0.0,0.0,0.5175,False,False,False,False,6.15,-1.28,7.07,False,1911.9,综合行业,涉矿概念/业绩预降,20.3
600052,,0.0,0.0,0.1416,0.1675,0.0,0.6056,0.1616,0.0,0.2292,0.0,1.0,0.0,1.0,0.5014,False,False,False,False,4.02,10.14,4.18,False,33.9,房地产,金融参股/参股金融,29.6
600053,,0.4247,0.9917,0.568,0.0,0.0,0.7489,0.1173,0.3,0.0,0.0,0.0,0.0,0.0,0.5722,False,False,False,False,8.11,3.05,11.39,False,3516.0,房地产,业绩预升,29.6
600054,,0.0,1.0,0.8151,0.0833,0.0476,0.5906,0.2102,0.3,0.2676,0.0,0.0,0.5,0.0,0.3321,False,False,False,False,11.05,-1.16,11.49,False,5672.0,酒店旅游,含B股/金融参股/参股金融,27.5
600055,,0.1611,1.0,0.6069,0.0,0.0,0.5098,0.1262,0.6,0.0,0.0,0.0,0.0,0.0,0.5538,False,False,False,False,11.6,-2.27,13.4,False,8155.5,医疗器械,,26.5
600056,,0.3361,1.0,0.8917,0.0842,0.0,0.8103,0.1235,0.0,0.0,0.0,0.0,0.0,0.0,0.5108,False,False,False,False,9.08,-1.63,9.95,False,13577.8,商业百货,金融参股/参股金融,26.7
600057,,0.0,1.0,0.8184,0.0,0.0,0.7168,0.1391,0.0,0.0,0.0,0.0,0.5,0.0,0.4699,False,False,False,False,6.1,-2.24,6.82,False,12764.3,交通运输,海峡西岸/参股金融,28.9
600059,,0.0,1.0,0.8604,0.0488,0.0,0.6345,0.2567,0.3,0.0293,0.0,0.0,0.0,0.0,0.3593,False,False,False,False,7.94,-2.22,8.49,False,7237.6,酿酒行业,融资融券/金融参股/参股金融,23.3
600060,,0.0,1.0,0.6973,0.8776,1.0,0.0,0.264,0.9,1.0,0.0,0.0,1.0,0.7,0.3092,False,False,False,False,26.46,-2.33,25.05,True,34402.5,家电行业,融资融券/日韩贸易/社保重仓,31.7
600061,,0.0,1.0,0.8577,0.1191,0.299,0.4803,0.3815,0.6,0.4544,0.0,0.0,0.5,0.0,0.3491,False,False,False,False,6.61,0.76,6.64,False,42264.2,化纤行业,上海自贸/上海本地,40.6
600062,,0.0,1.0,0.8826,0.2216,0.1789,0.5282,0.1874,0.3,0.2522,0.0,0.0,0.5,0.0,0.3414,False,False,False,False,16.76,-1.64,17.44,False,17400.7,生物制药,仿制药/融资融券/生物疫苗,24.5
600063,,0.0,0.5385,0.4188,0.8744,1.0,0.0,0.47,0.3,1.0,0.0,1.0,1.0,0.0,0.3435,False,False,True,False,8.25,5.77,7.16,True,170.7,化纤行业,光伏/融资融券/皖江区域,40.6
600064,,0.0,1.0,0.8693,0.0068,0.0,0.6731,0.2405,0.9,0.2282,0.0,0.0,0.5,0.0,0.3966,False,False,False,False,7.51,-1.83,7.87,False,129.9,开发区,金融改革/抗癌/金融参股,24.6
600066,,0.9834,0.3795,0.4716,0.3066,0.0,0.0,0.1237,0.0,0.0,0.0,0.0,0.0,0.7,0.7297,False,False,False,False,26.36,-6.72,31.5,False,58359.4,汽车制造,融资融券/金融参股/保险重仓,25.0
600067,,0.0,1.0,0.6089,0.0,0.1981,0.0,0.4635,0.6,0.8441,0.0,0.0,1.0,0.0,0.3133,False,False,False,False,3.63,1.4,3.47,True,5051.8,房地产,海峡西岸/融资融券/锂电池,29.6
600071,,0.067,0.982,0.5417,0.0,0.0,0.2364,0.3737,0.3,0.0,0.0,0.0,0.0,0.0,0.3611,False,False,False,False,17.25,3.11,18.77,False,4857.1,,锂电池/食品安全/参股金融,
600072,,0.3438,1.0,0.8446,0.0,0.0,0.8328,0.0768,0.3,0.0,0.0,0.0,0.0,1.0,0.5141,False,False,False,False,9.82,-0.51,11.66,False,10638.4,船舶制造,国防军工/军工航天/海工装备,27.2
600073,,0.3148,1.0,0.8556,0.0,0.0,0.6226,0.1258,0.3,0.0,0.0,0.0,0.0,0.0,0.4009,False,False,False,False,4.99,-1.77,5.54,False,4679.3,食品行业,猪肉/国企改革/上海本地,28.5
600075,,0.0,1.0,0.7925,0.0,0.0,0.6471,0.0855,0.0,0.0,0.0,0.0,0.0,0.0,0.4924,False,False,False,False,4.68,-2.9,5.57,False,7992.5,化工行业,水利建设,59.2
600076,,0.1332,1.0,0.7318,0.3695,0.0,0.8636,0.2676,0.3,0.3574,0.0,0.0,0.0,1.0,0.4432,False,False,False,False,3.49,0.29,3.67,False,4692.5,电子信息,碳中和/黄河三角/锂电池,26.5
600078,,0.0,1.0,0.4056,0.6218,0.2075,0.2096,0.3177,0.3,1.0,0.0,0.0,0.0,0.7,0.246,False,False,False,False,13.85,2.06,13.08,True,9176.6,化工行业,融资融券,59.2
600079,,0.4497,1.0,0.911,0.2371,0.0,0.4074,0.0784,0.0,0.1324,0.0,0.0,0.0,0.0,0.2597,False,False,False,False,16.99,-1.34,17.94,False,26218.6,生物制药,仿制药/融资融券/武汉规划,24.5
600080,,0.4397,1.0,0.6304,0.0,0.0,0.6323,0.1055,0.3,0.0,0.0,0.0,0.0,0.0,0.5012,False,False,False,False,4.97,2.05,6.31,False,1855.2,生物制药,陕甘宁,24.5
600081,,0.0,1.0,0.8181,0.1724,0.0,0.7773,0.129,0.3,0.0537,0.0,0.0,0.0,1.0,0.4698,False,False,False,False,10.43,1.66,11.14,False,5768.1,汽车制造,汽车电子/业绩预升/上海本地,25.0
600082,,0.3879,1.0,0.7835,0.0,0.0,0.8595,0.1155,0.0,0.0,0.0,0.0,0.0,1.0,0.5908,False,False,False,False,3.04,-1.3,3.48,False,1928.4,房地产,超导概念/天津自贸/互联金融,29.6
600084,,0.6999,1.0,0.7674,0.0,0.0,0.7328,0.3624,0.3,0.0,0.0,1.0,0.0,0.0,0.564,False,False,False,False,4.3,0.0,5.32,False,4832.0,酿酒行业,金融参股/股期概念,23.3
600085,,0.2083,1.0,0.8631,0.0,0.0,0.6462,0.2208,0.9,0.0,0.0,0.0,0.0,0.0,0.3575,False,False,False,False,24.37,-1.85,26.6,False,33422.7,生物制药,仿制药/融资融券/社保重仓,24.5
600088,,0.595,0.6744,0.6171,0.2116,0.0,0.4878,0.263,0.6,0.0,0.0,0.0,0.5,1.0,0.6106,False,False,False,False,13.24,-4.95,15.09,False,5265.6,传媒娱乐,业绩预升,21.0
600089,,0.0,1.0,0.776,0.0546,0.0,0.5297,0.3831,0.0,0.1603,0.0,0.0,0.0,0.0,0.4045,False,False,False,False,24.11,1.26,26.1,False,121822.8,发电设备,光伏/光伏概念/低碳经济,26.5
600094,,0.0,1.0,0.6977,0.0908,0.0,0.3524,0.1888,0.3,0.2931,0.0,0.0,0.0,1.0,0.4449,False,False,False,False,4.19,0.0,4.38,False,8908.9,房地产,含B股/融资融券/业绩预升,29.6
600095,,0.0,1.0,0.761,0.0,0.0,0.5869,0.3162,0.6,0.0,0.0,0.0,0.5,0.0,0.3889,False,False,False,False,8.18,1.11,8.82,False,23388.2,房地产,光伏/光伏概念/金融改革,29.6
600096,,0.0,1.0,0.6455,0.0481,0.0,0.4292,0.2225,0.3,0.3427,0.0,0.0,0.5,0.0,0.3815,False,False,False,False,30.62,-1.92,31.89,False,558.2,农药化肥,碳中和/融资融券/锂电池,20.2
600097,,0.0176,1.0,0.7664,0.0,0.0,0.542,0.1037,0.0,0.0,0.0,0.0,0.0,0.0,0.3588,False,False,False,False,8.68,1.4,9.82,False,2091.3,农林牧渔,水产品,26.1
600098,,0.8951,1.0,0.7403,0.5987,0.0341,0.6225,0.5746,0.0,0.2262,0.0,0.0,0.0,1.0,0.4432,True,False,False,False,6.96,0.43,7.38,False,24400.8,电力行业,光伏/固废处理/金融参股,65.3
600099,,0.2691,1.0,0.7852,0.0,0.0,0.6221,0.0729,0.0,0.0,0.0,0.0,0.0,0.0,0.5137,False,False,False,False,8.99,-0.11,10.28,False,1969.9,摩托车,专精特新/沿海发展,
600100,,0.1083,1.0,0.8892,0.0,0.0,0.7934,0.2762,0.3,0.0,0.0,0.0,0.0,0.0,0.4186,False,False,False,False,7.15,-0.97,8.07,False,23954.6,电子信息,国防军工/物联网/军工航天,26.5
600101,,0.7899,1.0,0.87,0.4034,0.0,0.7514,0.4471,0.6,0.0951,0.0,0.0,0.0,0.0,0.4097,False,False,False,False,9.19,-0.43,9.89,False,5034.9,电力行业,成渝特区/涉矿概念/业绩预升,65.3
600103,,0.2978,1.0,0.6307,0.1263,0.0,0.82,0.2234,0.3,0.1813,0.0,0.0,0.0,0.7,0.3973,False,False,False,False,3.7,2.49,3.99,False,81.9,造纸行业,海峡西岸/金融参股/参股金融,24.3
600104,,0.8741,1.0,0.8826,0.0,0.0,0.2008,0.0579,0.0,0.0,0.0,0.0,0.0,0.0,0.521,False,False,False,False,10.65,-1.3,12.69,False,122424.7,汽车制造,融资融券/国企改革/整体上市,25.0
600105,,0.0,0.0,0.2789,1.0,1.0,0.614,0.8381,0.0,1.0,0.0,0.0,0.5,0.7,0.3575,False,False,False,False,58.88,9.99,45.15,True,860.8,电子信息,专精特新/5G概念/超导概念,26.5
600106,,0.0599,1.0,0.8403,0.0,0.0,0.7377,0.0829,0.0,0.0,0.0,0.0,0.0,1.0,0.3819,False,False,False,False,5.0,-0.2,5.58,False,6645.1,公路桥梁,成渝特区/页岩气/金融参股,26.1
600107,,0.4533,1.0,0.8744,0.6617,0.7577,0.8859,0.2215,0.0,0.6297,0.0,1.0,0.0,1.0,0.2718,False,False,False,False,6.37,0.0,6.38,False,2293.2,服装鞋类,融资融券/金融参股/参股金融,23.7
600108,,0.0,1.0,0.7645,0.0,0.0,0.0,0.1306,0.0,0.2632,0.0,0.0,0.5,0.0,0.219,False,False,False,False,3.65,-0.82,3.84,False,7106.2,农林牧渔,乡村振兴/稀缺资源/融资融券,26.1
600109,,0.0,1.0,0.8561,0.2213,0.1611,0.37,0.2923,0.9,0.6628,0.0,0.0,0.5,1.0,0.4015,False,False,False,False,8.78,-0.23,8.61,True,32533.1,金融行业,成渝特区/融资融券/股期概念,38.4
600110,,0.0,0.0,1.0,1.0,1.0,1.0,0.2863,0.3,1.0,0.0,0.0,1.0,0.7,0.6581,False,False,False,False,15.65,9.98,10.81,True,27155.6,电力行业,锂电池/参股金融,65.3
600111,,0.0,1.0,0.5535,0.3408,0.3,0.1693,0.435,0.3,0.9217,0.0,0.0,0.5,1.0,0.4316,False,False,False,False,51.98,2.99,50.2,True,187911.1,有色金属,稀缺资源/融资融券/锂电池,62.0
600113,,0.0,1.0,0.8174,0.0,0.0,0.6307,0.1868,0.0,0.0,0.0,0.0,0.0,0.0,0.4487,False,False,False,False,35.59,-1.52,42.36,False,14642.8,房地产,融资融券/金融改革/民营银行,29.6
600114,,0.0,1.0,0.82,1.0,1.0,0.4934,0.6131,0.3,1.0,0.0,1.0,1.0,1.0,0.235,False,False,False,False,42.35,0.31,36.02,True,26103.8,机械行业,业绩预升/外资背景,29.0
600115,,0.0,1.0,0.822,0.0,0.0,0.4595,0.1995,0.3,0.0051,0.0,0.0,0.5,0.0,0.4104,False,False,False,False,4.03,-2.18,4.35,False,68610.6,交通运输,大飞机/含H股/融资融券,28.9
600116,,0.6383,1.0,0.9049,0.4219,0.0,0.802,0.4753,0.0,0.1456,0.0,0.0,0.0,0.0,0.3799,False,False,False,False,6.26,-0.79,6.67,False,11970.0,电力行业,光伏/成渝特区/融资融券,65.3
600117,,0.0,1.0,0.7953,0.0,0.0,0.6911,0.1902,0.3,0.0,0.0,0.0,0.0,0.0,0.4032,False,False,False,False,2.29,0.44,2.46,False,7454.2,钢铁行业,参股金融,26.9
600118,,0.7668,1.0,0.7662,0.0,0.0,0.7014,0.1703,0.3,0.0,0.0,0.0,0.0,1.0,0.5721,False,False,False,False,75.26,-0.79,86.17,False,88994.1,飞机制造,大飞机/国防军工/军民融合,26.5
600119,,0.4429,1.0,0.6396,0.0,0.0,0.8368,0.2212,0.0,0.0,0.0,0.0,0.0,0.0,0.5788,False,False,False,False,4.94,2.7,5.84,False,1804.4,交通运输,金融改革/金融参股/上海本地,28.9
600120,,0.0,1.0,0.8828,0.0,0.0,0.7516,0.133,0.0,0.0,0.0,0.0,0.0,0.0,0.5605,False,False,False,False,4.54,-0.22,5.21,False,15505.8,物资外贸,军民融合/融资融券/金融改革,35.1
600121,,1.0,1.0,0.7465,0.788,1.0,0.616,0.4956,0.0,0.3155,0.0,0.0,0.5,0.0,0.3519,True,False,False,False,4.38,-2.01,4.58,False,5336.6,煤炭行业,业绩预降/金融参股/参股金融,44.3
600123,,0.566,1.0,0.8253,0.7299,0.9561,0.5795,0.4013,0.3,0.6158,0.0,0.0,0.5,1.0,0.3332,False,False,False,False,6.72,-2.18,6.73,False,9900.2,煤炭行业,低碳经济/稀缺资源/融资融券,44.3
600125,,0.311,1.0,0.9044,0.036,0.0,0.7652,0.1058,0.0,0.0352,0.0,0.0,0.0,0.0,0.3407,False,False,False,False,5.51,-1.25,5.93,False,7193.4,交通运输,碳中和/融资融券/金融参股,28.9
600126,,0.077,1.0,0.7118,0.0,0.0,0.9059,0.1444,0.0,0.0,0.0,0.0,0.0,0.0,0.6491,False,False,False,False,7.01,1.01,8.15,False,23674.1,钢铁行业,,26.9
600127,,0.5078,1.0,0.8516,0.0,0.0,0.8262,0.1644,0.0,0.0,0.0,0.0,0.0,0.0,0.4165,False,False,False,False,5.73,-1.88,6.4,False,3677.4,农林牧渔,乡村振兴/长株潭/基因概念,26.1
600128,,0.1939,1.0,0.831,0.0,0.0,0.5944,0.1003,0.3,0.0,0.0,0.0,0.0,0.0,0.4161,False,False,False,False,8.68,0.0,9.74,False,2141.9,物资外贸,金融参股/参股金融/股期概念,35.1
600129,,0.2541,1.0,0.8369,0.0,0.0,0.5948,0.2124,0.3,0.0,0.0,0.0,0.0,0.0,0.4661,False,False,False,False,13.21,-2.08,14.95,False,7284.2,生物制药,成渝特区/抗癌/金融参股,24.5
600130,,0.0019,0.9949,0.6104,0.4993,0.0,0.8491,0.4313,0.0,0.5051,0.0,0.0,0.0,0.7,0.3573,False,False,False,False,4.76,3.03,4.94,False,3570.0,电子信息,,26.5
600131,,0.0555,1.0,0.8491,0.0,0.0,0.8477,0.1985,0.3,0.0,0.0,0.0,0.0,0.0,0.409,False,False,False,False,15.26,-1.29,17.27,False,18249.5,电力行业,成渝特区/低碳经济/水利建设,65.3
600132,,0.754,1.0,0.8327,0.2126,0.0,0.4786,0.1994,0.3,0.001,0.0,0.0,0.0,0.0,0.4027,False,False,False,False,48.36,-2.11,52.43,False,23404.8,酿酒行业,成渝特区/融资融券/外资背景,23.3
600133,,0.0,1.0,0.7202,0.0567,0.0,0.7551,0.2539,0.0,0.0987,0.0,0.0,0.0,0.0,0.4769,False,False,False,False,8.24,1.73,8.8,False,8785.8,房地产,武汉规划/固废处理/污水处理,29.6
600135,,0.0,1.0,0.7792,0.0,0.0,0.6102,0.2539,0.0,0.0655,0.0,0.0,0.5,0.7,0.3604,False,False,False,False,9.16,-2.14,9.97,False,5068.3,化工行业,光伏/光伏概念/雄安新区,59.2
600136,,0.5112,1.0,0.8186,0.0,0.0,0.7425,0.2014,0.0,0.0,0.0,0.0,0.0,0.0,0.3716,False,False,False,False,1.48,0.68,1.67,False,2875.8,商业百货,武汉规划/金融参股/参股金融,26.7
600137,,0.4212,1.0,0.7855,0.0435,0.0,0.7286,0.2134,0.0,0.0,0.0,0.0,0.0,0.0,0.4847,False,False,False,False,18.4,0.33,20.89,False,1788.8,服装鞋类,,23.7
600138,,0.2316,1.0,0.8658,0.0,0.0,0.6163,0.1163,0.0,0.0,0.0,0.0,0.0,0.0,0.4326,False,False,False,False,7.36,-1.21,8.35,False,53.3,酒店旅游,QFII重仓/分拆上市,27.5
600141,,0.0,0.6541,0.334,0.099,1.0,0.0,0.539,0.3,1.0,0.0,0.0,0.5,0.0,0.4822,False,False,False,False,39.13,5.08,33.02,True,47024.1,化工行业,稀缺资源/融资融券/金融参股,59.2
600143,,0.0,1.0,0.8627,0.2477,0.0,0.7042,0.3059,0.6,0.4719,0.0,0.0,0.0,1.0,0.3877,False,False,False,False,16.95,-0.29,17.2,False,44660.3,塑料制品,融资融券/金融改革/民营银行,54.0
600148,,0.3061,1.0,0.7453,0.0376,0.0,0.674,0.1464,0.0,0.0,0.0,0.0,0.0,1.0,0.4287,False,False,False,False,16.24,0.06,17.9,False,2298.2,汽车制造,朝鲜改革/国防军工/军民融合,25.0
600149,,0.4794,1.0,0.7043,0.0,0.0,0.7688,0.1973,0.0,0.0,0.0,0.0,0.0,1.0,0.5828,False,False,False,False,5.01,1.01,5.77,False,1904.6,机械行业,雄安新区/融资融券/京津冀,29.0
600150,,0.0,1.0,0.8088,0.5102,0.0,0.7224,0.2223,0.0,0.5515,0.0,0.0,0.0,0.7,0.3017,False,False,False,False,35.99,0.22,36.37,False,218511.6,船舶制造,国防军工/军民融合/军工航天,27.2
600151,,0.0799,1.0,0.8076,0.0,0.0,0.9004,0.2326,0.9,0.0,0.0,0.0,0.0,1.0,0.4818,False,False,False,False,11.78,0.0,13.73,False,16895.5,电子器件,光伏/光伏概念/国防军工,74.0
600152,,0.0,1.0,0.5487,0.6004,0.0,0.8512,0.2586,0.0,0.6839,0.0,0.0,0.0,0.7,0.3556,False,False,False,False,11.32,2.17,11.53,False,5989.2,纺织行业,,26.5
600153,,0.2605,1.0,0.878,0.5673,0.3625,0.7131,0.2354,0.3,0.4669,0.0,0.0,0.0,1.0,0.3017,False,False,False,False,9.31,0.22,9.47,False,26994.7,物资外贸,海峡西岸/融资融券/金融参股,35.1
600155,,0.0,1.0,0.8061,0.0,0.0,0.407,0.1445,0.3,0.0104,0.0,0.0,0.0,0.0,0.4366,False,False,False,False,5.55,0.91,5.93,False,12285.2,化工行业,雄安新区/京津冀,59.2
600156,,0.4194,1.0,0.6305,0.6701,0.0,0.9407,0.2441,0.3,0.1285,0.0,0.0,0.0,0.7,0.5618,False,False,False,False,9.13,1.22,9.92,False,3671.3,纺织行业,长株潭/金融参股/参股金融,26.5
600157,,0.362,1.0,0.8824,0.463,0.0838,0.8599,0.4109,0.3,0.3925,0.0,0.0,0.0,0.0,0.3038,False,False,False,False,1.7,0.0,1.76,False,37090.2,煤炭行业,光伏/融资融券/页岩气,44.3
600158,,0.801,1.0,0.7294,0.0169,0.0,0.6828,0.3316,0.6,0.0,0.0,0.0,0.0,0.7,0.4934,False,False,False,False,8.06,-0.86,10.58,False,77.3,,融资融券/京津冀/赛马概念,
600159,,0.6086,1.0,0.6574,0.0216,0.0,0.5907,0.1413,0.0,0.0,0.0,0.0,0.0,1.0,0.5923,False,False,False,False,2.49,-1.58,2.9,False,2066.7,房地产,京津冀,29.6
600160,,0.0,1.0,0.5421,0.7844,1.0,0.0,0.7404,0.6,1.0,0.0,0.0,1.0,0.0,0.2682,False,False,False,False,46.7,0.24,37.46,True,1260.8,化工行业,碳交易/低碳经济/融资融券,59.2
600161,,0.0,1.0,0.8636,0.0,0.0,0.5314,0.2315,0.9,0.0,0.0,0.0,0.0,0.0,0.3662,False,False,False,False,12.46,-1.97,13.91,False,24638.0,生物制药,生物疫苗/业绩预升/本月解禁,24.5
600162,,0.0,0.8132,0.3956,1.0,1.0,0.0,0.7037,1.0,1.0,0.0,0.0,0.5,1.0,0.1602,False,False,False,False,3.49,-4.12,2.53,True,11406.8,房地产,涉矿概念/民营银行,29.6
600163,,0.4476,1.0,0.8328,0.441,0.0,0.7545,0.513,0.3,0.1616,0.0,0.0,0.0,1.0,0.4351,False,False,False,False,6.01,0.5,6.46,False,11437.0,造纸行业,光伏/光伏概念/海峡西岸,24.3
600165,,0.0,1.0,0.7193,0.0,0.0,0.5533,0.1721,0.0,0.0,0.0,0.0,0.0,0.0,0.479,False,False,False,False,2.83,-0.7,3.16,False,2074.1,钢铁行业,节能环保/陕甘宁/金融参股,26.9
600166,,0.0,1.0,0.8323,0.2876,0.0,0.7861,0.1556,0.0,0.5617,0.0,0.0,1.0,0.7,0.3762,False,False,False,False,3.1,-2.52,3.15,False,24543.9,汽车制造,百度概念/融资融券/业绩预降,25.0
600167,,0.2707,1.0,0.694,0.166,0.0,0.5289,0.2808,0.0,0.0,0.0,0.0,0.0,1.0,0.4266,False,False,False,False,6.11,0.16,6.62,False,138.3,供水供气,,21.9
600168,,0.4661,1.0,0.8337,0.0719,0.0,0.7539,0.2621,0.0,0.0,0.0,0.0,0.0,0.0,0.3984,False,False,False,False,4.42,0.23,4.82,False,4390.8,供水供气,武汉规划/赛马概念/污水处理,21.9
600169,,0.4667,1.0,0.9107,0.2514,0.0178,0.5927,0.1911,0.3,0.2407,0.0,0.0,0.0,0.0,0.197,False,False,False,False,2.22,-0.89,2.32,False,7399.6,机械行业,融资融券/海工装备/券商重仓,29.0
600170,,0.0,1.0,0.8907,0.0718,0.0,0.6514,0.1933,0.3,0.0571,0.0,0.0,0.0,0.0,0.4115,False,False,False,False,2.42,-0.82,2.6,False,21504.0,建筑建材,碳中和/融资融券/国企改革,23.8
600171,,0.0661,1.0,0.8061,0.2289,0.0,0.6343,0.4554,0.3,0.2027,0.0,0.0,0.0,1.0,0.34,False,False,False,False,27.43,0.99,28.55,False,19445.8,电子器件,物联网/触摸屏/金融参股,74.0
600172,,0.1572,0.8559,0.5491,1.0,1.0,0.4241,0.2937,0.6,1.0,0.0,0.0,0.5,0.7,0.2615,False,False,False,False,12.9,3.86,11.16,True,16463.7,其它行业,国防军工/页岩气/QFII重仓,41.7
600173,,0.3549,1.0,0.6988,0.1415,0.0,0.7628,0.2915,0.3,0.1289,0.0,0.0,0.0,0.0,0.3022,False,False,False,False,6.72,1.2,7.15,False,4706.8,房地产,,29.6
600176,,0.0,0.0908,0.3882,1.0,1.0,0.1652,0.6316,0.0,1.0,0.0,0.0,1.0,0.7,0.4592,False,False,False,False,49.64,8.46,35.54,True,198715.7,玻璃行业,社保重仓,82.0
600177,,0.0,1.0,0.9014,0.4803,0.4577,0.6044,0.1941,0.0,0.5265,0.0,0.0,0.5,0.7,0.3113,False,False,False,False,7.41,-0.4,7.47,False,34259.7,服装鞋类,融资融券/互联金融/金融参股,23.7
600178,,0.0,0.89,0.8022,0.0,0.1101,0.0,0.2219,0.6,0.1252,0.0,0.0,1.0,0.0,0.354,False,False,False,False,9.74,-3.66,10.19,False,4543.5,汽车制造,国防军工/军工航天,25.0
600179,,0.0,1.0,0.8124,0.3866,0.9612,0.4677,0.4762,0.6,0.7685,0.0,0.0,1.0,0.0,0.3614,False,False,False,False,4.57,-1.08,4.5,True,17650.6,煤炭行业,海南自贸/融资融券,44.3
600180,,0.7689,0.7187,0.5312,0.0,0.0,0.3863,0.2735,0.0,0.0,0.0,0.0,0.0,0.0,0.6654,False,False,False,False,1.34,4.69,2.14,False,1456.1,交通运输,黄河三角/电商概念,28.9
600182,,0.0,1.0,0.8777,0.3384,0.4195,0.6209,0.2799,0.3,0.5972,0.0,0.0,0.5,1.0,0.3849,False,False,False,False,14.2,0.21,14.06,True,2414.0,汽车制造,外资背景,25.0
600183,,0.0,0.199,0.6695,1.0,1.0,0.3412,0.9076,0.0,1.0,0.0,0.0,1.0,0.7,0.2446,False,False,False,False,179.4,7.81,111.24,True,429573.6,电子器件,华为概念/信托重仓/券商重仓,74.0
600184,,0.0,1.0,0.7414,1.0,1.0,0.5472,0.4382,0.3,1.0,0.0,0.0,0.0,0.7,0.3566,False,False,False,False,27.54,1.74,24.43,True,160.5,玻璃行业,光伏概念/国防军工/军工航天,82.0
600185,,0.1742,1.0,0.8554,0.0,0.0,0.8012,0.1769,0.0,0.0,0.0,0.0,0.0,0.0,0.4753,False,False,False,False,5.02,-0.99,5.62,False,9462.7,房地产,融资融券/国企改革,29.6
600186,,0.0,0.0,0.1969,1.0,1.0,0.5516,0.37,0.3,1.0,0.0,0.0,1.0,0.7,0.4071,False,False,True,False,13.33,9.98,9.86,True,23731.2,食品行业,融资融券/准ST股,28.5
600187,,1.0,1.0,0.7222,0.0,0.3489,0.4621,0.3988,0.3,0.0,0.0,0.0,0.5,0.0,0.3918,False,False,False,False,1.47,2.08,1.66,False,2372.3,供水供气,污水处理,21.9
600188,,1.0,1.0,0.7185,1.0,1.0,0.3388,0.2431,0.6,0.5989,0.0,0.0,0.5,0.7,0.3907,True,False,False,False,20.82,-1.23,21.48,False,124115.3,煤炭行业,低碳经济/含H股/融资融券,44.3
600189,,0.0,1.0,0.788,0.4451,0.0,0.6864,0.4276,0.6,0.5182,0.0,0.0,0.5,1.0,0.3337,False,False,False,False,7.91,0.64,8.03,False,5657.2,农林牧渔,碳中和/朝鲜改革/华为概念,26.1
600191,,0.0,1.0,0.758,0.0,0.0,0.4791,0.1806,0.3,0.4461,0.0,0.0,0.5,0.0,0.4341,False,False,False,False,11.16,1.27,11.47,False,5411.8,食品行业,金融参股/参股金融,28.5
600192,,0.0,0.0,0.3043,0.0,0.0,0.4866,0.4269,0.3,0.0132,0.0,0.0,0.0,0.0,0.4864,False,False,False,False,7.59,10.0,8.08,False,33.5,发电设备,光伏/智能电网/锂电池,26.5
600195,,0.0,1.0,0.8621,0.0,0.0,0.8031,0.2383,0.0,0.0496,0.0,0.0,0.5,0.0,0.4166,False,False,False,False,6.65,-1.77,7.13,False,6790.6,农林牧渔,生物疫苗/赛马概念/保险重仓,26.1
600196,,0.0,1.0,0.8625,0.0,0.0,0.5809,0.1293,0.6,0.0,0.0,0.0,0.5,0.0,0.475,False,False,False,False,21.85,-2.06,23.93,False,46289.0,生物制药,仿制药/免疫治疗/含H股,24.5
600197,,0.8366,0.9371,0.7436,0.1059,0.0,0.1399,0.3131,0.3,0.0,0.0,0.0,0.0,1.0,0.4905,False,False,False,False,10.3,-3.38,12.0,False,4873.7,酿酒行业,白酒概念/融资融券/金融参股,23.3
600198,,0.0,1.0,0.3881,0.4862,1.0,0.1602,0.5152,0.9,1.0,0.0,0.0,1.0,1.0,0.3298,False,False,False,False,9.63,2.77,8.94,True,12537.8,电子信息,5G概念/物联网/电子支付,26.5
600199,,0.6138,1.0,0.8542,0.0,0.0,0.8343,0.416,0.6,0.0,0.0,0.0,0.0,0.0,0.4698,False,False,False,False,6.77,-1.31,7.99,False,4453.3,酿酒行业,白酒概念/融资融券/基金重仓,23.3
600201,,0.0,1.0,0.8665,0.0,0.0,0.7106,0.1822,0.3,0.1344,0.0,0.0,0.5,0.0,0.3949,False,False,False,False,12.38,-0.8,13.34,False,13763.4,生物制药,生物疫苗,24.5
600202,,0.5652,1.0,0.8137,0.0,0.0,0.6154,0.0852,0.0,0.0,0.0,0.0,0.0,1.0,0.4859,False,False,False,False,4.93,-1.6,5.7,False,18.9,电器行业,朝鲜改革/低碳经济/核电核能,28.3
600203,,0.0,0.2257,0.1982,0.5196,0.0,0.0519,0.3488,0.6,0.6719,0.0,1.0,0.0,1.0,0.4628,False,False,False,False,12.53,7.65,12.34,True,7430.1,电子器件,海峡西岸/智能穿戴/绿色照明,74.0
600206,,0.0,0.0,0.2311,1.0,1.0,0.5414,0.6215,0.6,1.0,0.0,0.0,1.0,0.7,0.4808,False,False,False,False,39.11,10.01,28.32,True,33108.7,电子器件,光伏,74.0
600207,,0.0,0.7138,0.4864,0.9816,0.6114,0.6656,0.6161,0.6,0.92,1.0,1.0,0.0,0.7,0.3524,False,False,False,False,6.66,4.72,6.44,True,7254.8,电子器件,光伏/光伏概念/触摸屏,74.0
600208,,0.0,1.0,0.4079,0.0,0.0,0.6302,0.2099,0.3,0.0218,0.0,0.0,0.5,0.7,0.4282,False,False,False,False,3.12,2.63,3.43,False,26544.9,房地产,融资融券/涉矿概念/金融改革,29.6
600210,,0.0,1.0,0.8594,0.1795,0.1544,0.6018,0.3095,0.3,0.4529,0.0,0.0,0.5,0.0,0.372,False,False,False,False,6.71,1.05,6.8,False,10177.3,印刷包装,大飞机/锂电池/上海本地,26.0
600212,,0.2057,1.0,0.7599,0.0,0.0,0.6911,0.179,0.3,0.0,0.0,0.0,0.0,0.0,0.5302,False,False,False,False,5.88,0.86,6.77,False,3123.3,综合行业,ST板块/锂电池/节能环保,20.3
600215,,0.0,1.0,0.7516,0.2198,0.0,0.596,0.2569,0.3,0.2799,0.0,0.0,0.0,0.0,0.3715,False,False,False,False,6.5,0.93,6.74,False,2969.7,开发区,朝鲜改革,24.6
600216,,0.0,1.0,0.8302,0.0,0.0,0.5528,0.1658,0.3,0.0,0.0,0.0,0.0,0.0,0.4133,False,False,False,False,11.96,-1.73,13.55,False,11378.6,生物制药,钠电池/融资融券/生物疫苗,24.5
600217,,0.4289,1.0,0.7657,0.0,0.0,0.3285,0.1129,0.3,0.0,0.0,0.0,0.0,0.0,0.412,False,False,False,False,3.17,1.28,3.55,False,5254.8,水泥行业,垃圾分类/陕甘宁,29.8
600218,,0.0,1.0,0.869,0.0,0.0,0.7714,0.203,0.0,0.0,0.0,0.0,0.0,0.0,0.4554,False,False,False,False,8.08,-0.74,9.01,False,3519.6,机械行业,融资融券/皖江区域/QFII重仓,29.0
600219,,0.0143,1.0,0.8475,0.0,0.0,0.658,0.209,0.6,0.0,0.0,0.0,0.0,0.0,0.5393,False,False,False,False,4.69,-2.49,5.42,False,538.6,有色金属,大飞机/融资融券/社保重仓,62.0
600221,,0.0,1.0,0.8246,0.339,0.5857,0.5541,0.352,0.6,0.4597,0.0,0.0,0.5,1.0,0.318,False,False,False,False,1.49,-1.97,1.51,False,63839.8,交通运输,海南自贸/含B股/融资融券,28.9
600222,,0.1928,1.0,0.5347,0.9698,1.0,0.5997,0.5577,0.3,1.0,0.0,0.0,0.5,0.7,0.3326,False,False,False,False,8.1,2.79,7.63,True,46.5,生物制药,CXO概念/业绩预升/金融参股,24.5
600223,,0.5464,1.0,0.7872,0.0,0.0,0.2884,0.092,0.6,0.0,0.0,0.0,0.0,0.0,0.357,False,False,False,False,5.5,-2.48,6.29,False,5591.1,房地产,黄河三角/融资融券/业绩预升,29.6
600226,,0.0,0.4899,0.4828,1.0,1.0,0.0,0.5709,0.9,1.0,0.0,0.0,1.0,1.0,0.3028,False,False,False,False,8.75,6.06,6.27,True,26025.8,农药化肥,核电核能/参股金融,20.2
600227,,0.3851,1.0,0.7661,0.0,0.0,0.8201,0.1718,0.3,0.0,0.0,0.0,0.0,0.0,0.4673,False,False,False,False,2.83,-0.7,3.23,False,3615.6,农药化肥,参股金融,20.2
600228,,0.0,0.0,0.1122,0.942,1.0,0.0,1.0,0.3,1.0,0.0,0.0,1.0,0.7,0.3633,False,False,False,False,8.92,9.99,6.42,True,3711.1,化工行业,金融参股,59.2
600229,,0.1408,0.7542,0.6558,0.191,0.1498,0.0,0.1418,0.3,0.0627,0.0,0.0,0.5,0.0,0.4329,False,False,False,False,5.55,-4.48,5.93,False,3666.9,化工行业,融资融券/自贸区/日韩贸易,59.2
600230,,0.0,1.0,0.8328,0.0,0.0,0.6899,0.1915,0.0,0.0,0.0,0.0,0.5,0.0,0.4814,False,False,False,False,14.9,-1.65,16.56,False,6168.0,农药化肥,雄安新区/ST板块/融资融券,20.2
600231,,0.0,1.0,0.7884,0.112,0.0,0.6921,0.088,0.0,0.0,0.0,0.0,0.0,0.0,0.4701,False,False,False,False,1.88,-0.53,2.04,False,5332.4,钢铁行业,朝鲜改革/金融参股/参股金融,26.9
600232,,0.0,1.0,0.7746,0.0,0.0,0.8052,0.1696,0.0,0.0,0.0,0.0,0.0,1.0,0.3938,False,False,False,False,7.02,-1.13,7.88,False,2560.3,纺织行业,锂电池,26.5
600233,,0.3359,0.9837,0.7156,0.0536,0.0,0.468,0.0424,0.0,0.0,0.0,0.0,0.0,0.0,0.3787,False,False,False,False,16.58,-3.1,18.66,False,56748.5,服装鞋类,振兴沈阳,23.7
600234,,0.0,1.0,0.485,1.0,1.0,0.8312,0.2362,0.3,1.0,0.0,1.0,0.5,0.7,0.2619,False,False,False,False,26.75,2.29,23.11,True,7022.4,传媒娱乐,ST板块,21.0
600235,,0.4482,1.0,0.8192,0.0,0.0,0.5064,0.118,0.0,0.0,0.0,0.0,0.0,0.0,0.4794,False,False,False,False,5.51,-0.36,6.29,False,1935.7,造纸行业,信托重仓,24.3
600236,,0.9869,0.8,0.82,0.8217,0.0,0.8313,0.5283,0.0,0.2297,0.0,0.0,0.0,0.7,0.5058,False,False,False,False,9.58,-4.2,10.39,False,75513.2,电力行业,风能概念/参股金融,65.3
600237,,0.074,0.3452,0.6567,1.0,1.0,0.0,0.5094,0.9,1.0,0.0,1.0,0.5,1.0,0.1899,False,False,False,False,11.42,6.93,10.14,True,7133.1,电子器件,皖江区域/金融改革,74.0
600238,,0.3592,1.0,0.827,0.3733,0.3649,0.9472,0.1933,0.0,0.2189,0.0,0.0,0.0,1.0,0.3747,False,False,False,False,4.97,-0.8,5.14,False,2213.0,酿酒行业,专精特新/白酒概念/海南自贸,23.3
600239,,0.3956,1.0,0.8122,0.0,0.0,0.7702,0.1342,0.3,0.0,0.0,0.0,0.0,0.0,0.4368,False,False,False,False,1.43,0.7,1.71,False,2296.1,房地产,融资融券/QFII重仓,29.6
600241,,0.2925,1.0,0.7118,0.0,0.0,0.7561,0.138,0.3,0.0,0.0,1.0,0.0,0.0,0.4958,False,False,False,False,7.28,1.53,8.38,False,2142.5,物资外贸,锂电池/自贸区/参股金融,35.1
600243,,0.5965,1.0,0.6572,0.6347,0.8457,0.5387,0.2731,0.3,0.4256,0.0,0.0,0.5,1.0,0.3766,False,False,False,False,3.81,-2.06,3.92,False,16.7,机械行业,机器人概念,29.0
600246,,0.1969,0.9711,0.6345,1.0,1.0,0.6592,0.3839,0.6,1.0,0.0,0.0,0.5,1.0,0.2105,False,False,False,False,16.78,-3.17,14.26,True,31721.1,房地产,雄安新区/京津冀,29.6
600248,,0.6086,1.0,0.8667,0.0612,0.0,0.7914,0.11,0.0,0.0,0.0,0.0,0.0,0.0,0.4146,False,False,False,False,2.95,-1.67,3.29,False,10931.9,建筑建材,陕甘宁/参股金融,23.8
600249,,0.0,0.7424,0.5125,0.0,0.0,0.4175,0.179,0.3,0.1479,0.0,0.0,0.0,0.0,0.4248,False,False,False,False,5.29,4.55,5.59,False,2909.5,化工行业,金融参股/参股金融,59.2
600250,,0.5426,1.0,0.8413,0.0,0.0,0.8037,0.1269,0.0,0.0,0.0,0.0,0.0,0.0,0.446,False,False,False,False,8.72,-1.13,10.1,False,2727.5,物资外贸,,35.1
600251,,0.0,1.0,0.8456,0.0327,0.0,0.9115,0.034,0.0,0.2001,0.0,0.0,0.5,0.0,0.4106,False,False,False,False,9.83,-1.01,10.54,False,7637.8,农林牧渔,稀缺资源/涉矿概念/社保重仓,26.1
600252,,0.6926,1.0,0.6423,0.0,0.0,0.0319,0.1287,0.0,0.0,0.0,0.0,0.0,0.0,0.435,False,False,False,False,1.99,-2.93,2.32,False,6336.5,生物制药,融资融券/生物疫苗/抗癌,24.5
600255,,0.0,0.9561,0.4716,1.0,1.0,0.0,0.4102,0.9,1.0,0.0,0.0,0.5,1.0,0.2976,False,False,False,False,4.43,3.26,3.91,True,8001.2,有色金属,锂电池/皖江区域/超导概念,62.0
600256,,0.9422,0.2603,0.5372,0.5942,0.024,0.2815,0.3336,0.6,0.0,0.0,0.0,0.5,0.0,0.5395,False,False,False,False,5.6,-7.44,6.32,False,35795.2,综合行业,碳中和/光伏/融资融券,20.3
600257,,0.5256,1.0,0.7992,0.0,0.0,0.5983,0.1492,0.0,0.0,0.0,0.0,0.0,0.0,0.5446,False,False,False,False,4.95,-0.6,5.81,False,2382.1,农林牧渔,白酒概念/水产品/融资融券,26.1
600258,,0.0,1.0,0.8564,0.0,0.0,0.5923,0.1336,0.3,0.0,0.0,0.0,0.0,0.0,0.4466,False,False,False,False,12.85,-1.15,14.09,False,14348.4,酒店旅游,分拆上市,27.5
600259,,0.0,0.459,0.286,0.6102,1.0,0.0136,0.3637,0.3,1.0,0.0,0.0,1.0,0.7,0.4189,False,False,False,False,106.14,6.25,89.89,True,35709.3,有色金属,海南自贸/稀缺资源/融资融券,62.0
600261,,0.4204,1.0,0.8754,0.1104,0.0,0.93,0.1424,0.3,0.0,0.0,0.0,0.0,0.0,0.4858,False,False,False,False,3.18,-0.93,3.48,False,4245.5,家电行业,低碳经济/绿色照明/节能环保,31.7
600262,,0.0,1.0,0.8549,0.0,0.0,0.9065,0.2241,0.3,0.0136,0.0,0.0,0.0,0.0,0.456,False,False,False,False,22.05,-0.05,23.86,False,3748.5,机械行业,国防军工/军工航天,29.0
600265,,1.0,1.0,0.5447,1.0,1.0,0.4051,0.0,0.0,0.7639,1.0,0.0,0.5,0.7,0.4192,True,False,False,False,23.02,-1.12,22.87,True,2988.0,农林牧渔,ST板块/稀缺资源/准ST股,26.1
600266,,0.5123,1.0,0.8202,0.0,0.0,0.7319,0.2578,0.0,0.0,0.0,0.0,0.0,0.0,0.4432,False,False,False,False,4.35,-2.25,4.89,False,90.3,房地产,雄安新区/融资融券/京津冀,29.6
600267,,0.0,0.8596,0.7438,0.1794,0.0,0.7342,0.108,0.0,0.1514,0.0,0.0,0.5,0.0,0.6039,False,False,False,False,9.76,-3.84,10.37,False,11699.9,生物制药,仿制药/免疫治疗/融资融券,24.5
600268,,0.0,1.0,0.79,0.0249,0.0,0.7421,0.2322,0.0,0.118,0.0,0.0,0.0,0.0,0.416,False,False,False,False,12.64,-0.47,13.76,False,12776.9,发电设备,光伏/智能电网/节能环保,26.5
600269,,0.8133,1.0,0.8409,0.1545,0.0,0.3328,0.127,0.3,0.0,0.0,0.0,0.0,0.0,0.4865,False,False,False,False,4.11,-1.91,4.44,False,9598.5,公路桥梁,核电核能/金融参股/参股金融,26.1
600271,,0.0,1.0,0.8878,0.0,0.0,0.6891,0.2404,0.3,0.0,0.0,0.0,0.0,0.0,0.4435,False,False,False,False,7.11,-0.28,8.09,False,13174.0,电子信息,国防军工/物联网/军工航天,26.5
600272,,0.0,1.0,0.8118,0.0,0.0,0.4732,0.2042,0.0,0.0,0.0,0.0,0.0,0.0,0.3677,False,False,False,False,11.0,0.18,11.98,False,1760.0,服装鞋类,含B股/业绩预降,23.7
600273,,0.0,1.0,0.8508,0.0,0.0,0.4021,0.1181,0.0,0.0,0.0,0.0,0.0,0.0,0.4313,False,False,False,False,7.04,-1.54,8.03,False,9231.6,化工行业,碳中和/光伏/光伏概念,59.2
600276,,0.0,1.0,0.8677,0.0,0.0,0.7488,0.1832,0.6,0.0,0.0,0.0,0.5,0.0,0.4563,False,False,False,False,47.35,-1.11,51.54,False,302045.8,生物制药,融资融券/抗癌/保险重仓,24.5
600278,,0.0,1.0,0.7604,0.0,0.0,0.4319,0.169,0.6,0.0,0.0,0.0,0.0,0.0,0.3767,False,False,False,False,6.28,-1.88,6.95,False,5475.6,物资外贸,国企改革/上海自贸/金融参股,35.1
600279,,1.0,0.9226,0.7691,0.3672,0.0,0.1828,0.3444,1.0,0.0,0.0,0.0,0.5,1.0,0.4122,False,False,False,False,4.18,-3.46,5.01,False,4961.1,交通运输,成渝特区,28.9
600280,,0.6623,1.0,0.7195,0.4326,0.5725,0.1119,0.4036,0.3,0.1795,0.0,0.0,0.5,0.0,0.3497,False,False,False,False,3.11,0.65,3.29,False,3509.1,商业百货,内贸规划/业绩预升/社保重仓,26.7
600281,,0.0,1.0,0.6167,0.0,0.0,0.232,0.2483,0.0,0.0301,0.0,0.0,0.0,0.0,0.3842,False,False,False,False,4.95,1.64,5.28,False,2546.3,化工行业,业绩预降,59.2
600282,,0.0,1.0,0.7841,0.1729,0.0,0.349,0.1507,0.0,0.2906,0.0,0.0,0.5,0.0,0.4101,False,False,False,False,4.85,-1.82,5.08,False,29900.7,钢铁行业,低碳经济/参股金融,26.9
600283,,0.0,1.0,0.8882,0.1779,0.0,0.9156,0.1443,0.9,0.1106,0.0,0.0,0.0,0.0,0.3503,False,False,False,False,8.34,-0.12,8.85,False,4538.4,供水供气,水利建设,21.9
600285,,0.6529,1.0,0.8507,0.4471,0.178,0.5992,0.286,0.0,0.2546,0.0,0.0,0.0,1.0,0.3958,False,False,False,False,20.67,-1.48,21.58,False,11696.4,生物制药,业绩预升/QFII重仓/参股金融,24.5
600287,,0.3459,1.0,0.8076,0.0,0.0,0.845,0.0837,0.0,0.0,0.0,0.0,0.0,0.0,0.4092,False,False,False,False,4.8,-1.03,5.37,False,2096.6,物资外贸,业绩预升/金融参股/参股金融,35.1
600288,,0.0,1.0,0.7735,0.0,0.0,0.6844,0.1792,0.6,0.122,0.0,0.0,0.0,1.0,0.3933,False,False,False,False,13.1,1.16,14.01,False,5722.1,电子信息,专精特新/融资融券/食品安全,26.5
600289,,0.7063,1.0,0.7585,0.0,0.0,0.8857,0.1102,0.3,0.0,0.0,1.0,0.0,0.0,0.3737,False,False,False,False,5.53,0.18,6.35,False,3129.6,电子信息,5G概念/电子支付,26.5
600292,,0.0,0.9998,0.7181,0.2621,0.0,0.3889,0.193,0.6,0.5651,0.0,0.0,0.5,0.0,0.3518,False,False,False,False,14.22,-3.0,14.36,False,6246.6,环保行业,碳中和/碳交易/成渝特区,28.2
600293,,0.0098,1.0,0.6089,0.8905,1.0,0.0,0.3138,0.9,1.0,0.0,1.0,0.5,1.0,0.232,False,False,False,False,3.79,1.07,3.44,True,4396.9,玻璃行业,光伏/融资融券/参股金融,82.0
600295,,0.0,1.0,0.8115,0.0862,0.0,0.2868,0.3166,0.0,0.5116,0.0,0.0,0.5,0.0,0.3712,False,False,False,False,13.84,0.36,14.19,False,27342.0,服装鞋类,光伏/光伏概念/含B股,23.7
600298,,0.0,1.0,0.8445,0.023,0.0,0.4482,0.1996,0.3,0.0,0.0,0.0,0.5,0.0,0.3801,False,False,False,False,34.73,-2.42,37.6,False,29768.8,食品行业,融资融券,28.5
600299,,0.6619,0.9401,0.7628,0.0,0.0,0.6483,0.1163,0.0,0.0,0.0,0.0,0.0,0.0,0.6349,False,False,False,False,9.78,-3.36,11.44,False,26229.0,化工行业,维生素,59.2
600300,,0.0,1.0,0.8921,0.0308,0.0,0.8075,0.1271,0.0,0.0,0.0,0.0,0.0,0.0,0.456,False,False,False,False,3.07,-0.65,3.35,False,4964.6,食品行业,融资融券/参股金融,28.5
600301,,0.0,1.0,0.6564,0.9281,1.0,0.2205,0.3831,0.3,1.0,0.0,0.0,1.0,1.0,0.3317,False,False,False,False,67.21,-1.02,57.07,True,18505.3,化工行业,ST板块/融资融券,59.2
600302,,0.0,1.0,0.6419,0.3048,0.9686,0.5255,0.4682,0.6,0.3399,0.0,0.0,1.0,0.0,0.4308,False,False,False,False,10.11,-1.27,10.51,False,3498.2,纺织机械,陕甘宁/金融参股/参股金融,26.5
600303,,0.8571,0.7896,0.6503,0.543,0.0,0.4813,0.0895,0.6,0.0,0.0,0.0,0.0,1.0,0.6445,False,False,False,False,2.92,-4.26,3.26,False,1972.8,汽车制造,朝鲜改革/节能环保/振兴沈阳,25.0
600305,,0.2349,1.0,0.8549,0.1629,0.0,0.4624,0.1178,0.0,0.0592,0.0,0.0,0.0,0.0,0.4976,False,False,False,False,6.81,-1.16,7.28,False,7511.3,食品行业,金融改革/券商重仓/QFII重仓,28.5
600307,,0.0,1.0,0.8726,0.0,0.0,0.7222,0.1419,0.0,0.0,0.0,0.0,0.0,0.0,0.3827,False,False,False,False,1.55,-1.27,1.7,False,9708.2,钢铁行业,核电核能/陕甘宁,26.9
600308,,0.0,1.0,0.9014,0.0,0.0,0.8555,0.142,0.3,0.0,0.0,0.0,0.0,0.0,0.5428,False,False,False,False,3.34,-1.18,3.65,False,5066.3,造纸行业,光伏/光伏概念/黄河三角,24.3
600309,,0.0,0.7222,0.7315,0.0,0.0,0.2289,0.0437,0.0,0.0,0.0,0.0,0.0,0.0,0.5054,False,False,False,False,70.07,-4.67,77.81,False,219352.1,化工行业,黄河三角/低碳经济/融资融券,59.2
600310,,0.8921,1.0,0.7972,0.8757,0.0,0.833,0.2277,0.0,0.2417,0.0,0.0,0.0,0.7,0.4787,False,False,False,False,4.84,-1.83,5.17,False,7094.0,电力行业,光伏/金融参股/参股金融,65.3
600312,,0.0,1.0,0.7492,0.1508,0.0,0.5622,0.3427,0.0,0.1978,0.0,0.0,0.0,0.0,0.4823,False,False,False,False,19.26,0.63,20.56,False,26134.3,发电设备,智能电网/融资融券,26.5
600313,,0.3917,1.0,0.8531,0.0,0.0,0.8548,0.1232,0.0,0.0,0.0,0.0,0.0,0.0,0.3227,False,False,False,False,5.79,-1.86,6.61,False,6265.9,农林牧渔,乡村振兴,26.1
600315,,0.0,1.0,0.8495,0.0,0.0,0.6184,0.1054,0.6,0.1683,0.0,0.0,0.5,0.0,0.3066,False,False,False,False,18.47,-0.7,19.26,False,12416.0,化工行业,融资融券/社保重仓/上海本地,59.2
600316,,0.0,1.0,0.8834,0.0,0.0,0.6927,0.066,0.3,0.0,0.0,0.0,0.0,0.0,0.542,False,False,False,False,27.15,-1.09,32.51,False,19469.7,飞机制造,大飞机/国防军工/军民融合,26.5
600318,,0.0,1.0,0.8367,0.0,0.0,0.5984,0.1478,0.0,0.0,0.0,0.0,0.0,0.0,0.5097,False,False,False,False,6.52,-0.15,7.27,False,3343.0,水泥行业,皖江区域,29.8
600319,,0.4098,1.0,0.8569,0.1274,0.0,0.7228,0.205,0.3,0.0021,0.0,0.0,0.0,1.0,0.5006,False,False,False,False,6.98,-0.14,7.59,False,2706.2,化工行业,黄河三角/ST板块/准ST股,59.2
600320,,0.0,0.96,0.7696,0.0707,0.0,0.6576,0.0636,0.0,0.0575,0.0,0.0,0.0,1.0,0.451,False,False,False,False,4.48,-3.24,4.85,False,14882.5,机械行业,含B股/海工装备/上海本地,29.0
600322,,0.607,0.7366,0.5674,0.77,0.9476,0.1716,0.1929,0.3,0.4724,0.0,0.0,1.0,0.7,0.3553,False,False,False,False,2.5,-4.58,2.56,False,2764.3,房地产,京津冀,29.6
600323,,0.2712,0.6982,0.5761,0.5717,0.3694,0.0,0.1902,0.0,0.3305,0.0,0.0,0.0,0.7,0.4707,False,False,False,False,28.89,-4.81,30.15,False,23555.4,供水供气,垃圾分类/固废处理/污水处理,21.9
600325,,0.4957,1.0,0.7949,0.0,0.0,0.6164,0.1544,0.6,0.0,0.0,0.0,0.0,0.0,0.5475,False,False,False,False,2.56,-1.54,3.16,False,7045.5,房地产,融资融券/国企改革/金融参股,29.6
600326,,0.1834,1.0,0.8248,0.0,0.0,0.716,0.1664,0.0,0.0,0.0,0.0,0.0,0.0,0.5416,False,False,False,False,7.25,0.28,8.58,False,9877.9,建筑建材,稀缺资源/水利建设/涉矿概念,23.8
600327,,0.5567,1.0,0.8659,0.0,0.0,0.8362,0.1835,0.3,0.0,0.0,0.0,0.0,0.0,0.4213,False,False,False,False,3.45,-0.86,3.82,False,3052.5,商业百货,金融改革/民营银行/金融参股,26.7
600328,,0.0,1.0,0.7768,0.0,0.0,0.6404,0.1147,0.0,0.0,0.0,0.0,0.5,0.0,0.5027,False,False,False,False,6.91,0.58,7.62,False,10132.2,化工行业,钠电池/稀缺资源/核电核能,59.2
600329,,0.0,1.0,0.8556,0.1959,0.0,0.6834,0.209,0.0,0.1761,0.0,0.0,0.0,0.0,0.3966,False,False,False,False,38.23,-1.39,40.53,False,21679.8,生物制药,基因概念/抗癌,24.5
600330,,0.0,0.7189,0.5647,1.0,1.0,0.7032,0.289,0.0,1.0,0.0,1.0,0.5,0.7,0.2735,False,False,False,False,32.39,4.69,26.76,True,39950.9,电子信息,光伏/光伏概念/国防军工,26.5
600331,,0.0767,0.891,0.7365,0.0,0.0,0.6415,0.1619,0.0,0.0,0.0,0.0,0.0,1.0,0.6927,False,False,False,False,12.92,-3.65,15.0,False,26253.4,有色金属,成渝特区/稀缺资源/金融参股,62.0
600332,,0.0,1.0,0.905,0.1411,0.0915,0.7108,0.3463,0.6,0.1112,0.0,0.0,0.5,0.0,0.2539,False,False,False,False,21.15,-2.8,22.36,False,29734.6,生物制药,仿制药/含H股/融资融券,24.5
600333,,0.1854,1.0,0.83,0.4729,0.1305,0.7596,0.4233,0.6,0.3627,0.0,0.0,0.0,1.0,0.3319,False,False,False,False,5.5,0.18,5.66,False,3349.7,供水供气,朝鲜改革/融资融券,21.9
600335,,0.2421,1.0,0.7882,0.0107,0.0,0.5616,0.1323,0.3,0.0,0.0,0.0,0.0,0.0,0.4112,False,False,False,False,5.24,-2.06,5.74,False,78.4,汽车制造,参股金融,25.0
600336,,0.2203,0.8216,0.6924,0.4503,0.0,0.5491,0.2591,0.9,0.0623,0.0,0.0,0.0,1.0,0.4613,False,False,False,False,7.07,-4.07,7.62,False,5642.0,家电行业,锂电池/涉矿概念/日韩贸易,31.7
600337,,0.3733,1.0,0.7547,0.7742,0.5719,0.9078,0.4218,0.0,0.697,0.0,1.0,0.0,0.7,0.4267,False,False,False,False,3.03,1.34,3.04,False,4354.1,家具行业,券商重仓,35.0
600338,,0.0,1.0,0.4943,0.0916,0.0,0.3759,0.1719,0.0,0.5785,0.0,0.0,0.5,0.7,0.3332,False,False,False,False,18.43,2.79,18.87,False,16848.9,有色金属,盐湖提锂,62.0
600339,,0.1509,1.0,0.801,0.0,0.0,0.7906,0.3037,0.3,0.0,0.0,0.0,0.0,0.0,0.4359,False,False,False,False,3.3,-1.49,3.73,False,18424.4,化工行业,碳中和/ST板块/油气改革,59.2
600340,,0.0,1.0,0.7512,0.0191,1.0,0.7906,0.5225,0.6,0.2344,0.0,0.0,1.0,0.0,0.5202,False,False,False,False,1.33,-0.75,1.33,True,5178.2,房地产,雄安新区/融资融券/京津冀,29.6
600343,,0.2366,1.0,0.7393,0.0,0.0,0.6889,0.2105,0.6,0.0,0.0,0.0,0.0,0.0,0.4447,False,False,False,False,24.42,0.54,30.49,False,15585.0,飞机制造,大飞机/国防军工/军民融合,26.5
600345,,0.0,0.4041,0.3051,1.0,1.0,0.254,0.7495,0.0,1.0,0.0,0.0,1.0,0.7,0.3175,False,False,False,False,63.7,6.58,51.48,True,13476.3,电子信息,5G概念/物联网/武汉规划,26.5
600346,,0.0,0.8164,0.6654,0.0,0.0,0.4463,0.1942,0.3,0.0,0.0,0.0,0.5,0.0,0.5949,False,False,False,False,17.77,-4.1,19.76,False,125084.8,机械行业,准ST股/振兴沈阳,29.0
600348,,1.0,1.0,0.7793,0.4616,0.0,0.6997,0.2415,0.3,0.1039,0.0,0.0,0.5,1.0,0.4336,False,False,False,False,8.58,-2.05,9.35,False,30952.4,煤炭行业,钠电池/低碳经济/稀缺资源,44.3
600350,,0.0,1.0,0.8371,0.8354,0.5745,0.3537,0.5444,0.0,0.603,0.0,0.0,0.0,0.7,0.3292,False,False,False,False,11.06,0.09,11.09,False,53470.4,公路桥梁,污水处理/自贸区/金融参股,26.1
600351,,0.0,1.0,0.9144,0.2684,0.0,0.8668,0.0882,0.0,0.2911,0.0,0.0,0.5,0.0,0.2385,False,False,False,False,6.18,-0.8,6.44,False,4276.6,生物制药,生物疫苗/民营银行/婴童概念,24.5
600352,,0.0,1.0,0.7311,0.0,0.0,0.0,0.1422,0.0,0.4095,0.0,0.0,0.5,0.0,0.3814,False,False,False,False,11.68,-1.85,12.01,False,37998.9,化工行业,业绩预升/券商重仓/分拆上市,59.2
600353,,0.0,0.0,1.0,1.0,1.0,1.0,0.6723,0.0,1.0,0.0,0.0,1.0,1.0,0.5601,False,False,False,False,34.72,10.01,22.24,True,28776.3,电子器件,国防军工/军民融合/成渝特区,74.0
600354,,0.2952,1.0,0.8374,0.0,0.0,0.7117,0.153,0.0,0.0,0.0,0.0,0.0,0.0,0.4766,False,False,False,False,5.22,-2.06,5.88,False,2755.1,农林牧渔,乡村振兴/融资融券/生物育种,26.1
600356,,0.5711,0.9373,0.7284,0.2776,0.0,0.6395,0.0918,0.0,0.0,0.0,0.0,0.0,1.0,0.4534,False,False,False,False,8.3,-3.38,9.07,False,2479.5,造纸行业,,24.3
600358,,0.4345,1.0,0.8039,0.2675,0.0,0.8191,0.3728,0.6,0.1559,0.0,0.0,0.0,1.0,0.2871,False,False,False,False,5.69,-1.56,6.07,False,2873.1,酒店旅游,,27.5
600359,,0.0391,1.0,0.7923,0.0357,0.0,0.6577,0.1159,0.3,0.0,0.0,0.0,0.0,0.0,0.4207,False,False,False,False,6.23,-2.96,6.83,False,2376.8,农林牧渔,光伏概念/乡村振兴/涉矿概念,26.1
600360,,0.7237,0.9819,0.6684,1.0,1.0,0.0,0.0,0.0,1.0,1.0,1.0,0.5,0.7,0.2092,False,False,False,False,11.61,3.11,11.01,True,11149.0,电子器件,朝鲜改革/军民融合/低碳经济,74.0
600361,,0.0,1.0,0.8148,0.3207,0.0,0.5686,0.3622,0.0,0.3603,0.0,0.0,0.0,1.0,0.3537,False,False,False,False,4.22,-2.31,4.35,False,15751.8,商业百货,赛马概念/保险重仓/QFII重仓,26.7
600362,,0.0,1.0,0.7269,0.0516,0.1754,0.1858,0.1987,0.6,0.7819,0.0,0.0,0.0,0.0,0.4081,False,False,False,False,46.5,-1.82,46.13,True,96499.0,有色金属,含H股/稀缺资源/融资融券,62.0
600363,,0.0,1.0,0.66,0.0,0.0,0.4715,0.1844,0.0,0.0,0.0,0.0,0.0,0.0,0.4852,False,False,False,False,35.27,2.2,43.3,False,15902.8,电子器件,国防军工/军民融合/军工航天,74.0
600365,,0.3855,1.0,0.7619,0.0,0.0,0.5644,0.0954,0.0,0.0,0.0,0.0,0.0,0.0,0.3863,False,False,False,False,2.53,0.4,2.87,False,1081.0,酿酒行业,,23.3
600366,,0.0,0.1205,0.3178,0.4549,1.0,0.0,0.7497,0.6,1.0,0.0,0.0,1.0,1.0,0.2936,False,False,False,False,14.39,8.28,13.05,True,158.2,仪器仪表,低碳经济/融资融券/风能概念,29.4
600367,,0.0,0.703,0.4934,1.0,1.0,0.4188,0.8455,0.6,1.0,0.0,1.0,1.0,1.0,0.2449,False,False,False,False,56.53,4.78,34.42,True,18201.1,化工行业,稀缺资源/锂电池,59.2
600368,,0.9706,1.0,0.9291,0.4419,0.1578,0.8124,0.306,0.6,0.2407,0.0,0.0,0.0,1.0,0.3592,False,False,False,False,3.74,-0.53,3.91,False,6020.1,公路桥梁,涉矿概念/海上丝路/业绩预降,26.1
600369,,0.0,1.0,0.8859,0.1776,0.1937,0.497,0.2254,0.0,0.4667,0.0,0.0,0.5,0.0,0.3573,False,False,False,False,4.08,-0.24,4.11,False,27112.0,金融行业,成渝特区/融资融券/信托重仓,38.4
600370,,0.0,0.6111,0.5111,0.0,0.0,0.5616,1.0,0.3,0.0,0.0,0.0,1.0,0.0,0.6188,False,False,False,False,1.58,5.33,1.82,False,6348.8,纺织行业,,26.5
600371,,0.6048,1.0,0.7619,0.0,0.0,0.466,0.0851,0.0,0.0,0.0,0.0,0.0,0.0,0.3986,False,False,False,False,6.89,-1.57,7.97,False,2015.9,农林牧渔,乡村振兴/生物育种/生物燃料,26.1
600372,,0.0,1.0,0.9221,0.0,0.0,0.6809,0.16,0.6,0.0,0.0,0.0,0.0,0.0,0.4691,False,False,False,False,11.08,-0.36,12.24,False,53615.0,飞机制造,大飞机/国防军工/军民融合,26.5
600373,,0.1722,1.0,0.8429,0.0338,0.0,0.6078,0.1715,0.3,0.0,0.0,0.0,0.5,0.0,0.3647,False,False,False,False,7.5,-1.83,8.1,False,10105.2,传媒娱乐,,21.0
600375,,0.0,1.0,0.5689,0.0,0.0,0.0,0.0492,0.0,0.0,0.0,0.0,0.0,0.0,0.4487,False,False,False,False,4.23,-2.31,4.71,False,6187.2,汽车制造,ST板块/皖江区域/业绩预升,25.0
600376,,0.3504,1.0,0.7545,0.0,0.0,0.8395,0.2487,0.3,0.0,0.0,0.0,0.0,0.0,0.6386,False,False,False,False,3.52,-0.28,4.43,False,9080.1,房地产,雄安新区/融资融券/京津冀,29.6
600377,,0.9337,1.0,0.9065,0.6755,0.6401,0.3754,0.3055,0.3,0.3654,0.0,0.0,0.0,1.0,0.2608,True,False,False,False,12.05,-0.58,12.36,False,45816.3,公路桥梁,含H股/券商重仓/QFII重仓,26.1
600378,,0.0,0.9876,0.4574,1.0,1.0,0.0,0.5811,0.0,1.0,0.0,0.0,1.0,1.0,0.2777,False,False,False,False,58.0,3.07,41.66,True,62208.8,化工行业,碳中和/碳交易/国防军工,59.2
600379,,0.0,1.0,0.6898,0.2566,0.0,0.8838,0.1561,0.0,0.2717,0.0,0.0,0.0,0.7,0.5051,False,False,False,False,12.54,2.37,13.41,False,4140.7,电器行业,陕甘宁/保险重仓,28.3
600380,,0.0,1.0,0.8154,0.0668,0.0,0.6688,0.1721,0.3,0.1234,0.0,0.0,0.5,0.0,0.3771,False,False,False,False,9.91,-1.98,10.46,False,18129.9,生物制药,业绩预升/金融参股/深圳本地,24.5
600381,,0.9783,0.8957,0.6183,1.0,1.0,0.6927,0.2635,0.3,1.0,1.0,0.0,0.5,1.0,0.3072,False,False,False,False,5.05,-3.63,4.63,True,2964.7,煤炭行业,白酒概念,44.3
600382,,0.624,1.0,0.3025,0.4491,0.116,0.1511,0.3961,1.0,0.5036,0.0,0.0,0.5,1.0,0.2241,False,False,False,False,8.35,1.58,8.55,False,5798.3,物资外贸,金融参股/参股金融,35.1
600383,,0.6003,1.0,0.7884,0.01,0.0,0.7194,0.2475,0.6,0.0,0.0,0.0,0.0,0.0,0.4099,False,False,False,False,2.46,-2.38,2.75,False,11105.9,房地产,融资融券/保险重仓/信托重仓,29.6
600386,,0.2067,1.0,0.751,0.0,0.0,0.6601,0.1403,0.3,0.0,0.0,0.0,0.0,0.0,0.4411,False,False,False,False,3.45,-0.86,3.88,False,2782.1,交通运输,,28.9
600389,,0.0,1.0,0.8373,0.0,0.0,0.6331,0.1748,0.0,0.0,0.0,0.0,0.0,0.0,0.4818,False,False,False,False,23.33,-1.85,25.92,False,10047.1,农药化肥,乡村振兴/业绩预升/金融参股,20.2
600390,,0.0,1.0,0.8763,0.0,0.0,0.4997,0.2017,0.0,0.1923,0.0,0.0,0.5,0.0,0.3578,False,False,False,False,4.81,-0.82,5.02,False,21635.7,有色金属,ST板块/锂电池/长株潭,62.0
600391,,0.0,1.0,0.7741,0.0,0.0,0.5967,0.3839,0.9,0.0,0.0,0.0,0.5,0.0,0.3308,False,False,False,False,34.6,-2.29,38.22,False,11422.5,飞机制造,大飞机/国防军工/成渝特区,26.5
600392,,0.0,0.0,0.2952,0.313,1.0,0.0,0.6547,0.0,1.0,0.0,0.0,1.0,0.0,0.5308,False,False,False,False,29.03,10.0,24.4,True,50884.6,,低碳经济,
600395,,1.0,1.0,0.8141,0.6284,0.4512,0.6483,0.4303,0.3,0.1702,0.0,0.0,0.5,0.0,0.4102,True,False,False,False,5.25,-2.42,5.62,False,11269.8,煤炭行业,融资融券/业绩预降/金融参股,44.3
600396,,0.6424,0.827,0.398,1.0,1.0,0.6347,0.6548,0.3,1.0,1.0,0.0,0.5,0.7,0.1775,False,False,False,False,18.55,4.04,14.5,True,27318.7,电力行业,低碳经济/风能概念/振兴沈阳,65.3
600397,,0.0,0.0,0.2309,0.4996,1.0,0.2173,0.4438,0.3,1.0,0.0,0.0,1.0,0.0,0.4991,False,False,False,False,16.69,10.02,14.05,True,16522.4,煤炭行业,业绩预降,44.3
600398,,0.0,1.0,0.8531,0.3969,0.3603,0.6285,0.1812,0.3,0.4324,0.0,0.0,0.5,0.0,0.3312,False,False,False,False,5.79,-1.86,5.89,False,27808.0,服装鞋类,赛马概念/参股金融,23.7
600399,,0.0,1.0,0.7753,0.0,0.0,0.582,0.1591,0.3,0.0,0.0,0.0,0.0,0.0,0.4429,False,False,False,False,4.37,-1.8,5.19,False,8618.1,钢铁行业,朝鲜改革/国防军工/军工航天,26.9
600400,,0.0,0.9949,0.596,1.0,0.3477,0.8467,0.6014,0.3,0.8088,1.0,0.0,0.0,1.0,0.2919,False,False,False,False,2.72,3.03,2.65,True,6232.5,服装鞋类,金融改革/民营银行,23.7
600403,,0.9191,1.0,0.2751,1.0,1.0,0.0,0.8091,0.9,0.9643,1.0,0.0,0.5,0.0,0.3186,False,True,False,False,6.62,1.38,6.41,True,15827.2,煤炭行业,,44.3
600405,,0.6606,1.0,0.7669,0.0,0.0,0.5478,0.1906,0.3,0.0,0.0,0.0,0.0,0.0,0.4486,False,False,False,False,4.22,-1.63,4.87,False,2586.1,电器行业,光伏/锂电池/准ST股,28.3
600406,,0.0,1.0,0.8892,0.103,0.0,0.755,0.32,0.3,0.1344,0.0,0.0,0.0,0.0,0.4712,False,False,False,False,23.54,0.34,25.17,False,188512.5,电子信息,光伏/智能电网/融资融券,26.5
600408,,1.0,1.0,0.7644,0.0,0.0,0.5784,0.2045,0.3,0.0,0.0,0.0,0.5,0.0,0.3866,False,False,False,False,2.79,-1.41,3.28,False,2809.0,煤炭行业,融资融券/准ST股,44.3
600409,,0.0,1.0,0.6223,0.0,0.0,0.4694,0.3503,0.3,0.3855,0.0,0.0,0.5,0.0,0.3856,False,False,False,False,6.55,0.31,6.79,False,13521.5,化工行业,业绩预升/央企50,59.2
600410,,0.0,1.0,0.7351,0.0,0.0,0.8017,0.1327,0.3,0.0,0.0,1.0,0.0,0.0,0.463,False,False,False,False,18.03,0.9,21.17,False,19769.8,电子信息,国产软件,26.5
600415,,0.0,0.899,0.6658,0.0,0.0,0.619,0.3195,0.3,0.0,0.0,0.0,0.0,0.0,0.5136,False,False,False,False,11.78,3.61,12.9,False,64596.3,商业百货,融资融券/金融改革/电商概念,26.7
600416,,0.0,0.1987,0.2659,0.0,0.0,0.0,0.2714,0.6,0.0,0.0,0.0,0.0,0.0,0.3803,False,False,False,False,10.77,7.81,11.95,False,15894.2,发电设备,国防军工/军民融合/军工航天,26.5
600418,,0.0,1.0,0.7104,0.0,0.0,0.4049,0.0904,0.0,0.0,0.0,0.0,0.0,0.0,0.5828,False,False,False,False,33.09,2.67,41.15,False,72268.9,汽车制造,鸿蒙概念/融资融券/皖江区域,25.0
600419,,0.1771,1.0,0.8513,0.0,0.0,0.6684,0.1591,0.0,0.0,0.0,0.0,0.0,0.0,0.4908,False,False,False,False,8.0,-0.87,8.87,False,2524.1,食品行业,低碳经济/婴童概念,28.5
600420,,0.6432,1.0,0.8754,0.0012,0.0,0.4873,0.0952,0.0,0.0,0.0,0.0,0.0,0.0,0.376,False,False,False,False,8.48,-0.93,9.4,False,11373.1,生物制药,券商重仓,24.5
600422,,0.2114,1.0,0.875,0.0,0.0,0.8607,0.2068,0.3,0.0,0.0,0.0,0.0,0.0,0.4674,False,False,False,False,8.38,-1.76,9.6,False,6343.5,生物制药,业绩预升,24.5
600423,,0.2379,1.0,0.7849,0.0,0.0,0.9313,0.1252,0.0,0.0,0.0,0.0,0.0,0.0,0.5678,False,False,False,False,2.49,0.4,2.96,False,1988.8,农药化肥,低碳经济/业绩预降/QFII重仓,20.2
600425,,0.1248,1.0,0.887,0.0,0.0,0.8065,0.1452,0.0,0.0,0.0,0.0,0.0,0.0,0.4423,False,False,False,False,3.55,0.28,3.89,False,5696.7,水泥行业,融资融券/风能概念/业绩预降,29.8
600426,,0.0,0.7347,0.7151,0.0,0.0,0.3618,0.0617,0.3,0.0,0.0,0.0,0.0,0.0,0.5808,False,False,False,False,27.01,-4.59,31.84,False,57127.8,农药化肥,黄河三角/低碳经济/融资融券,20.2
600428,,0.0,0.9709,0.7639,0.2224,0.1213,0.6052,0.3547,0.6,0.5062,0.0,0.0,0.5,0.0,0.4285,False,False,False,False,7.93,-3.17,8.07,False,19391.1,交通运输,海工装备/海上丝路/整体上市,28.9
600429,,0.0797,1.0,0.7044,0.0,0.0,0.4015,0.1241,0.0,0.0,0.0,0.0,0.0,0.0,0.5026,False,False,False,False,4.45,-1.33,5.08,False,6664.1,食品行业,婴童概念/业绩预降,28.5
600433,,0.0919,1.0,0.7721,0.3729,0.0,0.9173,0.1419,0.0,0.0,0.0,0.0,0.0,0.7,0.5401,False,False,False,False,3.52,0.28,3.9,False,6161.0,造纸行业,融资融券,24.3
600435,,0.0,1.0,0.816,0.0,0.0,0.4484,0.2242,0.0,0.0,0.0,0.0,0.5,0.0,0.3963,False,False,False,False,12.12,-1.62,13.49,False,18329.8,机械行业,国防军工/军工航天/融资融券,29.0
600436,,0.5788,1.0,0.8285,0.0,0.0,0.6087,0.1354,0.6,0.0,0.0,0.0,0.0,0.0,0.4664,False,False,False,False,116.12,-2.07,133.81,False,70057.2,生物制药,专精特新/海峡西岸/融资融券,24.5
600438,,0.0,1.0,0.7887,0.0,0.0,0.5931,0.1397,0.0,0.0,0.0,0.0,0.5,0.0,0.4954,False,False,False,False,13.51,-0.44,15.81,False,60821.9,农林牧渔,光伏/HIT电池/光伏概念,26.1
600439,,0.974,1.0,0.7935,0.2293,0.0,0.5874,0.0955,0.6,0.0,0.0,0.0,0.5,0.0,0.4941,False,False,False,False,2.24,-0.88,2.52,False,25.4,服装鞋类,参股金融,23.7
600444,,0.0,1.0,0.7895,0.0,0.0,0.7472,0.0819,0.0,0.0,0.0,0.0,0.0,0.0,0.3152,False,False,False,False,14.34,0.63,16.13,False,2099.7,塑料制品,盐湖提锂/皖江区域,54.0
600446,,0.088,1.0,0.8014,0.0573,0.0,0.7966,0.242,0.3,0.0,0.0,0.0,0.0,0.0,0.3886,False,False,False,False,11.75,0.0,13.19,False,11059.9,电子信息,电商概念/互联金融,26.5
600448,,0.5432,1.0,0.6702,0.0835,0.0,0.6053,0.0774,0.0,0.0,0.0,0.0,0.0,1.0,0.38,False,False,False,False,2.81,-0.71,3.17,False,1769.8,纺织行业,黄河三角,26.5
600449,,0.0,1.0,0.6551,0.5393,0.0,0.6482,0.3801,0.6,0.3314,0.0,0.0,0.0,1.0,0.3488,False,False,False,False,13.05,0.77,13.5,False,6240.3,水泥行业,融资融券/陕甘宁/参股金融,29.8
600452,,0.5593,1.0,0.8379,0.3241,0.0,0.8607,0.2099,0.3,0.0,0.0,0.0,0.0,0.0,0.516,False,False,False,False,10.51,-1.68,11.96,False,16149.1,电力行业,成渝特区/金融参股/参股金融,65.3
600455,,0.4066,1.0,0.688,0.2334,0.0,0.5077,0.1277,0.0,0.0,0.0,0.0,0.0,1.0,0.402,False,False,False,False,23.88,0.67,26.63,False,1491.5,电子信息,陕甘宁,26.5
600456,,0.0,1.0,0.7839,0.0,0.0,0.4273,0.2756,0.0,0.0227,0.0,0.0,0.0,0.0,0.4195,False,False,False,False,30.49,-0.16,33.1,False,14567.4,有色金属,大飞机/国防军工/军工航天,62.0
600458,,0.0,0.0,0.2956,0.9294,1.0,0.0,0.9072,0.3,1.0,0.0,0.0,1.0,1.0,0.3843,False,False,True,False,17.49,10.0,13.48,True,15079.6,塑料制品,融资融券/长株潭/污水处理,54.0
600459,,0.0,0.4162,0.2638,0.9601,1.0,0.0,0.5503,0.6,1.0,0.0,0.0,1.0,1.0,0.3886,False,False,False,False,27.68,6.5,22.3,True,21028.7,有色金属,专精特新/固废处理,62.0
600460,,0.0,0.1288,0.6211,1.0,1.0,0.0,0.5245,0.3,1.0,0.0,1.0,1.0,1.0,0.388,False,False,False,False,38.28,8.23,31.9,True,63700.7,电子器件,触摸屏/绿色照明/业绩预升,74.0
600461,,0.8057,1.0,0.8654,0.4153,0.0,0.2481,0.1401,0.0,0.0938,0.0,0.0,0.0,0.7,0.4278,False,False,False,False,9.21,-2.13,9.9,False,11827.1,供水供气,污水处理/券商重仓,21.9
600463,,0.5179,1.0,0.7881,0.0061,0.0,0.6674,0.0693,0.0,0.0,0.0,0.0,0.0,1.0,0.3445,False,False,False,False,8.88,0.79,10.01,False,2664.0,房地产,雄安新区/京津冀/基因概念,29.6
600467,,0.2625,1.0,0.8782,0.0731,0.0,0.745,0.1766,0.3,0.0613,0.0,0.0,0.0,0.0,0.3564,False,False,False,False,2.19,0.0,2.35,False,3199.6,农林牧渔,水产品/融资融券/金融参股,26.1
600468,,0.0,0.9881,0.6815,0.0,0.0,0.5342,0.1995,0.0,0.0,0.0,0.0,0.0,0.0,0.6019,False,False,False,False,6.04,3.07,7.0,False,6569.9,电器行业,超导概念/券商重仓/参股金融,28.3
600469,,0.0,1.0,0.7713,0.0,0.0,0.6499,0.1904,0.0,0.0,0.0,0.0,0.0,0.0,0.4894,False,False,False,False,5.76,-1.2,6.26,False,4201.6,汽车制造,金融参股/参股金融,25.0
600470,,0.0,1.0,0.6005,0.0,0.0,0.138,0.2497,0.3,0.2978,0.0,0.0,0.5,0.0,0.3569,False,False,False,False,5.89,0.86,6.11,False,3072.2,农药化肥,融资融券/锂电池/皖江区域,20.2
600475,,0.0,0.4597,0.3736,0.0,0.0,0.476,0.3312,0.6,0.1766,0.0,0.0,0.0,0.0,0.4818,False,False,False,False,16.17,6.24,17.04,False,15246.5,机械行业,碳中和/碳交易/垃圾分类,29.0
600476,,0.3963,1.0,0.5088,0.0,0.0,0.8342,0.3454,0.3,0.0,0.0,1.0,0.0,1.0,0.3587,False,False,False,False,10.4,2.16,11.73,False,1675.1,电子信息,长株潭/国产软件/金融参股,26.5
600477,,0.0,1.0,0.8982,0.0,0.0,0.7514,0.2054,0.0,0.0,0.0,0.0,0.0,0.0,0.4128,False,False,False,False,2.61,-0.38,2.92,False,6156.9,钢铁行业,,26.9
600478,,0.0,0.2271,0.479,0.0,0.0,0.0963,0.1037,0.3,0.072,0.0,0.0,0.0,0.0,0.5592,False,False,False,False,6.06,7.64,6.49,False,10093.2,电子器件,融资融券/锂电池/长株潭,74.0
600479,,0.6648,1.0,0.8848,0.2904,0.0,0.6544,0.2431,0.0,0.1388,0.0,0.0,0.0,0.0,0.4411,False,False,False,False,9.7,-1.42,10.31,False,40.6,生物制药,长株潭/参股金融,24.5
600480,,0.0,1.0,0.8316,0.2537,0.0,0.8302,0.2872,0.0,0.0309,0.0,0.0,0.0,1.0,0.4331,False,False,False,False,10.1,2.02,10.84,False,12250.2,汽车制造,国防军工/军民融合/雄安新区,25.0
600481,,0.0,1.0,0.5816,0.0,0.0,0.6954,0.23,0.3,0.0,0.0,0.0,0.5,0.0,0.5301,False,False,False,False,5.0,1.21,6.1,False,10320.9,化工行业,碳中和/光伏/污水处理,59.2
600482,,1.0,1.0,0.7698,0.6209,0.0,0.6859,0.1491,0.9,0.0254,0.0,0.0,0.0,0.7,0.4867,False,False,False,False,31.39,-1.44,35.03,False,71200.3,电器行业,光伏/光伏概念/国防军工,28.3
600483,,0.1431,1.0,0.7874,1.0,1.0,0.4579,0.6861,0.0,1.0,0.0,0.0,0.5,1.0,0.3095,False,False,False,False,11.65,0.43,10.93,True,32388.6,电力行业,光伏/海峡西岸/融资融券,65.3
600486,,0.0,1.0,0.8217,0.0,0.0,0.6189,0.1201,0.3,0.0,0.0,0.0,0.0,0.0,0.5223,False,False,False,False,55.65,-2.73,63.87,False,22482.0,农药化肥,乡村振兴/业绩预升/QFII重仓,20.2
600487,,0.0,0.1201,0.2963,1.0,1.0,0.3831,0.7372,0.6,1.0,0.0,1.0,1.0,0.7,0.1975,False,False,True,False,107.5,8.28,75.12,True,2628.6,电子信息,华为概念/5G概念/宽带提速,26.5
600488,,0.8079,1.0,0.8076,0.3612,0.0,0.8874,0.2381,0.3,0.0,0.0,0.0,0.0,0.7,0.5692,False,False,False,False,4.77,-1.65,5.46,False,5208.3,生物制药,参股金融,24.5
600489,,0.0,1.0,0.7992,0.0,0.0,0.5261,0.2691,0.0,0.109,0.0,0.0,0.0,0.0,0.3681,False,False,False,False,22.52,-0.27,24.38,False,109161.5,有色金属,黄金概念/融资融券/保险重仓,62.0
600490,,0.0,1.0,0.7704,0.0,0.0,0.5865,0.2416,0.0,0.4415,0.0,0.0,0.5,0.0,0.3537,False,False,False,False,7.56,0.13,7.79,False,15064.2,化工行业,融资融券/上海本地,59.2
600491,,0.4646,1.0,0.641,0.0,0.0,0.8021,0.2586,0.3,0.0,0.0,0.0,0.5,0.0,0.4579,False,False,False,False,1.32,1.54,1.8,False,2019.3,建筑建材,融资融券/金融改革/业绩预降,23.8
600493,,0.3284,1.0,0.7547,0.0,0.0,0.6192,0.0331,0.0,0.0,0.0,0.0,0.0,0.0,0.501,False,False,False,False,5.95,-0.5,6.85,False,16.2,纺织行业,海峡西岸/准ST股,26.5
600495,,0.3938,1.0,0.8778,0.0,0.0,0.8008,0.319,0.3,0.0,0.0,0.0,0.0,0.0,0.3775,False,False,False,False,3.78,-1.05,4.21,False,4567.0,交通运输,国防军工/军民融合/军工航天,28.9
600496,,1.0,0.8998,0.7415,0.3171,0.0,0.7313,0.2058,0.3,0.0,0.0,0.0,0.0,1.0,0.7263,False,False,False,False,3.48,-3.6,4.06,False,6925.6,钢铁行业,皖江区域,26.9
600497,,0.0,1.0,0.7167,0.5262,0.4392,0.1977,0.4827,0.3,1.0,0.0,0.0,0.5,1.0,0.3636,False,False,False,False,10.07,-0.49,9.27,True,50756.6,有色金属,稀缺资源/融资融券,62.0
600498,,0.0,0.0,0.2668,1.0,1.0,0.2784,1.0,0.6,1.0,0.0,0.0,1.0,0.7,0.4538,False,False,False,False,74.0,9.1,53.65,True,941.0,电子信息,5G概念/融资融券/武汉规划,26.5
600499,,0.0,1.0,0.7231,0.1682,0.0,0.6504,0.147,0.3,0.4804,0.0,0.0,0.5,0.0,0.4324,False,False,False,False,15.86,-0.19,16.37,False,304.2,机械行业,盐湖提锂/低碳经济/锂电池,29.0
600500,,0.0,0.0,0.9515,1.0,1.0,0.5814,0.8019,0.6,1.0,0.0,0.0,1.0,1.0,0.477,False,False,False,False,9.06,9.95,5.65,True,32510.1,物资外贸,油气改革/整体上市/金融参股,35.1
600501,,0.0,1.0,0.8249,0.0,0.0,0.7203,0.1169,0.3,0.0,0.0,0.0,0.0,0.0,0.492,False,False,False,False,17.76,-0.73,21.11,False,7598.2,汽车制造,大飞机/垃圾分类/国防军工,25.0
600502,,0.2782,1.0,0.8319,0.2918,0.0,0.6151,0.1516,0.0,0.1587,0.0,0.0,0.0,0.0,0.3993,False,False,False,False,4.75,-0.21,5.08,False,8153.5,建筑建材,融资融券/水利建设,23.8
600503,,1.0,1.0,0.668,0.6963,0.1436,0.6931,0.0931,0.3,0.0,0.0,0.0,0.0,1.0,0.5606,True,False,False,False,2.36,-2.07,2.59,False,3781.4,房地产,融资融券/参股金融,29.6
600505,,0.0,1.0,0.5923,0.6161,1.0,0.0939,0.283,0.3,0.9861,0.0,0.0,1.0,0.0,0.3337,False,False,False,False,14.5,0.76,13.78,True,5286.2,电力行业,光伏/光伏概念/成渝特区,65.3
600506,,0.4515,1.0,0.8367,0.302,0.0,0.8405,0.1046,0.0,0.0253,0.0,0.0,0.0,1.0,0.4195,False,False,False,False,16.13,-1.22,17.56,False,4026.4,农林牧渔,乡村振兴,26.1
600507,,0.5824,1.0,0.798,0.0,0.0,0.5668,0.0485,0.3,0.0,0.0,0.0,0.0,0.0,0.5262,False,False,False,False,4.18,-2.56,5.09,False,9669.1,钢铁行业,整体上市/金融参股/参股金融,26.9
600508,,0.8722,1.0,0.8134,0.5899,0.0641,0.5716,0.3955,0.6,0.2461,0.0,0.0,0.0,1.0,0.4189,False,False,False,False,12.69,-1.32,13.43,False,9171.3,煤炭行业,业绩预降/整体上市/上海本地,44.3
600509,,0.0,0.7397,0.4478,0.5246,0.0,0.5899,0.184,0.3,0.5191,0.0,0.0,0.0,1.0,0.3797,False,False,False,False,8.71,4.56,8.85,False,11971.0,电力行业,光伏/光伏概念/低碳经济,65.3
600510,,0.0,1.0,0.7481,0.0,0.0,0.8395,0.0536,0.0,0.0743,0.0,0.0,0.0,0.7,0.4219,False,False,False,False,8.05,1.39,8.77,False,8307.8,房地产,业绩预降/金融参股/参股金融,29.6
600511,,0.0,1.0,0.9071,0.2819,0.4761,0.613,0.1905,0.3,0.5423,0.0,0.0,1.0,0.0,0.3462,False,False,False,False,27.9,-0.36,27.92,False,15438.4,商业百货,保险重仓,26.7
600512,,0.2354,1.0,0.8397,0.0,0.0,0.7895,0.1436,0.0,0.0,0.0,0.0,0.0,0.0,0.4671,False,False,False,False,2.06,-0.96,2.28,False,3270.1,建筑建材,,23.8
600513,,0.1251,1.0,0.7172,0.0,0.0,0.8039,0.1065,0.0,0.0,0.0,0.0,0.0,0.0,0.5504,False,False,False,False,16.2,1.06,19.1,False,4624.4,生物制药,生物疫苗/超级细菌,24.5
600515,,0.0,1.0,0.8216,0.0,0.0,0.5333,0.1948,0.3,0.0,0.0,0.0,0.0,0.0,0.3938,False,False,False,False,3.0,0.33,3.4,False,27528.0,商业百货,海南自贸/融资融券/海上丝路,26.7
600516,,0.0,1.0,0.7111,0.4156,1.0,0.0027,0.4765,0.6,1.0,0.0,0.0,1.0,0.0,0.3271,False,False,False,False,6.03,0.5,5.6,True,24276.6,其它行业,融资融券/核电核能/陕甘宁,41.7
600517,,0.0,1.0,0.8274,0.0,0.0,0.6351,0.1285,0.0,0.0,0.0,0.0,0.0,0.0,0.5019,False,False,False,False,5.03,0.2,5.69,False,28763.7,发电设备,碳中和/碳交易/节能环保,26.5
600518,,0.5646,1.0,0.7122,0.0,0.0,0.1147,0.1302,0.0,0.0,0.0,0.0,0.0,0.0,0.5119,False,False,False,False,1.36,-2.16,1.61,False,18798.4,生物制药,融资融券/民营医院/金融参股,24.5
600519,,0.3858,1.0,0.9324,0.1369,0.0,0.6607,0.1013,0.3,0.1049,0.0,0.0,0.5,0.0,0.2067,False,False,False,False,1255.67,-1.21,1336.14,False,15722.7,酿酒行业,白酒概念/融资融券/保险重仓,23.3
600520,,0.0,1.0,0.7228,0.7854,0.2725,0.5333,0.2272,0.3,0.8787,0.0,1.0,0.0,1.0,0.2775,False,False,False,False,30.24,2.23,29.01,True,4790.9,机械行业,ST板块/皖江区域,29.0
600521,,0.1823,1.0,0.8679,0.1893,0.0,0.8772,0.2372,0.6,0.0,0.0,0.0,0.0,0.7,0.4246,False,False,False,False,14.36,-1.91,15.73,False,21500.5,生物制药,仿制药/社保重仓/基金重仓,24.5
600522,,0.0,0.5912,0.4599,1.0,1.0,0.4987,0.695,0.0,1.0,0.0,1.0,1.0,0.7,0.272,False,False,False,False,54.15,5.45,40.06,True,184811.2,电子信息,光伏/5G概念/锂电池,26.5
600523,,0.0,1.0,0.8203,0.0,0.0,0.4988,0.1186,0.0,0.0,0.0,0.0,0.0,0.0,0.5572,False,False,False,False,11.31,-1.65,12.82,False,4569.7,汽车制造,国防军工/军工航天/整体上市,25.0
600525,,0.0,1.0,0.6615,0.4945,0.0125,0.4958,0.3648,0.3,0.6478,0.0,0.0,0.0,0.0,0.3358,False,False,False,False,5.13,0.2,5.16,False,67.7,发电设备,光伏/智能电网/物联网,26.5
600526,,0.0,1.0,0.9115,0.0,0.0,0.7446,0.1508,0.3,0.0,0.0,0.0,0.0,0.0,0.4837,False,False,False,False,4.49,-0.66,5.01,False,3919.8,机械行业,碳中和/污水处理/业绩预升,29.0
600527,,0.0,1.0,0.7468,0.2379,0.0,0.8542,0.048,0.0,0.2097,0.0,0.0,0.0,0.7,0.4178,False,False,False,False,2.38,0.42,2.55,False,4121.6,化纤行业,金融改革/婴童概念,40.6
600528,,0.0,1.0,0.9075,0.0691,0.0,0.6485,0.1686,0.3,0.0406,0.0,0.0,0.0,0.0,0.4046,False,False,False,False,7.09,-1.66,7.61,False,157.5,建筑建材,成渝特区/融资融券/央企50,23.8
600529,,0.3983,0.9347,0.6353,0.4433,0.5909,0.2511,0.418,0.9,0.5314,0.0,0.0,0.5,0.0,0.3038,False,False,False,False,18.9,3.39,18.83,True,12542.3,玻璃行业,黄河三角,82.0
600530,,0.4571,0.8538,0.6984,0.7643,0.0,0.7438,0.1026,0.6,0.0264,0.0,0.0,0.0,1.0,0.4854,False,False,False,False,5.95,-3.88,6.38,False,4610.8,生物制药,生物疫苗/高校背景/金融参股,24.5
600531,,0.0,1.0,0.7473,0.0,0.0,0.4213,0.3156,0.0,0.6007,0.0,0.0,0.5,1.0,0.3039,False,False,False,False,13.66,-0.44,13.91,False,16518.5,有色金属,黄金概念/固废处理,62.0
600533,,0.437,1.0,0.7531,0.0113,0.0,0.687,0.1455,0.0,0.0,0.0,0.0,0.0,0.0,0.3515,False,False,False,False,2.13,-1.39,2.37,False,2236.5,房地产,金融改革/赛马概念/沿海发展,29.6
600535,,0.0,1.0,0.8256,0.4051,0.4857,0.6665,0.216,0.0,0.4658,0.0,0.0,1.0,1.0,0.3546,False,False,False,False,14.21,-2.2,14.37,False,21229.0,生物制药,融资融券/金融改革/抗癌,24.5
600536,,0.8136,0.6664,0.6533,0.0,0.0,0.0,0.1762,0.6,0.0,0.0,0.0,0.0,1.0,0.7074,False,False,False,False,28.68,-5.0,37.65,False,24196.1,电子信息,国产软件,26.5
600537,,0.0,0.639,1.0,0.0,0.0,1.0,0.1312,0.0,0.0,0.0,0.0,0.0,0.0,0.7417,False,False,False,False,2.85,5.17,3.14,False,3373.6,电子器件,光伏/光伏概念/参股金融,74.0
600538,,0.3638,1.0,0.6809,0.1758,0.0,0.6496,0.1309,0.3,0.0315,0.0,0.0,0.0,1.0,0.4302,False,False,False,False,5.93,1.37,6.43,False,3108.5,农药化肥,,20.2
600539,,0.0,1.0,0.7178,0.7148,0.3559,0.7404,0.0769,0.0,1.0,0.0,0.0,1.0,0.7,0.2531,False,False,False,False,16.06,-1.47,15.16,True,3693.8,水泥行业,ST板块,29.8
600540,,0.7679,1.0,0.7849,0.1983,0.0,0.6825,0.1037,0.3,0.0,0.0,0.0,0.0,1.0,0.3464,False,False,False,False,4.3,-0.92,4.84,False,25.0,农林牧渔,风能概念/准ST股,26.1
600543,,0.4557,1.0,0.7136,0.0,0.0,0.8648,0.1726,0.0,0.0,0.0,0.0,0.0,0.0,0.413,False,False,False,False,4.2,0.24,4.72,False,1348.7,酿酒行业,融资融券/陕甘宁,23.3
600545,,0.0118,0.0,0.4649,1.0,1.0,0.6171,0.4803,0.6,1.0,0.0,1.0,0.0,0.7,0.3622,False,False,False,False,6.58,10.03,5.68,True,11764.5,建筑建材,融资融券/固废处理/污水处理,23.8
600546,,0.9162,1.0,0.8059,0.9589,0.3974,0.6568,0.2929,0.3,0.5363,0.0,0.0,0.0,0.7,0.3784,True,False,False,False,12.72,0.08,13.07,False,252.2,煤炭行业,光伏/HIT电池/ST板块,44.3
600547,,0.0,1.0,0.8674,0.0,0.0,0.5266,0.1934,0.0,0.0,0.0,0.0,0.0,0.0,0.4667,False,False,False,False,28.25,-1.43,33.26,False,102108.0,有色金属,黄金概念/融资融券/社保重仓,62.0
600548,,0.3142,1.0,0.9077,0.3457,0.1171,0.5635,0.2231,0.0,0.2652,0.0,0.0,0.0,0.0,0.3069,False,False,False,False,8.6,-0.81,8.92,False,14744.1,公路桥梁,含H股/深圳本地,26.1
600549,,0.0,0.0,0.5698,0.7459,1.0,0.6253,0.468,0.3,1.0,0.0,0.0,1.0,0.0,0.4942,False,False,False,False,78.41,10.0,59.12,True,121843.8,有色金属,海峡西岸/稀缺资源/融资融券,62.0
600550,,0.0,0.4188,0.404,0.0,0.0,0.2034,0.3443,0.6,0.4066,0.0,0.0,0.0,0.0,0.3868,False,False,False,False,13.46,6.49,14.06,False,24787.0,发电设备,光伏/光伏概念/雄安新区,26.5
600551,,0.0,1.0,0.8649,0.0945,0.0,0.8516,0.3207,0.6,0.1653,0.0,0.0,0.5,0.0,0.3393,False,False,False,False,7.37,-0.41,7.75,False,4997.3,传媒娱乐,皖江区域/参股金融,21.0
600552,,0.0,0.3118,0.4076,1.0,1.0,0.4619,0.6897,0.0,1.0,0.0,1.0,0.5,0.7,0.2215,False,False,False,False,21.94,7.13,17.7,True,20724.7,玻璃行业,触摸屏/QFII重仓,82.0
600556,,0.3655,1.0,0.7976,0.0,0.0,0.6382,0.1894,0.3,0.0,0.0,1.0,0.0,0.0,0.3038,False,False,False,False,4.99,1.01,5.69,False,9020.7,电子信息,,26.5
600557,,0.0,1.0,0.8737,0.002,0.0,0.7486,0.1933,0.3,0.0,0.0,0.0,0.0,0.0,0.402,False,False,False,False,12.07,-0.58,12.98,False,6833.5,生物制药,融资融券/沿海发展/基金重仓,24.5
600558,,0.0,1.0,0.8061,0.2905,0.262,0.6742,0.3409,0.0,0.4572,0.0,0.0,0.0,0.0,0.3639,False,False,False,False,5.53,0.55,5.64,False,4963.8,钢铁行业,成渝特区/核电核能/参股金融,26.9
600559,,0.0,1.0,0.8355,0.0,0.0,0.6715,0.4287,0.6,0.0,0.0,0.0,0.5,0.0,0.3902,False,False,False,False,12.25,-2.47,13.23,False,11141.5,酿酒行业,白酒概念/融资融券/社保重仓,23.3
600560,,0.586,1.0,0.7162,0.0,0.0,0.448,0.1806,0.3,0.0,0.0,0.0,0.0,0.0,0.4316,False,False,False,False,12.12,1.17,13.83,False,2710.6,电器行业,智能电网/智能机器/机器人概念,28.3
600561,,0.2136,1.0,0.6485,0.0,0.0,0.5161,0.1054,0.0,0.0,0.0,0.0,0.0,1.0,0.5098,False,False,False,False,5.52,0.36,6.31,False,1570.3,交通运输,,28.9
600562,,0.0,1.0,0.8143,0.0,0.0,0.7231,0.1435,0.3,0.0,0.0,0.0,0.0,1.0,0.5628,False,False,False,False,21.88,-0.09,24.75,False,271.7,电子信息,国防军工/军民融合/军工航天,26.5
600563,,0.0,0.3356,0.4283,1.0,1.0,0.3347,0.3328,0.6,1.0,0.0,1.0,0.0,0.7,0.2471,False,False,False,False,168.29,6.99,145.01,True,37865.2,电子器件,海峡西岸/触摸屏,74.0
600566,,0.2508,1.0,0.7873,0.5885,0.3115,0.5557,0.2271,0.0,0.4065,0.0,0.0,0.0,1.0,0.3965,False,False,False,False,26.58,-1.41,27.3,False,24415.1,生物制药,节能环保,24.5
600567,,0.0,1.0,0.8109,0.0,0.1739,0.1705,0.2344,0.9,0.2154,0.0,0.0,0.5,0.0,0.4023,False,False,False,False,1.39,-1.42,1.44,False,8767.4,造纸行业,皖江区域/业绩预升,24.3
600568,,0.7255,1.0,0.6016,0.3368,0.1697,0.54,0.2151,0.3,0.2849,0.0,0.0,0.5,0.0,0.4032,False,False,False,False,2.51,0.0,2.64,False,4189.4,房地产,免疫治疗/融资融券/抗癌,29.6
600569,,0.3004,1.0,0.8913,0.0,0.0,0.745,0.1445,0.3,0.0,0.0,0.0,0.0,0.0,0.3236,False,False,False,False,1.81,-1.63,2.02,False,5199.1,钢铁行业,低碳经济,26.9
600570,,0.0,1.0,0.8616,0.0,0.0,0.5689,0.1556,0.0,0.0,0.0,0.0,0.0,0.0,0.4425,False,False,False,False,22.58,-0.27,25.34,False,42758.6,电子信息,电商概念/互联金融/前海概念,26.5
600571,,0.0,1.0,0.8948,0.0,0.0,0.6689,0.2463,0.0,0.0,0.0,0.0,0.0,0.0,0.4211,False,False,False,False,10.69,-0.74,12.46,False,4893.4,电子信息,电子支付/节能环保/金融参股,26.5
600572,,0.0,1.0,0.9197,0.241,0.0,0.8545,0.218,0.0,0.2691,0.0,0.0,0.0,0.0,0.3352,False,False,False,False,4.12,-0.72,4.29,False,10424.6,生物制药,专精特新/免疫治疗/金融改革,24.5
600573,,0.2079,1.0,0.7344,0.5442,0.4285,0.3108,0.4521,0.6,0.4184,0.0,0.0,1.0,0.7,0.3625,False,False,False,False,12.27,-0.24,12.68,False,3067.5,酿酒行业,,23.3
600575,,0.3953,1.0,0.7079,0.7242,0.5132,0.7154,0.5277,0.6,0.405,0.0,0.0,0.0,1.0,0.3357,False,False,False,False,3.78,-2.58,3.89,False,14690.1,交通运输,皖江区域/涉矿概念/社保重仓,28.9
600576,,0.0,0.0751,0.3588,0.35,0.8699,0.0,0.4203,0.6,0.4921,0.0,0.0,0.5,0.0,0.5268,False,False,False,False,5.99,-8.55,5.95,True,3955.7,综合行业,涉矿概念,20.3
600577,,0.0,1.0,0.8367,0.1651,0.0,0.6742,0.3792,0.3,0.0579,0.0,0.0,0.0,1.0,0.3842,False,False,False,False,11.8,-0.34,12.86,False,25382.9,电器行业,小米概念/军民融合/物联网,28.3
600578,,0.4169,1.0,0.4822,1.0,1.0,0.3544,0.6887,0.9,1.0,1.0,1.0,0.0,1.0,0.2885,False,False,False,False,8.16,-0.97,7.28,True,54628.1,电力行业,低碳经济/风能概念/业绩预升,65.3
600579,,0.3791,1.0,0.6014,0.0,0.0,0.0,0.1292,0.3,0.0145,0.0,1.0,0.5,0.0,0.1872,False,False,False,False,6.82,1.94,7.31,False,3366.4,机械行业,,29.0
600580,,0.5724,1.0,0.8519,0.2947,0.0,0.748,0.4404,0.9,0.0,0.0,1.0,0.0,1.0,0.4735,False,False,False,False,35.35,-0.62,39.39,False,55062.3,发电设备,锂电池/业绩预升/金融参股,26.5
600581,,0.6263,1.0,0.9213,0.1172,0.0,0.9133,0.1516,0.0,0.0107,0.0,0.0,0.0,0.0,0.3094,False,False,False,False,2.56,0.79,2.7,False,3924.2,钢铁行业,ST板块,26.9
600582,,0.9044,1.0,0.8215,0.2914,0.0,0.4278,0.1073,0.3,0.0,0.0,0.0,0.0,0.0,0.4557,False,False,False,False,5.11,-2.29,5.58,False,21148.2,机械行业,融资融券/社保重仓,29.0
600583,,0.3544,1.0,0.7954,0.0,0.0,0.6736,0.2172,0.0,0.0,0.0,0.0,0.0,0.0,0.4991,False,False,False,False,5.4,-2.53,6.07,False,23875.3,石油行业,融资融券/海工装备/油气改革,22.2
600584,,0.0,0.9147,0.6932,1.0,1.0,0.4955,0.4563,0.0,1.0,0.0,1.0,0.0,1.0,0.2243,False,False,False,False,76.93,3.51,63.42,True,137659.7,电子器件,触摸屏/电子支付/智能穿戴,74.0
600585,,0.9704,1.0,0.8843,0.0,0.0,0.5374,0.0648,0.6,0.0,0.0,0.0,0.0,0.0,0.3873,False,False,False,False,18.23,-1.14,20.66,False,72914.6,水泥行业,低碳经济/含H股/融资融券,29.8
600586,,0.0643,1.0,0.6062,0.0,0.0,0.5811,0.1138,0.3,0.0,0.0,1.0,0.0,0.0,0.3724,False,False,False,False,4.88,2.95,5.38,False,6916.6,玻璃行业,光伏/光伏概念/黄河三角,82.0
600587,,0.5268,1.0,0.8059,0.059,0.0,0.4775,0.2094,0.0,0.0,0.0,0.0,0.0,0.0,0.4026,False,False,False,False,12.44,-2.12,13.61,False,7546.7,医疗器械,黄河三角/信托重仓,26.5
600588,,0.8978,1.0,0.8488,0.0,0.0,0.6132,0.1396,0.3,0.0,0.0,0.0,0.0,0.0,0.507,False,False,False,False,9.95,-1.87,11.49,False,33999.1,电子信息,融资融券/国产软件/保险重仓,26.5
600589,,0.0,1.0,0.8479,0.2874,0.0,0.8742,0.1714,0.0,0.126,0.0,1.0,0.0,1.0,0.3338,False,False,False,False,10.02,-0.6,10.9,False,14814.3,塑料制品,光伏概念/小米概念/保险重仓,54.0
600590,,0.4442,1.0,0.8153,0.1192,0.0,0.8245,0.1444,0.3,0.0,0.0,0.0,0.0,0.0,0.5069,False,False,False,False,11.9,-0.08,13.54,False,10038.5,发电设备,国防军工/军民融合/智能电网,26.5
600592,,0.8464,1.0,0.5278,0.0832,0.0,0.3519,0.4188,0.9,0.0,0.0,1.0,0.0,0.0,0.6529,False,False,False,False,16.05,2.43,20.02,False,6412.8,机械行业,大飞机/国防军工/海峡西岸,29.0
600593,,0.0,1.0,0.7926,0.5365,1.0,0.3108,0.7297,1.0,1.0,0.0,0.0,1.0,0.0,0.2389,False,False,False,False,39.89,-0.72,37.51,True,5137.8,酒店旅游,金融参股/振兴沈阳/参股金融,27.5
600594,,0.3999,1.0,0.7974,0.0,0.0,0.9275,0.1555,0.0,0.0,0.0,0.0,0.0,0.0,0.6172,False,False,False,False,3.24,-1.52,3.78,False,2565.8,生物制药,生物疫苗/抗癌/民营医院,24.5
600595,,0.4794,0.5823,0.6925,0.0,0.0,0.3116,0.1912,0.3,0.0,0.0,0.0,0.0,1.0,0.6175,False,False,False,False,6.35,-5.51,7.44,False,25450.2,有色金属,超导概念/外资背景/参股金融,62.0
600596,,0.0,0.6524,0.4628,1.0,1.0,0.0,0.2921,0.3,1.0,0.0,0.0,1.0,1.0,0.4433,False,False,False,False,15.91,5.09,13.09,True,21472.1,农药化肥,光伏/涉矿概念/金融改革,20.2
600597,,0.1055,1.0,0.8529,0.0959,0.0,0.4912,0.1318,0.0,0.0,0.0,0.0,0.0,0.0,0.4155,False,False,False,False,6.66,-2.06,7.17,False,91.8,食品行业,国企改革/本月解禁/社保重仓,28.5
600598,,0.0882,1.0,0.8875,0.0412,0.0,0.7138,0.1116,0.0,0.0496,0.0,0.0,0.0,1.0,0.3728,False,False,False,False,14.02,-1.41,15.16,False,249.2,农林牧渔,朝鲜改革/乡村振兴/融资融券,26.1
600600,,0.7853,1.0,0.8151,0.3792,0.1581,0.1144,0.26,0.6,0.1474,0.0,0.0,0.5,0.0,0.4095,False,False,False,False,57.8,-2.86,61.15,False,40987.5,酿酒行业,含H股/融资融券/社保重仓,23.3
600601,,0.0,0.6945,0.4349,0.8098,1.0,0.33,0.5556,0.9,1.0,0.0,0.0,0.5,1.0,0.3988,False,False,False,False,14.1,4.83,12.21,True,588.0,电子信息,高校背景/上海本地,26.5
600602,,0.0,1.0,0.7774,0.0,0.0,0.8658,0.1651,0.3,0.0,0.0,0.0,0.0,0.0,0.5503,False,False,False,False,17.86,1.08,20.16,False,19187.1,电子器件,国防军工/物联网/军工航天,74.0
600603,,0.4368,1.0,0.7711,0.0,0.0,0.7599,0.1732,0.6,0.0,0.0,0.0,0.0,0.0,0.5431,False,False,False,False,4.54,-2.58,5.56,False,5338.8,综合行业,ST板块/涉矿概念/上海本地,20.3
600604,,0.0,1.0,0.8287,0.0,0.0,0.9452,0.114,0.3,0.0,0.0,0.0,0.0,0.0,0.5225,False,False,False,False,4.25,-0.7,4.74,False,5981.7,开发区,含B股/金融参股/上海本地,24.6
600605,,0.0,0.4286,0.526,0.5116,0.3658,0.3195,0.2792,0.0,1.0,0.0,0.0,0.5,0.7,0.3993,False,False,False,False,32.78,6.43,30.47,True,6761.9,物资外贸,风能概念/上海本地,35.1
600606,,0.4645,1.0,0.7567,0.1085,0.0,0.623,0.2713,0.3,0.0,0.0,0.0,0.0,0.0,0.3318,False,False,False,False,1.36,-0.73,1.47,False,19113.7,房地产,融资融券/金融改革/国企改革,29.6
600609,,0.0694,1.0,0.8256,0.0,0.0,0.6192,0.0802,0.0,0.0,0.0,0.0,0.0,0.0,0.4718,False,False,False,False,3.41,-0.87,3.84,False,4448.5,汽车制造,融资融券,25.0
600610,,0.0,1.0,0.7404,0.0,0.0,0.7312,0.3121,0.3,0.0,0.0,0.0,0.5,0.0,0.4065,False,False,False,False,7.77,-2.39,8.88,False,5506.8,纺织机械,含B股/国企改革/上海本地,26.5
600611,,0.0,1.0,0.6565,0.1038,0.0,0.502,0.1638,0.6,0.0,0.0,1.0,0.0,0.0,0.5209,False,False,False,False,4.36,2.11,4.77,False,6816.1,交通运输,含B股/金融改革/上海自贸,28.9
600612,,0.0,1.0,0.8526,0.0,0.0,0.6142,0.1482,0.0,0.0,0.0,0.0,0.0,0.0,0.3603,False,False,False,False,35.3,-1.23,38.14,False,11194.0,服装鞋类,黄金概念/含B股/本月解禁,23.7
600613,,0.0,1.0,0.8103,0.0,0.0,0.7646,0.1522,0.0,0.0,0.0,0.0,0.0,0.0,0.375,False,False,False,False,4.9,-0.41,5.48,False,2348.7,生物制药,含B股/上海本地,24.5
600615,,0.0,0.0,0.1676,0.0,0.0,0.0,0.0692,0.6,0.0,0.0,1.0,0.0,0.0,0.3643,False,False,False,False,10.04,9.97,10.82,False,2261.7,房地产,上海本地,29.6
600616,,0.0729,1.0,0.8291,0.0,0.0,0.7379,0.1123,0.0,0.0,0.0,0.0,0.0,0.0,0.423,False,False,False,False,4.25,-0.93,4.71,False,2843.3,酿酒行业,融资融券/国企改革/上海本地,23.3
600617,,0.9046,1.0,0.7843,0.3222,0.0,0.7831,0.1828,0.3,0.0,0.0,0.0,0.0,1.0,0.4702,False,False,False,False,3.03,-1.94,3.43,False,5379.9,供水供气,含B股/上海本地,21.9
600618,,0.0,1.0,0.7861,0.0,0.0,0.4755,0.3407,0.6,0.1451,0.0,0.0,0.5,0.0,0.2756,False,False,False,False,10.94,0.27,11.64,False,8203.2,化工行业,含B股/国企改革/业绩预降,59.2
600619,,0.0,1.0,0.8592,0.0,0.0,0.7093,0.3143,0.6,0.0,0.0,0.0,0.5,1.0,0.4341,False,False,False,False,15.14,-0.07,16.6,False,11948.1,机械行业,含B股/国企改革/上海本地,29.0
600620,,0.5725,1.0,0.8178,0.0,0.0,0.5951,0.1377,0.0,0.0,0.0,0.0,0.0,0.0,0.5882,False,False,False,False,4.36,-0.68,5.32,False,2993.9,综合行业,上海本地,20.3
600621,,0.0,1.0,0.7969,0.0,0.0,0.4646,0.228,0.6,0.1071,0.0,0.0,0.0,0.0,0.4595,False,False,False,False,12.95,1.17,13.67,False,137.4,房地产,国企改革/金融参股/上海本地,29.6
600622,,0.938,1.0,0.8525,0.0873,0.0,0.7135,0.2776,0.3,0.0,0.0,0.0,0.0,0.0,0.5076,False,False,False,False,2.22,-1.77,2.55,False,33.3,综合行业,核电核能/金融参股/上海本地,20.3
600623,,0.0,1.0,0.8396,0.0323,0.0,0.8207,0.1728,0.6,0.1739,0.0,0.0,0.5,1.0,0.419,False,False,False,False,8.61,-1.37,9.14,False,16152.7,汽车制造,含B股/国企改革/金融参股,25.0
600624,,0.0,1.0,0.798,0.0,0.0,0.615,0.1398,0.3,0.0,0.0,0.0,0.0,0.0,0.4775,False,False,False,False,3.91,-1.26,4.4,False,2656.2,综合行业,高校背景/上海本地,20.3
600626,,0.0,1.0,0.6961,0.0,0.0,0.7819,0.1587,0.6,0.0,0.0,0.0,0.0,0.0,0.4118,False,False,False,False,3.44,-1.99,3.88,False,3811.4,纺织行业,上海本地,26.5
600628,,0.0572,1.0,0.8804,0.0,0.0,0.7811,0.0924,0.0,0.0,0.0,0.0,0.0,0.0,0.4158,False,False,False,False,6.11,-0.33,6.75,False,3952.4,商业百货,国企改革/上海自贸/上海本地,26.7
600629,,0.0,0.6702,0.4009,0.0,0.0,0.0,0.178,0.0,0.0501,0.0,0.0,0.5,1.0,0.4654,False,False,False,False,17.29,4.98,18.61,False,16566.8,玻璃行业,,82.0
600630,,0.0,1.0,0.7498,0.5794,1.0,0.0,0.5308,0.3,1.0,0.0,0.0,1.0,0.0,0.2412,False,False,False,False,9.07,0.11,8.33,True,3853.5,纺织行业,国企改革/上海自贸/上海本地,26.5
600633,,0.4866,1.0,0.8477,0.0,0.0,0.8851,0.1578,0.0,0.0,0.0,1.0,0.0,1.0,0.5131,False,False,False,False,10.95,0.09,12.53,False,13885.4,传媒娱乐,固态电池/网络游戏/业绩预升,21.0
600635,,0.3713,1.0,0.8898,0.0,0.0,0.8772,0.2777,0.6,0.0,0.0,0.0,0.0,0.0,0.4192,False,False,False,False,4.78,-1.24,5.4,False,11561.8,供水供气,含H股/金融参股/分拆上市,21.9
600637,,0.0,1.0,0.7377,0.0337,0.0,0.6855,0.2237,0.0,0.0,0.0,0.0,0.0,1.0,0.4476,False,False,False,False,8.81,1.97,9.77,False,29618.3,传媒娱乐,融资融券/国企改革/网络游戏,21.0
600638,,0.2932,0.9654,0.7484,0.0,0.0,0.7632,0.2525,0.3,0.0,0.0,0.0,0.0,0.0,0.4646,False,False,False,False,5.13,-3.21,5.85,False,3454.5,房地产,金融参股/上海本地/参股金融,29.6
600639,,0.0,1.0,0.8499,0.1446,0.0,0.8904,0.139,0.0,0.1677,0.0,0.0,0.5,0.0,0.3932,False,False,False,False,9.62,-1.54,10.15,False,8179.3,开发区,含B股/上海自贸/金融参股,24.6
600640,,0.3785,1.0,0.8067,0.0354,0.0,0.8554,0.0833,0.6,0.0,0.0,1.0,0.0,1.0,0.3309,False,False,False,False,10.73,0.37,12.0,False,85.4,酒店旅游,上海本地/参股金融,27.5
600641,,0.0,0.4855,0.4911,1.0,1.0,0.2938,0.5283,0.0,1.0,0.0,0.0,1.0,0.7,0.4785,False,False,False,False,32.94,6.09,25.8,True,306.5,房地产,光伏/外资背景/上海本地,29.6
600642,,0.1906,1.0,0.8287,0.8283,0.7979,0.7284,0.3492,0.0,0.8282,1.0,0.0,0.0,0.7,0.2862,False,False,False,False,9.72,-0.1,9.5,True,47567.9,电力行业,光伏/融资融券/核电核能,65.3
600643,,0.0,1.0,0.8207,0.0,0.0,0.7819,0.2251,0.0,0.0,0.0,0.0,0.0,0.0,0.5166,False,False,False,False,4.12,0.73,4.55,False,6552.2,金融行业,上海自贸/业绩预升/信托重仓,38.4
600644,,0.5333,1.0,0.8808,0.1906,0.0,0.9428,0.2783,0.3,0.0,0.0,0.0,0.0,0.0,0.4365,False,False,False,False,10.03,-0.4,11.33,False,5800.6,电力行业,光伏/光伏概念/成渝特区,65.3
600645,,0.4021,1.0,0.7727,0.0,0.0,0.64,0.0523,0.3,0.0,0.0,0.0,0.0,0.0,0.3802,False,False,False,False,18.55,0.38,22.73,False,86.8,生物制药,免疫治疗/融资融券/生物疫苗,24.5
600648,,0.6212,1.0,0.6793,0.0515,0.0,0.5019,0.1291,0.0,0.0,0.0,0.0,0.0,0.0,0.3667,False,False,False,False,8.68,-2.91,9.73,False,9875.8,开发区,含B股/上海自贸/上海本地,24.6
600649,,0.1657,1.0,0.8735,0.0,0.0,0.7812,0.2248,0.3,0.0,0.0,0.0,0.0,0.0,0.4876,False,False,False,False,3.62,-1.9,4.08,False,9066.3,供水供气,低碳经济/融资融券/固废处理,21.9
600650,,0.1371,1.0,0.8658,0.0,0.0,0.8927,0.2658,0.3,0.0,0.0,0.0,0.0,0.0,0.4852,False,False,False,False,10.35,-0.77,12.14,False,4042.3,交通运输,含B股/国企改革/上海自贸,28.9
600651,,0.232,1.0,0.7407,0.0,0.0,0.6327,0.2661,0.3,0.0,0.0,0.0,0.0,0.0,0.4046,False,False,False,False,6.16,-0.16,6.77,False,15443.3,仪器仪表,国企改革/绿色照明/业绩预降,29.4
600653,,0.1763,1.0,0.8802,0.1984,0.0,0.8234,0.2787,0.0,0.1519,0.0,0.0,0.0,0.0,0.3308,False,False,False,False,1.66,-0.6,1.75,False,3231.0,汽车制造,风能概念/上海本地/参股金融,25.0
600654,,0.299,1.0,0.727,0.0,0.0,0.8946,0.1369,0.0,0.0,0.0,1.0,0.0,0.0,0.5554,False,False,False,False,2.95,0.68,3.5,False,6836.4,电子信息,汽车电子/国企改革/金融参股,26.5
600655,,0.3321,1.0,0.8649,0.1747,0.0,0.6746,0.1802,0.3,0.0399,0.0,0.0,0.0,1.0,0.4123,False,False,False,False,4.42,-0.45,4.72,False,171.9,商业百货,白酒概念/黄金概念/融资融券,26.7
600657,,0.0,1.0,0.7786,0.0,0.0,0.6981,0.2637,0.6,0.0,0.0,0.0,0.0,0.0,0.3535,False,False,False,False,2.68,-1.11,2.93,False,7643.0,房地产,京津冀,29.6
600658,,0.3218,1.0,0.6434,0.0371,0.0,0.6383,0.2036,0.6,0.0,0.0,0.0,0.0,1.0,0.4227,False,False,False,False,4.32,0.47,4.82,False,4832.3,开发区,业绩预升,24.6
600660,,0.8703,0.9403,0.7532,0.1793,0.0,0.3821,0.118,0.0,0.0,0.0,0.0,0.0,0.0,0.4976,False,False,False,False,50.65,-3.36,55.16,False,101451.3,汽车制造,光伏/海峡西岸/含H股,25.0
600661,,0.2413,1.0,0.8134,0.0,0.0,0.6138,0.0306,0.0,0.0,0.0,0.0,0.0,0.0,0.513,False,False,False,False,7.83,-0.38,9.03,False,2243.7,,光伏概念/高校背景/上海本地,
600662,,0.0,1.0,0.814,0.0,0.0,0.6028,0.1566,0.0,0.0,0.0,0.0,0.0,0.0,0.4526,False,False,False,False,4.25,-1.16,4.75,False,9675.0,交通运输,国企改革/整体上市/上海本地,28.9
600663,,0.0204,1.0,0.7173,0.0,0.0,0.6679,0.1568,0.3,0.0,0.0,0.0,0.0,1.0,0.4288,False,False,False,False,6.72,-1.75,7.43,False,21206.2,房地产,含B股/国企改革/上海自贸,29.6
600664,,0.0538,1.0,0.8738,0.0,0.0,0.9803,0.2147,0.3,0.0,0.0,0.0,0.0,0.0,0.4472,False,False,False,False,3.12,-1.58,3.43,False,7857.8,生物制药,融资融券/抗癌,24.5
600665,,0.0,1.0,0.6701,0.7233,1.0,0.0,0.3053,0.9,1.0,0.0,0.0,1.0,1.0,0.285,False,False,False,False,3.83,-0.26,3.46,True,3309.6,房地产,上海本地,29.6
600666,,0.0,1.0,0.7345,0.003,0.0,0.8701,0.1182,0.0,0.1587,0.0,1.0,0.0,0.0,0.3918,False,False,False,False,4.59,1.55,4.97,False,11485.3,生物制药,成渝特区/信托重仓,24.5
600667,,0.0,0.8653,0.6192,1.0,1.0,0.2354,0.4526,0.0,1.0,0.0,0.0,1.0,1.0,0.3068,False,False,False,False,17.99,3.81,13.1,True,37626.8,电子器件,融资融券/业绩预降,74.0
600668,,0.2517,1.0,0.8143,0.0,0.0,0.8906,0.0255,0.0,0.0,0.0,0.0,0.0,0.0,0.5048,False,False,False,False,7.43,-1.46,8.95,False,3067.9,水泥行业,白酒概念/融资融券/参股金融,29.8
600671,,0.0,1.0,0.7442,0.0,0.0,0.4877,0.0925,0.0,0.0,0.0,0.0,0.0,0.0,0.4582,False,False,False,False,16.34,1.11,18.33,False,1988.9,生物制药,,24.5
600673,,0.0,1.0,0.6435,0.6799,0.0,0.6049,0.1383,0.3,0.4879,0.0,0.0,0.0,0.7,0.4036,False,False,False,False,32.63,-1.42,34.04,False,97940.8,有色金属,光伏概念,62.0
600674,,0.0,1.0,0.8782,0.6025,0.7309,0.6424,0.4518,0.3,0.6107,1.0,0.0,1.0,0.0,0.2752,False,False,False,False,15.17,-1.04,15.12,True,739.5,电力行业,光伏概念/成渝特区/融资融券,65.3
600675,,0.3892,1.0,0.8056,0.0783,0.0,0.4869,0.229,0.3,0.0029,0.0,0.0,0.0,0.0,0.3211,False,False,False,False,2.34,-2.5,2.52,False,14148.0,房地产,ST板块/融资融券/国企改革,29.6
600676,,0.0,0.9942,0.7167,0.0,0.0,0.7367,0.088,0.6,0.0,0.0,0.0,0.5,1.0,0.4038,False,False,False,False,6.39,-3.03,7.07,False,6572.1,汽车制造,上海自贸/整体上市/上海本地,25.0
600678,,0.0,0.6534,1.0,0.0,0.0,1.0,0.5096,0.6,0.0,0.0,0.0,0.0,0.0,0.7427,False,False,False,False,6.62,5.08,8.13,False,2310.3,水泥行业,成渝特区,29.8
600679,,0.9569,1.0,0.8658,0.0,0.0,0.7523,0.1656,0.3,0.0,0.0,0.0,0.0,0.0,0.4397,False,False,False,False,9.34,-1.06,10.76,False,3210.1,,含B股/金融改革/上海本地,
600681,,0.7607,1.0,0.8489,0.0,0.0,0.7421,0.159,0.0,0.0,0.0,0.0,0.0,0.0,0.4187,False,False,False,False,3.46,-1.98,3.91,False,4635.7,建筑建材,本月解禁/参股金融,23.8
600682,,0.0979,1.0,0.7574,0.0,0.0,0.6105,0.1228,0.3,0.0,0.0,0.0,0.5,0.0,0.4034,False,False,False,False,5.76,-0.17,6.36,False,6705.0,商业百货,业绩预降/金融参股/参股金融,26.7
600683,,0.6685,1.0,0.6712,1.0,0.0,0.8569,0.1167,0.0,0.724,0.0,1.0,0.0,0.7,0.349,False,False,False,False,12.74,1.35,13.27,False,9437.5,房地产,三板精选,29.6
600684,,0.0,0.5196,0.5892,0.0,0.0,0.0,0.1455,0.3,0.0,0.0,0.0,0.0,0.0,0.4896,False,False,False,False,3.36,-5.88,4.02,False,2867.6,房地产,赛马概念,29.6
600685,,0.0,1.0,0.8841,0.0,0.0,0.8396,0.1199,0.0,0.0506,0.0,0.0,0.0,0.0,0.5706,False,False,False,False,26.83,-0.74,29.0,False,22039.1,船舶制造,国防军工/军工航天/含H股,27.2
600686,,0.0,0.6132,0.6404,0.0,0.0,0.5441,0.174,0.0,0.0,0.0,0.0,0.5,0.0,0.5887,False,False,False,False,12.99,-5.32,14.72,False,9314.4,汽车制造,百度概念/海峡西岸/氢燃料,25.0
600688,,0.8333,1.0,0.8,0.5797,0.8866,0.4983,0.0956,0.3,0.5893,0.0,0.0,0.5,0.0,0.3065,True,False,False,False,2.96,-1.33,2.98,False,21693.3,石油行业,含H股/油气改革/上海本地,22.2
600689,,0.0,1.0,0.8188,0.0,0.0,0.7208,0.1354,0.3,0.0,0.0,0.0,0.0,0.0,0.374,False,False,False,False,10.97,-0.63,12.33,False,1669.7,纺织行业,含B股/基因概念/国企改革,26.5
600690,,0.0,1.0,0.8792,0.1198,0.4257,0.6023,0.2149,0.6,0.234,0.0,0.0,1.0,0.0,0.3833,False,False,False,False,20.72,-1.19,21.46,False,129562.7,家电行业,融资融券/国企改革/日韩贸易,31.7
600691,,0.3534,1.0,0.8205,0.0,0.0,0.7977,0.1652,0.0,0.0,0.0,0.0,0.0,0.0,0.3764,False,False,False,False,2.6,0.0,2.92,False,6176.5,农药化肥,成渝特区,20.2
600692,,0.221,1.0,0.7179,0.0,0.0,0.8015,0.1663,0.0,0.0,0.0,0.0,0.0,0.0,0.5442,False,False,False,False,6.28,-1.57,7.16,False,1601.5,交通运输,融资融券/赛马概念/民营银行,28.9
600693,,0.7026,1.0,0.6614,0.0,0.0,0.6819,0.3328,0.3,0.0,0.0,0.0,0.0,0.0,0.4519,False,False,False,False,8.99,1.47,10.8,False,7811.9,商业百货,海峡西岸/内贸规划,26.7
600694,,0.0,1.0,0.8693,0.0,0.0,0.7573,0.271,0.3,0.0,0.0,0.0,0.5,1.0,0.4328,False,False,False,False,14.6,-1.28,16.34,False,5027.6,商业百货,融资融券/内贸规划/保险重仓,26.7
600696,,0.0,0.0,0.2929,0.0,0.0,0.9612,0.3318,0.9,0.0,0.0,0.0,0.0,0.0,0.7975,False,False,False,False,0.73,10.61,1.34,False,244.2,房地产,白酒概念/融资融券,29.6
600697,,0.5748,1.0,0.8141,0.0592,0.0,0.4803,0.1339,0.0,0.0,0.0,0.0,0.0,0.0,0.4086,False,False,False,False,10.67,-0.84,11.83,False,1657.9,商业百货,朝鲜改革/内贸规划/社保重仓,26.7
600698,,0.0,1.0,0.7556,0.0,0.0,0.4448,0.6627,1.0,0.0,0.0,0.0,0.5,0.0,0.3514,False,False,False,False,6.64,-2.64,7.23,False,55.1,汽车制造,国防军工/军民融合/军工航天,25.0
600699,,0.0545,1.0,0.7728,0.2657,0.0,0.8285,0.2794,0.3,0.0,0.0,0.0,0.0,0.7,0.416,False,False,False,False,24.88,0.93,27.16,False,33713.7,汽车制造,汽车电子/业绩预升,25.0
600702,,0.632,1.0,0.8624,0.0,0.0,0.756,0.3544,0.6,0.0,0.0,0.0,0.0,0.0,0.3915,False,False,False,False,38.26,-1.26,43.58,False,12726.0,酿酒行业,白酒概念/成渝特区/融资融券,23.3
600703,,0.0,0.0,0.4426,0.8149,0.8346,0.1985,0.4894,0.3,1.0,0.0,1.0,0.5,1.0,0.3962,False,False,False,False,16.84,9.99,15.46,True,84015.1,电子器件,光伏概念/融资融券/绿色照明,74.0
600704,,0.0,1.0,0.8354,0.1193,0.0,0.5571,0.1734,0.0,0.1464,0.0,0.0,0.0,0.0,0.4095,False,False,False,False,4.77,-1.85,5.04,False,24666.5,物资外贸,金融参股/参股金融/股期概念,35.1
600706,,0.5228,1.0,0.8065,0.0,0.0,0.4655,0.0854,0.3,0.0,0.0,0.0,0.0,0.0,0.4852,False,False,False,False,7.49,-1.19,8.81,False,1902.7,酒店旅游,陕甘宁,27.5
600707,,0.0,0.0,0.3505,1.0,1.0,0.3629,0.8567,0.3,1.0,0.0,1.0,0.5,0.7,0.3133,False,False,True,False,11.51,9.93,9.55,True,41294.1,电子器件,准ST股/陕甘宁,74.0
600708,,0.178,1.0,0.7042,0.0,0.0,0.6894,0.195,0.3,0.0,0.0,0.0,0.0,1.0,0.5544,False,False,False,False,2.94,0.34,3.36,False,6542.3,交通运输,国企改革/上海自贸/业绩预升,28.9
600710,,0.0,1.0,0.8933,0.1442,0.0,0.6582,0.1984,0.6,0.1566,0.0,0.0,0.0,0.0,0.4272,False,False,False,False,11.09,-1.42,11.83,False,14491.9,机械行业,光伏/光伏概念/ST板块,29.0
600711,,0.0,1.0,0.7773,0.0,0.0604,0.3071,0.2833,0.6,0.7675,0.0,0.0,0.5,0.0,0.3247,False,False,False,False,13.25,-1.63,13.14,True,409.5,有色金属,海峡西岸/黄金概念/融资融券,62.0
600712,,0.5924,1.0,0.7587,0.0642,0.0,0.5501,0.2092,0.3,0.0,0.0,0.0,0.0,0.0,0.3343,False,False,False,False,5.24,-0.19,5.94,False,2822.5,商业百货,海上丝路/内贸规划/业绩预降,26.7
600713,,0.0,1.0,0.8682,0.1565,0.0,0.9236,0.1698,0.0,0.3364,0.0,0.0,0.5,0.0,0.3365,False,False,False,False,5.03,-0.59,5.2,False,6487.7,商业百货,准ST股/信托重仓/参股金融,26.7
600714,,0.8246,1.0,0.6258,1.0,1.0,0.7023,0.4722,0.0,1.0,1.0,0.0,0.0,1.0,0.3297,True,False,False,False,27.78,-1.94,25.25,True,8005.5,有色金属,稀缺资源/业绩预升,62.0
600715,,0.4779,1.0,0.845,0.0,0.0,0.8961,0.2952,0.0,0.0,0.0,0.0,0.0,0.0,0.5206,False,False,False,False,1.71,-0.58,1.94,False,4894.7,汽车制造,振兴沈阳,25.0
600716,,0.0,1.0,0.673,0.0,0.0,0.5362,0.2765,0.0,0.1633,0.0,0.0,0.5,0.0,0.3842,False,False,False,False,3.75,2.18,3.98,False,3510.2,房地产,参股金融,29.6
600717,,0.9081,1.0,1.0,0.3457,0.142,1.0,0.2032,0.6,0.2538,0.0,1.0,0.5,0.0,0.2286,False,False,False,False,4.31,0.0,4.51,False,12473.1,交通运输,雄安新区/京津冀/海上丝路,28.9
600718,,0.0,1.0,0.8232,0.0,0.0,0.6115,0.1492,0.0,0.0,0.0,0.0,0.0,0.0,0.4536,False,False,False,False,7.96,0.51,8.71,False,9523.7,电子信息,物联网/汽车电子/国产软件,26.5
600719,,0.0183,1.0,0.7101,1.0,0.759,0.8704,0.3256,0.6,1.0,1.0,1.0,0.5,0.7,0.2665,False,False,False,False,8.71,-0.34,8.45,True,3524.1,供水供气,整体上市/振兴沈阳,21.9
600720,,0.6097,1.0,0.7395,0.0,0.0,0.0,0.0856,0.0,0.0,0.0,0.0,0.0,0.0,0.3671,False,False,False,False,5.47,-2.84,6.32,False,5519.5,水泥行业,低碳经济/融资融券/业绩预升,29.8
600721,,0.0,0.8473,0.7563,0.0,0.0,0.2183,0.152,0.3,0.0,0.0,0.0,1.0,0.0,0.3337,False,False,False,False,7.36,-3.92,8.18,False,2830.3,煤炭行业,CXO概念/CRO概念/ST板块,44.3
600722,,0.4644,1.0,0.6378,0.0,0.0,0.3646,0.2006,0.0,0.0,0.0,0.0,0.0,0.0,0.5122,False,False,False,False,9.31,-2.72,11.34,False,6333.8,化工行业,雄安新区/京津冀,59.2
600724,,0.0,1.0,0.8579,0.4002,0.0,0.8744,0.1989,0.0,0.4392,0.0,0.0,0.5,0.7,0.3049,False,False,False,False,6.57,0.0,6.86,False,9493.3,房地产,固废处理/污水处理/信托重仓,29.6
600725,,0.9199,1.0,0.7639,0.0762,0.0,0.6055,0.2582,0.0,0.0,0.0,0.0,0.0,0.0,0.4114,False,False,False,False,3.62,-1.36,4.08,False,4461.5,煤炭行业,ST板块/低碳经济/金融参股,44.3
600726,,0.5613,1.0,0.634,1.0,1.0,0.7189,0.251,0.0,1.0,1.0,1.0,0.5,0.7,0.2149,False,False,False,False,8.62,0.7,7.28,True,64437.4,电力行业,含B股/固废处理/金融参股,65.3
600727,,0.4486,1.0,0.8047,0.6677,0.2209,0.6657,0.21,0.3,0.3884,0.0,0.0,0.0,1.0,0.3526,False,False,False,False,7.65,-2.55,7.93,False,4043.7,农药化肥,,20.2
600728,,0.0,1.0,0.8128,0.0,0.0,0.6045,0.1685,0.0,0.0,0.0,0.0,0.0,0.0,0.4997,False,False,False,False,4.64,0.22,5.29,False,9895.3,电子信息,5G概念/金融改革/民营银行,26.5
600729,,0.0,1.0,0.8411,0.0,0.3409,0.2934,0.3082,0.6,0.3456,0.0,0.0,1.0,0.0,0.3697,False,False,False,False,20.66,0.49,20.89,False,3976.7,商业百货,成渝特区/内贸规划/社保重仓,26.7
600730,,0.9233,0.6699,0.7613,1.0,1.0,0.6944,0.3963,0.3,0.7985,1.0,0.0,0.0,1.0,0.4945,False,False,False,False,12.21,-4.98,12.12,True,7163.1,综合行业,准ST股/高校背景/上海本地,20.3
600731,,0.0,1.0,0.881,0.0,0.0,0.6668,0.102,0.3,0.0,0.0,0.0,0.5,0.0,0.3438,False,False,False,False,5.51,-1.61,6.2,False,2984.7,农药化肥,长株潭,20.2
600732,,0.0,1.0,0.5814,0.0,0.0,0.4643,0.2864,0.3,0.4132,0.0,0.0,0.5,0.0,0.3554,False,False,False,False,13.01,2.12,13.18,False,27314.0,房地产,光伏/ST板块/上海自贸,29.6
600733,,0.0,1.0,0.8098,0.0,0.0,0.5974,0.2986,0.0,0.0,0.0,0.0,0.0,0.0,0.4168,False,False,False,False,6.06,1.68,6.64,False,29643.8,房地产,固态电池/成渝特区,29.6
600734,,0.3898,1.0,0.7251,0.0,0.0,0.8405,0.2811,0.0,0.0,0.0,1.0,0.0,0.0,0.565,False,False,False,False,1.95,0.52,2.65,False,4246.8,电子信息,华为概念/军民融合/海峡西岸,26.5
600735,,0.0,1.0,0.8471,0.6061,0.1341,0.9471,0.2211,0.3,0.6149,1.0,0.0,0.0,0.7,0.2788,False,False,False,False,6.54,0.0,6.48,True,2782.5,纺织行业,黄河三角/婴童概念/自贸区,26.5
600736,,0.0,1.0,0.7933,0.6489,0.5464,0.8433,0.2317,0.3,1.0,0.0,0.0,1.0,0.7,0.1905,False,False,False,False,7.65,-1.16,7.44,True,8807.4,开发区,军民融合/金融参股/沿海发展,24.6
600737,,0.37,0.8121,0.749,0.0656,0.0,0.6507,0.2148,0.6,0.005,0.0,0.0,0.0,1.0,0.4685,False,False,False,False,13.24,-4.13,14.44,False,28318.4,食品行业,参股金融,28.5
600738,,0.4365,1.0,0.8526,0.0,0.0,0.6301,0.1212,0.0,0.0,0.0,0.0,0.0,0.0,0.4603,False,False,False,False,4.02,-1.23,4.51,False,3057.9,商业百货,业绩预升/陕甘宁/参股金融,26.7
600739,,0.0,1.0,0.8528,0.0382,0.0,0.3241,0.1137,0.3,0.1091,0.0,0.0,0.0,0.0,0.4711,False,False,False,False,10.38,-0.38,11.03,False,15878.4,物资外贸,融资融券/页岩气/金融参股,35.1
600740,,0.5322,1.0,0.7713,0.1217,0.0,0.6262,0.2306,0.0,0.0,0.0,0.0,0.5,0.0,0.3709,False,False,False,False,3.68,-2.9,4.02,False,9428.6,煤炭行业,低碳经济/融资融券,44.3
600741,,0.168,0.9715,0.7299,0.0,0.0,0.4593,0.1229,0.0,0.0,0.0,0.0,0.0,0.0,0.4153,False,False,False,False,16.49,-3.17,17.81,False,51988.4,汽车制造,融资融券/汽车电子/国企改革,25.0
600743,,1.0,1.0,0.7542,0.6928,0.0,0.8386,0.4296,0.6,0.0,0.0,0.0,0.0,0.7,0.5599,True,False,False,False,2.11,-2.76,2.37,False,4950.3,房地产,融资融券/京津冀,29.6
600744,,0.7471,1.0,0.7775,0.5687,0.0,0.8648,0.3692,0.3,0.2289,0.0,0.0,0.0,0.7,0.3878,False,False,False,False,7.47,-0.27,8.0,False,15172.5,电力行业,碳中和/光伏/碳交易,65.3
600745,,0.6457,1.0,0.638,0.0,0.0,0.1707,0.4778,0.9,0.0,0.0,1.0,0.5,0.0,0.5632,False,False,False,False,18.69,2.52,23.77,False,23262.9,房地产,涉矿概念,29.6
600746,,0.0,1.0,0.8293,0.0,0.0,0.7762,0.1235,0.0,0.0,0.0,0.0,0.0,0.0,0.5628,False,False,False,False,6.21,-0.64,7.21,False,7252.3,化工行业,氢能源,59.2
600748,,0.2445,1.0,0.7282,0.0,0.0,0.8049,0.1203,0.6,0.0,0.0,0.0,0.0,1.0,0.6781,False,False,False,False,4.05,-2.88,4.83,False,7470.5,房地产,融资融券/国企改革/上海本地,29.6
600749,,0.3976,0.8659,0.7421,0.2258,0.2894,0.6383,0.2407,0.3,0.1351,0.0,0.0,1.0,0.0,0.3657,False,False,False,False,15.17,-3.8,16.03,False,3443.1,酒店旅游,,27.5
600750,,1.0,1.0,0.83,0.5195,0.7684,0.6275,0.3116,0.3,0.4381,0.0,0.0,0.5,0.0,0.4133,True,False,False,False,24.23,-1.9,24.89,False,15233.0,生物制药,融资融券/婴童概念/金融参股,24.5
600751,,0.0,1.0,0.6718,0.0,0.0,0.4058,0.1435,0.3,0.0,0.0,0.0,0.0,0.0,0.4706,False,False,False,False,3.19,-1.85,3.51,False,8208.5,交通运输,含B股/京津冀/天津自贸,28.9
600753,,0.0386,0.6629,1.0,0.7056,0.0,1.0,0.1491,0.3,0.3135,0.0,1.0,0.0,0.7,0.3933,False,False,False,False,11.5,5.02,12.21,False,2648.5,商业百货,准ST股,26.7
600755,,0.0,1.0,0.8482,0.0552,0.0,0.6333,0.1502,0.0,0.0889,0.0,0.0,0.0,0.0,0.3854,False,False,False,False,5.67,-0.7,6.07,False,12089.3,物资外贸,海峡西岸/金融参股/参股金融,35.1
600756,,0.0,1.0,0.8664,0.0,0.0,0.8464,0.2496,0.3,0.0,0.0,0.0,0.0,0.0,0.4777,False,False,False,False,13.48,0.07,15.42,False,4368.9,电子信息,国产软件,26.5
600757,,0.0,1.0,0.9097,0.1429,0.0675,0.4041,0.2087,0.3,0.2666,0.0,0.0,1.0,0.0,0.324,False,False,False,False,8.05,-0.86,8.36,False,9768.7,传媒娱乐,武汉规划/上海本地/参股金融,21.0
600758,,1.0,1.0,0.803,0.7775,0.0,0.8697,0.2856,0.3,0.0,0.0,0.0,0.0,1.0,0.4145,True,False,False,False,4.01,-1.23,4.45,False,5296.2,供水供气,,21.9
600759,,1.0,1.0,0.7007,0.0,0.0,0.5741,0.3405,0.6,0.0,0.0,0.0,0.0,0.0,0.6692,False,False,False,False,2.4,-2.04,3.61,False,9944.8,石油行业,海南自贸/融资融券/涉矿概念,22.2
600760,,0.0,1.0,0.8321,0.0,0.0,0.5933,0.237,0.6,0.0,0.0,0.0,0.5,0.0,0.3543,False,False,False,False,42.48,-1.85,46.24,False,120199.4,汽车制造,大飞机/国防军工/军工航天,25.0
600761,,0.0,1.0,0.8547,0.0,0.0,0.8116,0.2978,0.3,0.0,0.0,0.0,0.0,0.0,0.4001,False,False,False,False,16.7,-1.65,18.18,False,14874.6,机械行业,皖江区域,29.0
600763,,0.0,1.0,0.866,0.0,0.0,0.7935,0.1131,0.0,0.0,0.0,0.0,0.0,0.0,0.5265,False,False,False,False,34.6,-0.66,38.49,False,15476.2,医疗器械,民营医院/婴童概念,26.5
600764,,0.0,1.0,0.8807,0.0,0.0,0.678,0.1338,0.0,0.0,0.0,0.0,0.0,0.0,0.5587,False,False,False,False,19.43,-0.66,22.36,False,13807.5,电子信息,国防军工/军民融合/军工航天,26.5
600765,,0.0,1.0,0.9005,0.0,0.0,0.6885,0.1195,0.6,0.0,0.0,0.0,0.5,0.0,0.504,False,False,False,False,13.93,-1.0,15.38,False,21626.2,机械行业,大飞机/国防军工/军民融合,29.0
600768,,0.0,1.0,0.7306,0.2047,0.0,0.7844,0.2627,0.0,0.2283,0.0,0.0,0.0,0.7,0.3906,False,False,False,False,15.68,0.58,16.77,False,2097.2,有色金属,准ST股,62.0
600769,,0.0,1.0,0.5808,0.7014,0.0,0.5761,0.4057,0.9,1.0,0.0,0.0,0.5,0.7,0.3005,False,False,False,False,16.72,2.08,16.25,True,6269.6,电力行业,武汉规划,65.3
600770,,0.0,1.0,0.7868,0.2965,0.0,0.8982,0.1355,0.0,0.3327,0.0,0.0,0.0,1.0,0.4779,False,False,False,False,5.98,0.67,6.29,False,7774.0,综合行业,光伏/光伏概念/5G概念,20.3
600771,,0.0961,1.0,0.8358,0.0,0.0,0.6353,0.1742,0.3,0.0,0.0,0.0,0.0,0.0,0.4179,False,False,False,False,13.83,-2.67,15.62,False,6769.7,生物制药,白酒概念,24.5
600773,,0.0,1.0,0.6393,0.0,0.0,0.6611,0.0956,0.0,0.0,0.0,0.0,0.5,0.0,0.5199,False,False,False,False,15.55,1.37,17.78,False,14797.2,房地产,盐湖提锂/锂电池/涉矿概念,29.6
600774,,0.2796,1.0,0.8,0.0,0.0,0.4157,0.1325,0.0,0.0,0.0,0.0,0.0,0.0,0.501,False,False,False,False,6.93,-1.0,8.07,False,2043.5,商业百货,武汉规划,26.7
600775,,0.0,1.0,0.7063,0.0,0.0,0.6788,0.2299,0.3,0.0,0.0,0.0,0.0,0.0,0.4225,False,False,False,False,10.58,1.34,12.05,False,7108.1,电子信息,军民融合/含H股/智能机器,26.5
600776,,0.0,0.9724,0.5736,0.2204,0.1555,0.5856,0.3605,0.3,0.618,0.0,1.0,0.5,1.0,0.3751,False,False,False,False,15.97,3.17,16.2,False,15267.3,电子信息,含B股/国企改革,26.5
600777,,1.0,0.8269,0.7436,0.6594,0.0,0.3483,0.1819,0.0,0.1636,0.0,0.0,0.0,0.7,0.4525,False,False,False,False,4.99,-4.04,5.4,False,31767.1,综合行业,黄河三角/金融改革/赛马概念,20.3
600778,,0.3215,1.0,0.6921,0.0064,0.0,0.4875,0.1038,0.0,0.0,0.0,0.0,0.0,1.0,0.4682,False,False,False,False,5.56,-1.24,6.32,False,1730.4,商业百货,内贸规划/业绩预升/参股金融,26.7
600779,,0.4108,1.0,0.8736,0.0407,0.0,0.7568,0.4391,0.9,0.0,0.0,0.0,0.0,0.0,0.3189,False,False,False,False,29.13,-1.35,32.57,False,14201.0,酿酒行业,白酒概念/成渝特区/融资融券,23.3
600780,,0.5606,1.0,0.8101,0.624,0.0,0.8417,0.5327,0.0,0.3942,0.0,0.0,0.0,0.7,0.3744,False,False,False,False,6.71,0.6,6.97,False,7693.0,电力行业,,65.3
600782,,0.0,1.0,0.8502,0.0,0.0,0.7722,0.1297,0.0,0.0,0.0,0.0,0.0,0.0,0.5062,False,False,False,False,2.65,-0.75,3.06,False,8336.0,钢铁行业,整体上市/信托重仓,26.9
600783,,0.9044,0.7883,0.3603,0.5016,0.2352,0.4609,0.254,0.3,0.24,0.0,0.0,0.0,1.0,0.4911,False,False,False,False,20.85,-4.27,22.44,False,15519.9,其它行业,军民融合/黄河三角/业绩预升,41.7
600784,,0.1297,1.0,0.8788,0.5345,0.0,0.948,0.2797,0.3,0.2464,0.0,0.0,0.0,0.7,0.3746,False,False,False,False,7.04,-1.54,7.4,False,4756.6,钢铁行业,专精特新/光伏/黄河三角,26.9
600785,,0.0,1.0,0.7872,0.0,0.0,0.6239,0.2734,0.6,0.0243,0.0,0.0,0.0,0.0,0.4423,False,False,False,False,15.15,0.73,16.66,False,3418.3,商业百货,内贸规划/陕甘宁/金融参股,26.7
600787,,0.0,1.0,0.8551,0.0,0.0,0.5507,0.1547,0.0,0.0,0.0,0.0,0.0,0.0,0.41,False,False,False,False,4.62,0.43,5.01,False,10025.8,交通运输,雄安新区/物联网/融资融券,28.9
600789,,0.2838,1.0,0.889,0.0,0.0,0.7808,0.2133,0.3,0.0,0.0,0.0,0.0,0.0,0.3309,False,False,False,False,7.1,-1.53,7.98,False,6380.6,生物制药,黄河三角/生物疫苗,24.5
600790,,0.3578,1.0,0.7707,0.4434,0.0,0.8068,0.1644,0.0,0.2513,0.0,0.0,0.0,1.0,0.3709,False,False,False,False,3.8,0.53,4.02,False,5570.0,商业百货,业绩预升/分拆上市/参股金融,26.7
600791,,1.0,0.0,1.0,1.0,0.0,1.0,0.3814,0.0,0.0,0.0,0.0,0.0,0.7,0.5582,False,False,False,False,9.84,-9.97,12.75,False,4450.8,房地产,,29.6
600792,,0.2838,1.0,0.6474,0.353,0.4594,0.4987,0.4496,0.0,0.5602,0.0,0.0,0.5,0.0,0.3159,False,False,False,False,4.21,1.2,4.24,False,4672.8,煤炭行业,军民融合/低碳经济/涉矿概念,44.3
600793,,0.4548,1.0,0.7966,0.0,0.0,0.6241,0.163,0.3,0.0,0.0,0.0,0.0,0.0,0.4507,False,False,False,False,13.3,-1.04,15.85,False,2352.8,造纸行业,成渝特区,24.3
600794,,0.0,1.0,0.8726,0.0,0.0,0.643,0.1213,0.0,0.0,0.0,0.0,0.0,0.0,0.5232,False,False,False,False,3.12,-0.64,3.42,False,3744.5,交通运输,信托重仓/参股金融,28.9
600795,,0.3839,1.0,0.8807,0.589,0.6853,0.7053,0.476,0.3,0.5245,0.0,0.0,0.5,1.0,0.2742,False,False,False,False,4.96,-1.39,5.0,False,88464.7,电力行业,融资融券/风能概念/业绩预升,65.3
600796,,0.3001,1.0,0.8304,0.0,0.0,0.7936,0.1192,0.0,0.0,0.0,0.0,0.0,0.0,0.5165,False,False,False,False,5.05,-1.17,5.73,False,1573.0,农药化肥,光伏概念/生物疫苗,20.2
600797,,0.5822,1.0,0.8186,0.0,0.0,0.7705,0.3901,0.6,0.0,0.0,1.0,0.0,0.0,0.4222,False,False,False,False,7.34,-0.14,8.45,False,7542.0,电子信息,电子支付/国产软件/网络游戏,26.5
600798,,0.1485,0.8056,0.7778,0.2429,0.0,0.0,0.2321,1.0,0.1632,0.0,0.0,0.0,0.0,0.4428,False,False,False,False,3.45,-4.17,3.64,False,4162.5,交通运输,海上丝路/自贸区,28.9
600800,,0.3336,1.0,0.6491,0.0,0.0,0.7675,0.1899,0.0,0.0,0.0,0.0,0.0,0.0,0.585,False,False,False,False,3.59,-0.55,4.19,False,3983.9,综合行业,融资融券/电子支付/参股金融,20.3
600801,,0.0,1.0,0.8068,0.0,0.0,0.6461,0.2398,0.6,0.1735,0.0,0.0,1.0,0.0,0.4084,False,False,False,False,19.06,-1.35,20.3,False,25572.8,水泥行业,含B股/融资融券/业绩预升,29.8
600802,,0.6373,1.0,0.8309,0.0,0.0,0.2493,0.0496,0.0,0.0,0.0,0.0,0.0,0.0,0.3873,False,False,False,False,4.67,-1.27,5.4,False,2140.0,水泥行业,海峡西岸/金融参股/参股金融,29.8
600803,,0.7783,0.8277,0.7159,0.0977,0.0,0.0,0.2639,0.0,0.0,0.0,0.0,0.0,0.0,0.5206,False,False,False,False,16.89,-4.03,19.83,False,51881.5,农药化肥,生物燃料,20.2
600805,,0.1423,1.0,0.8807,0.0,0.0,0.7866,0.1863,0.0,0.0,0.0,0.0,0.0,0.0,0.4761,False,False,False,False,4.44,-0.67,4.93,False,3775.2,综合行业,垃圾分类/融资融券/沿海发展,20.3
600807,,0.4327,1.0,0.7365,0.0,0.0,0.6747,0.1885,0.6,0.0,0.0,0.0,0.0,0.0,0.4722,False,False,False,False,2.53,0.0,2.91,False,1991.2,房地产,黄金概念/融资融券/涉矿概念,29.6
600808,,0.0,1.0,0.7619,0.0,0.0,0.6479,0.1161,0.3,0.0,0.0,0.0,0.5,0.0,0.4237,False,False,False,False,2.78,-0.71,3.32,False,16590.3,钢铁行业,含H股/皖江区域,26.9
600809,,0.3239,1.0,0.8608,0.0,0.0,0.586,0.166,0.3,0.0,0.0,0.0,0.0,0.0,0.4711,False,False,False,False,117.35,-1.62,133.67,False,143162.8,酿酒行业,白酒概念/融资融券/基金重仓,23.3
600810,,0.0,1.0,0.6735,0.0,0.0,0.2381,0.2246,0.3,0.0,0.0,0.0,0.5,0.0,0.3762,False,False,False,False,6.5,2.69,7.01,False,7024.9,化纤行业,,40.6
600812,,0.0,1.0,0.8515,0.0,0.0,0.6994,0.1296,0.0,0.0,0.0,0.0,0.5,0.0,0.5041,False,False,False,False,4.43,-1.34,4.88,False,7600.7,生物制药,抗癌/维生素/金融参股,24.5
600814,,0.0,1.0,0.8751,0.0572,0.0,0.8066,0.1887,0.3,0.0821,0.0,0.0,0.0,0.0,0.3703,False,False,False,False,6.91,-0.43,7.39,False,5079.4,商业百货,内贸规划,26.7
600815,,0.2486,1.0,0.8039,0.0,0.0,0.7769,0.0735,0.0,0.0,0.0,0.0,0.0,0.7,0.5951,False,False,False,False,3.03,-0.98,3.6,False,5375.5,机械行业,海峡西岸/融资融券/金融参股,29.0
600816,,0.0143,1.0,0.7531,0.5179,0.0,0.7365,0.2645,0.0,0.2511,0.0,0.0,0.0,1.0,0.3655,False,False,False,False,2.74,1.48,2.87,False,14985.4,金融行业,融资融券,38.4
600817,,0.8093,1.0,0.8146,0.0,0.0,0.71,0.0611,0.0,0.0,0.0,0.0,0.0,0.0,0.5858,False,False,False,False,9.14,-2.25,10.65,False,4837.3,电子器件,ST板块/上海本地,74.0
600818,,0.2621,1.0,0.697,0.0,0.0,0.7627,0.4129,0.3,0.0,0.0,0.0,0.0,0.0,0.3317,False,False,False,False,5.77,0.87,6.89,False,1373.0,,含B股/上海自贸/参股金融,
600819,,0.0,1.0,0.6651,0.0533,0.0,0.5767,0.2112,0.6,0.1694,0.0,0.0,0.0,0.0,0.3316,False,False,False,False,6.68,1.67,7.05,False,4992.7,玻璃行业,光伏/含B股/外资背景,82.0
600820,,0.343,1.0,0.8427,0.0793,0.0,0.5609,0.1534,0.6,0.0335,0.0,0.0,0.0,0.0,0.3167,False,False,False,False,5.43,-1.45,5.83,False,17072.4,建筑建材,融资融券/国企改革/上海本地,23.8
600821,,0.6002,1.0,0.6934,0.15,0.0,0.8916,0.3223,0.0,0.0,0.0,0.0,0.0,0.0,0.4847,False,False,False,False,6.85,1.63,7.9,False,13476.2,商业百货,光伏/天津自贸,26.7
600822,,0.0,1.0,0.8209,0.0,0.0,0.6881,0.1234,0.0,0.0,0.0,0.0,0.0,0.0,0.4525,False,False,False,False,8.38,-2.1,9.38,False,3319.7,物资外贸,含B股/国企改革/油气改革,35.1
600824,,0.0,1.0,0.8728,0.0367,0.0,0.7594,0.1398,0.3,0.0001,0.0,0.0,0.0,0.0,0.421,False,False,False,False,3.64,-0.82,3.93,False,3836.7,商业百货,黄金概念/上海本地,26.7
600825,,0.8152,1.0,0.7805,0.0,0.0,0.4702,0.1249,0.3,0.0,0.0,0.0,0.0,0.0,0.4962,False,False,False,False,4.74,-2.47,5.51,False,4952.8,传媒娱乐,融资融券/国企改革/上海本地,21.0
600826,,0.0,1.0,0.7605,0.0616,1.0,0.3439,0.4075,0.6,1.0,0.0,0.0,1.0,0.0,0.2669,False,False,False,False,10.26,-0.39,9.62,True,7546.6,物资外贸,抗癌/国企改革/金融参股,35.1
600827,,0.0,1.0,0.9018,0.2911,0.307,0.7525,0.2938,0.6,0.3497,0.0,0.0,0.0,0.0,0.3029,False,False,False,False,8.1,-0.61,8.32,False,12996.0,商业百货,含B股/融资融券/国企改革,26.7
600828,,0.8453,1.0,0.7073,0.0,0.0,0.0567,0.2267,0.6,0.0,0.0,0.0,0.0,0.0,0.4413,False,False,False,False,4.12,0.49,4.9,False,7133.2,商业百货,成渝特区/参股金融,26.7
600829,,0.0,1.0,0.819,0.0,0.0,0.6646,0.1949,0.3,0.0,0.0,0.0,0.0,0.0,0.4764,False,False,False,False,8.49,0.24,9.32,False,4923.3,生物制药,民营医院,24.5
600830,,0.0,1.0,0.7896,0.0054,0.0,0.723,0.1609,0.0,0.3639,0.0,0.0,0.5,1.0,0.3946,False,False,False,False,8.67,-2.25,8.88,False,3939.0,金融行业,金融改革,38.4
600831,,0.4651,1.0,0.6296,0.0737,0.0,0.7178,0.0936,0.3,0.0,0.0,0.0,0.0,0.0,0.6092,False,False,False,False,3.25,0.31,3.76,False,2310.6,传媒娱乐,陕甘宁,21.0
600833,,0.0173,1.0,0.7856,0.0,0.0,0.6083,0.1159,0.0,0.0,0.0,0.0,0.0,0.0,0.4315,False,False,False,False,9.98,0.3,11.17,False,2226.4,商业百货,国企改革/上海本地,26.7
600834,,0.3712,1.0,0.8523,0.0501,0.0,0.84,0.2017,0.3,0.0,0.0,0.0,0.0,0.0,0.4186,False,False,False,False,7.13,-1.25,7.84,False,3403.7,交通运输,国企改革/上海本地,28.9
600835,,0.1242,1.0,0.8445,0.008,0.0,0.8753,0.2304,0.3,0.0,0.0,0.0,0.0,1.0,0.4185,False,False,False,False,20.46,-0.58,23.07,False,16501.1,交通运输,含B股/固废处理/国企改革,28.9
600838,,0.0,1.0,0.8044,0.0,0.0,0.7373,0.1113,0.3,0.0,0.0,0.0,0.0,0.0,0.4119,False,False,False,False,7.78,-0.77,9.05,False,3118.9,商业百货,金融参股/上海本地/参股金融,26.7
600839,,0.0,1.0,0.6798,0.0,0.0,0.3915,0.1899,0.3,0.0,0.0,0.0,0.0,0.0,0.5885,False,False,False,False,7.06,2.77,8.04,False,32581.6,家电行业,军民融合/成渝特区/融资融券,31.7
600841,,0.6355,1.0,0.8268,0.0,0.0,0.7736,0.1157,0.0,0.0,0.0,0.0,0.0,0.0,0.6219,False,False,False,False,6.79,-2.02,7.84,False,7082.1,机械行业,含B股/国企改革/上海本地,29.0
600843,,0.0,0.8849,0.7143,0.0,0.0,0.0,0.2083,0.0,0.0,0.0,0.0,0.5,0.0,0.3944,False,False,False,False,8.09,-3.69,8.76,False,3796.0,纺织机械,含B股/上海本地,26.5
600844,,0.4535,1.0,0.8095,0.0,0.0,0.7878,0.0957,0.3,0.0,0.0,0.0,0.0,0.0,0.4599,False,False,False,False,2.77,-1.07,3.25,False,2279.0,化工行业,含B股/融资融券/券商重仓,59.2
600846,,0.9145,0.7994,0.6155,0.0,0.0,0.0879,0.1814,0.3,0.0,0.0,0.0,0.0,0.0,0.6317,False,False,False,False,9.8,-4.2,11.86,False,6122.7,综合行业,氢能源/污水处理/氢燃料,20.3
600847,,0.4151,0.8489,0.6893,0.7667,0.0983,0.6141,0.3261,0.3,0.3146,0.0,0.0,0.0,1.0,0.4258,False,False,False,False,14.02,-3.91,14.73,False,2149.1,电器行业,成渝特区,28.3
600848,,0.6665,0.8783,0.7192,0.0,0.0,0.6395,0.3417,0.3,0.0,0.0,0.0,0.0,0.0,0.4377,False,False,False,False,8.0,-3.73,9.18,False,19151.3,仪器仪表,低碳经济/含B股/核电核能,29.4
600850,,0.7638,1.0,0.7902,0.0193,0.0,0.792,0.2927,0.3,0.0,0.0,0.0,0.0,0.0,0.5295,False,False,False,False,18.82,0.37,21.98,False,12801.3,电子信息,国防军工/军工航天/整体上市,26.5
600851,,0.0,1.0,0.6556,0.1681,0.0,0.7966,0.3091,0.6,0.4417,0.0,0.0,0.0,0.0,0.3615,False,False,False,False,7.61,0.79,7.8,False,5617.7,纺织行业,免疫治疗/含B股/金融改革,26.5
600853,,0.3938,1.0,0.8214,0.0,0.0,0.6782,0.1879,0.3,0.0,0.0,0.0,0.0,0.0,0.4992,False,False,False,False,3.35,-0.3,3.77,False,3395.9,建筑建材,朝鲜改革,23.8
600854,,0.4588,1.0,0.8052,0.0712,0.0,0.8898,0.1335,0.3,0.0,0.0,0.0,0.0,1.0,0.4633,False,False,False,False,4.42,-0.67,5.03,False,2296.0,家电行业,锂电池,31.7
600855,,0.0,1.0,0.8316,0.0,0.0,0.8732,0.2728,0.0,0.0,0.0,0.0,0.0,1.0,0.4657,False,False,False,False,14.97,-0.47,17.33,False,70.0,机械行业,国防军工/军民融合/物联网,29.0
600857,,0.0,1.0,0.7537,1.0,1.0,0.5485,0.534,1.0,1.0,0.0,0.0,0.5,1.0,0.2736,False,False,False,False,15.91,-2.03,14.24,True,3568.9,商业百货,高校背景/金融参股/参股金融,26.7
600859,,0.3188,1.0,0.8854,0.0,0.0,0.6642,0.2293,0.3,0.0,0.0,0.0,0.0,0.0,0.4254,False,False,False,False,10.38,-0.86,11.59,False,11665.3,商业百货,内贸规划/信托重仓/券商重仓,26.7
600860,,0.0,1.0,0.8061,0.0,0.0,0.7451,0.1388,0.0,0.0,0.0,0.0,0.0,0.0,0.5031,False,False,False,False,9.05,1.23,10.34,False,4018.6,机械行业,氢能源/含H股,29.0
600861,,0.0,1.0,0.8754,0.0,0.0,0.0809,0.1001,0.3,0.0,0.0,0.0,0.5,0.0,0.3007,False,False,False,False,14.3,-1.04,15.3,False,5242.0,商业百货,,26.7
600862,,0.0,1.0,0.8396,0.0,0.0,0.2506,0.2481,0.3,0.2375,0.0,0.0,0.5,0.0,0.3133,False,False,False,False,19.24,0.63,19.91,False,26802.3,房地产,大飞机/国防军工/军工航天,29.6
600863,,0.8367,1.0,0.6825,1.0,1.0,0.5324,0.4696,0.3,0.7296,1.0,0.0,0.0,1.0,0.3918,True,False,False,False,5.72,0.88,5.7,True,37333.8,电力行业,低碳经济/信托重仓/券商重仓,65.3
600864,,0.0,1.0,0.7032,0.0,0.0,0.6481,0.1829,0.0,0.0031,0.0,0.0,0.0,0.0,0.4491,False,False,False,False,5.51,2.23,5.89,False,11463.9,电力行业,碳中和/固废处理/风能概念,65.3
600865,,0.4371,1.0,0.8033,0.0,0.0,0.6934,0.2217,0.3,0.0,0.0,0.0,0.0,0.0,0.5114,False,False,False,False,9.52,0.32,11.0,False,3581.8,商业百货,金融参股/参股金融,26.7
600866,,0.0,1.0,0.7904,0.0,0.0,0.7077,0.2223,0.3,0.0,0.0,0.0,0.0,0.0,0.4689,False,False,False,False,4.79,0.42,5.71,False,6015.1,食品行业,ST板块/金融参股,28.5
600867,,0.6063,1.0,0.8513,0.0,0.0,0.8618,0.1162,0.0,0.0,0.0,0.0,0.0,0.0,0.4697,False,False,False,False,7.48,-1.84,8.51,False,14649.9,生物制药,业绩预升/分拆上市,24.5
600868,,0.8416,1.0,0.758,0.0257,0.0,0.7234,0.2432,0.9,0.0,0.0,0.0,0.0,0.0,0.4298,False,False,False,False,3.08,1.65,3.48,False,5846.3,电力行业,融资融券/涉矿概念,65.3
600869,,0.0,0.8268,0.4186,1.0,1.0,0.3183,0.8578,0.3,1.0,0.0,0.0,1.0,0.7,0.1897,False,False,False,False,34.0,4.04,22.18,True,75458.0,电力行业,军民融合/锂电池/电商概念,65.3
600871,,0.6262,1.0,0.7926,0.0,0.0,0.5688,0.2589,0.0,0.0,0.0,0.0,0.0,0.0,0.485,False,False,False,False,2.19,-2.67,2.51,False,29668.0,石油行业,碳中和/含H股/油气改革,22.2
600872,,0.0915,1.0,0.847,0.2687,0.0,0.7167,0.1512,0.0,0.114,0.0,0.0,0.0,0.7,0.4424,False,False,False,False,17.71,-0.84,18.99,False,13654.2,食品行业,锂电池/金融改革/氢燃料,28.5
600873,,0.6408,0.9739,0.767,0.0,0.0,0.5895,0.2047,0.3,0.0,0.0,0.0,0.0,0.0,0.4746,False,False,False,False,8.59,-3.16,9.78,False,24088.4,食品行业,参股金融,28.5
600874,,0.0,1.0,0.8983,0.243,0.1658,0.7054,0.2813,0.0,0.443,0.0,0.0,0.5,0.0,0.4047,False,False,False,False,5.86,-0.68,5.96,False,7210.2,环保行业,含H股/污水处理/节能环保,28.2
600875,,0.0,1.0,0.8315,0.099,0.0,0.744,0.3533,0.0,0.0,0.0,0.0,0.0,0.0,0.3835,False,False,False,False,31.07,-0.58,34.72,False,70322.8,发电设备,成渝特区/低碳经济/含H股,26.5
600876,,0.3069,1.0,0.6504,0.0,0.0,0.5208,0.3051,0.6,0.0,0.0,1.0,0.0,0.0,0.2349,False,False,False,False,8.56,2.03,9.2,False,3387.0,玻璃行业,光伏/含H股/参股金融,82.0
600877,,0.0,1.0,0.7971,0.0,0.0,0.5798,0.2601,0.0,0.0,0.0,0.0,0.0,0.0,0.4397,False,False,False,False,13.92,0.87,15.65,False,16482.1,摩托车,国防军工/军民融合/成渝特区,
600879,,0.432,1.0,0.6076,0.0,0.0,0.4644,0.2266,0.6,0.1576,0.0,1.0,0.0,1.0,0.3794,False,False,False,False,20.13,1.26,22.11,False,66414.9,飞机制造,国防军工/军民融合/物联网,26.5
600880,,0.0,1.0,0.8547,0.0,0.0,0.896,0.1355,0.0,0.0,0.0,0.0,0.0,0.0,0.4964,False,False,False,False,4.12,-0.24,4.7,False,4503.3,印刷包装,成渝特区/融资融券/网络游戏,26.0
600881,,0.0,1.0,0.6844,0.4266,1.0,0.337,0.3213,0.6,0.7878,0.0,0.0,1.0,0.0,0.317,False,False,False,False,1.68,-0.59,1.62,True,5430.0,水泥行业,朝鲜改革/融资融券/抗癌,29.8
600882,,0.0,1.0,0.8035,0.1165,0.2322,0.6956,0.2241,0.3,0.0665,0.0,0.0,0.5,0.0,0.4037,False,False,False,False,18.55,-2.37,19.52,False,9461.5,钢铁行业,黄河三角/民营银行/参股金融,26.9
600883,,0.3455,1.0,0.6469,0.3761,0.0,0.631,0.1741,0.0,0.0741,0.0,0.0,0.0,1.0,0.4765,False,False,False,False,7.78,0.52,8.4,False,1836.8,水泥行业,,29.8
600884,,0.0,1.0,0.6742,0.2701,0.0,0.6703,0.1647,0.0,0.5294,0.0,0.0,0.0,0.7,0.3879,False,False,False,False,14.07,2.63,14.32,False,25820.0,服装鞋类,光伏/固态电池/低碳经济,23.7
600885,,0.0,0.8183,0.6235,0.9185,0.9761,0.5753,0.5201,0.0,1.0,0.0,0.0,0.0,1.0,0.3532,False,False,False,False,34.1,4.09,31.89,True,52773.0,电器行业,智能电网/武汉规划,28.3
600886,,0.4732,1.0,0.8066,0.5591,0.6704,0.5162,0.304,0.3,0.4697,0.0,0.0,0.0,0.0,0.3077,False,False,False,False,13.57,-1.6,13.75,False,101153.2,电力行业,融资融券/业绩预升/陕甘宁,65.3
600887,,0.6527,1.0,0.8085,0.3917,0.0,0.3793,0.1381,0.0,0.1405,0.0,0.0,0.0,1.0,0.3362,False,False,False,False,24.8,-2.4,26.38,False,156089.5,食品行业,融资融券/社保重仓/保险重仓,28.5
600888,,0.0,0.0,0.1424,1.0,1.0,0.1402,0.9287,0.6,1.0,0.0,0.0,1.0,1.0,0.5443,False,False,False,False,12.49,10.04,10.03,True,19398.0,有色金属,金融参股/参股金融,62.0
600889,,0.0,1.0,0.9056,0.6119,1.0,0.7649,0.2982,0.9,0.731,0.0,0.0,1.0,1.0,0.321,False,False,False,False,16.05,-1.17,15.75,True,5879.9,化纤行业,,40.6
600892,,0.0,0.9334,0.6601,0.4832,0.0,0.3685,0.2571,0.0,0.3857,0.0,0.0,0.0,1.0,0.4102,False,False,False,False,3.65,3.4,3.76,False,2041.5,综合行业,参股金融,20.3
600893,,0.0831,0.9191,0.5755,0.0,0.0,0.3757,0.1927,0.3,0.0,0.0,0.0,0.0,0.0,0.6095,False,False,False,False,39.49,3.49,44.64,False,105245.8,飞机制造,大飞机/光伏概念/国防军工,26.5
600894,,0.8984,1.0,0.8659,0.1725,0.0,0.7881,0.1639,0.0,0.0662,0.0,0.0,0.5,0.0,0.3848,False,False,False,False,8.34,-1.3,8.93,False,7031.8,交通运输,绿色照明/业绩预升/券商重仓,28.9
600895,,0.0,1.0,0.7925,0.0022,0.0,0.6275,0.2042,0.0,0.0428,0.0,0.0,0.5,0.0,0.4438,False,False,False,False,33.3,-1.27,35.62,False,51571.4,开发区,上海自贸/整体上市/分拆上市,24.6
600897,,0.0,0.809,0.6776,0.2134,0.7081,0.0504,0.3056,0.6,0.4222,0.0,0.0,1.0,0.0,0.4872,False,False,False,False,15.26,-4.15,15.61,False,6362.4,交通运输,海峡西岸/QFII重仓,28.9
600900,,0.677,1.0,0.925,0.6149,0.861,0.4516,0.3641,0.9,0.5567,0.0,0.0,1.0,0.7,0.292,True,False,False,False,27.19,-1.38,27.24,False,665290.8,电力行业,融资融券/整体上市/金融参股,65.3
600901,,0.5115,1.0,0.845,0.4672,0.4495,0.5918,0.2322,0.0,0.4707,0.0,0.0,1.0,0.0,0.343,False,False,False,False,6.39,-0.93,6.53,False,37001.0,,,
600903,,0.2513,0.6972,0.5642,1.0,1.0,0.6274,0.5736,0.3,0.7142,1.0,0.0,0.5,1.0,0.4513,False,False,False,False,8.3,-4.82,8.16,True,9545.1,,,
600905,,0.5747,1.0,0.8405,0.4966,0.5799,0.5806,0.5329,0.6,0.4684,0.0,0.0,0.5,0.0,0.2891,False,False,False,False,4.12,-1.44,4.18,False,117781.1,,光伏,
600906,,0.0,1.0,0.7817,0.6105,1.0,0.0,0.7451,0.9,1.0,0.0,0.0,1.0,1.0,0.3398,False,False,False,False,7.27,-0.82,6.64,True,154.4,,,
600908,,0.0,1.0,0.845,0.3233,0.443,0.4236,0.0834,0.0,0.4278,0.0,0.0,1.0,0.0,0.3671,False,False,False,False,5.51,-1.43,5.6,False,11016.2,,,
600909,,0.0,0.5997,0.5477,1.0,1.0,0.0,0.6645,0.9,1.0,0.0,0.0,1.0,1.0,0.4158,False,False,False,False,8.39,5.4,6.75,True,42153.1,,,
600916,,0.0,1.0,0.8578,0.0,0.0,0.4413,0.1805,0.3,0.0034,0.0,0.0,0.0,0.0,0.4153,False,False,False,False,7.8,-2.13,8.47,False,13104.0,,,
600917,,0.0,1.0,0.8952,0.2492,0.0,0.9682,0.461,0.6,0.2236,0.0,0.0,0.0,0.0,0.3324,False,False,False,False,5.07,-0.39,5.29,False,7914.5,供水供气,,21.9
600918,,0.0,1.0,0.877,0.0,0.0,0.3686,0.1935,0.0,0.0561,0.0,0.0,0.5,0.0,0.3966,False,False,False,False,5.38,-0.74,5.72,False,21121.1,,,
600919,,0.0,1.0,0.8137,0.7456,1.0,0.3894,0.4995,0.0,0.8459,0.0,0.0,1.0,0.7,0.2779,False,False,False,False,11.55,-2.2,11.19,True,211957.8,,,
600925,,1.0,1.0,0.7864,0.4468,0.0,0.4421,0.2969,0.0,0.0,0.0,0.0,0.0,0.0,0.4512,False,False,False,False,4.25,-2.75,4.64,False,6825.7,,,
600926,,0.0,1.0,0.8731,0.4243,0.4477,0.6373,0.2998,0.0,0.478,0.0,0.0,1.0,0.0,0.3254,False,False,False,False,16.11,-1.04,16.37,False,116781.4,,,
600927,,0.0,1.0,0.8983,0.0134,0.0,0.6234,0.2312,0.3,0.0203,0.0,0.0,0.0,1.0,0.4682,False,False,False,False,12.93,-1.37,13.92,False,18820.3,,,
600928,,0.0,1.0,0.87,0.365,0.4201,0.6044,0.1096,0.0,0.4165,0.0,0.0,0.5,0.0,0.3228,False,False,False,False,3.53,-1.67,3.59,False,15614.4,,,
600929,,0.0,1.0,0.7719,0.0,0.0,0.8207,0.2096,0.6,0.0,0.0,0.0,0.0,0.0,0.471,False,False,False,False,5.15,-2.09,5.84,False,8446.6,,,
600930,,0.3001,1.0,0.8621,0.3204,0.0,0.8803,0.2585,0.3,0.0,0.0,0.0,0.0,0.0,0.4137,False,False,False,False,5.69,-1.9,6.16,False,18377.6,次新股,,26.6
600933,,0.0,1.0,0.8174,0.0,0.0,0.6877,0.1716,0.6,0.0,0.0,0.0,0.0,0.0,0.5157,False,False,False,False,14.79,-1.2,16.53,False,14455.4,,,
600935,,0.0,1.0,0.8031,0.0,0.0,0.5554,0.3372,0.3,0.0,0.0,0.0,0.0,0.0,0.2863,False,False,False,False,2.31,-2.53,2.53,False,8102.1,,,
600936,,1.0,1.0,0.729,1.0,0.6705,0.6749,0.2499,0.6,0.5886,0.0,1.0,0.0,1.0,0.2645,True,False,False,False,4.95,0.61,5.06,False,8271.6,,,
600938,,1.0,1.0,0.8387,0.2753,0.0,0.4854,0.1596,0.3,0.0,0.0,0.0,0.0,0.0,0.5456,False,False,False,False,31.27,-1.73,35.63,False,93497.3,,,
600939,,1.0,1.0,0.7964,0.2059,0.0,0.4997,0.2647,0.0,0.0,0.0,0.0,0.0,0.0,0.4434,False,False,False,False,2.56,-2.29,2.91,False,4870.3,,,
600941,,1.0,1.0,0.9165,0.5476,0.328,0.4253,0.3872,0.0,0.2606,0.0,0.0,0.0,1.0,0.3298,False,False,False,False,92.99,-1.32,96.83,False,83948.4,,,
600955,,0.0,1.0,0.8409,0.0,0.0,0.7444,0.1385,0.0,0.1401,0.0,0.0,0.5,1.0,0.4759,False,False,False,False,15.83,-0.57,17.02,False,8706.5,,,
600956,,0.4118,1.0,0.815,0.5651,0.0,0.8755,0.3137,0.6,0.2797,0.0,0.0,0.0,1.0,0.4081,False,False,False,False,8.21,-0.97,8.64,False,19277.8,,光伏,
600958,,0.0,1.0,0.8309,0.2146,0.2985,0.5684,0.3329,0.6,0.5601,0.0,0.0,0.5,0.0,0.3729,False,False,False,False,9.53,0.74,9.46,True,71184.2,金融行业,含H股,38.4
600959,,0.6822,1.0,0.875,0.0,0.0,0.6616,0.0964,0.0,0.0,0.0,0.0,0.0,0.0,0.5166,False,False,False,False,3.16,-1.25,3.65,False,15802.3,传媒娱乐,,21.0
600960,,0.0,1.0,0.8409,0.0,0.0,0.7774,0.1472,0.0,0.0,0.0,0.0,0.0,0.0,0.5348,False,False,False,False,4.14,-1.19,4.71,False,3935.1,汽车制造,黄河三角,25.0
600961,,0.0,1.0,0.5059,0.8303,0.2102,0.317,0.333,0.3,1.0,0.0,0.0,0.5,0.7,0.3637,False,False,False,False,27.16,2.18,24.47,True,20419.2,有色金属,长株潭,62.0
600962,,0.0,1.0,0.7012,1.0,1.0,0.4546,0.3147,0.3,1.0,0.0,0.0,0.5,1.0,0.3255,False,False,False,False,24.91,-2.92,23.67,True,6531.7,食品行业,,28.5
600963,,0.7376,1.0,0.7923,0.0,0.0,0.3778,0.0961,0.0,0.0,0.0,0.0,0.0,0.0,0.4813,False,False,False,False,3.45,-2.27,4.27,False,6063.6,造纸行业,碳中和/长株潭,24.3
600965,,0.3344,1.0,0.5833,0.0,0.0,0.7635,0.3093,0.3,0.0,0.0,0.0,0.0,0.0,0.6792,False,False,False,False,2.75,1.1,3.85,False,2251.4,农林牧渔,,26.1
600966,,0.7312,1.0,0.7995,0.0,0.0,0.6535,0.1593,0.0,0.0,0.0,0.0,0.0,0.0,0.5051,False,False,False,False,5.25,-1.32,6.15,False,7018.4,造纸行业,黄河三角,24.3
600967,,0.0,1.0,0.8846,0.0,0.0,0.7242,0.2835,0.6,0.0,0.0,0.0,0.0,0.0,0.373,False,False,False,False,12.14,0.08,13.62,False,20659.8,交通运输,国防军工/军民融合/军工航天,28.9
600968,,0.2519,1.0,0.8462,0.1224,0.0,0.7504,0.2592,0.3,0.0724,0.0,0.0,0.0,0.0,0.3567,False,False,False,False,3.83,-1.79,4.12,False,38932.3,,碳中和/碳交易,
600969,,0.9923,1.0,0.8339,0.4099,0.0,0.7787,0.3072,0.3,0.0,0.0,0.0,0.0,1.0,0.5426,False,False,False,False,9.05,-1.95,10.47,False,3349.0,电力行业,氢能源/长株潭/污水处理,65.3
600970,,0.2125,1.0,0.7499,0.0,0.0,0.5452,0.1896,0.0,0.0129,0.0,1.0,0.0,0.0,0.418,False,False,False,False,8.62,1.06,9.33,False,22600.0,建筑建材,低碳经济/融资融券/社保重仓,23.8
600971,,1.0,0.8963,0.7413,0.7663,0.6544,0.4617,0.2534,0.3,0.4384,0.0,0.0,0.5,0.7,0.3611,False,False,False,False,7.45,-3.62,7.7,False,8940.0,煤炭行业,融资融券/业绩预降/信托重仓,44.3
600973,,0.1756,0.9165,0.2796,0.3125,0.0,0.0732,0.3754,0.6,0.3985,0.0,0.0,0.0,1.0,0.4001,False,False,False,False,6.8,3.5,7.09,False,9325.3,发电设备,大飞机/光伏/智能电网,26.5
600975,,0.7399,1.0,0.7895,0.0,0.0,0.484,0.1331,0.6,0.0,0.0,0.0,0.0,0.0,0.4156,False,False,False,False,4.61,-2.95,5.22,False,5760.9,农林牧渔,长株潭/猪肉,26.1
600976,,0.1971,1.0,0.7761,0.0,0.0,0.2776,0.2086,0.3,0.0,0.0,0.0,0.0,0.0,0.417,False,False,False,False,26.68,0.68,30.1,False,4090.0,生物制药,武汉规划/婴童概念,24.5
600977,,0.0,1.0,0.7646,0.3748,0.3309,0.708,0.3822,0.0,0.476,0.0,0.0,0.0,1.0,0.3624,False,False,False,False,14.2,0.28,14.38,False,26511.4,,,
600979,,0.3935,1.0,0.7624,0.4857,0.1758,0.8374,0.2341,0.0,0.3889,0.0,0.0,0.5,1.0,0.3336,False,False,False,False,4.79,0.42,4.94,False,5902.5,电力行业,成渝特区,65.3
600980,,0.0,0.9431,0.6913,0.1484,0.0,0.1071,0.283,0.0,0.4037,0.0,0.0,0.5,0.0,0.4498,False,False,False,False,21.65,3.34,22.09,False,4097.6,电子器件,准ST股/整体上市,74.0
600981,,0.0,1.0,0.8054,0.0,0.3766,0.4591,0.2523,0.6,0.3404,0.0,0.0,1.0,0.0,0.3172,False,False,False,False,2.72,-0.73,2.79,False,6099.4,物资外贸,金融参股/参股金融,35.1
600982,,0.727,1.0,0.5848,0.7266,0.0,0.8133,0.3003,0.3,0.4132,0.0,0.0,0.0,0.7,0.3718,False,False,False,False,5.74,2.14,6.01,False,6415.2,供水供气,光伏/业绩预降/信托重仓,21.9
600983,,0.0,1.0,0.8792,0.0,0.0,0.5758,0.3925,0.3,0.0726,0.0,0.0,0.5,0.0,0.2791,False,False,False,False,8.79,-0.45,9.33,False,67.4,家电行业,垃圾分类/皖江区域,31.7
600984,,0.3263,1.0,0.6088,0.5462,0.0,0.6026,0.4613,0.9,0.1702,0.0,0.0,0.0,1.0,0.4157,False,False,False,False,4.12,0.73,4.41,False,5179.0,机械行业,陕甘宁,29.0
600985,,0.8048,0.6641,0.6575,1.0,1.0,0.5702,0.8379,0.9,1.0,1.0,0.0,0.5,0.7,0.3394,False,True,False,False,15.53,-5.02,14.68,True,41826.3,化工行业,皖江区域,59.2
600986,,0.0,1.0,0.7163,0.0,0.0,0.8959,0.0727,0.0,0.0,0.0,0.0,0.0,0.0,0.5914,False,False,False,False,8.1,1.38,9.41,False,12047.7,建筑建材,黄河三角,23.8
600987,,0.0,1.0,0.8985,0.0416,0.0,0.7951,0.1392,0.0,0.1078,0.0,0.0,0.0,0.0,0.4022,False,False,False,False,6.47,-1.52,6.89,False,6604.7,纺织行业,融资融券/涉矿概念/页岩气,26.5
600988,,0.0,1.0,0.7793,0.0,0.0,0.6471,0.1712,0.3,0.0,0.0,0.0,0.0,0.0,0.4441,False,False,False,False,31.98,-1.99,35.73,False,53211.9,,黄金概念/业绩预升,
600989,,0.5594,1.0,0.7638,0.0,0.0,0.4935,0.2017,0.0,0.0,0.0,0.0,0.0,0.0,0.551,False,False,False,False,22.02,-1.26,25.44,False,161480.6,,碳中和,
600990,,0.0,1.0,0.8491,0.0,0.0,0.5412,0.2742,0.3,0.0,0.0,0.0,0.5,0.0,0.4323,False,False,False,False,19.22,1.16,21.45,False,5170.4,电子信息,大飞机/国防军工/物联网,26.5
600992,,0.8332,1.0,0.7701,0.0819,0.0,0.8109,0.2829,0.3,0.0,0.0,0.0,0.0,0.0,0.6323,False,False,False,False,10.05,-0.99,12.09,False,2463.2,钢铁行业,,26.9
600993,,0.393,1.0,0.8699,0.145,0.0,0.5215,0.1721,0.3,0.0997,0.0,0.0,0.0,0.0,0.2834,False,False,False,False,23.27,-1.27,24.74,False,10013.2,生物制药,武汉规划/生物疫苗/基因概念,24.5
600995,,0.8329,1.0,0.8382,0.4798,0.0,0.7303,0.3431,0.3,0.1791,0.0,0.0,0.0,1.0,0.4546,False,False,False,False,13.44,-1.18,14.46,False,42954.3,电力行业,,65.3
600996,,0.0,0.4849,0.0624,0.4338,0.7517,0.0207,0.2469,0.6,0.9079,0.0,0.0,0.5,0.0,0.5661,False,False,False,False,9.58,6.09,9.07,True,11944.3,,,
600998,,0.0771,1.0,0.8494,0.2115,0.0675,0.6871,0.2679,0.0,0.2821,0.0,0.0,0.5,0.0,0.3255,False,False,False,False,4.79,-1.64,4.98,False,24153.4,商业百货,武汉规划/民营医院/民营银行,26.7
600999,,0.0,1.0,0.7838,0.7584,1.0,0.034,0.6493,0.3,1.0,0.0,0.0,1.0,1.0,0.442,False,False,False,False,18.93,2.32,16.81,True,140498.6,金融行业,含H股/融资融券/前海概念,38.4
601000,,0.0,1.0,0.8453,0.3306,0.0,0.6894,0.2449,0.0,0.3397,0.0,0.0,0.0,0.0,0.3487,False,False,False,False,4.27,-0.93,4.43,False,25303.7,交通运输,雄安新区/京津冀/自贸区,28.9
601001,,0.922,1.0,0.6096,1.0,1.0,0.5014,0.3904,0.3,1.0,1.0,0.0,0.5,0.7,0.3492,True,False,False,False,19.59,-0.25,18.62,True,32787.8,煤炭行业,稀缺资源/融资融券,44.3
601002,,0.4813,1.0,0.8778,0.0505,0.0,0.9353,0.0849,0.0,0.0,0.0,0.0,0.0,0.0,0.4601,False,False,False,False,4.83,-1.63,5.33,False,4609.9,机械行业,融资融券,29.0
601003,,0.0,1.0,0.6539,0.0,0.0,0.5319,0.2172,0.3,0.0,0.0,0.0,0.0,0.0,0.4315,False,False,False,False,3.73,1.91,4.19,False,9559.2,钢铁行业,,26.9
601005,,0.1842,1.0,0.7884,0.0418,0.0,0.0,0.079,0.3,0.0,0.0,0.0,0.0,0.0,0.364,False,False,False,False,1.24,-1.59,1.35,False,10308.9,钢铁行业,成渝特区/低碳经济/含H股,26.9
601006,,0.492,1.0,0.9474,0.4113,0.0386,0.8266,0.2716,0.0,0.273,0.0,0.0,0.0,0.7,0.2439,False,False,False,False,5.04,-0.59,5.21,False,101541.8,交通运输,融资融券/社保重仓/保险重仓,28.9
601007,,0.0,1.0,0.8607,0.0,0.0,0.9046,0.0756,0.0,0.0,0.0,0.0,0.5,0.0,0.4633,False,False,False,False,6.64,-0.9,7.27,False,2589.6,酒店旅游,参股金融,27.5
601008,,0.1239,0.9203,0.8406,0.1527,0.0,0.3625,0.2787,0.6,0.0898,0.0,0.0,0.0,0.0,0.4595,False,False,False,False,4.44,-3.48,4.7,False,5508.4,交通运输,海上丝路/自贸区/日韩贸易,28.9
601009,,0.1375,1.0,0.8015,0.5499,0.9106,0.4236,0.2742,0.3,0.5718,0.0,0.0,1.0,0.0,0.313,False,False,False,False,11.18,-2.1,11.2,False,138224.7,金融行业,融资融券/保险重仓/信托重仓,38.4
601010,,0.552,1.0,0.7917,0.0,0.0,0.852,0.4016,0.3,0.0,0.0,0.0,0.5,0.0,0.4126,False,False,False,False,1.6,0.0,1.93,False,29.6,商业百货,内贸规划/参股金融,26.7
601011,,1.0,1.0,0.7693,0.1225,0.1137,0.5062,0.475,0.0,0.0,0.0,0.0,0.5,0.0,0.3491,False,False,False,False,2.85,-1.38,3.1,False,5459.6,煤炭行业,业绩预降,44.3
601012,,0.0,1.0,0.8555,0.0,0.0,0.6366,0.1131,0.0,0.0,0.0,0.0,0.5,0.0,0.4903,False,False,False,False,13.3,-0.6,15.3,False,100788.2,电子器件,光伏/光伏概念/乡村振兴,74.0
601015,,1.0,1.0,0.6252,0.0,0.0,0.5938,0.3301,0.0,0.0,0.0,0.0,0.5,0.0,0.6496,False,False,False,False,3.29,-2.66,3.91,False,6719.8,煤炭行业,,44.3
601016,,0.7494,1.0,0.7174,0.6912,0.0,0.9182,0.3541,0.3,0.1978,0.0,1.0,0.0,0.7,0.4309,False,False,False,False,4.07,1.5,4.41,False,24575.5,电力行业,,65.3
601018,,0.0,1.0,0.8431,0.0,0.0,0.5052,0.227,0.0,0.0,0.0,0.0,0.0,0.0,0.3562,False,False,False,False,3.32,-2.35,3.63,False,645.9,交通运输,海上丝路/本月解禁/金融参股,28.9
601019,,0.0,1.0,0.8578,0.0,0.0,0.7773,0.1936,0.0,0.0,0.0,0.0,0.5,0.0,0.3823,False,False,False,False,6.91,-1.71,7.56,False,14420.5,,,
601020,,0.0,0.0,0.2445,0.0,0.0,0.284,0.1857,0.3,0.1816,0.0,0.0,0.0,0.0,0.4537,False,False,False,False,25.33,9.99,26.74,False,20769.7,,,
601021,,0.0,1.0,0.7452,0.2002,0.3643,0.202,0.3112,0.6,0.4043,0.0,0.0,0.5,0.0,0.3828,False,False,False,False,47.05,-2.81,47.66,False,46030.6,交通运输,,28.9
601022,,0.0,0.4007,0.7095,0.0304,0.0,0.0,0.2319,0.9,0.0,0.0,0.0,0.0,0.0,0.4629,False,False,False,False,7.93,-6.6,8.54,False,10377.5,,,
601026,,0.0,1.0,0.7284,0.0,0.0,0.4623,0.3609,0.3,0.0,0.0,0.0,0.0,0.0,0.3835,False,False,False,False,15.95,1.53,17.62,False,1771.8,次新股,,26.6
601033,,0.7132,1.0,0.923,0.3715,0.0,0.7644,0.1553,0.3,0.1642,0.0,0.0,0.0,1.0,0.3688,False,False,False,False,13.69,-1.23,14.5,False,3285.6,,,
601038,,0.1235,1.0,0.8224,0.1509,0.0,0.7002,0.0961,0.0,0.0,0.0,0.0,0.0,0.0,0.4225,False,False,False,False,11.81,-1.67,12.88,False,8641.4,机械行业,乡村振兴/含H股/融资融券,29.0
601058,,0.0,0.6641,0.5525,0.0605,0.0,0.0,0.2766,0.0,0.0267,0.0,0.0,0.5,0.0,0.4764,False,False,False,False,12.31,-5.02,13.21,False,40476.5,汽车制造,黄河三角/业绩预升,25.0
601059,,0.0,1.0,0.8146,0.2606,0.0,0.5479,0.1907,0.0,0.0989,0.0,0.0,0.0,0.0,0.3975,False,False,False,False,15.62,1.03,16.62,False,50655.7,,,
601061,,0.0,1.0,0.5353,0.0683,0.0,0.0512,0.2865,0.0,0.3129,0.0,0.0,0.0,1.0,0.3869,False,False,False,False,12.39,2.82,12.99,False,60711.0,,,
601065,,0.47,1.0,0.8652,0.1232,0.0,0.6181,0.1421,0.0,0.0,0.0,0.0,0.0,0.0,0.4845,False,False,False,False,7.29,-1.75,7.95,False,4685.8,,,
601066,,0.0,1.0,0.8535,0.7838,1.0,0.3333,0.6139,1.0,1.0,0.0,0.0,1.0,1.0,0.2557,False,False,False,False,25.75,-0.69,23.8,True,167263.5,,,
601068,,0.0,1.0,0.4129,0.0,0.0,0.0,0.1864,0.6,0.1432,0.0,0.0,0.0,0.0,0.4535,False,False,False,False,5.26,2.94,5.62,False,13463.4,,,
601069,,0.0,1.0,0.851,0.0,0.0,0.5618,0.1975,0.3,0.0227,0.0,0.0,0.5,0.0,0.4569,False,False,False,False,26.94,-1.32,29.45,False,23900.9,,黄金概念,
601077,,0.0437,1.0,0.8523,0.4568,0.3583,0.3799,0.2327,0.0,0.4105,0.0,0.0,1.0,0.0,0.3457,False,False,False,False,6.67,-1.48,6.84,False,58951.1,,,
601083,,0.0,1.0,0.8385,0.1279,0.0,0.4553,0.1969,0.3,0.3326,0.0,0.0,0.5,0.0,0.4223,False,False,False,False,11.33,-1.99,11.7,False,2199.4,,,
601086,,0.0437,1.0,0.7122,0.0,0.0,0.7545,0.3261,0.6,0.0,0.0,0.0,0.0,0.0,0.428,False,False,False,False,7.33,2.09,8.29,False,4881.8,,,
601088,,1.0,1.0,0.8341,0.6904,0.3288,0.0675,0.2104,0.0,0.0667,0.0,0.0,0.5,0.0,0.3155,False,False,False,False,42.52,-2.01,46.31,False,701198.9,煤炭行业,含H股/融资融券/保险重仓,44.3
601089,,0.1453,1.0,0.8088,0.0,0.0,0.4663,0.089,0.0,0.0,0.0,0.0,0.0,0.0,0.5412,False,False,False,False,16.57,1.1,19.77,False,7953.6,,,
601096,,0.0,1.0,0.773,0.0,0.0,0.5465,0.2533,0.0,0.0304,0.0,1.0,0.0,0.0,0.3533,False,False,False,False,4.77,1.49,5.21,False,7837.0,,,
601098,,0.7486,1.0,0.852,0.461,0.1737,0.6568,0.2261,0.0,0.2271,0.0,0.0,0.0,0.7,0.4196,False,False,False,False,10.6,-1.94,11.09,False,19037.6,传媒娱乐,长株潭/社保重仓/保险重仓,21.0
601099,,0.0,1.0,0.8408,0.0,0.0,0.4825,0.1964,0.0,0.0518,0.0,0.0,0.5,0.0,0.4313,False,False,False,False,3.34,-0.3,3.55,False,22766.5,金融行业,融资融券,38.4
601100,,0.0,1.0,0.7968,0.8192,1.0,0.7391,0.4429,0.3,1.0,0.0,1.0,1.0,1.0,0.2514,False,False,False,False,116.5,0.31,111.87,True,156205.6,机械行业,,29.0
601101,,0.9537,1.0,0.7082,1.0,1.0,0.7482,0.4034,0.3,1.0,1.0,0.0,0.5,0.7,0.3562,True,False,False,False,11.78,-0.84,11.05,True,16963.2,煤炭行业,稀缺资源/融资融券,44.3
601106,,0.0,1.0,0.7952,0.0,0.0,0.7345,0.1911,0.0,0.0,0.0,0.0,0.0,0.0,0.5009,False,False,False,False,3.59,0.28,4.04,False,24619.4,机械行业,核电核能/券商重仓,29.0
601107,,0.8117,1.0,0.7869,0.405,0.0,0.5469,0.2287,0.3,0.0,0.0,0.0,0.0,1.0,0.4179,False,False,False,False,5.49,-2.49,6.1,False,11873.4,公路桥梁,成渝特区/含H股/金融参股,26.1
601108,,0.0,1.0,0.8491,0.1791,0.0,0.4621,0.3065,0.3,0.4708,0.0,0.0,0.5,1.0,0.3841,False,False,False,False,7.92,-0.38,8.03,False,36778.6,,,
601111,,0.0,1.0,0.8466,0.0,0.0,0.5209,0.1671,0.3,0.0,0.0,0.0,0.0,0.0,0.4202,False,False,False,False,6.39,-1.99,6.87,False,74367.5,交通运输,含H股/融资融券/保险重仓,28.9
601113,,0.4578,1.0,0.6785,0.0482,0.0,0.4729,0.0996,0.0,0.0,0.0,0.0,0.0,1.0,0.3541,False,False,False,False,3.86,-2.03,4.26,False,4262.0,化纤行业,污水处理,40.6
601116,,0.3636,1.0,0.8365,0.0,0.0,0.7785,0.2432,0.6,0.0,0.0,0.0,0.0,0.0,0.4932,False,False,False,False,11.47,0.44,13.04,False,6281.9,商业百货,,26.7
601117,,0.0,1.0,0.8349,0.0,0.0,0.5286,0.2007,0.3,0.0778,0.0,0.0,0.5,0.0,0.4683,False,False,False,False,7.47,-2.61,8.02,False,45241.1,建筑建材,融资融券/基金重仓,23.8
601118,,0.2016,1.0,0.548,0.0783,0.0,0.4307,0.2517,0.0,0.1035,0.0,0.0,0.0,0.0,0.473,False,False,False,False,6.01,1.86,6.56,False,25719.4,化工行业,碳中和/国防军工/海南自贸,59.2
601121,,0.0,1.0,0.9077,0.0,0.0,0.743,0.154,0.3,0.0,0.0,0.0,0.5,0.0,0.4515,False,False,False,False,6.42,-1.23,7.0,False,5136.0,,,
601126,,0.0,1.0,0.6203,1.0,0.9241,0.2004,0.3041,0.0,1.0,1.0,0.0,0.0,0.7,0.2817,False,False,False,False,72.07,2.37,65.07,True,59463.9,发电设备,光伏/军民融合/社保重仓,26.5
601127,,0.5106,1.0,0.8035,0.0,0.0,0.5841,0.1278,0.6,0.0,0.0,0.0,0.0,0.0,0.676,False,False,False,False,68.78,0.85,84.37,False,107104.4,,固态电池/百度概念,
601128,,0.6386,1.0,0.9074,0.2971,0.0,0.6725,0.3396,0.3,0.0,0.0,0.0,0.0,0.0,0.3596,False,False,False,False,6.39,-1.39,7.0,False,21192.6,,,
601133,,0.0,1.0,0.6296,1.0,1.0,0.3806,0.3163,0.3,1.0,0.0,0.0,0.5,0.7,0.3046,False,False,False,False,32.06,-1.05,26.12,True,16811.8,,,
601136,,0.0,1.0,0.8287,0.0,0.0,0.4405,0.1708,0.0,0.0,0.0,0.0,0.5,0.0,0.4112,False,False,False,False,14.52,0.83,15.48,False,39688.0,,,
601137,,0.0,1.0,0.6497,1.0,1.0,0.2183,0.4062,0.3,1.0,0.0,0.0,1.0,1.0,0.306,False,False,False,False,26.38,1.93,21.46,True,24211.8,有色金属,光伏/HIT电池/光伏概念,62.0
601138,,0.3011,1.0,0.7738,1.0,1.0,0.7049,0.3541,0.3,1.0,0.0,0.0,0.5,0.7,0.2875,False,False,False,False,72.9,-0.68,67.64,True,1446634.3,,,
601139,,0.2761,1.0,0.8838,0.1632,0.0,0.7223,0.1952,0.3,0.1012,0.0,0.0,0.0,0.0,0.3475,False,False,False,False,6.22,-1.43,6.64,False,17893.3,供水供气,光伏/融资融券/信托重仓,21.9
601155,,0.4707,0.818,0.7329,0.0,0.0,0.664,0.1944,0.3,0.0,0.0,0.0,0.0,0.0,0.6092,False,False,False,False,11.25,-4.09,13.44,False,25375.8,,,
601156,,0.0,0.9303,0.6871,0.3098,0.7408,0.2401,0.3017,0.3,0.5401,0.0,0.0,1.0,0.0,0.4336,False,False,False,False,16.67,-3.42,16.79,False,15746.4,,,
601158,,0.3778,1.0,0.9197,0.2886,0.0,0.8211,0.1174,0.3,0.1812,0.0,0.0,0.0,0.0,0.3796,False,False,False,False,4.11,-0.96,4.33,False,19728.1,供水供气,成渝特区/污水处理/金融参股,21.9
601162,,0.0,1.0,0.7374,0.0,0.0,0.2075,0.1629,0.6,0.0221,0.0,0.0,0.5,0.0,0.3831,False,False,False,False,3.34,1.21,3.53,False,28717.2,,,
601163,,0.0,1.0,0.8718,0.2614,0.0,0.5745,0.1845,0.0,0.1527,0.0,0.0,0.0,1.0,0.4299,False,False,False,False,13.33,-1.41,14.14,False,10664.0,,大飞机,
601166,,1.0,1.0,0.9195,0.483,0.8569,0.6918,0.3762,0.3,0.3961,0.0,0.0,1.0,0.0,0.2804,False,False,False,False,18.07,-0.88,18.37,False,382412.8,金融行业,融资融券/基金重仓,38.4
601168,,0.0,0.5307,0.6468,0.6554,0.7231,0.2571,0.2401,0.3,0.8623,1.0,0.0,0.5,1.0,0.4258,False,False,False,False,30.93,-5.82,30.48,True,73706.2,有色金属,稀缺资源/融资融券/锂电池,62.0
601169,,0.0,1.0,0.9235,0.3416,0.5068,0.516,0.1047,0.0,0.4231,0.0,0.0,1.0,0.0,0.3532,False,False,False,False,5.18,-0.96,5.24,False,109520.7,金融行业,融资融券/保险重仓/信托重仓,38.4
601177,,0.2908,1.0,0.8556,0.2796,0.0,0.8892,0.4117,0.6,0.0,0.0,0.0,0.0,1.0,0.4801,False,False,False,False,13.96,0.79,15.72,False,5584.8,机械行业,,29.0
601179,,0.0,0.0,0.5906,0.2049,0.0,0.3788,0.2353,0.0,1.0,0.0,0.0,0.0,0.0,0.4636,False,False,False,False,16.3,9.99,15.87,True,83551.9,发电设备,核电核能/准ST股/陕甘宁,26.5
601186,,0.0,1.0,0.9065,0.1084,0.0708,0.6745,0.1335,0.3,0.1552,0.0,0.0,0.5,0.0,0.3427,False,False,False,False,6.33,-1.4,6.64,False,72815.5,建筑建材,含H股/融资融券/社保重仓,23.8
601187,,0.0,1.0,0.7678,0.4941,1.0,0.1915,0.425,0.3,1.0,0.0,0.0,1.0,0.0,0.3679,False,False,False,False,7.9,-1.74,7.46,True,20803.7,,,
601188,,0.5475,1.0,0.868,0.1395,0.0,0.7703,0.1924,0.6,0.0,0.0,0.0,0.0,0.0,0.4703,False,False,False,False,2.99,-1.32,3.24,False,3903.4,公路桥梁,朝鲜改革/金融参股/参股金融,26.1
601198,,0.0,1.0,0.8032,0.3848,0.2456,0.5534,0.3896,0.3,0.5692,0.0,0.0,0.0,1.0,0.3798,False,False,False,False,13.01,1.09,13.06,False,42054.1,金融行业,,38.4
601199,,0.0,1.0,0.7876,0.392,0.0879,0.8402,0.4384,0.0,0.4495,0.0,0.0,0.5,1.0,0.3262,False,False,False,False,5.68,0.53,5.79,False,5312.0,供水供气,,21.9
601200,,0.6503,1.0,0.8808,0.1045,0.0,0.6036,0.1864,0.0,0.0,0.0,0.0,0.0,0.0,0.4269,False,False,False,False,7.2,-0.96,7.82,False,9692.9,,垃圾分类,
601208,,0.0,0.0,0.3622,1.0,1.0,0.6734,0.4385,0.0,1.0,0.0,0.0,1.0,0.7,0.3632,False,False,False,False,71.74,10.0,47.82,True,72470.5,化工行业,光伏/光伏概念/国防军工,59.2
601211,,0.0,1.0,0.7675,0.2771,1.0,0.4009,0.4085,0.3,0.9448,0.0,0.0,1.0,0.0,0.3498,False,False,False,False,17.79,1.72,16.74,True,240110.0,,,
601212,,0.0,1.0,0.7236,0.0,0.0,0.3821,0.1864,0.3,0.0,0.0,0.0,0.0,0.0,0.5274,False,False,False,False,6.05,0.33,6.99,False,44798.9,,,
601216,,0.0,1.0,0.8592,0.2192,0.0,0.6134,0.238,0.0,0.3177,0.0,0.0,0.5,0.0,0.3474,False,False,False,False,5.14,-1.34,5.33,False,43371.4,化工行业,互联金融/参股金融,59.2
601218,,0.037,1.0,0.7938,0.0,0.0,0.8871,0.1146,0.0,0.0,0.0,0.0,0.0,0.0,0.5748,False,False,False,False,4.88,0.62,5.58,False,4728.9,机械行业,风能概念,29.0
601222,,0.0476,1.0,0.8784,0.5353,0.1577,0.7712,0.3395,0.6,0.3884,0.0,0.0,0.0,1.0,0.2916,False,False,False,False,6.05,0.33,6.23,False,123.5,仪器仪表,光伏/光伏概念,29.4
601225,,1.0,0.9326,0.6991,0.8092,1.0,0.3876,0.3522,0.0,0.4032,0.0,0.0,0.5,0.0,0.407,False,False,False,False,24.4,-3.4,25.32,False,236558.0,煤炭行业,,44.3
601226,,0.0,1.0,0.7375,0.0,0.0,0.6252,0.1635,0.0,0.0,0.0,0.0,0.0,0.0,0.5312,False,False,False,False,7.19,1.13,8.34,False,8356.4,机械行业,,29.0
601228,,0.1211,1.0,0.8689,0.146,0.0,0.5994,0.1719,0.3,0.1634,0.0,0.0,0.0,0.0,0.2941,False,False,False,False,3.01,-1.31,3.18,False,22709.0,,,
601229,,0.5142,1.0,0.8765,0.316,0.3706,0.5989,0.2316,0.0,0.3298,0.0,0.0,0.5,0.0,0.2941,False,False,False,False,9.08,-1.09,9.36,False,129017.9,,,
601231,,0.6846,1.0,0.5899,0.713,0.0,0.5796,0.3658,0.3,0.4218,0.0,1.0,0.0,1.0,0.4825,False,False,False,False,36.85,1.66,39.04,False,88038.5,电子器件,无线耳机/智能穿戴,74.0
601233,,0.0,1.0,0.5143,0.6397,1.0,0.0473,0.2964,0.3,1.0,0.0,0.0,1.0,1.0,0.277,False,False,False,False,22.84,-2.68,20.49,True,54237.5,化纤行业,,40.6
601236,,0.0,1.0,0.8749,0.0,0.0,0.2702,0.3915,0.6,0.1493,0.0,0.0,0.0,0.0,0.3046,False,False,False,False,6.92,-0.14,7.24,False,32640.2,,,
601238,,0.0,1.0,0.8983,0.0,0.0,0.613,0.0978,0.0,0.0,0.0,0.0,0.0,0.0,0.4207,False,False,False,False,5.87,-0.51,6.59,False,43342.3,汽车制造,含H股,25.0
601279,,0.1986,1.0,0.8039,0.0,0.0,0.6069,0.2183,0.0,0.0,0.0,0.0,0.0,0.0,0.4658,False,False,False,False,3.39,-0.29,3.81,False,5375.8,,,
601288,,0.0,1.0,0.8902,0.4048,0.7095,0.5963,0.2617,0.3,0.5785,0.0,0.0,1.0,0.0,0.3564,False,False,False,False,6.61,-1.05,6.59,True,2110204.2,金融行业,含H股/融资融券/保险重仓,38.4
601298,,1.0,0.7647,0.721,0.6235,0.5529,0.0,0.1695,0.0,0.173,0.0,0.0,0.5,1.0,0.408,False,False,False,False,8.45,-4.41,9.02,False,45563.0,,,
601311,,0.0,1.0,0.7975,0.0,0.0,0.7809,0.1282,0.0,0.0583,0.0,0.0,0.0,0.0,0.5393,False,False,False,False,8.43,2.43,9.02,False,9889.6,电器行业,融资融券/锂电池,28.3
601318,,0.1081,1.0,0.8353,0.0441,0.0,0.5193,0.1997,0.0,0.1214,0.0,0.0,0.0,0.0,0.3112,False,False,False,False,52.99,-2.29,56.43,False,564876.8,金融行业,含H股/融资融券/超大盘,38.4
601319,,0.0,1.0,0.7858,0.0,0.164,0.3092,0.279,0.3,0.186,0.0,0.0,0.5,0.0,0.3504,False,False,False,False,6.95,-2.93,7.24,False,246709.4,,,
601326,,0.0,1.0,0.8084,0.2964,0.4094,0.5625,0.275,0.0,0.4182,0.0,0.0,1.0,0.0,0.3488,False,False,False,False,3.38,-2.87,3.45,False,16080.5,,,
601328,,0.0,1.0,0.9049,0.5065,0.9837,0.5381,0.393,0.3,0.6769,0.0,0.0,1.0,0.0,0.4159,False,False,False,False,6.95,-0.86,6.82,True,181203.5,金融行业,含H股/融资融券/央企50,38.4
601330,,0.4265,0.9076,0.7235,0.6016,0.0,0.8108,0.3292,0.0,0.2549,0.0,0.0,0.0,0.7,0.3631,False,False,False,False,8.14,-3.55,8.63,False,8051.2,,垃圾分类,
601333,,0.8802,1.0,0.8455,0.4507,0.352,0.2458,0.201,0.3,0.3249,0.0,0.0,0.0,1.0,0.3612,False,False,False,False,2.96,-1.99,3.07,False,16730.6,交通运输,含H股/融资融券,28.9
601336,,0.0,1.0,0.8154,0.0,0.3666,0.4431,0.2776,0.9,0.5176,0.0,0.0,0.5,0.0,0.2903,False,False,False,False,61.98,-1.93,62.28,False,129255.5,金融行业,含H股/融资融券/社保重仓,38.4
601339,,0.0,1.0,0.5935,0.3738,0.0,0.5273,0.1649,0.0,0.4732,0.0,0.0,0.5,0.7,0.353,False,False,False,False,7.25,-1.76,7.52,False,10871.9,纺织行业,民营银行/业绩预升/本月解禁,26.5
601360,,0.0626,1.0,0.9074,0.0,0.0,0.7782,0.1528,0.0,0.0,0.0,0.0,0.0,0.0,0.4264,False,False,False,False,9.32,-0.43,10.54,False,65235.9,,,
601366,,0.4113,1.0,0.8343,0.0,0.0,0.7119,0.2015,0.3,0.0,0.0,0.0,0.0,0.0,0.3759,False,False,False,False,3.59,-0.83,3.95,False,3445.5,,,
601368,,0.2165,1.0,0.8495,0.0684,0.0,0.8005,0.1328,0.0,0.0,0.0,0.0,0.0,0.0,0.4265,False,False,False,False,4.37,-1.35,4.74,False,3858.6,,污水处理,
601369,,0.0,1.0,0.8308,0.0645,0.126,0.4514,0.2089,0.3,0.3668,0.0,0.0,0.5,0.0,0.3664,False,False,False,False,9.16,1.1,9.45,False,15628.9,机械行业,碳中和/核电核能/智能机器,29.0
601375,,0.0,1.0,0.8162,0.3075,0.3754,0.267,0.3263,0.0,0.5513,0.0,0.0,0.0,0.0,0.3939,False,False,False,False,4.04,1.25,4.03,True,13928.0,,,
601377,,0.0,1.0,0.8582,0.2331,0.6971,0.3648,0.3802,0.3,0.6467,0.0,0.0,1.0,0.0,0.3371,False,False,False,False,6.13,0.33,6.03,True,52938.6,金融行业,海峡西岸/融资融券,38.4
601388,,0.0,1.0,0.7771,0.0,0.0,0.7639,0.2332,0.3,0.1033,0.0,0.0,0.0,0.0,0.4463,False,False,False,False,3.31,0.61,3.58,False,7286.0,,融资融券/节能环保,
601390,,0.0,1.0,0.8856,0.0,0.0,0.5904,0.1274,0.0,0.0,0.0,0.0,0.0,0.0,0.5016,False,False,False,False,4.57,-1.93,4.95,False,93588.3,建筑建材,含H股/融资融券/QFII重仓,23.8
601398,,0.0,1.0,0.8591,0.5996,1.0,0.3307,0.5038,0.3,0.6677,0.0,0.0,1.0,0.7,0.3133,False,False,False,False,7.42,-1.98,7.33,True,2000522.6,金融行业,含H股/融资融券/保险重仓,38.4
601399,,0.0,1.0,0.857,0.0,0.0,0.6913,0.2668,0.3,0.0,0.0,0.0,0.0,0.0,0.3927,False,False,False,False,3.75,0.54,4.13,False,27050.8,,大飞机,
601456,,0.0,1.0,0.8453,0.2801,0.6587,0.4336,0.6194,0.6,0.7707,0.0,0.0,1.0,0.0,0.34,False,False,False,False,9.56,0.84,9.19,True,41843.9,,,
601500,,0.0784,1.0,0.8362,0.1895,0.0,0.6368,0.0726,0.0,0.0565,0.0,0.0,0.0,1.0,0.4261,False,False,False,False,4.0,-1.72,4.29,False,6332.0,,,
601512,,0.0,1.0,0.8754,0.1118,0.0,0.9539,0.1705,0.0,0.1192,0.0,0.0,0.0,1.0,0.4291,False,False,False,False,8.31,-2.92,8.93,False,12455.8,,,
601515,,0.0,1.0,0.8286,0.0,0.0,0.8708,0.1763,0.3,0.0654,0.0,0.0,0.0,0.0,0.5674,False,False,False,False,3.91,0.51,4.21,False,7524.7,印刷包装,金融改革,26.0
601518,,1.0,1.0,0.887,0.6699,0.7106,0.6907,0.4122,0.3,0.4865,0.0,0.0,0.5,1.0,0.2908,True,False,False,False,2.93,-0.68,2.98,False,5539.3,公路桥梁,朝鲜改革,26.1
601519,,0.0,1.0,0.7369,0.0,0.0,0.4322,0.241,0.6,0.0,0.0,0.0,0.0,0.0,0.56,False,False,False,False,9.04,1.92,10.27,False,17982.0,电子信息,互联金融,26.5
601528,,0.0,1.0,0.9036,0.2242,0.2422,0.6441,0.2732,0.0,0.3141,0.0,0.0,0.5,0.0,0.3297,False,False,False,False,4.77,-1.45,4.91,False,8273.4,,,
601555,,0.0,1.0,0.8823,0.0866,0.0,0.6633,0.3025,0.3,0.3864,0.0,0.0,0.5,0.0,0.3262,False,False,False,False,7.91,-0.25,8.05,False,39302.4,金融行业,融资融券/信托重仓,38.4
601566,,0.7491,1.0,0.8614,0.3774,0.0,0.8485,0.4205,0.6,0.0,0.0,0.0,0.0,1.0,0.4925,False,False,False,False,9.65,0.31,11.22,False,5545.2,服装鞋类,海峡西岸,23.7
601567,,0.0,1.0,0.8343,0.0,0.0,0.6198,0.1237,0.3,0.0,0.0,0.0,0.0,0.0,0.6191,False,False,False,False,15.35,0.39,19.21,False,21570.0,仪器仪表,金融改革/智能家居/民营银行,29.4
601568,,0.0,1.0,0.81,0.2172,0.3443,0.4813,0.3717,0.3,0.3158,0.0,0.0,1.0,0.0,0.2959,False,False,False,False,3.78,-2.07,3.91,False,15015.0,,光伏,
601577,,0.0517,1.0,0.8687,0.486,0.7314,0.4893,0.2214,0.0,0.534,0.0,0.0,1.0,0.0,0.3354,False,False,False,False,9.49,-1.66,9.55,False,38156.3,,,
601579,,0.0,1.0,0.8222,0.0,0.0,0.8063,0.3527,0.6,0.0,0.0,0.0,0.0,1.0,0.3525,False,False,False,False,15.5,-1.59,17.24,False,7431.7,酿酒行业,,23.3
601588,,1.0,1.0,0.7518,0.7834,0.5511,0.7005,0.2292,0.3,0.3351,0.0,0.0,0.5,1.0,0.3767,True,False,False,False,1.85,-1.6,1.94,False,4921.0,房地产,含H股,29.6
601595,,0.0394,1.0,0.7748,0.0,0.0,0.5515,0.0697,0.0,0.0,0.0,0.0,0.0,0.0,0.5479,False,False,False,False,18.3,-1.88,22.2,False,8202.1,,,
601598,,0.8249,1.0,0.8264,0.4398,0.0,0.4977,0.314,0.0,0.1155,0.0,0.0,0.0,0.7,0.4582,False,False,False,False,5.62,-2.43,6.0,False,28985.0,,,
601599,,0.0,1.0,0.8495,0.0,0.0,0.777,0.1117,0.0,0.0,0.0,0.0,0.0,0.0,0.4491,False,False,False,False,3.12,0.65,3.48,False,3620.9,纺织行业,,26.5
601600,,0.3715,0.5628,0.7626,0.0054,0.0,0.1838,0.1667,0.3,0.0,0.0,0.0,0.0,0.0,0.5204,False,False,False,False,10.07,-5.62,11.45,False,132655.8,有色金属,含H股/融资融券/央企50,62.0
601601,,0.0,1.0,0.8316,0.0,0.0,0.5425,0.1647,0.3,0.0318,0.0,0.0,0.5,0.0,0.32,False,False,False,False,32.5,-2.26,34.92,False,222463.8,金融行业,含H股/融资融券/央企50,38.4
601606,,0.0957,1.0,0.876,0.0,0.0,0.7234,0.2505,0.6,0.0,0.0,0.0,0.5,0.0,0.4729,False,False,False,False,32.08,-0.53,36.83,False,23233.2,,,
601607,,0.0,1.0,0.9058,0.3116,0.2212,0.4439,0.1184,0.3,0.3244,0.0,0.0,0.5,0.0,0.3265,False,False,False,False,16.15,-0.8,16.64,False,45045.7,商业百货,仿制药/含H股/融资融券,26.7
601608,,0.0,1.0,0.8355,0.0,0.0,0.6084,0.1448,0.0,0.0,0.0,0.0,0.0,0.0,0.3435,False,False,False,False,5.27,0.0,5.88,False,24134.2,机械行业,融资融券/节能环保/券商重仓,29.0
601609,,0.0,1.0,0.7304,0.9523,0.9003,0.3395,0.866,0.9,1.0,0.0,0.0,0.0,1.0,0.3438,False,False,False,False,12.71,0.79,11.99,True,21971.0,,,
601611,,0.0,1.0,0.5882,0.0,0.0,0.1812,0.1783,0.3,0.0,0.0,0.0,0.0,0.0,0.5002,False,False,False,False,11.36,1.7,12.73,False,34237.2,,国防军工/军工航天/核电核能,
601615,,0.2621,1.0,0.6012,0.0,0.0,0.6392,0.2815,0.3,0.0,0.0,0.0,0.0,0.0,0.6001,False,False,False,False,12.66,2.34,15.83,False,28630.5,,光伏/HIT电池/光伏概念,
601616,,0.0,0.7485,0.4872,0.0,0.0,0.353,0.1909,0.3,0.0,0.0,0.0,0.0,0.0,0.523,False,False,False,False,3.94,4.51,4.39,False,3363.5,电器行业,,28.3
601618,,0.0,1.0,0.8765,0.1186,0.0,0.6503,0.1732,0.0,0.0528,0.0,0.0,0.0,0.0,0.3706,False,False,False,False,2.67,-1.11,2.85,False,47666.5,建筑建材,光伏/含H股/融资融券,23.8
601619,,0.5006,1.0,0.7912,0.0495,0.0,0.9013,0.3005,0.0,0.0,0.0,0.0,0.0,1.0,0.3845,False,False,False,False,4.83,0.84,5.41,False,11759.7,,光伏/光伏概念,
601628,,0.0,1.0,0.7737,0.0,0.4424,0.4661,0.2288,0.9,0.4181,0.0,0.0,1.0,0.0,0.2846,False,False,False,False,36.06,-1.29,36.41,False,750896.5,金融行业,含H股/融资融券/业绩预升,38.4
601633,,0.0,1.0,0.767,0.0,0.0,0.5011,0.2897,0.6,0.0,0.0,0.0,0.5,0.0,0.364,False,False,False,False,17.31,-2.42,18.58,False,107482.0,汽车制造,固态电池/雄安新区/含H股,25.0
601636,,0.0,0.0,0.3575,0.7305,1.0,0.3309,0.4071,0.3,1.0,0.0,0.0,1.0,1.0,0.4949,False,False,False,False,7.88,10.06,6.62,True,23314.2,玻璃行业,光伏/光伏概念/长株潭,82.0
601658,,0.0,1.0,0.8956,0.4523,0.7311,0.5351,0.478,0.3,0.5192,0.0,0.0,1.0,0.0,0.3766,False,False,False,False,5.04,-1.37,5.04,False,365540.1,,,
601665,,0.0,1.0,0.8652,0.6857,1.0,0.5815,0.4035,0.3,0.9069,0.0,0.0,1.0,0.7,0.352,False,False,False,False,6.36,-1.09,6.11,True,39138.4,,,
601666,,0.5336,0.754,0.6798,0.8343,1.0,0.4675,0.5324,0.9,0.9127,0.0,0.0,0.5,0.0,0.3347,False,False,False,False,8.75,-4.48,8.43,True,21606.9,煤炭行业,低碳经济/稀缺资源/融资融券,44.3
601668,,0.0241,1.0,0.9298,0.3184,0.2561,0.6737,0.1595,0.3,0.3068,0.0,0.0,0.5,0.0,0.205,False,False,False,False,4.71,-0.84,4.86,False,194619.0,建筑建材,融资融券/社保重仓/保险重仓,23.8
601669,,0.3461,1.0,0.8903,0.0303,0.0,0.8144,0.2087,0.0,0.0,0.0,0.0,0.0,0.0,0.2939,False,False,False,False,4.83,-0.62,5.42,False,63135.5,建筑建材,碳中和/光伏/光伏概念,23.8
601677,,0.8923,0.9718,0.7613,0.7893,0.0,0.4473,0.1973,0.0,0.2391,0.0,0.0,0.0,0.7,0.4986,False,False,False,False,16.5,-3.17,17.56,False,20097.1,有色金属,,62.0
601678,,0.0,1.0,0.5896,0.7949,1.0,0.1698,0.459,0.9,1.0,0.0,0.0,0.5,1.0,0.3266,False,False,False,False,6.17,2.66,5.45,True,12607.4,化工行业,氢能源/黄河三角/金融改革,59.2
601686,,0.4357,1.0,0.8968,0.0668,0.0,0.7582,0.1595,0.6,0.0,0.0,0.0,0.0,0.0,0.3372,False,False,False,False,5.08,-1.74,5.49,False,7475.5,,,
601688,,0.0,1.0,0.7741,0.3408,1.0,0.4084,0.7168,1.0,0.9602,0.0,0.0,1.0,0.0,0.381,False,False,False,False,20.45,0.44,19.34,True,149423.2,金融行业,含GDR/含H股/融资融券,38.4
601696,,0.0,0.6988,0.4694,0.0,0.4501,0.0,0.5307,0.6,1.0,0.0,0.0,0.5,0.0,0.3284,False,False,False,False,13.3,4.81,12.04,True,36947.4,,,
601698,,0.0,1.0,0.7396,0.0595,0.0,0.6995,0.3171,0.6,0.4726,0.0,0.0,0.5,1.0,0.3779,False,False,False,False,32.18,-1.8,33.52,False,135940.7,,,
601699,,0.7919,1.0,0.7424,1.0,1.0,0.647,0.4477,0.3,1.0,0.0,0.0,0.5,1.0,0.3543,True,False,False,False,17.5,-0.57,15.99,True,52349.7,煤炭行业,融资融券/社保重仓/基金重仓,44.3
601700,,0.0827,1.0,0.7805,0.138,0.0,0.431,0.4398,0.3,0.0799,0.0,0.0,0.0,0.0,0.4567,False,False,False,False,4.95,1.85,5.34,False,5636.8,发电设备,参股金融,26.5
601702,,0.8123,0.6966,0.7272,0.2403,0.0,0.4537,0.3935,0.6,0.0,0.0,0.0,0.0,0.0,0.526,False,False,False,False,16.98,-4.82,19.48,False,16955.0,,专精特新,
601717,,0.0,1.0,0.8469,0.0,0.0,0.5619,0.2801,0.0,0.0,0.0,0.0,0.0,0.0,0.3107,False,False,False,False,17.95,0.56,19.31,False,27681.9,机械行业,含H股/融资融券,29.0
601718,,0.1879,1.0,0.779,0.0,0.0,0.7211,0.1424,0.3,0.0,0.0,0.0,0.0,0.0,0.546,False,False,False,False,1.82,0.55,2.39,False,7937.1,服装鞋类,专精特新/国防军工/军工航天,23.7
601727,,0.0,1.0,0.891,0.1403,0.0,0.8533,0.3393,0.3,0.0,0.0,0.0,0.0,1.0,0.3534,False,False,False,False,7.36,0.27,8.14,False,92851.1,发电设备,大飞机/军工航天/低碳经济,26.5
601728,,1.0,1.0,0.8898,0.603,0.513,0.7489,0.419,0.3,0.3747,0.0,0.0,0.0,1.0,0.2256,True,False,False,False,5.96,-1.49,6.09,False,462673.2,,,
601766,,0.0,1.0,0.919,0.149,0.1581,0.7814,0.339,0.6,0.2213,0.0,0.0,0.5,0.0,0.3177,False,False,False,False,5.72,-0.69,5.93,False,139155.0,交通运输,含H股/融资融券/保险重仓,28.9
601777,,0.0,1.0,0.8084,0.2827,0.0,0.794,0.206,0.6,0.0,0.0,0.0,0.0,1.0,0.4242,False,False,False,False,9.6,-1.44,10.64,False,43402.6,摩托车,百度概念/成渝特区/民营银行,
601778,,0.2667,1.0,0.8141,0.3009,0.0,0.9508,0.1543,0.0,0.0,0.0,1.0,0.0,0.7,0.4275,False,False,False,False,5.09,1.39,5.7,False,189.8,,光伏,
601788,,0.0,1.0,0.8952,0.0591,0.0856,0.4478,0.4082,0.3,0.3724,0.0,0.0,0.5,0.0,0.3262,False,False,False,False,14.68,0.34,14.87,False,57350.3,金融行业,含H股/融资融券/保险重仓,38.4
601789,,0.0,1.0,0.8385,0.0,0.0,0.9117,0.0907,0.0,0.0,0.0,0.0,0.0,0.0,0.6325,False,False,False,False,4.56,0.44,5.25,False,4955.8,建筑建材,融资融券/业绩预升,23.8
601798,,0.8622,1.0,0.7551,0.0,0.0,0.6001,0.0836,0.0,0.0,0.0,0.0,0.0,0.0,0.3797,False,False,False,False,7.37,0.27,8.43,False,2612.9,机械行业,碳中和/专精特新/页岩气,29.0
601800,,0.0,1.0,0.8312,0.0,0.0,0.4037,0.2652,0.3,0.0,0.0,0.0,0.5,0.0,0.368,False,False,False,False,6.17,-2.37,6.82,False,72705.6,建筑建材,含H股/融资融券/券商重仓,23.8
601801,,0.6752,1.0,0.8368,0.0,0.0,0.3681,0.0421,0.3,0.0,0.0,0.0,0.0,0.0,0.3932,False,False,False,False,5.23,-1.51,5.86,False,10240.0,传媒娱乐,融资融券/皖江区域,21.0
601808,,0.4927,1.0,0.8009,0.0,0.0,0.6435,0.0967,0.3,0.0,0.0,0.0,0.0,0.0,0.4132,False,False,False,False,12.07,-2.58,13.97,False,35732.8,石油行业,含H股/融资融券/海工装备,22.2
601811,,1.0,1.0,0.8787,0.1686,0.0,0.6388,0.1319,0.0,0.0,0.0,0.0,0.0,1.0,0.4805,False,False,False,False,11.86,-1.9,13.27,False,9392.0,,含H股,
601816,,0.9045,1.0,0.8084,0.487,0.4988,0.0,0.2531,0.0,0.246,0.0,0.0,0.5,0.0,0.3587,False,False,False,False,4.75,-2.46,4.97,False,232397.0,,,
601818,,0.0,1.0,0.9582,0.4026,0.731,0.6212,0.3878,0.3,0.5426,0.0,0.0,1.0,0.0,0.43,False,False,False,False,3.19,0.0,3.17,True,1480.6,金融行业,含H股/融资融券/保险重仓,38.4
601825,,0.8469,1.0,0.845,0.4372,0.4828,0.4026,0.3477,0.3,0.321,0.0,0.0,1.0,0.0,0.3758,False,False,False,False,8.45,-1.74,8.74,False,79214.0,,,
601827,,0.3663,1.0,0.8962,0.2656,0.0,0.6921,0.2798,0.0,0.2068,0.0,0.0,0.0,0.0,0.311,False,False,False,False,7.74,0.39,8.14,False,12940.8,,,
601828,,0.4401,1.0,0.8851,0.2797,0.0,0.7751,0.181,0.6,0.0153,0.0,0.0,0.0,1.0,0.4609,False,False,False,False,2.3,-0.86,2.48,False,8308.5,,,
601838,,0.0,1.0,0.787,0.8753,1.0,0.4435,0.3021,0.0,1.0,0.0,0.0,1.0,0.7,0.4012,False,False,False,False,19.53,-2.5,18.48,True,82776.6,,,
601857,,0.9666,1.0,0.8552,0.2055,0.0,0.5607,0.2505,0.3,0.0,0.0,0.0,0.0,0.0,0.4796,False,False,False,False,9.95,-1.78,11.0,False,1611124.7,石油行业,含H股/融资融券/保险重仓,22.2
601858,,0.5683,1.0,0.8202,0.4434,0.0,0.8423,0.1491,0.0,0.0,0.0,0.0,0.0,0.7,0.4961,False,False,False,False,21.19,-1.44,23.64,False,16750.7,,,
601860,,0.0,1.0,0.8756,0.3789,0.6835,0.6328,0.1972,0.0,0.508,0.0,0.0,1.0,0.0,0.3512,False,False,False,False,2.64,-1.49,2.65,False,9376.2,,,
601865,,0.0,1.0,0.8783,0.0,0.0,0.6755,0.1797,0.0,0.0,0.0,0.0,0.0,0.0,0.5247,False,False,False,False,10.98,0.18,12.79,False,20873.3,,光伏/光伏概念,
601866,,0.0,1.0,0.8381,0.1231,0.0,0.558,0.3188,0.3,0.0527,0.0,0.0,0.0,0.0,0.2804,False,False,False,False,2.4,-2.83,2.59,False,23404.8,交通运输,含H股/融资融券/海上丝路,28.9
601868,,0.3375,1.0,0.8265,0.3548,0.0,0.8505,0.4259,0.3,0.1746,0.0,0.0,0.0,0.7,0.4419,False,False,False,False,2.68,-0.37,2.87,False,86909.0,,,
601869,,0.0,0.9892,0.5856,1.0,1.0,0.5591,0.4831,0.3,1.0,0.0,1.0,0.5,0.7,0.2491,False,False,True,False,464.1,3.06,375.12,True,1885.8,,,
601872,,0.0,0.7424,0.2618,0.2449,0.0,0.0,0.1559,0.0,0.894,0.0,0.0,0.5,0.0,0.2737,False,False,False,False,16.38,-4.55,16.09,True,132260.9,交通运输,社保重仓,28.9
601877,,0.0,1.0,0.8315,0.0,0.0,0.734,0.1458,0.0,0.0,0.0,0.0,0.0,0.0,0.4549,False,False,False,False,27.47,-0.83,30.21,False,59032.2,发电设备,光伏/光伏概念/核电核能,26.5
601878,,0.0,1.0,0.8945,0.196,0.2196,0.4471,0.2776,0.0,0.4254,0.0,0.0,0.5,0.0,0.385,False,False,False,False,9.5,0.21,9.59,False,43451.1,,,
601880,,0.0,1.0,0.8291,0.2943,0.0,0.5573,0.1762,0.3,0.2115,0.0,0.0,0.0,0.0,0.3921,False,False,False,False,1.53,-1.92,1.61,False,28172.0,交通运输,朝鲜改革/含H股/海上丝路,28.9
601881,,0.0,1.0,0.8632,0.0888,0.3755,0.4566,0.3043,0.6,0.4112,0.0,0.0,0.5,0.0,0.3706,False,False,False,False,12.77,0.79,12.78,False,92498.4,,,
601882,,0.0,1.0,0.7692,0.5992,0.0473,0.693,0.2816,0.3,0.6922,0.0,0.0,0.0,1.0,0.3159,False,False,False,False,21.17,1.78,20.94,True,11050.7,,,
601886,,0.0,1.0,0.7486,0.4574,0.5094,0.5952,0.2957,0.3,1.0,0.0,0.0,0.5,0.7,0.4246,False,False,False,False,9.5,2.37,8.91,True,10763.5,建筑建材,光伏概念/民营银行,23.8
601888,,0.0,1.0,0.8793,0.0,0.0,0.5976,0.2431,0.3,0.0,0.0,0.0,1.0,0.0,0.3392,False,False,False,False,58.4,-1.15,63.5,False,1140.3,酒店旅游,海南自贸/融资融券/社保重仓,27.5
601890,,0.0,1.0,0.8808,0.0,0.0,0.8743,0.1181,0.0,0.0,0.0,0.0,0.0,0.0,0.4999,False,False,False,False,8.86,-1.01,9.73,False,8500.3,船舶制造,海工装备/参股金融,27.2
601898,,1.0,1.0,0.7563,0.4899,0.0,0.4773,0.2761,0.3,0.0,0.0,0.0,0.5,0.0,0.5589,False,False,False,False,14.35,-2.84,16.28,False,131331.2,煤炭行业,低碳经济/含H股/融资融券,44.3
601899,,0.0,0.957,0.8084,0.0,0.0,0.5333,0.1858,0.3,0.2699,0.0,0.0,0.0,0.0,0.4331,False,False,False,False,30.29,-3.26,32.01,False,624028.3,有色金属,黄金概念/含H股/融资融券,62.0
601900,,0.0,1.0,0.8644,0.0396,0.0,0.7207,0.134,0.3,0.1047,0.0,0.0,0.5,0.0,0.3353,False,False,False,False,11.78,-0.17,12.48,False,103.9,,,
601901,,0.0,1.0,0.8737,0.1599,0.0386,0.5229,0.3227,0.3,0.4142,0.0,0.0,0.5,0.0,0.3759,False,False,False,False,6.88,0.29,6.95,False,56636.9,金融行业,融资融券/长株潭/高校背景,38.4
601908,,0.3993,1.0,0.7473,0.0,0.0,0.8363,0.2887,0.3,0.0,0.0,0.0,0.0,0.0,0.4868,False,False,False,False,3.45,0.58,3.9,False,8330.4,电子器件,专精特新/光伏/光伏概念,74.0
601916,,0.0,1.0,0.9134,0.5703,0.8971,0.3707,0.2894,0.3,0.632,0.0,0.0,1.0,0.0,0.3075,False,False,False,False,3.06,-0.65,3.03,True,65926.0,,,
601918,,0.9215,1.0,0.6392,1.0,1.0,0.508,0.4308,0.3,1.0,1.0,0.0,0.5,0.7,0.3385,True,False,False,False,9.45,2.27,9.14,True,24480.6,煤炭行业,ST板块/融资融券/业绩预降,44.3
601919,,0.8619,1.0,0.9034,0.4562,0.5657,0.4843,0.2953,1.0,0.3581,0.0,0.0,0.5,0.0,0.3244,False,False,False,False,14.24,-1.73,14.62,False,178800.9,交通运输,含H股/融资融券/准ST股,28.9
601921,,0.0,0.9546,0.7557,0.2975,0.52,0.5842,0.2471,0.3,0.3472,0.0,0.0,1.0,0.0,0.4807,False,False,False,False,7.39,-3.27,7.6,False,16422.2,,,
601928,,0.0,1.0,0.8641,0.2364,0.4276,0.6365,0.2251,0.3,0.3821,0.0,0.0,1.0,0.0,0.4044,False,False,False,False,9.16,-1.72,9.33,False,23311.3,传媒娱乐,融资融券/网络游戏/保险重仓,21.0
601929,,0.0,0.8141,0.5336,0.0,0.0,0.5248,0.2691,0.3,0.0,0.0,0.0,0.0,0.0,0.5504,False,False,False,False,2.53,4.12,2.89,False,8829.2,传媒娱乐,朝鲜改革/融资融券,21.0
601933,,0.2999,1.0,0.7538,0.0,0.0,0.5194,0.4178,0.3,0.0,0.0,0.0,0.0,0.0,0.2936,False,False,False,False,3.28,0.92,3.68,False,29766.1,商业百货,海峡西岸/食品安全/内贸规划,26.7
601939,,0.0135,1.0,0.8653,0.8548,1.0,0.3422,0.5016,0.6,0.8211,1.0,0.0,1.0,0.7,0.3273,False,False,False,False,10.17,-2.12,9.88,True,97567.5,金融行业,含H股/融资融券/保险重仓,38.4
601949,,0.032,1.0,0.8039,0.0,0.0,0.4063,0.1436,0.0,0.0,0.0,0.0,0.0,0.0,0.4299,False,False,False,False,5.04,-1.18,5.65,False,96.0,,,
601952,,0.4765,0.9027,0.738,0.0589,0.0,0.5705,0.1065,0.0,0.0,0.0,0.0,0.0,0.0,0.3938,False,False,False,False,8.34,-3.58,9.11,False,11492.5,,乡村振兴,
601956,,0.2828,1.0,0.853,0.0,0.0,0.7452,0.12,0.0,0.0,0.0,0.0,0.0,0.0,0.5048,False,False,False,False,4.96,-0.6,5.74,False,3083.2,,光伏,
601958,,0.0,1.0,0.3682,0.978,1.0,0.0,0.6285,0.3,1.0,0.0,0.0,1.0,1.0,0.3707,False,False,False,False,28.88,2.89,22.15,True,93184.3,有色金属,低碳经济/稀缺资源/融资融券,62.0
601963,,1.0,1.0,0.8623,0.9371,1.0,0.6147,0.4519,0.9,0.7535,1.0,0.0,0.5,1.0,0.3337,True,False,False,False,11.48,-1.2,11.26,True,23350.7,,,
601965,,0.5741,1.0,0.8294,0.0,0.0,0.7818,0.2947,0.9,0.0,0.0,0.0,0.0,0.0,0.4802,False,False,False,False,13.78,-2.06,16.16,False,13758.0,汽车制造,成渝特区,25.0
601966,,0.8612,1.0,0.798,0.0,0.0,0.2018,0.2246,0.3,0.0,0.0,0.0,0.0,0.0,0.3679,False,False,False,False,11.53,-2.95,12.86,False,16874.2,,,
601968,,0.3937,0.8119,0.6789,0.0,0.0,0.0466,0.0981,0.3,0.0,0.0,0.0,0.0,0.0,0.4387,False,False,False,False,4.18,-4.13,4.84,False,5332.8,,,
601969,,0.0,1.0,0.8307,0.0,0.0,0.8113,0.102,0.0,0.0,0.0,0.0,0.0,0.0,0.437,False,False,False,False,9.28,-1.8,10.38,False,18304.6,钢铁行业,海南自贸,26.9
601975,,0.0,0.7722,0.3886,0.4828,0.0,0.051,0.1631,0.0,0.3972,0.0,0.0,0.0,0.7,0.2521,False,False,False,False,4.38,-4.37,4.53,False,20499.9,,,
601985,,0.0,1.0,0.8703,0.5653,0.8639,0.3433,0.6395,0.0,0.7656,0.0,0.0,1.0,0.7,0.2979,False,False,False,False,9.23,-0.22,9.02,True,174292.7,,核电核能,
601988,,0.0,1.0,0.8695,0.7741,1.0,0.5656,0.6498,0.3,0.8345,0.0,0.0,1.0,0.7,0.2559,False,False,False,False,6.04,-1.47,5.86,True,1273023.7,金融行业,含H股/融资融券/保险重仓,38.4
601990,,0.0,1.0,0.8915,0.0131,0.0,0.4771,0.1293,0.3,0.204,0.0,0.0,0.5,0.0,0.4388,False,False,False,False,6.73,-0.44,7.0,False,24809.2,,,
601991,,0.0,1.0,0.6793,1.0,1.0,0.5103,0.5537,0.3,1.0,0.0,0.0,1.0,1.0,0.2448,False,False,False,False,8.7,-0.34,6.71,True,107846.0,电力行业,光伏/碳交易/低碳经济,65.3
601992,,0.3089,1.0,0.8693,0.0,0.0,0.7571,0.1646,0.3,0.0,0.0,0.0,0.0,0.0,0.3633,False,False,False,False,1.52,-0.65,1.66,False,12667.9,水泥行业,雄安新区/含H股/融资融券,29.8
601995,,0.0,1.0,0.8238,0.3849,0.3473,0.3914,0.4359,0.6,0.6684,0.0,0.0,0.5,1.0,0.405,False,False,False,False,34.28,1.78,33.65,True,100219.0,,,
601996,,0.0,1.0,0.5539,0.5454,0.0,0.6501,0.1838,0.3,0.5438,0.0,0.0,0.0,0.7,0.3391,False,False,False,False,2.63,-2.23,2.67,False,2948.0,农林牧渔,融资融券,26.1
601997,,0.5161,1.0,0.8506,0.5109,0.2457,0.6105,0.3247,0.0,0.2944,0.0,0.0,0.0,0.7,0.3886,False,False,False,False,5.67,-2.24,5.89,False,20730.6,,,
601998,,0.0,1.0,0.8602,0.3101,0.0595,0.5204,0.1619,0.3,0.3656,0.0,0.0,0.5,0.0,0.3388,False,False,False,False,7.54,-1.18,7.76,False,307353.0,金融行业,含H股/融资融券/央企50,38.4
601999,,0.0,1.0,0.7875,0.0,0.0,0.668,0.1019,0.3,0.0,0.0,0.0,0.0,0.0,0.3139,False,False,False,False,5.86,-1.68,6.62,False,3228.4,传媒娱乐,金融参股/参股金融,21.0
603000,,0.5518,1.0,0.8299,0.0,0.0,0.7225,0.1466,0.0,0.0,0.0,0.0,0.0,0.0,0.488,False,False,False,False,16.26,-1.22,18.6,False,17978.5,电子信息,融资融券,26.5
603001,,0.0,0.4724,0.4669,0.9289,1.0,0.3677,0.2458,0.6,1.0,0.0,1.0,0.5,1.0,0.3206,False,False,False,False,11.02,6.17,9.76,True,4418.8,服装鞋类,,23.7
603002,,0.0,0.0,0.5792,1.0,1.0,0.5025,0.3777,0.6,1.0,0.0,0.0,1.0,0.7,0.4785,False,False,False,False,21.09,10.02,15.13,True,23917.7,化工行业,,59.2
603004,,0.0,1.0,0.6258,0.0,0.3301,0.1402,0.297,0.3,0.6298,0.0,0.0,0.5,0.0,0.3441,False,False,False,False,21.29,-0.42,20.88,True,1253.6,,,
603006,,0.685,1.0,0.6302,0.5266,0.0794,0.4806,0.2272,0.6,0.25,0.0,0.0,0.0,1.0,0.4266,False,False,False,False,12.85,-1.0,13.54,False,3267.2,汽车制造,,25.0
603007,,0.0,0.8775,0.5359,0.0513,0.0,0.2888,0.075,0.6,0.0,0.0,0.0,0.0,1.0,0.5077,False,False,False,False,5.67,-3.74,6.32,False,3941.2,,,
603008,,0.0,1.0,0.6825,0.0,0.0,0.6479,0.3359,0.3,0.0,0.0,0.0,1.0,0.0,0.5117,False,False,False,False,9.45,0.0,11.25,False,3480.4,家具行业,,35.0
603009,,0.7256,1.0,0.5298,0.4069,0.0,0.5319,0.3728,0.3,0.0,0.0,1.0,0.0,1.0,0.5729,False,False,False,False,43.47,0.53,49.12,False,14710.6,汽车制造,,25.0
603010,,0.0,1.0,0.519,0.9331,0.6051,0.5805,0.2462,0.9,1.0,0.0,1.0,0.0,0.7,0.2406,False,False,False,False,14.37,2.64,13.56,True,8202.1,化工行业,,59.2
603011,,0.0,1.0,0.3668,1.0,1.0,0.0,0.7867,0.9,1.0,0.0,0.0,1.0,1.0,0.2096,False,False,False,False,34.6,1.11,25.88,True,17106.7,机械行业,,29.0
603012,,0.4247,1.0,0.7707,0.5343,0.0,0.7593,0.1658,0.3,0.0,0.0,0.0,0.0,0.7,0.4411,False,False,False,False,7.56,0.0,8.57,False,4887.5,机械行业,,29.0
603014,,0.0,1.0,0.7414,0.0,0.0113,0.0,0.2221,0.9,0.4098,0.0,0.0,0.5,0.0,0.3165,False,False,False,False,34.88,-0.51,35.28,False,1373.1,,,
603015,,0.0,1.0,0.6526,0.3545,0.87,0.119,0.4503,1.0,0.5116,0.0,0.0,1.0,0.0,0.2767,False,False,False,False,12.5,1.79,12.61,False,5052.7,电器行业,垃圾分类,28.3
603016,,0.3578,1.0,0.5181,0.2234,0.0,0.6917,0.1415,0.0,0.0,0.0,0.0,0.0,0.7,0.5003,False,False,False,False,37.3,0.97,42.85,False,55.3,,,
603017,,0.5201,1.0,0.7985,0.0,0.0,0.9183,0.1304,0.0,0.0,0.0,0.0,0.0,0.0,0.6488,False,False,False,False,10.88,-0.37,12.86,False,3005.0,建筑建材,,23.8
603018,,0.0,1.0,0.8746,0.1976,0.0,0.7613,0.2318,0.0,0.1416,0.0,0.0,0.0,0.0,0.4161,False,False,False,False,6.85,-0.87,7.25,False,4684.0,建筑建材,,23.8
603019,,0.0,1.0,0.8447,0.2743,0.0,0.7672,0.2565,0.3,0.2855,0.0,0.0,0.5,1.0,0.4398,False,False,False,False,84.47,-1.15,88.04,False,123554.8,电子信息,国防军工/军工航天,26.5
603020,,0.0,0.2365,0.4378,0.5372,1.0,0.0,0.3073,0.3,1.0,0.0,0.0,1.0,0.0,0.4626,False,False,False,False,12.63,7.58,10.92,True,4744.3,食品行业,,28.5
603021,,1.0,0.9582,0.5769,0.6612,0.0,0.3145,0.2571,0.0,0.0,0.0,0.0,0.0,0.0,0.6321,False,False,False,False,6.25,-3.25,7.0,False,20.0,玻璃行业,,82.0
603022,,0.4953,1.0,0.7734,0.0711,0.0,0.62,0.0663,0.0,0.0,0.0,0.0,0.0,1.0,0.3979,False,False,False,False,9.15,0.33,10.36,False,1830.0,其它行业,,41.7
603023,,0.3613,1.0,0.75,0.0,0.0,0.7742,0.1046,0.3,0.0,0.0,0.0,0.0,0.0,0.5906,False,False,False,False,3.95,-1.25,4.6,False,2204.6,其它行业,,41.7
603025,,0.0,1.0,0.7291,0.2978,0.0,0.6429,0.3518,0.0,0.3229,0.0,1.0,0.0,1.0,0.3702,False,False,False,False,14.94,2.89,15.48,False,16571.1,电子信息,白酒概念,26.5
603026,,0.0,0.4389,0.2998,0.3995,0.0,0.3553,0.1513,0.0,0.98,0.0,0.0,0.5,0.7,0.3567,False,False,False,False,91.05,6.37,88.3,True,21187.4,其它行业,锂电池,41.7
603027,,0.0,1.0,0.7667,0.0,0.0,0.5959,0.1429,0.0,0.0051,0.0,0.0,1.0,0.0,0.4318,False,False,False,False,7.85,-1.88,8.47,False,9809.5,,,
603028,,0.2513,1.0,0.7125,0.0,0.0,0.8046,0.2189,0.3,0.0,0.0,0.0,0.0,1.0,0.4902,False,False,False,False,7.47,0.67,8.45,False,2122.9,,专精特新,
603029,,0.2763,1.0,0.7428,0.0,0.0,0.5334,0.0635,0.0,0.0,0.0,0.0,0.0,0.0,0.4884,False,False,False,False,15.52,-0.19,17.71,False,1883.2,,,
603030,,0.0,1.0,0.7368,0.1795,0.0,0.7022,0.2138,0.0,0.0,0.0,0.0,0.0,1.0,0.4056,False,False,False,False,2.3,0.88,2.59,False,3028.9,建筑建材,,23.8
603031,,0.7824,1.0,0.6769,1.0,1.0,0.635,0.3075,0.0,1.0,1.0,1.0,0.0,0.7,0.2945,True,False,False,False,53.24,-1.13,49.38,True,16738.1,,,
603032,,0.0,0.7273,0.5009,1.0,0.7924,0.473,0.2389,0.6,1.0,0.0,0.0,0.0,0.7,0.3755,False,False,False,False,24.6,4.64,22.69,True,5698.9,,,
603033,,0.5869,1.0,0.7293,0.1785,0.0,0.5912,0.1667,0.3,0.0,0.0,1.0,0.0,0.7,0.4101,False,False,False,False,9.42,0.64,10.49,False,9538.0,,,
603035,,0.5928,1.0,0.8398,0.0,0.0,0.6342,0.1583,0.0,0.0,0.0,0.0,0.0,0.0,0.458,False,False,False,False,11.49,-1.37,12.96,False,4209.3,,,
603036,,0.0,1.0,0.6329,0.0,0.0,0.2258,0.2541,0.3,0.0,0.0,0.0,1.0,0.0,0.3308,False,False,False,False,14.81,1.93,15.91,False,3050.9,,,
603037,,0.6869,1.0,0.7889,0.0,0.0,0.7977,0.2329,0.3,0.0,0.0,0.0,0.0,1.0,0.5327,False,False,False,False,11.66,-2.83,13.65,False,3103.3,,,
603038,,0.1418,1.0,0.671,0.4328,0.1695,0.6995,0.2802,0.9,0.4283,0.0,0.0,0.0,1.0,0.3368,False,False,False,False,15.77,2.4,16.06,False,4237.0,,,
603039,,0.0,0.0,0.3733,0.0678,1.0,0.0168,0.6454,0.3,0.4904,0.0,0.0,1.0,1.0,0.4869,False,False,False,False,44.33,-9.99,44.58,False,11364.7,,,
603040,,0.0,1.0,0.8265,0.6063,1.0,0.6132,0.5321,0.6,1.0,0.0,0.0,1.0,1.0,0.2712,False,False,False,False,95.13,-0.6,87.33,True,12913.3,,专精特新,
603041,,0.4916,1.0,0.7225,0.2277,0.0,0.6358,0.2561,0.3,0.0,0.0,0.0,0.0,1.0,0.436,False,False,False,False,11.6,0.61,12.74,False,2124.5,,专精特新,
603042,,0.0,0.0,0.227,0.3213,0.0,0.3722,0.5183,0.0,0.9381,0.0,1.0,0.0,0.7,0.4657,False,False,False,False,20.97,10.02,20.22,True,3367.6,,,
603045,,0.0,0.0,0.4203,1.0,1.0,0.3318,0.4642,0.3,1.0,0.0,1.0,0.5,0.7,0.2628,False,False,True,False,88.17,10.01,61.19,True,11942.2,,,
603048,,0.22,0.7908,0.4914,0.1367,0.0,0.4024,0.2202,0.6,0.2209,0.0,0.0,0.0,0.7,0.3529,False,False,False,False,20.09,4.26,21.22,False,2950.8,,专精特新,
603049,,0.0,1.0,0.8237,0.1988,0.3538,0.3578,0.3976,0.6,0.3986,0.0,0.0,0.5,0.0,0.406,False,False,False,False,47.4,-2.83,48.36,False,4145.1,,,
603050,,0.0,1.0,0.7938,0.4278,0.0,0.6801,0.1194,0.3,0.2141,0.0,0.0,0.0,1.0,0.3709,False,False,False,False,20.03,-0.1,21.44,False,8078.5,,光伏,
603051,,0.0,1.0,0.7164,0.2391,0.0,0.5768,0.2898,0.0,0.3168,0.0,1.0,0.0,1.0,0.3294,False,False,False,False,21.51,1.65,22.4,False,3476.7,,,
603052,,0.0,1.0,0.7687,1.0,0.3147,0.6165,0.2066,0.0,1.0,0.0,1.0,0.0,0.7,0.2939,False,False,False,False,91.53,0.83,84.71,True,17198.2,,,
603053,,0.1925,1.0,0.8893,0.216,0.0,0.8604,0.1529,0.0,0.1141,0.0,0.0,0.0,0.0,0.3802,False,False,False,False,8.98,-0.55,9.55,False,7982.2,,碳中和,
603055,,0.1397,1.0,0.6799,0.0766,0.0,0.5256,0.2309,0.6,0.0,0.0,0.0,0.0,0.0,0.3545,False,False,False,False,8.1,-2.76,8.78,False,7185.1,,,
603057,,0.0,1.0,0.8002,0.2319,0.0,0.6113,0.1322,0.0,0.0,0.0,0.0,0.0,0.0,0.4156,False,False,False,False,23.62,-1.67,26.03,False,9731.4,,,
603058,,0.0,1.0,0.723,0.0,0.0,0.4856,0.2227,0.3,0.1663,0.0,0.0,0.5,0.0,0.4915,False,False,False,False,10.01,-0.99,10.7,False,4140.5,,,
603059,,0.0,1.0,0.7686,0.0,0.0,0.7749,0.0473,0.0,0.0,0.0,0.0,0.5,0.0,0.4036,False,False,False,False,26.55,0.19,29.93,False,2666.9,,,
603060,,0.0,0.5393,0.6992,0.882,1.0,0.1072,0.4565,0.3,1.0,0.0,0.0,1.0,1.0,0.3657,False,False,False,False,7.52,-5.76,6.91,True,6045.8,,碳中和/碳交易,
603061,,0.0,1.0,0.661,1.0,1.0,0.7431,0.3744,0.0,1.0,0.0,0.0,1.0,0.7,0.2318,False,False,False,False,336.7,-0.22,273.33,True,29292.9,,,
603062,,0.0,1.0,0.8589,0.0,0.0,0.8779,0.1108,0.0,0.0,0.0,0.0,0.0,1.0,0.4357,False,False,False,False,41.46,-1.4,46.74,False,1537.1,,,
603063,,0.0,0.7569,0.5838,1.0,0.4729,0.7044,0.3466,0.0,1.0,1.0,1.0,0.0,0.7,0.2529,False,False,False,False,51.54,4.46,48.55,True,23684.6,,光伏/光伏概念,
603065,,0.0,0.194,0.005,1.0,1.0,0.0,1.0,0.6,1.0,0.0,0.0,1.0,0.0,0.2547,False,False,True,False,14.45,7.84,9.16,True,6054.1,,,
603066,,0.0,0.9807,0.4028,0.4649,0.0,0.3684,0.2242,0.0,0.3869,0.0,0.0,0.0,1.0,0.3703,False,False,False,False,10.59,3.12,10.86,False,3115.4,,,
603067,,0.0,0.8157,0.4972,0.3332,0.0,0.6678,0.3379,0.3,0.5521,0.0,1.0,0.0,1.0,0.3652,False,False,False,False,35.75,4.11,36.61,False,27010.0,,,
603068,,0.0,1.0,0.8169,0.335,0.0,0.5941,0.3017,0.0,0.3848,0.0,0.0,0.0,1.0,0.3648,False,False,False,False,34.07,0.59,34.78,False,5171.4,,无线耳机,
603069,,0.3787,1.0,0.7902,0.0,0.0,0.8228,0.2002,0.6,0.0,0.0,0.0,0.0,0.0,0.5576,False,False,False,False,14.13,-1.19,17.05,False,4465.1,,海南自贸,
603070,,0.0,0.5025,0.4722,0.7268,0.663,0.0,0.272,0.3,1.0,0.0,1.0,0.0,1.0,0.4419,False,False,False,False,17.0,5.99,15.74,True,6817.0,,,
603071,,0.7465,1.0,0.8012,0.2711,0.0,0.7815,0.2106,0.3,0.0,0.0,0.0,0.0,1.0,0.4787,False,False,False,False,12.2,-1.69,13.58,False,6807.0,,,
603072,,0.0,1.0,0.7238,0.2923,0.6521,0.0,0.5155,0.3,0.6632,0.0,0.0,0.5,1.0,0.3974,False,False,False,False,38.84,1.2,37.67,True,4902.8,,,
603073,,0.3391,1.0,0.6942,0.0,0.0,0.5418,0.1112,0.3,0.0,0.0,0.0,0.0,1.0,0.4715,False,False,False,False,16.69,0.72,18.82,False,849.4,,,
603075,,0.4283,1.0,0.8188,0.6242,0.0,0.7721,0.6779,0.3,0.3073,0.0,0.0,0.0,1.0,0.4047,False,False,False,False,23.0,0.83,24.06,False,948.6,,,
603076,,0.7038,1.0,0.7993,0.0,0.0,0.6791,0.0763,0.0,0.0,0.0,0.0,0.0,0.0,0.6199,False,False,False,False,21.91,-1.53,26.03,False,2644.6,,,
603077,,0.0,1.0,0.8087,0.0,0.0,0.7127,0.2608,0.0,0.2456,0.0,0.0,0.5,0.0,0.3996,False,False,False,False,2.45,0.41,2.59,False,21637.7,化工行业,光伏/成渝特区/锂电池,59.2
603078,,0.0,0.0,0.3046,1.0,1.0,0.3909,0.8195,0.3,1.0,0.0,1.0,1.0,1.0,0.2771,False,False,True,False,47.04,10.01,32.98,True,18140.4,,专精特新,
603079,,0.0,1.0,0.8005,0.0,0.0,0.7957,0.0796,0.0,0.0,0.0,0.0,0.0,0.0,0.516,False,False,False,False,12.98,-0.38,15.09,False,2453.6,,专精特新,
603080,,0.1299,0.9388,0.7403,0.2372,0.0,0.7132,0.5512,0.6,0.0,0.0,0.0,0.0,1.0,0.3619,False,False,False,False,20.09,-3.37,22.01,False,2842.7,,,
603081,,0.4857,1.0,0.7869,0.0,0.0,0.6613,0.1236,0.3,0.0,0.0,0.0,0.0,0.0,0.5011,False,False,False,False,9.56,-1.44,11.23,False,4039.1,,,
603082,,0.0,0.7598,0.5647,0.3749,0.0,0.6866,0.3274,0.9,0.2569,0.0,0.0,0.0,1.0,0.4289,False,False,False,False,35.51,4.44,36.86,False,1440.2,,,
603083,,0.0,1.0,0.6208,1.0,1.0,0.6125,0.3553,0.0,1.0,0.0,0.0,0.0,0.7,0.273,False,False,False,False,198.07,-1.6,170.68,True,545.9,,,
603085,,0.0,0.6996,0.4526,0.6292,0.0,0.089,0.2526,0.0,0.4928,0.0,0.0,0.0,0.7,0.3888,False,False,False,False,12.29,-4.8,12.55,False,4880.4,,,
603086,,0.1324,1.0,0.7956,0.0,0.0,0.5425,0.1177,0.0,0.0,0.0,0.0,0.0,0.0,0.5263,False,False,False,False,5.81,-1.02,6.79,False,2526.3,,,
603087,,0.0,1.0,0.7794,0.0,0.1507,0.5525,0.2067,0.0,0.1319,0.0,0.0,1.0,0.0,0.3806,False,False,False,False,54.83,-2.96,57.98,False,30587.4,,,
603088,,0.0,0.5622,0.309,0.0,0.0,0.4158,0.2333,0.6,0.1497,0.0,0.0,0.0,0.0,0.3868,False,False,False,False,10.7,5.63,11.36,False,4685.2,机械行业,专精特新,29.0
603089,,0.3702,1.0,0.7587,0.0,0.0,0.574,0.0689,0.0,0.0,0.0,0.0,0.0,0.0,0.5443,False,False,False,False,9.55,-1.24,11.17,False,2292.3,,专精特新,
603091,,0.0,1.0,0.763,0.0,0.0,0.6557,0.0769,0.0,0.0,0.0,0.0,0.0,1.0,0.4217,False,False,False,False,66.08,-0.87,74.49,False,2077.7,,,
603092,,0.0,1.0,0.858,0.0,0.0,0.8237,0.2396,0.0,0.0,0.0,0.0,0.0,1.0,0.5096,False,False,False,False,58.6,-1.69,66.48,False,2025.9,次新股,,26.6
603093,,0.0,1.0,0.5911,0.3428,0.0,0.0,0.2514,0.9,0.9757,0.0,0.0,0.5,0.7,0.3221,False,False,False,False,21.65,2.95,20.45,True,13207.9,,,
603095,,0.0,1.0,0.7443,0.278,0.0,0.9143,0.0603,0.0,0.1979,0.0,0.0,0.0,1.0,0.4511,False,False,False,False,18.18,1.06,19.64,False,4695.3,,专精特新,
603096,,0.4951,1.0,0.7422,0.0,0.0,0.6446,0.0484,0.6,0.0,0.0,0.0,0.0,1.0,0.39,False,False,False,False,14.79,-1.4,16.91,False,2281.1,,,
603097,,0.0,0.732,0.4591,0.0,0.0,0.6512,0.354,0.6,0.0,0.0,0.0,0.0,0.0,0.4845,False,False,False,False,26.56,4.61,28.86,False,4262.4,,,
603098,,0.5569,1.0,0.7558,0.0,0.0,0.6545,0.1929,0.3,0.0,0.0,1.0,0.0,0.0,0.3309,False,False,False,False,11.76,0.17,13.38,False,6336.3,,专精特新/光伏,
603099,,0.0,1.0,0.8784,0.4668,0.7931,0.7257,0.4573,0.6,0.4009,0.0,0.0,0.5,1.0,0.3607,False,False,False,False,37.37,-1.22,37.9,False,10177.9,酒店旅游,朝鲜改革,27.5
603100,,0.5425,1.0,0.863,0.0289,0.0,0.7308,0.1645,0.3,0.0,0.0,0.0,0.0,0.0,0.353,False,False,False,False,17.8,-1.11,19.78,False,9105.4,仪器仪表,碳中和/核电核能,29.4
603101,,0.368,1.0,0.8266,0.0,0.0,0.9653,0.0457,0.0,0.0,0.0,0.0,0.0,0.0,0.6008,False,False,False,False,6.89,-0.43,8.04,False,3241.1,,白酒概念,
603102,,0.3622,1.0,0.7817,0.0,0.0,0.602,0.1376,0.0,0.0,0.0,0.0,0.0,0.0,0.4349,False,False,False,False,34.24,-1.64,38.55,False,2191.4,,,
603103,,1.0,0.9377,0.744,0.3363,0.0,0.4664,0.2556,0.3,0.0,0.0,0.0,0.0,0.0,0.5827,False,False,False,False,16.61,-3.37,21.56,False,10534.1,,,
603105,,0.3717,1.0,0.8205,0.0,0.0,0.8976,0.1311,0.0,0.0,0.0,0.0,0.0,0.0,0.5885,False,False,False,False,7.8,0.0,9.42,False,3900.1,,光伏/光伏概念,
603106,,0.0,1.0,0.7616,0.0,0.0,0.587,0.132,0.0,0.0,0.0,0.0,0.0,0.0,0.5134,False,False,False,False,7.25,-0.28,8.37,False,3773.8,,,
603107,,0.5527,1.0,0.8413,0.0617,0.0,0.7382,0.1083,0.3,0.0,0.0,0.0,0.0,0.0,0.4429,False,False,False,False,12.42,-1.43,13.77,False,2709.7,,,
603108,,0.5499,1.0,0.861,0.0,0.0,0.8413,0.1528,0.3,0.0,0.0,0.0,0.0,0.0,0.6277,False,False,False,False,10.36,-1.8,12.94,False,6254.4,其它行业,,41.7
603109,,1.0,1.0,0.8384,0.0,0.0,0.8299,0.1278,0.3,0.0,0.0,0.0,0.0,0.0,0.6241,False,False,False,False,18.36,-1.13,21.46,False,3834.5,,专精特新,
603110,,0.0,0.803,0.4547,0.992,0.6712,0.4962,0.1381,0.0,1.0,0.0,0.0,0.5,0.7,0.3796,False,False,False,False,22.67,4.18,20.66,True,4561.8,,,
603111,,0.0,1.0,0.7996,0.1651,0.0,0.7694,0.1464,0.0,0.2072,0.0,0.0,0.0,0.0,0.4207,False,False,False,False,6.22,-1.58,6.52,False,5304.9,交通运输,,28.9
603112,,0.6334,1.0,0.7154,0.6406,0.0,0.6239,0.2112,0.6,0.201,0.0,0.0,0.0,0.7,0.4727,False,False,False,False,18.75,2.63,20.0,False,10023.9,,,
603113,,0.2461,1.0,0.8485,0.0,0.0,0.8224,0.0975,0.0,0.0,0.0,0.0,0.0,0.0,0.4619,False,False,False,False,4.85,0.21,5.73,False,4115.2,,氢能源,
603115,,0.0,0.0,0.6261,1.0,1.0,0.9191,0.382,0.0,1.0,0.0,1.0,0.0,0.7,0.4142,False,False,False,False,109.04,10.0,78.84,True,26375.7,,专精特新,
603116,,0.5581,1.0,0.701,0.9563,0.2566,0.8589,0.418,0.0,0.4344,0.0,0.0,0.0,1.0,0.419,False,False,False,False,6.64,-0.75,6.86,False,3826.0,其它行业,,41.7
603117,,0.5401,1.0,0.7382,0.0,0.0,0.6889,0.1594,0.0,0.0,0.0,0.0,0.0,0.0,0.625,False,False,False,False,3.81,-0.26,4.56,False,2282.9,,,
603118,,0.0,1.0,0.7642,0.2432,0.0,0.8721,0.4407,0.0,0.4211,0.0,0.0,0.0,0.7,0.4032,False,False,False,False,12.93,1.65,13.4,False,10179.5,电子器件,基因概念,74.0
603119,,0.0,1.0,0.6145,0.7728,1.0,0.5398,0.5452,0.3,0.9218,0.0,0.0,0.0,1.0,0.3398,False,False,False,False,73.1,0.4,70.2,True,14903.6,,,
603120,,0.0,0.554,0.6038,1.0,1.0,0.0,0.5869,0.9,1.0,0.0,0.0,1.0,1.0,0.3694,False,False,False,False,53.01,-5.68,47.81,True,2009.1,,,
603121,,0.2982,1.0,0.5435,0.0,0.0,0.4907,0.0851,0.0,0.0,0.0,1.0,0.0,1.0,0.5368,False,False,False,False,15.17,2.85,18.25,False,5135.6,,,
603122,,0.0,1.0,0.8246,0.0,0.0,0.8432,0.1838,0.0,0.0,0.0,0.0,0.0,0.0,0.5754,False,False,False,False,12.14,-0.16,14.46,False,4832.4,,,
603123,,0.0,1.0,0.856,0.0,0.0,0.6916,0.1122,0.0,0.0,0.0,0.0,0.0,0.0,0.5375,False,False,False,False,9.33,0.76,10.88,False,6085.7,商业百货,,26.7
603124,,0.0,0.9515,0.5578,1.0,1.0,0.0438,0.7559,0.0,1.0,0.0,0.0,1.0,0.7,0.2955,False,False,False,False,202.45,3.29,137.69,True,15711.9,,,
603125,,0.0,0.0,0.3359,1.0,1.0,0.3673,0.67,0.3,1.0,0.0,0.0,0.5,0.7,0.5328,False,False,False,False,28.38,10.0,22.99,True,11489.3,,,
603126,,0.0,1.0,0.8421,0.3884,0.0,0.7352,0.2234,0.3,0.4628,0.0,0.0,0.0,0.7,0.3348,False,False,False,False,7.62,0.26,7.84,False,4652.0,环保行业,碳中和/碳交易,28.2
603127,,0.0,1.0,0.831,0.129,0.0,0.8449,0.1462,0.6,0.0,0.0,0.0,0.0,0.7,0.4802,False,False,False,False,32.38,-1.1,35.41,False,20410.8,,专精特新/CXO概念/CRO概念,
603128,,0.2551,1.0,0.8634,0.2462,0.1123,0.456,0.1205,0.0,0.2372,0.0,0.0,0.0,0.0,0.2779,False,False,False,False,5.3,-1.3,5.53,False,6937.9,交通运输,上海自贸,28.9
603130,,0.0,1.0,0.73,0.3895,0.4204,0.7722,0.2303,0.3,0.5804,0.0,1.0,0.5,1.0,0.2897,False,False,False,False,44.77,-0.91,45.19,False,6156.5,,,
603131,,0.1069,1.0,0.7664,0.0,0.0,0.7693,0.2022,0.3,0.0,0.0,0.0,0.0,1.0,0.3942,False,False,False,False,18.31,-1.29,20.93,False,6168.8,,专精特新/国防军工,
603132,,0.0,1.0,0.6364,0.2874,0.0,0.4533,0.2792,0.3,0.7454,0.0,0.0,0.0,0.7,0.3656,False,False,False,False,17.58,0.92,17.5,True,17193.2,,专精特新,
603135,,0.3375,0.9985,0.5936,1.0,1.0,0.0,0.5067,1.0,1.0,0.0,1.0,0.5,1.0,0.1608,False,False,False,False,13.01,3.01,11.89,True,8190.3,,,
603136,,0.0,1.0,0.8383,0.0,0.0,0.7439,0.119,0.0,0.0,0.0,0.0,0.0,0.0,0.4537,False,False,False,False,8.92,-1.65,10.1,False,2409.5,,,
603137,,0.0,1.0,1.0,0.0206,0.0,1.0,0.2157,0.0,0.4486,0.0,0.0,0.5,0.0,0.2707,False,False,False,False,12.94,0.0,13.04,False,2367.2,,,
603138,,0.7897,1.0,0.681,0.0874,0.0,0.7864,0.157,0.0,0.0,0.0,1.0,0.0,0.0,0.468,False,False,False,False,16.28,-0.12,18.04,False,4694.2,,,
603139,,0.0,1.0,0.6195,1.0,1.0,0.2536,0.4488,0.3,1.0,0.0,1.0,1.0,0.7,0.2549,False,False,False,False,40.12,1.78,34.87,True,4007.2,,,
603150,,0.0,1.0,0.7419,1.0,1.0,0.3276,0.5014,0.0,1.0,0.0,0.0,1.0,0.7,0.325,False,False,False,False,79.9,1.43,65.25,True,6830.1,,,
603151,,0.2293,1.0,0.8424,0.0,0.0,0.6917,0.1009,0.0,0.0,0.0,0.0,0.0,0.0,0.4913,False,False,False,False,12.26,-0.08,14.65,False,2097.8,,,
603153,,0.356,1.0,0.8363,0.0,0.0,0.736,0.0709,0.0,0.0,0.0,0.0,0.0,1.0,0.4486,False,False,False,False,13.68,-1.23,15.17,False,5523.7,,,
603155,,0.0,0.8357,0.4954,1.0,1.0,0.0,0.8017,0.6,1.0,0.0,1.0,1.0,1.0,0.2477,False,False,False,False,23.22,3.99,19.21,True,7332.6,,,
603156,,0.0,1.0,0.7675,1.0,0.7833,0.7141,0.3364,0.0,1.0,0.0,0.0,0.5,0.7,0.3381,False,False,False,False,42.27,-0.38,39.21,True,53271.9,,,
603158,,0.668,0.273,0.3354,1.0,0.1907,0.4656,0.3322,0.3,0.836,1.0,1.0,0.0,0.7,0.4046,False,False,False,False,14.0,7.36,13.83,True,6870.8,汽车制造,专精特新,25.0
603159,,0.0,1.0,1.0,0.6279,0.6477,1.0,0.2697,0.6,0.5484,0.0,0.0,0.5,1.0,0.194,False,False,False,False,26.0,0.0,26.27,False,3640.0,,,
603160,,0.0,1.0,0.8877,0.0,0.0,0.6442,0.2453,0.0,0.0,0.0,0.0,0.5,0.0,0.4663,False,False,False,False,57.2,-0.68,63.6,False,266.5,,,
603161,,0.038,1.0,0.538,0.4372,0.818,0.1972,0.3398,0.3,0.5802,0.0,0.0,0.5,0.0,0.3285,False,False,False,False,14.31,-0.83,14.41,False,2729.6,,,
603162,,0.0027,0.9337,0.7087,0.0,0.0,0.3358,0.2048,0.3,0.0,0.0,0.0,0.0,0.7,0.7053,False,False,False,False,9.95,-3.4,12.8,False,2780.7,,,
603163,,0.0,1.0,0.5495,0.5229,0.9424,0.241,0.3911,0.0,1.0,0.0,0.0,0.5,0.0,0.3728,False,False,False,False,115.18,2.95,106.42,True,11518.0,,,
603165,,0.0632,1.0,0.6636,0.5812,0.0,0.778,0.2401,0.6,0.3508,0.0,0.0,0.0,0.7,0.3577,False,False,False,False,15.41,-0.32,16.24,False,4938.1,,,
603166,,0.0,0.0,0.2664,0.2076,0.5702,0.0,0.3035,0.9,1.0,0.0,0.0,0.5,1.0,0.4106,False,False,False,False,14.8,10.04,13.74,True,9482.6,汽车制造,专精特新,25.0
603167,,0.0,1.0,0.9488,0.4084,0.5083,0.7107,0.2865,0.0,0.4839,0.0,0.0,0.5,0.0,0.3286,False,False,False,False,9.11,-0.11,9.17,False,4273.9,交通运输,军民融合/黄河三角/自贸区,28.9
603168,,0.393,1.0,0.7475,0.0,0.0,0.3286,0.1247,0.0,0.0,0.0,0.0,0.0,0.0,0.4818,False,False,False,False,5.23,-0.95,6.18,False,1948.2,生物制药,,24.5
603169,,0.0,0.0,0.6477,0.0,0.0,0.589,0.1813,0.3,0.048,0.0,0.0,0.0,0.0,0.5037,False,False,False,False,8.12,10.03,8.69,False,10607.1,机械行业,核电核能,29.0
603170,,0.0,1.0,0.7656,0.0981,0.0,0.4724,0.1351,0.6,0.069,0.0,0.0,0.0,0.0,0.4314,False,False,False,False,11.9,-2.7,12.73,False,4760.1,,,
603171,,0.1497,1.0,0.7351,0.0,0.0,0.8096,0.1571,0.6,0.0,0.0,0.0,0.0,1.0,0.5719,False,False,False,False,45.6,0.09,52.99,False,18508.6,,,
603172,,0.0,1.0,0.7863,0.0809,0.0,0.5911,0.3633,0.3,0.0699,0.0,0.0,0.0,1.0,0.4079,False,False,False,False,18.95,-2.02,20.56,False,2527.6,,,
603173,,0.0,1.0,0.8122,0.0,0.0,0.6204,0.2394,0.3,0.0,0.0,0.0,0.5,0.0,0.3199,False,False,False,False,34.93,-0.63,37.87,False,5588.8,,,
603175,,0.0,0.0,0.3348,0.4421,0.0,0.364,0.187,0.3,0.0,0.0,0.0,0.5,0.7,0.5095,False,False,False,False,94.15,10.0,86.95,True,4281.4,次新股,,26.6
603176,,0.5169,1.0,0.7028,0.1264,0.0,0.4756,0.154,0.3,0.0,0.0,0.0,0.0,1.0,0.4323,False,False,False,False,4.71,0.0,5.28,False,2175.2,,,
603177,,0.2805,1.0,0.6594,0.0,0.0,0.6973,0.1166,0.3,0.0,0.0,1.0,0.0,1.0,0.4508,False,False,False,False,9.38,1.96,10.77,False,1915.3,,碳中和,
603178,,0.0,1.0,0.7608,0.3555,0.0,0.9407,0.2627,0.0,0.2466,0.0,0.0,0.0,1.0,0.39,False,False,False,False,17.01,1.73,17.82,False,4021.4,,,
603179,,0.0256,0.7913,0.6621,0.0,0.0,0.6352,0.4483,0.3,0.0,0.0,0.0,0.0,0.0,0.4866,False,False,False,False,50.44,-4.25,61.29,False,25731.6,,,
603180,,0.3535,0.2541,0.5261,0.0,0.0,0.0,0.1221,0.3,0.0,0.0,0.0,0.5,0.0,0.5819,False,False,False,False,15.1,-7.48,17.85,False,2329.3,,,
603181,,0.0,0.555,0.5146,0.2333,0.8746,0.0,0.6016,0.9,1.0,0.0,0.0,0.5,0.0,0.3626,False,False,False,False,16.4,5.67,14.75,True,9654.7,,,
603182,,0.2956,1.0,0.8306,0.0,0.0,0.6482,0.112,0.0,0.0,0.0,0.0,0.0,0.0,0.4152,False,False,False,False,12.45,-1.11,14.03,False,2048.6,,,
603183,,0.1045,1.0,0.6693,0.0,0.0,0.6611,0.0606,0.0,0.0,0.0,0.0,0.0,1.0,0.5034,False,False,False,False,3.78,-1.31,4.31,False,1879.2,,,
603185,,0.0,1.0,0.8555,0.0,0.0,0.742,0.3174,0.3,0.0,0.0,0.0,0.5,0.0,0.3617,False,False,False,False,18.45,0.0,20.85,False,12528.0,,专精特新/光伏/光伏概念,
603186,,0.0,0.0,0.7132,1.0,1.0,0.9416,1.0,0.0,1.0,0.0,0.0,1.0,0.7,0.5941,False,False,False,False,206.06,10.0,113.9,True,32308.3,,,
603187,,0.0,1.0,0.8884,0.0,0.0,0.8439,0.1039,0.6,0.0,0.0,0.0,0.0,0.0,0.4647,False,False,False,False,12.42,-0.96,13.69,False,4748.9,,,
603188,,0.0,1.0,0.6523,0.022,0.0,0.5337,0.1631,0.0,0.0,0.0,0.0,0.0,0.0,0.4545,False,False,False,False,4.31,-2.27,4.72,False,2457.4,化工行业,,59.2
603189,,0.6576,1.0,0.622,0.0,0.0,0.839,0.1971,0.0,0.0,0.0,1.0,0.0,0.0,0.419,False,False,False,False,11.61,-0.26,14.05,False,3129.5,,,
603190,,0.0,1.0,0.7673,0.4361,0.0043,0.7818,0.3139,0.3,0.496,0.0,0.0,0.0,1.0,0.3964,False,False,False,False,26.07,0.0,26.51,False,1071.9,,,
603191,,0.0,0.0,0.3716,0.0,0.0,0.5502,0.3386,0.6,0.0421,0.0,0.0,0.0,0.0,0.3393,False,False,False,False,18.21,10.03,19.82,False,60.1,,,
603192,,0.0,1.0,0.7986,0.0,0.0,0.3031,0.075,0.0,0.0,0.0,0.0,0.0,0.0,0.4774,False,False,False,False,19.08,-0.63,21.71,False,2659.9,,专精特新,
603193,,0.7677,1.0,0.8147,0.181,0.0,0.8098,0.0887,0.0,0.0,0.0,0.0,0.0,0.0,0.4011,False,False,False,False,21.07,-2.41,23.13,False,2177.3,,,
603194,,0.0,1.0,0.8068,0.5689,1.0,0.4049,0.506,0.6,0.7333,0.0,0.0,1.0,1.0,0.3244,False,False,False,False,36.87,-2.85,35.94,True,5826.5,,,
603195,,0.0,1.0,0.9018,0.3637,0.0,0.7492,0.2963,0.3,0.1611,0.0,0.0,0.5,1.0,0.3893,False,False,False,False,39.53,-1.3,41.67,False,71180.3,,,
603196,,0.0,0.0,0.5671,0.0,0.0,0.5807,0.263,0.0,0.5277,0.0,0.0,0.0,0.0,0.5385,False,False,False,False,25.75,10.0,26.03,False,6102.4,,,
603197,,0.0,1.0,0.8334,0.0083,0.0,0.5713,0.1396,0.6,0.0,0.0,0.0,0.0,1.0,0.4427,False,False,False,False,29.22,-1.35,32.43,False,6169.9,,,
603198,,0.4637,1.0,0.9108,0.3209,0.0,0.8852,0.3257,0.6,0.0,0.0,0.0,0.0,1.0,0.4209,False,False,False,False,33.09,-1.63,35.92,False,26472.0,其它行业,白酒概念,41.7
603200,,0.0,1.0,0.6979,0.0,0.0,0.4275,0.0961,0.0,0.0,0.0,0.0,0.0,0.0,0.5058,False,False,False,False,48.47,-0.16,55.82,False,8505.5,,,
603201,,0.643,0.9154,0.7216,0.7496,1.0,0.4292,0.6282,0.9,0.7214,1.0,0.0,1.0,0.0,0.3076,False,False,False,False,17.33,-3.51,17.04,True,3264.2,,专精特新,
603202,,0.0,1.0,0.8557,0.0,0.0,0.6992,0.1112,0.0,0.0,0.0,0.0,0.5,0.0,0.3883,False,False,False,False,66.05,0.0,75.46,False,3316.6,,,
603203,,0.1659,0.7772,0.4583,1.0,0.8036,0.0908,0.7394,0.0,1.0,1.0,0.0,0.0,0.7,0.2791,False,False,False,False,58.94,4.34,55.42,True,14685.1,,专精特新,
603205,,0.0,1.0,0.7404,0.0,0.0,0.5866,0.2048,0.3,0.0,0.0,0.0,0.0,0.0,0.5314,False,False,False,False,22.36,-2.19,24.86,False,924.4,,,
603206,,0.0,1.0,0.6072,0.6078,0.7993,0.3457,0.34,0.3,1.0,0.0,0.0,0.5,0.7,0.241,False,False,False,False,18.51,0.98,17.32,True,5649.3,,,
603207,,0.0,1.0,0.8445,0.0,0.0,0.5378,0.1488,0.0,0.0,0.0,0.0,0.0,0.0,0.4066,False,False,False,False,22.42,-1.32,25.0,False,1219.6,,,
603208,,0.7108,1.0,0.7831,0.0384,0.0,0.6206,0.2549,0.6,0.0,0.0,0.0,0.0,0.0,0.476,False,False,False,False,11.34,-2.91,13.11,False,1994.5,,,
603209,,0.0,0.9261,0.7558,0.0306,0.0,0.4783,0.187,0.6,0.0357,0.0,0.0,0.0,0.0,0.4415,False,False,False,False,13.18,-3.44,14.14,False,4237.3,,,
603210,,0.2359,0.8785,0.733,0.0,0.0,0.3154,0.1298,0.3,0.0,0.0,0.0,0.0,0.0,0.3845,False,False,False,False,13.94,-3.73,15.75,False,3243.5,,,
603211,,0.0,0.8085,0.5939,1.0,1.0,0.6366,0.2612,0.0,1.0,0.0,1.0,1.0,0.7,0.1794,False,False,False,False,31.63,4.15,27.67,True,8597.3,,专精特新,
603212,,0.0,1.0,0.7105,0.8592,1.0,0.3219,0.6779,0.6,1.0,0.0,0.0,0.5,1.0,0.3002,False,False,False,False,16.04,-1.9,15.04,True,7017.3,,光伏/HIT电池,
603213,,0.0,1.0,0.8354,0.7292,1.0,0.4052,0.4459,0.0,0.7641,1.0,0.0,1.0,1.0,0.3092,False,False,False,False,14.33,-1.71,14.05,True,6333.5,,,
603214,,0.4132,1.0,0.8374,0.0,0.0,0.6605,0.0971,0.0,0.0,0.0,0.0,0.0,0.0,0.4103,False,False,False,False,13.4,-0.96,15.33,False,1856.4,,,
603215,,0.0,1.0,0.68,0.0,0.0,0.479,0.267,0.6,0.0,0.0,0.0,0.0,0.0,0.523,False,False,False,False,15.13,0.87,17.29,False,2832.8,,,
603216,,0.4204,1.0,0.8398,0.0,0.0,0.7216,0.2207,0.9,0.0,0.0,0.0,0.0,0.0,0.5571,False,False,False,False,22.75,-0.61,28.4,False,5066.2,,,
603217,,0.0,1.0,0.8201,0.2134,0.0,0.8588,0.187,0.0,0.0768,0.0,0.0,0.0,0.7,0.4522,False,False,False,False,24.3,-0.65,26.41,False,5056.5,,,
603218,,0.0,1.0,0.562,0.0,0.0,0.5489,0.2596,0.3,0.0,0.0,0.0,0.0,0.0,0.4614,False,False,False,False,11.17,1.92,12.37,False,11483.2,,,
603219,,0.0,1.0,0.7155,0.2311,0.0,0.6372,0.4051,0.6,0.1136,0.0,0.0,0.0,1.0,0.3911,False,False,False,False,15.57,2.23,16.56,False,8741.0,,,
603220,,0.0,1.0,0.7543,0.0,0.0,0.7532,0.339,0.0,0.2015,0.0,1.0,0.5,0.7,0.3564,False,False,False,False,24.37,2.05,25.75,False,105.8,,,
603221,,0.0227,1.0,0.7064,0.5817,0.5445,0.6031,0.2086,0.9,0.3622,0.0,0.0,0.0,1.0,0.3683,False,False,False,False,11.97,-2.37,12.33,False,2900.0,,,
603222,,0.1681,0.985,0.555,0.0449,0.0,0.6889,0.1191,0.0,0.0,0.0,0.0,0.0,0.0,0.4158,False,False,False,False,8.34,3.09,9.14,False,4379.3,生物制药,,24.5
603223,,0.0,1.0,0.7546,0.6563,0.3146,0.5277,0.4012,0.9,0.4547,0.0,0.0,0.0,1.0,0.4124,False,False,False,False,9.4,-1.16,9.47,False,6634.7,,,
603225,,0.0,1.0,0.2287,0.6823,1.0,0.0,0.552,0.6,1.0,0.0,0.0,1.0,1.0,0.3248,False,False,False,False,21.75,1.87,18.55,True,36290.9,,,
603226,,0.0,1.0,0.5643,1.0,1.0,0.5478,0.4181,0.3,1.0,0.0,0.0,1.0,0.7,0.4006,False,False,False,False,59.13,1.69,46.23,True,21020.2,,,
603229,,0.5502,1.0,0.6508,0.195,0.0,0.5619,0.1361,0.3,0.0,0.0,1.0,0.0,0.0,0.4862,False,False,False,False,8.45,0.6,9.59,False,7016.0,,,
603230,,0.0046,1.0,0.8354,0.0,0.0,0.7931,0.1253,0.0,0.0,0.0,0.0,0.0,0.0,0.4146,False,False,False,False,9.6,-1.23,10.56,False,3393.8,,,
603231,,0.5391,1.0,0.7814,0.0149,0.0,0.4935,0.1747,0.3,0.0,0.0,0.0,0.0,0.0,0.3819,False,False,False,False,15.02,-1.51,16.78,False,1596.1,,,
603232,,0.8635,1.0,0.8147,0.0,0.0,0.7689,0.3269,0.3,0.0,0.0,0.0,0.0,0.0,0.5481,False,False,False,False,16.53,-0.12,19.84,False,3823.4,,,
603233,,0.0,1.0,0.8122,0.0829,0.0,0.6905,0.3041,0.3,0.2713,0.0,0.0,0.5,0.0,0.3585,False,False,False,False,16.59,-0.54,17.34,False,18893.5,,,
603235,,0.0,1.0,0.8136,0.0426,0.0,0.7022,0.0897,0.0,0.0402,0.0,0.0,0.5,0.0,0.3861,False,False,False,False,23.34,-1.14,24.98,False,10217.8,,,
603236,,0.0,1.0,0.7516,0.0,0.0,0.3522,0.4358,0.6,0.0,0.0,0.0,0.0,0.0,0.4419,False,False,False,False,57.35,1.27,69.61,False,15006.1,,,
603237,,0.4335,1.0,0.77,0.1521,0.0,0.479,0.2275,0.3,0.0,0.0,0.0,0.0,0.0,0.3321,False,False,False,False,14.64,-2.85,16.16,False,2778.8,,,
603238,,0.1544,1.0,0.7417,0.0,0.0,0.5702,0.0535,0.0,0.0,0.0,0.0,0.0,0.0,0.5152,False,False,False,False,12.28,-0.89,14.51,False,2179.8,,,
603239,,0.1881,1.0,0.7538,0.0,0.0,0.7217,0.0623,0.0,0.0,0.0,0.0,0.0,0.0,0.5775,False,False,False,False,17.47,0.81,21.08,False,4729.5,,,
603255,,0.0,1.0,0.7881,0.5328,0.7302,0.482,0.8269,0.3,1.0,0.0,0.0,0.5,1.0,0.2653,False,False,False,False,33.3,-0.15,31.0,True,2020.5,,,
603256,,0.0,0.0,0.5076,1.0,1.0,0.7615,0.6369,0.3,1.0,0.0,0.0,1.0,0.7,0.344,False,False,False,False,251.55,10.0,152.99,True,221295.5,,,
603257,,0.0,1.0,0.7889,0.7894,1.0,0.4503,0.4284,0.6,1.0,0.0,0.0,1.0,1.0,0.2833,False,False,False,False,69.95,-0.67,62.72,True,1741.8,,,
603258,,0.5831,1.0,0.8489,0.0,0.0,0.6033,0.0807,0.0,0.0,0.0,0.0,0.0,0.0,0.4949,False,False,False,False,13.13,-0.83,15.44,False,3168.8,,,
603259,,0.0,1.0,0.8658,0.3991,0.0,0.7673,0.1992,0.3,0.474,0.0,0.0,0.5,0.7,0.3221,False,False,False,False,98.16,-1.22,100.18,False,242777.2,,CXO概念/CRO概念,
603260,,0.0,0.0,0.0228,0.0,1.0,0.0,0.7935,0.3,1.0,0.0,0.0,1.0,0.0,0.4338,False,False,False,False,51.03,10.0,42.52,True,60328.0,,光伏,
603261,,0.0,0.786,0.457,0.6256,0.3812,0.0,0.3628,0.6,1.0,0.0,0.0,0.5,0.7,0.3686,False,False,False,False,37.0,4.28,34.23,True,2867.7,,大飞机,
603262,,0.2121,1.0,0.8077,0.6297,0.7,0.6759,0.3642,0.6,0.0,0.0,0.0,0.0,1.0,0.3717,False,False,False,False,26.44,-0.94,26.91,False,1057.8,次新股,,26.6
603266,,0.0,1.0,0.7583,0.1305,0.0,0.7536,0.2612,0.0,0.0,0.0,0.0,0.0,1.0,0.4166,False,False,False,False,17.79,0.79,19.31,False,3538.2,,,
603268,,0.0,0.6961,0.5665,1.0,1.0,0.6388,0.2999,0.0,1.0,0.0,0.0,1.0,0.7,0.2604,False,False,False,False,150.76,-4.82,136.23,True,35164.7,陶瓷行业,,
603269,,0.0,0.7928,0.5675,1.0,1.0,0.2853,0.5051,0.6,1.0,0.0,0.0,1.0,0.7,0.3686,False,False,False,False,23.47,-4.24,19.43,True,7246.4,,,
603270,,0.0,1.0,0.7681,0.8882,0.9747,0.4816,0.3733,0.3,0.7533,1.0,1.0,0.5,1.0,0.2898,False,False,False,False,28.66,-0.31,28.14,True,2026.7,,,
603271,,0.0,0.0,0.2368,0.3425,0.11,0.0,0.235,0.6,1.0,0.0,0.0,0.5,0.7,0.445,False,False,False,False,50.16,10.0,46.6,True,47.4,,,
603272,,0.9331,0.6654,0.3323,1.0,1.0,0.4026,0.4427,0.9,0.9604,1.0,1.0,0.5,0.7,0.408,False,False,False,False,34.39,5.01,33.88,True,3563.7,,专精特新,
603273,,0.0,1.0,0.5447,0.0,0.0,0.1946,0.1315,0.0,0.0,0.0,0.0,0.0,0.0,0.4251,False,False,False,False,14.61,1.81,16.42,False,819.0,,,
603275,,0.0,0.7253,0.5557,0.0523,0.0,0.7176,0.1228,0.3,0.1895,0.0,0.0,0.0,1.0,0.5293,False,False,False,False,42.55,4.65,44.81,False,1767.4,,,
603276,,0.0,1.0,0.7461,0.346,0.377,0.182,0.3685,0.6,0.5855,0.0,0.0,0.5,1.0,0.38,False,False,False,False,17.07,0.0,17.05,True,1291.2,,,
603277,,0.6408,1.0,0.8145,0.0,0.0,0.6899,0.1112,0.0,0.0,0.0,0.0,0.0,0.0,0.5574,False,False,False,False,10.64,-1.3,12.8,False,6487.7,,,
603278,,0.2015,1.0,0.672,0.5442,0.0,0.8015,0.5818,0.0,0.7132,0.0,1.0,0.0,1.0,0.1419,False,False,False,False,12.87,2.14,12.97,False,4398.4,,光伏概念,
603279,,0.0,1.0,0.8445,0.0,0.0,0.766,0.0624,0.0,0.0,0.0,0.0,0.0,1.0,0.5452,False,False,False,False,13.41,-2.26,15.92,False,7729.2,,,
603280,,0.0,1.0,0.7418,0.0,0.0,0.5172,0.1096,0.0,0.0,0.0,0.0,0.0,0.0,0.4179,False,False,False,False,28.06,-0.28,31.71,False,3041.9,,,
603281,,0.0,1.0,0.7496,0.5765,0.4782,0.5062,0.2963,0.6,1.0,0.0,0.0,0.5,0.7,0.3187,False,False,False,False,37.25,2.11,34.66,True,13906.7,,,
603282,,0.1721,1.0,0.6813,0.0,0.0,0.6103,0.0978,0.0,0.0,0.0,0.0,0.0,0.0,0.503,False,False,False,False,15.02,1.14,17.72,False,2010.0,,,
603283,,0.0,0.8725,0.527,0.6321,0.0,0.0842,0.6997,0.0,1.0,0.0,0.0,0.5,0.7,0.218,False,False,False,False,57.33,3.76,53.38,True,15546.4,,无线耳机,
603285,,0.0,1.0,0.639,1.0,0.9122,0.592,0.3479,0.0,1.0,0.0,0.0,0.5,0.7,0.29,False,False,False,False,45.98,-2.73,42.1,True,28.6,,,
603286,,0.1354,1.0,0.5289,0.1527,0.0,0.4777,0.3689,0.3,0.1296,0.0,1.0,0.0,1.0,0.3601,False,False,False,False,56.69,0.91,61.58,False,6555.1,,,
603288,,0.1867,1.0,0.8985,0.1397,0.0,0.682,0.1541,0.0,0.03,0.0,0.0,0.5,0.0,0.3293,False,False,False,False,33.79,-1.03,36.41,False,187892.7,食品行业,,28.5
603289,,0.4291,1.0,0.5792,0.0,0.0,0.8159,0.2535,0.0,0.0,0.0,0.0,0.0,0.0,0.6098,False,False,False,False,9.3,2.99,10.7,False,2728.5,,,
603290,,0.0,0.4084,0.3727,0.7895,0.4365,0.3943,0.5882,0.0,1.0,0.0,0.0,0.5,1.0,0.4197,False,False,False,False,124.45,6.55,114.74,True,29802.5,,专精特新,
603291,,0.8771,1.0,0.7609,0.0,0.0,0.5525,0.159,0.0,0.0,0.0,0.0,0.0,0.0,0.5447,False,False,False,False,9.06,-1.52,10.82,False,3834.4,,,
603296,,0.127,1.0,0.7947,0.8348,0.3557,0.6737,0.2006,0.3,0.7927,1.0,0.0,0.0,0.7,0.2874,False,False,False,False,105.97,-0.23,104.67,True,60454.6,,,
603297,,0.0,1.0,0.7757,0.7661,0.0477,0.6767,0.4143,0.3,0.7589,1.0,0.0,0.0,1.0,0.3242,False,False,False,False,124.02,1.53,122.02,True,137.3,,,
603298,,0.0,1.0,0.7539,0.2142,0.0,0.6902,0.2408,0.3,0.2376,0.0,0.0,0.0,1.0,0.3887,False,False,False,False,24.63,-2.22,25.98,False,32260.7,,,
603299,,0.0,1.0,0.7778,0.1311,0.0,0.6732,0.266,0.3,0.1933,0.0,0.0,0.0,0.0,0.3742,False,False,False,False,10.0,-1.96,10.54,False,7805.1,,白酒概念,
603300,,0.0,1.0,0.8711,0.0,0.0,0.8172,0.0626,0.0,0.0,0.0,0.0,0.0,0.0,0.4421,False,False,False,False,5.12,-0.97,6.08,False,10212.2,其它行业,,41.7
603301,,0.0,1.0,0.7159,0.3315,0.0,0.4438,0.4344,0.6,0.8933,0.0,0.0,0.5,0.0,0.2945,False,False,False,False,88.0,2.44,86.33,True,23221.1,,,
603303,,0.0,1.0,0.7023,1.0,1.0,0.3377,1.0,0.9,1.0,0.0,0.0,1.0,0.7,0.3015,False,False,False,False,32.95,-0.57,23.09,True,15715.3,,,
603305,,0.0,1.0,0.7222,0.1779,0.0,0.6978,0.2614,0.0,0.0281,0.0,0.0,0.0,1.0,0.4381,False,False,False,False,14.2,2.01,15.41,False,16411.1,,,
603306,,0.0,1.0,0.7252,1.0,0.5433,0.7741,0.3167,0.0,1.0,0.0,0.0,0.5,0.7,0.2833,False,False,False,False,106.3,1.2,98.42,True,350.3,汽车制造,,25.0
603307,,1.0,1.0,0.7179,0.0,0.0,0.3807,0.1484,0.0,0.0,0.0,0.0,0.0,1.0,0.7878,False,False,False,False,25.71,-1.12,38.09,False,1722.6,,,
603308,,0.0,1.0,0.7532,0.3243,0.0,0.6018,0.153,0.0,0.338,0.0,0.0,0.0,0.7,0.3777,False,False,False,False,61.33,-0.41,65.49,False,41646.0,机械行业,核电核能,29.0
603309,,0.0,1.0,0.9035,0.0,0.0,0.9186,0.1956,0.3,0.0,0.0,0.0,0.5,0.0,0.4955,False,False,False,False,11.77,0.17,13.04,False,3435.3,医疗器械,,26.5
603310,,0.0,1.0,0.6996,0.3306,0.0256,0.6321,0.3005,0.3,0.359,0.0,0.0,0.0,1.0,0.3535,False,False,False,False,16.02,0.25,16.37,False,3108.0,,,
603311,,0.0,0.762,0.2321,1.0,1.0,0.0,0.0,0.0,1.0,0.0,0.0,1.0,0.7,0.3648,False,False,True,False,40.8,4.43,28.08,True,9624.1,其它行业,,41.7
603312,,0.0,0.7363,0.5205,0.0,0.0,0.3374,0.2226,0.0,0.1678,0.0,0.0,0.0,0.0,0.4972,False,False,False,False,37.66,4.58,39.32,False,1917.6,,,
603313,,0.1287,1.0,0.8205,0.0,0.0,0.7344,0.1556,0.3,0.0,0.0,0.0,0.0,0.0,0.442,False,False,False,False,5.17,-0.58,6.47,False,2949.9,,,
603315,,0.0,0.7429,0.4803,0.4406,0.0843,0.6366,0.2467,0.0,0.978,0.0,0.0,0.5,0.7,0.3755,False,False,False,False,17.03,4.54,16.45,True,5455.8,机械行业,,29.0
603316,,0.0,1.0,0.6727,1.0,0.7986,0.7789,0.2941,0.3,1.0,1.0,1.0,0.0,1.0,0.2284,False,False,False,False,20.29,2.68,18.85,True,5361.9,,碳中和,
603317,,0.0,1.0,0.7888,0.6259,0.0,0.7965,0.2714,0.0,0.4968,0.0,0.0,0.5,0.7,0.3756,False,False,False,False,13.67,-1.58,14.03,False,14554.7,,,
603318,,0.0,0.0,0.1334,0.5564,0.0,0.5355,0.1333,0.3,1.0,0.0,1.0,0.5,0.7,0.3969,False,False,False,False,9.65,10.03,9.31,True,4430.0,机械行业,,29.0
603319,,0.7294,1.0,0.5713,0.7353,0.9764,0.5648,0.3102,0.3,0.6815,1.0,0.0,0.5,1.0,0.3639,True,False,False,False,36.19,2.52,36.14,True,12273.8,,,
603320,,0.0,0.4609,0.2941,0.286,0.0,0.529,0.179,0.0,0.3627,0.0,0.0,0.0,1.0,0.3092,False,False,False,False,21.47,6.23,22.3,False,3202.2,,,
603321,,0.0894,1.0,0.7993,0.0,0.0,0.5772,0.0937,0.0,0.0,0.0,0.0,0.0,0.0,0.4194,False,False,False,False,6.32,0.16,7.03,False,2177.6,,专精特新,
603322,,0.1411,1.0,0.7617,0.0,0.0,0.8696,0.26,0.3,0.0,0.0,1.0,0.0,1.0,0.3925,False,False,False,False,29.18,1.25,32.91,False,4598.4,,5G概念,
603323,,0.0,1.0,0.8637,0.3795,0.5596,0.3706,0.1409,0.0,0.4793,0.0,0.0,1.0,0.0,0.4049,False,False,False,False,4.8,-1.84,4.83,False,9689.0,,,
603324,,0.0,0.8384,0.5369,1.0,1.0,0.0073,0.3358,0.6,1.0,0.0,0.0,1.0,1.0,0.3114,False,False,False,False,35.62,3.97,29.44,True,5260.3,,,
603325,,0.0,1.0,0.7903,0.0,0.0,0.7282,0.1869,0.0,0.0,0.0,0.0,1.0,0.0,0.321,False,False,False,False,56.85,-2.27,63.44,False,1943.3,,,
603326,,0.4999,1.0,0.7765,0.0,0.0,0.7548,0.1423,0.6,0.0,0.0,0.0,0.0,0.0,0.5005,False,False,False,False,6.77,-1.31,7.98,False,2160.8,,,
603327,,0.0,1.0,0.7878,0.4698,0.3439,0.2375,0.3386,0.6,0.8797,0.0,0.0,0.0,1.0,0.4133,False,False,False,False,10.78,0.94,10.38,True,11270.1,,,
603328,,0.0,1.0,0.7097,0.7922,1.0,0.17,0.6428,0.0,1.0,0.0,0.0,1.0,1.0,0.3149,False,False,False,False,14.39,1.05,12.72,True,14367.6,电子器件,,74.0
603329,,0.317,1.0,0.709,0.2332,0.0,0.6541,0.1216,0.0,0.0,0.0,0.0,0.0,1.0,0.4364,False,False,False,False,9.78,-0.71,10.68,False,2018.4,,,
603330,,0.3963,1.0,0.5858,1.0,1.0,0.084,0.281,0.9,1.0,0.0,0.0,1.0,1.0,0.266,False,False,False,False,8.16,-2.51,7.58,True,3530.6,,专精特新/光伏/光伏概念,
603331,,0.4642,1.0,0.749,0.0,0.0,0.8422,0.1251,0.3,0.0,0.0,0.0,0.0,0.0,0.5748,False,False,False,False,11.94,-0.08,13.79,False,2414.0,,,
603332,,0.1201,1.0,0.7966,0.0,0.0,0.8822,0.0742,0.3,0.0,0.0,0.0,0.0,1.0,0.4656,False,False,False,False,11.37,-0.87,12.75,False,2459.9,,,
603333,,0.3717,1.0,0.6327,0.6841,0.3647,0.5921,0.2301,0.6,0.3817,0.0,0.0,0.0,1.0,0.3625,False,False,False,False,8.32,-2.46,8.59,False,5171.1,发电设备,专精特新/成渝特区,26.5
603334,,0.0,1.0,0.7181,0.0,0.0,0.5592,0.232,0.0,0.0,0.0,0.0,0.0,0.0,0.3828,False,False,False,False,41.9,1.26,45.98,False,1333.1,次新股,,26.6
603335,,0.0,1.0,0.0,1.0,1.0,0.0,0.1224,0.0,1.0,0.0,0.0,1.0,0.7,0.4343,False,False,False,False,8.81,-0.56,7.04,True,3772.0,,,
603336,,0.7616,1.0,0.754,0.2421,0.0,0.5735,0.0665,0.0,0.0,0.0,0.0,0.0,0.7,0.6729,False,False,False,False,8.17,-2.74,9.95,False,4973.2,,,
603337,,0.0,0.8316,0.5476,0.3827,0.1808,0.2092,0.4565,0.9,0.4899,0.0,0.0,0.0,1.0,0.4316,False,False,False,False,40.46,4.01,40.69,False,19166.9,,,
603338,,0.5646,1.0,0.8425,0.3269,0.0,0.6741,0.1334,0.3,0.0501,0.0,0.0,0.0,1.0,0.4525,False,False,False,False,48.5,-2.08,52.35,False,245.6,机械行业,军民融合,29.0
603339,,0.2621,1.0,0.7828,0.3797,0.1123,0.6737,0.1769,0.6,0.3651,0.0,0.0,0.0,1.0,0.3371,False,False,False,False,12.82,-0.54,13.23,False,3967.0,,专精特新,
603341,,0.0,1.0,0.4418,0.1542,0.1811,0.4815,0.3666,0.3,0.4619,0.0,0.0,0.0,0.0,0.3953,False,False,False,False,38.21,2.55,38.64,False,10172.0,,,
603344,,0.4367,1.0,0.8287,0.5697,0.3196,0.7115,0.5312,0.9,0.4332,0.0,0.0,0.0,1.0,0.3334,False,False,False,False,29.29,0.34,30.1,False,1582.6,,,
603345,,0.3388,1.0,0.8064,0.3706,0.0,0.6155,0.2246,0.3,0.1211,0.0,0.0,0.5,0.7,0.4428,False,False,False,False,86.36,-2.8,93.51,False,253.3,,,
603348,,0.0565,1.0,0.7516,0.0,0.0,0.4484,0.1176,0.0,0.0,0.0,0.0,0.0,0.0,0.5841,False,False,False,False,14.96,-0.47,17.47,False,47.0,,,
603350,,0.0,1.0,0.8747,0.0,0.0,0.8791,0.2282,0.3,0.0,0.0,0.0,0.0,0.0,0.4606,False,False,False,False,30.42,0.33,33.33,False,1342.3,,,
603351,,0.2062,1.0,0.6856,0.362,0.0,0.5013,0.2129,0.0,0.1738,0.0,0.0,0.0,1.0,0.4388,False,False,False,False,24.69,-2.14,26.11,False,3344.0,,,
603353,,0.1758,1.0,0.6787,0.7677,0.0,0.672,0.2872,0.0,0.3735,0.0,0.0,0.0,0.7,0.3175,False,False,False,False,40.7,0.07,43.27,False,6936.0,,,
603355,,0.0,1.0,0.5316,0.0,0.0,0.3343,0.1917,0.0,0.4956,0.0,0.0,0.5,1.0,0.3535,False,False,False,False,28.17,-0.04,28.71,False,16152.6,机械行业,,29.0
603356,,0.0,0.6662,0.5578,0.5636,0.2852,0.5008,0.2143,0.3,0.8922,0.0,0.0,0.5,1.0,0.3373,False,False,False,False,18.68,5.0,18.22,True,2490.8,,,
603357,,0.3404,1.0,0.8712,0.0,0.0,0.7526,0.1253,0.0,0.0,0.0,0.0,0.0,0.0,0.4619,False,False,False,False,6.63,-1.49,7.33,False,3716.4,,,
603358,,0.0,1.0,0.7555,0.2893,0.943,0.5972,0.3473,0.3,0.3008,0.0,0.0,0.0,0.0,0.3392,False,False,False,False,37.3,-2.97,38.55,False,16978.2,,,
603359,,0.0581,1.0,0.5707,0.0,0.0,0.6805,0.2289,0.3,0.0,0.0,0.0,0.0,0.0,0.5459,False,False,False,False,2.71,2.65,4.0,False,1208.9,,碳中和,
603360,,0.0,1.0,0.8616,0.0,0.0,0.8144,0.221,0.6,0.0,0.0,0.0,0.5,0.0,0.345,False,False,False,False,19.12,-0.78,22.68,False,13503.0,,,
603363,,0.0275,1.0,0.818,0.0,0.0,0.8345,0.3155,0.3,0.0,0.0,0.0,0.0,0.0,0.5237,False,False,False,False,2.94,0.34,3.42,False,6300.8,,,
603365,,0.0,0.7585,0.5442,0.054,0.0,0.4526,0.176,0.6,0.0,0.0,0.0,0.0,0.0,0.4388,False,False,False,False,17.61,-4.45,19.39,False,4575.1,,,
603366,,0.0,1.0,0.8584,0.0,0.0,0.7368,0.2925,0.0,0.0,0.0,0.0,0.0,0.0,0.4945,False,False,False,False,7.09,0.42,8.11,False,5764.5,家电行业,光伏/光伏概念/券商重仓,31.7
603367,,0.0,1.0,0.9104,0.0,0.0,0.7275,0.1149,0.0,0.0,0.0,0.0,0.0,0.0,0.4285,False,False,False,False,13.19,-1.57,14.78,False,5971.8,,,
603368,,0.0,0.7206,0.8641,0.2897,0.4443,0.1751,0.2742,0.3,0.2329,0.0,0.0,1.0,0.0,0.594,False,False,False,False,15.9,-4.68,16.62,False,6315.7,商业百货,,26.7
603369,,0.387,0.8755,0.7008,0.1367,0.0,0.4288,0.4603,0.6,0.0,0.0,0.0,0.0,1.0,0.4127,False,False,False,False,24.66,-3.75,27.81,False,30746.1,酿酒行业,白酒概念,23.3
603370,,0.0,1.0,0.8153,0.2888,0.2036,0.6451,0.3611,0.9,0.0,0.0,0.0,0.5,1.0,0.3096,False,False,False,False,43.3,-0.02,44.06,False,1515.1,次新股,,26.6
603373,,0.4494,0.4509,0.5251,0.3644,0.0,0.0,0.6587,1.0,0.0,0.0,0.0,0.0,1.0,0.4659,False,False,False,False,38.5,6.29,42.39,False,1749.1,,,
603375,,0.0,1.0,0.8016,1.0,1.0,0.7102,0.4586,0.6,1.0,0.0,0.0,0.5,0.7,0.2782,False,False,False,False,48.99,-1.49,45.86,True,31.2,,,
603376,,0.1096,1.0,0.8913,0.0,0.0,0.8392,0.485,0.6,0.0,0.0,0.0,0.0,0.0,0.4436,False,False,False,False,26.83,-0.59,30.68,False,858.6,次新股,,26.6
603377,,1.0,1.0,0.8864,0.4097,0.3528,0.6155,0.2496,0.6,0.2741,0.0,0.0,0.5,1.0,0.3614,False,False,False,False,3.47,-1.42,3.63,False,2508.2,,,
603378,,0.5042,0.9644,0.3699,0.3778,0.7262,0.4286,0.2791,0.3,0.2705,0.0,0.0,0.5,0.0,0.3675,False,False,False,False,5.46,3.21,5.63,False,2340.1,,,
603379,,0.0,1.0,0.6879,0.3209,1.0,0.1902,0.2739,0.3,1.0,0.0,0.0,1.0,0.0,0.4112,False,False,False,False,66.81,-0.71,61.73,True,40786.1,,,
603380,,0.0,0.8496,0.6006,0.4337,0.0493,0.5526,0.3108,0.6,0.6792,0.0,0.0,0.5,1.0,0.4309,False,False,False,False,37.81,3.9,37.1,True,6066.3,,,
603381,,0.1843,1.0,0.8254,0.0,0.0,0.8066,0.1122,0.3,0.0,0.0,0.0,0.0,0.0,0.6145,False,False,False,False,17.21,0.17,21.12,False,2446.2,,,
603382,,0.0,1.0,0.8183,0.0,0.0,0.455,0.2232,0.6,0.0,0.0,0.0,0.0,0.0,0.4531,False,False,False,False,19.41,-2.02,24.16,False,703.6,次新股,,26.6
603385,,0.4627,1.0,0.6517,0.0,0.0,0.5258,0.0726,0.0,0.0,0.0,0.0,0.0,0.0,0.523,False,False,False,False,5.32,-0.75,6.12,False,2025.1,,,
603386,,0.0,1.0,0.8121,1.0,1.0,0.6458,0.5177,0.6,1.0,0.0,0.0,1.0,1.0,0.3201,False,False,False,False,17.82,-1.49,16.05,True,5815.1,,小米概念,
603387,,0.0,1.0,0.8704,0.1027,0.0,0.8384,0.1806,0.0,0.0192,0.0,0.0,0.0,0.0,0.4561,False,False,False,False,8.22,-0.12,8.94,False,4168.8,,,
603389,,0.2144,1.0,0.7009,1.0,0.5955,0.7961,0.1694,0.3,1.0,1.0,0.0,0.0,0.7,0.3016,False,False,False,False,59.8,1.24,57.06,True,157.1,,,
603390,,0.0,1.0,0.7897,0.2909,0.0,0.8851,0.2026,0.3,0.13,0.0,0.0,0.0,0.7,0.5489,False,False,False,False,11.94,1.79,12.69,False,4185.1,,,
603392,,0.701,1.0,0.7179,0.0,0.0,0.3379,0.1671,0.6,0.0,0.0,0.0,0.0,1.0,0.6413,False,False,False,False,28.9,1.9,36.45,False,36541.0,,,
603393,,0.0,0.5557,0.6128,0.0,0.0,0.5622,0.3124,0.0,0.0,0.0,0.0,0.5,0.0,0.4028,False,False,False,False,26.64,-5.67,29.67,False,11274.6,,,
603395,,0.0,1.0,0.8652,0.0,0.0,0.6292,0.1336,0.3,0.0,0.0,0.0,0.0,0.0,0.4329,False,False,False,False,22.36,-1.71,25.77,False,1453.4,,,
603396,,0.0,1.0,0.7506,0.0,0.0,0.484,0.1477,0.0,0.0,0.0,0.0,0.0,0.0,0.4118,False,False,False,False,29.53,0.44,33.84,False,4090.7,,专精特新/光伏/HIT电池,
603398,,0.0,1.0,0.6842,1.0,0.6064,0.6671,0.2085,0.0,1.0,1.0,0.0,0.0,0.7,0.35,False,False,False,False,13.65,2.63,13.07,True,5919.2,,,
603399,,0.0,1.0,0.5591,1.0,1.0,0.2634,0.4166,0.3,1.0,0.0,0.0,1.0,0.7,0.3588,False,False,False,False,20.74,-2.72,16.83,True,10624.9,,百度概念/稀缺资源,
603400,,0.4842,1.0,0.5706,0.3048,0.0,0.6509,0.2878,0.3,0.0,0.0,0.0,0.0,0.7,0.4625,False,False,False,False,59.33,1.11,68.36,False,1186.6,次新股,,26.6
603406,,0.0,1.0,0.7332,0.0,0.0,0.3481,0.2297,0.6,0.0,0.0,0.0,0.0,0.0,0.4402,False,False,False,False,29.06,0.24,32.11,False,1065.4,次新股,,26.6
603408,,0.0,1.0,0.8681,0.0,0.0,0.7507,0.1232,0.0,0.0,0.0,0.0,0.5,0.0,0.437,False,False,False,False,10.09,-0.2,11.16,False,45.2,,,
603409,,0.8728,1.0,0.6051,0.3212,0.0,0.0,0.2625,0.6,0.0,0.0,1.0,0.0,0.7,0.5454,False,False,False,False,31.81,1.86,39.5,False,1150.4,,,
603416,,0.3238,1.0,0.7931,0.6668,0.1336,0.8109,0.2374,0.6,0.4845,0.0,1.0,0.0,1.0,0.3344,False,False,False,False,55.62,0.94,56.43,False,77.4,,,
603418,,0.0,1.0,0.8741,0.2266,0.0,0.8584,0.3228,0.6,0.0,0.0,0.0,0.0,1.0,0.3734,False,False,False,False,50.61,-0.45,52.37,False,2093.5,次新股,,26.6
603421,,0.0,1.0,0.6586,0.0,0.0,0.7513,0.3316,0.0,0.0,0.0,0.0,0.0,0.0,0.3883,False,False,False,False,6.74,1.51,7.71,False,4395.8,,,
603429,,0.0,0.8972,0.6241,0.2634,0.4506,0.391,0.2529,0.3,0.6819,0.0,0.0,0.5,0.0,0.4922,False,False,False,False,9.74,3.62,9.57,True,5108.5,,,
603439,,0.4534,0.8216,0.5613,1.0,1.0,0.5509,0.5911,0.6,1.0,0.0,0.0,0.5,1.0,0.3209,False,False,False,False,15.34,4.07,13.72,True,6194.9,,专精特新,
603456,,0.0,1.0,0.89,0.0,0.0,0.7504,0.1661,0.6,0.0,0.0,0.0,0.5,0.0,0.4527,False,False,False,False,12.61,-0.94,14.04,False,11215.9,生物制药,CXO概念,24.5
603458,,0.1518,0.4605,0.0376,1.0,1.0,0.0,0.2769,0.6,1.0,1.0,0.0,0.5,0.7,0.3583,False,False,False,False,13.38,-6.24,12.65,True,4095.9,,,
603466,,0.3855,0.2474,0.387,1.0,1.0,0.156,0.4864,0.9,0.5029,0.0,0.0,0.5,1.0,0.491,False,False,False,False,10.46,-7.52,10.67,False,6221.8,,,
603477,,0.0416,1.0,0.8216,0.0,0.0,0.8081,0.2203,0.3,0.0,0.0,0.0,0.0,1.0,0.5685,False,False,False,False,14.24,0.28,16.3,False,7263.4,,,
603486,,0.7393,1.0,0.8896,0.033,0.0,0.7494,0.2019,0.3,0.0,0.0,0.0,0.0,1.0,0.3427,False,False,False,False,54.91,-1.21,62.76,False,31482.8,,,
603488,,0.0,0.6925,0.4917,0.9208,1.0,0.2774,0.3362,0.9,1.0,0.0,0.0,1.0,0.7,0.3497,False,False,False,False,11.98,-4.85,11.39,True,3498.0,,,
603489,,0.0,1.0,0.8213,0.3941,0.0,0.77,0.2659,0.0,0.3822,0.0,0.0,0.0,0.7,0.3614,False,False,False,False,32.76,2.12,34.12,False,7686.1,,专精特新,
603496,,0.0,1.0,0.723,0.0,0.0,0.8012,0.2574,0.3,0.0,0.0,0.0,0.5,0.0,0.5212,False,False,False,False,23.15,1.27,26.43,False,7412.8,,专精特新,
603499,,0.0,1.0,0.6576,0.0,0.0,0.3371,0.203,0.6,0.6468,0.0,0.0,0.5,0.0,0.3387,False,False,False,False,20.35,2.47,20.11,True,6157.8,,,
603500,,0.0,1.0,0.3353,0.7388,1.0,0.0,0.4637,0.3,1.0,0.0,0.0,1.0,0.0,0.3207,False,False,False,False,13.38,-0.45,11.48,True,4450.3,,,
603501,,0.5582,1.0,0.855,0.0531,0.0,0.8146,0.2791,0.3,0.0,0.0,1.0,0.0,0.0,0.4696,False,False,False,False,88.2,-0.59,99.24,False,106762.5,,无线耳机,
603505,,0.0,1.0,0.6277,0.441,0.3725,0.3675,0.3725,0.6,0.8809,0.0,0.0,0.5,1.0,0.3595,False,False,False,False,19.82,1.54,18.98,True,16681.9,,,
603506,,0.1502,1.0,0.7214,0.0,0.0,0.4896,0.0787,0.0,0.0,0.0,0.0,0.0,1.0,0.5358,False,False,False,False,10.46,-0.66,12.01,False,1964.2,,,
603507,,0.0,1.0,0.6617,0.2693,0.0,0.6658,0.1889,0.0,0.6025,0.0,0.0,0.5,0.0,0.4089,False,False,False,False,38.7,1.76,39.33,False,7034.6,,专精特新/光伏/光伏概念,
603511,,0.2751,1.0,0.747,0.0535,0.0,0.6503,0.1871,0.6,0.0,0.0,0.0,0.0,0.0,0.3775,False,False,False,False,12.6,-0.4,13.83,False,5063.8,,,
603515,,0.0,1.0,0.8647,0.342,0.0,0.8664,0.1468,0.0,0.416,0.0,0.0,0.5,0.7,0.2984,False,False,False,False,18.73,0.05,19.21,False,13791.4,,,
603516,,0.0,0.0,0.6057,0.0,0.0,0.6704,0.1598,0.3,0.5919,0.0,0.0,0.5,0.0,0.5424,False,False,False,False,134.64,10.0,133.63,True,27368.0,,国防军工,
603517,,0.8605,0.9147,0.7213,0.5373,0.0,0.5594,0.2186,0.3,0.0,0.0,0.0,0.0,0.7,0.5292,False,False,False,False,11.54,-3.51,12.64,False,6993.3,,,
603518,,0.7975,1.0,0.7878,0.1411,0.0,0.4018,0.1269,0.3,0.0,0.0,0.0,0.0,1.0,0.3825,False,False,False,False,7.96,-2.57,8.95,False,2738.8,服装鞋类,,23.7
603519,,0.0,1.0,0.7768,0.2563,0.4743,0.0,0.339,0.3,1.0,0.0,0.0,0.5,0.0,0.3631,False,False,False,False,14.06,0.14,13.2,True,3744.6,家电行业,,31.7
603520,,0.0,1.0,0.6011,0.118,0.0,0.7951,0.1919,0.3,0.0,0.0,0.0,0.0,0.7,0.493,False,False,False,False,9.58,2.35,10.6,False,4200.0,,专精特新,
603527,,0.0,1.0,0.4399,0.9914,1.0,0.0,0.5548,0.0,1.0,0.0,0.0,1.0,0.7,0.4342,False,False,False,False,14.9,2.62,12.92,True,4722.9,,,
603528,,0.0,1.0,0.7361,0.0,0.0,0.1516,0.1784,0.6,0.0,0.0,0.0,0.0,0.0,0.4693,False,False,False,False,6.8,-0.29,7.71,False,4800.3,,,
603529,,0.0,1.0,0.8169,0.0,0.0,0.7783,0.1982,0.3,0.0,0.0,0.0,0.0,0.0,0.469,False,False,False,False,20.78,-1.61,23.78,False,17612.3,,,
603530,,0.0,1.0,0.8199,0.2558,0.0,0.6615,0.3923,0.0,0.362,0.0,0.0,0.0,0.0,0.4093,False,False,False,False,53.4,-0.48,56.49,False,22826.6,,,
603533,,0.7271,1.0,0.7517,0.0338,0.0,0.7831,0.0817,0.3,0.0,0.0,1.0,0.0,0.0,0.486,False,False,False,False,20.59,-0.39,24.33,False,9036.9,,,
603535,,0.0,1.0,0.8523,0.0,0.0,0.8446,0.2012,0.3,0.0,0.0,0.0,0.0,0.0,0.4722,False,False,False,False,6.72,-0.74,7.83,False,3433.4,,,
603536,,0.329,1.0,0.7785,0.0162,0.0,0.598,0.1468,0.0,0.0,0.0,0.0,0.0,1.0,0.4403,False,False,False,False,8.72,-0.11,9.69,False,2097.4,,,
603538,,0.4526,1.0,0.6908,0.5371,0.0,0.9257,0.1559,0.0,0.0594,0.0,0.0,0.0,0.7,0.4492,False,False,False,False,38.02,-2.56,42.57,False,9069.7,,,
603551,,0.9596,1.0,0.8359,0.0,0.0,0.641,0.1023,0.3,0.0,0.0,0.0,0.0,0.0,0.5688,False,False,False,False,9.52,-2.36,11.16,False,3616.5,,,
603556,,0.0,1.0,0.8141,0.0,0.0,0.7934,0.188,0.3,0.0,0.0,0.0,0.0,0.0,0.4848,False,False,False,False,23.77,-1.08,28.81,False,115.6,,光伏/智能电网,
603557,,0.9922,1.0,0.7333,1.0,0.7593,0.8126,0.1879,0.0,0.8793,1.0,0.0,0.5,0.7,0.374,True,False,False,False,4.37,-2.89,4.34,True,2724.4,,,
603558,,0.0,1.0,0.8084,0.1998,0.0,0.7648,0.2153,0.0,0.4325,0.0,0.0,1.0,0.0,0.3739,False,False,False,False,11.85,-2.71,12.25,False,4060.3,纺织行业,,26.5
603559,,0.0723,1.0,0.7284,1.0,0.4733,0.7714,0.248,0.9,0.7577,1.0,0.0,0.0,0.7,0.2984,False,False,False,False,8.6,0.12,8.42,True,3451.0,,,
603565,,0.0,1.0,0.7999,0.1315,0.0,0.3808,0.2876,0.6,0.4491,0.0,0.0,0.5,0.0,0.3882,False,False,False,False,10.36,0.29,10.51,False,21756.7,,,
603566,,0.1771,0.6943,0.9052,0.0,0.0,0.6227,0.1874,0.0,0.0,0.0,0.0,0.0,0.0,0.6128,False,False,False,False,10.04,-4.83,11.4,False,3474.5,其它行业,三板精选,41.7
603567,,0.6956,0.2613,0.4144,0.0678,0.0,0.0,0.2435,0.3,0.0,0.0,0.0,0.0,1.0,0.6992,False,False,False,False,5.48,-7.43,7.06,False,5147.9,生物制药,,24.5
603568,,0.0,1.0,0.765,0.0,0.0,0.4206,0.2284,0.0,0.0,0.0,0.0,0.5,0.0,0.4549,False,False,False,False,17.0,-0.12,19.43,False,29019.7,其它行业,垃圾分类/固废处理,41.7
603569,,0.5114,0.969,0.6578,0.0,0.0,0.2662,0.2217,0.3,0.0,0.0,0.0,0.0,0.0,0.4586,False,False,False,False,5.47,-3.19,6.41,False,3301.2,,,
603578,,0.6251,0.8956,0.5267,0.6317,0.0,0.5771,0.2587,0.6,0.2499,0.0,1.0,0.0,1.0,0.4616,False,False,False,False,13.43,3.63,14.12,False,2422.2,,,
603579,,0.0,1.0,0.7479,0.0,0.0,0.6712,0.1856,0.0,0.0,0.0,0.0,0.5,1.0,0.4431,False,False,False,False,19.01,-2.86,20.5,False,3822.0,,专精特新,
603580,,0.0,1.0,0.651,1.0,1.0,0.6724,0.1785,0.3,1.0,0.0,0.0,0.5,0.7,0.367,False,False,False,False,24.81,2.27,22.01,True,3242.0,,,
603583,,0.1694,1.0,0.8252,0.0,0.0,0.7686,0.2079,0.6,0.0,0.0,0.0,0.0,0.0,0.5398,False,False,False,False,24.75,-0.16,28.6,False,9460.6,,,
603585,,0.0,1.0,0.7989,0.0,0.0,0.856,0.0862,0.0,0.0,0.0,0.0,0.0,0.0,0.5869,False,False,False,False,15.2,-0.33,17.88,False,2910.7,,,
603586,,0.3927,0.0,1.0,0.5343,1.0,0.6396,0.9817,0.3,0.4995,0.0,0.0,1.0,0.0,0.3769,False,False,False,False,17.37,-10.0,17.57,False,3405.4,,,
603587,,0.5838,1.0,0.8402,0.3792,0.0,0.6505,0.2551,0.0,0.194,0.0,0.0,0.0,1.0,0.3683,False,False,False,False,11.95,-1.24,12.61,False,5665.4,,,
603588,,0.0,0.7413,0.5211,0.5087,0.7886,0.3733,0.3254,0.0,1.0,0.0,0.0,1.0,0.0,0.3685,False,False,True,False,14.7,4.55,13.51,True,22391.5,环保行业,固废处理,28.2
603589,,0.0,1.0,0.8355,0.0,0.0,0.7307,0.2265,0.3,0.0,0.0,0.0,0.0,0.0,0.3535,False,False,False,False,20.14,-2.56,22.77,False,12046.1,,白酒概念,
603590,,0.1772,1.0,0.8993,0.0,0.0,0.8582,0.1707,0.3,0.0,0.0,0.0,0.0,0.0,0.4461,False,False,False,False,29.34,-1.48,34.65,False,4642.3,,专精特新,
603595,,0.0,1.0,0.6637,1.0,1.0,0.4692,0.7293,0.6,1.0,0.0,0.0,1.0,1.0,0.279,False,False,False,False,26.96,0.75,21.5,True,6266.6,,无线耳机,
603596,,0.0,1.0,0.7985,0.1714,0.0,0.7043,0.4429,0.3,0.0,0.0,0.0,0.0,1.0,0.4245,False,False,False,False,28.35,-1.49,31.26,False,254.5,,,
603598,,0.3189,1.0,0.7242,0.2477,0.0,0.7878,0.194,0.3,0.0366,0.0,1.0,0.0,1.0,0.4249,False,False,False,False,19.72,1.96,21.8,False,5312.2,其它行业,,41.7
603599,,0.0,1.0,0.5922,0.0,0.0,0.6695,0.2154,0.3,0.0,0.0,0.0,0.0,0.0,0.4592,False,False,False,False,10.96,-2.84,12.18,False,9976.6,农药化肥,,20.2
603600,,0.1937,1.0,0.8242,0.094,0.0,0.7371,0.1618,0.6,0.0,0.0,0.0,0.0,1.0,0.3885,False,False,False,False,9.64,-2.23,10.84,False,2892.4,家具行业,,35.0
603601,,0.3104,1.0,0.6225,0.8601,0.0,0.5941,0.3828,0.0,0.155,0.0,0.0,0.0,0.7,0.3989,False,False,False,False,14.34,2.8,15.87,False,16381.2,玻璃行业,大飞机,82.0
603602,,0.4288,1.0,0.664,0.3383,0.0274,0.5754,0.3118,0.0,0.1966,0.0,1.0,0.0,1.0,0.427,False,False,False,False,12.88,1.42,13.51,False,2976.0,,5G概念,
603605,,0.0,1.0,0.7908,0.5562,1.0,0.5822,0.2646,1.0,0.8392,0.0,0.0,1.0,0.0,0.3395,False,False,False,False,66.27,-0.48,63.2,True,26241.3,,,
603606,,0.0,1.0,0.8176,0.0,0.0,0.4915,0.1635,0.3,0.0,0.0,0.0,0.5,0.0,0.5099,False,False,False,False,40.82,-1.19,51.0,False,28072.5,电器行业,,28.3
603607,,0.2035,0.7023,0.6901,0.2176,0.0,0.6213,0.1675,0.3,0.0,0.0,0.0,0.0,1.0,0.4893,False,False,False,False,20.69,-4.79,22.71,False,3693.5,,专精特新,
603608,,0.0,0.177,0.3454,1.0,1.0,0.2456,1.0,0.3,1.0,0.0,0.0,1.0,0.7,0.2107,False,False,False,False,28.69,7.94,17.2,True,12042.2,,,
603609,,0.1666,1.0,0.8384,0.0642,0.0,0.345,0.2441,0.0,0.0,0.0,0.0,0.0,0.0,0.3825,False,False,False,False,6.05,-2.26,6.59,False,5495.2,农林牧渔,,26.1
603610,,0.0414,0.7912,0.341,0.6231,0.6818,0.4138,0.3111,1.0,0.8228,0.0,0.0,0.0,1.0,0.2817,False,False,False,False,18.14,4.25,17.61,True,6403.3,,,
603611,,0.2672,1.0,0.7486,0.0,0.0,0.3766,0.1351,0.3,0.0,0.0,0.0,0.0,0.0,0.3929,False,False,False,False,17.39,-0.63,19.08,False,4479.7,交通运输,,28.9
603612,,0.0,1.0,0.5008,0.0,0.0,0.4475,0.2165,0.3,0.0,0.0,0.0,0.0,0.0,0.4452,False,False,False,False,21.13,2.08,23.14,False,10524.9,,,
603613,,0.4629,1.0,0.7101,0.0,0.0,0.6258,0.1095,0.0,0.0,0.0,1.0,0.0,1.0,0.6492,False,False,False,False,20.16,0.75,24.5,False,14526.0,,,
603615,,0.3611,1.0,0.6437,0.01,0.0,0.6769,0.2741,0.3,0.0,0.0,0.0,0.0,1.0,0.4188,False,False,False,False,17.75,2.01,19.98,False,4292.3,,垃圾分类,
603616,,0.7092,1.0,0.6526,0.5499,0.778,0.1445,0.2288,0.6,0.3122,0.0,0.0,1.0,0.0,0.2696,True,False,False,False,6.05,-1.47,6.33,False,23.2,,雄安新区,
603617,,0.0,1.0,0.7898,0.3568,0.4641,0.2123,0.3051,0.6,0.8106,0.0,0.0,0.5,1.0,0.3532,False,False,False,False,7.71,1.31,7.46,True,2981.7,,,
603618,,0.0,0.0,0.5088,1.0,1.0,0.8633,0.4926,0.3,1.0,0.0,1.0,1.0,0.7,0.3738,False,False,False,False,47.03,10.01,34.47,True,325.2,发电设备,军民融合,26.5
603619,,0.8332,1.0,0.8407,0.0,0.0,0.5463,0.1367,0.3,0.0,0.0,0.0,0.0,0.0,0.6799,False,False,False,False,22.92,-2.22,28.4,False,106.0,,,
603626,,0.4222,1.0,0.796,0.4018,0.0,0.7931,0.2653,0.3,0.1919,0.0,1.0,0.0,0.7,0.3868,False,False,False,False,21.8,-0.46,23.73,False,12096.4,,无线耳机,
603628,,0.1517,1.0,0.8196,0.0,0.0,0.7912,0.1502,0.3,0.0,0.0,0.0,0.0,0.0,0.4116,False,False,False,False,10.26,-0.87,11.97,False,2792.5,,光伏/光伏概念,
603629,,0.1361,1.0,0.3858,1.0,0.7156,0.413,0.4853,0.6,1.0,1.0,0.0,0.0,0.7,0.3087,False,False,False,False,163.1,-2.55,147.3,True,42084.9,,,
603630,,0.0,1.0,0.7617,0.0,0.0,0.5482,0.1344,0.0,0.0,0.0,0.0,0.0,0.0,0.4766,False,False,False,False,13.3,-0.97,15.21,False,2995.2,,,
603633,,0.0,1.0,0.6872,0.3727,0.1797,0.6532,0.5058,0.9,0.4318,0.0,0.0,0.0,1.0,0.3881,False,False,False,False,8.28,2.22,8.36,False,3534.0,,,
603636,,0.0,0.8326,0.3434,0.0803,0.0,0.2784,0.1837,0.0,0.2768,0.0,1.0,0.5,1.0,0.3551,False,False,False,False,9.61,4.0,9.86,False,5577.3,电子信息,,26.5
603637,,0.689,1.0,0.643,1.0,0.5972,0.6517,0.4154,0.6,0.7042,0.0,0.0,0.0,0.7,0.4255,True,False,False,False,16.61,-0.06,16.84,False,3964.6,,碳中和,
603638,,0.0,1.0,0.7311,0.7266,0.7787,0.3377,0.3771,0.3,1.0,0.0,0.0,0.5,1.0,0.3141,False,False,False,False,24.53,-1.05,23.01,True,20386.6,,,
603639,,0.3542,1.0,0.8346,0.0,0.0,0.8174,0.1078,0.0,0.0,0.0,0.0,0.0,0.0,0.4264,False,False,False,False,10.71,-1.56,11.9,False,3640.1,,,
603648,,0.0,1.0,0.8622,0.0155,0.0,0.5407,0.0827,0.0,0.0,0.0,0.0,0.0,0.0,0.4326,False,False,False,False,8.68,-0.34,9.48,False,31.5,,,
603650,,0.0,0.9817,0.7239,0.6804,1.0,0.3799,0.7005,0.3,1.0,0.0,0.0,1.0,1.0,0.2661,False,False,True,False,63.99,3.11,56.05,True,39320.2,,,
603655,,0.3786,0.9898,0.3758,0.0,0.0,0.335,0.2124,0.3,0.0,0.0,0.0,0.0,0.0,0.5902,False,False,False,False,32.3,-3.06,38.4,False,3423.8,,,
603656,,0.2506,1.0,0.6916,0.0,0.0,0.4222,0.1209,0.3,0.1007,0.0,0.0,0.5,0.0,0.2784,False,False,False,False,18.46,1.65,19.64,False,3377.2,,,
603657,,0.0,0.3152,0.1569,0.0693,0.0,0.0,0.1458,0.0,0.0,0.0,1.0,0.0,1.0,0.3468,False,False,False,False,24.56,7.11,27.41,False,3320.3,,专精特新,
603658,,0.0,1.0,0.8442,0.1021,0.0,0.6387,0.316,0.9,0.1777,0.0,0.0,0.5,0.0,0.3677,False,False,False,False,31.49,-1.87,32.95,False,17994.2,,,
603659,,0.0,1.0,0.7279,0.1237,0.0,0.6143,0.2311,0.0,0.4384,0.0,0.0,0.5,0.0,0.4812,False,False,False,False,29.68,1.78,30.57,False,63408.3,,,
603660,,0.0,0.286,0.3525,0.7365,0.0,0.5489,0.2046,0.0,1.0,0.0,0.0,0.0,0.7,0.3616,False,False,False,False,11.93,7.28,11.52,True,6817.9,,,
603661,,0.0283,1.0,0.7455,0.8679,1.0,0.0,0.2789,0.6,0.8077,1.0,0.0,1.0,0.0,0.2433,False,False,False,False,33.68,-2.6,32.57,True,4683.8,,,
603662,,0.0,0.8594,0.4314,0.8313,1.0,0.1334,0.6981,0.9,1.0,0.0,1.0,1.0,1.0,0.1959,False,False,True,False,69.16,3.84,63.31,True,19422.2,,,
603663,,0.0,0.0,0.1614,1.0,1.0,0.4385,0.5488,0.3,1.0,0.0,0.0,1.0,1.0,0.332,False,False,True,False,82.98,9.99,56.03,True,35085.6,,专精特新,
603665,,0.3263,1.0,0.6196,0.0787,0.0,0.6781,0.091,0.3,0.0,0.0,0.0,0.0,0.0,0.3765,False,False,False,False,26.27,-0.72,28.94,False,4207.6,,,
603666,,0.3031,0.7688,0.473,0.428,0.0,0.5085,0.3088,0.3,0.2055,0.0,1.0,0.0,1.0,0.4679,False,False,False,False,27.6,4.39,28.85,False,5672.6,,专精特新,
603667,,0.5417,1.0,0.7313,0.4086,0.0,0.7565,0.4011,0.0,0.0873,0.0,1.0,0.0,1.0,0.3647,False,False,False,False,66.38,-0.93,72.96,False,243.1,,,
603668,,0.0,1.0,0.7657,0.0,0.0,0.7251,0.1298,0.3,0.0,0.0,0.0,0.5,0.0,0.4379,False,False,False,False,11.11,-2.37,12.34,False,5619.4,,水产品,
603669,,0.0,1.0,0.6899,0.3869,1.0,0.4426,0.6193,0.3,0.9308,0.0,0.0,1.0,0.0,0.3719,False,False,False,False,4.74,0.21,4.46,True,3376.4,其它行业,,41.7
603676,,0.0,1.0,0.849,0.0,0.0,0.6533,0.1658,0.0,0.0,0.0,0.0,0.0,0.0,0.5026,False,False,False,False,8.72,-1.25,9.76,False,3794.6,,,
603677,,0.8502,1.0,0.772,0.4003,0.0,0.804,0.5036,0.3,0.0,0.0,0.0,0.0,1.0,0.4301,False,False,False,False,14.36,-1.78,16.23,False,2765.7,,,
603678,,0.0,0.5282,0.6165,1.0,1.0,0.0091,0.7912,0.6,1.0,0.0,0.0,1.0,1.0,0.1944,False,False,False,False,67.7,5.83,46.47,True,32195.9,电子器件,专精特新/国防军工/军工航天,74.0
603679,,0.0,1.0,0.7766,1.0,1.0,0.5848,0.7217,0.6,1.0,0.0,0.0,1.0,1.0,0.3014,False,False,False,False,19.34,-0.31,16.68,True,3436.5,,,
603680,,0.0,1.0,0.8323,0.0,0.0,0.8301,0.1681,0.0,0.0,0.0,0.0,0.0,1.0,0.559,False,False,False,False,11.45,-0.69,12.96,False,8973.6,,,
603681,,0.0,1.0,0.4207,1.0,1.0,0.0,0.8398,0.6,1.0,0.0,0.0,1.0,1.0,0.3707,False,False,False,False,26.93,-1.68,22.03,True,6402.4,,,
603682,,0.7174,1.0,0.7028,1.0,0.5791,0.7282,0.1335,0.0,0.7584,0.0,0.0,0.0,0.7,0.3001,True,False,False,False,8.09,-2.53,8.13,False,3822.5,,,
603683,,0.1228,0.8715,0.7145,0.948,1.0,0.4475,0.3879,0.3,1.0,0.0,1.0,0.5,0.7,0.2327,False,False,False,False,32.47,3.77,29.05,True,9356.9,,,
603685,,0.0,1.0,0.7975,0.9182,0.1843,0.8253,0.1787,0.6,0.9851,1.0,0.0,0.0,0.7,0.246,False,False,False,False,31.94,1.04,31.13,True,6434.8,,,
603686,,0.0,1.0,0.8779,0.0,0.0,0.8312,0.1228,0.0,0.0,0.0,0.0,0.0,0.0,0.5189,False,False,False,False,14.66,-0.54,17.47,False,6090.2,环保行业,垃圾分类,28.2
603687,,0.0,1.0,0.7772,1.0,1.0,0.733,0.2504,0.3,1.0,0.0,0.0,1.0,0.7,0.244,False,False,False,False,18.13,-2.26,16.51,True,9972.1,,,
603688,,0.0,0.6724,0.4312,1.0,1.0,0.3917,0.6866,0.0,1.0,0.0,1.0,1.0,0.7,0.3954,False,False,False,False,80.33,4.97,62.96,True,43513.0,其它行业,光伏/光伏概念,41.7
603689,,0.3022,1.0,0.8796,0.289,0.0,0.8163,0.1805,0.3,0.1212,0.0,0.0,0.0,1.0,0.4072,False,False,False,False,7.66,-1.16,8.14,False,4009.6,,,
603690,,0.0,0.7791,0.5541,0.5027,0.8171,0.2608,0.411,0.0,0.9247,0.0,1.0,0.5,1.0,0.3312,False,False,True,False,28.7,4.33,27.12,True,10991.1,,专精特新,
603693,,0.4128,1.0,0.7337,0.722,0.0,0.8164,0.5674,0.3,0.2417,0.0,0.0,0.0,0.7,0.4932,False,False,False,False,14.74,1.52,15.51,False,13140.4,,光伏/光伏概念,
603696,,0.0131,1.0,0.844,0.0,0.0,0.725,0.1421,0.3,0.0,0.0,0.0,0.0,0.0,0.4825,False,False,False,False,12.8,-0.16,14.89,False,3010.6,,,
603698,,0.1761,1.0,0.6204,0.0,0.0,0.6883,0.1378,0.0,0.0,0.0,0.0,0.0,0.7,0.4293,False,False,False,False,31.14,1.9,35.13,False,16690.7,机械行业,碳中和,29.0
603699,,0.0,1.0,0.7119,0.4493,0.0,0.6234,0.1281,0.0,0.7364,0.0,0.0,0.0,1.0,0.3495,False,False,False,False,57.08,1.93,57.0,True,43274.8,机械行业,核电核能,29.0
603700,,0.4514,1.0,0.6998,0.0,0.0,0.5261,0.1099,0.6,0.0,0.0,0.0,0.0,0.0,0.4483,False,False,False,False,10.83,-0.46,12.13,False,2165.6,,,
603701,,0.2702,0.9714,0.6388,0.5929,0.0,0.5381,0.304,0.3,0.5012,0.0,1.0,0.0,0.7,0.3754,False,False,False,False,23.42,3.17,23.99,False,6121.1,,,
603703,,0.0,0.8978,0.5238,0.0602,0.0,0.0169,0.2529,0.0,0.1722,0.0,1.0,0.0,1.0,0.4056,False,False,False,False,12.33,3.61,13.15,False,5116.7,电器行业,,28.3
603706,,0.8341,0.8562,0.6266,0.6692,0.0,0.675,0.2763,0.0,0.0656,0.0,0.0,0.0,1.0,0.4394,False,False,False,False,19.91,-3.86,21.54,False,3770.6,,,
603707,,0.867,1.0,0.8483,0.0,0.0,0.1149,0.0752,0.0,0.0,0.0,0.0,0.0,0.0,0.4347,False,False,False,False,7.29,-2.41,8.56,False,11778.1,,,
603708,,0.518,1.0,0.8479,0.0,0.0,0.7265,0.1701,0.3,0.0,0.0,0.0,0.0,0.0,0.3414,False,False,False,False,9.43,-2.18,10.37,False,6019.5,,,
603709,,0.402,1.0,0.7018,0.046,0.0,0.8362,0.0651,0.0,0.0,0.0,0.0,0.0,1.0,0.3299,False,False,False,False,15.0,0.13,16.9,False,1876.6,,,
603711,,0.1619,1.0,0.7084,0.5551,0.0,0.8379,0.6675,0.0,0.2096,0.0,0.0,0.0,1.0,0.3087,False,False,False,False,12.98,-2.11,13.68,False,5359.1,,,
603712,,0.1182,1.0,0.8091,0.0,0.0,0.7019,0.2779,0.6,0.0,0.0,0.0,0.0,0.0,0.3702,False,False,False,False,13.5,-0.88,15.64,False,10422.0,,国防军工,
603713,,0.0,1.0,0.6547,0.1855,0.712,0.2193,0.3679,0.6,0.823,0.0,0.0,1.0,0.0,0.4358,False,False,False,False,58.75,0.43,56.69,True,9290.0,,,
603716,,0.0,1.0,0.8154,0.0,0.0,0.836,0.0569,0.0,0.0,0.0,0.0,0.0,0.0,0.4644,False,False,False,False,15.8,-0.57,19.18,False,3567.5,,,
603717,,0.8387,1.0,0.7701,0.1776,0.0,0.6623,0.0774,0.3,0.0,0.0,0.0,0.0,1.0,0.4018,False,False,False,False,6.2,-2.82,6.93,False,1798.9,,,
603718,,0.663,1.0,0.698,0.0,0.0,0.7867,0.1641,0.0,0.0,0.0,0.0,0.0,0.0,0.5152,False,False,False,False,3.14,1.62,3.86,False,2037.8,其它行业,,41.7
603719,,0.0444,0.9618,0.7361,0.1067,0.0,0.5541,0.1408,0.3,0.0,0.0,0.0,0.0,1.0,0.4245,False,False,False,False,9.29,-3.23,10.34,False,3725.3,,,
603721,,0.0,0.0,0.0875,0.3325,0.0,0.0819,0.1501,0.0,0.2048,0.0,0.0,0.0,0.7,0.4391,False,False,False,False,20.49,9.98,21.79,False,2663.7,,,
603722,,0.0,1.0,0.725,0.4534,0.7817,0.3376,0.2643,0.6,0.6798,0.0,0.0,0.5,1.0,0.32,False,False,False,False,38.2,-2.72,37.45,True,36.6,,专精特新,
603725,,0.8148,1.0,0.6242,1.0,1.0,0.6497,0.3204,0.9,0.7036,1.0,1.0,0.0,1.0,0.4065,True,False,False,False,10.95,-0.45,10.82,True,3138.9,,专精特新,
603726,,0.0,1.0,0.6934,0.6977,0.6863,0.2894,0.2599,0.0,1.0,0.0,0.0,0.5,1.0,0.3459,False,False,False,False,28.48,2.34,26.04,True,5260.4,,,
603727,,0.0,0.9809,0.5328,0.0,0.0,0.0,0.0836,0.0,0.3535,0.0,0.0,0.5,0.0,0.2603,False,False,False,False,15.89,3.11,16.36,False,4476.5,,,
603728,,0.3193,1.0,0.8287,0.5724,0.4908,0.6187,0.5001,0.6,0.4221,0.0,0.0,0.0,1.0,0.3378,False,False,False,False,62.2,-0.11,63.4,False,260.5,,专精特新,
603729,,0.0,1.0,0.6566,0.0,0.0,0.7225,0.253,0.3,0.0,0.0,0.0,0.0,0.0,0.4441,False,False,False,False,12.35,0.98,14.3,False,1138.2,印刷包装,海南自贸,26.0
603730,,0.0,0.8004,0.2194,1.0,1.0,0.0,0.5069,0.9,1.0,0.0,0.0,1.0,1.0,0.3185,False,False,False,False,14.15,4.2,11.64,True,30402.5,,,
603733,,0.0,0.3697,0.3426,0.9951,1.0,0.0,0.6948,1.0,1.0,0.0,0.0,1.0,0.0,0.3553,False,False,False,False,29.13,6.78,24.1,True,20616.0,,,
603737,,0.0,1.0,0.8556,0.0,0.0,0.5356,0.1384,0.0,0.0,0.0,0.0,0.0,0.0,0.5603,False,False,False,False,27.2,-1.81,38.14,False,20068.6,,,
603738,,0.0,1.0,0.3803,1.0,1.0,0.2063,0.2058,0.6,1.0,0.0,0.0,1.0,0.7,0.3322,False,False,False,False,55.51,-2.46,41.06,True,21420.6,,专精特新,
603739,,0.1274,1.0,0.8775,0.0,0.0,0.7325,0.1513,0.3,0.0,0.0,0.0,0.0,0.0,0.5518,False,False,False,False,12.34,-1.44,13.77,False,3122.4,,CXO概念/CRO概念,
603755,,0.0,0.9768,0.7327,0.0,0.0,0.6846,0.1473,0.0,0.0,0.0,0.0,0.5,0.0,0.3736,False,False,False,False,25.61,-3.14,27.72,False,25.3,,,
603757,,0.0,0.1202,0.4349,0.7031,0.0,0.5279,0.4488,0.3,0.9154,0.0,0.0,0.0,0.7,0.335,False,False,False,False,54.67,8.28,53.22,True,10198.5,,专精特新,
603758,,0.0,1.0,0.8141,0.0,0.0,0.8238,0.1439,0.3,0.0,0.0,0.0,0.0,0.0,0.5585,False,False,False,False,10.3,-0.96,12.05,False,4519.6,,,
603759,,0.0146,1.0,0.7892,0.0,0.0,0.6659,0.099,0.0,0.0,0.0,0.0,0.0,0.0,0.4551,False,False,False,False,7.63,0.53,8.74,False,3523.2,,,
603767,,0.3834,1.0,0.7403,0.0,0.0,0.8856,0.3363,0.6,0.0,0.0,0.0,0.0,1.0,0.475,False,False,False,False,16.33,0.99,19.03,False,5040.0,,,
603768,,0.738,1.0,0.7692,0.3087,0.0,0.6061,0.1144,0.3,0.0,0.0,0.0,0.0,1.0,0.4649,False,False,False,False,10.35,-0.48,11.27,False,2462.8,,,
603773,,0.0,0.0,0.3188,1.0,1.0,0.5766,0.8431,0.9,1.0,0.0,1.0,1.0,0.7,0.2151,False,False,True,False,151.03,10.0,92.31,True,33930.2,,,
603776,,0.0,0.8121,0.6188,0.6074,0.3694,0.4989,0.4753,0.6,0.9028,0.0,0.0,0.0,0.7,0.3443,False,False,False,False,20.94,4.13,20.01,True,5879.1,,,
603777,,0.0,1.0,0.5927,0.842,0.0,0.5699,0.2076,0.0,1.0,0.0,0.0,0.0,0.7,0.3118,False,False,False,False,17.55,1.15,16.84,True,5869.1,,白酒概念,
603778,,0.9589,0.0,0.7007,0.0,0.0,0.4078,0.1894,0.3,0.0,0.0,0.0,0.0,0.0,0.7757,False,False,False,False,16.04,-9.99,20.97,False,10311.4,,碳中和,
603779,,0.4815,1.0,0.5539,1.0,0.0,0.372,0.1063,0.3,0.0,0.0,0.0,0.0,1.0,0.4851,False,False,False,False,7.84,-2.85,8.48,False,2603.5,,,
603786,,0.0,1.0,0.8371,0.0,0.0,0.805,0.144,0.3,0.0,0.0,0.0,0.0,0.0,0.5125,False,False,False,False,47.69,-2.07,53.62,False,19259.9,,专精特新,
603787,,0.0,1.0,0.7789,0.0,0.0,0.7252,0.0968,0.0,0.0,0.0,0.0,0.0,0.0,0.4886,False,False,False,False,9.9,-0.5,11.43,False,2278.4,,,
603788,,0.2334,1.0,0.8221,0.2764,0.0,0.8937,0.1863,0.3,0.0,0.0,0.0,0.0,1.0,0.4533,False,False,False,False,14.7,-1.93,15.99,False,3279.1,汽车制造,汽车电子,25.0
603789,,0.1515,1.0,0.8548,0.4497,0.0236,0.8368,0.2199,0.6,0.2984,0.0,0.0,0.0,1.0,0.3728,False,False,False,False,5.45,-1.09,5.67,False,1417.0,机械行业,乡村振兴,29.0
603790,,0.0,1.0,0.8259,0.9306,0.2318,0.6687,0.2558,0.6,0.6914,1.0,1.0,0.0,1.0,0.3015,False,False,False,False,25.55,-0.43,25.36,True,4889.2,,,
603797,,0.2984,1.0,0.7613,0.0669,0.0,0.7199,0.129,0.0,0.0,0.0,0.0,0.0,0.0,0.326,False,False,False,False,4.13,-1.43,4.54,False,2381.4,,,
603798,,0.0,1.0,0.6871,0.3421,0.0,0.6643,0.2322,0.3,0.5768,0.0,0.0,0.5,0.7,0.4005,False,False,False,False,16.05,0.44,16.27,False,4116.0,,,
603799,,0.0,1.0,0.7178,0.0,0.0,0.4734,0.1747,0.0,0.0295,0.0,0.0,0.5,0.0,0.4008,False,False,False,False,53.0,1.05,57.51,False,1000.4,,盐湖提锂/稀缺资源,
603800,,0.0,0.2149,0.5385,1.0,1.0,0.4625,0.9186,0.0,1.0,0.0,1.0,0.5,0.7,0.2631,False,False,True,False,80.6,7.71,60.6,True,16764.8,,页岩气,
603801,,0.5877,1.0,0.7732,0.0,0.0,0.6087,0.1356,0.3,0.0,0.0,0.0,0.0,0.0,0.5213,False,False,False,False,6.65,-1.63,7.98,False,2888.4,,,
603803,,0.0,0.0,0.3014,0.2152,0.0,0.6104,0.3331,0.0,0.6008,0.0,1.0,0.0,0.7,0.4306,False,False,False,False,13.33,9.98,13.53,False,5663.7,,,
603806,,0.0,0.3855,0.5337,0.2756,0.0,0.302,0.3089,0.0,0.67,0.0,1.0,0.0,1.0,0.4484,False,False,False,False,17.39,6.69,17.29,True,45366.1,塑料制品,光伏/光伏概念,54.0
603808,,0.4647,0.8056,0.5906,0.1208,0.0,0.6619,0.1462,0.3,0.0007,0.0,0.0,0.0,0.0,0.4797,False,False,False,False,8.74,-4.17,9.6,False,3179.0,服装鞋类,,23.7
603809,,0.3715,1.0,0.8934,0.0816,0.0,0.5925,0.2091,0.3,0.0,0.0,0.0,0.0,0.0,0.3377,False,False,False,False,9.85,-1.6,10.96,False,9064.8,,大飞机/专精特新,
603810,,0.2834,1.0,0.6928,0.0,0.0,0.5417,0.1114,0.0,0.0,0.0,0.0,0.0,0.0,0.5471,False,False,False,False,12.3,-0.57,14.35,False,2033.7,,,
603811,,0.0,1.0,0.7885,0.141,0.0,0.7517,0.1748,0.9,0.2934,0.0,0.0,0.0,0.0,0.3932,False,False,False,False,10.83,-1.81,11.24,False,3544.7,,,
603813,,0.0,0.203,0.4719,0.8053,1.0,0.0,0.4806,0.6,1.0,0.0,1.0,1.0,1.0,0.2891,False,False,False,False,38.78,7.78,35.69,True,4072.5,,,
603815,,0.0,0.3497,0.5399,0.0901,0.0,0.6164,0.2444,0.3,0.0,0.0,0.0,0.0,1.0,0.5616,False,False,False,False,5.8,-6.9,6.54,False,3589.8,,,
603816,,0.8155,1.0,0.7667,0.0,0.0,0.1974,0.2718,0.0,0.0,0.0,0.0,0.0,0.0,0.4163,False,False,False,False,25.61,-2.59,29.85,False,20799.6,,,
603817,,0.1556,1.0,0.8521,0.0,0.0,0.7233,0.0828,0.0,0.0,0.0,0.0,0.0,0.0,0.3704,False,False,False,False,5.87,0.17,6.64,False,3346.4,,,
603818,,0.4802,1.0,0.7052,0.0,0.0,0.6083,0.0896,0.0,0.0,0.0,0.0,0.0,1.0,0.5266,False,False,False,False,2.87,-2.38,3.36,False,1970.4,家具行业,,35.0
603819,,0.2839,1.0,0.5098,0.1943,0.0,0.6424,0.1261,0.0,0.0,0.0,0.0,0.0,0.7,0.4746,False,False,False,False,11.86,2.6,13.09,False,25.8,,,
603822,,0.8948,1.0,0.7767,0.0,0.3248,0.7835,0.1524,0.0,0.0,0.0,0.0,0.5,0.0,0.3163,False,False,False,False,76.09,-1.21,83.3,False,58.5,,,
603823,,0.0,1.0,0.4639,1.0,1.0,0.2273,1.0,0.6,1.0,0.0,0.0,1.0,1.0,0.2093,False,False,False,False,44.35,0.45,25.83,True,18465.9,,钠电池,
603825,,0.4217,1.0,0.7043,0.0118,0.0,0.2447,0.2482,0.3,0.0,0.0,0.0,0.0,0.0,0.4943,False,False,False,False,7.09,1.43,8.25,False,1796.2,,,
603826,,0.0,1.0,0.6318,0.918,0.1888,0.6679,0.3029,0.0,1.0,0.0,0.0,0.5,0.7,0.2886,False,False,False,False,32.89,1.48,30.26,True,21549.5,,专精特新,
603828,,0.799,0.9467,0.6404,0.0,0.0,0.8489,0.1016,0.3,0.0,0.0,0.0,0.0,0.0,0.6396,False,False,False,False,4.66,-3.32,5.73,False,2777.1,建筑建材,,23.8
603829,,0.4126,1.0,0.7458,0.0,0.0,0.8376,0.0988,0.0,0.0,0.0,0.0,0.0,0.0,0.5867,False,False,False,False,19.47,0.31,24.17,False,3626.6,,,
603833,,0.3726,1.0,0.7675,0.0,0.0,0.2738,0.1308,0.0,0.0,0.0,0.0,0.0,0.0,0.5624,False,False,False,False,34.63,-0.2,43.12,False,21095.0,,,
603836,,0.7007,1.0,0.7633,0.1272,0.0,0.4406,0.0391,0.3,0.0,0.0,0.0,0.0,1.0,0.3436,False,False,False,False,11.63,-1.69,13.03,False,2386.9,,,
603838,,0.0,0.6582,0.3715,0.58,0.0743,0.4053,0.3617,0.6,0.967,0.0,0.0,0.5,0.7,0.3867,False,False,False,False,9.36,5.05,8.99,True,2995.3,,,
603839,,0.4507,1.0,0.7557,0.0,0.0,0.6197,0.2096,0.0,0.0,0.0,0.0,0.0,1.0,0.4053,False,False,False,False,6.48,-1.07,7.27,False,2507.9,,,
603843,,0.0,1.0,0.7712,0.7519,0.6178,0.6995,0.3254,0.0,1.0,0.0,0.0,0.5,0.7,0.31,False,False,False,False,8.8,0.69,8.11,True,6156.7,,,
603848,,0.0,1.0,0.8326,0.0,0.0,0.7579,0.1765,0.3,0.0,0.0,0.0,0.0,0.0,0.3916,False,False,False,False,13.95,0.07,15.36,False,5613.6,,,
603855,,0.0,1.0,0.8306,0.1786,0.0,0.5319,0.3258,0.3,0.2685,0.0,0.0,0.0,0.0,0.3723,False,False,False,False,17.96,1.41,18.6,False,6026.2,,光伏,
603856,,0.0,1.0,0.8065,0.2592,0.4529,0.486,0.2948,1.0,0.6194,0.0,0.0,1.0,0.0,0.3942,False,False,False,False,12.62,-1.02,12.55,True,3559.5,,,
603858,,0.0,1.0,0.8541,0.1358,0.0846,0.4643,0.2472,0.6,0.4861,0.0,0.0,0.5,0.0,0.3736,False,False,False,False,15.6,0.39,15.68,False,164.5,,,
603859,,0.0,1.0,0.7541,1.0,1.0,0.1109,0.7441,0.9,1.0,0.0,0.0,1.0,1.0,0.1739,False,False,False,False,51.2,-1.14,44.93,True,12528.5,,,
603860,,0.5095,1.0,0.8383,0.0,0.0,0.4789,0.1287,0.0,0.0,0.0,0.0,0.0,1.0,0.4527,False,False,False,False,26.23,-0.61,29.64,False,1749.0,,,
603861,,0.1177,0.0,0.0921,0.5466,0.2388,0.3373,0.4434,0.3,0.7529,0.0,0.0,0.5,0.0,0.481,False,False,False,False,16.48,10.01,16.49,False,8711.1,,,
603863,,0.4893,1.0,0.8105,0.0,0.0,0.7254,0.1269,0.0,0.0,0.0,0.0,0.0,0.0,0.5557,False,False,False,False,14.76,-2.45,17.29,False,3020.6,,,
603866,,0.3023,1.0,0.6618,0.0,0.0,0.0,0.1863,0.0,0.0,0.0,0.0,0.0,0.0,0.3693,False,False,False,False,4.23,2.17,4.77,False,6766.8,,,
603867,,0.0,1.0,0.7747,1.0,1.0,0.5154,0.4102,0.0,1.0,0.0,0.0,0.5,0.7,0.3081,False,False,False,False,39.51,0.38,36.24,True,8521.8,,,
603868,,0.5122,0.6976,0.507,0.4225,0.0,0.3158,0.3687,0.6,0.0218,0.0,0.0,0.0,1.0,0.4785,False,False,False,False,32.82,-4.81,35.64,False,14296.4,,,
603869,,0.3702,0.7879,0.5997,0.2125,0.0,0.0954,0.1721,0.0,0.0,0.0,1.0,0.0,0.7,0.4035,False,False,False,False,9.03,4.27,10.03,False,4461.9,酒店旅游,,27.5
603871,,0.0,1.0,0.8633,0.0439,0.133,0.884,0.1958,0.3,0.2442,0.0,0.0,0.5,0.0,0.3088,False,False,False,False,12.05,-1.15,12.6,False,16484.5,,,
603876,,0.0,1.0,0.6836,0.8894,0.1064,0.6904,0.2313,0.3,1.0,0.0,0.0,0.5,0.7,0.3222,False,False,False,False,26.72,0.64,25.32,True,24830.0,,,
603877,,0.1785,1.0,0.7084,0.1523,0.111,0.5406,0.0888,0.3,0.1153,0.0,0.0,0.5,0.0,0.3679,False,False,False,False,12.96,-2.26,13.79,False,6082.4,,,
603878,,0.0,0.6187,0.5956,0.0,0.0,0.3978,0.1408,0.9,0.0,0.0,0.0,0.0,0.0,0.6046,False,False,False,False,6.09,-5.29,7.24,False,3417.4,,,
603879,,0.1488,1.0,0.7372,0.0,0.0,0.5912,0.0855,0.0,0.0,0.0,0.0,0.0,0.0,0.4677,False,False,False,False,4.75,-1.45,5.4,False,1706.9,,,
603880,,0.5248,1.0,0.7181,0.9294,0.192,0.7123,0.3834,0.6,0.4169,0.0,0.0,0.0,1.0,0.3638,False,False,False,False,7.33,0.0,7.6,False,2118.7,,,
603881,,0.6665,1.0,0.8104,0.1386,0.0,0.8905,0.3069,0.3,0.0,0.0,1.0,0.0,0.7,0.4569,False,False,False,False,31.89,-0.34,36.72,False,22909.0,,百度概念,
603882,,0.0,1.0,0.8305,0.0262,0.0,0.6599,0.1844,0.3,0.0028,0.0,0.0,0.5,0.0,0.4678,False,False,False,False,24.31,-1.9,26.23,False,11185.9,,,
603883,,0.0,1.0,0.8467,0.0,0.0,0.5462,0.1508,0.3,0.0,0.0,0.0,0.5,0.0,0.3928,False,False,False,False,11.95,-1.89,12.9,False,9068.7,商业百货,,26.7
603885,,0.0,0.9854,0.7198,0.0018,0.1079,0.6051,0.3609,0.9,0.228,0.0,0.0,0.5,0.0,0.3335,False,False,False,False,11.3,-3.09,11.73,False,24679.3,其它行业,军工航天,41.7
603887,,0.1804,1.0,0.7733,0.0,0.0,0.7714,0.0757,0.0,0.0,0.0,0.0,0.0,0.0,0.536,False,False,False,False,10.91,0.28,13.49,False,6568.1,,,
603888,,0.169,1.0,0.6663,0.0642,0.0,0.4728,0.1934,0.0,0.2276,0.0,1.0,0.0,0.0,0.2675,False,False,False,False,18.73,0.81,19.69,False,126.4,,,
603889,,0.0,1.0,0.8322,0.0,0.0,0.7236,0.1398,0.6,0.0,0.0,0.0,0.5,1.0,0.5602,False,False,False,False,5.83,-2.18,7.12,False,4225.1,纺织行业,,26.5
603890,,0.7806,0.9695,0.5039,1.0,1.0,0.5323,0.3909,0.3,1.0,1.0,0.0,0.5,0.7,0.2651,False,False,False,False,24.96,3.18,22.05,True,11152.3,,,
603893,,0.0,1.0,0.7345,0.4641,0.0,0.7013,0.4111,0.3,0.4091,0.0,0.0,0.0,1.0,0.3586,False,False,False,False,172.05,0.76,175.16,False,72411.8,,,
603895,,0.4773,1.0,0.6551,0.787,0.0,0.7996,0.289,0.0,0.1605,0.0,0.0,0.0,1.0,0.4121,False,False,False,False,30.76,0.72,33.08,False,3324.5,,专精特新,
603896,,0.0,1.0,0.8895,0.0,0.0,0.5625,0.281,0.0,0.0,0.0,0.0,0.5,0.0,0.254,False,False,False,False,15.71,0.19,16.98,False,3114.4,,,
603897,,0.3792,1.0,0.607,0.6834,0.0,0.7568,0.2016,0.6,0.0028,0.0,1.0,0.0,0.7,0.452,False,False,False,False,38.55,2.83,43.23,False,7958.1,,,
603898,,0.0,1.0,0.761,0.1263,0.326,0.5027,0.3279,0.6,0.3072,0.0,0.0,1.0,0.0,0.3479,False,False,False,False,12.61,-1.71,13.16,False,3926.1,家具行业,,35.0
603899,,0.0,1.0,0.8668,0.0,0.0,0.5458,0.2243,0.0,0.0387,0.0,0.0,0.5,0.0,0.4136,False,False,False,False,22.24,-1.24,23.71,False,20482.4,,,
603900,,0.0,1.0,0.8018,0.0,0.0,0.5889,0.1062,0.0,0.0,0.0,0.0,0.0,0.0,0.5283,False,False,False,False,6.27,-1.88,7.17,False,2148.9,,,
603901,,0.0,1.0,0.8903,0.0,0.0,0.7849,0.1999,0.0,0.0,0.0,0.0,0.0,0.0,0.3362,False,False,False,False,10.9,-0.37,12.02,False,5889.2,其它行业,,41.7
603903,,0.0,1.0,0.6656,0.3597,0.2267,0.667,0.3833,0.6,0.6752,0.0,0.0,0.0,1.0,0.4431,False,False,False,False,12.27,0.9,12.14,True,3132.8,,,
603906,,0.0,0.5486,0.4387,0.5894,0.0,0.4281,0.1534,0.0,1.0,0.0,0.0,0.5,0.7,0.3658,False,False,False,False,25.74,5.71,24.73,True,14545.1,,,
603908,,0.4307,1.0,0.7418,0.0,0.0,0.6052,0.0535,0.0,0.0,0.0,0.0,0.0,0.0,0.4338,False,False,False,False,19.03,-0.42,21.78,False,1772.2,,,
603912,,0.0,1.0,0.7006,0.0221,0.0,0.8704,0.255,0.0,0.0,0.0,1.0,0.0,0.7,0.4842,False,False,False,False,8.61,1.77,9.58,False,4665.5,,专精特新,
603915,,0.0,1.0,0.7165,0.4332,0.0,0.758,0.3277,0.6,0.4552,0.0,1.0,0.0,1.0,0.3291,False,False,False,False,16.12,0.81,16.45,False,10584.9,,,
603916,,0.0,1.0,0.5313,1.0,0.9289,0.2136,0.4843,0.9,1.0,1.0,0.0,0.5,1.0,0.2866,False,False,False,False,13.79,-2.06,13.19,True,5796.3,,,
603917,,0.0,1.0,0.7383,0.1107,0.0,0.568,0.2544,0.0,0.2106,0.0,0.0,0.0,0.0,0.3949,False,False,False,False,12.2,-0.25,12.72,False,2486.8,,,
603918,,0.0217,1.0,0.8262,0.0,0.0,0.6792,0.1894,0.0,0.0,0.0,0.0,0.0,0.0,0.4713,False,False,False,False,10.76,0.19,12.58,False,3928.6,其它行业,,41.7
603919,,0.2261,1.0,0.7886,0.5524,0.2536,0.7716,0.4361,0.9,0.374,0.0,0.0,0.0,1.0,0.3866,False,False,False,False,18.91,-0.05,19.39,False,9592.3,,白酒概念,
603920,,0.0,1.0,0.7746,0.5788,0.0,0.7713,0.3888,0.0,0.721,0.0,1.0,0.0,1.0,0.2662,False,False,False,False,59.0,2.29,59.05,False,42514.9,,,
603922,,0.0,0.6709,0.9904,0.0,0.0,1.0,0.3246,0.3,0.0,0.0,1.0,0.0,0.0,0.6572,False,False,False,False,14.56,4.97,16.92,False,2609.2,,,
603926,,0.1872,0.9387,0.5475,0.5045,0.0,0.7617,0.3491,0.0,0.3878,0.0,0.0,0.0,1.0,0.4194,False,False,False,False,19.95,3.37,20.91,False,4605.2,,,
603927,,0.4451,1.0,0.7858,0.0,0.0,0.3017,0.1656,0.0,0.0,0.0,0.0,0.0,0.0,0.4313,False,False,False,False,14.3,-2.26,16.09,False,11883.9,,,
603928,,0.0,1.0,0.7929,0.3768,0.1405,0.6184,0.5043,0.3,0.5498,0.0,0.0,0.5,1.0,0.3212,False,False,False,False,15.52,0.45,15.56,False,4067.5,,大飞机,
603931,,0.2388,0.504,0.291,1.0,1.0,0.4437,0.4519,0.0,1.0,1.0,1.0,0.0,1.0,0.3479,False,False,False,False,57.1,5.98,48.35,True,11394.8,,,
603933,,0.0,1.0,0.7575,0.4027,0.0,0.9171,0.3069,0.3,0.5552,0.0,0.0,0.0,0.7,0.4125,False,False,False,False,23.53,1.91,23.9,False,48.8,,,
603936,,0.0,1.0,0.693,1.0,1.0,0.6018,0.3261,0.0,1.0,0.0,0.0,0.5,0.7,0.3023,False,False,False,False,25.37,1.6,19.77,True,15993.2,,军民融合,
603937,,0.0,1.0,0.6466,0.5023,0.0,0.8733,0.1964,0.0,0.5683,0.0,0.0,0.0,0.7,0.4797,False,False,False,False,14.05,2.03,14.37,False,2934.9,,,
603938,,0.0,0.6721,0.3511,1.0,1.0,0.2392,0.4431,0.9,1.0,0.0,1.0,1.0,0.7,0.1837,False,False,False,False,57.48,4.97,41.67,True,21993.3,,氢能源,
603939,,0.0,0.9341,0.7194,0.0655,0.0,0.548,0.3563,0.6,0.0,0.0,0.0,0.5,0.0,0.3852,False,False,False,False,20.2,-3.4,21.87,False,24490.3,商业百货,,26.7
603948,,0.0,0.9253,0.719,0.1547,0.0,0.4587,0.316,0.6,0.3122,0.0,0.0,0.5,0.0,0.4223,False,False,False,False,25.2,-3.45,26.28,False,4094.7,,,
603950,,0.0,0.7365,0.604,1.0,0.1934,0.5175,0.2884,0.0,1.0,1.0,0.0,0.0,0.7,0.3186,False,False,False,False,62.49,-4.58,60.2,True,20222.2,,,
603955,,0.0,1.0,0.6743,0.0546,0.2158,0.3091,0.3097,0.9,0.2319,0.0,0.0,1.0,0.0,0.418,False,False,False,False,24.22,-0.57,25.0,False,3287.1,,,
603956,,0.3523,1.0,0.6866,0.0,0.0,0.5335,0.2642,0.6,0.0,0.0,0.0,0.0,0.0,0.5312,False,False,False,False,4.7,0.43,5.59,False,2678.6,,专精特新,
603958,,0.0,0.9826,0.4029,0.3918,0.0,0.6451,0.3008,0.0,0.3798,0.0,0.0,0.0,0.7,0.4106,False,False,False,False,20.26,3.1,21.05,False,4444.2,,,
603959,,0.0,0.683,0.8693,0.0,0.0,0.8797,0.2377,0.3,0.0,0.0,0.0,0.0,0.0,0.7418,False,False,False,False,4.28,4.9,4.86,False,2098.5,,盐湖提锂,
603960,,0.1402,0.6453,0.4872,0.2745,0.0,0.4661,0.2721,0.6,0.3274,0.0,1.0,0.0,1.0,0.4303,False,False,False,False,20.91,5.13,21.77,False,5482.6,,,
603966,,0.0,1.0,0.7632,0.0,0.0,0.4493,0.1062,0.3,0.0,0.0,0.0,0.5,0.0,0.5419,False,False,False,False,9.15,-1.51,11.25,False,3654.2,,专精特新,
603967,,0.722,0.8061,0.7002,0.3238,0.0,0.6194,0.138,0.0,0.0741,0.0,0.0,0.0,0.7,0.4742,False,False,False,False,11.51,-4.16,12.49,False,3990.1,,,
603968,,0.0,1.0,0.6197,0.0093,0.0,0.7689,0.1715,0.9,0.0,0.0,0.0,0.0,0.0,0.4188,False,False,False,False,10.68,-1.75,11.8,False,2183.8,其它行业,,41.7
603969,,0.3513,1.0,0.7009,0.0,0.0,0.6759,0.3179,0.0,0.0,0.0,0.0,0.0,0.0,0.4336,False,False,False,False,7.8,0.0,8.77,False,6626.9,建筑建材,雄安新区,23.8
603970,,0.771,1.0,0.8881,0.0,0.0,0.5474,0.0463,0.3,0.0,0.0,0.0,0.0,0.0,0.4184,False,False,False,False,10.6,-1.12,12.05,False,2849.3,,乡村振兴,
603976,,0.0,1.0,0.497,0.9964,1.0,0.0,0.7007,0.6,1.0,0.0,0.0,1.0,0.7,0.2221,False,False,False,False,25.18,0.0,22.0,True,3807.3,,,
603977,,0.1962,0.821,0.5029,0.1969,0.0,0.4958,0.2949,0.6,0.1997,0.0,0.0,0.0,0.0,0.411,False,False,False,False,13.54,4.07,14.41,False,8411.6,,,
603978,,0.0,0.9197,0.51,0.4956,0.0,0.5545,0.3471,0.3,0.4449,0.0,0.0,0.0,1.0,0.3718,False,False,False,False,26.75,3.48,27.56,False,5646.8,,,
603979,,0.0,0.4059,0.5212,0.7326,1.0,0.1114,0.3923,0.0,1.0,0.0,0.0,1.0,1.0,0.3625,False,False,False,False,72.73,-6.56,68.88,True,45368.2,,,
603980,,0.0,1.0,0.8311,0.1113,0.0,0.575,0.4753,0.3,0.4054,0.0,0.0,0.0,0.0,0.2788,False,False,False,False,5.86,-1.01,6.01,False,39.7,,,
603982,,0.1374,1.0,0.748,0.0,0.0,0.6735,0.1268,0.3,0.0,0.0,0.0,0.0,0.0,0.4986,False,False,False,False,6.37,0.31,7.25,False,2163.0,,,
603983,,0.0,1.0,0.8983,0.0,0.0,0.6696,0.2654,0.9,0.0,0.0,0.0,0.0,0.0,0.3701,False,False,False,False,22.08,-0.94,24.68,False,8854.1,,,
603985,,0.0,1.0,0.741,0.79,0.073,0.8527,0.2372,0.0,1.0,0.0,0.0,0.5,0.7,0.2984,False,False,False,False,24.61,0.65,23.05,True,10849.5,,,
603986,,0.0,1.0,0.6766,1.0,1.0,0.5838,0.5062,0.0,1.0,0.0,0.0,1.0,1.0,0.4267,False,False,False,False,532.76,2.85,408.67,True,355801.0,,无线耳机,
603987,,0.0,1.0,0.9087,0.0,0.0,0.874,0.1048,0.0,0.0,0.0,0.0,0.5,0.0,0.5938,False,False,False,False,7.24,-0.82,7.94,False,3162.4,,专精特新,
603988,,0.0,1.0,0.7918,0.0,0.0,0.8282,0.1342,0.0,0.0,0.0,0.0,0.0,0.0,0.522,False,False,False,False,19.36,-0.87,23.04,False,4553.5,电器行业,光伏,28.3
603989,,0.0,0.0,0.2923,1.0,1.0,0.5508,0.794,0.3,1.0,0.0,1.0,0.5,0.7,0.2451,False,False,False,False,34.3,10.01,26.56,True,13678.1,其它行业,,41.7
603990,,0.0,0.6885,0.4855,1.0,1.0,0.1212,0.8429,0.6,1.0,0.0,0.0,0.5,0.7,0.3332,False,False,False,False,22.83,4.87,18.52,True,6992.4,,,
603991,,0.0,0.9759,0.681,0.7375,0.6197,0.3372,0.2428,0.6,1.0,0.0,0.0,0.5,0.7,0.3695,False,False,False,False,114.58,-3.14,109.94,True,8540.2,,,
603992,,0.0,0.8818,0.6954,0.0146,0.6885,0.2513,0.233,0.3,0.5997,0.0,0.0,1.0,0.0,0.3972,False,False,False,False,32.45,-3.71,32.52,False,14376.7,,,
603993,,0.0,0.7909,0.7482,0.1639,0.5469,0.0,0.3203,0.3,1.0,0.0,0.0,0.5,0.0,0.4441,False,False,False,False,20.03,-4.25,19.22,True,349740.7,,含H股/稀缺资源,
603995,,0.0,1.0,0.731,0.6335,1.0,0.0078,0.4117,0.6,1.0,0.0,0.0,1.0,1.0,0.3866,False,False,False,False,21.35,0.19,19.24,True,7805.9,,专精特新,
603997,,0.0165,1.0,0.7747,0.7724,1.0,0.6654,0.3221,0.6,0.9026,0.0,0.0,0.5,1.0,0.3185,False,False,False,False,14.27,-1.59,13.74,True,18155.2,汽车制造,,25.0
603998,,0.0,1.0,0.8424,0.0093,0.0,0.6725,0.0888,0.3,0.0,0.0,0.0,0.5,0.0,0.3541,False,False,False,False,9.55,-1.85,10.4,False,4193.2,生物制药,抗癌,24.5
603999,,0.0,1.0,0.8092,0.0,0.0,0.8567,0.1465,0.3,0.0,0.0,0.0,0.0,0.0,0.5922,False,False,False,False,5.53,-1.07,6.37,False,3185.3,,,
605001,,0.1282,1.0,0.693,0.0,0.0,0.4848,0.0731,0.0,0.0,0.0,0.0,0.0,0.0,0.4801,False,False,False,False,5.99,-1.48,6.86,False,2353.4,,大飞机,
605003,,0.5072,1.0,0.7849,0.0,0.0,0.8211,0.0805,0.0,0.0,0.0,0.0,0.0,0.0,0.5067,False,False,False,False,22.75,-2.11,26.55,False,2502.5,,,
605005,,0.0,1.0,0.9189,0.0,0.0,0.9075,0.0974,0.0,0.0,0.0,0.0,0.0,0.0,0.5429,False,False,False,False,16.27,-1.09,17.95,False,65.2,,,
605006,,0.0,0.0,0.1315,1.0,1.0,0.6026,0.6833,0.3,1.0,0.0,0.0,1.0,0.7,0.3107,False,False,True,False,23.98,10.0,15.51,True,14389.2,,,
605007,,0.0,1.0,0.8702,0.1909,0.0,0.8783,0.2112,0.0,0.2092,0.0,0.0,0.0,1.0,0.4629,False,False,False,False,13.26,-0.67,14.13,False,5324.6,,,
605008,,0.0,1.0,0.7539,0.0407,0.029,0.6008,0.2325,0.3,0.2,0.0,0.0,0.5,0.0,0.3627,False,False,False,False,11.45,-1.72,11.84,False,7396.3,,,
605009,,0.4194,1.0,0.8168,0.0,0.0,0.4927,0.1034,0.0,0.0,0.0,0.0,0.0,0.0,0.4371,False,False,False,False,23.06,-2.54,26.48,False,4958.8,,,
605011,,0.6848,1.0,0.6033,0.3542,0.0,0.5892,0.3159,0.3,0.0,0.0,1.0,0.0,1.0,0.5088,False,False,False,False,18.23,1.39,20.78,False,7293.8,,光伏,
605016,,0.0,1.0,0.8331,0.3556,0.115,0.8517,0.3224,0.0,0.7611,0.0,0.0,0.5,0.7,0.3487,False,False,False,False,25.51,-1.77,25.22,True,10714.5,,专精特新,
605018,,1.0,1.0,0.7443,1.0,1.0,0.3027,0.3465,0.6,1.0,1.0,0.0,0.5,0.7,0.335,True,False,False,False,15.04,-2.21,14.13,True,7069.8,,,
605020,,0.0,1.0,0.5633,1.0,1.0,0.0734,0.5665,0.3,1.0,0.0,0.0,0.5,1.0,0.3392,False,False,False,False,35.32,-0.28,31.1,True,17763.3,,,
605028,,0.0,1.0,0.8163,0.0,0.0,0.7423,0.0809,0.3,0.0,0.0,0.0,0.5,0.0,0.3881,False,False,False,False,22.31,-0.84,24.8,False,35.7,,,
605033,,0.0919,1.0,0.8872,0.0,0.0,0.715,0.2132,0.3,0.0,0.0,0.0,0.0,0.0,0.4039,False,False,False,False,18.81,-0.53,21.04,False,2543.1,,,
605050,,0.333,1.0,0.8717,0.0,0.0,0.8798,0.117,0.0,0.0,0.0,0.0,0.0,0.0,0.5039,False,False,False,False,10.34,-0.48,11.76,False,5095.9,,,
605055,,0.0,1.0,0.5422,0.8265,0.0,0.7575,0.2699,0.3,0.7027,0.0,0.0,0.0,0.7,0.2804,False,False,False,False,11.68,0.26,11.69,False,5139.2,,,
605058,,0.0,1.0,0.6963,0.8113,0.8701,0.3638,0.3852,0.0,1.0,0.0,0.0,0.5,0.7,0.464,False,False,False,False,40.69,0.2,36.98,True,5815.6,,,
605060,,0.0,0.97,0.6707,0.1416,0.0,0.7137,0.1998,0.0,0.6566,0.0,0.0,0.0,0.0,0.3436,False,False,False,False,51.59,3.18,52.54,False,12326.9,,,
605066,,0.0,1.0,0.4857,0.0,0.0,0.3818,0.0874,0.6,0.0439,0.0,0.0,0.0,0.0,0.5455,False,False,False,False,6.94,2.97,7.46,False,3486.9,,,
605068,,0.4429,0.9424,0.5017,0.0,0.0,0.6596,0.1249,0.0,0.0,0.0,1.0,0.0,1.0,0.639,False,False,False,False,19.77,3.35,24.29,False,3206.7,,,
605069,,0.0,1.0,0.478,0.0,0.0,0.0,0.1517,0.0,0.0,0.0,1.0,0.0,1.0,0.6088,False,False,False,False,10.78,1.7,12.85,False,2282.1,,,
605077,,0.7956,1.0,0.7731,0.0,0.0,0.8888,0.1713,0.0,0.0,0.0,0.0,0.0,1.0,0.7281,False,False,False,False,12.08,-2.11,15.61,False,3617.1,,,
605080,,0.0293,1.0,0.7165,0.1407,0.0,0.5855,0.2172,0.3,0.0,0.0,0.0,0.0,1.0,0.468,False,False,False,False,21.41,0.05,23.88,False,3004.9,,,
605086,,0.067,1.0,0.6373,0.0,0.0,0.7286,0.1276,0.3,0.0,0.0,0.0,0.0,0.0,0.5204,False,False,False,False,28.3,-0.04,32.38,False,5071.4,,,
605088,,0.2775,0.9326,0.7248,0.2803,0.0,0.3109,0.1831,0.3,0.0269,0.0,0.0,0.0,1.0,0.4235,False,False,False,False,32.06,-3.4,34.68,False,6402.9,,,
605089,,0.0,0.3755,0.2707,0.0,0.0,0.0722,0.2173,0.3,0.1086,0.0,0.0,0.0,0.0,0.4282,False,False,False,False,22.15,6.75,23.49,False,3056.7,,,
605090,,0.4204,0.9872,0.765,0.0,0.0,0.7828,0.2147,0.3,0.0,0.0,0.0,0.0,1.0,0.4628,False,False,False,False,34.65,-3.08,39.92,False,24411.9,,,
605098,,0.1714,1.0,0.7603,0.5611,0.0,0.6839,0.0875,0.0,0.522,0.0,0.0,0.5,0.7,0.3099,False,False,False,False,54.31,-2.84,56.16,False,6476.5,,,
605099,,0.7824,1.0,0.7575,0.1596,0.0,0.8173,0.1856,0.0,0.0,0.0,0.0,0.0,1.0,0.58,False,False,False,False,34.22,-2.76,41.47,False,13737.7,,,
605100,,0.0,0.9558,0.5419,0.0,0.0,0.1543,0.2625,0.0,0.0,0.0,1.0,0.5,0.7,0.4892,False,False,False,False,36.37,3.27,41.63,False,6180.4,,,
605108,,0.0,1.0,0.8561,0.0,0.0,0.8243,0.1043,0.0,0.0,0.0,0.0,0.0,0.0,0.5161,False,False,False,False,12.8,-1.31,14.78,False,3328.0,,,
605111,,0.0,1.0,0.7162,1.0,1.0,0.5849,0.4739,0.3,1.0,0.0,0.0,0.5,1.0,0.3974,False,False,False,False,66.33,1.22,53.42,True,27549.0,,,
605116,,0.0,1.0,0.8298,0.0,0.0,0.7112,0.1067,0.0,0.0,0.0,0.0,0.5,0.0,0.4363,False,False,False,False,19.15,-2.2,22.15,False,7778.4,,,
605118,,0.0,1.0,0.8563,0.0,0.0,0.7558,0.1918,0.3,0.0,0.0,0.0,0.0,0.0,0.582,False,False,False,False,32.99,0.15,38.52,False,13488.6,,专精特新,
605122,,0.5686,1.0,0.7941,0.2445,0.0,0.7982,0.1598,0.0,0.0,0.0,0.0,0.0,1.0,0.328,False,False,False,False,11.93,-0.42,13.23,False,2056.2,,,
605123,,0.0,1.0,0.7924,0.2924,0.0,0.5258,0.1222,0.0,0.2631,0.0,0.0,0.0,1.0,0.4356,False,False,False,False,97.97,1.7,104.12,False,11871.1,,专精特新,
605128,,0.0,1.0,0.7543,0.0,0.0,0.1286,0.4275,0.6,0.0,0.0,1.0,0.5,0.0,0.4174,False,False,False,False,24.96,1.09,30.72,False,5270.0,,,
605133,,0.0,0.5759,0.6156,0.8643,0.1505,0.3989,0.2326,0.0,0.4697,0.0,0.0,0.0,0.7,0.4206,False,False,False,False,34.24,-5.54,34.83,False,9659.7,,,
605136,,0.6527,1.0,0.8231,0.0,0.0,0.6958,0.0749,0.3,0.0,0.0,0.0,0.0,1.0,0.6035,False,False,False,False,8.15,-1.69,9.79,False,3263.7,,,
605138,,0.6128,1.0,0.6598,0.2047,0.0,0.6537,0.197,0.0,0.0,0.0,0.0,0.0,1.0,0.4728,False,False,False,False,6.11,-2.55,7.0,False,3394.5,,,
605151,,0.4946,1.0,0.7462,0.5386,0.0,0.7601,0.3045,0.0,0.1156,0.0,0.0,0.0,1.0,0.4526,False,False,False,False,19.28,-0.82,20.73,False,2594.2,,,
605155,,0.0,0.9169,0.4218,0.0,0.0,0.4425,0.2867,0.3,0.0,0.0,0.0,0.5,0.0,0.511,False,False,False,False,14.2,3.5,15.57,False,2653.0,,,
605158,,0.0,1.0,0.655,0.0,0.0,0.7727,0.054,0.0,0.0,0.0,0.0,0.0,1.0,0.4575,False,False,False,False,6.63,0.91,7.27,False,3390.7,,,
605162,,1.0,1.0,0.733,0.2522,0.0,0.6387,0.1494,0.3,0.0,0.0,0.0,0.5,0.0,0.6072,False,False,False,False,9.05,-2.06,10.87,False,3737.6,,,
605166,,0.0,0.0,0.2979,0.206,0.0,0.263,0.2735,0.3,0.6442,0.0,0.0,0.0,0.7,0.5126,False,False,False,False,10.76,10.02,10.61,True,3386.5,,,
605167,,0.6335,0.9705,0.769,0.0,0.0,0.2747,0.1462,0.0,0.0,0.0,0.0,0.0,1.0,0.5505,False,False,False,False,13.41,-3.18,16.26,False,6022.4,,,
605168,,0.0,0.3324,0.2086,0.9456,0.0,0.4655,0.4065,0.3,1.0,1.0,0.0,0.0,0.7,0.2415,False,False,False,False,49.49,7.01,47.46,True,10433.3,,,
605169,,0.6135,1.0,0.7482,0.0,0.0,0.6091,0.237,0.3,0.0,0.0,0.0,0.0,0.0,0.556,False,False,False,False,10.02,-0.4,12.03,False,2834.5,,,
605177,,1.0,0.38,0.5255,0.6116,0.0,0.2401,0.2261,0.3,0.0,0.0,0.0,0.0,1.0,0.6622,False,False,False,False,18.74,-6.72,21.49,False,2129.8,,,
605178,,0.0,1.0,0.6847,0.2252,0.0,0.7634,0.3143,0.6,0.3986,0.0,1.0,0.0,0.0,0.3358,False,False,False,False,63.13,0.88,66.68,False,6254.9,,,
605179,,0.0,1.0,0.7465,0.0,0.0,0.7557,0.165,0.6,0.0,0.0,0.0,0.0,0.0,0.4569,False,False,False,False,14.03,-1.2,16.03,False,5626.0,,,
605180,,0.0,1.0,0.776,0.1553,0.0,0.5604,0.1003,0.3,0.2849,0.0,0.0,0.5,1.0,0.4334,False,False,False,False,13.99,0.0,14.5,False,2364.3,,,
605183,,0.0,1.0,0.8182,0.0,0.0,0.7368,0.1166,0.3,0.0,0.0,0.0,0.0,0.0,0.4077,False,False,False,False,15.16,-1.56,16.9,False,6252.4,,专精特新,
605186,,0.0,0.7558,0.3732,1.0,1.0,0.0466,0.7691,1.0,1.0,0.0,0.0,1.0,1.0,0.1981,False,False,False,False,33.22,4.47,25.7,True,4517.9,,,
605188,,0.0,1.0,0.7507,0.0,0.0,0.7475,0.185,0.6,0.0,0.0,0.0,0.0,0.0,0.3801,False,False,False,False,13.42,-1.61,15.2,False,6741.7,,,
605189,,0.0,1.0,0.8201,0.0,0.0,0.8364,0.1537,0.0,0.0,0.0,0.0,0.0,0.7,0.5754,False,False,False,False,13.65,-0.44,15.32,False,2649.2,,,
605196,,0.7763,1.0,0.6118,0.0,0.0,0.1644,0.1587,0.6,0.0,0.0,0.0,0.0,0.0,0.5786,False,False,False,False,33.52,-2.42,40.96,False,16926.4,,,
605198,,0.0,0.0,0.682,1.0,1.0,0.0,0.7386,0.3,1.0,0.0,0.0,1.0,0.7,0.561,False,False,False,False,78.41,10.0,53.26,True,212.1,,,
605199,,0.2574,1.0,0.8425,0.3148,0.0,0.8159,0.2552,0.6,0.0,0.0,0.0,0.0,0.0,0.4817,False,False,False,False,6.27,-1.26,6.69,False,2508.7,,专精特新,
605208,,0.0,1.0,0.8369,0.7388,1.0,0.656,1.0,0.3,1.0,0.0,0.0,1.0,0.7,0.2912,False,False,False,False,15.67,-1.69,14.53,True,5170.2,,,
605218,,0.0,0.9384,0.5507,0.2325,0.0,0.3954,0.2526,0.6,0.5502,0.0,0.0,0.5,1.0,0.4267,False,False,False,False,18.1,3.37,17.79,True,3852.3,,,
605222,,0.1424,1.0,0.7146,0.5363,0.0,0.8028,0.2057,0.0,0.0432,0.0,0.0,0.0,0.7,0.4795,False,False,False,False,25.49,1.03,28.56,False,10524.9,,,
605228,,0.0,1.0,0.8341,0.1016,0.0,0.6137,0.1842,0.3,0.1748,0.0,0.0,0.5,0.0,0.3693,False,False,False,False,13.06,-1.51,13.76,False,6231.4,,,
605255,,0.0,0.0,0.3341,0.0,0.0,0.5116,0.1773,0.3,0.0,0.0,0.0,0.0,0.0,0.5878,False,False,False,False,83.26,10.0,98.32,False,11163.5,,,
605258,,0.0,1.0,0.7235,0.4293,0.0,0.2571,0.3548,0.0,0.8054,0.0,0.0,0.5,0.7,0.3903,False,False,False,False,36.53,2.35,35.56,True,3214.6,,,
605259,,0.5073,1.0,0.7855,0.024,0.0,0.7045,0.1963,0.3,0.0,0.0,0.0,0.0,0.0,0.3329,False,False,False,False,17.98,-1.96,19.67,False,3101.2,,,
605266,,0.928,1.0,0.751,0.1934,0.0,0.5223,0.1845,0.0,0.0,0.0,0.0,0.0,0.0,0.543,False,False,False,False,16.15,-2.71,18.66,False,2495.9,,,
605268,,0.0,1.0,0.7444,0.0,0.0,0.8191,0.1485,0.0,0.0,0.0,0.0,0.0,0.0,0.4849,False,False,False,False,10.03,1.21,11.19,False,44.2,,,
605277,,0.1586,1.0,0.8096,0.262,0.0,0.4115,0.192,0.6,0.2606,0.0,1.0,0.0,1.0,0.3957,False,False,False,False,22.0,1.34,23.08,False,70.0,,,
605287,,0.0,0.7766,0.5021,0.2101,0.0,0.7901,0.1694,0.3,0.4931,0.0,0.0,0.0,1.0,0.3987,False,False,False,False,43.03,4.34,45.04,False,6024.2,,,
605288,,0.7216,0.7066,0.6494,0.1706,0.0,0.204,0.5228,0.6,0.0,0.0,1.0,0.0,1.0,0.7412,False,False,False,False,73.5,4.76,91.19,False,5159.6,,,
605296,,0.0,1.0,0.7821,0.0724,0.0,0.8113,0.1352,0.3,0.1429,0.0,0.0,0.5,0.0,0.4296,False,False,False,False,26.2,-0.42,27.63,False,13571.2,,,
605298,,0.0,0.9788,0.8161,0.8701,0.6882,0.5308,0.1483,0.6,1.0,0.0,0.0,0.5,0.7,0.2844,False,False,False,False,55.14,-3.13,53.04,True,102.7,,专精特新,
605299,,0.3935,1.0,0.7956,0.0585,0.0,0.9466,0.1404,0.0,0.0,0.0,0.0,0.0,0.7,0.5418,False,False,False,False,15.36,0.2,17.69,False,6285.7,,鸿蒙概念,
605300,,0.7462,1.0,0.8473,0.0,0.0,0.7161,0.1051,0.3,0.0,0.0,0.0,0.0,0.0,0.465,False,False,False,False,9.0,-1.85,10.32,False,40.9,,,
605303,,0.0,0.7008,0.4428,1.0,1.0,0.3466,0.6823,0.6,1.0,0.0,0.0,1.0,0.7,0.3591,False,False,False,False,31.47,4.8,25.18,True,5074.1,,,
605305,,0.0,1.0,0.8486,0.0742,0.0,0.6863,0.0779,0.3,0.0817,0.0,0.0,0.0,0.0,0.4686,False,False,False,False,38.07,-1.75,41.13,False,8090.6,,专精特新,
605318,,0.0,1.0,0.2578,1.0,1.0,0.0,0.4237,1.0,1.0,0.0,0.0,1.0,0.7,0.2721,False,False,False,False,132.26,-1.45,96.16,True,166.3,,,
605319,,0.6675,1.0,0.8237,0.6406,0.6914,0.8307,0.3147,0.6,0.7481,1.0,1.0,0.5,0.7,0.2344,True,False,False,False,26.22,0.5,25.91,True,9128.5,,,
605333,,0.0306,1.0,0.817,0.0,0.0,0.6851,0.1016,0.0,0.0,0.0,0.0,0.0,0.0,0.4689,False,False,False,False,19.05,-1.35,22.71,False,8840.0,,,
605336,,0.966,1.0,0.8154,0.5753,0.0,0.9363,0.262,0.0,0.2654,0.0,0.0,0.0,0.7,0.4158,False,False,False,False,15.52,-2.33,16.34,False,2846.6,,,
605337,,0.4633,1.0,0.8468,0.0,0.0,0.3886,0.142,0.3,0.0,0.0,0.0,0.0,0.0,0.3845,False,False,False,False,9.05,-0.98,10.24,False,3530.4,,,
605339,,0.0,0.824,0.5804,0.0,0.0,0.1797,0.2443,0.0,0.0,0.0,0.0,0.5,0.0,0.5048,False,False,False,False,13.72,-4.06,15.37,False,5821.3,,,
605358,,0.0,1.0,0.6356,1.0,1.0,0.1849,0.6173,0.3,1.0,0.0,1.0,1.0,1.0,0.1953,False,False,False,False,68.15,0.15,53.2,True,45754.4,,,
605365,,0.5681,1.0,0.8774,0.0,0.0,0.9112,0.0642,0.6,0.0,0.0,0.0,0.0,0.0,0.584,False,False,False,False,15.71,-0.38,19.98,False,7886.6,,,
605366,,0.0,0.4533,0.3043,0.4959,0.0,0.5735,0.1282,0.0,0.7147,0.0,1.0,0.0,0.7,0.3309,False,False,False,False,11.0,6.28,11.01,False,8536.9,,,
605368,,0.0,1.0,0.845,0.0011,0.0,0.5777,0.1931,0.3,0.1634,0.0,0.0,0.5,0.0,0.3262,False,False,False,False,7.19,-1.64,7.49,False,5138.2,,,
605369,,0.4278,1.0,0.7162,0.1514,0.0,0.6777,0.1287,0.0,0.0,0.0,0.0,0.0,1.0,0.4434,False,False,False,False,16.2,-2.88,18.23,False,3572.0,,,
605376,,0.0,0.0,0.3981,1.0,1.0,0.4672,0.4129,0.3,1.0,0.0,1.0,1.0,0.7,0.3304,False,False,False,False,213.0,9.39,148.68,True,55720.8,,专精特新,
605377,,0.0,1.0,0.7894,0.1221,0.0,0.6974,0.3227,0.0,0.0,0.0,0.0,0.0,0.0,0.3792,False,False,False,False,8.22,-0.12,9.01,False,4575.8,,,
605378,,0.0,1.0,0.825,0.0,0.0,0.483,0.1069,0.3,0.0,0.0,0.0,0.0,0.0,0.5733,False,False,False,False,15.99,-0.06,18.16,False,41.8,,,
605388,,0.4008,1.0,0.8134,0.0,0.0,0.9393,0.109,0.0,0.0,0.0,0.0,0.0,0.0,0.5862,False,False,False,False,5.32,-0.75,6.34,False,3194.6,,,
605389,,0.0,1.0,0.6906,0.5309,0.0,0.549,0.2051,0.0,0.6886,0.0,1.0,0.5,0.7,0.3176,False,False,False,False,88.6,1.79,89.52,False,12073.2,,专精特新,
605398,,0.6538,1.0,0.8031,0.0,0.0,0.5929,0.2318,0.3,0.0,0.0,1.0,0.0,0.0,0.339,False,False,False,False,22.38,0.13,25.73,False,3641.6,,,
605399,,0.0,0.9473,0.5824,0.1622,0.0,0.3954,0.5799,0.6,0.428,0.0,0.0,0.5,1.0,0.4472,False,False,False,False,14.02,3.32,14.22,False,4367.6,,专精特新,
605488,,0.355,1.0,0.8086,0.5328,0.2864,0.7498,0.4592,0.0,0.3332,0.0,0.0,0.0,1.0,0.3226,False,False,False,False,34.38,-1.29,35.61,False,9496.0,,,
605500,,0.3378,1.0,0.6844,0.0,0.0,0.7503,0.3149,0.3,0.0,0.0,0.0,0.0,1.0,0.6251,False,False,False,False,6.83,-2.01,8.55,False,2830.4,,,
605507,,0.0,1.0,0.8291,0.0,0.0,0.3007,0.1921,0.3,0.0,0.0,0.0,0.5,0.0,0.4849,False,False,False,False,15.62,-2.31,20.59,False,8728.8,,,
605555,,0.3302,1.0,0.6161,0.334,0.2246,0.4081,0.3962,0.9,0.3031,0.0,0.0,0.0,1.0,0.3238,False,False,False,False,15.55,2.91,16.05,False,75.3,,,
605566,,0.0,1.0,0.4569,1.0,1.0,0.3101,0.7089,0.9,1.0,0.0,0.0,1.0,0.7,0.3484,False,False,True,False,47.9,2.68,37.63,True,6387.0,,,
605567,,0.2321,1.0,0.7141,0.0,0.0,0.4049,0.0917,0.0,0.0,0.0,0.0,0.0,0.0,0.5049,False,False,False,False,8.87,0.11,10.14,False,1774.0,,,
605577,,0.2775,1.0,0.8308,0.0,0.0,0.7457,0.1184,0.0,0.0,0.0,0.0,0.0,0.0,0.5403,False,False,False,False,9.75,-1.02,11.22,False,4333.3,,,
605580,,0.6073,1.0,0.6561,0.9876,1.0,0.4155,0.5076,0.6,0.7488,1.0,0.0,0.5,1.0,0.4041,True,False,False,False,25.03,-2.91,24.49,True,7008.4,,,
605588,,0.0,0.0,0.3243,0.4052,0.2232,0.1498,0.3778,0.9,1.0,0.0,0.0,0.5,1.0,0.5204,False,False,False,False,61.97,9.99,56.38,True,4530.0,,,
605589,,0.0,0.744,0.6186,1.0,1.0,0.0448,0.4663,0.0,1.0,0.0,0.0,1.0,0.7,0.3087,False,False,False,False,67.06,4.54,45.9,True,56571.8,,,
605598,,0.6154,1.0,0.6344,0.0,0.0,0.6477,0.2216,0.6,0.0,0.0,0.0,0.0,1.0,0.6301,False,False,False,False,36.35,0.17,47.47,False,8833.7,,,
605599,,0.0,1.0,0.7399,0.0,0.0,0.5604,0.1056,0.0,0.0,0.0,0.0,0.0,0.0,0.3784,False,False,False,False,15.14,-1.56,17.85,False,11775.6,,,
688001,,0.0,0.0,0.0,1.0,1.0,0.4605,0.2923,0.0,1.0,0.0,1.0,0.0,0.7,0.2069,False,False,False,False,70.64,14.03,57.82,True,32296.0,,科创50,
688002,,0.0,1.0,0.8046,0.6836,0.4723,0.6026,0.2168,0.0,1.0,0.0,0.0,0.5,0.7,0.3109,False,False,False,False,133.85,-0.67,125.4,True,62338.8,,科创50,
688003,,0.0,1.0,0.6433,1.0,1.0,0.3598,0.4717,0.6,1.0,0.0,0.0,0.5,1.0,0.2294,False,False,False,False,109.36,0.7,90.47,True,21250.9,,专精特新/光伏/科创50,
688004,,0.0,1.0,0.7325,0.0614,0.0,0.6575,0.298,0.3,0.0,0.0,0.0,0.0,1.0,0.3484,False,False,False,False,19.95,0.05,22.06,False,1597.8,,,
688005,,0.0,0.5061,0.5606,0.4664,0.0668,0.5471,0.155,0.3,0.9409,0.0,0.0,0.0,0.7,0.3958,False,False,False,False,33.76,5.96,32.67,True,24125.5,,钠电池/固态电池/科创50,
688006,,0.0,0.0651,0.3745,0.9072,1.0,0.1544,0.2022,0.6,1.0,0.0,0.0,0.5,0.7,0.4246,False,False,False,False,39.36,8.61,33.14,True,23760.5,,科创50,
688007,,0.2177,1.0,0.7171,0.0102,0.0,0.598,0.2275,0.3,0.0,0.0,1.0,0.0,1.0,0.4524,False,False,False,False,13.15,1.47,14.51,False,6043.9,,科创50,
688008,,0.0,1.0,0.7654,1.0,1.0,0.6689,0.373,0.0,1.0,0.0,1.0,0.0,1.0,0.2308,False,False,False,False,244.17,1.7,215.59,True,279923.0,,科创50,
688009,,0.0,1.0,0.8509,0.1611,0.2569,0.5453,0.3773,0.3,0.3596,0.0,0.0,0.5,0.0,0.3272,False,False,False,False,4.99,1.42,5.12,False,43018.9,,科创50,
688010,,0.0,1.0,0.5188,1.0,1.0,0.0,0.3943,0.6,1.0,0.0,0.0,0.5,0.7,0.2412,False,False,False,False,44.41,2.09,36.64,True,7130.5,,专精特新/科创50,
688011,,0.0,1.0,0.7201,0.0,0.0,0.6398,0.3551,0.6,0.6974,0.0,0.0,0.5,0.0,0.2945,False,False,False,False,62.73,-2.08,62.88,False,6251.8,,专精特新/科创50,
688012,,0.0,1.0,0.7852,0.1674,0.0,0.5891,0.4407,0.3,0.1292,0.0,0.0,0.5,1.0,0.4489,False,False,False,False,319.0,-0.31,340.28,False,199986.8,,科创50,
688013,,0.0,1.0,0.7906,0.0,0.0,0.7282,0.0814,0.0,0.0,0.0,0.0,0.0,0.0,0.4054,False,False,False,False,27.69,1.13,32.76,False,2247.2,,,
688016,,0.8439,1.0,0.8114,0.336,0.0,0.5153,0.2131,0.6,0.0,0.0,0.0,0.0,0.0,0.4558,False,False,False,False,89.53,-1.85,99.38,False,11035.7,,科创50,
688017,,0.0,1.0,0.6159,1.0,1.0,0.4437,0.734,0.3,1.0,0.0,1.0,1.0,1.0,0.1272,False,False,False,False,376.22,0.97,298.14,True,68972.5,,专精特新,
688018,,0.6111,1.0,0.7934,0.0,0.0,0.6019,0.2958,0.0,0.0,0.0,1.0,0.0,1.0,0.5519,False,False,False,False,121.0,1.6,154.62,False,202.6,,科创50,
688019,,0.2048,1.0,0.6702,0.5466,0.0,0.2251,0.4689,0.0,0.0,0.0,0.0,0.0,1.0,0.4461,False,False,False,False,232.88,-0.34,265.96,False,40752.7,,专精特新/科创50,
688020,,0.0,1.0,0.4134,1.0,1.0,0.3587,0.327,0.0,1.0,0.0,0.0,1.0,0.7,0.2015,False,False,False,False,231.8,2.02,140.41,True,19097.8,,专精特新/科创50,
688021,,0.0953,1.0,0.6976,0.2367,0.0,0.6117,0.1443,0.0,0.022,0.0,0.0,0.0,0.7,0.4608,False,False,False,False,22.24,-1.11,24.52,False,1699.4,,专精特新,
688022,,0.3333,0.9224,0.4719,0.0,0.0,0.4505,0.1897,0.3,0.0,0.0,1.0,0.0,0.0,0.6149,False,False,False,False,8.36,3.47,11.17,False,1470.3,,专精特新/科创50,
688023,,0.3561,1.0,0.7759,0.0,0.0,0.6821,0.2223,0.0,0.0,0.0,0.0,0.0,0.0,0.5155,False,False,False,False,37.93,1.2,44.52,False,3860.7,,科创50,
688025,,0.0,0.2363,0.4193,1.0,1.0,0.4449,0.5611,0.0,1.0,0.0,0.0,0.5,0.7,0.3824,False,False,False,False,448.94,7.58,344.13,True,42671.5,,专精特新,
688026,,0.0,1.0,0.7087,0.0,0.0,0.3841,0.1481,0.3,0.0,0.0,0.0,0.5,0.0,0.4371,False,False,False,False,13.38,-2.55,15.03,False,1877.5,,专精特新,
688027,,0.2767,1.0,0.7814,0.1064,0.0,0.6701,0.2063,0.6,0.0,0.0,1.0,0.0,0.0,0.4729,False,False,False,False,507.8,0.99,562.26,False,40814.1,,专精特新,
688028,,0.2942,1.0,0.6446,0.8596,0.0,0.725,0.2546,0.0,0.8775,0.0,0.0,0.0,0.7,0.2856,False,False,False,False,110.0,1.11,110.5,False,16604.4,,科创50,
688029,,0.2931,0.8957,0.6838,0.3011,0.0,0.4119,0.1755,0.0,0.0,0.0,0.0,0.0,1.0,0.4123,False,False,False,False,70.7,-3.63,77.37,False,13280.8,,科创50,
688030,,0.3665,1.0,0.6735,0.5334,0.266,0.5943,0.4106,0.3,0.3681,0.0,1.0,0.0,1.0,0.3214,False,False,False,False,16.37,1.49,16.71,False,2950.5,,科创50,
688031,,0.6767,0.9404,0.7921,0.0,0.1099,0.5883,0.2588,0.3,0.1161,0.0,0.0,0.5,0.0,0.4639,False,False,False,False,125.2,-3.36,138.71,False,15166.2,,,
688032,,0.403,1.0,0.7519,0.0,0.0,0.6713,0.2011,0.0,0.0,0.0,0.0,0.0,0.0,0.5697,False,False,False,False,86.7,1.46,102.7,False,10757.2,,专精特新,
688033,,0.5047,0.9993,0.6948,0.0,0.0,0.8344,0.2181,0.3,0.0,0.0,0.0,0.0,0.0,0.5556,False,False,False,False,6.78,-3.0,7.82,False,3811.7,,科创50,
688035,,0.0,1.0,0.766,1.0,1.0,0.6164,0.4572,0.0,1.0,0.0,0.0,0.5,0.7,0.279,False,False,False,False,90.93,-1.49,75.59,True,12933.9,,专精特新,
688036,,0.6347,1.0,0.8101,0.5001,0.0,0.7493,0.3957,0.3,0.0,0.0,0.0,0.0,1.0,0.4314,False,False,False,False,54.57,1.58,58.18,False,628.2,,科创50,
688037,,0.0,1.0,0.5888,1.0,1.0,0.5913,0.6173,0.0,1.0,0.0,0.0,0.5,1.0,0.2584,False,False,False,False,272.0,1.74,231.95,True,548.4,,,
688038,,0.0,1.0,0.643,0.2794,0.6008,0.3871,0.3501,0.6,0.7007,0.0,0.0,1.0,0.0,0.3397,False,False,False,False,20.39,1.09,20.26,True,2372.9,,,
688039,,0.0,1.0,0.7627,0.2311,0.1032,0.7053,0.3428,0.0,0.3159,0.0,0.0,0.0,1.0,0.3496,False,False,False,False,42.99,1.34,44.47,False,4754.8,,,
688041,,0.0,1.0,0.8263,0.8103,0.2443,0.7125,0.346,0.0,1.0,0.0,0.0,0.5,0.7,0.3125,False,False,False,False,294.31,-1.67,281.86,True,684075.9,,,
688045,,0.0,1.0,0.6537,1.0,1.0,0.2234,0.4927,0.0,1.0,0.0,0.0,1.0,0.7,0.348,False,False,False,False,78.4,1.29,61.85,True,5533.2,,专精特新,
688046,,0.0,1.0,0.8283,0.537,0.0,0.9023,0.1861,0.0,0.2477,0.0,0.0,0.0,0.7,0.3743,False,False,False,False,17.42,-2.46,18.45,False,7142.2,,,
688047,,0.0,1.0,0.8316,0.2194,0.0,0.7737,0.2535,0.0,0.3403,0.0,0.0,0.5,1.0,0.408,False,False,False,False,142.2,-0.8,147.91,False,57022.2,,,
688048,,0.0,0.8144,0.3901,1.0,0.5427,0.5055,0.3297,0.0,1.0,0.0,1.0,0.0,0.7,0.2294,False,False,False,False,375.33,4.11,330.37,True,66163.2,,,
688049,,0.0,1.0,0.8283,0.0,0.0,0.5559,0.3089,0.3,0.2212,0.0,0.0,0.5,1.0,0.4751,False,False,False,False,44.9,0.58,46.67,False,7865.0,,,
688050,,0.2164,1.0,0.87,0.0,0.0,0.5756,0.1421,0.6,0.0,0.0,0.0,0.0,0.0,0.4425,False,False,False,False,39.22,-1.95,46.89,False,7585.3,,,
688051,,0.3304,1.0,0.5623,0.0,0.0,0.5532,0.1147,0.0,0.0,0.0,0.0,0.0,1.0,0.6092,False,False,False,False,27.7,2.18,34.61,False,2142.2,,碳中和,
688052,,0.0,1.0,0.7016,1.0,1.0,0.6191,0.411,0.6,1.0,0.0,1.0,0.5,1.0,0.2554,False,False,False,False,257.78,2.1,217.41,True,36741.0,,,
688053,,0.1249,1.0,0.7359,0.1871,0.0,0.8177,0.1859,0.0,0.1825,0.0,0.0,0.0,1.0,0.3687,False,False,False,False,36.13,-1.28,38.62,False,3613.0,,,
688055,,0.1929,0.7012,0.5207,1.0,0.4804,0.683,0.3646,0.6,0.8656,1.0,1.0,0.0,0.7,0.3741,False,False,False,False,4.81,4.79,4.64,True,16033.3,,,
688056,,0.0,0.0,0.0,1.0,1.0,0.0,1.0,0.3,1.0,0.0,0.0,1.0,1.0,0.2428,False,False,False,False,70.12,13.46,41.18,True,4729.8,,,
688057,,0.3296,1.0,0.5203,0.8792,0.8338,0.6951,0.6206,1.0,0.7874,1.0,0.0,0.0,1.0,0.3545,False,False,False,False,13.8,2.37,13.42,True,3808.8,,,
688058,,0.0,1.0,0.7327,0.0,0.0,0.633,0.1764,0.0,0.0,0.0,0.0,0.0,0.0,0.5733,False,False,False,False,23.68,1.02,26.92,False,1795.8,,科创50,
688059,,0.0,1.0,0.6316,1.0,1.0,0.3297,0.5737,0.0,1.0,0.0,0.0,1.0,0.7,0.2849,False,False,False,False,200.0,2.15,145.44,True,18715.7,,,
688060,,0.113,1.0,0.7645,0.0,0.0,0.5817,0.0575,0.0,0.0,0.0,0.0,0.0,1.0,0.4982,False,False,False,False,36.43,-0.25,41.99,False,2192.7,,,
688061,,0.0,0.0,0.342,0.8455,1.0,0.0,0.7339,0.3,1.0,0.0,0.0,0.5,1.0,0.4567,False,False,False,False,47.06,9.04,37.51,True,5406.7,,,
688062,,0.0,1.0,0.8072,0.0,0.0,0.5962,0.0612,0.3,0.0,0.0,0.0,0.5,0.0,0.4531,False,False,False,False,27.03,-2.28,32.14,False,5518.7,,,
688063,,0.0,0.8524,0.6326,0.0,0.0,0.4544,0.1864,0.0,0.0,0.0,0.0,0.0,0.0,0.688,False,False,False,False,58.82,3.89,67.11,False,14432.0,,,
688065,,0.0,0.9912,0.7995,0.0,0.2123,0.6159,0.2702,0.3,0.1697,0.0,0.0,1.0,0.0,0.3521,False,False,False,False,43.51,-3.05,45.9,False,25382.8,,,
688066,,0.0,1.0,0.5813,0.0,0.0,0.8147,0.4119,0.3,0.0,0.0,0.0,0.0,0.0,0.4645,False,False,False,False,12.63,0.4,16.39,False,3299.9,,科创50,
688067,,0.3226,1.0,0.7262,0.0,0.0,0.5141,0.139,0.3,0.0,0.0,0.0,0.0,1.0,0.5292,False,False,False,False,22.08,0.78,25.43,False,1501.4,,,
688068,,0.404,0.9063,0.6726,0.0,0.0,0.4827,0.1396,0.6,0.0,0.0,0.0,0.0,0.0,0.4963,False,False,False,False,77.97,-3.56,100.3,False,7228.4,,科创50,
688069,,0.0475,0.0,0.6531,1.0,0.3817,0.6372,0.3037,0.0,0.0,0.0,0.0,0.0,0.7,0.7771,False,False,False,False,41.0,-27.69,47.49,False,4633.0,,,
688070,,0.0,0.9946,0.667,0.0,0.0,0.3995,0.1979,0.3,0.0,0.0,0.0,0.0,0.0,0.5511,False,False,False,False,40.43,3.03,45.13,False,3574.8,,,
688071,,0.3477,1.0,0.7783,0.4046,0.0,0.801,0.3642,0.3,0.0443,0.0,0.0,0.0,1.0,0.4089,False,False,False,False,31.98,0.31,34.29,False,2711.6,,,
688072,,0.0,1.0,0.6019,1.0,1.0,0.4981,0.5406,0.3,1.0,0.0,0.0,0.5,0.7,0.201,False,False,False,False,655.8,-2.07,535.43,True,185390.1,,,
688073,,0.3966,1.0,0.8103,0.0,0.0,0.8103,0.0593,0.0,0.0,0.0,0.0,0.0,0.0,0.5901,False,False,False,False,45.33,0.76,53.46,False,4119.7,,,
688075,,0.2106,1.0,0.8604,0.0,0.0,0.6209,0.1749,0.6,0.0,0.0,0.0,0.0,0.0,0.3844,False,False,False,False,31.18,0.42,35.39,False,3962.4,,,
688076,,0.0,1.0,0.8742,0.073,0.0,0.6923,0.2169,0.3,0.0,0.0,0.0,0.0,1.0,0.4004,False,False,False,False,27.73,-1.28,30.24,False,8764.1,,CXO概念/CRO概念,
688078,,0.0955,1.0,0.5921,0.0228,0.0,0.4924,0.1492,0.0,0.0,0.0,0.0,0.0,1.0,0.4742,False,False,False,False,22.44,2.47,24.75,False,1635.7,,,
688079,,0.4676,1.0,0.4714,1.0,1.0,0.1486,0.5961,0.6,1.0,0.0,1.0,0.5,0.7,0.0987,False,False,False,False,26.62,2.46,20.82,True,10764.3,,,
688080,,0.0,1.0,0.7247,0.0,0.0,0.7465,0.2603,0.0,0.0,0.0,0.0,0.5,0.0,0.3462,False,False,False,False,42.5,2.04,46.36,False,3130.4,,,
688081,,0.0347,1.0,0.6866,0.8751,0.0,0.7372,0.2344,0.0,0.5858,0.0,0.0,0.0,0.7,0.3471,False,False,False,False,48.22,0.31,49.65,False,4968.6,,,
688082,,0.0,0.7593,0.5367,1.0,1.0,0.4229,1.0,0.0,1.0,0.0,0.0,1.0,1.0,0.1693,False,False,False,False,301.0,-4.44,217.09,True,143701.3,,,
688083,,0.0,1.0,0.7492,0.699,1.0,0.0376,0.6734,0.6,0.9973,0.0,0.0,1.0,1.0,0.2192,False,False,False,False,63.92,1.88,59.75,True,10843.8,,,
688084,,0.0,1.0,0.7646,0.0,0.0,0.7841,0.094,0.3,0.0,0.0,0.0,0.5,0.0,0.3843,False,False,False,False,52.66,-0.57,60.87,False,3984.2,,,
688085,,0.6656,1.0,0.7411,0.0,0.0,0.696,0.0823,0.0,0.0,0.0,0.0,0.0,0.0,0.6763,False,False,False,False,12.22,-1.13,16.39,False,3895.0,,,
688087,,0.0,0.3332,0.4776,0.5279,0.0,0.3313,0.2854,0.0,0.4771,0.0,0.0,0.5,0.0,0.3821,False,False,False,False,37.86,-7.0,39.05,False,7051.3,,,
688088,,0.0944,1.0,0.639,0.0046,0.0,0.5236,0.2048,0.0,0.0,0.0,1.0,0.0,1.0,0.498,False,False,False,False,37.29,2.5,41.31,False,14959.6,,科创50,
688089,,0.1691,1.0,0.8462,0.0,0.0,0.8181,0.0935,0.3,0.0,0.0,0.0,0.0,0.0,0.5103,False,False,False,False,12.05,-0.74,14.99,False,2028.1,,,
688090,,0.0,1.0,0.4396,1.0,1.0,0.0,0.7234,0.6,1.0,0.0,0.0,1.0,0.7,0.2943,False,False,False,False,123.89,0.62,86.02,True,15160.4,,,
688091,,0.5387,1.0,0.757,0.0,0.0,0.7981,0.1835,0.3,0.0,0.0,0.0,0.0,0.0,0.5938,False,False,False,False,40.16,-1.11,50.68,False,8301.2,,,
688092,,0.7999,1.0,0.8225,0.1286,0.0,0.5161,0.1539,0.3,0.0,0.0,1.0,0.0,0.0,0.3962,False,False,False,False,23.17,-0.52,27.68,False,1915.3,,,
688093,,0.0,1.0,0.6591,0.0052,0.0,0.6723,0.2891,0.9,0.0,0.0,1.0,0.0,0.0,0.3943,False,False,False,False,29.07,1.82,31.62,False,8150.7,,,
688095,,0.7455,1.0,0.8412,0.0,0.0,0.7188,0.11,0.3,0.0,0.0,0.0,0.0,1.0,0.5546,False,False,False,False,65.31,-0.91,75.66,False,5966.7,,,
688096,,0.9826,0.9147,0.4413,1.0,1.0,0.3566,0.6944,0.6,1.0,1.0,0.0,1.0,1.0,0.3879,False,False,False,False,12.09,-3.51,11.39,True,28.5,,,
688097,,0.1225,1.0,0.8005,1.0,1.0,0.5858,0.4562,0.0,1.0,0.0,1.0,0.5,0.7,0.2857,False,False,False,False,67.88,1.04,60.98,True,30207.2,,,
688098,,0.0,1.0,0.5858,0.0045,0.3484,0.1235,0.3347,0.3,0.8187,0.0,0.0,0.5,0.0,0.3618,False,False,False,False,8.78,2.93,8.42,True,3605.5,,科创50,
688100,,0.3616,1.0,0.7024,0.0,0.0,0.4531,0.1963,0.0,0.0,0.0,1.0,0.0,0.0,0.5618,False,False,False,False,31.7,1.8,36.26,False,15586.4,,,
688101,,0.0,1.0,0.676,0.507,0.0597,0.6302,0.2063,0.6,0.7602,0.0,0.0,0.5,0.7,0.3617,False,False,False,False,18.02,0.67,17.82,True,5982.9,,盐湖提锂/科创50,
688102,,0.0,1.0,0.6255,0.3276,0.5755,0.4156,0.2799,0.3,0.9528,0.0,0.0,1.0,1.0,0.2561,False,False,False,False,39.75,-2.91,39.13,True,30909.4,,,
688103,,0.0,1.0,0.7692,0.5568,0.3641,0.6791,0.5252,0.6,0.6843,0.0,0.0,0.0,1.0,0.3242,False,False,False,False,62.75,0.58,61.64,True,5981.1,,,
688105,,0.0,1.0,0.7308,0.0,0.0,0.6869,0.2615,0.3,0.0,0.0,0.0,0.5,1.0,0.5335,False,False,False,False,14.04,1.23,17.87,False,5584.2,,,
688107,,0.2894,0.9498,0.5988,1.0,0.743,0.6277,0.4937,0.6,1.0,1.0,1.0,0.0,1.0,0.2589,False,False,False,False,40.68,3.3,38.36,True,16306.6,,,
688108,,0.0,1.0,0.7596,0.1938,0.0975,0.6485,0.2232,0.9,0.4191,0.0,0.0,0.5,0.0,0.3978,False,False,False,False,20.15,0.9,20.68,False,8421.7,,,
688109,,0.789,1.0,0.7182,0.0,0.0,0.7069,0.1784,0.3,0.0,0.0,0.0,0.0,0.0,0.3573,False,False,False,False,79.97,1.52,96.53,False,6305.0,,,
688110,,0.0,0.855,0.5675,0.489,0.0,0.4787,0.2714,0.0,1.0,0.0,0.0,0.5,1.0,0.5063,False,False,False,False,140.1,3.87,134.47,True,61959.2,,,
688111,,0.5146,1.0,0.8596,0.0,0.0,0.7239,0.1607,0.0,0.0,0.0,0.0,0.0,0.0,0.5862,False,False,False,False,214.3,-1.7,248.53,False,99300.6,,科创50,
688112,,0.0,0.0277,0.1833,1.0,1.0,0.2696,0.4549,0.6,1.0,0.0,0.0,1.0,0.7,0.5268,False,False,False,False,79.96,8.83,62.37,True,12761.4,,,
688113,,0.0,1.0,0.6731,0.33,0.0,0.5593,0.2341,0.0,0.3848,0.0,0.0,0.0,1.0,0.3437,False,False,False,False,39.57,2.67,40.75,False,2548.2,,,
688114,,0.0,1.0,0.7869,0.0486,0.0,0.5601,0.2904,0.3,0.0414,0.0,0.0,0.5,1.0,0.34,False,False,False,False,48.96,-0.95,51.79,False,20349.6,,,
688115,,0.0,0.4295,0.4864,0.8156,0.6252,0.5718,0.324,0.0,1.0,0.0,0.0,0.0,0.7,0.3435,False,False,False,False,56.5,6.42,53.16,True,3766.9,,,
688116,,0.0,1.0,0.6935,0.1985,0.0,0.6324,0.3591,0.3,0.4005,0.0,0.0,0.5,1.0,0.3856,False,False,False,False,41.21,2.41,41.59,False,15104.8,,科创50,
688117,,0.3136,1.0,0.7591,0.0,0.0,0.5569,0.2009,0.3,0.0,0.0,0.0,0.0,1.0,0.5451,False,False,False,False,23.53,-2.28,32.38,False,3703.3,,CXO概念,
688118,,0.0,1.0,0.709,0.0,0.0,0.6403,0.2039,0.0,0.0,0.0,0.0,0.0,0.0,0.5292,False,False,False,False,22.18,0.86,25.64,False,2069.8,,,
688119,,0.0,0.7852,0.6388,0.0,0.0,0.5212,0.171,0.6,0.1434,0.0,0.0,0.0,0.0,0.5357,False,False,False,False,4.62,4.29,4.94,False,5197.5,,,
688120,,0.3181,1.0,0.6114,1.0,0.0,0.2291,0.4768,0.3,0.0533,0.0,0.0,0.0,0.7,0.4206,False,False,False,False,201.18,0.93,221.82,False,71147.7,,,
688122,,0.0,1.0,0.605,0.0,0.0,0.4518,0.2202,0.3,0.0,0.0,0.0,0.0,0.0,0.5625,False,False,False,False,58.74,2.37,66.7,False,38161.3,,大飞机/科创50,
688123,,0.0,1.0,0.7572,0.4207,0.0,0.7347,0.3019,0.6,0.5549,0.0,0.0,0.0,1.0,0.3488,False,False,False,False,131.97,0.14,134.27,False,20887.0,,,
688125,,0.0,0.0,0.0,0.0,0.0,0.1185,0.1453,0.6,0.8514,0.0,0.0,0.0,0.0,0.2579,False,False,False,False,196.9,10.96,197.55,False,16084.7,,,
688126,,0.0,1.0,0.6028,1.0,1.0,0.3244,0.4731,0.3,1.0,0.0,1.0,1.0,1.0,0.1246,False,False,False,False,31.05,-0.54,25.55,True,84818.0,,,
688127,,0.0,1.0,0.7606,1.0,0.4634,0.4354,0.2631,0.0,1.0,1.0,0.0,0.0,0.7,0.2926,False,False,False,False,83.98,-0.45,77.81,True,34087.3,,,
688128,,0.0,1.0,0.757,0.2918,0.2965,0.3203,0.443,0.3,0.6263,0.0,0.0,0.0,1.0,0.3555,False,False,False,False,26.88,2.05,26.58,True,10873.0,,,
688129,,0.0,1.0,0.4209,0.6802,0.0,0.683,0.2181,0.3,0.4662,0.0,0.0,0.0,0.7,0.4044,False,False,False,False,25.95,2.94,26.47,False,3126.4,,,
688130,,0.0,0.9309,0.5938,0.7314,0.2637,0.6134,0.5877,0.3,1.0,0.0,0.0,0.5,1.0,0.3303,False,False,False,False,26.65,3.41,25.07,True,1606.6,,,
688131,,0.0,1.0,0.8042,0.6256,0.8346,0.767,0.2368,0.6,0.6892,1.0,0.0,0.5,0.7,0.3279,False,False,False,False,74.9,-1.34,74.06,True,15886.6,,CXO概念/CRO概念,
688132,,0.0,1.0,0.5813,0.0,0.0,0.2786,0.2065,0.3,0.0,0.0,1.0,0.5,0.0,0.3113,False,False,False,False,14.83,2.35,16.33,False,2257.5,,,
688133,,0.0,1.0,0.6372,0.1467,0.0,0.6851,0.2247,0.3,0.0,0.0,0.0,0.0,1.0,0.5379,False,False,False,False,20.06,2.98,21.95,False,3298.6,,,
688135,,0.0,1.0,0.7443,0.7312,0.0075,0.7666,0.4311,0.3,1.0,0.0,0.0,0.0,0.7,0.3769,False,False,False,False,37.07,1.56,35.46,True,8641.2,,,
688136,,0.4298,1.0,0.7263,0.0,0.0,0.6364,0.0832,0.3,0.0,0.0,0.0,0.0,0.0,0.4444,False,False,False,False,18.55,0.22,23.97,False,3733.3,,,
688137,,0.6074,1.0,0.7596,0.0,0.0,0.4511,0.0377,0.3,0.0,0.0,0.0,0.0,0.7,0.5915,False,False,False,False,35.36,-0.39,42.82,False,2481.4,,,
688138,,0.0,1.0,0.8275,0.9272,1.0,0.0,0.4223,0.3,1.0,0.0,0.0,1.0,1.0,0.2226,False,False,False,False,37.11,-0.99,31.95,True,11682.2,,科创50,
688139,,0.1386,1.0,0.7464,0.1102,0.0,0.731,0.2872,0.6,0.0,0.0,0.0,0.0,1.0,0.4651,False,False,False,False,27.1,0.07,31.2,False,8577.0,,科创50,
688141,,0.0,0.6506,0.4545,1.0,1.0,0.5451,0.3595,0.3,1.0,0.0,0.0,1.0,0.7,0.2988,False,False,False,False,136.52,5.1,90.12,True,61477.9,,,
688143,,0.0,0.0,0.0,1.0,1.0,0.6207,1.0,0.0,1.0,0.0,1.0,1.0,0.7,0.2145,False,False,True,False,218.0,15.22,129.43,True,26677.6,,,
688146,,0.0,1.0,0.0261,1.0,1.0,0.478,0.8557,0.0,1.0,0.0,0.0,1.0,0.7,0.126,False,False,False,False,323.0,1.48,158.98,True,46825.6,,,
688147,,0.0,0.0572,0.0932,1.0,1.0,0.1721,0.6171,0.3,1.0,0.0,0.0,1.0,1.0,0.4432,False,False,False,False,109.2,8.66,82.79,True,50358.5,,,
688148,,0.0,1.0,0.6296,0.1446,0.0,0.497,0.3038,0.0,0.8981,0.0,0.0,0.5,0.7,0.3319,False,False,False,False,9.24,0.65,8.97,True,4714.0,,,
688150,,0.0,1.0,0.6335,1.0,0.0,0.5788,0.2558,0.0,1.0,0.0,0.0,0.0,0.7,0.3191,False,False,False,False,53.27,-0.06,49.84,True,21437.9,,,
688151,,0.0,1.0,0.8582,0.0,0.0,0.5983,0.1376,0.3,0.0,0.0,0.0,0.0,0.0,0.4152,False,False,False,False,16.43,-0.12,18.74,False,5660.1,,,
688152,,0.0,1.0,0.7129,0.0,0.0,0.7042,0.3043,0.0,0.0,0.0,0.0,0.0,1.0,0.4899,False,False,False,False,30.54,1.97,34.46,False,3112.0,,,
688153,,0.0,0.6988,0.5588,0.0,0.0,0.3308,0.4075,0.3,0.415,0.0,0.0,0.5,0.0,0.4374,False,False,False,False,31.83,4.81,32.17,False,13026.1,,,
688155,,0.0,0.8579,0.5862,0.2776,0.0,0.3159,0.1836,0.3,0.6391,0.0,0.0,0.0,1.0,0.396,False,False,False,False,83.83,3.85,84.97,False,10599.1,,,
688156,,0.0,1.0,0.6577,0.9185,1.0,0.5848,0.5995,0.6,1.0,0.0,0.0,0.5,0.7,0.3198,False,False,False,False,29.33,2.44,24.94,True,2953.9,,,
688157,,0.0,1.0,0.7405,0.0,0.0,0.4588,0.2247,0.3,0.0,0.0,0.0,0.0,0.0,0.6518,False,False,False,False,28.25,-0.95,32.51,False,4419.2,,,
688158,,0.0,1.0,0.8083,0.0144,0.0,0.7081,0.0929,0.0,0.0,0.0,0.0,0.0,0.0,0.4491,False,False,False,False,35.83,-2.79,40.7,False,14528.1,,,
688159,,0.0,0.9328,0.4372,0.253,0.0,0.5993,0.3458,0.3,0.3812,0.0,0.0,0.5,1.0,0.478,False,False,False,False,47.4,3.4,48.42,False,4395.3,,,
688160,,0.2389,1.0,0.7313,0.4526,0.0,0.6768,0.4676,0.6,0.3524,0.0,0.0,0.0,1.0,0.2802,False,False,False,False,112.27,1.01,116.69,False,10197.7,,,
688161,,0.6894,0.7088,0.6835,0.0,0.0,0.3696,0.0593,0.0,0.0,0.0,0.0,0.0,0.0,0.6429,False,False,False,False,21.47,-4.75,26.57,False,8588.0,,,
688162,,0.1995,1.0,0.7625,0.0,0.0,0.6776,0.2513,0.3,0.0,0.0,0.0,0.0,1.0,0.5827,False,False,False,False,26.33,1.98,30.72,False,3609.9,,,
688163,,0.0,0.8009,0.4133,1.0,1.0,0.1723,0.5607,0.3,1.0,0.0,0.0,1.0,0.7,0.3021,False,False,False,False,44.31,-4.19,35.61,True,4795.2,,,
688165,,0.0,0.9131,0.4702,0.6891,1.0,0.3681,0.57,0.6,0.8537,0.0,0.0,0.0,1.0,0.3243,False,False,True,False,20.58,3.52,19.53,True,10738.2,,,
688166,,0.6046,1.0,0.7419,0.0,0.0,0.5586,0.0008,0.3,0.0,0.0,0.0,0.0,0.7,0.6153,False,False,False,False,41.5,-1.43,51.44,False,17829.1,,科创50,
688167,,0.0,0.8832,0.341,0.9552,0.0,0.0,0.3484,0.0,1.0,1.0,0.0,0.0,0.7,0.3479,False,False,False,False,413.0,3.7,400.19,True,37112.0,,,
688168,,0.0,1.0,0.66,0.0,0.0,0.1509,0.2017,0.9,0.006,0.0,0.0,0.5,0.0,0.5068,False,False,False,False,64.08,-0.96,68.83,False,4946.0,,科创50,
688169,,0.6093,1.0,0.8265,0.0,0.0,0.6488,0.2726,0.6,0.0,0.0,0.0,0.0,0.0,0.3851,False,False,False,False,100.4,-2.14,116.77,False,26014.3,,,
688170,,0.0,1.0,0.6348,1.0,1.0,0.5501,0.9141,0.0,1.0,0.0,0.0,0.0,0.7,0.2675,False,False,False,False,83.13,2.33,67.83,True,8592.3,,,
688171,,0.1751,1.0,0.7771,0.2866,0.0,0.6527,0.3128,0.3,0.0,0.0,0.0,0.0,1.0,0.4787,False,False,False,False,46.01,0.52,51.73,False,3854.4,,,
688172,,0.0,0.7624,0.3589,1.0,1.0,0.4529,0.5981,0.0,1.0,0.0,0.0,0.5,1.0,0.229,False,False,False,False,65.0,-4.43,55.41,True,50581.8,,,
688173,,0.0,0.8012,0.6955,0.5567,0.0,0.5504,0.2113,0.0,0.7672,0.0,1.0,0.5,1.0,0.3567,False,False,False,False,16.65,4.19,16.29,True,6830.7,,,
688175,,0.791,1.0,0.5592,0.243,0.0,0.2644,0.2465,0.3,0.0,0.0,0.0,0.0,1.0,0.5916,False,False,False,False,27.43,2.47,33.55,False,3547.2,,,
688176,,0.0,1.0,0.726,0.0,0.0,0.5685,0.082,0.0,0.0,0.0,0.0,0.0,0.0,0.4531,False,False,False,False,10.38,1.57,11.81,False,4522.4,,,
688177,,0.0,1.0,0.8264,0.0,0.0,0.4974,0.1069,0.6,0.0,0.0,0.0,0.0,0.0,0.569,False,False,False,False,16.8,-0.59,19.73,False,6956.5,,,
688178,,0.0,0.3816,0.4024,1.0,1.0,0.4369,0.4012,0.3,1.0,0.0,0.0,1.0,0.7,0.406,False,False,False,False,40.71,6.71,34.64,True,3460.3,,,
688179,,0.0,1.0,0.7134,0.9572,0.3101,0.6241,0.4005,0.0,0.9796,1.0,0.0,0.0,0.7,0.2682,False,False,False,False,20.75,0.24,20.14,True,7511.6,,,
688180,,0.0,1.0,0.8322,0.0,0.0,0.7126,0.0936,0.3,0.0,0.0,0.0,0.0,0.0,0.5177,False,False,False,False,29.78,-1.39,34.64,False,22823.2,,,
688181,,0.0,0.7952,0.4956,1.0,1.0,0.43,0.5141,0.3,1.0,0.0,0.0,0.5,1.0,0.3344,False,False,False,False,45.6,4.23,38.99,True,6132.4,,,
688182,,0.0,0.0,0.036,0.8701,1.0,0.0832,0.4282,0.6,1.0,0.0,0.0,0.5,1.0,0.6461,False,False,False,False,40.2,11.57,34.07,True,16080.0,,,
688183,,0.0,0.7741,0.2876,1.0,1.0,0.2877,0.5743,0.3,1.0,0.0,0.0,1.0,0.7,0.2267,False,False,False,False,138.96,4.36,112.79,True,115589.9,,,
688184,,0.4362,0.9967,0.6033,0.7966,0.0,0.9037,0.1553,0.0,0.4661,0.0,1.0,0.0,0.7,0.4191,False,False,False,False,11.6,3.02,11.97,False,1165.7,,,
688185,,0.2619,1.0,0.7975,0.0,0.0,0.8055,0.1442,0.3,0.0,0.0,0.0,0.0,0.0,0.5769,False,False,False,False,49.97,-0.79,59.66,False,5715.2,,,
688186,,0.7344,1.0,0.6971,0.0,0.0,0.5994,0.0905,0.0,0.0,0.0,0.0,0.0,0.0,0.5388,False,False,False,False,16.96,-1.22,20.44,False,4757.1,,大飞机,
688187,,0.0,0.9638,0.5771,0.7039,0.8016,0.4397,0.2767,0.3,0.8786,0.0,0.0,0.0,1.0,0.4119,False,False,False,False,57.11,3.22,55.16,True,49623.3,,,
688188,,0.0,1.0,0.6125,0.7475,0.7261,0.2509,0.4813,0.0,0.9926,0.0,0.0,0.5,1.0,0.3351,False,False,False,False,162.38,1.93,154.44,True,46884.0,,科创50,
688189,,0.0,0.0,0.0,0.1119,0.0,0.3076,0.1404,0.3,0.0,0.0,1.0,0.0,1.0,0.7452,False,False,False,False,6.67,14.8,8.1,False,1830.2,,,
688190,,0.0,0.3813,0.3268,0.8766,1.0,0.4538,0.4069,0.3,1.0,0.0,1.0,0.0,1.0,0.3051,False,False,False,False,109.7,6.71,102.06,True,13164.0,,,
688191,,0.5945,0.0,0.1679,0.3249,0.0,0.0,0.2546,0.0,0.0,0.0,1.0,0.0,1.0,0.58,False,False,False,False,36.32,10.56,44.79,False,8413.5,,,
688192,,0.4318,1.0,0.7645,0.0,0.0,0.5276,0.1084,0.3,0.0,0.0,0.0,0.0,0.0,0.5608,False,False,False,False,36.95,-2.58,49.23,False,17041.9,,,
688193,,0.0,1.0,0.7265,0.3936,0.176,0.0,0.0,0.0,0.665,0.0,0.0,0.5,0.0,0.3379,False,False,False,False,52.55,1.21,52.31,True,2105.7,,,
688195,,0.0,1.0,0.6047,0.0,0.0,0.2818,0.3123,0.0,0.0,0.0,0.0,0.0,0.7,0.6077,False,False,False,False,213.64,2.48,269.14,False,27634.3,,,
688196,,0.0,1.0,0.7942,0.0,0.0,0.6359,0.1689,0.0,0.0,0.0,0.0,0.0,0.0,0.5993,False,False,False,False,40.31,-0.47,50.87,False,5127.1,,科创50,
688197,,0.239,1.0,0.7672,0.0,0.0,0.6729,0.0809,0.6,0.0,0.0,0.0,0.0,0.0,0.452,False,False,False,False,31.13,-1.17,36.96,False,1992.5,,,
688198,,0.0,1.0,0.7894,0.0,0.0,0.526,0.1469,0.0,0.0544,0.0,0.0,0.5,0.0,0.3281,False,False,False,False,85.75,-2.22,90.96,False,11811.9,,,
688199,,0.0,1.0,0.8425,0.651,0.9523,0.2938,0.681,0.3,1.0,0.0,0.0,0.5,1.0,0.2341,False,False,False,False,30.22,0.53,27.59,True,4872.3,,科创50,
688200,,0.9881,0.4379,0.5206,1.0,0.0,0.1552,0.3989,0.0,0.0,0.0,1.0,0.0,0.7,0.5538,False,False,False,False,316.99,6.37,359.04,False,42971.0,,,
688201,,0.1262,1.0,0.6799,0.0,0.0,0.8939,0.217,0.0,0.0,0.0,0.0,0.0,0.0,0.5841,False,False,False,False,7.45,2.19,9.87,False,2253.9,,,
688202,,0.0169,1.0,0.8041,0.0,0.0,0.7293,0.2724,0.3,0.0,0.0,0.0,0.0,0.0,0.5312,False,False,False,False,52.71,0.59,60.04,False,7081.7,,CXO概念/CRO概念,
688203,,0.0,1.0,0.6931,0.0876,0.0,0.6405,0.1629,0.3,0.0,0.0,0.0,0.0,1.0,0.4691,False,False,False,False,11.21,1.17,12.49,False,2272.0,,,
688205,,0.0,1.0,0.5291,0.7349,0.0,0.5486,0.3981,0.0,1.0,0.0,1.0,0.5,0.7,0.2899,False,False,False,False,239.12,2.49,229.37,True,37849.2,,,
688206,,0.4064,0.8183,0.6779,0.9653,1.0,0.5488,0.3062,0.3,0.6499,1.0,0.0,0.0,1.0,0.4369,False,False,False,False,37.52,-4.09,37.2,True,16327.9,,,
688207,,0.0,0.0,0.0,0.8797,1.0,0.0,0.2844,0.9,1.0,0.0,1.0,1.0,1.0,0.3859,False,False,True,False,20.24,12.32,16.53,True,5241.6,,,
688208,,0.0437,1.0,0.7698,0.0,0.0,0.6659,0.1838,0.3,0.0,0.0,0.0,0.0,0.7,0.5852,False,False,False,False,28.19,1.4,32.93,False,18892.5,,,
688209,,0.0,0.2461,0.3342,0.4275,0.0,0.2316,0.2765,0.6,0.9493,0.0,1.0,0.5,1.0,0.3299,False,False,False,False,24.01,7.52,22.96,True,10415.2,,,
688210,,0.0,0.2767,0.3785,0.2831,0.0,0.377,0.3148,0.3,0.6117,0.0,0.0,0.0,1.0,0.4358,False,False,False,False,47.09,7.34,47.08,True,7621.9,,,
688211,,0.0,1.0,0.8039,0.4689,0.0,0.7442,0.2486,0.0,0.303,0.0,0.0,0.0,0.7,0.3557,False,False,False,False,32.5,0.62,33.87,False,4260.5,,,
688212,,0.406,1.0,0.873,0.0,0.0,0.7998,0.0502,0.3,0.0,0.0,0.0,0.0,0.0,0.4898,False,False,False,False,28.0,-1.2,33.67,False,3770.6,,,
688213,,0.0,1.0,0.7564,0.5535,0.0,0.7776,0.3545,0.3,0.5027,0.0,1.0,0.0,0.7,0.2779,False,False,False,False,95.61,1.54,95.89,False,30930.7,,,
688215,,0.6491,0.729,0.5782,0.0,0.0,0.2237,0.2702,0.3,0.0,0.0,0.0,0.0,0.7,0.8179,False,False,False,False,43.71,-4.63,67.5,False,2728.5,,,
688216,,0.0,1.0,0.7515,1.0,1.0,0.3002,0.9849,0.6,1.0,0.0,0.0,0.5,1.0,0.1903,False,False,False,False,37.36,1.66,32.62,True,39.8,,,
688217,,0.3813,1.0,0.7213,0.0,0.0,0.6152,0.1654,0.0,0.0,0.0,0.0,0.0,0.0,0.4051,False,False,False,False,22.87,-0.39,26.63,False,1277.4,,,
688218,,0.0,1.0,0.6521,1.0,1.0,0.6999,1.0,0.0,1.0,0.0,0.0,1.0,0.7,0.1975,False,False,False,False,54.7,1.58,39.43,True,6371.2,,,
688219,,0.0,0.375,0.35,0.5044,1.0,0.0,0.4093,0.3,1.0,0.0,0.0,0.5,1.0,0.3309,False,False,False,False,12.81,6.75,11.53,True,7040.4,,,
688220,,0.0,1.0,0.6948,0.9115,0.0,0.7248,0.3901,0.0,0.6914,1.0,1.0,0.0,1.0,0.278,False,False,False,False,97.48,1.87,96.67,True,35983.7,,,
688221,,0.1031,1.0,0.7648,0.03,0.0,0.8222,0.1785,0.3,0.0,0.0,0.0,0.0,1.0,0.4302,False,False,False,False,18.0,0.78,20.27,False,67.4,,,
688222,,0.0,1.0,0.7991,0.3845,0.0,0.886,0.3656,0.0,0.2479,0.0,0.0,0.0,1.0,0.4298,False,False,False,False,26.29,0.27,27.73,False,10533.9,,CXO概念/CRO概念,
688223,,0.0,1.0,0.7706,0.0,0.0,0.7246,0.2153,0.0,0.0,0.0,0.0,0.0,0.0,0.4726,False,False,False,False,5.29,1.15,6.18,False,54325.2,,,
688225,,0.5341,1.0,0.782,0.0,0.0,0.5988,0.1584,0.3,0.0,0.0,1.0,0.0,0.0,0.4076,False,False,False,False,13.22,0.53,15.91,False,5288.1,,,
688226,,0.0,1.0,0.7291,0.3089,0.0,0.794,0.2343,0.0,0.3895,0.0,0.0,0.0,0.7,0.4431,False,False,False,False,47.8,1.68,49.53,False,9023.5,,光伏,
688227,,0.3707,1.0,0.6403,0.5028,0.0,0.7615,0.1216,0.3,0.8046,0.0,1.0,0.5,0.7,0.3056,False,False,False,False,85.36,2.81,86.83,False,9650.4,,,
688228,,0.0,0.9032,0.6134,0.0,0.0,0.7036,0.1431,0.3,0.0,0.0,0.0,0.0,0.0,0.4818,False,False,False,False,88.23,3.58,107.11,False,5960.0,,,
688229,,0.0607,0.8237,0.4034,0.5506,0.0,0.6291,0.2099,0.3,0.7931,0.0,0.0,0.0,1.0,0.3521,False,False,False,False,89.76,4.06,88.98,True,3985.3,,,
688230,,0.0,1.0,0.7439,0.2941,0.0,0.585,0.3115,0.0,0.7036,0.0,0.0,0.5,1.0,0.3808,False,False,False,False,69.0,2.74,67.78,True,8114.4,,,
688231,,0.0,1.0,0.6778,1.0,0.6137,0.5998,0.2698,0.6,1.0,1.0,0.0,0.0,0.7,0.3071,False,False,False,False,43.8,-1.55,40.88,True,10812.3,,,
688232,,0.0,1.0,0.7831,0.0,0.0,0.5356,0.1928,0.0,0.0,0.0,0.0,0.0,0.0,0.4601,False,False,False,False,18.89,0.75,21.47,False,6082.2,,,
688233,,0.0,1.0,0.7358,0.9865,1.0,0.4682,0.4754,0.6,1.0,0.0,0.0,1.0,1.0,0.3062,False,False,False,False,110.94,-0.77,88.09,True,18893.7,,,
688234,,0.0,0.7924,0.4468,1.0,0.8731,0.3471,0.3909,0.0,1.0,0.0,0.0,0.0,0.7,0.2396,False,False,False,False,140.7,4.25,124.63,True,60460.3,,,
688235,,0.0,1.0,0.8056,0.0,0.0,0.6735,0.2444,0.3,0.0,0.0,0.0,0.0,1.0,0.4132,False,False,False,False,213.31,-1.6,236.97,False,24542.4,,,
688236,,0.0,1.0,0.8216,0.0,0.0,0.4138,0.103,0.0,0.0,0.0,0.0,0.0,0.0,0.4871,False,False,False,False,15.08,0.87,17.62,False,4349.5,,,
688237,,0.0,0.0,0.1127,0.2093,0.64,0.0,0.3357,0.6,1.0,0.0,0.0,0.5,0.0,0.5287,False,False,False,False,58.51,11.41,50.36,True,5247.3,,,
688238,,0.2668,1.0,0.8265,0.0,0.0,0.6989,0.1505,0.3,0.0,0.0,0.0,0.0,0.0,0.5845,False,False,False,False,5.4,0.37,6.26,False,3462.2,,,
688239,,0.0,1.0,0.7461,0.0091,0.0,0.635,0.196,0.0,0.0,0.0,0.0,0.0,1.0,0.5003,False,False,False,False,53.93,-0.77,61.8,False,10280.8,,,
688244,,0.0,1.0,0.8588,0.0,0.0,0.6954,0.1594,0.0,0.0,0.0,0.0,0.0,0.0,0.4829,False,False,False,False,16.1,0.31,18.39,False,2430.5,,,
688246,,0.0,1.0,0.7421,0.7039,1.0,0.5696,0.3737,0.6,0.9982,0.0,0.0,0.5,1.0,0.2871,False,False,True,False,24.69,1.6,23.03,True,3397.0,,,
688247,,0.4842,0.8866,0.6108,0.0,0.0,0.0,0.0546,0.0,0.0,0.0,0.0,0.0,0.0,0.5121,False,False,False,False,7.59,-3.68,8.84,False,3440.9,,,
688248,,0.0,0.0,0.0827,0.0907,0.0,0.3238,0.3051,0.0,0.6993,0.0,0.0,0.0,1.0,0.3413,False,False,False,False,56.47,9.44,56.07,True,31888.6,,,
688249,,0.0,1.0,0.7255,1.0,1.0,0.7065,0.4583,0.6,1.0,0.0,0.0,0.5,1.0,0.2858,False,False,False,False,42.1,-1.52,37.98,True,84519.6,,,
688251,,0.0,0.1726,0.0589,0.0,0.0,0.318,0.1532,0.0,0.0,0.0,0.0,0.0,0.0,0.5624,False,False,False,False,25.62,7.96,28.16,False,2559.5,,,
688252,,0.0,1.0,0.7887,0.3227,0.0,0.6149,0.295,0.0,0.4593,0.0,0.0,0.5,1.0,0.3745,False,False,False,False,21.84,-2.5,21.99,False,8933.0,,,
688253,,0.0,1.0,0.6766,1.0,1.0,0.7498,0.5082,0.0,1.0,0.0,0.0,0.5,0.7,0.2904,False,False,False,False,60.22,0.4,52.04,True,82.5,,,
688255,,0.0207,0.9215,0.5482,0.5429,0.5226,0.4429,0.405,0.3,0.5472,0.0,0.0,0.0,1.0,0.3727,False,False,False,False,31.3,3.47,31.15,True,34.4,,,
688256,,0.0,1.0,0.8096,1.0,1.0,0.6706,0.298,0.0,1.0,0.0,0.0,0.0,0.7,0.2755,False,False,False,False,1306.99,-2.1,1149.34,True,821172.6,,,
688257,,0.0,0.6997,0.3563,1.0,1.0,0.0624,0.7667,0.3,1.0,0.0,1.0,0.5,0.7,0.2072,False,False,False,False,101.05,4.8,85.73,True,25505.9,,,
688258,,0.3822,0.8179,0.7172,0.6952,0.0,0.7529,0.2029,0.3,0.4943,0.0,0.0,0.0,1.0,0.4039,False,False,False,False,122.09,-4.09,128.75,False,14790.3,,,
688259,,0.0,1.0,0.6711,0.3095,0.0733,0.5438,0.4998,0.3,0.5333,0.0,0.0,0.5,1.0,0.3898,False,False,False,False,38.38,2.9,38.27,True,42.9,,,
688260,,0.0,0.3424,0.0,1.0,1.0,0.5511,0.7741,0.3,1.0,0.0,1.0,1.0,1.0,0.1904,False,False,False,False,103.01,6.95,64.99,True,12361.2,,,
688261,,0.0,1.0,0.6887,0.5361,0.7191,0.3964,0.4747,0.3,1.0,0.0,1.0,0.5,1.0,0.3913,False,False,False,False,88.0,0.23,82.92,True,10744.5,,,
688262,,0.0,1.0,0.8118,0.4059,0.0,0.6088,0.2067,0.0,0.6855,0.0,0.0,0.0,1.0,0.3751,False,False,False,False,36.78,2.79,36.62,True,12358.1,,,
688265,,0.1359,1.0,0.7568,0.0,0.0,0.6141,0.0602,0.3,0.0,0.0,0.0,0.0,0.0,0.5027,False,False,False,False,31.85,0.16,37.82,False,2483.1,,,
688266,,0.0,1.0,0.7938,0.3512,0.0,0.7161,0.2292,0.3,0.1308,0.0,0.0,0.5,0.7,0.4186,False,False,False,False,90.46,0.3,95.71,False,23945.5,,,
688267,,0.0,1.0,0.7995,0.5514,0.0,0.7703,0.3364,0.0,0.4546,0.0,0.0,0.0,1.0,0.3412,False,False,False,False,30.44,-0.49,31.1,False,5363.5,,,
688268,,0.0905,1.0,0.5187,1.0,1.0,0.4403,0.5186,0.3,1.0,0.0,1.0,1.0,0.7,0.1447,False,False,False,False,184.77,0.46,152.85,True,22580.0,,,
688269,,0.0,1.0,0.7619,0.0,0.0,0.6698,0.1967,0.0,0.0275,0.0,0.0,0.0,1.0,0.5437,False,False,False,False,35.34,1.79,38.13,False,4619.1,,,
688270,,0.0,1.0,0.5805,0.0,0.0,0.7756,0.333,0.0,0.0,0.0,0.0,0.0,0.0,0.4187,False,False,False,False,108.95,-1.22,131.1,False,23320.9,,,
688271,,0.0962,1.0,0.8687,0.3522,0.2842,0.7152,0.4108,0.3,0.1669,0.0,0.0,0.0,1.0,0.3415,False,False,False,False,111.0,-2.0,116.31,False,91481.5,,,
688272,,0.0,1.0,0.6375,0.0,0.0,0.7233,0.2204,0.3,0.5039,0.0,0.0,0.5,0.0,0.4124,False,False,False,False,36.55,2.99,37.74,False,2777.8,,,
688273,,0.1061,0.9084,0.4959,0.3327,0.0,0.6154,0.2203,0.0,0.5357,0.0,1.0,0.0,1.0,0.3257,False,False,False,False,42.59,3.55,43.34,False,4259.0,,,
688275,,0.0,1.0,0.6649,0.796,0.0,0.5724,0.2529,0.0,1.0,0.0,0.0,0.5,0.7,0.3271,False,False,False,False,132.78,2.05,126.76,True,16746.0,,,
688276,,0.5085,1.0,0.8273,0.0,0.0,0.4944,0.1269,0.6,0.0,0.0,0.0,0.0,0.0,0.5328,False,False,False,False,14.13,-1.05,16.63,False,5845.0,,,
688277,,0.0,0.6993,0.492,0.0,0.0,0.0579,0.3115,0.0,0.4847,0.0,0.0,0.5,0.0,0.4106,False,False,False,False,18.98,4.8,19.2,False,8654.7,,,
688278,,0.0,1.0,0.8152,0.0,0.179,0.3656,0.3473,0.9,0.0,0.0,0.0,0.5,0.0,0.2798,False,False,False,False,55.89,-1.93,60.27,False,22813.7,,,
688279,,0.0,1.0,0.746,0.8912,0.282,0.6548,0.3265,0.0,0.758,1.0,0.0,0.0,1.0,0.2967,False,False,False,False,211.3,-0.59,207.11,True,19768.8,,,
688280,,0.0,1.0,0.8285,0.0,0.0,0.5282,0.3944,0.6,0.0,0.0,0.0,1.0,0.0,0.3169,False,False,False,False,6.65,0.61,7.32,False,3461.6,,,
688281,,0.0,1.0,0.7952,0.0,0.0,0.6022,0.0961,0.0,0.0,0.0,0.0,0.5,1.0,0.47,False,False,False,False,51.46,0.7,69.55,False,14026.5,,,
688282,,0.0,0.6221,0.6695,0.2408,0.0,0.5506,0.3184,0.6,0.0639,0.0,0.0,0.0,0.7,0.4114,False,False,False,False,70.14,-5.27,77.53,False,6172.3,,,
688283,,0.0,0.4695,0.4351,0.0,0.0,0.1703,0.3563,0.6,0.0,0.0,0.0,0.5,1.0,0.3341,False,False,False,False,36.87,-6.18,40.95,False,4490.8,,,
688285,,0.0,1.0,0.7772,0.0043,0.0,0.7949,0.1585,0.0,0.0,0.0,0.0,0.0,1.0,0.4554,False,False,False,False,7.77,-0.13,8.48,False,2923.8,,,
688286,,0.0,0.303,0.1603,0.0572,0.0,0.2054,0.3634,0.3,0.805,0.0,0.0,0.5,1.0,0.4576,False,False,False,False,72.08,7.18,68.75,True,4040.8,,,
688288,,0.0,1.0,0.848,0.0,0.0,0.8079,0.0875,0.0,0.0,0.0,0.0,0.0,0.0,0.5498,False,False,False,False,19.82,-1.74,23.16,False,1978.3,,科创50,
688289,,0.2841,1.0,0.8702,0.0,0.0,0.7434,0.199,0.6,0.0,0.0,0.0,0.0,0.0,0.5326,False,False,False,False,14.32,-0.42,16.82,False,8296.8,,,
688290,,0.0,0.9747,0.6387,0.8998,0.6244,0.6535,0.5225,0.3,0.9662,0.0,0.0,0.5,1.0,0.2306,False,False,False,False,64.15,3.15,61.21,True,6555.5,,,
688291,,0.0,1.0,0.7475,0.8378,0.6859,0.7085,0.2863,0.3,1.0,0.0,1.0,0.0,1.0,0.2639,False,False,False,False,49.58,-0.64,47.33,True,5090.2,,,
688292,,0.0,1.0,0.7682,0.0,0.0,0.8035,0.1967,0.6,0.0,0.0,0.0,0.0,0.0,0.3697,False,False,False,False,20.65,1.13,23.63,False,3269.9,,,
688293,,0.0,1.0,0.7031,0.0,0.0,0.5467,0.0878,0.6,0.0,0.0,0.0,0.0,0.0,0.6475,False,False,False,False,36.8,2.42,44.02,False,4188.6,,,
688295,,0.0,1.0,0.7051,0.5182,0.0,0.7124,0.2139,0.3,0.9854,0.0,0.0,0.5,0.7,0.212,False,False,False,False,51.35,0.51,50.11,True,46215.0,,,
688296,,0.4939,1.0,0.6854,0.3345,0.0,0.5832,0.1344,0.0,0.0,0.0,0.0,0.0,1.0,0.467,False,False,False,False,13.22,0.61,14.68,False,1419.7,,,
688298,,0.2248,1.0,0.8665,0.0,0.0,0.9052,0.177,0.0,0.0,0.0,0.0,0.0,0.0,0.431,False,False,False,False,19.5,0.1,21.81,False,3931.2,,,
688299,,0.0,1.0,0.6704,0.0801,0.0,0.5422,0.3881,0.3,0.4546,0.0,0.0,0.5,1.0,0.4551,False,False,False,False,17.41,2.47,17.56,False,5003.5,,科创50,
688300,,0.0,0.9612,0.1241,1.0,1.0,0.4533,0.6977,0.3,1.0,0.0,0.0,1.0,0.7,0.1632,False,False,False,False,220.0,3.23,135.9,True,531.2,,科创50,
688301,,0.8787,1.0,0.7471,1.0,0.0,0.3216,0.561,0.3,0.0,0.0,1.0,0.0,1.0,0.5653,False,False,False,False,116.8,0.69,145.87,False,24697.3,,,
688302,,0.3027,0.8519,0.5812,0.0,0.0,0.2819,0.1089,0.0,0.0,0.0,0.0,0.0,0.0,0.6222,False,False,False,False,34.73,3.89,40.8,False,3438.8,,,
688303,,0.0,1.0,0.6941,0.0862,0.3481,0.3417,0.3216,0.6,0.3311,0.0,0.0,1.0,0.0,0.2978,False,False,False,False,21.02,0.48,21.44,False,45092.2,,光伏,
688305,,0.0,1.0,0.6931,0.7596,1.0,0.406,0.4674,0.6,1.0,0.0,0.0,0.5,1.0,0.3391,False,False,True,False,69.37,3.0,63.45,True,9171.7,,,
688306,,0.0,0.8399,0.5746,0.1961,0.0,0.2879,0.2796,0.6,0.3861,0.0,0.0,0.0,1.0,0.4375,False,False,False,False,9.45,3.96,9.57,False,11607.3,,,
688308,,0.0,1.0,0.4354,1.0,1.0,0.4819,0.7865,0.0,1.0,0.0,0.0,0.5,0.7,0.194,False,False,False,False,164.95,1.81,119.55,True,26191.0,,,
688309,,0.113,0.0,0.1786,0.9021,0.0,0.307,0.1496,0.0,0.7544,0.0,1.0,0.0,0.7,0.392,False,False,False,False,63.0,9.02,64.34,False,5002.3,,,
688310,,0.587,0.9961,0.6007,0.7528,0.7843,0.5667,0.2064,0.6,0.5965,1.0,0.0,0.5,1.0,0.3475,False,False,False,False,17.0,-3.02,16.99,True,2793.5,,,
688311,,0.0,1.0,0.7475,0.0,0.0,0.6768,0.231,0.3,0.0,0.0,0.0,0.0,0.0,0.4417,False,False,False,False,27.81,2.28,33.11,False,4833.2,,,
688312,,0.0,0.7992,0.6124,1.0,0.7132,0.5694,0.3832,0.0,1.0,0.0,1.0,0.0,0.7,0.2678,False,False,False,False,85.5,4.2,74.8,True,12544.1,,,
688313,,0.0,0.8615,0.5416,1.0,1.0,0.5083,0.3478,0.0,1.0,0.0,0.0,0.0,0.7,0.3772,False,False,False,False,172.91,3.83,144.75,True,78153.0,,,
688314,,0.0,0.8816,0.6258,0.1165,0.0,0.5208,0.2856,0.6,0.4598,0.0,0.0,0.5,0.0,0.429,False,False,False,False,41.0,-3.71,42.28,False,3330.8,,,
688315,,0.5867,1.0,0.8159,0.1449,0.0,0.783,0.2523,0.3,0.0,0.0,0.0,0.0,1.0,0.3709,False,False,False,False,12.32,0.08,14.08,False,5127.6,,,
688316,,0.0,1.0,0.7157,0.0,0.0,0.7473,0.2421,0.0,0.0,0.0,1.0,0.0,0.0,0.3377,False,False,False,False,60.66,2.26,67.42,False,2905.5,,,
688317,,0.6573,1.0,0.7964,0.1086,0.0,0.8058,0.1799,0.3,0.0,0.0,0.0,0.0,1.0,0.4894,False,False,False,False,16.66,-0.24,19.63,False,3201.4,,,
688318,,0.484,1.0,0.6224,0.0,0.0,0.2544,0.263,0.3,0.0,0.0,0.0,0.0,1.0,0.5899,False,False,False,False,74.73,1.26,106.53,False,19139.8,,,
688319,,0.0,0.9006,0.5758,0.9509,1.0,0.6289,0.5167,0.3,1.0,0.0,0.0,0.5,0.7,0.3127,False,False,False,False,37.45,3.6,33.28,True,15182.6,,,
688320,,0.0,0.9624,0.672,0.8725,0.8476,0.6507,0.4286,0.3,0.9138,0.0,0.0,0.0,1.0,0.3465,False,False,False,False,38.4,3.23,36.42,True,5798.9,,,
688321,,0.0,1.0,0.8301,0.0,0.0,0.8215,0.0467,0.3,0.0,0.0,0.0,0.0,1.0,0.5396,False,False,False,False,25.06,-1.73,28.17,False,102.2,,科创50,
688322,,0.0,0.9288,0.4199,1.0,1.0,0.3363,0.6042,0.3,1.0,0.0,1.0,0.5,1.0,0.1684,False,False,True,False,132.18,3.43,105.27,True,42122.6,,,
688323,,0.0,1.0,0.2382,1.0,1.0,0.0743,0.6241,0.3,1.0,0.0,0.0,1.0,1.0,0.2339,False,False,False,False,50.25,1.27,31.39,True,9045.1,,,
688325,,0.0,1.0,0.7657,0.9574,1.0,0.6479,0.3408,0.9,1.0,0.0,1.0,1.0,0.0,0.1979,False,False,True,False,141.3,0.51,122.51,True,11539.3,,,
688326,,0.0,1.0,0.7714,0.0,0.0,0.812,0.138,0.3,0.0,0.0,0.0,0.0,0.0,0.5693,False,False,False,False,75.83,-0.75,94.23,False,8464.4,,,
688327,,0.0,0.7312,0.3601,0.3452,0.2941,0.3124,0.3211,0.0,0.6033,0.0,1.0,0.5,1.0,0.4235,False,False,False,False,14.06,4.61,13.89,True,11718.2,,,
688329,,0.0,1.0,0.5782,0.3646,0.0,0.5603,0.29,0.3,0.3352,0.0,0.0,0.0,1.0,0.3772,False,False,False,False,23.1,1.49,23.98,False,1783.3,,,
688330,,0.0,1.0,0.838,0.0,0.0,0.8013,0.2062,0.3,0.297,0.0,0.0,0.5,0.0,0.3096,False,False,False,False,39.1,0.0,40.77,False,5474.0,,,
688331,,0.0,0.7969,0.6754,0.0492,0.0,0.6412,0.1795,0.6,0.219,0.0,0.0,0.5,0.0,0.4883,False,False,False,False,107.4,-4.22,114.2,False,17516.2,,,
688333,,0.9978,1.0,0.7307,0.1375,0.0,0.6504,0.357,0.6,0.0,0.0,0.0,0.0,1.0,0.5525,False,False,False,False,74.5,-1.32,92.07,False,20437.0,,大飞机/科创50,
688334,,0.0,0.2592,0.0039,0.0,0.0,0.0,0.3264,0.3,0.5891,0.0,0.0,0.5,0.0,0.3366,False,False,False,False,20.35,7.44,20.31,True,3193.0,,,
688335,,0.0,0.1951,0.3384,0.0,0.228,0.3226,0.2296,0.6,0.855,0.0,0.0,1.0,0.0,0.363,False,False,False,False,31.4,7.83,30.84,True,4648.3,,,
688336,,0.0,1.0,0.7983,0.0,0.0,0.7264,0.1202,0.0,0.0,0.0,0.0,0.0,0.0,0.6036,False,False,False,False,55.18,-1.81,64.05,False,34034.2,,,
688337,,0.0,0.0,0.0,1.0,1.0,0.1698,0.7136,0.3,1.0,0.0,1.0,1.0,0.7,0.2646,False,False,True,False,79.0,17.56,60.03,True,14687.4,,,
688338,,0.0,1.0,0.8341,0.0,0.0,0.7492,0.0823,0.0,0.0,0.0,0.0,0.0,0.0,0.4683,False,False,False,False,24.66,-1.0,27.26,False,2617.5,,,
688339,,0.0,1.0,0.775,0.0,0.0,0.7009,0.0992,0.3,0.0,0.0,0.0,0.0,0.0,0.5456,False,False,False,False,20.48,1.64,24.04,False,4009.7,,,
688343,,0.0,0.0,0.0,0.0,0.0,0.0,0.1392,0.3,0.3797,0.0,1.0,0.5,1.0,0.5057,False,False,False,False,73.5,15.04,75.36,False,26430.8,,,
688345,,0.0,1.0,0.65,0.8317,0.0,0.8114,0.2684,0.6,1.0,0.0,0.0,0.5,0.7,0.3163,False,False,False,False,52.0,1.86,49.45,True,5200.0,,,
688347,,0.0,1.0,0.6749,1.0,1.0,0.6928,0.3109,0.3,1.0,0.0,0.0,0.5,1.0,0.2474,False,False,False,False,238.5,0.09,184.76,True,97248.4,,,
688348,,0.0,1.0,0.6495,0.0,0.0,0.513,0.144,0.0,0.0,0.0,0.0,0.0,0.0,0.4535,False,False,False,False,37.35,2.81,45.97,False,5837.0,,,
688349,,0.0,1.0,0.8328,0.0,0.0,0.577,0.0921,0.3,0.0,0.0,0.0,0.5,0.0,0.4577,False,False,False,False,18.9,-1.25,21.79,False,22481.3,,,
688350,,0.0,1.0,0.6271,0.9015,0.4083,0.5068,0.3228,0.6,1.0,0.0,0.0,0.5,1.0,0.3489,False,False,False,False,35.09,1.71,33.02,True,5026.5,,,
688351,,0.0,0.9463,0.7617,0.4692,0.0,0.6938,0.2699,0.0,0.2135,0.0,0.0,0.5,0.7,0.4644,False,False,False,False,22.99,-3.32,24.33,False,10819.1,,,
688352,,0.5311,0.9124,0.6381,1.0,1.0,0.4127,0.4874,0.9,1.0,1.0,1.0,0.5,1.0,0.2557,False,False,False,False,18.5,3.53,16.59,True,6768.8,,,
688353,,0.0,1.0,0.5046,0.0,0.0,0.0,0.3139,0.3,1.0,0.0,0.0,0.5,0.0,0.3788,False,False,False,False,109.41,1.49,98.9,True,17450.9,,,
688355,,0.0,1.0,0.771,0.0,0.0,0.8354,0.1824,0.0,0.0,0.0,0.0,0.0,0.7,0.559,False,False,False,False,18.26,1.16,20.59,False,2263.4,,,
688356,,0.0,1.0,0.8505,0.0,0.0,0.7392,0.0474,0.3,0.0,0.0,0.0,0.0,0.0,0.4772,False,False,False,False,69.59,-0.6,83.4,False,4220.7,,,
688357,,0.0,1.0,0.7197,0.0,0.0,0.8048,0.136,0.0,0.0,0.0,0.0,0.0,0.0,0.5214,False,False,False,False,28.79,0.88,32.01,False,2880.7,,,
688358,,0.0,1.0,0.816,0.4766,0.0126,0.8375,0.2877,0.6,0.3441,0.0,0.0,0.0,1.0,0.2975,False,False,False,False,31.08,-2.54,32.14,False,3480.2,,,
688359,,0.0,0.0,0.0,1.0,1.0,0.1801,0.4788,0.0,1.0,0.0,0.0,1.0,0.7,0.3376,False,False,False,False,173.11,11.05,119.66,True,17093.9,,光伏/HIT电池,
688360,,0.4387,0.8857,0.7284,0.9329,0.5823,0.5198,0.3588,0.6,0.5619,1.0,1.0,0.0,1.0,0.2756,False,False,False,False,21.38,3.69,21.18,True,5393.9,,,
688361,,0.0,1.0,0.5986,1.0,1.0,0.574,0.412,0.0,1.0,0.0,0.0,0.5,1.0,0.3146,False,False,False,False,241.0,2.55,202.76,True,66723.9,,,
688362,,0.0,1.0,0.4314,1.0,1.0,0.178,0.4825,0.0,1.0,0.0,0.0,0.5,0.7,0.2333,False,False,False,False,64.85,2.81,54.29,True,26620.3,,,
688363,,0.0,1.0,0.7906,0.0,0.0,0.4771,0.2314,0.6,0.0,0.0,0.0,0.5,0.0,0.3854,False,False,False,False,36.2,-0.25,38.95,False,17436.8,,科创50,
688365,,0.6473,1.0,0.7141,0.2224,0.0,0.7308,0.1758,0.3,0.1268,0.0,1.0,0.0,1.0,0.3444,False,False,False,False,18.33,0.77,19.96,False,7805.4,,,
688366,,0.2701,1.0,0.873,0.0,0.0,0.3736,0.0894,0.6,0.0,0.0,0.0,0.0,0.0,0.4947,False,False,False,False,31.07,-1.37,36.19,False,6029.2,,,
688367,,0.0,1.0,0.7096,0.327,0.0,0.5936,0.2216,0.6,0.5696,0.0,0.0,0.0,0.7,0.3369,False,False,False,False,35.43,-1.69,36.42,False,3104.5,,,
688368,,0.0,1.0,0.7098,1.0,1.0,0.6579,0.6868,0.6,1.0,0.0,0.0,0.0,0.7,0.2615,False,False,False,False,201.5,0.24,180.58,True,17832.8,,科创50,
688369,,0.0,1.0,0.6944,0.0593,0.0,0.6989,0.1995,0.3,0.2947,0.0,0.0,0.5,1.0,0.371,False,False,False,False,22.4,0.67,23.13,False,2580.9,,科创50,
688370,,0.0,1.0,0.5602,0.0,0.0,0.0,0.207,0.3,0.1348,0.0,0.0,0.0,0.0,0.4365,False,False,False,False,22.42,1.31,23.74,False,3074.0,,,
688371,,0.0,0.9672,0.3916,1.0,1.0,0.3424,0.432,0.6,1.0,0.0,0.0,0.5,0.7,0.2551,False,False,False,False,37.55,-3.2,32.22,True,12597.0,,,
688372,,0.0,1.0,0.74,0.7243,0.3141,0.7183,0.3374,0.0,1.0,0.0,1.0,0.5,0.7,0.2777,False,False,False,False,159.95,0.93,150.33,True,26834.0,,,
688373,,0.0209,1.0,0.7907,0.0,0.0,0.6399,0.0546,0.0,0.0,0.0,0.0,0.0,0.0,0.5477,False,False,False,False,4.48,0.45,5.25,False,2713.3,,,
688375,,0.0,1.0,0.6984,0.0,0.0,0.4605,0.0928,0.3,0.1049,0.0,0.0,0.5,0.0,0.4957,False,False,False,False,96.46,-2.37,105.52,False,57491.6,,,
688376,,0.0,1.0,0.4137,0.7332,0.9728,0.0,0.4124,0.3,1.0,0.0,1.0,0.5,0.7,0.2752,False,False,False,False,80.15,2.76,71.49,True,108.4,,,
688378,,0.012,0.6376,0.4054,1.0,1.0,0.5679,0.3327,0.3,1.0,0.0,1.0,0.5,0.7,0.2028,False,False,True,False,48.58,5.17,44.05,True,11705.9,,,
688379,,0.0,0.8617,0.5602,1.0,1.0,0.2837,0.4472,0.6,1.0,0.0,0.0,1.0,0.7,0.3339,False,False,False,False,88.64,-3.83,68.96,True,7985.2,,,
688380,,0.0,1.0,0.794,0.455,0.0399,0.5449,0.3356,0.6,0.847,0.0,0.0,0.5,1.0,0.3346,False,False,False,False,47.14,0.47,46.24,True,18873.2,,,
688381,,0.0,0.4876,0.3758,1.0,1.0,0.5282,0.577,0.0,1.0,0.0,0.0,0.5,0.7,0.3565,False,False,False,False,46.45,6.07,35.99,True,11496.4,,,
688382,,0.0,1.0,0.7255,0.0,0.0,0.6597,0.1815,0.3,0.0,0.0,0.0,0.0,0.0,0.5391,False,False,False,False,16.55,-2.65,19.94,False,95.7,,,
688383,,0.0,0.9655,0.5813,1.0,1.0,0.6051,0.9684,0.0,1.0,0.0,0.0,1.0,0.7,0.2708,False,False,False,False,177.0,3.21,124.14,True,17991.4,,,
688385,,0.0,1.0,0.8252,0.0,0.0,0.7186,0.2373,0.0,0.0,0.0,0.0,0.0,0.0,0.5573,False,False,False,False,56.21,1.65,65.1,False,30319.1,,,
688386,,0.0,1.0,0.6681,0.3068,0.6612,0.0384,0.4301,0.3,1.0,0.0,0.0,0.5,1.0,0.38,False,False,False,False,90.63,2.07,82.92,True,8247.3,,,
688387,,0.653,1.0,0.6862,0.3437,0.0,0.6264,0.1619,0.3,0.2298,0.0,0.0,0.0,0.7,0.3634,False,False,False,False,15.33,-1.16,16.89,False,30917.2,,,
688388,,0.0,0.4744,0.4211,0.8303,1.0,0.0612,0.6762,0.0,1.0,0.0,0.0,1.0,0.7,0.2835,False,False,False,False,70.9,6.15,48.25,True,32307.3,,科创50,
688390,,0.5704,0.7499,0.3891,1.0,0.2243,0.4164,0.2793,0.0,0.9189,1.0,1.0,0.0,0.7,0.245,False,False,False,False,116.33,4.5,114.48,True,28275.4,,光伏,
688391,,0.0,1.0,0.6358,0.4241,0.1548,0.5547,0.3469,0.3,0.8268,0.0,0.0,0.5,1.0,0.4133,False,False,False,False,32.43,2.4,31.3,True,3735.3,,,
688392,,0.0,1.0,0.6718,1.0,1.0,0.3433,0.493,0.3,1.0,0.0,0.0,1.0,0.7,0.3652,False,False,False,False,167.23,1.65,148.99,True,19354.1,,,
688393,,0.0,1.0,0.7634,0.0,0.0,0.6768,0.1604,0.3,0.0,0.0,0.0,0.0,0.0,0.4723,False,False,False,False,19.61,-0.56,22.74,False,1834.9,,,
688395,,0.0874,1.0,0.6627,0.3017,0.0,0.6464,0.1267,0.3,0.0,0.0,0.0,0.0,0.7,0.4647,False,False,False,False,24.66,1.44,27.08,False,2135.5,,,
688396,,0.0,0.798,0.4926,1.0,1.0,0.3671,0.623,0.0,1.0,0.0,1.0,0.5,1.0,0.2418,False,False,False,False,71.75,4.21,61.48,True,95299.1,,,
688398,,0.3391,0.8812,0.5267,0.8595,0.0,0.0567,0.1167,0.0,0.0,0.0,0.0,0.0,0.7,0.3841,False,False,False,False,25.42,3.71,28.61,False,4265.8,,,
688399,,0.0,1.0,0.8229,0.0,0.0,0.7796,0.1934,0.6,0.0,0.0,0.0,0.5,1.0,0.4254,False,False,False,False,51.07,-0.99,56.19,False,4283.3,,,
688400,,0.0,1.0,0.7383,1.0,0.5428,0.6457,0.2422,0.3,1.0,0.0,0.0,0.5,0.7,0.2897,False,False,False,False,60.02,1.56,56.04,True,27667.8,,,
688401,,0.0,1.0,0.7951,1.0,1.0,0.5047,0.3806,0.0,1.0,0.0,0.0,0.5,0.7,0.2291,False,False,False,False,79.18,-1.06,68.49,True,15309.3,,,
688403,,0.0,1.0,0.4607,1.0,1.0,0.4377,0.3672,0.6,1.0,0.0,0.0,1.0,1.0,0.2592,False,False,False,False,26.96,0.97,20.25,True,26715.7,,,
688408,,0.0,1.0,0.703,0.0,0.0,0.5924,0.1971,0.3,0.0,0.0,0.0,0.0,0.0,0.5649,False,False,False,False,31.14,2.0,36.45,False,6821.7,,光伏,
688409,,0.0,1.0,0.6228,1.0,1.0,0.4498,0.7162,0.6,1.0,0.0,0.0,1.0,0.7,0.2315,False,False,False,False,189.54,-1.26,138.71,True,58039.2,,,
688410,,0.0,1.0,0.8632,0.2081,0.0,0.6976,0.2509,0.3,0.0,0.0,0.0,0.0,1.0,0.4439,False,False,False,False,14.54,-0.55,15.79,False,4647.0,,,
688411,,0.0,1.0,0.7467,0.73,0.5924,0.7015,0.4018,0.6,0.8364,1.0,0.0,0.0,1.0,0.3175,False,False,False,False,264.0,1.54,258.47,True,34999.6,,,
688416,,0.0,1.0,0.6279,1.0,1.0,0.5055,0.4333,0.3,1.0,0.0,1.0,0.5,1.0,0.3244,False,False,False,False,125.31,1.97,108.32,True,10401.4,,,
688418,,0.0,0.9072,0.5813,0.4113,0.0,0.6897,0.2451,0.0,0.6827,0.0,0.0,0.0,0.7,0.3937,False,False,False,False,46.0,3.56,46.33,False,8857.5,,,
688419,,0.0,0.4758,0.4086,0.9762,1.0,0.0,0.4856,0.9,1.0,0.0,0.0,0.5,1.0,0.3177,False,False,False,False,65.81,6.15,49.36,True,7538.6,,,
688420,,0.236,1.0,0.7217,0.216,0.0,0.6755,0.1703,0.0,0.0,0.0,0.0,0.0,1.0,0.4319,False,False,False,False,22.7,0.8,25.09,False,947.5,,,
688425,,0.0,1.0,0.8464,0.0,0.0,0.5954,0.1168,0.0,0.0,0.0,0.0,0.0,0.0,0.4512,False,False,False,False,4.26,-1.84,4.61,False,22720.7,,,
688426,,0.246,1.0,0.6947,0.0,0.0,0.6673,0.1018,0.0,0.0,0.0,0.0,0.0,0.0,0.5564,False,False,False,False,16.5,0.73,19.66,False,1851.8,,,
688428,,0.0,1.0,0.7434,0.0,0.0,0.6951,0.1494,0.6,0.0367,0.0,0.0,0.5,0.0,0.4211,False,False,False,False,22.56,-2.42,24.13,False,6054.2,,,
688429,,0.0187,1.0,0.6442,0.0,0.0,0.6066,0.0963,0.0,0.0,0.0,0.0,0.0,0.0,0.3875,False,False,False,False,10.94,2.43,13.02,False,1310.9,,,
688432,,0.0,1.0,0.5143,1.0,1.0,0.0,0.7681,0.6,1.0,0.0,1.0,1.0,0.7,0.1884,False,False,False,False,25.59,1.87,18.72,True,320.0,,,
688433,,0.0,0.0,0.0,0.9678,1.0,0.1174,0.3403,0.6,1.0,0.0,0.0,0.5,1.0,0.5457,False,False,False,False,109.79,14.94,91.22,True,45626.3,,,
688435,,0.0999,1.0,0.8174,0.0,0.0,0.8532,0.2629,0.6,0.0,0.0,0.0,0.0,0.0,0.3218,False,False,False,False,37.16,-0.24,41.74,False,2082.7,,,
688439,,0.0415,1.0,0.7295,0.0,0.0,0.5092,0.3467,0.0,0.0,0.0,0.0,0.0,0.0,0.453,False,False,False,False,45.69,1.87,50.71,False,9138.0,,,
688443,,0.3853,1.0,0.8185,0.0,0.0,0.7226,0.1042,0.0,0.0,0.0,0.0,0.0,0.0,0.5052,False,False,False,False,21.18,-2.26,26.52,False,2471.3,,,
688448,,0.0,1.0,0.6629,0.2588,0.0,0.7039,0.3157,0.0,0.1202,0.0,0.0,0.0,1.0,0.2881,False,False,False,False,56.0,2.23,61.23,False,4047.5,,,
688449,,0.0,1.0,0.7228,1.0,1.0,0.639,0.2983,0.0,1.0,0.0,0.0,0.5,1.0,0.3432,False,False,False,False,71.6,0.93,64.41,True,20993.4,,,
688450,,0.0,0.0,0.0939,0.8427,0.0,0.1956,0.2202,0.0,1.0,0.0,0.0,0.0,0.7,0.5672,False,False,False,False,46.6,13.11,41.88,True,2280.2,,,
688455,,0.0656,1.0,0.6867,0.0,0.0,0.7922,0.3831,0.9,0.0,0.0,0.0,0.0,0.0,0.5708,False,False,False,False,18.95,2.38,21.5,False,3184.2,,,
688456,,0.0,0.0,0.0,1.0,1.0,0.0,1.0,0.6,1.0,0.0,0.0,1.0,1.0,0.2259,False,False,False,False,154.48,10.3,85.93,True,16013.4,,,
688458,,0.0,0.6593,0.5689,0.5286,0.1341,0.6161,0.388,0.6,0.7677,0.0,0.0,0.5,1.0,0.5085,False,False,False,False,40.61,5.04,39.15,True,3454.6,,,
688459,,0.2136,1.0,0.8002,0.0432,0.0,0.6012,0.1264,0.0,0.0,0.0,0.0,0.0,0.0,0.4788,False,False,False,False,8.05,0.5,8.8,False,3864.0,,,
688466,,0.0,1.0,0.7698,0.0297,0.0,0.5104,0.1673,0.0,0.0,0.0,0.0,0.0,1.0,0.511,False,False,False,False,14.5,0.14,16.73,False,1771.2,,,
688468,,0.0095,1.0,0.8896,0.0,0.0,0.5517,0.1156,0.0,0.0,0.0,0.0,0.0,0.0,0.455,False,False,False,False,6.04,0.0,6.85,False,2422.7,,,
688469,,0.0,0.9825,0.7499,0.7441,0.7313,0.4797,0.6333,0.6,1.0,0.0,0.0,0.5,1.0,0.3879,False,False,False,False,7.97,3.1,7.41,True,46782.3,,,
688472,,0.0,1.0,0.7135,0.0,0.0,0.6438,0.3007,0.0,0.0,0.0,0.0,0.0,1.0,0.5327,False,False,False,False,11.48,2.78,13.24,False,15471.1,,,
688475,,0.0,1.0,0.8256,0.2542,0.0,0.5267,0.1184,0.0,0.1156,0.0,0.0,0.0,1.0,0.4039,False,False,False,False,26.97,0.78,28.62,False,21238.9,,,
688478,,0.0,1.0,0.4072,1.0,1.0,0.4529,0.3116,0.3,1.0,0.0,1.0,0.5,0.7,0.227,False,False,False,False,63.44,-0.69,54.26,True,8777.9,,,
688479,,0.0,1.0,0.6215,0.5912,0.0,0.688,0.2743,0.3,0.2826,0.0,1.0,0.0,0.7,0.2987,False,False,False,False,32.46,2.4,34.89,False,2022.8,,,
688480,,0.0,0.9208,0.7175,0.5872,0.4163,0.5707,0.3638,0.0,1.0,0.0,0.0,0.5,1.0,0.3791,False,False,False,False,97.49,-3.48,93.17,True,9293.3,,,
688484,,0.0,0.0,0.0,0.7032,1.0,0.0,0.4052,0.9,1.0,0.0,1.0,0.5,1.0,0.5345,False,False,False,False,52.67,20.0,42.19,True,22525.0,,,
688485,,0.0,1.0,0.6806,1.0,0.5595,0.7858,0.2036,0.3,1.0,1.0,0.0,0.5,0.7,0.2566,False,False,False,False,52.14,1.98,47.31,True,4627.8,,,
688486,,0.5369,1.0,0.7486,0.4857,0.0,0.2342,0.391,0.0,0.0,0.0,0.0,0.0,1.0,0.5439,False,False,False,False,53.48,2.35,73.27,False,7151.3,,,
688488,,0.4698,1.0,0.7321,0.0,0.0,0.6185,0.1167,0.3,0.0,0.0,0.0,0.0,0.0,0.5698,False,False,False,False,12.5,-1.5,15.38,False,5259.8,,,
688489,,0.1247,1.0,0.6901,0.0,0.0,0.4775,0.1276,0.3,0.0,0.0,0.0,0.0,1.0,0.7434,False,False,False,False,23.4,1.65,33.24,False,2675.3,,,
688496,,1.0,1.0,0.5597,0.0,0.0,0.7791,0.2405,0.3,0.0,0.0,0.0,0.0,0.0,0.81,False,False,False,False,1.03,-2.83,2.89,False,245.1,,,
688499,,0.035,0.3114,0.4188,0.0387,0.0,0.4013,0.1929,0.0,0.0,0.0,1.0,0.0,1.0,0.5128,False,False,False,False,46.57,7.13,52.44,False,7857.7,,,
688500,,0.0,1.0,0.6404,0.3608,0.0897,0.607,0.3808,0.3,0.1045,0.0,0.0,0.5,1.0,0.3728,False,False,False,False,51.09,-1.24,53.43,False,3745.7,,,
688501,,0.4038,1.0,0.7628,0.0411,0.0,0.4982,0.2124,0.9,0.0,0.0,0.0,0.0,0.0,0.3166,False,False,False,False,21.69,-2.3,23.61,False,2694.5,,,
688502,,0.0,1.0,0.7263,0.8742,0.351,0.5101,0.2867,0.0,1.0,0.0,0.0,0.5,0.7,0.381,False,False,False,False,489.99,-2.12,450.96,True,25871.5,,,
688503,,0.0,0.7077,0.5104,0.4625,0.0,0.3175,0.1937,0.0,0.9199,0.0,0.0,0.5,0.7,0.3015,False,False,False,False,95.85,4.75,93.73,True,192.6,,,
688505,,0.0,1.0,0.9018,0.0,0.0,0.7018,0.1725,0.3,0.0,0.0,0.0,0.0,0.0,0.4103,False,False,False,False,6.75,-0.59,7.5,False,4796.4,,,
688506,,0.0,1.0,0.7558,0.0,0.0,0.5789,0.2683,0.6,0.0,0.0,0.0,0.5,0.0,0.3379,False,False,False,False,235.11,-0.68,249.49,False,970.7,,,
688507,,0.0,1.0,0.5736,1.0,1.0,0.2719,1.0,0.6,1.0,0.0,0.0,1.0,1.0,0.1672,False,False,False,False,248.32,-2.07,155.27,True,12226.2,,,
688508,,0.0,0.0671,0.1961,1.0,1.0,0.4013,0.3123,0.6,1.0,0.0,1.0,0.5,0.7,0.4114,False,False,False,False,96.0,8.6,82.1,True,12712.4,,,
688509,,0.0,1.0,0.8274,0.5899,1.0,0.5516,0.5337,0.6,0.7796,0.0,0.0,0.5,1.0,0.3296,False,False,False,False,4.95,-1.39,4.83,True,1904.7,,,
688510,,0.3616,1.0,0.677,0.0,0.0,0.3618,0.1099,0.3,0.0,0.0,0.0,0.0,0.0,0.3694,False,False,False,False,25.15,-1.72,29.96,False,6527.0,,大飞机,
688511,,0.0,1.0,0.6655,0.9562,1.0,0.5184,0.6131,0.6,1.0,0.0,0.0,0.5,0.7,0.2938,False,False,False,False,27.82,0.43,24.07,True,3718.9,,,
688512,,0.0,1.0,0.6853,0.8106,0.5345,0.5194,0.3696,0.6,1.0,0.0,0.0,0.5,0.7,0.3838,False,False,False,False,14.38,2.86,13.41,True,4667.3,,,
688513,,0.3417,1.0,0.766,0.0,0.0,0.7952,0.0947,0.0,0.0,0.0,0.0,0.0,0.0,0.4409,False,False,False,False,45.11,-0.4,54.9,False,7963.4,,,
688515,,0.3755,1.0,0.5916,1.0,1.0,0.6651,0.3178,0.3,1.0,1.0,1.0,0.0,0.7,0.2097,False,False,False,False,197.49,2.7,180.53,True,9838.8,,,
688516,,0.0,0.1775,0.3767,0.0,0.0,0.4025,0.1435,0.0,0.0,0.0,0.0,0.0,0.0,0.5532,False,False,False,False,60.26,7.93,69.52,False,18967.5,,光伏/HIT电池,
688517,,0.0298,1.0,0.4233,0.3964,0.0,0.5197,0.2171,0.0,0.0438,0.0,0.0,0.0,0.7,0.4784,False,False,False,False,18.68,2.92,20.52,False,2551.9,,,
688518,,0.0,0.8562,0.574,0.4148,0.0,0.5099,0.3423,0.0,0.9305,0.0,1.0,0.5,1.0,0.3892,False,False,False,False,28.77,3.86,27.56,True,9819.9,,,
688519,,0.0,0.6063,0.1132,1.0,1.0,0.4851,0.9059,0.0,1.0,0.0,0.0,1.0,0.7,0.1541,False,False,False,False,356.44,5.36,208.32,True,83681.8,,,
688520,,0.4107,1.0,0.8068,0.0,0.0,0.6093,0.1132,0.3,0.0,0.0,0.0,0.0,0.0,0.5857,False,False,False,False,33.18,-1.86,38.86,False,147.8,,,
688521,,0.0,0.658,0.404,0.5586,0.0,0.5842,0.352,0.3,1.0,0.0,1.0,0.5,0.7,0.2891,False,False,False,False,249.1,5.05,239.24,True,131005.5,,,
688522,,0.0,1.0,0.7621,0.0,0.0,0.5154,0.1898,0.3,0.0,0.0,0.0,0.0,0.0,0.5722,False,False,False,False,20.68,2.48,29.1,False,2545.6,,,
688523,,0.4755,1.0,0.5406,0.0,0.0,0.5463,0.2054,0.3,0.0,0.0,0.0,0.0,0.7,0.5949,False,False,False,False,52.63,-2.25,62.73,False,5079.6,,,
688525,,0.0,1.0,0.7594,1.0,1.0,0.5857,0.5426,0.0,1.0,0.0,0.0,1.0,0.7,0.2745,False,False,False,False,340.48,0.15,287.11,True,160310.5,,,
688526,,0.0,1.0,0.8633,0.0,0.0,0.7186,0.1827,0.3,0.0,0.0,0.0,0.0,0.0,0.5195,False,False,False,False,12.5,-1.42,13.89,False,5826.6,,,
688528,,0.5012,1.0,0.7262,0.3734,0.0,0.5954,0.1129,0.0,0.0,0.0,0.0,0.0,1.0,0.4412,False,False,False,False,10.39,-0.76,11.42,False,1745.5,,,
688529,,0.0,0.977,0.4925,0.2976,0.0,0.2355,0.2941,0.6,0.2408,0.0,0.0,0.0,1.0,0.3774,False,False,False,False,17.75,3.14,18.53,False,2985.1,,,
688530,,0.0,0.2337,0.0698,1.0,1.0,0.2696,0.3704,0.3,1.0,0.0,0.0,1.0,0.7,0.2509,False,False,True,False,63.16,7.6,46.34,True,4407.2,,,
688531,,0.3972,0.9618,0.4603,1.0,1.0,0.5725,0.4635,0.0,1.0,0.0,0.0,0.5,0.7,0.1866,False,False,False,False,180.29,3.23,139.85,True,20693.5,,,
688533,,0.1153,1.0,0.8103,0.0,0.0,0.7636,0.2197,0.0,0.0,0.0,0.0,0.0,0.0,0.4407,False,False,False,False,23.7,0.64,26.2,False,3910.2,,,
688535,,0.0,1.0,0.7224,1.0,1.0,0.4747,0.4921,0.3,1.0,0.0,0.0,0.5,1.0,0.3443,False,False,False,False,125.74,1.26,109.25,True,15000.5,,,
688536,,0.0,0.8595,0.6103,1.0,1.0,0.6202,0.6159,0.3,1.0,0.0,0.0,0.5,0.7,0.2883,False,False,False,False,337.49,3.84,265.39,True,457.8,,,
688538,,0.0,1.0,0.7114,0.437,0.5031,0.3864,0.6032,0.3,0.475,0.0,0.0,0.0,1.0,0.402,False,False,False,False,2.37,2.6,2.38,False,13632.8,,,
688539,,0.0,1.0,0.5925,0.0,0.0,0.4236,0.2183,0.3,0.0,0.0,0.0,0.5,1.0,0.4595,False,False,False,False,32.4,0.03,36.22,False,6023.8,,,
688545,,0.0,0.6435,0.349,1.0,1.0,0.2681,0.4347,0.3,1.0,0.0,0.0,1.0,1.0,0.1929,False,False,False,False,109.09,-5.14,75.13,True,19881.7,,,
688548,,0.0,0.5043,0.4903,1.0,0.7268,0.4087,0.4252,0.3,1.0,0.0,1.0,0.5,0.7,0.2599,False,False,False,False,29.8,5.97,27.62,True,206.0,,,
688549,,0.0,0.0,0.0,1.0,1.0,0.248,0.7327,0.6,1.0,0.0,0.0,1.0,0.7,0.1926,False,False,True,False,29.89,10.62,15.84,True,17614.7,,,
688550,,0.0,1.0,0.6585,0.6267,0.3925,0.4294,0.7144,0.9,0.5524,1.0,1.0,0.5,1.0,0.2853,False,False,False,False,45.22,0.71,45.02,True,7861.2,,,
688551,,0.0,0.0,0.0,1.0,1.0,0.4076,0.4989,0.3,1.0,0.0,1.0,0.0,0.7,0.2543,False,False,False,False,70.94,13.61,58.51,True,5964.0,,光伏,
688552,,0.0,1.0,0.8263,0.0,0.0,0.6996,0.132,0.3,0.0,0.0,0.0,0.0,1.0,0.5822,False,False,False,False,29.09,-1.56,35.12,False,2525.8,,,
688553,,0.1155,1.0,0.7101,0.0,0.0,0.6384,0.1602,0.0,0.0,0.0,0.0,0.0,0.0,0.5085,False,False,False,False,16.26,0.99,18.27,False,5586.0,,,
688556,,0.0,0.5099,0.4959,0.0,0.0,0.444,0.1774,0.3,0.0801,0.0,1.0,0.5,0.0,0.3907,False,False,False,False,11.77,5.94,12.77,False,9778.2,,光伏,
688557,,0.0,0.8003,0.5572,0.0,0.0,0.5163,0.2595,0.3,0.0,0.0,0.0,0.0,1.0,0.4692,False,False,False,False,30.28,4.2,32.71,False,3109.1,,,
688558,,0.0,1.0,0.7149,0.5197,0.0,0.7254,0.1563,0.3,0.5721,0.0,0.0,0.0,0.7,0.3744,False,False,False,False,33.8,2.52,34.31,False,4461.6,,,
688559,,0.0,0.3233,0.4669,0.9128,1.0,0.1479,0.3606,0.3,1.0,0.0,1.0,0.5,1.0,0.2882,False,False,False,False,72.03,7.06,62.33,True,17846.1,,,
688560,,0.0,0.9043,0.5731,0.0,0.0,0.7624,0.0968,0.0,0.0,0.0,0.0,0.0,0.0,0.4143,False,False,False,False,13.91,3.57,15.31,False,2800.1,,光伏,
688561,,0.4858,1.0,0.7971,0.0,0.0,0.6379,0.129,0.0,0.0,0.0,0.0,0.0,0.0,0.6174,False,False,False,False,24.3,-0.08,28.79,False,16578.7,,,
688562,,0.0,1.0,0.8072,0.0,0.0,0.717,0.2215,0.6,0.0,0.0,0.0,0.0,0.0,0.4109,False,False,False,False,16.77,1.02,18.37,False,2901.5,,,
688563,,0.0,1.0,0.8073,0.0,0.0,0.5805,0.1862,0.0,0.0,0.0,0.0,0.5,0.0,0.4782,False,False,False,False,51.18,-0.74,55.85,False,5987.5,,,
688565,,0.3006,1.0,0.5729,0.0,0.0,0.4244,0.0764,0.0,0.0,0.0,0.0,0.0,0.0,0.5289,False,False,False,False,10.19,2.0,11.75,False,1525.7,,,
688566,,0.0,1.0,0.8522,0.0,0.0,0.8106,0.2052,0.0,0.0,0.0,0.0,0.5,0.0,0.4681,False,False,False,False,24.45,0.41,26.63,False,4876.1,,,
688567,,0.0,0.7085,0.5341,0.0,0.0,0.435,0.339,0.3,0.0,0.0,0.0,0.0,1.0,0.524,False,False,False,False,11.69,4.75,13.09,False,142.9,,固态电池,
688568,,0.2834,1.0,0.7455,0.0,0.0,0.6033,0.0867,0.3,0.0,0.0,0.0,0.0,0.0,0.4705,False,False,False,False,43.77,-0.52,53.97,False,35369.6,,,
688569,,0.0,1.0,0.7571,0.0265,0.0,0.7551,0.1157,0.0,0.0,0.0,0.0,0.0,0.0,0.4686,False,False,False,False,18.15,1.74,19.58,False,3823.6,,,
688570,,0.5685,1.0,0.8479,0.083,0.0,0.6384,0.0796,0.3,0.0,0.0,0.0,0.0,0.0,0.4267,False,False,False,False,15.52,-1.65,16.88,False,2920.9,,,
688571,,0.0,0.3526,0.3388,0.7418,0.3747,0.2159,0.435,0.9,1.0,0.0,1.0,0.0,0.7,0.3181,False,False,False,False,9.16,6.88,8.6,True,3885.4,,,
688573,,0.0,0.2733,0.3244,0.0837,0.0,0.3104,0.31,0.0,0.0722,0.0,0.0,0.0,1.0,0.4258,False,False,False,False,20.13,7.36,21.26,False,1071.2,,,
688575,,0.3533,1.0,0.8398,0.0,0.0,0.6151,0.0616,0.0,0.0,0.0,0.0,0.0,0.0,0.4378,False,False,False,False,9.35,-2.3,11.81,False,5342.5,,,
688576,,0.0,1.0,0.7043,0.3529,0.0,0.6467,0.2067,0.0,0.4638,0.0,0.0,0.0,1.0,0.3813,False,False,False,False,70.52,2.23,71.76,False,1536.8,,,
688577,,0.5901,0.7971,0.593,0.0,0.0,0.5473,0.3136,0.0,0.0,0.0,0.0,0.0,1.0,0.6124,False,False,False,False,49.67,4.22,69.37,False,5527.3,,,
688578,,0.0,1.0,0.8772,0.0,0.0,0.8288,0.1299,0.0,0.0,0.0,0.0,0.5,0.0,0.5273,False,False,False,False,83.75,-1.12,90.13,False,37687.5,,,
688579,,0.0,1.0,0.8135,0.0,0.0,0.5949,0.1122,0.0,0.0,0.0,0.0,0.0,0.0,0.4329,False,False,False,False,8.52,-0.7,9.75,False,3408.1,,,
688580,,0.0,1.0,0.7167,0.0306,0.0,0.6454,0.1518,0.0,0.4092,0.0,0.0,0.5,0.7,0.4474,False,False,False,False,53.4,0.39,55.18,False,5114.2,,,
688581,,0.0,1.0,0.8553,0.2592,0.0,0.9676,0.2387,0.3,0.2553,0.0,0.0,0.5,1.0,0.4439,False,False,False,False,55.49,-0.48,57.61,False,2306.1,,,
688582,,0.0,0.7687,0.6258,0.0,0.2216,0.228,0.3803,0.0,0.7928,0.0,0.0,0.5,0.0,0.3782,False,False,False,False,57.1,4.39,54.11,True,14287.5,,,
688583,,0.0,1.0,0.6036,0.4386,0.8861,0.2241,0.3736,0.3,1.0,0.0,0.0,0.5,0.0,0.3111,False,False,False,False,131.69,0.27,121.41,True,4056.5,,,
688584,,0.0,1.0,0.703,1.0,1.0,0.3642,0.338,0.3,1.0,0.0,1.0,1.0,1.0,0.2228,False,False,False,False,29.57,2.11,25.23,True,10151.4,,,
688585,,0.5594,0.7346,0.521,1.0,1.0,0.5234,0.4055,0.0,1.0,1.0,1.0,0.0,1.0,0.2353,False,False,False,False,164.21,4.59,154.08,True,66236.0,,,
688586,,0.0,0.8228,0.4693,0.0489,0.0,0.1657,0.1937,0.3,0.1581,0.0,0.0,0.0,0.0,0.3868,False,False,False,False,12.55,4.06,13.41,False,9931.3,,,
688588,,0.0,1.0,0.7974,0.0,0.0,0.6138,0.2054,0.0,0.0,0.0,0.0,0.0,0.0,0.4479,False,False,False,False,10.22,0.2,11.42,False,4088.1,,,
688589,,0.0,1.0,0.7535,0.0191,0.0,0.6121,0.192,0.0,0.0034,0.0,0.0,0.0,1.0,0.5379,False,False,False,False,20.5,2.45,22.12,False,2979.2,,,
688590,,0.0,0.0,0.0,0.1531,0.0,0.0,0.3131,0.6,0.4112,0.0,1.0,0.0,1.0,0.3214,False,False,False,False,15.28,10.01,15.27,True,4301.6,,,
688591,,0.0,0.3451,0.3554,0.0,0.0,0.1935,0.2827,0.0,0.1271,0.0,0.0,0.5,0.0,0.3879,False,False,False,False,33.95,6.93,35.11,False,5718.4,,,
688592,,0.0,1.0,0.8133,0.0,0.0,0.6015,0.1735,0.3,0.1916,0.0,0.0,0.5,1.0,0.3781,False,False,False,False,39.5,0.56,41.73,False,1521.6,,,
688593,,0.0129,0.988,0.658,0.7081,0.0,0.6008,0.3442,0.0,0.2736,0.0,1.0,0.0,0.7,0.3444,False,False,False,False,31.54,3.07,33.75,False,10177.4,,,
688595,,0.023,0.2542,0.3725,0.734,0.9159,0.2624,0.5384,0.3,1.0,0.0,1.0,0.5,1.0,0.2579,False,False,False,False,38.82,7.48,35.88,True,5593.7,,鸿蒙概念,
688596,,0.0,1.0,0.5005,1.0,1.0,0.4318,0.5891,0.6,1.0,0.0,0.0,0.5,1.0,0.2447,False,False,False,False,44.75,-0.8,39.18,True,13162.4,,,
688597,,0.9559,1.0,0.6123,0.3205,0.0,0.6811,0.3553,1.0,0.0887,0.0,1.0,0.5,0.0,0.4422,False,False,False,False,8.11,2.53,8.75,False,2725.4,,,
688598,,0.0,0.6025,0.6122,1.0,1.0,0.0,0.5721,0.9,1.0,0.0,0.0,1.0,1.0,0.4124,False,False,False,False,41.49,5.38,30.83,True,8446.4,,光伏,
688599,,0.0,1.0,0.7733,0.0,0.0,0.5905,0.1803,0.0,0.0,0.0,0.0,0.5,0.0,0.4043,False,False,False,False,14.66,1.73,16.11,False,34342.0,,光伏/HIT电池,
688600,,0.0,0.7151,0.5291,0.4639,0.241,0.2945,0.3221,0.3,0.8497,0.0,0.0,0.0,0.7,0.4217,False,False,False,False,27.57,4.71,26.87,True,3713.9,,,
688601,,0.0,0.3494,0.2955,0.5406,0.1667,0.4882,0.4534,0.3,1.0,0.0,0.0,0.5,1.0,0.4492,False,False,False,False,60.7,6.9,55.55,True,8115.1,,,
688602,,0.0,0.172,0.3714,0.0609,0.5127,0.0,0.3823,0.9,0.9938,0.0,0.0,1.0,0.0,0.3937,False,False,False,False,8.13,7.97,7.6,True,2110.5,,,
688603,,0.0,0.607,0.1766,1.0,1.0,0.1367,0.4801,0.3,1.0,0.0,1.0,1.0,0.7,0.3513,False,False,False,False,195.26,5.36,138.78,True,9259.5,,,
688605,,0.0,1.0,0.7127,1.0,1.0,0.4867,0.7351,0.0,1.0,0.0,0.0,1.0,1.0,0.3343,False,False,True,False,84.7,0.83,71.72,True,9177.4,,,
688606,,1.0,1.0,0.8994,0.0,0.0,0.818,0.1841,0.0,0.0,0.0,0.0,0.0,0.0,0.3382,False,False,False,False,46.36,-1.45,53.55,False,3675.5,,,
688607,,0.0,0.5135,0.5157,0.3238,0.0,0.6602,0.0909,0.3,0.7415,0.0,0.0,0.0,0.7,0.4129,False,False,False,False,59.05,5.92,59.35,False,4684.4,,,
688608,,0.0,0.9395,0.6654,0.0,0.0,0.6844,0.2858,0.0,0.0,0.0,0.0,0.0,1.0,0.5475,False,False,False,False,155.51,3.36,173.27,False,26233.6,,,
688609,,0.0,1.0,0.7186,1.0,0.9069,0.672,0.4256,0.3,1.0,0.0,1.0,0.0,0.7,0.2701,False,False,False,False,11.53,1.41,10.76,True,5765.0,,鸿蒙概念,
688610,,0.0,0.3212,0.2112,1.0,1.0,0.6159,0.7252,0.3,1.0,0.0,0.0,1.0,0.7,0.2484,False,False,True,False,241.0,7.07,159.39,True,9864.7,,,
688611,,0.0,1.0,0.7617,1.0,1.0,0.6485,0.3225,0.9,1.0,0.0,0.0,0.0,1.0,0.2812,False,False,False,False,75.8,1.08,70.13,True,11626.9,,,
688612,,0.4084,1.0,0.689,0.853,0.798,0.6606,0.3976,0.0,0.7167,1.0,1.0,0.0,0.7,0.2707,False,False,False,False,33.85,1.23,33.16,True,8548.9,,,
688613,,0.3429,1.0,0.8014,0.0,0.0,0.6043,0.0396,0.0,0.0,0.0,0.0,0.0,0.0,0.55,False,False,False,False,15.34,-0.65,18.63,False,2101.7,,,
688615,,0.0415,1.0,0.8398,0.0,0.0,0.7895,0.1843,0.0,0.0,0.0,0.0,0.0,1.0,0.4861,False,False,False,False,119.4,-0.71,135.12,False,16159.4,,,
688616,,0.4316,1.0,0.7303,0.0021,0.0,0.2763,0.1674,0.0,0.0,0.0,0.0,0.0,1.0,0.5233,False,False,False,False,11.13,-2.11,12.82,False,20.0,,,
688617,,0.0,0.7291,0.6534,0.0,0.0,0.2668,0.1719,0.0,0.0,0.0,0.0,0.5,0.0,0.5083,False,False,False,False,195.9,-4.63,220.83,False,27630.1,,,
688618,,0.0,0.9372,0.5842,0.2726,0.0,0.7547,0.2294,0.3,0.3823,0.0,1.0,0.0,0.7,0.3277,False,False,False,False,33.98,3.38,35.62,False,3739.4,,,
688619,,0.0,0.9646,0.596,0.8589,0.3169,0.6283,0.472,0.3,0.8366,0.0,1.0,0.0,0.7,0.3128,False,False,False,False,17.03,3.21,16.43,True,31.6,,,
688620,,0.0,0.8984,0.6555,0.5485,0.0,0.553,0.3491,0.0,0.7572,0.0,1.0,0.5,0.7,0.2835,False,False,False,False,12.63,3.61,12.31,True,2934.2,,,
688621,,0.0,1.0,0.7657,0.0,0.0,0.7363,0.1807,1.0,0.0,0.0,0.0,0.0,0.0,0.432,False,False,False,False,51.8,-1.61,57.04,False,5801.6,,CXO概念/CRO概念,
688622,,0.0,0.9703,0.7119,1.0,1.0,0.8814,0.5359,0.3,1.0,0.0,0.0,0.5,1.0,0.2303,False,False,False,False,132.77,3.18,105.29,True,9355.7,,,
688623,,0.0383,1.0,0.8885,0.5032,0.1108,0.9016,0.4067,0.3,0.4169,0.0,0.0,0.0,1.0,0.3195,False,False,False,False,92.88,0.23,96.57,False,1778.0,,,
688625,,0.0,0.6105,0.3741,1.0,0.4503,0.0,0.4874,0.3,1.0,0.0,0.0,0.5,0.7,0.2977,False,False,False,False,91.78,5.34,82.2,True,17284.1,,,
688626,,0.0,1.0,0.8517,0.0,0.0,0.759,0.1416,0.3,0.0,0.0,0.0,0.0,0.0,0.532,False,False,False,False,49.16,0.33,55.92,False,7865.6,,,
688627,,0.0,0.4316,0.2453,1.0,1.0,0.3077,0.6217,0.0,1.0,0.0,0.0,1.0,0.7,0.2664,False,False,False,False,498.0,6.41,351.7,True,360.9,,,
688628,,0.0,1.0,0.5976,1.0,1.0,0.6306,0.4382,0.0,1.0,0.0,0.0,0.5,0.7,0.3144,False,False,False,False,98.6,1.39,79.17,True,11020.3,,,
688629,,0.0,1.0,0.7131,1.0,1.0,0.6961,0.3128,0.3,1.0,0.0,0.0,0.5,0.7,0.265,False,False,False,False,147.44,-2.22,132.14,True,26802.1,,,
688630,,0.0,0.5259,0.4371,1.0,1.0,0.6555,0.6883,0.0,1.0,0.0,0.0,1.0,0.7,0.2274,False,False,False,False,463.8,5.84,304.62,True,61101.3,,,
688631,,0.0,1.0,0.7733,0.0,0.0,0.5202,0.2618,0.0,0.0,0.0,0.0,0.5,0.0,0.3067,False,False,False,False,48.88,-1.07,53.85,False,3170.8,,,
688633,,0.0,1.0,0.6171,0.6864,0.0,0.4123,0.2792,0.0,1.0,0.0,0.0,0.5,0.7,0.3284,False,False,False,False,31.79,2.58,30.22,True,4570.5,,,
688636,,0.0,1.0,0.7413,0.0,0.0,0.5071,0.1976,0.9,0.0682,0.0,0.0,0.5,1.0,0.4991,False,False,False,False,37.08,-1.46,40.12,False,6215.6,,,
688638,,0.0,0.5511,0.4549,0.0,0.0,0.5202,0.1464,0.0,0.0,0.0,0.0,0.0,0.0,0.4387,False,False,False,False,34.9,5.69,38.34,False,923.5,,,
688639,,0.0,1.0,0.8247,0.0,0.0,0.7064,0.1545,0.0,0.0,0.0,0.0,0.0,0.0,0.4524,False,False,False,False,21.16,-0.66,25.63,False,5292.4,,,
688646,,0.0,1.0,0.7441,1.0,0.9949,0.6935,0.2283,0.3,1.0,1.0,0.0,0.0,0.7,0.2947,False,False,False,False,66.05,-0.59,60.76,True,3829.9,,,
688648,,0.0,1.0,0.6403,0.0,0.0,0.7757,0.1413,0.3,0.0,0.0,0.0,0.0,0.0,0.5657,False,False,False,False,37.78,1.42,46.35,False,2626.8,,,
688651,,0.0,0.5924,0.4335,0.0,0.0,0.1418,0.168,0.0,0.0,0.0,0.0,0.0,0.0,0.3959,False,False,False,False,35.24,5.45,38.45,False,1143.7,,,
688652,,0.0,0.683,0.4662,1.0,1.0,0.2858,0.3752,0.3,1.0,0.0,0.0,0.5,1.0,0.2514,False,False,False,False,150.01,4.9,130.7,True,18113.7,,,
688653,,0.0,1.0,0.7471,0.5739,0.0952,0.5618,0.4241,0.0,0.9364,0.0,0.0,0.5,1.0,0.372,False,False,False,False,14.93,2.97,14.31,True,4724.0,,,
688655,,0.0963,0.9055,0.4188,1.0,0.6888,0.5775,0.4849,0.0,1.0,1.0,1.0,0.0,0.7,0.1478,False,False,False,False,51.68,3.57,45.45,True,6893.6,,,
688656,,0.0,0.0,0.0,0.0,0.0,0.0,0.0609,0.6,0.0,0.0,0.0,0.0,0.0,0.4178,False,False,False,False,107.97,11.67,120.93,False,6853.9,,,
688657,,0.0,1.0,0.789,0.7224,0.9364,0.7253,0.3492,0.3,0.7675,1.0,0.0,0.0,1.0,0.3192,False,False,False,False,36.67,0.05,35.88,True,21.9,,,
688658,,0.8315,1.0,0.7562,0.0,0.0,0.4587,0.0568,0.0,0.0,0.0,0.0,0.0,1.0,0.5567,False,False,False,False,13.25,-1.12,17.89,False,5962.5,,,
688659,,0.0,0.5146,0.5039,0.3266,0.0,0.0,0.2533,0.0,0.5498,0.0,0.0,0.0,1.0,0.3399,False,False,False,False,10.39,5.91,10.48,False,1662.4,,碳中和,
688660,,0.0,1.0,0.73,0.0,0.0,0.5688,0.278,0.3,0.0,0.0,0.0,0.0,0.0,0.4343,False,False,False,False,9.77,1.45,11.47,False,13026.7,,,
688661,,0.0,1.0,0.5357,1.0,1.0,0.422,0.3256,0.6,1.0,0.0,0.0,1.0,0.7,0.2077,False,False,False,False,132.87,1.58,111.51,True,20181.3,,,
688662,,0.0,0.0,0.0,1.0,1.0,0.0,0.7255,0.3,1.0,0.0,0.0,1.0,0.7,0.2033,False,False,False,False,134.76,15.31,87.1,True,11891.2,,,
688663,,0.0,1.0,0.6578,1.0,1.0,0.8043,0.3461,0.0,1.0,1.0,0.0,0.0,0.7,0.2433,False,False,False,False,86.33,1.86,78.55,True,12213.5,,光伏,
688665,,0.0,1.0,0.7954,0.8013,1.0,0.3359,0.4299,0.3,1.0,0.0,0.0,1.0,1.0,0.3072,False,False,False,False,58.08,0.14,51.6,True,5877.3,,,
688667,,0.0,1.0,0.6612,0.3726,0.0,0.5197,0.1212,0.0,0.6758,0.0,0.0,0.5,0.7,0.3927,False,False,False,False,117.55,1.27,120.24,False,6194.4,,,
688668,,0.0,0.2685,0.4833,1.0,1.0,0.3189,0.8751,0.0,1.0,0.0,0.0,1.0,0.7,0.1701,False,False,False,False,400.08,-7.39,279.7,True,55719.4,,,
688669,,0.0,0.0,0.0,1.0,1.0,0.0,1.0,0.3,1.0,0.0,0.0,1.0,0.7,0.28,False,False,False,False,56.92,15.13,37.55,True,6906.3,,,
688670,,0.4131,1.0,0.73,0.0,0.0,0.6884,0.2687,0.3,0.0,0.0,0.0,0.0,1.0,0.4739,False,False,False,False,14.79,1.51,17.34,False,1822.1,,,
688671,,0.1148,0.5273,0.126,0.7054,0.107,0.2702,0.3305,0.3,0.5506,0.0,1.0,0.0,1.0,0.4265,False,False,False,False,24.3,5.84,24.53,False,1138.4,,,
688676,,0.0,0.3902,0.292,0.4973,0.0,0.3992,0.3595,0.6,1.0,0.0,0.0,0.0,1.0,0.4382,False,False,False,False,96.91,6.66,91.16,True,44557.7,,光伏,
688677,,0.4727,1.0,0.7153,1.0,0.6491,0.679,0.2951,0.0,1.0,1.0,0.0,0.0,0.7,0.3132,False,False,False,False,119.01,-2.45,110.97,True,14266.6,,,
688678,,0.0,1.0,0.6987,0.7343,0.0,0.8037,0.2153,0.0,0.7769,1.0,0.0,0.0,0.7,0.2726,False,False,False,False,21.93,2.19,21.63,True,8840.1,,,
688679,,0.1695,1.0,0.6537,0.8506,0.0,0.7696,0.1978,0.0,0.3121,0.0,1.0,0.0,0.7,0.2868,False,False,False,False,51.48,-0.96,55.38,False,6779.4,,,
688680,,0.0,0.5425,0.529,0.0,0.0,0.5278,0.2972,0.0,0.4112,0.0,0.0,0.5,0.0,0.421,False,False,False,False,45.65,5.74,46.72,False,4454.1,,光伏,
688681,,0.2355,1.0,0.7558,0.0,0.0,0.6848,0.1113,0.0,0.0,0.0,0.0,0.0,1.0,0.5805,False,False,False,False,15.41,0.78,18.02,False,1613.0,,,
688682,,0.0,1.0,0.7186,0.0777,0.0,0.416,0.2835,0.9,0.2846,0.0,0.0,0.0,1.0,0.291,False,False,False,False,43.3,2.68,45.57,False,44.1,,,
688683,,0.0,1.0,0.7525,0.5605,0.0,0.5889,0.1949,0.3,0.851,0.0,0.0,0.5,0.7,0.2765,False,False,False,False,40.0,-1.01,39.12,True,6207.1,,,
688685,,0.5068,1.0,0.5192,0.4144,0.0,0.5108,0.2287,0.0,0.0,0.0,0.0,0.0,1.0,0.4783,False,False,False,False,44.32,2.45,48.25,False,6508.5,,,
688687,,0.0,1.0,0.7912,0.0,0.0,0.5655,0.0901,0.3,0.0,0.0,0.0,0.0,0.0,0.5151,False,False,False,False,16.11,-2.95,18.68,False,2753.9,,,
688689,,0.0,1.0,1.0,1.0,1.0,1.0,0.6976,0.0,1.0,0.0,0.0,0.5,0.7,0.2808,False,False,False,False,46.82,0.0,39.27,True,6035.3,,,
688690,,0.0,1.0,0.8038,1.0,1.0,0.6095,0.5663,0.3,1.0,0.0,0.0,0.5,0.7,0.2397,False,False,False,False,39.84,-0.65,34.76,True,16088.0,,,
688691,,0.0,1.0,0.7682,0.03,0.0,0.7595,0.2451,0.0,0.0,0.0,0.0,0.5,1.0,0.428,False,False,False,False,97.53,-0.56,107.19,False,7116.3,,,
688692,,0.0,1.0,0.798,0.7053,0.856,0.7131,0.2655,0.6,0.8177,0.0,0.0,0.5,1.0,0.2923,False,False,False,False,268.78,-1.29,263.13,True,19657.7,,,
688693,,0.0,1.0,0.7307,1.0,0.0,0.9039,0.366,0.0,1.0,1.0,0.0,0.0,0.7,0.2547,False,False,False,False,102.11,-0.84,94.58,True,3972.5,,,
688695,,0.0,1.0,0.6973,0.0,0.0,0.3379,0.1271,0.0,0.0,0.0,0.0,0.0,0.0,0.4101,False,False,False,False,20.65,-0.24,23.38,False,1102.6,,,
688697,,0.483,1.0,0.7056,1.0,0.0,0.4722,0.2431,0.3,0.0,0.0,0.0,0.0,0.7,0.6044,False,False,False,False,15.17,-1.49,19.19,False,6937.7,,,
688698,,0.376,1.0,0.8351,0.0,0.0,0.7214,0.3725,0.6,0.0,0.0,0.0,0.0,1.0,0.4725,False,False,False,False,59.33,-0.19,70.41,False,12698.0,,,
688699,,0.0,0.8225,0.5339,1.0,0.9936,0.6207,0.3992,0.0,1.0,0.0,0.0,0.5,1.0,0.3905,False,False,False,False,64.0,4.07,57.54,True,7044.1,,,
688700,,0.0,0.0,0.1883,1.0,1.0,0.3294,0.5766,0.3,1.0,0.0,1.0,1.0,0.7,0.3008,False,False,False,False,97.87,12.09,73.11,True,29204.5,,,
688701,,0.6079,1.0,0.7182,0.2069,0.0,0.6976,0.1182,0.3,0.0,0.0,0.0,0.0,1.0,0.5551,False,False,False,False,8.26,-0.24,9.57,False,1109.1,,,
688702,,0.0,0.5071,0.1496,1.0,0.5668,0.4139,0.3031,0.0,1.0,0.0,1.0,0.5,0.7,0.2702,False,False,False,False,299.86,5.96,255.22,True,60869.1,,,
688707,,0.0,1.0,0.6579,0.4223,0.0,0.786,0.1622,0.3,0.3368,0.0,0.0,0.0,0.7,0.4328,False,False,False,False,14.41,2.71,14.99,False,7330.9,,,
688708,,0.0,0.712,0.5505,0.0,0.0,0.1142,0.2751,0.6,0.0741,0.0,0.0,0.5,0.0,0.3646,False,False,False,False,49.17,-4.73,51.84,False,6995.7,,,
688709,,0.0,1.0,0.5605,0.0,0.0,0.4839,0.2115,0.3,0.0,0.0,0.0,0.5,0.0,0.3892,False,False,False,False,35.7,1.45,38.85,False,79.2,,,
688710,,0.2928,1.0,0.7187,0.0464,0.0,0.689,0.1899,0.3,0.0,0.0,0.0,0.0,0.0,0.5198,False,False,False,False,52.73,0.69,59.82,False,4782.3,,,
688711,,0.0,1.0,0.5027,1.0,1.0,0.1658,0.5125,0.3,1.0,0.0,0.0,0.5,1.0,0.2904,False,False,False,False,38.55,-1.86,32.58,True,8214.7,,,
688716,,0.0,1.0,0.734,0.2148,0.0738,0.4794,0.4701,0.6,0.4977,0.0,0.0,0.5,1.0,0.4343,False,False,False,False,35.0,0.46,34.93,True,2447.5,,,
688717,,0.4086,1.0,0.6085,0.0995,0.0,0.6662,0.1878,0.0,0.0,0.0,1.0,0.0,1.0,0.4033,False,False,False,False,92.9,2.54,105.77,False,9201.5,,,
688718,,0.0,0.451,0.3007,0.3916,0.0,0.4543,0.5033,0.3,0.989,0.0,0.0,0.5,0.7,0.4014,False,False,False,False,16.72,6.29,15.94,True,29.1,,盐湖提锂,
688719,,0.0,0.0,0.0,1.0,1.0,0.0467,0.3684,0.3,1.0,0.0,1.0,1.0,0.7,0.2343,False,False,True,False,89.16,12.93,69.38,True,7999.6,,,
688720,,0.4066,1.0,0.5805,1.0,0.1348,0.2114,0.5812,0.3,0.0,0.0,0.0,0.0,0.7,0.4691,False,False,False,False,74.2,2.4,86.22,False,4183.7,,,
688721,,0.0,1.0,0.6418,0.5249,1.0,0.0732,0.5869,0.3,1.0,0.0,0.0,0.5,1.0,0.293,False,False,False,False,51.47,1.66,45.29,True,2752.8,,,
688722,,0.0,1.0,0.7227,0.2393,0.2654,0.5201,0.331,0.9,0.497,0.0,1.0,0.5,1.0,0.3259,False,False,False,False,17.6,1.68,17.65,False,3944.3,,,
688726,,0.0,0.5715,0.4591,0.4257,0.0,0.5028,0.1555,0.0,0.2802,0.0,0.0,0.5,1.0,0.4127,False,False,False,False,58.31,-5.57,62.07,False,12823.8,,,
688727,,0.0,1.0,0.7624,0.5174,0.5288,0.4802,0.6176,0.0,0.0,0.0,0.0,0.5,1.0,0.3232,False,False,False,False,55.85,1.56,53.93,True,2806.1,次新股,,26.6
688728,,0.0,1.0,0.8281,0.3545,0.1083,0.5822,0.4975,0.0,0.4711,0.0,0.0,0.0,1.0,0.3593,False,False,False,False,14.07,0.79,14.14,False,35159.3,,,
688729,,0.0,1.0,0.8381,0.6077,0.9003,0.5052,0.6219,0.6,0.0,0.0,0.0,0.5,1.0,0.2847,False,False,False,False,26.71,-1.73,24.98,True,5742.7,次新股,,26.6
688733,,0.0,0.9732,0.5548,1.0,1.0,0.0231,0.37,0.6,1.0,0.0,0.0,1.0,1.0,0.2971,False,False,False,False,40.75,-3.16,34.55,True,81.4,,,
688737,,0.0,1.0,0.5015,0.4133,0.0,0.3513,0.3111,0.3,0.6154,0.0,0.0,0.5,1.0,0.3348,False,False,False,False,26.81,2.8,26.76,True,32.1,,,
688739,,0.6645,1.0,0.8698,0.0,0.0,0.5808,0.1166,0.3,0.0,0.0,0.0,0.0,0.0,0.4138,False,False,False,False,19.8,-0.85,22.53,False,8245.7,,,
688750,,0.0,0.5338,0.6815,0.0719,0.0048,0.0,0.216,0.3,0.3319,0.0,0.0,0.5,0.0,0.4942,False,False,False,False,17.55,-5.8,17.99,False,4087.7,,,
688755,,0.7091,1.0,0.7855,0.0,0.0,0.6848,0.0999,0.0,0.0,0.0,0.0,0.0,1.0,0.6437,False,False,False,False,25.24,-0.94,35.6,False,444.2,,,
688757,,0.0,0.0,0.2264,1.0,1.0,0.0868,0.5829,0.3,1.0,0.0,0.0,1.0,1.0,0.3773,False,False,False,False,57.55,13.38,35.99,True,10429.2,,,
688758,,0.0,1.0,0.7633,0.2793,0.5364,0.1309,0.3834,0.3,1.0,0.0,0.0,0.5,0.0,0.3879,False,False,False,False,20.39,0.54,18.99,True,6080.0,,,
688759,,0.3811,1.0,0.626,0.0,0.0,0.6169,0.5189,0.0,0.0,0.0,0.0,0.0,0.0,0.4888,False,False,False,False,30.33,1.27,34.77,False,1618.7,次新股,,26.6
688765,,0.0,1.0,0.7727,0.0,0.0,0.6665,0.1518,0.0,0.0,0.0,0.0,0.0,0.0,0.5561,False,False,False,False,45.65,-2.71,56.01,False,2112.7,次新股,,26.6
688766,,0.0,0.5336,0.5186,1.0,1.0,0.3832,0.5229,0.3,1.0,0.0,0.0,1.0,1.0,0.3023,False,False,False,False,483.5,5.8,352.76,True,71581.7,,,
688767,,0.0,0.9746,0.642,0.5644,0.4695,0.6834,0.1633,0.3,0.7473,0.0,0.0,0.5,1.0,0.3193,False,False,False,False,38.61,3.15,37.95,True,5765.8,,,
688768,,0.0,1.0,0.724,0.9234,1.0,0.5925,0.5851,0.3,1.0,0.0,0.0,1.0,1.0,0.3354,False,False,False,False,56.3,0.48,50.49,True,4912.9,,,
688772,,0.0,0.0,0.0,0.4011,1.0,0.0,0.4618,0.9,1.0,0.0,0.0,1.0,0.0,0.5634,False,False,False,False,21.72,12.02,16.98,True,24591.1,,,
688775,,0.745,0.687,0.6301,0.0,0.0,0.0,0.1426,0.9,0.0,0.0,0.0,0.0,0.0,0.5011,False,False,False,False,148.79,-4.88,185.26,False,4880.3,次新股,,26.6
688776,,0.0,1.0,0.7514,0.0,0.0,0.6151,0.1427,0.0,0.0,0.0,0.0,0.0,0.0,0.4412,False,False,False,False,61.6,-0.56,76.04,False,6676.4,,,
688777,,0.0,1.0,0.5268,1.0,1.0,0.6293,0.5627,0.3,1.0,0.0,0.0,1.0,1.0,0.2181,False,False,False,False,109.45,-0.91,86.15,True,86158.9,,,
688778,,0.0,1.0,0.7956,0.0,0.0,0.4296,0.0958,0.3,0.0,0.0,0.0,0.0,1.0,0.5109,False,False,False,False,60.51,0.85,68.42,False,30538.9,,,
688779,,0.0,1.0,0.6882,0.0,0.0,0.5817,0.147,0.0,0.4556,0.0,0.0,0.5,0.0,0.2997,False,False,False,False,9.21,2.56,9.49,False,17768.1,,,
688783,,0.0,1.0,0.6139,1.0,1.0,0.2038,0.4062,0.0,0.0,0.0,0.0,1.0,1.0,0.2589,False,False,False,False,47.0,-2.43,33.74,True,8703.3,次新股,,26.6
688786,,0.0,0.0,0.0,1.0,1.0,0.0,0.6793,0.9,1.0,0.0,1.0,1.0,1.0,0.2903,False,False,False,False,48.5,10.86,36.96,True,6974.3,,,
688787,,0.0,0.9835,0.5244,0.6599,1.0,0.511,0.3919,0.3,1.0,0.0,0.0,1.0,1.0,0.2568,False,False,True,False,159.7,3.1,142.04,True,9633.9,,,
688788,,0.0,1.0,0.5882,0.0,0.0,0.0,0.3107,0.3,0.0,0.0,0.0,0.0,0.0,0.6076,False,False,False,False,39.77,2.37,50.43,False,6238.9,,,
688789,,0.0,0.984,0.7986,0.0,0.0,0.6687,0.1986,0.3,0.0,0.0,0.0,0.0,0.0,0.5649,False,False,False,False,51.33,-3.1,59.6,False,9252.5,,,
688793,,0.0,1.0,0.5952,0.0,0.0,0.4255,0.2137,0.3,0.0,0.0,0.0,0.0,0.0,0.4782,False,False,False,False,17.75,-2.9,20.61,False,1525.5,,,
688795,,0.0,1.0,0.7588,0.5614,0.0,0.7142,0.3268,0.6,0.0,0.0,0.0,0.0,0.7,0.2839,False,False,False,False,637.0,1.42,639.64,False,18716.6,次新股,,26.6
688796,,0.0,1.0,0.8423,0.7531,0.0,0.7902,0.2101,0.6,0.0,0.0,0.0,0.0,0.7,0.5257,False,False,False,False,88.35,-0.98,93.92,False,3170.7,次新股,,26.6
688798,,0.0,0.8723,0.7224,0.3669,0.0,0.6718,0.4203,0.3,0.4456,0.0,1.0,0.0,1.0,0.4491,False,False,False,False,70.53,3.77,71.35,False,9574.0,,,
688799,,0.0638,0.932,0.7035,0.0689,0.0,0.5843,0.169,0.6,0.0,0.0,0.0,0.0,0.7,0.4718,False,False,False,False,46.48,-3.41,51.6,False,61.0,,,
688800,,0.0,1.0,0.7719,1.0,0.6574,0.6931,0.3009,0.3,1.0,0.0,1.0,0.0,0.7,0.1781,False,False,False,False,124.54,0.03,114.22,True,25614.7,,,
688819,,0.0,1.0,0.8081,0.0,0.0,0.7004,0.1893,0.3,0.0,0.0,0.0,0.5,0.0,0.4646,False,False,False,False,24.97,1.26,27.68,False,24273.3,,钠电池,
688981,,0.0,1.0,0.6726,1.0,1.0,0.6554,0.3109,0.6,0.9695,1.0,0.0,0.0,1.0,0.2879,False,False,False,False,130.14,-0.29,124.06,True,260223.1,,,
