symbol,name,j_low,pct_calm,amplitude,trend_gap,dif,vol_shrink,yangyin,surge,ql_pos,bowl,washout_recover,ma_bull,weekly_cross,ml_score,sig_b1,sig_volume_b1,sig_zhixing,sig_needle,pattern_state,close,pct_change,yellow_line,above_yellow,float_mv_yi,sector,concepts,sector_score
000001,,0.1893,1.0,0.8573,0.4185,0.0947,0.6179,0.385,0.0,0.3137,0.0,0.0,0.0,0.0,0.3579,False,False,False,False,B1候B2,10.29,0.1,10.6,False,1996.8,金融行业,外资背景/本月解禁/社保重仓,39.0
000002,,0.0,1.0,0.7603,0.0,0.0,0.5889,0.2062,0.3,0.0,0.0,0.0,0.5,0.0,0.475,False,False,False,False,无明确战法态,3.09,0.98,3.44,False,300.2,房地产,含H股/前海概念/保险重仓,29.9
000004,,0.0,0.0,0.0,0.0,0.0,0.0,0.0,0.0,0.0,0.0,0.0,0.0,0.0,0.6554,False,False,False,False,无明确战法态,0.45,9.76,2.7,False,0.6,生物制药,ST板块/深圳本地/互联网金融,47.0
000006,,0.1265,1.0,0.8186,0.0,0.0,0.8905,0.1346,0.3,0.0,0.0,0.0,0.0,0.0,0.5102,False,False,False,False,无明确战法态,7.41,0.82,8.43,False,100.0,房地产,前海概念/深圳本地/深圳国企改革,29.9
000007,,0.9592,1.0,0.7111,0.4479,0.0,0.823,0.3381,0.0,0.1534,0.0,0.0,0.0,0.0,0.5192,False,False,False,False,B1候B2,12.1,0.83,13.03,False,41.9,酒店旅游,稀缺资源/涉矿概念/业绩预降,29.9
000008,,0.0,1.0,0.8599,0.0,0.0,0.6934,0.1936,0.0,0.0,0.0,0.0,0.0,0.0,0.5093,False,False,False,False,无明确战法态,2.37,-0.42,2.57,False,64.4,综合行业,业绩预升/深圳本地,28.4
000009,,0.0,1.0,0.8405,0.0,0.0,0.4955,0.1978,0.3,0.0,0.0,0.0,0.0,0.0,0.5519,False,False,False,False,无明确战法态,6.39,1.91,7.45,False,164.6,房地产,三板精选/黄金概念/低碳经济,29.9
000010,,0.0,1.0,0.6099,0.0,0.0,0.6986,0.375,0.0,0.0,0.0,0.0,0.0,0.0,0.5756,False,False,False,False,无明确战法态,1.87,-0.53,2.45,False,16.2,建筑建材,金融参股/深圳本地/股期概念,28.0
000011,,0.583,1.0,0.8154,0.0,0.0,0.7533,0.1937,0.3,0.0,0.0,0.0,0.0,0.0,0.4386,False,False,False,False,无明确战法态,6.63,2.0,7.48,False,34.9,房地产,含B股/前海概念/业绩预升,29.9
000012,,0.0,1.0,0.6149,0.7884,1.0,0.2255,0.5666,0.6,1.0,0.0,0.0,1.0,1.0,0.2409,False,False,False,False,无明确战法态,5.1,1.59,4.52,True,99.9,玻璃行业,光伏/雄安新区/低碳经济,52.3
000014,,0.0271,1.0,0.8358,0.0,0.0,0.5998,0.1963,0.0,0.0,0.0,0.0,0.0,0.0,0.5617,False,False,False,False,无明确战法态,9.5,1.71,10.98,False,23.0,房地产,前海概念/深圳本地/深圳国企改革,29.9
000016,,0.0,0.647,0.685,0.0,0.0,0.281,0.1368,0.3,0.0,0.0,0.0,0.0,1.0,0.4653,False,False,False,False,无明确战法态,2.67,5.12,3.0,False,42.6,家电行业,含B股/前海概念/业绩预升,35.7
000017,,0.0,1.0,0.7222,0.0,1.0,0.065,0.3961,0.3,0.7423,0.0,0.0,1.0,0.0,0.2817,False,False,False,False,无明确战法态,6.09,1.5,5.84,True,26.8,,含B股/深圳本地/两轮车,
000019,,0.0,1.0,0.8644,0.0,0.0,0.8735,0.2209,0.0,0.0,0.0,0.0,0.0,0.0,0.5348,False,False,False,False,无明确战法态,5.92,0.34,6.55,False,24.6,食品行业,含B股/深圳本地/粮食概念,35.0
000020,,0.0,1.0,0.8315,0.0,0.0,0.6345,0.1947,0.0,0.0,0.0,0.0,0.0,0.0,0.5871,False,False,False,False,无明确战法态,11.16,0.72,12.79,False,20.2,电子器件,含B股/前海概念/业绩预降,73.7
000021,,0.0,1.0,0.2147,1.0,1.0,0.3437,0.6985,0.0,1.0,0.0,0.0,1.0,0.7,0.1953,False,False,False,False,无明确战法态,55.91,-0.21,42.11,True,880.0,电子信息,智能电网/物联网/金融参股,32.2
000025,,0.4446,1.0,0.8594,0.086,0.0,0.8264,0.4143,0.6,0.0,0.0,0.0,0.0,0.0,0.4835,False,False,False,False,无明确战法态,13.9,1.09,15.36,False,54.6,汽车制造,黄金概念/含B股/前海概念,40.0
000026,,0.0,0.9738,0.6261,0.9578,0.6411,0.4806,0.2488,0.0,1.0,0.0,0.0,0.0,0.7,0.3947,False,False,False,False,无明确战法态,21.89,3.16,20.24,True,79.8,商业百货,国防军工/军工航天/含B股,30.2
000027,,0.6137,1.0,0.914,0.2328,0.0,0.8499,0.4471,0.0,0.0,0.0,0.0,0.0,0.7,0.2734,False,False,False,False,无明确战法态,6.27,1.13,7.01,False,298.3,电力行业,光伏/碳交易/垃圾分类,26.5
000028,,0.2523,0.9852,0.7671,0.0,0.0,0.1773,0.2653,0.3,0.0,0.0,0.0,0.0,0.0,0.3909,False,False,False,False,无明确战法态,20.36,3.09,22.71,False,97.3,商业百货,仿制药/含B股/抗癌,30.2
000029,,0.8679,0.7553,0.478,0.8335,0.0,0.6922,0.1412,0.0,0.1907,0.0,0.0,0.0,0.7,0.5152,False,False,False,False,B1候B2,22.68,4.47,24.11,False,202.2,房地产,含B股/业绩预降/深圳本地,29.9
000030,,0.0,0.9962,0.7481,0.0,0.0,0.6443,0.2474,0.3,0.0,0.0,0.0,0.0,0.0,0.5163,False,False,False,False,无明确战法态,4.09,3.02,4.56,False,68.3,汽车制造,含B股/深圳本地/参股金融,40.0
000031,,0.3759,1.0,0.7829,0.0,0.0,0.6536,0.1328,0.3,0.0,0.0,0.0,0.0,0.0,0.5011,False,False,False,False,无明确战法态,2.14,-0.47,2.58,False,91.7,房地产,前海概念/业绩预升/整体上市,29.9
000032,,1.0,0.7922,0.6256,1.0,1.0,0.5442,0.4959,0.6,0.8032,1.0,0.0,0.5,1.0,0.443,False,False,False,False,无明确战法态,20.97,-4.25,20.62,True,238.6,电子信息,碳中和/乡村振兴/电子支付,32.2
000034,,0.0,1.0,0.8034,0.0,0.0111,0.2401,0.1398,0.0,0.0309,0.0,0.0,1.0,0.0,0.4317,False,False,False,False,无明确战法态,27.97,1.86,29.43,False,237.5,煤炭行业,鸿蒙概念/乡村振兴/深圳本地,26.5
000035,,0.8245,1.0,0.8301,0.0,0.0,0.7213,0.105,0.0,0.0,0.0,0.0,0.0,0.0,0.4884,False,False,False,False,无明确战法态,4.72,0.21,5.63,False,109.2,电子信息,碳交易/垃圾分类/固废处理,32.2
000036,,0.92,1.0,0.7542,0.0,0.0,0.7288,0.2187,0.0,0.0,0.0,0.0,0.0,0.0,0.5901,False,False,False,False,无明确战法态,4.32,-0.46,5.06,False,60.6,房地产,前海概念/业绩预降/深圳本地,29.9
000037,,0.2735,1.0,0.814,0.1777,0.0,0.9049,0.2662,0.3,0.0,0.0,0.0,0.0,0.0,0.4445,False,False,False,False,B1候B2,9.01,0.56,10.28,False,30.5,电力行业,含B股/深圳本地,26.5
000039,,0.4132,0.6518,0.5505,0.0,0.0,0.5083,0.1529,0.0,0.0,0.0,1.0,0.0,0.0,0.5713,False,False,False,False,无明确战法态,8.26,5.09,9.87,False,190.1,机械行业,含H股/前海概念/金融参股,36.7
000042,,0.9346,1.0,0.6761,0.2502,0.0,0.5525,0.0916,0.3,0.0,0.0,1.0,0.0,0.0,0.4729,False,False,False,False,B2确认,7.61,2.7,9.05,False,50.5,房地产,前海概念/深圳本地,29.9
000045,,0.397,1.0,0.7884,0.0,0.0,0.6346,0.1882,0.0,0.0,0.0,0.0,0.0,0.0,0.4669,False,False,False,False,无明确战法态,10.04,-0.4,11.23,False,45.9,纺织行业,含B股/深圳本地/深圳国企改革,36.5
000048,,0.0,0.6652,0.6631,1.0,1.0,0.5874,0.3051,0.3,1.0,0.0,0.0,1.0,1.0,0.3223,False,False,False,False,无明确战法态,21.24,-5.01,18.01,True,112.4,农林牧渔,猪肉/业绩预升/深圳本地,39.0
000049,,0.0,0.7902,0.6465,0.0358,0.0,0.2532,0.2283,0.0,0.5328,0.0,0.0,0.5,0.0,0.4757,False,False,False,False,无明确战法态,24.97,4.26,25.09,False,96.0,电器行业,锂电池/信托重仓/深圳本地,33.2
000050,,0.8327,0.3671,0.4782,0.9525,1.0,0.3804,0.3608,0.3,0.7705,1.0,0.0,0.5,1.0,0.4042,False,False,False,False,无明确战法态,9.05,-6.8,8.85,True,220.4,电子器件,碳中和/华为概念/小米概念,73.7
000055,,0.257,1.0,0.8611,0.2792,0.0,0.7973,0.1637,0.3,0.0037,0.0,0.0,0.0,1.0,0.4475,False,False,False,False,无明确战法态,3.37,0.3,3.62,False,22.8,建筑建材,光伏/乡村振兴/含B股,28.0
000056,,0.0,1.0,0.3884,0.8478,1.0,0.4435,0.6563,0.0,1.0,0.0,0.0,1.0,1.0,0.2937,False,False,False,False,无明确战法态,2.24,2.75,1.86,True,20.2,房地产,含B股/深圳本地,29.9
000058,,0.0,1.0,0.8817,0.0,0.0,0.635,0.2075,0.3,0.0,0.0,0.0,0.0,0.0,0.572,False,False,False,False,无明确战法态,6.29,1.45,7.17,False,61.9,电子器件,光伏/含B股/金融改革,73.7
000059,,0.0,1.0,0.4378,0.0,0.0,0.0374,0.2269,0.3,0.0,0.0,0.0,0.0,0.0,0.424,False,False,False,False,无明确战法态,4.07,-1.93,4.58,False,65.1,石油行业,国防军工/军工航天/油气改革,26.5
000060,,1.0,1.0,0.6761,0.8078,0.6564,0.7089,0.307,0.0,0.4913,0.0,0.0,0.5,0.7,0.4234,True,False,False,False,B1候B2,7.23,-2.43,7.54,False,321.1,有色金属,黄金概念/稀缺资源/金融参股,36.0
000061,,0.0,1.0,0.7998,0.0,0.0,0.5432,0.2639,0.3,0.0,0.0,0.0,0.0,0.0,0.4907,False,False,False,False,无明确战法态,5.66,0.0,6.52,False,101.6,农林牧渔,金融改革/业绩预降/深圳本地,39.0
000062,,0.1412,1.0,0.5791,0.6254,0.1669,0.7365,0.3392,0.3,0.6666,1.0,0.0,0.5,0.0,0.3382,False,False,False,False,无明确战法态,31.18,1.46,31.11,True,325.8,商业百货,雄安新区/互联金融/业绩预升,30.2
000063,,0.2823,0.9998,0.5847,0.5295,0.3443,0.6352,0.343,0.3,0.4061,0.0,0.0,0.0,0.7,0.3779,False,False,False,False,B1候B2,36.38,3.0,37.01,False,1465.3,电子信息,5G概念/含H股/宽带提速,32.2
000065,,0.991,1.0,0.8707,0.0,0.0,0.7817,0.2999,0.0,0.0,0.0,0.0,0.0,0.0,0.5557,False,False,False,False,无明确战法态,9.77,-0.31,12.05,False,95.3,建筑建材,国防军工/军工航天/深圳本地,28.0
000066,,1.0,1.0,0.7031,0.6077,0.4611,0.858,0.2864,0.0,0.3971,0.0,0.0,0.5,0.0,0.4314,True,False,False,False,B1候B2,17.11,-1.04,17.88,False,551.9,电子信息,光伏/钠电池/华为概念,32.2
000068,,0.0,1.0,0.7092,0.219,0.0,0.6951,0.1379,0.3,0.0,0.0,0.0,0.0,1.0,0.4616,False,False,False,False,B1候B2,2.99,0.34,3.23,False,30.1,电子器件,深圳本地,73.7
000069,,0.0,1.0,0.6806,0.0,0.0,0.484,0.1851,0.3,0.0,0.0,0.0,0.0,0.0,0.4663,False,False,False,False,无明确战法态,1.67,0.0,1.95,False,115.2,酒店旅游,前海概念/业绩预升/整体上市,29.9
000070,,1.0,1.0,0.5642,1.0,0.9772,0.6279,0.4469,0.6,0.233,0.0,0.0,0.5,0.7,0.5406,True,False,False,False,B1候B2,17.99,0.5,19.55,False,154.1,电子信息,光伏概念/百度概念/国防军工,32.2
000078,,0.0,0.6784,0.7183,0.0,0.0,0.6541,0.1856,0.0,0.0,0.0,0.0,0.0,0.0,0.7819,False,False,False,False,无明确战法态,1.49,4.93,2.03,False,39.1,生物制药,抗癌/超级细菌/深圳本地,47.0
000088,,0.0,1.0,0.887,0.1894,0.0,0.8131,0.2004,0.3,0.2223,0.0,0.0,0.0,0.0,0.3977,False,False,False,False,无明确战法态,4.15,0.48,4.35,False,131.3,交通运输,海上丝路/深圳本地/航运概念,32.0
000089,,0.0,1.0,0.8296,0.1137,0.0,0.3524,0.2489,0.0,0.3106,0.0,0.0,0.0,0.0,0.469,False,False,False,False,无明确战法态,6.36,1.6,6.56,False,130.4,交通运输,前海概念/整体上市/深圳本地,32.0
000090,,0.3534,1.0,0.8689,0.0721,0.0,0.8449,0.2969,0.3,0.0,0.0,0.0,0.0,0.0,0.4135,False,False,False,False,无明确战法态,3.09,1.31,3.44,False,57.7,建筑建材,前海概念/深圳本地/深圳国企改革,28.0
000096,,0.0,1.0,0.8422,0.0,0.0,0.4767,0.2573,0.0,0.0,0.0,0.0,0.0,0.0,0.497,False,False,False,False,无明确战法态,7.32,1.95,8.35,False,37.4,石油行业,油气改革/深圳本地,26.5
000099,,0.4161,1.0,0.853,0.0,0.0,0.6788,0.2442,0.6,0.0,0.0,0.0,0.0,0.0,0.458,False,False,False,False,无明确战法态,14.72,1.45,16.53,False,114.2,交通运输,海南自贸/军工航天/深圳本地,32.0
000100,,0.0,0.7399,0.4707,1.0,1.0,0.3446,0.6057,1.0,1.0,0.0,0.0,1.0,1.0,0.2814,False,False,False,False,无明确战法态,5.65,-4.56,4.83,True,1081.0,家电行业,光伏/光伏概念/华为概念,35.7
000151,,0.8839,1.0,0.7905,0.3628,0.0,0.7094,0.3127,0.9,0.0,0.0,0.0,0.0,1.0,0.4088,False,False,False,False,无明确战法态,10.59,0.86,12.37,False,32.6,物资外贸,业绩预升,29.8
000153,,0.0,1.0,0.811,0.0,0.0,0.3527,0.2435,0.0,0.0828,0.0,0.0,0.0,0.0,0.4873,False,False,False,False,无明确战法态,5.43,2.65,5.73,False,24.9,生物制药,皖江区域/抗癌/参股金融,47.0
000155,,0.4112,1.0,0.8015,0.0,0.0,0.8019,0.307,0.0,0.0,0.0,0.0,0.0,0.0,0.4273,False,False,False,False,无明确战法态,12.01,-0.66,13.79,False,221.7,农药化肥,光伏/成渝特区/低碳经济,33.4
000156,,0.6528,1.0,0.7792,0.0,0.0,0.6897,0.1704,0.3,0.0,0.0,0.0,0.0,0.0,0.4572,False,False,False,False,无明确战法态,6.48,2.21,6.99,False,110.2,传媒娱乐,业绩预升/短剧游戏/旅游概念,29.0
000157,,0.3956,1.0,0.8472,0.0498,0.0,0.5581,0.3524,0.0,0.06,0.0,0.0,0.0,0.0,0.3671,False,False,False,False,无明确战法态,7.17,2.72,7.68,False,506.9,机械行业,百度概念/含H股/长株潭,36.7
000158,,0.4587,1.0,0.8466,0.0,0.0,0.6813,0.2929,0.3,0.0,0.0,0.0,0.0,0.0,0.4806,False,False,False,False,无明确战法态,12.89,-1.15,15.55,False,204.7,纺织行业,金融参股/参股金融/ERP概念,36.5
000159,,0.0,1.0,0.8182,0.0,0.0,0.8673,0.2641,0.3,0.0,0.0,0.0,0.0,0.0,0.5019,False,False,False,False,无明确战法态,5.57,1.27,6.15,False,26.8,石油行业,涉矿概念/油气改革/互联金融,26.5
000166,,0.0,1.0,0.8378,0.3175,0.6305,0.3357,0.4997,0.0,0.4671,0.0,0.0,0.5,0.0,0.3676,False,False,False,False,无明确战法态,4.56,0.88,4.58,False,1027.6,金融行业,新疆振兴,39.0
000301,,0.0,0.9087,0.538,0.3493,0.4399,0.0685,0.3637,0.0,0.9652,0.0,0.0,0.5,0.0,0.4184,False,False,False,False,无明确战法态,12.55,3.55,12.06,True,829.3,综合行业,光伏/业绩预升/分拆上市,28.4
000333,,0.0,1.0,0.7758,0.4558,0.0652,0.1692,0.3092,0.0,0.4708,0.0,0.0,0.0,0.7,0.3766,False,False,False,False,无明确战法态,77.96,1.23,79.06,False,5349.4,家电行业,整体上市/超级品牌/空气能热泵,35.7
000338,,0.3147,0.4015,0.3636,0.4057,0.0,0.458,0.1257,0.0,0.5728,0.0,1.0,0.0,0.7,0.3395,False,False,False,False,无明确战法态,28.14,6.59,29.26,False,1393.8,汽车制造,氢能源/含H股/社保重仓,40.0
000400,,0.783,1.0,0.876,0.0,0.0,0.7845,0.1719,0.0,0.0,0.0,1.0,0.0,0.0,0.4467,False,False,False,False,无明确战法态,21.17,1.0,24.47,False,214.2,发电设备,光伏/业绩预升/抽水蓄能,28.3
000401,,0.0,1.0,0.8459,0.0,0.0,0.6111,0.2712,0.3,0.0,0.0,0.0,0.0,0.0,0.4681,False,False,False,False,无明确战法态,3.54,2.31,3.95,False,93.1,水泥行业,京津冀/QFII重仓/水泥概念,35.7
000402,,0.5179,1.0,0.8361,0.1113,0.0,0.8342,0.3034,0.3,0.0,0.0,0.0,0.0,0.0,0.4469,False,False,False,False,无明确战法态,2.46,0.82,2.76,False,73.5,房地产,碳交易/社保重仓/保险重仓,29.9
000403,,0.0,1.0,0.7234,0.0,0.0,0.6451,0.4266,0.6,0.0,0.0,0.0,0.0,0.0,0.4994,False,False,False,False,无明确战法态,9.29,1.42,11.31,False,87.4,生物制药,业绩预升,47.0
000404,,0.0,1.0,0.7791,0.4354,0.2687,0.5143,0.3028,0.3,0.8373,0.0,0.0,0.5,0.0,0.3692,False,False,False,False,无明确战法态,8.13,-0.25,7.91,True,56.3,机械行业,业绩预升/节能环保,36.7
000407,,0.0,0.6182,0.4709,0.0,0.0,0.0841,0.2011,0.3,0.1182,0.0,0.0,0.0,0.0,0.5015,False,False,False,False,无明确战法态,3.98,5.29,4.23,False,34.9,塑料制品,页岩气/油气改革/金融参股,33.5
000408,,0.0,0.6523,0.6476,0.0,0.0,0.2155,0.3248,0.0,0.2446,0.0,0.0,0.0,0.0,0.4676,False,False,False,False,无明确战法态,73.35,5.09,77.7,False,1150.7,商业百货,盐湖提锂/黄金概念/涉矿概念,30.2
000409,,0.0,1.0,0.8962,0.0,0.0,0.8144,0.1439,0.3,0.0,0.0,0.0,0.0,0.0,0.5359,False,False,False,False,无明确战法态,8.45,1.2,9.48,False,49.9,钢铁行业,深圳本地/多模态AI/ERP概念,29.8
000410,,0.0,1.0,0.8126,0.0,0.0,0.6003,0.2651,0.0,0.0,0.0,0.0,0.0,0.0,0.6016,False,False,False,False,无明确战法态,5.04,1.2,5.57,False,99.3,机械行业,朝鲜改革/智能机器/业绩预降,36.7
000411,,0.0,1.0,0.8648,0.0,0.0,0.9666,0.1458,0.0,0.0,0.0,0.0,0.0,1.0,0.5282,False,False,False,False,无明确战法态,9.54,1.81,10.51,False,53.8,商业百货,业绩预升,30.2
000415,,0.0,0.7496,0.6998,0.258,0.6602,0.3891,0.2431,0.3,0.8184,0.0,0.0,0.5,0.0,0.4515,False,False,False,False,无明确战法态,4.41,4.5,4.31,True,237.8,金融行业,雄安新区/金融改革/海上丝路,39.0
000417,,0.0,0.9949,0.7203,0.8193,1.0,0.7238,0.2984,0.6,1.0,0.0,0.0,1.0,0.7,0.295,False,False,False,False,无明确战法态,8.32,-3.03,7.81,True,64.8,商业百货,乡村振兴/黄金概念/皖江区域,30.2
000419,,0.0,1.0,0.8433,0.0,0.0,0.5259,0.188,0.0,0.0,0.0,0.0,0.0,0.0,0.5173,False,False,False,False,无明确战法态,4.77,1.92,5.17,False,25.9,商业百货,长株潭/金融改革/金融参股,30.2
000420,,0.1365,1.0,0.7543,0.0,0.0,0.6062,0.2691,0.3,0.0406,0.0,0.0,0.0,0.0,0.4614,False,False,False,False,无明确战法态,4.15,1.97,4.48,False,102.0,化纤行业,朝鲜改革/冰雪产业/碳纤维,37.1
000421,,0.0,0.8839,0.7406,0.0,0.0,0.4416,0.1105,0.0,0.0,0.0,0.0,0.0,0.0,0.6027,False,False,False,False,无明确战法态,5.33,3.7,5.7,False,30.6,交通运输,金融改革/业绩预降/动力电池回收,32.0
000422,,0.0,0.8564,0.6612,0.0343,0.5536,0.2526,0.3335,0.6,0.385,0.0,0.0,1.0,0.0,0.4287,False,False,False,False,无明确战法态,14.19,-3.86,14.59,False,150.1,农药化肥,业绩预降/信托重仓/化肥,33.4
000423,,0.0,1.0,0.8938,0.0894,0.0,0.7832,0.2397,0.3,0.3235,0.0,0.0,0.5,0.0,0.2962,False,False,False,False,无明确战法态,47.09,-0.02,48.51,False,302.7,生物制药,基金重仓/农业种植/预制菜,47.0
000425,,0.0,1.0,0.8254,0.0,0.0,0.5392,0.2876,0.6,0.0,0.0,0.0,0.0,0.0,0.462,False,False,False,False,无明确战法态,8.42,0.24,9.42,False,757.9,机械行业,国防军工/军工航天/农机,36.7
000426,,0.4016,1.0,0.6738,0.0,0.0,0.3708,0.3399,0.3,0.0,0.0,0.0,0.0,0.0,0.4206,False,False,False,False,无明确战法态,35.34,2.94,40.32,False,627.3,有色金属,黄金概念/信托重仓/参股金融,36.0
000428,,0.2556,1.0,0.7849,0.0,0.0,0.7687,0.1013,0.0,0.0,0.0,0.0,0.0,0.0,0.4207,False,False,False,False,无明确战法态,3.11,0.32,3.45,False,31.7,酒店旅游,长株潭/业绩预升/分拆上市,29.9
000429,,0.0,1.0,0.8986,0.7323,0.8917,0.692,0.4724,0.0,0.9304,0.0,0.0,0.5,0.7,0.3035,False,False,False,False,无明确战法态,13.89,0.58,13.34,True,181.0,公路桥梁,含B股/业绩预降/参股金融,32.0
000430,,0.2028,1.0,0.8196,0.4264,0.0,0.0,0.4733,0.0,0.3935,0.0,0.0,0.0,0.7,0.3638,False,False,False,False,无明确战法态,7.41,0.27,7.62,False,27.5,酒店旅游,长株潭/业绩预降/金融参股,29.9
000488,,0.0,0.83,0.6315,0.0,0.0,0.4381,0.217,0.3,0.0907,0.0,0.0,0.0,0.0,0.5613,False,False,False,False,无明确战法态,2.07,4.02,2.21,False,35.1,造纸行业,含H股/含B股/业绩预升,31.9
000498,,0.0,1.0,0.9046,0.0,0.0,0.5835,0.3106,0.0,0.0705,0.0,0.0,0.0,0.0,0.4198,False,False,False,False,无明确战法态,4.95,1.23,5.26,False,71.7,建筑建材,同花顺中特估100,28.0
000501,,0.0,1.0,0.8283,0.0,0.0,0.5899,0.3162,0.9,0.0,0.0,0.0,0.5,0.0,0.3418,False,False,False,False,无明确战法态,7.08,1.29,7.59,False,54.4,商业百货,白酒概念/武汉规划/内贸规划,30.2
000503,,0.3724,1.0,0.7672,0.0,0.0,0.6571,0.2691,0.6,0.0,0.0,0.0,0.0,0.0,0.4462,False,False,False,False,无明确战法态,6.32,0.32,7.22,False,61.9,电子信息,海南自贸/电商概念/分拆上市,32.2
000504,,0.0,0.9387,0.7064,0.0,0.0,0.0,0.0,0.0,0.0252,0.0,0.0,0.0,0.0,0.4635,False,False,False,False,无明确战法态,7.98,3.37,8.57,False,26.3,传媒娱乐,免疫治疗/信托重仓,29.0
000505,,0.0,1.0,0.7972,0.0,0.0,0.8098,0.183,0.0,0.0,0.0,0.0,0.0,0.0,0.5282,False,False,False,False,无明确战法态,5.3,0.76,5.88,False,33.5,房地产,海南自贸/含B股/金融参股,29.9
000506,,0.0,0.0,0.6458,0.0,0.0,0.7079,0.2905,0.0,0.2012,0.0,1.0,0.0,0.0,0.4977,False,False,False,False,无明确战法态,13.87,9.99,14.76,False,128.8,房地产,黄河三角/黄金概念/涉矿概念,29.9
000507,,0.3721,1.0,0.9015,0.1325,0.0,0.8595,0.2518,0.6,0.1596,0.0,0.0,0.0,0.0,0.3524,False,False,False,False,无明确战法态,4.78,0.84,5.05,False,43.1,交通运输,光伏/海上丝路/国企改革,32.0
000509,,0.7649,1.0,0.7004,0.3778,0.0,0.9206,0.2033,0.3,0.0,0.0,0.0,0.0,1.0,0.5015,False,False,False,False,无明确战法态,3.48,-2.25,4.02,False,37.3,建筑建材,成渝特区,28.0
000510,,1.0,0.8738,0.4612,1.0,1.0,0.5839,0.2664,0.9,1.0,1.0,0.0,0.5,1.0,0.4065,False,False,False,False,无明确战法态,22.03,-3.76,19.94,True,133.6,化工行业,成渝特区/准ST股/金融参股,39.0
000513,,0.0,1.0,0.8843,0.094,0.066,0.3453,0.6038,0.3,0.2734,0.0,0.0,0.5,0.0,0.3061,False,False,False,False,无明确战法态,30.39,1.4,31.12,False,172.7,生物制药,含H股/生物疫苗/基因概念,47.0
000514,,0.0,0.5817,0.4858,0.0,0.0,0.0,0.2232,0.3,0.0,0.0,0.0,0.0,0.0,0.4955,False,False,False,False,无明确战法态,3.83,5.51,4.29,False,32.3,房地产,成渝特区/参股金融,29.9
000516,,0.0,1.0,0.8316,0.0,0.0,0.487,0.3514,0.3,0.0371,0.0,0.0,0.0,0.0,0.3033,False,False,False,False,无明确战法态,4.0,1.01,4.27,False,87.8,商业百货,免疫治疗/民营医院/陕甘宁,30.2
000517,,0.0,1.0,0.8016,0.1039,0.0,0.8084,0.1515,0.3,0.0,0.0,0.0,0.0,1.0,0.4232,False,False,False,False,无明确战法态,1.69,0.6,1.87,False,42.1,房地产,业绩预升,29.9
000518,,0.0,1.0,0.8022,0.6622,0.5586,0.0,0.2229,0.0,1.0,0.0,0.0,1.0,0.7,0.3139,False,False,False,False,无明确战法态,3.46,2.67,3.23,True,35.6,生物制药,抗癌,47.0
000519,,0.63,0.9994,0.7125,0.9364,1.0,0.5477,0.4434,0.6,0.8175,1.0,0.0,0.5,1.0,0.3644,False,False,False,False,无明确战法态,20.02,-3.0,19.54,True,278.8,机械行业,国防军工/成渝特区/军工航天,36.7
000520,,0.0,1.0,0.7339,0.427,0.8223,0.0,0.2141,1.0,1.0,0.0,0.0,0.5,1.0,0.3832,False,False,False,False,B2确认,4.55,0.89,4.16,True,46.0,交通运输,准ST股/整体上市/航运概念,32.0
000521,,0.0,1.0,0.6934,0.2244,0.6683,0.0,0.3307,0.6,0.663,0.0,0.0,0.5,0.0,0.3595,False,False,False,False,无明确战法态,5.88,0.17,5.71,True,51.5,家电行业,含B股/皖江区域/券商重仓,35.7
000523,,0.0,1.0,0.8226,0.0,0.0,0.6146,0.2042,0.0,0.0,0.0,0.0,0.0,0.0,0.541,False,False,False,False,无明确战法态,2.65,0.76,3.04,False,35.1,化工行业,代糖概念/广东自贸区,39.0
000524,,0.0,1.0,1.0,0.0,0.0,0.0,0.0,0.0,0.0,0.0,0.0,0.5,0.0,0.1692,False,False,False,False,无明确战法态,8.95,0.0,9.63,False,60.0,酒店旅游,冰雪产业/广东自贸区/免税店,29.9
000525,,0.0,1.0,0.7855,0.0,0.0,0.6591,0.2627,0.3,0.0,0.0,0.0,0.0,0.0,0.4746,False,False,False,False,无明确战法态,4.08,0.99,4.8,False,45.4,农药化肥,沿海发展/草甘膦/农村电商,33.4
000526,,0.0,1.0,0.8079,0.0,0.0,0.5667,0.2218,0.0,0.0,0.0,0.0,0.5,0.0,0.3895,False,False,False,False,无明确战法态,27.46,0.15,29.43,False,32.8,房地产,海峡西岸/福建自贸区/体育产业,29.9
000528,,0.0,1.0,0.8843,0.0,0.0,0.4635,0.2688,0.3,0.0202,0.0,0.0,0.5,0.0,0.3667,False,False,False,False,无明确战法态,8.16,1.12,8.65,False,166.0,机械行业,券商重仓/农机/碳纤维,36.7
000529,,0.0,1.0,0.764,0.0,0.0,0.3458,0.209,0.6,0.0,0.0,0.0,0.0,0.0,0.4879,False,False,False,False,无明确战法态,4.63,2.43,5.02,False,26.4,食品行业,猪肉/广东自贸区,35.0
000530,,0.0,1.0,0.8383,0.0,0.0,0.8481,0.5264,0.6,0.0,0.0,0.0,0.0,1.0,0.4209,False,False,False,False,无明确战法态,5.36,0.0,5.81,False,32.2,机械行业,含B股/金融参股/振兴沈阳,36.7
000531,,0.8237,1.0,0.8231,0.1038,0.0,0.839,0.4254,0.3,0.0,0.0,0.0,0.0,0.0,0.3899,False,False,False,False,无明确战法态,5.97,-1.0,6.81,False,54.3,电力行业,光伏/参股金融/虚拟电厂,26.5
000532,,0.013,1.0,0.8283,0.0,0.0,0.8787,0.2236,0.3,0.0,0.0,0.0,0.0,0.0,0.5976,False,False,False,False,无明确战法态,11.07,1.84,12.38,False,38.0,电子信息,业绩预升/横琴新区,32.2
000533,,0.7026,1.0,0.7778,0.0,0.0,0.8302,0.1,0.0,0.0,0.0,0.0,0.0,0.0,0.4389,False,False,False,False,无明确战法态,9.46,1.72,11.5,False,64.8,家电行业,业绩预升/金融参股/参股金融,35.7
000534,,0.0,0.6058,0.3856,0.0,0.0,0.3358,0.235,0.6,0.5088,0.0,0.0,0.0,0.0,0.3797,False,False,False,False,无明确战法态,32.01,5.37,32.91,False,160.3,房地产,大飞机/涉矿概念,29.9
000536,,0.0,1.0,0.3268,0.0,0.0,0.0,0.242,0.9,0.585,0.0,0.0,0.5,0.0,0.3448,False,False,False,False,无明确战法态,3.98,-1.97,3.89,True,110.0,电子器件,海峡西岸/触摸屏/保险重仓,73.7
000537,,0.4413,1.0,0.8737,0.0,0.0,0.9184,0.1936,0.3,0.0,0.0,0.0,0.0,0.0,0.5783,False,False,False,False,无明确战法态,7.44,0.68,9.05,False,152.9,房地产,海南自贸/京津冀/光热发电,29.9
000538,,0.0,1.0,0.8674,0.1811,0.1114,0.5411,0.2775,0.0,0.3151,0.0,0.0,0.5,0.0,0.4046,False,False,False,False,无明确战法态,48.86,0.21,50.16,False,866.2,生物制药,业绩预升/金融参股/保险重仓,47.0
000539,,0.5499,0.7424,0.5894,0.811,0.0,0.741,0.3208,0.6,0.2719,0.0,0.0,0.0,0.7,0.3659,False,False,False,False,B1候B2,6.51,-4.55,7.03,False,166.4,电力行业,光伏/光伏概念/含B股,26.5
000541,,0.0,1.0,0.9108,0.1477,0.8401,0.7058,0.3855,0.6,0.3943,0.0,0.0,1.0,0.0,0.3363,False,False,False,False,无明确战法态,5.24,0.19,5.3,False,64.5,家电行业,低碳经济/含B股/绿色照明,35.7
000543,,0.0,1.0,0.8882,0.245,0.0,0.9025,0.3395,0.0,0.1684,0.0,0.0,0.0,1.0,0.4181,False,False,False,False,无明确战法态,7.82,0.9,8.36,False,177.3,电力行业,碳交易/皖江区域/业绩预升,26.5
000544,,0.1778,1.0,0.9062,0.0178,0.0,0.4932,0.2326,0.0,0.0,0.0,0.0,0.0,0.0,0.5087,False,False,False,False,无明确战法态,7.15,0.56,7.82,False,69.7,环保行业,垃圾分类/固废处理/业绩预降,29.2
000545,,0.3345,0.9118,0.5556,0.0,0.0,0.386,0.1751,0.3,0.0,0.0,0.0,0.5,0.0,0.4338,False,False,False,False,无明确战法态,2.46,-3.53,2.7,False,24.2,化工行业,朝鲜改革/业绩预升/钛白粉概念,39.0
000546,,0.2021,1.0,0.7576,0.0,0.0,0.8621,0.2501,0.0,0.0,0.0,0.0,0.0,0.0,0.4761,False,False,False,False,无明确战法态,4.91,-0.81,5.67,False,34.2,水泥行业,朝鲜改革/垃圾分类/金属镍,35.7
000547,,0.0,0.7547,0.3894,0.0,0.0,0.0129,0.2629,0.6,0.0,0.0,1.0,0.0,0.0,0.3002,False,False,False,False,无明确战法态,19.39,4.47,22.05,False,308.1,电子信息,国防军工/海峡西岸/军工航天,32.2
000548,,0.0,1.0,0.7767,0.0,0.0,0.5976,0.0687,0.0,0.0,0.0,0.0,0.0,0.0,0.458,False,False,False,False,无明确战法态,4.3,2.87,4.74,False,21.5,公路桥梁,长株潭/业绩预降,32.0
000550,,0.0,1.0,0.833,0.1932,0.0,0.5744,0.3132,0.3,0.1719,0.0,0.0,0.0,0.0,0.3976,False,False,False,False,无明确战法态,16.62,1.53,17.41,False,86.2,汽车制造,含B股/社保重仓,40.0
000551,,0.0,0.8758,0.0992,1.0,1.0,0.0,0.552,0.0,1.0,0.0,0.0,1.0,0.7,0.2874,False,False,False,False,无明确战法态,20.5,3.74,16.46,True,99.3,机械行业,三板精选/食品安全/节能环保,36.7
000552,,0.0,1.0,0.8575,0.0626,0.0,0.7907,0.3162,0.0,0.0,0.0,0.0,0.0,0.0,0.4475,False,False,False,False,无明确战法态,2.36,0.85,2.56,False,87.9,煤炭行业,页岩气/业绩预升/陕甘宁,26.5
000553,,0.0,1.0,0.7217,0.1089,0.0,0.5841,0.218,0.0,0.3527,0.0,0.0,0.0,0.0,0.409,False,False,False,False,无明确战法态,5.89,2.43,6.04,False,128.2,农药化肥,含B股/业绩预升/金融参股,33.4
000554,,0.0,1.0,0.8151,0.0,0.0,0.7086,0.2103,0.0,0.0,0.0,0.0,0.0,0.0,0.5786,False,False,False,False,无明确战法态,5.89,2.08,6.81,False,21.4,石油行业,油气改革/俄乌冲突概念,26.5
000555,,0.9693,1.0,0.8351,0.0,0.0,0.6968,0.144,0.0,0.0,0.0,0.0,0.0,0.0,0.5501,False,False,False,False,无明确战法态,10.27,1.58,12.71,False,100.1,电子信息,ERP概念/NFT概念/数字乡村,32.2
000557,,0.0,1.0,0.7183,0.0,0.0,0.391,0.0998,0.0,0.0,0.0,0.0,0.0,0.0,0.4448,False,False,False,False,无明确战法态,3.65,2.82,4.09,False,53.2,酿酒行业,陕甘宁,27.4
000558,,0.0,0.9888,0.7955,0.0,0.0,0.5612,0.3643,0.3,0.0,0.0,0.0,0.0,0.0,0.527,False,False,False,False,无明确战法态,3.36,3.07,3.81,False,43.3,房地产,振兴沈阳/电子竞技,29.9
000559,,0.0,0.1712,0.3875,0.0,0.0,0.0482,0.2182,0.0,0.3329,0.0,0.0,0.0,0.0,0.4317,False,False,False,False,无明确战法态,14.22,7.97,14.87,False,471.3,汽车制造,锂电池/金融参股,40.0
000560,,0.0,1.0,0.7788,0.0,0.0,0.7364,0.1728,0.3,0.0,0.0,0.0,0.0,0.0,0.5228,False,False,False,False,无明确战法态,2.12,0.47,2.54,False,49.6,商业百货,业绩预降/参股金融,30.2
000561,,0.0,0.6034,0.577,0.0,0.0,0.0,0.2368,0.3,0.0,0.0,0.0,0.0,0.0,0.5139,False,False,False,False,无明确战法态,7.64,5.38,8.51,False,59.3,电子信息,国防军工/军工航天/陕甘宁,32.2
000563,,0.0086,1.0,0.9061,0.021,0.0,0.6966,0.4007,0.6,0.0763,0.0,0.0,0.0,0.0,0.32,False,False,False,False,无明确战法态,2.86,0.7,3.03,False,146.3,金融行业,陕甘宁/金融参股/参股保险,39.0
000564,,0.0,1.0,0.7567,0.0,0.0,0.7507,0.1071,0.3,0.0,0.0,0.0,0.0,0.0,0.577,False,False,False,False,无明确战法态,1.39,1.46,1.63,False,209.8,商业百货,三板精选/内贸规划/陕甘宁,30.2
000565,,0.0,0.9128,0.6756,0.0,0.0,0.4502,0.2098,0.0,0.0,0.0,0.0,0.0,0.0,0.6191,False,False,False,False,无明确战法态,6.17,3.52,6.76,False,26.8,化工行业,成渝特区/金融参股,39.0
000566,,0.0,1.0,0.0618,0.0,1.0,0.0,0.7315,0.3,1.0,0.0,0.0,1.0,0.0,0.2393,False,False,False,False,无明确战法态,6.14,1.66,4.69,True,79.6,生物制药,仿制药/海南自贸/抗癌,47.0
000567,,0.0,1.0,0.826,0.5223,0.7698,0.6292,0.3691,0.6,0.8582,0.0,0.0,1.0,0.7,0.3508,False,False,False,False,无明确战法态,6.16,0.49,5.91,True,120.0,房地产,海南自贸/钒电池/海南自贸区,29.9
000568,,0.0,1.0,0.8307,0.0,0.0,0.6115,0.2028,0.3,0.0,0.0,0.0,0.0,0.0,0.5539,False,False,False,False,无明确战法态,77.2,0.04,88.52,False,1135.6,酿酒行业,白酒概念/成渝特区/金融参股,27.4
000570,,0.0,0.9134,0.6963,0.0,0.0,0.4542,0.1867,0.0,0.0,0.0,0.0,0.0,0.0,0.4999,False,False,False,False,无明确战法态,5.0,3.52,5.44,False,27.8,机械行业,含B股/金融参股/沿海发展,36.7
000571,,0.0,1.0,0.627,0.6406,1.0,0.3782,0.4288,0.6,1.0,0.0,0.0,1.0,0.0,0.2697,False,False,False,False,无明确战法态,6.84,-1.87,5.97,True,55.7,煤炭行业,大飞机/海南自贸/锂电池,26.5
000572,,0.0,0.4558,0.502,0.0,0.0,0.0,0.106,0.0,0.0,0.0,0.0,0.0,0.0,0.4468,False,False,False,False,无明确战法态,3.89,-6.27,4.68,False,63.9,汽车制造,海南自贸/业绩预升/券商重仓,40.0
000573,,0.6247,1.0,0.7899,0.0,0.0,0.6109,0.1874,0.3,0.0,0.0,0.0,0.0,0.0,0.4436,False,False,False,False,无明确战法态,3.57,2.29,4.12,False,22.6,房地产,业绩预升/金融参股/股期概念,29.9
000576,,0.0,0.0,0.3784,0.0,0.0,0.0,0.3012,0.3,0.5336,0.0,0.0,0.5,0.0,0.5011,False,False,False,False,无明确战法态,8.14,10.0,7.94,True,35.3,综合行业,业绩预降,28.4
000581,,0.0,0.9636,0.7011,0.0,0.0,0.3715,0.1745,0.0,0.2075,0.0,0.0,0.0,0.0,0.4745,False,False,False,False,无明确战法态,17.96,3.22,18.77,False,142.6,汽车制造,含B股/金融参股/基金重仓,40.0
000582,,0.0,1.0,0.803,0.3799,0.0,0.8854,0.2816,0.0,0.5626,0.0,0.0,0.0,0.7,0.3146,False,False,False,False,无明确战法态,11.26,0.81,11.56,False,242.9,交通运输,乡村振兴/海上丝路/安防,32.0
000586,,0.4746,1.0,0.8389,0.0,0.0,0.8923,0.1596,0.0,0.0,0.0,0.0,0.0,0.0,0.4508,False,False,False,False,无明确战法态,13.27,0.23,15.87,False,25.4,电子信息,专精特新/成渝特区,32.2
000589,,0.0,1.0,0.7448,0.0888,0.0,0.4914,0.3382,0.0,0.2494,0.0,0.0,0.0,0.0,0.4097,False,False,False,False,无明确战法态,4.28,2.39,4.46,False,66.1,汽车制造,业绩预升/参股金融,40.0
000590,,0.0556,1.0,0.8196,0.0,0.0,0.4201,0.2076,0.3,0.0,0.0,0.0,0.0,0.0,0.4719,False,False,False,False,无明确战法态,8.65,1.76,9.82,False,20.7,生物制药,长株潭/业绩预降/高校背景,47.0
000591,,0.0162,1.0,0.8548,0.0,0.0,0.9419,0.0907,0.0,0.0,0.0,0.0,0.0,1.0,0.3888,False,False,False,False,无明确战法态,4.54,-1.09,5.17,False,177.2,商业百货,光伏/TOPCON电池,30.2
000592,,0.0,0.0,0.4072,0.0,0.0,0.0,0.0661,0.0,0.0,0.0,0.0,0.5,0.0,0.4449,False,False,False,False,无明确战法态,6.98,-10.05,8.65,False,133.7,农林牧渔,海峡西岸/金融改革/赛马概念,39.0
000593,,0.1024,1.0,0.2515,1.0,0.8093,0.3431,0.3308,0.0,1.0,1.0,0.0,0.5,0.7,0.3358,False,False,False,False,无明确战法态,22.42,-1.67,21.53,True,80.4,供水供气,碳中和/氢能源/成渝特区,26.9
000595,,0.0,0.0,1.0,0.0,0.0,0.6369,0.0704,0.0,0.4034,0.0,1.0,0.0,0.0,0.4969,False,False,False,False,无明确战法态,6.24,10.05,6.5,False,71.1,机械行业,国防军工/军工航天/陕甘宁,36.7
000596,,0.0,1.0,0.8513,0.0,0.0,0.6551,0.2078,0.6,0.0,0.0,0.0,0.0,0.0,0.5698,False,False,False,False,无明确战法态,79.23,0.38,92.1,False,323.8,酿酒行业,白酒概念/含B股,27.4
000597,,0.0,1.0,0.8502,0.0,0.0,0.5199,0.3919,0.6,0.2208,0.0,0.0,0.5,0.0,0.3756,False,False,False,False,无明确战法态,4.51,1.35,4.66,False,63.6,生物制药,维生素/准ST股/振兴沈阳,47.0
000598,,0.0,1.0,0.8296,0.3571,0.0778,0.4772,0.2991,0.0,0.3046,0.0,0.0,0.0,1.0,0.4384,False,False,False,False,B1候B2,6.54,-1.65,6.78,False,194.9,环保行业,成渝特区/固废处理/节能环保,29.2
000599,,0.0,1.0,0.7994,0.0,0.0,0.5061,0.1277,0.0,0.0,0.0,0.0,0.0,0.0,0.5153,False,False,False,False,无明确战法态,4.41,2.08,5.07,False,36.0,汽车制造,自贸区/日韩贸易/超级品牌,40.0
000600,,0.1373,1.0,0.7523,0.4001,0.0,0.8636,0.3797,0.0,0.124,0.0,0.0,0.0,0.7,0.4237,False,False,False,False,无明确战法态,9.01,-1.53,9.82,False,98.2,电力行业,碳中和/碳交易/业绩预升,26.5
000601,,0.0,0.3701,0.6139,0.2059,0.0,0.3594,0.2123,0.6,0.429,0.0,0.0,0.5,0.7,0.2093,False,False,False,False,无明确战法态,6.6,-6.78,6.88,False,69.3,电力行业,光伏/低碳经济/抽水蓄能,26.5
000603,,0.0,1.0,0.4013,0.0,0.0,0.0,0.1243,0.6,0.0,0.0,0.0,0.0,0.0,0.4377,False,False,False,False,无明确战法态,24.42,-1.21,31.18,False,162.8,有色金属,参股金融/金属锌/金属镍,36.0
000605,,0.0,1.0,0.8195,0.0,0.0,0.5317,0.1691,0.0,0.0,0.0,0.0,0.0,0.0,0.4674,False,False,False,False,无明确战法态,5.6,1.08,6.21,False,19.7,供水供气,,26.9
000607,,0.0,1.0,0.8119,0.0,0.0,0.4664,0.1806,0.0,0.0,0.0,0.0,0.0,0.0,0.4769,False,False,False,False,无明确战法态,3.23,1.25,3.62,False,28.6,传媒娱乐,成渝特区/业绩预升/快手概念,29.0
000608,,1.0,1.0,0.703,1.0,1.0,0.0,0.5697,0.0,1.0,1.0,0.0,0.5,0.7,0.4129,True,False,False,False,B1候B2,5.96,-1.65,5.53,True,44.4,房地产,外资背景/信托重仓,29.9
000609,,0.0,0.6667,0.7157,0.7313,0.8084,0.6818,0.1374,0.0,1.0,0.0,0.0,1.0,0.7,0.3746,False,False,False,False,无明确战法态,12.92,-5.0,12.01,True,37.6,房地产,三板精选/参股金融,29.9
000610,,0.0,1.0,0.7655,0.0,0.0,0.7448,0.1475,0.0,0.0,0.0,0.0,0.0,0.0,0.5754,False,False,False,False,无明确战法态,6.06,1.51,7.22,False,14.3,酒店旅游,陕甘宁,29.9
000612,,0.6856,1.0,0.836,0.0,0.0,0.6175,0.3202,0.9,0.0155,0.0,0.0,0.5,0.0,0.3455,False,False,False,False,无明确战法态,10.75,1.7,11.83,False,128.2,有色金属,业绩预升/金融参股/参股金融,36.0
000615,,0.0,1.0,0.8599,0.279,0.0,0.8045,0.3638,0.0,0.6179,0.0,0.0,0.5,0.7,0.3655,False,False,False,False,无明确战法态,3.36,0.9,3.37,False,31.1,化纤行业,金融参股/参股金融/毛发医疗,37.1
000617,,0.3278,1.0,0.8323,0.0,0.0,0.6535,0.2246,0.6,0.0,0.0,0.0,0.0,0.0,0.563,False,False,False,False,无明确战法态,6.85,1.33,7.88,False,866.0,机械行业,准ST股/参股券商/参股银行,36.7
000619,,0.0,1.0,0.763,0.0,0.0,0.511,0.0991,0.0,0.0,0.0,0.0,0.0,0.0,0.5049,False,False,False,False,无明确战法态,4.6,2.22,5.29,False,16.6,建筑建材,低碳经济/皖江区域/节能环保,28.0
000620,,0.0,1.0,0.6748,0.7631,1.0,0.3578,0.3942,0.9,1.0,0.0,0.0,1.0,0.7,0.2685,False,False,False,False,无明确战法态,3.6,-2.44,3.1,True,168.2,房地产,乡村振兴/民营银行/业绩预升,29.9
000623,,0.0,1.0,0.8985,0.4279,1.0,0.6213,0.3818,0.6,0.7451,0.0,0.0,1.0,0.0,0.3392,False,False,False,False,无明确战法态,18.48,0.49,17.97,True,220.1,生物制药,金融参股/券商重仓/参股金融,47.0
000625,,0.0,1.0,0.8786,0.0,0.0,0.579,0.2389,0.6,0.0,0.0,0.0,0.5,0.0,0.478,False,False,False,False,无明确战法态,7.24,1.4,8.27,False,598.5,汽车制造,国防军工/成渝特区/军工航天,40.0
000626,,0.3751,1.0,0.8752,0.0,0.0,0.8165,0.1429,0.0,0.0,0.0,0.0,0.0,0.0,0.489,False,False,False,False,无明确战法态,6.43,0.31,7.45,False,32.4,物资外贸,金融改革/业绩预升/金融参股,29.8
000628,,0.0,1.0,0.6979,0.0136,0.0,0.6599,0.3703,0.3,0.0071,0.0,0.0,0.0,0.0,0.4585,False,False,False,False,无明确战法态,49.17,2.69,53.65,False,94.5,开发区,成渝特区/金融参股/参股金融,33.7
000629,,0.0,1.0,0.6522,0.1482,0.4242,0.2521,0.3557,0.6,0.4984,0.0,0.0,1.0,0.0,0.378,False,False,False,False,无明确战法态,3.35,-2.9,3.42,False,311.2,钢铁行业,成渝特区/稀缺资源/业绩预降,29.8
000630,,0.8452,0.8022,0.6779,0.5744,0.1514,0.5302,0.57,0.3,0.4873,0.0,1.0,0.0,1.0,0.4803,False,False,False,False,B1候B2,6.47,4.19,6.73,False,720.9,有色金属,黄金概念/稀缺资源/皖江区域,36.0
000631,,0.0,1.0,0.8671,0.0056,0.0,0.8844,0.1285,0.3,0.0485,0.0,0.0,0.5,0.0,0.4941,False,False,False,False,无明确战法态,3.0,-0.33,3.24,False,69.0,房地产,朝鲜改革/业绩预降,29.9
000632,,0.0,1.0,0.5833,0.0,0.0,0.5182,0.1999,0.0,0.0,0.0,0.0,0.5,0.0,0.4484,False,False,False,False,无明确战法态,3.45,2.68,3.81,False,16.1,综合行业,海峡西岸/参股金融,28.4
000633,,0.0,1.0,0.8099,0.0,0.0,0.5411,0.2414,0.0,0.0,0.0,0.0,0.0,0.0,0.4935,False,False,False,False,无明确战法态,4.99,1.63,5.74,False,19.2,综合行业,,28.4
000635,,0.2179,1.0,0.798,0.0,0.0,0.583,0.1979,0.3,0.0,0.0,0.0,0.0,0.0,0.4879,False,False,False,False,无明确战法态,6.19,-1.28,7.25,False,22.7,化工行业,陕甘宁,39.0
000636,,1.0,0.5716,0.2622,1.0,1.0,0.7371,0.7734,0.0,1.0,1.0,0.0,0.5,0.7,0.4594,False,False,False,False,无明确战法态,63.23,-5.57,53.73,True,731.6,电子器件,锂电池/触摸屏/卫星导航,73.7
000637,,0.0,1.0,0.7802,0.0,0.0,0.5608,0.235,0.0,0.0,0.0,0.0,0.0,0.0,0.4886,False,False,False,False,无明确战法态,3.68,1.1,4.11,False,13.4,石油行业,油气改革/业绩预升/信托重仓,26.5
000639,,0.0,0.6803,0.6721,0.0,0.0,0.2971,0.2067,0.3,0.0,0.0,0.0,0.0,0.0,0.6583,False,False,False,False,无明确战法态,1.28,4.92,1.65,False,13.8,食品行业,黄河三角/业绩预升/本月解禁,35.0
000650,,0.0,1.0,0.8219,0.1268,0.1985,0.0,0.3785,0.0,0.468,0.0,0.0,0.5,0.0,0.4251,False,False,False,False,无明确战法态,5.37,2.48,5.39,False,71.5,生物制药,生物疫苗/消毒剂,47.0
000651,,0.0,1.0,0.8351,0.3973,0.3737,0.3021,0.2968,0.0,0.5887,0.0,0.0,0.5,0.0,0.4052,False,False,False,False,无明确战法态,38.33,0.87,38.04,True,2116.5,家电行业,国企改革/民营银行/QFII重仓,35.7
000652,,0.0,1.0,0.8639,0.0,0.0,0.914,0.3539,0.0,0.0,0.0,0.0,0.0,0.0,0.347,False,False,False,False,无明确战法态,3.46,0.87,3.73,False,50.5,综合行业,低碳经济/金融参股/分拆上市,28.4
000655,,0.3486,1.0,0.8769,0.0,0.0,0.6329,0.2374,0.3,0.0,0.0,0.0,0.0,0.0,0.5271,False,False,False,False,无明确战法态,6.54,0.62,7.54,False,38.9,钢铁行业,黄河三角/钒电池,29.8
000656,,0.0,0.0,1.0,0.0,0.0,1.0,0.0517,0.3,0.3031,0.0,1.0,0.0,0.0,0.4603,False,False,False,False,无明确战法态,1.3,10.17,1.34,False,98.6,房地产,成渝特区/民营银行/托育服务,29.9
000657,,0.9901,0.2289,0.4057,1.0,1.0,0.5057,0.6275,0.0,1.0,1.0,0.0,0.5,0.7,0.3923,False,False,False,False,B1候B2,89.63,-7.63,77.71,True,1302.3,有色金属,海南自贸/海南自贸区,36.0
000659,,0.6711,1.0,0.7849,0.0,0.0,0.6337,0.139,0.0,0.0,0.0,0.0,0.0,0.0,0.5307,False,False,False,False,无明确战法态,3.07,-0.97,3.7,False,39.5,印刷包装,外资背景/横琴新区,27.7
000661,,0.0,1.0,0.782,0.0,0.0,0.4507,0.2395,0.6,0.0,0.0,0.0,1.0,0.0,0.3349,False,False,False,False,无明确战法态,68.96,-0.22,73.79,False,275.6,生物制药,朝鲜改革/仿制药/生物疫苗,47.0
000663,,0.0,1.0,0.7348,0.0,0.0,0.5336,0.1337,0.0,0.0,0.0,0.0,0.0,0.0,0.4795,False,False,False,False,无明确战法态,5.39,2.08,5.97,False,16.5,农林牧渔,海峡西岸/稀缺资源/准ST股,39.0
000665,,0.1389,1.0,0.8023,0.0,0.0,0.7254,0.224,0.6,0.0,0.0,0.0,0.0,0.0,0.5231,False,False,False,False,无明确战法态,3.75,1.08,4.3,False,42.6,传媒娱乐,武汉规划,29.0
000668,,0.0632,1.0,0.6381,1.0,1.0,0.7008,0.4648,1.0,1.0,0.0,0.0,0.5,0.7,0.3607,False,False,False,False,无明确战法态,21.9,0.74,19.29,True,32.2,房地产,参股金融,29.9
000669,,0.0,1.0,0.7382,0.1283,0.0,0.6589,0.1949,0.3,0.2013,0.0,0.0,0.0,0.0,0.416,False,False,False,False,无明确战法态,3.79,-0.79,4.03,False,25.8,供水供气,朝鲜改革/ST板块/天然气,26.9
000670,,0.3894,1.0,0.7554,0.3267,0.0,0.9059,0.2765,0.3,0.0,0.0,0.0,0.0,1.0,0.3914,False,False,False,False,B1候B2,7.35,-0.14,8.36,False,60.4,电子器件,,73.7
000672,,0.0,1.0,0.6937,1.0,1.0,0.5415,0.4542,0.3,1.0,0.0,0.0,1.0,0.7,0.3033,False,False,False,False,无明确战法态,21.19,-1.67,17.68,True,205.4,水泥行业,业绩预升/创投/储能,35.7
000676,,0.0,1.0,0.7727,0.0,0.0,0.4841,0.3791,0.0,0.0,0.0,0.0,0.0,0.0,0.4152,False,False,False,False,无明确战法态,5.33,0.95,6.26,False,67.1,仪器仪表,分拆上市/快手概念/NFT概念,34.2
000677,,0.0,1.0,0.5807,0.0,0.0,0.2098,0.4743,0.0,0.0,0.0,0.0,0.0,0.0,0.3898,False,False,False,False,无明确战法态,1.62,1.89,2.43,False,14.0,化纤行业,黄河三角,37.1
000678,,0.0,0.3679,0.4209,0.0,0.0,0.1048,0.3768,0.3,0.0,0.0,0.0,0.5,1.0,0.3762,False,False,False,False,无明确战法态,9.59,6.79,10.82,False,44.1,机械行业,金融参股,36.7
000679,,0.9485,0.9205,0.6137,0.3205,0.0,0.1116,0.187,0.9,0.0486,0.0,1.0,0.5,0.0,0.3864,False,False,False,False,无明确战法态,6.25,3.48,6.67,False,22.3,商业百货,自贸区/跨境电商,30.2
000680,,0.0,1.0,0.8221,0.0,0.0,0.5967,0.3211,0.6,0.2129,0.0,0.0,0.5,0.0,0.4311,False,False,False,False,无明确战法态,10.32,1.98,10.83,False,135.7,机械行业,垃圾分类/中俄贸易概念,36.7
000681,,0.5064,0.8416,0.7728,0.2433,0.0,0.633,0.2932,0.6,0.0,0.0,0.0,0.0,1.0,0.4532,False,False,False,False,无明确战法态,19.45,-3.95,21.79,False,131.5,电子信息,业绩预升/AI语料/快手概念,32.2
000682,,0.9742,1.0,0.8426,0.3395,0.0,0.7601,0.1666,0.6,0.2645,0.0,0.0,0.5,0.0,0.4059,False,False,False,False,无明确战法态,12.36,0.65,13.15,False,165.7,发电设备,三板精选/智能电网/黄河三角,28.3
000683,,0.0448,1.0,0.8127,0.0,0.0,0.3424,0.1446,0.3,0.0,0.0,0.0,0.0,0.0,0.5582,False,False,False,False,无明确战法态,6.02,-0.5,7.15,False,201.2,化工行业,化肥,39.0
000685,,0.0,1.0,0.8939,0.3581,0.6366,0.8088,0.2899,0.6,0.6275,0.0,0.0,1.0,1.0,0.3772,False,False,False,False,无明确战法态,11.35,0.35,11.34,True,141.5,供水供气,垃圾分类/固废处理/污水处理,26.9
000686,,0.0,1.0,0.8435,0.5253,1.0,0.5153,0.4633,0.6,0.8886,0.0,0.0,1.0,0.0,0.356,False,False,True,False,无明确战法态,8.61,1.06,8.25,True,201.5,金融行业,本月解禁/信托重仓/股期概念,39.0
000688,,0.0,1.0,0.6414,0.1641,0.0,0.6802,0.2814,0.3,0.1724,0.0,0.0,0.5,0.0,0.4189,False,False,False,False,无明确战法态,35.81,-1.73,38.82,False,424.4,,成渝特区/金属锌/钛白粉概念,
000690,,0.5027,1.0,0.8872,0.3232,0.0,0.9145,0.2861,0.9,0.0662,0.0,0.0,0.0,0.7,0.3485,False,False,False,False,无明确战法态,4.69,-0.85,5.12,False,102.0,电力行业,民营银行/业绩预升/参股金融,26.5
000691,,1.0,1.0,0.7544,1.0,1.0,0.0,0.0,0.0,1.0,0.0,0.0,0.5,1.0,0.4162,True,False,False,False,B1候B2,11.63,-0.34,10.12,True,37.6,房地产,海南自贸,29.9
000692,,0.0,1.0,0.7871,0.1973,0.0,0.8263,0.2337,0.6,0.1277,0.0,0.0,0.0,0.0,0.3761,False,False,False,False,无明确战法态,4.1,0.74,4.43,False,21.8,供水供气,,26.9
000695,,0.3015,1.0,0.6808,0.1478,0.0,0.8844,0.1519,0.3,0.0779,0.0,0.0,0.0,0.0,0.455,False,False,False,False,无明确战法态,12.66,1.04,13.74,False,28.1,供水供气,光伏概念/天津自贸/储能,26.9
000697,,0.9358,1.0,0.8002,0.5111,0.0,0.8487,0.1428,0.0,0.2579,0.0,1.0,0.0,0.7,0.4316,False,False,False,False,无明确战法态,10.05,0.4,10.78,False,65.6,有色金属,大飞机/低碳经济/稀缺资源,36.0
000698,,0.0,1.0,0.7366,0.0,0.0,0.1172,0.1968,0.3,0.3188,0.0,0.0,0.5,0.0,0.307,False,False,False,False,无明确战法态,3.35,1.82,3.42,False,26.3,化工行业,朝鲜改革/丙烯酸/POE胶膜,39.0
000700,,0.0,0.7788,0.1425,0.8746,1.0,0.0,0.2984,0.3,1.0,0.0,0.0,0.5,0.7,0.3599,False,False,False,False,B1候B2,17.6,4.33,14.61,True,161.6,汽车制造,民营医院/业绩预升,40.0
000701,,0.0,1.0,0.752,0.0,0.0,0.6928,0.1719,0.0,0.0,0.0,0.0,0.0,0.0,0.5354,False,False,False,False,无明确战法态,4.6,0.66,5.32,False,30.7,综合行业,海峡西岸/电子支付/绿色照明,28.4
000702,,0.0,1.0,0.7057,0.0,0.0,0.3861,0.1647,0.0,0.0,0.0,0.0,0.0,0.0,0.505,False,False,False,False,无明确战法态,5.3,1.73,5.88,False,14.1,农林牧渔,长株潭/业绩预升/金融参股,39.0
000703,,0.0715,0.936,0.5001,0.6055,1.0,0.1775,0.3933,0.6,1.0,0.0,0.0,0.5,0.0,0.3474,False,False,False,False,无明确战法态,14.56,-3.38,13.87,True,553.6,化纤行业,油气改革/业绩预降/信托重仓,37.1
000705,,0.0,1.0,0.7727,0.0,0.0,0.4725,0.2517,0.0,0.0,0.0,0.0,0.0,0.0,0.43,False,False,False,False,无明确战法态,6.28,1.95,7.14,False,17.7,商业百货,国企改革/金融参股/参股金融,30.2
000707,,0.0,1.0,0.819,0.0,0.0,0.5325,0.187,0.0,0.0,0.0,0.0,0.0,0.0,0.5277,False,False,False,False,无明确战法态,4.42,0.0,5.07,False,24.3,化工行业,化肥,39.0
000708,,0.1435,1.0,0.8187,0.0,0.0,0.6347,0.3202,0.3,0.0,0.0,0.0,0.0,0.0,0.3687,False,False,False,False,无明确战法态,13.12,1.94,14.22,False,662.1,钢铁行业,特钢概念,29.8
000709,,0.063,1.0,0.8653,0.0,0.0,0.5841,0.3371,0.3,0.0,0.0,0.0,0.0,0.0,0.4414,False,False,False,False,无明确战法态,1.99,0.51,2.17,False,205.7,钢铁行业,业绩预降/钒电池/特钢概念,29.8
000710,,0.0,1.0,0.7113,0.0,0.0,0.632,0.262,0.0,0.0,0.0,0.0,0.0,0.0,0.5884,False,False,False,False,无明确战法态,8.03,2.29,8.92,False,26.5,汽车制造,成渝特区/涉矿概念/基因概念,40.0
000711,,0.0,0.6683,0.7871,0.8395,0.0,0.35,0.2151,0.3,1.0,0.0,0.0,0.0,0.7,0.4497,False,False,False,False,B2确认,5.26,4.99,4.97,True,125.3,电子信息,涉矿概念/黑龙江自贸区/金属锌,32.2
000712,,0.0483,1.0,0.8378,0.0,0.0,0.864,0.2834,0.3,0.0,0.0,0.0,0.5,0.0,0.4633,False,False,False,False,无明确战法态,9.05,0.11,9.9,False,81.1,金融行业,金融参股/参股金融,39.0
000713,,0.0,1.0,0.8659,0.0,0.0,0.6897,0.3862,0.0,0.0,0.0,0.0,0.0,0.0,0.5178,False,False,False,False,无明确战法态,5.5,0.55,5.93,False,33.8,农林牧渔,皖江区域/生物育种/金融参股,39.0
000715,,0.0,1.0,0.8734,0.0,0.0,0.7772,0.242,0.0,0.0,0.0,0.0,0.0,0.0,0.4234,False,False,False,False,无明确战法态,4.78,0.84,5.2,False,23.2,商业百货,内贸规划,30.2
000716,,0.0,1.0,0.8126,0.0,0.0,0.8776,0.2612,0.0,0.0,0.0,0.0,0.0,1.0,0.476,False,False,False,False,无明确战法态,4.3,0.7,4.9,False,31.8,食品行业,业绩预升/粮食概念,35.0
000717,,0.0,1.0,0.646,0.0,0.0087,0.2607,0.2992,0.3,0.3234,0.0,0.0,0.5,0.0,0.3276,False,False,False,False,无明确战法态,2.2,-2.65,2.24,False,53.3,钢铁行业,准ST股/特钢概念,29.8
000718,,0.0,1.0,0.8084,0.0,0.0,0.7845,0.093,0.0,0.0,0.0,0.0,0.0,0.0,0.5366,False,False,False,False,无明确战法态,1.76,1.15,1.98,False,40.2,房地产,朝鲜改革/涉矿概念/业绩预升,29.9
000719,,0.0,1.0,0.7581,0.0,0.0,0.4759,0.1695,0.0,0.0,0.0,0.0,0.0,0.0,0.5636,False,False,False,False,无明确战法态,11.36,0.53,12.48,False,75.8,传媒娱乐,业绩预升/整体上市/NFT概念,29.0
000720,,0.8208,1.0,0.8153,0.0,0.0,0.974,0.2704,0.3,0.0,0.0,0.0,0.0,0.0,0.5217,False,False,False,False,无明确战法态,3.58,-0.83,4.39,False,45.0,电力行业,风能概念/金融参股,26.5
000721,,0.3315,1.0,0.8577,0.0,0.0,0.7088,0.1857,0.6,0.0,0.0,0.0,0.0,0.0,0.4925,False,False,False,False,无明确战法态,5.68,1.07,6.61,False,29.1,酒店旅游,陕甘宁,29.9
000722,,0.371,1.0,0.8692,0.1312,0.0,0.9466,0.2521,0.0,0.0,0.0,0.0,0.0,0.7,0.4622,False,False,False,False,B1候B2,11.85,1.11,13.7,False,55.0,电力行业,碳交易/长株潭/参股金融,26.5
000723,,0.2904,1.0,0.7862,0.0,0.0,0.6726,0.2827,0.0,0.0,0.0,0.0,0.0,0.0,0.5191,False,False,False,False,无明确战法态,3.37,-1.75,4.04,False,148.1,煤炭行业,整体上市/超级电容,26.5
000725,,0.0,0.1813,0.4286,1.0,1.0,0.2861,0.5782,0.0,1.0,0.0,0.0,1.0,0.7,0.2856,False,False,False,False,无明确战法态,8.38,-7.91,6.09,True,3045.5,电子器件,光伏概念/华为概念/小米概念,73.7
000726,,0.0,1.0,0.8594,0.0,0.0,0.6562,0.257,0.0,0.0,0.0,0.0,0.0,0.0,0.4761,False,False,False,False,无明确战法态,5.7,0.18,6.13,False,33.6,纺织行业,黄河三角/含B股/生物疫苗,36.5
000727,,0.8622,1.0,0.7665,0.4083,0.0,0.6426,0.2724,0.0,0.0,0.0,0.0,0.0,0.7,0.4858,False,False,False,False,无明确战法态,2.51,-2.33,2.75,False,113.7,电子器件,无线耳机/触摸屏/智能家居,73.7
000728,,0.1812,1.0,0.8151,0.4236,1.0,0.5244,0.4981,0.6,0.6226,0.0,0.0,1.0,0.0,0.3535,False,False,False,False,无明确战法态,7.53,-0.53,7.43,True,328.6,金融行业,皖江区域/信托重仓/股期概念,39.0
000729,,0.0,1.0,0.7705,0.0,0.0,0.6352,0.237,0.0,0.0032,0.0,0.0,0.5,0.0,0.4292,False,False,False,False,无明确战法态,10.73,-0.19,11.55,False,269.3,酿酒行业,保险重仓/信托重仓,27.4
000731,,0.1829,1.0,0.8606,0.0,0.0,0.6808,0.2237,0.0,0.0,0.0,0.0,0.0,0.0,0.5699,False,False,False,False,无明确战法态,5.28,0.38,6.06,False,29.0,农药化肥,民爆概念,33.4
000733,,0.4183,0.9077,0.5565,1.0,1.0,0.463,0.2822,0.3,0.8957,1.0,0.0,0.5,1.0,0.349,False,False,False,False,无明确战法态,55.09,-3.55,53.59,True,305.2,电子器件,国防军工/军民融合/军工航天,73.7
000735,,0.0,1.0,0.7638,0.0,0.0,0.3513,0.2311,0.6,0.0,0.0,0.0,0.5,0.0,0.5062,False,False,False,False,无明确战法态,5.04,-0.79,5.71,False,58.0,农林牧渔,海南自贸/金融改革/赛马概念,39.0
000736,,0.0,1.0,0.7607,0.0,0.0,0.5893,0.1246,0.0,0.0,0.0,0.0,0.0,0.0,0.5947,False,False,False,False,无明确战法态,3.96,1.54,4.61,False,29.6,房地产,成渝特区,29.9
000737,,0.5449,1.0,0.819,0.234,0.0,0.5797,0.3398,0.9,0.2623,0.0,0.0,0.0,1.0,0.3925,False,False,False,False,无明确战法态,13.55,2.19,14.28,False,258.1,化工行业,黄金概念/稀缺资源/参股金融,39.0
000738,,0.0,0.6302,0.6334,0.0,0.0,0.4106,0.2188,0.3,0.1292,0.0,0.0,0.0,0.0,0.5226,False,False,False,False,无明确战法态,18.75,5.22,19.91,False,246.6,飞机制造,大飞机/国防军工/军工航天,47.0
000739,,0.0,1.0,0.7482,0.2969,1.0,0.0698,0.5646,0.3,1.0,0.0,0.0,1.0,0.0,0.4157,False,False,False,False,无明确战法态,18.24,2.82,16.95,True,211.2,生物制药,黄河三角/抗癌/自贸区,47.0
000750,,0.0,1.0,0.8589,0.3068,0.7247,0.5815,0.4134,0.6,0.499,0.0,0.0,0.5,0.0,0.3693,False,False,False,False,无明确战法态,3.78,0.0,3.79,False,219.1,金融行业,,39.0
000751,,0.51,0.8732,0.339,0.5101,1.0,0.3019,0.3483,0.0,0.7727,0.0,0.0,1.0,0.0,0.3683,False,False,False,False,无明确战法态,5.63,-3.76,5.64,False,79.4,有色金属,金融参股/金属锌,36.0
000752,,0.2377,1.0,0.8423,0.0,0.0,0.7048,0.3104,0.0,0.0,0.0,0.0,0.0,0.0,0.3372,False,False,False,False,无明确战法态,7.95,-1.0,9.0,False,21.0,酿酒行业,业绩预升,27.4
000753,,0.0,0.9703,0.6893,0.0,0.0,0.2994,0.2198,0.0,0.0,0.0,0.0,0.0,0.0,0.5625,False,False,False,False,无明确战法态,4.57,-3.18,5.49,False,45.3,汽车制造,海峡西岸/参股金融,40.0
000755,,0.0,1.0,0.7436,0.0,0.0,0.7476,0.3641,0.0,0.1247,0.0,0.0,0.0,0.0,0.4356,False,False,False,False,无明确战法态,4.54,2.71,4.83,False,66.6,化工行业,低碳经济/金融参股/参股金融,39.0
000756,,0.0,1.0,0.7429,0.1498,1.0,0.0,0.5145,0.6,0.8709,0.0,0.0,1.0,0.0,0.3198,False,False,False,False,无明确战法态,14.49,-1.96,13.74,True,72.3,生物制药,黄河三角/含H股/业绩预降,47.0
000757,,0.0,1.0,0.7186,0.0,0.0,0.0,0.1069,0.3,0.0,0.0,0.0,0.5,0.0,0.3546,False,False,False,False,无明确战法态,3.84,1.32,4.12,False,20.5,汽车制造,业绩预升,40.0
000758,,0.944,1.0,0.7455,0.3232,0.0649,0.5783,0.3154,0.3,0.2004,0.0,0.0,0.5,1.0,0.4815,False,False,False,False,无明确战法态,6.53,-0.31,6.96,False,129.5,有色金属,稀缺资源/业绩预降/整体上市,36.0
000759,,0.0,0.2745,0.2745,0.6841,1.0,0.3079,0.4968,0.6,0.7925,0.0,0.0,1.0,1.0,0.3643,False,False,False,False,无明确战法态,6.3,-7.35,6.04,True,41.3,商业百货,武汉规划/内贸规划/QFII重仓,30.2
000761,,0.2767,1.0,0.7849,0.0,0.0,0.4404,0.1792,0.3,0.0,0.0,0.0,0.0,0.0,0.5021,False,False,False,False,无明确战法态,2.2,1.38,2.58,False,81.6,钢铁行业,朝鲜改革/含B股/整体上市,29.8
000762,,0.0359,1.0,0.7555,0.0234,0.0,0.7345,0.2499,0.0,0.0,0.0,0.0,0.0,0.0,0.4653,False,False,False,False,无明确战法态,26.96,-2.11,30.01,False,140.4,有色金属,盐湖提锂/稀缺资源/锂电池,36.0
000766,,0.9955,0.8432,0.2264,0.4446,0.0,0.0,0.3003,0.9,0.0,0.0,0.0,0.0,0.7,0.5094,False,False,False,False,B2确认,17.55,-3.94,23.17,False,169.5,生物制药,朝鲜改革/抗癌/参股金融,47.0
000767,,0.7491,1.0,0.685,0.4664,0.0,0.8613,0.1727,0.0,0.0,0.0,0.0,0.0,0.7,0.5474,False,False,False,False,无明确战法态,3.73,-2.1,4.38,False,108.6,电力行业,碳中和/碳交易/风能概念,26.5
000768,,0.0,0.9505,0.7474,0.0,0.0,0.5375,0.3308,0.6,0.0352,0.0,0.0,0.5,0.0,0.4043,False,False,False,False,无明确战法态,20.99,3.3,22.36,False,582.7,飞机制造,大飞机/国防军工/军工航天,47.0
000776,,0.0,1.0,0.7589,0.9346,1.0,0.5072,0.5594,1.0,1.0,0.0,0.0,1.0,1.0,0.2578,False,False,False,False,无明确战法态,23.72,-0.25,21.13,True,1400.5,金融行业,含H股/信托重仓/基金重仓,39.0
000777,,0.0,1.0,0.6815,0.0,0.5957,0.3459,0.1396,0.3,0.2403,0.0,0.0,1.0,0.0,0.358,False,False,False,False,无明确战法态,18.85,0.05,19.6,False,72.3,机械行业,氢能源/国防军工/军工航天,36.7
000778,,0.4352,1.0,0.893,0.0,0.0,0.6299,0.156,0.3,0.0,0.0,0.0,0.0,0.0,0.4257,False,False,False,False,无明确战法态,3.74,0.0,4.2,False,145.6,钢铁行业,水利建设/地下管网/钒电池,29.8
000779,,0.0,0.9253,0.6962,0.1375,0.8056,0.0,1.0,0.0,0.7742,0.0,0.0,1.0,0.0,0.3846,False,False,False,False,无明确战法态,8.4,3.45,8.06,True,39.0,纺织行业,陕甘宁/抽水蓄能/建筑节能,36.5
000782,,0.0,1.0,0.6781,1.0,1.0,0.6565,0.4241,0.0,1.0,0.0,0.0,1.0,0.7,0.3278,False,False,False,False,无明确战法态,7.82,-0.64,7.35,True,41.3,化纤行业,业绩预降/参股金融,37.1
000783,,0.0,1.0,0.7148,1.0,1.0,0.4064,0.3016,0.6,1.0,0.0,0.0,1.0,0.7,0.2575,False,False,False,False,无明确战法态,9.98,-0.7,8.47,True,551.9,金融行业,信托重仓/券商重仓/股期概念,39.0
000785,,0.0,1.0,0.7712,0.0,0.0,0.6757,0.3299,0.3,0.0,0.0,0.0,0.0,0.0,0.4023,False,False,False,False,无明确战法态,2.05,0.49,2.36,False,119.0,商业百货,武汉规划/参股金融/AI语料,30.2
000786,,0.2551,1.0,0.7991,0.0,0.0,0.2401,0.1585,0.3,0.0,0.0,0.0,0.0,0.0,0.4107,False,False,False,False,无明确战法态,18.1,-0.82,21.89,False,305.8,建筑建材,雄安新区/低碳经济/建筑节能,28.0
000788,,0.0,1.0,0.7816,0.0,0.0,0.6647,0.306,0.3,0.139,0.0,0.0,0.0,0.0,0.3793,False,False,False,False,无明确战法态,5.25,1.16,5.51,False,31.3,生物制药,成渝特区/抗癌/维生素,47.0
000789,,0.0,1.0,0.8282,0.0,0.0,0.5731,0.1866,0.3,0.0,0.0,0.0,0.0,0.0,0.4621,False,False,False,False,无明确战法态,3.94,1.55,4.47,False,31.4,水泥行业,业绩预升/整体上市/QFII重仓,35.7
000790,,0.0,1.0,0.7491,0.0626,0.0,0.4975,0.2496,0.0,0.4929,0.0,0.0,0.5,0.0,0.4341,False,False,False,False,无明确战法态,3.83,2.96,3.85,False,23.8,生物制药,成渝特区/抗癌/业绩预升,47.0
000791,,0.0,1.0,0.8039,0.3394,0.0,0.959,0.248,0.3,0.1628,0.0,0.0,0.0,0.7,0.3032,False,False,False,False,无明确战法态,7.75,-0.9,8.39,False,150.0,电力行业,光伏/陕甘宁/金融参股,26.5
000792,,0.0,1.0,0.6046,0.0,0.0,0.2746,0.2269,0.0,0.0468,0.0,0.0,0.0,0.0,0.4275,False,False,False,False,无明确战法态,29.41,-2.55,32.14,False,1556.3,农药化肥,盐湖提锂/稀缺资源/保险重仓,33.4
000793,,0.0,1.0,0.7406,0.2128,0.0952,0.5442,0.2136,0.0,0.5457,0.0,0.0,0.0,0.0,0.4969,False,False,False,False,无明确战法态,2.64,2.72,2.64,True,51.8,传媒娱乐,海南自贸/业绩预升/信托重仓,29.0
000795,,0.0,1.0,0.7045,0.3942,0.7339,0.1243,0.5649,0.9,0.7851,0.0,0.0,0.0,1.0,0.4248,False,False,False,False,无明确战法态,9.73,0.31,9.36,True,110.3,其它行业,专精特新,37.8
000796,,0.0,1.0,0.811,0.0,0.0,0.6302,0.3039,0.0,0.0,0.0,0.0,0.0,0.0,0.4549,False,False,False,False,无明确战法态,3.91,0.77,4.59,False,52.0,食品行业,陕甘宁/参股金融/海南自贸区,35.0
000797,,0.0,1.0,0.7333,0.0,0.0,0.487,0.2294,0.0,0.0,0.0,0.0,0.0,0.0,0.5059,False,False,False,False,无明确战法态,2.28,1.33,2.53,False,35.8,房地产,海峡西岸/京津冀/土地流转,29.9
000798,,0.0,1.0,0.8365,0.0,0.0,0.5498,0.1021,0.0,0.0,0.0,0.0,0.0,0.0,0.4349,False,False,False,False,无明确战法态,7.52,2.45,8.41,False,27.5,农林牧渔,水产品/整体上市/参股金融,39.0
000799,,0.3752,1.0,0.6786,0.1956,0.6359,0.573,0.3423,0.9,0.0674,0.0,0.0,1.0,0.0,0.355,False,False,False,False,无明确战法态,40.48,-2.41,42.83,False,131.5,酿酒行业,白酒概念/长株潭/业绩预降,27.4
000800,,0.0,1.0,0.8579,0.1467,0.2394,0.5898,0.4342,0.6,0.3831,0.0,0.0,0.0,0.0,0.3812,False,False,False,False,无明确战法态,6.19,1.48,6.29,False,304.6,汽车制造,朝鲜改革/氢能源/整体上市,40.0
000801,,0.0,0.6094,0.5623,0.0,0.104,0.0,0.1977,0.0,0.1867,0.0,0.0,0.5,0.0,0.4001,False,False,False,False,无明确战法态,12.4,-5.34,12.84,False,126.0,电子信息,大飞机/专精特新/国防军工,32.2
000802,,0.004,1.0,0.6895,0.0,0.0,0.8278,0.1831,0.0,0.0,0.0,0.0,0.0,0.7,0.5974,False,False,False,False,无明确战法态,3.61,-1.1,4.26,False,25.8,酒店旅游,,29.9
000803,,0.0,1.0,0.7797,0.0,0.0,0.7643,0.1399,0.9,0.0,0.0,0.0,0.0,0.0,0.486,False,False,False,False,无明确战法态,6.94,-0.29,7.71,False,31.9,纺织行业,成渝特区/固废处理,36.5
000807,,0.5618,1.0,0.7336,0.0,0.0,0.3725,0.1904,0.0,0.0,0.0,1.0,0.0,0.0,0.5026,False,False,False,False,无明确战法态,22.42,2.99,27.59,False,777.5,有色金属,俄乌冲突概念,36.0
000809,,0.6661,1.0,0.7665,0.1943,0.0,0.8681,0.2115,0.6,0.0,0.0,1.0,0.0,0.7,0.4112,False,False,False,False,B1候B2,3.22,2.55,3.65,False,26.6,房地产,业绩预升,29.9
000810,,0.0,1.0,0.5937,0.6101,1.0,0.203,0.4204,0.0,1.0,0.0,0.0,1.0,0.0,0.328,False,False,False,False,无明确战法态,12.91,-2.86,12.06,True,143.4,电子器件,鸿蒙概念/百度概念/小米概念,73.7
000811,,0.0,0.9236,0.307,1.0,1.0,0.4472,0.3075,0.3,1.0,0.0,0.0,1.0,0.7,0.2779,False,False,False,False,无明确战法态,52.65,3.46,36.02,True,515.1,机械行业,碳中和/氢能源/黄河三角,36.7
000812,,0.0,1.0,0.8113,0.0,0.0,0.5711,0.1385,0.0,0.0,0.0,0.0,0.0,0.0,0.485,False,False,False,False,无明确战法态,3.25,2.2,3.63,False,24.6,印刷包装,陕甘宁/参股金融/信托概念,27.7
000813,,0.0,1.0,0.7037,0.0,0.0,0.6782,0.2426,0.3,0.2662,0.0,0.0,1.0,0.0,0.367,False,False,False,False,无明确战法态,3.19,1.27,3.28,False,66.9,纺织行业,涉矿概念/生物疫苗/节能环保,36.5
000815,,1.0,1.0,0.7238,0.0,0.0,0.8194,0.2354,0.0,0.0,0.0,0.0,0.0,0.0,0.605,False,False,False,False,无明确战法态,13.86,-2.67,16.75,False,96.4,造纸行业,陕甘宁/东数西算(算力)/数据中心(AIDC),31.9
000816,,0.0,1.0,0.8064,0.0,0.0,0.5542,0.3461,0.6,0.0,0.0,0.0,0.0,0.0,0.5631,False,False,False,False,无明确战法态,2.47,2.49,2.75,False,35.6,机械行业,涉矿概念/沿海发展/金属锌,36.7
000818,,0.0,1.0,0.6449,0.0,0.36,0.4105,0.2308,0.3,0.1071,0.0,0.0,1.0,0.0,0.2315,False,False,False,False,无明确战法态,14.58,-2.93,15.14,False,96.0,化工行业,国防军工/振兴沈阳/参股金融,39.0
000819,,0.092,1.0,0.7713,0.0,0.0,0.868,0.1372,0.3,0.0,0.0,0.0,0.0,0.0,0.5522,False,False,False,False,无明确战法态,11.92,2.23,14.02,False,43.6,石油行业,长株潭/抗癌/POE胶膜,26.5
000820,,0.0,0.8333,0.5778,0.0,0.0,0.3444,0.1929,0.3,0.3083,0.0,0.0,0.5,0.0,0.4217,False,False,False,False,无明确战法态,3.12,4.0,3.25,False,9.3,造纸行业,业绩预降/振兴沈阳/金属铜,31.9
000821,,0.0,0.733,0.5605,0.0,0.0,0.3412,0.2903,0.3,0.0,0.0,0.0,0.0,0.0,0.5758,False,False,False,False,无明确战法态,8.41,4.6,9.51,False,50.9,机械行业,光伏/HIT电池/金融参股,36.7
000822,,0.0691,1.0,0.7602,0.0,0.0,0.5889,0.1987,0.0,0.0,0.0,0.0,0.0,0.0,0.5015,False,False,False,False,无明确战法态,4.12,-1.2,4.89,False,36.9,化工行业,黄河三角/基因概念/油气改革,39.0
000823,,0.7117,0.6382,0.6125,1.0,1.0,0.4544,0.4083,0.3,1.0,1.0,0.0,1.0,0.7,0.384,False,False,False,False,无明确战法态,22.19,-5.17,19.6,True,119.2,电子器件,触摸屏/卫星导航/汽车电子,73.7
000825,,0.3792,1.0,0.8463,0.0,0.0,0.6188,0.1572,0.3,0.0,0.0,0.0,0.0,0.0,0.5391,False,False,False,False,无明确战法态,3.46,-0.29,3.97,False,197.1,钢铁行业,核电核能/整体上市/特钢概念,29.8
000826,,0.0,0.6364,0.5509,0.1186,0.0,0.5569,0.1187,0.0,0.0,0.0,0.0,0.0,1.0,0.5278,False,False,False,False,无明确战法态,1.83,-5.18,2.09,False,26.1,环保行业,垃圾分类/低碳经济/固废处理,29.2
000828,,0.0,1.0,0.9107,0.2323,0.0756,0.6985,0.1831,0.3,0.3089,0.0,0.0,0.0,0.0,0.3362,False,False,False,False,无明确战法态,9.68,-0.31,9.97,False,100.6,公路桥梁,金融改革/参股金融/动力电池回收,32.0
000829,,0.0,1.0,0.7704,0.0,0.0,0.7226,0.2333,0.3,0.0,0.0,0.0,0.0,0.0,0.5403,False,False,False,False,无明确战法态,7.58,0.4,9.03,False,77.6,商业百货,网络游戏/信托重仓/AI手机,30.2
000830,,0.0,1.0,0.7005,0.0,0.0,0.5641,0.2702,0.3,0.0,0.0,0.0,0.5,0.0,0.4699,False,False,False,False,无明确战法态,12.79,-0.93,14.04,False,243.5,农药化肥,券商重仓/氟化工概念/化肥,33.4
000831,,0.7791,1.0,0.5464,0.759,0.719,0.4286,0.4552,0.6,0.5658,0.0,1.0,0.5,0.7,0.42,True,False,False,False,B1候B2,54.45,2.35,55.15,False,577.8,有色金属,稀缺资源/业绩预降,36.0
000833,,0.0,0.8852,0.6175,0.4172,0.2232,0.6862,0.2725,0.6,0.4738,0.0,0.0,0.5,0.0,0.4144,False,False,False,False,无明确战法态,23.5,-3.69,24.2,False,106.6,造纸行业,低碳经济/土地流转,31.9
000837,,0.0,0.7869,0.5246,0.4257,0.2991,0.0684,0.4755,0.6,0.8962,0.0,0.0,0.5,0.7,0.4226,False,False,False,False,B2确认,12.43,4.28,11.77,True,125.2,机械行业,智能机器/陕甘宁/整体上市,36.7
000838,,0.0,0.711,0.6844,0.0,0.0,0.7635,0.4647,0.6,0.051,0.0,0.0,0.5,0.0,0.3446,False,False,False,False,无明确战法态,1.77,4.73,1.82,False,18.7,房地产,,29.9
000839,,0.5054,1.0,0.8456,0.0,0.0,0.9033,0.2,0.3,0.0,0.0,0.0,0.0,0.0,0.3804,False,False,False,False,无明确战法态,2.58,-0.39,2.89,False,101.1,综合行业,低碳经济/锂电池/分拆上市,28.4
000848,,0.0,1.0,0.7783,0.2937,0.1675,0.4301,0.2254,0.0,0.6944,0.0,0.0,0.5,0.0,0.4506,False,False,False,False,无明确战法态,7.99,2.17,7.83,True,80.8,食品行业,京津冀/社保重仓/网红经济,35.0
000850,,0.0,0.4474,0.4737,0.0,0.0,0.0,0.2372,0.3,0.2379,0.0,0.0,0.5,0.0,0.4339,False,False,False,False,无明确战法态,4.04,6.32,4.17,False,38.1,纺织行业,皖江区域/涉矿概念/金融参股,36.5
000852,,0.2682,1.0,0.8403,0.0,0.0,0.5694,0.1081,0.0,0.0,0.0,0.0,0.0,0.0,0.5548,False,False,False,False,无明确战法态,5.1,1.8,6.04,False,48.2,机械行业,武汉规划/页岩气,36.7
000856,,0.0,0.8927,0.7031,0.0,0.0,0.6199,0.1055,0.0,0.0,0.0,0.0,0.0,0.0,0.6028,False,False,False,False,无明确战法态,7.68,3.64,8.83,False,17.4,机械行业,京津冀/水泥概念,36.7
000858,,0.2241,1.0,0.8086,0.0,0.0,0.4924,0.2391,0.3,0.0,0.0,0.0,0.0,0.0,0.4795,False,False,False,False,无明确战法态,73.21,-0.39,83.99,False,2841.7,酿酒行业,白酒概念/成渝特区/社保重仓,27.4
000859,,0.6575,0.7951,0.5905,0.6955,0.0092,0.7883,0.4075,0.3,0.0,0.0,0.0,0.0,1.0,0.5499,False,False,False,False,无明确战法态,9.51,-4.23,10.56,False,85.2,塑料制品,雄安新区/皖江区域/生物燃料,33.5
000860,,0.0,1.0,0.8225,0.0,0.0,0.5116,0.3651,0.9,0.0,0.0,0.0,0.5,0.0,0.3667,False,False,False,False,无明确战法态,10.17,0.3,11.21,False,75.4,酿酒行业,白酒概念/猪肉/生物育种,27.4
000862,,0.0,1.0,0.793,0.0,0.0,0.9116,0.2242,0.0,0.0,0.0,0.0,0.0,0.0,0.6075,False,False,False,False,无明确战法态,4.91,1.66,5.99,False,3083.3,电力行业,光伏/低碳经济/风能概念,26.5
000863,,0.0,0.6538,0.4849,0.0,0.0,0.5397,0.1434,0.0,0.0,0.0,0.0,0.5,1.0,0.4565,False,False,False,False,无明确战法态,4.3,-5.08,4.79,False,50.0,房地产,,29.9
000868,,0.0,1.0,0.823,0.0,0.0,0.3961,0.1571,0.3,0.0,0.0,0.0,0.0,0.0,0.4921,False,False,False,False,无明确战法态,3.45,1.77,3.89,False,25.3,汽车制造,皖江区域,40.0
000869,,0.0,1.0,0.8413,0.0,0.0,0.5408,0.193,0.0,0.0,0.0,0.0,0.0,0.0,0.4886,False,False,False,False,无明确战法态,16.29,2.07,17.75,False,74.1,酿酒行业,黄河三角/含B股/外资背景,27.4
000875,,0.5631,1.0,0.8304,0.0,0.0,0.703,0.1667,0.3,0.0,0.0,0.0,0.0,0.0,0.5485,False,False,False,False,无明确战法态,5.15,0.78,6.11,False,172.1,电力行业,光伏/朝鲜改革/风能概念,26.5
000876,,0.0,1.0,0.689,0.0,0.0,0.0,0.1401,0.3,0.0,0.0,0.0,0.5,0.0,0.3382,False,False,False,False,无明确战法态,6.78,-1.17,7.31,False,305.1,农林牧渔,成渝特区/金融参股/社保重仓,39.0
000877,,0.0474,0.9977,0.7991,0.0,0.0,0.2274,0.1159,0.0,0.0,0.0,0.0,0.0,0.0,0.4032,False,False,False,False,无明确战法态,3.76,3.01,4.26,False,267.3,水泥行业,水泥概念/新疆振兴,35.7
000878,,0.8266,1.0,0.8063,0.0,0.0,0.6048,0.3248,0.9,0.0,0.0,0.0,0.0,0.0,0.3747,False,False,False,False,无明确战法态,16.17,2.15,18.27,False,32398.5,有色金属,黄金概念/稀缺资源/整体上市,36.0
000880,,0.2328,1.0,0.7844,0.0,0.0,0.847,0.1003,0.0,0.0,0.0,0.0,0.0,0.0,0.5326,False,False,False,False,无明确战法态,23.17,2.66,27.2,False,52.6,机械行业,黄河三角,36.7
000881,,0.0,1.0,0.8955,0.0,0.0,0.8707,0.1841,0.3,0.0,0.0,0.0,0.0,0.0,0.482,False,False,False,False,无明确战法态,6.43,0.78,7.24,False,58.1,综合行业,大飞机/核电核能/自贸区,28.4
000882,,0.4575,1.0,0.4987,0.0,0.0,0.0812,0.1627,0.3,0.0,0.0,0.0,0.0,0.0,0.341,False,False,False,False,无明确战法态,1.35,1.5,1.49,False,36.9,商业百货,保险重仓/信托重仓/券商重仓,30.2
000883,,0.0,1.0,0.8658,0.2489,0.0,0.8786,0.4391,0.0,0.218,0.0,0.0,0.0,0.7,0.4452,False,False,False,False,B1候B2,4.52,1.12,4.78,False,292.9,电力行业,光伏/武汉规划/核电核能,26.5
000885,,0.1849,1.0,0.8752,0.1478,0.0,0.6966,0.2563,0.3,0.1692,0.0,0.0,0.0,0.0,0.3934,False,False,False,False,无明确战法态,12.4,0.9,13.04,False,79.6,水泥行业,碳交易/垃圾分类/固废处理,35.7
000886,,0.0,1.0,0.7932,0.0,0.0,0.4796,0.2334,0.0,0.0,0.0,0.0,0.0,0.0,0.4662,False,False,False,False,无明确战法态,4.2,0.24,4.8,False,41.1,公路桥梁,海南自贸/海南自贸区/化债概念(AMC概念),32.0
000887,,0.0,0.3296,0.3408,0.3453,0.0,0.2312,0.2093,0.6,0.2976,0.0,0.0,0.0,1.0,0.3698,False,False,False,False,B2确认,19.05,7.02,19.69,False,250.4,化工行业,皖江区域/保险重仓,39.0
000888,,0.0,1.0,0.8617,0.0,0.0,0.6095,0.2586,0.0,0.0,0.0,0.0,0.0,0.0,0.5395,False,False,False,False,无明确战法态,9.32,1.75,10.45,False,49.1,酒店旅游,成渝特区/社保重仓/冰雪产业,29.9
000889,,1.0,1.0,0.8384,0.0,0.0,0.9341,0.1274,0.3,0.0,0.0,0.0,0.0,0.0,0.6627,False,False,False,False,无明确战法态,3.28,-0.61,3.88,False,28.5,商业百货,,30.2
000890,,0.0,0.0,0.4235,0.0,0.0,0.6498,0.1642,0.0,0.0,0.0,0.0,0.0,0.0,0.7373,False,False,False,False,无明确战法态,8.12,-9.98,10.06,False,34.1,钢铁行业,宽带提速/参股金融,29.8
000892,,0.0,0.0,0.4561,0.0,0.0,0.0349,0.2098,0.3,0.0,0.0,0.0,0.0,0.0,0.4406,False,False,False,False,无明确战法态,3.42,-10.0,4.4,False,24.3,电子信息,成渝特区/业绩预降,32.2
000893,,0.0,0.256,0.4561,0.0,0.0,0.0604,0.1965,0.6,0.1505,0.0,0.0,0.0,0.0,0.4046,False,False,False,False,无明确战法态,44.92,7.46,47.59,False,364.7,食品行业,准ST股/业绩预升/供销社,35.0
000895,,0.0,1.0,0.8368,0.0,0.0,0.5195,0.2088,0.0,0.1663,0.0,0.0,0.5,0.0,0.4117,False,False,False,False,无明确战法态,23.3,0.09,24.54,False,807.1,食品行业,业绩预升/外资背景/社保重仓,35.0
000897,,0.0,1.0,0.8413,0.0,0.0,0.4975,0.2456,0.0,0.0,0.0,0.0,0.0,0.0,0.4859,False,False,False,False,无明确战法态,1.7,1.19,1.9,False,27.5,房地产,京津冀/天津自贸/准ST股,29.9
000898,,0.0214,1.0,0.8589,0.0,0.0,0.6367,0.2606,0.0,0.0,0.0,0.0,0.0,0.0,0.3987,False,False,False,False,无明确战法态,1.89,0.0,2.09,False,150.4,钢铁行业,朝鲜改革/含H股/准ST股,29.8
000899,,0.1951,1.0,0.859,0.0,0.0,0.9544,0.4375,0.3,0.0,0.0,0.0,0.0,1.0,0.4435,False,False,False,False,无明确战法态,9.96,0.3,12.01,False,97.2,电力行业,光伏/核电核能/业绩预升,26.5
000900,,0.0,1.0,0.9079,0.149,0.0,0.7132,0.297,0.0,0.3131,0.0,0.0,0.0,0.0,0.3646,False,False,False,False,无明确战法态,3.64,0.55,3.75,False,55.2,公路桥梁,垃圾分类/长株潭/金融改革,32.0
000901,,0.0,0.5361,0.5643,0.0,0.0,0.0799,0.2411,0.6,0.0,0.0,0.0,0.0,0.0,0.5055,False,False,False,False,无明确战法态,18.29,5.78,19.96,False,146.0,飞机制造,大飞机/国防军工/军工航天,47.0
000902,,0.0,1.0,0.8456,0.0,0.0,0.5154,0.2177,0.3,0.0,0.0,0.0,0.0,0.0,0.4976,False,False,False,False,无明确战法态,12.26,1.41,13.41,False,140.1,农药化肥,参股金融/氟化工概念/化肥,33.4
000903,,0.0,1.0,0.7906,0.0,0.0,0.7867,0.3852,0.0,0.0,0.0,0.0,0.0,0.0,0.5673,False,False,False,False,无明确战法态,1.95,2.09,2.06,False,37.4,机械行业,业绩预升/节能环保,36.7
000905,,0.0,1.0,0.8599,0.0,0.0,0.5568,0.0582,0.0,0.0,0.0,0.0,0.0,0.0,0.5532,False,False,False,False,无明确战法态,8.09,0.0,9.45,False,60.0,交通运输,海峡西岸/海上丝路,32.0
000906,,0.0,1.0,0.6764,0.0,0.0,0.4151,0.2155,0.3,0.0195,0.0,0.0,0.0,0.0,0.4822,False,False,False,False,无明确战法态,5.3,2.91,5.72,False,37.2,商业百货,长株潭/ERP概念/煤炭概念,30.2
000908,,0.0,0.0,0.4773,0.0107,0.0,0.0,0.2165,0.3,1.0,0.0,0.0,0.5,0.0,0.4137,False,False,False,False,无明确战法态,6.88,10.08,6.33,True,60.5,生物制药,仿制药/长株潭/涉矿概念,47.0
000909,,0.0,0.6566,0.8715,0.0,0.0,0.9271,0.1683,0.3,0.0687,0.0,0.0,0.5,0.0,0.4694,False,False,False,False,无明确战法态,4.36,5.06,4.55,False,19.1,综合行业,,28.4
000910,,0.0,1.0,0.8349,0.0,0.0,0.8951,0.2631,0.0,0.0,0.0,0.0,0.0,0.0,0.469,False,False,False,False,无明确战法态,5.37,2.29,6.09,False,29.4,家具行业,,39.0
000911,,0.0,1.0,0.6205,0.0,0.0,0.6808,0.1857,0.3,0.0,0.0,0.0,0.5,0.0,0.5305,False,False,False,False,无明确战法态,4.13,2.23,5.09,False,1653.3,食品行业,海上丝路/土地流转,35.0
000912,,0.0,1.0,0.824,0.0,0.0,0.7888,0.1817,0.0,0.0,0.0,0.0,0.0,0.0,0.5685,False,False,False,False,无明确战法态,3.4,-0.29,3.92,False,53.3,农药化肥,成渝特区/业绩预降/整体上市,33.4
000913,,0.0,1.0,0.8854,0.0,0.0,0.7644,0.2803,0.3,0.0,0.0,0.0,0.0,0.0,0.5179,False,False,False,False,无明确战法态,10.59,1.15,12.17,False,55.1,摩托车,锂电池/智能机器/冰雪产业,38.1
000915,,0.4574,1.0,0.8548,0.1632,0.0,0.5028,0.3533,0.0,0.0,0.0,0.0,0.0,0.0,0.4895,False,False,False,False,无明确战法态,25.36,0.4,28.22,False,59.4,生物制药,高校背景/节能环保/分拆上市,47.0
000917,,0.7053,1.0,0.8714,0.0,0.0,0.7506,0.221,0.3,0.0,0.0,0.0,0.5,0.0,0.463,False,False,False,False,无明确战法态,6.72,-0.3,8.0,False,95.3,传媒娱乐,长株潭/金融参股/分拆上市,29.0
000919,,0.0,1.0,0.8358,0.0,0.0,0.6341,0.2705,0.0,0.0835,0.0,0.0,0.5,0.0,0.4227,False,False,False,False,无明确战法态,6.18,1.48,6.55,False,3842.5,生物制药,抗癌/民营医院/社保重仓,47.0
000920,,0.4972,0.0,0.3634,1.0,1.0,0.0856,0.4017,0.6,0.6746,1.0,0.0,1.0,1.0,0.5469,False,False,False,False,B2确认,13.4,-9.89,13.38,True,63.3,交通运输,盐湖提锂/污水处理/金融参股,32.0
000921,,0.0945,1.0,0.6621,0.9976,1.0,0.5524,0.2714,0.9,0.7354,1.0,0.0,0.0,0.7,0.371,False,False,False,False,B2确认,26.33,0.34,25.81,True,241.7,家电行业,含H股/业绩预升/空气能热泵,35.7
000922,,1.0,1.0,0.7194,0.355,0.5819,0.5801,0.1808,0.6,0.3367,0.0,0.0,0.5,0.0,0.4097,False,False,False,False,无明确战法态,13.31,-1.7,13.93,False,93.8,电器行业,核电核能/黑龙江自贸区,33.2
000923,,0.0986,1.0,0.8154,0.0,0.0,0.492,0.1953,0.3,0.0,0.0,0.0,0.0,0.0,0.6014,False,False,False,False,无明确战法态,12.89,1.98,15.6,False,80.9,机械行业,京津冀,36.7
000925,,0.0,0.7654,0.4385,0.7789,1.0,0.3133,0.3412,0.6,1.0,0.0,0.0,1.0,0.7,0.3201,False,False,False,False,无明确战法态,9.76,-4.41,8.69,True,65.7,机械行业,业绩预降/数据确权/数字水印,36.7
000926,,0.0,1.0,0.7712,0.2073,0.0,0.8472,0.3058,0.9,0.1648,0.0,0.0,0.0,1.0,0.3745,False,False,False,False,B2确认,2.01,-1.47,2.11,False,3162.2,房地产,光伏,29.9
000927,,0.0,1.0,0.8856,0.0,0.0,0.6986,0.2241,0.0,0.0,0.0,0.0,0.0,0.0,0.4488,False,False,False,False,无明确战法态,2.36,1.29,2.6,False,14278.8,汽车制造,业绩预降/社保重仓/参股金融,40.0
000928,,0.6205,1.0,0.8533,0.0,0.0,0.6967,0.1781,0.0,0.0,0.0,0.0,0.0,0.0,0.5205,False,False,False,False,无明确战法态,5.04,0.8,5.91,False,72.3,建筑建材,碳中和/朝鲜改革/金融参股,28.0
000929,,0.6843,1.0,0.6997,0.1148,0.0,0.5701,0.1415,0.3,0.065,0.0,0.0,0.0,0.0,0.4183,False,False,False,False,无明确战法态,9.05,1.91,9.86,False,16.8,酿酒行业,陕甘宁/参股金融,27.4
000930,,0.0,1.0,0.8206,0.0,0.0,0.5334,0.2102,0.0,0.0,0.0,0.0,0.0,0.0,0.4642,False,False,False,False,无明确战法态,4.46,0.0,5.22,False,82.8,食品行业,白酒概念/生物燃料/整体上市,35.0
000931,,0.1184,1.0,0.8258,0.0,0.1925,0.5095,0.2811,0.6,0.1729,0.0,0.0,0.5,0.0,0.3741,False,False,False,False,无明确战法态,4.26,1.19,4.44,False,3199.4,房地产,分拆上市/仿制药一致性评价,29.9
000932,,0.0,1.0,0.7579,0.0,0.0,0.4647,0.2636,0.3,0.0,0.0,0.0,0.0,0.0,0.4886,False,False,False,False,无明确战法态,3.54,-1.12,4.17,False,242.6,钢铁行业,低碳经济/长株潭/外资背景,29.8
000933,,0.2858,0.7993,0.7512,0.0,0.0,0.2853,0.1776,0.3,0.0,0.0,1.0,0.0,0.0,0.522,False,False,False,False,无明确战法态,22.06,4.2,26.89,False,495.8,煤炭行业,稀缺资源/业绩预降/参股金融,26.5
000935,,0.0,1.0,0.6519,0.1199,0.0,0.5453,0.1996,0.0,0.484,0.0,0.0,0.5,0.0,0.4003,False,False,False,False,无明确战法态,26.35,0.42,27.15,False,201.2,水泥行业,成渝特区/外资背景/参股金融,35.7
000936,,0.2552,1.0,0.8624,0.0,0.0,0.6915,0.1642,0.0,0.0,0.0,0.0,0.0,0.0,0.5651,False,False,False,False,无明确战法态,5.36,0.56,6.44,False,47.5,化纤行业,业绩预降/金融参股/参股金融,37.1
000937,,0.0,1.0,0.7602,0.0,0.0,0.7415,0.3114,0.3,0.0,0.0,0.0,0.0,0.0,0.5657,False,False,False,False,无明确战法态,4.27,2.4,5.02,False,146.6,煤炭行业,稀缺资源/煤化工概念/煤炭概念,26.5
000938,,0.0,0.7824,0.6854,0.3799,0.8073,0.262,0.3098,0.0,1.0,0.0,0.0,1.0,0.0,0.4115,False,False,False,False,无明确战法态,30.28,4.31,27.94,True,866.0,电子信息,智能机器/高校背景/分拆上市,32.2
000948,,0.3503,1.0,0.8492,0.0,0.0,0.7837,0.2576,0.0,0.0,0.0,0.0,0.0,0.0,0.4751,False,False,False,False,无明确战法态,12.04,0.84,13.55,False,46.9,电子信息,电子支付/参股金融/ETC,32.2
000949,,0.4231,0.466,0.2516,0.1582,0.0,0.3569,0.3736,0.3,0.0766,0.0,0.0,0.5,0.0,0.4571,False,False,False,False,无明确战法态,6.35,-6.2,6.97,False,105.2,化纤行业,,37.1
000950,,0.0,1.0,0.7937,0.0,0.0,0.5892,0.159,0.0,0.2645,0.0,0.0,0.5,0.0,0.2489,False,False,False,False,无明确战法态,5.32,2.9,5.54,False,91.9,农药化肥,成渝特区/业绩预降/冷链物流,33.4
000951,,0.0,1.0,0.7131,0.2713,0.0,0.0,0.3994,0.6,0.8497,0.0,0.0,0.5,0.0,0.4146,False,False,False,False,无明确战法态,22.35,2.34,21.6,True,261.3,汽车制造,业绩预升/整体上市/减速器,40.0
000952,,0.0,1.0,0.7183,0.0,0.0,0.4229,0.1301,0.0,0.0,0.0,0.0,0.0,1.0,0.4644,False,False,False,False,无明确战法态,5.76,1.41,6.47,False,19.8,生物制药,维生素,47.0
000953,,0.0,1.0,0.8272,0.0,0.0,0.6583,0.2131,0.0,0.0,0.0,0.0,0.0,0.0,0.5405,False,False,False,False,无明确战法态,5.44,0.74,6.13,False,19.9,农药化肥,金融参股/化肥,33.4
000955,,0.377,0.0,0.389,0.1739,0.8097,0.0,0.2414,0.6,0.1208,0.0,0.0,0.5,0.0,0.4402,False,False,False,False,无明确战法态,4.44,-9.57,4.68,False,23.9,纺织行业,国防军工/海南自贸/军民融合,36.5
000957,,0.0,1.0,0.7639,0.0,0.0,0.6484,0.2389,0.0,0.0622,0.0,0.0,0.0,0.0,0.5807,False,False,False,False,无明确战法态,9.86,2.71,10.52,False,58.5,汽车制造,业绩预升/信托重仓,40.0
000958,,0.3201,1.0,0.9168,0.1976,0.0,0.9192,0.4179,0.3,0.0805,0.0,0.0,0.0,0.0,0.2927,False,False,False,False,无明确战法态,5.64,0.53,6.02,False,303.6,电力行业,光伏/信托概念,26.5
000959,,0.0,1.0,0.6895,0.0,0.0,0.527,0.2671,0.6,0.0,0.0,0.0,1.0,0.0,0.2614,False,False,False,False,无明确战法态,3.56,-2.47,3.83,False,265.3,钢铁行业,特钢概念,29.8
000960,,0.9813,1.0,0.7072,0.965,1.0,0.6268,0.2614,0.0,0.9862,1.0,0.0,0.5,0.7,0.3818,True,False,False,False,B1候B2,40.48,-1.77,40.07,True,66607.1,有色金属,稀缺资源/保险重仓/信托重仓,36.0
000962,,0.3771,0.028,0.3935,1.0,1.0,0.3594,0.4502,0.3,1.0,0.0,0.0,1.0,0.7,0.3351,False,False,False,False,无明确战法态,75.56,-8.83,63.44,True,379.1,有色金属,稀缺资源/锂电池/超导概念,36.0
000963,,0.0,1.0,0.7604,0.0,0.2675,0.1046,0.3721,0.3,0.2867,0.0,0.0,1.0,0.0,0.2917,False,False,False,False,无明确战法态,30.05,1.9,30.39,False,526.8,生物制药,仿制药/社保重仓/保险重仓,47.0
000965,,0.0538,1.0,0.8216,0.0,0.0,0.7206,0.2834,0.3,0.0,0.0,0.0,0.0,0.0,0.4869,False,False,False,False,无明确战法态,3.03,1.34,3.36,False,33.6,房地产,大飞机/京津冀/天津自贸,29.9
000966,,0.2859,1.0,0.8827,0.0507,0.0,0.9349,0.3157,0.0,0.0,0.0,0.0,0.0,1.0,0.4358,False,False,False,False,无明确战法态,3.99,0.25,4.6,False,130.1,电力行业,光伏/武汉规划/光热发电,26.5
000967,,0.2931,1.0,0.6293,0.3192,0.0,0.7893,0.1896,0.3,0.5859,0.0,0.0,0.5,0.0,0.2789,False,False,False,False,无明确战法态,10.48,2.24,10.7,False,34432.8,发电设备,垃圾分类/核电核能,28.3
000968,,0.0,1.0,0.8485,0.0,0.0,0.8437,0.23,0.0,0.0,0.0,0.0,0.0,0.0,0.6182,False,False,False,False,无明确战法态,6.25,1.46,7.4,False,60.5,煤炭行业,俄乌冲突概念/煤炭概念,26.5
000969,,0.5454,0.8798,0.6532,0.85,1.0,0.5698,0.2826,0.0,0.8845,1.0,0.0,0.5,1.0,0.3736,False,False,False,False,B1候B2,24.06,-3.72,23.73,True,25054.9,钢铁行业,低碳经济/锂电池/核电核能,29.8
000970,,0.0,1.0,0.5031,1.0,1.0,0.0,0.3956,0.3,1.0,0.0,0.0,1.0,1.0,0.3059,False,False,False,False,无明确战法态,16.48,2.36,13.57,True,20035.2,电子信息,低碳经济/风能概念/业绩预降,32.2
000972,,0.0,1.0,0.6748,0.0856,0.0,0.0,0.1212,0.0,0.6153,0.0,0.0,0.5,0.0,0.3917,False,False,False,False,无明确战法态,3.64,-1.36,3.59,True,28.1,食品行业,农业种植,35.0
000973,,0.9517,0.9722,0.7513,0.0791,0.0,0.723,0.3397,0.3,0.0,0.0,0.0,0.0,0.0,0.4223,False,False,False,False,无明确战法态,13.76,-3.17,15.47,False,133.1,塑料制品,低碳经济/锂电池,33.5
000975,,0.0,0.0,0.782,0.0,0.0,0.3,0.2929,0.3,0.0,0.0,1.0,0.0,0.0,0.5829,False,False,False,False,无明确战法态,19.84,9.98,22.96,False,50144.3,,黄金概念/业绩预升/金属锌,
000977,,0.3857,0.8311,0.4336,0.4016,0.7425,0.3259,0.3139,0.6,0.7191,0.0,0.0,1.0,0.0,0.4246,False,False,False,False,无明确战法态,66.35,4.01,65.5,True,973.2,电子信息,百度概念/国防军工/军工航天,32.2
000978,,0.0,1.0,0.7531,0.0,0.0,0.6851,0.3307,0.0,0.0,0.0,0.0,0.0,0.0,0.4884,False,False,False,False,无明确战法态,5.54,2.59,6.21,False,25.9,酒店旅游,,29.9
000980,,0.0939,1.0,0.8333,0.0,0.0,0.7453,0.079,0.0,0.0,0.0,0.0,0.0,1.0,0.4604,False,False,False,False,无明确战法态,2.01,0.5,2.37,False,101.4,仪器仪表,皖江区域/业绩预升,34.2
000981,,0.267,0.8567,0.5556,0.0,0.0,0.3712,0.2167,0.3,0.0,0.0,0.0,0.0,0.0,0.6001,False,False,False,False,无明确战法态,2.96,3.86,3.54,False,281.6,房地产,减速器/汽车拆解概念,29.9
000983,,0.0,1.0,0.8133,0.2039,0.0,0.7003,0.4232,0.3,0.0427,0.0,0.0,0.0,1.0,0.3733,False,False,False,False,无明确战法态,6.23,2.64,6.67,False,353.7,煤炭行业,保险重仓,26.5
000985,,0.0,1.0,0.8074,0.0,0.0,0.4839,0.108,0.0,0.0,0.0,0.0,0.0,0.0,0.5193,False,False,False,False,无明确战法态,14.89,2.41,16.96,False,1930.3,化工行业,黑龙江自贸区,39.0
000987,,0.0,1.0,0.7149,0.0916,0.5381,0.4187,0.4329,0.6,0.5005,0.0,0.0,0.5,0.0,0.4242,False,False,False,False,无明确战法态,8.13,2.26,8.26,False,407.6,商业百货,内贸规划/参股券商/化债概念(AMC概念),30.2
000988,,0.9578,1.0,0.5749,1.0,1.0,0.7264,0.3939,0.0,1.0,1.0,0.0,1.0,0.7,0.444,True,False,False,False,B1候B2,153.95,-1.44,149.26,True,1547.2,仪器仪表,氢能源/百度概念/乡村振兴,34.2
000989,,0.0,1.0,0.8779,0.1169,0.2421,0.4356,0.4188,0.0,0.4595,0.0,0.0,1.0,0.0,0.3584,False,False,False,False,无明确战法态,8.31,1.47,8.31,False,5768.4,生物制药,长株潭/业绩预升/参股金融,47.0
000990,,0.0,1.0,0.727,0.0,0.0,0.4114,0.2986,0.3,0.1929,0.0,0.0,0.0,0.0,0.4513,False,False,False,False,无明确战法态,8.85,0.68,9.4,False,107.5,化工行业,民营医院/高校背景/金融参股,39.0
000993,,0.0,1.0,0.8279,0.0,0.0,0.9528,0.3619,0.0,0.0,0.0,0.0,0.0,1.0,0.4453,False,False,False,False,无明确战法态,10.16,0.89,12.05,False,44.7,电力行业,光伏/海峡西岸/稀缺资源,26.5
000995,,0.0,1.0,0.8113,0.0,0.0,0.857,0.1678,0.0,0.0,0.0,0.0,0.0,0.0,0.5088,False,False,False,False,无明确战法态,9.99,1.01,11.95,False,17.7,酿酒行业,白酒概念/陕甘宁,27.4
000997,,0.1986,1.0,0.8657,0.0,0.0,0.8675,0.0846,0.0,0.0,0.0,0.0,0.0,1.0,0.4891,False,False,False,False,无明确战法态,16.55,1.04,19.58,False,166.7,电子信息,海峡西岸/电子支付/食品安全,32.2
000998,,0.0,1.0,0.8452,0.0,0.0,0.6056,0.269,0.6,0.0,0.0,0.0,0.5,0.0,0.4662,False,False,False,False,无明确战法态,7.75,0.0,8.5,False,101.9,农林牧渔,长株潭/基因测序/生物育种,39.0
000999,,0.0,1.0,0.8661,0.0738,0.0533,0.3925,0.5191,0.3,0.2944,0.0,0.0,0.5,0.0,0.3387,False,False,False,False,无明确战法态,24.03,0.54,24.61,False,399.5,生物制药,抗癌/民营医院/社保重仓,47.0
001201,,0.0,1.0,0.7842,0.0,0.0,0.6459,0.295,0.3,0.1341,0.0,0.0,0.5,0.0,0.3459,False,False,False,False,无明确战法态,11.44,0.09,11.89,False,23.0,,,
001202,,0.0,0.9964,0.7794,0.0,0.0,0.4781,0.2513,0.3,0.1028,0.0,0.0,0.5,0.0,0.4156,False,False,False,False,无明确战法态,14.32,3.02,15.27,False,16.7,,,
001203,,0.0,1.0,0.4706,0.0,0.0,0.5002,0.2071,0.0,0.0,0.0,0.0,0.0,0.0,0.5633,False,False,False,False,无明确战法态,31.56,-1.71,36.56,False,412.2,,金属锌,
001205,,0.0,1.0,0.8642,0.274,0.1886,0.5645,0.4268,0.6,0.2341,0.0,0.0,0.0,0.0,0.2559,False,False,False,False,无明确战法态,13.81,0.44,14.36,False,23.0,,航运概念,
001206,,0.0173,1.0,0.7686,0.1848,1.0,0.4241,0.7458,1.0,0.3478,0.0,0.0,1.0,0.0,0.3663,False,False,False,False,无明确战法态,18.64,-0.48,18.75,False,19.9,,,
001207,,0.0,1.0,0.8141,0.0,0.0,0.8187,0.2004,0.3,0.0,0.0,0.0,0.0,0.0,0.5146,False,False,False,False,无明确战法态,15.26,-1.04,17.75,False,44.7,,,
001208,,0.0,0.669,0.6011,0.0,0.0,0.435,0.2218,0.3,0.0,0.0,0.0,0.0,0.0,0.5902,False,False,False,False,无明确战法态,14.74,4.99,17.0,False,4698.1,,专精特新,
001209,,0.0,0.9919,0.7114,0.0,0.0,0.5509,0.1552,0.0,0.0,0.0,0.0,0.0,1.0,0.472,False,False,False,False,无明确战法态,16.9,3.05,19.21,False,16.2,,,
001210,,0.1047,0.8862,0.7083,0.3422,0.0,0.8134,0.1419,0.6,0.2532,0.0,0.0,0.0,0.7,0.4701,False,False,False,False,无明确战法态,22.23,-3.68,24.27,False,2118.5,,建筑节能/量子科技/数据确权,
001211,,0.768,1.0,0.82,0.0,0.0,0.7267,0.1905,0.0,0.0,0.0,0.0,0.0,0.0,0.5907,False,False,False,False,无明确战法态,23.53,-0.76,33.39,False,15.8,,,
001212,,0.9205,1.0,0.5809,0.148,0.0,0.5867,0.2211,0.6,0.0,0.0,0.0,0.0,0.0,0.5045,False,False,False,False,无明确战法态,44.69,0.7,50.06,False,7769.3,,有机硅概念,
001213,,0.0,1.0,0.8639,0.0,0.0,0.5812,0.3219,0.6,0.0209,0.0,0.0,0.0,0.0,0.3631,False,False,False,False,无明确战法态,3.47,1.17,3.72,False,154.2,,冷链物流/统一大市场,
001215,,0.0,0.8337,0.496,0.242,0.0,0.6681,0.2561,0.3,0.1046,0.0,0.0,0.0,0.0,0.5075,False,False,False,False,无明确战法态,37.46,-4.0,40.27,False,3629.9,,,
001216,,0.8048,1.0,0.8483,0.0,0.0,0.6565,0.2229,0.6,0.0,0.0,0.0,0.0,0.0,0.4723,False,False,False,False,单针探底,14.63,0.9,16.74,False,3592.4,,NFT概念/柔性直流输电/牙科医疗,
001217,,0.0,1.0,0.7249,0.0,0.0,0.1792,0.1576,0.3,0.0,0.0,0.0,0.0,0.0,0.4201,False,False,False,False,无明确战法态,9.0,-2.28,10.18,False,29.5,,染料,
001218,,0.0,1.0,0.3748,0.2772,0.0,0.0,0.2625,0.6,0.3977,0.0,0.0,0.0,0.0,0.3506,False,False,False,False,无明确战法态,24.12,-1.23,24.92,False,28.5,,消毒剂,
001219,,0.0,1.0,0.7763,0.0,0.0,0.6216,0.1972,0.0,0.0,0.0,0.0,0.0,0.0,0.5772,False,False,False,False,无明确战法态,12.26,2.85,13.22,False,23.3,,网红经济/中韩自贸区,
001221,,0.0,0.8256,0.6127,0.0,0.0,0.474,0.1063,0.3,0.0,0.0,0.0,0.0,0.0,0.5181,False,False,False,False,无明确战法态,41.91,4.05,49.68,False,15.1,次新股,,33.7
001222,,0.0,1.0,0.7451,0.0,0.0,0.3792,0.1338,0.0,0.0,0.0,0.0,0.0,0.0,0.5498,False,False,False,False,无明确战法态,13.96,2.65,16.09,False,15.8,,,
001223,,1.0,1.0,0.5464,0.0083,0.0,0.6317,0.2928,0.9,0.0,0.0,0.0,0.5,0.0,0.6029,False,False,False,False,无明确战法态,42.75,-0.72,51.72,False,21.3,,机器人概念/锂电池概念/举牌,
001225,,0.0,1.0,0.6476,0.0,0.0,0.7793,0.2054,0.0,0.0,0.0,0.0,0.0,0.0,0.4886,False,False,False,False,无明确战法态,43.45,2.99,48.03,False,914.1,,水泥概念,
001226,,0.3526,1.0,0.6312,0.6173,0.0504,0.8236,0.3044,0.6,0.5411,0.0,1.0,0.0,0.7,0.3541,False,False,False,False,B1候B2,48.21,1.79,49.09,False,16.4,,专精特新,
001227,,0.214,1.0,0.902,0.2326,0.0,0.6514,0.3679,0.0,0.1856,0.0,0.0,0.0,0.0,0.402,False,False,False,False,无明确战法态,2.04,0.0,2.14,False,86.0,,参股券商,
001228,,0.0,0.6422,0.6078,0.0,0.0,0.5613,0.2187,0.3,0.6242,0.0,0.0,0.5,0.0,0.3958,False,False,False,False,无明确战法态,28.6,5.15,28.52,True,2284.1,,航运概念/换电概念/统一大市场,
001229,,0.0,0.5133,0.1698,0.0,0.9431,0.0,1.0,0.9,0.8949,0.0,0.0,1.0,0.0,0.2833,False,False,False,False,无明确战法态,35.28,-5.92,33.61,True,18.6,,,
001230,,0.0,0.8854,0.4792,0.0,0.0,0.4079,0.3964,0.0,0.0,0.0,0.0,0.0,0.0,0.6588,False,False,False,False,无明确战法态,16.59,3.69,22.33,False,13.0,,专精特新/垃圾分类,
001231,,0.0,1.0,0.8012,0.0,0.0,0.6119,0.1128,0.0,0.0,0.0,0.0,0.0,0.0,0.4559,False,False,False,False,无明确战法态,19.25,2.5,21.4,False,9.8,,,
001233,,0.0957,1.0,0.7935,0.0,0.0,0.6571,0.0774,0.3,0.0,0.0,0.0,0.0,0.0,0.3932,False,False,False,False,无明确战法态,46.16,0.7,54.53,False,16.3,次新股,俄乌冲突概念,33.7
001234,,0.0085,0.8641,0.6663,0.0,0.0,0.7155,0.201,0.0,0.0,0.0,0.0,0.0,0.0,0.5962,False,False,False,False,无明确战法态,20.95,3.82,24.06,False,19.2,,三胎概念/体育产业,
001236,,0.0,1.0,0.8236,0.0,0.0,0.5787,0.2541,0.0,0.0,0.0,0.0,0.0,0.0,0.4463,False,False,False,False,无明确战法态,7.34,2.23,8.24,False,55.6,,,
001238,,0.0566,0.9657,0.6066,0.0,0.0,0.3994,0.1182,0.3,0.0,0.0,0.0,0.0,0.0,0.4597,False,False,False,False,无明确战法态,28.33,3.21,36.33,False,29.4,,,
001239,,0.8862,1.0,0.8478,0.1526,0.0,0.6072,0.2721,0.6,0.0,0.0,0.0,0.0,0.0,0.4347,False,False,False,False,无明确战法态,13.26,0.91,14.39,False,15.1,,,
001255,,0.0,0.888,0.5964,0.0,0.0,0.2846,0.0884,0.0,0.0,0.0,0.0,0.0,0.0,0.6567,False,False,False,False,无明确战法态,26.54,3.67,31.1,False,1885.8,,专精特新/超导概念/有机硅概念,
001256,,0.0,1.0,0.6251,0.8391,1.0,0.0,0.3553,0.6,1.0,0.0,0.0,1.0,0.0,0.3059,False,False,False,False,无明确战法态,29.73,0.1,25.05,True,31.8,,,
001258,,0.0353,1.0,0.7698,0.0,0.0,0.9316,0.2275,0.0,0.0,0.0,0.0,0.0,0.0,0.6096,False,False,False,False,无明确战法态,7.1,2.16,8.36,False,66.3,,光热发电,
001259,,1.0,1.0,0.775,1.0,0.9744,0.9587,0.3145,0.3,1.0,1.0,0.0,0.0,0.7,0.3465,True,False,False,False,B1候B2,63.5,-1.24,60.04,True,30.2,,家用电器,
001260,,0.0,0.8304,0.7116,0.0,0.0,0.5505,0.0991,0.0,0.0,0.0,0.0,0.0,0.0,0.5297,False,False,False,False,无明确战法态,16.83,4.02,18.8,False,19.4,,,
001266,,0.9116,1.0,0.7025,1.0,0.9702,0.8895,0.1941,0.0,1.0,1.0,0.0,0.5,0.7,0.3984,True,False,False,False,B1候B2,47.05,0.47,45.53,True,27.4,,专精特新/换电概念/农机,
001267,,1.0,1.0,0.7239,1.0,0.0,0.8041,0.3552,0.0,0.1086,0.0,0.0,0.5,0.7,0.4217,False,False,False,False,B1候B2,45.7,-2.45,51.83,False,278.1,,乡村振兴/污水处理/股权转让(并购重组),
001268,,0.0,0.0,0.2928,0.7136,0.0,0.5744,0.1974,0.0,0.8658,0.0,0.0,0.0,0.7,0.5245,False,False,False,False,无明确战法态,39.4,9.99,38.49,True,26.6,,成飞概念,
001269,,0.0298,0.6484,0.5925,0.3715,0.0,0.7087,0.3066,0.3,0.0,0.0,0.0,0.0,1.0,0.5665,False,False,False,False,B1候B2,20.8,-5.11,23.89,False,40.0,,,
001270,,0.0,0.0,0.4396,0.5677,1.0,0.8782,0.6479,0.0,1.0,0.0,1.0,1.0,0.7,0.4561,False,False,True,False,无明确战法态,163.32,10.0,136.99,True,334.5,,专精特新/军民融合/卫星导航,
001277,,0.2826,1.0,0.7574,0.0,0.0,0.4718,0.1558,0.0,0.0,0.0,0.0,0.0,0.0,0.4791,False,False,False,False,无明确战法态,28.89,2.08,32.29,False,1315.9,,煤炭概念,
001278,,0.0,1.0,0.7711,0.0,0.0,0.5747,0.2151,0.3,0.0,0.0,0.0,0.0,0.0,0.5263,False,False,False,False,无明确战法态,16.21,1.19,18.61,False,1382.9,,,
001279,,0.0,0.9397,0.5912,0.0,0.0,0.533,0.2714,0.6,0.1798,0.0,0.0,0.5,0.0,0.4341,False,False,False,False,无明确战法态,27.98,3.36,29.08,False,11.2,,,
001280,,0.9065,1.0,0.859,0.0,0.0,0.7345,0.3958,0.6,0.0,0.0,0.0,0.0,0.0,0.4447,False,False,False,False,无明确战法态,66.31,0.93,74.45,False,104.8,次新股,超导概念,33.7
001282,,1.0,1.0,0.5349,0.4192,0.8336,0.224,0.2631,0.9,0.2976,0.0,0.0,0.5,0.0,0.4084,False,False,False,False,无明确战法态,19.39,2.48,20.2,False,15.2,,小米概念/机器人概念/减速器,
001283,,0.0,1.0,0.7259,0.1317,0.0,0.792,0.1121,0.0,0.366,0.0,0.0,0.0,0.0,0.3326,False,False,False,False,无明确战法态,50.8,-1.93,52.5,False,52.5,,AI PC/动力电池回收/两轮车,
001285,,0.0,1.0,0.8192,0.0,0.0,0.5361,0.1764,0.3,0.0,0.0,0.0,0.0,0.0,0.3664,False,False,False,False,无明确战法态,43.05,0.65,47.21,False,17.9,次新股,,33.7
001286,,0.0,1.0,0.8217,0.3381,0.0,0.7972,0.2358,0.0,0.1767,0.0,0.0,0.0,0.7,0.4205,False,False,False,False,无明确战法态,10.57,0.96,11.33,False,142.7,,换电概念/煤炭概念,
001287,,0.7934,1.0,0.5689,0.9345,1.0,0.5879,0.3567,0.6,0.9509,1.0,0.0,0.5,0.7,0.3875,True,False,False,False,B1候B2,28.61,0.0,27.73,True,21740.7,,无线耳机/乡村振兴/智能电网,
001288,,0.374,0.773,0.561,0.0,0.0,0.6913,0.1956,0.6,0.1573,0.0,0.0,0.5,0.0,0.3893,False,False,False,False,无明确战法态,25.36,4.36,26.95,False,38.5,,减速器/中俄贸易概念,
001289,,0.6769,1.0,0.7451,0.4105,0.0,0.614,0.2184,0.0,0.1074,0.0,1.0,0.0,0.7,0.3694,False,False,False,False,无明确战法态,15.77,2.2,16.94,False,794.9,,抽水蓄能/光热发电,
001296,,0.2606,0.5646,0.5136,0.0,0.0428,0.0,0.334,0.3,0.219,0.0,0.0,0.5,0.0,0.4085,False,False,False,False,无明确战法态,20.7,5.61,21.57,False,16.0,,页岩气,
001298,,0.0,1.0,0.7473,0.2584,0.0,0.721,0.2765,0.0,0.2232,0.0,0.0,0.0,0.0,0.4376,False,False,False,False,无明确战法态,20.06,0.05,21.1,False,81.7,,无线耳机,
001299,,0.0,1.0,0.7304,0.219,0.0,0.9365,0.1876,0.0,0.3538,0.0,0.0,0.0,0.7,0.3898,False,False,False,False,无明确战法态,10.43,2.86,10.98,False,2950.4,,天然气,
001300,,0.1401,1.0,0.7382,0.0,0.0,0.3565,0.0885,0.3,0.0,0.0,0.0,0.0,0.0,0.5625,False,False,False,False,无明确战法态,11.59,1.13,14.76,False,28.3,,,
001301,,0.1308,1.0,0.7652,0.9117,0.8926,0.5544,0.3965,0.3,0.6497,0.0,0.0,0.5,0.7,0.3942,False,False,False,False,无明确战法态,61.19,-1.61,61.78,False,158.9,,石墨电极,
001306,,0.0,0.0,0.3384,0.0,0.0,0.1906,0.2702,0.6,0.2787,0.0,0.0,0.0,1.0,0.5528,False,False,False,False,无明确战法态,63.29,9.99,64.03,False,9.8,,,
001308,,0.0,1.0,0.8582,0.5325,0.6624,0.6357,0.3765,0.6,0.6824,0.0,0.0,1.0,1.0,0.3339,False,False,False,False,无明确战法态,20.95,-0.99,20.65,True,102.1,,专精特新/鸿蒙概念/抖音概念(字节概念),
001309,,0.0,0.0427,0.2018,1.0,1.0,0.2903,0.83,0.0,1.0,0.0,1.0,1.0,0.7,0.2009,False,False,False,False,无明确战法态,881.91,8.74,663.96,True,1455.8,,专精特新/汽车电子/智能穿戴,
001311,,0.0,0.7197,0.5278,0.0,0.0,0.2322,0.0712,0.0,0.0,0.0,0.0,0.0,0.0,0.6945,False,False,False,False,无明确战法态,17.44,4.68,20.35,False,30.9,,,
001313,,0.0,0.0,0.1298,0.1175,0.0663,0.0805,0.2285,0.3,0.5679,0.0,0.0,1.0,0.0,0.5039,False,False,False,False,无明确战法态,7.77,-9.44,7.79,False,54.3,,预制菜,
001314,,0.0,1.0,0.623,1.0,1.0,0.6289,0.2271,0.0,1.0,0.0,0.0,0.5,0.7,0.347,False,False,False,False,无明确战法态,59.4,1.49,54.84,True,73.9,,AI PC/电子竞技/多模态AI,
001316,,0.1423,1.0,0.5994,0.2821,0.0,0.7273,0.175,0.3,0.2398,0.0,0.0,0.0,0.0,0.4314,False,False,False,False,无明确战法态,33.61,2.0,35.98,False,50.5,,大飞机/消毒剂,
001317,,0.0,0.0,0.6321,0.0,0.0,0.5797,0.1783,0.3,0.5034,0.0,0.0,0.5,0.0,0.4871,False,False,False,False,无明确战法态,48.43,9.99,48.29,True,41.4,,,
001318,,0.0,1.0,0.8511,0.0,0.0,0.5325,0.2704,0.3,0.0,0.0,0.0,0.0,0.0,0.4995,False,False,False,False,无明确战法态,10.45,1.46,11.6,False,29.5,,,
001319,,0.0,0.8889,0.4115,0.0,0.0,0.0,0.2032,0.3,0.393,0.0,0.0,0.5,0.0,0.3728,False,False,False,False,无明确战法态,22.9,3.67,23.13,False,14.5,,,
001322,,0.0,1.0,0.4848,0.0,0.0,0.0,0.3554,0.9,0.0398,0.0,0.0,0.5,0.0,0.3848,False,False,False,False,无明确战法态,6.31,-2.47,6.67,False,49.6,,,
001323,,0.0,1.0,0.8147,0.0,0.0,0.1916,0.2028,0.3,0.0,0.0,0.0,0.0,0.0,0.4444,False,False,False,False,无明确战法态,16.8,1.51,19.67,False,52.3,,,
001324,,0.0,1.0,0.6342,0.2787,0.7,0.532,0.3101,0.3,0.8805,0.0,0.0,1.0,0.0,0.3544,False,False,False,False,无明确战法态,19.95,2.31,19.06,True,27.5,,高铁/建筑节能,
001325,,0.0,1.0,0.7298,0.0,0.0,0.7412,0.2817,0.3,0.0,0.0,0.0,0.0,0.0,0.4882,False,False,False,False,无明确战法态,38.17,1.79,43.4,False,7.5,次新股,冰雪产业/农机,33.7
001326,,0.5057,0.5841,0.4702,0.8144,0.0312,0.6099,0.0884,0.3,0.7116,0.0,0.0,0.0,0.7,0.3914,False,False,False,False,B1候B2,62.39,5.5,62.82,False,15.0,,物联网/智能家居/充电桩,
001328,,0.0,1.0,0.7011,0.0,0.0,0.8352,0.2557,0.3,0.0,0.0,0.0,0.5,0.0,0.4474,False,False,False,False,无明确战法态,27.19,0.74,29.5,False,44.0,,,
001330,,0.921,1.0,0.6566,0.0,0.0,0.7173,0.0927,0.0,0.0,0.0,0.0,0.0,0.0,0.5782,False,False,False,False,无明确战法态,5.49,-2.49,7.4,False,63.8,,短剧游戏/AI视频,
001331,,0.0,0.9886,0.2684,1.0,1.0,0.0,0.0,0.0,1.0,0.0,0.0,1.0,1.0,0.2326,False,False,False,False,B1候B2,63.49,3.07,46.33,True,181.5,,天然气,
001332,,1.0,1.0,0.8613,0.3804,0.0,0.5053,0.1773,0.3,0.0,0.0,0.0,0.0,0.7,0.4246,False,False,False,False,无明确战法态,35.8,-0.72,43.12,False,24.1,,光热发电/天然气,
001333,,0.0,0.9026,0.626,0.0,0.0,0.6893,0.1055,0.0,0.0,0.0,0.0,0.0,0.0,0.6294,False,False,False,False,无明确战法态,19.94,3.58,21.54,False,25.5,,,
001335,,0.8609,0.0,0.3881,0.4507,0.0,0.0,0.136,0.6,0.0,0.0,0.0,0.0,0.7,0.6278,False,False,False,False,B1候B2,37.68,-9.71,46.19,False,9.6,,染料,
001336,,0.0893,1.0,0.7514,0.0,0.0,0.5723,0.0821,0.0,0.0,0.0,0.0,0.0,0.0,0.4384,False,False,False,False,无明确战法态,22.9,2.88,25.29,False,11.3,,专精特新,
001337,,0.0,0.0,0.5497,0.0,0.0,0.6128,0.2527,0.3,0.1336,0.0,0.0,0.0,0.0,0.5572,False,False,False,False,无明确战法态,41.21,10.01,45.12,False,173.1,,黄金概念,
001338,,0.0,1.0,0.8462,0.0,0.0,0.7488,0.18,0.0,0.0,0.0,0.0,0.0,0.0,0.5805,False,False,False,False,无明确战法态,8.85,2.08,10.56,False,44.4,,粮食概念,
001339,,1.0,0.9782,0.4888,1.0,0.8924,0.543,0.2885,0.6,0.7203,0.0,0.0,0.5,0.7,0.5532,False,False,False,False,B1候B2,97.5,3.13,100.4,False,121.4,,专精特新/鸿蒙概念/物联网,
001356,,0.0,1.0,0.7867,0.0,0.0,0.5632,0.1956,0.0,0.0,0.0,0.0,0.0,0.0,0.499,False,False,False,False,无明确战法态,8.66,2.61,9.85,False,17.4,,,
001358,,0.0,0.8183,0.4946,0.1216,0.6534,0.0,0.3159,0.3,0.8166,0.0,0.0,1.0,0.0,0.4031,False,False,False,False,无明确战法态,27.2,-4.09,26.29,True,13.5,,,
001359,,0.4659,1.0,0.5144,1.0,1.0,0.5064,0.5607,0.6,1.0,0.0,0.0,0.5,0.7,0.3091,False,False,False,False,无明确战法态,117.08,0.33,90.07,True,70.6,,宁德时代概念/储能/高铁,
001360,,0.8583,1.0,0.6541,0.0,0.0,0.5486,0.0943,0.3,0.0,0.0,0.0,0.0,0.0,0.4107,False,False,False,False,无明确战法态,18.0,1.52,20.33,False,22.6,,黄金概念/固废处理,
001366,,0.0,1.0,0.7913,0.0,0.0,0.6774,0.1418,0.0,0.0,0.0,0.0,0.0,0.0,0.5827,False,False,False,False,无明确战法态,11.58,0.7,13.27,False,18.6,,,
001367,,0.0,0.6986,0.3347,0.0,0.0,0.0,0.3271,0.3,0.1695,0.0,0.0,0.0,0.0,0.3553,False,False,False,False,无明确战法态,20.27,4.81,21.19,False,24.7,,,
001368,,0.0,0.9423,0.7355,0.0,0.0,0.5846,0.1857,0.6,0.0,0.0,0.0,0.0,0.0,0.5249,False,False,False,False,无明确战法态,21.62,3.35,24.2,False,23.4,,冰雪产业,
001369,,0.4177,1.0,0.7926,0.2281,0.0,0.7539,0.3095,0.3,0.0,0.0,0.0,0.0,0.0,0.4776,False,False,False,False,无明确战法态,13.31,-1.41,14.78,False,27.6,次新股,,33.7
001373,,0.3432,1.0,0.7974,0.0,0.0,0.5267,0.1992,0.3,0.0,0.0,0.0,0.0,0.0,0.51,False,False,False,False,无明确战法态,30.7,1.39,35.43,False,12.9,,独角兽概念,
001376,,0.0,1.0,0.7303,0.0,0.0,0.7734,0.1264,0.3,0.0,0.0,0.0,0.0,0.0,0.5555,False,False,False,False,无明确战法态,10.81,1.69,13.5,False,23.1,,,
001378,,0.0,1.0,0.7737,0.4061,0.0827,0.0,0.2219,0.0,0.7587,0.0,0.0,0.0,0.7,0.4483,False,False,False,False,无明确战法态,19.91,-2.07,19.57,True,16.8,,,
001379,,0.0,0.9202,0.7217,0.0,0.0,0.3797,0.1549,0.0,0.0,0.0,0.0,0.0,0.0,0.5583,False,False,False,False,无明确战法态,16.36,3.48,18.65,False,11.0,,,
001380,,0.0,0.1424,0.3484,0.0,0.0,0.0,0.2083,0.3,0.1752,0.0,0.0,0.0,0.0,0.4764,False,False,False,False,无明确战法态,17.26,8.15,17.84,False,40.2,,,
001382,,0.262,0.943,0.6721,0.0,0.0,0.5561,0.2598,0.0,0.0,0.0,0.0,0.0,0.0,0.5259,False,False,False,False,无明确战法态,16.39,3.34,19.31,False,10.3,,,
001386,,0.0653,0.9992,0.7904,0.0,0.0,0.5923,0.3428,0.3,0.0,0.0,0.0,0.0,0.0,0.4203,False,False,False,False,无明确战法态,14.74,3.0,16.81,False,15.9,次新股,固废处理/旅游概念/生物质能发电,33.7
001387,,0.0,1.0,0.6677,0.2678,0.714,0.2488,0.3277,0.3,0.7505,0.0,0.0,1.0,0.0,0.43,False,False,False,False,无明确战法态,13.38,2.61,13.02,True,15.6,,参股银行/中俄贸易概念,
001388,,0.0,1.0,0.7506,0.0,0.0,0.2114,0.2323,0.3,0.0,0.0,0.0,0.0,0.0,0.3809,False,False,False,False,无明确战法态,27.73,0.73,33.26,False,23.4,次新股,电子身份证,33.7
001389,,0.1505,0.9749,0.3879,1.0,1.0,0.5585,0.2898,0.0,1.0,0.0,0.0,1.0,0.7,0.3174,False,False,False,False,无明确战法态,203.0,3.15,179.92,True,309.3,,卫星导航/汽车电子/AI PC,
001390,,0.0,1.0,0.7858,0.1343,1.0,0.4597,0.8186,0.6,0.6231,0.0,0.0,1.0,0.0,0.316,False,False,False,False,无明确战法态,20.24,0.05,19.7,True,24.0,,参股银行,
001391,,0.0,1.0,0.8077,0.0,0.0,0.3339,0.1086,0.0,0.0,0.0,0.0,0.0,0.0,0.5056,False,False,False,False,无明确战法态,4.23,1.68,4.74,False,64.3,,,
001395,,0.0,0.918,0.6719,0.0,0.0,0.343,0.281,0.0,0.0,0.0,0.0,0.0,0.0,0.4568,False,False,False,False,无明确战法态,24.6,3.49,27.06,False,12.8,,,
001396,,0.0,1.0,0.8447,0.0,0.0,0.8693,0.1059,0.3,0.0,0.0,0.0,0.0,0.0,0.5474,False,False,False,False,无明确战法态,36.13,0.22,41.6,False,8.2,次新股,污水处理/地下管网/新型城镇化,33.7
001400,,0.0,0.0,0.2972,0.3752,0.5676,0.0,0.4169,0.6,1.0,0.0,1.0,0.5,0.0,0.4068,False,False,False,False,无明确战法态,125.21,10.0,114.1,True,57.9,,高铁/汽车热管理,
001696,,1.0,1.0,0.5209,1.0,1.0,0.3955,0.7148,0.6,0.4861,0.0,1.0,0.5,1.0,0.4348,True,False,False,False,B1候B2,19.97,1.78,20.08,False,178.0,摩托车,专精特新/乡村振兴/军民融合,38.1
001872,,0.0,0.6162,0.5556,0.2091,0.0,0.0428,0.2962,0.3,0.5684,0.0,0.0,0.0,0.0,0.4601,False,False,False,False,无明确战法态,20.85,5.3,20.87,False,480.0,,航运概念/同花顺中特估100,
001896,,0.6808,1.0,0.3974,1.0,0.0,0.7559,0.4185,0.0,0.1689,0.0,0.0,0.0,0.7,0.4332,False,False,False,False,B1候B2,15.77,0.38,17.44,False,240.6,电力行业,光伏/抽水蓄能/煤炭概念,26.5
001914,,0.0,1.0,0.777,0.0,0.0,0.3665,0.2437,0.3,0.0,0.0,0.0,0.0,0.0,0.4518,False,False,False,False,无明确战法态,8.49,1.43,9.42,False,89.5,房地产,深圳本地,29.9
001965,,0.765,1.0,0.8341,0.4869,0.0814,0.6347,0.2411,0.0,0.3399,0.0,1.0,0.0,0.7,0.3555,False,False,False,False,B1候B2,9.35,1.19,9.65,False,635.3,,参股券商/同花顺中特估100,
001979,,0.0288,1.0,0.8489,0.0,0.0,0.5244,0.1451,0.3,0.0,0.0,0.0,0.0,1.0,0.5267,False,False,False,False,无明确战法态,6.65,0.45,7.97,False,559.5,,免税店/物业管理/养老概念,
002001,,0.0,1.0,0.722,0.2232,0.1938,0.6214,0.3871,0.0,0.5045,0.0,0.0,0.5,0.0,0.3383,False,False,False,False,无明确战法态,30.0,-0.73,30.51,False,911.1,生物制药,维生素/基金重仓/氟化工概念,47.0
002003,,0.0,1.0,0.7755,0.1236,0.0,0.6086,0.4565,0.0,0.2923,0.0,0.0,0.5,0.0,0.3946,False,False,False,False,无明确战法态,8.78,-1.46,9.03,False,89.7,服装鞋类,券商重仓/同花顺出海50,47.0
002004,,0.0,1.0,0.8233,0.0,0.0,0.6513,0.342,0.0,0.1441,0.0,0.0,0.0,0.0,0.4472,False,False,False,False,无明确战法态,4.16,0.24,4.4,False,78.3,农药化肥,三板精选/成渝特区/抗癌,33.4
002005,,0.0,0.677,0.7805,0.0,0.0,0.0,0.1544,0.3,0.1528,0.0,0.0,0.0,0.0,0.435,False,False,False,False,无明确战法态,2.55,4.94,2.71,False,44.7,家电行业,绿色照明/业绩预降/信托重仓,35.7
002006,,0.0,1.0,0.7009,0.0,0.0,0.3099,0.311,0.0,0.2013,0.0,0.0,0.5,0.0,0.29,False,False,False,False,无明确战法态,15.86,1.67,16.45,False,82.4,机械行业,光伏,36.7
002007,,0.0,1.0,0.8482,0.0998,0.0324,0.4008,0.2895,0.6,0.2854,0.0,0.0,0.0,0.0,0.3943,False,False,False,False,无明确战法态,12.88,1.1,13.26,False,202.7,生物制药,生物疫苗/基因概念/保险重仓,47.0
002008,,1.0,0.8827,0.4923,1.0,1.0,0.5793,0.2105,0.0,1.0,1.0,0.0,0.5,0.7,0.3951,False,False,False,False,无明确战法态,129.64,3.7,121.67,True,1240.3,仪器仪表,光伏/分拆上市/工业母机,34.2
002009,,0.0,0.6308,0.5024,0.0,0.0,0.2333,0.2238,0.0,0.4445,0.0,0.0,0.5,1.0,0.4374,False,False,False,False,无明确战法态,21.99,5.22,22.51,False,77.9,机械行业,光伏/低碳经济/智能机器,36.7
002010,,0.0,1.0,0.8853,0.0,0.0,0.5701,0.1768,0.0,0.0,0.0,0.0,0.0,0.0,0.482,False,False,False,False,无明确战法态,4.7,1.08,5.12,False,129.6,化工行业,分拆上市/蚂蚁集团概念,39.0
002011,,0.0,1.0,0.8695,0.0,0.0,0.7103,0.135,0.0,0.1364,0.0,0.0,0.5,1.0,0.4246,False,False,False,False,无明确战法态,10.77,0.37,11.41,False,114.1,机械行业,光伏/低碳经济/核电核能,36.7
002012,,0.5798,1.0,0.7542,0.3087,0.0,0.8797,0.2255,0.0,0.0045,0.0,0.0,0.0,0.7,0.4832,False,False,False,False,无明确战法态,6.4,-1.69,7.07,False,29.9,造纸行业,锂电池/参股金融/共同富裕示范区,31.9
002014,,0.0,1.0,0.9102,0.2861,0.731,0.7182,0.188,0.3,0.6468,0.0,0.0,1.0,0.0,0.3662,False,False,False,False,无明确战法态,11.07,-0.54,10.92,True,66.7,化工行业,婴童概念/供销社,39.0
002015,,0.8865,1.0,0.8305,0.2829,0.0,0.9186,0.3299,0.0,0.0,0.0,0.0,0.0,0.7,0.3824,False,False,False,False,无明确战法态,15.53,-1.27,18.37,False,252.1,化纤行业,碳交易/节能环保/抽水蓄能,37.1
002016,,0.0,1.0,0.7215,0.0,0.0,0.3697,0.1271,0.3,0.0,0.0,0.0,0.0,0.0,0.4864,False,False,False,False,无明确战法态,4.09,0.49,4.76,False,33.1,房地产,业绩预升/广东自贸区,29.9
002017,,1.0,1.0,0.8468,0.0,0.0,0.6736,0.2046,0.6,0.0,0.0,0.0,0.0,0.0,0.5397,False,False,False,False,无明确战法态,14.32,-0.28,17.04,False,83.1,电子信息,电子支付/电商概念/电子身份证,32.2
002019,,0.0,1.0,0.8376,0.0,0.0,0.29,0.328,0.0,0.0852,0.0,0.0,0.0,0.0,0.3575,False,False,False,False,无明确战法态,10.03,1.83,10.51,False,84.5,生物制药,维生素/业绩预降,47.0
002020,,0.0,0.8975,0.4588,0.0,1.0,0.0,0.2883,0.0,1.0,0.0,0.0,1.0,0.0,0.3811,False,False,False,False,无明确战法态,15.19,3.62,13.46,True,110.0,生物制药,仿制药/业绩预升/阿尔茨海默概念,47.0
002021,,0.0,0.9667,0.52,0.0,0.0,0.4282,0.1825,0.0,0.1325,0.0,0.0,0.5,0.0,0.3703,False,False,False,False,无明确战法态,2.58,3.2,2.75,False,30.8,纺织机械,涉矿概念/业绩预升/金融参股,45.1
002022,,0.0,1.0,0.7468,0.0,0.0,0.5548,0.0925,0.0,0.0,0.0,0.0,0.0,0.0,0.4371,False,False,False,False,无明确战法态,4.88,2.95,5.3,False,25.1,生物制药,基因概念/保险重仓/券商重仓,47.0
002023,,0.4478,1.0,0.7493,0.69,1.0,0.6743,0.4055,0.3,0.7618,0.0,0.0,0.5,0.0,0.3706,False,False,False,False,无明确战法态,12.7,-2.53,12.44,True,94.1,飞机制造,大飞机/国防军工/成渝特区,47.0
002024,,0.0,0.8113,0.6143,0.0,0.1781,0.1816,0.6405,0.3,0.3318,0.0,0.0,0.5,0.0,0.4264,False,False,False,False,无明确战法态,1.26,4.13,1.27,False,116.6,商业百货,民营银行/互联金融/内贸规划,30.2
002025,,0.0,1.0,0.4103,0.66,1.0,0.3601,0.4566,0.3,1.0,0.0,0.0,1.0,0.0,0.3398,False,False,False,False,无明确战法态,83.7,0.72,68.36,True,379.9,电子器件,国防军工/军工航天/铜缆高速连接,73.7
002026,,0.0,1.0,0.6871,0.0,0.0,0.3448,0.3363,0.6,0.0,0.0,0.0,0.0,0.0,0.4673,False,False,False,False,无明确战法态,11.3,1.99,12.33,False,49.8,机械行业,,36.7
002027,,0.0,1.0,0.7692,0.0,0.0,0.4079,0.2367,0.0,0.0,0.0,0.0,0.0,0.0,0.4584,False,False,False,False,无明确战法态,4.9,-0.2,5.54,False,707.6,电子信息,网络游戏/准ST股,32.2
002028,,0.7585,0.1908,0.3314,0.0208,0.0,0.3114,0.275,0.0,0.0,0.0,1.0,0.0,0.0,0.576,False,False,False,False,无明确战法态,167.65,7.86,189.77,False,1024.0,发电设备,智能电网/低碳经济/业绩预升,28.3
002029,,0.0,1.0,0.48,0.0,0.0,0.0,0.2831,0.6,0.1871,0.0,0.0,0.0,0.0,0.436,False,False,False,False,无明确战法态,8.62,0.35,9.04,False,57.4,服装鞋类,海峡西岸/基金重仓/参股保险,47.0
002030,,0.0,1.0,0.8202,0.0,0.0,1.0,0.2287,0.0,0.0,0.0,0.0,0.0,0.0,0.5573,False,False,False,False,无明确战法态,5.22,0.58,5.77,False,73.3,生物制药,食品安全/基因概念/基因测序,47.0
002031,,0.0,0.2931,0.4253,0.0,0.0,0.4025,0.3575,0.0,0.3696,0.0,0.0,0.0,0.0,0.4571,False,False,False,False,无明确战法态,6.22,7.24,6.26,False,119.0,汽车制造,智能机器/民营银行/业绩预升,40.0
002032,,0.0,1.0,0.8255,0.2236,0.0,0.6821,0.2485,0.3,0.4269,0.0,0.0,0.5,0.0,0.3912,False,False,False,False,无明确战法态,42.04,0.96,42.68,False,336.1,家电行业,外资背景,35.7
002033,,0.0,1.0,0.8727,0.2197,0.1354,0.6618,0.5137,0.0,0.3976,0.0,0.0,0.0,0.0,0.399,False,False,False,False,无明确战法态,8.51,1.55,8.71,False,46.8,酒店旅游,冰雪产业,29.9
002034,,0.2549,1.0,0.8171,0.0,0.0,0.9151,0.1598,0.0,0.0,0.0,0.0,0.0,0.0,0.5754,False,False,False,False,无明确战法态,15.5,1.24,17.68,False,79.8,纺织行业,业绩预升/生物质能发电,36.5
002035,,0.0,1.0,0.8268,0.0,0.0,0.459,0.2127,0.0,0.0,0.0,0.0,0.0,0.0,0.4843,False,False,False,False,无明确战法态,4.68,1.3,5.13,False,36.6,家电行业,业绩预升/空气能热泵,35.7
002036,,0.0,1.0,0.6448,0.0,0.0,0.7761,0.1486,0.0,0.0,0.0,0.0,0.0,1.0,0.4823,False,False,False,False,无明确战法态,7.42,1.37,8.64,False,78.3,服装鞋类,无线耳机/百度概念/国防军工,47.0
002037,,0.0,1.0,0.8315,0.0,0.0,0.5484,0.157,0.0,0.0,0.0,0.0,0.0,0.0,0.521,False,False,False,False,无明确战法态,6.41,1.26,7.31,False,31.0,化工行业,民爆概念/汽车拆解概念,39.0
002038,,0.0,0.7289,0.2935,0.0,1.0,0.0,0.3558,0.6,0.8321,0.0,0.0,1.0,0.0,0.3415,False,False,False,False,无明确战法态,6.39,-4.63,6.01,True,54.4,生物制药,免疫治疗/抗癌/民营医院,47.0
002039,,0.0,0.9276,0.6465,0.4428,0.0375,0.6986,0.3049,0.0,0.8188,0.0,0.0,0.5,0.7,0.4108,False,False,False,False,无明确战法态,20.48,3.43,20.03,True,87.6,电力行业,光伏/准ST股,26.5
002040,,0.3172,1.0,0.853,0.0,0.0,0.8147,0.1384,0.3,0.0,0.0,0.0,0.0,0.0,0.5489,False,False,False,False,无明确战法态,7.83,1.56,8.97,False,38.1,交通运输,海上丝路,32.0
002041,,0.0341,1.0,0.8592,0.0,0.0,0.6279,0.2592,0.3,0.0,0.0,0.0,0.0,0.0,0.5129,False,False,False,False,无明确战法态,8.14,1.12,8.96,False,71.6,农林牧渔,黄河三角/生物育种/业绩预升,39.0
002042,,0.0,1.0,0.8305,0.0,0.0,0.8475,0.1385,0.3,0.0,0.0,0.0,0.0,0.0,0.5051,False,False,False,False,无明确战法态,3.51,-0.85,4.05,False,59.7,纺织行业,业绩预升/参股金融,36.5
002043,,0.0,0.8555,0.6823,0.0,0.0,0.3475,0.2461,0.0,0.0,0.0,0.0,0.0,0.0,0.5007,False,False,False,False,无明确战法态,11.55,3.87,12.73,False,93.3,建筑建材,共同富裕示范区,28.0
002044,,0.8322,1.0,0.6436,0.0,0.0,0.5767,0.2847,0.6,0.0,0.0,0.0,0.5,1.0,0.4026,False,False,False,False,无明确战法态,4.92,-2.57,5.51,False,190.6,服装鞋类,基因测序/沿海发展/阿尔茨海默概念,47.0
002045,,0.0763,1.0,0.8143,0.0,0.0,0.515,0.1231,0.0,0.0,0.0,0.0,0.0,0.0,0.5503,False,False,False,False,无明确战法态,7.99,1.14,9.66,False,44.9,电子器件,锂电池/触摸屏/NFT概念,73.7
002046,,0.0,1.0,0.5258,1.0,1.0,0.7273,0.3574,0.3,1.0,0.0,0.0,1.0,0.7,0.2591,False,False,False,False,无明确战法态,71.99,-0.57,60.29,True,381.7,机械行业,大飞机/国防军工/军工航天,36.7
002047,,0.0,1.0,0.7436,0.1601,0.1393,0.0,0.2099,0.0,0.3948,0.0,0.0,1.0,0.0,0.3733,False,False,False,False,无明确战法态,4.54,-2.99,4.79,False,68.8,建筑建材,准ST股/外资背景/风电,28.0
002048,,0.0,0.0339,0.4219,0.0,0.0,0.0,0.1522,0.0,0.3909,0.0,0.0,0.0,0.0,0.4799,False,False,False,False,无明确战法态,26.22,8.8,26.68,False,186.1,汽车制造,业绩预升/PEEK材料,40.0
002049,,0.6414,1.0,0.7383,0.7957,1.0,0.5718,0.3997,0.0,0.9196,0.0,0.0,1.0,0.7,0.3624,True,False,False,False,B1候B2,81.76,-2.14,79.06,True,694.6,电子器件,大飞机/国防军工/物联网,73.7
002050,,0.0,0.0,0.1956,0.1288,0.0357,0.0,0.3924,0.0,1.0,0.0,0.0,0.5,0.0,0.517,False,False,False,False,无明确战法态,48.99,9.06,46.41,True,1804.9,机械行业,空气能热泵/同花顺出海50,36.7
002051,,1.0,0.5866,0.5328,1.0,0.8114,0.7071,0.1764,0.3,0.2054,0.0,0.0,0.5,0.7,0.6857,False,False,False,False,B1候B2,10.52,-5.48,11.31,False,129.0,建筑建材,水利建设/国企改革/社保重仓,28.0
002052,,0.0,1.0,0.6541,0.0,0.0,0.3454,0.0584,0.3,0.0,0.0,0.0,0.5,0.0,0.4116,False,False,False,False,无明确战法态,8.34,-1.65,9.51,False,57.5,电子信息,业绩预升,32.2
002053,,0.0,1.0,0.6531,0.0,0.0,0.1727,0.264,0.0,0.0,0.0,0.0,0.5,0.0,0.3631,False,False,False,False,无明确战法态,9.57,-2.35,10.71,False,88.1,化工行业,页岩气,39.0
002054,,0.2308,1.0,0.8472,0.0,0.0,0.5991,0.2777,0.0,0.0,0.0,0.0,0.0,0.0,0.497,False,False,False,False,无明确战法态,7.02,0.57,7.78,False,27.0,化工行业,业绩预升/分拆上市/有机硅概念,39.0
002055,,0.0,1.0,0.7285,0.4399,0.5266,0.7658,0.1196,0.0,1.0,0.0,0.0,1.0,0.7,0.3688,False,False,False,False,无明确战法态,6.76,1.96,6.37,True,40.2,电子器件,ST板块/触摸屏/EDR概念,73.7
002056,,0.0,0.3258,0.0,1.0,1.0,0.1118,0.8444,0.0,1.0,0.0,0.0,1.0,1.0,0.2887,False,False,True,False,无明确战法态,32.82,7.05,25.22,True,533.3,电子器件,光伏/固态电池/低碳经济,73.7
002057,,0.0,1.0,0.6122,1.0,1.0,0.5075,0.6905,0.3,1.0,0.0,0.0,0.5,1.0,0.3106,False,False,False,False,无明确战法态,12.53,-1.49,11.04,True,94.4,电子器件,锂电池/皖江区域/业绩预升,73.7
002058,,0.0,1.0,0.6855,0.0091,0.0,0.0,0.0,0.0,0.0,0.0,0.0,0.0,0.0,0.511,False,False,False,False,无明确战法态,20.38,1.19,22.75,False,29.2,仪器仪表,核电核能/业绩预降,34.2
002059,,0.0,1.0,0.8295,0.0,0.0,0.6507,0.4532,0.3,0.1064,0.0,0.0,0.5,0.0,0.4016,False,False,False,False,无明确战法态,4.36,1.4,4.58,False,42.9,酒店旅游,业绩预升,29.9
002060,,0.0,1.0,0.8914,0.0,0.0,0.8342,0.1632,0.0,0.0,0.0,0.0,0.0,0.0,0.5559,False,False,False,False,无明确战法态,3.09,0.65,3.38,False,48.3,建筑建材,光伏/水利建设/风能概念,28.0
002061,,0.0,0.6667,0.6078,0.1425,0.0,0.071,0.3608,0.0,0.4565,0.0,0.0,0.0,0.0,0.5128,False,False,False,False,无明确战法态,3.57,5.0,3.59,False,92.8,化工行业,业绩预降,39.0
002062,,0.0,0.7827,0.6371,0.0,0.0,0.5942,0.2326,0.3,0.0419,0.0,0.0,0.0,0.0,0.4892,False,False,False,False,无明确战法态,7.56,-4.3,8.17,False,85.0,建筑建材,光伏,28.0
002063,,0.0,1.0,0.9222,0.0,0.0,0.8592,0.0846,0.3,0.0,0.0,0.0,0.0,0.0,0.4743,False,False,False,False,无明确战法态,5.16,0.39,5.72,False,91.3,电子信息,光伏/碳交易/参股金融,32.2
002064,,0.0,1.0,0.3679,0.2223,0.3361,0.0,0.3399,0.0,0.5448,0.0,0.0,0.5,0.0,0.4552,False,False,False,False,无明确战法态,10.45,2.15,10.57,False,517.5,化纤行业,民营银行/业绩预升,37.1
002065,,0.3886,1.0,0.8684,0.0,0.0,0.6959,0.217,0.0,0.0,0.0,0.0,0.5,0.0,0.4231,False,False,False,False,无明确战法态,7.08,-0.14,7.73,False,205.9,电子信息,鸿蒙概念/百度概念/国防军工,32.2
002066,,0.319,1.0,0.5284,0.3377,0.0,0.7703,0.224,0.3,0.2861,0.0,0.0,0.0,0.0,0.3764,False,False,False,False,无明确战法态,21.03,0.53,22.35,False,48.6,建筑建材,碳中和/核电,28.0
002067,,0.0,0.0,0.651,0.0,0.0,0.5547,0.1742,0.0,0.0438,0.0,0.0,0.0,0.0,0.5903,False,False,False,False,无明确战法态,4.2,9.95,4.48,False,56.2,造纸行业,业绩预降/托育服务/烟草,31.9
002068,,0.0,0.966,0.4092,1.0,1.0,0.413,0.4934,0.3,1.0,0.0,0.0,1.0,0.7,0.2303,False,False,False,False,无明确战法态,14.2,-3.2,11.15,True,104.4,化工行业,业绩预降/超级电容,39.0
002069,,0.0,1.0,0.8033,0.0,0.0,0.5202,0.1667,0.0,0.0,0.0,0.0,0.0,0.0,0.4584,False,False,False,False,无明确战法态,3.08,0.98,3.36,False,21.9,农林牧渔,水产品/生物育种/业绩预降,39.0
002072,,0.0,0.0,0.2009,0.9432,1.0,0.0,0.6115,0.6,1.0,0.0,0.0,0.0,1.0,0.5225,False,False,False,False,无明确战法态,9.64,10.05,8.25,True,35.4,纺织行业,黄河三角/煤炭概念,36.5
002073,,0.0,1.0,0.8249,0.0,0.0,0.6018,0.285,0.0,0.0,0.0,0.0,0.0,0.0,0.5275,False,False,False,False,无明确战法态,5.44,2.06,5.98,False,55.2,电子信息,智能机器/自贸区/日韩贸易,32.2
002074,,0.5573,1.0,0.8404,0.0,0.0,0.736,0.1374,0.3,0.0,0.0,0.0,0.0,0.0,0.46,False,False,False,False,无明确战法态,27.05,1.2,32.11,False,469.7,发电设备,固态电池/锂电池/沿海发展,28.3
002075,,0.1222,1.0,0.8463,0.0,0.0,0.6875,0.1498,0.3,0.0,0.0,0.0,0.0,0.0,0.5601,False,False,False,False,无明确战法态,3.45,-0.58,4.02,False,75.7,钢铁行业,民营银行/业绩预降/参股金融,29.8
002076,,0.0,0.6416,0.5422,0.6168,0.0,0.0,0.0,0.0,0.7925,0.0,0.0,0.0,0.7,0.3502,False,False,False,False,B2确认,2.45,5.15,2.42,True,25.5,家电行业,ST板块/低碳经济/绿色照明,35.7
002077,,0.8938,0.7012,0.6296,0.8093,1.0,0.5565,0.3443,0.0,0.7134,1.0,0.0,0.5,0.7,0.4225,False,False,False,False,无明确战法态,17.48,-4.79,17.45,True,101.4,房地产,国防军工/军工航天/锂电池,29.9
002078,,0.0,1.0,0.7085,0.0,0.0,0.3961,0.3206,0.0,0.0,0.0,0.0,0.5,0.0,0.374,False,False,False,False,无明确战法态,12.58,0.0,13.54,False,349.4,造纸行业,代糖概念,31.9
002079,,0.2372,1.0,0.6641,1.0,1.0,0.618,0.5302,0.3,1.0,0.0,0.0,1.0,0.7,0.3491,False,False,False,False,无明确战法态,14.08,-2.83,12.7,True,114.2,电子器件,光伏/HIT电池/无线耳机,73.7
002080,,0.5056,0.9182,0.2338,1.0,1.0,0.5998,0.303,0.3,1.0,0.0,0.0,1.0,0.7,0.3199,False,False,False,False,无明确战法态,85.09,3.49,70.0,True,1427.9,化纤行业,氢能源/锂电池/海工装备,37.1
002081,,0.469,1.0,0.7309,0.3835,0.0,0.9491,0.1842,0.3,0.0,0.0,0.0,0.0,0.7,0.3822,False,False,False,False,无明确战法态,4.38,-1.79,4.91,False,115.8,建筑建材,社保重仓/沿海发展/基金重仓,28.0
002082,,0.0,0.6697,0.6679,0.0,0.0,0.4328,0.3311,0.0,0.0,0.0,0.0,0.0,0.0,0.6027,False,False,False,False,无明确战法态,11.59,4.98,15.83,False,65.8,有色金属,ST板块/生物疫苗/阿尔茨海默概念,36.0
002083,,0.782,0.0812,0.4444,0.4535,1.0,0.1481,0.383,0.6,0.4439,0.0,0.0,0.5,0.0,0.4189,False,False,False,False,无明确战法态,10.21,-8.51,10.64,False,96.7,纺织行业,光伏/军民融合/黄河三角,36.5
002084,,0.0,1.0,0.6721,0.2203,0.9356,0.4912,0.3296,0.0,0.6278,0.0,0.0,1.0,0.0,0.4236,False,False,False,False,无明确战法态,3.62,-1.09,3.57,True,23.3,家具行业,空气能热泵,39.0
002085,,0.5195,0.7245,0.6715,0.0,0.0,0.4934,0.2052,0.3,0.0,0.0,0.0,0.0,0.0,0.5013,False,False,False,False,无明确战法态,11.47,4.65,12.86,False,243.5,汽车制造,锂电池,40.0
002086,,0.0,1.0,0.7348,0.0,0.0,0.4612,0.4209,0.9,0.0386,0.0,0.0,0.0,0.0,0.3696,False,False,False,False,无明确战法态,1.79,1.7,1.88,False,28.3,农林牧渔,水产品/黄河三角/食品安全,39.0
002088,,0.0,1.0,0.89,0.0,0.0,0.7161,0.2091,0.6,0.0,0.0,0.0,0.0,0.0,0.5364,False,False,False,False,无明确战法态,7.99,1.4,8.78,False,40.4,其它行业,低碳经济/节能环保/光热发电,37.8
002090,,0.0,0.0,0.3349,0.0,0.0,0.3106,0.1513,0.3,0.1599,0.0,0.0,0.0,0.0,0.5823,False,False,False,False,无明确战法态,9.59,9.98,10.11,False,38.2,电子信息,参股金融,32.2
002091,,0.0,1.0,0.8557,0.0,0.0,0.8206,0.2173,0.0,0.027,0.0,0.0,0.0,0.0,0.497,False,False,False,False,无明确战法态,7.46,0.95,8.07,False,119.5,物资外贸,固态电池/低碳经济/锂电池,29.8
002092,,0.0,1.0,0.6933,0.0,0.0,0.6524,0.1685,0.0,0.0,0.0,0.0,0.0,0.0,0.6256,False,False,False,False,无明确战法态,4.05,-1.94,4.92,False,104.3,化工行业,业绩预降/节能环保/社保重仓,39.0
002093,,0.1911,1.0,0.8323,0.0,0.0,0.5543,0.1684,0.3,0.0,0.0,0.0,0.0,0.0,0.5537,False,False,False,False,无明确战法态,6.46,1.57,7.69,False,65.1,电子信息,5G概念/海峡西岸/参股金融,32.2
002094,,0.0,1.0,0.821,0.0,0.0,0.5205,0.3713,0.0,0.0,0.0,0.0,0.0,0.0,0.4311,False,False,False,False,无明确战法态,4.51,0.89,5.34,False,31.1,化工行业,自贸区/日韩贸易/金融参股,39.0
002095,,0.3977,1.0,0.7953,0.0,0.0,0.6573,0.2125,0.3,0.0,0.0,0.0,0.0,0.0,0.4858,False,False,False,False,无明确战法态,13.11,0.61,14.64,False,33.0,电子信息,电子支付/电商概念/互联金融,32.2
002096,,0.1191,1.0,0.8817,0.0,0.0,0.7894,0.3707,0.6,0.0,0.0,0.0,0.0,0.0,0.4701,False,False,False,False,无明确战法态,9.08,0.67,10.43,False,112.6,化工行业,长株潭/民爆概念,39.0
002097,,0.1244,1.0,0.8183,0.0,0.0,0.3194,0.1343,0.0,0.0,0.0,0.0,0.0,0.0,0.4795,False,False,False,False,无明确战法态,7.48,1.91,8.72,False,80.2,机械行业,国防军工/军工航天/长株潭,36.7
002098,,0.0,1.0,0.7879,0.0,0.0,0.6041,0.1522,0.3,0.0,0.0,0.0,0.0,0.0,0.5321,False,False,False,False,无明确战法态,6.76,2.42,7.6,False,24.2,服装鞋类,海峡西岸/业绩预升/参股金融,47.0
002099,,0.0,1.0,0.7155,0.0,0.0,0.6215,0.293,0.6,0.0967,0.0,0.0,1.0,0.0,0.3687,False,False,False,False,无明确战法态,5.47,1.48,5.8,False,88.4,生物制药,业绩预降/染料,47.0
002100,,0.0,1.0,0.697,0.0,0.0088,0.4718,0.2122,0.0,0.347,0.0,0.0,0.5,0.0,0.3864,False,False,False,False,无明确战法态,6.48,-1.82,6.62,False,88.5,农林牧渔,猪肉/动物疫苗,39.0
002101,,0.0,1.0,0.8924,0.0,0.7487,0.604,0.3433,0.6,0.2235,0.0,0.0,1.0,0.0,0.3129,False,False,False,False,无明确战法态,9.29,0.0,9.53,False,61.5,机械行业,分拆上市/横琴新区,36.7
002102,,0.0,1.0,0.6328,0.0,0.0,0.0,0.3677,0.0,0.0451,0.0,0.0,0.5,0.0,0.3421,False,False,False,False,无明确战法态,2.37,0.42,2.45,False,51.5,陶瓷行业,海峡西岸/合成生物/毛发医疗,54.0
002103,,0.0,1.0,0.8363,0.0,0.0,0.4397,0.213,0.3,0.0,0.0,0.0,0.5,0.0,0.5228,False,False,False,False,无明确战法态,6.16,0.82,7.01,False,23.9,,,
002104,,0.5294,1.0,0.7947,0.0,0.0,0.6648,0.1576,0.0,0.0,0.0,0.0,0.0,0.0,0.4236,False,False,False,False,无明确战法态,10.28,-1.06,12.59,False,61.6,电子器件,5G概念/电子支付/电子身份证,73.7
002105,,0.0,0.9719,0.67,0.0,0.0,0.3663,0.1278,0.0,0.0,0.0,0.0,0.0,0.0,0.433,False,False,False,False,无明确战法态,5.21,3.17,5.8,False,19.0,,共享单车,
002106,,0.2454,0.0,0.561,1.0,1.0,0.2669,0.6379,0.3,1.0,1.0,0.0,1.0,1.0,0.3621,False,False,False,False,无明确战法态,14.63,-9.97,13.25,True,103.1,电子器件,光伏/华为概念/小米概念,73.7
002107,,0.0,0.7114,0.653,0.0,0.0,0.0,0.343,0.0,0.7734,0.0,0.0,0.5,0.0,0.4319,False,False,False,False,无明确战法态,6.64,4.73,6.42,True,37.9,生物制药,黄河三角/阿尔茨海默概念,47.0
002108,,0.7232,1.0,0.6764,0.0,0.0,0.661,0.1738,0.0,0.0,0.0,0.0,0.0,0.0,0.3756,False,False,False,False,无明确战法态,4.23,2.67,4.8,False,69.7,塑料制品,锂电池/京津冀/参股金融,33.5
002109,,0.0,0.6855,0.7744,0.0,0.0,0.4864,0.2605,0.3,0.0,0.0,0.0,0.5,0.0,0.5179,False,False,False,False,无明确战法态,2.79,4.89,3.04,False,35.6,化工行业,业绩预降/陕甘宁/参股金融,39.0
002110,,0.0,1.0,0.777,0.0,0.0,0.6327,0.1679,0.3,0.0,0.0,0.0,0.5,0.0,0.4502,False,False,False,False,无明确战法态,2.94,-1.67,3.24,False,71.4,钢铁行业,海峡西岸/特钢概念,29.8
002111,,0.0,0.8738,0.698,0.0,0.0,0.5144,0.179,0.0,0.2131,0.0,0.0,0.0,0.0,0.5237,False,False,False,False,无明确战法态,9.39,3.76,9.86,False,45.9,飞机制造,国防军工/军工航天/节能环保,47.0
002112,,0.524,1.0,0.8103,0.0,0.0,0.7311,0.2885,0.6,0.0,0.0,0.0,0.0,0.0,0.4319,False,False,False,False,无明确战法态,16.43,1.61,18.65,False,43.1,发电设备,专精特新/准ST股/参股金融,28.3
002114,,0.5241,1.0,0.6782,0.0,0.0,0.6212,0.2087,0.3,0.0,0.0,0.0,0.0,0.0,0.4913,False,False,False,False,无明确战法态,7.06,-2.62,8.09,False,22.8,有色金属,金属锌/粮食概念,36.0
002115,,0.0,1.0,0.7564,0.0,0.0,0.6336,0.2146,0.3,0.0,0.0,0.0,0.0,0.0,0.4808,False,False,False,False,无明确战法态,10.69,2.79,12.14,False,80.4,电子信息,5G概念/业绩预降/短剧游戏,32.2
002116,,0.0,1.0,0.8154,0.0,0.0,0.4974,0.1886,0.0,0.0,0.0,0.0,0.0,0.0,0.433,False,False,False,False,无明确战法态,6.98,1.75,7.52,False,38.3,建筑建材,垃圾分类/乡村振兴/雄安新区,28.0
002117,,0.0,0.7653,0.6306,0.0,0.0,0.3743,0.2425,0.0,0.0,0.0,0.0,0.0,0.0,0.548,False,False,False,False,无明确战法态,8.29,4.41,9.16,False,43.4,印刷包装,电子支付/电子身份证/数据确权,27.7
002119,,0.0,1.0,0.203,1.0,1.0,0.282,0.7428,0.0,1.0,0.0,0.0,1.0,0.7,0.2423,False,False,False,False,无明确战法态,39.04,1.46,29.23,True,146.5,电子器件,专精特新/触摸屏/电子支付,73.7
002120,,0.0,1.0,0.6729,0.224,0.4855,0.1598,0.2567,0.0,0.7201,0.0,0.0,1.0,0.0,0.391,False,False,False,False,无明确战法态,6.81,-1.73,6.63,True,191.7,家具行业,乡村振兴/金融改革/业绩预降,39.0
002121,,0.6178,1.0,0.8219,0.0,0.0,0.771,0.1031,0.0,0.0,0.0,1.0,0.0,0.0,0.4689,False,False,False,False,无明确战法态,5.32,1.53,6.7,False,74.7,仪器仪表,锂电池,34.2
002122,,0.0,0.677,0.6982,0.0,0.0,0.255,0.2024,0.0,0.1014,0.0,0.0,0.5,0.0,0.4797,False,False,False,False,无明确战法态,2.55,4.94,2.66,False,50.7,机械行业,智能机器/风能概念/业绩预降,36.7
002123,,0.0,1.0,0.6638,0.0,0.0,0.3053,0.2634,0.6,0.0,0.0,0.0,0.5,0.0,0.3869,False,False,False,False,无明确战法态,7.95,-2.21,8.66,False,57.3,发电设备,光伏/低碳经济/业绩预降,28.3
002124,,0.0,1.0,0.6507,0.0,0.0,0.6072,0.142,0.3,0.0471,0.0,0.0,0.5,0.0,0.3989,False,False,False,False,无明确战法态,2.27,-0.87,2.41,False,44.8,农林牧渔,猪肉/生物燃料,39.0
002125,,1.0,0.7764,0.6174,0.7688,0.0,0.6376,0.2099,0.0,0.0,0.0,0.0,0.0,0.7,0.6484,False,False,False,False,无明确战法态,13.0,-4.34,15.49,False,81.8,化工行业,长株潭/涉矿概念/金属镍,39.0
002126,,0.0,0.5987,0.4453,0.5791,0.5646,0.0971,0.2433,0.0,1.0,0.0,0.0,0.5,0.7,0.4152,False,False,False,False,无明确战法态,53.21,5.41,49.22,True,423.1,汽车制造,氢能源/小米概念/金融改革,40.0
002127,,0.0,1.0,0.8321,0.1266,0.0,0.6995,0.1653,0.3,0.2984,0.0,0.0,0.5,0.0,0.4006,False,False,False,False,无明确战法态,2.76,-0.72,2.83,False,55.1,纺织行业,短剧游戏/网红经济/文化传媒概念,36.5
002128,,0.0,1.0,0.7092,0.0,0.0,0.511,0.1351,0.0,0.0,0.0,1.0,0.0,0.0,0.3181,False,False,False,False,无明确战法态,24.55,2.98,27.42,False,550.3,煤炭行业,光伏/业绩预降/社保重仓,26.5
002129,,0.0,0.5027,0.3835,1.0,1.0,0.4139,0.5427,0.3,0.9376,1.0,0.0,1.0,1.0,0.3153,False,False,False,False,无明确战法态,10.37,-5.98,10.02,True,418.9,电子器件,光伏/HIT电池/业绩预升,73.7
002130,,0.4341,0.8659,0.6214,0.0,0.0,0.5612,0.1571,0.6,0.0,0.0,1.0,0.0,0.0,0.5058,False,False,False,False,无明确战法态,18.28,3.8,21.4,False,209.7,发电设备,大飞机/钠电池/核电核能,28.3
002131,,0.9274,1.0,0.8265,0.0,0.0,0.6435,0.1369,0.0,0.0,0.0,0.0,0.0,0.0,0.6125,False,False,False,False,无明确战法态,4.52,-1.95,6.02,False,264.6,机械行业,水利建设/金融改革/快手概念,36.7
002132,,0.0,1.0,0.4299,1.0,1.0,0.4991,0.3618,0.3,1.0,0.0,0.0,0.5,0.7,0.3284,False,False,False,False,无明确战法态,5.56,-2.97,5.09,True,77.8,钢铁行业,光伏/黄金概念/硅能源,29.8
002133,,0.0,1.0,0.7858,0.0,0.0,0.6151,0.1281,0.0,0.0,0.0,0.0,0.0,0.0,0.5116,False,False,False,False,无明确战法态,2.54,2.01,2.87,False,19.6,房地产,金融改革/粮食概念,29.9
002134,,0.0,1.0,0.603,0.9631,1.0,0.4637,0.3071,0.9,1.0,0.0,0.0,1.0,0.7,0.35,False,False,False,False,无明确战法态,29.12,-2.58,27.76,True,72.1,电子器件,大飞机/专精特新/天津自贸区,73.7
002135,,0.744,1.0,0.7778,0.2509,0.0,0.8345,0.1675,0.0,0.1922,0.0,0.0,0.0,0.0,0.467,False,False,False,False,无明确战法态,6.66,0.91,7.22,False,69.5,建筑建材,乡村振兴/雄安新区/低空经济,28.0
002136,,0.4179,1.0,0.6639,0.3771,0.3449,0.6376,0.1498,0.3,0.4228,0.0,0.0,0.5,0.0,0.3569,False,False,False,False,无明确战法态,12.99,-2.26,13.46,False,27.9,化工行业,皖江区域/钛白粉概念,39.0
002137,,0.4585,0.6068,0.3596,1.0,1.0,0.2513,0.5528,0.6,1.0,1.0,0.0,1.0,1.0,0.3224,False,False,False,False,无明确战法态,10.42,5.36,9.73,True,41.3,电子器件,无线耳机/智能家居/绿色照明,73.7
002138,,0.9196,0.8459,0.6228,1.0,1.0,0.5649,0.4893,0.3,1.0,1.0,0.0,1.0,0.7,0.339,False,False,False,False,无明确战法态,64.87,-3.92,55.1,True,490.7,电子器件,光伏概念/华为概念/小米概念,73.7
002139,,0.0,0.338,0.5283,0.0,0.0,0.0,0.3655,0.9,0.2139,0.0,0.0,0.5,0.0,0.4205,False,False,False,False,无明确战法态,10.28,6.97,10.55,False,110.1,电子器件,锂电池/空气能热泵/两轮车,73.7
002140,,0.5027,1.0,0.8101,0.0,0.0,0.4991,0.1064,0.3,0.0,0.0,0.0,0.0,0.0,0.4277,False,False,False,False,无明确战法态,9.29,1.75,10.4,False,65.7,建筑建材,盐湖提锂/皖江区域/节能环保,28.0
002141,,0.3614,0.0,0.1577,1.0,1.0,0.0,0.6784,0.3,1.0,0.0,1.0,0.5,1.0,0.1992,False,False,False,False,无明确战法态,5.14,10.06,4.15,True,53.1,电子器件,盐湖提锂/创投/锂电池概念,73.7
002142,,0.0,1.0,0.8004,0.4499,0.138,0.5027,0.3585,0.3,0.4033,0.0,0.0,0.0,0.0,0.3969,False,False,False,False,B1候B2,30.29,-0.36,31.14,False,1998.8,金融行业,QFII重仓,39.0
002144,,0.0,1.0,0.7833,0.0,0.0,0.4866,0.0698,0.0,0.0,0.0,0.0,0.0,0.0,0.4906,False,False,False,False,无明确战法态,10.36,2.07,11.96,False,14.3,纺织行业,,36.5
002145,,0.0,1.0,0.6687,0.4914,1.0,0.4072,0.5512,0.3,0.6256,0.0,0.0,0.5,0.0,0.3842,False,False,False,False,无明确战法态,4.69,-2.9,4.66,True,178.5,化工行业,低碳经济/陕甘宁/钒电池,39.0
002146,,0.0,1.0,0.7576,0.0,0.0,0.3182,0.2421,0.3,0.0,0.0,0.0,0.0,0.0,0.4469,False,False,False,False,无明确战法态,1.13,2.73,1.26,False,44.2,房地产,京津冀/社保重仓,29.9
002148,,0.0,0.0,1.0,0.0,0.0,0.8192,0.2107,0.3,0.1112,0.0,0.0,0.0,0.0,0.5867,False,False,False,False,无明确战法态,6.56,10.07,6.82,False,29.6,电子信息,5G概念/网络游戏/手机游戏,32.2
002149,,0.2992,1.0,0.6772,0.1886,0.0,0.7795,0.3793,0.0,0.0,0.0,0.0,0.5,0.0,0.3686,False,False,False,False,无明确战法态,49.45,2.32,56.28,False,241.4,有色金属,核电核能/海工装备/超导概念,36.0
002150,,0.0,0.7014,0.5897,0.0,0.0,0.5036,0.2723,0.6,0.5828,0.0,0.0,0.5,0.0,0.4022,False,False,False,False,无明确战法态,26.9,4.79,27.69,False,96.4,机械行业,,36.7
002151,,0.0,0.9097,0.6809,0.0,0.0,0.4629,0.256,0.3,0.0,0.0,0.0,0.0,0.0,0.475,False,False,False,False,无明确战法态,32.45,3.54,35.82,False,143.7,电子信息,国防军工/军工航天/国家大基金持股,32.2
002152,,0.4136,1.0,0.8575,0.0,0.0,0.6942,0.1944,0.0,0.0,0.0,0.0,0.0,0.0,0.5233,False,False,False,False,无明确战法态,9.51,1.6,10.56,False,236.0,电子信息,电子支付/污水处理/社保重仓,32.2
002153,,0.0,1.0,0.8304,0.0,0.0,0.7197,0.1718,0.3,0.0,0.0,0.0,0.0,0.0,0.5853,False,False,False,False,无明确战法态,7.57,1.34,8.63,False,121.1,电子信息,国产软件/ERP概念/旅游概念,32.2
002154,,0.0,0.5463,0.5277,0.3937,0.0,0.2372,0.2994,0.0,0.6347,0.0,0.0,0.0,0.7,0.4664,False,False,False,False,B1候B2,3.88,5.72,3.86,True,45.8,服装鞋类,,47.0
002155,,0.1641,0.5703,0.677,0.0161,0.1624,0.0,0.6675,0.0,0.5169,0.0,0.0,0.5,0.0,0.3725,False,False,False,False,无明确战法态,25.93,5.58,26.47,False,405.2,有色金属,黄金概念/长株潭/业绩预降,36.0
002156,,1.0,0.8642,0.5933,1.0,1.0,0.759,0.3569,0.0,1.0,1.0,0.0,0.5,0.7,0.4104,False,False,False,False,无明确战法态,64.8,-3.81,63.11,True,983.3,电子器件,物联网/触摸屏/电子支付,73.7
002157,,0.0,1.0,0.7717,0.0566,0.0,0.7527,0.2235,0.3,0.1351,0.0,0.0,0.5,0.0,0.3868,False,False,False,False,无明确战法态,2.89,-1.03,3.07,False,225.1,农林牧渔,猪肉/生物育种/业绩预降,39.0
002158,,0.0,1.0,0.6153,1.0,1.0,0.4078,0.4654,0.0,1.0,0.0,0.0,1.0,0.7,0.3094,False,False,False,False,无明确战法态,35.97,-1.15,30.71,True,191.9,机械行业,专精特新/光伏/雄安新区,36.7
002159,,0.0,1.0,0.7938,0.0,0.0,0.7574,0.1755,0.3,0.0,0.0,0.0,0.0,0.0,0.5106,False,False,False,False,无明确战法态,13.21,2.17,14.55,False,18.3,酒店旅游,海南自贸/武汉规划/参股金融,29.9
002160,,0.3882,1.0,0.8759,0.0,0.0,0.0,0.0,0.3,0.0,0.0,0.0,0.0,0.0,0.5051,False,False,False,False,无明确战法态,3.79,0.8,4.5,False,39.1,有色金属,宁德时代概念/工业母机/汽车热管理,36.0
002161,,0.0327,1.0,0.6739,0.0,0.0,0.3556,0.1547,0.6,0.0,0.0,0.0,0.0,0.0,0.431,False,False,False,False,无明确战法态,5.62,1.81,6.36,False,41.6,电子信息,物联网/食品安全/机器人概念,32.2
002162,,0.0,0.839,0.6223,0.0,0.0,0.2346,0.3006,0.0,0.0,0.0,0.0,0.0,0.0,0.5355,False,False,False,False,无明确战法态,3.67,3.97,3.96,False,33.7,陶瓷行业,涉矿概念/准ST股/参股保险,54.0
002163,,0.0,1.0,0.7181,0.0,0.0,0.4132,0.1068,0.0,0.0,0.0,0.0,0.0,0.0,0.5586,False,False,False,False,无明确战法态,8.67,-0.91,10.5,False,69.7,建筑建材,光伏/节能环保/海南自贸区,28.0
002164,,0.0,0.2808,0.3239,0.2341,0.0,0.3638,0.2237,0.3,0.4911,0.0,0.0,0.0,0.0,0.4716,False,False,False,False,无明确战法态,12.91,7.32,12.93,False,61.9,电器行业,业绩预降,33.2
002165,,0.7943,0.7821,0.7128,0.0,0.0,0.722,0.369,0.3,0.0,0.0,0.0,0.0,0.0,0.5807,False,False,False,False,无明确战法态,6.22,-4.31,7.84,False,45.3,化工行业,锂电池/环氧丙烷/水泥概念,39.0
002166,,0.0,1.0,0.8459,0.0,0.0,0.6023,0.0898,0.0,0.0,0.0,0.0,0.0,0.0,0.4948,False,False,False,False,无明确战法态,6.56,1.08,7.67,False,48.5,生物制药,专精特新/超级细菌/参股金融,47.0
002167,,0.0,0.8538,0.2015,1.0,1.0,0.0,0.6047,0.6,1.0,0.0,0.0,1.0,1.0,0.2253,False,False,False,False,无明确战法态,25.04,-3.88,16.49,True,190.0,有色金属,国防军工/军工航天/核电核能,36.0
002168,,0.0,0.6758,0.6337,0.0811,0.0042,0.0,0.335,0.0,0.5154,0.0,0.0,0.0,0.0,0.5006,False,False,False,False,无明确战法态,3.82,4.95,3.83,False,30.0,发电设备,前海概念/手机游戏,28.3
002169,,0.917,1.0,0.8073,0.5286,0.0,0.7964,0.102,0.3,0.3387,0.0,0.0,0.0,1.0,0.4574,False,False,False,False,B2确认,13.87,0.22,14.86,False,105.2,发电设备,光伏/低碳经济/业绩预降,28.3
002170,,0.0,1.0,0.8629,0.0526,0.0,0.6139,0.244,0.3,0.2621,0.0,0.0,0.5,0.0,0.3435,False,False,False,False,无明确战法态,11.24,0.54,11.8,False,88.5,农药化肥,农村电商/土地流转,33.4
002171,,0.9683,0.6082,0.5662,1.0,1.0,0.5627,1.0,0.3,0.6028,0.0,0.0,0.5,1.0,0.5187,False,False,False,False,B1候B2,13.09,-5.35,13.25,False,211.2,有色金属,大飞机/军民融合/锂电池,36.0
002172,,0.0,1.0,0.7539,0.0,0.0,0.2928,0.2505,0.0,0.0,0.0,0.0,0.0,0.0,0.4921,False,False,False,False,无明确战法态,3.01,1.01,3.34,False,23.0,化纤行业,基因概念/准ST股/高压氧舱,37.1
002173,,0.0,1.0,0.7068,0.0,0.0,0.2894,0.4789,0.9,0.0,0.0,0.0,1.0,0.0,0.4356,False,False,False,False,无明确战法态,18.39,1.1,20.37,False,77.4,农林牧渔,高压氧舱,39.0
002174,,0.2383,1.0,0.6287,0.9248,1.0,0.6482,0.3281,0.6,1.0,0.0,0.0,0.5,0.7,0.3302,False,False,False,False,无明确战法态,12.33,2.49,11.45,True,120.7,电子信息,网络游戏/电子竞技/手机游戏,32.2
002175,,0.0,0.6968,1.0,0.0,0.0,0.0,0.0,0.0,0.3658,0.0,0.0,1.0,0.0,0.3301,False,False,False,False,无明确战法态,2.61,4.82,2.55,True,33.3,仪器仪表,,34.2
002176,,0.0337,1.0,0.7304,0.0827,0.0,0.67,0.2997,0.3,0.0,0.0,0.0,0.0,0.0,0.478,False,False,False,False,无明确战法态,10.17,0.3,11.23,False,173.3,电器行业,锂电池/涉矿概念,33.2
002177,,0.7871,1.0,0.8452,0.0,0.0,0.8526,0.1836,0.3,0.0,0.0,0.0,0.0,0.0,0.5359,False,False,False,False,无明确战法态,5.59,-0.18,6.75,False,37.7,电子信息,电子支付/民营银行/参股金融,32.2
002178,,0.2635,1.0,0.7576,0.0,0.0,0.7121,0.1681,0.3,0.0,0.0,0.0,0.0,0.0,0.6226,False,False,False,False,无明确战法态,4.48,1.82,5.39,False,31.9,建筑建材,金融改革/业绩预升/家庭医生,28.0
002179,,0.2483,0.835,0.6463,1.0,1.0,0.621,0.3863,0.0,1.0,0.0,0.0,1.0,0.7,0.3265,False,False,False,False,无明确战法态,42.35,-3.99,39.21,True,887.8,电子器件,大飞机/三板精选/国防军工,73.7
002180,,0.0,1.0,0.6699,0.0,0.4404,0.3133,0.3722,0.3,0.4422,0.0,0.0,1.0,0.0,0.3003,False,False,False,False,无明确战法态,16.37,0.06,16.27,True,222.7,电子信息,鸿蒙概念/智能座舱,32.2
002181,,0.7532,0.7193,0.5384,0.0,0.0,0.7318,0.2673,0.6,0.0,0.0,0.0,0.0,0.0,0.6541,False,False,False,False,无明确战法态,9.36,-4.68,12.63,False,106.2,传媒娱乐,网络游戏,29.0
002182,,0.0,1.0,0.5285,0.0,0.829,0.0121,0.466,0.3,0.7395,0.0,0.0,1.0,0.0,0.3527,False,False,False,False,无明确战法态,15.28,0.99,14.98,True,132.2,有色金属,业绩预升,36.0
002183,,0.7968,0.9477,0.7271,0.1579,0.0,0.8479,0.1477,0.0,0.0,0.0,0.0,0.0,0.0,0.5403,False,False,False,False,无明确战法态,4.96,-3.31,5.77,False,128.8,交通运输,白酒概念/金融改革/民营银行,32.0
002184,,0.0,0.6145,0.7723,0.0,0.0,0.0,0.1949,0.9,0.0,0.0,0.0,0.0,1.0,0.5818,False,False,False,False,无明确战法态,9.98,-5.31,11.06,False,24.0,电子信息,光伏,32.2
002185,,0.8549,0.8751,0.6382,1.0,1.0,0.6894,0.4792,0.3,1.0,1.0,0.0,0.5,0.7,0.3744,False,False,False,False,无明确战法态,19.51,-3.75,17.79,True,648.3,电子器件,触摸屏/汽车电子/机器人概念,73.7
002186,,0.0,1.0,0.8524,0.0,0.0,0.7305,0.1825,0.3,0.0,0.0,0.0,0.0,0.0,0.4844,False,False,False,False,无明确战法态,8.7,1.4,9.51,False,26.7,酒店旅游,白酒概念/NFT概念/预制菜,29.9
002187,,0.0,1.0,0.834,0.0,0.0,0.6681,0.2494,0.3,0.0,0.0,0.0,0.0,0.0,0.5236,False,False,False,False,无明确战法态,4.89,1.45,5.57,False,34.3,商业百货,广东自贸区/免税店/农村电商,30.2
002188,,0.0,1.0,0.668,0.0,0.0,0.4916,0.1351,0.0,0.0,0.0,0.0,0.0,0.0,0.4972,False,False,False,False,无明确战法态,5.14,2.39,5.85,False,13.2,电子器件,,73.7
002189,,0.0,0.9429,0.7802,0.397,0.8966,0.5675,0.4766,0.3,0.5954,0.0,0.0,1.0,0.0,0.4105,False,False,False,False,无明确战法态,21.4,-3.34,21.21,True,55.9,电子器件,业绩预降,73.7
002190,,0.1633,1.0,0.7832,0.0,0.0,0.7734,0.1648,0.6,0.0,0.0,0.0,0.0,0.0,0.5242,False,False,False,False,无明确战法态,24.21,2.24,27.83,False,86.8,汽车制造,大飞机/专精特新/国防军工,40.0
002191,,0.3369,1.0,0.8966,0.606,0.8669,0.7646,0.4825,0.6,0.5087,0.0,0.0,0.5,1.0,0.3243,False,False,False,False,无明确战法态,3.87,0.0,3.88,False,54.3,印刷包装,基因概念/蚂蚁集团概念/区块链,27.7
002192,,0.0,1.0,0.5739,0.9679,1.0,0.4663,0.4624,0.0,1.0,0.0,0.0,1.0,0.0,0.3586,False,False,False,False,无明确战法态,91.59,1.62,83.41,True,237.3,化工行业,稀缺资源/锂电池/涉矿概念,39.0
002193,,0.0,0.6609,0.6949,0.0,0.0,0.8351,0.1077,0.0,0.0,0.0,0.0,0.0,0.0,0.7053,False,False,False,False,无明确战法态,4.59,5.03,5.05,False,12.0,纺织行业,业绩预降,36.5
002194,,1.0,1.0,0.8599,0.2332,0.0,0.9248,0.2626,0.6,0.0,0.0,0.0,0.0,0.7,0.6495,False,False,False,False,无明确战法态,9.55,0.32,11.52,False,48.8,电子信息,5G概念/武汉规划/宽带提速,32.2
002195,,0.6062,1.0,0.7923,0.0,0.0,0.634,0.1775,0.0,0.0,0.0,0.0,0.0,0.0,0.4639,False,False,False,False,无明确战法态,6.53,1.71,7.76,False,366.7,电子信息,国产软件/业绩预降/AI PC,32.2
002196,,0.0,0.2858,0.4121,0.0,0.0,0.0941,0.2391,0.6,0.7639,0.0,0.0,0.0,0.0,0.4472,False,False,False,False,无明确战法态,13.99,7.29,13.74,True,68.3,纺织机械,业绩预降,45.1
002197,,0.067,1.0,0.7489,0.0,0.0,0.5394,0.1764,0.0,0.0,0.0,0.0,0.0,0.0,0.5376,False,False,False,False,无明确战法态,5.97,2.23,6.86,False,31.9,仪器仪表,垃圾分类/电子支付/绿色照明,34.2
002198,,0.0,0.6517,0.7605,0.0,0.0,0.5487,0.2682,0.0,0.0,0.0,0.0,0.5,0.0,0.6613,False,False,False,False,无明确战法态,3.51,5.09,4.4,False,17.8,生物制药,业绩预升,47.0
002199,,0.0,0.6721,0.7123,0.9282,0.0,0.8359,0.2231,0.0,1.0,0.0,0.0,0.0,0.7,0.4074,False,False,False,False,B1候B2,12.89,4.97,12.06,True,29.8,电子器件,ST板块,73.7
002200,,0.0,0.8691,0.4848,0.0,0.0,0.0,0.0,0.0,0.2873,0.0,0.0,0.5,0.0,0.3685,False,False,False,False,无明确战法态,6.58,3.79,6.84,False,12.9,环保行业,节能环保,29.2
002201,,1.0,1.0,0.7862,0.2188,0.0,0.8122,0.2676,0.0,0.0,0.0,0.0,0.5,0.0,0.6214,False,False,False,False,无明确战法态,10.31,0.19,11.98,False,62.1,化工行业,风能概念/沿海发展/参股金融,39.0
002202,,0.0,0.7344,0.5803,0.0,0.5399,0.2544,0.4182,0.3,0.9152,0.0,0.0,1.0,0.0,0.4024,False,False,False,False,无明确战法态,24.59,4.59,24.0,True,827.1,发电设备,碳中和/碳交易/低碳经济,28.3
002203,,0.9006,0.8394,0.4811,1.0,1.0,0.6219,0.2774,0.3,1.0,1.0,0.0,0.5,0.7,0.4287,False,False,False,False,无明确战法态,21.77,3.96,20.76,True,481.6,有色金属,涉矿概念/业绩预升/参股金融,36.0
002204,,0.0362,1.0,0.7995,0.0,0.0,0.381,0.1458,0.0,0.0,0.0,0.0,0.0,0.0,0.4246,False,False,False,False,无明确战法态,5.44,2.26,5.93,False,105.1,机械行业,业绩预降/参股金融,36.7
002205,,0.0982,0.9423,0.5604,0.0,0.0,0.2954,0.1794,0.0,0.0,0.0,0.0,0.0,0.0,0.5432,False,False,False,False,无明确战法态,10.5,3.35,12.01,False,19.5,建筑建材,水利建设/业绩预升,28.0
002206,,0.0,1.0,0.8416,0.0866,0.3115,0.6726,0.3046,0.3,0.3012,0.0,0.0,0.5,0.0,0.3518,False,False,False,False,无明确战法态,5.43,-0.73,5.63,False,57.4,化纤行业,锂电池/涉矿概念/俄乌冲突概念,37.1
002207,,0.0,1.0,0.6517,0.0,0.0,0.7281,0.1532,0.0,0.0,0.0,0.0,0.5,1.0,0.4451,False,False,False,False,无明确战法态,6.8,1.49,7.82,False,17.7,石油行业,油气改革/业绩预升,26.5
002208,,0.0,1.0,0.3844,1.0,1.0,0.5128,0.2158,0.0,1.0,0.0,0.0,1.0,0.7,0.2982,False,False,False,False,无明确战法态,19.22,0.84,16.8,True,154.4,房地产,皖江区域/业绩预降/创投,29.9
002209,,0.0,0.8511,0.7088,0.0,0.0,0.6124,0.1713,0.0,0.0,0.0,0.0,0.0,0.0,0.5697,False,False,False,False,无明确战法态,10.94,3.89,12.5,False,17.1,机械行业,智能机器/业绩预降/消毒剂,36.7
002210,,0.0,1.0,0.7879,0.0,0.0,0.7679,0.1749,0.0,0.0,0.0,0.0,0.0,0.0,0.5699,False,False,False,False,无明确战法态,2.23,1.36,2.56,False,59.2,交通运输,油气改革,32.0
002211,,0.0,1.0,0.6032,0.7011,1.0,0.2401,0.5557,0.0,1.0,0.0,0.0,1.0,0.7,0.3475,False,False,False,False,无明确战法态,4.2,0.0,3.79,True,18.2,化工行业,准ST股/有机硅概念,39.0
002212,,0.0466,1.0,0.8252,0.0,0.0,0.568,0.1307,0.6,0.0,0.0,0.0,0.0,0.0,0.5425,False,False,False,False,无明确战法态,5.74,0.35,6.72,False,67.0,发电设备,核电核能/电子身份证/EDR概念,28.3
002213,,0.6662,1.0,0.6141,0.8407,0.0548,0.8503,0.33,0.3,0.435,0.0,0.0,0.0,0.7,0.4259,False,False,False,False,无明确战法态,34.99,0.26,36.6,False,72.3,汽车制造,创投/硅能源/WiFi 6,40.0
002214,,0.0,1.0,0.7983,0.0,0.0,0.7415,0.2557,0.3,0.0,0.0,0.0,0.0,0.0,0.5274,False,False,False,False,无明确战法态,14.69,1.03,16.15,False,70.3,仪器仪表,国防军工/军工航天,34.2
002215,,0.0,1.0,0.8073,0.0201,0.0,0.6344,0.3548,0.3,0.0624,0.0,0.0,0.0,0.0,0.4119,False,False,False,False,无明确战法态,8.83,2.08,9.37,False,71.4,农药化肥,草甘膦/生态农业/农村电商,33.4
002216,,0.0,1.0,0.8286,0.3251,0.0426,0.6561,0.2765,0.0,0.613,0.0,0.0,0.5,0.0,0.3788,False,False,False,False,无明确战法态,12.19,1.08,12.18,True,76.9,食品行业,,35.0
002217,,0.7258,0.7063,0.3651,0.0,0.0,0.0,0.0,0.3,0.0,0.0,1.0,0.0,0.0,0.5264,False,False,False,False,无明确战法态,1.76,4.76,2.48,False,128.1,化工行业,黄河三角/触摸屏/电子纸,39.0
002218,,0.0,1.0,0.8095,0.0,0.0,0.8218,0.0912,0.0,0.0,0.0,0.0,0.0,0.0,0.5312,False,False,False,False,无明确战法态,3.79,-1.56,4.68,False,52.6,电子器件,光伏/HIT电池/业绩预降,73.7
002219,,0.0,1.0,0.779,0.0,0.0,0.6025,0.2322,0.0,0.0,0.0,0.0,0.0,0.0,0.5639,False,False,False,False,无明确战法态,1.83,1.1,2.07,False,59.9,生物制药,抗癌/民营医院/业绩预升,47.0
002221,,0.3415,1.0,0.7753,0.0,0.0,0.415,0.1313,0.0,0.0,0.0,0.0,0.0,0.0,0.5774,False,False,False,False,无明确战法态,5.41,1.31,6.63,False,79.0,石油行业,页岩气,26.5
002222,,1.0,0.9422,0.7119,0.7036,0.0,0.8056,0.2494,0.0,0.1074,0.0,0.0,0.0,0.7,0.5128,False,False,False,False,无明确战法态,82.3,-3.35,91.66,False,385.3,电子器件,海峡西岸/福建自贸区/共封装光学(CPO),73.7
002223,,0.0,1.0,0.8523,0.0,0.1429,0.4015,0.3847,0.0,0.0787,0.0,0.0,1.0,0.0,0.4099,False,False,False,False,无明确战法态,26.6,1.6,27.96,False,250.7,医疗器械,社保重仓/蚂蚁集团概念/消毒剂,37.8
002224,,0.0,1.0,0.8623,0.0,0.0,0.5637,0.2058,0.0,0.0,0.0,0.0,0.0,0.0,0.5156,False,False,False,False,无明确战法态,3.44,1.47,3.79,False,27.7,化工行业,国防军工/军工航天/业绩预升,39.0
002225,,0.0,1.0,0.6454,0.055,1.0,0.5922,0.6776,0.3,0.307,0.0,0.0,1.0,0.0,0.4468,False,False,False,False,无明确战法态,4.57,-2.77,4.62,False,43.4,建筑建材,碳中和/氢能源/涉矿概念,28.0
002226,,0.0,1.0,0.775,0.0,0.0,0.7878,0.1289,0.0,0.0,0.0,0.0,0.0,0.0,0.5127,False,False,False,False,无明确战法态,4.69,-1.05,5.14,False,124.2,化工行业,专精特新/光伏/皖江区域,39.0
002227,,0.0,1.0,0.845,0.0,0.0,0.7236,0.166,0.0,0.0,0.0,0.0,0.5,0.0,0.4809,False,False,False,False,无明确战法态,6.88,0.0,7.88,False,16.9,发电设备,低碳经济/核电核能/业绩预升,28.3
002228,,0.0,1.0,0.8013,0.0,0.0,0.5255,0.2081,0.0,0.0,0.0,0.0,0.0,0.0,0.485,False,False,False,False,无明确战法态,3.09,2.32,3.38,False,37.4,印刷包装,海峡西岸/业绩预升/数字水印,27.7
002229,,0.2276,1.0,0.8188,0.0,0.0,0.8724,0.1411,0.0,0.0,0.0,0.0,0.0,0.0,0.6261,False,False,False,False,无明确战法态,10.38,0.78,13.8,False,51.2,印刷包装,海峡西岸/网络游戏/绿色照明,27.7
002230,,0.0,1.0,0.7614,0.0,0.0,0.5264,0.3152,0.0,0.0,0.0,0.0,0.0,0.0,0.4708,False,False,False,False,无明确战法态,41.51,1.05,45.4,False,908.8,电子信息,无线耳机/雄安新区/皖江区域,32.2
002232,,0.0,1.0,0.7973,0.0,0.0,0.1923,0.1425,0.0,0.0,0.0,0.0,0.0,0.0,0.5214,False,False,False,False,无明确战法态,14.86,0.41,15.88,False,60.7,电子信息,朝鲜改革/业绩预降/EDR概念,32.2
002233,,0.0,0.9031,0.6602,0.0,0.0,0.4552,0.153,0.6,0.1289,0.0,0.0,0.0,0.0,0.5946,False,False,False,False,无明确战法态,7.52,3.58,7.95,False,88.2,水泥行业,业绩预升/节能环保/水泥概念,35.7
002234,,0.0,1.0,0.7234,0.0,0.0,0.3949,0.2675,0.9,0.0743,0.0,0.0,0.5,0.0,0.3995,False,False,False,False,无明确战法态,7.09,1.43,7.5,False,21.4,农林牧渔,,39.0
002235,,0.0,0.1659,0.3426,0.0,0.0,0.2633,0.2698,0.3,0.4175,0.0,0.0,0.5,0.0,0.4795,False,False,False,False,无明确战法态,9.31,8.0,9.46,False,51.5,造纸行业,海峡西岸,31.9
002236,,0.0,1.0,0.8183,0.1702,0.27,0.4946,0.5097,0.0,0.4769,0.0,0.0,1.0,0.0,0.4249,False,False,False,False,无明确战法态,16.8,1.76,16.95,False,401.7,仪器仪表,业绩预升/基金重仓/华为昇腾,34.2
002237,,0.4319,1.0,0.7471,0.0543,0.4279,0.0,0.3227,0.3,0.2132,0.0,0.0,1.0,0.0,0.3866,False,False,False,False,无明确战法态,13.73,0.15,14.59,False,163.7,有色金属,黄金概念/参股金融/化肥,36.0
002238,,0.3803,1.0,0.8054,0.0,0.0,0.5737,0.1868,0.3,0.0,0.0,0.0,0.0,0.0,0.4807,False,False,False,False,无明确战法态,5.54,1.09,6.46,False,44.5,传媒娱乐,短剧游戏,29.0
002239,,0.0,1.0,0.8672,0.0,0.0,0.6011,0.4283,0.6,0.1371,0.0,0.0,1.0,0.0,0.3651,False,False,False,False,无明确战法态,2.53,0.8,2.66,False,67.9,服装鞋类,盐湖提锂/涉矿概念/业绩预升,47.0
002240,,0.2196,0.9266,0.5765,0.4591,0.0,0.6786,0.3101,0.0,0.153,0.0,0.0,0.0,0.0,0.4455,False,False,False,False,无明确战法态,42.1,-3.44,45.96,False,384.3,家具行业,锂电池,39.0
002241,,0.5134,1.0,0.825,0.1065,0.0,0.7793,0.4325,0.6,0.0,0.0,0.0,0.0,0.7,0.3707,False,False,False,False,无明确战法态,22.05,1.52,24.17,False,693.1,电子器件,无线耳机/绿色照明/业绩预升,73.7
002242,,0.0,1.0,0.8465,0.0,0.0,0.7311,0.2569,0.0,0.0,0.0,0.0,0.0,0.0,0.5782,False,False,False,False,无明确战法态,8.31,0.73,9.02,False,63.3,家电行业,黄河三角,35.7
002243,,0.0889,1.0,0.8514,0.0,0.0,0.7911,0.2023,0.3,0.0,0.0,0.0,0.0,0.0,0.5415,False,False,False,False,无明确战法态,6.77,0.59,8.03,False,81.5,塑料制品,建筑节能/深圳国企改革,33.5
002244,,0.0,1.0,0.7643,0.0,0.0,0.6365,0.1978,0.0,0.0,0.0,0.0,0.0,1.0,0.559,False,False,False,False,无明确战法态,8.01,1.14,9.15,False,220.9,房地产,固态电池/业绩预升/信托重仓,29.9
002245,,0.1572,0.6473,0.3419,1.0,0.9165,0.383,0.2892,0.0,1.0,0.0,0.0,0.0,0.7,0.3327,False,False,False,False,B1候B2,20.34,5.12,18.4,True,326.8,交通运输,金融改革/绿色照明/两轮车,32.0
002246,,0.0,1.0,0.7833,0.0,0.0,0.8446,0.1248,0.3,0.0,0.0,0.0,0.0,0.0,0.6213,False,False,False,False,无明确战法态,19.05,1.49,21.11,False,104.6,化工行业,国防军工/军工航天/核污染防治,39.0
002247,,0.0,1.0,0.726,0.0,0.0,0.5936,0.1832,0.0,0.0,0.0,0.0,0.0,0.0,0.4903,False,False,False,False,无明确战法态,2.23,1.83,2.49,False,14.4,建筑建材,,28.0
002248,,0.0,1.0,0.6973,0.0,0.0,0.3999,0.2613,0.0,0.0,0.0,0.0,0.0,0.0,0.577,False,False,False,False,无明确战法态,9.52,2.92,10.62,False,29.3,机械行业,核电核能,36.7
002249,,0.0,0.0,0.3923,0.0,0.0,0.3177,0.1847,0.3,0.3121,0.0,0.0,0.0,0.0,0.5932,False,False,False,False,无明确战法态,8.33,10.04,8.56,False,155.1,电器行业,节能环保,33.2
002250,,0.0,1.0,0.6819,0.0,0.5415,0.0,0.3603,0.3,0.967,0.0,0.0,1.0,0.0,0.3777,False,False,False,False,无明确战法态,15.65,0.9,14.94,True,140.1,化工行业,金融改革/基金重仓/氟化工概念,39.0
002251,,0.1443,1.0,0.6825,0.0,0.0,0.7716,0.3011,0.9,0.0,0.0,0.0,0.0,1.0,0.4829,False,False,False,False,无明确战法态,3.54,-0.84,4.08,False,76.2,商业百货,长株潭/内贸规划/免税店,30.2
002252,,0.0,1.0,0.8381,0.0,0.0,0.3315,0.2487,0.6,0.0,0.0,0.0,0.0,0.0,0.5122,False,False,False,False,无明确战法态,4.61,1.77,5.06,False,303.7,生物制药,超级细菌/重组蛋白,47.0
002253,,0.0,1.0,0.7839,0.1604,0.0,0.0,0.0,0.0,0.1351,0.0,0.0,0.0,0.0,0.4572,False,False,False,False,无明确战法态,10.25,0.69,10.96,False,21.5,电子信息,国防军工/军工航天/成飞概念,32.2
002254,,0.9476,1.0,0.704,1.0,1.0,0.7637,0.2392,0.6,1.0,1.0,0.0,0.5,0.7,0.4358,True,False,False,False,B1候B2,16.68,-1.24,15.59,True,141.9,化纤行业,氢能源/国防军工/军民融合,37.1
002255,,0.0,1.0,0.8369,0.0,0.0,0.5811,0.3044,0.3,0.0932,0.0,0.0,1.0,0.0,0.3822,False,False,False,False,无明确战法态,9.45,0.53,10.1,False,60.3,机械行业,光伏/低碳经济/核电核能,36.7
002256,,0.812,1.0,0.7969,0.0909,0.0,0.8723,0.1788,0.0,0.0,0.0,0.0,0.0,0.0,0.5049,False,False,False,False,无明确战法态,3.52,-2.49,4.11,False,70.9,化工行业,光伏/盐湖提锂/业绩预升,39.0
002258,,0.0,1.0,0.7108,0.3323,0.9654,0.1558,0.4263,0.9,0.7549,0.0,0.0,0.5,0.0,0.3983,False,False,False,False,无明确战法态,13.75,-0.58,13.45,True,109.9,农药化肥,业绩预升/草甘膦,33.4
002259,,0.0,1.0,0.8299,0.0,0.0,0.779,0.0943,0.3,0.0,0.0,0.0,0.0,0.0,0.4787,False,False,False,False,无明确战法态,3.96,1.02,4.64,False,29.8,家具行业,成渝特区/准ST股/业绩预升,39.0
002261,,0.0,1.0,0.739,0.0,0.0,0.3246,0.2714,0.3,0.0416,0.0,0.0,0.0,0.0,0.3825,False,False,False,False,无明确战法态,29.18,-2.38,31.24,False,334.4,电子信息,5G概念/长株潭/网络游戏,32.2
002262,,0.0,1.0,0.8684,0.0336,0.2342,0.4101,0.4378,0.3,0.4234,0.0,0.0,0.5,0.0,0.3537,False,False,False,False,无明确战法态,19.98,1.16,20.11,False,176.6,生物制药,仿制药/阿尔茨海默概念/芬太尼,47.0
002263,,1.0,1.0,0.8131,0.2185,0.0,0.8686,0.1738,0.3,0.0,0.0,0.0,0.0,0.0,0.5994,False,False,False,False,无明确战法态,3.24,0.93,3.91,False,60.9,塑料制品,光伏/锂电池/信托重仓,33.5
002264,,0.0,1.0,0.7631,0.0,0.0,0.5046,0.275,0.3,0.0,0.0,0.0,0.0,0.0,0.5842,False,False,False,False,无明确战法态,6.04,2.2,6.93,False,39.5,商业百货,海峡西岸/赛马概念/业绩预降,30.2
002265,,0.0,0.6173,0.5254,0.0,0.0,0.1015,0.1627,0.3,0.0,0.0,0.0,0.0,0.0,0.4759,False,False,False,False,无明确战法态,18.49,5.3,20.37,False,191.0,汽车制造,国防军工/军工航天/准ST股,40.0
002266,,0.0,0.4646,0.5057,0.5964,0.8798,0.0446,0.2556,0.3,1.0,0.0,0.0,1.0,0.7,0.3954,False,False,True,False,B1候B2,5.3,6.21,4.94,True,256.7,电器行业,黄金概念/核电核能/抽水蓄能,33.2
002267,,0.0,1.0,0.7917,0.0583,0.0,0.4595,0.2823,0.3,0.3002,0.0,0.0,0.5,0.0,0.4168,False,False,False,False,无明确战法态,6.89,2.53,7.1,False,76.6,供水供气,陕甘宁/社保重仓/信托重仓,26.9
002268,,0.0,1.0,0.8112,0.0,0.0,0.311,0.1589,0.3,0.0,0.0,0.0,0.5,0.0,0.3467,False,False,False,False,无明确战法态,13.55,0.97,14.61,False,114.5,电子信息,国防军工/军工航天/电子支付,32.2
002269,,0.0,1.0,0.8039,0.0,0.0,0.4823,0.2626,0.3,0.0,0.0,0.0,0.0,0.0,0.4555,False,False,False,False,无明确战法态,1.38,1.47,1.52,False,32.3,服装鞋类,金融参股,47.0
002270,,0.2316,0.0,0.4429,0.0,0.0,0.528,0.1143,0.0,0.0,0.0,1.0,0.0,0.0,0.5846,False,False,False,False,无明确战法态,20.14,9.99,22.66,False,180.5,机械行业,专精特新/黄河三角/智能机器,36.7
002271,,0.0,0.9831,0.7429,0.0,0.0,0.4395,0.2052,0.0,0.0,0.0,0.0,0.0,0.0,0.5055,False,False,False,False,无明确战法态,12.3,3.1,13.51,False,235.5,建筑建材,民营银行/业绩预升/冰雪产业,28.0
002272,,0.1816,1.0,0.4908,1.0,1.0,0.5802,0.5418,0.3,1.0,0.0,0.0,1.0,0.7,0.3468,False,False,False,False,无明确战法态,23.26,-2.92,21.04,True,94.9,机械行业,光伏/垃圾分类/业绩预降,36.7
002273,,0.0,0.6287,0.4943,0.8726,0.9656,0.0,0.1634,0.0,1.0,0.0,0.0,1.0,0.7,0.4022,False,False,False,False,无明确战法态,36.98,-5.23,34.57,True,503.7,电子器件,触摸屏/社保重仓/AI手机,73.7
002274,,0.0,1.0,0.8642,0.0,0.0,0.7592,0.1843,0.0,0.0,0.0,0.0,0.0,0.0,0.5076,False,False,False,False,无明确战法态,4.91,0.0,5.48,False,46.0,农药化肥,氢燃料/沿海发展/钒电池,33.4
002275,,0.0,1.0,0.8187,0.1427,0.1867,0.0762,0.2933,0.0,0.5632,0.0,0.0,0.5,0.0,0.3682,False,False,False,False,无明确战法态,13.17,2.33,13.05,True,73.4,生物制药,抗癌,47.0
002276,,0.0,0.4769,0.4851,0.0,0.0,0.0,0.1478,0.6,0.0,0.0,0.0,0.0,0.0,0.4535,False,False,False,False,无明确战法态,10.72,6.14,12.1,False,108.0,发电设备,国防军工/军工航天/核电核能,28.3
002277,,0.0,1.0,0.7317,0.2546,0.1738,0.5326,0.1612,0.3,0.5282,0.0,0.0,0.5,1.0,0.3507,False,False,False,False,B2确认,6.35,-1.7,6.38,False,88.5,商业百货,长株潭/金融改革/民营银行,30.2
002278,,0.0,1.0,0.7326,0.0,0.0,0.5453,0.2181,0.3,0.0,0.0,0.0,0.0,0.0,0.5547,False,False,False,False,无明确战法态,7.95,2.85,9.36,False,28.5,机械行业,页岩气,36.7
002279,,0.1981,1.0,0.8511,0.0,0.0,0.806,0.2018,0.3,0.0,0.0,0.0,0.0,0.0,0.6336,False,False,False,False,无明确战法态,5.81,-0.17,7.02,False,46.2,电子信息,国产软件/快手概念/化债概念(AMC概念),32.2
002281,,0.9685,1.0,0.2869,1.0,1.0,0.7363,0.2958,0.0,1.0,1.0,0.0,0.5,0.7,0.4427,False,False,False,False,无明确战法态,217.33,-0.39,201.24,True,1696.3,电子信息,百度概念/5G概念/武汉规划,32.2
002282,,0.2419,1.0,0.8252,0.0,0.0,0.5906,0.2112,0.3,0.0,0.0,0.0,0.0,0.0,0.4026,False,False,False,False,无明确战法态,5.84,2.1,6.29,False,29.5,机械行业,京津冀,36.7
002283,,0.0,0.0,0.3054,0.3305,0.0,0.623,0.1893,0.3,0.8285,0.0,1.0,0.0,0.0,0.554,False,False,False,False,无明确战法态,10.24,9.99,10.19,True,102.7,汽车制造,高端装备/高股息精选/工业互联网,40.0
002284,,0.0,0.4082,0.4746,0.0,0.0,0.0376,0.1659,0.0,0.0,0.0,0.0,0.0,0.0,0.533,False,False,False,False,无明确战法态,10.41,6.55,11.64,False,76.2,汽车制造,业绩预升,40.0
002285,,0.366,1.0,0.7436,0.0,0.0,0.5569,0.1301,0.0,0.0,0.0,0.0,0.0,0.0,0.6249,False,False,False,False,无明确战法态,2.08,0.0,2.53,False,41.1,房地产,金融改革/业绩预升/横琴新区,29.9
002286,,0.0,0.6029,0.5375,0.0472,0.0,0.3306,0.4774,0.3,0.1779,0.0,0.0,0.0,0.0,0.4686,False,False,False,False,无明确战法态,8.81,5.38,9.24,False,32.6,食品行业,民营银行/代糖概念,35.0
002287,,0.0,1.0,0.8273,0.0,0.0,0.0864,0.2295,0.0,0.2736,0.0,0.0,0.5,0.0,0.4157,False,False,False,False,无明确战法态,20.2,2.59,20.74,False,115.3,生物制药,参股金融/阿尔茨海默概念/医药电商,47.0
002289,,0.0,0.7399,0.3651,1.0,1.0,0.0,0.0,0.0,1.0,0.0,0.0,0.5,0.7,0.2612,False,False,False,False,无明确战法态,46.77,4.56,39.72,True,128.4,电子器件,ST板块/触摸屏/算力租赁,73.7
002290,,0.0355,1.0,0.6787,0.9183,0.7872,0.8034,0.1738,0.0,1.0,1.0,0.0,1.0,0.7,0.3195,False,False,False,False,无明确战法态,86.0,-2.24,83.05,True,212.6,家电行业,文化传媒概念/云游戏/智能物流,35.7
002291,,0.1391,1.0,0.8095,0.0,0.0,0.7247,0.121,0.0,0.0,0.0,0.0,0.0,0.0,0.5268,False,False,False,False,无明确战法态,4.9,0.0,5.76,False,42.6,服装鞋类,快手概念,47.0
002292,,0.0,0.0,0.8767,0.0,0.0,0.1173,0.556,0.6,0.7908,0.0,0.0,0.5,0.0,0.4823,False,False,False,False,无明确战法态,7.73,9.96,7.34,True,78.7,传媒娱乐,婴童概念/网络游戏/手机游戏,29.0
002293,,0.0,1.0,0.7296,0.5076,1.0,0.2754,0.4205,0.3,1.0,0.0,0.0,1.0,0.0,0.3644,False,False,False,False,无明确战法态,11.07,2.03,10.08,True,91.9,服装鞋类,三胎概念/网红经济,47.0
002294,,0.0,0.0,0.3487,0.0,0.2853,0.0,0.585,0.3,0.6515,0.0,0.0,1.0,0.0,0.5361,False,False,False,False,无明确战法态,40.08,9.99,37.86,True,446.7,生物制药,仿制药/前海概念/业绩预升,47.0
002295,,0.4342,1.0,0.7984,0.0,0.0,0.5543,0.224,0.0,0.0,0.0,0.0,0.0,0.0,0.4503,False,False,False,False,无明确战法态,8.79,2.21,10.07,False,22.0,有色金属,,36.0
002296,,0.0,1.0,0.7714,0.0,0.0,0.5016,0.2606,0.3,0.0,0.0,0.0,0.0,0.0,0.4557,False,False,False,False,无明确战法态,9.24,2.21,10.18,False,32.1,电子信息,大飞机/专精特新/业绩预升,32.2
002297,,1.0,1.0,0.5582,1.0,1.0,0.8317,0.5411,0.3,1.0,1.0,0.0,0.5,0.7,0.3988,True,False,False,False,B1候B2,27.58,-2.27,23.82,True,158.1,其它行业,大飞机/国防军工/军民融合,37.8
002298,,0.3768,1.0,0.858,0.0,0.0,0.9125,0.1359,0.0,0.0,0.0,0.0,0.0,0.0,0.5631,False,False,False,False,无明确战法态,7.53,0.27,9.04,False,49.8,电器行业,皖江区域/民营银行,33.2
002299,,0.0,1.0,0.808,0.0452,0.0,0.3404,0.3665,0.6,0.4217,0.0,0.0,0.5,0.0,0.3865,False,False,False,False,无明确战法态,16.33,0.06,16.67,False,199.0,农林牧渔,食品安全/社保重仓/券商重仓,39.0
002300,,0.1556,1.0,0.823,0.0,0.0,0.8712,0.102,0.0,0.0,0.0,0.0,0.0,0.0,0.5559,False,False,False,False,无明确战法态,6.83,0.74,8.21,False,49.3,发电设备,国防军工/军工航天,28.3
002301,,0.0,0.9025,0.6756,0.485,0.6333,0.5616,0.257,0.3,1.0,0.0,0.0,0.5,0.7,0.3293,False,False,False,False,B1候B2,8.09,3.59,7.56,True,58.1,,业绩预降/QFII重仓,
002302,,0.0454,1.0,0.8322,0.0,0.0,0.5807,0.113,0.0,0.0,0.0,0.0,0.0,0.0,0.5321,False,False,False,False,无明确战法态,4.45,1.83,5.05,False,56.2,水泥行业,水泥概念,35.7
002303,,0.0,1.0,0.7514,0.9255,1.0,0.3698,0.6535,0.9,1.0,0.0,0.0,1.0,1.0,0.2465,False,False,False,False,无明确战法态,4.3,0.23,3.64,True,41.6,造纸行业,国防军工/军民融合/军工航天,31.9
002304,,0.0,1.0,0.8646,0.0,0.0,0.5173,0.2823,0.9,0.0,0.0,0.0,0.0,0.0,0.4516,False,False,False,False,无明确战法态,38.68,0.7,42.89,False,582.7,酿酒行业,白酒概念/基金重仓,27.4
002305,,0.0,0.6274,0.651,0.0,0.0,0.0969,0.1781,0.3,0.0696,0.0,0.0,0.0,0.0,0.4902,False,False,False,False,无明确战法态,2.01,5.24,2.14,False,34.9,房地产,武汉规划/业绩预升/信托重仓,29.9
002306,,0.0,0.9196,0.7347,0.0,0.0,0.0,0.0,0.0,0.41,0.0,0.0,0.5,0.0,0.3396,False,False,False,False,无明确战法态,2.08,3.48,2.12,False,16.9,酒店旅游,节能环保/BC电池/NFT概念,29.9
002307,,0.3815,1.0,0.8439,0.0,0.0,0.3121,0.1508,0.3,0.0,0.0,0.0,0.0,0.0,0.6183,False,False,False,False,无明确战法态,3.04,1.67,3.86,False,49.5,建筑建材,乡村振兴/水利/新疆振兴,28.0
002309,,0.3913,1.0,0.8315,0.0,0.0,0.806,0.122,0.0,0.0,0.0,0.0,0.0,0.0,0.6074,False,False,False,False,无明确战法态,2.77,0.0,3.4,False,66.6,电器行业,光伏/HIT电池/国防军工,33.2
002310,,0.0,1.0,0.7345,0.0,0.0,0.7623,0.1276,0.0,0.0,0.0,0.0,0.5,0.0,0.5409,False,False,False,False,无明确战法态,2.22,-1.77,2.58,False,97.7,建筑建材,基金重仓/生态农业/汽车拆解概念,28.0
002311,,0.0,1.0,0.746,0.1404,0.6871,0.5837,0.5241,0.0,0.4933,0.0,0.0,1.0,0.0,0.38,False,False,False,False,无明确战法态,45.39,-1.18,45.14,True,746.1,农林牧渔,猪肉/社保重仓/信托重仓,39.0
002312,,0.7621,1.0,0.7815,0.0,0.5848,0.6416,0.3952,0.3,0.0488,0.0,0.0,0.5,0.0,0.4091,False,False,False,False,无明确战法态,9.2,-2.75,9.82,False,173.3,电子信息,业绩预降/券商重仓/农村电商,32.2
002313,,0.0,0.476,0.2854,0.0,0.0,0.0,0.1583,0.0,0.0371,0.0,0.0,0.0,0.0,0.4513,False,False,False,False,无明确战法态,8.12,6.14,8.61,False,30.4,电子信息,5G概念/宽带提速/业绩预升,32.2
002314,,0.0,1.0,0.8366,0.0,0.0,0.8956,0.2749,0.6,0.0,0.0,0.0,0.5,0.0,0.4831,False,False,False,False,无明确战法态,2.06,0.98,2.3,False,27.6,建筑建材,国产航母,28.0
002315,,0.0,1.0,0.8083,0.0,0.0,0.6658,0.2611,0.0,0.0,0.0,0.0,0.0,0.0,0.5411,False,False,False,False,无明确战法态,24.21,0.88,27.33,False,63.7,电子信息,电子支付/电商概念/参股金融,32.2
002316,,0.0,1.0,0.6803,0.0,0.0,0.6188,0.2238,0.0,0.0,0.0,0.0,0.0,0.0,0.4992,False,False,False,False,无明确战法态,4.27,2.4,4.79,False,14.6,电子信息,5G概念/ETC/粮食概念,32.2
002317,,0.0,0.9023,0.3884,1.0,1.0,0.2575,0.3809,0.0,1.0,0.0,0.0,1.0,0.7,0.3543,False,False,False,False,无明确战法态,27.44,3.59,22.23,True,209.0,生物制药,,47.0
002318,,0.0161,1.0,0.8234,0.0,0.0533,0.7554,0.3457,0.3,0.1486,0.0,0.0,0.5,0.0,0.4339,False,False,False,False,无明确战法态,23.85,1.88,25.35,False,227.7,钢铁行业,核电核能/海工装备/核电,29.8
002319,,0.0,0.6228,0.5802,0.0,0.0,0.447,0.2616,0.6,0.3981,0.0,0.0,0.5,1.0,0.4336,False,False,False,False,无明确战法态,11.2,5.26,11.38,False,23.5,化工行业,横琴新区,39.0
002320,,0.0,1.0,0.806,0.0,0.0,0.6329,0.1247,0.0,0.0,0.0,0.0,0.0,0.0,0.4751,False,False,False,False,无明确战法态,6.55,0.31,7.51,False,146.4,交通运输,海南自贸/海南自贸区,32.0
002321,,0.0,1.0,0.7778,0.0,0.0,0.4601,0.2793,0.3,0.0,0.0,0.0,0.5,0.0,0.3864,False,False,False,False,无明确战法态,1.8,0.0,1.91,False,38.2,农林牧渔,金融参股/参股金融/农村电商,39.0
002322,,0.0,0.9765,0.7231,0.0,0.0,0.3189,0.1889,0.0,0.0,0.0,0.0,0.0,0.0,0.4808,False,False,False,False,无明确战法态,10.18,3.14,11.21,False,35.8,电器行业,业绩预升/PM2.5,33.2
002323,,0.0,1.0,0.619,0.0,0.0,0.7867,0.3313,0.0,0.0,0.0,0.0,0.5,0.0,0.2667,False,False,False,False,无明确战法态,1.42,1.43,1.53,False,30.1,发电设备,光伏/ST板块/参股金融,28.3
002324,,0.44,1.0,0.7715,0.0,0.0,0.6041,0.2859,0.0,0.0,0.0,0.0,0.5,0.0,0.4504,False,False,False,False,无明确战法态,12.04,0.67,13.55,False,93.5,塑料制品,专精特新/PEEK材料/碳纤维,33.5
002326,,0.0,0.1964,0.2643,0.5574,1.0,0.0,0.3622,0.9,1.0,0.0,0.0,1.0,0.0,0.3946,False,False,False,False,无明确战法态,25.81,-7.82,23.89,True,208.6,化工行业,涉矿概念/参股金融/仿制药一致性评价,39.0
002327,,0.0,1.0,0.8098,0.2579,0.0,0.6777,0.2023,0.0,0.489,0.0,0.0,0.0,0.0,0.4083,False,False,False,False,无明确战法态,6.45,2.22,6.49,False,31.7,服装鞋类,,47.0
002328,,0.0,1.0,0.6089,0.0,0.0,0.7195,0.1025,0.0,0.0047,0.0,0.0,0.0,0.0,0.4578,False,False,False,False,无明确战法态,7.7,2.67,8.51,False,44.0,机械行业,国防军工/涉矿概念/业绩预降,36.7
002329,,0.0,1.0,0.5932,0.0,0.0,0.3481,0.0587,0.3,0.0,0.0,0.0,0.5,0.0,0.3874,False,False,False,False,无明确战法态,2.97,0.68,3.49,False,19.4,食品行业,,35.0
002330,,0.0,1.0,0.8333,0.0,0.0,0.6303,0.1612,0.0,0.0,0.0,0.0,0.0,0.0,0.5273,False,False,False,False,无明确战法态,3.65,1.39,4.08,False,23.2,食品行业,猪肉/预制菜,35.0
002331,,0.732,1.0,0.7852,0.0,0.0,0.7256,0.1923,0.0,0.0,0.0,0.0,0.0,0.0,0.5006,False,False,False,False,无明确战法态,7.22,1.12,8.38,False,29.1,电子信息,国防军工/皖江区域/业绩预升,32.2
002332,,0.0,1.0,0.8488,0.2886,0.3072,0.3761,0.2648,0.3,0.4475,0.0,0.0,0.5,0.0,0.4138,False,False,False,False,无明确战法态,8.38,0.0,8.44,False,82.5,生物制药,维生素/毛发医疗,47.0
002333,,0.0,1.0,0.7095,0.0,0.0,0.3931,0.2319,0.0,0.2614,0.0,0.0,0.5,0.0,0.4341,False,False,False,False,无明确战法态,4.95,2.7,5.12,False,33.0,有色金属,,36.0
002334,,0.376,0.9792,0.7159,0.0,0.0,0.8532,0.2276,0.0,0.0,0.0,0.0,0.0,1.0,0.5478,False,False,False,False,无明确战法态,7.26,3.12,8.28,False,53.4,电器行业,光伏/换电概念,33.2
002335,,0.9252,1.0,0.7108,0.2924,0.2653,0.5942,0.2511,0.6,0.1484,0.0,0.0,0.5,0.0,0.4231,False,False,False,False,无明确战法态,37.95,0.37,40.77,False,250.4,电器行业,光伏/福建自贸区,33.2
002337,,0.0,1.0,0.7063,0.0,0.0,0.3567,0.1937,0.0,0.0,0.0,0.0,0.0,0.0,0.4851,False,False,False,False,无明确战法态,4.67,2.86,5.27,False,27.5,机械行业,大飞机/专精特新/业绩预升,36.7
002338,,0.0,1.0,0.722,0.2916,0.474,0.3443,0.3382,0.0,0.7522,0.0,0.0,1.0,0.0,0.4113,False,False,False,False,无明确战法态,56.7,0.6,55.61,True,136.1,仪器仪表,专精特新/朝鲜改革/国防军工,34.2
002339,,0.0,1.0,0.7122,0.0,0.0,0.551,0.1487,0.0,0.0,0.0,0.0,0.0,0.0,0.5578,False,False,False,False,无明确战法态,7.11,2.3,8.57,False,34.0,电器行业,光伏/国防军工/军工航天,33.2
002340,,0.592,1.0,0.828,0.0,0.0,0.6528,0.2733,0.0,0.0,0.0,0.0,0.0,0.0,0.4486,False,False,False,False,无明确战法态,6.69,1.52,7.7,False,339.6,有色金属,光伏/钠电池/固态电池,36.0
002342,,0.0,0.6486,0.3824,0.0,0.0,0.342,0.1895,0.3,0.0,0.0,0.0,0.5,0.0,0.4749,False,False,False,False,无明确战法态,10.96,-5.11,12.51,False,104.6,机械行业,白酒概念/国防军工/军工航天,36.7
002343,,0.0,1.0,0.5732,0.0,0.0,0.2967,0.3295,0.0,0.0,0.0,0.0,0.0,0.0,0.4621,False,False,False,False,无明确战法态,4.65,2.65,5.34,False,22.0,塑料制品,,33.5
002344,,0.0,1.0,0.8333,0.0,0.0,0.597,0.3541,0.0,0.0,0.0,0.0,0.0,0.0,0.4449,False,False,False,False,无明确战法态,3.63,0.83,4.0,False,46.5,商业百货,金融改革/内贸规划/业绩预升,30.2
002345,,0.0,0.5452,0.464,0.0808,0.8969,0.0,0.8072,0.3,0.9374,0.0,0.0,1.0,0.0,0.4409,False,False,False,False,无明确战法态,10.52,5.73,9.78,True,91.2,服装鞋类,,47.0
002346,,0.9744,1.0,0.6791,0.62,1.0,0.7207,0.2316,0.3,0.8891,0.0,0.0,0.5,1.0,0.3891,True,False,False,False,B1候B2,20.2,0.25,19.8,True,79.2,水泥行业,参股银行,35.7
002347,,0.0,0.6213,0.5351,0.0,0.0,0.2828,0.1949,0.6,0.0,0.0,0.0,0.0,0.0,0.4992,False,False,False,False,无明确战法态,6.19,5.27,7.13,False,30.5,机械行业,皖江区域/超级电容,36.7
002348,,0.0,1.0,0.6837,0.6973,0.0,0.8929,0.27,0.3,0.4593,0.0,0.0,0.0,0.7,0.3064,False,False,False,False,无明确战法态,10.52,-2.14,11.25,False,95.1,,婴童概念/网络游戏/业绩预升,
002349,,0.0,1.0,0.8654,0.0011,0.0,0.4886,0.3016,0.0,0.2792,0.0,0.0,0.5,0.0,0.3581,False,False,False,False,无明确战法态,6.55,1.71,6.77,False,53.3,生物制药,三板精选/仿制药一致性评价/肝炎概念,47.0
002350,,0.0,1.0,0.7738,0.465,0.0,0.8454,0.1457,0.0,0.4492,0.0,0.0,0.0,0.0,0.36,False,False,False,False,无明确战法态,13.6,0.29,14.3,False,72.2,发电设备,光伏/HIT电池/国防军工,28.3
002351,,0.0,1.0,0.7045,0.0,0.0,0.5582,0.2628,0.3,0.0,0.0,0.0,0.0,1.0,0.4748,False,False,False,False,无明确战法态,9.51,2.81,10.45,False,49.6,电子信息,电子竞技/语音技术,32.2
002352,,0.0,1.0,0.8663,0.0023,0.0,0.5176,0.1611,0.0,0.1175,0.0,0.0,0.5,0.0,0.3826,False,False,False,False,无明确战法态,32.47,0.15,34.04,False,1548.9,其它行业,皖江区域/超级品牌/冷链物流,37.8
002353,,0.2334,0.0,0.2978,1.0,1.0,0.6038,0.3356,0.0,1.0,0.0,1.0,0.5,0.7,0.3065,False,False,True,False,B1候B2,161.46,10.0,142.84,True,1115.7,机械行业,黄河三角/海工装备/页岩气,36.7
002354,,0.0,0.0,0.3488,1.0,1.0,0.0,0.3872,0.6,1.0,0.0,0.0,1.0,0.7,0.3613,False,False,False,False,无明确战法态,9.37,-9.38,7.56,True,152.3,电子信息,网络游戏/AI语料/电子竞技,32.2
002355,,0.0,1.0,0.638,0.0,0.0,0.4442,0.1193,0.0,0.0,0.0,0.0,0.0,0.0,0.5603,False,False,False,False,无明确战法态,4.39,-0.68,5.32,False,27.1,汽车制造,黄河三角/业绩预升/EDR概念,40.0
002356,,0.1126,1.0,0.8122,0.0,0.0,0.8343,0.3798,0.0,0.0,0.0,0.0,0.0,0.0,0.4269,False,False,False,False,无明确战法态,2.81,-1.06,3.2,False,36.8,仪器仪表,共享单车,34.2
002357,,0.6019,1.0,0.8011,0.0,0.0,0.587,0.106,0.3,0.0,0.0,0.0,0.0,0.0,0.413,False,False,False,False,无明确战法态,9.11,0.66,10.57,False,28.6,交通运输,成渝特区/参股金融/旅游概念,32.0
002358,,0.218,1.0,0.758,0.0,0.0,0.664,0.1932,0.6,0.0,0.0,0.0,0.0,0.0,0.5434,False,False,False,False,无明确战法态,5.62,2.0,6.43,False,52.3,发电设备,光伏,28.3
002360,,0.0,0.6651,0.8844,0.0,0.0,0.922,0.1716,0.0,0.385,0.0,0.0,0.0,0.0,0.4578,False,False,False,False,无明确战法态,5.45,5.01,5.58,False,17.7,化工行业,光伏/民营银行/民爆概念,39.0
002361,,0.0,0.9007,0.4166,0.0097,0.0,0.6138,0.1994,0.0,0.0,0.0,0.0,0.5,0.0,0.4564,False,False,False,False,无明确战法态,14.21,-3.6,15.93,False,115.0,化工行业,国防军工/军工航天/皖江区域,39.0
002362,,0.35,1.0,0.7466,0.0,0.0,0.6892,0.3466,0.6,0.0,0.0,0.0,0.0,0.0,0.4737,False,False,False,False,无明确战法态,15.55,1.9,17.7,False,32.3,电子信息,触摸屏/基因测序/准ST股,32.2
002363,,0.0,0.9009,0.7059,0.0,0.0,0.3849,0.1369,0.0,0.0,0.0,0.0,0.0,0.0,0.5285,False,False,False,False,无明确战法态,6.34,3.59,7.15,False,26.4,汽车制造,黄河三角/业绩预升,40.0
002364,,0.3166,0.8281,0.372,1.0,1.0,0.4356,0.2873,0.0,1.0,0.0,0.0,0.5,0.7,0.3436,False,False,False,False,无明确战法态,52.9,4.03,48.74,True,295.2,电器行业,5G概念/核电核能/高压快充,33.2
002365,,0.0,1.0,0.7648,0.0,0.0,0.483,0.2324,0.3,0.0,0.0,0.0,0.0,0.0,0.4751,False,False,False,False,无明确战法态,10.88,1.02,11.84,False,26.7,生物制药,业绩预降,47.0
002366,,0.0,1.0,0.8138,0.0,0.0,0.7891,0.1698,0.3,0.0,0.0,0.0,0.5,0.0,0.4668,False,False,False,False,无明确战法态,5.8,1.22,6.54,False,107.3,机械行业,国防军工/成渝特区/核电核能,36.7
002367,,0.0,1.0,0.7772,0.4079,1.0,0.3436,0.534,0.3,1.0,0.0,0.0,1.0,0.0,0.2575,False,False,False,False,无明确战法态,7.01,-2.37,6.26,True,55.7,交通运输,信托重仓,32.0
002368,,1.0,1.0,0.8187,0.0,0.0,0.6582,0.3058,0.0,0.0,0.0,0.0,0.0,0.0,0.4961,False,False,False,False,无明确战法态,13.78,-1.36,16.98,False,85.5,电子信息,国防军工/军工航天/国产软件,32.2
002369,,0.3166,1.0,0.7526,0.0,0.0,0.4261,0.2214,0.0,0.0,0.0,0.0,0.0,0.0,0.5109,False,False,False,False,无明确战法态,5.49,1.86,6.44,False,31.1,电子信息,5G概念/WiFi 6/智能音箱,32.2
002370,,0.0,1.0,0.6322,0.0,0.0,0.1946,0.2922,0.3,0.2321,0.0,0.0,1.0,0.0,0.2229,False,False,False,False,无明确战法态,5.72,-1.38,5.91,False,42.7,生物制药,CXO概念/CRO概念/仿制药一致性评价,47.0
002371,,0.123,1.0,0.4342,1.0,1.0,0.3259,0.791,0.0,1.0,0.0,0.0,1.0,0.7,0.2815,False,False,False,False,无明确战法态,816.0,-2.98,662.5,True,5916.9,电子器件,本月解禁/国家大基金持股/第三代半导体,73.7
002372,,0.0,1.0,0.8289,0.0,0.0,0.6784,0.1443,0.3,0.0,0.0,0.0,0.0,0.0,0.5346,False,False,False,False,无明确战法态,8.55,-0.23,9.4,False,125.7,建筑建材,地下管网/石墨烯,28.0
002373,,0.4736,1.0,0.8883,0.0,0.0,0.6607,0.1331,0.0,0.0,0.0,0.0,0.0,0.0,0.5768,False,False,False,False,无明确战法态,7.2,0.56,8.34,False,99.2,电子信息,多模态AI/ETC/蚂蚁集团概念,32.2
002374,,0.0,1.0,0.7633,0.4657,0.6532,0.7816,0.2877,0.3,0.7364,0.0,0.0,0.5,1.0,0.3605,False,False,False,False,B2确认,3.42,1.18,3.36,True,37.1,印刷包装,白酒概念/黄河三角,27.7
002375,,0.0,1.0,0.8806,0.0,0.0,0.8145,0.1121,0.0,0.0,0.0,0.0,0.0,0.0,0.6075,False,False,False,False,无明确战法态,3.39,1.19,3.77,False,45.1,建筑建材,业绩预升/基金重仓/建筑节能,28.0
002376,,0.0,1.0,0.7356,0.0,0.0,0.4188,0.1867,0.0,0.0,0.0,0.0,0.0,0.0,0.5119,False,False,False,False,无明确战法态,5.92,2.07,6.48,False,46.6,电子信息,黄河三角/无人零售,32.2
002377,,0.0,0.0,0.305,0.0,0.0,0.0,0.1518,0.3,0.2942,0.0,0.0,0.0,0.0,0.4605,False,False,False,False,无明确战法态,2.85,10.04,2.93,False,24.9,化工行业,武汉规划,39.0
002378,,0.7884,0.2722,0.5014,1.0,1.0,0.4376,0.8713,0.3,0.8234,0.0,0.0,0.5,1.0,0.3932,False,False,False,False,B2确认,32.82,-7.37,33.14,False,392.2,有色金属,稀缺资源/业绩预降,36.0
002379,,0.5312,0.7124,0.634,0.0,0.0,0.4557,0.0868,0.3,0.0,0.0,1.0,0.0,0.0,0.4839,False,False,False,False,无明确战法态,15.07,4.73,20.03,False,171.3,有色金属,黄河三角/节能环保,36.0
002380,,0.0,1.0,0.5832,0.4394,0.0,0.794,0.1997,0.3,0.5144,0.0,0.0,0.0,0.7,0.3655,False,False,False,False,无明确战法态,35.52,1.4,36.65,False,50.5,电器行业,专精特新/垃圾分类/智能机器,33.2
002381,,0.0,1.0,0.7373,0.0,0.0,0.4618,0.237,0.0,0.0159,0.0,0.0,0.0,0.0,0.5668,False,False,False,False,无明确战法态,5.47,2.63,5.83,False,17.6,化工行业,业绩预升,39.0
002382,,0.0,1.0,0.7578,0.0,0.0,0.6762,0.1122,0.0,0.0,0.0,0.0,0.0,0.0,0.513,False,False,False,False,无明确战法态,5.34,2.1,6.08,False,53.3,医疗器械,黄河三角/三胎概念/医药电商,37.8
002383,,0.0,0.5727,0.5803,0.0,0.0,0.0586,0.2309,0.0,0.0,0.0,0.0,0.0,0.0,0.6079,False,False,False,False,无明确战法态,7.21,5.56,8.12,False,53.4,电子信息,生态农业,32.2
002384,,0.6223,0.6692,0.0,1.0,1.0,0.1958,0.3697,0.0,1.0,1.0,0.0,0.5,0.7,0.402,False,False,False,False,无明确战法态,232.73,4.98,212.0,True,3226.4,电子信息,绿色照明/AI手机/高压快充,32.2
002385,,0.0,1.0,0.8174,0.0,0.0,0.5313,0.095,0.3,0.0,0.0,0.0,0.5,0.0,0.2905,False,False,False,False,无明确战法态,2.9,-0.68,3.29,False,100.4,农林牧渔,三板精选/猪肉/生物育种,39.0
002386,,0.0,1.0,0.7581,0.3911,1.0,0.4934,0.4519,0.3,0.8092,0.0,0.0,1.0,0.0,0.3991,False,False,False,False,无明确战法态,6.22,-1.89,6.06,True,80.9,化工行业,成渝特区/参股金融/水泥概念,39.0
002387,,0.0,0.6379,0.6245,0.6126,0.9637,0.3889,0.1982,0.6,0.3512,0.0,0.0,1.0,1.0,0.4695,False,False,False,False,无明确战法态,8.25,-5.17,8.48,False,115.1,食品行业,业绩预降/股权转让(并购重组)/人脸识别,35.0
002388,,0.0096,1.0,0.5865,0.4314,0.3672,0.3985,0.2354,0.0,0.6487,0.0,0.0,0.5,0.7,0.4066,False,False,False,False,B1候B2,5.43,2.07,5.4,True,27.5,电子器件,触摸屏/氟化工概念/有机硅概念,73.7
002389,,0.0,0.802,0.7057,0.0,0.0,0.3274,0.2834,0.3,0.0,0.0,0.0,0.0,0.0,0.55,False,False,False,False,无明确战法态,18.41,4.19,19.83,False,181.3,电子器件,光伏/锂电池/业绩预降,73.7
002390,,0.0,1.0,0.781,0.0,0.0,0.3948,0.1905,0.0,0.0,0.0,0.0,0.0,0.0,0.4676,False,False,False,False,无明确战法态,2.74,0.0,2.95,False,52.8,生物制药,基因测序/参股金融/肝炎概念,47.0
002391,,0.0,1.0,0.7791,0.0,0.0,0.5606,0.1852,0.0,0.1361,0.0,0.0,0.0,0.0,0.5079,False,False,False,False,无明确战法态,5.27,2.73,5.54,False,24.5,农药化肥,券商重仓/化肥,33.4
002392,,0.0,1.0,0.6355,0.4183,0.5243,0.1225,0.166,0.3,1.0,0.0,0.0,0.5,0.0,0.42,False,False,False,False,无明确战法态,8.74,-0.46,8.31,True,101.2,建筑建材,涉矿概念/金融参股/参股券商,28.0
002393,,0.0,1.0,0.8376,0.0,0.1593,0.1198,0.4631,0.3,0.3092,0.0,0.0,1.0,0.0,0.3145,False,False,False,False,无明确战法态,15.1,2.17,15.42,False,45.3,生物制药,专精特新/阿尔茨海默概念/核污染防治,47.0
002394,,0.0,0.8736,0.5318,0.0,0.0,0.3026,0.2272,0.0,0.1943,0.0,0.0,0.5,0.0,0.3427,False,False,False,False,无明确战法态,10.49,3.76,10.87,False,33.9,纺织行业,,36.5
002395,,0.0,1.0,0.8138,0.0,0.0,0.8211,0.221,0.0,0.0,0.0,0.0,0.0,0.0,0.6181,False,False,False,False,无明确战法态,12.56,0.24,14.79,False,33.7,化工行业,丙烯酸,39.0
002396,,0.0,0.0,1.0,0.0,0.0,1.0,0.2006,0.3,0.5957,0.0,0.0,1.0,0.0,0.4446,False,False,False,False,无明确战法态,23.4,10.01,22.83,True,177.2,电子信息,鸿蒙概念/海峡西岸/物联网,32.2
002397,,0.4713,0.7308,0.6239,0.1358,0.0,0.5121,0.1613,0.3,0.1581,0.0,0.0,0.0,0.0,0.4825,False,False,False,False,无明确战法态,4.08,4.62,4.37,False,26.4,服装鞋类,长株潭/参股金融/网红经济,47.0
002398,,0.0,1.0,0.8255,0.0,0.0,0.4581,0.2056,0.3,0.0,0.0,0.0,0.0,0.0,0.4896,False,False,False,False,无明确战法态,3.88,1.57,4.43,False,23.6,建筑建材,海峡西岸/民营银行/业绩预升,28.0
002399,,0.0,1.0,0.8298,0.0,0.0,0.3706,0.2188,0.0,0.2056,0.0,0.0,1.0,0.0,0.359,False,False,False,False,无明确战法态,9.55,1.6,9.85,False,119.1,生物制药,免疫治疗/生物疫苗,47.0
002400,,0.515,0.9306,0.7205,0.0,0.0,0.479,0.1006,0.0,0.0,0.0,0.0,0.0,0.0,0.604,False,False,False,False,无明确战法态,6.22,-3.42,7.76,False,107.4,印刷包装,业绩预升/QFII重仓/短剧游戏,27.7
002401,,0.336,1.0,0.7035,0.0,0.0,0.5551,0.1708,0.0,0.0,0.0,0.0,0.0,0.0,0.4601,False,False,False,False,无明确战法态,11.92,1.97,13.38,False,44.3,电子信息,碳中和/碳交易/ETC,32.2
002402,,0.0,1.0,0.7214,0.0,0.0,0.0554,0.1902,0.3,0.1686,0.0,0.0,1.0,0.0,0.3355,False,False,False,False,无明确战法态,26.86,2.99,27.68,False,219.8,电子器件,国防军工/绿色照明/语音技术,73.7
002403,,0.0,0.7009,0.589,0.0,0.0,0.0,0.3263,0.3,0.689,0.0,0.0,0.5,0.0,0.4216,False,False,False,False,无明确战法态,10.71,4.79,10.23,True,31.8,家电行业,参股保险/互联网保险/减速器,35.7
002404,,0.0,1.0,0.8158,0.0594,0.0,0.7296,0.2901,0.9,0.0,0.0,0.0,0.0,0.0,0.4658,False,False,False,False,无明确战法态,5.89,1.73,6.39,False,26.8,纺织行业,光伏/光伏概念/金融改革,36.5
002405,,0.2131,1.0,0.8148,0.0,0.0,0.7045,0.0571,0.0,0.0,0.0,0.0,0.0,0.0,0.585,False,False,False,False,无明确战法态,6.56,1.23,8.07,False,154.5,电子信息,国防军工/军工航天/业绩预降,32.2
002406,,0.0,0.8523,0.6313,0.0,0.0,0.8173,0.3432,0.3,0.0272,0.0,0.0,0.0,0.0,0.5951,False,False,False,False,无明确战法态,6.95,3.89,7.52,False,41.9,汽车制造,国防军工/军工航天,40.0
002407,,0.0,0.0,0.3348,1.0,1.0,0.2537,0.3983,0.3,1.0,0.0,0.0,1.0,0.7,0.4112,False,False,False,False,无明确战法态,49.34,-10.0,38.68,True,532.3,化工行业,锂电池/业绩预降/节能环保,39.0
002408,,0.0,1.0,0.6819,0.0,0.0,0.5166,0.1861,0.0,0.0302,0.0,0.0,0.0,0.0,0.4187,False,False,False,False,无明确战法态,4.95,-1.59,5.35,False,136.2,化工行业,黄河三角/节能环保/环氧丙烷,39.0
002409,,0.0,0.4819,0.5573,1.0,1.0,0.2805,0.5059,0.0,1.0,0.0,0.0,1.0,0.7,0.2331,False,False,False,False,无明确战法态,199.5,-6.11,138.87,True,635.5,化工行业,海工装备/存储芯片/国家大基金持股,39.0
002410,,0.0,1.0,0.8561,0.0,0.0,0.8004,0.1806,0.0,0.0,0.0,0.0,0.0,0.0,0.6009,False,False,False,False,无明确战法态,8.38,0.48,9.73,False,131.6,电子信息,雄安新区/业绩预升/多模态AI,32.2
002412,,0.0,0.9302,0.7607,0.0,0.0,0.5069,0.2703,0.0,0.2839,0.0,0.0,0.0,0.0,0.4087,False,False,False,False,无明确战法态,6.05,3.42,6.26,False,30.1,生物制药,长株潭/农业种植,47.0
002413,,0.0,0.9829,0.3726,0.0,0.0,0.2676,0.2918,0.0,0.0,0.0,0.0,0.5,0.0,0.4612,False,False,False,False,无明确战法态,9.97,3.1,11.23,False,129.2,机械行业,国防军工/军工航天/军工信息化,36.7
002414,,1.0,1.0,0.7495,0.1985,0.1134,0.649,0.3328,0.0,0.1162,0.0,0.0,0.5,0.0,0.4769,False,False,False,False,无明确战法态,12.66,1.2,13.64,False,430.3,仪器仪表,鸿蒙概念/国防军工/军工航天,34.2
002415,,0.0,1.0,0.7659,0.559,1.0,0.3573,0.3808,0.6,0.9564,0.0,0.0,1.0,0.0,0.3898,False,False,False,False,无明确战法态,34.0,1.16,32.47,True,3075.8,仪器仪表,整体上市/社保重仓/基金重仓,34.2
002416,,0.5806,1.0,0.8658,0.0,0.0,0.6716,0.2162,0.3,0.0,0.0,0.0,0.0,0.0,0.4669,False,False,False,False,无明确战法态,9.09,1.68,11.09,False,111.3,商业百货,网络游戏/前海概念/参股保险,30.2
002418,,0.8811,1.0,0.8442,0.0,0.0,0.8879,0.1171,0.0,0.0,0.0,0.0,0.0,0.0,0.6487,False,False,False,False,无明确战法态,3.86,0.26,4.71,False,43.9,机械行业,涉矿概念/金融改革/业绩预降,36.7
002419,,0.0874,1.0,0.8299,0.0,0.0,0.6976,0.3445,0.3,0.0,0.0,0.0,0.0,0.0,0.4369,False,False,False,False,无明确战法态,4.37,1.39,4.86,False,49.9,商业百货,白酒概念/内贸规划/粮食概念,30.2
002420,,0.0,0.5893,0.5264,0.0,0.0,0.2367,0.208,0.3,0.0,0.0,0.0,0.0,0.0,0.5595,False,False,False,False,无明确战法态,5.79,5.46,6.3,False,23.4,塑料制品,,33.5
002421,,0.823,1.0,0.7598,1.0,0.0,0.8722,0.1623,0.0,0.0,0.0,0.0,0.0,0.7,0.5577,False,False,False,False,无明确战法态,3.35,0.6,3.75,False,67.1,电子信息,业绩预升/节能环保,32.2
002422,,0.0,0.297,0.2328,0.9902,1.0,0.0,0.6367,0.6,1.0,0.0,0.0,1.0,0.7,0.3504,False,False,False,False,无明确战法态,47.98,7.22,36.11,True,623.1,生物制药,仿制药/成渝特区/抗癌,47.0
002423,,0.0,1.0,0.7778,0.0,0.2219,0.5033,0.2074,0.6,0.1566,0.0,0.0,0.0,0.0,0.4034,False,False,False,False,无明确战法态,9.0,0.0,9.34,False,207.4,钢铁行业,国防军工/军工航天/参股保险,29.8
002424,,0.0,1.0,0.7057,0.2159,0.0837,0.2417,0.3204,0.0,0.4395,0.0,0.0,0.5,0.0,0.4068,False,False,False,False,无明确战法态,4.58,1.1,4.6,False,52.8,生物制药,民营医院,47.0
002425,,0.0,1.0,0.6825,0.0,0.0,0.4721,0.2981,0.0,0.0,0.0,0.0,0.0,1.0,0.4928,False,False,False,False,无明确战法态,2.77,1.47,3.04,False,25.5,服装鞋类,快手概念/云游戏,47.0
002426,,1.0,0.9283,0.7186,0.6395,0.999,0.7175,0.4601,0.6,0.2508,0.0,0.0,0.5,1.0,0.5236,False,False,False,False,无明确战法态,3.66,-3.43,3.88,False,124.5,电子器件,锂电池/触摸屏/AI PC,73.7
002427,,0.0,0.3994,0.5094,0.0,0.693,0.0,0.3098,0.3,0.0134,0.0,0.0,1.0,0.0,0.4728,False,False,False,False,无明确战法态,4.95,-6.6,5.21,False,48.7,化纤行业,锂电池/业绩预降,37.1
002428,,1.0,1.0,0.5385,1.0,1.0,0.7714,0.4348,0.3,1.0,1.0,0.0,0.5,0.7,0.3981,True,False,False,False,B1候B2,105.07,-1.7,91.04,True,686.1,有色金属,光伏/国防军工/军工航天,36.0
002429,,0.911,0.9192,0.6515,0.4459,0.0,0.725,0.2989,0.3,0.0583,0.0,0.0,0.0,0.7,0.5267,False,False,False,False,无明确战法态,9.97,-3.48,11.14,False,451.1,家电行业,绿色照明/短剧游戏/F5G概念,35.7
002430,,0.2549,0.0852,0.443,0.4507,1.0,0.1112,0.467,0.3,0.4038,0.0,0.0,1.0,0.0,0.4167,False,False,False,False,无明确战法态,27.49,-8.49,28.29,False,268.8,机械行业,超导概念/券商重仓/QFII重仓,36.7
002431,,0.0,0.9949,0.6465,0.0,0.0,0.2672,0.2784,0.3,0.0,0.0,0.0,0.0,0.0,0.4074,False,False,False,False,无明确战法态,1.36,3.03,1.73,False,24.5,建筑建材,横琴新区/土地流转,28.0
002432,,0.4781,1.0,0.7757,0.4527,0.0,0.865,0.1141,0.3,0.4801,0.0,0.0,0.5,0.0,0.2986,False,False,False,False,无明确战法态,66.44,-1.07,69.59,False,309.1,医疗器械,天津自贸区/血氧仪,37.8
002434,,0.0,0.0,0.3399,0.0,0.0,0.3798,0.299,0.0,0.0,0.0,0.0,0.0,0.0,0.6327,False,False,False,False,无明确战法态,6.67,10.07,7.15,False,87.5,汽车制造,国防军工/军工航天,40.0
002436,,0.9111,1.0,0.4201,1.0,1.0,0.7018,0.4358,0.3,1.0,1.0,0.0,0.5,0.7,0.3994,True,False,False,False,B1候B2,46.37,2.11,39.62,True,703.9,电子器件,华为概念/国防军工/军工航天,73.7
002437,,0.0,1.0,0.7052,0.0,0.0,0.0691,0.4157,0.0,0.4694,0.0,0.0,1.0,0.0,0.2284,False,False,False,False,无明确战法态,2.96,0.68,2.96,True,62.2,生物制药,基因概念/抗癌/参股金融,47.0
002438,,0.5721,1.0,0.7906,0.0278,0.0,0.7757,0.2123,0.0,0.0,0.0,0.0,0.0,0.0,0.3763,False,False,False,False,无明确战法态,14.45,0.84,15.93,False,67.8,机械行业,核电核能/航空发动机,36.7
002439,,0.1334,1.0,0.8805,0.0046,0.0,0.7977,0.1841,0.0,0.0925,0.0,0.0,0.0,0.0,0.4614,False,False,False,False,无明确战法态,12.96,1.01,13.81,False,94.4,电子信息,国防军工/军工航天/信息安全,32.2
002440,,0.1791,0.7885,0.5822,0.3449,1.0,0.4479,0.346,0.9,0.7538,0.0,0.0,0.5,0.0,0.3719,False,False,False,False,无明确战法态,10.54,-4.27,10.5,True,99.7,化工行业,业绩预升/氟化工概念/染料,39.0
002441,,0.2637,0.9032,0.7442,0.0,0.0,0.5382,0.2179,0.3,0.0,0.0,0.0,0.0,0.0,0.4797,False,False,False,False,无明确战法态,8.1,3.58,8.92,False,32.3,商业百货,智能电网/数字经济,30.2
002442,,0.2162,1.0,0.7388,0.0,0.0,0.8114,0.0645,0.3,0.0,0.0,0.0,0.5,0.0,0.4177,False,False,False,False,无明确战法态,5.27,-1.68,5.72,False,25.9,化工行业,光伏/京津冀/业绩预降,39.0
002443,,0.0578,1.0,0.7354,0.4745,0.0,0.8689,0.1198,0.0,0.3528,0.0,0.0,0.0,0.7,0.4028,False,False,False,False,无明确战法态,10.14,-1.84,10.71,False,52.6,钢铁行业,油气改革/地下管网/石墨烯,29.8
002444,,0.0,0.9824,0.7039,0.1809,0.5328,0.2826,0.275,0.3,0.8884,0.0,0.0,1.0,0.0,0.4126,False,False,False,False,无明确战法态,33.2,3.11,31.76,True,380.7,机械行业,业绩预升/参股金融,36.7
002445,,0.1869,1.0,0.7445,0.0,0.0,0.7366,0.2302,0.0,0.0,0.0,0.0,0.0,0.0,0.4267,False,False,False,False,无明确战法态,2.92,1.74,3.26,False,69.1,机械行业,QFII重仓/手机游戏,36.7
002446,,0.0,1.0,0.7697,0.6093,1.0,0.6452,0.3386,0.6,0.8624,0.0,0.0,0.0,1.0,0.3566,False,False,False,False,无明确战法态,11.09,0.82,10.76,True,94.0,电子信息,国防军工/5G概念/军工航天,32.2
002448,,0.6413,0.4493,0.3552,0.0,0.0,0.0465,0.2049,0.6,0.0352,0.0,1.0,0.0,0.0,0.39,False,False,False,False,无明确战法态,12.31,6.3,13.47,False,71.5,交通运输,QFII重仓/工业母机/农机,32.0
002449,,0.1895,1.0,0.8001,0.2309,0.0,0.7317,0.2065,0.3,0.0697,0.0,0.0,0.0,1.0,0.4529,False,False,False,False,无明确战法态,7.51,-2.09,8.04,False,46.4,电子器件,涉矿概念/绿色照明/血氧仪,73.7
002451,,0.1797,1.0,0.7843,0.0,0.0,0.6542,0.1908,0.0,0.0,0.0,0.0,0.0,0.0,0.5176,False,False,False,False,无明确战法态,7.25,1.97,8.44,False,31.8,发电设备,国防军工/军工航天/业绩预升,28.3
002452,,0.0,1.0,0.6447,0.8034,1.0,0.226,0.4929,0.3,1.0,0.0,0.0,1.0,0.7,0.2693,False,False,False,False,B2确认,12.93,2.86,11.51,True,67.0,电器行业,长株潭/业绩预升/柔性直流输电,33.2
002453,,0.0958,1.0,0.6351,0.0,0.0,0.7828,0.0509,0.0,0.0,0.0,0.0,0.0,0.0,0.5296,False,False,False,False,无明确战法态,4.62,-2.74,5.31,False,27.8,化工行业,,39.0
002454,,0.0,0.5358,0.449,0.0,0.0,0.2582,0.1331,0.0,0.0,0.0,0.0,0.0,0.0,0.6381,False,False,False,False,无明确战法态,5.12,5.79,6.63,False,44.9,汽车制造,,40.0
002455,,0.0,1.0,0.7313,0.0,0.0,0.5369,0.1531,0.3,0.0,0.0,0.0,0.0,0.0,0.4948,False,False,False,False,无明确战法态,7.56,-1.69,9.01,False,50.0,化工行业,钠电池/锂电池/石墨电极,39.0
002456,,0.0,1.0,0.7747,0.4415,0.7686,0.4949,0.5066,0.6,0.4519,0.0,0.0,1.0,1.0,0.3736,False,False,False,False,无明确战法态,9.26,-2.22,9.29,False,307.2,电子器件,触摸屏/智能家居/业绩预升,73.7
002457,,0.0,1.0,0.7022,0.7557,0.9667,0.737,0.6158,0.6,0.8398,0.0,0.0,0.0,1.0,0.3382,False,False,False,False,B1候B2,12.79,0.24,12.4,True,42.6,塑料制品,乡村振兴/水利建设/民营银行,33.5
002458,,0.0,0.8801,0.412,0.568,1.0,0.0,0.1865,0.0,1.0,0.0,0.0,1.0,0.0,0.4189,False,False,False,False,B1候B2,9.06,-3.72,8.15,True,87.6,农林牧渔,黄河三角/猪肉/养鸡,39.0
002459,,0.0,0.0635,0.3886,0.0,0.0,0.0166,0.1664,0.3,0.0,0.0,0.0,0.5,0.0,0.4392,False,False,False,False,无明确战法态,8.27,-8.62,9.46,False,273.5,机械行业,光伏/HIT电池/涉矿概念,36.7
002460,,0.7261,1.0,0.7823,0.0311,0.0,0.7138,0.1821,0.0,0.0,0.0,0.0,0.0,0.0,0.362,False,False,False,False,无明确战法态,62.97,-1.59,71.34,False,762.7,有色金属,盐湖提锂/固态电池/锂电池,36.0
002461,,0.0,1.0,0.8363,0.0,0.0,0.8075,0.2893,0.3,0.0,0.0,0.0,0.0,0.0,0.5176,False,False,False,False,无明确战法态,7.9,2.07,8.89,False,174.9,酿酒行业,,27.4
002462,,0.4108,1.0,0.8097,0.0,0.0,0.8415,0.3244,0.0,0.0,0.0,0.0,0.0,0.0,0.5058,False,False,False,False,无明确战法态,11.36,1.34,13.22,False,33.1,商业百货,,30.2
002463,,0.7118,0.8819,0.2312,1.0,1.0,0.4947,0.3386,0.0,1.0,1.0,0.0,0.5,0.7,0.3907,False,False,False,False,无明确战法态,135.35,3.71,124.55,True,2602.5,电子器件,污水处理/海峡两岸/毫米波雷达,73.7
002465,,0.0,0.3779,0.3815,0.0,0.0,0.4655,0.1826,0.3,0.0,0.0,1.0,0.0,0.0,0.492,False,False,False,False,无明确战法态,13.0,6.73,14.66,False,322.1,电子信息,国防军工/军工航天/信托重仓,32.2
002466,,0.5803,1.0,0.6901,0.3964,0.0,0.6922,0.2636,0.0,0.2231,0.0,0.0,0.5,0.0,0.3998,False,False,False,False,无明确战法态,58.66,-2.25,62.74,False,865.7,化工行业,盐湖提锂/固态电池/成渝特区,39.0
002467,,0.6144,1.0,0.7975,0.0,0.0,0.8019,0.1834,0.0,0.0,0.0,0.0,0.0,0.0,0.4523,False,False,False,False,无明确战法态,4.57,-0.87,5.73,False,62.5,电子信息,业绩预升/本月解禁,32.2
002468,,0.0,1.0,0.711,0.2621,1.0,0.0636,0.4146,0.3,1.0,0.0,0.0,1.0,0.0,0.3272,False,False,False,False,无明确战法态,16.31,-1.81,14.62,True,238.8,建筑建材,乡村振兴/业绩预降/本月解禁,28.0
002469,,0.1115,1.0,0.8649,0.0,0.0,0.8346,0.259,0.6,0.0,0.0,0.0,0.0,0.0,0.4613,False,False,False,False,无明确战法态,5.86,-1.01,6.88,False,36.8,建筑建材,黄河三角/固废处理/业绩预升,28.0
002470,,0.2412,1.0,0.7101,0.0,0.0,0.6968,0.1968,0.6,0.0,0.0,0.0,0.0,0.0,0.4476,False,False,False,False,无明确战法态,2.01,-2.9,2.33,False,66.0,农药化肥,三板精选/黄河三角/涉矿概念,33.4
002471,,0.0,0.0,0.3468,0.0,0.0,0.4273,0.2916,0.3,0.0,0.0,0.0,0.0,0.0,0.6165,False,False,False,False,无明确战法态,6.51,9.97,7.32,False,87.5,发电设备,业绩预升/本月解禁,28.3
002472,,0.0,0.0,0.4088,0.5102,0.9141,0.0,0.3629,0.3,1.0,0.0,0.0,0.5,0.7,0.6161,False,False,False,False,B1候B2,47.01,9.99,41.25,True,351.9,机械行业,本月解禁,36.7
002474,,0.0,1.0,0.8282,0.0,0.0,0.8658,0.2079,0.3,0.0,0.0,0.0,0.0,0.0,0.5769,False,False,False,False,无明确战法态,5.86,0.69,6.96,False,31.0,电子信息,海峡西岸/国产软件/信息安全,32.2
002475,,0.7559,0.5312,0.6037,0.7988,0.0,0.5097,0.2264,0.0,0.5188,0.0,0.0,0.5,0.7,0.3737,False,False,False,False,无明确战法态,64.44,5.81,66.57,False,4705.7,电子器件,本月解禁/同花顺出海50/同花顺漂亮100,73.7
002476,,0.3119,1.0,0.8118,0.0,0.0,0.6022,0.2564,0.3,0.0,0.0,0.0,0.0,0.0,0.4315,False,False,False,False,无明确战法态,4.86,-2.02,5.44,False,29.7,化工行业,光伏/黄河三角/页岩气,39.0
002478,,0.2375,0.8767,0.5881,0.0,0.0,0.4007,0.2746,0.0,0.0,0.0,0.0,0.0,0.0,0.5072,False,False,False,False,无明确战法态,6.38,3.74,7.74,False,46.1,钢铁行业,核电核能/页岩气/本月解禁,29.8
002479,,0.0,1.0,0.784,0.0,0.0,0.7909,0.2011,0.0,0.0,0.0,0.0,0.0,0.0,0.5352,False,False,False,False,无明确战法态,4.44,2.78,4.98,False,38.3,电力行业,黄金概念/节能环保/本月解禁,26.5
002480,,0.0,1.0,0.8095,0.0,0.0,0.7802,0.2775,0.6,0.0,0.0,0.0,0.0,0.0,0.3679,False,False,False,False,无明确战法态,5.18,-1.33,5.79,False,39.8,机械行业,钠电池/成渝特区/本月解禁,36.7
002481,,0.0,1.0,0.7695,0.0,0.0,0.5839,0.5025,0.0,0.0649,0.0,0.0,0.5,0.0,0.3973,False,False,False,False,无明确战法态,3.97,-1.98,4.18,False,44.4,食品行业,黄河三角/涉矿概念/业绩预降,35.0
002482,,0.0,1.0,0.6748,0.0,0.0,0.4783,0.3211,0.3,0.0,0.0,0.0,0.0,0.0,0.4808,False,False,False,False,无明确战法态,1.24,0.81,1.46,False,46.4,建筑建材,业绩预升/本月解禁/深圳国企改革,28.0
002483,,0.0,0.8964,0.7183,0.0,0.0,0.4522,0.1393,0.3,0.0,0.0,0.0,0.0,0.0,0.6051,False,False,False,False,无明确战法态,5.15,3.62,6.74,False,45.6,机械行业,业绩预升/本月解禁/航运概念,36.7
002484,,0.7554,1.0,0.4263,1.0,1.0,0.6975,0.2897,0.0,1.0,1.0,0.0,0.5,0.7,0.4439,True,False,False,False,B1候B2,97.96,-0.71,77.32,True,803.7,电子器件,华为概念/机器人概念/本月解禁,73.7
002485,,0.0,0.6622,0.6649,0.8326,1.0,0.4293,0.4868,0.9,1.0,0.0,1.0,1.0,0.0,0.3066,False,False,False,False,无明确战法态,5.85,5.03,4.96,True,31.8,服装鞋类,黄河三角/旅游概念,47.0
002486,,0.0884,1.0,0.6997,0.0,0.0,0.5104,0.1895,0.3,0.0,0.0,0.0,0.0,0.0,0.4794,False,False,False,False,无明确战法态,2.27,2.25,2.51,False,18.6,服装鞋类,网络游戏,47.0
002487,,0.2984,1.0,0.7756,0.0,0.0,0.6584,0.1039,0.0,0.0,0.0,0.0,0.0,0.0,0.499,False,False,False,False,无明确战法态,56.05,2.52,65.46,False,353.6,钢铁行业,风能概念/业绩预升/航运概念,29.8
002488,,0.0,0.6247,0.5624,0.0,0.0,0.4448,0.3322,0.0,0.0,0.0,0.0,0.0,0.0,0.45,False,False,False,False,无明确战法态,9.62,5.25,10.43,False,88.5,汽车制造,光伏,40.0
002489,,0.0,1.0,0.8327,0.0,0.0,0.8964,0.1477,0.3,0.0,0.0,0.0,0.0,0.0,0.5933,False,False,False,False,无明确战法态,2.84,1.79,3.29,False,54.3,家具行业,参股银行/独角兽概念/共同富裕示范区,39.0
002490,,0.0,1.0,0.7235,0.0,0.0,0.8067,0.2353,0.3,0.0,0.0,0.0,0.0,0.0,0.6022,False,False,False,False,无明确战法态,6.66,2.3,7.93,False,36.1,机械行业,黄河三角/含H股,36.7
002491,,1.0,0.774,0.5794,1.0,1.0,0.6397,0.2267,0.0,1.0,1.0,0.0,0.5,0.7,0.484,False,False,False,False,无明确战法态,25.47,-4.36,24.7,True,299.6,电子信息,5G概念/锂电池/宽带提速,32.2
002492,,0.0464,1.0,0.5499,0.0,0.0,0.4865,0.2198,0.3,0.0,0.0,0.0,0.0,0.0,0.5528,False,False,False,False,无明确战法态,5.64,2.92,6.49,False,22.4,交通运输,横琴新区/统一大市场,32.0
002493,,0.0305,0.6449,0.586,0.1378,0.1568,0.1836,0.2931,0.0,0.4898,0.0,0.0,0.5,0.0,0.51,False,False,False,False,无明确战法态,11.68,5.13,11.91,False,1090.7,化纤行业,油气改革/业绩预降/参股金融,37.1
002494,,0.0,1.0,0.7391,0.0,0.0,0.485,0.1145,0.0,0.0,0.0,0.0,0.0,0.0,0.4611,False,False,False,False,无明确战法态,4.73,2.83,5.13,False,13.6,服装鞋类,,47.0
002495,,0.0,0.9471,0.7472,0.0,0.0,0.5872,0.1653,0.0,0.0,0.0,0.0,0.0,0.0,0.4643,False,False,False,False,无明确战法态,2.18,3.32,2.37,False,15.1,食品行业,,35.0
002496,,0.0,0.0,0.376,0.0,0.0,0.0,0.0,0.0,0.0,0.0,0.0,0.0,0.0,0.4907,False,False,False,False,无明确战法态,2.23,9.85,2.46,False,26.3,农药化肥,ST板块/业绩预升/参股金融,33.4
002497,,0.0,1.0,0.5883,0.0,0.0,0.287,0.4093,0.0,0.1872,0.0,0.0,0.0,0.0,0.3745,False,False,False,False,无明确战法态,21.87,0.05,23.38,False,231.7,化工行业,国防军工/成渝特区/锂电池,39.0
002498,,0.8016,1.0,0.7645,0.0,0.0,0.8175,0.1589,0.0,0.0,0.0,1.0,0.0,0.0,0.4966,False,False,False,False,无明确战法态,6.66,2.3,7.7,False,221.6,发电设备,黄河三角/自贸区/日韩贸易,28.3
002500,,0.0,1.0,0.8513,0.2301,0.8619,0.7037,0.5428,0.6,0.5778,0.0,0.0,1.0,0.0,0.3411,False,False,False,False,无明确战法态,5.38,0.0,5.32,True,193.1,金融行业,,39.0
002501,,0.0,0.6162,0.596,0.0,0.0,0.692,0.301,0.3,0.0,0.0,0.0,0.5,0.0,0.5673,False,False,False,False,无明确战法态,1.39,5.3,1.53,False,49.3,有色金属,朝鲜改革/国防军工/军工航天,36.0
002506,,0.2231,1.0,0.693,0.0,0.0,0.6695,0.2748,0.3,0.0,0.0,0.0,0.5,0.0,0.5272,False,False,False,False,无明确战法态,2.97,-2.3,3.64,False,173.6,电子器件,光伏/HIT电池/BC电池,73.7
002507,,0.0,1.0,0.8743,0.1207,0.0,0.6816,0.2021,0.0,0.1679,0.0,0.0,0.0,0.0,0.4428,False,False,False,False,无明确战法态,11.17,0.27,11.72,False,128.5,食品行业,成渝特区/超级品牌/预制菜,35.0
002508,,0.0,1.0,0.7481,0.0,0.0,0.3063,0.1237,0.0,0.0,0.0,0.0,0.5,0.0,0.4678,False,False,False,False,无明确战法态,15.22,-0.85,16.86,False,142.1,家电行业,,35.7
002510,,0.0,1.0,0.7805,0.0,0.0,0.6864,0.3231,0.3,0.0,0.0,0.0,0.0,0.0,0.4592,False,False,False,False,无明确战法态,5.78,0.17,6.45,False,58.1,汽车制造,大飞机/天津自贸/天津自贸区,40.0
002511,,0.0,1.0,0.8056,0.0,0.0,0.5606,0.2262,0.0,0.1103,0.0,0.0,0.5,0.0,0.4142,False,False,False,False,无明确战法态,6.96,1.46,7.36,False,88.0,造纸行业,婴童概念/QFII重仓,31.9
002512,,0.0,1.0,0.6285,0.0,0.0,0.5804,0.2406,0.3,0.0,0.0,0.0,0.0,1.0,0.5415,False,False,False,False,无明确战法态,3.46,1.47,4.19,False,37.9,电子器件,电子支付,73.7
002513,,0.0,1.0,0.7819,0.0,0.0,0.7297,0.078,0.3,0.0,0.0,0.0,0.0,0.0,0.5711,False,False,False,False,无明确战法态,4.96,1.43,5.75,False,14.3,农药化肥,草甘膦/染料,33.4
002514,,0.092,0.6379,0.8276,0.0,0.0,0.3908,0.1081,0.6,0.0,0.0,0.0,0.0,0.0,0.6899,False,False,False,False,无明确战法态,2.2,-5.17,3.51,False,12.2,机械行业,光伏/业绩预降,36.7
002515,,1.0,0.9444,0.6768,1.0,1.0,0.743,0.6229,0.6,1.0,0.0,0.0,0.5,0.7,0.3374,False,False,False,False,无明确战法态,9.57,-3.33,8.19,True,105.4,食品行业,共同富裕示范区/人造肉/网红经济,35.0
002516,,0.0,1.0,0.7861,0.2737,0.0,0.6557,0.245,0.6,0.2322,0.0,0.0,0.0,0.7,0.4427,False,False,False,False,无明确战法态,5.64,0.53,5.94,False,82.2,纺织行业,光伏,36.5
002517,,0.0,1.0,0.6276,0.0,0.7253,0.2022,0.4362,0.3,0.472,0.0,0.0,1.0,0.0,0.3496,False,False,False,False,无明确战法态,16.92,2.73,16.79,True,319.6,服装鞋类,海峡西岸/业绩预降/电子竞技,47.0
002518,,0.9831,1.0,0.6726,0.4021,0.122,0.6035,0.0901,0.0,0.2621,0.0,0.0,0.5,0.7,0.5063,False,False,False,False,无明确战法态,47.8,-2.59,51.24,False,270.1,仪器仪表,光伏/阿里巴巴概念/抖音概念(字节概念),34.2
002519,,0.0,1.0,0.6886,0.0,0.0,0.6356,0.1628,0.0,0.0,0.0,0.0,0.0,0.0,0.5459,False,False,False,False,无明确战法态,5.95,2.94,6.91,False,66.5,电子信息,国防军工/军工航天,32.2
002520,,0.0,0.0,0.4112,0.9929,1.0,0.4109,0.4165,0.3,1.0,0.0,0.0,1.0,0.7,0.5791,False,False,False,False,无明确战法态,7.72,9.97,6.55,True,55.4,机械行业,国防军工/军工航天/赛马概念,36.7
002521,,0.0,1.0,0.8539,0.0,0.0833,0.5477,0.4128,0.3,0.2676,0.0,0.0,0.5,0.0,0.3154,False,False,False,False,无明确战法态,7.25,-0.68,7.46,False,30.4,造纸行业,黄河三角,31.9
002522,,1.0,0.3114,0.5039,1.0,0.8959,0.4389,0.2669,0.6,0.0,0.0,0.0,0.5,0.7,0.6422,False,False,False,False,无明确战法态,5.99,-7.13,6.9,False,54.2,塑料制品,专精特新/金融改革,33.5
002523,,0.0,0.8929,0.6909,0.0,0.0,0.3687,0.2456,0.0,0.0,0.0,0.0,0.0,0.0,0.5075,False,False,False,False,无明确战法态,3.13,3.64,3.49,False,44.2,机械行业,长株潭/业绩预升/冰雪产业,36.7
002524,,0.0,1.0,0.6462,0.0,0.0,0.0702,0.079,0.3,0.1183,0.0,0.0,0.5,0.0,0.3159,False,False,False,False,无明确战法态,3.64,1.68,3.83,False,18.6,钢铁行业,,29.8
002526,,0.0,1.0,0.7475,0.0,0.0,0.3681,0.1631,0.0,0.0,0.0,0.0,0.0,0.0,0.4846,False,False,False,False,无明确战法态,2.71,2.65,3.06,False,48.0,机械行业,黄河三角/业绩预降/参股金融,36.7
002527,,0.0,0.4456,0.4207,0.2596,0.0,0.3888,0.4357,0.6,0.4119,0.0,0.0,0.0,1.0,0.4572,False,False,False,False,无明确战法态,13.95,6.33,14.02,False,73.8,仪器仪表,智能机器/空气能热泵,34.2
002528,,0.0,0.6803,0.5004,0.7087,0.0,0.5012,0.2529,0.0,0.7954,1.0,0.0,0.0,0.0,0.3663,False,False,False,False,B1候B2,4.48,4.92,4.41,True,47.1,电子信息,深圳国企改革,32.2
002529,,0.1041,0.8827,0.6486,0.3929,0.0,0.0,0.0,0.0,0.3995,0.0,0.0,0.0,0.7,0.3364,False,False,False,False,无明确战法态,7.28,3.7,7.53,False,18.9,机械行业,光伏/海峡西岸/业绩预降,36.7
002530,,0.0652,1.0,0.817,0.0,0.0,0.7078,0.3484,0.3,0.0,0.0,0.0,0.0,0.0,0.4536,False,False,False,False,无明确战法态,7.06,2.02,7.99,False,49.1,机械行业,大飞机,36.7
002531,,0.4774,0.8496,0.6667,0.0,0.0,0.5814,0.0699,0.0,0.0,0.0,0.0,0.0,0.0,0.4974,False,False,False,False,无明确战法态,8.52,3.9,9.84,False,152.2,发电设备,风能概念,28.3
002532,,0.1148,0.8291,0.7682,0.0,0.0,0.2594,0.2631,0.3,0.0,0.0,0.0,0.0,0.0,0.4555,False,False,False,False,无明确战法态,11.37,4.03,14.14,False,467.0,机械行业,水利建设/俄乌冲突概念,36.7
002533,,0.0,0.9215,0.631,0.0,0.0,0.4549,0.195,0.0,0.0,0.0,0.0,0.0,0.0,0.4853,False,False,False,False,无明确战法态,11.03,3.47,12.15,False,70.3,发电设备,长株潭/超导概念/柔性直流输电,28.3
002534,,0.9237,0.2304,0.3994,0.6925,0.0,0.2106,0.3618,0.0,0.17,0.0,1.0,0.0,1.0,0.5487,False,False,False,False,B1候B2,17.8,7.62,19.31,False,146.9,机械行业,碳中和/核电核能/固废处理,36.7
002535,,0.0,0.9949,0.7114,0.0,0.0,0.6498,0.4115,0.3,0.0,0.0,0.0,0.0,0.0,0.5559,False,False,False,False,无明确战法态,2.38,3.03,2.79,False,17.8,机械行业,大飞机/光伏,36.7
002536,,0.0,0.0,0.3522,1.0,1.0,0.3717,0.3182,0.0,1.0,0.0,0.0,1.0,0.7,0.4181,False,False,False,False,无明确战法态,51.96,9.99,42.28,True,282.9,汽车制造,,40.0
002537,,0.0978,1.0,0.8781,0.0,0.0,0.5637,0.14,0.3,0.0,0.0,0.0,0.0,0.0,0.5472,False,False,False,False,无明确战法态,5.53,1.1,6.5,False,64.7,机械行业,黄河三角/电子支付/自贸区,36.7
002538,,0.0,1.0,0.7957,0.0,0.29,0.6135,0.2458,0.3,0.3837,0.0,0.0,1.0,0.0,0.3894,False,False,False,False,无明确战法态,6.12,-1.29,6.29,False,52.2,农药化肥,皖江区域/金属锌/农村电商,33.4
002539,,1.0,1.0,0.7286,0.0,0.0,0.3327,0.219,0.3,0.0,0.0,0.0,0.5,0.0,0.481,False,False,False,False,无明确战法态,11.06,-2.12,12.72,False,98.4,农药化肥,成渝特区/电子竞技/硅能源,33.4
002540,,0.0,1.0,0.8202,0.0,0.0,0.4505,0.2226,0.0,0.0,0.0,0.0,0.0,0.0,0.461,False,False,False,False,无明确战法态,4.91,1.87,5.56,False,42.1,有色金属,大飞机,36.0
002541,,0.0,1.0,0.7502,0.0,0.1345,0.449,0.6575,0.3,0.4772,0.0,0.0,0.5,0.0,0.346,False,False,False,False,无明确战法态,18.3,0.83,18.53,False,90.8,钢铁行业,光伏/皖江区域,29.8
002542,,0.0,0.7,0.7333,0.0,0.0,0.0,0.3086,0.3,0.0,0.0,0.0,0.0,0.0,0.4399,False,False,False,False,无明确战法态,1.31,4.8,1.74,False,23.0,建筑建材,国防军工/军工航天,28.0
002543,,0.0,1.0,0.7253,0.0,0.0,0.0,0.1917,0.0,0.0,0.0,0.0,0.0,0.0,0.3566,False,False,False,False,无明确战法态,6.46,2.38,7.32,False,42.7,家电行业,短剧游戏/空气能热泵,35.7
002544,,0.0,0.8597,0.6347,0.0,0.0,0.4234,0.1221,0.0,0.0,0.0,1.0,0.0,0.0,0.5357,False,False,False,False,无明确战法态,18.38,3.84,22.14,False,125.1,电子信息,国防军工/5G概念/军工航天,32.2
002545,,0.0,1.0,0.7111,0.0,0.0,0.0,0.1312,0.3,0.0,0.0,0.0,0.0,0.0,0.4321,False,False,False,False,无明确战法态,17.42,0.64,20.7,False,196.9,钢铁行业,黄河三角/涉矿概念/自贸区,29.8
002546,,0.3863,1.0,0.8466,0.0,0.208,0.6094,0.3307,0.3,0.1893,0.0,0.0,0.5,0.0,0.3713,False,False,False,False,无明确战法态,7.26,-1.76,7.76,False,58.2,电器行业,,33.2
002547,,0.0,1.0,0.5691,0.0,0.0,0.599,0.2108,0.0,0.0,0.0,0.0,0.0,1.0,0.5628,False,False,False,False,无明确战法态,2.63,0.0,3.15,False,29.1,电子信息,光伏/国防军工/军工航天,32.2
002548,,0.0,1.0,0.5364,0.0,0.0,0.0,0.234,0.6,0.0,0.0,0.0,0.5,0.0,0.3943,False,False,False,False,无明确战法态,4.05,-2.88,4.39,False,32.6,农林牧渔,猪肉/业绩预降/生态农业,39.0
002549,,0.0,0.0,0.3934,0.5333,1.0,0.0,0.561,0.3,0.6041,0.0,0.0,1.0,0.0,0.4635,False,False,False,False,无明确战法态,18.82,-9.87,18.68,True,130.3,环保行业,专精特新/长株潭/业绩预升,29.2
002550,,0.0,1.0,0.6925,0.0,0.9249,0.0,0.314,0.6,0.6459,0.0,0.0,1.0,0.0,0.2498,False,False,False,False,无明确战法态,6.84,1.79,6.57,True,64.4,生物制药,民营医院/仿制药一致性评价/肝炎概念,47.0
002551,,0.0,1.0,0.7628,0.0,0.0,0.3843,0.1824,0.0,0.0,0.0,0.0,0.0,0.0,0.4468,False,False,False,False,无明确战法态,2.87,2.14,3.11,False,17.5,医疗器械,,37.8
002552,,0.2217,0.3791,0.5462,1.0,1.0,0.7695,1.0,0.0,1.0,0.0,0.0,0.5,0.7,0.2908,False,False,False,False,B1候B2,65.38,6.73,51.41,True,240.9,机械行业,黄金概念/金融改革/业绩预降,36.7
002553,,0.0,0.4488,0.3876,0.0,0.0,0.0,0.3653,0.3,0.0,0.0,0.0,0.0,0.0,0.5451,False,False,False,False,无明确战法态,17.36,6.31,19.64,False,44.5,机械行业,大飞机/专精特新,36.7
002554,,0.5549,1.0,0.7368,0.0068,0.0,0.6446,0.5056,0.0,0.0937,0.0,0.0,0.0,0.0,0.3355,False,False,False,False,无明确战法态,3.09,1.64,3.31,False,41.2,石油行业,光伏/碳交易/垃圾分类,26.5
002555,,0.0,1.0,0.8331,0.0,0.3222,0.5393,0.4626,0.0,0.3388,0.0,0.0,1.0,0.0,0.3514,False,False,False,False,无明确战法态,19.41,-0.82,19.92,False,308.1,汽车制造,皖江区域/网络游戏/业绩预降,40.0
002556,,0.0,1.0,0.8554,0.0,0.0,0.7305,0.2039,0.3,0.0,0.0,0.0,0.0,0.0,0.515,False,False,False,False,无明确战法态,4.65,0.87,5.28,False,44.0,商业百货,皖江区域/供销社/化肥,30.2
002557,,0.0,1.0,0.7478,0.0,0.0,0.6179,0.2833,0.0,0.1407,0.0,0.0,0.5,0.0,0.414,False,False,False,False,无明确战法态,19.34,-1.12,20.34,False,97.5,食品行业,皖江区域,35.0
002558,,0.0,1.0,0.6704,0.0,0.7029,0.2474,0.2094,0.3,0.0689,0.0,0.0,1.0,0.0,0.3887,False,False,False,False,无明确战法态,27.15,-2.02,28.56,False,516.0,酒店旅游,成渝特区/业绩预降/参股保险,29.9
002559,,0.0,0.2646,0.4755,0.9555,1.0,0.0,0.9759,0.6,1.0,0.0,0.0,1.0,1.0,0.2825,False,False,False,False,无明确战法态,14.24,-7.41,11.05,True,71.8,机械行业,军民融合/智能机器/工业母机,36.7
002560,,0.6521,1.0,0.7113,0.0,0.0,0.7826,0.1957,0.0,0.0,0.0,0.0,0.0,0.0,0.4341,False,False,False,False,无明确战法态,7.58,2.57,8.54,False,48.0,发电设备,大飞机/专精特新/国防军工,28.3
002561,,0.0,1.0,0.8418,0.0,0.0,0.6652,0.3221,0.0,0.0,0.0,0.0,0.0,0.0,0.4725,False,False,False,False,无明确战法态,6.43,1.74,7.21,False,26.6,商业百货,内贸规划,30.2
002562,,0.1215,1.0,0.7603,0.0,0.0,0.3893,0.3108,0.0,0.0,0.0,0.0,0.0,0.0,0.4462,False,False,False,False,无明确战法态,4.51,1.35,5.18,False,36.7,化工行业,维生素/业绩预降/丙烯酸,39.0
002563,,0.0,0.8769,0.7383,0.3411,0.155,0.3674,0.2467,0.0,0.7923,0.0,0.0,0.5,0.0,0.4334,False,False,False,False,无明确战法态,5.55,3.74,5.37,True,122.5,服装鞋类,,47.0
002564,,0.0,0.9648,0.6942,0.0,0.0,0.3463,0.1773,0.0,0.0,0.0,0.0,0.0,0.0,0.5826,False,False,False,False,无明确战法态,4.5,3.21,5.29,False,38.6,机械行业,光伏/国防军工/军工航天,36.7
002565,,0.0,1.0,0.7101,0.0,0.0,0.7307,0.2469,0.0,0.0,0.0,0.0,0.5,0.0,0.526,False,False,False,False,无明确战法态,12.61,1.53,14.77,False,133.7,造纸行业,业绩预升/工业大麻/跨境电商,31.9
002566,,0.0,1.0,0.7574,0.0,0.0,0.4167,0.2351,0.0,0.0,0.0,0.0,0.0,0.0,0.4861,False,False,False,False,无明确战法态,6.45,2.06,7.04,False,15.0,生物制药,朝鲜改革/毛发医疗,47.0
002567,,0.0,1.0,0.7566,0.0,0.0,0.2835,0.2892,0.3,0.1251,0.0,0.0,0.5,0.0,0.3485,False,False,False,False,无明确战法态,3.51,-1.4,3.66,False,50.3,农林牧渔,长株潭/猪肉/民营银行,39.0
002568,,0.0,1.0,0.7511,0.1161,0.0,0.7283,0.3488,0.9,0.0146,0.0,0.0,0.5,1.0,0.4174,False,False,False,False,无明确战法态,16.86,-1.63,17.79,False,128.5,食品行业,业绩预降,35.0
002569,,0.0,0.759,0.5146,0.5335,0.2344,0.1453,0.1609,0.3,1.0,0.0,0.0,0.0,0.7,0.4209,False,False,False,False,B2确认,16.21,4.45,15.18,True,22.7,服装鞋类,,47.0
002570,,0.3829,1.0,0.8845,0.0,0.0,0.8374,0.2811,0.0,0.0,0.0,0.0,0.0,0.0,0.5564,False,False,False,False,无明确战法态,4.08,0.99,4.83,False,44.1,食品行业,婴童概念/业绩预升/社保重仓,35.0
002571,,0.0,0.7137,0.6855,0.0978,0.0,0.7168,0.2433,0.6,0.0,0.0,0.0,0.0,1.0,0.4611,False,False,False,False,无明确战法态,10.3,-4.72,11.45,False,30.7,玻璃行业,光伏/皖江区域/婴童概念,52.3
002572,,0.0,1.0,0.7374,0.0,0.0,0.5252,0.1094,0.0,0.0,0.0,0.0,0.0,0.0,0.5785,False,False,False,False,无明确战法态,7.9,0.38,9.63,False,51.5,家具行业,券商重仓,39.0
002573,,0.0,1.0,0.846,0.0,0.0,0.5109,0.2004,0.0,0.0,0.0,0.0,0.0,0.0,0.4708,False,False,False,False,无明确战法态,3.09,1.98,3.34,False,43.7,环保行业,业绩预升/节能环保/信托重仓,29.2
002574,,0.1534,0.9431,0.7613,0.0,0.0,0.1029,0.1559,0.3,0.0,0.0,0.0,0.0,0.0,0.489,False,False,False,False,无明确战法态,4.33,3.34,4.96,False,22.9,服装鞋类,黄金概念/TOPCON电池,47.0
002575,,0.462,1.0,0.7685,0.0,0.0,0.8729,0.359,0.3,0.0,0.0,0.0,0.0,0.0,0.3689,False,False,False,False,无明确战法态,5.6,-2.78,6.3,False,32.7,,金融改革/婴童概念/区块链,
002576,,0.0,0.1555,0.351,0.0,0.0,0.1323,0.2512,0.3,0.0649,0.0,0.0,0.0,0.0,0.4536,False,False,False,False,无明确战法态,15.54,8.07,16.6,False,25.2,电器行业,专精特新/军工航天/业绩预降,33.2
002577,,0.0,1.0,0.7513,0.7404,1.0,0.3391,0.2598,0.3,1.0,0.0,0.0,1.0,0.7,0.3568,False,False,False,False,B1候B2,19.73,2.23,18.08,True,55.4,电子信息,智能机器/网络游戏/电子竞技,32.2
002578,,0.5905,1.0,0.8312,0.0,0.0,0.6352,0.2931,0.3,0.0,0.0,0.0,0.0,1.0,0.4456,False,False,False,False,无明确战法态,3.17,0.32,3.74,False,27.3,有色金属,光伏/海峡西岸,36.0
002579,,0.6314,1.0,0.5338,1.0,1.0,0.7354,0.3752,0.3,1.0,0.0,0.0,0.5,0.7,0.3226,True,False,False,False,B1候B2,19.57,-0.1,17.11,True,114.2,电子器件,无线耳机/小米概念/军民融合,73.7
002580,,0.7484,0.2601,0.5491,0.4253,0.0,0.589,0.1427,0.3,0.221,0.0,0.0,0.5,0.0,0.524,False,False,False,False,无明确战法态,20.53,-7.44,22.31,False,92.9,电器行业,光伏/钠电池/黄河三角,33.2
002581,,0.0,1.0,0.7473,0.0,0.0,0.5475,0.0958,0.0,0.0,0.0,0.0,0.0,0.0,0.6085,False,False,False,False,无明确战法态,3.45,0.58,4.72,False,13.8,化工行业,黄河三角/ST板块/生物疫苗,39.0
002582,,0.0,1.0,0.8117,0.0,0.0,0.7512,0.3338,0.0,0.0,0.0,0.0,0.0,0.0,0.4315,False,False,False,False,无明确战法态,8.97,1.36,10.19,False,30.9,食品行业,参股金融/生态农业/人造肉,35.0
002583,,0.3083,1.0,0.7977,0.0,0.0,0.7636,0.3378,0.3,0.0,0.0,0.0,0.0,0.0,0.5006,False,False,False,False,无明确战法态,8.0,1.14,9.11,False,102.6,电子信息,国防军工/军工航天/业绩预升,32.2
002584,,0.0403,0.0,0.4909,1.0,1.0,0.0,0.3665,0.3,1.0,0.0,0.0,0.5,1.0,0.4016,False,False,False,False,无明确战法态,9.95,-9.55,8.76,True,46.6,化工行业,食品安全/基因概念/重组蛋白,39.0
002585,,1.0,0.9313,0.65,1.0,1.0,0.7813,0.3727,0.6,0.8508,0.0,0.0,0.5,0.7,0.5423,False,False,False,False,无明确战法态,11.04,-3.41,11.13,False,97.9,塑料制品,光伏概念/小米概念/参股银行,33.5
002586,,0.0,1.0,0.6049,0.0,0.0,0.2713,0.2115,0.3,0.4725,0.0,0.0,0.5,0.0,0.3532,False,False,False,False,无明确战法态,4.04,-0.25,4.09,False,43.9,建筑建材,水利建设,28.0
002587,,0.553,0.5264,0.5457,0.6728,1.0,0.0,0.2217,0.3,0.398,0.0,0.0,1.0,0.7,0.4108,False,False,False,False,无明确战法态,6.77,-5.84,6.99,False,36.1,电子器件,专精特新/广东自贸区/旅游概念,73.7
002588,,0.0658,1.0,0.8382,0.0,0.0,0.6272,0.3136,0.0,0.0,0.0,0.0,0.0,0.0,0.4798,False,False,False,False,无明确战法态,8.35,1.33,9.18,False,71.7,农药化肥,黄河三角/化肥/生态农业,33.4
002589,,0.0,1.0,0.7169,0.0,0.0,0.346,0.2685,0.0,0.0,0.0,0.0,0.0,0.0,0.4765,False,False,False,False,无明确战法态,2.64,1.93,2.86,False,36.1,商业百货,黄河三角/牙科医疗,30.2
002590,,0.0,0.8846,0.6806,0.0,0.0,0.5377,0.0824,0.0,0.0,0.0,0.0,0.0,0.0,0.5054,False,False,False,False,无明确战法态,10.39,3.69,11.59,False,51.4,汽车制造,国防军工/军工航天/两轮车,40.0
002591,,0.2272,1.0,0.7756,0.0,0.0,0.7344,0.1111,0.3,0.0,0.0,0.0,0.0,0.0,0.5005,False,False,False,False,无明确战法态,6.35,1.76,7.19,False,14.2,机械行业,节能环保,36.7
002592,,0.0,0.9342,0.7222,0.0,0.0,0.0,0.1366,0.6,0.0348,0.0,0.0,0.0,0.0,0.3886,False,False,False,False,无明确战法态,6.7,3.4,7.19,False,17.6,交通运输,专精特新,32.0
002593,,0.0,0.7181,0.6708,0.0,0.0,0.1233,0.1716,0.0,0.0,0.0,0.0,0.0,0.0,0.5261,False,False,False,False,无明确战法态,4.24,4.69,4.69,False,23.8,汽车制造,海峡西岸,40.0
002594,,0.0,0.5228,0.5788,0.0,0.0,0.0,0.2847,0.0,0.2828,0.0,0.0,0.0,0.0,0.4866,False,False,False,False,无明确战法态,88.47,5.86,90.99,False,3084.6,汽车制造,光伏/盐湖提锂/含H股,40.0
002595,,0.0,0.4183,0.5415,0.0,0.0,0.1923,0.1486,0.0,0.2156,0.0,0.0,0.0,0.0,0.4721,False,False,False,False,无明确战法态,49.55,6.49,52.36,False,570.8,机械行业,黄河三角/海工装备/业绩预升,36.7
002596,,0.0,0.6744,0.4427,0.0,0.0,0.0,0.1264,0.0,0.0,0.0,0.0,0.0,1.0,0.4366,False,False,False,False,无明确战法态,3.07,-4.95,3.52,False,35.2,建筑建材,海南自贸/海南自贸区/水泥概念,28.0
002597,,0.2548,1.0,0.7141,0.1677,0.1706,0.409,0.2523,0.6,0.2313,0.0,0.0,0.5,0.0,0.4231,False,False,False,False,无明确战法态,20.6,-0.72,21.62,False,116.9,化工行业,皖江区域/代糖概念/合成生物,39.0
002598,,0.0,0.6742,0.6697,0.0,0.0,0.6083,0.2369,0.3,0.0,0.0,0.0,0.0,0.0,0.5535,False,False,False,False,无明确战法态,6.99,4.95,7.5,False,20.0,机械行业,钠电池/固态电池/黄河三角,36.7
002599,,0.0,0.4524,0.5429,0.0,0.0,0.0091,0.2005,0.3,0.0,0.0,0.0,0.0,0.0,0.5462,False,False,False,False,无明确战法态,5.58,6.29,6.19,False,22.2,印刷包装,手机游戏,27.7
002600,,0.0,0.6851,0.48,0.9064,1.0,0.1124,0.4263,0.0,1.0,0.0,0.0,1.0,0.7,0.3407,False,False,False,False,无明确战法态,18.02,4.89,15.7,True,1297.4,电子器件,无线耳机/金融改革/业绩预降,73.7
002601,,0.1796,1.0,0.7939,0.2534,1.0,0.5808,0.3803,0.6,0.5323,0.0,0.0,0.5,0.0,0.4256,False,False,False,False,无明确战法态,16.71,-0.65,16.67,True,332.1,化工行业,业绩预降/钒电池/石墨电极,39.0
002602,,0.0,1.0,0.7656,0.0,0.0,0.7801,0.1959,0.3,0.0,0.0,0.0,0.5,0.0,0.3862,False,False,False,False,无明确战法态,13.46,-1.39,14.83,False,914.8,汽车制造,网络游戏/电子竞技/NFT概念,40.0
002603,,0.0,1.0,0.8317,0.1447,0.1785,0.5396,0.5239,0.3,0.4102,0.0,0.0,0.5,0.0,0.3477,False,False,False,False,无明确战法态,15.62,1.1,15.89,False,215.0,生物制药,基因概念/阿尔茨海默概念/禽流感,47.0
002605,,0.0,1.0,0.8398,0.0,0.2025,0.2455,0.5055,0.3,0.153,0.0,0.0,0.5,0.0,0.332,False,False,False,False,无明确战法态,18.95,1.17,19.67,False,64.0,,免疫治疗/网络游戏/短剧游戏,
002606,,0.2462,1.0,0.7824,0.4911,0.0,0.833,0.274,0.0,0.5985,0.0,0.0,0.5,0.7,0.3866,False,False,False,False,无明确战法态,13.48,0.0,13.92,False,56.8,电器行业,,33.2
002607,,0.0,1.0,0.5139,0.0,0.0,0.1838,0.057,0.3,0.0,0.0,0.0,0.5,0.0,0.409,False,False,False,False,无明确战法态,1.9,-1.04,2.23,False,105.3,汽车制造,皖江区域/参股金融,40.0
002608,,0.474,1.0,0.8463,0.22,0.0,0.8948,0.3712,0.3,0.0,0.0,0.0,0.0,1.0,0.3081,False,False,False,False,B1候B2,7.04,1.44,8.17,False,266.0,船舶制造,固态电池/业绩预升/信托概念,34.5
002609,,0.0,1.0,0.8402,0.0,0.0,0.6891,0.3081,0.0,0.005,0.0,0.0,0.5,0.0,0.367,False,False,False,False,无明确战法态,7.52,0.13,8.04,False,34.5,电子信息,电子支付/蚂蚁集团概念,32.2
002611,,0.0,0.7529,0.6169,0.4528,0.3291,0.5013,0.3027,0.6,0.6891,0.0,0.0,0.0,0.7,0.4564,False,False,False,False,无明确战法态,18.18,4.48,17.89,True,182.1,机械行业,国防军工/节能环保/牙科医疗,36.7
002612,,0.0,1.0,0.8051,0.0,0.0,0.6956,0.1351,0.0,0.0,0.0,0.0,0.0,0.0,0.65,False,False,False,False,无明确战法态,11.92,2.49,13.71,False,30.3,服装鞋类,民营银行/QFII重仓/毛发医疗,47.0
002613,,1.0,1.0,0.8383,0.6588,0.0,0.8539,0.1397,0.0,0.0,0.0,0.0,0.0,0.7,0.5459,False,False,False,False,无明确战法态,3.67,-1.08,4.35,False,28.4,机械行业,光伏/HIT电池/节能环保,36.7
002614,,0.0,1.0,0.8392,0.0,0.0,0.5802,0.1523,0.0,0.0,0.0,0.0,0.0,0.0,0.5924,False,False,False,False,无明确战法态,4.64,1.75,5.22,False,20.5,医疗器械,海峡西岸/业绩预升/网红经济,37.8
002615,,0.0,0.6204,0.5489,0.0,0.0,0.1908,0.2417,0.3,0.6283,0.0,0.0,0.5,1.0,0.3492,False,False,False,False,无明确战法态,7.78,5.28,7.6,True,23.5,钢铁行业,金融改革/业绩预升,29.8
002616,,0.0,1.0,0.7953,0.0,0.0,0.8266,0.2288,0.0,0.0,0.0,0.0,0.0,0.0,0.5367,False,False,False,False,无明确战法态,4.65,1.97,5.14,False,27.3,环保行业,节能环保/农业种植/生物质能发电,29.2
002617,,0.3146,0.7188,0.6806,0.8806,1.0,0.65,0.4897,0.3,0.836,1.0,0.0,1.0,0.7,0.4057,False,False,False,False,无明确战法态,9.15,-4.69,9.01,True,171.8,有色金属,光伏/锂电池/业绩预升,36.0
002620,,0.0,1.0,0.3606,0.0,0.0,0.2039,0.1304,0.3,0.0,0.0,0.0,0.5,0.0,0.4474,False,False,False,False,无明确战法态,5.68,0.89,6.66,False,18.0,建筑建材,光伏/ERP概念,28.0
002622,,0.0,1.0,0.6899,0.0,0.0,0.3296,0.2468,0.0,0.0,0.0,0.0,0.0,1.0,0.4691,False,False,False,False,无明确战法态,2.19,1.86,2.44,False,18.4,发电设备,朝鲜改革/民营银行/牙科医疗,28.3
002623,,0.0,0.0,0.2431,0.0,0.0,0.3837,0.2247,0.6,0.0,0.0,0.0,0.0,0.0,0.6744,False,False,False,False,无明确战法态,17.15,10.01,18.89,False,3406.6,玻璃行业,光伏/业绩预降/建筑节能,52.3
002624,,0.0,0.5403,0.7026,0.0,0.0,0.2325,0.2814,0.3,0.0,0.0,0.0,0.5,0.0,0.5131,False,False,False,False,无明确战法态,11.62,-5.76,14.44,False,212.4,传媒娱乐,金融改革/电子竞技/云游戏,29.0
002625,,0.0,0.5865,0.569,0.0,0.0,0.437,0.1621,0.3,0.0,0.0,0.0,0.0,0.0,0.5711,False,False,False,False,无明确战法态,32.14,5.48,36.93,False,692.5,汽车制造,国防军工/PEEK材料/碳纤维,40.0
002626,,0.0,1.0,0.7928,0.0,0.0,0.6122,0.206,0.0,0.0,0.0,0.0,0.5,0.0,0.3989,False,False,False,False,无明确战法态,14.15,-0.07,15.2,False,86.3,食品行业,海峡西岸/维生素/医药电商,35.0
002627,,0.0,1.0,0.8632,0.0,0.0,0.8437,0.315,0.3,0.0,0.0,0.0,0.0,0.0,0.3969,False,False,False,False,无明确战法态,5.92,1.2,6.79,False,42.5,交通运输,,32.0
002628,,0.0,1.0,0.7289,0.2616,0.6286,0.2445,0.2853,0.3,1.0,0.0,0.0,1.0,0.0,0.3358,False,False,False,False,无明确战法态,5.4,-0.18,5.09,True,40.7,建筑建材,成渝特区/业绩预升/氟化工概念,28.0
002629,,0.0,1.0,0.8261,0.0,0.0,0.0,0.1443,0.0,0.0,0.0,0.0,0.5,0.0,0.4398,False,False,False,False,无明确战法态,4.67,1.52,5.39,False,16.9,石油行业,成渝特区/页岩气/油气改革,26.5
002630,,0.1794,1.0,0.7363,0.0084,0.0415,0.8615,0.2576,0.3,0.0,0.0,0.0,0.0,0.0,0.4164,False,False,False,False,无明确战法态,1.81,2.26,1.93,False,19.5,机械行业,光伏/成渝特区/ST板块,36.7
002631,,0.0,0.7279,0.4814,1.0,1.0,0.4033,0.6622,0.0,1.0,0.0,0.0,1.0,0.7,0.2819,False,False,False,False,无明确战法态,10.91,-4.63,8.34,True,86.6,家具行业,锂电池/智能家居/工业互联网,39.0
002632,,0.8487,1.0,0.7251,0.0,0.0,0.58,0.2622,0.3,0.0,0.0,1.0,0.0,0.0,0.4875,False,False,False,False,无明确战法态,8.93,2.29,10.4,False,51.3,化工行业,锂电池/业绩预降/石墨烯,39.0
002633,,0.2373,0.8408,0.6484,0.0,0.0,0.5683,0.1015,0.0,0.0358,0.0,0.0,0.0,0.0,0.5048,False,False,False,False,无明确战法态,15.77,3.96,17.03,False,2356.3,机械行业,,36.7
002634,,0.0,1.0,0.7108,0.0,0.0,0.7041,0.2929,0.0,0.0,0.0,0.0,0.5,0.0,0.4107,False,False,False,False,无明确战法态,4.65,0.87,5.15,False,2056.4,服装鞋类,ST板块/金融改革/互联网金融,47.0
002635,,0.0,0.0,0.3911,1.0,1.0,0.334,0.3586,0.3,1.0,0.0,0.0,1.0,0.7,0.4685,False,False,False,False,B2确认,23.36,9.98,17.75,True,92.4,电子信息,高压快充/无线充电/智能音箱,32.2
002636,,0.4601,0.8084,0.3039,1.0,1.0,0.3591,1.0,0.3,1.0,0.0,0.0,1.0,0.7,0.2502,False,False,False,False,无明确战法态,106.95,-4.15,75.84,True,774.7,电子器件,,73.7
002637,,0.0,1.0,0.7962,0.1116,0.0,0.9024,0.4678,0.3,0.0022,0.0,0.0,0.0,0.0,0.3934,False,False,False,False,无明确战法态,10.85,-2.43,11.8,False,50.5,化工行业,,39.0
002638,,0.0,1.0,0.6594,0.3757,0.0,0.6824,0.2402,0.3,0.5143,0.0,0.0,0.5,0.0,0.3187,False,False,False,False,无明确战法态,4.01,-2.43,4.13,False,54.2,电子器件,绿色照明,73.7
002639,,0.0,1.0,0.8156,0.0,0.0,0.7299,0.1803,0.0,0.0,0.0,0.0,0.5,0.0,0.4866,False,False,False,False,无明确战法态,13.64,-0.73,15.93,False,89.1,机械行业,海峡西岸,36.7
002640,,0.4457,1.0,0.8246,0.0,0.0,0.8981,0.2006,0.6,0.0,0.0,0.0,0.0,0.0,0.5113,False,False,False,False,无明确战法态,3.06,0.66,3.52,False,47.4,服装鞋类,民营银行,47.0
002641,,0.0,1.0,0.7625,0.269,0.0,0.7831,0.3675,0.6,0.2146,0.0,0.0,0.0,1.0,0.4105,False,False,False,False,无明确战法态,3.95,0.51,4.13,False,44.8,塑料制品,地下管网/共同富裕示范区/水利,33.5
002642,,0.1005,1.0,0.7944,0.0,0.0,0.8375,0.1603,0.0,0.0,0.0,0.0,0.0,0.0,0.5454,False,False,False,False,无明确战法态,6.3,2.27,7.41,False,41.7,电子信息,基因概念/基因测序/数字乡村,32.2
002643,,0.0,0.9048,0.5397,0.9946,1.0,0.3516,0.5138,0.6,1.0,0.0,0.0,1.0,0.0,0.2724,False,False,False,False,无明确战法态,20.25,-3.57,17.45,True,184.1,化工行业,黄河三角/仿制药一致性评价/肝炎概念,39.0
002644,,0.0,1.0,0.8138,0.0,0.0,0.5246,0.2961,0.0,0.1,0.0,0.0,0.0,0.0,0.4212,False,False,False,False,无明确战法态,7.33,2.37,7.74,False,3743.1,生物制药,送转潜力/陕甘宁/肝炎概念,47.0
002645,,1.0,1.0,0.6356,1.0,0.0,0.6807,0.2467,0.3,0.3044,0.0,1.0,0.0,0.7,0.4521,False,False,False,False,无明确战法态,25.68,1.7,27.85,False,143.5,机械行业,垃圾分类/固废处理/节能环保,36.7
002646,,0.0,1.0,0.8359,0.0,0.0,0.6419,0.2541,0.3,0.0,0.0,0.0,0.0,0.0,0.4681,False,False,False,False,无明确战法态,6.61,1.69,7.27,False,31.5,酿酒行业,白酒概念/粮食概念,27.4
002647,,0.0078,0.9324,0.6468,0.4738,0.0,0.703,0.2109,0.6,0.5732,0.0,1.0,0.0,0.7,0.3116,False,False,False,False,B2确认,10.93,3.41,11.22,False,111.0,电器行业,数字货币/移动支付,33.2
002648,,0.1899,1.0,0.6172,0.2943,0.4029,0.3188,0.2383,0.3,0.4629,0.0,0.0,0.5,0.0,0.353,False,False,False,False,无明确战法态,24.02,-2.87,24.63,False,808.6,化工行业,光伏/丙烯酸/三胎概念,39.0
002649,,0.0,1.0,0.8372,0.0,0.0,0.677,0.2223,0.3,0.0,0.0,0.0,0.0,0.0,0.6041,False,False,False,False,无明确战法态,8.29,1.22,9.83,False,44.5,电子信息,业绩预升/送转潜力/本月解禁,32.2
002650,,0.0,0.6736,0.6804,0.0764,0.0,0.3019,0.1112,0.3,0.0,0.0,0.0,0.0,0.0,0.5415,False,False,False,False,无明确战法态,6.35,4.96,6.94,False,7029.7,食品行业,长株潭,35.0
002651,,0.0,0.7982,0.693,0.0,0.0,0.2792,0.1788,0.3,0.0,0.0,0.0,0.0,0.0,0.5419,False,False,False,False,无明确战法态,7.92,4.21,8.51,False,4478.5,机械行业,大飞机/国防军工/成渝特区,36.7
002652,,0.0,0.0,0.4071,0.0,0.0,0.0646,0.0555,0.0,0.0,0.0,0.0,0.0,0.0,0.6519,False,False,False,False,无明确战法态,4.15,-9.98,4.85,False,21.3,建筑建材,,28.0
002653,,0.0,1.0,0.4552,0.8849,1.0,0.0,0.8353,0.6,1.0,0.0,0.0,1.0,0.0,0.2664,False,False,False,False,无明确战法态,76.47,-2.96,55.04,True,410.5,生物制药,金融改革,47.0
002654,,0.415,1.0,0.3333,1.0,1.0,0.6006,0.4258,0.3,1.0,0.0,0.0,1.0,0.7,0.3112,False,False,False,False,无明确战法态,19.01,0.05,17.06,True,160.7,电子器件,绿色照明/AI手机/安防,73.7
002655,,1.0,0.9725,0.6034,1.0,1.0,0.7989,0.3192,0.0,1.0,1.0,0.0,0.5,0.7,0.4048,False,False,False,False,无明确战法态,40.69,-3.17,36.32,True,147.7,电子器件,无线耳机/黄河三角/智能家居,73.7
002656,,0.0,0.9932,0.7523,0.2975,0.0,0.3933,0.1242,0.3,0.5193,0.0,0.0,0.0,0.7,0.4408,False,False,False,False,B1候B2,3.05,3.04,3.11,False,20.6,服装鞋类,ST板块/三胎概念/区块链,47.0
002657,,0.2213,1.0,0.7825,0.327,1.0,0.6818,0.4048,0.3,0.333,0.0,0.0,0.5,0.0,0.3888,False,False,False,False,无明确战法态,21.48,0.09,21.57,False,72.2,电子信息,百度概念/国产软件/短剧游戏,32.2
002658,,0.0,1.0,0.8568,0.179,0.5205,0.814,0.3334,0.3,0.4606,0.0,0.0,1.0,0.0,0.3949,False,False,False,False,无明确战法态,8.31,-0.84,8.43,False,29.8,仪器仪表,本月解禁/PM2.5,34.2
002659,,0.0,1.0,0.7272,0.0,0.0,0.4069,0.1738,0.0,0.0,0.0,0.0,0.0,0.0,0.5176,False,False,False,False,无明确战法态,3.96,1.28,4.51,False,2369.2,建筑建材,业绩预降/冰雪产业,28.0
002660,,0.0,1.0,0.8069,0.0,0.0,0.4507,0.1903,0.0,0.0,0.0,0.0,0.0,0.0,0.5052,False,False,False,False,无明确战法态,6.66,1.52,7.69,False,22.8,发电设备,光伏/绿色照明,28.3
002661,,0.0,1.0,0.8529,0.0,0.0,0.6565,0.2987,0.0,0.0,0.0,0.0,0.0,0.0,0.5323,False,False,False,False,无明确战法态,7.37,1.66,7.9,False,23.4,食品行业,长株潭/民营银行/送转潜力,35.0
002662,,0.9051,1.0,0.7826,0.3219,0.9964,0.6398,0.3365,0.3,0.5755,0.0,0.0,0.5,0.0,0.3941,False,False,False,False,无明确战法态,3.75,1.9,3.75,False,56.2,汽车制造,燃料电池/特斯拉概念,40.0
002663,,0.0,1.0,0.7333,0.0,0.0,0.5998,0.0834,0.0,0.0,0.0,0.0,0.0,0.0,0.5547,False,False,False,False,无明确战法态,1.49,-0.67,1.82,False,25.4,建筑建材,业绩预升/本月解禁/横琴新区,28.0
002664,,0.0,0.0,0.299,0.0,0.0,0.4396,0.201,0.3,0.4652,0.0,0.0,0.0,1.0,0.5433,False,False,False,False,无明确战法态,19.88,10.02,19.85,True,80.0,电器行业,送转潜力/QFII重仓,33.2
002666,,0.0,1.0,0.7833,0.0,0.0,0.4404,0.2086,0.3,0.0,0.0,0.0,0.0,0.0,0.5081,False,False,False,False,无明确战法态,4.07,1.75,4.6,False,20.4,化工行业,有机硅概念,39.0
002667,,0.0,0.6695,1.0,0.0,0.0,1.0,0.2417,0.6,0.0,0.0,0.0,0.0,0.0,0.6174,False,False,False,False,无明确战法态,12.43,4.98,18.61,False,29.4,机械行业,金属锌,36.7
002668,,0.0,1.0,0.7099,0.8095,1.0,0.4969,0.4494,0.9,1.0,0.0,0.0,1.0,0.7,0.288,False,False,False,False,无明确战法态,10.89,-1.27,9.96,True,11806.0,家电行业,跨境电商,35.7
002669,,0.0,0.4946,0.5507,1.0,1.0,0.5268,0.7076,0.6,1.0,0.0,0.0,0.5,0.7,0.3098,False,False,False,False,无明确战法态,17.29,-6.03,16.15,True,52.3,化工行业,国防军工/军民融合/军工航天,39.0
002670,,0.0,1.0,0.7213,0.0,0.5272,0.0,0.4747,0.9,0.2816,0.0,0.0,0.5,0.0,0.406,False,False,False,False,无明确战法态,12.37,-0.56,12.5,False,200.8,电器行业,,33.2
002671,,0.0,1.0,0.8044,0.0,0.0,0.6758,0.0702,0.0,0.0,0.0,0.0,0.0,0.0,0.4736,False,False,False,False,无明确战法态,3.85,2.67,4.35,False,21.2,建筑建材,黄河三角/送转潜力,28.0
002672,,0.2928,1.0,0.7466,0.0,0.0,0.5348,0.3302,0.3,0.0,0.0,0.0,0.5,0.0,0.3572,False,False,False,False,无明确战法态,3.48,1.75,3.9,False,3149.8,环保行业,含H股/节能环保/金属锌,29.2
002673,,0.0,1.0,0.8699,0.1366,0.4382,0.5634,0.3782,0.6,0.339,0.0,0.0,0.5,0.0,0.3847,False,False,False,False,无明确战法态,6.7,0.6,6.84,False,299.5,金融行业,陕甘宁,39.0
002674,,0.0,1.0,0.0,1.0,1.0,0.0,0.7308,0.6,1.0,0.0,1.0,1.0,0.7,0.1623,False,False,True,False,无明确战法态,29.03,2.76,18.7,True,84.9,服装鞋类,海峡西岸/固废处理/参股金融,47.0
002675,,0.0,1.0,0.8184,0.3156,0.6177,0.4083,0.3963,0.0,0.5057,0.0,0.0,1.0,0.0,0.4191,False,False,False,False,无明确战法态,12.92,0.54,12.88,True,96.0,生物制药,专精特新/黄河三角/阿尔茨海默概念,47.0
002676,,0.0,1.0,0.7318,0.0,0.0,0.6204,0.2631,0.0,0.0,0.0,0.0,0.5,0.0,0.4141,False,False,False,False,无明确战法态,5.33,2.11,5.87,False,38.4,塑料制品,,33.5
002677,,0.0,0.0,0.3875,0.0,0.0,0.6616,0.1226,0.0,0.0,0.0,0.0,0.0,0.0,0.6345,False,False,False,False,无明确战法态,6.23,10.07,6.94,False,34.4,家电行业,,35.7
002678,,0.0661,1.0,0.7203,0.0,0.0,0.6157,0.1719,0.0,0.0,0.0,0.0,0.0,0.0,0.5956,False,False,False,False,无明确战法态,4.32,0.7,5.23,False,5864.7,,,
002679,,0.0,1.0,0.7726,0.0,0.0,0.5438,0.2191,0.0,0.0,0.0,0.0,0.0,0.0,0.4815,False,False,False,False,无明确战法态,8.28,0.85,9.34,False,19.5,农林牧渔,海峡西岸/业绩预降,39.0
002681,,0.1856,0.8392,0.5007,0.0,0.0,0.4895,0.4062,0.6,0.0,0.0,0.0,0.0,1.0,0.4661,False,False,False,False,无明确战法态,4.72,3.96,5.15,False,74.1,家电行业,送转潜力/无线充电/血氧仪,35.7
002682,,0.0,1.0,0.7101,0.0,0.0,0.3278,0.1615,0.0,0.0,0.0,0.0,0.0,0.0,0.5055,False,False,False,False,无明确战法态,4.42,1.14,5.19,False,2485.7,交通运输,海峡西岸/ETC/农村电商,32.0
002683,,0.0,1.0,0.6464,0.0,0.0,0.3758,0.1578,0.3,0.0,0.0,0.0,0.5,0.0,0.3548,False,False,False,False,无明确战法态,31.03,2.85,33.76,False,206.8,化工行业,业绩预升/民爆概念,39.0
002685,,0.3854,1.0,0.8405,0.0,0.0,0.8531,0.1479,0.3,0.0,0.0,0.0,0.0,0.0,0.478,False,False,False,False,无明确战法态,6.3,0.48,7.24,False,63.5,机械行业,航运概念,36.7
002686,,0.0,0.8687,0.6591,0.0,0.0,0.4925,0.2282,0.0,0.0,0.0,0.0,0.0,0.0,0.6472,False,False,False,False,无明确战法态,5.48,3.79,6.25,False,28.6,机械行业,专精特新/化债概念(AMC概念),36.7
002687,,0.0,1.0,0.7353,0.4458,1.0,0.0328,0.7427,0.9,1.0,0.0,0.0,1.0,0.0,0.3015,False,False,False,False,无明确战法态,5.65,1.99,4.73,True,23.4,服装鞋类,,47.0
002688,,0.0,1.0,0.742,0.0,0.0,0.4831,0.2507,0.3,0.0677,0.0,0.0,0.0,0.0,0.5164,False,False,False,False,无明确战法态,5.04,2.65,5.33,False,37.7,生物制药,宠物经济/代糖概念/动物疫苗,47.0
002689,,0.0,0.885,0.7294,0.0,0.0,0.0,0.1955,0.0,0.0,0.0,0.0,0.5,0.0,0.3983,False,False,False,False,无明确战法态,2.81,3.69,3.07,False,29.3,交通运输,,32.0
002690,,0.0,1.0,0.8012,0.0,0.0,0.5201,0.1985,0.0,0.0976,0.0,0.0,0.5,0.0,0.4298,False,False,False,False,无明确战法态,14.78,2.5,15.59,False,64.1,机械行业,食品安全/抗癌/农机,36.7
002691,,0.0,0.8798,0.6124,0.0,0.0,0.878,0.2314,0.0,0.0,0.0,0.0,0.0,0.0,0.6332,False,False,False,False,无明确战法态,4.46,3.72,5.39,False,15.0,机械行业,京津冀,36.7
002692,,0.0,1.0,0.72,0.0,0.0,0.5033,0.1343,0.0,0.0,0.0,0.0,0.0,0.0,0.6162,False,False,False,False,无明确战法态,3.9,2.36,4.68,False,28.0,电力行业,,26.5
002693,,0.0,0.7971,0.1565,0.5389,0.8919,0.0,0.2052,0.0,1.0,0.0,0.0,1.0,0.7,0.3575,False,False,False,False,无明确战法态,10.22,-4.22,9.13,True,42.0,生物制药,仿制药/海南自贸/阿尔茨海默概念,47.0
002694,,0.0,0.9792,0.6131,0.0,0.0,0.7384,0.1654,0.0,0.0,0.0,0.0,0.5,0.0,0.4105,False,False,False,False,无明确战法态,2.31,3.12,2.5,False,16.6,塑料制品,空气能热泵,33.5
002695,,0.0,0.9292,0.7326,0.1509,0.0,0.6933,0.3716,0.3,0.0944,0.0,0.0,0.0,0.0,0.4436,False,False,False,False,无明确战法态,10.57,3.42,11.21,False,54.1,食品行业,送转潜力/本月解禁/宠物经济,35.0
002696,,0.0,0.6726,0.4681,0.0,0.0,0.0,0.1241,0.6,0.0,0.0,0.0,0.0,0.0,0.5287,False,False,False,False,无明确战法态,5.36,-4.96,5.94,False,17.9,农林牧渔,水产品/业绩预降/本月解禁,39.0
002697,,0.0,1.0,0.9078,0.0,0.0,0.7369,0.3328,0.6,0.0,0.0,0.0,0.0,0.0,0.5013,False,False,False,False,无明确战法态,4.38,0.92,4.76,False,50.2,商业百货,成渝特区/内贸规划/本月解禁,30.2
002698,,0.0,1.0,0.6686,0.0,0.5992,0.0,0.3528,0.6,0.8401,0.0,0.0,1.0,0.0,0.3764,False,False,False,False,无明确战法态,13.74,1.93,12.97,True,115.4,机械行业,智能机器/本月解禁/黑龙江自贸区,36.7
002700,,0.8078,0.0,0.2971,0.6748,0.0,0.7585,0.3199,1.0,0.0,0.0,1.0,0.0,0.7,0.6414,False,False,False,False,无明确战法态,6.68,10.05,7.48,False,14.3,供水供气,业绩预升/送转潜力/本月解禁,26.9
002701,,0.0,1.0,0.8182,0.0,0.0,0.5023,0.1905,0.0,0.0,0.0,0.0,0.0,0.0,0.4985,False,False,False,False,无明确战法态,4.45,1.14,4.82,False,11380.4,印刷包装,业绩预升/冰雪产业/工业大麻,27.7
002702,,0.0,1.0,0.8395,0.0,0.0,0.5328,0.2502,0.3,0.0,0.0,0.0,0.0,0.0,0.4669,False,False,False,False,无明确战法态,4.61,0.88,5.24,False,21.1,食品行业,海峡西岸/人造肉,35.0
002703,,0.0,0.8094,0.5396,0.0,0.0,0.4879,0.0638,0.0,0.0,0.0,0.0,0.0,0.0,0.5789,False,False,False,False,无明确战法态,15.08,4.14,17.36,False,88.4,汽车制造,含H股/共同富裕示范区/小米汽车,40.0
002705,,0.0,1.0,0.7166,0.0,0.0,0.5979,0.1968,0.0,0.0,0.0,0.0,0.5,0.0,0.4714,False,False,False,False,无明确战法态,11.62,2.92,12.74,False,93.8,家电行业,,35.7
002706,,0.7859,1.0,0.719,0.3717,0.0,0.8716,0.1453,0.0,0.0,0.0,0.0,0.0,0.7,0.4035,False,False,False,False,无明确战法态,10.44,2.35,11.71,False,95.5,电器行业,,33.2
002707,,0.0,1.0,0.8364,0.0,0.0,0.6349,0.2932,0.3,0.0,0.0,0.0,0.0,0.0,0.4873,False,False,False,False,无明确战法态,4.95,1.23,5.69,False,42.8,酒店旅游,冰雪产业,29.9
002708,,0.121,0.5748,0.3215,0.4866,0.0,0.0,0.2549,0.6,0.4934,0.0,0.0,0.0,0.7,0.3704,False,False,False,False,无明确战法态,13.69,5.55,13.95,False,7073.0,汽车制造,飞行汽车(eVTOL)/减速器,40.0
002709,,0.0,1.0,0.7204,0.6877,0.9159,0.5946,0.4078,0.0,1.0,0.0,0.0,0.5,0.0,0.3549,False,False,False,False,无明确战法态,54.04,-1.46,51.49,True,815.5,化工行业,固态电池/锂电池/动力电池回收,39.0
002712,,0.0,1.0,0.7333,0.0,0.0,0.5121,0.1202,0.0,0.0,0.0,0.0,0.0,0.0,0.5337,False,False,False,False,无明确战法态,4.32,1.65,4.93,False,23.4,传媒娱乐,快手概念/知识产权保护,29.0
002713,,0.0,1.0,0.5974,0.3491,1.0,0.6466,0.3725,0.0,1.0,0.0,0.0,1.0,0.0,0.2974,False,False,False,False,无明确战法态,12.79,2.98,11.82,True,6733.9,建筑建材,,28.0
002714,,0.0,1.0,0.6823,0.0,0.0127,0.2672,0.2885,0.3,0.1945,0.0,0.0,1.0,0.0,0.3191,False,False,False,False,无明确战法态,36.9,-1.2,38.07,False,1210.5,农林牧渔,猪肉,39.0
002715,,0.0,0.0,0.303,0.0,0.0,0.0,0.1954,0.3,0.2847,0.0,0.0,0.0,0.0,0.5633,False,False,False,False,无明确战法态,14.73,10.01,15.03,False,20.3,汽车制造,,40.0
002716,,0.2969,1.0,0.7236,0.0,0.0,0.1442,0.3163,0.3,0.0,0.0,0.0,0.0,0.0,0.376,False,False,False,False,无明确战法态,8.44,2.93,10.01,False,196.2,,黄金概念/金属锌/金属铜,
002717,,0.0,0.683,0.4771,0.0,0.0,0.4788,0.7328,0.6,0.0,0.0,0.0,0.5,0.0,0.5373,False,False,False,False,无明确战法态,1.07,4.9,1.18,False,18.4,建筑建材,横琴新区/数字水印,28.0
002718,,0.6602,1.0,0.6697,1.0,1.0,0.6561,0.6256,0.0,1.0,0.0,0.0,0.5,0.7,0.4019,True,False,True,False,B1候B2,110.99,1.83,94.62,True,10430.9,家具行业,网红经济,39.0
002719,,0.0,1.0,0.7312,0.0,0.0,0.7075,0.2655,0.0,0.0,0.0,0.0,0.0,0.0,0.5738,False,False,False,False,无明确战法态,6.26,0.97,7.29,False,10.1,食品行业,,35.0
002721,,0.0,1.0,0.7953,0.0,0.0,0.4508,0.2239,0.0,0.0,0.0,0.0,0.0,0.0,0.5296,False,False,False,False,无明确战法态,2.33,2.19,2.61,False,62.0,,,
002722,,0.0,1.0,0.7968,0.0,0.0,0.3944,0.1731,0.0,0.0,0.0,0.0,0.0,0.0,0.4984,False,False,False,False,无明确战法态,12.4,2.14,13.51,False,27.6,纺织机械,特钢概念/语音技术,45.1
002723,,0.0,0.6199,0.4206,0.2445,0.779,0.3804,0.477,0.3,1.0,0.0,0.0,0.5,0.0,0.4649,False,False,False,False,无明确战法态,9.57,5.28,9.07,True,3034.2,家电行业,锂电池/短剧游戏/空气能热泵,35.7
002724,,0.0,1.0,0.5582,0.0,0.0,0.0837,0.3681,0.3,0.0,0.0,0.0,0.0,0.0,0.4623,False,False,False,False,无明确战法态,5.1,2.41,5.68,False,29.0,电子器件,国防军工/军工航天,73.7
002725,,0.4238,1.0,0.8324,0.0,0.0,0.8048,0.1493,0.6,0.0,0.0,0.0,0.0,0.0,0.5116,False,False,False,False,无明确战法态,12.35,0.16,14.29,False,30.7,汽车制造,,40.0
002726,,0.0,0.7187,0.5833,0.0,0.0,0.0,0.7349,0.0,0.0,0.0,0.0,0.0,0.0,0.4223,False,False,False,False,无明确战法态,1.34,4.69,2.0,False,14.5,食品行业,猪肉,35.0
002727,,0.0,1.0,0.8427,0.0,0.0,0.5241,0.3339,0.3,0.0,0.0,0.0,0.0,0.0,0.4373,False,False,False,False,无明确战法态,10.36,1.87,11.37,False,40.7,生物制药,,47.0
002728,,0.0,1.0,0.6663,0.0,0.8284,0.0,0.2544,0.6,0.5429,0.0,0.0,1.0,0.0,0.3089,False,False,False,False,无明确战法态,9.37,-0.21,9.29,True,31.1,生物制药,,47.0
002729,,1.0,1.0,1.0,0.2839,0.0,0.0,0.0,0.0,0.2791,0.0,0.0,0.5,0.0,0.2266,False,False,False,False,无明确战法态,17.8,0.0,18.87,False,31.2,电子器件,光伏/风电/福建自贸区,73.7
002730,,0.7815,0.9992,0.7391,0.9118,0.0963,0.876,0.1736,0.3,0.597,0.0,0.0,0.5,0.0,0.3775,False,False,False,False,无明确战法态,27.76,-3.0,28.62,False,96.1,电器行业,,33.2
002731,,0.0,1.0,1.0,0.0,0.0,0.0,0.0,0.0,0.0,0.0,0.0,0.0,0.0,0.2057,False,False,False,False,无明确战法态,4.35,0.0,5.37,False,999.0,服装鞋类,黄金概念/ST板块/三胎概念,47.0
002732,,0.0,1.0,0.8173,0.0,0.0,0.602,0.1895,0.3,0.0,0.0,0.0,0.0,0.0,0.461,False,False,False,False,无明确战法态,13.01,1.88,14.42,False,20.4,食品行业,生态农业,35.0
002733,,1.0,1.0,0.6539,1.0,0.0,0.7276,0.289,1.0,0.0,0.0,0.0,0.0,0.7,0.3826,False,False,False,False,B1候B2,26.03,-1.36,30.89,False,96.0,电器行业,固态电池/锂电池/动力电池回收,33.2
002734,,0.8514,1.0,0.6377,0.4315,1.0,0.5678,0.406,0.3,0.3972,0.0,0.0,0.5,0.0,0.407,False,False,False,False,无明确战法态,17.03,-2.57,17.47,False,74.0,农药化肥,合成生物/消毒剂,33.4
002735,,1.0,0.9452,0.6562,0.8257,0.0765,0.6394,0.2866,0.3,0.0,0.0,0.0,0.0,1.0,0.6155,False,False,False,False,B1候B2,14.81,-3.33,16.97,False,4221.7,塑料制品,,33.5
002736,,0.0,1.0,0.87,0.135,0.4659,0.4304,0.464,0.9,0.2701,0.0,0.0,0.5,0.0,0.3576,False,False,False,False,无明确战法态,10.35,0.88,10.61,False,995.0,金融行业,深圳国企改革,39.0
002737,,0.0,0.9077,0.7521,0.1517,0.0,0.1923,0.2231,0.0,0.4557,0.0,0.0,0.0,0.0,0.4959,False,False,False,False,无明确战法态,12.53,3.55,12.54,False,73.2,生物制药,黑龙江自贸区,47.0
002738,,0.0,1.0,0.4768,0.0,0.0,0.1492,0.2739,0.3,0.3087,0.0,0.0,1.0,0.0,0.3355,False,False,False,False,无明确战法态,64.26,-1.88,67.07,False,457.0,建筑建材,动力电池回收/金属铜/小金属概念,28.0
002739,,0.0,1.0,0.5551,0.0331,1.0,0.0,0.8334,0.3,0.8739,0.0,0.0,1.0,0.0,0.328,False,False,False,False,无明确战法态,9.79,2.09,9.24,True,205.6,传媒娱乐,,29.0
002741,,0.9115,1.0,0.3692,1.0,1.0,0.5571,0.6811,0.6,1.0,1.0,0.0,0.5,0.7,0.3543,False,False,False,False,B1候B2,33.34,-2.94,29.97,True,142.1,化工行业,宁德时代概念/锂电池概念/动力电池回收,39.0
002742,,0.0,0.7958,0.6808,0.0,0.0,0.542,0.191,0.0,0.0,0.0,0.0,0.5,0.0,0.4412,False,False,False,False,无明确战法态,3.7,4.23,4.01,False,19.4,建筑建材,水泥概念,28.0
002743,,0.0,1.0,0.7167,0.0,0.0,0.4673,0.0876,0.0,0.0,0.0,0.0,0.0,0.0,0.4408,False,False,False,False,无明确战法态,4.11,2.75,4.66,False,17.9,钢铁行业,,29.8
002745,,0.1768,1.0,0.3894,1.0,1.0,0.4184,0.3707,0.0,1.0,0.0,0.0,1.0,0.7,0.3693,False,False,False,False,无明确战法态,11.96,0.5,10.61,True,127.3,电子器件,光伏概念/小米概念/智能家居,73.7
002746,,0.0,1.0,0.8887,0.0,0.0,0.6167,0.211,0.3,0.2143,0.0,0.0,0.5,0.0,0.3808,False,False,False,False,无明确战法态,5.44,0.93,5.68,False,38.6,农林牧渔,,39.0
002747,,0.0,0.0,0.3857,1.0,1.0,0.2066,0.359,0.6,1.0,0.0,0.0,1.0,0.7,0.4683,False,False,False,False,无明确战法态,44.77,10.0,31.2,True,35028.3,机械行业,专精特新/国防军工,36.7
002748,,0.0346,1.0,0.6953,0.0821,0.0,0.3779,0.2281,0.6,0.1811,0.0,0.0,0.5,0.0,0.3438,False,False,False,False,无明确战法态,10.76,-1.65,11.37,False,25.8,化工行业,染料/消毒剂,39.0
002749,,0.0,1.0,0.8677,0.0,0.0,0.5178,0.1939,0.0,0.0,0.0,0.0,0.0,0.0,0.5158,False,False,False,False,无明确战法态,8.16,1.24,9.82,False,37.0,农药化肥,草甘膦/化肥,33.4
002752,,0.0,1.0,0.8167,0.0412,0.0,0.7416,0.21,0.0,0.0842,0.0,0.0,0.0,0.0,0.4713,False,False,False,False,无明确战法态,5.89,1.2,6.34,False,5745.9,印刷包装,,27.7
002753,,0.0279,0.8997,0.7141,0.0,0.0,0.4854,0.1102,0.0,0.0,0.0,0.0,0.0,0.0,0.5332,False,False,False,False,无明确战法态,6.04,3.6,6.58,False,14.7,其它行业,石墨电极,37.8
002755,,0.0,0.8717,0.6162,0.0,0.3672,0.426,0.1877,0.3,0.761,0.0,0.0,1.0,0.0,0.3482,False,False,False,False,无明确战法态,15.14,3.77,14.35,True,140.5,其它行业,仿制药一致性评价/医药电商,37.8
002756,,0.0,0.9182,0.4161,0.0013,0.0,0.16,0.2253,0.0,0.2748,0.0,0.0,0.0,0.0,0.4343,False,False,False,False,无明确战法态,60.27,-3.49,63.81,False,233.3,其它行业,特钢概念,37.8
002757,,0.2745,1.0,0.7894,0.0,0.0,0.7542,0.2,0.0,0.0,0.0,0.0,0.0,0.0,0.5355,False,False,False,False,无明确战法态,18.6,1.31,21.7,False,52.5,其它行业,专精特新/抖音概念(字节概念)/工业母机,37.8
002758,,0.4615,1.0,0.823,0.0,0.0,0.6047,0.2008,0.6,0.0642,0.0,0.0,0.5,0.0,0.3493,False,False,False,False,无明确战法态,8.09,2.28,8.63,False,41.9,其它行业,俄乌冲突概念/供销社/化肥,37.8
002759,,0.2252,0.6492,0.5505,0.0,0.0,0.5874,0.1398,0.3,0.0,0.0,0.0,0.0,0.0,0.6446,False,False,False,False,无明确战法态,24.91,-5.1,30.03,False,12478.5,其它行业,锂电池,37.8
002760,,0.0,1.0,0.7851,0.0,0.0,0.7738,0.1972,0.0,0.0,0.0,0.0,0.0,0.0,0.5029,False,False,False,False,无明确战法态,17.1,2.09,19.37,False,18.5,,金属锌,
002761,,0.0,1.0,0.763,0.0,0.0,0.3842,0.1984,0.0,0.0,0.0,0.0,0.0,0.0,0.4916,False,False,False,False,无明确战法态,6.95,2.96,7.53,False,75.2,,,
002762,,0.0,1.0,0.72,0.6754,0.4275,0.472,0.3926,0.0,0.924,0.0,0.0,0.5,0.7,0.3741,False,False,False,False,无明确战法态,8.61,0.47,8.35,True,18.2,,ST板块/三胎概念/毛发医疗,
002763,,0.0,0.8845,0.7064,0.2185,0.0,0.5579,0.1621,0.0,0.3837,0.0,0.0,0.0,0.0,0.4266,False,False,False,False,无明确战法态,7.3,3.69,7.55,False,22.2,,,
002765,,0.0,0.0,0.351,0.0,0.0,0.1044,0.1768,0.3,0.0,0.0,0.0,0.0,0.0,0.6479,False,False,False,False,无明确战法态,7.91,10.01,8.61,False,47.1,,国防军工/减速器,
002766,,0.0,0.9963,0.7436,0.0,0.0,0.7409,0.0715,0.0,0.0,0.0,0.0,0.0,0.0,0.5625,False,False,False,False,无明确战法态,3.75,3.02,4.39,False,32.1,,,
002767,,0.0,0.0,0.3252,0.0,0.0,0.0,0.2364,0.3,0.2001,0.0,1.0,0.0,0.0,0.5476,False,False,False,False,无明确战法态,18.04,10.0,18.75,False,23.5,,,
002768,,0.0,0.9122,0.531,0.4819,0.0,0.0045,0.8232,0.9,0.2094,0.0,0.0,0.0,0.7,0.4653,False,False,False,False,B2确认,54.6,3.53,58.43,False,9650.4,,丙烯酸/光刻胶/环氧丙烷,
002769,,0.0195,1.0,0.7325,0.0,0.0,0.6534,0.1886,0.0,0.0,0.0,0.0,0.0,0.0,0.5609,False,False,False,False,无明确战法态,6.83,1.49,8.33,False,2547.7,,碳交易/跨境电商/虚拟电厂,
002771,,0.0,0.0,0.3339,0.0,0.0,0.341,0.4268,0.3,0.0357,0.0,0.0,0.0,0.0,0.4903,False,False,False,False,无明确战法态,13.87,9.99,14.84,False,24.2,,国防军工/时空大数据/语音技术,
002772,,0.0,0.0938,0.1719,0.0,0.0,0.0,0.3184,0.0,0.5868,0.0,0.0,0.5,0.0,0.3953,False,False,False,False,无明确战法态,13.88,8.44,13.91,False,5158.3,,农业种植,
002773,,0.0,1.0,0.7412,0.0,0.418,0.0,0.4792,0.3,0.2313,0.0,0.0,1.0,0.0,0.3013,False,False,False,False,无明确战法态,22.34,2.01,22.51,False,153.4,,阿尔茨海默概念,
002774,,0.0,1.0,0.6429,1.0,1.0,0.651,0.5611,0.6,1.0,0.0,0.0,1.0,0.7,0.2715,False,False,False,False,无明确战法态,14.39,1.41,12.48,True,40.5,,中俄贸易概念,
002775,,0.0,1.0,0.729,0.1234,0.0,0.7503,0.2472,0.3,0.1653,0.0,0.0,0.0,1.0,0.4719,False,False,False,False,无明确战法态,3.69,0.0,3.89,False,21.1,,乡村振兴/雄安新区/充电桩,
002777,,0.0363,1.0,0.8413,0.0,0.0,0.7446,0.1989,0.0,0.0,0.0,0.0,0.0,0.0,0.6059,False,False,False,False,无明确战法态,12.36,1.48,14.44,False,50.0,,家庭医生,
002778,,0.558,1.0,0.8386,0.0,0.0,0.8474,0.1722,0.6,0.0,0.0,0.0,0.0,0.0,0.4537,False,False,False,False,无明确战法态,15.64,-0.38,18.2,False,19.3,,,
002779,,0.0,1.0,0.6,0.0069,0.7157,0.3643,0.3048,0.3,0.3948,0.0,0.0,0.5,0.0,0.4186,False,False,False,False,无明确战法态,81.66,1.86,81.12,True,13539.9,,乡村振兴,
002780,,0.0,0.8534,0.7836,0.0,0.0,0.5536,0.1813,0.3,0.1128,0.0,0.0,0.0,0.0,0.6081,False,False,False,False,无明确战法态,13.12,3.88,13.94,False,17.1,,冰雪产业,
002782,,1.0,1.0,0.6819,0.3493,0.0,0.8144,0.1652,0.3,0.0,0.0,0.0,0.0,0.7,0.5866,False,False,False,False,无明确战法态,19.92,1.12,23.34,False,9691.1,,光伏,
002783,,0.0,1.0,0.7917,0.0,0.0,0.6634,0.2542,0.6,0.0,0.0,0.0,0.0,0.0,0.4082,False,False,False,False,无明确战法态,7.47,1.49,8.12,False,34.5,,国防军工/化肥/生态农业,
002785,,0.0,1.0,0.7257,0.293,0.4895,0.7607,0.2916,0.3,0.8302,0.0,0.0,1.0,0.0,0.3502,False,False,False,False,无明确战法态,44.23,1.12,43.58,True,85.6,,俄乌冲突概念/中俄贸易概念,
002786,,0.0,0.7744,0.6244,0.431,0.0623,0.666,0.2392,0.3,0.5979,0.0,0.0,0.5,0.7,0.4469,False,False,False,False,B1候B2,8.15,4.35,8.05,True,4027.0,,化债概念(AMC概念),
002787,,0.0,0.7679,0.6146,1.0,1.0,0.5222,0.348,0.3,1.0,0.0,0.0,1.0,0.7,0.3004,False,False,False,False,无明确战法态,29.6,-4.39,25.24,True,74.3,,食品安全/创投/锂电池概念,
002788,,0.0,1.0,0.7007,0.0,0.0,0.6673,0.2605,0.3,0.0,0.0,0.0,0.0,0.0,0.4211,False,False,False,False,无明确战法态,10.82,1.22,12.29,False,41.3,,,
002789,,0.5284,1.0,0.8077,0.5807,0.0,0.6205,0.2168,0.6,0.1638,0.0,0.0,0.0,0.7,0.4105,False,False,False,False,无明确战法态,11.74,-0.42,12.65,False,1837.0,,智能电网/ST板块/充电桩,
002790,,0.0,0.8961,0.7101,0.0,0.0,0.0,0.2049,0.6,0.0,0.0,0.0,0.0,0.0,0.5079,False,False,False,False,无明确战法态,5.72,3.62,6.45,False,14.9,,,
002791,,0.0,1.0,0.8071,0.0,0.0,0.6014,0.2271,0.0,0.0,0.0,0.0,0.0,0.0,0.57,False,False,False,False,无明确战法态,13.71,1.71,16.08,False,2984.7,,垃圾分类/雄安新区,
002792,,0.0,0.833,0.6613,0.0,0.0,0.6852,0.2446,0.0,0.0,0.0,0.0,0.5,0.0,0.5428,False,False,False,False,无明确战法态,36.64,4.0,40.8,False,12377.9,,乡村振兴/F5G概念/换电概念,
002793,,0.0,0.9404,0.5044,0.0,0.0,0.2528,0.3258,0.0,0.2921,0.0,0.0,0.5,0.0,0.3902,False,False,False,False,无明确战法态,4.31,3.36,4.39,False,46.8,,,
002795,,0.0,0.6471,0.4744,0.0,0.0,0.6307,0.1209,0.3,0.0,0.0,0.0,0.0,0.0,0.5254,False,False,False,False,无明确战法态,6.86,-5.12,7.67,False,29.8,,BC电池/TOPCON电池,
002796,,0.787,1.0,0.5613,0.0,0.0,0.7309,0.0753,0.3,0.0,0.0,0.0,0.0,0.0,0.5046,False,False,False,False,无明确战法态,36.88,-1.34,44.85,False,84.0,,,
002797,,0.0,1.0,0.8907,0.0762,0.0852,0.821,0.3435,0.3,0.3537,0.0,0.0,0.5,0.0,0.3301,False,False,False,False,无明确战法态,6.74,0.45,6.93,False,283.2,,,
002798,,0.0,1.0,0.3285,0.0,0.0,0.0979,0.1867,0.6,0.0,0.0,0.0,0.0,0.0,0.4187,False,False,False,False,无明确战法态,5.68,2.16,6.23,False,2900.5,,,
002799,,0.0,1.0,0.8257,0.0,0.0,0.4886,0.0828,0.0,0.0,0.0,0.0,0.0,0.0,0.4325,False,False,False,False,无明确战法态,6.23,1.8,7.31,False,19.9,,快手概念,
002800,,0.0,1.0,0.7159,0.0,0.0,0.6386,0.1272,0.0,0.0,0.0,0.0,0.0,0.0,0.6309,False,False,False,False,无明确战法态,13.51,-0.73,15.86,False,20.0,,,
002801,,0.0,0.4334,0.3292,0.0,0.0,0.0099,0.2201,0.6,0.5165,0.0,0.0,0.0,0.0,0.4165,False,False,False,False,无明确战法态,31.09,6.4,31.07,True,36.0,,冷链物流/无线充电,
002802,,0.3233,1.0,0.8001,0.0,0.0,0.6638,0.129,0.0,0.0,0.0,0.0,0.0,0.0,0.4287,False,False,False,False,无明确战法态,10.94,2.53,12.45,False,16.4,,,
002803,,0.4313,0.5737,0.4364,1.0,1.0,0.0,0.3225,0.0,1.0,1.0,0.0,1.0,0.7,0.3721,False,False,False,False,无明确战法态,24.13,-5.56,22.27,True,6966.0,,专精特新/白酒概念/宠物经济,
002805,,0.413,1.0,0.6611,1.0,1.0,0.708,0.4391,0.3,1.0,0.0,0.0,0.5,0.7,0.3014,False,False,False,False,无明确战法态,26.66,-2.49,23.39,True,74.3,,,
002806,,1.0,1.0,0.5551,1.0,1.0,0.7335,0.2351,0.3,0.9868,1.0,0.0,0.5,0.7,0.4397,True,False,False,False,B1候B2,18.33,-0.54,17.86,True,31.9,,超级电容/高压快充/汽车热管理,
002807,,0.0,1.0,0.8956,0.0,0.0,0.6931,0.3523,0.3,0.0296,0.0,0.0,0.0,0.0,0.4046,False,False,False,False,无明确战法态,3.85,0.52,4.1,False,104.1,,,
002808,,0.3387,0.8333,0.4667,0.0,0.0,0.0,0.0,0.0,0.0,0.0,0.0,0.0,0.0,0.5886,False,False,False,False,无明确战法态,0.24,-4.0,2.47,False,0.4,,ST板块/NFT概念,
002809,,0.0829,1.0,0.7746,0.0,0.0,0.8052,0.2146,0.3,0.0,0.0,0.0,0.0,0.0,0.547,False,False,False,False,无明确战法态,7.8,1.43,9.26,False,13.3,,专精特新/丙烯酸/环氧丙烷,
002810,,0.0,1.0,0.7335,0.678,1.0,0.5916,0.3638,0.0,1.0,0.0,0.0,1.0,0.0,0.3404,False,False,False,False,无明确战法态,25.52,0.99,23.96,True,82.6,,专精特新,
002811,,0.0,0.9032,0.5633,0.0,0.0,0.4813,0.2805,0.0,0.1792,0.0,0.0,0.0,0.0,0.5072,False,False,False,False,无明确战法态,11.86,3.58,12.46,False,33.5,,,
002812,,0.5597,1.0,0.799,0.3283,0.0,0.7472,0.2753,0.0,0.379,0.0,0.0,0.5,0.0,0.4085,False,False,False,False,无明确战法态,64.51,-0.78,68.18,False,530.7,,专精特新/同花顺漂亮100/烟草,
002813,,0.0,1.0,0.8023,0.0,0.0,0.5929,0.1808,0.3,0.0,0.0,0.0,0.0,0.0,0.4692,False,False,False,False,无明确战法态,19.95,1.99,22.43,False,23.9,,,
002815,,1.0,1.0,0.729,0.9261,0.0,0.7848,0.48,0.3,0.0,0.0,0.0,0.0,0.7,0.5668,False,False,False,False,B1候B2,14.87,-2.49,16.83,False,115.6,,百度概念/AI PC/阿里巴巴概念,
002816,,0.0,1.0,0.6444,0.9594,1.0,0.664,0.4589,0.3,1.0,0.0,1.0,1.0,0.7,0.256,False,False,False,False,无明确战法态,29.49,2.82,26.3,True,29.5,,ST板块/污水处理/高压快充,
002817,,0.0,1.0,0.7368,0.0,0.0,0.4426,0.1603,0.0,0.0,0.0,0.0,0.0,0.0,0.46,False,False,False,False,无明确战法态,6.23,2.47,6.88,False,18.1,,专精特新,
002818,,0.7573,1.0,0.8921,0.4418,0.0,0.7691,0.2664,0.0,0.2653,0.0,0.0,0.0,0.7,0.4009,False,False,False,False,B1候B2,10.55,0.48,11.03,False,31.5,,网红经济,
002819,,0.9418,1.0,0.8775,0.0,0.0,0.7415,0.2499,0.6,0.0,0.0,0.0,0.5,0.0,0.4183,False,False,False,False,无明确战法态,21.1,-0.57,23.83,False,4992.2,,电子身份证/国产操作系统/数字水印,
002820,,0.0,1.0,0.7864,0.0,0.0,0.5291,0.2057,0.0,0.0,0.0,0.0,0.0,1.0,0.4796,False,False,False,False,无明确战法态,8.91,1.95,9.79,False,17.9,,天津自贸区/预制菜,
002821,,0.0,0.1281,0.2537,1.0,1.0,0.0,0.399,0.6,1.0,0.0,1.0,1.0,0.7,0.2468,False,False,False,False,无明确战法态,165.8,8.23,127.25,True,525.7,,CXO概念/CRO概念/创新药,
002822,,0.0,0.6845,0.5107,0.0163,1.0,0.0,0.1711,0.3,1.0,0.0,0.0,1.0,0.0,0.3863,False,False,False,False,无明确战法态,3.43,4.89,2.99,True,3666.5,,光伏,
002823,,0.0,0.695,0.4966,0.2587,0.0,0.5944,0.242,0.0,0.1942,0.0,0.0,0.0,0.7,0.4751,False,False,False,False,无明确战法态,15.41,4.83,16.31,False,33.7,,,
002824,,1.0,0.9475,0.7951,1.0,1.0,0.7848,0.4776,0.3,1.0,1.0,0.0,0.5,0.7,0.4438,False,False,False,False,B1候B2,32.08,-3.32,30.19,True,72.6,,智能家居/三胎概念/汽车热管理,
002825,,0.0,1.0,0.8229,0.0,0.0,0.7932,0.1657,0.0,0.0,0.0,0.0,0.0,0.0,0.5282,False,False,False,False,无明确战法态,8.39,1.33,9.62,False,21.5,,,
002826,,0.0,1.0,0.2703,0.0,0.1829,0.0,0.1437,0.3,0.707,0.0,0.0,1.0,0.0,0.3278,False,False,False,False,无明确战法态,18.1,-0.44,17.63,True,33.4,,,
002827,,0.227,1.0,0.7878,0.0,0.0,0.6722,0.2421,0.3,0.0,0.0,0.0,0.0,0.0,0.4675,False,False,False,False,无明确战法态,24.73,0.94,28.27,False,68.3,,民爆概念,
002828,,0.0,0.6069,0.4187,0.0,1.0,0.3356,0.3399,0.0,0.4348,0.0,0.0,1.0,0.0,0.393,False,False,False,False,无明确战法态,10.42,-5.36,10.55,False,20.9,,碳中和/页岩气/参股银行,
002829,,0.0,0.8209,0.5661,0.0,0.0,0.5054,0.1307,0.0,0.0,0.0,0.0,0.0,1.0,0.5717,False,False,False,False,无明确战法态,18.39,4.07,21.29,False,2685.9,,国防军工,
002830,,0.0,1.0,0.7143,0.0,0.0,0.4335,0.1373,0.0,0.0,0.0,0.0,1.0,0.0,0.5222,False,False,False,False,无明确战法态,17.01,-1.51,18.93,False,11.4,,,
002831,,1.0,1.0,0.8084,0.3039,0.0,0.5673,0.3856,0.3,0.0966,0.0,0.0,0.5,0.0,0.4624,False,False,False,False,无明确战法态,31.41,-1.87,34.69,False,160.5,,宠物经济,
002832,,0.0,1.0,0.7072,0.9805,1.0,0.7263,0.4726,0.3,1.0,0.0,0.0,0.5,0.7,0.3218,False,False,False,False,无明确战法态,20.92,-2.24,19.86,True,81.5,,网红经济,
002833,,0.0,1.0,0.8275,0.3299,0.5042,0.0,0.2888,0.3,0.8288,0.0,0.0,1.0,0.0,0.376,False,False,False,False,无明确战法态,19.02,2.53,18.49,True,55.6,,专精特新/减速器,
002835,,0.0,1.0,0.6965,0.0,0.0,0.473,0.2589,0.3,0.0,0.0,0.0,0.0,0.0,0.4774,False,False,False,False,无明确战法态,12.03,1.43,13.54,False,1531.3,,,
002836,,0.0,1.0,0.7782,0.0,0.0,0.2298,0.1794,0.0,0.0,0.0,0.0,0.0,0.0,0.5112,False,False,False,False,无明确战法态,9.82,2.08,11.31,False,22.6,,烟草,
002837,,1.0,1.0,0.6349,0.0,0.0,0.6942,0.3263,0.0,0.0,0.0,0.0,0.5,0.0,0.5529,False,False,False,False,无明确战法态,71.43,0.04,84.43,False,619.1,,国防军工/阿里巴巴概念/抖音概念(字节概念),
002838,,0.0,1.0,0.5722,0.7451,0.4455,0.296,0.3434,0.3,1.0,0.0,0.0,0.0,0.7,0.401,False,False,False,False,B1候B2,34.32,2.91,32.41,True,144.4,,专精特新/PEEK材料/钛白粉概念,
002839,,0.0,1.0,0.8839,0.158,0.0,0.4731,0.2966,0.0,0.1716,0.0,0.0,0.0,0.0,0.3902,False,False,False,False,无明确战法态,4.05,0.75,4.26,False,98.9,,,
002840,,0.0,1.0,0.6015,0.0,0.0,0.5237,0.1587,0.0,0.0,0.0,0.0,0.5,0.0,0.5989,False,False,False,False,无明确战法态,7.92,-1.37,9.05,False,6309.3,,,
002841,,0.0,0.1869,0.3341,0.2259,0.4568,0.0,0.2381,0.6,1.0,0.0,0.0,1.0,0.0,0.4158,False,False,False,False,无明确战法态,38.34,7.88,35.63,True,199.1,,物业管理/智慧政务,
002842,,0.5977,0.0,0.3476,1.0,1.0,0.3076,0.5044,0.0,1.0,1.0,0.0,0.5,0.7,0.4412,False,False,False,False,无明确战法态,45.15,-10.01,40.33,True,121.2,,,
002843,,0.0,0.6122,0.3733,0.0072,0.0,0.0515,0.5224,0.3,0.8414,0.0,0.0,0.5,0.0,0.4269,False,False,False,False,无明确战法态,23.53,5.33,22.71,True,5887.1,,AI PC,
002845,,0.0,0.8705,0.6491,0.7293,1.0,0.4679,0.24,0.0,0.7019,1.0,0.0,0.5,0.7,0.3686,False,False,False,False,无明确战法态,15.54,-3.78,15.4,True,38.9,,智能家居/广东自贸区/机器视觉,
002846,,0.6342,1.0,0.8119,0.0,0.0,0.7104,0.161,0.0,0.0,0.0,0.0,0.0,0.0,0.5163,False,False,False,False,无明确战法态,10.77,1.32,12.81,False,28.0,,,
002847,,0.0,1.0,0.815,0.0,0.0,0.7559,0.2621,0.6,0.0,0.0,0.0,0.0,0.0,0.4611,False,False,False,False,无明确战法态,47.28,0.15,53.51,False,11528.8,,,
002848,,0.0,0.6849,0.1873,0.2957,0.0,0.0,0.4488,0.6,0.85,0.0,0.0,0.5,0.0,0.3724,False,False,False,False,无明确战法态,14.37,4.89,14.34,True,23.7,,,
002849,,0.0,1.0,0.7107,0.2555,0.1781,0.7586,0.151,0.6,0.3206,0.0,0.0,0.0,0.0,0.4059,False,False,False,False,无明确战法态,16.38,-1.27,17.12,False,35.8,,专精特新,
002850,,0.0,0.0,0.3333,0.5741,1.0,0.2636,0.4001,0.3,1.0,0.0,0.0,1.0,0.0,0.6439,False,False,False,False,B2确认,226.16,10.0,188.28,True,474.1,,减速器/PEEK材料,
002851,,1.0,1.0,0.6199,1.0,1.0,0.6787,0.4171,0.6,1.0,1.0,0.0,0.5,0.7,0.4466,True,False,False,False,B1候B2,147.62,0.44,144.82,True,676.2,,光伏/光伏概念/小米概念,
002852,,0.0,1.0,0.8188,0.0,0.0,0.5803,0.1872,0.0,0.0,0.0,0.0,0.0,0.0,0.5154,False,False,False,False,无明确战法态,7.51,2.04,8.31,False,2146.4,,,
002853,,0.7169,1.0,0.8547,0.0,0.0,0.9037,0.0087,0.3,0.0,0.0,0.0,0.0,0.0,0.5256,False,False,False,False,无明确战法态,19.95,1.12,23.71,False,2567.7,,网红经济,
002855,,0.2371,0.8183,0.6627,0.0,0.0,0.5033,0.1961,0.0,0.0,0.0,1.0,0.0,1.0,0.5434,False,False,False,False,无明确战法态,9.67,4.09,11.31,False,23.8,,,
002856,,0.0,0.6702,0.6242,1.0,0.2539,0.4092,0.7733,1.0,1.0,1.0,0.0,0.5,0.7,0.2808,False,False,False,False,无明确战法态,20.23,-4.98,18.93,True,25.1,,,
002857,,0.0,1.0,0.8373,0.0,0.0,0.8006,0.1148,0.3,0.0,0.0,0.0,0.5,0.0,0.4187,False,False,False,False,无明确战法态,17.2,-0.06,19.18,False,22.1,,,
002858,,0.4007,1.0,0.7558,0.0,0.0,0.623,0.1738,0.3,0.0,0.0,0.0,0.0,0.0,0.4789,False,False,False,False,无明确战法态,11.11,1.74,13.22,False,16.4,,百度概念/多模态AI/NFT概念,
002859,,0.4808,0.5496,0.5154,1.0,1.0,0.5014,0.51,0.0,1.0,1.0,0.0,1.0,0.7,0.3288,False,False,False,False,无明确战法态,93.27,-5.7,76.96,True,399.5,,超导概念,
002860,,0.0,0.1937,0.2477,0.7007,1.0,0.0,0.6517,0.9,1.0,0.0,0.0,1.0,0.7,0.4167,False,False,True,False,无明确战法态,15.96,7.84,13.73,True,5610.6,,光伏/HIT电池/垃圾分类,
002861,,0.0,1.0,0.7372,1.0,1.0,0.6198,0.4851,0.6,1.0,0.0,0.0,1.0,1.0,0.2657,False,False,False,False,无明确战法态,22.18,-2.85,19.17,True,3330.7,,无线充电/智能音箱,
002862,,0.0,0.9569,0.7466,0.0,0.0,0.535,0.1655,0.3,0.0,0.0,0.0,0.0,0.0,0.5718,False,False,False,False,无明确战法态,13.31,3.26,15.55,False,1680.4,,手机游戏,
002863,,0.0,0.9266,0.6942,0.0,0.0,0.0769,0.1934,0.0,0.0,0.0,0.0,0.0,0.0,0.49,False,False,False,False,无明确战法态,4.51,3.44,4.97,False,27.0,,两轮车,
002864,,0.0,1.0,0.8444,0.0,0.0,0.5457,0.3906,0.6,0.1236,0.0,0.0,0.5,0.0,0.318,False,False,False,False,无明确战法态,27.4,1.48,28.95,False,2019.0,,消毒剂,
002865,,0.0,1.0,0.7031,0.0,0.0,0.7487,0.0923,0.3,0.0,0.0,0.0,0.0,0.0,0.5543,False,False,False,False,无明确战法态,58.99,1.81,71.48,False,13497.8,,光伏/海南自贸/BC电池,
002866,,0.7286,1.0,0.878,0.0,0.0,0.8947,0.1317,0.0,0.0,0.0,0.0,0.0,0.0,0.5188,False,False,False,False,无明确战法态,15.84,-0.06,19.38,False,28.7,,专精特新,
002867,,0.0,1.0,0.8464,0.2566,0.0,0.6411,0.2852,0.0,0.4717,0.0,0.0,0.0,0.0,0.4225,False,False,False,False,无明确战法态,11.98,2.22,12.09,False,12927.6,,黄金概念,
002868,,0.0,0.0,0.361,0.0,0.0,0.7491,0.1268,0.3,0.0,0.0,0.0,0.5,0.0,0.5988,False,False,False,False,无明确战法态,26.28,10.0,29.55,False,28.1,,POE胶膜,
002869,,0.6564,1.0,0.8477,0.0,0.0,0.8423,0.3739,0.6,0.0,0.0,0.0,0.0,0.0,0.3973,False,False,False,False,无明确战法态,16.34,0.86,19.19,False,25.7,,专精特新/ETC,
002870,,0.0,1.0,0.4365,0.5309,0.4198,0.1913,0.3368,0.6,0.5797,0.0,0.0,0.5,0.7,0.3559,False,False,False,False,无明确战法态,39.15,-2.95,39.47,False,50.5,,三胎概念/高压快充,
002871,,0.0,0.9285,0.6169,0.8283,1.0,0.4656,0.1646,0.3,0.8506,1.0,0.0,1.0,0.7,0.3686,False,False,False,False,无明确战法态,20.84,-3.43,20.51,True,31.1,,国防军工,
002872,,0.0,0.6649,0.6521,0.1328,0.0,0.4072,0.1745,0.0,0.5621,0.0,0.0,0.0,0.0,0.4657,False,False,False,False,无明确战法态,5.03,5.01,5.04,False,10.8,,,
002873,,0.0,1.0,0.7841,0.0,0.0,0.4092,0.1676,0.0,0.0,0.0,0.0,0.0,0.0,0.5104,False,False,False,False,无明确战法态,7.9,2.33,8.58,False,18.9,,,
002875,,0.883,1.0,0.78,0.0,0.0,0.6432,0.0752,0.3,0.0,0.0,0.0,0.0,0.0,0.4766,False,False,False,False,无明确战法态,14.84,-0.07,18.29,False,27.1,,广东自贸区,
002876,,0.7387,0.6347,0.6158,1.0,1.0,0.4299,0.2809,0.6,0.811,1.0,0.0,0.5,0.7,0.4094,False,False,False,False,无明确战法态,31.59,-5.19,31.09,True,4705.1,,专精特新,
002877,,0.0,0.8715,0.6741,0.0,0.0,0.6169,0.1936,0.3,0.0,0.0,0.0,0.0,0.0,0.5683,False,False,False,False,无明确战法态,7.43,3.77,8.13,False,17.9,,专精特新,
002878,,0.0,1.0,0.8023,0.0,0.0,0.7874,0.3394,0.0,0.0,0.0,0.0,0.0,0.0,0.5245,False,False,False,False,无明确战法态,11.96,1.36,14.77,False,28.2,,冰雪产业/快手概念/NFT概念,
002879,,0.0,0.9119,0.7397,0.0,0.0,0.5702,0.0871,0.0,0.0,0.0,0.0,0.0,0.0,0.5812,False,False,False,False,无明确战法态,13.79,3.53,16.22,False,1890.9,,,
002880,,0.0,1.0,0.8587,0.0,0.0,0.377,0.2149,0.3,0.0,0.0,0.0,0.0,0.0,0.5711,False,False,False,False,无明确战法态,21.55,1.51,23.72,False,48.9,,生物疫苗/细胞免疫治疗,
002881,,0.0,1.0,0.7415,0.1073,0.0,0.6771,0.296,0.6,0.0951,0.0,0.0,0.0,1.0,0.5293,False,False,False,False,无明确战法态,38.72,2.81,41.34,False,7044.2,,5G概念/移动支付,
002882,,0.015,0.8827,0.6367,0.0,0.0,0.1943,0.2051,0.3,0.0,0.0,0.0,0.0,0.0,0.5662,False,False,False,False,无明确战法态,19.6,3.7,23.26,False,4836.9,,固态电池,
002883,,0.0,1.0,0.7525,0.0031,0.0,0.8311,0.1309,0.0,0.21,0.0,0.0,0.0,1.0,0.4541,False,False,False,False,无明确战法态,8.92,0.34,9.24,False,1367.6,,,
002884,,0.0,1.0,0.8241,0.1103,0.0,0.4884,0.2778,0.0,0.3413,0.0,0.0,0.5,0.0,0.4212,False,False,False,False,无明确战法态,15.84,1.93,16.31,False,4325.5,,空气能热泵,
002885,,0.7415,1.0,0.5539,1.0,0.4978,0.63,0.1684,0.3,1.0,1.0,0.0,0.5,0.7,0.3836,False,False,False,False,无明确战法态,39.62,0.05,38.85,True,9400.1,,,
002886,,0.6021,1.0,0.5002,1.0,0.8121,0.6864,0.3283,0.0,0.9179,1.0,0.0,0.5,0.7,0.4171,True,False,False,False,B1候B2,27.97,1.3,27.5,True,5847.9,,光伏/毫米波雷达/合成生物,
002887,,0.0,1.0,0.6975,0.0382,0.0,0.7697,0.1797,0.0,0.0525,0.0,0.0,0.0,0.0,0.4508,False,False,False,False,无明确战法态,10.76,1.7,11.77,False,23.4,,碳交易/冰雪产业/旅游概念,
002888,,0.8453,1.0,0.8333,0.7688,1.0,0.9254,0.3121,0.6,0.7033,1.0,0.0,0.5,0.7,0.4153,True,False,False,False,B1候B2,20.8,-1.89,20.59,True,15.6,,无线耳机/物联网/智能家居,
002889,,0.0,1.0,0.7269,0.0,0.0,0.2962,0.2155,0.3,0.0,0.0,0.0,0.5,0.0,0.3234,False,False,False,False,无明确战法态,11.28,0.45,11.96,False,28.3,,光刻机,
002890,,0.0,0.734,0.7242,0.0631,0.0742,0.4367,0.3142,0.0,0.8463,0.0,0.0,0.5,0.0,0.4011,False,False,False,False,无明确战法态,15.93,4.6,15.32,True,25.7,,专精特新/农机,
002891,,0.0,1.0,0.8077,0.0,0.0,0.5563,0.3045,0.6,0.0,0.0,0.0,0.5,0.0,0.4656,False,False,False,False,无明确战法态,27.9,1.86,31.7,False,89.8,,,
002892,,0.0,0.3936,0.4718,0.0,0.0,0.4286,0.3291,0.6,0.0554,0.0,0.0,0.0,1.0,0.4843,False,False,False,False,无明确战法态,9.96,6.64,10.49,False,49.9,,专精特新,
002893,,0.4439,1.0,0.8876,0.0,0.0,0.962,0.4471,0.0,0.0,0.0,0.0,0.0,0.0,0.3999,False,False,False,False,无明确战法态,9.58,0.95,10.65,False,19.4,,,
002895,,0.0,1.0,0.7596,0.0,0.0,0.5349,0.2787,0.3,0.2482,0.0,0.0,0.0,0.0,0.399,False,False,False,False,无明确战法态,31.7,2.99,33.31,False,188.6,,,
002896,,0.0,0.0,0.6052,0.4427,0.3259,0.3951,0.3891,0.3,1.0,0.0,0.0,0.5,1.0,0.4947,False,False,False,False,B1候B2,85.62,9.99,78.85,True,168.3,,,
002897,,1.0,1.0,0.5928,1.0,1.0,0.6472,0.1819,0.0,0.7206,0.0,0.0,0.0,0.7,0.4057,True,False,False,False,B1候B2,77.7,-2.14,79.15,False,141.7,,光伏/F5G概念/铜缆高速连接,
002898,,1.0,1.0,0.8198,0.0,0.0,0.0,0.0,0.0,0.0,0.0,0.0,0.0,0.0,0.4097,False,False,False,True,单针探底,0.36,-2.7,7.67,False,0.4,,ST板块/仿制药一致性评价/肝炎概念,
002899,,0.0,1.0,0.7514,0.0,0.0,0.77,0.2758,0.0,0.0,0.0,0.0,0.5,0.0,0.4602,False,False,False,False,无明确战法态,23.07,0.04,26.53,False,34.1,,,
002900,,0.0,1.0,0.7254,0.0,0.0,0.4451,0.254,0.0,0.055,0.0,0.0,0.0,0.0,0.4229,False,False,False,False,无明确战法态,9.95,2.47,10.45,False,16.0,,黑龙江自贸区/消毒剂,
002901,,0.0,0.8075,0.6541,0.3583,1.0,0.0,0.5645,0.0,0.924,0.0,0.0,1.0,0.0,0.461,False,False,False,False,无明确战法态,45.37,4.16,42.73,True,13087.3,,牙科医疗,
002902,,0.6328,1.0,0.7357,0.677,0.0,0.8355,0.2371,0.0,0.0,0.0,0.0,0.0,0.7,0.5086,False,False,False,False,无明确战法态,27.68,-0.25,31.15,False,49.2,,F5G概念/铜缆高速连接,
002903,,0.7926,1.0,0.6588,1.0,0.5577,0.7514,0.2341,0.3,0.9378,1.0,0.0,0.0,0.7,0.4561,True,False,False,False,B1候B2,43.28,2.08,42.77,True,46.2,,专精特新/工业母机/减速器,
002905,,0.0,1.0,0.7541,0.0,0.0,0.5634,0.2049,0.0,0.0,0.0,0.0,0.0,0.0,0.5461,False,False,False,False,无明确战法态,7.18,1.84,8.22,False,25.1,,,
002906,,0.0,0.8255,0.6123,0.0,0.0,0.268,0.1461,0.0,0.1159,0.0,0.0,0.0,0.0,0.4948,False,False,False,False,无明确战法态,26.48,4.05,28.18,False,138.9,,华为概念/百度概念/小米概念,
002907,,0.0,1.0,0.7303,0.3741,1.0,0.1942,0.3778,0.6,0.7418,0.0,0.0,1.0,0.0,0.3334,False,False,False,False,无明确战法态,13.77,-2.27,13.25,True,46.2,,猴痘概念,
002908,,0.0,1.0,0.7048,0.0,0.0,0.2087,0.1295,0.3,0.0,0.0,0.0,0.0,0.0,0.452,False,False,False,False,无明确战法态,6.65,1.53,7.66,False,2140.2,,AI语料/电子身份证/农村电商,
002909,,0.4922,1.0,0.7729,0.0,0.0,0.6245,0.152,0.0,0.0,0.0,0.0,0.0,0.0,0.4871,False,False,False,False,无明确战法态,5.03,0.8,5.83,False,19.1,,有机硅概念,
002910,,0.7049,1.0,0.5763,0.6146,1.0,0.0,0.302,0.3,0.685,1.0,0.0,0.5,0.0,0.3694,True,False,False,False,B1候B2,11.11,-1.94,11.02,True,19.0,,宠物经济/生态农业/网红经济,
002911,,0.0,0.9879,0.7687,0.0,0.0,0.5189,0.1976,0.0,0.0,0.0,0.0,0.0,0.0,0.5378,False,False,False,False,无明确战法态,10.4,3.07,11.29,False,13177.2,,煤化工概念,
002912,,0.0,1.0,0.7775,0.0,0.0,0.6618,0.2514,0.0,0.0,0.0,0.0,0.0,0.0,0.4901,False,False,False,False,无明确战法态,18.9,1.72,22.05,False,30.7,,专精特新/深圳国企改革/时空大数据,
002913,,1.0,1.0,0.6748,1.0,1.0,0.7924,0.3444,0.6,0.8025,0.0,0.0,0.5,0.7,0.4772,True,False,False,False,B1候B2,57.15,-1.5,57.41,False,17241.3,,AI PC/抖音概念(字节概念),
002915,,0.0,0.0,0.6007,0.3686,0.9707,0.0703,0.4564,0.6,0.6255,0.0,0.0,0.5,1.0,0.5584,False,False,False,False,无明确战法态,21.36,-9.26,20.9,True,61.5,,超级电容,
002916,,0.0,0.2639,0.2057,1.0,1.0,0.3196,0.4575,0.0,1.0,0.0,0.0,1.0,0.7,0.4035,False,False,False,False,无明确战法态,454.48,7.42,379.47,True,3021.4,,华为概念/汽车电子/存储芯片,
002917,,0.0,1.0,0.6405,0.0,0.0,0.6265,0.151,0.3,0.0,0.0,0.0,0.0,1.0,0.6336,False,False,False,False,无明确战法态,11.17,2.1,12.35,False,29.1,,国防军工/空气能热泵/民爆概念,
002918,,0.1977,1.0,0.7173,0.0,0.0,0.8954,0.0638,0.0,0.0,0.0,0.0,0.0,0.0,0.5495,False,False,False,False,无明确战法态,10.29,1.48,12.06,False,22.0,,智能家居/创投/深股通,
002919,,0.0,1.0,0.7232,0.0,0.0,0.5458,0.1355,0.0,0.2008,0.0,0.0,0.0,0.0,0.4665,False,False,False,False,无明确战法态,20.05,0.3,21.33,False,53.1,,手机游戏,
002920,,0.0,0.3922,0.5001,0.0,0.0,0.2678,0.1456,0.0,0.0,0.0,0.0,0.0,0.0,0.5021,False,False,False,False,无明确战法态,86.48,6.65,95.54,False,516.0,,小米汽车,
002921,,0.0,0.6888,0.6522,0.3876,1.0,0.2635,0.3131,0.3,1.0,0.0,0.0,1.0,0.0,0.4173,False,False,False,False,无明确战法态,29.95,4.87,26.07,True,38.5,,光热发电/农机,
002922,,0.9868,1.0,0.7748,0.0,0.0,0.7783,0.1725,0.0,0.0,0.0,0.0,0.0,0.0,0.5746,False,False,False,False,无明确战法态,29.65,0.17,37.25,False,111.3,,光伏,
002923,,0.0,1.0,0.667,0.0,0.0,0.0,0.3218,0.3,0.2096,0.0,0.0,1.0,0.0,0.298,False,False,False,False,无明确战法态,10.9,2.73,11.24,False,2813.1,,青蒿素,
002925,,0.1379,1.0,0.7149,1.0,1.0,0.4423,0.4529,0.3,1.0,0.0,0.0,1.0,1.0,0.3369,False,False,False,False,无明确战法态,23.82,-0.13,21.96,True,174.1,,福建自贸区/数字孪生/新型工业化,
002926,,0.0,1.0,0.8802,0.3618,0.7905,0.6067,0.4221,0.3,0.5396,0.0,0.0,0.5,0.0,0.3957,False,False,False,False,无明确战法态,8.38,0.36,8.35,True,220.0,,,
002927,,1.0,1.0,0.7094,0.5872,0.0,0.8112,0.1602,0.3,0.1168,0.0,0.0,0.0,0.7,0.5659,False,False,False,False,无明确战法态,18.61,1.42,20.38,False,41.1,,专精特新,
002928,,0.7603,1.0,0.7093,0.0,0.0285,0.518,0.1649,0.0,0.0,0.0,0.0,0.5,0.0,0.4098,False,False,False,False,无明确战法态,6.97,-1.97,7.76,False,89.1,,,
002929,,0.0,1.0,0.6918,0.6879,0.558,0.644,0.1026,0.3,1.0,0.0,0.0,1.0,0.7,0.3071,False,False,False,False,无明确战法态,68.99,-0.95,64.18,True,14790.8,,光伏/百度概念/雄安新区,
002930,,0.0,1.0,0.5913,0.0,0.0,0.387,0.082,0.3,0.0,0.0,0.0,0.5,0.0,0.4223,False,False,False,False,无明确战法态,9.82,-1.31,11.0,False,42.6,,,
002931,,0.0,0.5507,0.1704,0.6836,1.0,0.0,0.4962,0.9,1.0,0.0,0.0,0.5,0.0,0.3396,False,False,False,False,B2确认,75.34,5.7,66.73,True,151.6,,股权转让(并购重组),
002932,,0.0,1.0,0.849,0.0,0.0,0.6593,0.1959,0.0,0.1427,0.0,0.0,0.5,0.0,0.3952,False,False,False,False,无明确战法态,15.09,0.53,15.76,False,23.6,,专精特新/食品安全/基因测序,
002933,,0.0,0.6228,0.5759,0.0,0.0,0.2995,0.2666,0.6,0.0529,0.0,0.0,0.0,0.0,0.5082,False,False,False,False,无明确战法态,27.8,5.26,29.48,False,32.5,,,
002935,,0.0,1.0,0.722,0.6215,1.0,0.2415,0.5278,0.3,1.0,0.0,0.0,1.0,0.7,0.2938,False,False,False,False,无明确战法态,23.2,0.78,21.05,True,96.3,,军工信息化/量子科技,
002936,,0.0,1.0,0.8817,0.2148,0.0,0.4984,0.3195,0.3,0.1897,0.0,0.0,0.0,0.0,0.3863,False,False,False,False,无明确战法态,1.69,0.0,1.77,False,118.8,,,
002937,,0.0,0.9067,0.5011,1.0,1.0,0.5086,0.8641,0.0,1.0,0.0,1.0,1.0,0.7,0.287,False,False,True,False,无明确战法态,45.67,3.56,37.01,True,143.9,,智能家居/毫米波雷达/PEEK材料,
002938,,0.8622,0.7344,0.5316,1.0,0.8586,0.6325,0.2235,0.0,1.0,1.0,0.0,0.0,0.7,0.4853,False,False,False,False,无明确战法态,96.77,4.59,94.78,True,223483.9,,无线耳机/华为概念/汽车电子,
002939,,0.1817,1.0,0.881,0.1987,0.434,0.6609,0.3857,0.9,0.3324,0.0,0.0,0.5,0.0,0.3673,False,False,False,False,无明确战法态,8.48,0.95,8.68,False,305.5,,,
002940,,0.0,1.0,0.5962,0.0,0.0,0.5496,0.235,0.3,0.0028,0.0,0.0,0.5,0.0,0.3682,False,False,False,False,无明确战法态,29.34,0.96,31.32,False,54.4,,宠物经济/仿制药一致性评价,
002941,,0.0,1.0,0.815,0.0,0.0,0.441,0.0929,0.0,0.0,0.0,0.0,0.0,0.0,0.5359,False,False,False,False,无明确战法态,9.9,1.75,12.11,False,7224.5,,ETC/土地流转/新疆振兴,
002942,,0.0,1.0,0.764,0.0,0.0,0.3227,0.2051,0.0,0.0,0.0,0.0,0.0,0.0,0.4746,False,False,False,False,无明确战法态,15.1,2.79,17.06,False,2095.2,,,
002943,,0.6722,1.0,0.6326,0.0,0.0,0.6907,0.1089,0.0,0.0,0.0,0.0,0.0,0.0,0.674,False,False,False,False,无明确战法态,44.55,-2.2,58.95,False,64.9,,,
002945,,0.3951,1.0,0.8727,0.0,0.0,0.6711,0.3221,0.6,0.0318,0.0,0.0,0.5,0.0,0.3358,False,False,False,False,无明确战法态,13.71,0.66,14.77,False,37017.0,,,
002946,,0.0,1.0,0.7512,0.0,0.0,0.5328,0.2576,0.3,0.0,0.0,0.0,0.0,0.0,0.4831,False,False,False,False,无明确战法态,14.64,1.17,16.55,False,12454.3,,,
002947,,0.8455,0.6179,0.5896,0.955,0.0,0.6363,0.1615,0.3,0.313,0.0,1.0,0.0,0.7,0.5203,False,False,False,False,B1候B2,73.21,5.29,79.07,False,141.0,,无线耳机/AI PC,
002948,,0.2065,1.0,0.8102,0.4993,0.0,0.7199,0.2741,0.0,0.3447,0.0,0.0,0.0,0.7,0.412,False,False,False,False,B1候B2,5.27,0.0,5.47,False,16402.9,,,
002949,,0.0,0.9423,0.7638,0.0,0.0,0.577,0.1282,0.0,0.0,0.0,0.0,0.0,0.0,0.5602,False,False,False,False,无明确战法态,10.5,3.35,12.09,False,1594.8,,,
002950,,0.0,1.0,0.7637,0.0,0.0,0.6541,0.2982,0.3,0.0,0.0,0.0,0.5,0.0,0.4813,False,False,False,False,无明确战法态,9.43,1.29,10.4,False,4051.3,,,
002951,,0.6324,1.0,0.6823,0.1848,0.0,0.857,0.3188,0.0,0.0,0.0,1.0,0.0,0.7,0.5263,False,False,False,False,无明确战法态,13.71,2.08,15.98,False,5499.4,,超级电容,
002952,,0.0,1.0,0.8358,0.0,0.0,0.925,0.2666,0.0,0.0,0.0,0.0,0.0,0.0,0.4134,False,False,False,False,无明确战法态,21.8,-0.55,24.42,False,28.7,,电子纸/数字货币/数字经济,
002953,,0.0,0.896,0.7206,0.0,0.0,0.4138,0.1254,0.0,0.0,0.0,0.0,0.0,0.0,0.5463,False,False,False,False,无明确战法态,9.15,3.62,10.38,False,25.7,,,
002955,,0.0,1.0,0.6395,1.0,1.0,0.3724,0.8144,0.6,1.0,0.0,0.0,1.0,1.0,0.2792,False,False,False,False,B1候B2,37.15,-1.04,29.93,True,7268.3,,鸿蒙概念/创投/多模态AI,
002956,,0.2784,1.0,0.7221,0.6427,0.3241,0.6114,0.4057,0.0,0.5192,0.0,0.0,0.0,0.7,0.4112,False,False,False,False,无明确战法态,20.45,0.29,20.93,False,63.9,,,
002957,,1.0,1.0,0.6703,1.0,0.3375,0.8704,0.3508,0.3,0.6851,0.0,0.0,0.0,0.7,0.471,False,False,False,False,无明确战法态,48.1,-1.29,50.31,False,20138.4,,无线耳机/宁德时代概念/工业互联网,
002958,,0.0,1.0,0.881,0.2529,0.0571,0.4745,0.4098,0.6,0.3013,0.0,0.0,0.0,0.0,0.3465,False,False,False,False,无明确战法态,2.83,1.07,2.91,False,15393.8,,,
002959,,0.0,1.0,0.7908,0.0,0.0,0.5171,0.1592,0.0,0.0,0.0,0.0,0.5,0.0,0.4343,False,False,False,False,无明确战法态,33.37,2.68,36.58,False,5022.8,,,
002960,,0.0,1.0,0.7973,0.1177,0.0,0.7001,0.3319,0.6,0.3334,0.0,0.0,0.0,0.0,0.4024,False,False,False,False,无明确战法态,8.76,2.46,8.98,False,8481.6,,快手概念,
002961,,0.5374,1.0,0.7472,0.0,0.0,0.6226,0.1057,0.6,0.0544,0.0,0.0,0.5,0.0,0.3491,False,False,False,False,无明确战法态,20.29,2.58,21.83,False,9676.9,,,
002962,,0.4573,0.4533,0.56,0.9273,0.8974,0.6028,0.4582,0.3,0.3949,0.0,0.0,0.5,0.7,0.4219,False,False,False,False,无明确战法态,17.61,-6.28,18.32,False,36.8,,安防/虚拟现实,
002963,,0.6613,1.0,0.5964,1.0,1.0,0.6431,0.9439,0.3,1.0,0.0,0.0,0.5,0.7,0.3753,True,False,True,False,B1候B2,21.1,2.18,18.64,True,2595.2,,高压快充/换电概念/旅游概念,
002965,,0.0,1.0,0.4308,1.0,1.0,0.2123,0.5697,0.6,1.0,0.0,0.0,1.0,0.7,0.2472,False,False,False,False,无明确战法态,52.6,2.77,40.05,True,10015.9,,,
002966,,0.2918,1.0,0.7855,0.0622,0.0,0.3739,0.1409,0.0,0.0,0.0,0.0,0.0,0.0,0.4007,False,False,False,False,无明确战法态,7.15,0.0,7.91,False,31427.7,,移动支付,
002967,,0.0,1.0,0.8477,0.0,0.0,0.7029,0.1362,0.3,0.2906,0.0,0.0,0.5,0.0,0.4023,False,False,False,False,无明确战法态,19.1,1.49,19.95,False,10452.0,,碳中和/海工装备/食品安全,
002968,,0.0,1.0,0.7274,0.0,0.0,0.3225,0.1739,0.0,0.0,0.0,0.0,0.0,0.0,0.493,False,False,False,False,无明确战法态,8.8,2.8,10.06,False,1874.5,,,
002969,,0.2028,1.0,0.5725,0.0,0.0,0.7576,0.191,0.6,0.0,0.0,0.0,0.0,0.0,0.5012,False,False,False,False,无明确战法态,14.06,1.3,17.74,False,15357.6,,,
002970,,0.8193,1.0,0.7319,0.0424,0.0,0.8214,0.1327,0.0,0.0,0.0,0.0,0.0,0.0,0.4997,False,False,False,False,无明确战法态,54.25,1.01,63.6,False,6790.5,,专精特新/鸿蒙概念/垃圾分类,
002971,,0.0,0.7269,0.122,1.0,1.0,0.1645,0.8223,0.3,1.0,0.0,0.0,0.5,0.7,0.2372,False,False,False,False,无明确战法态,71.54,-4.64,50.33,True,11189.0,,氢能源/氟化工概念/燃料电池,
002972,,0.0,1.0,0.5525,1.0,1.0,0.4422,1.0,0.6,1.0,0.0,0.0,1.0,0.7,0.2684,False,False,False,False,无明确战法态,18.81,-1.36,14.88,True,2532.7,,专精特新/传感器/高铁,
002973,,0.2206,0.7554,0.5627,0.0,0.0,0.098,0.1989,0.9,0.0,0.0,0.0,0.0,1.0,0.4316,False,False,False,False,无明确战法态,10.99,4.47,12.4,False,3491.0,,垃圾分类/数字乡村,
002975,,1.0,1.0,0.5958,1.0,1.0,0.8441,0.206,0.0,1.0,1.0,0.0,0.5,0.7,0.4155,True,False,False,False,B1候B2,122.4,-1.04,119.45,True,16812.1,,无线耳机/阿里巴巴概念/高端装备,
002976,,0.6984,0.7286,0.2636,0.3279,0.0,0.0,0.4003,0.0,0.0,0.0,0.0,0.0,0.7,0.5047,False,False,False,False,无明确战法态,26.9,4.63,30.04,False,1793.5,,汽车电子/车联网(车路协同)/锂电池概念,
002977,,0.0,0.6659,1.0,0.0,0.0,0.9835,0.0141,0.0,0.0,0.0,0.0,0.0,0.0,0.5995,False,False,False,False,无明确战法态,24.34,5.0,25.76,False,1622.2,,ST板块/军工信息化,
002978,,0.0,1.0,0.809,0.0,0.0,0.5684,0.2848,0.9,0.0,0.0,0.0,0.0,0.0,0.4355,False,False,False,False,无明确战法态,26.68,-0.71,29.04,False,9852.4,,钒电池/钛白粉概念,
002979,,0.0,0.0,1.0,1.0,1.0,0.9826,0.2387,0.0,1.0,0.0,0.0,1.0,0.7,0.5897,False,False,False,False,无明确战法态,69.55,10.0,51.88,True,15423.4,,专精特新/小米概念/宁德时代概念,
002980,,0.8466,0.8515,0.2172,1.0,0.926,0.5896,0.2477,0.0,1.0,1.0,0.0,0.0,0.7,0.395,False,False,False,False,无明确战法态,105.73,3.89,99.62,True,107.1,,鸿蒙概念/食品安全/核污染防治,
002981,,0.0,0.0,0.3272,0.0,0.0,0.679,0.1327,0.3,0.0,0.0,0.0,0.0,1.0,0.6468,False,False,False,False,无明确战法态,21.47,9.99,23.73,False,25.6,,,
002982,,0.0,1.0,0.7549,0.0,0.0,0.4139,0.2472,0.6,0.0682,0.0,0.0,0.5,0.0,0.4119,False,False,False,False,无明确战法态,12.06,0.75,12.72,False,1568.9,,,
002983,,0.4284,0.7487,0.6616,0.7448,1.0,0.5564,0.3767,0.6,0.6803,1.0,0.0,1.0,1.0,0.3918,False,False,False,False,无明确战法态,25.21,-4.51,25.2,True,3230.9,,专精特新,
002984,,0.0,1.0,0.7156,0.0,0.0,0.4455,0.2939,0.3,0.0,0.0,0.0,0.0,0.0,0.4786,False,False,False,False,无明确战法态,13.63,2.02,15.45,False,9730.8,,大飞机,
002985,,0.0,0.5961,0.4552,0.0,0.0,0.1362,0.1887,0.6,0.0,0.0,0.0,0.0,0.0,0.4862,False,False,False,False,无明确战法态,28.38,5.42,31.54,False,9392.1,,大飞机/成飞概念,
002986,,0.2113,1.0,0.7451,0.0546,0.3837,0.682,0.2416,0.0,0.3626,0.0,0.0,0.5,0.0,0.3584,False,False,False,False,无明确战法态,12.18,-0.9,12.57,False,3676.4,,,
002987,,0.5883,1.0,0.8366,0.0,0.0,0.695,0.2268,0.3,0.0,0.0,0.0,0.0,0.0,0.5756,False,False,False,False,无明确战法态,9.96,1.74,12.78,False,8401.0,,电子身份证/国产操作系统/数字货币,
002988,,0.0,0.0,0.291,0.0,0.0,0.2083,0.1654,0.3,0.0,0.0,0.0,0.0,0.0,0.6088,False,False,False,False,无明确战法态,25.44,9.99,27.95,False,63.5,,建筑节能,
002989,,1.0,1.0,0.693,1.0,1.0,0.6923,0.3091,0.6,0.4883,0.0,0.0,0.5,0.7,0.4438,True,False,False,False,B1候B2,30.47,-1.87,31.33,False,5586.3,,人工智能/深股通/芯片概念,
002990,,0.0,1.0,0.5039,1.0,1.0,0.6654,0.363,0.3,1.0,0.0,0.0,1.0,0.7,0.3007,False,False,False,False,无明确战法态,70.85,-1.45,55.02,True,97.8,,核污染防治/语音技术,
002991,,0.0,1.0,0.8389,0.0,0.0,0.6217,0.3114,0.6,0.0,0.0,0.0,0.5,0.0,0.4325,False,False,False,False,无明确战法态,41.59,1.51,45.46,False,2076.7,,,
002992,,0.5317,1.0,0.7744,0.0,0.0,0.601,0.2935,0.6,0.0,0.0,0.0,0.0,0.0,0.4215,False,False,False,False,无明确战法态,41.19,-1.86,46.12,False,6435.3,,,
002993,,0.2286,1.0,0.2535,1.0,1.0,0.3677,0.3675,0.3,1.0,1.0,0.0,0.5,0.7,0.3561,False,False,False,False,B1候B2,65.82,2.94,61.62,True,15694.6,,专精特新/AI PC/广东自贸区,
002995,,0.0,0.0,0.4682,0.0,0.0,0.0,0.1368,0.3,0.0,0.0,0.0,0.0,0.0,0.4703,False,False,False,False,无明确战法态,17.83,-9.4,21.37,False,2004.4,,快手概念,
002996,,0.0,1.0,0.8293,0.0,0.0,0.6264,0.2588,0.0,0.0,0.0,0.0,0.0,0.0,0.54,False,False,False,False,无明确战法态,6.22,-0.48,6.72,False,2589.4,,专精特新,
002997,,0.0,0.3908,0.5032,0.0527,0.0,0.4241,0.3018,0.3,0.5243,0.0,0.0,0.0,0.0,0.4451,False,False,False,False,无明确战法态,30.77,6.66,30.6,True,6440.8,,专精特新/小米汽车/新型工业化,
002998,,0.0,1.0,0.5991,0.0,0.0,0.0,0.1052,0.3,0.1588,0.0,0.0,0.0,0.0,0.4087,False,False,False,False,无明确战法态,7.46,-2.48,7.88,False,2017.9,,,
002999,,0.0,1.0,0.8061,0.0,0.0,0.6472,0.1715,0.0,0.0,0.0,0.0,0.0,0.0,0.4796,False,False,False,False,无明确战法态,5.61,2.0,6.22,False,1927.3,,供销社/化肥/粮食概念,
003000,,0.0,1.0,0.8294,0.2272,0.0,0.7729,0.3581,0.3,0.2882,0.0,0.0,0.0,0.0,0.3506,False,False,False,False,无明确战法态,10.24,0.79,10.53,False,3154.5,,人造肉,
003001,,0.0,1.0,0.7284,0.0,0.0,0.8061,0.0598,0.3,0.0,0.0,0.0,0.0,0.0,0.5241,False,False,False,False,无明确战法态,13.73,1.7,16.25,False,14.8,,,
003002,,0.3539,1.0,0.5573,0.0,0.0,0.3441,0.106,0.0,0.0,0.0,0.0,0.0,0.0,0.6856,False,False,False,False,无明确战法态,18.06,2.5,22.5,False,33.0,,民爆概念,
003003,,0.0,1.0,0.7999,0.0,0.0,0.4877,0.2479,0.0,0.0,0.0,0.0,0.0,0.0,0.478,False,False,False,False,无明确战法态,10.55,2.13,11.74,False,12.4,,,
003004,,0.0,1.0,0.7252,1.0,1.0,0.8001,0.9402,0.9,1.0,0.0,0.0,1.0,0.7,0.338,False,False,False,False,无明确战法态,72.81,-1.58,57.62,True,50.1,,雄安新区/安防/多模态AI,
003005,,0.0,1.0,0.837,0.0,0.0,0.7672,0.2073,0.0,0.0,0.0,0.0,0.0,0.0,0.6114,False,False,False,False,无明确战法态,13.61,0.81,15.7,False,17.3,,AI视频,
003006,,0.0,1.0,0.7676,0.0,0.0,0.5085,0.4131,0.0,0.0,0.0,0.0,0.5,0.0,0.3868,False,False,False,False,无明确战法态,14.92,0.0,16.16,False,63.9,,,
003007,,0.0,1.0,0.6746,0.0,0.0,0.6777,0.1838,0.0,0.5035,0.0,0.0,0.5,0.0,0.3034,False,False,False,False,无明确战法态,41.44,1.15,42.12,False,30.1,,,
003008,,0.0,1.0,0.7915,0.0,0.0,0.5683,0.1531,0.0,0.0,0.0,0.0,0.0,0.0,0.4837,False,False,False,False,无明确战法态,18.04,2.56,19.88,False,1402.1,,换电概念/柔性直流输电,
003009,,0.0,0.8864,0.6473,0.3137,1.0,0.1402,0.3524,1.0,0.8886,0.0,0.0,0.5,0.0,0.3736,False,False,False,False,无明确战法态,62.52,3.68,59.47,True,10296.3,,专精特新/光伏/军民融合,
003010,,0.0,1.0,0.6255,0.0,0.0,0.319,0.2647,0.3,0.0,0.0,0.0,0.5,0.0,0.3556,False,False,False,False,无明确战法态,24.72,-1.51,26.4,False,5590.2,,,
003011,,0.0,0.0,0.2491,0.0,0.0,0.1047,0.1841,0.6,0.4208,0.0,0.0,0.0,0.0,0.52,False,False,False,False,无明确战法态,20.9,10.0,21.26,False,1606.1,,,
003012,,0.0,1.0,0.8218,0.0,0.0,0.6553,0.1567,0.0,0.0,0.0,0.0,0.0,0.0,0.5008,False,False,False,False,无明确战法态,4.59,2.23,5.19,False,5207.4,,石墨烯/虚拟数字人,
003013,,0.8341,1.0,0.763,0.8029,0.5267,0.5773,0.4761,0.9,0.3172,0.0,0.0,0.0,1.0,0.5085,True,False,False,False,B1候B2,14.35,-1.91,14.95,False,5739.2,,地下管网/时空大数据,
003015,,0.0,1.0,0.8275,0.0,0.0,0.4484,0.2532,0.6,0.0,0.0,0.0,0.5,0.0,0.4186,False,False,False,False,无明确战法态,12.2,-1.37,13.53,False,3017.4,,,
003016,,0.0,1.0,0.7708,0.0,0.0,0.338,0.2165,0.0,0.0,0.0,0.0,0.0,0.0,0.4803,False,False,False,False,无明确战法态,6.48,1.25,7.24,False,2662.5,,,
003017,,0.0347,1.0,0.6424,0.0,0.0,0.0363,0.2303,0.3,0.0,0.0,0.0,0.0,0.0,0.4357,False,False,False,False,无明确战法态,23.61,-1.83,27.65,False,1635.9,,氟化工概念/化肥/PEEK材料,
003018,,0.9044,1.0,0.68,1.0,1.0,0.8407,0.2761,0.3,1.0,1.0,0.0,0.5,0.7,0.4602,True,False,False,False,B1候B2,66.28,-0.27,57.39,True,15734.0,,,
003019,,0.762,1.0,0.7723,0.1234,0.0,0.6771,0.0935,0.0,0.0,0.0,0.0,0.5,0.0,0.3807,False,False,False,False,无明确战法态,29.28,-2.92,33.88,False,50.1,,物联网/汽车电子/AI PC,
003020,,0.0,1.0,0.719,0.0,0.0,0.0,0.2261,0.9,0.0,0.0,0.0,1.0,0.0,0.49,False,False,False,False,无明确战法态,16.25,0.74,18.41,False,2232.0,,,
003021,,0.0,0.0,0.3416,0.0,0.0,0.2318,0.2509,0.3,0.5579,0.0,0.0,0.5,1.0,0.532,False,False,False,False,无明确战法态,100.8,10.0,99.17,True,20902.5,,,
003022,,1.0,0.7434,0.6423,0.992,0.4985,0.7136,0.3584,0.0,0.2214,0.0,0.0,0.5,0.7,0.5746,False,False,False,False,B1候B2,23.13,-4.54,24.95,False,30865.4,,光伏/环氧丙烷/煤化工概念,
003023,,0.0713,1.0,0.7997,0.0,0.0,0.6022,0.0929,0.0,0.0,0.0,0.0,0.0,0.0,0.567,False,False,False,False,无明确战法态,20.2,1.15,23.74,False,2123.4,,宠物经济/举牌/消毒剂,
003025,,0.0,0.8921,0.4265,0.6179,0.101,0.4358,0.526,0.3,0.6096,1.0,0.0,0.0,1.0,0.3976,False,False,False,False,B1候B2,15.06,3.65,15.03,True,34.1,,专精特新,
003026,,0.7162,0.0985,0.4983,0.4477,0.4054,0.3484,0.5122,0.0,0.1795,0.0,0.0,1.0,0.0,0.4543,False,False,False,False,无明确战法态,36.27,-8.41,39.45,False,3510.6,,专精特新/传感器/硅能源,
003027,,0.0,1.0,0.7602,0.0,0.0,0.7129,0.095,0.3,0.0,0.0,0.0,0.0,0.0,0.5251,False,False,False,False,无明确战法态,17.52,-1.52,20.67,False,1837.2,,,
003028,,0.0,0.0,0.3414,0.0,0.0,0.0645,0.1291,0.6,0.1171,0.0,0.0,0.0,0.0,0.531,False,False,False,False,无明确战法态,24.61,10.01,25.9,False,17.4,,空气能热泵,
003029,,0.3373,1.0,0.8458,0.0,0.0,0.5847,0.1873,0.0,0.0,0.0,0.0,0.0,0.0,0.5825,False,False,False,False,无明确战法态,16.26,1.63,19.0,False,2863.4,,专精特新/电子身份证/数字水印,
003030,,0.0,0.787,0.6435,0.4689,0.0,0.2315,0.1946,0.9,0.941,0.0,0.0,0.0,0.7,0.4058,False,False,False,False,无明确战法态,23.4,4.28,22.5,True,18.9,,人造肉,
003031,,1.0,1.0,0.6244,1.0,1.0,0.8023,0.2794,0.0,1.0,1.0,0.0,0.5,0.7,0.4204,True,False,False,False,B1候B2,156.98,-1.52,148.26,True,53397.8,,光刻机,
003032,,0.0,1.0,0.8117,0.0,0.0,0.4833,0.2318,0.3,0.0,0.0,0.0,0.0,0.0,0.4495,False,False,False,False,无明确战法态,5.41,1.88,6.23,False,1539.0,,,
003033,,0.0,0.9599,0.5242,0.1198,0.7204,0.407,0.596,0.6,0.9606,0.0,0.0,1.0,1.0,0.3226,False,False,False,False,无明确战法态,59.89,3.24,56.79,True,4835.7,,专精特新/农机,
003035,,0.5436,1.0,0.8122,0.0,0.0,0.7773,0.1668,0.0,0.0,0.0,0.0,0.0,0.0,0.4405,False,False,False,False,无明确战法态,5.79,1.94,6.7,False,21931.8,,光伏,
003036,,0.7204,0.5997,0.3982,1.0,1.0,0.8346,0.5332,0.0,1.0,1.0,0.0,0.5,0.7,0.4218,False,False,False,False,无明确战法态,87.81,5.4,69.14,True,18991.4,,参股银行/锂电池概念/高端装备,
003037,,0.0,1.0,0.7846,0.0,0.0,0.7512,0.2717,0.3,0.0,0.0,0.0,0.0,0.0,0.495,False,False,False,False,无明确战法态,5.73,2.87,6.51,False,3432.7,,水泥概念,
003038,,0.3598,1.0,0.7788,0.0,0.0,0.5634,0.2383,0.6,0.0,0.0,0.0,0.0,0.0,0.4959,False,False,False,False,无明确战法态,11.38,2.06,13.05,False,1857.5,,专精特新/光伏,
003039,,0.0,1.0,0.8817,0.0,0.0,0.6059,0.142,0.0,0.0,0.0,0.0,0.0,0.0,0.549,False,False,False,False,无明确战法态,11.49,1.95,12.99,False,7095.3,,垃圾分类/固废处理/地下管网,
003040,,0.4917,1.0,0.8119,0.0,0.0,0.418,0.1422,0.3,0.0,0.0,0.0,0.0,0.0,0.467,False,False,False,False,无明确战法态,10.8,1.6,13.17,False,4934.0,,电子身份证/ETC/国产操作系统,
003041,,0.0,0.8597,0.5789,0.0,0.0,0.5249,0.1275,0.0,0.0,0.0,0.0,0.5,0.0,0.5465,False,False,False,False,无明确战法态,44.3,-3.84,50.13,False,60.6,,,
003042,,0.0,1.0,0.7663,0.0,0.0,0.6032,0.2088,0.3,0.0,0.0,0.0,0.0,0.0,0.5467,False,False,False,False,无明确战法态,12.82,2.15,14.66,False,1580.7,,草甘膦/供销社,
003043,,0.0,1.0,0.3491,1.0,1.0,0.2655,0.5239,0.9,1.0,0.0,0.0,1.0,0.7,0.2185,False,False,False,False,无明确战法态,100.07,-1.12,73.95,True,8388.9,,光刻机,
003816,,0.5038,1.0,0.8788,0.1544,0.0,0.708,0.1533,0.3,0.0137,0.0,1.0,0.0,0.0,0.3788,False,False,False,False,无明确战法态,3.89,1.04,4.25,False,1530.2,,核污染防治,
300001,,1.0,1.0,0.6865,1.0,0.1247,0.8537,0.1437,0.3,0.3657,0.0,0.0,0.0,0.7,0.5251,False,False,False,False,无明确战法态,33.84,0.09,35.79,False,350.2,发电设备,自贸区/日韩贸易/动力电池回收,28.3
300002,,0.0,1.0,0.7701,0.0,0.0,0.3216,0.1852,0.3,0.0,0.0,0.0,1.0,0.0,0.3716,False,False,False,False,无明确战法态,7.65,-2.3,8.42,False,141.3,电子信息,网络游戏/手机游戏,32.2
300003,,0.0,1.0,0.728,0.0,0.0049,0.2472,0.3621,0.0,0.0191,0.0,0.0,1.0,0.0,0.3358,False,False,False,False,无明确战法态,12.56,0.48,13.3,False,198.3,医疗器械,仿制药/基因概念/QFII重仓,37.8
300004,,0.4797,1.0,0.6799,0.0,0.0,0.8235,0.0565,0.3,0.0,0.0,0.0,0.0,0.0,0.5177,False,False,False,False,无明确战法态,9.99,2.04,12.61,False,48.0,发电设备,核电核能/PM2.5,28.3
300005,,0.0,1.0,0.7082,1.0,1.0,0.5661,0.5398,0.6,1.0,0.0,0.0,1.0,0.7,0.2715,False,False,False,False,无明确战法态,23.65,1.5,17.64,True,207.3,服装鞋类,业绩预升/社保重仓/QFII重仓,47.0
300006,,0.0,0.8964,0.5573,0.0,0.0,0.4852,0.2269,0.6,0.4261,0.0,0.0,0.5,0.0,0.2928,False,False,False,False,无明确战法态,5.15,3.62,5.25,False,54.4,生物制药,成渝特区/抗癌/超级细菌,47.0
300007,,0.0,0.0,0.2231,0.0,0.0,0.0,0.2827,0.3,0.5859,0.0,0.0,0.5,1.0,0.5233,False,False,False,False,无明确战法态,43.27,9.38,42.39,True,122.4,仪器仪表,专精特新/节能环保/核污染防治,34.2
300008,,0.2168,0.5849,0.5563,0.0,0.0,0.1515,0.4327,0.3,0.0,0.0,0.0,0.0,0.0,0.4754,False,False,False,False,无明确战法态,6.34,5.49,6.96,False,104.4,船舶制造,专精特新/垃圾分类/国防军工,34.5
300009,,0.0,1.0,0.8434,0.0,0.189,0.4836,0.2821,0.6,0.257,0.0,0.0,1.0,0.0,0.321,False,False,False,False,无明确战法态,8.16,0.87,8.38,False,100.4,生物制药,免疫治疗/皖江区域/生物疫苗,47.0
300010,,0.0,1.0,0.6899,0.0,0.0,0.6855,0.3064,0.0,0.0,0.0,0.0,0.0,0.0,0.5245,False,False,False,False,无明确战法态,2.2,2.33,3.4,False,36.6,电子信息,国防军工/军工航天/信息安全,32.2
300011,,0.2536,1.0,0.8377,0.0,0.0,0.7192,0.3411,0.6,0.0,0.0,0.0,0.5,0.0,0.4361,False,False,False,False,无明确战法态,6.24,1.3,6.73,False,31.7,交通运输,三板精选/业绩预升/动力电池回收,32.0
300012,,0.0,1.0,0.8225,0.179,0.1573,0.2834,0.2734,0.3,0.3128,0.0,0.0,1.0,0.0,0.3277,False,False,False,False,无明确战法态,14.06,-1.47,14.67,False,201.2,仪器仪表,CXO概念/CRO概念/食品安全,34.2
300013,,0.0,0.8448,0.6069,0.3103,0.0,0.5959,0.1158,0.9,0.1982,0.0,0.0,0.5,0.7,0.4085,False,False,False,False,B2确认,3.91,-3.93,4.14,False,17.4,交通运输,,32.0
300014,,1.0,1.0,0.8629,0.3544,0.4333,0.7788,0.474,0.3,0.2255,0.0,0.0,0.5,0.0,0.4403,False,False,False,False,无明确战法态,61.16,-0.18,64.82,False,1292.0,电子器件,盐湖提锂/无线耳机/锂电池,73.7
300015,,0.0,1.0,0.8188,0.0,0.0,0.5755,0.3029,0.3,0.0152,0.0,0.0,1.0,0.0,0.3959,False,False,False,False,无明确战法态,8.55,1.06,9.07,False,680.2,医疗器械,长株潭/民营医院/同花顺漂亮100,37.8
300016,,0.0,1.0,0.7311,0.0,0.103,0.2829,0.2418,0.0,0.3864,0.0,0.0,1.0,0.0,0.2819,False,False,False,False,无明确战法态,8.3,1.47,8.44,False,46.7,生物制药,专精特新/免疫治疗/基因概念,47.0
300017,,0.6492,1.0,0.8392,0.0,0.0,0.8481,0.2169,0.0,0.0,0.0,0.0,0.0,0.0,0.4313,False,False,False,False,无明确战法态,12.73,-0.93,15.26,False,298.1,电子信息,电商概念/信息安全/业绩预升,32.2
300018,,0.0,0.0,0.0,0.2316,0.396,0.0,0.3212,0.6,1.0,0.0,0.0,0.5,0.0,0.5337,False,False,False,False,无明确战法态,14.65,19.98,13.1,True,52.8,发电设备,武汉规划/基因测序/抽水蓄能,28.3
300019,,0.0,0.5631,0.6699,0.3293,1.0,0.1926,0.7944,0.3,0.4077,0.0,0.0,1.0,0.0,0.3905,False,False,False,False,无明确战法态,18.3,-5.62,18.62,False,67.5,化工行业,雄安新区/成渝特区/高铁,39.0
300020,,0.0,0.9487,0.1688,0.0,0.7622,0.0,0.268,0.6,1.0,0.0,0.0,0.5,0.0,0.3543,False,False,False,False,无明确战法态,3.8,-3.31,3.52,True,29.1,电子信息,业绩预升/ETC/家庭医生,32.2
300021,,0.0,1.0,0.866,0.0228,0.3036,0.6185,0.467,0.6,0.2409,0.0,0.0,1.0,0.0,0.3621,False,False,False,False,无明确战法态,3.95,-0.75,4.08,False,34.5,农林牧渔,水利建设/陕甘宁/参股金融,39.0
300022,,0.0,1.0,0.5814,0.0,0.0566,0.3815,0.3277,0.0,0.5457,0.0,0.0,1.0,0.0,0.3161,False,False,False,False,无明确战法态,8.21,-2.73,8.19,True,40.6,商业百货,成渝特区/业绩预降/工业大麻,30.2
300024,,0.0,1.0,0.4042,0.7581,1.0,0.0,0.486,0.9,1.0,0.0,0.0,1.0,1.0,0.2757,False,False,False,False,无明确战法态,18.31,2.92,16.53,True,286.6,机械行业,专精特新/朝鲜改革/国防军工,36.7
300025,,0.0,0.9866,0.6998,0.0,0.0,0.3173,0.1748,0.0,0.0,0.0,0.0,0.0,0.0,0.4641,False,False,False,False,无明确战法态,4.35,3.08,4.93,False,22.0,电子信息,5G概念/业绩预降,32.2
300026,,0.0,1.0,0.8065,0.0,0.0,0.0,0.3539,0.0,0.3827,0.0,0.0,0.5,0.0,0.3653,False,False,False,False,无明确战法态,3.17,2.26,3.2,False,95.1,生物制药,业绩预升/血氧仪,47.0
300027,,0.0,1.0,0.6917,0.0843,0.0,0.7404,0.3234,0.0,0.3094,0.0,0.0,0.5,0.0,0.3513,False,False,False,False,无明确战法态,1.77,2.31,1.79,False,45.4,传媒娱乐,网络游戏/业绩预升,29.0
300029,,0.2673,0.4583,0.1667,0.0,0.0,0.0,0.0,0.0,0.0,0.0,0.0,0.0,0.0,0.615,False,False,False,False,单针探底,0.15,-6.25,2.35,False,0.3,电子器件,光伏/绿色照明,73.7
300030,,0.0,0.8674,0.714,0.0,0.0,0.3659,0.1276,0.0,0.0,0.0,0.0,0.0,0.0,0.5181,False,False,False,False,无明确战法态,6.29,3.8,6.9,False,17.1,医疗器械,免疫治疗/基因概念/横琴新区,37.8
300031,,1.0,0.928,0.6064,1.0,1.0,0.4462,0.3642,0.0,0.6972,1.0,0.0,0.5,0.7,0.4718,False,False,False,False,B1候B2,26.17,-3.43,26.08,True,92.1,化工行业,碳中和/百度概念/车联网(车路协同),39.0
300032,,0.0303,1.0,0.7683,0.0,0.0,0.5255,0.1771,0.0,0.0,0.0,0.0,0.0,0.0,0.5568,False,False,False,False,无明确战法态,3.79,1.34,4.52,False,30.4,电子器件,触摸屏/券商重仓/QFII重仓,73.7
300033,,0.0064,1.0,0.7386,0.5484,1.0,0.4873,0.2849,0.9,1.0,0.0,0.0,0.5,0.0,0.3184,False,False,False,False,无明确战法态,246.18,-0.59,233.52,True,1079.3,电子信息,互联金融/AI语料,32.2
300034,,0.0,0.5631,0.5345,0.0143,0.0,0.2697,0.2204,0.3,0.3619,0.0,1.0,0.0,1.0,0.4852,False,False,False,False,无明确战法态,17.85,5.62,18.49,False,136.9,有色金属,大飞机/国防军工/军工航天,36.0
300035,,0.6494,1.0,0.8259,0.0,0.0,0.722,0.2143,0.0,0.0,0.0,0.0,0.0,0.0,0.6005,False,False,False,False,无明确战法态,14.29,0.85,17.86,False,83.4,机械行业,专精特新/锂电池/长株潭,36.7
300036,,0.4632,1.0,0.8747,0.0,0.0,0.6515,0.164,0.0,0.0,0.0,0.0,0.0,0.0,0.5064,False,False,False,False,无明确战法态,11.18,0.09,13.47,False,49.0,电子信息,鸿蒙概念/乡村振兴/智能电网,32.2
300037,,0.0,1.0,0.4927,1.0,1.0,0.621,0.4518,0.0,1.0,0.0,0.0,1.0,0.7,0.3327,False,False,False,False,无明确战法态,88.96,1.33,75.96,True,479.2,化工行业,锂电池/前海概念/宁德时代概念,39.0
300039,,0.0,1.0,0.821,0.0,0.0,0.3483,0.1859,0.0,0.0,0.0,0.0,0.5,0.0,0.4297,False,False,False,False,无明确战法态,4.52,1.12,5.02,False,41.4,生物制药,禽流感,47.0
300040,,0.0,1.0,0.6731,0.0,0.0,0.7851,0.2623,0.3,0.0,0.0,0.0,0.0,0.0,0.5607,False,False,False,False,无明确战法态,5.88,2.98,6.7,False,30.4,发电设备,碳中和/光伏/垃圾分类,28.3
300041,,0.2463,0.3095,0.5068,1.0,1.0,0.3561,0.5245,0.0,1.0,1.0,0.0,1.0,0.7,0.3339,False,False,False,False,无明确战法态,14.56,-7.14,13.69,True,79.2,化工行业,大飞机/光伏/雄安新区,39.0
300042,,0.8471,1.0,0.4432,1.0,1.0,0.6862,0.4013,0.0,1.0,1.0,0.0,0.5,0.7,0.3957,True,False,False,False,B1候B2,67.35,-0.09,62.27,True,135.0,电子信息,智能穿戴/东数西算(算力)/华为昇腾,32.2
300043,,0.0,1.0,0.6818,0.0,0.0,0.4737,0.2432,0.3,0.0,0.0,0.0,0.5,0.0,0.441,False,False,False,False,无明确战法态,4.37,-0.68,4.87,False,54.3,,婴童概念/网络游戏/电子竞技,
300044,,0.0,0.981,0.677,0.0,0.0,0.4315,0.2955,0.3,0.2963,0.0,0.0,0.5,0.0,0.1894,False,False,False,False,无明确战法态,5.6,-3.11,5.86,False,40.1,电子信息,智能机器/手机游戏,32.2
300045,,0.0,0.7007,0.6329,0.0,0.0,0.4785,0.2705,0.3,0.0,0.0,0.0,0.0,0.0,0.6136,False,False,False,False,无明确战法态,17.7,4.8,19.94,False,91.4,电子信息,大飞机/国防军工/军工航天,32.2
300046,,0.4223,0.7758,0.658,0.4819,1.0,0.5143,0.3398,0.3,0.3359,0.0,0.0,1.0,0.0,0.3968,False,False,False,False,无明确战法态,31.7,-4.35,32.72,False,75.0,电子器件,国防军工/军工航天/柔性直流输电,73.7
300047,,0.384,1.0,0.822,0.0,0.0,0.7453,0.1818,0.3,0.0,0.0,0.0,0.0,0.0,0.5368,False,False,False,False,无明确战法态,9.07,0.89,10.87,False,52.1,电子信息,5G概念/业绩预降/蚂蚁集团概念,32.2
300048,,0.0,0.9314,0.7299,0.0,0.0,0.5099,0.1559,0.0,0.0,0.0,0.0,0.0,0.0,0.5977,False,False,False,False,无明确战法态,4.85,3.41,5.68,False,54.8,发电设备,光伏,28.3
300049,,0.0,0.5189,0.5722,0.0,0.0,0.1228,0.1951,0.6,0.1519,0.0,0.0,0.5,0.0,0.4626,False,False,False,False,无明确战法态,45.87,5.89,47.27,False,107.2,生物制药,民营医院/业绩预降/参股保险,47.0
300050,,0.7209,1.0,0.8402,0.107,0.0,0.7066,0.2469,0.0,0.0,0.0,0.0,0.0,0.0,0.5246,False,False,False,False,无明确战法态,5.82,-0.34,6.63,False,31.7,电子信息,鸿蒙概念/5G概念/物联网,32.2
300051,,0.2866,1.0,0.7,0.0,0.0,0.7314,0.0663,0.0,0.0,0.0,0.0,0.0,0.0,0.5168,False,False,False,False,无明确战法态,9.05,1.8,10.97,False,33.3,电子信息,海峡西岸,32.2
300052,,0.6348,0.4247,0.5597,0.4588,0.7921,0.68,0.2244,0.3,0.1667,0.0,0.0,0.5,0.0,0.5634,False,False,False,False,无明确战法态,12.18,-6.45,13.0,False,31.9,电子信息,网络游戏/业绩预升/电子竞技,32.2
300053,,0.0,0.7639,0.6088,0.0,0.0,0.5184,0.294,0.6,0.3529,0.0,0.0,0.5,0.0,0.3699,False,False,False,False,无明确战法态,16.55,4.42,17.07,False,107.7,电子器件,专精特新/国防军工/军工航天,73.7
300054,,0.9508,0.877,0.6073,1.0,1.0,0.5549,0.297,0.0,1.0,1.0,0.0,1.0,0.7,0.3909,False,False,False,False,无明确战法态,89.88,-3.74,77.14,True,663.5,化工行业,武汉规划/信托重仓/存储芯片,39.0
300055,,0.2375,1.0,0.7792,0.0,0.0,0.7684,0.1307,0.0,0.0,0.0,0.0,0.0,0.0,0.6281,False,False,False,False,无明确战法态,6.42,1.26,8.38,False,40.6,环保行业,业绩预升/节能环保,29.2
300056,,0.0,1.0,0.6962,0.0,0.0,0.6586,0.2295,0.6,0.0,0.0,0.0,0.0,0.0,0.4791,False,False,False,False,无明确战法态,8.2,0.99,8.99,False,31.6,机械行业,海峡西岸/业绩预升/节能环保,36.7
300057,,1.0,1.0,0.5969,1.0,0.8039,0.6143,0.3493,0.6,0.7232,0.0,0.0,0.5,0.7,0.4415,True,False,False,False,B1候B2,8.41,-2.21,8.48,False,64.2,印刷包装,超级电容/建筑节能/虚拟数字人,27.7
300058,,0.5466,0.2936,0.6861,0.0,0.0,0.4879,0.1907,0.0,0.0,0.0,0.0,0.0,0.0,0.6356,False,False,False,False,无明确战法态,13.2,-7.24,15.77,False,459.1,印刷包装,短剧游戏/快手概念/NFT概念,27.7
300059,,0.0,1.0,0.8231,0.4322,1.0,0.5231,0.4301,0.6,0.8765,0.0,0.0,1.0,0.0,0.2913,False,False,False,False,无明确战法态,21.06,1.59,20.02,True,2808.9,电子信息,互联金融/参股金融/互联网保险,32.2
300061,,0.0,1.0,0.6697,0.0,0.0,0.7389,0.2434,0.6,0.0,0.0,0.0,0.0,0.0,0.4429,False,False,False,False,无明确战法态,7.48,-2.48,8.51,False,46.5,医疗器械,业绩预升/互联网保险,37.8
300062,,0.0205,1.0,0.7987,0.0,0.0,0.7107,0.1552,0.0,0.0,0.0,0.0,0.0,0.0,0.5722,False,False,False,False,无明确战法态,5.77,2.49,6.85,False,26.4,发电设备,光伏/海峡西岸,28.3
300063,,0.4993,0.4803,0.5625,0.0,0.0,0.4149,0.2029,0.0,0.0,0.0,0.0,0.0,0.0,0.5967,False,False,False,False,无明确战法态,8.44,-6.12,10.39,False,52.9,化工行业,业绩预降/丙烯酸/快手概念,39.0
300065,,0.0,0.8411,0.6589,0.0,0.6916,0.5053,0.444,0.3,0.7318,0.0,1.0,1.0,0.0,0.4021,False,False,False,False,无明确战法态,22.35,3.95,22.02,True,146.8,电子信息,专精特新/国防军工/军工航天,32.2
300066,,0.4976,1.0,0.7241,0.2925,0.2005,0.7061,0.2586,0.6,0.1334,0.0,0.0,0.0,0.0,0.416,False,False,False,False,无明确战法态,5.86,1.03,6.2,False,58.5,仪器仪表,,34.2
300067,,0.754,1.0,0.6947,0.3619,0.0,0.7653,0.2368,0.3,0.2267,0.0,0.0,0.5,0.0,0.3923,False,False,False,False,无明确战法态,5.32,-2.56,5.67,False,49.9,化工行业,百度概念/污水处理/业绩预升,39.0
300068,,0.1987,1.0,0.8233,0.0,0.0,0.8348,0.3028,0.3,0.0,0.0,0.0,0.5,0.0,0.5068,False,False,False,False,无明确战法态,4.19,0.96,6.49,False,35.8,电器行业,固态电池/5G概念/锂电池,33.2
300069,,0.0,1.0,0.2801,1.0,0.0,0.0,0.1774,0.0,1.0,0.0,0.0,0.5,0.7,0.3727,False,False,False,False,无明确战法态,38.29,-2.72,33.48,True,44.8,发电设备,智能电网/业绩预升/核电,28.3
300070,,0.0,1.0,0.8586,0.0,0.0,0.6027,0.216,0.3,0.0,0.0,0.0,0.0,0.0,0.4538,False,False,False,False,无明确战法态,3.31,0.3,3.57,False,113.7,环保行业,节能环保/基金重仓/地下管网,29.2
300071,,0.0,0.0,0.5606,0.0,0.0,0.0,0.2169,0.6,0.0,0.0,0.0,0.5,0.0,0.5156,False,False,False,False,无明确战法态,3.96,-10.0,4.34,False,37.4,印刷包装,业绩预升/AI语料/AI视频,27.7
300072,,0.0,1.0,0.774,0.0,0.0,0.6326,0.1819,0.0,0.0,0.0,0.0,0.0,0.0,0.4924,False,False,False,False,无明确战法态,3.5,-1.13,3.98,False,81.6,化工行业,页岩气/节能环保/PM2.5,39.0
300073,,0.2971,1.0,0.8213,0.0,0.0,0.68,0.1964,0.0,0.0,0.0,0.0,0.0,0.0,0.4208,False,False,False,False,无明确战法态,47.15,-0.46,53.13,False,238.6,其它行业,固态电池/锂电池/准ST股,37.8
300074,,0.0,1.0,0.731,0.0,0.0,0.4864,0.1558,0.0,0.0,0.0,0.0,0.0,1.0,0.4961,False,False,False,False,无明确战法态,3.54,2.02,3.98,False,19.5,电子信息,家庭医生,32.2
300075,,0.1093,1.0,0.8319,0.0,0.0,0.6451,0.1306,0.0,0.0,0.0,0.0,0.0,0.0,0.6158,False,False,False,False,无明确战法态,10.47,1.55,12.14,False,54.0,电子信息,ETC,32.2
300076,,0.0,0.8289,0.6122,0.0,0.0,0.8372,0.2233,0.0,0.0,0.0,0.0,0.5,0.0,0.4137,False,False,False,False,无明确战法态,4.65,4.03,5.0,False,19.7,电子信息,专精特新/智能电网/ST板块,32.2
300077,,0.0,0.7704,0.6269,1.0,1.0,0.5285,0.2491,0.3,1.0,0.0,0.0,1.0,0.7,0.2552,False,False,False,False,无明确战法态,29.05,-4.38,24.88,True,164.5,电子器件,5G概念/电子支付/业绩预降,73.7
300078,,0.1683,1.0,0.7121,0.0,0.0,0.4529,0.2418,0.0,0.0,0.0,0.0,0.0,0.0,0.4762,False,False,False,False,无明确战法态,3.0,-0.33,3.49,False,33.4,电子器件,食品安全/电子纸/无人零售,73.7
300079,,0.1068,1.0,0.8416,0.0,0.0,0.7384,0.1225,0.0,0.0,0.0,0.0,0.0,1.0,0.5087,False,False,False,False,无明确战法态,4.22,0.24,4.95,False,54.1,电子信息,金融改革/宽带提速/券商重仓,32.2
300080,,0.0,1.0,0.6825,0.0,0.0,0.7025,0.2501,0.0,0.0,0.0,0.0,0.5,0.0,0.494,False,False,False,False,无明确战法态,3.71,-1.85,4.18,False,69.4,建筑建材,光伏/HIT电池/锂电池,28.0
300081,,0.6726,1.0,0.8961,0.0922,0.0,0.8289,0.4218,0.3,0.0,0.0,0.0,0.0,0.0,0.3892,False,False,False,False,无明确战法态,3.86,0.26,4.16,False,23.3,电子信息,5G概念/ST板块/短剧游戏,32.2
300082,,0.0754,1.0,0.6791,0.0,0.0,0.6638,0.2131,0.3,0.0,0.0,0.0,0.5,0.0,0.4817,False,False,False,False,无明确战法态,9.05,-0.98,9.89,False,61.4,化工行业,光伏/锂电池,39.0
300083,,0.0,1.0,0.3863,1.0,1.0,0.3143,0.4454,0.3,1.0,0.0,0.0,1.0,0.7,0.2863,False,False,False,False,无明确战法态,13.66,1.41,10.89,True,203.8,电子器件,触摸屏/业绩预升/无线充电,73.7
300084,,0.0,1.0,0.7409,0.5721,0.7072,0.7895,0.3064,0.9,0.8672,0.0,0.0,1.0,0.7,0.3368,False,False,False,False,无明确战法态,12.08,-2.19,11.82,True,43.1,石油行业,国防军工/军工航天/核电核能,26.5
300085,,0.1312,1.0,0.5231,0.0339,0.9377,0.5726,0.3153,0.6,0.4959,0.0,0.0,0.5,0.0,0.3798,False,False,False,False,无明确战法态,35.16,-1.76,35.53,False,229.2,电子信息,碳中和/百度概念/业绩预降,32.2
300086,,0.0,1.0,0.4436,0.0,0.0,0.0,0.2427,0.3,0.1091,0.0,0.0,1.0,0.0,0.2897,False,False,False,False,无明确战法态,6.59,-1.79,6.87,False,29.0,生物制药,仿制药/海南自贸/婴童概念,47.0
300087,,0.9744,1.0,0.8464,0.0,0.0,0.6316,0.111,0.3,0.0,0.0,0.0,0.0,0.0,0.4611,False,False,False,False,无明确战法态,5.19,-0.38,7.24,False,46.8,农林牧渔,皖江区域/生物育种/俄乌冲突概念,39.0
300088,,0.5549,0.501,0.5814,1.0,1.0,0.604,0.4272,0.6,1.0,1.0,0.0,1.0,0.7,0.3618,False,False,False,False,无明确战法态,9.88,-5.99,8.65,True,245.6,电子器件,光伏概念/华为概念/小米概念,73.7
300091,,0.0,0.958,0.6748,0.0,0.0,0.7076,0.1984,0.0,0.0,0.0,0.0,0.0,0.0,0.5132,False,False,False,False,无明确战法态,2.54,3.25,2.79,False,41.5,机械行业,光热发电,36.7
300092,,0.1701,0.9459,0.6476,0.0,0.0,0.4726,0.1567,0.0,0.0,0.0,0.0,0.0,0.0,0.5528,False,False,False,False,无明确战法态,12.12,3.32,13.85,False,25.4,机械行业,国防军工/成渝特区/军工航天,36.7
300093,,0.0,0.6133,0.0,1.0,1.0,0.0,0.626,0.6,1.0,0.0,0.0,1.0,0.7,0.2788,False,False,False,False,无明确战法态,25.34,5.32,22.7,True,58.5,玻璃行业,光伏/HIT电池/建筑节能,52.3
300094,,0.0,1.0,0.7701,0.0,0.0,0.5603,0.2446,0.3,0.0,0.0,0.0,0.0,0.0,0.5114,False,False,False,False,无明确战法态,2.59,-0.77,2.89,False,28.6,农林牧渔,水产品/生物育种,39.0
300095,,0.0,0.4619,0.5233,0.0,0.0,0.4966,0.2684,0.3,0.3897,0.0,0.0,0.0,0.0,0.496,False,False,False,False,无明确战法态,9.21,6.23,9.36,False,29.3,机械行业,国防军工/军工航天/成飞概念,36.7
300096,,0.4515,1.0,0.5189,0.7557,1.0,0.4401,0.1968,0.3,1.0,0.0,0.0,0.5,0.0,0.3465,False,False,False,False,B1候B2,9.6,-1.03,9.18,True,41.3,电子信息,海峡西岸/ST板块/电子支付,32.2
300097,,0.0,0.9362,0.5842,0.4399,0.0,0.6459,0.2201,0.3,0.5522,0.0,0.0,0.5,0.0,0.366,False,False,False,False,无明确战法态,9.14,-3.38,9.37,False,24.7,仪器仪表,智能机器/业绩预升,34.2
300098,,0.1548,1.0,0.8374,0.0,0.0,0.725,0.1735,0.0,0.0,0.0,0.0,0.0,0.0,0.5271,False,False,False,False,无明确战法态,4.55,0.89,5.2,False,70.1,电子信息,,32.2
300099,,0.1932,1.0,0.7303,0.0,0.0,0.7595,0.1083,0.0,0.0,0.0,0.0,0.0,0.0,0.6016,False,False,False,False,无明确战法态,6.36,2.91,7.65,False,37.0,仪器仪表,鸿蒙概念/氢能源/国防军工,34.2
300100,,0.0,0.2443,0.2861,0.0612,0.0,0.0918,0.298,0.9,0.4557,0.0,0.0,0.0,1.0,0.4144,False,False,False,False,无明确战法态,30.83,7.53,30.59,True,169.9,汽车制造,PEEK材料,40.0
300101,,0.0,1.0,0.758,0.0,0.0,0.4458,0.172,0.0,0.0,0.0,0.0,0.5,0.0,0.3602,False,False,False,False,无明确战法态,16.66,0.79,18.39,False,94.3,电子信息,专精特新/国防军工/成渝特区,32.2
300102,,0.0,0.4744,0.3985,0.0,0.0,0.1296,0.3649,0.3,0.2966,0.0,1.0,1.0,0.0,0.4182,False,False,False,False,无明确战法态,25.53,6.15,26.99,False,233.8,电子器件,光伏/海峡西岸/绿色照明,73.7
300103,,0.4108,1.0,0.7659,0.481,0.0,0.86,0.1633,0.0,0.1548,0.0,0.0,0.0,0.7,0.4477,False,False,False,False,无明确战法态,7.63,-0.78,8.17,False,24.2,机械行业,业绩预升/陕甘宁,36.7
300105,,0.0,1.0,0.6182,0.615,1.0,0.3458,0.3798,0.6,0.9362,0.0,0.0,0.5,0.0,0.3479,False,False,False,False,无明确战法态,7.35,2.65,6.93,True,37.9,仪器仪表,碳中和/雄安新区/黄河三角,34.2
300106,,0.0242,1.0,0.815,0.1848,0.0,0.8089,0.162,0.3,0.0,0.0,0.0,0.0,0.7,0.4221,False,False,False,False,无明确战法态,10.2,1.09,11.31,False,21.6,农林牧渔,婴童概念/生物育种,39.0
300107,,0.0,1.0,0.7782,0.0,0.0,0.809,0.2036,0.0,0.0,0.0,0.0,0.0,0.0,0.4836,False,False,False,False,无明确战法态,5.74,0.53,6.46,False,19.9,化工行业,雄安新区/京津冀/飞行汽车(eVTOL),39.0
300109,,0.0167,1.0,0.8521,0.0407,0.0,0.4739,0.363,0.6,0.0,0.0,0.0,0.0,0.0,0.4083,False,False,False,False,无明确战法态,15.81,0.19,17.39,False,70.7,化工行业,生物疫苗/基因概念/基因测序,39.0
300110,,0.0,1.0,0.7964,0.0,0.0,0.3924,0.2535,0.3,0.0361,0.0,0.0,0.0,0.0,0.3973,False,False,False,False,无明确战法态,2.64,0.76,2.8,False,31.2,生物制药,黄河三角/自贸区/日韩贸易,47.0
300111,,0.0,0.099,0.4976,0.0,0.0,0.0,0.2189,0.3,0.0,0.0,0.0,0.5,0.0,0.462,False,False,False,False,无明确战法态,3.16,-8.41,3.45,False,40.7,电子器件,智能机器,73.7
300112,,0.0,0.9076,0.72,0.0,0.0,0.349,0.2296,0.0,0.0,0.0,0.0,0.0,0.0,0.4901,False,False,False,False,无明确战法态,6.41,3.55,7.2,False,15.2,仪器仪表,专精特新/光热发电/太赫兹,34.2
300113,,0.7802,1.0,0.8192,0.0,0.0,0.7616,0.1114,0.0,0.0,0.0,0.0,0.0,0.0,0.5093,False,False,False,False,无明确战法态,17.73,-1.88,22.09,False,90.2,电子信息,网络游戏/电子竞技/NFT概念,32.2
300115,,0.0,0.0,0.1586,0.0,0.0,0.0,0.2395,0.0,0.7419,0.0,0.0,0.5,0.0,0.5021,False,False,False,False,无明确战法态,33.18,10.78,32.29,True,450.4,电子器件,本月解禁/QFII重仓/AI PC,73.7
300118,,0.3375,1.0,0.7558,0.0,0.0,0.7245,0.1396,0.6,0.0,0.0,0.0,0.0,0.0,0.48,False,False,False,False,无明确战法态,11.71,-0.26,14.62,False,108.5,电子器件,光伏/HIT电池/业绩预升,73.7
300119,,0.0,1.0,0.7649,0.0,0.0,0.3186,0.2539,0.3,0.2181,0.0,0.0,0.5,0.0,0.3702,False,False,False,False,无明确战法态,15.73,2.74,16.22,False,52.5,生物制药,本月解禁/参股金融/动物疫苗,47.0
300120,,0.0,0.77,0.329,1.0,1.0,0.3703,0.4654,0.9,1.0,0.0,0.0,1.0,1.0,0.2796,False,False,False,False,无明确战法态,10.26,-4.38,8.96,True,54.1,发电设备,本月解禁/安防/柔性直流输电,28.3
300121,,0.0,0.4938,0.3523,0.5499,1.0,0.0,0.351,1.0,0.9326,0.0,0.0,1.0,1.0,0.2933,False,False,False,False,无明确战法态,13.54,-6.04,12.69,True,58.1,化工行业,黄河三角/业绩预升/本月解禁,39.0
300122,,0.0,1.0,0.748,0.0,0.0,0.4879,0.259,0.0,0.0,0.0,0.0,0.5,0.0,0.4605,False,False,False,False,无明确战法态,12.17,0.0,13.48,False,172.1,生物制药,成渝特区/生物疫苗/抗癌,47.0
300123,,0.0,1.0,0.7658,0.0,0.0,0.7517,0.2646,0.0,0.0,0.0,0.0,0.0,0.0,0.5479,False,False,False,False,无明确战法态,3.77,1.89,4.61,False,37.5,船舶制造,国防军工/长株潭/本月解禁,34.5
300124,,0.0,0.5863,0.2953,0.2238,0.0,0.0,0.3791,0.0,0.7149,0.0,0.0,0.5,0.0,0.4332,False,False,False,False,无明确战法态,72.15,5.48,70.68,True,1739.0,仪器仪表,业绩预升/节能环保/本月解禁,34.2
300125,,0.0,1.0,0.8081,0.4693,0.0263,0.7581,0.1445,0.0,0.8623,0.0,0.0,0.5,0.7,0.3471,False,False,False,False,无明确战法态,9.6,2.35,9.48,True,34.6,发电设备,光伏/节能环保/工业大麻,28.3
300126,,0.0,0.9596,0.6815,0.0,0.0,0.4629,0.1596,0.3,0.0,0.0,0.0,0.0,0.0,0.5277,False,False,False,False,无明确战法态,6.05,3.24,6.91,False,12.7,机械行业,,36.7
300127,,0.0,1.0,0.7054,0.1358,0.3007,0.2655,0.5181,0.3,0.5027,0.0,0.0,0.5,0.0,0.4572,False,False,False,False,无明确战法态,29.74,0.34,29.94,False,68.6,电子器件,成渝特区,73.7
300128,,0.0,1.0,0.5769,0.0,0.0,0.7587,0.1163,0.0,0.0,0.0,0.0,0.0,0.7,0.4974,False,False,False,False,无明确战法态,5.96,2.23,6.54,False,77.3,电子器件,光伏/BC电池,73.7
300129,,0.0,0.0,0.0,0.0,0.0,0.0,0.3,0.3,0.73,0.0,0.0,0.5,0.0,0.4287,False,False,False,False,无明确战法态,10.63,19.98,10.44,True,76.4,发电设备,专精特新/风能概念,28.3
300130,,0.8567,1.0,0.7711,0.0913,0.0,0.6838,0.2271,0.3,0.0,0.0,0.0,0.0,0.0,0.4159,False,False,False,False,无明确战法态,19.9,-2.4,22.82,False,86.4,电子信息,电子支付/AI语料/参股保险,32.2
300131,,0.9561,1.0,0.3704,1.0,1.0,0.7375,0.2479,0.3,0.8473,0.0,0.0,0.5,0.7,0.3849,False,False,False,False,B1候B2,17.94,0.84,17.97,False,187.0,电子器件,智能机器/ERP概念,73.7
300132,,0.0,0.9302,0.6923,0.0,0.0,0.4497,0.1369,0.0,0.0,0.0,0.0,0.0,0.0,0.6365,False,False,False,False,无明确战法态,6.05,3.42,7.04,False,30.7,化工行业,海峡西岸/消毒剂,39.0
300133,,0.0,1.0,0.6453,0.0,0.0,0.791,0.0952,0.0,0.1732,0.0,0.0,0.5,0.0,0.4115,False,False,False,False,无明确战法态,7.39,0.82,7.84,False,123.9,传媒娱乐,AI语料/冰雪产业/短剧游戏,29.0
300134,,0.5683,0.6978,0.5668,0.0,0.0,0.2026,0.1288,0.3,0.0,0.0,1.0,0.0,0.0,0.5956,False,False,False,False,无明确战法态,8.71,4.81,10.14,False,66.8,电子信息,5G概念/云游戏,32.2
300135,,0.0,1.0,0.7856,0.0,0.0,0.5452,0.2475,0.0,0.0,0.0,0.0,0.0,0.0,0.436,False,False,False,False,无明确战法态,3.2,2.89,3.5,False,29.5,化工行业,油气改革,39.0
300136,,0.4834,1.0,0.5915,1.0,1.0,0.75,0.4229,0.3,1.0,1.0,0.0,1.0,0.7,0.3659,False,False,False,False,无明确战法态,102.6,1.57,98.59,True,846.7,电子信息,无线耳机/物联网/卫星导航,32.2
300137,,0.3507,1.0,0.7635,0.8897,0.1017,0.8858,0.2079,0.0,0.973,1.0,0.0,0.0,0.7,0.3318,False,False,False,False,无明确战法态,17.14,1.36,16.93,True,90.8,仪器仪表,京津冀/节能环保/PM2.5,34.2
300138,,0.0,0.5948,0.6095,0.0,0.0,0.0,0.2663,0.9,0.0,0.0,0.0,0.0,0.0,0.5137,False,False,False,False,无明确战法态,9.9,5.43,10.55,False,39.4,食品行业,业绩预降/代糖概念/工业大麻,35.0
300139,,0.0,0.0,0.286,0.0,0.0,0.0,0.359,0.3,0.4063,0.0,0.0,0.0,0.0,0.4504,False,False,False,False,无明确战法态,44.05,12.86,46.06,False,102.9,电子器件,光伏/黄金概念/民爆概念,73.7
300140,,0.0,1.0,0.8287,0.0,0.0,0.6209,0.1754,0.0,0.0,0.0,0.0,0.0,0.0,0.529,False,False,False,False,无明确战法态,5.17,2.17,5.85,False,52.7,电器行业,垃圾分类/业绩预升/陕甘宁,33.2
300141,,0.0,1.0,0.7503,0.0,0.0,0.1792,0.191,0.0,0.0,0.0,0.0,0.0,0.0,0.4688,False,False,False,False,无明确战法态,9.83,2.29,11.44,False,25.0,发电设备,光伏,28.3
300142,,0.0,1.0,0.7588,0.3798,0.8673,0.6217,0.2911,0.0,0.9941,0.0,0.0,1.0,0.0,0.3621,False,False,False,False,无明确战法态,13.2,1.62,12.57,True,208.2,生物制药,生物疫苗/婴童概念,47.0
300143,,0.0,1.0,0.7691,0.0,0.0,0.5164,0.2021,0.0,0.0,0.0,0.0,0.0,0.0,0.6063,False,False,False,False,无明确战法态,7.11,2.6,8.8,False,45.6,农林牧渔,高压氧舱/养老概念,39.0
300144,,0.0,1.0,0.8299,0.0,0.0,0.4826,0.25,0.3,0.0,0.0,0.0,0.0,0.0,0.4806,False,False,False,False,无明确战法态,5.92,0.68,6.7,False,153.8,酒店旅游,海南自贸/电子竞技/手机游戏,29.9
300145,,0.3058,1.0,0.6042,0.9358,1.0,0.3097,0.3281,0.3,1.0,0.0,0.0,0.5,1.0,0.3527,False,False,False,False,无明确战法态,5.55,2.97,5.15,True,106.1,机械行业,水利建设/节能环保/空气能热泵,36.7
300146,,0.3956,1.0,0.8784,0.1078,0.0,0.7495,0.3149,0.3,0.0239,0.0,0.0,0.0,0.0,0.4216,False,False,False,False,无明确战法态,9.35,0.32,10.01,False,104.8,食品行业,基因概念,35.0
300147,,0.8593,1.0,0.8864,0.3827,0.1978,0.755,0.2974,0.0,0.3496,0.0,0.0,0.5,0.0,0.3596,False,False,False,False,无明确战法态,9.4,0.11,9.72,False,61.8,生物制药,免疫治疗/抗癌/横琴新区,47.0
300148,,0.0,1.0,0.8137,0.0,0.0,0.5634,0.2446,0.0,0.0,0.0,0.0,0.0,0.0,0.5203,False,False,False,False,无明确战法态,3.23,0.31,3.68,False,26.3,传媒娱乐,长株潭/网络游戏/业绩预降,29.0
300149,,0.0,1.0,0.6265,0.0072,1.0,0.0184,0.3187,0.6,0.6975,0.0,0.0,1.0,0.0,0.2251,False,False,False,False,无明确战法态,9.51,0.53,9.17,True,45.1,食品行业,CXO概念/CRO概念/重组蛋白,35.0
300150,,0.0,1.0,0.8346,0.0,0.0,0.6106,0.2355,0.0,0.0,0.0,0.0,0.0,0.0,0.4925,False,False,False,False,无明确战法态,4.1,1.74,4.54,False,19.0,电子信息,专精特新,32.2
300151,,0.0,0.3033,0.2646,1.0,1.0,0.0,0.4527,0.3,1.0,0.0,0.0,1.0,0.7,0.3384,False,False,True,False,B2确认,26.72,7.18,22.02,True,98.5,机械行业,基因测序/医药电商,36.7
300152,,0.0,1.0,0.7172,0.0,0.0,0.7684,0.2812,0.0,0.0,0.0,0.0,0.5,0.0,0.3768,False,False,False,False,无明确战法态,1.68,1.82,1.84,False,12.0,机械行业,节能环保/PM2.5/生物质能发电,36.7
300153,,0.2879,1.0,0.7205,0.0,0.0,0.776,0.172,0.0,0.0,0.0,0.0,0.0,0.0,0.4891,False,False,False,False,无明确战法态,22.82,2.89,26.48,False,72.6,发电设备,锂电池/核电核能/节能环保,28.3
300154,,0.0,0.7138,0.2802,0.104,0.0,0.0,0.2511,0.6,1.0,0.0,0.0,0.5,0.0,0.3962,False,False,False,False,无明确战法态,9.99,4.72,9.06,True,31.5,电子器件,智能机器,73.7
300155,,0.0,1.0,0.7327,0.0,0.0,0.5879,0.1473,0.0,0.0,0.0,0.0,0.0,0.0,0.5385,False,False,False,False,无明确战法态,4.1,2.76,4.55,False,13.5,电子器件,,73.7
300157,,0.0,1.0,0.7713,0.0,0.0,0.6791,0.1267,0.3,0.0,0.0,0.0,0.0,0.0,0.577,False,False,False,False,无明确战法态,3.84,1.32,4.72,False,27.2,石油行业,页岩气/本月解禁,26.5
300158,,0.0,1.0,0.654,0.0,0.0,0.1368,0.2907,0.9,0.0493,0.0,0.0,0.5,0.0,0.3476,False,False,False,False,无明确战法态,4.98,-0.6,5.24,False,49.4,生物制药,抗癌/毛发医疗/土地流转,47.0
300159,,0.5464,0.7929,0.3333,0.6489,0.0,0.0897,0.1555,0.3,0.1857,0.0,0.0,0.0,0.7,0.4133,False,False,False,False,B1候B2,3.44,4.24,3.7,False,63.0,机械行业,大飞机/国防军工/军工航天,36.7
300160,,0.0,0.989,0.7484,0.0,0.0,0.2961,0.3821,0.3,0.0,0.0,0.0,0.0,0.0,0.4405,False,False,False,False,无明确战法态,4.37,3.07,4.83,False,33.3,玻璃行业,光伏,52.3
300161,,0.0,0.9913,0.6602,0.254,0.0,0.537,0.3282,0.0,0.6499,0.0,0.0,0.0,0.0,0.4251,False,False,False,False,无明确战法态,31.74,3.05,31.61,True,61.9,机械行业,武汉规划/智能机器/业绩预降,36.7
300162,,0.0,1.0,0.4686,1.0,1.0,0.6931,0.363,0.6,1.0,0.0,0.0,1.0,0.7,0.317,False,False,False,False,无明确战法态,12.18,-1.93,10.59,True,41.7,电子器件,专精特新/智能家居/绿色照明,73.7
300163,,0.0,0.0,0.0623,0.9685,1.0,0.0,0.4637,0.6,1.0,0.0,0.0,0.0,1.0,0.6145,False,False,False,False,B2确认,7.5,15.92,5.78,True,34.2,建筑建材,专精特新/建筑节能,28.0
300164,,0.4999,1.0,0.7512,0.0,0.0,0.8524,0.1414,0.6,0.0,0.0,0.0,0.0,0.0,0.5567,False,False,False,False,无明确战法态,8.01,-0.37,10.4,False,46.7,石油行业,页岩气/陕甘宁/俄乌冲突概念,26.5
300165,,0.0357,0.8917,0.562,0.2281,0.0,0.7077,0.2632,0.0,0.388,0.0,0.0,0.0,0.0,0.3993,False,False,False,False,无明确战法态,5.68,3.65,5.94,False,23.9,仪器仪表,专精特新/食品安全/污水处理,34.2
300166,,0.1782,0.9762,0.5733,0.855,0.994,0.6406,0.2771,0.3,0.9149,1.0,0.0,0.5,0.0,0.3432,False,False,False,False,无明确战法态,16.95,-3.14,16.67,True,153.5,电子信息,鸿蒙概念/AI手机/AI语料,32.2
300167,,0.4006,1.0,0.7403,0.0,0.0,0.7758,0.0949,0.0,0.0,0.0,0.0,0.5,0.0,0.3874,False,False,False,False,无明确战法态,4.57,-1.08,5.12,False,16.2,电子信息,业绩预降/横琴新区,32.2
300168,,0.0,1.0,0.7958,0.0,0.0,0.5877,0.1869,0.0,0.0,0.0,0.0,0.0,0.0,0.4988,False,False,False,False,无明确战法态,4.65,1.75,5.19,False,66.9,电子信息,信托重仓/电子身份证/互联网保险,32.2
300169,,0.0,1.0,0.7222,0.0,0.0,0.4233,0.1809,0.0,0.0,0.0,0.0,0.0,0.0,0.4786,False,False,False,False,无明确战法态,4.99,-0.99,5.58,False,15.1,塑料制品,业绩预降,33.5
300170,,0.7234,1.0,0.7823,0.0,0.0,0.7259,0.2122,0.3,0.0,0.0,0.0,0.0,0.0,0.5074,False,False,False,False,无明确战法态,15.02,-1.89,18.79,False,146.7,电子信息,QFII重仓/ERP概念,32.2
300171,,0.0,1.0,0.7196,0.0,0.0508,0.1819,0.2247,0.3,0.1054,0.0,0.0,1.0,0.0,0.4422,False,False,False,False,无明确战法态,11.81,1.37,12.4,False,66.4,医疗器械,生物疫苗/基因概念/基因测序,37.8
300172,,0.0,1.0,0.8109,0.0,0.0,0.663,0.2186,0.0,0.0,0.0,0.0,0.0,0.0,0.5158,False,False,False,False,无明确战法态,4.32,2.13,4.77,False,22.6,环保行业,固废处理/污水处理/节能环保,29.2
300173,,0.0,1.0,0.7967,0.0,0.0,0.64,0.2307,0.6,0.0,0.0,0.0,0.0,0.0,0.4476,False,False,False,False,无明确战法态,3.35,2.13,3.78,False,24.6,机械行业,,36.7
300174,,0.3111,0.337,0.3936,1.0,1.0,0.6217,0.7917,0.0,1.0,0.0,0.0,0.5,0.7,0.2616,False,False,False,False,无明确战法态,29.86,-6.98,24.87,True,108.2,化工行业,海峡西岸/业绩预降/超级电容,39.0
300175,,0.0,0.6915,0.602,0.0,0.0,0.0513,0.2264,0.0,0.547,0.0,0.0,0.5,0.0,0.38,False,False,False,False,无明确战法态,5.62,4.85,5.64,False,26.5,食品行业,黄河三角/工业大麻/土地流转,35.0
300176,,0.0,1.0,0.7747,0.0,0.0,0.4939,0.2349,0.3,0.0,0.0,0.0,0.0,0.0,0.5339,False,False,False,False,无明确战法态,5.18,2.98,5.88,False,20.1,汽车制造,,40.0
300177,,0.0,0.9892,0.7097,0.0,0.0,0.6236,0.1159,0.0,0.0,0.0,0.0,0.0,0.0,0.5972,False,False,False,False,无明确战法态,6.39,3.06,7.37,False,38.7,电子信息,专精特新/百度概念/国防军工,32.2
300179,,0.3166,0.6602,0.4324,1.0,1.0,0.6615,0.4581,0.0,1.0,0.0,0.0,0.5,0.7,0.3601,False,False,False,False,无明确战法态,54.65,-5.04,42.8,True,204.4,其它行业,专精特新/海工装备/天然气,37.8
300180,,0.0461,1.0,0.6651,0.0,0.0,0.56,0.308,0.9,0.0,0.0,0.0,0.0,0.0,0.5025,False,False,False,False,无明确战法态,4.12,-1.44,4.91,False,70.6,化纤行业,参股券商/创投/低空经济,37.1
300181,,0.0,1.0,0.7654,0.0077,0.605,0.4002,0.3594,0.3,0.4145,0.0,0.0,1.0,0.0,0.35,False,False,False,False,无明确战法态,14.17,-0.28,14.22,False,85.4,生物制药,免疫治疗/细胞免疫治疗/医药电商,47.0
300182,,0.1445,1.0,0.8087,0.0,0.0,0.8776,0.3832,0.3,0.0,0.0,0.0,0.0,1.0,0.3716,False,False,False,False,无明确战法态,4.81,-1.43,5.59,False,108.7,电子信息,AI语料/短剧游戏/快手概念,32.2
300183,,0.0,1.0,0.8453,0.0,0.0,0.6614,0.1248,0.0,0.0,0.0,0.0,0.0,0.0,0.6039,False,False,False,False,无明确战法态,10.47,1.26,12.17,False,38.8,电子信息,黄河三角/自贸区/日韩贸易,32.2
300184,,0.9092,0.9073,0.6975,1.0,1.0,0.7443,0.2571,0.3,0.9939,1.0,0.0,0.5,0.7,0.4083,False,False,False,False,无明确战法态,15.73,-3.56,15.4,True,165.5,电子器件,无线耳机/智能电网/武汉规划,73.7
300185,,0.0,1.0,0.8122,0.0359,0.1237,0.6748,0.246,0.3,0.3913,0.0,0.0,0.5,0.0,0.3817,False,False,False,False,无明确战法态,2.87,1.06,2.93,False,110.4,机械行业,光伏/国防军工/黄河三角,36.7
300187,,0.2157,1.0,0.8219,0.3128,0.0297,0.731,0.2063,0.6,0.4438,0.0,0.0,0.5,0.0,0.365,False,False,False,False,无明确战法态,5.24,0.0,5.38,False,33.6,环保行业,光伏/长株潭/节能环保,29.2
300188,,0.0,1.0,0.8254,0.0,0.0,0.758,0.269,0.3,0.0,0.0,0.0,0.0,0.0,0.4511,False,False,False,False,无明确战法态,9.87,-0.6,11.15,False,84.4,电子信息,海峡西岸/电子支付/食品安全,32.2
300189,,0.0181,0.9215,0.6963,0.0,0.0,0.3395,0.2625,0.6,0.0,0.0,0.0,0.0,0.0,0.5417,False,False,False,False,无明确战法态,4.45,-3.47,5.37,False,39.4,农林牧渔,海南自贸/生物育种/海南自贸区,39.0
300190,,0.0,1.0,0.7392,0.3006,0.1496,0.7804,0.229,0.3,0.304,0.0,0.0,0.5,1.0,0.3647,False,False,False,False,无明确战法态,4.02,-1.71,4.18,False,38.0,环保行业,碳中和/专精特新/碳交易,29.2
300191,,0.2956,1.0,0.8039,0.0,0.0,0.8707,0.1938,0.3,0.0,0.0,0.0,0.0,0.0,0.4886,False,False,False,False,无明确战法态,27.73,0.69,32.07,False,61.3,石油行业,油气改革/俄乌冲突概念,26.5
300192,,0.0,0.719,0.6038,0.0,0.3973,0.1343,0.4378,0.3,0.707,0.0,0.0,1.0,0.0,0.4581,False,False,False,False,无明确战法态,18.32,4.69,17.83,True,59.5,化工行业,AI视频,39.0
300193,,0.0,1.0,0.8058,0.2447,0.6822,0.5085,0.3071,0.3,0.5421,0.0,0.0,1.0,0.0,0.4344,False,False,False,False,无明确战法态,8.37,1.58,8.35,True,35.1,机械行业,智能机器,36.7
300194,,0.0,1.0,0.8324,0.0,0.0,0.0339,0.3953,0.3,0.1962,0.0,0.0,0.5,0.0,0.3023,False,False,False,False,无明确战法态,3.64,1.68,3.78,False,35.2,生物制药,仿制药/成渝特区/业绩预降,47.0
300195,,0.7664,1.0,0.6708,0.0,0.0,0.2035,0.3341,0.3,0.0,0.0,0.0,0.5,0.0,0.3606,False,False,False,False,无明确战法态,5.72,0.88,6.46,False,18.0,机械行业,专精特新/智能机器/ERP概念,36.7
300196,,1.0,1.0,0.5818,1.0,1.0,0.6957,0.4919,0.0,0.6828,0.0,0.0,0.5,0.7,0.4581,True,False,False,False,B1候B2,24.14,-2.31,25.01,False,59.6,玻璃行业,光伏概念/PCB概念/深股通,52.3
300197,,0.2765,1.0,0.6352,1.0,0.0,0.6627,0.1884,0.3,0.2456,0.0,0.0,0.0,1.0,0.4112,False,False,False,False,B1候B2,1.98,-1.49,2.05,False,58.7,环保行业,节能环保,29.2
300198,,0.0,1.0,0.7888,0.0575,0.0,0.7859,0.2935,0.3,0.0924,0.0,0.0,0.0,0.0,0.438,False,False,False,False,无明确战法态,2.24,1.36,2.38,False,23.0,塑料制品,海峡西岸,33.5
300199,,0.0,0.1436,0.4286,0.6422,1.0,0.0363,0.2883,0.0,1.0,0.0,0.0,1.0,0.7,0.3348,False,False,False,False,无明确战法态,24.98,8.14,21.94,True,186.1,生物制药,工业大麻,47.0
300200,,0.3822,0.6348,0.6661,0.5303,1.0,0.406,0.5311,0.3,0.537,0.0,0.0,1.0,0.0,0.4355,False,False,False,False,无明确战法态,10.41,-5.19,10.46,False,44.1,化工行业,专精特新/光刻胶/有机硅概念,39.0
300201,,0.295,1.0,0.5276,1.0,1.0,0.6402,0.2706,0.3,1.0,1.0,0.0,1.0,0.7,0.2935,False,False,False,False,无明确战法态,18.59,-1.69,16.76,True,186.6,机械行业,国防军工/军工航天/智能机器,36.7
300203,,0.8647,0.8284,0.6337,0.3986,0.7853,0.5833,0.221,0.9,0.1087,0.0,0.0,0.5,0.0,0.3959,False,False,False,False,无明确战法态,13.1,-4.03,13.81,False,58.7,仪器仪表,节能环保/券商重仓/PM2.5,34.2
300204,,0.0,1.0,0.4942,0.0,0.153,0.1203,0.2603,0.9,0.2938,0.0,0.0,1.0,0.0,0.2349,False,False,False,False,无明确战法态,24.16,0.71,24.14,True,109.6,生物制药,重组蛋白,47.0
300205,,0.1378,1.0,0.79,0.2186,0.0,0.532,0.2938,0.0,0.0842,0.0,0.0,0.0,0.0,0.3961,False,False,False,False,无明确战法态,5.05,-0.59,5.45,False,21.7,电子器件,专精特新/武汉规划/电子支付,73.7
300206,,0.0614,1.0,0.8569,0.0863,0.0,0.6988,0.2628,0.3,0.151,0.0,0.0,0.0,0.0,0.4542,False,False,False,False,无明确战法态,12.63,0.4,13.45,False,42.7,医疗器械,宠物经济/三胎概念/血氧仪,37.8
300207,,0.7739,1.0,0.7653,0.0,0.0,0.6246,0.1907,0.3,0.0,0.0,0.0,0.0,0.0,0.4865,False,False,False,False,无明确战法态,18.55,2.04,22.27,False,317.9,电子器件,钠电池/锂电池/动力电池回收,73.7
300209,,0.7082,0.5623,0.4168,1.0,1.0,0.6884,0.2265,0.0,1.0,1.0,0.0,0.5,0.7,0.3587,False,False,False,False,无明确战法态,27.51,-5.63,23.88,True,202.1,电子信息,物联网/跨境电商/柔性屏(折叠屏),32.2
300210,,0.2318,0.9985,0.6296,0.1071,0.0,0.8536,0.2072,0.0,0.0,0.0,0.0,0.0,0.7,0.4527,False,False,False,False,无明确战法态,8.9,3.01,9.73,False,43.1,机械行业,雄安新区,36.7
300211,,0.0,1.0,0.7849,0.0,0.0,0.6936,0.3153,0.3,0.4425,0.0,0.0,0.0,0.0,0.3861,False,False,False,False,无明确战法态,7.96,2.71,8.08,False,23.8,电子信息,血氧仪,32.2
300212,,0.0,1.0,0.511,0.2732,0.2796,0.8377,0.4064,0.0,0.0,0.0,0.0,0.0,1.0,0.4485,False,False,False,False,无明确战法态,9.07,-2.16,9.85,False,63.4,电子信息,,32.2
300213,,0.194,1.0,0.8234,0.0,0.0,0.5314,0.1257,0.0,0.0,0.0,0.0,0.0,1.0,0.4899,False,False,False,False,无明确战法态,6.16,1.99,7.27,False,3404.0,电子信息,专精特新/国防军工/军工航天,32.2
300214,,0.0,1.0,1.0,1.0,1.0,0.0,0.0,0.0,1.0,0.0,0.0,1.0,0.7,0.3629,False,False,False,False,无明确战法态,10.25,0.0,8.7,True,47.7,化工行业,黄河三角/丙烯酸/算力租赁,39.0
300215,,0.0,1.0,0.8478,0.0,0.0,0.8268,0.1649,0.0,0.0,0.0,0.0,0.0,0.0,0.5895,False,False,False,False,无明确战法态,6.64,1.07,7.62,False,4974.0,电子器件,国防军工/券商重仓/柔性直流输电,73.7
300217,,0.0,0.6841,0.5493,0.0,0.0,0.5769,0.2382,0.0,0.0,0.0,0.0,0.0,1.0,0.4629,False,False,False,False,无明确战法态,4.5,4.9,4.91,False,5586.4,电器行业,大飞机/光伏/光热发电,33.2
300218,,0.0,0.4575,0.2302,0.0,0.0,0.0,0.2084,0.3,0.2213,0.0,0.0,0.5,0.0,0.441,False,False,False,False,无明确战法态,13.25,6.26,13.6,False,2865.7,塑料制品,皖江区域/石墨烯/中俄贸易概念,33.5
300219,,0.9412,0.4788,0.6499,1.0,1.0,0.5529,0.4441,0.0,0.6269,0.0,0.0,1.0,0.7,0.5057,False,False,False,False,无明确战法态,8.58,-6.13,8.68,False,6063.0,电子器件,绿色照明/车联网(车路协同)/光刻机,73.7
300220,,0.2325,1.0,0.7022,0.0,0.0,0.2902,0.1028,0.0,0.0,0.0,0.0,0.0,0.0,0.4772,False,False,False,False,无明确战法态,10.73,2.0,12.4,False,1620.4,电子器件,武汉规划/无人零售,73.7
300221,,0.0,0.7122,0.5482,1.0,1.0,0.619,0.5776,0.6,1.0,0.0,0.0,0.5,0.7,0.2995,False,False,False,False,B1候B2,16.73,-4.73,14.66,True,7648.4,塑料制品,业绩预降/碳纤维,33.5
300222,,0.7064,0.7263,0.3968,0.7484,0.1253,0.6684,0.3742,0.3,0.6928,0.0,1.0,0.5,0.7,0.3634,False,False,False,False,无明确战法态,13.3,4.64,13.48,False,8634.0,电器行业,智能机器/换电概念,33.2
300223,,0.0,0.0,0.1165,1.0,1.0,0.3213,0.7315,0.3,1.0,0.0,1.0,1.0,0.7,0.2107,False,False,False,False,无明确战法态,259.56,10.61,172.07,True,109496.3,电子器件,鸿蒙概念/小米概念/物联网,73.7
300224,,0.0,1.0,0.6331,0.2163,1.0,0.0,0.5527,0.9,0.7846,0.0,0.0,0.5,0.0,0.4063,False,False,False,False,无明确战法态,14.19,2.75,13.63,True,13158.0,电子器件,黄河三角/业绩预降,73.7
300225,,0.0477,0.9501,0.6193,1.0,0.5172,0.7426,0.2933,0.3,1.0,1.0,0.0,0.0,0.7,0.3539,False,False,False,False,B2确认,8.14,3.3,7.78,True,3842.5,化工行业,业绩预升,39.0
300226,,0.0,1.0,0.8318,0.0,0.0,0.7284,0.1398,0.0,0.0,0.0,0.0,0.0,0.0,0.54,False,False,False,False,无明确战法态,15.88,0.19,20.42,False,4865.9,电子信息,电商概念/上海自贸/互联金融,32.2
300227,,0.7742,1.0,0.6189,0.518,1.0,0.5241,0.2884,0.9,0.6821,0.0,0.0,0.5,0.0,0.3644,True,False,False,False,B1候B2,11.43,0.53,11.44,False,4950.0,电子器件,大飞机/成飞概念/量子科技,73.7
300228,,0.0,1.0,0.7704,0.0,0.0,0.7472,0.2318,0.0,0.0,0.0,0.0,0.0,0.0,0.5218,False,False,False,False,无明确战法态,7.73,2.38,8.38,False,43.2,机械行业,页岩气/业绩预升,36.7
300229,,0.665,1.0,0.7681,0.0,0.0,0.5732,0.1488,0.3,0.0,0.0,0.0,0.0,0.0,0.5101,False,False,False,False,无明确战法态,13.59,-1.52,16.73,False,11864.5,电子信息,专精特新/国防军工/军工航天,32.2
300230,,0.3163,1.0,0.827,0.0747,0.0,0.6578,0.193,0.3,0.0,0.0,0.0,0.0,0.0,0.4768,False,False,False,False,无明确战法态,4.31,1.65,4.7,False,27.1,塑料制品,,33.5
300231,,0.5377,1.0,0.8653,0.0,0.0,0.7946,0.1397,0.3,0.0,0.0,0.0,0.0,0.0,0.5105,False,False,False,False,无明确战法态,7.97,0.63,9.42,False,3540.9,电子信息,,32.2
300232,,0.4217,1.0,0.8579,0.0,0.0,0.7492,0.3728,0.0,0.0,0.0,0.0,0.0,0.0,0.3765,False,False,False,False,无明确战法态,5.63,0.0,6.21,False,4986.2,电子器件,鸿蒙概念/百度概念/乡村振兴,73.7
300233,,0.0,1.0,0.7378,0.0,0.0455,0.2563,0.3631,0.3,0.3307,0.0,0.0,1.0,0.0,0.3713,False,False,False,False,无明确战法态,13.32,0.76,13.54,False,49.3,生物制药,黄河三角/业绩预升/创新药,47.0
300234,,0.0,1.0,0.5747,1.0,1.0,0.8068,0.6791,0.3,1.0,0.0,0.0,1.0,0.7,0.3332,False,False,False,False,无明确战法态,11.34,-2.24,9.25,True,39.0,陶瓷行业,专精特新/碳交易,54.0
300235,,0.0,1.0,0.7964,0.2976,0.0,0.4448,0.5538,0.0,0.1964,0.0,0.0,0.0,0.7,0.4242,False,False,False,False,无明确战法态,13.0,1.8,13.62,False,2662.4,电子信息,,32.2
300236,,0.5544,0.4316,0.4488,1.0,1.0,0.5447,0.3269,0.0,1.0,1.0,0.0,1.0,0.7,0.3283,False,False,False,False,无明确战法态,109.79,-6.41,101.2,True,305.8,化工行业,专精特新/存储芯片/光刻胶,39.0
300237,,0.0,0.859,0.6703,0.0,0.0,0.4489,0.1721,0.0,0.0,0.0,0.0,0.0,0.0,0.5734,False,False,False,False,无明确战法态,1.89,3.85,2.12,False,2725.2,化工行业,黄河三角,39.0
300238,,0.0,1.0,0.7508,0.0,0.2402,0.2496,0.4457,0.6,0.2575,0.0,0.0,1.0,0.0,0.2942,False,False,False,False,无明确战法态,12.27,1.91,12.54,False,3253.2,医疗器械,免疫治疗/生物疫苗/细胞免疫治疗,37.8
300239,,0.9354,1.0,0.7697,0.3554,0.8176,0.5962,0.3244,0.6,0.3383,0.0,0.0,0.5,0.0,0.4108,False,False,False,False,无明确战法态,5.19,-0.38,5.36,False,3060.9,生物制药,专精特新/业绩预升/化肥,47.0
300240,,0.0,1.0,0.811,0.0,0.0,0.4862,0.3233,0.3,0.0,0.0,0.0,0.0,0.0,0.4624,False,False,False,False,无明确战法态,5.31,0.38,6.0,False,1929.4,交通运输,,32.0
300241,,0.0,0.9143,0.6486,0.458,0.0,0.7012,0.439,0.3,0.2975,0.0,0.0,0.5,0.7,0.3653,False,False,False,False,无明确战法态,6.59,-3.51,6.94,False,3874.5,电子器件,小米概念/智能家居/绿色照明,73.7
300242,,0.0,0.9541,0.6361,0.0692,0.0,0.6751,0.1875,0.3,0.0,0.0,0.0,0.0,1.0,0.4636,False,False,False,False,无明确战法态,4.43,-3.28,4.84,False,2811.1,电子器件,百度概念/参股保险/抖音概念(字节概念),73.7
300243,,0.955,0.0,0.2943,1.0,1.0,0.5159,0.2525,0.0,0.7297,0.0,0.0,0.5,0.7,0.6249,False,False,False,False,无明确战法态,18.55,-10.34,18.94,False,3837.1,化工行业,黄河三角/合成生物,39.0
300244,,0.0,1.0,0.616,0.332,1.0,0.4703,0.2114,0.3,1.0,0.0,0.0,1.0,0.0,0.339,False,False,False,False,无明确战法态,20.22,-0.44,19.27,True,101.4,医疗器械,基因概念/基因测序/阿尔茨海默概念,37.8
300245,,0.0,0.8924,0.6181,0.0,0.0,0.6999,0.3382,0.0,0.0,0.0,0.0,0.0,0.0,0.5931,False,False,False,False,无明确战法态,5.97,3.65,7.62,False,1817.1,电子信息,,32.2
300246,,0.6875,0.3448,0.4561,0.4136,0.0,0.6193,0.2732,0.0,0.0965,0.0,0.0,0.0,0.0,0.5241,False,False,False,False,无明确战法态,14.81,6.93,16.45,False,3129.8,医疗器械,三胎概念/横琴新区/血氧仪,37.8
300247,,0.0,1.0,0.805,0.0,0.0,0.822,0.2905,0.0,0.0,0.0,0.0,0.0,1.0,0.5076,False,False,False,False,无明确战法态,3.82,1.6,4.21,False,3067.5,医疗器械,皖江区域,37.8
300248,,0.0,1.0,0.8124,0.0,0.0,0.7147,0.1853,0.6,0.0,0.0,0.0,0.0,0.0,0.5835,False,False,False,False,无明确战法态,7.95,1.66,9.16,False,3264.0,电子信息,电子支付/食品安全/业绩预降,32.2
300249,,1.0,1.0,0.6664,0.2291,0.0,0.7883,0.2333,0.6,0.0,0.0,0.0,0.5,0.0,0.5057,False,False,False,False,无明确战法态,14.82,1.58,16.35,False,55.4,机械行业,碳中和/百度概念/成渝特区,36.7
300250,,0.0,1.0,0.7996,0.0,0.0,0.5635,0.1739,0.0,0.0,0.0,0.0,0.0,0.0,0.5801,False,False,False,False,无明确战法态,14.62,-0.14,17.52,False,2301.5,电子信息,5G概念/宽带提速/F5G概念,32.2
300251,,0.0,1.0,0.7096,0.0,0.0,0.3851,0.38,0.3,0.0,0.0,0.0,0.5,0.0,0.4052,False,False,False,False,无明确战法态,11.67,-0.34,13.06,False,32388.5,传媒娱乐,业绩预升/AI视频,29.0
300252,,1.0,0.6158,0.5147,1.0,0.8973,0.6761,0.3855,0.3,0.2385,0.0,0.0,0.5,0.7,0.6398,False,False,False,False,无明确战法态,15.35,-5.31,16.33,False,8577.3,电器行业,国防军工/军工航天/F5G概念,33.2
300253,,0.0,1.0,0.7,0.0,0.0,0.6525,0.1848,0.0,0.0,0.0,0.0,0.0,0.0,0.5137,False,False,False,False,无明确战法态,6.93,0.58,7.89,False,12546.8,电子信息,国产软件/业绩预升/互联网保险,32.2
300254,,0.0,1.0,0.7095,0.0,0.0,0.5522,0.1063,0.0,0.0,0.0,0.0,0.0,0.0,0.6257,False,False,False,False,无明确战法态,8.67,2.12,10.21,False,19.6,生物制药,基因概念,47.0
300255,,0.0,1.0,0.403,0.0,0.0,0.019,0.2411,0.3,0.0,0.0,0.0,0.0,1.0,0.3877,False,False,False,False,无明确战法态,25.31,2.55,34.24,False,23225.0,生物制药,,47.0
300256,,0.0,1.0,0.7475,0.0,0.0,0.5885,0.1827,0.0,0.0,0.0,0.0,0.0,0.0,0.444,False,False,False,False,无明确战法态,2.62,-0.76,3.06,False,5877.7,电子器件,触摸屏/两轮车,73.7
300257,,0.0,1.0,0.6809,0.3695,0.0844,0.6414,0.1242,0.0,1.0,0.0,0.0,0.5,0.0,0.3752,False,False,False,False,无明确战法态,29.2,1.28,28.21,True,27879.9,机械行业,碳中和/氢能源/节能环保,36.7
300258,,0.0,0.4371,0.3564,0.0,0.0,0.6098,0.1244,0.0,0.2958,0.0,0.0,0.0,1.0,0.4391,False,False,False,False,无明确战法态,12.01,6.38,12.4,False,6844.4,汽车制造,,40.0
300259,,0.0,1.0,0.6045,0.8905,1.0,0.7156,0.2477,0.6,1.0,0.0,0.0,1.0,0.7,0.3201,False,False,False,False,无明确战法态,5.9,0.0,5.56,True,68.1,仪器仪表,专精特新,34.2
300260,,0.0,1.0,0.566,1.0,1.0,0.7639,0.3558,0.6,1.0,0.0,0.0,1.0,0.7,0.2842,False,False,False,False,无明确战法态,91.55,-2.62,71.67,True,26310.9,机械行业,光伏/HIT电池/食品安全,36.7
300261,,0.0,1.0,0.7547,0.0,0.0,0.4388,0.2824,0.0,0.0,0.0,0.0,0.0,0.0,0.5251,False,False,False,False,无明确战法态,4.6,-0.43,5.24,False,4337.0,农药化肥,工业大麻,33.4
300263,,0.0199,0.2149,0.3052,1.0,1.0,0.4762,0.435,0.0,1.0,0.0,0.0,1.0,0.7,0.3255,False,False,False,False,无明确战法态,15.32,-7.71,13.68,True,14945.1,机械行业,大飞机/国防军工/军民融合,36.7
300264,,0.7952,0.6002,0.4523,0.4075,0.0,0.4643,0.1894,0.6,0.1181,0.0,0.0,0.0,0.0,0.5571,False,False,False,False,无明确战法态,8.06,-5.4,8.72,False,2985.3,电子信息,业绩预降/云游戏,32.2
300265,,1.0,1.0,0.7346,0.9058,0.0,0.8203,0.4563,0.3,0.0,0.0,0.0,0.0,0.7,0.3683,False,False,False,False,B1候B2,17.52,1.1,21.09,False,8187.1,电器行业,国防军工/军民融合/智能电网,33.2
300266,,0.0,1.0,0.7814,0.0,0.0,0.7235,0.268,0.3,0.0,0.0,0.0,0.0,0.0,0.493,False,False,False,False,无明确战法态,1.83,0.0,2.11,False,2842.1,机械行业,节能环保/生态农业,36.7
300267,,0.0,1.0,0.6715,0.0,0.0,0.746,0.1956,0.0,0.0702,0.0,0.0,0.5,0.0,0.4118,False,False,False,False,无明确战法态,3.44,-0.29,3.7,False,4893.0,生物制药,长株潭/维生素/消毒剂,47.0
300268,,0.0,1.0,0.6798,0.0,0.0,0.2831,0.3191,0.3,0.1998,0.0,0.0,0.5,0.0,0.3455,False,False,False,False,无明确战法态,11.59,1.22,12.21,False,1549.7,农林牧渔,长株潭/本月解禁,39.0
300269,,0.0,0.6912,0.6418,0.0,0.215,0.0903,0.2562,0.3,0.091,0.0,0.0,1.0,0.0,0.3382,False,False,False,False,无明确战法态,5.49,-4.85,5.83,False,28.9,电子器件,绿色照明,73.7
300270,,0.0,1.0,0.6842,0.3183,0.7958,0.0173,0.2479,0.3,1.0,0.0,0.0,0.5,0.0,0.3297,False,False,False,False,无明确战法态,13.24,-0.45,12.18,True,3400.2,电子信息,华为昇腾/冷链物流,32.2
300271,,0.1398,1.0,0.8231,0.0,0.0,0.7062,0.2021,0.0,0.0,0.0,0.0,0.0,0.0,0.5815,False,False,False,False,无明确战法态,4.95,1.02,5.75,False,3981.0,电子信息,国产软件/送转潜力/数据确权,32.2
300272,,0.0,1.0,0.7526,0.0,0.0,0.489,0.2806,0.3,0.0,0.0,0.0,0.0,0.0,0.5191,False,False,False,False,无明确战法态,5.51,2.23,6.34,False,25.6,机械行业,免疫治疗/节能环保/细胞免疫治疗,36.7
300274,,1.0,1.0,0.7205,0.4677,0.0,0.7013,0.1891,0.3,0.0,0.0,0.0,0.0,1.0,0.4568,False,False,False,False,无明确战法态,126.16,-1.31,151.41,False,200596.3,电器行业,光伏/皖江区域,33.2
300275,,0.0,0.8176,0.603,0.0,0.0,0.6323,0.2014,0.3,0.0,0.0,0.0,0.0,0.0,0.6333,False,False,False,False,无明确战法态,8.39,4.09,9.69,False,2277.6,电子信息,专精特新/成渝特区/超级电容,32.2
300276,,0.0,0.191,0.3361,0.2001,0.0,0.3121,0.2244,0.6,0.4059,0.0,0.0,0.0,0.7,0.4581,False,False,False,False,无明确战法态,7.69,7.85,7.74,False,8150.2,机械行业,专精特新/智能机器,36.7
300277,,0.1915,1.0,0.7778,0.0,0.0,0.6661,0.3112,0.6,0.0852,0.0,0.0,1.0,0.0,0.3626,False,False,False,False,无明确战法态,14.81,0.75,16.06,False,11336.3,电子信息,业绩预降/生物质能发电,32.2
300278,,0.0,0.2973,0.3643,0.0,0.0,0.1447,0.2388,0.6,0.0,0.0,0.0,0.0,1.0,0.4308,False,False,False,False,无明确战法态,4.16,7.22,4.52,False,5863.3,机械行业,国防军工/军工航天/智能机器,36.7
300279,,0.3128,1.0,0.7347,0.0,0.0,0.6721,0.3291,0.3,0.0,0.0,0.0,0.0,0.0,0.5217,False,False,False,False,无明确战法态,6.13,1.66,7.38,False,29.8,电子器件,独角兽概念/三胎概念/托育服务,73.7
300281,,0.0,0.7002,0.3808,0.0407,0.0,0.3217,0.291,0.0,0.2247,0.0,0.0,0.0,0.0,0.4099,False,False,False,False,无明确战法态,6.77,4.8,7.05,False,2689.9,机械行业,国防军工/军工航天,36.7
300283,,0.5919,1.0,0.3883,1.0,1.0,0.6901,0.4148,0.0,1.0,0.0,0.0,0.5,0.7,0.3533,False,False,False,False,B1候B2,20.92,-2.06,17.37,True,76.8,电器行业,专精特新/光伏概念/智能电网,33.2
300284,,0.0,1.0,0.8287,0.0,0.0,0.5422,0.2073,0.3,0.0,0.0,0.0,0.0,0.0,0.4887,False,False,False,False,无明确战法态,5.16,1.98,5.95,False,6082.2,建筑建材,食品安全,28.0
300285,,0.8456,1.0,0.4252,1.0,1.0,0.6176,0.5701,0.0,1.0,0.0,0.0,1.0,0.7,0.3449,True,False,False,False,B1候B2,90.73,-2.22,66.43,True,75961.9,化工行业,氢能源/黄河三角/融资融券,39.0
300286,,0.9671,1.0,0.683,0.3036,0.0,0.7872,0.1832,0.3,0.0,0.0,0.0,0.0,1.0,0.5385,False,False,False,False,无明确战法态,22.97,1.14,27.47,False,47.7,仪器仪表,专精特新/业绩预升,34.2
300287,,0.0,1.0,0.6196,0.0,0.0,0.1244,0.1698,0.3,0.0,0.0,0.0,0.5,0.0,0.3914,False,False,False,False,无明确战法态,3.59,-2.45,3.92,False,47.3,电子信息,,32.2
300288,,0.0,1.0,0.8156,0.0,0.0,0.5346,0.2379,0.0,0.0,0.0,0.0,0.0,0.0,0.5194,False,False,False,False,无明确战法态,9.18,1.55,10.62,False,2355.3,电子信息,5G概念/网络游戏/家庭医生,32.2
300289,,0.0,1.0,0.7924,0.0,0.0,0.6426,0.2615,0.3,0.1037,0.0,0.0,0.5,0.0,0.3892,False,False,False,False,无明确战法态,5.83,0.87,6.13,False,3166.6,生物制药,基因概念/送转潜力,47.0
300290,,1.0,1.0,0.6304,0.0,0.0,0.0,0.0636,0.9,0.0,0.0,0.0,0.0,0.0,0.4367,False,False,False,False,无明确战法态,4.62,-1.49,11.25,False,2954.9,电子信息,专精特新/国产软件,32.2
300291,,0.0,1.0,0.7317,0.0,0.0,0.7627,0.2465,0.3,0.0,0.0,0.0,0.0,0.0,0.5531,False,False,False,False,无明确战法态,4.99,0.4,5.91,False,4640.0,传媒娱乐,快手概念,29.0
300292,,1.0,1.0,0.7268,0.8342,0.0,0.8332,0.3399,0.3,0.0,0.0,0.0,0.0,0.7,0.524,False,False,False,False,B1候B2,4.75,-2.66,5.65,False,5310.5,电子信息,鸿蒙概念/百度概念/5G概念,32.2
300293,,0.0,0.8059,0.7189,0.4777,1.0,0.5753,0.6099,0.3,0.4205,0.0,0.0,1.0,0.0,0.4205,False,False,False,False,无明确战法态,18.64,-4.16,18.75,False,6308.5,机械行业,智能机器/节能环保/光刻机,36.7
300294,,0.0,1.0,0.7785,0.0,0.0,0.6361,0.3088,0.3,0.0,0.0,0.0,0.0,0.0,0.482,False,False,False,False,无明确战法态,15.14,0.6,16.69,False,7634.3,生物制药,免疫治疗/送转潜力,47.0
300295,,0.0,1.0,0.8039,0.1545,0.0,0.8016,0.3962,0.0,0.078,0.0,0.0,0.0,0.0,0.4277,False,False,False,False,无明确战法态,10.41,2.06,11.04,False,1745.5,电子信息,电商概念/送转潜力/举牌,32.2
300296,,0.4023,0.7593,0.716,0.0,0.0,0.6083,0.2778,0.3,0.0,0.0,0.0,0.0,0.0,0.5361,False,False,False,False,无明确战法态,5.64,4.44,6.57,False,128.3,电子器件,乡村振兴/雄安新区/绿色照明,73.7
300298,,0.0,1.0,0.8685,0.0,0.0,0.2846,0.23,0.0,0.2843,0.0,0.0,0.5,0.0,0.4873,False,False,False,False,无明确战法态,14.99,1.97,15.32,False,6759.2,医疗器械,长株潭/社保重仓/蚂蚁集团概念,37.8
300299,,0.0,1.0,0.7841,0.0,0.0,0.51,0.2234,0.3,0.0,0.0,0.0,0.0,0.0,0.4889,False,False,False,False,无明确战法态,4.99,1.01,5.54,False,3440.2,电子信息,5G概念/海峡西岸/手机游戏,32.2
300300,,0.091,0.0,0.3271,0.0,0.0,0.0,0.1455,0.6,0.0,0.0,0.0,0.0,0.0,0.4756,False,False,False,False,无明确战法态,7.78,-9.74,9.92,False,5187.8,电子信息,网络游戏/家庭医生,32.2
300301,,0.0,1.0,0.7631,0.7391,1.0,0.5049,0.2595,0.3,1.0,0.0,0.0,1.0,0.0,0.295,False,False,False,False,无明确战法态,3.95,0.25,3.39,True,3120.0,电子器件,ST板块/绿色照明/跨境电商,73.7
300302,,1.0,1.0,0.4892,1.0,1.0,0.8096,0.2794,0.3,1.0,1.0,0.0,0.5,0.7,0.4313,True,False,False,False,B1候B2,45.17,-0.26,43.63,True,16659.3,电子信息,专精特新/国防军工/军工航天,32.2
300303,,1.0,0.5125,0.5565,0.7726,1.0,0.6286,0.3212,0.3,0.326,0.0,0.0,1.0,1.0,0.459,False,False,False,False,无明确战法态,9.05,-5.93,9.56,False,12024.3,电子器件,智能穿戴/绿色照明/业绩预升,73.7
300304,,1.0,0.9076,0.7038,1.0,1.0,0.3745,0.548,0.3,1.0,1.0,0.0,0.5,1.0,0.3805,False,False,False,False,B1候B2,16.28,-3.55,15.76,True,139.1,汽车制造,专精特新/光伏/汽车电子,40.0
300305,,0.8107,1.0,0.7392,0.5145,0.0,0.7355,0.3309,0.0,0.0,0.0,0.0,0.0,0.7,0.4672,False,False,False,False,无明确战法态,5.94,1.02,6.82,False,1909.6,塑料制品,专精特新/光伏/业绩预降,33.5
300306,,0.0,1.0,0.7092,0.0,0.0,0.3388,0.1346,0.0,0.0,0.0,0.0,0.0,0.0,0.4775,False,False,False,False,无明确战法态,9.89,2.7,11.01,False,15.6,仪器仪表,专精特新/基因概念/基因测序,34.2
300307,,0.0,0.9922,0.5568,0.7597,0.6189,0.3758,0.3398,0.3,0.6559,1.0,0.0,0.0,0.7,0.3954,False,False,False,False,无明确战法态,7.44,3.05,7.33,True,5855.2,机械行业,光伏/智能机器,36.7
300308,,1.0,1.0,0.5742,1.0,1.0,0.4115,0.3178,0.0,1.0,1.0,0.0,0.5,0.7,0.4626,True,False,False,False,B1候B2,1116.0,-2.36,1091.01,True,1236869.1,机械行业,黄河三角/F5G概念,36.7
300310,,0.2135,1.0,0.7956,0.0,0.0,0.7786,0.1363,0.0,0.0,0.0,0.0,0.0,0.0,0.6138,False,False,False,False,无明确战法态,4.27,0.71,5.19,False,3444.1,电子信息,5G概念,32.2
300311,,0.0,0.9882,0.7185,0.3189,0.3678,0.5143,0.295,0.0,0.8033,0.0,0.0,1.0,0.0,0.4573,False,False,False,False,无明确战法态,5.37,3.07,5.24,True,2885.9,电子信息,国防军工/军工航天/ST板块,32.2
300313,,0.0,0.4061,0.3397,0.3144,0.0,0.0,0.4792,0.0,0.9639,0.0,0.0,0.0,0.7,0.3944,False,False,False,False,无明确战法态,8.93,6.56,8.5,True,1762.4,农林牧渔,,39.0
300314,,0.0,1.0,0.828,0.0,0.0,0.4521,0.2312,0.3,0.0,0.0,0.0,0.5,0.0,0.3297,False,False,False,False,无明确战法态,9.9,2.17,10.63,False,1423.0,医疗器械,婴童概念/细胞免疫治疗/血氧仪,37.8
300315,,0.0,1.0,0.803,0.0,0.0,0.4258,0.1737,0.3,0.0,0.0,0.0,0.0,0.0,0.5211,False,False,False,False,无明确战法态,3.96,-2.46,4.46,False,100.6,电子信息,网络游戏/业绩预升/手机游戏,32.2
300316,,1.0,0.6574,0.4969,1.0,1.0,0.5328,0.2834,0.0,0.7347,0.0,0.0,0.5,0.7,0.4492,False,False,False,False,无明确战法态,51.08,-5.06,51.63,False,629.1,机械行业,光伏/业绩预降/BC电池,36.7
300317,,0.7184,1.0,0.8153,0.0,0.0,0.8888,0.1392,0.3,0.0,0.0,0.0,0.0,1.0,0.4577,False,False,False,False,无明确战法态,3.92,-1.26,4.77,False,3249.3,电子器件,光伏/固态电池/锂电池,73.7
300318,,0.0,1.0,0.699,0.0,0.0,0.3462,0.345,0.0,0.0,0.0,0.0,0.0,0.0,0.4778,False,False,False,False,无明确战法态,4.54,2.48,4.97,False,3597.6,医疗器械,生物疫苗/婴童概念/猴痘概念,37.8
300319,,1.0,0.2788,0.436,1.0,1.0,0.4586,0.5492,0.0,1.0,1.0,0.0,0.5,0.7,0.4211,False,False,False,False,无明确战法态,26.18,-7.33,21.29,True,22063.9,电子器件,阿里巴巴概念/深圳国企改革,73.7
300320,,0.0,0.715,0.54,0.2603,0.9338,0.0,0.3124,0.9,0.7327,0.0,1.0,1.0,0.0,0.4699,False,False,False,False,无明确战法态,9.56,4.71,9.34,True,4651.3,化工行业,大飞机/光伏,39.0
300321,,0.0,1.0,0.5282,1.0,1.0,0.3695,0.4384,0.6,1.0,0.0,0.0,1.0,0.7,0.2506,False,False,False,False,无明确战法态,59.95,-0.18,46.1,True,5318.9,塑料制品,黄河三角,33.5
300322,,0.7123,1.0,0.7342,0.0731,0.0,0.8188,0.2069,0.3,0.0,0.0,0.0,0.0,0.7,0.5677,False,False,False,False,无明确战法态,23.68,0.42,28.5,False,10429.4,电子信息,太赫兹,32.2
300323,,0.0,0.0,0.1977,1.0,1.0,0.452,0.3907,0.3,1.0,0.0,0.0,1.0,0.7,0.358,False,False,False,False,无明确战法态,17.95,-13.24,15.63,True,21319.1,电子器件,武汉规划/绿色照明/业绩预降,73.7
300324,,0.0187,1.0,0.81,0.0,0.0,0.6152,0.2354,0.3,0.0,0.0,0.0,0.0,0.0,0.5233,False,False,False,False,无明确战法态,3.81,-1.3,4.39,False,6515.1,电子信息,大飞机/光伏/国防军工,32.2
300326,,0.0,1.0,0.7977,0.2043,0.0,0.6002,0.3208,0.0,0.6742,0.0,0.0,0.5,0.0,0.3797,False,False,False,False,无明确战法态,6.4,2.24,6.36,True,4587.0,医疗器械,专精特新/送转潜力,37.8
300327,,0.333,0.9035,0.5473,0.8746,1.0,0.4477,0.4728,0.3,1.0,0.0,0.0,1.0,0.7,0.3152,False,False,False,False,无明确战法态,31.52,-3.58,29.07,True,10680.7,电子器件,物联网/智能家居/智能穿戴,73.7
300328,,0.5063,0.3625,0.5019,0.221,0.0,0.2934,0.1453,0.6,0.0,0.0,0.0,0.0,0.7,0.683,False,False,False,False,无明确战法态,14.87,6.82,17.69,False,10228.9,,智能机器/有机硅概念,
300329,,0.0,1.0,0.7934,0.0,0.0,0.8056,0.2587,0.6,0.0,0.0,0.0,0.5,0.0,0.2983,False,False,False,False,无明确战法态,11.83,-0.92,12.79,False,2980.8,,三胎概念/托育服务/文化传媒概念,
300331,,0.2244,0.8867,0.649,1.0,1.0,0.695,0.5441,0.6,1.0,1.0,0.0,1.0,0.7,0.3059,False,False,False,False,无明确战法态,66.22,-3.68,60.16,True,14709.5,电子器件,业绩预降/AI PC/电子纸,73.7
300332,,0.0,1.0,1.0,0.0,0.0,0.0,0.0,0.0,0.0,0.0,0.0,0.0,0.0,0.2159,False,False,False,False,无明确战法态,4.3,0.0,4.91,False,34.9,环保行业,页岩气/业绩预升/节能环保,29.2
300333,,0.8524,1.0,0.7676,0.1147,0.0,0.8592,0.153,0.3,0.0,0.0,0.0,0.0,0.7,0.5611,False,False,False,False,无明确战法态,8.2,-1.44,9.71,False,2745.2,电子信息,电子支付,32.2
300334,,0.8183,1.0,0.559,1.0,1.0,0.6019,0.6107,0.9,1.0,1.0,0.0,0.0,0.7,0.3808,True,False,False,False,B1候B2,10.3,0.19,9.68,True,3110.9,机械行业,盐湖提锂/垃圾分类/雄安新区,36.7
300335,,0.0,1.0,0.8126,0.0,0.0,0.791,0.2086,0.0,0.0,0.0,0.0,0.0,0.0,0.5769,False,False,False,False,无明确战法态,5.08,2.01,5.78,False,1951.5,环保行业,生物燃料/空气能热泵/生态农业,29.2
300337,,0.0,0.8705,0.6509,0.0,0.0,0.5028,0.4415,0.0,0.2284,0.0,0.0,0.0,0.0,0.4802,False,False,False,False,无明确战法态,12.09,3.78,12.72,False,8600.9,,大飞机/专精特新/国防军工,
300338,,0.0,1.0,0.7222,0.0,0.0,0.6415,0.2541,0.3,0.0,0.0,0.0,0.0,0.0,0.5053,False,False,False,False,无明确战法态,2.84,-1.39,3.22,False,993.8,仪器仪表,长株潭/虚拟电厂/虚拟数字人,34.2
300339,,0.1974,1.0,0.8529,0.0198,0.0,0.7679,0.3072,0.6,0.0,0.0,0.0,0.0,0.0,0.4068,False,False,False,False,无明确战法态,38.28,-0.62,41.93,False,29769.8,电子信息,国产软件/网络游戏/ERP概念,32.2
300340,,0.6,1.0,0.8008,0.0,0.0,0.6899,0.188,0.3,0.0,0.0,0.0,0.0,0.0,0.4506,False,False,False,False,无明确战法态,8.67,-0.34,10.0,False,2370.8,电子器件,锂电池/绿色照明/业绩预降,73.7
300341,,0.9287,1.0,0.7093,0.1265,0.0,0.6055,0.2385,0.3,0.0,0.0,0.0,0.0,1.0,0.4694,False,False,False,False,无明确战法态,13.2,0.99,14.81,False,6808.7,发电设备,海峡西岸/AI语料/福建自贸区,28.3
300342,,0.0,0.0929,0.4167,0.0,0.0,0.4416,0.3158,0.6,0.643,0.0,0.0,0.5,0.0,0.4104,False,False,False,False,无明确战法态,49.58,8.44,50.15,False,20841.3,电子器件,国防军工/军工航天/送转潜力,73.7
300343,,0.0,0.8295,0.3391,0.191,0.28,0.0,0.3128,0.6,0.9559,0.0,0.0,0.5,0.0,0.3921,False,False,False,False,无明确战法态,6.68,-4.02,6.39,True,7118.5,化工行业,黄河三角/节能环保,39.0
300345,,0.0,0.7394,0.0,0.0313,1.0,0.0,0.7653,1.0,1.0,0.0,0.0,1.0,0.0,0.2622,False,False,False,False,无明确战法态,7.79,4.56,6.41,True,3738.5,钢铁行业,国防军工/长株潭/BC电池,29.8
300346,,0.0,0.0,0.2993,1.0,1.0,0.2625,0.608,0.3,1.0,0.0,0.0,1.0,0.7,0.3035,False,False,False,False,无明确战法态,80.18,-9.68,64.57,True,526.0,电子器件,专精特新/国家大基金持股/氟化工概念,73.7
300347,,0.0,0.9611,0.6832,0.0,1.0,0.5553,0.5853,0.0,0.5199,0.0,0.0,1.0,0.0,0.2951,False,False,False,False,无明确战法态,46.93,3.23,46.21,True,26584.7,医疗器械,CXO概念/CRO概念/生物疫苗,37.8
300348,,0.5133,1.0,0.8287,0.0,0.0,0.6935,0.1889,0.3,0.0,0.0,0.0,0.0,0.0,0.4317,False,False,False,False,无明确战法态,8.96,0.11,10.69,False,6387.8,电子信息,业绩预降/互联网金融/数字货币,32.2
300349,,0.0,0.9731,0.6567,0.0,0.0,0.6503,0.1072,0.3,0.0,0.0,0.0,0.0,0.0,0.5314,False,False,False,False,无明确战法态,11.42,3.16,12.87,False,42.2,仪器仪表,鸿蒙概念/氢能源/华为概念,34.2
300350,,0.0,1.0,0.7707,0.0,0.0,0.5122,0.1661,0.0,0.0,0.0,0.0,0.0,0.0,0.5315,False,False,False,False,无明确战法态,4.1,0.74,4.68,False,19.3,交通运输,广东自贸区,32.0
300351,,0.0961,0.8297,0.4958,0.0,0.0,0.0,0.1523,0.6,0.1952,0.0,0.0,0.0,0.0,0.4245,False,False,False,False,无明确战法态,17.33,4.02,18.43,False,45.6,电子器件,华为概念/国防军工/军民融合,73.7
300352,,0.4295,1.0,0.707,0.0,0.0,0.8283,0.3178,0.3,0.0,0.0,0.0,0.0,0.0,0.3713,False,False,False,False,无明确战法态,2.72,-0.37,3.88,False,3473.1,电子信息,国防军工/军工航天/国产软件,32.2
300353,,0.0,0.9188,0.6105,0.6114,1.0,0.3118,0.4617,0.3,1.0,0.0,0.0,0.0,1.0,0.383,False,False,False,False,B1候B2,22.85,3.49,21.28,True,12351.8,电子信息,国防军工/军工航天/页岩气,32.2
300354,,0.0,1.0,0.6377,0.0319,0.8461,0.1234,0.3071,0.6,0.8432,0.0,0.0,1.0,0.0,0.345,False,False,False,False,无明确战法态,37.21,0.59,35.2,True,3104.7,仪器仪表,专精特新/氢能源/国防军工,34.2
300355,,0.0,1.0,0.8363,0.0,0.0,0.487,0.275,0.3,0.0,0.0,0.0,0.0,0.0,0.4822,False,False,False,False,无明确战法态,2.82,-1.05,3.21,False,3852.9,环保行业,节能环保/本月解禁/生态农业,29.2
300357,,0.0,1.0,0.7311,0.0594,0.9339,0.2885,0.2918,0.6,0.6275,0.0,0.0,1.0,0.0,0.2945,False,False,False,False,无明确战法态,24.14,0.37,23.53,True,11681.7,生物制药,专精特新/创新药,47.0
300358,,0.0,1.0,0.7605,0.0,0.0,0.2883,0.1868,0.3,0.2501,0.0,0.0,1.0,0.0,0.3487,False,False,False,False,无明确战法态,8.45,1.2,8.78,False,5926.0,机械行业,合成生物/细胞免疫治疗,36.7
300359,,0.0,1.0,0.7283,0.0,0.0,0.2757,0.2531,0.0,0.0,0.0,0.0,0.0,0.0,0.4277,False,False,False,False,无明确战法态,3.73,1.36,4.24,False,23.6,电子信息,电子支付/横琴新区,32.2
300360,,0.0,1.0,0.8366,0.0,0.0,0.5217,0.2296,0.0,0.0,0.0,0.0,0.0,0.0,0.5518,False,False,False,False,无明确战法态,12.05,1.86,13.75,False,6028.7,仪器仪表,,34.2
300363,,0.0,1.0,0.6912,0.0,1.0,0.3247,0.5211,0.3,0.3119,0.0,0.0,1.0,0.0,0.4772,False,False,False,False,无明确战法态,16.9,2.99,16.99,False,8430.7,生物制药,CXO概念/CRO概念/细胞免疫治疗,47.0
300364,,0.6382,0.626,0.6883,0.0,0.0,0.5805,0.2956,0.3,0.0,0.0,0.0,0.5,0.0,0.4923,False,False,False,False,无明确战法态,23.31,-5.24,26.0,False,15410.1,传媒娱乐,AI语料/短剧游戏/快手概念,29.0
300365,,0.1283,1.0,0.8551,0.0,0.0,0.8195,0.1516,0.3,0.0,0.0,0.0,0.0,0.0,0.5193,False,False,False,False,无明确战法态,4.65,1.09,5.33,False,2379.5,电子信息,柔性直流输电,32.2
300366,,0.0,1.0,0.7293,0.0,0.0,0.6722,0.2485,0.3,0.0,0.0,0.0,0.0,0.0,0.4825,False,False,False,False,无明确战法态,4.77,1.92,5.31,False,2530.5,电子信息,数字乡村,32.2
300368,,0.5984,1.0,0.7977,0.0,0.0,0.7903,0.1802,0.3,0.0,0.0,0.0,0.0,0.0,0.4614,False,False,False,False,无明确战法态,8.28,0.49,9.89,False,4379.7,机械行业,无人零售,36.7
300369,,0.0,1.0,0.7954,0.0,0.0,0.5461,0.1528,0.0,0.0,0.0,0.0,0.0,0.0,0.5675,False,False,False,False,无明确战法态,5.56,0.36,6.58,False,4490.8,电子信息,信息安全/AI语料/国产操作系统,32.2
300370,,0.0,1.0,0.8058,0.0,0.0,0.5187,0.2006,0.3,0.0,0.0,0.0,0.0,0.0,0.4865,False,False,False,False,无明确战法态,2.08,0.97,2.35,False,3247.9,仪器仪表,页岩气,34.2
300371,,0.0,0.76,0.6502,0.0,0.0,0.2962,0.0994,0.0,0.0,0.0,0.0,0.0,0.0,0.5121,False,False,False,False,无明确战法态,10.35,4.44,11.42,False,1449.0,仪器仪表,专精特新/京津冀,34.2
300373,,0.7736,0.7465,0.5083,1.0,1.0,0.6232,0.6692,0.0,1.0,0.0,0.0,1.0,0.7,0.3229,False,False,False,False,无明确战法态,129.46,-4.52,108.81,True,70185.2,电子器件,小米概念/宁德时代概念/充电桩,73.7
300374,,0.5429,1.0,0.8301,0.0,0.0,0.5919,0.33,0.6,0.0,0.0,0.0,0.0,0.0,0.426,False,False,False,False,无明确战法态,10.35,1.47,12.35,False,25.4,建筑建材,乡村振兴/雄安新区/工业互联网,28.0
300375,,0.4809,1.0,0.8224,0.0,0.0,0.7059,0.2562,0.3,0.0,0.0,0.0,0.0,0.0,0.4327,False,False,False,False,无明确战法态,4.19,1.45,4.61,False,2213.4,汽车制造,,40.0
300376,,0.8352,1.0,0.8133,0.0308,0.0,0.8111,0.3457,0.3,0.0,0.0,1.0,0.0,0.0,0.4341,False,False,False,False,无明确战法态,5.11,2.2,5.82,False,11893.2,电器行业,光伏/ETC/空气能热泵,33.2
300377,,1.0,1.0,0.5547,0.1459,1.0,0.5727,0.6007,0.9,0.0,0.0,0.0,0.5,0.0,0.5253,False,False,False,False,无明确战法态,15.41,-2.9,16.58,False,10804.1,电子信息,数字货币,32.2
300378,,0.471,1.0,0.6769,0.0,0.0,0.6669,0.248,0.6,0.0,0.0,0.0,0.0,0.0,0.4631,False,False,False,False,无明确战法态,36.26,1.57,39.21,False,9772.4,电子信息,ERP概念,32.2
300380,,0.6532,1.0,0.7971,0.0,0.0,0.7062,0.265,0.6,0.0,0.0,0.0,0.5,0.0,0.4007,False,False,False,False,无明确战法态,30.72,-1.6,33.41,False,3904.7,电子信息,,32.2
300381,,0.0,1.0,0.7713,0.0,0.0,0.6633,0.1989,0.0,0.177,0.0,0.0,0.0,0.0,0.4322,False,False,False,False,无明确战法态,5.93,1.72,6.23,False,2837.2,农林牧渔,横琴新区,39.0
300382,,0.0,1.0,0.47,1.0,1.0,0.6181,0.5353,0.6,1.0,0.0,0.0,1.0,0.7,0.2539,False,False,False,False,无明确战法态,22.5,-0.62,16.89,True,14587.6,机械行业,专精特新/光伏,36.7
300383,,0.0,1.0,0.6626,0.0,0.0,0.6737,0.1788,0.3,0.0,0.0,0.0,0.5,0.0,0.3874,False,False,False,False,无明确战法态,13.0,-1.81,14.14,False,23326.0,电子信息,华为昇腾,32.2
300384,,0.0,1.0,0.7492,0.0,0.0,0.4858,0.2615,0.3,0.0,0.0,0.0,0.0,0.0,0.5047,False,False,False,False,无明确战法态,12.16,1.67,13.26,False,2678.4,纺织机械,垃圾分类/煤化工概念,45.1
300385,,0.0,0.7499,0.2799,0.0,0.0,0.4454,0.223,0.0,0.5115,0.0,0.0,0.0,0.0,0.2597,False,False,False,False,无明确战法态,12.77,4.5,13.18,False,3847.4,机械行业,专精特新,36.7
300386,,0.3978,1.0,0.8054,0.0,0.0585,0.6593,0.1772,0.3,0.0,0.0,0.0,0.5,0.0,0.4256,False,False,False,False,无明确战法态,11.06,0.91,12.1,False,2773.4,电子信息,鸿蒙概念/物联网/车联网(车路协同),32.2
300387,,0.0,1.0,0.7803,0.0,0.0,0.4747,0.2548,0.0,0.0,0.0,0.0,0.0,0.0,0.4835,False,False,False,False,无明确战法态,7.11,1.86,7.83,False,2054.5,化工行业,化肥/生态农业/土地流转,39.0
300388,,0.0,1.0,0.6262,0.0,0.0,0.4555,0.1325,0.0,0.0,0.0,0.0,0.0,0.0,0.4905,False,False,False,False,无明确战法态,6.59,2.65,7.31,False,4488.1,环保行业,,29.2
300389,,0.0,1.0,0.8067,0.0,0.0,0.5643,0.201,0.0,0.0,0.0,0.0,0.0,0.0,0.553,False,False,False,False,无明确战法态,12.92,1.25,14.77,False,2835.5,电子器件,,73.7
300390,,0.0,1.0,0.5899,1.0,1.0,0.5737,0.4831,0.0,1.0,0.0,0.0,0.5,0.7,0.3375,False,False,False,False,无明确战法态,92.48,1.24,85.81,True,621.7,电子信息,,32.2
300393,,0.3473,1.0,0.7768,0.0,0.0,0.7624,0.084,0.0,0.0,0.0,0.0,0.0,0.0,0.5111,False,False,False,False,无明确战法态,7.09,-1.12,8.75,False,6777.4,塑料制品,光伏/BC电池,33.5
300394,,1.0,1.0,0.6148,0.2158,0.0,0.6355,0.3132,0.0,0.0,0.0,0.0,0.0,0.7,0.5421,False,False,False,False,无明确战法态,250.1,-0.27,339.66,False,194477.1,电子信息,专精特新,32.2
300395,,1.0,1.0,0.6604,0.9283,0.3263,0.764,0.3358,0.3,0.2267,0.0,0.0,0.5,0.7,0.5165,False,False,False,False,无明确战法态,114.02,-2.71,124.12,False,58322.0,玻璃行业,国防军工/军工航天,52.3
300396,,0.0,1.0,0.7185,0.0,0.0,0.6822,0.1753,0.0,0.0,0.0,0.0,0.0,0.0,0.6211,False,False,False,False,无明确战法态,6.72,1.36,8.21,False,1830.0,医疗器械,,37.8
300397,,0.8686,1.0,0.5889,0.9113,1.0,0.5135,0.2871,0.6,0.6582,1.0,0.0,0.5,0.7,0.4624,True,False,False,False,B1候B2,14.1,-1.19,14.09,True,5755.1,电子信息,华为概念/国防军工/军民融合,32.2
300398,,0.1283,0.2076,0.4454,1.0,1.0,0.5619,0.5384,0.3,1.0,0.0,0.0,1.0,0.7,0.3225,False,False,False,False,无明确战法态,52.34,-7.75,43.37,True,29543.9,化工行业,电子纸/光刻胶/OLED,39.0
300399,,0.1739,1.0,0.459,0.0,0.1076,0.173,0.1945,1.0,0.0751,0.0,0.0,0.5,0.0,0.4076,False,False,False,False,无明确战法态,19.84,1.9,20.9,False,3920.0,电子信息,互联网保险,32.2
300400,,1.0,1.0,0.7249,1.0,1.0,0.8056,0.3593,0.3,0.7557,0.0,0.0,0.0,0.7,0.4867,True,False,False,False,B1候B2,33.74,-1.95,33.91,False,8158.8,机械行业,,36.7
300401,,0.0,0.663,0.2242,1.0,1.0,0.0945,0.6978,0.3,1.0,0.0,0.0,1.0,1.0,0.2012,False,False,False,False,无明确战法态,21.75,5.02,16.47,True,11634.1,食品行业,专精特新/维生素/仿制药一致性评价,35.0
300402,,0.6914,1.0,0.8401,0.0,0.0,0.6893,0.3701,0.3,0.0,0.0,0.0,0.0,0.0,0.3845,False,False,False,False,无明确战法态,15.06,0.33,17.26,False,3668.9,机械行业,专精特新/国防军工/军工航天,36.7
300403,,0.0,0.0,0.0,0.0,0.0,0.0,0.467,0.6,0.7613,0.0,0.0,0.5,0.0,0.5026,False,False,False,False,无明确战法态,11.52,16.13,10.9,True,49.2,电器行业,,33.2
300404,,0.0,1.0,0.659,0.0,0.0,0.4563,0.2139,0.3,0.4171,0.0,0.0,1.0,0.0,0.3154,False,False,False,False,无明确战法态,9.27,0.87,9.44,False,2646.0,医疗器械,CXO概念/CRO概念/阿尔茨海默概念,37.8
300405,,0.0,1.0,0.7343,0.0,0.0,0.4691,0.1439,0.0,0.0,0.0,0.0,0.0,0.0,0.4599,False,False,False,False,无明确战法态,5.34,1.33,6.06,False,1168.5,化工行业,专精特新,39.0
300406,,0.0,1.0,0.8335,0.0891,0.0,0.3942,0.382,0.0,0.2973,0.0,0.0,0.0,0.0,0.4404,False,False,False,False,无明确战法态,11.54,2.94,11.88,False,4896.7,生物制药,专精特新,47.0
300407,,0.6363,1.0,0.6858,0.0,0.0,0.5214,0.0962,0.0,0.0,0.0,0.0,0.0,0.0,0.4329,False,False,False,False,无明确战法态,10.86,2.36,12.13,False,2811.9,电器行业,专精特新,33.2
300408,,0.7205,1.0,0.2879,1.0,1.0,0.4949,0.3982,0.0,1.0,1.0,0.0,1.0,0.7,0.4033,False,False,False,False,无明确战法态,144.89,-2.23,122.39,True,2709.1,电子器件,燃料电池,73.7
300409,,0.0,1.0,0.7141,0.0,0.0,0.5755,0.2356,0.3,0.0,0.0,0.0,0.0,0.0,0.4581,False,False,False,False,无明确战法态,20.63,1.68,23.27,False,14362.7,陶瓷行业,动力电池回收/硅能源/金属镍,54.0
300410,,1.0,0.7365,0.6361,1.0,0.0,0.7992,0.2472,0.0,0.0,0.0,0.0,0.0,0.7,0.5357,False,False,False,False,无明确战法态,9.79,-4.58,11.01,False,3594.1,仪器仪表,食品安全/BC电池,34.2
300411,,0.3488,1.0,0.7934,0.0,0.0,0.6751,0.285,0.6,0.0,0.0,0.0,0.0,0.0,0.5816,False,False,False,False,无明确战法态,7.15,0.7,9.2,False,2210.2,机械行业,国防军工/军工航天/核电核能,36.7
300412,,0.1126,1.0,0.6798,0.0,0.3522,0.4384,0.2416,0.6,0.1745,0.0,0.0,0.5,0.0,0.3884,False,False,False,False,无明确战法态,4.56,-0.44,4.78,False,21.3,医疗器械,专精特新,37.8
300413,,0.0,1.0,0.8395,0.0,0.0,0.5312,0.1853,0.0,0.0,0.0,0.0,0.0,0.0,0.5502,False,False,False,False,无明确战法态,15.03,0.54,17.6,False,15356.2,商业百货,AI语料/短剧游戏/农村电商,30.2
300414,,0.0449,1.0,0.7818,0.0,0.0,0.7106,0.2387,0.3,0.0,0.0,0.0,0.0,0.0,0.4641,False,False,False,False,无明确战法态,11.19,1.73,12.56,False,3508.5,电子器件,专精特新/国防军工/军工航天,73.7
300415,,0.0,0.0,0.1131,0.0,0.0,0.0,0.1345,0.3,0.5232,0.0,0.0,0.5,0.0,0.4734,False,False,False,False,无明确战法态,22.4,10.78,22.3,True,10179.2,机械行业,工业母机,36.7
300416,,0.3681,0.965,0.7147,0.8451,1.0,0.507,0.3368,0.0,1.0,0.0,0.0,1.0,1.0,0.3454,False,False,False,False,无明确战法态,19.9,-3.21,18.82,True,10052.0,仪器仪表,专精特新/海工装备/特斯拉概念,34.2
300417,,0.0,0.966,0.6311,0.0,0.0,0.5745,0.1508,0.0,0.0,0.0,0.0,0.0,0.0,0.5771,False,False,False,False,无明确战法态,10.63,3.2,12.12,False,888.6,仪器仪表,专精特新,34.2
300418,,0.0,0.4426,0.375,0.0,0.0,0.0,0.2989,0.6,0.2691,0.0,0.0,1.0,0.0,0.4741,False,False,False,False,无明确战法态,42.66,-6.34,44.78,False,48873.3,电子信息,AI语料/短剧游戏/独角兽概念,32.2
300419,,0.0,1.0,0.8025,0.3488,0.5564,0.5567,0.2622,0.6,0.7845,0.0,0.0,0.5,0.0,0.393,False,False,False,False,无明确战法态,7.18,1.27,6.99,True,2640.5,电子信息,百度概念/ST板块/抖音概念(字节概念),32.2
300420,,0.0,0.8333,0.1158,1.0,1.0,0.3897,0.7671,0.6,1.0,0.0,0.0,1.0,0.7,0.1806,False,False,False,False,无明确战法态,9.88,4.0,6.32,True,11028.8,机械行业,军民融合/区块链/新型工业化,36.7
300421,,0.0,0.0983,0.241,0.0,0.0,0.0185,0.2126,0.0,0.1728,0.0,0.0,0.5,0.0,0.4223,False,False,False,False,无明确战法态,21.14,8.41,22.25,False,4933.3,机械行业,,36.7
300422,,0.1817,0.8395,0.6426,0.0026,0.0,0.4426,0.159,0.0,0.0,0.0,0.0,0.0,0.0,0.5096,False,False,False,False,无明确战法态,4.46,3.96,4.93,False,2304.7,环保行业,消毒剂,29.2
300423,,0.0,0.6993,0.5848,0.0,0.0,0.2905,0.2447,0.3,0.0,0.0,0.0,0.0,0.0,0.5681,False,False,False,False,无明确战法态,5.89,4.8,6.74,False,1963.5,电力行业,光热发电,26.5
300424,,0.0,0.7246,0.5241,0.0496,0.0,0.4638,0.1543,0.3,0.0,0.0,0.0,0.0,0.7,0.4758,False,False,False,False,无明确战法态,16.42,4.65,18.06,False,4027.7,飞机制造,大飞机/军民融合/成飞概念,47.0
300425,,0.0,1.0,0.8268,0.0,0.0,0.5569,0.1229,0.0,0.0,0.0,0.0,0.0,0.0,0.4714,False,False,False,False,无明确战法态,3.92,1.82,4.33,False,2668.5,机械行业,专精特新,36.7
300426,,0.1073,1.0,0.6647,0.0,0.0,0.5155,0.1318,0.3,0.0,0.0,0.0,0.0,0.0,0.5526,False,False,False,False,无明确战法态,5.18,0.19,6.29,False,2072.0,传媒娱乐,,29.0
300427,,0.0,1.0,0.7362,0.0,0.0,0.7962,0.2686,0.3,0.0,0.0,0.0,0.0,0.0,0.4694,False,False,False,False,无明确战法态,6.72,2.28,8.85,False,3380.2,机械行业,专精特新/光伏/国防军工,36.7
300428,,0.0,0.0511,0.2634,0.0,0.0,0.0,0.1926,0.3,0.268,0.0,0.0,0.0,0.0,0.4945,False,False,False,False,无明确战法态,19.38,8.69,20.18,False,11565.2,,专精特新/钠电池/氟化工概念,
300429,,0.3452,0.1915,0.4995,0.9952,1.0,0.3686,0.5922,0.0,0.9382,1.0,0.0,1.0,0.7,0.3678,False,False,False,False,无明确战法态,16.08,-7.85,15.48,True,6455.8,化工行业,专精特新/光刻胶,39.0
300430,,0.0,1.0,0.7645,0.0,0.0,0.7638,0.1632,0.0,0.0,0.0,0.0,0.0,0.0,0.6007,False,False,False,False,无明确战法态,4.59,1.32,8.39,False,1192.7,仪器仪表,专精特新/工业大麻,34.2
300432,,0.403,1.0,0.6128,0.1357,0.0,0.4584,0.2148,0.3,0.0,0.0,0.0,0.0,0.0,0.4243,False,False,False,False,无明确战法态,20.18,2.8,22.42,False,34156.5,汽车制造,锂电池,40.0
300433,,0.6237,0.9312,0.5555,1.0,1.0,0.7227,0.4438,0.0,1.0,0.0,0.0,0.5,1.0,0.3649,False,False,False,False,无明确战法态,52.42,3.41,43.66,True,260511.7,电子器件,光伏概念/无线耳机/小米概念,73.7
300434,,0.0,1.0,0.6687,0.2916,1.0,0.0548,0.4011,0.6,1.0,0.0,0.0,1.0,0.0,0.2753,False,False,False,False,无明确战法态,11.41,1.24,10.14,True,3917.8,机械行业,,36.7
300435,,0.9078,0.926,0.5768,0.3883,1.0,0.4158,0.5519,0.3,0.6328,0.0,0.0,1.0,0.0,0.4343,False,False,False,False,无明确战法态,23.27,-3.44,23.38,False,85.8,机械行业,碳中和/俄乌冲突概念/共同富裕示范区,36.7
300436,,0.0,1.0,0.5501,0.0,0.75,0.3202,0.285,0.3,0.9582,0.0,0.0,1.0,0.0,0.304,False,False,False,False,无明确战法态,107.11,1.24,102.08,True,14644.5,生物制药,基因概念/基因测序/仿制药一致性评价,47.0
300437,,0.6425,1.0,0.7456,0.0,0.0,0.653,0.1762,0.6,0.0,0.0,0.0,0.0,0.0,0.4717,False,False,False,False,无明确战法态,11.28,-2.17,13.3,False,1959.9,化工行业,,39.0
300438,,0.7878,1.0,0.6069,1.0,0.9246,0.6972,0.2607,0.0,1.0,1.0,0.0,0.5,0.7,0.3711,True,False,False,False,B1候B2,76.52,-2.76,75.09,True,30926.6,电器行业,钠电池/固态电池/无线耳机,33.2
300439,,0.0,1.0,0.8323,0.0,0.0,0.6399,0.1967,0.0,0.0982,0.0,0.0,0.5,0.0,0.4175,False,False,False,False,无明确战法态,8.53,2.16,9.0,False,2493.6,生物制药,基因概念/猴痘概念,47.0
300440,,0.0,0.9037,0.6592,1.0,1.0,0.6253,0.3519,0.3,1.0,0.0,0.0,1.0,0.7,0.3302,False,False,False,False,无明确战法态,20.75,-3.58,18.78,True,9084.8,电子信息,专精特新,32.2
300441,,0.0,1.0,0.7791,0.1099,0.7237,0.1802,0.4071,0.3,0.3917,0.0,0.0,1.0,0.0,0.4083,False,False,False,False,无明确战法态,6.56,-1.2,6.63,False,4106.1,机械行业,空气能热泵,36.7
300442,,0.0,1.0,0.6279,0.2348,0.5715,0.6064,0.3076,0.0,0.8646,0.0,0.0,1.0,0.0,0.3782,False,False,False,False,无明确战法态,85.44,-2.69,84.49,True,139252.1,机械行业,抖音概念(字节概念)/算力租赁,36.7
300443,,0.0,0.7625,0.5777,0.0,0.0,0.4861,0.2613,0.0,0.0,0.0,0.0,0.0,0.0,0.5387,False,False,False,False,无明确战法态,22.42,4.42,24.97,False,5443.0,机械行业,减速器,36.7
300444,,0.7103,1.0,0.6108,0.0,0.0,0.7307,0.1774,0.3,0.0,0.0,0.0,0.0,0.0,0.4093,False,False,False,False,无明确战法态,12.34,2.92,13.88,False,77.4,发电设备,光伏/锂电池/钒电池,28.3
300445,,0.0,1.0,0.6491,0.2787,0.0,0.7378,0.2365,0.3,0.1518,0.0,0.0,0.0,0.7,0.4429,False,False,False,False,无明确战法态,21.03,2.49,22.46,False,29.6,仪器仪表,物联网/传感器/高端装备,34.2
300446,,0.0,1.0,0.6415,0.0,0.6198,0.0,0.3373,0.6,0.4893,0.0,0.0,1.0,0.0,0.3781,False,False,False,False,无明确战法态,17.86,2.17,17.82,True,6671.8,化工行业,页岩气/民爆概念/小米汽车,39.0
300447,,0.0,0.8946,0.6984,0.0,0.0,0.5992,0.221,0.0,0.0,0.0,0.0,0.0,0.0,0.4993,False,False,False,False,无明确战法态,15.12,3.63,16.92,False,3046.0,电器行业,大飞机/国防军工/军工航天,33.2
300448,,0.4209,1.0,0.7721,0.0,0.0,0.7985,0.1978,0.0,0.0,0.0,0.0,0.0,1.0,0.4032,False,False,False,False,无明确战法态,5.9,0.85,7.17,False,3791.1,电子信息,ETC,32.2
300449,,0.8389,1.0,0.8135,0.4422,0.0,0.9566,0.4316,0.6,0.0,0.0,0.0,0.0,0.7,0.6314,False,False,False,False,无明确战法态,7.19,0.56,7.98,False,2775.6,电子信息,垃圾分类/安防/车联网(车路协同),32.2
300450,,0.9532,1.0,0.6798,0.0,0.0,0.6198,0.1402,0.3,0.0,0.0,0.0,0.0,0.0,0.5722,False,False,False,False,无明确战法态,39.29,2.0,47.51,False,61269.4,其它行业,光伏/固态电池/锂电池,37.8
300451,,0.0,1.0,0.7744,0.0,0.0,0.6541,0.2004,0.0,0.0,0.0,0.0,0.0,0.0,0.5395,False,False,False,False,无明确战法态,3.3,1.54,3.87,False,5052.9,,家庭医生,
300452,,0.0,1.0,0.7869,0.0,0.0,0.506,0.3855,0.3,0.2727,0.0,0.0,0.5,0.0,0.3139,False,False,False,False,无明确战法态,12.46,2.13,12.88,False,2474.9,,专精特新/仿制药,
300453,,0.0,1.0,0.8008,0.3148,0.4172,0.5584,0.2702,0.3,0.6755,0.0,0.0,1.0,0.0,0.4078,False,False,False,False,无明确战法态,9.57,2.13,9.44,True,3472.1,,工业互联网,
300454,,0.1706,1.0,0.7659,0.0,0.0,0.7293,0.2172,0.3,0.0,0.0,0.0,0.0,0.0,0.4885,False,False,False,False,无明确战法态,92.04,-1.77,107.32,False,26507.8,,数据安全/算力租赁/网络安全,
300455,,0.0,0.2954,0.4389,0.0,0.0,0.2368,0.3224,0.3,0.2902,0.0,1.0,0.5,0.0,0.4775,False,False,False,False,无明确战法态,22.55,7.23,23.42,False,15979.4,,,
300456,,0.0,0.6474,0.6263,0.0,0.0,0.6186,0.2787,0.3,0.0,0.0,0.0,1.0,1.0,0.4336,False,False,False,False,无明确战法态,40.62,-5.12,44.91,False,24273.0,,百度概念/国防军工/军工航天,
300457,,0.083,1.0,0.7775,0.0,0.0,0.8216,0.1512,0.0,0.0,0.0,0.0,0.0,0.0,0.5952,False,False,False,False,无明确战法态,21.27,1.43,24.76,False,13503.2,,锂电池,
300458,,0.0128,1.0,0.525,0.7656,1.0,0.3797,0.3413,0.0,1.0,0.0,0.0,1.0,0.7,0.3601,False,False,False,False,无明确战法态,37.65,1.24,35.34,True,29815.2,,百度概念/小米概念/物联网,
300459,,0.0,1.0,0.7668,0.0,0.0,0.5671,0.1461,0.0,0.0,0.0,0.0,0.0,0.0,0.4663,False,False,False,False,无明确战法态,3.41,-0.58,3.84,False,11204.4,,快手概念/云游戏,
300460,,0.0,0.6017,0.461,0.5709,1.0,0.1205,0.3788,0.9,1.0,0.0,0.0,1.0,0.0,0.4079,False,False,False,False,无明确战法态,10.95,5.39,9.53,True,3074.8,,专精特新/ST板块/安防,
300461,,0.0,1.0,0.4691,0.0,0.0,0.4806,0.2547,0.6,0.0,0.0,0.0,0.0,0.0,0.3849,False,False,False,False,无明确战法态,40.5,1.43,45.94,False,5820.0,,无线充电,
300462,,0.0,1.0,0.8688,0.0,0.0,0.9164,0.0629,0.0,0.0,0.0,0.0,0.0,0.0,0.4596,False,False,False,False,无明确战法态,10.28,1.18,11.6,False,1419.0,,ETC/移动支付,
300463,,0.0,1.0,0.758,0.0,0.0,0.2952,0.22,0.0,0.0,0.0,0.0,0.5,0.0,0.4237,False,False,False,False,无明确战法态,8.75,2.46,9.4,False,4298.9,,基因测序/肝炎概念/猴痘概念,
300464,,1.0,1.0,0.7254,0.3298,0.0,0.8521,0.2611,0.3,0.0,0.0,0.0,0.0,0.7,0.5009,False,False,False,False,无明确战法态,7.0,-0.57,8.06,False,2486.0,,,
300465,,0.8249,1.0,0.7838,0.0,0.0,0.7885,0.2124,0.6,0.0,0.0,0.0,0.0,0.0,0.5018,False,False,False,False,无明确战法态,11.11,0.09,14.51,False,4930.1,,化债概念(AMC概念),
300466,,0.0,0.5483,0.5265,0.0,0.0,0.2852,0.1745,0.0,0.0,0.0,0.0,0.0,0.0,0.5816,False,False,False,False,无明确战法态,7.59,5.71,8.14,False,3495.5,,,
300467,,0.9251,1.0,0.798,0.7063,0.6772,0.709,0.3143,0.0,0.5413,0.0,0.0,0.5,0.7,0.4163,True,False,False,False,B1候B2,33.92,-0.24,34.91,False,5820.8,,手机游戏,
300468,,1.0,1.0,0.7921,0.0,0.0,0.6802,0.2281,0.0,0.0,0.0,0.0,0.0,0.0,0.4827,False,False,False,False,无明确战法态,20.75,-0.43,25.61,False,10993.1,,NFT概念/数据确权/数字货币,
300469,,0.0,1.0,0.6948,0.1259,0.477,0.6568,0.4683,0.3,0.3837,0.0,0.0,1.0,0.0,0.4003,False,False,False,False,无明确战法态,54.04,0.56,54.88,False,13408.2,,工业大麻,
300470,,0.0,1.0,0.8391,0.0,0.0,0.4896,0.2883,0.3,0.2065,0.0,0.0,0.5,0.0,0.3515,False,False,False,False,无明确战法态,30.88,-0.64,32.05,False,6088.6,,氟化工概念/煤化工概念,
300471,,0.0,1.0,0.7475,0.0,0.0,0.4744,0.1261,0.3,0.0,0.0,0.0,0.5,0.0,0.6013,False,False,False,False,无明确战法态,9.14,-1.08,10.43,False,3425.3,,专精特新/页岩气/成飞概念,
300472,,0.0,0.8783,0.4931,0.2035,0.0,0.4245,0.1226,0.0,0.0,0.0,0.0,0.0,0.0,0.4886,False,False,False,False,无明确战法态,7.23,3.73,7.98,False,1912.1,,冰雪产业/硅能源/体育产业,
300473,,0.0,1.0,0.714,0.0856,0.0,0.6469,0.1237,0.0,0.3542,0.0,0.0,0.0,1.0,0.4257,False,False,False,False,无明确战法态,31.24,2.29,32.41,False,4702.1,,固态电池,
300474,,0.0,1.0,0.7494,0.0,0.2852,0.4283,0.2522,0.3,0.2411,0.0,0.0,1.0,0.0,0.4034,False,False,False,False,无明确战法态,57.23,-2.67,59.1,False,23262.8,,国防军工/军工航天/国家大基金持股,
300475,,0.9344,1.0,0.4502,1.0,1.0,0.6495,0.6034,0.0,1.0,0.0,0.0,0.5,0.7,0.3874,True,False,False,False,B1候B2,264.25,0.84,218.16,True,117717.3,,融资融券/阿里巴巴概念/存储芯片,
300476,,0.6918,1.0,0.4747,0.693,0.0,0.7138,0.3498,0.0,0.218,0.0,0.0,0.0,0.7,0.5149,False,False,False,False,无明确战法态,308.07,0.65,332.6,False,266540.6,,乡村振兴/智能电网/AI PC,
300477,,0.0,1.0,0.6863,0.0,0.0,0.7657,0.3779,0.3,0.5433,0.0,0.0,0.5,1.0,0.2973,False,False,False,False,无明确战法态,2.52,-1.18,2.53,False,2508.5,,固态电池/金属镍,
300478,,0.0,0.8965,0.4711,1.0,0.4136,0.747,0.2558,0.0,1.0,0.0,0.0,0.0,0.7,0.35,False,False,False,False,无明确战法态,38.92,3.62,36.5,True,4930.1,,核电,
300479,,0.1479,1.0,0.8125,0.0,0.0,0.637,0.1892,0.0,0.0,0.0,0.0,0.0,0.0,0.6264,False,False,False,False,无明确战法态,13.63,0.89,15.63,False,2684.1,,专精特新/电子身份证/国产操作系统,
300480,,0.0,0.8551,0.5587,1.0,1.0,0.5509,0.3208,0.0,1.0,0.0,0.0,1.0,0.7,0.312,False,False,False,False,无明确战法态,41.24,-3.87,35.92,True,11141.5,,专精特新/国防军工/军工航天,
300481,,0.1568,0.1328,0.4141,1.0,1.0,0.0,0.4102,0.6,1.0,0.0,0.0,1.0,1.0,0.2744,False,False,False,False,无明确战法态,18.8,-8.2,17.16,True,54.5,,专精特新/风电,
300482,,0.3902,1.0,0.8395,0.3454,0.0,0.781,0.2202,1.0,0.0,0.0,0.0,0.0,1.0,0.421,False,False,False,False,B1候B2,17.23,1.17,18.54,False,7410.1,,芬太尼/工业大麻,
300483,,0.0,1.0,0.5992,0.242,0.0104,0.7885,0.2679,0.3,0.6364,0.0,0.0,0.5,0.0,0.3839,False,False,False,False,无明确战法态,19.25,-1.08,19.4,False,7347.3,,俄乌冲突概念,
300484,,0.0,0.1132,0.4555,0.0,0.0,0.0973,0.2401,0.3,0.0,0.0,0.0,0.0,0.0,0.4212,False,False,False,False,无明确战法态,14.19,8.32,15.47,False,2360.5,,,
300485,,0.0,1.0,0.6026,0.0,0.9975,0.0,0.3687,0.6,0.6617,0.0,0.0,1.0,0.0,0.2677,False,False,False,False,无明确战法态,9.96,2.36,9.57,True,2727.2,,生物疫苗/重组蛋白,
300486,,0.0,1.0,0.5753,0.2702,0.0,0.3775,0.2734,0.3,0.2586,0.0,0.0,0.0,1.0,0.3492,False,False,False,False,无明确战法态,22.03,1.71,23.25,False,10508.4,,专精特新,
300487,,0.0,0.0,0.1665,0.1253,1.0,0.0,0.3857,0.9,1.0,0.0,0.0,1.0,0.0,0.4866,False,False,False,False,无明确战法态,74.58,10.21,61.51,True,22972.1,,专精特新/盐湖提锂/碳交易,
300488,,0.0,1.0,0.6875,1.0,1.0,0.5143,0.3781,0.3,1.0,0.0,0.0,1.0,0.7,0.2905,False,False,False,False,B1候B2,45.82,-2.82,38.13,True,7434.5,,专精特新/军民融合/机器人概念,
300489,,0.0,1.0,0.5384,1.0,1.0,0.7608,0.6832,0.0,1.0,0.0,0.0,1.0,0.7,0.2219,False,False,False,False,无明确战法态,281.65,-2.54,177.99,True,39050.3,,国防军工/核电核能/核污染防治,
300490,,0.9496,1.0,0.8373,0.0,0.0,0.6943,0.2101,0.0,0.0,0.0,0.0,0.0,0.0,0.5079,False,False,False,False,无明确战法态,13.11,0.0,15.6,False,5155.5,,光伏/垃圾分类/国防军工,
300491,,1.0,1.0,0.7282,1.0,1.0,0.7207,0.4153,0.3,1.0,1.0,0.0,0.5,0.7,0.3794,True,False,False,False,B1候B2,34.17,-0.5,32.58,True,5398.4,,雄安新区/高压快充/换电概念,
300492,,0.0,1.0,0.6222,0.0,0.0,0.3155,0.1775,0.3,0.0,0.0,0.0,0.5,0.0,0.5449,False,False,False,False,无明确战法态,36.75,0.6,44.33,False,7228.0,,,
300493,,0.4014,1.0,0.8177,0.0,0.0,0.726,0.2809,0.0,0.0,0.0,0.0,1.0,1.0,0.4448,False,False,False,False,无明确战法态,14.17,-0.63,15.49,False,7178.7,,专精特新/养老概念/智能音箱,
300494,,0.138,1.0,0.756,0.0,0.0,0.5927,0.218,0.3,0.0,0.0,0.0,0.0,0.0,0.4915,False,False,False,False,无明确战法态,8.43,-0.47,9.87,False,3358.1,,电子竞技/快手概念/手机游戏,
300496,,0.0,1.0,0.5723,0.2025,0.0028,0.588,0.2694,0.3,0.4003,0.0,0.0,0.0,0.0,0.4295,False,False,False,False,无明确战法态,62.7,2.62,64.32,False,231.1,,AI PC/AI手机/多模态AI,
300497,,0.0,0.9543,0.4867,1.0,1.0,0.1846,0.5404,0.3,1.0,0.0,0.0,1.0,0.0,0.302,False,False,False,False,无明确战法态,21.86,-3.27,18.64,True,9973.9,,创新药/氟化工概念/肝炎概念,
300498,,0.0,1.0,0.7876,0.0,0.0,0.5051,0.2998,0.3,0.0364,0.0,0.0,0.5,0.0,0.3556,False,False,False,False,无明确战法态,13.06,-0.91,13.78,False,77697.9,,猪肉/基因测序/禽流感,
300499,,1.0,1.0,0.5869,0.4769,0.0,0.6989,0.2844,0.0,0.3568,0.0,0.0,0.5,0.0,0.469,False,False,False,False,无明确战法态,36.6,1.24,38.74,False,9933.5,,专精特新/柔性直流输电/中俄贸易概念,
300500,,0.0,1.0,0.8011,0.0,0.0,0.5329,0.1178,0.0,0.0,0.0,0.0,0.0,0.0,0.4565,False,False,False,False,无明确战法态,9.21,1.77,10.44,False,1543.6,,,
300501,,0.0383,0.6686,0.5293,0.6106,0.2262,0.664,0.641,0.3,0.9561,0.0,0.0,0.5,0.0,0.397,False,False,False,False,无明确战法态,13.68,4.99,13.15,True,1951.8,,,
300502,,0.6363,0.9434,0.399,0.7286,0.0,0.3564,0.3647,0.0,0.1831,0.0,0.0,0.0,0.7,0.4736,False,False,False,False,无明确战法态,526.0,3.34,575.27,False,470275.2,,,
300503,,0.0,0.0,0.0,1.0,1.0,0.0008,0.3611,0.6,1.0,0.0,0.0,1.0,0.7,0.3909,False,False,False,False,B2确认,111.0,16.99,77.32,True,267.5,,专精特新,
300504,,0.7595,0.8299,0.5288,0.5473,0.0,0.4452,0.203,0.3,0.0852,0.0,1.0,0.0,0.7,0.5051,False,False,False,False,无明确战法态,16.04,4.02,17.47,False,3500.8,,F5G概念/WiFi 6,
300505,,0.0,1.0,0.7383,0.0568,1.0,0.3297,0.6587,0.6,0.8149,0.0,0.0,0.5,0.0,0.2948,False,False,False,False,无明确战法态,24.91,-2.2,24.21,True,5412.9,,,
300506,,0.0,1.0,0.5685,1.0,1.0,0.0,0.542,0.6,1.0,0.0,0.0,1.0,1.0,0.2171,False,False,False,False,无明确战法态,6.25,1.13,5.19,True,4410.6,,,
300507,,0.0,1.0,0.7279,0.0,0.0,0.6665,0.2451,0.0,0.1681,0.0,0.0,1.0,0.0,0.399,False,False,False,False,无明确战法态,7.52,2.31,7.91,False,5827.9,,传感器/飞行汽车(eVTOL)/高压快充,
300508,,0.0,0.4543,0.4582,1.0,1.0,0.2566,0.426,0.3,1.0,0.0,0.0,1.0,1.0,0.3619,False,False,False,False,无明确战法态,60.81,6.27,48.67,True,4977.6,,专精特新/工业母机/牙科医疗,
300509,,0.0,0.859,0.6193,0.0,0.0,0.5044,0.1428,0.0,0.0,0.0,0.0,0.0,0.0,0.6539,False,False,False,False,无明确战法态,8.91,3.85,10.13,False,2201.7,,,
300510,,0.0,1.0,0.8312,0.0,0.0,0.6212,0.2335,0.0,0.0,0.0,0.0,0.0,0.0,0.5588,False,False,False,False,无明确战法态,3.22,1.9,3.68,False,2655.5,,专精特新,
300511,,0.0,1.0,0.6523,0.0,0.0,0.2471,0.2517,0.3,0.0,0.0,0.0,0.5,0.0,0.4095,False,False,False,False,无明确战法态,5.63,1.26,6.05,False,3074.0,,人造肉,
300512,,0.0,1.0,0.7395,0.0,0.0,0.4144,0.1619,0.0,0.0,0.0,0.0,0.0,0.0,0.4853,False,False,False,False,无明确战法态,7.05,2.03,8.01,False,2300.6,,无人零售,
300513,,0.0,1.0,0.7946,0.0,0.0,0.6537,0.142,0.3,0.0,0.0,0.0,0.0,0.0,0.5071,False,False,False,False,无明确战法态,7.19,0.7,8.06,False,2064.2,,,
300514,,0.0,1.0,0.7868,0.0,0.0,0.4616,0.1404,0.0,0.0,0.0,0.0,0.0,0.0,0.5264,False,False,False,False,无明确战法态,9.6,2.35,11.04,False,1538.5,,,
300515,,0.0,0.8666,0.7119,0.0,0.0,0.2985,0.115,0.0,0.0,0.0,0.0,0.0,0.0,0.5652,False,False,False,False,无明确战法态,13.93,3.8,15.71,False,2814.9,,专精特新,
300516,,0.0,0.6096,0.3218,0.0,0.0,0.0,0.3219,0.6,0.358,0.0,0.0,0.5,0.0,0.3974,False,False,False,False,无明确战法态,37.07,5.34,37.87,False,9341.6,,专精特新/国防军工/军工航天,
300517,,0.033,1.0,0.7539,0.0,0.0,0.6465,0.1683,0.0,0.0,0.0,0.0,0.0,0.0,0.5223,False,False,False,False,无明确战法态,9.46,2.71,10.78,False,1194.3,,,
300518,,0.0,0.5741,0.4846,1.0,1.0,0.1707,0.1824,0.3,1.0,0.0,0.0,1.0,0.7,0.2916,False,False,False,False,无明确战法态,32.13,-5.56,28.44,True,6405.9,,氢能源/融资融券/锂电池概念,
300519,,0.0,1.0,0.776,0.0,0.0,0.4882,0.2012,0.0,0.0,0.0,0.0,0.0,0.0,0.5297,False,False,False,False,无明确战法态,12.81,2.48,13.8,False,1461.6,,,
300520,,0.4783,1.0,0.7071,0.0,0.0,0.7294,0.096,0.0,0.0,0.0,0.0,0.0,0.0,0.3959,False,False,False,False,无明确战法态,27.36,2.74,32.78,False,7721.5,,ETC,
300521,,0.3198,1.0,0.6007,0.3301,0.5138,0.5789,0.3851,0.0,0.329,0.0,1.0,0.0,0.0,0.361,False,False,False,False,无明确战法态,26.7,1.21,27.64,False,3947.7,,柔性屏(折叠屏),
300522,,0.1425,1.0,0.3763,1.0,1.0,0.4505,0.6688,0.6,1.0,0.0,0.0,0.5,1.0,0.2444,False,False,False,False,无明确战法态,22.21,2.87,16.44,True,5856.7,,储能/股权转让(并购重组)/光刻胶,
300523,,0.1577,1.0,0.8246,0.0,0.0,0.9315,0.1563,0.0,0.0,0.0,0.0,0.0,0.0,0.4178,False,False,False,False,无明确战法态,18.4,0.88,20.66,False,4280.4,,地下管网/核污染防治/时空大数据,
300525,,0.432,1.0,0.8507,0.0,0.0,0.7618,0.3096,0.3,0.0,0.0,0.0,0.0,0.0,0.5228,False,False,False,False,无明确战法态,7.63,0.53,9.24,False,4756.1,,福建自贸区/互联网金融/数字货币,
300527,,0.0,0.9971,0.7701,0.0,0.0,0.3197,0.2515,0.3,0.1701,0.0,0.0,0.0,0.0,0.44,False,False,False,False,无明确战法态,7.17,3.02,7.47,False,7290.2,,国防军工/军工航天/核污染防治,
300528,,0.0,1.0,0.6452,0.0,0.0,0.6313,0.3093,0.0,0.0715,0.0,0.0,0.5,1.0,0.4193,False,False,False,False,无明确战法态,14.69,2.87,15.56,False,5473.6,,,
300529,,0.0,1.0,0.8108,0.0,0.0,0.401,0.2061,0.3,0.2255,0.0,0.0,0.5,0.0,0.3857,False,False,False,False,无明确战法态,16.64,2.65,17.17,False,85.3,,横琴新区,
300530,,0.0,1.0,0.7061,0.0,0.0,0.5572,0.1584,0.0,0.0,0.0,0.0,0.0,0.0,0.4801,False,False,False,False,无明确战法态,17.35,2.0,20.76,False,2983.4,,,
300531,,0.4781,1.0,0.834,0.0,0.0,0.8146,0.3366,0.6,0.0,0.0,0.0,0.0,0.0,0.3796,False,False,False,False,无明确战法态,15.03,1.14,16.75,False,4683.5,,食品安全/电子身份证/人脸识别,
300532,,0.0,1.0,0.7115,0.0,0.0,0.4401,0.183,0.0,0.0,0.0,0.0,0.0,0.0,0.5807,False,False,False,False,无明确战法态,6.66,2.94,7.13,False,4027.4,,统一大市场,
300533,,0.0,0.8689,0.6317,0.0,0.0,0.3225,0.3351,0.6,0.0,0.0,0.0,1.0,0.0,0.5407,False,False,False,False,无明确战法态,15.5,-3.79,20.09,False,2557.2,,手机游戏,
300534,,0.0,1.0,0.7858,0.0,0.0,0.2537,0.2271,0.0,0.0,0.0,0.0,0.5,0.0,0.4,False,False,False,False,无明确战法态,7.6,1.74,8.13,False,2295.7,,,
300535,,0.0,1.0,0.7248,0.0,0.0,0.5284,0.1801,0.0,0.0,0.0,0.0,0.0,0.0,0.5036,False,False,False,False,无明确战法态,14.45,2.85,16.39,False,1172.8,,专精特新/染料/有机硅概念,
300536,,0.0,0.596,0.0,0.1642,0.0,0.0,0.2262,0.3,0.4133,0.0,0.0,0.0,0.0,0.3473,False,False,False,False,无明确战法态,9.33,5.42,9.64,False,2736.2,,,
300537,,0.3194,0.0,0.2855,1.0,1.0,0.4526,0.455,0.3,1.0,0.0,0.0,1.0,0.7,0.445,False,False,False,False,无明确战法态,30.85,-10.4,28.33,True,4681.9,,海工装备/BC电池/光刻胶,
300538,,0.0,1.0,0.6971,0.6805,0.4157,0.6219,0.3466,0.6,0.5168,0.0,0.0,0.0,0.7,0.3933,False,False,False,False,无明确战法态,16.85,-1.86,17.07,False,2063.6,,光刻胶/PEEK材料/数字经济,
300539,,0.0,0.2893,0.3826,0.0,0.0,0.0,0.2107,0.3,0.3028,0.0,0.0,0.5,0.0,0.4141,False,False,False,False,无明确战法态,25.25,7.26,25.35,False,55.0,,PEEK材料,
300540,,0.0,1.0,0.3464,1.0,1.0,0.3092,0.5869,0.9,1.0,0.0,0.0,1.0,0.7,0.1882,False,False,False,False,无明确战法态,41.21,-1.22,28.36,True,8519.2,,天然气/智慧灯杆,
300541,,0.2713,1.0,0.8131,0.0,0.0,0.667,0.1419,0.3,0.0,0.0,0.0,0.0,0.0,0.5374,False,False,False,False,无明确战法态,9.75,1.25,11.48,False,3783.4,,ETC/华为昇腾/快手概念,
300542,,0.5367,1.0,0.7952,0.0,0.0,0.5049,0.1705,0.3,0.0,0.0,0.0,0.0,0.0,0.5246,False,False,False,False,无明确战法态,11.31,2.17,13.5,False,2849.6,,国防军工/军工航天/NFT概念,
300543,,0.0,0.0919,0.2521,0.0,0.0,0.0,0.1622,0.0,0.0,0.0,0.0,0.0,0.0,0.4236,False,False,False,False,无明确战法态,7.83,8.45,8.64,False,1959.1,,,
300545,,0.0,1.0,0.4508,1.0,1.0,0.0039,0.2381,0.3,1.0,0.0,0.0,1.0,0.7,0.31,False,False,False,False,无明确战法态,41.49,-0.93,36.53,True,4960.5,,苹果概念/柔性屏(折叠屏)/新型工业化,
300546,,0.4386,1.0,0.832,0.0,0.0,0.8056,0.1626,0.0,0.0,0.0,0.0,0.0,0.0,0.5213,False,False,False,False,无明确战法态,15.31,1.53,18.1,False,2100.3,,专精特新/电子身份证/蚂蚁集团概念,
300547,,0.0,1.0,0.4424,0.0556,0.0036,0.0417,0.3338,0.0,0.7932,0.0,0.0,0.5,0.0,0.3884,False,False,False,False,无明确战法态,36.75,2.8,35.44,True,6549.7,,成飞概念,
300548,,1.0,1.0,0.6228,1.0,0.6675,0.6808,0.1733,0.3,0.2532,0.0,0.0,0.5,0.7,0.5129,True,False,False,False,B1候B2,221.01,-0.45,242.57,False,59529.8,,专精特新/F5G概念/铜缆高速连接,
300549,,0.0,0.0,0.0,0.0,0.0,0.0,0.1774,0.3,0.2696,0.0,0.0,0.0,0.0,0.4468,False,False,False,False,无明确战法态,15.3,13.84,15.61,False,1546.1,,,
300550,,0.0,1.0,0.6876,0.6812,1.0,0.2916,0.8594,0.6,1.0,0.0,0.0,0.5,0.7,0.3792,False,False,False,False,B2确认,15.82,1.54,13.78,True,4149.6,,家庭医生,
300551,,0.5548,1.0,0.7113,0.0,0.0,0.6177,0.1566,0.0,0.0,0.0,0.0,0.0,0.0,0.4852,False,False,False,False,无明确战法态,9.91,2.16,12.24,False,3243.9,,专精特新/数字货币,
300552,,0.0,1.0,0.5881,0.0,0.0,0.696,0.26,0.0,0.0,0.0,0.0,0.0,1.0,0.4759,False,False,False,False,无明确战法态,23.93,1.96,26.8,False,3301.3,,ETC,
300553,,0.0,1.0,0.6403,1.0,1.0,0.6005,0.393,0.6,1.0,0.0,0.0,0.5,0.7,0.2959,False,False,False,False,无明确战法态,72.05,-0.57,62.55,True,6116.7,,专精特新/航空发动机,
300554,,0.554,0.4922,0.6088,0.9015,0.3003,0.5685,0.2645,0.0,0.3213,0.0,0.0,0.0,0.7,0.5203,False,False,False,False,B1候B2,26.26,-6.05,27.58,False,2077.0,,,
300555,,0.0,1.0,0.7586,0.2248,0.4137,0.7238,0.1602,0.6,0.6425,0.0,0.0,1.0,0.0,0.4091,False,False,False,False,无明确战法态,13.19,1.62,13.18,True,2612.1,,乡村振兴/物联网/ST板块,
300556,,0.6045,1.0,0.7285,0.3335,0.0,0.6023,0.2209,0.3,0.0,0.0,0.0,0.0,0.7,0.478,False,False,False,False,无明确战法态,17.32,0.76,19.17,False,1879.3,,时空大数据,
300557,,0.4823,0.1721,0.463,0.2437,0.3885,0.5838,0.8835,0.6,0.1232,0.0,0.0,0.5,0.0,0.4879,False,False,False,False,无明确战法态,31.88,-7.97,34.57,False,3806.1,,,
300558,,0.0,0.0863,0.2341,1.0,1.0,0.0806,1.0,0.9,1.0,0.0,0.0,1.0,0.7,0.2715,False,False,False,False,无明确战法态,72.9,8.48,53.96,True,30577.4,,基因测序/重组蛋白/创新药,
300559,,0.0,1.0,0.8203,0.0,0.0,0.7674,0.1956,0.0,0.0,0.0,0.0,0.0,0.0,0.4847,False,False,False,False,无明确战法态,10.48,0.87,11.64,False,3260.7,,阿里巴巴概念/多模态AI/体育产业,
300560,,0.0,1.0,0.5691,1.0,1.0,0.5347,0.4013,0.6,1.0,0.0,0.0,1.0,0.7,0.3065,False,False,False,False,无明确战法态,21.08,0.19,18.22,True,3941.2,,国防军工/电子身份证,
300561,,0.0,0.7718,0.466,0.0,0.143,0.0,0.0,0.0,1.0,0.0,0.0,1.0,0.0,0.3928,False,False,False,False,无明确战法态,17.2,4.37,15.98,True,41.5,,语音技术,
300562,,0.0,1.0,0.6194,0.2679,1.0,0.0,0.6215,0.6,1.0,0.0,0.0,1.0,0.0,0.2749,False,False,False,False,无明确战法态,15.09,1.34,13.09,True,24.6,,无人零售/血氧仪,
300563,,0.0,1.0,0.6602,0.0,0.0,0.5054,0.2462,0.3,0.0,0.0,0.0,0.5,0.0,0.3233,False,False,False,False,无明确战法态,27.8,-1.59,30.06,False,3523.0,,专精特新/国防军工/EDR概念,
300564,,0.0,1.0,0.6927,0.0,0.0,0.6582,0.2367,0.3,0.093,0.0,0.0,0.5,0.0,0.3743,False,False,False,False,无明确战法态,13.04,1.87,13.79,False,1539.7,,,
300565,,0.6015,1.0,0.853,0.0,0.0,0.8869,0.1653,0.3,0.0,0.0,0.0,0.0,1.0,0.4497,False,False,False,False,无明确战法态,10.07,0.9,12.33,False,2298.0,,5G概念/太赫兹,
300566,,0.0,0.6836,0.5007,1.0,1.0,0.6252,0.8084,0.3,1.0,0.0,0.0,1.0,0.7,0.2464,False,False,False,False,无明确战法态,37.08,-4.9,28.0,True,8405.3,,光伏/POE胶膜/柔性屏(折叠屏),
300567,,0.0,1.0,0.5399,1.0,1.0,0.5509,0.338,0.0,1.0,0.0,0.0,1.0,0.7,0.2862,False,False,False,False,无明确战法态,263.92,-2.23,205.23,True,59922.7,,小米概念/宁德时代概念/国家大基金持股,
300568,,0.0,1.0,0.5116,1.0,1.0,0.4987,0.5041,0.3,1.0,0.0,0.0,1.0,0.7,0.3385,False,False,False,False,B1候B2,20.0,-1.67,17.51,True,24171.2,,氢能源/锂电池/宁德时代概念,
300569,,0.0,1.0,0.7963,0.0,0.0,0.5895,0.2026,0.3,0.0,0.0,0.0,0.5,0.0,0.5156,False,False,False,False,无明确战法态,5.0,1.83,5.44,False,5098.2,,光伏/横琴新区,
300570,,0.4929,1.0,0.4626,1.0,1.0,0.7599,0.566,0.3,1.0,0.0,0.0,0.5,0.7,0.3151,False,False,False,False,无明确战法态,237.12,0.61,197.33,True,45572.8,,F5G概念/铜缆高速连接,
300571,,1.0,1.0,0.6746,0.8157,0.0,0.885,0.1821,0.0,0.3209,0.0,0.0,0.5,0.7,0.4663,False,False,False,False,无明确战法态,41.27,-2.2,44.14,False,47.7,,鸿蒙概念/智能家居/阿里巴巴概念,
300572,,0.0,0.7105,0.5375,0.1843,0.0,0.4614,0.188,0.3,0.5213,0.0,0.0,0.5,0.0,0.3956,False,False,False,False,无明确战法态,28.08,4.74,28.42,False,5090.3,,PM2.5,
300573,,0.0,1.0,0.7435,0.0,0.0,0.4271,0.3143,0.0,0.0,0.0,0.0,1.0,0.0,0.5693,False,False,False,False,无明确战法态,41.56,-1.28,47.82,False,78.6,,医药电商,
300575,,0.0,1.0,0.8311,0.0,0.0,0.6335,0.1067,0.0,0.0,0.0,0.0,0.0,0.0,0.5434,False,False,False,False,无明确战法态,5.14,0.19,5.77,False,1761.5,,,
300576,,0.9479,0.0743,0.4776,1.0,1.0,0.6532,0.2876,0.6,0.7919,1.0,0.0,0.5,0.7,0.4971,False,False,False,False,无明确战法态,45.86,-8.55,45.57,True,10770.6,,专精特新/光刻胶,
300577,,0.0,0.0,0.2004,0.0,0.0,0.0,0.2207,0.6,0.2072,0.0,0.0,0.0,0.0,0.4138,False,False,False,False,无明确战法态,16.6,10.01,17.08,False,2366.7,,体育产业,
300578,,0.5403,1.0,0.8058,0.0,0.0,0.7852,0.1667,0.6,0.0,0.0,0.0,0.0,0.0,0.4998,False,False,False,False,无明确战法态,16.75,-0.42,19.64,False,3320.1,,多模态AI/国产操作系统/AI视频,
300579,,0.8839,1.0,0.8012,0.0,0.0,0.646,0.2029,0.0,0.0,0.0,0.0,0.0,0.0,0.4187,False,False,False,False,无明确战法态,20.44,-0.1,23.89,False,5331.2,,鸿蒙概念/雄安新区/电子身份证,
300580,,0.0,0.0,0.0,0.0,0.0,0.0,0.1962,0.6,1.0,0.0,0.0,0.5,0.0,0.4554,False,False,False,False,无明确战法态,25.96,20.02,23.58,True,12268.5,,,
300581,,0.0,0.5841,0.3514,0.0,0.0699,0.0476,0.253,0.6,0.0724,0.0,0.0,0.0,0.0,0.542,False,False,False,False,无明确战法态,11.71,5.5,12.17,False,6441.8,,专精特新/国防军工,
300582,,0.7655,1.0,0.7647,0.0,0.0,0.795,0.1591,0.0,0.0,0.0,0.0,0.0,0.0,0.6201,False,False,False,False,无明确战法态,12.07,1.43,14.33,False,2731.6,,专精特新,
300583,,0.0,0.9529,0.7531,0.0,0.0,0.4007,0.1662,0.0,0.1504,0.0,0.0,0.5,0.0,0.3627,False,False,False,False,无明确战法态,12.27,3.28,12.77,False,2284.0,,,
300584,,0.1474,1.0,0.5618,0.098,1.0,0.424,0.1868,0.3,0.3632,0.0,0.0,0.5,0.0,0.4733,False,False,False,False,无明确战法态,37.9,0.05,38.21,False,31.1,,创新药/锂电池概念/仿制药一致性评价,
300585,,0.0,1.0,0.6711,0.1219,0.0,0.7091,0.2304,0.6,0.0997,0.0,0.0,0.0,0.0,0.4809,False,False,False,False,无明确战法态,16.74,0.72,17.9,False,2864.4,,专精特新,
300586,,0.618,0.2734,0.518,1.0,1.0,0.5654,0.5652,0.0,1.0,1.0,0.0,0.5,0.7,0.3625,False,False,False,False,无明确战法态,14.35,-7.36,13.15,True,7671.5,,专精特新/染料/燃料电池,
300587,,0.4144,1.0,0.7595,0.0,0.0,0.5009,0.1322,0.0,0.0,0.0,0.0,0.0,0.0,0.6066,False,False,False,False,无明确战法态,3.87,-0.26,4.91,False,4073.6,,专精特新,
300588,,1.0,1.0,0.5162,0.2611,1.0,0.6499,0.2821,0.6,0.2282,0.0,0.0,0.5,0.0,0.4687,False,False,False,False,无明确战法态,21.24,-2.43,22.33,False,3755.7,,专精特新/安防/独角兽概念,
300589,,0.0,0.6485,0.5645,0.0,0.0,0.2694,0.2321,0.3,0.0,0.0,0.0,0.0,0.0,0.5727,False,False,False,False,无明确战法态,12.55,5.11,14.07,False,3109.4,,,
300590,,0.1828,1.0,0.7461,0.7862,0.2933,0.7795,0.399,0.0,0.5521,0.0,0.0,0.0,0.7,0.3754,False,False,False,False,无明确战法态,14.12,-2.22,14.36,False,5052.3,,两轮车/WiFi 6/智能物流,
300591,,0.4808,0.8753,0.5602,0.088,0.0,0.3585,0.1632,0.3,0.0,0.0,0.0,0.0,0.0,0.4408,False,False,False,False,无明确战法态,6.92,3.75,7.42,False,2425.5,,网红经济,
300592,,0.0,1.0,0.6971,1.0,1.0,0.5117,0.7917,0.6,1.0,0.0,0.0,1.0,1.0,0.2536,False,False,False,False,无明确战法态,18.25,1.11,14.11,True,6367.4,,元宇宙,
300593,,1.0,1.0,0.7348,0.662,0.0,0.8204,0.0984,0.3,0.0,0.0,0.0,0.0,0.7,0.5695,False,False,False,False,B1候B2,26.35,-2.04,32.21,False,11864.4,,专精特新/国防军工,
300594,,0.0,1.0,0.6687,0.0,0.0,0.7934,0.2356,0.0,0.0,0.0,0.0,0.5,0.0,0.5915,False,False,False,False,无明确战法态,14.8,0.75,18.46,False,13.5,,专精特新/空气能热泵/烟草,
300595,,0.0,1.0,0.7919,0.0,0.0,0.47,0.231,0.0,0.0,0.0,0.0,0.0,0.0,0.5462,False,False,False,False,无明确战法态,11.08,1.74,12.21,False,7406.9,,医药电商,
300596,,0.0,1.0,0.6598,0.7805,1.0,0.6432,0.5609,0.6,1.0,0.0,0.0,1.0,1.0,0.2776,False,False,False,False,无明确战法态,52.9,-2.18,46.24,True,11886.0,,光伏概念/乡村振兴/基因测序,
300597,,0.3651,1.0,0.7762,0.0,0.0,0.3407,0.135,0.0,0.0,0.0,0.0,0.0,0.0,0.4765,False,False,False,False,无明确战法态,7.26,1.54,8.43,False,19.7,,5G概念,
300598,,0.4725,1.0,0.8254,0.0,0.0,0.7706,0.093,0.3,0.0,0.0,0.0,0.0,0.0,0.4527,False,False,False,False,无明确战法态,28.21,-0.14,33.57,False,6119.8,,AI手机/国产操作系统,
300599,,0.6525,1.0,0.7697,0.4023,0.0,0.9318,0.1648,0.3,0.0,0.0,0.0,0.0,0.7,0.4604,False,False,False,False,B1候B2,10.0,-1.28,11.54,False,3167.3,,海南自贸/地下管网/石墨烯,
300600,,0.0,0.6853,0.5253,0.0,0.0,0.3132,0.2421,0.3,0.0,0.0,0.0,0.0,0.0,0.5282,False,False,False,False,无明确战法态,9.87,4.89,11.17,False,2904.1,,国产航母,
300601,,0.0,1.0,0.8011,0.0,0.0,0.5411,0.2228,0.3,0.0,0.0,0.0,0.5,0.0,0.3984,False,False,False,False,无明确战法态,11.84,0.94,12.61,False,10660.4,,生物疫苗/肝炎概念,
300602,,0.9202,1.0,0.542,1.0,1.0,0.6481,0.2757,0.0,1.0,1.0,0.0,0.5,0.7,0.3919,True,False,False,False,B1候B2,46.45,-0.28,43.3,True,18366.5,,光伏/AI PC/汽车热管理,
300603,,0.3891,1.0,0.7827,0.0,0.0,0.9156,0.1685,0.0,0.0,0.0,0.0,0.0,0.0,0.506,False,False,False,False,无明确战法态,7.72,0.65,9.27,False,2886.7,,ETC,
300604,,0.2444,1.0,0.3983,1.0,1.0,0.4645,0.5734,0.0,1.0,0.0,0.0,1.0,0.7,0.2945,False,False,False,False,无明确战法态,302.71,0.41,235.06,True,148169.9,,专精特新/存储芯片/国家大基金持股,
300605,,0.0,1.0,0.7523,0.0,0.0,0.5392,0.1887,0.0,0.0,0.0,0.0,0.0,0.0,0.5608,False,False,False,False,无明确战法态,9.55,1.38,11.45,False,1207.0,,AI视频,
300606,,0.7518,0.9093,0.5526,1.0,1.0,0.643,0.3614,0.3,0.8559,1.0,0.0,0.5,0.7,0.4323,False,False,False,False,无明确战法态,40.82,-3.54,40.72,True,4803.5,,第三代半导体/高端装备/工业母机,
300607,,0.0,0.0,0.0,1.0,1.0,0.0,0.5065,0.3,1.0,0.0,0.0,1.0,0.7,0.3672,False,False,False,False,无明确战法态,52.96,13.55,35.53,True,18098.0,,阿里巴巴概念/宁德时代概念/飞行汽车(eVTOL),
300608,,0.7442,1.0,0.7808,0.0,0.0,0.9222,0.1533,0.3,0.0,0.0,0.0,0.0,0.0,0.6133,False,False,False,False,无明确战法态,10.35,0.1,12.12,False,3050.1,,电子身份证/数据确权/语音技术,
300609,,0.5602,1.0,0.7952,0.0,0.0,0.7568,0.2782,0.6,0.0,0.0,0.0,0.0,0.0,0.349,False,False,False,False,无明确战法态,31.27,1.1,35.1,False,3751.0,,AI语料,
300610,,0.0,1.0,0.7747,0.0,0.0,0.5385,0.1784,0.0,0.0,0.0,0.0,0.0,0.0,0.4899,False,False,False,False,无明确战法态,10.15,0.89,10.98,False,1701.4,,专精特新/有机硅概念,
300611,,0.0,0.5138,0.3646,0.1544,0.0,0.1803,0.3339,0.3,0.6934,0.0,0.0,0.0,0.0,0.4351,False,False,False,False,无明确战法态,26.67,5.92,26.04,True,3955.2,,专精特新,
300612,,0.0,1.0,0.7882,0.0,0.0,0.5052,0.1873,0.6,0.0,0.0,0.0,0.0,0.0,0.4864,False,False,False,False,无明确战法态,11.25,-0.71,13.23,False,2023.6,,快手概念,
300613,,0.4057,1.0,0.7015,1.0,1.0,0.6886,0.3526,0.0,1.0,0.0,0.0,1.0,0.7,0.3474,False,False,False,False,无明确战法态,72.35,-2.43,63.07,True,15888.0,,专精特新/鸿蒙概念/智能家居,
300614,,0.1883,0.875,0.6944,0.0,0.0,0.4235,0.1897,0.3,0.0,0.0,1.0,0.0,0.0,0.5791,False,False,False,False,无明确战法态,9.96,3.75,11.8,False,1598.0,,光热发电,
300615,,0.6418,1.0,0.7511,0.0,0.0,0.5751,0.2166,0.0,0.0,0.0,0.0,0.0,0.0,0.492,False,False,False,False,无明确战法态,10.13,2.22,11.95,False,1550.8,,5G概念,
300616,,0.3535,1.0,0.6661,0.0,0.0,0.7457,0.1268,0.3,0.0,0.0,0.0,0.0,0.0,0.5915,False,False,False,False,无明确战法态,11.15,1.55,13.28,False,1731.5,,,
300617,,0.3322,1.0,0.6491,0.1982,0.0,0.8585,0.3229,0.6,0.0436,0.0,0.0,0.0,0.0,0.4604,False,False,False,False,无明确战法态,51.95,2.43,58.07,False,7217.1,,专精特新,
300618,,0.373,1.0,0.8654,0.0,0.0,0.7132,0.4411,0.3,0.0,0.0,0.0,0.5,0.0,0.4686,False,False,False,False,无明确战法态,36.17,1.46,39.99,False,9856.2,,动力电池回收/金属镍/金属铜,
300619,,0.0007,1.0,0.7695,0.0,0.0,0.39,0.2903,0.6,0.0,0.0,0.0,0.0,0.0,0.5302,False,False,False,False,无明确战法态,32.43,1.95,39.75,False,4750.6,,硅能源/有机硅概念,
300620,,1.0,0.8758,0.6317,1.0,1.0,0.8347,0.4542,0.0,1.0,1.0,0.0,0.5,0.7,0.4214,False,False,False,False,无明确战法态,312.25,-3.75,306.92,True,77229.3,,横琴新区/量子科技,
300621,,0.0,0.7553,0.6097,0.0,0.0,0.3731,0.1498,0.0,0.0,0.0,0.0,0.0,0.0,0.5096,False,False,False,False,无明确战法态,6.78,4.47,7.51,False,1373.1,,横琴新区,
300622,,0.0,1.0,0.7644,0.0,0.0,0.61,0.1529,0.0,0.0,0.0,0.0,0.0,0.0,0.5846,False,False,False,False,无明确战法态,14.77,2.36,18.94,False,32.2,,,
300623,,0.8308,0.871,0.5701,1.0,1.0,0.682,0.4764,0.0,1.0,1.0,0.0,1.0,0.7,0.3879,False,False,False,False,无明确战法态,38.5,-3.77,35.49,True,29553.1,,专精特新/高压快充/柔性直流输电,
300624,,0.8008,0.8756,0.6703,0.0,0.0,0.3595,0.1663,0.3,0.0,0.0,0.0,0.0,0.0,0.4955,False,False,False,False,无明确战法态,50.61,-3.75,61.04,False,8666.1,,短剧游戏/AI视频/网红经济,
300625,,0.0887,1.0,0.7814,0.0,0.0,0.6804,0.089,0.0,0.0,0.0,0.0,0.0,0.0,0.4245,False,False,False,False,无明确战法态,9.33,1.97,10.62,False,1511.2,,,
300626,,0.8349,1.0,0.3512,1.0,0.715,0.756,0.4142,0.6,0.9984,1.0,0.0,0.0,0.7,0.4978,False,False,False,False,B1候B2,33.99,2.41,33.73,True,6114.9,,军工/特斯拉概念/医药电商,
300627,,0.0,1.0,0.7268,0.0,0.0,0.5984,0.311,0.9,0.0219,0.0,1.0,0.0,0.0,0.3333,False,False,False,False,无明确战法态,28.6,2.8,30.48,False,185.4,,农机/时空大数据,
300628,,0.1003,0.8078,0.7076,0.2167,0.0,0.3813,0.2793,0.0,0.1078,0.0,0.0,0.5,0.0,0.4382,False,False,False,False,无明确战法态,33.0,-4.15,35.35,False,23949.9,,福建自贸区,
300629,,0.0,1.0,0.595,0.0,0.0,0.4187,0.1498,0.3,0.2328,0.0,0.0,0.5,0.0,0.444,False,False,False,False,无明确战法态,21.53,2.18,22.71,False,4670.4,,国防军工/国产操作系统/军工信息化,
300631,,0.0,1.0,0.7893,0.0102,0.0,0.665,0.2551,0.3,0.0,0.0,0.0,0.0,0.0,0.4945,False,False,False,False,无明确战法态,23.97,1.01,25.89,False,2899.9,,专精特新/盐湖提锂/垃圾分类,
300632,,1.0,0.9362,0.6112,1.0,0.0291,0.8348,0.3074,0.0,0.509,0.0,0.0,0.5,0.7,0.5031,False,False,False,False,B1候B2,24.85,-3.38,26.4,False,5655.5,,鸿蒙概念/无线耳机/福建自贸区,
300633,,0.0,1.0,0.8372,0.0,0.0,0.5777,0.1928,0.3,0.0,0.0,0.0,0.5,0.0,0.512,False,False,False,False,无明确战法态,19.55,1.56,21.32,False,5239.2,,宠物经济,
300634,,0.3414,1.0,0.8554,0.0,0.0,0.8959,0.1142,0.0,0.0,0.0,0.0,0.0,0.0,0.6175,False,False,False,False,无明确战法态,19.78,-0.2,23.55,False,85.9,,华为昇腾/虚拟数字人,
300635,,0.6508,1.0,0.6707,0.0006,0.0,0.4556,0.1435,0.0,0.0,0.0,1.0,0.0,0.0,0.4728,False,False,False,False,无明确战法态,11.69,1.3,13.43,False,1407.8,,,
300636,,0.0,0.976,0.7405,0.0,0.0,0.558,0.2558,0.3,0.2904,0.0,0.0,0.0,0.0,0.3938,False,False,False,False,无明确战法态,6.89,3.14,7.06,False,2530.8,,,
300637,,0.6241,0.4097,0.5327,0.1431,0.3349,0.2518,0.4799,0.0,0.0,0.0,0.0,0.5,0.0,0.486,False,False,False,False,无明确战法态,10.0,-6.54,10.83,False,2345.3,,,
300638,,0.6098,1.0,0.7158,0.0,0.0,0.637,0.1729,0.0,0.0,0.0,0.0,0.0,0.0,0.4647,False,False,False,False,无明确战法态,18.5,2.44,22.01,False,9812.2,,专精特新,
300639,,0.0,1.0,0.7559,0.0,0.0,0.7295,0.2336,0.0,0.0212,0.0,0.0,0.0,0.0,0.4841,False,False,False,False,无明确战法态,5.3,2.12,5.71,False,3342.9,,,
300640,,0.0,0.9193,0.5703,0.0,0.0,0.4026,0.1649,0.3,0.0,0.0,0.0,0.5,0.0,0.3852,False,False,False,False,无明确战法态,5.94,3.48,6.45,False,1352.8,,,
300641,,0.1279,1.0,0.6995,0.1123,0.2345,0.3957,0.3968,0.6,0.0443,0.0,0.0,0.0,0.0,0.4071,False,False,False,False,无明确战法态,16.2,-2.64,17.25,False,8513.8,,,
300642,,0.0,0.9825,0.724,0.0,0.0,0.2396,0.1761,0.0,0.0,0.0,0.0,0.5,0.0,0.4451,False,False,False,False,无明确战法态,12.95,3.11,14.17,False,1783.3,,专精特新,
300643,,0.3595,0.8178,0.5187,0.4488,0.693,0.1433,0.5081,0.3,0.5473,0.0,0.0,0.5,0.0,0.4081,False,False,False,False,无明确战法态,18.31,4.09,18.2,True,4225.4,,专精特新,
300644,,0.0,0.3981,0.3857,0.0,0.0,0.0231,0.4117,0.6,0.1599,0.0,0.0,0.0,0.0,0.4685,False,False,False,False,无明确战法态,25.8,6.61,26.77,False,2286.0,,两轮车/PEEK材料/碳纤维,
300645,,0.0,1.0,0.8121,0.0,0.0,0.4392,0.1132,0.3,0.0,0.0,0.0,0.0,0.0,0.51,False,False,False,False,无明确战法态,12.29,1.91,14.38,False,1712.2,,,
300647,,0.7387,1.0,0.8258,0.1343,0.0,0.6971,0.2941,0.3,0.0,0.0,0.0,0.0,0.0,0.3788,False,False,False,False,无明确战法态,5.74,0.0,6.37,False,2621.1,,,
300648,,0.5245,1.0,0.826,0.0,0.0,0.873,0.1269,0.0,0.0,0.0,0.0,0.0,0.0,0.4756,False,False,False,False,无明确战法态,41.02,-0.89,47.97,False,5570.1,,专精特新/鸿蒙概念/固态电池,
300649,,0.5773,1.0,0.672,1.0,1.0,0.718,0.3245,0.0,1.0,0.0,0.0,0.5,0.7,0.3098,False,False,False,False,无明确战法态,27.15,2.76,23.66,True,2908.0,,碳中和/雄安新区/共同富裕示范区,
300650,,0.0,0.9572,0.4868,0.0,0.2798,0.0976,0.3144,0.6,0.2134,0.0,1.0,1.0,0.0,0.2885,False,False,False,False,无明确战法态,13.95,3.26,14.57,False,2376.3,,,
300651,,0.0,1.0,0.5391,0.0,0.0,0.5475,0.2853,0.0,0.0,0.0,0.0,0.0,0.0,0.5925,False,False,False,False,无明确战法态,18.2,0.66,23.34,False,1881.5,,,
300652,,0.0,0.3436,0.2993,0.0,0.0,0.3641,0.2809,0.0,0.0,0.0,0.0,0.0,1.0,0.4796,False,False,False,False,无明确战法态,36.22,6.94,41.19,False,4348.5,,,
300653,,0.0,1.0,0.7962,0.0,0.0,0.5115,0.3309,0.3,0.0,0.0,0.0,0.5,0.0,0.3606,False,False,False,False,无明确战法态,15.06,2.31,16.32,False,2710.8,,专精特新/牙科医疗,
300654,,0.1065,1.0,0.7513,0.0198,0.0,0.6765,0.3589,0.6,0.0404,0.0,0.0,0.5,0.0,0.3996,False,False,False,False,无明确战法态,9.46,-1.97,10.16,False,3335.9,,AI语料/三胎概念/文化传媒概念,
300655,,0.0,0.0,0.2278,1.0,1.0,0.0,0.4781,0.3,1.0,0.0,0.0,1.0,1.0,0.3316,False,False,False,False,无明确战法态,19.17,-12.59,16.95,True,20452.3,,国家大基金持股/光刻胶,
300656,,1.0,1.0,0.624,1.0,1.0,0.6799,0.2964,0.3,0.9728,1.0,0.0,0.5,0.7,0.406,True,False,False,False,B1候B2,34.0,-2.66,33.18,True,4518.5,,电子身份证,
300657,,0.9455,0.6461,0.6487,1.0,0.2691,0.8356,0.2473,0.0,0.3018,0.0,0.0,0.0,0.7,0.6545,False,False,False,False,无明确战法态,38.89,-5.12,41.45,False,18220.1,,无线耳机/AI PC/AI手机,
300658,,0.0,1.0,0.7672,0.0,0.0,0.7221,0.2469,0.0,0.0,0.0,0.0,0.0,0.0,0.5703,False,False,False,False,无明确战法态,12.0,-0.25,14.84,False,2650.5,,三胎概念/福建自贸区,
300659,,0.4051,0.8847,0.5921,0.0,0.0,0.0928,0.2459,0.3,0.0,0.0,0.0,0.0,0.0,0.4408,False,False,False,False,无明确战法态,9.83,3.69,11.39,False,1870.8,,国防军工,
300660,,0.0,0.0,0.0106,0.0,0.0,0.0,0.4051,0.9,0.0,0.0,0.0,0.5,1.0,0.469,False,False,False,False,无明确战法态,33.29,14.36,36.33,False,14873.3,,,
300661,,0.0,1.0,0.5634,1.0,1.0,0.583,0.6147,0.3,1.0,0.0,0.0,1.0,0.7,0.3,False,False,False,False,无明确战法态,139.6,-1.69,113.59,True,83624.5,,专精特新/无线耳机,
300662,,0.0,0.9762,0.7295,0.0,0.0,0.3843,0.1098,0.3,0.0,0.0,0.0,0.0,0.0,0.5626,False,False,False,False,无明确战法态,18.05,3.14,20.91,False,3542.0,,,
300663,,0.4152,1.0,0.7718,0.0,0.0,0.7542,0.1681,0.3,0.0,0.0,0.0,0.0,0.0,0.4145,False,False,False,False,无明确战法态,6.72,0.0,9.13,False,3088.9,,电子身份证/无人零售/化债概念(AMC概念),
300664,,0.0,1.0,0.8636,0.0,0.0,0.7694,0.2578,0.6,0.0,0.0,0.0,0.0,0.0,0.4749,False,False,False,False,无明确战法态,4.47,1.59,4.99,False,3363.6,,,
300665,,1.0,0.9683,0.6145,1.0,1.0,0.6264,0.3794,0.6,0.5732,0.0,0.0,0.5,0.7,0.4169,False,False,False,False,B1候B2,9.71,-3.19,9.82,False,2116.9,,专精特新/地下管网/农业种植,
300666,,0.1594,0.9997,0.4137,1.0,1.0,0.5378,0.4299,0.3,1.0,0.0,0.0,1.0,0.7,0.3105,False,False,False,False,无明确战法态,332.19,-3.0,251.47,True,734.5,,共同富裕示范区/光刻机/碳纤维,
300667,,0.3445,1.0,0.8194,0.2946,0.0,0.8914,0.2388,0.3,0.0,0.0,0.0,0.0,0.7,0.3649,False,False,False,False,无明确战法态,16.11,-0.8,18.09,False,2858.0,,专精特新/光伏/HIT电池,
300668,,0.0,0.1506,0.3341,1.0,1.0,0.4109,0.3782,0.3,1.0,0.0,0.0,1.0,0.7,0.3012,False,False,False,False,无明确战法态,60.73,-8.1,56.27,True,6054.4,,华为概念/ERP概念/股权转让(并购重组),
300669,,0.7569,1.0,0.7622,0.0,0.0,0.8746,0.0731,0.3,0.0,0.0,0.0,0.0,0.0,0.5082,False,False,False,False,无明确战法态,26.11,0.15,29.77,False,4765.1,,专精特新,
300670,,0.0,1.0,0.6039,0.2903,0.8632,0.4181,0.2815,0.6,0.7928,0.0,0.0,1.0,0.0,0.3397,False,False,False,False,无明确战法态,6.85,-0.72,6.58,True,1539.2,,光伏,
300671,,0.0,1.0,0.3965,1.0,1.0,0.0204,1.0,0.3,1.0,0.0,0.0,1.0,0.7,0.1662,False,False,False,False,无明确战法态,94.35,2.29,58.12,True,208.3,,专精特新/无线耳机/毫米波雷达,
300672,,0.8623,1.0,0.4158,1.0,0.8699,0.707,0.1336,0.0,1.0,1.0,0.0,0.5,0.7,0.516,True,False,False,False,B1候B2,264.6,-1.7,263.66,True,55655.3,,鸿蒙概念/物联网/卫星导航,
300673,,0.0,1.0,0.7999,0.0,0.0,0.7578,0.2754,0.3,0.1854,0.0,0.0,0.5,0.0,0.3625,False,False,False,False,无明确战法态,13.81,1.1,14.42,False,2215.6,,,
300674,,0.5285,1.0,0.8555,0.0,0.0,0.6924,0.2465,0.6,0.0,0.0,0.0,0.0,0.0,0.4748,False,False,False,False,无明确战法态,15.41,1.18,17.56,False,10833.4,,蚂蚁集团概念/数字货币/虚拟数字人,
300675,,0.0,1.0,0.801,0.0,0.0,0.5839,0.1055,0.0,0.0,0.0,0.0,0.0,0.0,0.4722,False,False,False,False,无明确战法态,12.35,2.4,13.91,False,1811.3,,深圳国企改革,
300676,,0.0,1.0,0.6245,0.0,0.2842,0.2829,0.276,0.3,0.2115,0.0,0.0,1.0,0.0,0.4584,False,False,False,False,无明确战法态,36.63,2.15,37.84,False,15239.8,,基因测序/阿尔茨海默概念/三胎概念,
300677,,0.0,1.0,0.6174,0.0,0.0,0.4364,0.2507,0.3,0.0605,0.0,0.0,0.5,0.0,0.345,False,False,False,False,无明确战法态,42.04,1.79,45.02,False,19574.4,,,
300678,,0.0276,1.0,0.8614,0.0,0.0,0.6515,0.2711,0.0,0.0,0.0,0.0,0.0,0.0,0.5276,False,False,False,False,无明确战法态,22.75,0.62,25.44,False,6641.4,,多模态AI/人脸识别/数据安全,
300679,,0.0,0.4332,0.4193,1.0,1.0,0.3877,0.4568,0.0,1.0,0.0,0.0,0.5,0.7,0.308,False,False,False,False,B1候B2,64.5,6.4,56.55,True,231.8,,柔性屏(折叠屏),
300680,,0.0,0.0,0.2023,0.0,0.0,0.0,0.2102,0.3,0.0,0.0,0.0,0.5,0.0,0.5114,False,False,False,False,无明确战法态,26.45,9.89,33.36,False,4650.9,,蚂蚁集团概念/PEEK材料,
300681,,0.0,0.3523,0.3445,0.6087,0.0,0.3831,0.2468,0.3,0.8894,0.0,0.0,0.0,0.7,0.4147,False,False,False,False,无明确战法态,31.2,6.89,30.08,True,7199.9,,飞行汽车(eVTOL)/减速器/智能物流,
300682,,0.4383,1.0,0.8178,0.0,0.0,0.6384,0.121,0.0,0.0,0.0,0.0,0.0,0.0,0.528,False,False,False,False,无明确战法态,10.06,1.82,12.79,False,10375.1,,光伏/蚂蚁集团概念,
300683,,0.0,1.0,0.3702,0.0,0.0,0.1454,0.2697,0.0,0.1956,0.0,0.0,1.0,0.0,0.2393,False,False,False,False,无明确战法态,27.58,2.99,28.36,False,3370.3,,CXO概念/CRO概念,
300684,,0.0,0.3477,0.2092,0.5482,0.8508,0.0908,0.3665,0.0,1.0,0.0,0.0,0.5,0.7,0.4092,False,False,True,False,无明确战法态,62.01,6.91,57.93,True,12685.7,,AI PC/充电桩/苹果概念,
300685,,0.0,1.0,0.8271,0.0,0.0,0.6765,0.2702,0.6,0.2065,0.0,0.0,0.5,0.0,0.3284,False,False,False,False,无明确战法态,18.0,1.47,18.69,False,7012.3,,专精特新/基因测序,
300686,,1.0,0.9305,0.3525,0.8025,0.5465,0.4965,0.4683,0.6,0.4346,0.0,1.0,0.5,0.7,0.4861,False,False,False,False,B1候B2,17.25,3.42,17.93,False,4466.2,,石墨烯,
300687,,0.0,0.8382,0.5046,0.9116,1.0,0.5767,0.2688,0.3,1.0,0.0,0.0,1.0,0.7,0.3349,False,False,False,False,无明确战法态,28.54,3.97,26.36,True,9330.0,,鸿蒙概念/宁德时代概念/创投,
300688,,0.9535,1.0,0.8226,0.5953,0.8663,0.6679,0.3066,0.6,0.3611,0.0,0.0,0.5,1.0,0.4572,True,False,False,False,B1候B2,26.59,1.06,27.26,False,3945.4,,虚拟数字人/元宇宙/知识产权保护,
300689,,0.0,1.0,0.6885,1.0,1.0,0.4985,0.5051,0.6,1.0,0.0,0.0,1.0,0.7,0.3136,False,False,False,False,无明确战法态,66.5,-2.61,58.0,True,67.3,,,
300690,,0.0,0.1062,0.3357,0.0,0.0,0.0,0.2701,0.3,0.0,0.0,0.0,0.0,0.0,0.5298,False,False,False,False,无明确战法态,24.36,8.36,25.98,False,2700.4,,PEEK材料/碳纤维,
300691,,0.0,1.0,0.819,0.271,0.0,0.6864,0.2933,0.6,0.1681,0.0,0.0,0.0,0.0,0.4687,False,False,False,False,无明确战法态,15.66,-1.14,16.49,False,3456.8,,元宇宙/智能物流,
300692,,0.0,1.0,0.5592,0.148,0.562,0.0,0.3292,0.3,0.8197,0.0,0.0,1.0,0.0,0.4075,False,False,False,False,无明确战法态,8.46,-1.86,8.17,True,4340.8,,,
300693,,0.1193,1.0,0.7185,0.2694,0.0,0.7079,0.1694,0.3,0.3297,0.0,0.0,0.5,0.0,0.3677,False,False,False,False,无明确战法态,45.45,0.49,48.0,False,122.2,,专精特新/换电概念,
300694,,0.0,1.0,0.5604,0.0,0.3939,0.0,0.435,0.0,1.0,0.0,0.0,0.5,0.0,0.4184,False,False,False,False,无明确战法态,11.9,0.59,10.92,True,2580.0,,,
300695,,0.0,0.0,0.0,0.0,0.0,0.0,0.2412,0.3,0.9365,0.0,0.0,0.5,0.0,0.5255,False,False,False,False,无明确战法态,68.16,12.9,62.05,True,6969.8,,,
300696,,0.7746,0.1605,0.0,0.0221,0.0,0.0733,0.4162,0.3,0.0,0.0,1.0,0.0,0.0,0.6336,False,False,False,False,无明确战法态,27.02,8.04,31.65,False,7370.7,,大飞机/国防军工/成飞概念,
300697,,1.0,1.0,0.7064,0.4064,0.0,0.3279,0.2685,0.6,0.0016,0.0,1.0,0.0,0.7,0.5428,False,False,False,False,B1候B2,15.1,2.3,16.55,False,5001.7,,石墨烯/金属铜,
300698,,0.019,0.9244,0.6816,0.0,0.0,0.7145,0.1624,0.0,0.0,0.0,0.0,0.0,0.0,0.5568,False,False,False,False,无明确战法态,28.16,3.45,33.5,False,3375.8,,,
300699,,0.0,0.4906,0.5352,0.0,0.0,0.0,0.4346,0.0,0.313,0.0,0.0,0.5,0.0,0.4918,False,False,False,False,无明确战法态,30.12,6.06,31.09,False,24740.9,,国防军工/高铁/PEEK材料,
300700,,0.389,0.7458,0.5671,1.0,1.0,0.5506,0.3615,0.0,1.0,1.0,1.0,0.0,0.7,0.3539,False,False,False,False,B1候B2,21.25,4.53,19.89,True,5951.1,,光刻胶,
300701,,0.4455,0.7343,0.6225,0.0,0.0,0.4336,0.1365,0.0,0.0,0.0,0.0,0.0,0.0,0.4645,False,False,False,False,无明确战法态,9.79,4.59,10.84,False,2455.7,,,
300702,,0.0,1.0,0.7664,0.2682,1.0,0.46,0.5339,0.3,0.819,0.0,0.0,1.0,0.0,0.3315,False,False,False,False,无明确战法态,21.94,2.52,20.84,True,4616.4,,合成生物/医药电商,
300703,,0.0,1.0,0.7915,0.0,0.0,0.6378,0.2611,0.3,0.0,0.0,0.0,0.0,0.0,0.4632,False,False,False,False,无明确战法态,13.39,2.14,16.38,False,2226.4,,托育服务,
300705,,0.0,1.0,0.8022,0.0,0.0,0.3305,0.4336,0.3,0.0,0.0,0.0,0.5,0.0,0.244,False,False,False,False,无明确战法态,10.63,1.72,11.58,False,3921.3,,仿制药一致性评价/肝炎概念/幽门螺杆菌概念,
300706,,0.4569,0.4714,0.3958,1.0,1.0,0.5836,0.7471,0.3,1.0,1.0,0.0,1.0,0.7,0.3165,False,False,False,False,无明确战法态,72.37,-6.17,61.6,True,82.2,,专精特新/超导概念/钒电池,
300707,,0.0,0.9022,0.7317,0.0,0.0,0.388,0.1661,0.3,0.0,0.0,0.0,0.0,0.0,0.5944,False,False,False,False,无明确战法态,11.84,3.59,13.44,False,1726.3,,,
300708,,0.0,1.0,0.8267,0.0,0.0,0.7904,0.3102,0.0,0.0,0.0,0.0,0.5,0.0,0.3452,False,False,False,False,无明确战法态,8.11,0.37,8.86,False,5815.0,,,
300709,,1.0,1.0,0.559,1.0,1.0,0.6369,0.3627,0.0,0.6226,0.0,0.0,0.5,0.7,0.47,True,False,False,False,B1候B2,50.8,2.13,51.42,False,7583.6,,无线耳机/减速器/智能音箱,
300710,,1.0,1.0,0.836,0.6935,0.0,0.8696,0.36,0.0,0.0,0.0,0.0,0.0,0.7,0.3031,False,False,False,False,B1候B2,30.65,-2.08,34.73,False,2285.9,,电子竞技/手机游戏/WiFi 6,
300711,,0.0,0.9271,0.7208,0.0,0.0,0.4262,0.1615,0.3,0.0,0.0,0.0,0.0,0.0,0.5616,False,False,False,False,无明确战法态,16.55,3.44,19.71,False,4111.4,,国防军工/语音技术,
300712,,0.0,0.9619,0.6494,0.0,0.0,0.5243,0.222,0.0,0.0853,0.0,0.0,0.5,0.0,0.4172,False,False,False,False,无明确战法态,22.38,3.23,23.71,False,4179.2,,光伏/柔性直流输电,
300713,,0.2541,1.0,0.7632,0.0,0.0,0.5109,0.1431,0.0,0.0,0.0,0.0,0.0,0.0,0.5065,False,False,False,False,无明确战法态,12.97,2.37,15.1,False,1159.6,,柔性直流输电,
300715,,0.2698,1.0,0.6502,1.0,0.0,0.825,0.2077,0.3,0.0874,0.0,0.0,0.0,0.7,0.3651,False,False,False,False,无明确战法态,16.23,-2.11,17.96,False,5233.2,,专精特新/核电/OLED,
300716,,0.0197,0.1584,0.3395,1.0,1.0,0.0,0.7326,0.6,1.0,0.0,0.0,1.0,0.7,0.3102,False,False,True,False,无明确战法态,24.43,8.05,18.35,True,3909.3,,碳中和/光伏/光伏概念,
300717,,0.0,1.0,0.4749,0.3252,1.0,0.0,0.6245,0.3,1.0,0.0,0.0,1.0,0.0,0.2969,False,False,False,False,无明确战法态,21.98,-2.74,19.78,True,22.4,,专精特新/电子身份证/ETC,
300718,,0.0,0.0,0.0,0.0,0.0,0.0,0.3628,0.6,1.0,0.0,0.0,0.5,0.0,0.4525,False,False,False,False,无明确战法态,77.23,20.0,70.07,True,15187.8,,,
300719,,0.0227,0.943,0.6801,0.0,0.0,0.4467,0.1606,0.3,0.0,0.0,0.0,0.0,0.0,0.5103,False,False,False,False,无明确战法态,12.06,3.34,13.68,False,21.7,,大飞机/国防军工/成飞概念,
300720,,0.0,0.4013,0.4689,1.0,1.0,0.4984,0.6942,0.6,1.0,0.0,0.0,1.0,0.7,0.2638,False,False,False,False,无明确战法态,108.11,-6.59,75.22,True,19907.9,,物联网/股权转让(并购重组),
300721,,0.1038,0.0,0.3875,1.0,1.0,0.6451,0.3636,0.0,1.0,1.0,0.0,1.0,0.7,0.4274,False,False,False,False,无明确战法态,32.16,-9.92,28.62,True,4449.4,,环氧丙烷/染料,
300722,,0.0,0.7352,0.6305,0.0,0.0,0.2468,0.3389,0.9,0.0,0.0,0.0,0.0,0.0,0.5855,False,False,False,False,无明确战法态,23.02,4.59,25.46,False,63.7,,大飞机/国防军工/民爆概念,
300723,,0.0,0.8238,0.4876,0.3392,0.9461,0.2636,0.3802,0.6,1.0,0.0,0.0,1.0,0.0,0.3377,False,False,False,False,无明确战法态,41.29,4.06,36.75,True,17308.3,,生物疫苗/重组蛋白/猴痘概念,
300724,,0.0,1.0,0.6036,0.0,0.0,0.4197,0.205,0.0,0.0,0.0,0.0,0.5,0.0,0.5475,False,False,False,False,无明确战法态,71.11,1.4,83.3,False,20648.2,,光伏/HIT电池/BC电池,
300725,,0.0,1.0,0.7246,0.137,1.0,0.2901,0.3797,0.6,0.7993,0.0,0.0,1.0,0.0,0.3454,False,False,False,False,无明确战法态,37.33,1.47,35.89,True,7567.6,,CXO概念/CRO概念/合成生物,
300726,,1.0,0.6567,0.553,1.0,1.0,0.7301,0.4389,0.3,1.0,1.0,0.0,0.5,0.7,0.4362,False,False,False,False,无明确战法态,77.87,-5.06,69.51,True,16698.3,,大飞机/国防军工/海工装备,
300727,,0.0,0.2504,0.5174,0.6462,1.0,0.2507,0.5226,0.6,0.806,0.0,0.0,1.0,0.7,0.3428,False,False,False,False,无明确战法态,35.78,-7.5,34.96,True,5800.5,,东数西算(算力)/硅能源/染料,
300729,,0.0,1.0,0.7219,0.0,0.0,0.3945,0.1375,0.0,0.0,0.0,0.0,0.0,0.0,0.4852,False,False,False,False,无明确战法态,10.06,2.34,11.21,False,3308.9,,,
300730,,0.4768,1.0,0.7457,0.3654,0.0,0.8749,0.1781,0.3,0.1746,0.0,0.0,0.5,0.0,0.3901,False,False,False,False,无明确战法态,13.32,-2.27,14.03,False,27.5,,电子身份证/家庭医生,
300731,,0.858,1.0,0.6559,0.0,0.0,0.6201,0.107,0.0,0.0,0.0,0.0,0.0,0.0,0.5801,False,False,False,False,无明确战法态,53.27,-0.02,65.11,False,6401.9,,汽车热管理/小米汽车,
300732,,0.0,1.0,0.662,0.0,0.0,0.5226,0.1638,0.0,0.0,0.0,0.0,0.0,0.0,0.4818,False,False,False,False,无明确战法态,5.88,2.8,6.57,False,2177.1,,,
300733,,0.1421,1.0,0.7227,0.0,0.0,0.7573,0.375,0.3,0.0,0.0,0.0,0.0,0.0,0.5572,False,False,False,False,无明确战法态,12.38,0.98,15.26,False,2791.8,,成飞概念/航空发动机,
300735,,0.0,1.0,0.5463,0.3414,0.8506,0.5287,0.2198,0.0,0.538,0.0,0.0,0.5,0.0,0.4127,False,False,False,False,无明确战法态,22.2,2.78,22.23,False,16814.7,,光伏概念/华为概念/小米概念,
300736,,1.0,1.0,0.5598,1.0,0.0,0.8675,0.2635,0.0,0.6867,0.0,0.0,0.5,0.7,0.4712,False,False,False,False,无明确战法态,29.45,0.24,30.61,False,3677.9,,苹果概念/区块链,
300737,,0.7759,1.0,0.7748,0.6334,0.0,0.8557,0.3155,0.3,0.2977,0.0,0.0,0.5,0.7,0.3448,False,False,False,False,B1候B2,6.72,-1.32,7.17,False,5959.9,,融资融券/海峡两岸/核电,
300738,,0.0,1.0,0.5981,0.0,0.0,0.7114,0.1924,0.3,0.1024,0.0,0.0,0.5,0.0,0.3705,False,False,False,False,无明确战法态,20.36,-2.58,21.93,False,20052.2,,光伏/快手概念,
300739,,0.1193,1.0,0.5756,1.0,1.0,0.8128,0.4585,0.3,1.0,0.0,0.0,1.0,0.7,0.3263,False,False,False,False,无明确战法态,32.67,-0.49,30.67,True,9898.2,,东数西算(算力)/共封装光学(CPO)/PCB概念,
300740,,0.0,1.0,0.3743,0.0,0.0,0.0,0.2463,0.3,0.6262,0.0,0.0,0.0,0.0,0.3839,False,False,False,False,无明确战法态,22.49,0.99,22.4,True,8125.7,,毛发医疗/网红经济,
300741,,0.0,0.8742,0.4994,0.0,0.0,0.0,0.2653,0.3,0.0,0.0,0.0,0.0,0.0,0.4449,False,False,False,False,无明确战法态,13.54,3.75,14.79,False,8339.0,,人造肉/烟草,
300743,,0.3712,1.0,0.8127,0.0,0.0,0.5335,0.21,0.0,0.0,0.0,0.0,0.0,0.0,0.4973,False,False,False,False,无明确战法态,15.22,1.81,17.13,False,1939.2,,专精特新,
300745,,0.0,0.0,0.0,1.0,0.8224,0.0,0.4173,0.9,1.0,0.0,0.0,0.5,0.7,0.414,False,False,False,False,无明确战法态,47.99,11.32,40.08,True,6825.6,,高压快充/无线充电/小米汽车,
300746,,0.0,1.0,0.7259,0.0,0.0,0.6658,0.1758,0.0,0.0,0.0,0.0,0.0,0.0,0.4402,False,False,False,False,无明确战法态,10.93,2.15,11.71,False,2443.4,,垃圾分类/污水处理/建筑节能,
300747,,1.0,1.0,0.6331,1.0,1.0,0.8009,0.2772,0.3,0.9243,1.0,0.0,0.5,0.7,0.4223,True,False,False,False,B1候B2,45.36,-2.09,44.88,True,23676.9,,BC电池/数字水印/TOPCON电池,
300748,,0.0,0.8687,0.5758,0.2198,0.5698,0.0,0.5005,0.6,0.9445,0.0,0.0,0.5,1.0,0.4409,False,False,False,False,无明确战法态,34.25,3.79,32.61,True,38767.1,,,
300749,,0.0,0.7051,0.6846,0.4681,1.0,0.6635,0.312,0.0,1.0,0.0,0.0,1.0,0.0,0.3609,False,False,False,False,无明确战法态,24.56,-4.77,24.0,True,3865.6,,,
300750,,0.4377,1.0,0.8439,0.3776,0.0,0.6764,0.2075,0.0,0.3021,0.0,0.0,0.0,0.0,0.3834,False,False,False,False,无明确战法态,380.0,-0.61,399.89,False,16175.3,,钠电池/固态电池/动力电池回收,
300751,,0.0,1.0,0.5967,0.3914,1.0,0.6901,0.3574,0.0,1.0,0.0,0.0,1.0,0.0,0.2926,False,False,False,False,无明确战法态,265.01,-0.5,246.54,True,51107.0,,光伏/HIT电池/新型工业化,
300752,,0.0,1.0,0.7399,0.0,0.0,0.5667,0.2759,0.3,0.0,0.0,0.0,0.5,0.0,0.476,False,False,False,False,无明确战法态,14.4,-1.44,15.98,False,2264.9,,AI PC/量子科技/小米汽车,
300753,,0.0738,1.0,0.6955,0.0,0.0,0.3165,0.3297,0.3,0.0,0.0,0.0,0.0,0.0,0.3954,False,False,False,False,无明确战法态,20.69,2.73,23.56,False,1832.4,,专精特新/三胎概念/血氧仪,
300755,,0.6249,1.0,0.6839,0.0,0.0,0.7978,0.1642,0.0,0.0,0.0,0.0,0.0,0.7,0.5529,False,False,False,False,无明确战法态,11.44,0.44,14.16,False,4765.7,,,
300756,,0.0,1.0,0.7013,0.0,0.0,0.2396,0.312,0.6,0.0,0.0,0.0,1.0,0.0,0.4632,False,False,False,False,无明确战法态,32.53,1.91,38.25,False,4461.1,,,
300757,,1.0,0.9792,0.6681,1.0,0.0,0.7144,0.2343,0.0,0.2215,0.0,0.0,0.0,0.7,0.4659,False,False,False,False,无明确战法态,512.73,-3.13,567.27,False,78440.0,,光伏/HIT电池/BC电池,
300758,,0.8428,0.7082,0.62,0.0,0.0,0.7287,0.3034,0.0,0.0,0.0,0.0,0.5,0.0,0.5464,False,False,False,False,无明确战法态,12.03,-4.75,13.47,False,4327.7,,专精特新/光刻胶/染料,
300759,,0.0,1.0,0.6954,0.1888,1.0,0.2237,0.9197,0.3,1.0,0.0,0.0,1.0,0.0,0.2913,False,False,False,False,无明确战法态,29.57,1.58,26.24,True,41990.3,,CXO概念/CRO概念/创新药,
300760,,0.0,1.0,0.7337,0.0,0.0,0.3165,0.2459,0.0,0.0,0.0,0.0,0.5,0.0,0.4027,False,False,False,False,无明确战法态,140.02,0.59,150.91,False,169617.5,,宠物经济/同花顺出海50/同花顺漂亮100,
300761,,0.0,1.0,0.7759,0.0,0.0,0.5831,0.4447,0.3,0.1742,0.0,0.0,0.5,0.0,0.4589,False,False,False,False,无明确战法态,17.93,0.45,18.81,False,11441.8,,养鸡,
300762,,0.0,0.5909,0.4727,0.6846,1.0,0.2492,0.4274,0.9,1.0,0.0,1.0,1.0,0.0,0.3007,False,False,False,False,无明确战法态,46.4,5.45,40.25,True,29137.6,,专精特新/军民融合/卫星导航,
300763,,0.9132,1.0,0.7069,0.1187,0.0,0.7405,0.1554,0.3,0.0,0.0,0.0,0.0,0.0,0.4899,False,False,False,False,无明确战法态,76.24,-2.85,93.56,False,24518.3,,光伏,
300765,,0.0,0.4272,0.3061,0.0,1.0,0.0,0.5423,0.0,1.0,0.0,0.0,1.0,0.0,0.35,False,False,False,False,无明确战法态,36.71,6.44,28.48,True,51562.6,,生物疫苗/创新药,
300766,,0.5459,1.0,0.8376,0.0,0.0,0.727,0.1875,0.0,0.0,0.0,0.0,0.0,0.0,0.5105,False,False,False,False,无明确战法态,21.21,-0.66,27.51,False,75.9,,AI语料/快手概念,
300767,,0.2079,1.0,0.5571,0.7009,1.0,0.3246,0.5272,0.3,1.0,0.0,0.0,0.5,0.0,0.3401,False,False,False,False,无明确战法态,23.62,2.56,21.77,True,5666.2,,雄安新区/核电/液冷服务器,
300768,,0.0,1.0,0.6212,0.0,0.0,0.0,0.2031,0.3,0.0573,0.0,0.0,0.0,0.0,0.4483,False,False,False,False,无明确战法态,14.7,-1.74,15.64,False,6183.8,,ETC/国产操作系统/数字水印,
300769,,0.4269,0.8538,0.6133,1.0,0.8388,0.7201,0.3183,0.0,0.9663,1.0,0.0,0.5,0.7,0.3975,False,False,False,False,B1候B2,64.46,-3.88,63.33,True,16234.9,,专精特新,
300770,,0.206,1.0,0.8535,0.0,0.0,0.6555,0.2683,0.3,0.0,0.0,0.0,0.0,0.0,0.4674,False,False,False,False,无明确战法态,32.56,0.8,35.8,False,74.2,,电子竞技/短剧游戏/快手概念,
300771,,0.0,1.0,0.7535,0.0,0.0,0.534,0.2543,0.0,0.0,0.0,0.0,0.0,0.0,0.5733,False,False,False,False,无明确战法态,11.09,2.5,12.12,False,19.8,,无人零售,
300772,,0.0,1.0,0.7613,0.0,0.0,0.4431,0.2168,0.0,0.0,0.0,0.0,0.5,0.0,0.4829,False,False,False,False,无明确战法态,12.19,1.5,14.27,False,8506.0,,,
300773,,0.4348,1.0,0.7837,0.0,0.0,0.5319,0.2052,0.3,0.0,0.0,0.0,0.0,0.0,0.5046,False,False,False,False,无明确战法态,15.6,1.23,22.24,False,11461.7,,鸿蒙概念/参股保险/互联网金融,
300774,,0.7653,1.0,0.7321,0.0,0.0,0.7508,0.1693,0.0,0.0,0.0,0.0,0.0,0.0,0.5713,False,False,False,False,单针探底,10.95,0.0,14.52,False,2133.9,,金属锌,
300775,,0.0,0.4459,0.4837,0.0,0.0,0.1359,0.1974,0.6,0.0,0.0,0.0,0.5,0.0,0.548,False,False,False,False,无明确战法态,23.2,6.32,26.69,False,12334.1,,专精特新,
300776,,0.0135,1.0,0.2593,1.0,1.0,0.6808,0.3078,0.0,1.0,0.0,0.0,1.0,0.7,0.3197,False,False,False,False,无明确战法态,182.6,-2.04,150.35,True,30692.3,,光伏/HIT电池/光伏概念,
300777,,0.0,0.0,0.0,0.0,0.0,0.0,0.1749,0.3,0.0656,0.0,0.0,0.0,0.0,0.4989,False,False,False,False,无明确战法态,30.25,14.5,32.22,False,127.8,,专精特新/碳纤维,
300778,,0.0,0.4561,0.2711,0.0,0.0,0.2462,0.2142,0.9,0.0,0.0,0.0,0.5,0.0,0.4788,False,False,False,False,无明确战法态,10.01,6.26,11.29,False,2038.1,,,
300779,,0.0,0.0,0.0,0.0,0.0,0.2015,0.2426,0.3,0.0,0.0,0.0,0.0,0.0,0.5839,False,False,False,False,无明确战法态,59.27,20.0,70.63,False,9537.4,,固废处理,
300780,,0.0,1.0,0.4221,1.0,1.0,0.192,0.3375,0.3,1.0,0.0,0.0,1.0,0.7,0.371,False,False,False,False,无明确战法态,35.27,2.59,29.2,True,3800.5,,专精特新/农机,
300781,,0.0,0.1356,0.5924,0.0,0.0,0.0,0.1929,0.3,0.0,0.0,0.0,0.0,0.0,0.48,False,False,False,False,无明确战法态,26.58,-8.19,31.61,False,3220.0,,短剧游戏/快手概念/NFT概念,
300782,,0.9049,0.9909,0.6348,0.6589,0.1454,0.7611,0.2329,0.3,0.432,0.0,0.0,0.5,0.0,0.4088,False,False,False,False,无明确战法态,98.39,-3.05,103.01,False,441.0,,无线耳机/同花顺漂亮100/WiFi 6,
300783,,0.0,1.0,0.8465,0.0,0.0,0.7476,0.4667,0.0,0.0,0.0,0.0,0.0,1.0,0.3988,False,False,False,False,无明确战法态,16.51,0.06,17.85,False,4627.5,,专精特新,
300784,,0.2219,1.0,0.7879,0.0,0.0,0.5762,0.2465,0.3,0.012,0.0,0.0,0.0,0.0,0.4324,False,False,False,False,无明确战法态,43.82,0.3,47.12,False,741.8,,三胎概念/旅游概念,
300785,,0.5254,0.871,0.7238,0.0,0.0,0.5827,0.1843,0.0,0.0,0.0,0.0,0.0,0.0,0.5466,False,False,False,False,无明确战法态,36.46,-3.77,44.53,False,4744.0,,AI语料/电子竞技/快手概念,
300786,,0.6643,0.6418,0.5904,1.0,1.0,0.4826,0.4569,0.0,1.0,1.0,0.0,1.0,0.7,0.4381,False,False,False,False,无明确战法态,21.92,-5.15,19.93,True,3215.8,,专精特新/光刻机/空气能热泵,
300787,,0.3873,0.9304,0.6766,0.0,0.0,0.235,0.228,0.0,0.0,0.0,0.0,0.5,0.0,0.402,False,False,False,False,无明确战法态,9.38,3.42,10.22,False,1843.5,,无线充电,
300788,,0.0,1.0,0.8004,0.0,0.0,0.7774,0.1812,0.3,0.0,0.0,0.0,0.0,0.0,0.5303,False,False,False,False,无明确战法态,24.03,1.31,27.58,False,4569.3,,知识产权保护,
300789,,0.0,1.0,0.7166,0.0,0.0,0.5396,0.2154,0.0,0.0,0.0,0.0,0.0,0.0,0.4926,False,False,False,False,无明确战法态,17.85,2.53,20.17,False,2491.5,,钒电池,
300790,,0.8547,1.0,0.629,0.1388,0.0,0.5959,0.2279,0.3,0.0,0.0,0.0,0.5,0.0,0.4789,False,False,False,False,无明确战法态,24.3,1.67,26.6,False,111.6,,华为概念/小米概念/汽车电子,
300791,,0.089,1.0,0.8605,0.0,0.0,0.8514,0.3131,0.6,0.0,0.0,0.0,0.0,0.0,0.3604,False,False,False,False,无明确战法态,16.33,0.49,17.91,False,4203.8,,宠物经济,
300792,,0.2741,1.0,0.7963,0.0,0.0,0.6064,0.076,0.3,0.0,0.0,0.0,0.0,0.0,0.5276,False,False,False,False,无明确战法态,26.22,-1.09,31.72,False,5597.1,,快手概念/网红经济,
300793,,0.3409,1.0,0.8145,0.0,0.0,0.5047,0.1196,0.0,0.0,0.0,0.0,0.0,0.0,0.517,False,False,False,False,无明确战法态,11.31,1.53,13.15,False,4208.3,,换电概念/两轮车/血氧仪,
300795,,0.0,1.0,0.8229,0.0,0.0,0.8062,0.1187,0.0,0.0,0.0,0.0,0.0,0.0,0.6044,False,False,False,False,无明确战法态,8.81,1.73,10.08,False,1532.8,,,
300796,,0.0,1.0,0.8459,0.0,0.0,0.6683,0.1114,0.3,0.0,0.0,0.0,0.0,0.0,0.5713,False,False,False,False,无明确战法态,6.62,2.0,7.56,False,2390.8,,,
300797,,0.0,1.0,0.7545,0.0,0.0,0.2851,0.3862,0.3,0.2053,0.0,0.0,0.0,0.0,0.452,False,False,False,False,无明确战法态,13.98,0.94,14.61,False,5291.3,,大飞机/食品安全,
300798,,0.2674,1.0,0.7715,0.0,0.0,0.7008,0.1854,0.0,0.0,0.0,0.0,0.0,0.0,0.533,False,False,False,False,无明确战法态,6.65,-0.89,8.11,False,27.0,,染料,
300800,,0.0,0.7281,0.6281,0.0,0.0,0.2461,0.1287,0.0,0.0,0.0,0.0,0.0,0.0,0.6205,False,False,False,False,无明确战法态,9.94,4.63,10.76,False,2329.8,,专精特新/PM2.5,
300801,,0.0,0.0,0.2798,0.6774,1.0,0.0,0.5267,0.0,1.0,0.0,0.0,1.0,0.0,0.3933,False,False,False,False,无明确战法态,31.32,-10.49,29.07,True,4293.7,,丙烯酸/氟化工概念/光刻胶,
300802,,0.0,1.0,0.5289,1.0,0.9305,0.71,0.5395,0.3,0.9431,1.0,0.0,0.0,0.7,0.3242,False,False,False,False,无明确战法态,24.0,2.17,23.15,True,46.7,,光伏概念/小米概念/汽车电子,
300803,,1.0,1.0,0.7505,0.1476,0.2657,0.6749,0.2573,0.9,0.0,0.0,0.0,0.5,0.0,0.485,False,False,False,False,无明确战法态,87.54,-1.63,97.58,False,52991.4,,参股券商/互联网金融,
300804,,0.0,0.2752,0.3798,0.0,0.0,0.2528,0.1858,0.3,0.0,0.0,0.0,0.0,0.0,0.5281,False,False,False,False,无明确战法态,34.62,7.35,39.05,False,952.1,,,
300805,,0.0,1.0,0.733,0.0,0.0,0.4878,0.2252,0.0,0.0,0.0,0.0,0.0,0.0,0.5341,False,False,False,False,无明确战法态,7.56,0.93,8.93,False,2179.9,,,
300806,,0.8728,0.9597,0.4835,1.0,1.0,0.5636,0.2945,0.0,1.0,1.0,0.0,1.0,0.7,0.3916,False,False,False,False,无明确战法态,94.91,-3.24,85.34,True,31017.0,,专精特新/无线耳机/光刻胶,
300807,,0.0,1.0,0.1895,0.0,0.0,0.7976,0.2268,0.0,0.0,0.0,0.0,0.5,0.0,0.447,False,False,False,False,无明确战法态,40.03,1.39,44.89,False,2079.2,,EDR概念/ERP概念,
300808,,0.3418,1.0,0.7656,0.0,0.0,0.7856,0.3131,0.0,0.0,0.0,0.0,0.0,0.0,0.395,False,False,False,False,无明确战法态,22.1,-0.36,24.58,False,2627.7,,,
300809,,0.0,0.0,0.0631,0.0,0.0,0.3227,0.3836,0.6,0.0,0.0,0.0,0.0,0.0,0.5221,False,False,False,False,无明确战法态,30.29,11.73,32.74,False,4560.8,,专精特新/光刻机,
300810,,0.0,0.6922,0.5665,0.0,0.0,0.149,0.2808,0.6,0.0,0.0,1.0,0.0,0.0,0.4529,False,False,False,False,无明确战法态,25.96,4.85,28.93,False,2959.6,,专精特新,
300811,,0.9765,0.576,0.5778,0.7731,0.4716,0.4949,0.2519,0.3,0.3065,0.0,0.0,0.5,0.7,0.5818,False,False,False,False,B1候B2,87.4,-5.54,92.94,False,20775.3,,专精特新,
300812,,0.0,0.7971,0.614,0.0,0.0,0.6262,0.3391,0.9,0.0,0.0,0.0,0.0,1.0,0.5511,False,False,False,False,无明确战法态,26.8,-4.22,32.47,False,2568.3,,专精特新/华为概念/第三代半导体,
300813,,0.0,1.0,0.6894,0.0,0.0,0.2822,0.26,0.3,0.0,0.0,0.0,0.5,0.0,0.3076,False,False,False,False,无明确战法态,20.52,2.81,21.91,False,1560.6,,食品安全/细胞免疫治疗,
300814,,1.0,1.0,0.5178,1.0,1.0,0.6873,0.6207,0.0,1.0,1.0,0.0,0.5,0.7,0.3734,True,False,False,False,B1候B2,173.65,-0.09,154.57,True,33241.8,,铜缆高速连接,
300815,,0.0,0.6395,0.5727,0.0,0.0,0.1919,0.1955,0.0,0.0,0.0,0.0,0.0,0.0,0.5074,False,False,False,False,无明确战法态,17.72,5.16,19.64,False,6949.1,,垃圾分类/数字乡村,
300816,,0.9615,1.0,0.7257,0.5271,0.0,0.8472,0.2091,0.3,0.0,0.0,0.0,0.0,0.7,0.4318,False,False,False,False,无明确战法态,68.6,-0.28,78.58,False,38.9,,专精特新,
300817,,0.0,0.0,0.0,0.0,0.0,0.0,0.2921,0.3,0.6488,0.0,0.0,0.0,0.0,0.4723,False,False,False,False,无明确战法态,18.85,16.5,18.34,True,23.6,,,
300818,,0.374,0.9632,0.6902,0.0,0.0,0.4189,0.2241,0.0,0.0,0.0,0.0,0.0,0.0,0.5739,False,False,False,False,无明确战法态,19.55,3.22,23.72,False,27.8,,专精特新,
300819,,0.661,0.654,0.0269,1.0,1.0,0.4678,0.2582,0.0,1.0,1.0,0.0,0.5,0.7,0.409,False,False,False,False,无明确战法态,69.97,5.08,66.19,True,9429.3,,体育产业,
300820,,0.9383,0.3247,0.4027,1.0,1.0,0.5826,0.455,0.0,1.0,1.0,0.0,1.0,0.7,0.5051,False,False,False,False,无明确战法态,72.1,-7.05,67.42,True,8059.3,,专精特新/光伏/充电桩,
300821,,0.0,0.0,0.328,1.0,1.0,0.5669,0.7138,0.6,1.0,0.0,0.0,1.0,0.7,0.3551,False,False,False,False,无明确战法态,19.5,-9.01,17.29,True,234.0,,硅能源/燃料电池/有机硅概念,
300822,,0.0,0.87,0.685,0.0,0.0,0.3389,0.1758,0.3,0.0,0.0,0.0,0.0,0.0,0.4976,False,False,False,False,无明确战法态,12.08,3.78,13.53,False,3490.9,,,
300823,,0.0,1.0,0.557,0.0,0.0,0.5558,0.1989,0.0,0.1779,0.0,0.0,0.0,0.0,0.5019,False,False,False,False,无明确战法态,15.41,2.39,16.32,False,1306.6,,专精特新,
300824,,0.0,0.9841,0.7218,0.0,0.0,0.4102,0.2858,0.0,0.0,0.0,0.0,0.0,0.0,0.5273,False,False,False,False,无明确战法态,7.66,3.1,8.6,False,2443.3,,,
300825,,1.0,0.8368,0.6659,1.0,1.0,0.7142,0.3283,0.0,0.4869,0.0,0.0,0.0,0.7,0.5007,False,False,False,False,B1候B2,13.03,-3.98,13.55,False,6312.9,,,
300826,,0.873,1.0,0.7176,0.0,0.0,0.7297,0.3931,0.6,0.0,0.0,0.0,0.0,0.0,0.4471,False,False,False,False,无明确战法态,13.39,-2.19,15.77,False,2271.8,,地下管网/时空大数据/元宇宙,
300827,,0.9698,0.7344,0.6561,0.0,0.0,0.6714,0.2028,0.0,0.0,0.0,0.0,0.0,0.0,0.6787,False,False,False,False,无明确战法态,27.0,-4.59,32.89,False,104.5,,专精特新/光伏,
300828,,0.0,1.0,0.8034,0.2532,0.1681,0.7705,0.2015,0.6,0.3344,0.0,0.0,1.0,0.0,0.3967,False,False,False,False,无明确战法态,19.46,-1.07,20.38,False,1641.8,,,
300829,,0.0,1.0,0.7668,0.0,0.0,0.799,0.1669,0.0,0.0,0.0,0.0,0.0,0.0,0.5649,False,False,False,False,无明确战法态,14.32,2.21,16.55,False,22.4,,土地流转,
300830,,0.416,1.0,0.6612,0.0,0.0,0.5175,0.2007,0.0,0.0,0.0,0.0,0.0,0.0,0.5568,False,False,False,False,无明确战法态,7.95,1.02,9.61,False,2679.8,,换电概念,
300831,,0.7707,0.8086,0.5022,0.6844,0.0,0.9254,0.4868,0.3,0.5708,0.0,1.0,0.5,0.7,0.3611,False,False,False,False,无明确战法态,18.83,4.15,19.54,False,3473.8,,ST板块/柔性直流输电,
300832,,0.0,1.0,0.7421,0.0,0.0,0.3342,0.291,0.3,0.2315,0.0,0.0,0.5,0.0,0.4102,False,False,False,False,无明确战法态,44.3,0.23,45.54,False,30262.3,,肝炎概念/猴痘概念,
300833,,0.0,1.0,0.6629,0.0,0.0,0.0,0.2504,0.6,0.0081,0.0,0.0,0.0,0.0,0.4545,False,False,False,False,无明确战法态,31.67,0.09,34.03,False,2573.4,,专精特新,
300834,,0.2109,1.0,0.5586,1.0,0.0,0.711,0.3379,0.3,0.8779,1.0,0.0,0.0,0.7,0.334,False,False,False,False,无明确战法态,43.35,0.0,43.06,True,8323.1,,粤港澳大湾区,
300835,,1.0,0.5504,0.6132,1.0,1.0,0.4956,0.2569,0.3,1.0,1.0,0.0,0.5,0.7,0.4502,False,False,False,False,无明确战法态,190.5,-5.7,172.31,True,15839.0,,专精特新,
300836,,0.4151,0.1841,0.1231,0.892,0.6788,0.3539,0.152,0.0,0.9693,1.0,1.0,0.5,0.7,0.2769,False,False,False,False,无明确战法态,71.2,7.9,69.49,True,4517.8,,民爆概念,
300837,,0.1616,0.898,0.6472,0.0,0.0,0.4199,0.1081,0.0,0.0,0.0,0.0,0.0,0.0,0.6289,False,False,False,False,无明确战法态,24.67,3.61,30.04,False,1864.9,,,
300838,,0.0,1.0,0.7473,0.0,0.0,0.7109,0.0351,0.0,0.0,0.0,0.0,0.0,0.0,0.5362,False,False,False,False,无明确战法态,13.27,0.61,15.36,False,1351.0,,专精特新,
300839,,0.4558,1.0,0.8154,0.0,0.0,0.7942,0.0642,0.0,0.0,0.0,0.0,0.0,0.0,0.5214,False,False,False,False,无明确战法态,11.94,0.17,14.3,False,3462.8,,专精特新,
300840,,0.0,0.8092,0.6546,0.4853,0.761,0.543,0.2176,0.6,1.0,0.0,0.0,0.5,0.7,0.3636,False,False,False,False,无明确战法态,24.12,4.15,21.34,True,4281.7,,网红经济,
300841,,0.0,1.0,0.6839,0.0,0.0883,0.4942,0.3093,0.6,0.0,0.0,0.0,1.0,0.0,0.4074,False,False,False,False,无明确战法态,48.21,-1.05,51.09,False,5860.6,,生物疫苗/动物疫苗/合成生物,
300842,,0.8308,1.0,0.5497,0.1961,0.3941,0.5995,0.1617,0.3,0.3106,0.0,0.0,0.5,1.0,0.4156,False,False,False,False,无明确战法态,81.81,-2.72,87.57,False,10563.4,,专精特新/光伏/HIT电池,
300843,,0.0,1.0,0.5239,1.0,1.0,0.6168,0.4248,0.3,1.0,0.0,0.0,1.0,0.7,0.2788,False,False,False,False,无明确战法态,151.46,-0.22,105.56,True,24309.6,,飞行汽车(eVTOL)/高压快充/铜缆高速连接,
300844,,0.0,0.7913,0.5643,0.0,0.0,0.5127,0.1509,0.3,0.0,0.0,0.0,0.0,0.0,0.5844,False,False,False,False,无明确战法态,23.29,4.25,28.15,False,2092.6,,旅游概念,
300845,,0.9466,1.0,0.6745,0.5893,0.0,0.7654,0.1655,0.3,0.1854,0.0,0.0,0.0,0.7,0.509,False,False,False,False,无明确战法态,12.8,0.79,13.66,False,1899.1,,,
300846,,0.5653,1.0,0.6834,0.0,0.0,0.7413,0.2145,0.3,0.0,0.0,0.0,0.0,0.0,0.4454,False,False,False,False,无明确战法态,20.54,-2.47,24.79,False,8520.3,,专精特新/国产操作系统/快手概念,
300847,,0.0,1.0,0.7808,0.0,0.0,0.5149,0.2445,0.6,0.0,0.0,0.0,0.0,0.0,0.4747,False,False,False,False,无明确战法态,13.4,2.45,14.68,False,3966.5,,,
300848,,0.0858,1.0,0.8032,0.0826,0.0,0.6871,0.2626,0.3,0.0575,0.0,0.0,0.0,0.0,0.4333,False,False,False,False,无明确战法态,14.03,-1.41,15.05,False,35.5,,专精特新/染料,
300849,,0.0,1.0,0.6046,0.6247,0.4728,0.5773,0.308,0.3,1.0,0.0,0.0,0.5,0.7,0.3595,False,False,False,False,无明确战法态,23.86,2.54,22.49,True,2631.0,,,
300850,,0.0,1.0,0.6667,0.0,0.0,0.4254,0.1713,0.0,0.0,0.0,0.0,0.0,0.0,0.5077,False,False,False,False,无明确战法态,27.72,2.67,33.09,False,8526.3,,,
300851,,0.0,0.8516,0.6905,0.0,0.0,0.6759,0.0795,0.0,0.0,0.0,0.0,0.0,0.0,0.5369,False,False,False,False,无明确战法态,23.5,3.89,26.15,False,1331.6,,,
300852,,0.0,0.5058,0.4095,1.0,1.0,0.3861,0.429,0.3,1.0,0.0,0.0,1.0,0.7,0.2709,False,False,False,False,无明确战法态,68.26,-5.97,55.73,True,10577.3,,,
300853,,0.0,0.0046,0.1411,1.0,0.266,0.1351,0.4335,0.3,1.0,0.0,0.0,0.5,0.7,0.3692,False,False,False,False,无明确战法态,35.1,8.97,31.33,True,3450.8,,专精特新,
300854,,0.5553,0.5796,0.4395,0.0,0.0,0.6245,0.1994,0.0,0.0,0.0,0.0,0.0,0.0,0.7133,False,False,False,False,无明确战法态,18.99,-5.52,27.38,False,1545.7,,,
300855,,0.0,0.1176,0.1883,0.0,0.0,0.0,0.299,0.9,0.5382,0.0,0.0,0.0,0.0,0.441,False,False,False,False,无明确战法态,34.6,8.29,35.14,False,101.4,,大飞机/专精特新/特钢概念,
300856,,0.0,1.0,0.8543,0.0,0.0,0.6967,0.26,0.3,0.0,0.0,0.0,0.0,0.0,0.5936,False,False,False,False,无明确战法态,11.14,1.46,12.13,False,5121.5,,,
300857,,0.7878,1.0,0.5329,1.0,1.0,0.6798,0.3041,0.0,1.0,0.0,0.0,0.5,0.7,0.3699,True,False,False,False,B1候B2,300.41,2.32,260.65,True,144817.5,,小米概念/物联网/融资融券,
300858,,0.0,1.0,0.8056,0.0,0.0,0.7343,0.1861,0.3,0.0102,0.0,0.0,0.5,0.0,0.4026,False,False,False,False,无明确战法态,15.36,-0.45,16.49,False,30.1,,,
300859,,0.0,1.0,0.7775,0.0,0.0,0.7163,0.3482,0.3,0.0,0.0,0.0,0.5,0.0,0.3336,False,False,False,False,无明确战法态,27.52,0.95,29.67,False,4265.6,,冰雪产业,
300860,,0.0,1.0,0.7319,0.4736,0.8593,0.4498,0.3497,0.0,0.8165,0.0,0.0,0.5,1.0,0.4027,False,False,False,False,B1候B2,26.8,-1.11,25.77,True,2932.4,,,
300861,,0.9311,0.589,0.619,1.0,1.0,0.348,0.1823,0.3,1.0,1.0,0.0,0.5,0.7,0.4028,False,False,False,False,无明确战法态,22.83,-5.47,20.93,True,9631.2,,光伏,
300862,,0.0,1.0,0.8049,0.0,0.0,0.7713,0.1104,0.0,0.0,0.0,0.0,0.0,0.0,0.4161,False,False,False,False,无明确战法态,20.02,-0.69,22.34,False,3041.5,,专精特新/PM2.5,
300863,,0.7334,0.9422,0.6867,0.7855,0.0,0.5929,0.3968,0.0,0.0,0.0,0.0,0.0,0.7,0.433,False,False,False,False,无明确战法态,57.18,-3.35,65.61,False,10339.8,,铜缆高速连接,
300864,,0.2801,1.0,0.84,0.1622,0.0,0.7918,0.0885,0.0,0.0,0.0,0.0,0.0,0.0,0.5301,False,False,False,False,无明确战法态,19.46,1.51,21.3,False,3072.9,,碳中和/污水处理/水利,
300865,,0.0,0.0927,0.3722,0.0,0.0,0.0016,0.2071,0.0,0.0708,0.0,0.0,0.0,0.0,0.5705,False,False,False,False,无明确战法态,24.53,8.44,26.04,False,1524.3,,,
300866,,0.3565,0.2667,0.3693,0.2869,0.0,0.4068,0.1459,0.0,0.253,0.0,1.0,0.0,0.0,0.4723,False,False,False,False,无明确战法态,107.84,7.4,113.02,False,33163.4,,无线充电,
300867,,0.0,1.0,0.7846,0.1409,0.0,0.5675,0.2212,0.3,0.1449,0.0,0.0,0.5,0.0,0.4282,False,False,False,False,无明确战法态,18.75,-0.69,19.92,False,3593.0,,光伏/短剧游戏/生物质能发电,
300868,,0.1443,1.0,0.4265,1.0,1.0,0.6785,0.3383,0.3,1.0,0.0,0.0,0.5,0.7,0.3542,False,False,False,False,无明确战法态,147.89,1.7,114.82,True,11945.4,,,
300869,,0.0769,1.0,0.7626,0.0,0.0,0.3875,0.324,0.3,0.0,0.0,0.0,0.0,0.0,0.4256,False,False,False,False,无明确战法态,10.81,1.31,11.83,False,2855.3,,宠物经济/三胎概念/血氧仪,
300870,,1.0,1.0,0.4468,0.6177,0.0,0.5468,0.2641,0.0,0.1134,0.0,0.0,0.5,0.0,0.5528,False,False,False,False,无明确战法态,295.9,0.92,328.39,False,32258.6,,WiFi 6,
300871,,0.0,1.0,0.8047,0.1429,0.8402,0.2818,0.5634,0.3,0.7518,0.0,0.0,1.0,0.0,0.3351,False,False,False,False,无明确战法态,24.16,2.59,23.57,True,4875.1,,宠物经济/合成生物/医药电商,
300872,,0.2221,0.8257,0.6505,0.3962,0.0,0.8051,0.241,0.6,0.0,0.0,0.0,0.0,0.7,0.4791,False,False,False,False,无明确战法态,16.84,-4.05,18.27,False,71.1,,华为昇腾/数字货币/数字乡村,
300873,,0.0,0.9502,0.4402,1.0,1.0,0.0,1.0,0.6,1.0,0.0,0.0,1.0,1.0,0.1794,False,False,True,False,无明确战法态,31.0,3.3,24.76,True,5194.3,,航运概念/冷链物流/统一大市场,
300875,,0.0,0.9459,0.7314,0.0,0.0,0.5633,0.159,0.0,0.0,0.0,0.0,0.0,0.0,0.636,False,False,False,False,无明确战法态,30.77,3.32,34.45,False,2701.3,,专精特新,
300876,,0.0,1.0,0.6865,0.0,0.0,0.383,0.1826,0.3,0.0,0.0,0.0,0.0,0.0,0.5918,False,False,False,False,无明确战法态,16.13,-0.19,21.0,False,1308.5,,专精特新,
300877,,0.0,0.7951,0.2163,0.4276,0.8551,0.1334,0.4646,0.6,1.0,0.0,1.0,1.0,0.7,0.3109,False,False,False,False,无明确战法态,31.3,4.23,29.58,True,3756.0,,,
300878,,0.0,0.0,0.0519,0.938,1.0,0.0,0.3489,0.9,1.0,0.0,0.0,1.0,0.7,0.5056,False,False,False,False,无明确战法态,39.45,10.66,31.61,True,5685.7,,创新药/肝炎概念/医药电商,
300879,,0.0,0.5433,0.3998,0.0,0.0,0.0,0.2244,0.6,0.0,0.0,0.0,0.0,0.0,0.6399,False,False,False,False,无明确战法态,17.5,5.74,19.83,False,3518.0,,,
300880,,0.7371,1.0,0.8035,0.6154,0.0,0.7841,0.5407,0.3,0.1331,0.0,0.0,0.0,1.0,0.549,False,False,False,False,B1候B2,21.13,0.48,22.77,False,4122.8,,鸿蒙概念/智能电网/高压快充,
300881,,0.3015,1.0,0.782,0.0,0.0,0.3819,0.2644,1.0,0.0,0.0,0.0,0.0,0.0,0.3996,False,False,False,False,无明确战法态,39.96,0.5,44.47,False,2294.0,,专精特新/光热发电/特钢概念,
300882,,0.0571,1.0,0.8564,0.0,0.0,0.5811,0.2119,0.3,0.0,0.0,0.0,0.5,0.0,0.4194,False,False,False,False,无明确战法态,16.44,1.17,17.89,False,4378.4,,,
300883,,0.0948,0.8619,0.5304,0.2504,0.0,0.4361,0.3027,0.0,0.2337,0.0,0.0,0.0,0.0,0.4918,False,False,False,False,无明确战法态,6.28,-3.83,6.59,False,2076.6,,烟草,
300884,,0.0,0.5232,0.4872,0.0,0.0,0.0,0.3311,0.3,0.3714,0.0,0.0,0.5,0.0,0.4352,False,False,False,False,无明确战法态,11.56,5.86,11.64,False,2220.0,,专精特新/多模态AI/福建自贸区,
300885,,0.0,0.6228,0.2231,0.2265,0.0018,0.1345,0.3203,0.3,1.0,0.0,0.0,0.5,0.0,0.3844,False,False,False,False,无明确战法态,28.0,5.26,26.02,True,4676.5,,专精特新/减速器,
300886,,0.0,1.0,0.7824,0.0,0.0,0.4056,0.0684,0.0,0.0,0.0,0.0,0.0,0.0,0.5067,False,False,False,False,无明确战法态,21.08,2.68,24.14,False,989.3,,烟草,
300887,,0.0,0.9646,0.7393,0.0,0.0,0.5169,0.1623,0.3,0.0,0.0,0.0,0.0,0.0,0.5878,False,False,False,False,无明确战法态,7.39,3.21,8.62,False,26.8,,CXO概念/食品安全/基因测序,
300888,,0.0,1.0,0.8292,0.0,0.1701,0.4031,0.3525,0.3,0.222,0.0,0.0,1.0,0.0,0.3549,False,False,False,False,无明确战法态,28.88,1.33,29.64,False,16742.3,,,
300889,,0.8274,1.0,0.8951,0.3009,0.0,0.875,0.2269,0.6,0.1333,0.0,0.0,0.0,0.0,0.4973,False,False,False,False,无明确战法态,22.23,-0.09,23.93,False,3309.9,,,
300890,,0.0,0.8522,0.6415,0.3804,0.0,0.6891,0.2655,0.0,0.2983,0.0,0.0,0.0,0.0,0.4426,False,False,False,False,无明确战法态,32.89,-3.89,34.47,False,3580.6,,光伏/钠电池/硅能源,
300891,,0.5017,1.0,0.6918,0.0,0.0,0.4005,0.2016,0.3,0.0,0.0,0.0,0.0,0.0,0.4757,False,False,False,False,无明确战法态,6.57,1.23,7.5,False,2190.9,,钛白粉概念,
300892,,0.0,1.0,0.7543,0.0,0.0,0.6005,0.2,0.6,0.0,0.0,0.0,0.0,0.0,0.5791,False,False,False,False,无明确战法态,20.06,1.26,23.48,False,1323.1,,,
300893,,0.0,0.9706,0.5922,0.0,0.0,0.293,0.1633,0.6,0.0,0.0,0.0,0.0,0.0,0.4866,False,False,False,False,无明确战法态,17.54,3.18,20.09,False,4400.4,,,
300894,,0.0,1.0,0.623,0.8597,1.0,0.212,0.5762,0.9,1.0,0.0,0.0,1.0,1.0,0.2633,False,False,False,False,无明确战法态,12.45,2.05,10.87,True,3661.2,,智能家居/机器人概念/创投,
300895,,0.1959,1.0,0.7803,0.0,0.0,0.8825,0.1449,0.0,0.0,0.0,0.0,0.0,0.0,0.4859,False,False,False,False,无明确战法态,50.85,-1.42,58.19,False,7058.6,,量子科技/数据安全/数据确权,
300896,,0.0,1.0,0.7976,0.0,0.0,0.3725,0.2554,0.0,0.0,0.0,0.0,0.5,0.0,0.4513,False,False,False,False,无明确战法态,91.63,2.29,102.23,False,18733.9,,专精特新/重组蛋白/毛发医疗,
300897,,0.0,0.735,0.5688,0.0,0.0,0.6665,0.0166,0.3,0.0,0.0,0.0,0.0,0.0,0.6181,False,False,False,False,无明确战法态,15.04,4.59,19.43,False,1318.3,,专精特新,
300898,,0.0,1.0,0.826,0.0,0.0,0.7003,0.2808,0.3,0.0,0.0,0.0,0.0,0.0,0.4621,False,False,False,False,无明确战法态,19.06,1.55,21.46,False,2187.0,,,
300899,,0.1259,1.0,0.5458,0.0,0.0,0.0,0.3985,0.0,0.0,0.0,0.0,0.0,0.0,0.4246,False,False,False,False,无明确战法态,29.65,1.51,32.69,False,1284.7,,上海自贸区,
300900,,0.0,0.0638,0.1619,0.0246,0.9296,0.2018,0.4756,0.6,1.0,0.0,0.0,1.0,0.0,0.4797,False,False,False,False,无明确战法态,41.47,8.62,37.22,True,10648.9,,大飞机/专精特新/军民融合,
300901,,0.0,1.0,0.577,0.0,0.0368,0.8705,0.2634,0.3,0.3817,0.0,0.0,0.5,0.0,0.3589,False,False,False,False,无明确战法态,14.99,-0.93,15.3,False,3597.6,,多模态AI/三胎概念/新疆振兴,
300902,,0.3175,1.0,0.8487,0.0337,0.1912,0.781,0.2978,0.3,0.0,0.0,0.0,0.5,0.0,0.4519,False,False,False,False,无明确战法态,15.91,0.32,17.05,False,2015.4,,福建自贸区,
300903,,1.0,0.6411,0.1944,1.0,1.0,0.6618,0.3691,0.0,1.0,0.0,0.0,0.5,0.7,0.4041,False,False,False,False,无明确战法态,95.9,5.15,76.34,True,317.1,,专精特新/小米概念/融资融券,
300904,,0.0,0.7258,0.5387,0.0,0.0,0.4407,0.1329,0.0,0.0,0.0,0.0,0.0,0.0,0.7064,False,False,False,False,无明确战法态,42.8,4.65,50.12,False,933.8,,,
300905,,0.5757,1.0,0.6789,0.568,0.0,0.7397,0.1312,0.3,0.002,0.0,0.0,0.0,0.7,0.4198,False,False,False,False,无明确战法态,48.8,-0.83,54.97,False,6814.7,,专精特新/染料,
300906,,0.2489,1.0,0.7483,0.0,0.0,0.6013,0.1168,0.0,0.0,0.0,0.0,0.0,0.0,0.5134,False,False,False,False,无明确战法态,25.79,2.5,29.72,False,1863.2,,专精特新,
300907,,0.0,1.0,0.4172,1.0,1.0,0.4345,0.7116,0.0,1.0,0.0,0.0,1.0,0.7,0.2375,False,False,False,False,无明确战法态,59.38,0.99,44.37,True,5700.5,,,
300908,,0.0,1.0,0.8052,0.0,0.0,0.624,0.2608,0.3,0.1848,0.0,0.0,0.5,0.0,0.4409,False,False,False,False,无明确战法态,23.61,1.46,24.57,False,29.1,,农业种植,
300909,,0.9155,1.0,0.6155,1.0,1.0,0.4881,0.6045,0.9,1.0,0.0,0.0,0.5,0.7,0.3644,True,True,False,False,B1候B2,54.82,2.31,50.26,True,7079.4,,,
300910,,0.0,1.0,0.5275,0.0,0.0,0.5154,0.1577,0.0,0.0,0.0,0.0,0.5,0.0,0.6204,False,False,False,False,无明确战法态,29.6,0.85,37.28,False,6146.5,,,
300911,,0.7836,1.0,0.7114,0.0,0.0,0.7211,0.242,0.3,0.0,0.0,0.0,0.0,0.0,0.4495,False,False,False,False,无明确战法态,20.7,0.68,26.37,False,3546.8,,,
300912,,0.0,0.0,0.0,0.1774,0.0,0.3972,0.1552,0.0,1.0,0.0,0.0,0.0,0.0,0.4226,False,False,False,False,无明确战法态,28.56,20.0,26.58,True,24.6,,,
300913,,1.0,1.0,0.686,0.325,0.0,0.6312,0.3022,0.3,0.0,0.0,0.0,0.0,0.7,0.4856,False,False,False,False,无明确战法态,41.49,2.85,53.7,False,10612.5,,铜缆高速连接,
300915,,0.0,0.9985,0.7827,0.0,0.0,0.6288,0.1704,0.0,0.0,0.0,0.0,0.0,0.0,0.4978,False,False,False,False,无明确战法态,20.54,3.01,22.22,False,1181.8,,,
300916,,0.4981,0.7986,0.5897,0.0,0.0,0.703,0.0981,0.3,0.0,0.0,1.0,0.0,0.0,0.4627,False,False,False,False,无明确战法态,23.03,4.21,28.53,False,2289.0,,,
300917,,0.1504,1.0,0.7753,0.0,0.0,0.6814,0.2137,0.3,0.0,0.0,0.0,0.0,0.0,0.4423,False,False,False,False,无明确战法态,24.77,0.61,29.03,False,4186.1,,深圳国企改革,
300918,,0.0,0.1993,0.3345,0.0,0.0,0.0,0.2286,0.6,0.0,0.0,0.0,0.0,0.0,0.4677,False,False,False,False,无明确战法态,11.88,7.8,13.05,False,6012.9,,,
300919,,0.9759,1.0,0.8805,0.0,0.0,0.7138,0.1884,0.0,0.0,0.0,0.0,0.0,0.0,0.551,False,False,False,False,无明确战法态,41.95,0.24,50.17,False,38279.2,,动力电池回收/金属镍,
300920,,0.0324,0.8229,0.4893,0.0,0.0,0.4384,0.3649,0.9,0.0,0.0,0.0,0.0,0.7,0.5034,False,False,False,False,无明确战法态,35.86,4.06,40.33,False,2381.8,,,
300921,,1.0,1.0,0.7753,0.0,0.0,0.6083,0.3822,0.3,0.0,0.0,0.0,0.5,0.0,0.5372,False,False,False,False,无明确战法态,18.84,0.8,22.59,False,2186.5,,百度概念/阿里巴巴概念/抖音概念(字节概念),
300922,,0.1378,0.3276,0.4804,0.0,0.0,0.225,0.2432,0.3,0.0,0.0,0.0,0.0,1.0,0.5899,False,False,False,False,无明确战法态,16.89,7.03,20.29,False,2105.7,,专精特新,
300923,,0.0,0.9695,0.7423,0.0,0.0,0.6183,0.1948,0.3,0.0,0.0,0.0,0.0,0.0,0.506,False,False,False,False,无明确战法态,22.69,3.18,24.44,False,1731.8,,电子纸/高铁/无人驾驶,
300925,,0.6181,1.0,0.8333,0.0,0.0,0.8958,0.2451,0.6,0.0,0.0,0.0,0.0,0.0,0.6365,False,False,False,False,无明确战法态,14.73,-0.47,17.57,False,5148.5,,快手概念,
300926,,0.0,0.0,0.3743,0.0,0.0,0.0,0.1791,0.3,0.0,0.0,0.0,0.0,0.0,0.5541,False,False,False,False,无明确战法态,19.63,9.66,21.22,False,5849.5,,,
300927,,0.0,1.0,0.725,0.0,0.0,0.7345,0.326,0.3,0.0,0.0,0.0,0.0,0.0,0.4684,False,False,False,False,无明确战法态,22.48,-1.36,25.64,False,3166.3,,丙烯酸/草甘膦,
300928,,0.0,1.0,0.8061,0.19,0.0,0.856,0.2423,0.0,0.1954,0.0,0.0,0.0,0.0,0.4635,False,False,False,False,无明确战法态,29.44,0.72,31.06,False,1477.5,,飞行汽车(eVTOL),
300929,,0.0,0.0,0.2077,0.0,0.0,0.0,0.2506,0.3,0.9372,0.0,0.0,1.0,0.0,0.4837,False,False,False,False,无明确战法态,12.46,9.68,11.85,True,1562.1,,专精特新,
300930,,0.5877,0.9291,0.506,0.4346,0.0,0.5308,0.334,0.0,0.0,0.0,0.0,0.0,0.7,0.4507,False,False,False,False,无明确战法态,29.59,3.43,32.45,False,13.9,,专精特新,
300931,,0.0,1.0,0.4023,0.8515,1.0,0.0,0.3269,0.9,1.0,0.0,1.0,0.5,0.7,0.2776,False,False,False,False,B2确认,16.77,0.9,15.06,True,3232.9,,,
300932,,0.0,0.7126,0.0,0.2203,1.0,0.0,0.5762,0.9,1.0,0.0,0.0,1.0,0.0,0.2907,False,False,False,False,无明确战法态,11.97,4.72,9.71,True,38.2,,,
300933,,0.1251,1.0,0.7596,0.0,0.0,0.6565,0.1926,0.3,0.0,0.0,0.0,0.0,0.0,0.5246,False,False,False,False,无明确战法态,6.23,2.13,7.25,False,3408.4,,,
300935,,0.314,0.9082,0.6294,0.0132,0.0,0.6123,0.1134,0.0,0.0,0.0,0.0,0.0,0.0,0.4991,False,False,False,False,无明确战法态,28.87,3.55,32.76,False,1739.7,,建筑节能,
300936,,0.3588,0.9249,0.4283,1.0,1.0,0.6977,0.536,0.0,1.0,1.0,0.0,0.0,0.7,0.3826,False,False,False,False,无明确战法态,101.93,3.45,97.43,True,4833.6,,专精特新,
300937,,0.0,1.0,0.7927,0.0,0.0,0.3892,0.1327,0.0,0.0,0.0,0.0,0.0,0.0,0.4624,False,False,False,False,无明确战法态,20.4,2.31,23.84,False,1323.2,,,
300938,,0.0,0.8247,0.4082,0.4806,1.0,0.4292,0.6106,0.0,1.0,0.0,0.0,1.0,0.0,0.2845,False,False,False,False,无明确战法态,52.1,-4.05,47.98,True,11011.4,,小米概念/军民融合/食品安全,
300939,,1.0,1.0,0.7115,1.0,1.0,0.8898,0.3266,0.0,1.0,1.0,0.0,0.5,0.7,0.3577,True,False,False,False,B1候B2,61.19,-0.81,58.2,True,73.4,,物联网/融资融券/汽车电子,
300940,,0.0,1.0,0.6761,0.0,0.0,0.5169,0.1831,0.0,0.0,0.0,0.0,0.0,0.0,0.5486,False,False,False,False,无明确战法态,15.25,2.9,18.34,False,2401.6,,电子纸,
300941,,0.2062,1.0,0.8041,0.0,0.0,0.6648,0.1675,0.3,0.0,0.0,0.0,0.0,0.0,0.5488,False,False,False,False,无明确战法态,14.16,1.51,16.49,False,1752.7,,蚂蚁集团概念/数字货币/移动支付,
300942,,0.0,0.6747,0.0,0.0,0.0,0.0,0.3557,0.3,0.0,0.0,0.0,0.5,0.0,0.3794,False,False,False,False,无明确战法态,6.57,4.95,6.98,False,2661.3,,专精特新,
300943,,0.3463,0.9612,0.3148,1.0,1.0,0.533,0.2366,0.3,1.0,0.0,0.0,0.5,0.7,0.3046,False,False,False,False,无明确战法态,46.3,3.23,38.24,True,6177.6,,,
300945,,0.0,1.0,0.6517,0.0,0.0,0.0,0.1896,0.3,0.0,0.0,0.0,0.0,0.0,0.3461,False,False,False,False,无明确战法态,11.3,1.8,13.22,False,2693.9,,NFT概念,
300946,,0.0,0.0,0.0088,0.0,0.0,0.0084,0.2667,0.0,0.3985,0.0,0.0,0.0,0.0,0.4862,False,False,False,False,无明确战法态,45.59,9.86,46.02,False,3455.9,,专精特新,
300947,,0.0,1.0,0.8232,0.0,0.0,0.8005,0.226,0.3,0.0,0.0,0.0,0.0,0.0,0.49,False,False,False,False,无明确战法态,13.37,1.29,15.2,False,2019.9,,,
300948,,0.0,1.0,0.5143,0.8337,0.6333,0.5088,0.2963,0.3,1.0,0.0,0.0,0.5,0.7,0.325,False,False,False,False,B2确认,26.29,-2.77,24.66,True,3984.6,,碳中和/碳交易/污水处理,
300949,,0.0,1.0,0.7016,0.0,0.0,0.2392,0.244,0.3,0.0,0.0,0.0,0.0,0.0,0.4138,False,False,False,False,无明确战法态,21.25,2.26,27.91,False,10.6,,冰雪产业/NFT概念,
300950,,0.0,1.0,0.7803,0.0,0.0,0.5715,0.1994,0.0,0.0,0.0,0.0,0.0,0.0,0.5293,False,False,False,False,无明确战法态,17.09,2.4,19.02,False,1675.6,,专精特新,
300951,,0.2891,0.9476,0.6849,1.0,1.0,0.751,0.5525,0.3,1.0,0.0,0.0,0.5,1.0,0.3546,False,False,False,False,无明确战法态,49.3,-3.31,44.13,True,7463.5,,专精特新,
300952,,0.0,0.0,0.0,0.0,0.0,0.0,0.1164,0.3,0.0,0.0,0.0,0.5,0.0,0.6105,False,False,False,False,无明确战法态,20.24,12.76,25.92,False,2148.0,,,
300953,,0.0,0.1412,0.177,0.0,0.0,0.0,0.1953,0.3,0.016,0.0,0.0,0.0,0.0,0.6183,False,False,False,False,无明确战法态,149.9,8.15,162.79,False,18671.2,,飞行汽车(eVTOL)/小米汽车,
300955,,0.0,1.0,0.7399,0.34,0.0,0.8307,0.1954,0.3,0.2814,0.0,0.0,0.0,0.7,0.4148,False,False,False,False,无明确战法态,37.34,-1.56,39.56,False,3763.9,,,
300956,,0.2968,1.0,0.7394,0.0,0.0,0.7246,0.0442,0.0,0.0,0.0,0.0,0.0,0.0,0.5674,False,False,False,False,无明确战法态,11.28,2.55,13.65,False,2373.9,,专精特新,
300957,,0.0,1.0,0.821,0.0,0.0,0.602,0.206,0.0,0.0,0.0,0.0,0.5,0.0,0.4712,False,False,False,False,无明确战法态,32.22,0.59,35.52,False,13648.4,,,
300958,,0.0,1.0,0.8061,0.0,0.0,0.569,0.1297,0.0,0.0,0.0,0.0,0.0,0.0,0.4797,False,False,False,False,无明确战法态,11.17,1.55,12.32,False,1017.0,,核污染防治/生态农业,
300959,,0.1706,0.8309,0.4299,1.0,0.0,0.4839,0.2084,0.3,0.895,0.0,0.0,0.0,0.7,0.4115,False,False,False,False,B1候B2,145.36,4.01,147.39,False,7609.0,,快手概念,
300960,,0.0,0.6915,0.5774,0.0,0.0,0.1225,0.1358,0.0,0.0,0.0,0.0,0.0,0.0,0.529,False,False,False,False,无明确战法态,16.21,4.85,18.93,False,2121.5,,超级电容,
300961,,0.2306,1.0,0.5803,0.2415,0.7339,0.4215,0.1805,0.3,0.1368,0.0,0.0,0.5,0.0,0.342,False,False,False,False,无明确战法态,12.22,-0.08,12.79,False,1856.5,,,
300962,,0.0,1.0,0.855,0.0,0.0,0.766,0.3475,0.0,0.0,0.0,0.0,0.5,0.0,0.3799,False,False,False,False,无明确战法态,13.05,1.4,13.99,False,34.5,,核污染防治,
300963,,0.0,1.0,0.7416,0.0,0.0,0.4801,0.3077,0.3,0.0,0.0,0.0,0.5,0.0,0.4219,False,False,False,False,无明确战法态,13.46,2.28,15.3,False,45.3,,牙科医疗,
300964,,0.3843,1.0,0.4386,1.0,0.0,0.432,0.4435,0.6,0.4716,0.0,0.0,0.0,0.7,0.3678,False,False,False,False,B1候B2,83.4,0.48,88.01,False,4671.2,,专精特新,
300965,,0.0,0.6977,0.569,0.0,0.0,0.7371,0.0507,0.0,0.0,0.0,0.0,0.0,0.0,0.6386,False,False,False,False,无明确战法态,44.42,4.81,51.77,False,2442.8,,,
300966,,0.0,0.1613,0.089,1.0,1.0,0.0,0.4525,0.6,1.0,0.0,0.0,0.5,0.7,0.3667,False,False,False,False,无明确战法态,31.07,8.03,26.26,True,2382.0,,合成生物,
300967,,0.0,1.0,0.7835,0.0,0.0,0.7545,0.2805,0.6,0.0,0.0,0.0,0.5,1.0,0.2689,False,False,False,False,无明确战法态,15.94,-0.44,17.21,False,1989.2,,,
300968,,0.5127,1.0,0.7743,0.0,0.0,0.6541,0.2161,0.3,0.0,0.0,0.0,0.0,0.0,0.4718,False,False,False,False,无明确战法态,9.57,1.27,11.19,False,3956.0,,AI手机/柔性屏(折叠屏)/智能音箱,
300969,,0.0,0.0,0.2737,0.0,0.0,0.0048,0.2552,0.0,0.7542,0.0,0.0,0.5,0.0,0.548,False,False,False,False,无明确战法态,117.0,10.93,114.02,True,6535.6,,汽车热管理,
300970,,0.0,0.6786,0.5175,0.0,0.0,0.0418,0.2194,0.3,0.0,0.0,0.0,0.0,0.0,0.5202,False,False,False,False,无明确战法态,20.44,4.93,24.53,False,1936.8,,合成生物/农业种植,
300971,,0.0,0.9329,0.7054,0.0,0.0,0.3941,0.2056,0.3,0.1131,0.0,0.0,0.0,0.0,0.5297,False,False,False,False,无明确战法态,20.36,3.4,21.55,False,1878.3,,,
300972,,0.0,1.0,0.5926,0.0,0.0,0.3967,0.1647,0.0,0.5034,0.0,0.0,0.5,0.0,0.3725,False,False,False,False,无明确战法态,187.88,2.89,189.29,False,33477.1,,农业种植/土地流转,
300973,,0.0,1.0,0.7512,0.0,0.0,0.3476,0.3833,0.9,0.0,0.0,0.0,1.0,0.0,0.3994,False,False,False,False,无明确战法态,26.27,1.08,28.47,False,3114.7,,冷链物流,
300975,,0.1867,0.0911,0.3842,1.0,1.0,0.5935,0.4837,0.0,1.0,1.0,0.0,1.0,0.7,0.3286,False,False,False,False,无明确战法态,42.02,-8.45,34.99,True,20780.0,,百度概念/抖音概念(字节概念)/飞行汽车(eVTOL),
300976,,0.6542,1.0,0.369,1.0,1.0,0.4923,0.4733,0.0,1.0,1.0,0.0,0.5,0.7,0.3973,False,False,False,False,无明确战法态,78.83,2.78,75.36,True,6812.0,,抖音概念(字节概念)/碳纤维,
300977,,0.2019,0.9205,0.5106,0.0,0.0,0.4416,0.0941,0.3,0.0,0.0,0.0,0.0,0.0,0.4897,False,False,False,False,无明确战法态,16.07,3.48,18.31,False,15.2,,AI语料/PM2.5,
300978,,0.4825,0.5244,0.5772,0.0,0.0,0.0279,0.1456,0.3,0.0,0.0,0.0,0.0,0.0,0.4467,False,False,False,False,无明确战法态,8.68,5.85,9.78,False,2491.9,,,
300979,,0.0,1.0,0.813,0.0,0.0,0.4472,0.1805,0.3,0.0,0.0,0.0,0.5,0.0,0.5174,False,False,False,False,无明确战法态,31.42,0.13,35.42,False,36666.9,,三胎概念/体育产业,
300980,,0.0,1.0,0.6776,0.0,1.0,0.0,0.4343,0.9,1.0,0.0,0.0,1.0,0.0,0.2802,False,False,False,False,无明确战法态,33.35,-0.45,30.09,True,3335.3,,专精特新/有机硅概念,
300981,,0.0,1.0,0.8284,0.0,0.0,0.7007,0.0919,0.0,0.0,0.0,0.0,0.0,0.0,0.5368,False,False,False,False,无明确战法态,10.24,1.39,11.86,False,4024.3,,宠物经济/核污染防治,
300982,,0.0,0.7602,0.5054,0.0,0.0,0.532,0.2511,0.3,0.0,0.0,0.0,0.0,0.0,0.5828,False,False,False,False,无明确战法态,16.47,4.44,19.32,False,3193.5,,光伏,
300983,,0.601,1.0,0.715,0.9712,0.4671,0.8546,0.3552,0.3,0.7617,0.0,0.0,0.5,0.7,0.3814,False,False,False,False,B1候B2,35.55,-1.3,35.6,False,5432.4,,新型城镇化,
300984,,0.0,1.0,0.633,0.0,0.0,0.0674,0.2731,0.0,0.6574,0.0,0.0,0.5,0.0,0.3783,False,False,False,False,无明确战法态,61.2,2.09,59.74,True,5421.9,,,
300985,,0.0,0.0,0.0,1.0,1.0,0.1408,1.0,0.3,1.0,0.0,0.0,1.0,0.7,0.4142,False,False,False,False,无明确战法态,49.67,20.0,29.95,True,9264.1,,,
300986,,0.0509,1.0,0.5114,0.0,0.0,0.0,0.28,0.3,0.0,0.0,0.0,0.0,0.0,0.3547,False,False,False,False,无明确战法态,18.23,1.22,20.87,False,7506.5,,,
300987,,0.0,1.0,0.8205,0.0,0.0,0.5385,0.1732,0.3,0.0,0.0,0.0,0.0,0.0,0.5929,False,False,False,False,无明确战法态,12.86,1.82,14.85,False,2229.5,,短剧游戏,
300988,,0.0,1.0,0.7233,0.0,0.0,0.6164,0.2703,0.0,0.0,0.0,0.0,0.0,0.0,0.5974,False,False,False,False,无明确战法态,16.19,1.82,20.7,False,1868.3,,专精特新/智能电网/汽车热管理,
300989,,0.0,1.0,0.8381,0.0291,0.0,0.846,0.2883,0.6,0.0,0.0,0.0,0.0,0.0,0.4676,False,False,False,False,无明确战法态,13.07,-0.83,14.13,False,2129.7,,时空大数据,
300990,,0.6778,0.8603,0.4661,0.9917,1.0,0.5071,0.4325,0.3,1.0,0.0,1.0,0.5,0.7,0.2596,False,False,False,False,无明确战法态,100.1,3.84,92.15,True,77.2,,专精特新/光刻机/换电概念,
300991,,0.3707,0.7005,0.5838,0.0,0.0,0.45,0.1885,0.3,0.0,0.0,1.0,0.0,0.0,0.5384,False,False,False,False,无明确战法态,34.08,4.8,40.85,False,3582.0,,专精特新/铜缆高速连接,
300992,,0.0638,0.4216,0.3803,0.0,0.0,0.3862,0.1666,0.0,0.1356,0.0,0.0,0.0,0.0,0.4683,False,False,False,False,无明确战法态,26.0,6.47,27.67,False,2015.1,,空气能热泵,
300993,,0.0,1.0,0.8184,0.0,0.0,0.4451,0.2704,0.9,0.0,0.0,0.0,0.0,0.0,0.5264,False,False,False,False,无明确战法态,10.12,-1.56,11.11,False,2447.6,,建筑节能/跨境电商/智能物流,
300994,,0.0,1.0,0.7481,0.0,0.0,0.6166,0.1388,0.3,0.0,0.0,0.0,0.0,0.0,0.5597,False,False,False,False,无明确战法态,11.13,2.58,12.73,False,1317.9,,,
300995,,0.0,0.2796,0.0601,0.0,0.0,0.2633,0.1671,0.0,0.0,0.0,0.0,0.0,0.0,0.4315,False,False,False,False,无明确战法态,29.46,7.32,32.23,False,1789.1,,,
300996,,0.0,1.0,0.7399,0.1583,0.257,0.4766,0.2803,0.3,0.5755,0.0,0.0,1.0,0.0,0.4274,False,False,False,False,无明确战法态,11.81,0.17,11.78,True,3934.5,,AI语料/ERP概念,
300997,,0.0,1.0,0.8124,0.0,0.0,0.66,0.3928,0.3,0.0,0.0,0.0,0.0,0.0,0.4242,False,False,False,False,无明确战法态,14.75,1.24,17.64,False,5857.1,,,
300998,,0.0,0.8812,0.4513,0.7743,1.0,0.0,0.3214,0.3,1.0,0.0,0.0,1.0,0.7,0.3866,False,False,False,False,无明确战法态,29.61,3.71,27.43,True,3188.4,,海工装备/机器人概念/宁德时代概念,
300999,,0.0,1.0,0.8531,0.0,0.0,0.5434,0.3901,0.6,0.028,0.0,0.0,0.0,0.0,0.4291,False,False,False,False,无明确战法态,24.36,1.29,26.01,False,13218.9,,养鸡/预制菜,
301000,,0.0,0.1513,0.0,0.3529,0.8215,0.2156,0.2315,0.3,1.0,0.0,0.0,1.0,0.0,0.4506,False,False,False,False,无明确战法态,35.53,8.09,32.8,True,8145.9,,,
301001,,0.0,0.9544,0.7459,0.0,0.0,0.4611,0.1244,0.0,0.0,0.0,0.0,0.0,0.0,0.5036,False,False,False,False,无明确战法态,23.03,3.27,26.15,False,1172.2,,,
301002,,0.0,1.0,0.5326,0.0069,0.0,0.6707,0.18,0.0,0.0,0.0,0.0,0.0,0.0,0.457,False,False,False,False,无明确战法态,38.97,2.34,43.99,False,3311.8,,体育产业/智慧灯杆,
301003,,0.2395,1.0,0.6399,0.5864,0.6514,0.727,0.4281,0.0,0.7402,1.0,0.0,0.5,0.0,0.3786,False,False,False,False,无明确战法态,53.1,2.08,53.1,True,3990.0,,,
301004,,0.0,1.0,0.8022,0.0,0.0,0.4709,0.3114,0.6,0.0,0.0,0.0,0.0,0.0,0.4752,False,False,False,False,无明确战法态,32.86,1.58,38.79,False,4472.5,,三胎概念,
301005,,0.0,0.0,0.1637,0.0,0.0,0.0,0.353,0.9,0.1668,0.0,1.0,1.0,0.0,0.549,False,False,False,False,无明确战法态,118.64,11.73,128.62,False,15704.4,,飞行汽车(eVTOL)/航空发动机/换电概念,
301006,,0.0,0.9038,0.7097,0.0,0.0,0.5039,0.2201,0.0,0.0,0.0,0.0,0.0,0.0,0.4934,False,False,False,False,无明确战法态,13.32,3.58,15.08,False,1148.7,,专精特新,
301007,,0.0,0.035,0.2786,0.0241,0.0,0.0,0.2952,0.3,1.0,0.0,0.0,0.5,0.0,0.4739,False,False,False,False,无明确战法态,37.5,8.79,34.93,True,5674.7,,专精特新/减速器,
301008,,0.0,0.6074,0.1043,0.0,1.0,0.0,0.5969,0.6,1.0,0.0,0.0,1.0,0.0,0.3466,False,False,False,False,无明确战法态,33.64,5.36,28.37,True,3890.2,,专精特新,
301009,,0.0,1.0,0.8258,0.0,0.0,0.6144,0.2342,0.3,0.0,0.0,0.0,0.0,0.0,0.5491,False,False,False,False,无明确战法态,8.59,2.02,9.79,False,1297.4,,专精特新,
301010,,0.0,1.0,0.7502,0.0,0.0,0.529,0.1336,0.0,0.0,0.0,0.0,0.0,0.0,0.5369,False,False,False,False,无明确战法态,16.75,2.89,19.17,False,1809.0,,专精特新/冰雪产业,
301011,,0.0626,0.9413,0.7486,0.0,0.0,0.4074,0.1439,0.3,0.0,0.0,0.0,0.0,0.0,0.5437,False,False,False,False,无明确战法态,14.8,3.35,17.69,False,2169.2,,电子竞技,
301012,,0.2257,0.9916,0.6685,0.0,0.0,0.7368,0.0618,0.0,0.0,0.0,0.0,0.0,0.0,0.587,False,False,False,False,无明确战法态,24.66,3.05,29.44,False,4857.0,,,
301013,,1.0,0.4514,0.4246,1.0,1.0,0.805,0.5163,0.0,1.0,1.0,0.0,0.5,0.7,0.5445,False,False,False,False,无明确战法态,58.09,-6.29,51.88,True,10993.0,,无线耳机/华为概念/机器人概念,
301015,,0.0,1.0,0.7009,0.0,0.0,0.2294,0.413,0.3,0.1273,0.0,0.0,0.5,0.0,0.3546,False,False,False,False,无明确战法态,20.45,0.84,21.55,False,10747.6,,阿尔茨海默概念/创新药/跨境电商,
301016,,0.0,1.0,0.818,0.0,0.0,0.6681,0.1396,0.0,0.2047,0.0,0.0,0.5,0.0,0.3175,False,False,False,False,无明确战法态,14.5,-1.02,15.34,False,42.5,,,
301017,,0.0,1.0,0.6404,0.1788,0.2049,0.572,0.3415,0.6,0.2763,0.0,0.0,0.0,0.0,0.2498,False,False,False,False,无明确战法态,13.36,0.07,13.94,False,3456.2,,宠物经济/家庭医生/时空大数据,
301018,,0.0,0.0,0.0,0.2962,0.0,0.0,0.3436,0.0,1.0,0.0,0.0,0.5,0.0,0.4365,False,False,False,False,无明确战法态,117.78,9.5,113.17,True,23673.6,,碳中和/百度概念/海工装备,
301019,,0.0,0.9581,0.647,0.0,0.0,0.0,0.1279,0.3,0.6007,0.0,0.0,0.5,0.0,0.387,False,False,False,False,无明确战法态,20.83,-3.25,20.72,True,2179.0,,专精特新/POE胶膜/染料,
301020,,0.6547,0.8496,0.5623,0.4531,0.0,0.7152,0.1886,0.0,0.2366,0.0,0.0,0.0,0.7,0.4411,False,False,False,False,无明确战法态,22.63,3.9,24.0,False,3313.0,,专精特新/氢能源/燃料电池,
301021,,1.0,1.0,0.4882,1.0,1.0,0.76,0.3976,0.0,1.0,1.0,0.0,0.5,0.7,0.4587,True,False,False,False,B1候B2,103.41,-2.47,95.44,True,157.9,,光伏概念/BC电池/第三代半导体,
301022,,0.0,0.3735,0.3647,0.0,0.0,0.0,0.2242,0.3,0.0,0.0,0.0,0.0,0.0,0.4866,False,False,False,False,无明确战法态,25.43,6.76,27.1,False,1703.5,,PEEK材料,
301023,,0.0,0.1431,0.4671,0.0,0.0,0.0467,0.3707,0.6,0.5256,0.0,0.0,1.0,0.0,0.4721,False,False,False,False,无明确战法态,36.66,8.14,36.75,False,1596.1,,,
301024,,0.862,1.0,0.6865,0.3808,0.0,0.6989,0.1013,0.0,0.0,0.0,0.0,0.0,0.7,0.5405,False,False,False,False,无明确战法态,36.41,1.9,41.88,False,2241.4,,建筑节能/蚂蚁集团概念/上海自贸区,
301025,,0.0,1.0,0.7625,0.0,0.0,0.4073,0.1336,0.3,0.0,0.0,0.0,0.0,0.0,0.4631,False,False,False,False,无明确战法态,8.36,-0.71,9.49,False,2317.0,,文化传媒概念/知识产权保护,
301026,,1.0,1.0,0.652,0.0,0.0,0.3544,0.27,0.6,0.0,0.0,0.0,0.0,0.0,0.5719,False,False,False,False,无明确战法态,19.93,-2.78,25.86,False,2278.2,,,
301027,,0.0,0.6962,0.6249,0.1512,0.2922,0.6035,0.2101,0.0,0.3797,0.0,0.0,1.0,0.0,0.3749,False,False,False,False,无明确战法态,20.13,-4.82,20.91,False,2545.9,,数字乡村,
301028,,0.0,0.3151,0.2949,0.5299,0.1369,0.6062,0.2339,0.0,1.0,0.0,0.0,0.5,0.7,0.4202,False,False,False,False,无明确战法态,18.23,7.11,16.77,True,4527.0,,专精特新/福建自贸区/海峡两岸,
301029,,0.0,0.9032,0.5992,0.6081,0.6836,0.3364,0.3356,0.3,1.0,0.0,0.0,0.5,0.7,0.3624,False,False,False,False,B2确认,31.53,3.58,29.16,True,14933.4,,工业母机/减速器/跨境电商,
301030,,0.0,1.0,0.5148,0.0,0.0,0.5083,0.2196,0.0,0.0,0.0,0.0,0.5,1.0,0.3434,False,False,False,False,无明确战法态,10.25,2.19,11.28,False,2071.6,,,
301031,,0.8999,1.0,0.7168,0.0,0.0,0.6739,0.2033,0.3,0.0,0.0,0.0,0.0,0.0,0.4576,False,False,False,False,无明确战法态,110.88,-1.26,134.47,False,8617.5,,专精特新,
301032,,0.0,0.143,0.3737,0.0,0.0,0.0,0.1501,0.3,0.0,0.0,0.0,0.0,0.0,0.4885,False,False,False,False,无明确战法态,10.36,8.14,11.23,False,16.6,,,
301033,,0.0,0.452,0.3153,0.0,1.0,0.0,0.4932,0.6,1.0,0.0,0.0,1.0,0.0,0.3853,False,False,False,False,无明确战法态,58.99,6.29,53.64,True,3324.3,,牙科医疗,
301035,,0.0,1.0,0.7851,0.0,0.0,0.5392,0.1653,0.3,0.0,0.0,0.0,0.0,0.0,0.5509,False,False,False,False,无明确战法态,47.55,0.85,59.63,False,13331.9,,草甘膦,
301036,,0.0881,0.896,0.5427,0.0,0.0,0.284,0.1799,0.3,0.0,0.0,0.0,0.0,0.0,0.4671,False,False,False,False,无明确战法态,22.34,-3.62,25.27,False,1573.5,,,
301037,,0.0,1.0,0.6761,0.0,0.0,0.4702,0.1114,0.0,0.0,0.0,0.0,0.0,0.0,0.4694,False,False,False,False,无明确战法态,12.59,1.94,14.18,False,856.0,,丙烯酸,
301038,,0.0,1.0,0.7922,0.0,0.0,0.7874,0.2557,0.3,0.0,0.0,0.0,0.0,0.0,0.5221,False,False,False,False,无明确战法态,16.82,2.81,19.05,False,3752.2,,深圳国企改革,
301039,,0.0,1.0,0.8118,0.0,0.0,0.415,0.24,0.3,0.0324,0.0,0.0,0.5,0.0,0.3017,False,False,False,False,无明确战法态,7.48,0.54,7.95,False,10864.2,,,
301040,,0.295,1.0,0.7172,0.0,0.0,0.7552,0.0969,0.6,0.0,0.0,0.0,0.0,0.0,0.5541,False,False,False,False,无明确战法态,24.17,2.55,29.41,False,2280.8,,,
301041,,0.8294,1.0,0.7227,0.9239,0.4247,0.7986,0.3376,0.3,0.3708,0.0,0.0,0.5,0.7,0.497,False,False,False,False,B1候B2,31.3,-1.39,32.84,False,2471.8,,专精特新/百度概念/毫米波雷达,
301042,,0.4343,1.0,0.6857,0.0,0.0,0.4343,0.2841,0.3,0.0,0.0,0.0,0.0,0.0,0.5687,False,False,False,False,无明确战法态,66.0,1.35,84.38,False,4388.4,,智能家居/安防/机器视觉,
301043,,0.0,0.5179,0.0231,0.0,0.9167,0.0003,0.5004,0.3,1.0,0.0,0.0,1.0,0.0,0.3936,False,False,False,False,无明确战法态,53.55,5.89,49.36,True,30.4,,建筑节能/PM2.5,
301045,,0.0,1.0,0.2249,1.0,1.0,0.1458,0.5177,0.3,1.0,0.0,0.0,1.0,0.7,0.2063,False,False,False,False,无明确战法态,97.5,-0.82,60.11,True,6994.3,,,
301046,,0.0,0.7764,0.5448,0.5377,0.828,0.3668,0.3785,0.6,1.0,0.0,0.0,0.5,0.7,0.3929,False,False,False,False,无明确战法态,29.8,4.34,27.17,True,3872.6,,光伏/光热发电/换电概念,
301047,,0.0,1.0,0.7206,0.1089,0.9835,0.0,0.5051,0.3,0.9839,0.0,0.0,1.0,0.0,0.3393,False,False,False,False,无明确战法态,69.69,2.47,65.48,True,8333.6,,CXO概念/重组蛋白/肝炎概念,
301048,,0.0,1.0,0.8483,0.0,0.0,0.5023,0.1943,0.0,0.0,0.0,0.0,0.0,0.0,0.5019,False,False,False,False,无明确战法态,8.99,2.28,9.71,False,4794.7,,,
301049,,0.0,1.0,0.7227,0.0,0.0,0.5008,0.1545,0.0,0.0,0.0,0.0,0.0,0.0,0.4919,False,False,False,False,无明确战法态,18.65,2.08,20.98,False,798.7,,汽车拆解概念,
301050,,0.0,0.6644,0.5772,0.0,0.0,0.3742,0.2051,0.0,0.0,0.0,0.0,0.0,0.0,0.5997,False,False,False,False,无明确战法态,34.77,5.01,38.76,False,7319.2,,专精特新/军工信息化,
301051,,0.0,0.0,0.0,0.0,0.5588,0.0,0.3839,0.6,1.0,0.0,0.0,1.0,0.0,0.4459,False,False,False,False,无明确战法态,22.77,17.07,19.49,True,3673.1,,,
301052,,0.0,1.0,0.7559,0.0,0.0,0.3639,0.1787,0.3,0.0,0.0,0.0,0.0,0.0,0.5413,False,False,False,False,无明确战法态,23.68,2.02,28.08,False,1900.1,,,
301053,,0.7109,1.0,0.6508,0.0,0.0,0.5976,0.4337,0.9,0.0,0.0,0.0,0.0,0.0,0.5692,False,False,False,False,无明确战法态,37.2,0.95,45.0,False,3254.3,,专精特新,
301055,,0.6776,0.9418,0.6253,1.0,1.0,0.7435,0.2805,0.3,1.0,0.0,0.0,0.5,0.7,0.3673,False,False,False,False,无明确战法态,41.27,-3.35,36.15,True,6438.1,,超级品牌/NFT概念,
301056,,0.5911,1.0,0.7524,0.0,0.0,0.8126,0.0987,0.3,0.0,0.0,0.0,0.0,0.0,0.3974,False,False,False,False,无明确战法态,11.47,1.41,13.14,False,2018.7,,,
301057,,0.0,0.9922,0.4073,0.0,0.0,0.1194,0.0981,0.0,0.0,0.0,0.0,0.0,0.0,0.4746,False,False,False,False,无明确战法态,24.69,3.05,28.98,False,2039.1,,,
301058,,0.0,1.0,0.8417,0.0,0.0,0.6721,0.2771,0.3,0.0,0.0,0.0,0.0,0.0,0.4831,False,False,False,False,无明确战法态,8.08,1.0,8.9,False,4139.2,,乡村振兴/食品安全/冰雪产业,
301059,,0.0,0.8631,0.6043,0.0,0.0,0.5614,0.1958,0.6,0.0,0.0,0.0,0.5,0.0,0.4824,False,False,False,False,无明确战法态,11.83,-3.82,13.36,False,2443.0,,,
301060,,0.0,1.0,0.7111,0.0,0.0,0.5387,0.2589,0.0,0.2219,0.0,0.0,0.5,0.0,0.347,False,False,False,False,无明确战法态,8.91,1.6,9.33,False,3209.1,,专精特新/基因测序/肝炎概念,
301061,,0.0,1.0,0.7868,0.0,0.0,0.3293,0.0532,0.6,0.0,0.0,0.0,0.5,0.0,0.5179,False,False,False,False,无明确战法态,35.08,0.14,48.96,False,5095.8,,同花顺出海50,
301062,,0.1759,1.0,0.6684,0.0,0.0,0.4703,0.2316,0.0,0.0,0.0,0.0,0.0,0.0,0.5248,False,False,False,False,无明确战法态,5.98,2.57,6.94,False,1873.2,,食品安全,
301063,,0.0,1.0,0.7618,0.0,0.0,0.4766,0.2278,0.0,0.0,0.0,0.0,0.0,0.0,0.5441,False,False,False,False,无明确战法态,17.81,2.65,20.43,False,1721.3,,专精特新/页岩气,
301065,,0.0,1.0,0.831,0.0,0.0,0.4352,0.1897,0.0,0.0,0.0,0.0,0.0,0.0,0.5532,False,False,False,False,无明确战法态,18.89,1.89,20.53,False,1630.0,,丙烯酸,
301066,,0.0,0.9809,0.6521,0.0,0.0,0.6558,0.146,0.0,0.0,0.0,0.0,0.0,0.0,0.5538,False,False,False,False,无明确战法态,12.25,3.11,13.97,False,2855.7,,NFT概念,
301067,,0.0,0.3454,0.4724,0.7088,1.0,0.0,0.3991,0.9,1.0,0.0,0.0,1.0,1.0,0.3533,False,False,True,False,无明确战法态,37.97,6.93,34.66,True,2506.7,,铜缆高速连接/无线充电,
301068,,0.0,0.9613,0.4886,0.0,0.0,0.2956,0.3095,0.3,0.0579,0.0,0.0,0.0,0.0,0.4126,False,False,False,False,无明确战法态,26.51,3.23,28.44,False,2659.5,,固废处理/算力租赁,
301069,,0.0,1.0,0.7057,0.3524,0.4902,0.4811,0.3896,0.3,0.4411,0.0,0.0,0.5,0.0,0.4545,False,False,False,False,无明确战法态,21.67,-0.37,21.93,False,92.5,,PEEK材料,
301070,,0.0,1.0,0.6032,0.5593,0.0,0.5162,0.4665,0.3,0.6176,0.0,0.0,0.5,0.7,0.3377,False,False,False,False,无明确战法态,86.76,1.66,87.64,False,5265.2,,,
301071,,0.8826,0.5155,0.6047,1.0,1.0,0.6584,0.5253,0.0,1.0,1.0,0.0,0.5,0.7,0.3345,False,False,False,False,无明确战法态,84.11,-5.91,72.8,True,16222.4,,,
301072,,0.0,1.0,0.5374,1.0,1.0,0.5068,0.8697,0.3,1.0,0.0,0.0,1.0,0.7,0.2931,False,False,False,False,无明确战法态,42.09,-2.32,31.95,True,2858.8,,融资融券/新能源汽车,
301073,,0.1202,1.0,0.745,0.0,0.0,0.1937,0.2087,0.0,0.0,0.0,0.0,0.0,0.0,0.419,False,False,False,False,无明确战法态,18.4,2.0,22.15,False,3278.5,,预制菜,
301075,,0.1055,1.0,0.753,0.0,0.0,0.7978,0.0861,0.0,0.0,0.0,0.0,0.0,0.0,0.4536,False,False,False,False,无明确战法态,58.94,-0.27,69.15,False,4715.2,,,
301076,,0.0,0.4332,0.3096,0.0,0.0,0.0924,0.3402,0.6,0.0,0.0,0.0,0.5,0.0,0.4994,False,False,False,False,无明确战法态,29.59,6.4,31.75,False,34.5,,PEEK材料,
301077,,0.0,1.0,0.7574,0.0,0.0,0.5805,0.1433,0.3,0.0,0.0,0.0,0.5,0.0,0.4629,False,False,False,False,无明确战法态,23.76,-1.74,26.02,False,22.7,,专精特新,
301078,,0.0,1.0,0.8343,0.0,0.0,0.7863,0.1767,0.0,0.0,0.0,0.0,0.0,1.0,0.5277,False,False,False,False,无明确战法态,6.91,1.02,8.14,False,8672.4,,毛发医疗,
301079,,0.0,0.7204,0.6368,0.0,0.0,0.319,0.3412,0.6,0.3484,0.0,0.0,0.5,0.0,0.4678,False,False,False,False,无明确战法态,36.7,4.68,37.93,False,2823.5,,专精特新/抽水蓄能,
301080,,0.0,0.9797,0.7624,0.3054,1.0,0.1918,0.7894,0.3,1.0,0.0,0.0,1.0,0.0,0.3157,False,False,False,False,无明确战法态,48.89,3.12,43.79,True,6176.6,,专精特新/重组蛋白/猴痘概念,
301081,,0.0,1.0,0.5928,0.1335,0.0,0.775,0.1633,0.0,0.4725,0.0,0.0,0.0,0.0,0.3329,False,False,False,False,无明确战法态,14.97,2.75,15.62,False,3271.2,,专精特新,
301082,,0.1059,0.9921,0.7291,0.0,0.0,0.3486,0.2162,0.0,0.0,0.0,0.0,0.0,0.0,0.525,False,False,False,False,无明确战法态,9.13,3.05,10.85,False,2489.8,,页岩气/光热发电,
301083,,0.0,0.9511,0.7555,0.0,0.0,0.3239,0.2263,0.0,0.0,0.0,0.0,0.0,0.0,0.4589,False,False,False,False,无明确战法态,13.8,3.29,15.37,False,1181.4,,专精特新,
301085,,0.0,1.0,0.7382,0.1189,0.0,0.7809,0.1124,0.0,0.1293,0.0,0.0,0.0,0.0,0.4784,False,False,False,False,无明确战法态,60.65,0.48,65.71,False,35.7,,华为昇腾/快手概念,
301086,,1.0,1.0,0.5961,1.0,1.0,0.5847,0.3196,0.3,1.0,1.0,0.0,0.5,0.0,0.4256,True,False,False,False,B1候B2,188.6,0.68,185.76,True,8904.2,,专精特新/工业母机/苹果概念,
301087,,0.0,1.0,0.7342,0.0,0.846,0.2099,0.5157,0.3,0.9999,0.0,0.0,1.0,0.0,0.2807,False,False,False,False,无明确战法态,51.23,2.62,48.54,True,9938.2,,专精特新/重组蛋白/猴痘概念,
301088,,0.0,0.8203,0.6205,0.0,0.0,0.7735,0.0426,0.0,0.0,0.0,0.0,0.0,0.0,0.6109,False,False,False,False,无明确战法态,12.25,4.08,13.72,False,2303.0,,,
301089,,0.0,1.0,0.5859,0.0,0.0,0.2505,0.4129,0.3,0.1462,0.0,0.0,0.5,0.0,0.3381,False,False,False,False,无明确战法态,23.2,2.2,24.04,False,2110.7,,猴痘概念,
301090,,0.0,1.0,0.7964,0.0,0.0,0.7797,0.239,0.0,0.0,0.0,0.0,0.0,0.0,0.4861,False,False,False,False,无明确战法态,6.62,1.07,7.23,False,9737.5,,,
301091,,0.0,0.8749,0.7542,0.0,0.0,0.4813,0.2063,0.0,0.0,0.0,0.0,0.0,0.0,0.5742,False,False,False,False,无明确战法态,16.32,3.75,19.04,False,8605.2,,地下管网/建筑节能/深圳国企改革,
301092,,0.0,0.1448,0.2565,1.0,1.0,0.0,0.4107,0.3,1.0,0.0,0.0,0.5,0.7,0.3261,False,False,False,False,无明确战法态,54.12,-8.13,45.39,True,3300.4,,污水处理/核污染防治,
301093,,0.6456,1.0,0.5797,1.0,1.0,0.6592,0.2921,0.0,1.0,1.0,0.0,1.0,0.7,0.4171,True,False,False,False,B1候B2,121.28,-2.59,114.82,True,190.4,,,
301095,,0.0,0.971,0.5137,1.0,1.0,0.4526,0.2176,0.3,1.0,0.0,0.0,1.0,0.7,0.303,False,False,False,False,无明确战法态,107.38,-3.17,97.38,True,18578.9,,光刻机,
301096,,0.0,1.0,0.5635,0.4778,0.3468,0.5614,0.2738,0.9,0.6661,0.0,0.0,0.5,0.7,0.3559,False,False,False,False,无明确战法态,56.83,1.94,56.36,True,4723.5,,宠物经济/创新药/仿制药一致性评价,
301097,,0.0,0.7661,0.6898,0.0,0.0,0.4439,0.2609,0.3,0.0,0.0,0.0,0.0,0.0,0.5951,False,False,False,False,无明确战法态,37.7,4.4,45.64,False,1091.1,,三胎概念,
301098,,0.428,1.0,0.6702,0.1746,0.0,0.7526,0.2284,0.3,0.0345,0.0,0.0,0.5,0.0,0.3803,False,False,False,False,无明确战法态,8.24,-2.94,8.96,False,1233.4,,乡村振兴/地下管网/旅游概念,
301099,,0.8164,0.9953,0.5785,1.0,1.0,0.5735,0.4621,0.3,1.0,1.0,0.0,1.0,0.7,0.3614,False,False,False,False,无明确战法态,87.11,-3.03,75.37,True,7820.8,,百度概念/车联网(车路协同)/传感器,
301100,,0.0,1.0,0.7432,0.0,0.0,0.4283,0.1686,0.0,0.0,0.0,0.0,0.0,0.0,0.4564,False,False,False,False,无明确战法态,14.93,2.68,16.54,False,1306.4,,专精特新/POE胶膜,
301101,,0.0,1.0,0.8267,0.0,0.0,0.6087,0.2102,0.3,0.0,0.0,0.0,0.0,0.0,0.5292,False,False,False,False,无明确战法态,28.96,1.76,31.88,False,5572.1,,,
301102,,0.0,1.0,0.8212,0.0,0.0,0.7361,0.1422,0.0,0.0,0.0,0.0,0.0,0.0,0.5191,False,False,False,False,无明确战法态,9.05,1.12,9.99,False,3674.3,,抖音概念(字节概念)/数据要素/数字经济,
301103,,0.0,0.9956,0.8068,0.0,0.0,0.3653,0.1912,0.3,0.0,0.0,0.0,0.0,0.0,0.5115,False,False,False,False,无明确战法态,16.0,3.03,17.24,False,1946.1,,,
301105,,0.0,0.9792,0.6746,0.0,0.0,0.3837,0.1749,0.3,0.0,0.0,0.0,0.0,0.0,0.491,False,False,False,False,无明确战法态,45.21,3.12,50.82,False,743.1,,,
301106,,0.8285,0.8886,0.6284,0.0,0.0,0.5313,0.1959,0.6,0.0,0.0,0.0,0.0,0.0,0.5327,False,False,False,False,无明确战法态,20.22,-3.67,26.18,False,2064.8,,智能电网/融资融券/汽车电子,
301107,,0.0,0.9512,0.4598,0.0,0.0,0.6094,0.6258,0.9,0.0567,0.0,0.0,0.0,0.0,0.4425,False,False,False,False,无明确战法态,23.84,3.29,25.34,False,1399.9,,专精特新,
301108,,0.5026,1.0,0.7317,0.0156,0.3087,0.7247,0.3319,0.3,0.0,0.0,0.0,0.5,0.0,0.5308,False,False,False,False,无明确战法态,23.77,-0.34,25.69,False,15.4,,宠物经济/重组蛋白/三胎概念,
301109,,0.0,1.0,0.7861,0.0,0.0,0.4206,0.1396,0.0,0.0764,0.0,0.0,0.0,0.0,0.4838,False,False,False,False,无明确战法态,13.11,2.58,14.04,False,3019.7,,垃圾分类/固废处理/污水处理,
301110,,0.0,1.0,0.7955,0.0,0.0,0.6026,0.4502,0.0,0.0,0.0,0.0,0.0,0.0,0.5605,False,False,False,False,无明确战法态,39.52,0.18,49.57,False,2597.0,,,
301111,,0.4548,1.0,0.4633,1.0,0.9288,0.6297,0.2413,0.0,0.9373,1.0,0.0,0.0,0.7,0.3767,False,False,False,False,无明确战法态,26.13,-1.69,25.55,True,4180.8,,融资融券/创新药/三胎概念,
301112,,0.0,0.8363,0.5471,0.0,0.3705,0.1028,0.4003,0.9,1.0,0.0,0.0,0.5,0.0,0.3772,False,False,False,False,无明确战法态,35.51,3.98,32.66,True,3915.6,,,
301113,,0.0,0.7233,0.6671,0.0,0.0,0.3204,0.1662,0.0,0.0,0.0,0.0,0.0,0.0,0.6131,False,False,False,False,无明确战法态,15.72,4.66,19.49,False,866.6,,,
301115,,0.0,0.7913,0.5327,1.0,1.0,0.5772,0.3222,0.0,1.0,0.0,0.0,1.0,0.7,0.3123,False,False,False,False,B1候B2,32.65,-4.25,29.02,True,50.5,,食品安全,
301116,,0.0,1.0,0.8148,0.0,0.0,0.631,0.4617,0.0,0.0,0.0,0.0,0.0,0.0,0.4285,False,False,False,False,无明确战法态,9.02,0.22,9.72,False,4049.8,,,
301117,,0.0,0.7852,0.5478,0.0,0.0,0.1927,0.2173,0.0,0.0,0.0,0.0,0.0,0.0,0.5024,False,False,False,False,无明确战法态,23.83,4.29,32.3,False,1972.0,,,
301118,,0.6211,0.5813,0.5336,0.6639,0.0,0.62,0.3112,0.3,0.1544,0.0,0.0,0.0,0.7,0.542,False,False,False,False,无明确战法态,26.74,-5.51,28.8,False,2811.1,,小金属概念,
301119,,0.0,0.0615,0.0,0.0,0.0,0.0,0.4699,0.6,0.0,0.0,0.0,0.5,0.0,0.5682,False,False,False,False,无明确战法态,28.57,8.63,34.56,False,2403.0,,,
301120,,0.9265,1.0,0.6788,0.0,0.0,0.8815,0.3918,0.3,0.0,0.0,0.0,0.0,1.0,0.3836,False,False,False,False,无明确战法态,16.45,2.94,20.39,False,3685.7,,专精特新/柔性直流输电,
301121,,0.0,0.6602,0.3764,0.1001,0.0,0.2824,0.2471,0.3,0.618,0.0,0.0,0.0,0.0,0.4227,False,False,False,False,无明确战法态,37.73,5.04,37.02,True,1908.8,,专精特新,
301122,,0.0,1.0,0.7316,0.153,1.0,0.4813,0.5426,0.3,1.0,0.0,0.0,1.0,0.0,0.2899,False,False,False,False,无明确战法态,31.41,0.35,28.6,True,2375.9,,,
301123,,1.0,0.785,0.2594,1.0,1.0,0.73,0.3722,0.0,1.0,1.0,0.0,0.5,0.7,0.5059,False,False,False,False,无明确战法态,101.06,-4.29,94.72,True,16679.1,,铜缆高速连接/液冷服务器,
301125,,0.3106,0.3814,0.4134,0.0,0.0,0.4062,0.2183,0.3,0.0,0.0,1.0,0.0,0.0,0.6453,False,False,False,False,无明确战法态,14.31,6.71,17.88,False,1798.2,,专精特新/中俄贸易概念,
301126,,0.0,1.0,0.7327,0.0,0.0,0.4811,0.1431,0.0,0.0,0.0,0.0,0.0,0.0,0.4641,False,False,False,False,无明确战法态,9.23,2.78,10.2,False,1287.4,,无人零售,
301127,,0.0,1.0,0.6749,1.0,1.0,0.0915,0.5258,0.3,1.0,0.0,0.0,1.0,0.0,0.2479,False,False,False,False,无明确战法态,20.17,-0.64,16.09,True,13196.0,,专精特新/氢能源/固废处理,
301128,,0.5052,1.0,0.5704,1.0,1.0,0.8147,0.3794,0.3,1.0,1.0,0.0,0.0,0.7,0.3846,False,False,False,False,B1候B2,151.81,1.9,142.99,True,193.4,,光刻机,
301129,,0.1193,1.0,0.6973,0.0,0.0,0.729,0.1919,0.0,0.0,0.0,0.0,0.0,0.0,0.5545,False,False,False,False,无明确战法态,21.25,2.66,24.4,False,1408.5,,专精特新/空气能热泵,
301130,,0.0,1.0,0.7716,0.0,0.0,0.4156,0.1458,0.0,0.0,0.0,0.0,0.0,0.0,0.5148,False,False,False,False,无明确战法态,25.66,2.23,27.69,False,1514.4,,阿尔茨海默概念,
301131,,0.0,1.0,0.7411,0.0,0.0,0.3718,0.1331,0.0,0.0,0.0,0.0,0.0,0.0,0.597,False,False,False,False,无明确战法态,34.71,2.91,37.85,False,1359.1,,专精特新/PEEK材料/POE胶膜,
301132,,0.6384,1.0,0.5387,1.0,1.0,0.5097,0.2708,0.0,1.0,0.0,0.0,0.5,1.0,0.3673,True,False,False,False,B1候B2,48.6,0.08,43.7,True,4604.4,,,
301133,,0.0,1.0,0.6994,0.1899,0.0,0.4567,0.3077,0.0,0.3316,0.0,0.0,0.0,0.0,0.3739,False,False,False,False,无明确战法态,39.11,0.2,41.14,False,4346.5,,百度概念/毫米波雷达/碳纤维,
301135,,0.5314,0.6713,0.5621,0.0,0.0,0.3769,0.21,0.0,0.0,0.0,0.0,0.0,0.0,0.6504,False,False,False,False,无明确战法态,17.1,4.97,21.2,False,1338.7,,空气能热泵/语音技术,
301136,,0.0,1.0,0.7481,0.0,0.0,0.1809,0.1037,0.0,0.0,0.0,0.0,0.0,0.0,0.4669,False,False,False,False,无明确战法态,11.67,2.55,13.5,False,3208.1,,地下管网/时空大数据/数字乡村,
301137,,0.0133,1.0,0.795,0.0,0.0,0.69,0.3306,0.0,0.0,0.0,0.0,0.0,0.0,0.4336,False,False,False,False,无明确战法态,35.4,1.72,40.4,False,6436.2,,专精特新/水利/中俄贸易概念,
301138,,0.0,0.4115,0.5115,0.0,1.0,0.0,0.7408,0.3,0.8,0.0,0.0,1.0,0.0,0.3348,False,False,False,False,无明确战法态,33.44,6.53,31.96,True,2292.7,,,
301139,,0.9412,0.3579,0.3909,0.0,0.0,0.6065,0.3092,0.0,0.0,0.0,0.0,0.0,0.0,0.7497,False,False,False,False,无明确战法态,3.67,-6.85,8.34,False,279.5,,,
301141,,0.144,1.0,0.6779,0.0,0.0,0.5648,0.3976,0.0,0.0,0.0,0.0,0.0,0.0,0.4659,False,False,False,False,无明确战法态,43.88,0.97,49.62,False,1953.2,,,
301148,,1.0,1.0,0.8694,0.1435,0.0,0.9063,0.2419,0.6,0.0,0.0,0.0,0.0,0.0,0.5923,False,False,False,False,无明确战法态,51.77,-0.6,58.49,False,3047.7,,专精特新/福建自贸区/核污染防治,
301149,,0.0,1.0,0.7067,0.0424,0.0,0.4287,0.322,0.3,0.321,0.0,0.0,0.0,0.0,0.3948,False,False,False,False,无明确战法态,11.5,-2.71,11.93,False,3003.6,,,
301150,,1.0,1.0,0.452,0.7079,0.0177,0.5315,0.4084,0.0,0.3059,0.0,0.0,0.5,0.0,0.5592,False,False,False,False,无明确战法态,56.8,-1.92,60.77,False,12642.9,,融资融券/宁德时代概念/储能,
301151,,0.0256,1.0,0.7119,0.5371,0.4964,0.6619,0.3396,0.6,0.3768,0.0,0.0,0.0,1.0,0.3901,False,False,False,False,B2确认,18.16,1.91,18.37,False,30.7,,,
301152,,0.1923,1.0,0.8189,0.0,0.0,0.6121,0.2192,0.0,0.0,0.0,0.0,0.0,0.0,0.474,False,False,False,False,无明确战法态,23.96,-1.36,27.15,False,1701.6,,专精特新/动力电池回收,
301153,,0.2904,1.0,0.8403,0.0,0.0,0.6303,0.1694,0.3,0.0,0.0,0.0,0.0,0.0,0.4539,False,False,False,False,无明确战法态,16.38,0.61,19.17,False,5434.1,,电子身份证/蚂蚁集团概念/数字货币,
301155,,0.0,0.8811,0.6426,0.0,0.0,0.6264,0.0854,0.0,0.0,0.0,0.0,0.0,0.0,0.5855,False,False,False,False,无明确战法态,44.69,3.71,55.29,False,5565.6,,,
301156,,0.0,1.0,0.8055,0.0,0.0,0.4853,0.1531,0.3,0.0,0.0,0.0,0.0,0.0,0.6034,False,False,False,False,无明确战法态,11.49,1.59,14.66,False,1035.9,,俄乌冲突概念,
301157,,1.0,1.0,0.8348,0.3008,0.0,0.8792,0.1428,0.0,0.0,0.0,0.0,0.0,0.0,0.5632,False,False,False,False,无明确战法态,60.02,-0.83,67.64,False,1239.9,,,
301158,,0.0,0.8178,0.5578,0.0,0.0,0.3717,0.3127,0.3,0.0,0.0,0.0,0.0,0.0,0.6522,False,False,False,False,无明确战法态,14.75,4.09,18.3,False,2162.6,,专精特新/页岩气,
301159,,0.0,1.0,0.8055,0.0,0.0,0.5005,0.2042,0.3,0.0,0.0,0.0,0.0,0.0,0.5341,False,False,False,False,无明确战法态,30.62,0.36,35.49,False,1623.3,,食品安全/数据确权,
301160,,0.0,1.0,0.4587,0.0,0.0,0.1767,0.5396,0.6,0.3308,0.0,0.0,0.5,1.0,0.3522,False,False,False,False,无明确战法态,51.87,1.49,53.54,False,3962.8,,专精特新,
301161,,0.0,0.866,0.5949,0.8401,1.0,0.4909,0.5177,0.6,1.0,0.0,0.0,1.0,0.7,0.3004,False,False,False,False,无明确战法态,37.68,-3.8,34.34,True,2908.8,,海工装备/股权转让(并购重组)/农机,
301162,,0.0,1.0,0.7491,0.0282,0.0,0.8696,0.1597,0.3,0.3677,0.0,0.0,1.0,0.0,0.3317,False,False,False,False,无明确战法态,42.58,1.41,44.6,False,5112.7,,专精特新/碳交易/虚拟电厂,
301163,,0.0,1.0,0.6228,0.0,0.0,0.0,0.2228,0.3,0.2924,0.0,0.0,0.5,0.0,0.3776,False,False,False,False,无明确战法态,25.48,0.12,26.24,False,1389.5,,,
301165,,0.0,0.0,0.3822,0.0,1.0,0.0,0.4726,0.3,1.0,0.0,0.0,1.0,0.0,0.4354,False,False,False,False,无明确战法态,94.89,11.31,75.75,True,75480.7,,百度概念/阿里巴巴概念/抖音概念(字节概念),
301166,,0.0,1.0,0.7431,0.0,0.0,0.2964,0.2301,0.3,0.273,0.0,0.0,0.5,0.0,0.4379,False,False,False,False,无明确战法态,27.44,2.66,28.32,False,1561.8,,,
301167,,0.0,1.0,0.7218,0.0,0.0,0.4824,0.1191,0.0,0.0,0.0,0.0,0.0,0.0,0.5271,False,False,False,False,无明确战法态,13.0,2.36,14.82,False,937.5,,,
301168,,0.1234,1.0,0.876,0.6233,0.9058,0.8785,0.922,0.3,0.6401,1.0,0.0,0.5,0.0,0.2986,False,False,False,False,B1候B2,44.17,0.16,43.81,True,4210.0,,,
301169,,0.7229,1.0,0.7238,0.7051,0.0,0.7691,0.1129,0.0,0.4614,0.0,0.0,0.0,0.7,0.3802,False,False,False,False,无明确战法态,69.99,-2.71,73.54,False,5039.9,,互联网金融/华为昇腾/蚂蚁集团概念,
301170,,0.0,0.6051,0.6271,0.0,0.0,0.2228,0.153,0.0,0.0,0.0,0.0,0.0,0.0,0.6619,False,False,False,False,无明确战法态,23.55,5.37,25.4,False,790.7,,,
301171,,0.5805,0.0,0.5129,0.0201,0.0,0.5061,0.2728,0.3,0.0,0.0,0.0,0.0,0.7,0.6103,False,False,False,False,无明确战法态,32.0,-10.41,38.14,False,15891.0,,短剧游戏/快手概念/AI视频,
301172,,0.3803,1.0,0.7967,0.1661,0.0,0.7253,0.2066,0.0,0.0,0.0,0.0,0.0,0.0,0.4112,False,False,False,False,无明确战法态,26.61,0.19,29.99,False,2628.2,,地下管网/华为昇腾/区块链,
301173,,0.0,0.897,0.7153,0.0,0.0,0.3565,0.2671,0.0,0.0,0.0,0.0,0.0,0.0,0.5216,False,False,False,False,无明确战法态,31.79,3.62,36.05,False,980.0,,,
301175,,0.0,1.0,0.8675,0.0,0.0,0.6278,0.163,0.0,0.0,0.0,0.0,0.0,0.0,0.5809,False,False,False,False,无明确战法态,5.07,0.8,5.57,False,31.5,,生物质能发电,
301176,,1.0,1.0,0.6568,1.0,1.0,0.8005,0.313,0.3,1.0,1.0,0.0,0.5,0.7,0.4429,True,False,False,False,B1候B2,59.87,-1.53,53.11,True,9821.9,,,
301177,,0.1954,0.0,0.1769,0.2792,1.0,0.0,0.3836,1.0,0.2559,0.0,0.0,1.0,0.0,0.4629,False,False,False,False,无明确战法态,26.88,-10.55,28.01,False,10752.3,,黄金概念/抖音概念(字节概念)/广东自贸区,
301178,,0.9093,0.8122,0.6469,0.0,0.0,0.3654,0.3545,1.0,0.0,0.0,0.0,0.5,0.0,0.5071,False,False,False,False,无明确战法态,40.19,-4.13,49.93,False,1985.9,,人脸识别/时空大数据/数据确权,
301179,,0.5547,1.0,0.8078,0.0809,0.0,0.9079,0.2184,0.3,0.1269,0.0,0.0,0.5,0.0,0.3461,False,False,False,False,无明确战法态,20.36,-0.49,22.06,False,4835.0,,柔性直流输电/虚拟电厂,
301180,,0.0611,0.7345,0.5756,0.0,0.0,0.4186,0.1424,0.0,0.0,0.0,0.0,0.0,0.0,0.6655,False,False,False,False,无明确战法态,12.98,4.59,15.34,False,2130.5,,,
301181,,0.0,0.6294,0.3871,0.0,0.0,0.0,0.2409,0.3,0.0,0.0,0.0,0.0,0.0,0.428,False,False,False,False,无明确战法态,25.18,5.22,32.35,False,29.5,,,
301182,,0.21,0.5879,0.6352,1.0,1.0,0.3339,0.3658,0.6,1.0,0.0,0.0,1.0,0.7,0.3898,False,False,True,False,无明确战法态,106.0,5.47,84.73,True,9262.7,,专精特新/安防/充电桩,
301183,,0.8005,1.0,0.7102,1.0,1.0,0.8455,0.2867,0.3,0.9449,0.0,0.0,0.5,0.7,0.4998,True,False,False,False,B1候B2,226.24,-0.58,226.33,False,13280.1,,F5G概念,
301185,,0.3973,1.0,0.8337,0.0,0.0,0.5798,0.2191,0.3,0.0,0.0,0.0,0.0,0.0,0.4432,False,False,False,False,无明确战法态,14.95,0.81,16.89,False,2073.1,,多模态AI/数据安全/数字水印,
301186,,0.1412,1.0,0.6685,0.0,0.0,0.474,0.1683,0.0,0.0,0.0,1.0,0.0,0.0,0.5663,False,False,False,False,无明确战法态,39.08,2.28,54.01,False,3011.5,,,
301187,,0.0,0.9481,0.6104,0.0,0.0,0.2132,0.2448,0.3,0.0,0.0,0.0,0.5,0.0,0.471,False,False,False,False,无明确战法态,15.91,3.31,17.85,False,4056.0,,冰雪产业,
301188,,1.0,0.0,0.2885,1.0,1.0,0.4802,0.3216,0.0,1.0,1.0,0.0,0.5,0.7,0.6231,False,False,False,False,无明确战法态,51.55,-10.25,48.86,True,13791.5,,融资融券,
301189,,0.0,1.0,0.7622,0.0,0.0,0.7228,0.1272,0.0,0.0,0.0,0.0,0.0,0.7,0.5763,False,False,False,False,无明确战法态,56.11,-1.87,70.98,False,6304.4,,专精特新/智能音箱,
301190,,0.0,1.0,0.6372,0.0,0.0,0.1165,0.1779,0.0,0.0,0.0,0.0,0.0,0.0,0.489,False,False,False,False,无明确战法态,17.27,1.05,20.18,False,2471.4,,染料,
301191,,0.0,1.0,0.0743,0.0,0.0,0.2085,0.3002,0.6,0.1245,0.0,0.0,1.0,0.0,0.3826,False,False,False,False,无明确战法态,112.51,0.6,123.04,False,5885.8,,F5G概念/WiFi 6/网络安全,
301192,,0.0,1.0,0.1705,0.0,0.0,0.5341,0.0892,0.3,0.0,0.0,0.0,0.0,0.0,0.4776,False,False,False,False,无明确战法态,19.92,2.84,23.15,False,982.6,,专精特新,
301193,,0.0716,1.0,0.6555,0.0,0.0,0.816,0.1502,0.3,0.0,0.0,0.0,0.0,0.0,0.5635,False,False,False,False,无明确战法态,18.85,1.45,21.66,False,3302.4,,跨境电商,
301195,,0.2536,0.9929,0.773,0.1876,0.0,0.6243,0.3625,0.3,0.0,0.0,0.0,0.0,0.0,0.4667,False,False,False,False,无明确战法态,28.45,3.04,31.31,False,2494.8,,,
301196,,1.0,1.0,0.6443,1.0,0.0,0.6656,0.3045,0.0,0.0,0.0,0.0,0.0,0.7,0.6014,False,False,False,False,无明确战法态,116.17,1.45,139.43,False,9521.2,,专精特新/PEEK材料,
301197,,0.0461,0.875,0.5911,1.0,1.0,0.6257,0.4821,0.6,1.0,0.0,0.0,1.0,0.7,0.3072,False,False,False,False,无明确战法态,33.11,-3.75,30.96,True,3600.7,,专精特新/雄安新区/建筑节能,
301198,,0.0,1.0,0.8131,0.0,0.0,0.6884,0.1359,0.0,0.0,0.0,0.0,0.0,0.0,0.5259,False,False,False,False,无明确战法态,13.24,0.3,15.15,False,2148.5,,跨境电商/特斯拉概念/智能物流,
301199,,0.0,0.0,0.0,0.0,0.0,0.0,0.2417,0.6,0.769,0.0,0.0,0.5,0.0,0.4764,False,False,False,False,无明确战法态,21.28,20.02,20.22,True,1544.4,,,
301200,,0.5692,1.0,0.4794,1.0,1.0,0.8236,0.8069,0.0,1.0,0.0,0.0,0.5,0.7,0.321,False,False,False,False,无明确战法态,343.0,-1.61,282.4,True,1458.6,,工业母机,
301201,,0.0,1.0,0.6033,0.1015,0.859,0.4111,0.4446,0.3,0.5271,0.0,0.0,1.0,0.0,0.3529,False,False,False,False,无明确战法态,37.8,-0.92,37.75,True,4103.0,,专精特新/创新药/肝炎概念,
301202,,0.5741,0.9509,0.6449,0.0,0.0,0.4735,0.1519,0.0,0.0,0.0,0.0,0.0,0.0,0.4141,False,False,False,False,无明确战法态,33.55,3.29,37.96,False,1274.9,,换电概念,
301203,,0.4537,1.0,0.8528,0.4069,0.0,0.7702,0.1836,0.0,0.2095,0.0,0.0,0.0,0.0,0.492,False,False,False,False,无明确战法态,40.34,-1.01,43.18,False,1768.6,,,
301205,,0.681,1.0,0.422,1.0,1.0,0.6875,0.3524,0.6,0.8552,0.0,0.0,0.0,0.7,0.4371,True,False,False,False,B1候B2,297.99,-2.88,299.32,False,24853.8,,,
301206,,0.0,1.0,0.8691,0.0085,0.0,0.5724,0.1643,0.0,0.1056,0.0,0.0,0.0,0.0,0.4245,False,False,False,False,无明确战法态,23.29,1.66,24.66,False,3034.3,,专精特新/代糖概念,
301207,,0.0,1.0,0.7908,0.0,0.0,0.7947,0.2061,0.0,0.1914,0.0,0.0,0.5,0.0,0.4357,False,False,False,False,无明确战法态,17.09,1.18,17.88,False,102.6,,生物疫苗/肝炎概念/禽流感,
301208,,0.0,1.0,0.8139,0.0,0.0,0.6516,0.2871,0.3,0.0,0.0,0.0,0.5,0.0,0.3821,False,False,False,False,无明确战法态,29.41,0.1,31.49,False,1982.8,,蚂蚁集团概念/数字货币,
301209,,1.0,0.9975,0.7073,0.0,0.0,0.2743,0.128,1.0,0.0,0.0,0.0,0.0,0.0,0.5411,False,False,False,False,无明确战法态,51.47,-3.01,73.92,False,4924.8,,专精特新/光刻机/染料,
301210,,0.0,0.3725,0.3312,0.0,0.0,0.0,0.5471,0.0,0.2535,0.0,0.0,1.0,0.0,0.5322,False,False,False,False,无明确战法态,32.67,6.76,33.88,False,1420.0,,减速器/金属镍/小金属概念,
301211,,0.0,1.0,0.3787,0.2751,1.0,0.0,1.0,0.3,1.0,0.0,0.0,1.0,0.0,0.287,False,False,False,False,无明确战法态,12.22,-0.97,10.95,True,5103.0,,,
301212,,0.0,1.0,0.8143,0.0,0.0,0.6688,0.1905,0.3,0.0,0.0,0.0,0.0,0.0,0.4792,False,False,False,False,无明确战法态,24.7,-0.28,27.19,False,2315.6,,消毒剂,
301213,,0.4953,0.8786,0.7034,0.0,0.0,0.491,0.3855,1.0,0.0,0.0,0.0,0.5,0.0,0.4675,False,False,False,False,无明确战法态,50.36,3.73,59.65,False,2604.2,,专精特新/电子身份证,
301215,,0.0,1.0,0.8259,0.0,0.0,0.561,0.2319,0.0,0.061,0.0,0.0,0.0,0.0,0.4837,False,False,False,False,无明确战法态,5.38,0.37,5.74,False,71.1,,车联网(车路协同)/飞行汽车(eVTOL)/人脸识别,
301216,,0.4439,1.0,0.7366,0.0866,0.0,0.5187,0.2861,0.0,0.0985,0.0,0.0,0.0,0.0,0.4466,False,False,False,False,无明确战法态,23.13,1.54,25.15,False,12682.9,,PEEK材料,
301217,,0.8309,1.0,0.3853,1.0,1.0,0.4929,0.6227,0.0,1.0,1.0,0.0,0.5,0.7,0.3817,False,False,False,False,B1候B2,154.63,-2.08,124.34,True,1281.9,,,
301218,,0.6319,1.0,0.665,1.0,1.0,0.5428,0.3,0.9,1.0,1.0,1.0,0.5,1.0,0.3069,True,False,False,False,B1候B2,41.17,-0.53,39.54,True,2952.0,,专精特新/智能电网/阿里巴巴概念,
301219,,0.6245,1.0,0.8128,0.0,0.0,0.5676,0.401,0.3,0.0,0.0,0.0,0.0,0.0,0.4138,False,False,False,False,无明确战法态,54.3,0.97,65.77,False,11425.6,,动力电池回收/金属镍/金属铜,
301220,,0.0,1.0,0.7571,0.0,0.0,0.5619,0.2146,0.3,0.0482,0.0,0.0,0.5,0.0,0.3704,False,False,False,False,无明确战法态,34.11,-1.36,36.39,False,2656.7,,合成生物/烟草,
301221,,0.0,1.0,0.7618,0.0,0.0,0.679,0.245,0.0,0.0,0.0,0.0,0.0,0.0,0.6814,False,False,False,False,无明确战法态,30.5,0.89,37.84,False,1914.2,,国产操作系统/时空大数据,
301222,,0.0,1.0,0.5097,0.0,0.0,0.4393,0.3618,1.0,0.5441,0.0,0.0,0.5,0.0,0.3812,False,False,False,False,无明确战法态,34.77,1.08,34.83,False,2776.7,,,
301223,,0.0,1.0,0.8442,0.0,0.0,0.4621,0.295,0.3,0.1371,0.0,0.0,0.5,0.0,0.3952,False,False,False,False,无明确战法态,16.41,0.92,17.38,False,31.7,,数字水印/烟草,
301225,,0.0,0.0,0.0,0.0,0.0,0.0,0.2247,0.0,0.3369,0.0,0.0,0.5,1.0,0.4502,False,False,False,False,无明确战法态,96.25,15.41,98.27,False,2876.1,,PEEK材料,
301226,,0.0,1.0,0.65,0.0,0.0,0.5517,0.2199,0.3,0.2386,0.0,0.0,0.0,0.0,0.3507,False,False,False,False,无明确战法态,33.86,2.76,35.67,False,3684.0,,,
301227,,0.0,0.2493,0.1811,0.0,0.0,0.1922,0.331,0.3,0.0,0.0,0.0,0.5,0.0,0.721,False,False,False,False,无明确战法态,27.22,7.5,29.19,False,1473.2,,碳中和/智能家居/黑龙江自贸区,
301228,,0.0,0.5335,0.4112,1.0,1.0,0.6371,0.6773,0.0,1.0,0.0,0.0,0.0,0.7,0.2888,False,False,False,False,B1候B2,79.18,5.8,68.66,True,9457.3,,食品安全,
301229,,0.0,0.5022,0.5092,0.0,0.0,0.1662,0.1396,0.0,0.0,0.0,0.0,0.0,0.0,0.6158,False,False,False,False,无明确战法态,13.1,5.99,15.0,False,1693.6,,,
301230,,0.0,0.7076,0.481,0.0509,1.0,0.0422,0.2704,0.3,1.0,0.0,0.0,1.0,0.0,0.3922,False,False,False,False,无明确战法态,40.1,4.75,37.78,True,5037.2,,合成生物,
301231,,0.808,0.9697,0.7232,0.0,0.0,0.7822,0.362,0.3,0.0,0.0,0.0,0.0,1.0,0.4826,False,False,False,False,无明确战法态,24.95,-3.18,31.44,False,16.3,,短剧游戏/AI视频,
301232,,0.0,0.0,0.0,0.5519,1.0,0.0,0.6864,0.3,1.0,0.0,0.0,1.0,0.0,0.4481,False,False,False,False,无明确战法态,182.0,11.69,142.48,True,113.6,,低空经济/风电/工业互联网,
301233,,0.5134,1.0,0.645,0.0,0.0,0.7256,0.3107,0.3,0.0,0.0,0.0,0.0,0.0,0.5833,False,False,False,False,无明确战法态,37.81,1.69,50.06,False,1067.8,,专精特新/成飞概念/核污染防治,
301234,,0.0,0.3696,0.3932,0.1138,0.0,0.4277,0.2525,0.3,0.2622,0.0,0.0,0.0,0.0,0.4544,False,False,False,False,无明确战法态,36.84,6.78,38.02,False,1485.3,,专精特新,
301235,,0.0352,0.7707,0.6323,1.0,1.0,0.4389,0.4318,0.0,1.0,1.0,0.0,1.0,0.7,0.3517,False,False,False,False,B1候B2,67.09,-4.38,63.96,True,4880.5,,专精特新,
301236,,0.0,1.0,0.6032,0.3769,0.9165,0.5416,0.5785,0.6,0.5801,0.0,1.0,0.5,0.0,0.3303,False,False,False,False,无明确战法态,42.02,1.25,41.02,True,33015.5,,ERP概念,
301237,,0.0,0.3449,0.2916,0.8146,1.0,0.2521,0.6028,0.0,1.0,0.0,0.0,1.0,0.7,0.3022,False,False,False,False,无明确战法态,74.8,-6.93,68.83,True,4357.1,,碳纤维,
301238,,0.9405,0.6103,0.6097,0.8532,0.784,0.5399,0.3653,0.3,0.3796,0.0,0.0,0.5,0.7,0.4933,False,False,False,False,无明确战法态,21.99,-5.34,23.08,False,16126.0,,宁德时代概念/超级电容/高压快充,
301239,,0.0,1.0,0.8137,0.0,0.0,0.6021,0.1653,0.3,0.0,0.0,0.0,0.0,0.0,0.4868,False,False,False,False,无明确战法态,32.07,1.84,34.91,False,4555.4,,,
301246,,0.1459,0.811,0.5961,0.7045,0.0,0.6575,0.2826,0.3,0.6253,0.0,0.0,0.5,0.7,0.3856,False,False,False,False,无明确战法态,26.9,-4.13,27.62,False,4654.2,,仿制药一致性评价/氟化工概念/合成生物,
301248,,0.0,1.0,0.6062,1.0,1.0,0.6325,0.1969,0.3,1.0,0.0,0.0,1.0,0.7,0.3223,False,False,False,False,无明确战法态,77.58,-2.5,73.13,True,8714.5,,安防/多模态AI/华为昇腾,
301251,,1.0,0.9281,0.6722,0.0,0.0,0.6976,0.1382,0.3,0.0,0.0,0.0,0.5,0.0,0.5406,False,False,False,False,无明确战法态,46.15,-3.43,55.45,False,34.9,,工业互联网/新型工业化,
301252,,0.8905,0.7509,0.3936,0.8677,0.9838,0.5579,0.4183,0.3,0.7458,1.0,1.0,0.5,1.0,0.4408,False,False,False,False,B1候B2,39.29,4.49,39.12,True,1895.5,,空气能热泵/冷链物流/汽车热管理,
301255,,0.0,0.1168,0.2441,0.0,0.0,0.3174,0.1963,0.6,0.0417,0.0,0.0,0.0,0.0,0.508,False,False,False,False,无明确战法态,23.88,8.3,25.3,False,909.4,,,
301256,,0.0,0.4528,0.5458,0.0,0.6658,0.3909,0.5839,0.3,0.316,0.0,0.0,1.0,0.0,0.4309,False,False,False,False,无明确战法态,12.38,-6.28,12.81,False,5942.4,,专精特新/化肥/消毒剂,
301257,,0.0,0.75,0.5787,0.0,1.0,0.0,0.905,0.6,1.0,0.0,0.0,1.0,0.0,0.2815,False,False,False,False,无明确战法态,52.25,4.5,47.81,True,3934.7,,肝炎概念/细胞免疫治疗,
301258,,0.0,1.0,0.7564,0.0,0.0,0.4965,0.1826,0.0,0.0,0.0,0.0,0.0,0.0,0.5913,False,False,False,False,无明确战法态,24.67,2.45,26.93,False,2248.3,,阿尔茨海默概念,
301259,,0.0,0.8482,0.5216,0.0,0.0,0.0658,0.5285,0.6,0.1748,0.0,0.0,1.0,0.0,0.4135,False,False,False,False,无明确战法态,28.96,3.91,30.47,False,2897.2,,,
301260,,0.0,0.5183,0.3927,0.0294,0.0,0.2163,0.3152,0.3,0.4562,0.0,0.0,0.0,0.0,0.4254,False,False,False,False,无明确战法态,15.46,5.89,15.4,True,3174.0,,,
301261,,0.0,0.0,0.2038,0.2354,0.0,0.1222,0.3028,0.3,0.9377,0.0,0.0,0.0,0.7,0.5369,False,False,False,False,无明确战法态,90.18,9.12,85.74,True,3384.0,,工业母机/减速器,
301262,,0.0,1.0,0.7444,0.0,0.0,0.4188,0.1532,0.0,0.0,0.0,0.0,0.0,0.0,0.4866,False,False,False,False,无明确战法态,18.96,2.38,21.15,False,2314.5,,短剧游戏/语音技术,
301263,,0.0,0.8207,0.6872,0.0,0.0,0.1754,0.2861,0.6,0.062,0.0,0.0,1.0,0.0,0.397,False,False,False,False,无明确战法态,21.96,4.08,22.96,False,6666.7,,毛发医疗,
301265,,0.4812,1.0,0.6737,1.0,1.0,0.4977,0.3286,0.3,1.0,0.0,0.0,0.5,0.7,0.3436,False,False,False,False,B1候B2,28.2,2.25,25.98,True,4788.3,,金属镍/汽车拆解概念,
301266,,0.3527,1.0,0.767,0.0,0.0,0.6126,0.1477,0.3,0.0,0.0,0.0,0.0,0.0,0.4421,False,False,False,False,无明确战法态,22.82,0.97,29.92,False,23.8,,专精特新/光伏概念/超导概念,
301267,,0.2665,1.0,0.8403,0.0329,0.0,0.536,0.1526,0.3,0.0,0.0,0.0,0.0,0.0,0.4474,False,False,False,False,无明确战法态,15.14,0.73,16.55,False,9817.4,,福建自贸区,
301268,,0.1103,0.9814,0.5804,0.0,0.0,0.3105,0.1075,0.0,0.0,0.0,0.0,0.0,0.0,0.6271,False,False,False,False,无明确战法态,14.58,3.11,17.7,False,5025.7,,,
301269,,0.4002,0.6782,0.5751,0.8784,1.0,0.5774,0.3864,0.0,0.6151,0.0,0.0,1.0,0.7,0.3901,False,False,False,False,无明确战法态,102.77,-4.93,103.5,False,56054.4,,专精特新/小米概念/国家大基金持股,
301270,,0.0,1.0,0.7405,0.0,0.0,0.6571,0.2677,0.3,0.0,0.0,0.0,0.0,0.0,0.4606,False,False,False,False,无明确战法态,27.99,0.86,30.38,False,2644.9,,数字水印/AI视频/知识产权保护,
301272,,0.0,0.9779,0.7189,0.0,0.0,0.4383,0.2026,0.0,0.0,0.0,0.0,0.0,0.0,0.5211,False,False,False,False,无明确战法态,34.24,3.13,38.39,False,1072.7,,空气能热泵/烟草,
301273,,0.0,1.0,0.6853,0.0185,0.0,0.5427,0.2571,0.0,0.3597,0.0,0.0,0.5,0.7,0.3254,False,False,False,False,无明确战法态,33.25,-1.92,34.71,False,1828.3,,,
301275,,0.0,1.0,0.7983,0.25,0.6539,0.7314,0.2698,0.3,0.3998,0.0,0.0,1.0,1.0,0.4131,False,False,False,False,无明确战法态,44.62,-0.02,45.33,False,13424.3,,电子纸/数字经济/云计算,
301276,,0.0,0.5069,0.5333,0.0984,0.0,0.4361,0.2755,0.9,0.7951,0.0,0.0,0.5,0.0,0.4128,False,False,False,False,无明确战法态,25.43,5.96,24.75,True,1837.8,,,
301277,,0.0,1.0,0.716,0.0,0.0,0.1633,0.2867,0.0,0.1095,0.0,0.0,0.5,0.0,0.3886,False,False,False,False,无明确战法态,9.61,2.34,10.02,False,3767.9,,,
301278,,0.1827,1.0,0.7432,0.0,0.0,0.6503,0.1537,0.0,0.0,0.0,0.0,0.0,0.0,0.5867,False,False,False,False,无明确战法态,28.86,1.98,34.21,False,1483.5,,专精特新,
301279,,0.0,1.0,0.6241,0.4994,1.0,0.0,0.4838,0.6,1.0,0.0,0.0,1.0,0.7,0.4403,False,False,False,False,无明确战法态,27.28,2.56,23.79,True,3560.0,,共同富裕示范区/减速器,
301280,,0.0,1.0,0.6042,0.9729,1.0,0.1872,0.4578,0.3,1.0,0.0,0.0,1.0,0.7,0.2923,False,False,False,False,无明确战法态,54.07,1.25,46.12,True,3037.6,,,
301281,,0.0,1.0,0.4866,1.0,1.0,0.0,0.4172,0.3,1.0,0.0,0.0,1.0,1.0,0.4047,False,False,False,False,B1候B2,56.37,-2.89,45.07,True,3999.6,,,
301282,,0.0,0.5013,0.2527,0.7104,0.7845,0.3721,0.3749,0.0,1.0,0.0,0.0,0.5,0.7,0.418,False,False,True,False,无明确战法态,30.07,5.99,28.29,True,53.1,,智能家居/车联网(车路协同)/高铁,
301283,,0.0,1.0,0.7542,0.0,0.0,0.5622,0.2546,0.3,0.0,0.0,0.0,0.0,0.0,0.559,False,False,False,False,无明确战法态,26.08,2.27,33.05,False,1650.3,,专精特新,
301285,,0.9862,1.0,0.7314,1.0,0.3956,0.752,0.2081,0.0,0.6734,0.0,0.0,0.5,0.7,0.4675,False,False,False,False,B1候B2,106.01,0.01,109.49,False,219.1,,小米概念/智能穿戴,
301286,,0.0,0.4503,0.5878,0.834,0.6436,0.5923,0.4631,0.6,0.7071,0.0,0.0,0.5,0.7,0.4121,False,False,False,False,B1候B2,56.83,-6.3,57.18,False,9165.5,,成飞概念,
301287,,0.0,0.9279,0.6813,0.0,0.0,0.5604,0.1873,0.3,0.0,0.0,0.0,0.0,0.0,0.5236,False,False,False,False,无明确战法态,33.75,3.43,37.56,False,574.8,,冰雪产业,
301288,,0.6692,0.7349,0.4306,0.4599,0.0115,0.258,0.3352,0.6,0.405,0.0,0.0,0.0,0.7,0.3548,False,False,False,False,B2确认,18.0,4.59,18.52,False,1406.0,,专精特新/金属镍,
301289,,0.1772,1.0,0.8367,0.0,0.0,0.7696,0.2791,0.3,0.0,0.0,0.0,0.0,0.0,0.5145,False,False,False,False,无明确战法态,46.81,0.6,51.29,False,3627.8,,超导概念/成飞概念/钒电池,
301290,,0.0,0.8442,0.7684,0.3442,0.0,0.6802,0.268,0.3,0.6281,0.0,0.0,0.0,0.0,0.4668,False,False,False,False,无明确战法态,29.32,3.93,29.2,True,1998.6,,重组蛋白/血氧仪,
301291,,0.4126,0.8094,0.5856,0.0,0.0,0.6257,0.0885,0.3,0.0,0.0,1.0,0.0,0.0,0.5798,False,False,False,False,无明确战法态,36.19,4.14,46.52,False,5981.1,,,
301292,,0.8762,0.411,0.5453,0.6922,1.0,0.552,0.594,0.3,0.7132,0.0,0.0,0.5,0.0,0.3864,False,False,False,False,无明确战法态,75.1,-6.53,76.31,False,6398.0,,,
301293,,0.0,1.0,0.7654,0.0,0.0,0.4426,0.2684,0.6,0.0,0.0,0.0,0.0,0.0,0.4685,False,False,False,False,无明确战法态,51.8,1.29,59.02,False,10670.1,,,
301295,,0.0,0.6309,0.3816,0.5585,0.0,0.4013,0.277,0.0,1.0,0.0,0.0,0.5,0.7,0.4013,False,False,False,False,无明确战法态,45.6,5.21,43.45,True,1340.6,,,
301296,,0.0,1.0,0.8251,0.0,0.0,0.3997,0.11,0.0,0.0,0.0,0.0,0.0,0.0,0.5656,False,False,False,False,无明确战法态,6.24,2.3,6.88,False,2665.2,,食品安全,
301297,,0.3748,0.2164,0.4737,1.0,1.0,0.5303,0.4939,0.3,1.0,0.0,0.0,1.0,0.7,0.2611,False,False,False,False,无明确战法态,52.61,-7.7,47.37,True,19096.3,,股权转让(并购重组)/光刻机/OLED,
301298,,0.0,0.8434,0.7094,0.0,0.0,0.1794,0.0499,0.0,0.0,0.0,0.0,0.0,0.0,0.5244,False,False,False,False,无明确战法态,12.4,3.94,13.85,False,13.4,,,
301299,,0.388,1.0,0.8134,0.0,0.0,0.7744,0.1202,0.3,0.0,0.0,0.0,0.0,0.0,0.4138,False,False,False,False,无明确战法态,45.57,-0.35,53.3,False,2040.6,,,
301300,,0.2871,1.0,0.8224,0.0,0.0,0.5281,0.1612,0.0,0.0,0.0,0.0,0.0,0.0,0.5599,False,False,False,False,无明确战法态,32.23,1.0,36.94,False,1249.7,,专精特新/有机硅概念,
301301,,0.0,1.0,0.8014,0.0,0.0,0.1809,0.2941,0.3,0.0622,0.0,0.0,0.0,0.0,0.3998,False,False,False,False,无明确战法态,8.54,1.79,9.03,False,5275.9,,粮食概念/农业种植/土地流转,
301302,,0.0051,1.0,0.6715,0.8112,0.4121,0.4139,0.333,0.3,0.6782,1.0,0.0,0.0,0.7,0.3473,False,False,False,False,B1候B2,27.67,2.52,27.4,True,3845.9,,成飞概念/核污染防治/手机游戏,
301303,,0.8512,0.5347,0.6493,0.8786,1.0,0.4385,0.3721,0.9,0.5278,0.0,0.0,0.5,1.0,0.4077,False,False,False,False,无明确战法态,15.94,-5.79,16.03,False,1629.1,,物联网/融资融券/深股通,
301305,,0.336,1.0,0.7479,0.8263,0.8939,0.7695,0.505,0.9,0.8673,1.0,0.0,0.5,0.7,0.3525,False,False,False,False,B2确认,29.16,-0.65,28.75,True,3607.5,,碳交易/垃圾分类/固废处理,
301306,,0.0,1.0,0.2791,0.8892,1.0,0.2903,0.6491,0.6,1.0,0.0,0.0,1.0,0.0,0.2831,False,False,False,False,无明确战法态,172.51,1.83,149.55,True,10050.9,,大飞机/专精特新/华为概念,
301307,,0.0,1.0,0.2852,1.0,1.0,0.2436,0.3805,0.3,1.0,0.0,0.0,1.0,0.7,0.2712,False,False,False,False,B2确认,81.19,2.41,58.44,True,8892.5,,充电桩/东数西算(算力)/工业互联网,
301308,,0.7074,0.9771,0.1906,1.0,1.0,0.4809,0.7195,0.0,1.0,0.0,0.0,1.0,0.7,0.3459,False,False,False,False,无明确战法态,618.02,3.14,533.01,True,171808.0,,专精特新/小米概念/智能穿戴,
301309,,0.0353,1.0,0.7555,0.385,0.1574,0.7908,0.2589,0.6,0.5881,0.0,0.0,0.5,0.0,0.3581,False,False,False,False,无明确战法态,32.27,1.16,32.4,False,1954.8,,共同富裕示范区,
301310,,0.0,1.0,0.6327,1.0,1.0,0.7646,0.3908,0.3,1.0,0.0,0.0,1.0,1.0,0.3013,False,False,False,False,无明确战法态,53.25,-1.21,40.54,True,32.5,,宁德时代概念/充电桩/创投,
301311,,0.0,0.7726,0.694,0.0,0.0,0.3206,0.2127,0.0,0.0,0.0,0.0,0.0,0.0,0.5728,False,False,False,False,无明确战法态,13.87,4.36,15.11,False,3328.8,,成飞概念/烟草,
301312,,0.3776,0.432,0.522,0.5104,0.6806,0.7315,0.2647,0.3,0.8127,0.0,0.0,1.0,0.0,0.332,False,False,False,False,无明确战法态,104.43,-6.41,106.87,False,6323.5,,专精特新/AI PC/高端装备,
301313,,0.2094,1.0,0.0614,1.0,1.0,0.4882,0.5127,0.3,1.0,1.0,0.0,0.0,0.7,0.401,False,False,False,False,B1候B2,52.08,2.12,48.44,True,4091.1,,百度概念/污水处理/车联网(车路协同),
301314,,0.9982,1.0,0.733,0.6206,0.0,0.4544,0.2688,0.0,0.0941,0.0,0.0,0.0,0.7,0.516,False,False,False,False,B1候B2,46.53,-1.92,50.31,False,849.5,,F5G概念,
301315,,0.1477,1.0,0.7944,0.0,0.0,0.6918,0.2007,0.6,0.0,0.0,0.0,0.0,0.0,0.5204,False,False,False,False,无明确战法态,39.42,0.48,44.86,False,1458.5,,ERP概念/烟草,
301316,,0.0,0.0,0.0,0.0,0.0,0.1179,0.2046,0.0,0.5938,0.0,0.0,0.5,0.0,0.4428,False,False,False,False,无明确战法态,43.51,9.49,43.14,True,17023.2,,华为概念/百度概念/小米概念,
301317,,1.0,1.0,0.6484,0.5643,0.0,0.7221,0.1571,0.0,0.0,0.0,0.0,0.0,0.7,0.5399,False,False,False,False,无明确战法态,51.84,2.8,60.86,False,2705.9,,共同富裕示范区/空气能热泵/中俄贸易概念,
301318,,0.0,1.0,0.8037,0.0,0.0,0.5338,0.184,0.6,0.0,0.0,0.0,0.0,0.0,0.4627,False,False,False,False,无明确战法态,20.68,-0.19,23.02,False,19.3,,,
301319,,1.0,0.0,0.087,1.0,1.0,0.5066,0.8557,0.0,1.0,1.0,0.0,0.5,0.7,0.45,False,False,False,False,无明确战法态,157.4,-11.07,129.75,True,14725.8,,光伏概念/华为概念/融资融券,
301320,,0.0,0.9864,0.6816,0.0,0.0,0.4241,0.3181,0.3,0.0,0.0,0.0,0.0,0.0,0.4508,False,False,False,False,无明确战法态,13.38,3.08,15.13,False,912.6,,语音技术,
301321,,0.0,1.0,0.5224,1.0,1.0,0.7592,0.4476,0.3,1.0,0.0,0.0,1.0,0.7,0.3031,False,False,False,False,无明确战法态,41.35,-0.6,33.16,True,6104.0,,OLED/虚拟现实,
301322,,1.0,0.9192,0.7494,1.0,1.0,0.8741,0.3267,0.3,0.8864,1.0,0.0,0.5,0.7,0.4871,False,False,False,False,B1候B2,49.3,-3.48,49.14,True,4743.3,,动力电池回收,
301323,,0.9679,0.7793,0.6813,1.0,0.3636,0.7305,0.2432,0.0,0.4319,0.0,0.0,0.0,0.7,0.5238,False,False,False,False,B1候B2,77.66,-4.32,81.77,False,5247.3,,,
301325,,0.0431,0.8616,0.6189,0.0,0.0,0.6628,0.2019,0.0,0.0,0.0,0.0,0.0,0.0,0.5877,False,False,False,False,无明确战法态,35.78,3.83,41.42,False,2071.5,,,
301326,,1.0,1.0,0.6646,0.1854,0.0,0.7541,0.1363,0.0,0.0,0.0,0.0,0.0,0.0,0.5618,False,False,False,False,无明确战法态,129.04,-0.9,146.85,False,9300.5,,,
301327,,0.0,1.0,0.7346,0.0,0.0,0.6509,0.2448,0.0,0.0,0.0,0.0,0.0,0.0,0.5057,False,False,False,False,无明确战法态,48.37,2.96,54.47,False,6905.9,,BC电池/网红经济,
301328,,0.0,1.0,0.4322,0.8751,1.0,0.2102,0.8405,0.3,1.0,0.0,0.0,1.0,0.0,0.2211,False,False,False,False,无明确战法态,82.31,2.05,62.96,True,6537.3,,光伏概念/汽车电子/储能,
301329,,0.6871,1.0,0.7577,0.4525,0.0,0.8592,0.2083,0.3,0.162,0.0,0.0,0.0,0.7,0.3812,False,False,False,False,无明确战法态,23.56,0.73,25.47,False,1412.3,,,
301330,,0.0015,1.0,0.8094,0.0,0.0,0.6778,0.3432,0.3,0.0,0.0,0.0,0.0,0.0,0.4217,False,False,False,False,无明确战法态,25.82,1.1,29.25,False,5017.4,,电子身份证/多模态AI/人脸识别,
301331,,0.0,1.0,0.8208,0.0,0.0,0.6046,0.3648,0.6,0.1935,0.0,0.0,1.0,0.0,0.3755,False,False,False,False,无明确战法态,23.56,0.51,24.48,False,2418.1,,创新药/医药电商,
301332,,0.0,0.8771,0.7165,0.0,0.0,0.5369,0.2442,0.0,0.0193,0.0,0.0,0.0,0.0,0.6249,False,False,False,False,无明确战法态,8.05,3.74,8.58,False,2132.0,,网红经济,
301333,,0.0,1.0,0.6811,0.0,0.4667,0.1099,0.7331,0.0,0.2117,0.0,0.0,1.0,0.0,0.4038,False,False,False,False,无明确战法态,51.91,0.54,54.23,False,5006.4,,创新药/智能医疗,
301335,,0.0,1.0,0.8436,0.0,0.0,0.74,0.3638,0.3,0.0,0.0,0.0,0.0,0.0,0.4222,False,False,False,False,无明确战法态,20.7,1.17,22.69,False,1047.9,,,
301336,,0.0,1.0,0.8168,0.0,0.0,0.7689,0.3904,0.3,0.0,0.0,0.0,1.0,0.0,0.4445,False,False,False,False,无明确战法态,39.4,-0.68,44.74,False,1220.2,,小米汽车,
301337,,0.0,1.0,0.6337,0.3845,1.0,0.3843,0.5401,0.3,0.8624,0.0,0.0,1.0,0.0,0.4394,False,False,False,False,无明确战法态,29.03,2.91,27.84,True,1287.1,,鸿蒙概念/国产操作系统/数据要素,
301338,,0.0,1.0,0.5388,0.1223,0.0,0.6006,0.3891,0.0,0.0044,0.0,0.0,0.0,0.7,0.4483,False,False,False,False,无明确战法态,157.0,-0.27,178.22,False,8324.9,,专精特新/工业母机,
301339,,0.3462,1.0,0.8566,0.0,0.0,0.5823,0.1387,0.0,0.0,0.0,0.0,0.0,0.0,0.5304,False,False,False,False,无明确战法态,10.38,1.47,11.82,False,5914.5,,ETC,
301345,,0.0,0.9245,0.2984,0.3343,0.9778,0.0,0.3213,0.3,0.9186,0.0,1.0,1.0,0.0,0.3873,False,False,False,False,无明确战法态,231.01,3.45,221.3,True,8092.3,,两轮车,
301348,,0.9819,0.5666,0.6501,0.8894,1.0,0.6185,0.2256,0.0,0.465,0.0,0.0,0.5,0.7,0.4829,False,False,False,False,无明确战法态,26.8,-5.6,27.93,False,4157.7,,,
301349,,0.1457,0.5507,0.4725,1.0,1.0,0.661,0.3557,0.3,1.0,1.0,0.0,1.0,0.7,0.3243,False,False,False,False,无明确战法态,65.07,-5.7,57.19,True,7321.4,,专精特新/钒电池,
301353,,0.0,0.4762,0.4369,0.0,0.0,0.0,0.1536,0.6,0.0,0.0,0.0,0.0,0.0,0.5505,False,False,False,False,无明确战法态,17.97,6.14,22.09,False,572.9,,,
301355,,0.0,1.0,0.6979,0.0,0.0,0.1601,0.1362,0.0,0.0,0.0,0.0,0.5,0.0,0.4091,False,False,False,False,无明确战法态,10.04,-1.08,11.05,False,1006.6,,,
301356,,0.0,1.0,0.668,0.956,1.0,0.4596,0.5088,0.3,1.0,0.0,0.0,0.5,0.7,0.2479,False,False,False,False,无明确战法态,27.85,1.24,24.67,True,3528.5,,参股银行,
301357,,0.0,0.9927,0.6985,0.0,0.0,0.3157,0.2021,0.3,0.0,0.0,0.0,0.0,0.0,0.6213,False,False,False,False,无明确战法态,84.29,3.04,95.84,False,8024.4,,,
301358,,0.8806,1.0,0.6915,0.2922,0.0,0.7495,0.2402,0.0,0.2448,0.0,0.0,0.5,0.0,0.4274,False,False,False,False,无明确战法态,73.39,-2.68,79.4,False,55771.9,,动力电池回收/金属铜,
301359,,0.0,0.9444,0.7202,0.0,0.0,0.5421,0.1236,0.0,0.0,0.0,0.0,0.0,0.0,0.6048,False,False,False,False,无明确战法态,16.74,3.33,19.34,False,11.9,,专精特新,
301360,,0.0,0.1051,0.1174,0.0984,0.0,0.1858,0.2836,0.6,0.3183,0.0,0.0,0.0,0.0,0.4534,False,False,False,False,无明确战法态,72.77,8.37,75.89,False,1838.3,,无线充电,
301361,,0.4667,0.9364,0.6429,0.0,0.0,0.8391,0.2327,0.3,0.0,0.0,0.0,0.0,0.0,0.4678,False,False,False,False,无明确战法态,30.88,3.38,35.06,False,940.1,,,
301362,,1.0,1.0,0.5482,1.0,0.0,0.7151,0.1988,0.0,0.6321,0.0,0.0,0.0,0.7,0.5153,False,False,False,False,B1候B2,169.12,-0.43,178.79,False,5017.8,,生态农业,
301363,,0.0,1.0,0.6615,0.0,0.0,0.4817,0.4496,0.9,0.0,0.0,0.0,0.5,0.0,0.4186,False,False,False,False,无明确战法态,20.96,1.35,23.65,False,7822.3,,PEEK材料,
301365,,0.0,1.0,0.4156,0.8054,1.0,0.0,0.9422,0.6,1.0,0.0,0.0,1.0,0.0,0.2645,False,False,False,False,无明确战法态,40.02,0.23,33.13,True,4057.3,,创投/新型城镇化/粤港澳大湾区,
301366,,0.1974,1.0,0.5998,1.0,1.0,0.5345,0.1988,0.3,1.0,0.0,0.0,1.0,0.7,0.3799,False,False,False,False,无明确战法态,57.11,2.96,48.69,True,6681.7,,华为概念/百度概念/融资融券,
301367,,0.0,0.1303,0.3151,0.0,0.0,0.0,0.2802,0.3,0.0,0.0,0.0,0.0,0.0,0.4901,False,False,False,False,无明确战法态,43.19,8.22,51.08,False,42.4,,,
301368,,0.0,0.0,0.0,0.0,0.0,0.0,0.3285,0.6,0.6593,0.0,0.0,0.5,0.0,0.4953,False,False,False,False,无明确战法态,50.06,14.27,48.01,True,3209.9,,,
301369,,0.6096,1.0,0.5134,1.0,1.0,0.6369,0.3343,0.0,1.0,0.0,0.0,1.0,0.7,0.3609,True,False,False,False,B1候B2,216.5,-2.98,197.48,True,8188.6,,创投/第三代半导体/中芯国际概念,
301370,,0.0,1.0,0.8643,0.0,0.0,0.6036,0.2227,0.6,0.0,0.0,0.0,0.0,0.0,0.5192,False,False,False,False,无明确战法态,8.49,1.68,9.34,False,2748.6,,,
301371,,0.0,1.0,0.8065,0.4351,0.0,0.4757,0.1901,0.3,0.6446,0.0,0.0,0.5,0.7,0.3437,False,False,False,False,无明确战法态,27.19,-1.34,27.19,True,2116.9,,重组蛋白/黑龙江自贸区/网红经济,
301372,,0.0,0.5793,0.4825,0.5229,0.0,0.1819,0.1603,0.0,0.6876,1.0,0.0,0.5,0.7,0.3416,False,False,False,False,无明确战法态,33.35,-5.52,33.31,True,1373.0,,污水处理/地下管网/水利,
301373,,1.0,0.6224,0.5817,1.0,1.0,0.7035,0.2929,0.3,1.0,1.0,0.0,0.5,0.7,0.4831,False,False,False,False,B1候B2,138.9,-5.27,136.79,True,5696.0,,光伏概念/融资融券,
301376,,0.0,0.9627,0.6489,0.373,1.0,0.4633,0.4027,0.3,1.0,0.0,0.0,1.0,0.0,0.3428,False,False,False,False,无明确战法态,19.21,3.22,17.21,True,3719.9,,宠物经济/体育产业/网红经济,
301377,,1.0,1.0,0.6456,1.0,1.0,0.5998,0.5209,0.0,1.0,1.0,0.0,0.5,0.7,0.3972,True,False,False,False,B1候B2,518.04,-2.44,423.49,True,36793.3,,高端装备/工业母机/机器视觉,
301378,,0.3056,1.0,0.7473,0.0,0.0,0.5768,0.1673,0.0,0.0,0.0,0.0,0.0,1.0,0.4933,False,False,False,False,无明确战法态,24.57,1.24,29.28,False,1130.7,,化债概念(AMC概念),
301379,,0.0,0.0,0.0871,0.1769,0.5176,0.0,0.4767,0.6,1.0,0.0,0.0,1.0,0.0,0.4657,False,False,False,False,无明确战法态,32.16,20.0,27.54,True,4944.8,,智能家居/海峡两岸,
301380,,0.0,1.0,0.754,0.0,0.0,0.6175,0.2181,0.6,0.0,0.0,0.0,0.0,0.0,0.4809,False,False,False,False,无明确战法态,28.73,-0.93,31.25,False,2366.0,,,
301381,,0.0,1.0,0.8037,0.0554,0.0,0.7551,0.1689,0.0,0.1002,0.0,0.0,0.0,0.0,0.4415,False,False,False,False,无明确战法态,18.3,-0.22,19.47,False,3577.1,,ERP概念,
301382,,0.0,0.9656,0.3396,0.5972,1.0,0.1359,0.4375,0.0,1.0,0.0,0.0,1.0,0.0,0.3334,False,False,False,False,无明确战法态,46.99,3.21,41.77,True,8296.4,,鸿蒙概念/华为概念/物联网,
301383,,0.4644,0.6055,0.5667,0.0,0.0,0.5408,0.193,0.3,0.0,0.0,0.0,0.0,1.0,0.5387,False,False,False,False,无明确战法态,25.13,5.37,27.98,False,1774.5,,电子竞技/语音技术/智能音箱,
301386,,0.0,1.0,0.7525,0.0,0.0,0.5697,0.1067,0.3,0.0,0.0,0.0,0.0,0.0,0.4401,False,False,False,False,无明确战法态,20.99,2.54,22.95,False,944.6,,,
301387,,0.8938,0.9767,0.6149,1.0,0.0,0.8676,0.1856,0.0,0.3079,0.0,0.0,0.0,0.7,0.5603,False,False,False,False,无明确战法态,82.67,-3.14,89.74,False,3528.7,,碳纤维,
301388,,0.0,1.0,0.7813,0.0,0.0,0.4579,0.194,0.0,0.0,0.0,0.0,0.0,0.0,0.5136,False,False,False,False,无明确战法态,24.46,2.86,28.14,False,1777.8,,,
301389,,1.0,1.0,0.5539,1.0,0.9409,0.7425,0.2884,0.3,0.5636,0.0,0.0,0.0,0.7,0.5065,True,False,False,False,B1候B2,77.8,-1.03,81.24,False,22056.3,,,
301390,,0.0,1.0,0.821,0.0,0.0,0.4335,0.29,0.3,0.272,0.0,0.0,1.0,0.0,0.3749,False,False,False,False,无明确战法态,32.12,-2.01,33.21,False,1575.7,,,
301391,,0.4036,1.0,0.777,0.0,0.0,0.7011,0.1158,0.0,0.0,0.0,0.0,0.0,0.0,0.4328,False,False,False,False,无明确战法态,57.14,0.05,66.98,False,5304.6,,华为昇腾,
301392,,0.0,0.9292,0.5439,1.0,1.0,0.7332,0.3705,0.3,1.0,0.0,0.0,1.0,0.7,0.2593,False,False,False,False,无明确战法态,250.13,-3.42,191.45,True,10204.3,,光伏概念/融资融券/锂电池概念,
301393,,0.0,1.0,0.5496,0.5941,1.0,0.0,0.5183,0.3,1.0,0.0,0.0,1.0,0.0,0.2543,False,False,False,False,无明确战法态,66.73,2.93,56.41,True,28.1,,创新药,
301395,,0.0,0.9159,0.4964,0.0715,0.8748,0.4848,0.4789,0.3,0.8941,0.0,0.0,1.0,0.0,0.295,False,False,False,False,无明确战法态,13.29,3.5,12.73,True,1719.1,,,
301396,,0.0,1.0,0.3759,1.0,1.0,0.6372,0.3314,0.3,1.0,0.0,0.0,1.0,0.0,0.2563,False,False,False,False,无明确战法态,292.92,1.71,239.23,True,29607.3,,华为概念/乡村振兴/物联网,
301397,,0.0,0.8434,0.6061,0.1457,0.0703,0.6445,0.1933,0.0,0.7227,0.0,0.0,1.0,0.0,0.44,False,False,False,False,无明确战法态,34.3,3.94,33.42,True,2423.1,,换电概念/两轮车/汽车热管理,
301398,,0.0,0.2948,0.1218,0.0,0.0,0.0307,0.1626,0.3,0.0,0.0,0.0,0.0,0.0,0.5803,False,False,False,False,无明确战法态,38.26,7.23,41.82,False,1424.0,,,
301399,,0.498,1.0,0.7413,0.0,0.0,0.6352,0.2663,0.3,0.0,0.0,0.0,0.0,0.0,0.4717,False,False,False,False,无明确战法态,17.16,2.45,19.07,False,9.4,,空气能热泵,
301408,,0.0,1.0,0.692,0.0,0.0,0.6849,0.2923,0.0,0.0,0.0,0.0,0.0,0.0,0.4796,False,False,False,False,无明确战法态,15.22,0.46,16.96,False,3484.8,,,
301413,,0.0,0.0,0.0,0.0,0.0,0.0,0.1643,0.0,0.0,0.0,0.0,0.5,0.0,0.6613,False,False,False,False,无明确战法态,83.0,11.42,96.12,False,4876.2,,,
301418,,0.0,0.893,0.5655,1.0,1.0,0.5655,0.4651,0.6,1.0,0.0,0.0,1.0,0.7,0.3161,False,False,False,False,无明确战法态,54.07,3.64,46.39,True,1591.6,,两轮车/石墨烯,
301419,,0.6755,0.3036,0.4144,0.9146,1.0,0.6682,0.677,0.3,0.5861,0.0,0.0,1.0,0.7,0.4454,False,False,False,False,无明确战法态,42.8,-7.18,43.79,False,3395.2,,汽车热管理,
301421,,0.0,0.6522,0.4756,0.3578,1.0,0.6278,0.4335,0.0,1.0,0.0,0.0,1.0,0.0,0.3073,False,False,False,False,无明确战法态,106.54,-5.09,98.76,True,4948.1,,基因测序/安防/锂电池概念,
301428,,1.0,1.0,0.7696,0.6784,0.1788,0.7654,0.4214,0.6,0.0207,0.0,0.0,0.0,1.0,0.5249,False,False,False,False,B1候B2,33.35,0.21,36.03,False,2045.1,,宠物经济/ETC/快手概念,
301429,,0.0,0.9145,0.7072,0.0,0.0,0.2442,0.1193,0.0,0.0,0.0,0.0,0.0,0.0,0.5106,False,False,False,False,无明确战法态,16.5,3.51,18.65,False,726.3,,,
301439,,0.3806,1.0,0.7428,0.432,0.0,0.6396,0.1825,0.3,0.1829,0.0,0.0,0.0,0.7,0.3933,False,False,False,False,无明确战法态,16.02,-0.31,17.16,False,29.4,,铜缆高速连接,
301446,,0.6853,1.0,0.6961,0.2887,0.0,0.8613,0.4376,0.3,0.0,0.0,0.0,0.0,0.7,0.4685,False,False,False,False,无明确战法态,37.03,1.7,41.6,False,1150.5,,,
301448,,0.8418,1.0,0.7056,0.9855,1.0,0.7202,0.6775,0.3,1.0,0.0,0.0,0.5,1.0,0.4066,True,False,False,False,B1候B2,44.5,1.3,41.2,True,2148.6,,,
301449,,0.0117,1.0,0.8473,0.0,0.0,0.5792,0.1879,0.0,0.0,0.0,0.0,0.0,0.0,0.6113,False,False,False,False,无明确战法态,38.61,0.47,54.73,False,537.2,次新股,,33.7
301456,,0.0,0.9578,0.629,0.0,0.0,0.5078,0.1775,0.0,0.0,0.0,0.0,0.0,0.0,0.5012,False,False,False,False,无明确战法态,24.12,3.25,26.99,False,1428.1,,,
301458,,1.0,0.4754,0.5583,1.0,1.0,0.6325,0.427,0.3,0.8296,1.0,0.0,0.5,0.7,0.581,False,False,False,False,无明确战法态,50.99,-6.15,50.79,True,5990.4,,高压快充,
301459,,0.0,0.9155,0.4615,0.0,0.0,0.247,0.2271,0.3,0.4822,0.0,0.0,0.0,0.0,0.4611,False,False,False,False,无明确战法态,36.01,3.51,35.91,True,939.8,,俄乌冲突概念/农机,
301468,,1.0,1.0,0.6496,0.0,0.0,0.6421,0.2304,0.6,0.0,0.0,0.0,0.0,1.0,0.5334,False,False,False,False,无明确战法态,41.72,2.46,50.73,False,3129.1,,,
301469,,0.0,1.0,0.751,0.0,0.0,0.6625,0.2175,0.0,0.0,0.0,0.0,0.0,0.0,0.4928,False,False,False,False,无明确战法态,28.99,2.15,31.75,False,1335.2,,烟草,
301479,,0.0,1.0,0.594,0.0,0.0,0.5076,0.2523,0.0,0.0,0.0,0.0,0.5,0.0,0.5503,False,False,False,False,无明确战法态,63.89,0.55,76.54,False,3235.0,,,
301486,,1.0,1.0,0.6488,0.7047,0.0,0.8439,0.1293,0.3,0.0,0.0,0.0,0.0,0.7,0.6462,False,False,False,False,无明确战法态,185.87,-1.58,221.29,False,13474.2,,阿里巴巴概念/抖音概念(字节概念)/华为昇腾,
301487,,0.0,1.0,0.6206,0.0,0.0,0.5514,0.2735,0.0,0.0,0.0,0.0,0.0,0.0,0.4795,False,False,False,False,无明确战法态,19.85,2.69,22.23,False,5415.0,,动力电池回收,
301488,,0.0,0.8358,0.3814,0.2868,0.0,0.3935,0.2759,0.3,0.4635,0.0,0.0,0.0,0.7,0.4349,False,False,False,False,无明确战法态,137.5,3.99,139.21,False,3219.3,,,
301489,,0.0559,1.0,0.5205,0.0,0.0,0.4772,0.3536,0.0,0.1061,0.0,0.0,0.5,0.0,0.504,False,False,False,False,无明确战法态,166.24,1.66,180.31,False,8262.2,,智能家居/AI PC/AI手机,
301491,,0.0304,1.0,0.8344,0.0,0.0,0.6994,0.2761,0.3,0.0,0.0,0.0,0.0,0.0,0.4276,False,False,False,False,无明确战法态,40.7,2.11,45.51,False,1163.3,次新股,,33.7
301498,,0.0,1.0,0.8239,0.0,0.0,0.7381,0.2013,0.0,0.0,0.0,0.0,0.5,0.0,0.4921,False,False,False,False,无明确战法态,40.92,0.07,45.76,False,7338.7,,,
301499,,0.0,0.0,0.0,0.2455,0.0,0.0,0.3216,0.6,0.9308,0.0,0.0,0.0,0.0,0.4419,False,False,False,False,无明确战法态,34.74,20.0,33.4,True,1200.7,,高压快充/毫米波雷达/汽车热管理,
301500,,0.0,1.0,0.5284,0.8527,1.0,0.2458,0.4884,0.9,1.0,0.0,0.0,0.5,0.7,0.2936,False,False,False,False,B2确认,28.96,-1.03,26.39,True,4171.7,,广东自贸区/金属锌/金属镍,
301501,,0.0,0.9935,0.7826,0.0,0.0,0.4082,0.2691,0.6,0.0,0.0,0.0,0.5,0.0,0.4949,False,False,False,False,无明确战法态,27.8,3.04,30.54,False,1209.3,,,
301502,,0.9665,1.0,0.7233,1.0,0.0,0.8511,0.3183,0.0,0.6415,0.0,0.0,0.0,0.7,0.4514,False,False,False,False,B1候B2,70.4,-1.61,72.45,False,1666.4,,,
301503,,0.0,0.8953,0.7025,0.0,0.0,0.2958,0.1391,0.3,0.0,0.0,0.0,0.0,0.0,0.4734,False,False,False,False,无明确战法态,28.56,3.63,31.68,False,927.6,,电子竞技,
301505,,0.1899,1.0,0.8292,0.0,0.0,0.4751,0.0933,0.0,0.0,0.0,0.0,0.0,0.0,0.5599,False,False,False,False,无明确战法态,16.28,1.75,19.47,False,12.7,,,
301507,,0.0,1.0,0.8103,0.0,0.0,0.4211,0.2332,0.0,0.1486,0.0,0.0,0.5,0.0,0.451,False,False,False,False,无明确战法态,12.53,1.87,13.15,False,1380.6,,毛发医疗,
301508,,0.0,1.0,0.7995,0.0,0.0,0.6747,0.1382,0.3,0.0,0.0,0.0,0.0,0.0,0.5523,False,False,False,False,无明确战法态,23.76,2.06,26.46,False,1398.0,,碳中和/氢能源/百度概念,
301509,,0.0,1.0,0.6857,0.0,0.2646,0.2067,0.3365,0.6,0.1679,0.0,0.0,1.0,0.0,0.2724,False,False,False,False,无明确战法态,30.26,-0.23,31.46,False,1717.0,,阿尔茨海默概念/氟化工概念,
301510,,0.0,0.291,0.3565,0.1926,0.0,0.1224,0.2553,0.0,0.8322,0.0,0.0,0.0,0.0,0.46,False,False,False,False,无明确战法态,35.78,7.25,34.6,True,9988.3,,工业母机,
301511,,0.0,0.6427,0.2794,1.0,1.0,0.5698,0.8395,0.0,1.0,0.0,0.0,0.5,0.7,0.2642,False,False,True,False,无明确战法态,153.1,5.14,117.81,True,57344.8,,,
301512,,0.6242,0.3742,0.2347,0.4833,0.0,0.2806,0.2034,0.3,0.1891,0.0,0.0,0.0,0.7,0.4576,False,False,False,False,无明确战法态,48.36,6.75,51.59,False,1209.0,,数字经济/新型工业化,
301515,,0.0,1.0,0.7142,0.0,0.0,0.5841,0.1114,0.0,0.0,0.0,0.0,0.0,0.0,0.5,False,False,False,False,无明确战法态,18.4,2.45,20.79,False,1206.5,,,
301516,,0.0033,1.0,0.681,0.0,0.0,0.6745,0.0928,0.0,0.0,0.0,0.0,0.0,0.0,0.512,False,False,False,False,无明确战法态,14.45,1.69,16.82,False,1014.0,,换电概念/两轮车,
301517,,0.0,0.4824,0.3414,0.0,0.0,0.1758,0.2787,0.3,0.0142,0.0,0.0,0.5,0.0,0.4489,False,False,False,False,无明确战法态,52.31,6.11,56.74,False,51.0,,军民融合/毫米波雷达/军工信息化,
301518,,0.303,1.0,0.6376,0.0,0.0,0.2971,0.2157,0.6,0.0,0.0,0.0,0.0,0.0,0.4827,False,False,False,False,无明确战法态,27.2,-2.09,32.59,False,1454.0,,,
301519,,0.0,1.0,0.7475,0.0,0.0,0.5302,0.0961,0.0,0.0,0.0,0.0,0.0,0.0,0.4547,False,False,False,False,无明确战法态,11.41,2.89,12.93,False,862.5,,,
301520,,0.0,0.0,0.0085,0.0,0.0,0.0,1.0,0.3,0.657,0.0,0.0,0.5,0.0,0.4062,False,False,False,False,无明确战法态,35.55,13.22,33.98,True,834.4,,,
301522,,0.0,0.9447,0.713,0.0,0.0,0.4705,0.2593,0.9,0.0253,0.0,0.0,0.0,0.0,0.502,False,False,False,False,无明确战法态,27.6,3.33,29.45,False,7639.2,,军民融合/高端装备/军工,
301525,,0.0,0.6235,0.5978,0.0,0.0,0.3269,0.4366,0.6,0.0,0.0,0.0,0.5,1.0,0.4359,False,False,False,False,无明确战法态,53.04,5.26,63.18,False,2620.2,,空气能热泵/冷链物流/汽车热管理,
301526,,0.0,0.8361,0.0352,1.0,1.0,0.4252,0.737,0.0,1.0,0.0,0.0,1.0,0.7,0.2279,False,False,False,False,无明确战法态,46.99,3.98,30.12,True,659.9,,风电/工业互联网/数字经济,
301528,,0.0,0.5899,0.4625,1.0,0.5687,0.0,0.5755,0.3,0.6092,0.0,0.0,0.0,0.7,0.3909,False,False,False,False,无明确战法态,77.83,5.46,77.93,False,2477.6,,成飞概念,
301529,,0.0,0.0,0.0899,0.0,0.0,0.0,0.3327,0.0,1.0,0.0,0.0,0.5,0.0,0.4643,False,False,False,False,无明确战法态,124.3,10.98,115.18,True,5674.7,,中俄贸易概念,
301533,,0.0,0.9882,0.6633,0.0,0.0,0.1574,0.2687,0.0,0.0,0.0,0.0,0.0,0.0,0.5201,False,False,False,False,无明确战法态,25.51,3.07,28.22,False,728.3,,冰雪产业,
301535,,0.0,0.7489,0.4993,0.0,0.0,0.2205,0.1644,0.0,0.0,0.0,0.0,0.5,0.0,0.6133,False,False,False,False,无明确战法态,14.61,4.51,16.89,False,2480.7,,,
301536,,0.4995,1.0,0.6138,1.0,1.0,0.6306,0.4664,0.0,1.0,0.0,0.0,1.0,0.7,0.3211,False,False,False,False,无明确战法态,117.5,1.29,98.07,True,21995.2,,福建自贸区/人脸识别/移动支付,
301538,,0.2179,0.7777,0.5442,0.0,0.0,0.2553,0.2161,0.3,0.0,0.0,0.0,0.0,0.0,0.6738,False,False,False,False,无明确战法态,54.17,4.33,73.92,False,1691.2,,,
301539,,0.0,0.0,0.1536,0.0,0.0,0.0,0.157,0.3,0.0,0.0,0.0,0.0,0.0,0.5392,False,False,False,False,无明确战法态,14.8,10.53,16.06,False,1110.9,,,
301548,,0.2105,1.0,0.6486,0.9118,1.0,0.272,0.3003,0.3,1.0,0.0,0.0,0.5,0.7,0.263,False,False,False,False,无明确战法态,90.43,-0.07,82.39,True,2544.8,,抽水蓄能/PEEK材料/生物质能发电,
301550,,0.0,0.3938,0.3633,0.0,0.0,0.0,0.2551,0.0,0.0,0.0,0.0,0.5,0.0,0.5616,False,False,False,False,无明确战法态,109.09,6.64,123.23,False,223.9,,,
301551,,0.0198,1.0,0.8196,0.0,0.0,0.5436,0.1634,0.3,0.0,0.0,0.0,0.0,0.0,0.507,False,False,False,False,无明确战法态,20.58,1.23,24.51,False,3180.7,,短剧游戏/文化传媒概念/智能音箱,
301552,,0.0,0.8086,0.6565,0.0,0.0,0.3861,0.1043,0.0,0.0,0.0,0.0,0.0,0.0,0.5575,False,False,False,False,无明确战法态,23.85,4.15,26.42,False,737.9,,血氧仪,
301555,,0.0,1.0,0.5318,1.0,1.0,0.433,0.5858,0.0,1.0,0.0,0.0,1.0,0.7,0.2927,False,False,False,False,无明确战法态,45.82,-0.07,41.19,True,2215.2,,碳纤维,
301556,,0.0,1.0,0.7951,0.0,0.0,0.5615,0.145,0.0,0.0,0.0,0.0,0.0,0.0,0.5949,False,False,False,False,无明确战法态,60.26,0.65,72.59,False,1776.5,,生态农业/农机/数字乡村,
301557,,0.0819,1.0,0.7768,0.0,0.0,0.6783,0.2594,0.6,0.0,0.0,0.0,0.5,0.0,0.4892,False,False,False,False,无明确战法态,87.67,-0.49,95.92,False,1557.5,,海工装备/碳纤维,
301558,,0.0,1.0,0.8299,0.0,0.0,0.6627,0.1222,0.0,0.0,0.0,0.0,0.0,0.0,0.5336,False,False,False,False,无明确战法态,6.35,1.28,7.15,False,1393.7,,知识产权保护,
301559,,0.0,1.0,0.7721,0.0,0.0,0.5307,0.1825,0.0,0.0,0.0,0.0,0.0,0.0,0.4806,False,False,False,False,无明确战法态,12.83,1.99,14.38,False,1154.7,,,
301560,,0.019,0.8045,0.5694,0.0,0.0,0.6557,0.1439,0.0,0.0,0.0,0.0,0.0,0.0,0.6477,False,False,False,False,无明确战法态,28.71,4.17,33.43,False,1753.0,,,
301563,,0.9222,1.0,0.6855,0.6217,0.0,0.9166,0.4285,0.0,0.0,0.0,0.0,0.0,0.7,0.5285,False,False,False,False,无明确战法态,157.92,-0.42,179.18,False,2324.5,次新股,数据要素/智能物流,33.7
301565,,0.721,0.9927,0.745,0.8469,0.1244,0.8083,0.4649,0.3,0.2,0.0,0.0,0.0,1.0,0.5244,False,False,False,False,B1候B2,23.57,-3.04,25.1,False,3017.2,,,
301566,,1.0,0.6971,0.6589,1.0,1.0,0.7292,0.2742,0.0,0.7843,0.0,0.0,0.5,0.7,0.4221,False,False,False,False,无明确战法态,31.81,-4.82,32.51,False,6868.1,,,
301567,,0.0,0.7038,0.4974,0.0,0.0,0.4201,0.1584,0.0,0.0,0.0,0.0,0.0,1.0,0.5232,False,False,False,False,无明确战法态,36.41,4.78,41.07,False,773.3,,,
301568,,1.0,1.0,0.6923,1.0,1.0,0.7819,0.6722,0.0,1.0,1.0,0.0,0.5,0.7,0.3915,True,False,False,False,B1候B2,101.42,-1.02,87.7,True,4845.6,,多模态AI/福建自贸区/光刻机,
301571,,1.0,1.0,0.8049,0.5673,0.4535,0.6523,0.2663,0.6,0.2129,0.0,0.0,0.5,0.0,0.4626,False,False,False,False,无明确战法态,60.35,-1.34,64.68,False,71.9,,,
301575,,0.0,0.6341,0.4626,0.0,0.0,0.0,0.2389,0.0,0.0,0.0,0.0,0.0,0.0,0.4054,False,False,False,False,无明确战法态,29.36,5.2,38.6,False,511.1,次新股,,33.7
301577,,0.9817,1.0,0.654,1.0,0.0,0.7564,0.3763,0.3,0.0,0.0,0.0,0.0,0.7,0.4667,False,False,False,False,B1候B2,72.0,0.19,80.07,False,1356.6,,高压快充/数字货币/WiFi 6,
301578,,0.0,0.0,0.1506,0.0,0.0,0.0,0.1813,0.3,0.0,0.0,0.0,0.0,0.0,0.5626,False,False,False,False,无明确战法态,22.88,10.0,27.02,False,530.1,,,
301580,,1.0,1.0,0.5675,0.4266,1.0,0.5227,0.0971,0.0,0.3262,0.0,0.0,0.5,0.0,0.485,False,False,False,False,无明确战法态,59.96,-2.74,63.84,False,43.2,,融资融券/阿里巴巴概念/深股通,
301581,,0.3939,1.0,0.7344,0.4786,0.6775,0.4815,0.335,0.6,0.3943,0.0,0.0,1.0,0.7,0.3884,False,False,False,False,无明确战法态,46.96,-2.57,48.28,False,1986.1,,供销社,
301584,,0.028,1.0,0.7437,0.0,0.0,0.4748,0.278,0.3,0.0,0.0,0.0,0.0,0.0,0.3497,False,False,False,False,无明确战法态,21.17,1.73,23.36,False,1137.1,次新股,,33.7
301585,,0.0,1.0,0.7679,0.0291,0.1134,0.554,0.3404,1.0,0.2115,0.0,0.0,0.5,0.0,0.3731,False,False,False,False,无明确战法态,26.1,-1.21,27.06,False,1777.6,,,
301586,,0.0,1.0,0.7418,0.0,0.0,0.3605,0.2733,0.3,0.0,0.0,0.0,0.0,0.0,0.4536,False,False,False,False,无明确战法态,34.27,2.88,38.52,False,1813.3,,,
301587,,0.0173,1.0,0.7103,0.0,0.0,0.7028,0.2513,0.0,0.0,0.0,0.0,0.0,0.0,0.4558,False,False,False,False,无明确战法态,22.12,2.27,24.9,False,1624.8,,,
301588,,0.0,0.0,0.0,1.0,1.0,0.278,0.4981,0.0,1.0,0.0,0.0,1.0,0.7,0.4344,False,False,False,False,无明确战法态,53.9,10.27,36.39,True,3954.1,,粤港澳大湾区,
301589,,0.0,1.0,0.781,0.0,0.0,0.6336,0.0979,0.3,0.0461,0.0,0.0,0.0,0.0,0.4177,False,False,False,False,无明确战法态,146.5,1.13,157.7,False,5049.1,,体育产业,
301590,,0.0049,0.7398,0.3698,0.0,0.0,0.3932,0.2515,0.9,0.0,0.0,0.0,0.0,0.0,0.5149,False,False,False,False,无明确战法态,149.0,4.56,168.56,False,1281.8,,换电概念,
301591,,1.0,0.9614,0.6178,0.9197,0.4716,0.8171,0.4452,0.3,0.0682,0.0,0.0,0.5,1.0,0.4886,False,False,False,False,B1候B2,43.72,-3.23,48.1,False,1503.4,,PEEK材料,
301592,,0.0,0.6274,0.5021,0.506,1.0,0.2086,0.34,1.0,1.0,0.0,0.0,1.0,0.0,0.283,False,False,False,False,无明确战法态,130.68,-5.24,119.18,True,3052.5,,,
301595,,0.0,1.0,0.6918,0.0,0.0,0.636,0.2006,0.3,0.0,0.0,0.0,0.0,0.0,0.5445,False,False,False,False,无明确战法态,41.08,-0.05,45.69,False,1000.8,,,
301596,,0.0,0.0,0.0,0.0,0.0,0.0,0.3041,0.6,0.2732,0.0,0.0,0.5,0.0,0.4253,False,False,False,False,无明确战法态,63.97,20.0,65.01,False,2003.3,,,
301598,,0.0,1.0,0.6366,0.0,0.0,0.5343,0.2237,0.0,0.1215,0.0,0.0,0.0,0.0,0.5954,False,False,False,False,无明确战法态,53.62,2.92,56.71,False,9.4,,飞行汽车(eVTOL)/高铁/小米汽车,
301600,,0.383,1.0,0.7753,0.0,0.0,0.6737,0.1628,0.0,0.0,0.0,0.0,0.0,0.0,0.4532,False,False,False,False,无明确战法态,86.66,0.03,99.52,False,2795.5,,,
301601,,0.0,1.0,0.7688,0.0,0.0,0.199,0.1913,0.3,0.0,0.0,0.0,0.0,0.0,0.4109,False,False,False,False,无明确战法态,16.3,2.77,19.4,False,1377.0,,环氧丙烷,
301602,,0.0,1.0,0.7533,0.0,0.0,0.4163,0.1395,0.0,0.0,0.0,0.0,0.0,0.0,0.5154,False,False,False,False,无明确战法态,14.71,2.72,16.57,False,3067.0,,,
301603,,0.0,0.0,0.1359,1.0,1.0,0.0,0.4336,0.3,1.0,0.0,0.0,1.0,0.7,0.5022,False,False,False,False,无明确战法态,159.99,10.54,123.93,True,6036.8,,工业母机,
301606,,0.0,1.0,0.8065,0.0,0.0,0.795,0.0903,0.0,0.0,0.0,0.0,0.0,0.0,0.3949,False,False,False,False,无明确战法态,59.24,1.13,66.1,False,9774.5,,无线耳机/跨境电商/无线充电,
301607,,0.0,1.0,0.5059,0.1259,0.9892,0.2973,0.3664,0.6,1.0,0.0,0.0,1.0,0.0,0.2823,False,False,False,False,无明确战法态,52.0,-0.42,47.55,True,5638.0,,小米概念/融资融券/充电桩,
301608,,0.0,1.0,0.803,0.0,0.0,0.686,0.168,0.0,0.0,0.0,0.0,0.0,0.0,0.6023,False,False,False,False,无明确战法态,51.29,1.02,64.13,False,2048.4,,百度概念/共享单车/换电概念,
301609,,0.05,1.0,0.7289,0.0,0.0,0.7758,0.264,0.3,0.0,0.0,0.0,0.0,0.0,0.5784,False,False,False,False,无明确战法态,34.11,2.74,41.88,False,1250.1,次新股,,33.7
301611,,0.121,1.0,0.5552,1.0,1.0,0.6438,0.4648,0.3,1.0,0.0,0.0,1.0,0.7,0.276,False,False,False,False,无明确战法态,150.0,-2.64,125.73,True,21987.4,,存储芯片/锂电池概念/第三代半导体,
301613,,0.0,1.0,0.7596,0.0,0.0,0.1916,0.3039,0.6,0.1045,0.0,0.0,0.0,0.0,0.4136,False,False,False,False,无明确战法态,40.42,1.2,42.49,False,3391.3,,宁德时代概念/股权转让(并购重组),
301616,,0.0,0.6679,0.5581,0.0,0.0,0.3367,0.2146,0.6,0.0,0.0,0.0,0.0,0.0,0.5489,False,False,False,False,无明确战法态,36.59,4.99,40.39,False,1039.2,,,
301617,,0.0,0.3849,0.4382,0.237,1.0,0.3554,0.4822,0.6,0.76,0.0,0.0,1.0,0.0,0.4362,False,False,False,False,无明确战法态,61.78,-6.69,59.53,True,3276.8,,,
301618,,0.0,0.4529,0.4901,0.1222,1.0,0.2997,0.5788,1.0,0.3523,0.0,0.0,1.0,0.0,0.4125,False,False,False,False,无明确战法态,44.6,-6.28,45.48,False,1534.0,,,
301622,,0.1924,0.8154,0.4094,0.0,0.0,0.3838,0.2937,0.0,0.0,0.0,0.0,0.0,0.0,0.47,False,False,False,False,无明确战法态,50.18,4.11,56.35,False,3244.6,,,
301626,,0.9836,1.0,0.7159,1.0,1.0,0.6844,0.3469,0.0,1.0,1.0,0.0,1.0,0.7,0.4131,True,False,False,False,B1候B2,321.0,-2.22,305.64,True,16890.7,,汽车热管理,
301628,,0.7952,1.0,0.7431,0.4121,0.0,0.85,0.3215,0.0,0.0,0.0,0.0,0.0,0.7,0.5016,False,False,False,False,无明确战法态,98.65,-1.25,112.73,False,2749.9,,毫米波雷达/量子科技,
301629,,0.7504,0.0,0.3122,1.0,1.0,0.4711,0.4627,0.0,0.7239,0.0,0.0,1.0,0.7,0.5939,False,False,False,False,无明确战法态,360.69,-11.38,368.27,False,6923.8,,机器视觉,
301630,,1.0,0.9289,0.7098,1.0,0.0,0.7171,0.3863,0.3,0.0,0.0,0.0,0.0,0.7,0.6709,False,False,False,False,B1候B2,224.32,-3.43,272.66,False,2243.2,次新股,PCB概念,33.7
301631,,0.0,1.0,0.7714,0.0,0.0,0.5285,0.1252,0.0,0.0,0.0,0.0,0.0,0.0,0.5927,False,False,False,False,无明确战法态,75.57,-0.33,90.63,False,2353.2,,,
301632,,0.0,1.0,0.8717,0.0,0.0,0.691,0.2244,0.0,0.0,0.0,0.0,0.0,0.0,0.4233,False,False,False,False,无明确战法态,15.78,1.22,18.03,False,11.6,次新股,,33.7
301633,,0.0,1.0,0.8099,0.0,0.0,0.537,0.1933,0.3,0.0,0.0,0.0,0.5,0.0,0.355,False,False,False,False,无明确战法态,48.68,2.05,53.15,False,1241.9,,,
301636,,0.0,1.0,0.7591,0.0,0.0,0.608,0.064,0.0,0.0,0.0,0.0,0.0,0.0,0.4553,False,False,False,False,无明确战法态,42.76,0.97,53.05,False,682.4,,,
301638,,0.8515,1.0,0.7857,0.1208,0.0,0.8465,0.1782,0.3,0.0,0.0,0.0,0.0,0.0,0.4466,False,False,False,False,无明确战法态,23.45,0.51,25.74,False,5510.3,次新股,鸿蒙概念/多模态AI/国产操作系统,33.7
301656,,0.1795,1.0,0.7006,0.0,0.0,0.4522,0.2329,0.3,0.0,0.0,0.0,0.0,0.0,0.4116,False,False,False,False,无明确战法态,17.86,2.82,19.4,False,3636.8,次新股,,33.7
301658,,0.0619,1.0,0.725,0.0,0.0,0.7986,0.1444,0.3,0.0,0.0,0.0,0.0,0.0,0.5764,False,False,False,False,无明确战法态,26.64,1.76,33.13,False,2595.2,,,
301662,,1.0,1.0,0.8125,0.0,0.0,0.6711,0.2983,0.0,0.0,0.0,0.0,0.5,0.0,0.5303,False,False,False,False,无明确战法态,90.71,-1.09,124.15,False,2789.6,,宁德时代概念/动力电池回收,
301665,,0.0,0.6816,0.5686,0.0,0.0,0.0,0.2613,0.0,0.109,0.0,0.0,0.0,0.0,0.5353,False,False,False,False,无明确战法态,22.86,4.91,23.96,False,2381.3,,草甘膦/氟化工概念/生态农业,
301667,,0.5822,1.0,0.7185,0.0,0.0,0.7895,0.1606,0.0,0.0,0.0,0.0,0.0,0.0,0.5171,False,False,False,False,无明确战法态,71.55,1.37,84.66,False,1609.5,次新股,,33.7
301668,,0.5024,1.0,0.8097,0.0,0.0,0.588,0.156,0.0,0.0,0.0,0.0,0.0,0.0,0.4402,False,False,False,False,无明确战法态,33.23,0.91,40.03,False,808.4,次新股,,33.7
301678,,0.2356,1.0,0.6017,0.6759,1.0,0.205,0.4873,0.6,0.8185,0.0,0.0,1.0,0.0,0.3354,False,False,False,False,无明确战法态,65.92,-2.51,63.43,True,3158.3,次新股,物联网/人工智能/消费电子概念,33.7
301687,,1.0,0.453,0.3932,1.0,1.0,0.3269,0.38,0.3,0.0,1.0,0.0,0.5,1.0,,False,False,False,False,无明确战法态,73.1,-6.28,67.75,True,2159.0,次新股,海峡两岸/苹果概念/POE胶膜,33.7
302132,,0.0,0.9547,0.7549,0.0,0.0,0.3626,0.212,0.6,0.0,0.0,1.0,0.0,0.0,0.3908,False,False,False,False,无明确战法态,58.71,3.27,63.02,False,34408.1,,成飞概念,
600000,,0.3798,1.0,0.8238,0.2146,0.0,0.644,0.3526,0.0,0.0,0.0,0.0,0.0,0.0,0.375,False,False,False,False,无明确战法态,8.69,-0.11,9.29,False,2894.6,金融行业,国企改革/保险重仓/信托重仓,39.0
600004,,0.0,1.0,0.874,0.0,0.0,0.3772,0.1649,0.3,0.0,0.0,0.0,0.0,0.0,0.4764,False,False,False,False,无明确战法态,7.51,1.35,8.16,False,177.7,交通运输,整体上市/金融参股/QFII重仓,32.0
600006,,0.0,1.0,0.8202,0.0,0.0,0.4479,0.0743,0.0,0.0,0.0,0.0,0.0,0.0,0.471,False,False,False,False,无明确战法态,5.31,2.31,5.94,False,106.2,汽车制造,业绩预降,40.0
600007,,0.0,1.0,0.836,0.1931,0.0,0.7342,0.2756,0.0,0.1262,0.0,0.0,0.5,0.0,0.4137,False,False,False,False,无明确战法态,19.05,-0.31,20.17,False,191.9,开发区,外资背景/QFII重仓,33.7
600008,,0.298,1.0,0.854,0.2273,0.0,0.6777,0.323,0.3,0.0187,0.0,0.0,0.0,0.0,0.4007,False,False,False,False,无明确战法态,2.79,1.82,3.02,False,204.8,环保行业,垃圾分类/雄安新区/固废处理,29.2
600009,,0.0,1.0,0.8263,0.0,0.0,0.4093,0.1904,0.3,0.0,0.0,0.0,0.5,0.0,0.3665,False,False,False,False,无明确战法态,22.92,-0.48,25.0,False,469.0,交通运输,国企改革/整体上市/保险重仓,32.0
600010,,0.4367,1.0,0.8498,0.0,0.0,0.5929,0.3898,0.6,0.0,0.0,0.0,0.0,0.0,0.3958,False,False,False,False,无明确战法态,2.25,1.35,2.46,False,706.1,钢铁行业,低碳经济/整体上市/特钢概念,29.8
600011,,0.3255,0.383,0.8686,0.5962,0.0,0.7184,0.5445,0.0,0.0862,0.0,0.0,0.0,0.7,0.4116,False,False,False,False,B1候B2,7.1,-6.7,7.67,False,780.9,电力行业,光伏/雄安新区/低碳经济,26.5
600012,,0.0,1.0,0.7747,0.5826,0.4484,0.7187,0.4487,0.0,0.7926,0.0,0.0,0.5,0.7,0.3521,False,False,False,False,B1候B2,16.31,2.07,15.88,True,19010.9,公路桥梁,含H股/皖江区域/金融改革,32.0
600015,,0.0,1.0,0.879,0.3762,0.1526,0.5734,0.3843,0.0,0.4083,0.0,0.0,0.0,0.0,0.332,False,False,False,False,无明确战法态,6.66,0.76,6.76,False,1024.9,金融行业,QFII重仓,39.0
600016,,0.4435,1.0,0.8573,0.1614,0.0,0.3822,0.2378,0.3,0.0,0.0,0.0,0.0,0.0,0.4966,False,False,False,False,无明确战法态,3.28,0.31,3.54,False,116315.8,金融行业,含H股/保险重仓/基金重仓,39.0
600017,,0.0,1.0,0.8708,0.0,0.0,0.7104,0.2607,0.3,0.0673,0.0,0.0,0.0,0.0,0.3822,False,False,False,False,无明确战法态,2.6,0.78,2.76,False,7996.7,交通运输,海上丝路/自贸区/日韩贸易,32.0
600018,,0.0,1.0,0.8758,0.3523,0.1012,0.5242,0.3215,0.3,0.3681,0.0,0.0,0.0,1.0,0.3694,False,False,False,False,无明确战法态,4.86,0.62,4.96,False,112979.1,交通运输,上海自贸/整体上市/金融参股,32.0
600019,,0.0,1.0,0.8217,0.0,0.0,0.7156,0.307,0.0,0.0102,0.0,0.0,0.0,0.0,0.4385,False,False,False,False,无明确战法态,5.59,-0.36,5.98,False,121761.9,钢铁行业,业绩预降/整体上市/QFII重仓,29.8
600020,,0.1272,1.0,0.8566,0.3482,0.03,0.5707,0.1959,0.0,0.2617,0.0,0.0,0.0,1.0,0.4243,False,False,False,False,无明确战法态,3.76,1.08,3.89,False,8450.1,公路桥梁,金融参股/参股金融/参股保险,32.0
600021,,0.4429,1.0,0.8234,0.0,0.0,0.9107,0.3432,0.0,0.0,0.0,0.0,0.0,1.0,0.4197,False,False,False,False,无明确战法态,14.95,1.56,17.69,False,42177.5,电力行业,光伏/业绩预升/上海本地,26.5
600022,,0.0,1.0,0.8425,0.0,0.0,0.6481,0.2917,0.0,0.0153,0.0,0.0,0.0,0.0,0.4598,False,False,False,False,无明确战法态,1.27,0.0,1.36,False,13587.5,钢铁行业,低碳经济/参股金融/特钢概念,29.8
600023,,0.0,1.0,0.8535,0.387,0.0,0.8132,0.3861,0.0,0.317,0.0,0.0,0.0,0.7,0.3895,False,False,False,False,B1候B2,5.47,0.18,5.72,False,73345.8,电力行业,核电核能,26.5
600025,,0.0,1.0,0.8686,0.319,0.0,0.7616,0.3626,0.0,0.3655,0.0,0.0,0.0,0.0,0.3192,False,False,False,False,无明确战法态,9.19,0.66,9.46,False,171219.8,,,
600026,,1.0,0.6212,0.7131,0.1884,0.0,0.4345,0.0969,0.3,0.0,0.0,1.0,0.5,0.0,0.3618,False,False,False,False,无明确战法态,17.37,5.27,19.68,False,66388.1,交通运输,含H股/俄乌冲突概念/航运概念,32.0
600027,,0.0,1.0,0.8977,0.2097,0.0,0.8888,0.3004,0.0,0.0025,0.0,0.0,0.0,0.7,0.363,False,False,False,False,无明确战法态,4.54,-0.44,4.93,False,41839.2,电力行业,含H股/业绩预升/整体上市,26.5
600028,,0.0,1.0,0.8261,0.0,0.0,0.4789,0.3413,0.3,0.0,0.0,0.0,0.0,0.0,0.3214,False,False,False,False,无明确战法态,4.7,2.17,5.05,False,445336.6,石油行业,含H股/页岩气/保险重仓,26.5
600029,,0.5272,1.0,0.8226,0.039,0.341,0.6538,0.1815,0.6,0.0489,0.0,0.0,0.5,0.0,0.3175,False,False,False,False,无明确战法态,5.21,-0.95,5.56,False,70215.0,交通运输,含H股/社保重仓/保险重仓,32.0
600030,,0.0,1.0,0.816,0.7209,1.0,0.4356,0.5848,1.0,1.0,0.0,0.0,1.0,0.7,0.2892,False,False,False,False,无明确战法态,28.95,1.15,27.11,True,352511.2,金融行业,含H股/保险重仓/券商重仓,39.0
600031,,0.0,0.7591,0.6924,0.0404,0.0,0.2929,0.6366,0.0,0.2869,0.0,0.0,0.0,0.0,0.5149,False,False,False,False,无明确战法态,18.56,4.45,19.08,False,157284.7,机械行业,国防军工/军工航天/长株潭,36.7
600032,,0.0,1.0,0.8498,0.0,0.0,0.8974,0.1967,0.0,0.0,0.0,0.0,0.0,0.0,0.709,False,False,False,False,无明确战法态,7.11,0.14,8.75,False,17097.2,,光伏,
600033,,0.0,1.0,0.8813,0.1988,0.0,0.7577,0.276,0.3,0.24,0.0,0.0,0.0,0.0,0.3375,False,False,False,False,无明确战法态,3.38,0.3,3.53,False,9276.1,公路桥梁,海峡西岸/参股保险,32.0
600035,,0.3783,1.0,0.8827,0.2065,0.0,0.8055,0.2014,0.0,0.0,0.0,0.0,0.0,0.0,0.4236,False,False,False,False,无明确战法态,3.45,1.17,3.73,False,5554.9,公路桥梁,武汉规划/ETC/国产操作系统,32.0
600036,,0.0,1.0,0.8707,0.3254,0.0272,0.538,0.3116,0.3,0.3117,0.0,0.0,0.0,0.0,0.3319,False,False,False,False,无明确战法态,36.83,0.63,37.83,False,7596.8,金融行业,含H股/前海概念/保险重仓,39.0
600037,,0.2606,1.0,0.884,0.0,0.0,0.612,0.1301,0.0,0.0,0.0,0.0,0.0,0.0,0.5065,False,False,False,False,无明确战法态,6.33,0.16,7.02,False,8810.0,传媒娱乐,文化传媒概念/云游戏,29.0
600038,,0.0,0.9617,0.7768,0.0,0.0,0.5332,0.2558,0.3,0.0,0.0,0.0,0.0,0.0,0.5183,False,False,False,False,无明确战法态,26.21,3.23,28.83,False,17532.8,飞机制造,大飞机/国防军工/军工航天,47.0
600039,,0.0,1.0,0.7907,0.04,0.1936,0.7659,0.3755,0.0,0.4267,0.0,0.0,0.5,0.0,0.3719,False,False,False,False,无明确战法态,8.45,2.05,8.56,False,73477.7,建筑建材,碳交易/成渝特区/涉矿概念,28.0
600048,,0.4533,1.0,0.8423,0.0,0.0,0.5686,0.115,0.3,0.0,0.0,0.0,0.0,0.0,0.476,False,False,False,False,无明确战法态,4.68,0.65,5.41,False,56021.7,房地产,社保重仓/保险重仓/券商重仓,29.9
600050,,0.1547,1.0,0.9015,0.0889,0.0,0.8283,0.2057,0.0,0.0,0.0,0.0,0.0,0.0,0.4806,False,False,False,False,无明确战法态,4.07,0.25,4.39,False,126131.0,电子信息,5G概念/社保重仓/央企50,32.2
600051,,0.0,1.0,0.8183,0.0,0.0,0.6741,0.1611,0.0,0.0,0.0,0.0,0.0,0.0,0.4948,False,False,False,False,无明确战法态,6.03,2.73,6.63,False,1874.6,综合行业,涉矿概念/业绩预降/煤炭概念,28.4
600052,,0.0,1.0,0.6463,0.0,0.0,0.6873,0.154,0.0,0.2747,0.0,0.0,0.5,0.0,0.3775,False,False,False,False,无明确战法态,3.85,2.12,3.98,False,32.5,房地产,金融参股/参股金融,29.9
600053,,0.0,1.0,0.7767,0.0,0.0,0.8415,0.2063,0.0,0.0,0.0,0.0,0.0,0.0,0.7307,False,False,False,False,无明确战法态,8.54,2.15,10.35,False,3702.4,房地产,业绩预升,29.9
600054,,0.0,1.0,0.9088,0.1602,0.282,0.607,0.5544,0.3,0.3315,0.0,0.0,0.0,0.0,0.2799,False,False,False,False,无明确战法态,10.99,0.18,11.32,False,5641.2,酒店旅游,含B股/金融参股/参股金融,29.9
600055,,0.0,1.0,0.7232,0.0,0.0,0.5891,0.1422,0.3,0.0,0.0,0.0,0.0,0.0,0.5563,False,False,False,False,无明确战法态,10.85,0.09,12.45,False,7628.2,医疗器械,超导概念,37.8
600056,,0.0,1.0,0.8448,0.0,0.0,0.4713,0.2399,0.3,0.1439,0.0,0.0,0.0,0.0,0.386,False,False,False,False,无明确战法态,9.12,1.11,9.59,False,13637.6,商业百货,金融参股/参股金融/创新药,30.2
600057,,0.0,1.0,0.8564,0.0,0.0,0.6155,0.2697,0.0,0.0,0.0,0.0,0.0,0.0,0.449,False,False,False,False,无明确战法态,5.65,1.44,6.41,False,11822.7,交通运输,海峡西岸/参股金融/冷链物流,32.0
600058,,0.7347,0.7169,0.6158,0.3759,1.0,0.406,0.2328,0.0,0.491,0.0,0.0,0.5,0.0,0.3968,False,False,False,False,无明确战法态,10.75,-4.7,11.05,False,115.2,物资外贸,央企50,29.8
600059,,0.0,1.0,0.8942,0.0,0.0,0.7438,0.2452,0.0,0.0,0.0,0.0,0.0,0.0,0.4061,False,False,False,False,无明确战法态,7.6,0.53,8.18,False,6927.7,酿酒行业,白酒概念/金融参股/参股金融,27.4
600060,,0.0,1.0,0.6814,0.7722,1.0,0.5932,0.2863,0.3,1.0,0.0,1.0,0.5,0.7,0.222,False,False,False,False,无明确战法态,27.52,2.76,25.39,True,35780.6,家电行业,日韩贸易/社保重仓/券商重仓,35.7
600061,,0.0906,1.0,0.8369,0.3253,0.7417,0.4789,0.4412,0.6,0.4185,0.0,0.0,0.5,0.0,0.3642,False,False,False,False,无明确战法态,6.57,0.46,6.65,False,42008.5,化纤行业,上海自贸/上海本地/参股券商,37.1
600062,,0.0,1.0,0.8448,0.1883,0.2499,0.119,0.4204,0.6,0.4804,0.0,0.0,0.5,0.0,0.3568,False,False,False,False,无明确战法态,17.07,1.91,17.09,False,17722.5,生物制药,仿制药/QFII重仓/基金重仓,47.0
600063,,0.3943,0.3226,0.4397,1.0,1.0,0.3783,0.4369,0.0,0.7377,1.0,0.0,0.5,1.0,0.3843,False,False,False,False,B1候B2,7.63,-7.06,7.58,True,157.9,化纤行业,光伏/皖江区域/金融参股,37.1
600064,,0.0,1.0,0.89,0.0536,0.0,0.7181,0.2968,0.6,0.193,0.0,0.0,0.0,0.0,0.3796,False,False,False,False,无明确战法态,7.34,0.96,7.7,False,127.0,开发区,金融改革/抗癌/金融参股,33.7
600066,,0.0,0.6579,0.6123,0.0,0.0,0.2378,0.2349,0.0,0.3748,0.0,0.0,0.5,0.0,0.4446,False,False,False,False,无明确战法态,28.9,5.05,29.65,False,63982.8,汽车制造,金融参股/保险重仓/QFII重仓,40.0
600067,,0.51,1.0,0.7748,0.0,0.0,0.6422,0.3763,0.6,0.0,0.0,0.0,0.0,0.0,0.4019,False,False,False,False,无明确战法态,2.92,-1.35,3.39,False,4063.7,房地产,海峡西岸/锂电池/前海概念,29.9
600071,,0.52,1.0,0.8402,0.0,0.0,0.6139,0.4024,0.6,0.0,0.0,0.0,0.5,0.0,0.3572,False,False,False,False,无明确战法态,16.94,-0.94,18.27,False,4769.9,,锂电池/参股金融/太赫兹,
600072,,0.0,1.0,0.7685,0.0,0.0,0.5124,0.0574,0.3,0.0,0.0,0.0,0.0,0.0,0.514,False,False,False,False,无明确战法态,8.86,2.55,10.62,False,9598.4,船舶制造,国防军工/军工航天/券商重仓,34.5
600073,,0.0,1.0,0.8645,0.0,0.0,0.4791,0.2595,0.3,0.0,0.0,0.0,0.5,0.0,0.4195,False,False,False,False,无明确战法态,4.94,0.41,5.28,False,4632.4,食品行业,猪肉/国企改革/上海本地,35.0
600075,,0.0,1.0,0.6186,0.0,0.0,0.3942,0.2155,0.0,0.0,0.0,0.0,0.0,0.0,0.6217,False,False,False,False,无明确战法态,4.25,-2.75,5.11,False,7258.1,化工行业,水利建设/生态农业/水泥概念,39.0
600076,,0.0,0.6667,0.5556,0.1661,0.0,0.4197,0.1184,0.0,0.3618,0.0,0.0,0.5,0.0,0.4306,False,False,False,False,无明确战法态,3.42,-5.0,3.56,False,4598.3,电子信息,黄河三角/锂电池/土地流转,32.2
600078,,1.0,0.5015,0.6647,0.7907,0.7664,0.6347,0.2834,0.3,0.3674,0.0,0.0,0.5,0.7,0.5316,False,False,False,False,B1候B2,12.71,-5.99,13.46,False,8421.3,化工行业,,39.0
600079,,0.0,0.9677,0.7987,0.1561,0.2179,0.2295,0.2357,0.0,0.5699,0.0,0.0,0.5,0.0,0.3994,False,False,False,False,无明确战法态,17.77,3.19,17.54,True,27422.3,生物制药,仿制药/武汉规划/生物疫苗,47.0
600080,,0.0,1.0,0.6845,0.0,0.0,0.552,0.2826,0.3,0.0,0.0,0.0,0.5,0.0,0.4903,False,False,False,False,无明确战法态,5.0,2.88,5.75,False,1866.4,生物制药,陕甘宁,47.0
600081,,0.0,0.5228,0.544,0.0,0.0,0.6,0.1184,0.0,0.0,0.0,0.0,0.0,0.0,0.5575,False,False,False,False,无明确战法态,9.75,5.86,10.5,False,5392.0,汽车制造,业绩预升/上海本地/EDR概念,40.0
600082,,0.0,0.6696,0.8814,0.0,0.0,0.7576,0.0761,0.0,0.0,0.0,0.0,0.0,1.0,0.6105,False,False,False,False,无明确战法态,2.95,4.98,3.2,False,1871.3,房地产,天津自贸/互联金融/天津自贸区,29.9
600084,,0.0,0.6749,0.835,0.0,0.0,1.0,0.1756,0.0,0.0,0.0,0.0,0.0,0.0,0.6934,False,False,False,False,无明确战法态,4.24,4.95,4.85,False,4764.6,酿酒行业,白酒概念/金融参股/股期概念,27.4
600085,,0.0,1.0,0.8454,0.0,0.0,0.4557,0.3486,0.9,0.0,0.0,0.0,0.5,0.0,0.3566,False,False,False,False,无明确战法态,23.36,0.34,25.37,False,32037.5,生物制药,仿制药/社保重仓/保险重仓,47.0
600088,,0.0,1.0,0.8221,0.0,0.0,0.9442,0.213,0.3,0.0,0.0,0.0,0.0,0.0,0.618,False,False,False,False,无明确战法态,11.27,0.27,13.63,False,4482.2,传媒娱乐,业绩预升,29.0
600089,,0.8946,1.0,0.8626,0.0,0.0,0.79,0.2254,0.3,0.0,0.0,0.0,0.0,0.0,0.4061,False,False,False,False,无明确战法态,22.01,0.82,25.03,False,111212.0,发电设备,光伏/低碳经济/核电核能,28.3
600094,,0.8857,1.0,0.8271,0.0,0.0,0.7165,0.0729,0.3,0.0,0.0,0.0,0.0,0.0,0.523,False,False,False,False,无明确战法态,3.48,0.29,4.15,False,7399.3,房地产,含B股/业绩预升,29.9
600095,,0.1536,1.0,0.7613,0.0,0.0,0.602,0.2322,0.9,0.0,0.0,0.0,0.5,0.0,0.373,False,False,False,False,无明确战法态,7.79,-0.38,8.51,False,22273.1,房地产,光伏/金融改革/基因概念,29.9
600096,,0.5527,1.0,0.7544,0.2641,0.5803,0.5305,0.2138,0.6,0.32,0.0,0.0,0.5,0.0,0.3755,False,False,False,False,无明确战法态,30.6,-2.83,32.1,False,557.8,农药化肥,锂电池/券商重仓/分拆上市,33.4
600097,,0.0,1.0,0.8354,0.0,0.0,0.3748,0.1637,0.0,0.0,0.0,0.0,0.0,0.0,0.5198,False,False,False,False,无明确战法态,8.21,1.36,9.24,False,1978.1,农林牧渔,水产品,39.0
600098,,0.3396,1.0,0.8891,0.0032,0.0,0.8903,0.3721,0.0,0.0,0.0,0.0,0.0,1.0,0.3928,False,False,False,False,无明确战法态,6.1,1.5,6.93,False,21385.8,电力行业,光伏/金融参股/券商重仓,26.5
600099,,0.0,0.8983,0.7192,0.0,0.0,0.5322,0.1217,0.0,0.0,0.0,0.0,0.0,0.0,0.5809,False,False,False,False,无明确战法态,8.61,3.61,9.58,False,1886.6,摩托车,专精特新/沿海发展,38.1
600100,,0.0,1.0,0.823,0.0,0.0,0.8141,0.2299,0.0,0.0,0.0,0.0,0.0,0.0,0.4628,False,False,False,False,无明确战法态,6.79,0.15,7.62,False,22748.5,电子信息,国防军工/雄安新区/军工航天,32.2
600101,,0.0,1.0,0.8853,0.0,0.0,0.9127,0.3062,0.3,0.0,0.0,0.0,0.0,0.0,0.4243,False,False,False,False,无明确战法态,8.23,1.11,9.25,False,4508.9,电力行业,成渝特区/涉矿概念/业绩预升,26.5
600103,,0.2969,1.0,0.6526,0.0,0.0,0.7115,0.1248,0.3,0.0,0.0,0.0,0.0,0.0,0.5428,False,False,False,False,无明确战法态,3.09,0.65,3.7,False,68.4,造纸行业,海峡西岸/金融参股/参股金融,31.9
600104,,0.0,1.0,0.8043,0.0,0.0,0.2699,0.1562,0.0,0.0,0.0,0.0,0.0,0.0,0.4157,False,False,False,False,无明确战法态,10.11,2.33,11.68,False,116217.3,汽车制造,国企改革/整体上市/社保重仓,40.0
600105,,1.0,1.0,0.6371,1.0,1.0,0.7426,0.5098,0.0,1.0,1.0,0.0,0.5,0.7,0.4147,True,False,False,False,B1候B2,54.53,-2.99,52.17,True,797.2,电子信息,专精特新/5G概念/海工装备,32.2
600106,,0.6868,1.0,0.7944,0.0,0.0,0.6551,0.0716,0.3,0.0,0.0,0.0,0.0,0.0,0.3523,False,False,False,False,无明确战法态,4.61,1.54,5.29,False,6126.8,公路桥梁,成渝特区/金融参股/信托重仓,32.0
600107,,0.0,0.6836,0.7748,0.3316,0.0,0.5214,0.1994,0.0,0.6163,0.0,1.0,0.5,0.7,0.4461,False,False,False,False,B2确认,6.21,4.9,6.15,True,2235.6,服装鞋类,金融参股/参股金融/股期概念,47.0
600108,,0.599,1.0,0.7231,0.0,0.0,0.5928,0.2142,0.3,0.0,0.0,0.0,0.0,0.0,0.4287,False,False,False,False,无明确战法态,3.12,-0.32,3.68,False,6074.4,农林牧渔,稀缺资源/陕甘宁/金融参股,39.0
600109,,0.0,1.0,0.8059,0.4779,1.0,0.5148,0.3285,1.0,0.7095,0.0,0.0,0.5,0.0,0.3681,False,False,False,False,无明确战法态,8.91,-0.22,8.73,True,33014.8,金融行业,成渝特区/股期概念,39.0
600110,,0.0,0.1006,0.3255,1.0,1.0,0.2776,0.4712,0.6,1.0,0.0,0.0,0.5,0.7,0.3117,False,False,True,False,B1候B2,15.75,8.4,12.79,True,27329.1,电力行业,锂电池/参股金融/宁德时代概念,26.5
600111,,0.5261,1.0,0.8091,0.3402,0.1178,0.706,0.5328,0.3,0.4156,0.0,0.0,0.0,0.0,0.3382,False,False,False,False,无明确战法态,48.57,0.77,50.03,False,175583.7,有色金属,稀缺资源/锂电池/基金重仓,36.0
600113,,0.0,0.6932,0.2107,0.0,0.0,0.0,0.1316,0.0,0.0,0.0,0.0,0.5,0.0,0.4716,False,False,False,False,无明确战法态,34.4,-4.84,38.61,False,14153.2,房地产,金融改革/民营银行/金融参股,29.9
600114,,0.5849,1.0,0.5867,1.0,0.6088,0.5782,0.4891,0.0,0.7424,1.0,1.0,0.0,0.7,0.4173,False,False,False,False,B1候B2,37.73,2.58,37.7,True,23256.1,机械行业,业绩预升/外资背景/减速器,36.7
600115,,0.7038,1.0,0.7927,0.0,0.0,0.5935,0.1655,0.3,0.0,0.0,0.0,0.5,0.0,0.3965,False,False,False,False,无明确战法态,3.8,-1.55,4.23,False,64694.9,交通运输,大飞机/含H股/上海自贸,32.0
600116,,0.0,1.0,0.918,0.0,0.0,0.8922,0.3429,0.0,0.0,0.0,0.0,0.0,0.0,0.4732,False,False,False,False,无明确战法态,5.72,0.53,6.31,False,10937.5,电力行业,光伏/成渝特区/水利建设,26.5
600117,,0.0,1.0,0.842,0.0,0.0,0.6905,0.2623,0.6,0.0,0.0,0.0,0.0,0.0,0.5005,False,False,False,False,无明确战法态,2.14,1.42,2.35,False,6965.9,钢铁行业,参股金融/特钢概念,29.8
600118,,0.0,0.5184,0.2883,0.0,0.3049,0.3516,0.4102,0.6,0.9551,0.0,1.0,1.0,0.0,0.3553,False,False,False,False,无明确战法态,86.3,5.89,83.35,True,102048.8,飞机制造,大飞机/国防军工/军工航天,47.0
600119,,0.0,0.8617,0.7021,0.0,0.0,0.4755,0.1368,0.0,0.0,0.0,0.0,0.5,0.0,0.4621,False,False,False,False,无明确战法态,4.88,3.83,5.32,False,1782.5,交通运输,金融改革/金融参股/上海本地,32.0
600120,,0.3277,1.0,0.8937,0.0,0.0,0.7324,0.276,0.0,0.0,0.0,0.0,0.0,0.0,0.4921,False,False,False,False,无明确战法态,4.41,0.46,4.97,False,15061.8,物资外贸,金融改革/金融参股/参股金融,29.8
600121,,0.4314,1.0,0.8898,0.0364,0.0,0.9104,0.4326,0.0,0.0,0.0,0.0,0.0,1.0,0.4107,False,False,False,False,B1候B2,3.66,0.83,4.25,False,4459.4,煤炭行业,业绩预降/金融参股/参股金融,26.5
600123,,0.0,1.0,0.7491,0.0791,0.0,0.7674,0.352,0.0,0.0,0.0,0.0,0.0,0.0,0.477,False,False,False,False,无明确战法态,5.74,2.87,6.33,False,8456.4,煤炭行业,低碳经济/稀缺资源/信托重仓,26.5
600125,,0.0,1.0,0.8853,0.0,0.0,0.7048,0.1728,0.0,0.0,0.0,0.0,0.0,0.0,0.402,False,False,False,False,无明确战法态,5.27,0.76,5.68,False,6880.1,交通运输,金融参股/社保重仓/参股金融,32.0
600126,,0.7177,1.0,0.9007,0.0,0.0,0.8151,0.1586,0.0,0.0,0.0,0.0,0.0,0.0,0.4709,False,False,False,False,无明确战法态,6.05,0.17,7.53,False,20432.0,钢铁行业,汽车拆解概念/算力租赁/特钢概念,29.8
600127,,0.0,1.0,0.8634,0.0,0.0,0.7343,0.2188,0.0,0.0,0.0,0.0,0.0,0.0,0.5034,False,False,False,False,无明确战法态,5.39,0.37,6.0,False,3459.2,农林牧渔,长株潭/基因概念/准ST股,39.0
600128,,0.0,1.0,0.8034,0.0,0.0,0.3531,0.1646,0.3,0.0,0.0,0.0,0.0,0.0,0.5071,False,False,False,False,无明确战法态,7.95,1.92,9.13,False,1961.8,物资外贸,金融参股/参股金融/股期概念,29.8
600129,,0.0,0.8995,0.7549,0.0,0.0,0.0,0.4066,0.3,0.2569,0.0,0.0,0.5,0.0,0.3066,False,False,False,False,无明确战法态,14.09,3.6,14.25,False,7769.5,生物制药,成渝特区/抗癌/金融参股,47.0
600130,,0.9456,1.0,0.8157,0.2739,0.0,0.9667,0.299,0.0,0.0525,0.0,0.0,0.0,0.0,0.5499,False,False,False,False,无明确战法态,4.35,0.23,4.76,False,3262.5,电子信息,人脸识别,32.2
600131,,0.6303,1.0,0.7995,0.0,0.0,0.7928,0.1022,0.3,0.0,0.0,0.0,0.0,0.0,0.3926,False,False,False,False,无明确战法态,14.56,1.82,16.45,False,17412.4,电力行业,碳交易/成渝特区/低碳经济,26.5
600132,,0.0,1.0,0.8332,0.0,0.0,0.7633,0.1812,0.3,0.0,0.0,0.0,0.0,0.0,0.5119,False,False,False,False,无明确战法态,42.44,1.14,48.66,False,20539.7,酿酒行业,成渝特区/外资背景,27.4
600133,,0.831,1.0,0.8407,0.0233,0.0,0.8181,0.1538,0.0,0.0,0.0,0.0,0.5,0.0,0.3787,False,False,False,False,无明确战法态,7.89,-0.75,8.57,False,8412.6,房地产,武汉规划/节能环保/金融参股,29.9
600135,,0.0,1.0,0.6951,0.0,0.0,0.7353,0.2738,0.0,0.0,0.0,0.0,0.0,0.0,0.519,False,False,False,False,无明确战法态,8.0,-1.11,9.29,False,4426.5,化工行业,光伏/锂电池/京津冀,39.0
600136,,0.0,1.0,0.7701,0.0,0.0,0.4587,0.228,0.0,0.0194,0.0,0.0,0.5,0.0,0.3278,False,False,False,False,无明确战法态,1.46,0.69,1.55,False,2836.9,商业百货,武汉规划/金融参股/参股金融,30.2
600137,,0.0,1.0,0.7515,0.0,0.0,0.5915,0.2775,0.6,0.0,0.0,0.0,0.0,0.0,0.4747,False,False,False,False,无明确战法态,17.4,2.96,19.44,False,1691.6,服装鞋类,,47.0
600138,,0.0,1.0,0.8413,0.0,0.0,0.4994,0.2336,0.0,0.0,0.0,0.0,0.0,0.0,0.493,False,False,False,False,无明确战法态,6.79,1.04,7.8,False,49.1,酒店旅游,QFII重仓/分拆上市/冰雪产业,29.9
600141,,0.8923,0.569,0.555,1.0,1.0,0.3202,0.3398,0.3,1.0,1.0,0.0,1.0,1.0,0.2819,False,False,False,False,无明确战法态,39.89,-5.59,37.6,True,47937.4,化工行业,稀缺资源/金融参股/参股金融,39.0
600143,,0.0,0.0,0.5127,0.0959,0.0,0.0,0.2934,0.9,0.6533,0.0,0.0,0.0,1.0,0.5728,False,False,False,False,无明确战法态,17.01,10.03,16.81,True,44818.4,塑料制品,金融改革/民营银行/券商重仓,33.5
600148,,0.0,0.8065,0.7092,0.0,0.0,0.4267,0.1529,0.0,0.0,0.0,0.0,0.0,1.0,0.5649,False,False,False,False,无明确战法态,15.52,4.16,16.88,False,2196.3,汽车制造,朝鲜改革/国防军工/军工航天,40.0
600149,,0.0,0.9577,0.7397,0.0,0.0,0.7945,0.1751,0.0,0.0,0.0,0.0,0.0,0.0,0.5179,False,False,False,False,无明确战法态,4.76,3.25,5.33,False,1809.6,机械行业,京津冀/金融参股,36.7
600150,,0.0,0.1467,0.4451,0.3178,0.0609,0.0,0.3293,0.0,0.8263,0.0,0.0,0.0,0.0,0.4898,False,False,False,False,无明确战法态,37.15,8.12,36.04,True,225554.5,船舶制造,国防军工/军民融合/军工航天,34.5
600151,,0.0632,0.8407,0.6381,0.0,0.0,0.5923,0.2023,0.3,0.0,0.0,1.0,0.0,0.0,0.3927,False,False,False,False,无明确战法态,11.3,3.96,12.83,False,16207.1,电子器件,光伏/国防军工/军民融合,73.7
600152,,1.0,1.0,0.7083,0.1508,0.0,0.8181,0.1487,0.0,0.0,0.0,0.0,0.0,0.0,0.4824,False,False,False,False,无明确战法态,9.34,-2.71,11.08,False,4941.6,纺织行业,,36.5
600153,,0.1472,1.0,0.8282,0.1562,0.0,0.671,0.2009,0.0,0.0,0.0,0.0,0.0,0.0,0.4296,False,False,False,False,无明确战法态,8.22,0.86,9.04,False,23834.2,物资外贸,白酒概念/海峡西岸/金融参股,29.8
600155,,0.0,1.0,0.8582,0.0491,0.3222,0.5662,0.3991,0.6,0.2756,0.0,0.0,0.5,0.0,0.3646,False,False,False,False,无明确战法态,5.67,0.53,5.82,False,12550.8,化工行业,白酒概念/京津冀/参股券商,39.0
600156,,0.0,1.0,0.4334,0.1205,0.0,0.2312,0.0592,0.0,0.7557,0.0,0.0,0.5,0.0,0.3071,False,False,False,False,无明确战法态,9.52,-0.1,9.38,True,3828.1,纺织行业,长株潭/金融参股/参股金融,36.5
600157,,0.0,1.0,0.8726,0.1622,0.0,0.8623,0.2922,0.0,0.0958,0.0,0.0,0.0,0.0,0.4555,False,False,False,False,无明确战法态,1.57,0.0,1.69,False,34253.9,煤炭行业,光伏/页岩气/参股保险,26.5
600158,,0.4004,1.0,0.6182,0.0,0.0,0.6586,0.1169,0.3,0.0,0.0,0.0,0.0,0.0,0.5822,False,False,False,False,无明确战法态,6.8,-0.15,9.1,False,65.2,,京津冀/赛马概念/参股金融,
600159,,0.0,1.0,0.764,0.0,0.0,0.6578,0.1173,0.0,0.0,0.0,0.0,0.0,0.0,0.5146,False,False,False,False,无明确战法态,2.31,2.21,2.67,False,1917.3,房地产,京津冀,29.9
600160,,0.0601,0.0,0.3519,1.0,1.0,0.1685,0.9777,0.3,1.0,0.0,0.0,1.0,1.0,0.3342,False,False,False,False,无明确战法态,49.35,-9.99,42.99,True,1332.4,化工行业,碳交易/低碳经济/业绩预降,39.0
600161,,0.0,1.0,0.8504,0.0,0.0,0.2769,0.2847,0.6,0.0,0.0,0.0,0.5,0.0,0.4582,False,False,False,False,无明确战法态,12.18,1.25,13.22,False,24084.4,生物制药,业绩预升/本月解禁/QFII重仓,47.0
600162,,1.0,1.0,0.375,1.0,0.7277,0.7259,0.3124,0.9,0.052,0.0,0.0,0.0,1.0,0.5144,False,False,False,False,无明确战法态,2.5,-2.34,2.78,False,8171.1,房地产,涉矿概念/民营银行,29.9
600163,,0.0,1.0,0.883,0.0,0.0,0.9579,0.2935,0.3,0.0,0.0,0.0,0.0,1.0,0.428,False,False,False,False,无明确战法态,5.13,0.0,5.95,False,9762.4,造纸行业,光伏/海峡西岸/准ST股,31.9
600165,,0.0,0.6515,0.7333,0.0,0.0,0.0,0.2686,0.3,0.2544,0.0,0.0,0.0,0.0,0.4646,False,False,False,False,无明确战法态,2.89,5.09,3.0,False,2118.1,钢铁行业,节能环保/陕甘宁/金融参股,29.8
600166,,0.0,0.717,0.5302,0.2523,0.0299,0.288,0.381,0.0,0.5625,0.0,0.0,0.0,0.0,0.4809,False,False,False,False,无明确战法态,3.12,4.7,3.13,False,24702.3,汽车制造,氢能源/百度概念/业绩预降,40.0
600167,,0.0,0.9365,0.7034,0.0,0.0,0.5617,0.2035,0.0,0.0473,0.0,0.0,0.5,1.0,0.4494,False,False,False,False,无明确战法态,5.81,3.38,6.21,False,131.5,供水供气,,26.9
600168,,0.0,1.0,0.8551,0.0,0.0,0.7792,0.248,0.0,0.0,0.0,0.0,0.0,0.0,0.4792,False,False,False,False,无明确战法态,4.19,1.21,4.58,False,4162.3,供水供气,武汉规划/赛马概念,26.9
600169,,0.0,1.0,0.703,0.0,0.0,0.1539,0.2284,0.3,0.0517,0.0,0.0,0.0,0.0,0.5119,False,False,False,False,无明确战法态,2.07,2.48,2.2,False,6899.6,机械行业,券商重仓/分拆上市,36.7
600170,,0.2194,1.0,0.8498,0.0,0.0,0.6337,0.22,0.3,0.0,0.0,0.0,0.0,0.0,0.4874,False,False,False,False,无明确战法态,2.24,0.9,2.49,False,19904.5,建筑建材,雄安新区/黄金概念/国企改革,28.0
600171,,0.4136,0.9846,0.7423,0.5682,1.0,0.4492,0.3656,0.6,0.4623,0.0,0.0,1.0,0.0,0.3856,False,False,False,False,无明确战法态,28.83,-3.09,29.21,False,20438.3,电子器件,无线耳机/智能电网/触摸屏,73.7
600172,,0.0,0.4185,0.438,1.0,1.0,0.4359,0.4666,0.3,1.0,0.0,0.0,0.5,0.7,0.2752,False,False,False,False,B2确认,16.86,-6.49,13.1,True,21517.7,其它行业,国防军工/QFII重仓/旅游概念,37.8
600173,,0.0,1.0,0.5444,0.0,0.0,0.6719,0.2635,0.3,0.0,0.0,0.0,0.0,0.0,0.488,False,False,False,False,无明确战法态,6.16,2.67,6.81,False,4314.6,房地产,金属锌/手机游戏,29.9
600176,,0.0,0.7431,0.1065,1.0,1.0,0.3029,0.7416,0.3,1.0,0.0,0.0,1.0,0.7,0.2038,False,False,False,False,无明确战法态,70.9,4.54,47.66,True,283822.4,玻璃行业,光伏概念/社保重仓/风电,52.3
600177,,0.0,1.0,0.8723,0.5397,0.9221,0.4336,0.3844,0.0,0.901,0.0,0.0,1.0,0.0,0.3685,False,False,False,False,无明确战法态,7.83,0.0,7.49,True,36201.6,服装鞋类,互联金融/金融参股/保险重仓,47.0
600178,,0.0,1.0,0.7415,0.0972,0.7641,0.3786,0.3161,0.6,0.3273,0.0,0.0,1.0,0.0,0.4101,False,False,False,False,无明确战法态,10.02,2.24,10.11,False,4674.1,汽车制造,国防军工/军工航天/黑龙江自贸区,40.0
600179,,0.0,1.0,0.6983,0.5648,1.0,0.4358,0.4033,0.6,0.685,0.0,0.0,0.5,1.0,0.3771,False,False,False,False,B2确认,4.59,-1.08,4.56,True,17727.9,煤炭行业,海南自贸/宁德时代概念/海峡两岸,26.5
600180,,0.0,1.0,0.5169,0.0,0.0,0.0,0.212,0.0,0.0,0.0,0.0,0.5,0.0,0.5477,False,False,False,False,无明确战法态,1.4,1.45,1.84,False,1521.3,交通运输,黄河三角/电商概念/粮食概念,32.0
600182,,0.0,0.8404,0.8351,0.2622,0.4562,0.0,0.3269,0.3,0.9067,0.0,0.0,0.5,0.0,0.4073,False,False,False,False,无明确战法态,14.71,3.96,13.94,True,2500.7,汽车制造,外资背景/黑龙江自贸区,40.0
600183,,0.7425,0.5315,0.1129,1.0,1.0,0.5215,0.6689,0.0,1.0,1.0,0.0,0.5,0.7,0.3549,False,False,False,False,无明确战法态,160.78,5.81,135.15,True,384988.0,电子器件,信托重仓/券商重仓,73.7
600184,,0.6704,0.0,0.5772,1.0,1.0,0.539,0.3685,0.3,0.755,0.0,0.0,1.0,0.7,0.5629,False,False,False,False,无明确战法态,25.83,-10.0,25.96,False,150.5,玻璃行业,国防军工/军工航天/本月解禁,52.3
600185,,0.1094,1.0,0.7671,0.0,0.0,0.5371,0.0721,0.0,0.0,0.0,0.0,0.0,0.0,0.4195,False,False,False,False,无明确战法态,4.58,0.0,5.27,False,8633.3,房地产,国企改革/广东自贸区/横琴新区,29.9
600186,,1.0,0.915,0.6898,1.0,1.0,0.756,0.2895,0.3,1.0,1.0,0.0,0.5,0.7,0.4886,False,False,False,False,无明确战法态,11.82,-3.51,11.42,True,21043.0,食品行业,准ST股/超级品牌/东数西算(算力),35.0
600187,,0.0,0.6667,1.0,0.0,0.0,1.0,0.5483,0.3,0.0,0.0,0.0,0.5,0.0,0.3397,False,False,False,False,无明确战法态,1.47,5.0,1.56,False,2372.3,供水供气,黑龙江自贸区,26.9
600188,,0.3953,1.0,0.798,0.3449,0.0,0.5142,0.2228,0.3,0.0,0.0,0.0,0.0,0.7,0.3303,False,False,False,False,无明确战法态,17.8,-0.11,20.12,False,106112.1,煤炭行业,低碳经济/含H股,26.5
600189,,0.0,1.0,0.8467,0.2504,0.0814,0.642,0.4222,0.3,0.5223,0.0,0.0,0.5,0.0,0.3601,False,False,False,False,无明确战法态,7.79,-0.51,7.88,False,5571.4,农林牧渔,白酒概念/朝鲜改革/土地流转,39.0
600191,,0.9385,1.0,0.7585,0.0,0.0,0.6919,0.204,0.3,0.0,0.0,0.0,0.0,0.0,0.5558,False,False,False,False,无明确战法态,9.19,0.88,11.05,False,4456.5,食品行业,金融参股/参股金融/参股券商,35.0
600192,,0.6471,1.0,0.816,0.0,0.0,0.7469,0.1357,0.3,0.0,0.0,0.0,0.0,0.0,0.4757,False,False,False,False,无明确战法态,6.61,1.38,7.73,False,29.2,发电设备,光伏/光伏概念/智能电网,28.3
600193,,0.0,1.0,1.0,0.0,0.0,0.0,0.0,0.0,0.0,0.0,0.0,0.5,0.0,0.3083,False,False,False,False,无明确战法态,0.16,0.0,1.5,False,0.7,钢铁行业,业绩预升,29.8
600195,,0.0,1.0,0.8254,0.0,0.0,0.5115,0.3132,0.0,0.0,0.0,0.0,0.0,0.0,0.4769,False,False,False,False,无明确战法态,6.25,2.29,6.79,False,6382.2,农林牧渔,赛马概念/保险重仓/参股金融,39.0
600196,,0.0,1.0,0.8234,0.0421,0.4214,0.299,0.339,0.6,0.4282,0.0,0.0,1.0,0.0,0.3203,False,False,False,False,无明确战法态,23.29,1.13,23.4,False,49339.6,生物制药,仿制药/免疫治疗/含H股,47.0
600197,,0.0,1.0,0.8657,0.0,0.0,0.8356,0.2301,0.0,0.0,0.0,0.0,0.0,1.0,0.5108,False,False,False,False,无明确战法态,10.02,0.91,11.17,False,4741.2,酿酒行业,白酒概念/金融参股/参股金融,27.4
600198,,0.0279,0.8468,0.5833,0.7023,1.0,0.5766,0.4359,0.3,0.5445,0.0,0.0,1.0,1.0,0.383,False,False,False,False,无明确战法态,9.07,-3.92,9.11,False,11808.7,电子信息,5G概念/电子支付/宽带提速,32.2
600199,,0.0,1.0,0.6923,0.0,0.0,0.4028,0.3065,0.3,0.0,0.0,0.0,0.0,0.0,0.4342,False,False,False,False,无明确战法态,6.6,1.54,7.44,False,4341.5,酿酒行业,白酒概念/基金重仓,27.4
600201,,0.0,1.0,0.699,0.0,0.0,0.6319,0.2742,0.0,0.2459,0.0,0.0,0.0,0.0,0.5092,False,False,False,False,无明确战法态,12.31,2.93,12.89,False,13685.6,生物制药,动物疫苗,47.0
600202,,0.0,1.0,0.7552,0.0,0.0,0.6141,0.1335,0.0,0.0,0.0,0.0,0.0,0.0,0.4752,False,False,False,False,无明确战法态,4.75,2.59,5.31,False,18.2,电器行业,朝鲜改革/低碳经济/核电核能,33.2
600203,,0.0,0.5228,0.2733,0.4374,0.5185,0.1329,0.3811,0.6,0.8655,0.0,0.0,0.5,0.7,0.4648,False,False,False,False,无明确战法态,12.82,5.86,12.34,True,7602.1,电子器件,无线耳机/海峡西岸/绿色照明,73.7
600206,,0.1904,0.4881,0.4395,1.0,1.0,0.3487,0.847,0.9,1.0,0.0,0.0,1.0,0.7,0.2139,False,False,False,False,无明确战法态,54.3,-6.07,38.7,True,45967.8,电子器件,光伏/雄安新区/国家大基金持股,73.7
600207,,0.8373,0.2156,0.4862,0.3875,0.0,0.6699,0.2841,0.0,0.0,0.0,0.0,0.0,0.7,0.641,False,False,False,False,B1候B2,5.03,-7.71,6.12,False,5479.2,电子器件,光伏/触摸屏/光热发电,73.7
600208,,0.0,1.0,0.6868,0.0,0.0,0.6456,0.2011,0.3,0.0,0.0,0.0,0.5,0.0,0.5566,False,False,False,False,无明确战法态,2.96,-0.67,3.27,False,25183.6,房地产,黄金概念/涉矿概念/金融改革,29.9
600210,,0.1694,1.0,0.9253,0.1527,0.0,0.6238,0.3465,0.3,0.1247,0.0,0.0,0.0,0.0,0.3085,False,False,False,False,无明确战法态,6.29,0.64,6.67,False,9540.3,印刷包装,大飞机/锂电池/上海本地,27.7
600211,,0.0,1.0,0.82,0.1294,0.4151,0.3345,0.3636,0.6,0.4957,0.0,0.0,1.0,0.0,0.3451,False,False,False,False,无明确战法态,38.78,0.67,38.83,False,125.0,生物制药,金融改革/生物疫苗/基因测序,47.0
600212,,0.0148,0.6111,0.5048,0.0,0.0,0.2738,0.1969,0.3,0.0,0.0,0.0,0.0,0.0,0.5788,False,False,False,False,无明确战法态,5.53,5.33,6.3,False,2937.4,综合行业,锂电池/节能环保/换电概念,28.4
600215,,0.0,1.0,0.6825,0.0,0.0,0.297,0.2983,0.3,0.227,0.0,0.0,0.0,0.0,0.4075,False,False,False,False,无明确战法态,6.25,2.63,6.49,False,2855.5,开发区,朝鲜改革,33.7
600216,,0.0,1.0,0.7998,0.0,0.0,0.0857,0.2909,0.3,0.1248,0.0,0.0,0.5,0.0,0.3937,False,False,False,False,无明确战法态,12.29,2.5,12.92,False,11692.6,生物制药,钠电池/抗癌/维生素,47.0
600217,,0.0,1.0,0.6092,0.0,0.0,0.2536,0.1799,0.0,0.0,0.0,0.0,0.0,0.0,0.4283,False,False,False,False,无明确战法态,2.98,2.76,3.33,False,4939.8,水泥行业,陕甘宁/供销社,35.7
600218,,0.0168,0.9261,0.7062,0.0,0.0,0.2759,0.167,0.0,0.0,0.0,0.0,0.0,0.0,0.5003,False,False,False,False,无明确战法态,7.51,3.44,8.5,False,3271.4,机械行业,皖江区域/QFII重仓/钒电池,36.7
600219,,0.2691,1.0,0.7707,0.0,0.0,0.4842,0.2355,0.6,0.0,0.0,0.0,0.0,0.0,0.49,False,False,False,False,无明确战法态,4.17,2.46,5.05,False,478.9,有色金属,大飞机/社保重仓/QFII重仓,36.0
600221,,0.5057,1.0,0.854,0.2166,0.0,0.7896,0.2065,0.3,0.0271,0.0,0.0,0.0,1.0,0.3961,False,False,False,False,无明确战法态,1.37,0.0,1.47,False,58698.4,交通运输,海南自贸/含B股/金融参股,32.0
600222,,0.0,0.1073,0.3333,0.4953,0.1357,0.1582,0.3958,0.3,1.0,0.0,0.0,0.5,0.7,0.3891,False,False,False,False,B2确认,7.91,8.36,7.47,True,45.4,生物制药,CXO概念/业绩预升/金融参股,47.0
600223,,0.0,1.0,0.8462,0.0,0.0,0.6093,0.1692,0.3,0.0,0.0,0.0,0.0,0.0,0.5867,False,False,False,False,无明确战法态,5.32,2.31,5.88,False,5408.1,房地产,黄河三角/业绩预升,29.9
600226,,1.0,0.7558,0.6262,1.0,1.0,0.5068,0.4752,0.6,1.0,1.0,0.0,0.5,0.7,0.372,False,False,False,False,B1候B2,9.2,-4.47,7.81,True,27364.3,农药化肥,核电核能/参股金融/动物疫苗,33.4
600227,,0.3448,1.0,0.7647,0.0,0.0,0.8056,0.2777,0.3,0.0,0.0,0.0,0.0,0.0,0.4883,False,False,False,False,无明确战法态,2.49,-2.35,2.98,False,3181.2,农药化肥,参股金融/阿尔茨海默概念,33.4
600228,,1.0,0.7917,0.6901,1.0,1.0,0.0,0.2129,0.3,0.9519,1.0,0.0,0.5,0.7,0.4513,False,False,False,False,无明确战法态,7.21,-4.25,7.09,True,2999.6,化工行业,金融参股,39.0
600229,,0.0,1.0,0.845,0.0,0.0,0.7134,0.1354,0.3,0.0,0.0,0.0,0.0,0.0,0.5329,False,False,False,False,无明确战法态,4.8,1.48,5.53,False,3171.4,化工行业,自贸区/日韩贸易/金融参股,39.0
600230,,0.3477,1.0,0.8068,0.0,0.0,0.6531,0.2222,0.3,0.0,0.0,0.0,0.0,0.0,0.566,False,False,False,False,无明确战法态,13.67,-0.94,15.89,False,5658.8,农药化肥,京津冀,33.4
600231,,0.4542,1.0,0.7137,0.0,0.0,0.2696,0.0622,0.0,0.0,0.0,0.0,0.0,0.0,0.4529,False,False,False,False,无明确战法态,1.61,-1.23,1.91,False,4566.6,钢铁行业,朝鲜改革/金融参股/参股金融,29.8
600232,,0.6432,1.0,0.746,0.0,0.0,0.4988,0.0982,0.0,0.0,0.0,0.0,0.0,0.0,0.4651,False,False,False,False,无明确战法态,6.45,2.38,7.42,False,2352.4,纺织行业,锂电池/工业大麻,36.5
600233,,0.0,0.8214,0.5575,0.0,0.0,0.0,0.1114,0.0,0.3385,0.0,0.0,0.5,0.0,0.3845,False,False,False,False,无明确战法态,17.2,-4.07,17.75,False,58870.6,服装鞋类,振兴沈阳/统一大市场,47.0
600234,,1.0,1.0,0.622,1.0,1.0,0.8279,0.2684,0.0,1.0,1.0,0.0,0.5,0.7,0.4217,True,False,False,False,B1候B2,26.03,2.48,24.79,True,6833.4,传媒娱乐,抖音概念(字节概念)/算力租赁/文化传媒概念,29.0
600235,,0.0,1.0,0.8202,0.0,0.0,0.6135,0.1405,0.0,0.0,0.0,0.0,0.0,0.0,0.4726,False,False,False,False,无明确战法态,5.27,1.54,5.89,False,1851.4,造纸行业,信托重仓/烟草,31.9
600236,,0.0,1.0,0.7518,0.1567,0.0,0.7945,0.4978,0.0,0.5079,0.0,0.0,0.5,0.7,0.3781,False,False,False,False,无明确战法态,9.54,1.49,9.83,False,75197.9,电力行业,碳交易/风能概念/参股金融,26.5
600237,,0.4211,0.3687,0.5896,1.0,1.0,0.5589,0.4741,0.6,1.0,1.0,0.0,1.0,1.0,0.345,False,False,False,False,无明确战法态,11.81,-6.79,11.17,True,7376.7,电子器件,光伏概念/皖江区域/金融改革,73.7
600238,,0.0,0.663,0.6652,0.1093,0.0,0.5793,0.2042,0.0,0.2231,0.0,0.0,0.0,0.0,0.5216,False,False,False,False,无明确战法态,4.81,5.02,4.97,False,2141.8,酿酒行业,专精特新/白酒概念/海南自贸,27.4
600239,,0.0,0.6546,0.6618,0.0,0.0,0.7177,0.2196,0.0,0.0,0.0,0.0,0.5,0.0,0.5593,False,False,False,False,无明确战法态,1.45,5.07,1.59,False,2328.2,房地产,QFII重仓/工业大麻,29.9
600241,,0.0241,1.0,0.3665,0.0,0.0,0.6011,0.2667,0.3,0.0,0.0,0.0,0.0,0.0,0.4787,False,False,False,False,无明确战法态,6.74,1.66,7.79,False,1983.6,物资外贸,锂电池/自贸区/参股金融,29.8
600243,,0.0,0.6835,0.731,0.2697,0.0,0.7105,0.2949,0.0,0.1972,0.0,0.0,0.0,0.7,0.6054,False,False,False,False,B1候B2,3.64,4.9,3.76,False,16.0,机械行业,ST板块/工业母机/减速器,36.7
600246,,1.0,0.4533,0.4553,1.0,1.0,0.6421,0.2978,0.6,0.7299,0.0,0.0,0.5,0.7,0.5687,False,False,False,False,无明确战法态,15.37,-6.28,15.61,False,29055.6,房地产,卫星导航/京津冀/创投,29.9
600248,,0.0,1.0,0.8551,0.0,0.0,0.6158,0.2788,0.0,0.0,0.0,0.0,0.0,0.0,0.4621,False,False,False,False,无明确战法态,2.77,0.36,3.11,False,10264.9,建筑建材,陕甘宁/参股金融/参股保险,28.0
600249,,0.0,1.0,0.8554,0.0,0.0,0.8281,0.1842,0.0,0.0,0.0,0.0,0.0,0.0,0.5027,False,False,False,False,无明确战法态,4.67,1.3,5.26,False,2568.5,化工行业,金融参股/参股金融,39.0
600250,,0.0,1.0,0.8241,0.0,0.0,0.6426,0.2197,0.0,0.0,0.0,0.0,0.0,0.0,0.607,False,False,False,False,无明确战法态,8.1,1.76,9.32,False,2533.6,物资外贸,,29.8
600251,,0.0,1.0,0.8945,0.0,0.0,0.6292,0.1689,0.0,0.0,0.0,0.0,0.0,0.0,0.5726,False,False,False,False,无明确战法态,8.92,0.79,9.97,False,6930.8,农林牧渔,稀缺资源/涉矿概念/社保重仓,39.0
600252,,0.0,1.0,0.6473,0.0,0.0,0.2999,0.2417,0.0,0.0,0.0,0.0,0.0,0.0,0.4759,False,False,False,False,无明确战法态,1.93,2.12,2.15,False,6145.4,生物制药,生物疫苗/抗癌/金融参股,47.0
600255,,1.0,1.0,0.783,0.6815,0.0,0.7494,0.2925,0.9,0.0,0.0,0.0,0.0,0.7,0.4505,False,False,False,False,B1候B2,3.33,-1.48,3.9,False,6014.5,有色金属,锂电池/皖江区域/民营银行,36.0
600256,,0.0,1.0,0.8706,0.0,0.0,0.7674,0.2557,0.3,0.0,0.0,0.0,0.5,0.0,0.2987,False,False,False,False,无明确战法态,5.18,0.58,5.79,False,33110.6,综合行业,光伏/页岩气/油气改革,28.4
600257,,0.0,1.0,0.7926,0.0,0.0,0.4426,0.2045,0.0,0.0,0.0,0.0,0.0,0.0,0.5864,False,False,False,False,无明确战法态,4.57,1.56,5.36,False,2199.3,农林牧渔,白酒概念/水产品/长株潭,39.0
600258,,0.0,1.0,0.7741,0.0,0.0,0.3618,0.2301,0.3,0.0,0.0,0.0,0.0,0.0,0.5212,False,False,False,False,无明确战法态,11.53,0.17,13.18,False,12874.4,酒店旅游,分拆上市,29.9
600259,,0.3293,0.6702,0.317,0.9373,1.0,0.3522,0.5399,0.0,1.0,0.0,0.0,0.5,0.7,0.344,False,False,False,False,B1候B2,102.26,4.98,96.45,True,34403.9,有色金属,海南自贸/稀缺资源/券商重仓,36.0
600261,,0.7747,1.0,0.9349,0.0,0.0,0.7991,0.3395,0.3,0.0,0.0,0.0,0.0,0.0,0.3047,False,False,False,False,无明确战法态,3.08,0.33,3.37,False,4112.0,家电行业,氢能源/低碳经济/智能家居,35.7
600262,,0.0,0.6224,0.586,0.0,0.0,0.4444,0.2048,0.0,0.0,0.0,0.0,0.0,0.0,0.5807,False,False,False,False,无明确战法态,21.19,5.27,22.85,False,3602.3,机械行业,国防军工/军工航天,36.7
600265,,0.0,0.6649,0.6137,0.6116,0.447,0.6394,0.0505,0.3,1.0,0.0,0.0,0.5,0.7,0.3137,False,False,False,False,B2确认,24.1,5.01,22.38,True,3128.2,农林牧渔,稀缺资源/准ST股,39.0
600266,,0.0,1.0,0.835,0.0,0.0,0.6439,0.2409,0.3,0.0,0.0,0.0,0.0,0.0,0.4851,False,False,False,False,无明确战法态,4.06,0.5,4.59,False,84.3,房地产,京津冀/金融参股/分拆上市,29.9
600267,,0.0,1.0,0.7146,0.2789,0.6862,0.3554,0.3748,0.0,0.6999,0.0,0.0,1.0,0.0,0.3988,False,False,False,False,无明确战法态,10.53,0.19,10.31,True,12623.0,生物制药,仿制药/免疫治疗/抗癌,47.0
600268,,0.5057,1.0,0.7449,0.0,0.0,0.742,0.1168,0.0,0.0,0.0,0.0,0.0,0.0,0.4452,False,False,False,False,无明确战法态,11.73,2.0,13.14,False,11857.1,发电设备,光伏/节能环保/券商重仓,28.3
600269,,0.0,1.0,0.9201,0.0799,0.0396,0.5819,0.2201,0.3,0.3076,0.0,0.0,0.5,0.0,0.3375,False,False,False,False,无明确战法态,4.2,0.72,4.29,False,9808.7,公路桥梁,核电核能/金融参股/参股金融,32.0
600271,,0.0,1.0,0.7576,0.0,0.0,0.5444,0.1682,0.0,0.0,0.0,0.0,0.0,0.0,0.4473,False,False,False,False,无明确战法态,6.76,2.42,7.61,False,12525.5,电子信息,国防军工/军工航天/电子支付,32.2
600272,,0.0,0.7317,0.6739,0.0,0.0,0.0,0.3126,0.0,0.2231,0.0,0.0,0.0,0.0,0.4968,False,False,False,False,无明确战法态,11.12,4.61,11.46,False,1779.2,服装鞋类,含B股/业绩预降,47.0
600273,,0.0,1.0,0.8712,0.0,0.0,0.5805,0.1975,0.0,0.0,0.0,0.0,0.0,0.0,0.563,False,False,False,False,无明确战法态,6.7,-0.45,7.64,False,8785.8,化工行业,光伏/锂电池/准ST股,39.0
600276,,0.0,1.0,0.7669,0.2094,1.0,0.4026,0.3209,0.9,0.8658,0.0,0.0,1.0,0.0,0.3145,False,False,False,False,无明确战法态,54.45,1.79,51.46,True,347336.7,生物制药,抗癌/保险重仓/沿海发展,47.0
600278,,0.0831,1.0,0.849,0.0,0.0,0.7583,0.357,0.3,0.0,0.0,0.0,0.0,0.0,0.3785,False,False,False,False,无明确战法态,6.18,0.0,6.72,False,5388.4,物资外贸,国企改革/上海自贸/金融参股,29.8
600279,,0.0,1.0,0.7251,0.0,0.0,0.5917,0.3361,0.6,0.0,0.0,0.0,0.0,1.0,0.5234,False,False,False,False,无明确战法态,3.95,1.8,4.52,False,4688.1,交通运输,成渝特区/民爆概念,32.0
600280,,0.0,1.0,0.7101,0.0,0.0,0.8417,0.3894,0.3,0.0,0.0,0.0,0.0,0.0,0.505,False,False,False,False,无明确战法态,2.77,0.36,3.07,False,3125.5,商业百货,内贸规划/业绩预升/社保重仓,30.2
600281,,0.5234,1.0,0.6729,0.0,0.0,0.2463,0.1874,0.0,0.0,0.0,0.0,0.0,0.0,0.4013,False,False,False,False,无明确战法态,4.18,-2.34,4.95,False,2150.2,化工行业,业绩预降,39.0
600282,,0.0,1.0,0.8436,0.0849,0.0,0.7663,0.3368,0.0,0.1941,0.0,0.0,0.0,0.0,0.3549,False,False,False,False,无明确战法态,4.7,0.21,4.96,False,28975.9,钢铁行业,低碳经济/参股金融/特钢概念,29.8
600283,,0.0,1.0,0.8675,0.0416,0.0,0.7107,0.174,0.6,0.1721,0.0,0.0,0.5,0.0,0.3912,False,False,False,False,无明确战法态,8.16,1.37,8.56,False,4440.4,供水供气,水利建设/生物质能发电/数据确权,26.9
600284,,0.2041,1.0,0.7984,0.0,0.0,0.8002,0.1336,0.3,0.0,0.0,0.0,0.0,0.0,0.5836,False,False,False,False,无明确战法态,5.02,1.21,6.0,False,48.7,建筑建材,上海自贸/上海自贸区,28.0
600285,,0.0,1.0,0.8707,0.1991,0.0,0.5661,0.4048,0.0,0.4486,0.0,0.0,0.5,0.0,0.3592,False,False,False,False,无明确战法态,20.73,0.53,20.92,False,11730.4,生物制药,业绩预升/QFII重仓/参股金融,47.0
600287,,0.0,1.0,0.8074,0.0,0.0,0.6536,0.1393,0.0,0.0,0.0,0.0,0.0,0.0,0.4658,False,False,False,False,无明确战法态,4.63,2.89,5.07,False,2022.4,物资外贸,业绩预升/金融参股/参股金融,29.8
600288,,0.0,1.0,0.6825,0.0,0.0,0.4272,0.2156,0.6,0.1343,0.0,0.0,0.5,0.0,0.3943,False,False,False,False,无明确战法态,12.85,1.98,13.66,False,5612.9,电子信息,专精特新/金融参股/分拆上市,32.2
600289,,0.0,0.8421,0.5614,0.0,0.0,0.4218,0.2001,0.3,0.2596,0.0,0.0,0.5,0.0,0.3544,False,False,False,False,无明确战法态,5.84,-3.95,6.03,False,3305.0,电子信息,5G概念/电子支付/黑龙江自贸区,32.2
600292,,0.6314,1.0,0.6856,0.0897,0.0,0.6491,0.1626,0.3,0.0,0.0,0.0,0.0,0.0,0.4611,False,False,False,False,无明确战法态,12.48,-0.24,14.02,False,5482.3,环保行业,成渝特区/低碳经济/核电核能,29.2
600293,,0.916,1.0,0.8297,0.3912,0.0,0.8343,0.2526,0.6,0.0,0.0,0.0,0.0,1.0,0.4725,False,False,False,False,无明确战法态,2.7,-1.46,3.35,False,3132.4,玻璃行业,光伏/参股金融/参股银行,52.3
600295,,0.0,1.0,0.7799,0.0,0.0,0.556,0.3937,0.0,0.0,0.0,0.0,0.0,0.0,0.4672,False,False,False,False,无明确战法态,11.65,1.22,13.26,False,23015.5,服装鞋类,光伏/含B股/水泥概念,47.0
600298,,0.0,1.0,0.8528,0.1526,0.6891,0.4842,0.3886,0.6,0.5264,0.0,0.0,1.0,0.0,0.3603,False,False,False,False,无明确战法态,37.12,-0.05,37.06,True,31817.4,食品行业,人造肉,35.0
600299,,0.0463,1.0,0.7522,0.0,0.0,0.0767,0.1323,0.0,0.0,0.0,0.0,0.0,0.0,0.5259,False,False,False,False,无明确战法态,8.47,1.56,10.49,False,22715.7,化工行业,维生素/合成生物,39.0
600300,,0.0,1.0,0.8606,0.0,0.0,0.6243,0.2494,0.0,0.0,0.0,0.0,0.0,0.0,0.4927,False,False,False,False,无明确战法态,2.93,2.09,3.19,False,4738.2,食品行业,白酒概念/参股金融/粮食概念,35.0
600301,,0.4925,0.9693,0.6121,0.9111,1.0,0.5345,0.3285,0.3,1.0,1.0,0.0,0.5,0.7,0.3384,False,False,False,False,B1候B2,61.89,3.18,59.84,True,17040.5,化工行业,金属锌/金属铜,39.0
600302,,0.0,1.0,0.7065,0.0,0.0,0.6695,0.1818,0.0,0.0,0.0,0.0,0.0,0.0,0.5475,False,False,False,False,无明确战法态,8.42,-2.43,9.84,False,2913.4,纺织机械,陕甘宁/金融参股/参股金融,45.1
600303,,0.0,1.0,0.7365,0.0,0.0,0.7898,0.0697,0.3,0.0,0.0,0.0,0.0,0.0,0.6263,False,False,False,False,无明确战法态,2.59,2.37,2.99,False,1749.8,汽车制造,朝鲜改革/节能环保/振兴沈阳,40.0
600305,,0.009,1.0,0.8669,0.0156,0.0,0.6244,0.2692,0.3,0.0,0.0,0.0,0.0,0.0,0.4104,False,False,False,False,无明确战法态,6.52,0.15,7.02,False,7191.5,食品行业,金融改革/券商重仓/QFII重仓,35.0
600307,,0.3776,1.0,0.8582,0.0,0.0,0.6767,0.1254,0.0,0.0,0.0,0.0,0.0,0.0,0.545,False,False,False,False,无明确战法态,1.41,0.0,1.61,False,8831.3,钢铁行业,核电核能/超导概念/陕甘宁,29.8
600308,,0.0,1.0,0.8285,0.0,0.0,0.673,0.2328,0.0,0.0,0.0,0.0,0.0,0.0,0.4986,False,False,False,False,无明确战法态,3.14,0.96,3.46,False,4763.0,造纸行业,光伏/黄河三角/AI语料,31.9
600309,,0.5141,1.0,0.7162,0.0,0.0,0.5039,0.1869,0.0,0.0,0.0,0.0,0.5,0.0,0.3993,False,False,False,False,无明确战法态,69.18,0.85,75.87,False,216566.0,化工行业,黄河三角/低碳经济/保险重仓,39.0
600310,,0.0,1.0,0.7896,0.0,0.0,0.9392,0.1087,0.0,0.0,0.0,0.0,0.0,0.0,0.5684,False,False,False,False,无明确战法态,4.07,-1.21,4.72,False,5965.4,电力行业,光伏/金融参股/参股金融,26.5
600312,,0.4083,1.0,0.7911,0.0,0.0,0.5425,0.2685,0.0,0.0,0.0,0.0,0.0,0.0,0.4133,False,False,False,False,无明确战法态,17.69,2.67,19.65,False,24003.9,发电设备,柔性直流输电,28.3
600313,,0.0142,1.0,0.8629,0.0,0.0,0.7618,0.1807,0.0,0.0,0.0,0.0,0.0,0.0,0.5068,False,False,False,False,无明确战法态,5.37,0.37,6.19,False,5811.4,农林牧渔,化肥/粮食概念/农业种植,39.0
600315,,0.0,1.0,0.8479,0.0,0.0,0.6902,0.2874,0.6,0.0,0.0,0.0,0.5,0.0,0.4129,False,False,False,False,无明确战法态,17.45,-0.46,18.56,False,11730.3,化工行业,社保重仓/上海本地/基金重仓,39.0
600316,,0.0,1.0,0.7556,0.0,0.0,0.3992,0.2907,0.6,0.0408,0.0,0.0,1.0,0.0,0.2844,False,False,False,False,无明确战法态,29.24,0.17,31.0,False,20968.4,飞机制造,大飞机/国防军工/军工航天,47.0
600318,,0.0357,1.0,0.84,0.0,0.0,0.5528,0.258,0.3,0.0,0.0,0.0,0.0,0.0,0.4423,False,False,False,False,无明确战法态,6.36,1.76,6.95,False,3260.9,水泥行业,皖江区域/供销社/化债概念(AMC概念),35.7
600319,,0.0,1.0,0.7448,0.0,0.0,0.636,0.1275,0.0,0.0,0.0,0.0,0.0,0.0,0.4731,False,False,False,False,无明确战法态,6.48,-0.77,7.16,False,2512.4,化工行业,黄河三角/准ST股/钒电池,39.0
600320,,0.32,1.0,0.7896,0.0,0.0,0.5311,0.0647,0.0,0.0,0.0,1.0,0.0,0.0,0.3706,False,False,False,False,无明确战法态,4.22,2.43,4.65,False,14018.8,机械行业,含B股/上海本地,36.7
600322,,0.0,1.0,0.5901,0.8387,1.0,0.0,0.2857,0.6,1.0,0.0,0.0,1.0,0.7,0.3636,False,False,False,False,无明确战法态,3.07,-0.65,2.62,True,3394.5,房地产,京津冀/天津自贸区,29.9
600323,,0.0,1.0,0.8484,0.2765,0.0,0.6258,0.2574,0.0,0.3611,0.0,0.0,0.5,0.0,0.3651,False,False,False,False,无明确战法态,28.31,0.57,29.22,False,23082.5,供水供气,碳交易/垃圾分类/固废处理,26.9
600325,,0.0,1.0,0.8014,0.0,0.0,0.532,0.1827,0.3,0.0,0.0,0.0,0.0,0.0,0.5511,False,False,False,False,无明确战法态,2.36,0.43,2.89,False,6495.1,房地产,国企改革/金融参股/社保重仓,29.9
600326,,0.0,1.0,0.8699,0.0,0.0,0.497,0.2006,0.0,0.0,0.0,0.0,0.0,0.0,0.5844,False,False,False,False,无明确战法态,6.74,1.2,7.93,False,9183.0,建筑建材,稀缺资源/水利建设/涉矿概念,28.0
600327,,0.0,1.0,0.7538,0.0,0.0,0.4966,0.2527,0.6,0.0,0.0,0.0,0.0,0.0,0.4704,False,False,False,False,无明确战法态,3.32,2.15,3.6,False,2937.5,商业百货,金融改革/民营银行/金融参股,30.2
600328,,0.3511,1.0,0.8397,0.0,0.0,0.749,0.1493,0.0,0.0,0.0,0.0,0.0,0.0,0.5619,False,False,False,False,无明确战法态,6.18,-0.96,7.2,False,9061.8,化工行业,钠电池/稀缺资源/核电核能,39.0
600329,,0.0,1.0,0.8346,0.1476,0.2219,0.285,0.2905,0.0,0.6358,0.0,0.0,0.5,0.0,0.3741,False,False,False,False,无明确战法态,39.97,2.23,39.42,True,22666.6,生物制药,基因概念/抗癌,47.0
600330,,1.0,0.5323,0.589,1.0,0.4693,0.7744,0.2068,0.0,0.4592,0.0,0.0,0.5,0.7,0.4924,False,False,False,False,B1候B2,26.28,-5.81,28.41,False,32414.7,电子信息,光伏/国防军工/乡村振兴,32.2
600331,,0.0,0.9405,0.5878,0.0,0.0,0.2954,0.2144,0.0,0.0,0.0,0.0,0.0,0.0,0.5895,False,False,False,False,无明确战法态,11.7,3.36,13.87,False,23774.4,有色金属,成渝特区/稀缺资源/金融参股,36.0
600332,,0.0,1.0,0.8589,0.0723,0.0,0.408,0.5776,0.3,0.2801,0.0,0.0,0.5,0.0,0.3643,False,False,False,False,无明确战法态,21.19,1.92,21.75,False,29790.8,生物制药,白酒概念/仿制药/含H股,47.0
600333,,0.0,0.7381,0.619,0.2099,0.0,0.4193,0.2392,0.3,0.5368,0.0,0.0,0.0,0.0,0.4827,False,False,False,False,无明确战法态,5.49,4.57,5.5,False,3343.6,供水供气,朝鲜改革/天然气,26.9
600335,,0.0483,0.8389,0.6938,0.0,0.0,0.2799,0.1509,0.0,0.0,0.0,0.0,0.0,0.0,0.5229,False,False,False,False,无明确战法态,4.98,3.97,5.46,False,74.5,汽车制造,参股金融/动力电池回收/工业母机,40.0
600336,,0.0,0.9751,0.601,0.0,0.0,0.4994,0.1401,0.3,0.0,0.0,0.0,0.5,0.0,0.4812,False,False,False,False,无明确战法态,6.55,3.15,7.11,False,5227.0,家电行业,锂电池/涉矿概念/日韩贸易,35.7
600337,,0.0,0.9105,0.7642,0.6392,0.9344,0.901,0.3387,0.0,1.0,0.0,1.0,1.0,0.7,0.2307,False,False,False,False,无明确战法态,3.22,3.54,3.05,True,4627.1,家具行业,券商重仓/铜缆高速连接,39.0
600338,,0.6427,1.0,0.7886,0.0,0.0,0.7475,0.2593,0.0,0.0,0.0,0.0,0.0,0.0,0.5592,False,False,False,False,无明确战法态,15.04,-0.66,18.06,False,13749.7,有色金属,盐湖提锂/金属锌/免税店,36.0
600339,,0.5047,1.0,0.871,0.0,0.0,0.7611,0.2208,0.0,0.0,0.0,0.0,0.0,0.0,0.4721,False,False,False,False,无明确战法态,3.13,0.97,3.54,False,17475.3,化工行业,碳中和/海工装备/油气改革,39.0
600340,,0.0,1.0,0.6694,0.0482,0.0,0.7405,0.4448,0.3,0.0,0.0,0.0,0.0,0.0,0.4256,False,False,False,False,无明确战法态,1.22,0.83,1.29,False,4749.9,房地产,京津冀,29.9
600343,,0.0,1.0,0.4548,0.0,0.1024,0.2393,0.393,0.6,0.4082,0.0,0.0,1.0,0.0,0.3193,False,False,False,False,无明确战法态,28.02,0.07,28.76,False,17882.5,飞机制造,大飞机/国防军工/军工航天,47.0
600345,,1.0,1.0,0.7056,1.0,1.0,0.8274,0.583,0.0,1.0,1.0,0.0,0.5,0.7,0.4055,True,False,False,False,B1候B2,58.88,0.02,57.1,True,12456.6,电子信息,5G概念/武汉规划/宽带提速,32.2
600346,,0.2181,1.0,0.5857,0.0,0.0,0.4663,0.4019,0.6,0.0,0.0,0.0,0.5,0.0,0.4992,False,False,False,False,无明确战法态,17.8,0.56,19.38,False,125296.0,机械行业,准ST股/振兴沈阳/煤化工概念,36.7
600348,,0.0,1.0,0.8442,0.0,0.0,0.7189,0.3199,0.3,0.0454,0.0,0.0,0.0,0.0,0.5297,False,False,False,False,无明确战法态,8.18,0.62,8.86,False,29509.4,煤炭行业,钠电池/低碳经济/稀缺资源,26.5
600350,,0.0,1.0,0.6729,0.562,0.7584,0.5328,0.5712,0.0,1.0,0.0,0.0,0.5,0.7,0.3243,False,False,False,False,无明确战法态,11.87,0.42,10.98,True,57386.4,公路桥梁,自贸区/金融参股/参股金融,32.0
600351,,0.0,1.0,0.8237,0.1347,0.0,0.4386,0.2832,0.0,0.4536,0.0,0.0,0.5,0.0,0.4367,False,False,False,False,无明确战法态,6.2,2.48,6.26,False,4290.4,生物制药,民营银行/婴童概念/重组蛋白,47.0
600352,,0.2047,0.8631,0.655,0.3019,1.0,0.5432,0.2377,0.0,0.5117,0.0,0.0,0.5,0.0,0.3652,False,False,False,False,无明确战法态,12.08,-3.82,12.31,False,39300.2,化工行业,业绩预升/券商重仓/分拆上市,39.0
600353,,0.551,0.6214,0.3412,1.0,1.0,0.7538,0.5612,0.3,1.0,0.0,0.0,0.5,0.7,0.3097,False,False,True,False,无明确战法态,44.53,5.27,31.45,True,36907.0,电子器件,国防军工/军民融合/智能电网,73.7
600354,,0.0,1.0,0.8653,0.0,0.0,0.7274,0.2919,0.0,0.0,0.0,0.0,0.0,0.0,0.5395,False,False,False,False,无明确战法态,5.0,1.01,5.55,False,2639.0,农林牧渔,生物育种/陕甘宁/参股金融,39.0
600356,,0.0,1.0,0.8134,0.0,0.0,0.5574,0.1471,0.0,0.0006,0.0,0.0,0.0,0.0,0.4628,False,False,False,False,无明确战法态,7.99,1.65,8.62,False,2386.9,造纸行业,黑龙江自贸区/烟草,31.9
600358,,0.0,1.0,0.8389,0.0,0.0,0.8955,0.1864,0.3,0.1263,0.0,0.0,0.0,1.0,0.5183,False,False,False,False,无明确战法态,5.45,1.3,5.78,False,2751.9,酒店旅游,电子竞技/快手概念/网红经济,29.9
600359,,0.0,1.0,0.8444,0.0,0.0,0.7717,0.1633,0.3,0.0,0.0,0.0,0.0,0.0,0.5193,False,False,False,False,无明确战法态,5.65,1.44,6.41,False,2155.5,农林牧渔,涉矿概念/粮食概念/农村电商,39.0
600360,,0.0,0.4835,0.0827,1.0,1.0,0.0,0.5498,0.0,1.0,0.0,0.0,1.0,0.7,0.2957,False,False,True,False,无明确战法态,14.96,6.1,11.93,True,14366.0,电子器件,朝鲜改革/小米概念/低碳经济,73.7
600361,,0.2144,1.0,0.8718,0.0,0.0,0.766,0.3435,0.0,0.0,0.0,0.0,0.0,0.0,0.4476,False,False,False,False,无明确战法态,3.64,0.0,4.16,False,13586.9,商业百货,赛马概念/超导概念/保险重仓,30.2
600362,,0.9684,0.9593,0.7869,0.2468,0.04,0.3913,0.2586,0.6,0.1885,0.0,1.0,0.5,1.0,0.4305,False,False,False,False,无明确战法态,43.28,3.24,46.75,False,89816.7,有色金属,黄金概念/含H股/稀缺资源,36.0
600363,,0.0,1.0,0.6667,0.0,0.0,0.008,0.2408,0.3,0.0,0.0,0.0,0.5,0.0,0.4236,False,False,False,False,无明确战法态,36.81,2.82,40.39,False,16597.2,电子器件,国防军工/军工航天/超导概念,73.7
600365,,0.0,1.0,0.7365,0.0,0.0,0.5569,0.162,0.0,0.0845,0.0,0.0,0.5,0.0,0.4173,False,False,False,False,无明确战法态,2.57,1.58,2.71,False,1098.1,酿酒行业,白酒概念,27.4
600366,,0.0,1.0,0.6031,0.9314,1.0,0.0,0.9304,0.9,1.0,0.0,0.0,1.0,0.7,0.2662,False,False,False,False,无明确战法态,16.83,1.2,13.98,True,185.0,仪器仪表,低碳经济/超导概念/风能概念,34.2
600367,,0.1741,0.0,0.4418,1.0,1.0,0.5366,0.5323,0.3,1.0,1.0,0.0,1.0,0.7,0.4389,False,False,False,False,无明确战法态,52.98,-9.09,43.29,True,17058.1,化工行业,稀缺资源/锂电池/小金属概念,39.0
600368,,0.0,1.0,0.9034,0.1045,0.0,0.905,0.2865,0.3,0.0,0.0,0.0,0.0,1.0,0.447,False,False,False,False,无明确战法态,3.47,0.58,3.74,False,5585.5,公路桥梁,涉矿概念/海上丝路/业绩预降,32.0
600369,,0.0,1.0,0.8702,0.3543,0.7948,0.5041,0.3787,0.6,0.5749,0.0,0.0,0.5,0.0,0.389,False,False,False,False,无明确战法态,4.15,0.97,4.12,True,27577.2,金融行业,成渝特区/信托重仓/期货概念,39.0
600370,,0.0,1.0,0.6008,0.0,0.4535,0.6553,0.7519,0.6,0.0,0.0,0.0,1.0,0.0,0.5599,False,False,False,False,无明确战法态,1.65,-1.2,1.78,False,6630.1,纺织行业,ST板块,36.5
600371,,0.0,1.0,0.7872,0.0,0.0,0.5503,0.1914,0.0,0.0,0.0,0.0,0.0,0.0,0.5296,False,False,False,False,无明确战法态,6.71,1.98,7.45,False,1963.2,农林牧渔,生物育种/生物燃料/业绩预降,39.0
600372,,0.0,0.837,0.704,0.0,0.0,0.2449,0.2554,0.3,0.1463,0.0,0.0,0.0,0.0,0.512,False,False,False,False,无明确战法态,11.24,3.98,11.85,False,54389.2,飞机制造,大飞机/国防军工/军工航天,47.0
600373,,0.2559,1.0,0.881,0.0,0.0,0.4422,0.1701,0.0,0.0,0.0,0.0,0.0,0.0,0.5168,False,False,False,False,无明确战法态,6.73,0.15,7.67,False,9067.7,传媒娱乐,短剧游戏/手机游戏/AI视频,29.0
600375,,0.0,0.9268,0.7178,0.0,0.0,0.3357,0.1211,0.0,0.0,0.0,0.0,0.0,0.0,0.5332,False,False,False,False,无明确战法态,3.91,3.44,4.4,False,5719.1,汽车制造,皖江区域/业绩预升,40.0
600376,,0.0,0.0,1.0,0.0,0.0,0.938,0.2098,0.3,0.0686,0.0,0.0,0.5,0.0,0.4888,False,False,False,False,无明确战法态,3.81,10.12,4.03,False,9828.1,房地产,京津冀/保险重仓/参股金融,29.9
600377,,0.0,1.0,0.8244,0.417,0.0148,0.5027,0.3426,0.0,0.4613,0.0,0.0,0.0,0.7,0.3837,False,False,False,False,B1候B2,12.01,2.04,12.13,False,45664.2,公路桥梁,含H股/券商重仓/QFII重仓,32.0
600378,,0.0,0.2506,0.0386,1.0,1.0,0.103,0.9023,0.0,1.0,0.0,0.0,1.0,0.7,0.1699,False,False,False,False,无明确战法态,76.01,-7.5,53.27,True,81525.7,化工行业,碳中和/碳交易/氢能源,39.0
600379,,0.0,0.8116,0.547,0.5902,1.0,0.4848,0.7697,0.3,1.0,0.0,0.0,1.0,0.0,0.2832,False,False,False,False,无明确战法态,15.63,4.13,13.68,True,5161.1,电器行业,陕甘宁/保险重仓/光热发电,33.2
600380,,0.0,1.0,0.8852,0.0855,0.1175,0.2631,0.6062,0.0,0.3373,0.0,0.0,0.5,0.0,0.3716,False,False,False,False,无明确战法态,10.04,1.72,10.22,False,18367.7,生物制药,业绩预升/金融参股/深圳本地,47.0
600381,,0.0,1.0,0.7297,1.0,1.0,0.9097,0.282,0.0,1.0,1.0,0.0,0.0,0.7,0.2901,False,False,False,False,无明确战法态,5.12,-1.16,4.74,True,3005.8,煤炭行业,白酒概念,26.5
600382,,0.6794,0.9856,0.5679,0.0,0.0,0.7824,0.1958,0.9,0.0,0.0,1.0,0.0,1.0,0.6608,False,False,False,False,无明确战法态,6.68,3.09,8.06,False,4638.6,物资外贸,白酒概念/金融参股/参股金融,29.8
600383,,0.0,1.0,0.7849,0.0,0.0,0.6414,0.2437,0.6,0.0,0.0,0.0,0.0,0.0,0.5337,False,False,False,False,无明确战法态,2.19,0.92,2.56,False,9886.9,房地产,保险重仓/信托重仓/深圳本地,29.9
600386,,0.0,1.0,0.7708,0.0,0.0,0.7356,0.105,0.0,0.0,0.0,0.0,0.0,0.0,0.4693,False,False,False,False,无明确战法态,3.28,2.5,3.65,False,2645.0,交通运输,汽车拆解概念,32.0
600388,,0.0,0.9792,0.7518,0.0,0.0,0.449,0.1604,0.0,0.0299,0.0,0.0,0.0,0.0,0.4675,False,False,False,False,无明确战法态,15.51,3.12,16.93,False,197.0,机械行业,海峡西岸/低碳经济/固废处理,36.7
600389,,0.5036,1.0,0.8101,0.0,0.0,0.453,0.2013,0.0,0.0,0.0,0.0,0.0,0.0,0.5037,False,False,False,False,无明确战法态,19.67,0.05,23.96,False,8470.9,农药化肥,业绩预升/金融参股/QFII重仓,33.4
600390,,0.0,1.0,0.8594,0.0629,0.2121,0.5412,0.2988,0.6,0.2599,0.0,0.0,0.5,0.0,0.3524,False,False,False,False,无明确战法态,4.78,0.84,4.93,False,21500.8,有色金属,锂电池/长株潭/参股金融,36.0
600391,,0.0,0.0,0.3414,0.0,0.0,0.6745,0.2248,0.3,0.401,0.0,0.0,0.5,0.0,0.4744,False,False,False,False,无明确战法态,35.52,10.0,36.74,False,11726.2,飞机制造,大飞机/国防军工/成渝特区,47.0
600392,,0.7716,0.9759,0.6298,1.0,1.0,0.501,0.6515,0.0,1.0,0.0,0.0,0.5,1.0,0.3658,False,False,False,False,B1候B2,28.95,-3.14,27.17,True,50744.3,,低碳经济/参股保险,
600395,,0.1362,1.0,0.8136,0.0004,0.0,0.7591,0.2919,0.0,0.0,0.0,0.0,0.0,0.0,0.4239,False,False,False,False,无明确战法态,4.7,1.08,5.28,False,10089.1,煤炭行业,业绩预降/金融参股/参股金融,26.5
600396,,0.7577,0.7523,0.4935,1.0,0.0,0.7213,0.3315,0.0,0.4429,0.0,0.0,0.0,0.7,0.5134,False,False,False,False,B1候B2,13.2,-4.49,14.39,False,19439.7,电力行业,低碳经济/风能概念/振兴沈阳,26.5
600397,,0.0756,0.0,0.3357,1.0,1.0,0.0,0.7491,0.6,1.0,0.0,0.0,1.0,1.0,0.2826,False,False,False,False,无明确战法态,25.65,-10.0,18.64,True,25392.5,煤炭行业,业绩预降/股权转让(并购重组)/煤炭概念,26.5
600398,,0.0,1.0,0.8413,0.2084,0.0,0.609,0.2417,0.3,0.2882,0.0,0.0,0.0,0.0,0.3916,False,False,False,False,无明确战法态,5.56,1.83,5.74,False,26703.4,服装鞋类,赛马概念/参股金融,47.0
600399,,0.2593,1.0,0.8416,0.0,0.0,0.6329,0.1251,0.6,0.0,0.0,0.0,0.0,0.0,0.552,False,False,False,False,无明确战法态,4.24,0.71,4.91,False,8361.7,钢铁行业,朝鲜改革/国防军工/军工航天,29.8
600400,,0.0,1.0,0.587,1.0,1.0,0.6012,0.3338,0.3,1.0,0.0,0.0,1.0,0.7,0.3162,False,False,False,False,无明确战法态,3.46,2.06,2.83,True,7928.1,服装鞋类,金融改革/民营银行,47.0
600403,,0.7605,1.0,0.8124,0.4255,0.0,0.8059,0.4779,0.9,0.0,0.0,0.0,0.0,1.0,0.3323,False,False,False,False,B1候B2,5.34,0.19,6.11,False,12766.9,煤炭行业,,26.5
600405,,0.0,1.0,0.7525,0.0,0.1528,0.4834,0.3368,0.6,0.3109,0.0,0.0,1.0,0.0,0.3209,False,False,False,False,无明确战法态,4.61,0.66,4.68,False,2825.1,电器行业,光伏/锂电池/准ST股,33.2
600406,,0.3603,1.0,0.8677,0.0107,0.0,0.7459,0.1612,0.0,0.1508,0.0,1.0,0.0,0.0,0.2894,False,False,False,False,无明确战法态,22.89,0.97,24.43,False,183307.2,电子信息,光伏/沿海发展/央企50,32.2
600408,,0.0,1.0,0.7841,0.0,0.0,0.7771,0.2615,0.3,0.0,0.0,0.0,0.0,0.0,0.5578,False,False,False,False,无明确战法态,2.52,2.02,2.96,False,2537.1,煤炭行业,准ST股,26.5
600409,,0.4362,1.0,0.5859,0.0776,0.0881,0.4005,0.3831,0.3,0.1572,0.0,0.0,0.5,0.0,0.3408,False,False,False,False,无明确战法态,6.3,-2.17,6.74,False,13005.4,化工行业,业绩预升/央企50/消毒剂,39.0
600410,,0.8081,1.0,0.8049,0.0,0.0,0.7957,0.1703,0.3,0.0,0.0,0.0,0.0,0.0,0.653,False,False,False,False,无明确战法态,15.49,-1.46,19.77,False,16984.7,电子信息,国产软件/时空大数据,32.2
600415,,0.0,1.0,0.7303,0.0,0.0,0.7142,0.2457,0.0,0.0,0.0,0.0,0.5,0.0,0.4219,False,False,False,False,无明确战法态,10.62,2.31,11.93,False,58235.4,商业百货,金融改革/电商概念/互联金融,30.2
600416,,0.4539,1.0,0.7612,0.0,0.0,0.6749,0.1347,0.3,0.0,0.0,0.0,0.0,0.0,0.4378,False,False,False,False,无明确战法态,9.95,1.84,11.36,False,14684.0,发电设备,国防军工/军民融合/军工航天,28.3
600418,,0.5901,0.7901,0.5727,0.0,0.0,0.1119,0.0537,0.3,0.0,0.0,1.0,0.0,0.0,0.627,False,False,False,False,无明确战法态,26.19,4.26,36.27,False,57199.2,汽车制造,皖江区域/业绩预升/保险重仓,40.0
600419,,0.0,1.0,0.8122,0.0,0.0,0.5743,0.2703,0.0,0.0606,0.0,0.0,0.0,0.0,0.4789,False,False,False,False,无明确战法态,8.0,2.43,8.47,False,2524.1,食品行业,低碳经济/婴童概念,35.0
600420,,0.0,1.0,0.7514,0.0,0.0,0.0,0.4045,0.3,0.394,0.0,0.0,0.5,0.0,0.3166,False,False,False,False,无明确战法态,8.92,0.79,8.99,False,11963.3,生物制药,券商重仓/重组蛋白/动物疫苗,47.0
600422,,0.0,1.0,0.8233,0.0,0.0,0.6173,0.3403,0.6,0.0,0.0,0.0,0.5,0.0,0.3158,False,False,False,False,无明确战法态,8.27,-0.36,9.09,False,6260.2,生物制药,业绩预升/工业大麻/农业种植,47.0
600423,,0.0,0.7608,0.7043,0.0,0.0,0.2563,0.1686,0.0,0.018,0.0,0.0,0.5,0.0,0.3149,False,False,False,False,无明确战法态,2.59,4.44,2.72,False,2068.6,农药化肥,低碳经济/业绩预降/QFII重仓,33.4
600425,,0.0,1.0,0.8389,0.0,0.0,0.5753,0.1934,0.0,0.0,0.0,0.0,0.0,0.0,0.5516,False,False,False,False,无明确战法态,3.36,1.51,3.7,False,5391.8,水泥行业,风能概念/业绩预降/券商重仓,35.7
600426,,0.0,1.0,0.7175,0.0,0.0,0.4273,0.1481,0.3,0.0,0.0,0.0,0.0,0.0,0.5242,False,False,False,False,无明确战法态,24.88,0.4,29.59,False,52622.7,农药化肥,黄河三角/低碳经济/保险重仓,33.4
600428,,0.0,1.0,0.8124,0.4148,1.0,0.5673,0.7267,0.6,1.0,0.0,0.0,1.0,0.0,0.2712,False,False,False,False,无明确战法态,8.63,1.17,8.15,True,21102.8,交通运输,海上丝路/整体上市/央企50,32.0
600429,,0.0284,1.0,0.8049,0.0,0.0,0.65,0.1933,0.0,0.0,0.0,0.0,0.0,0.0,0.5254,False,False,False,False,无明确战法态,4.12,0.49,4.74,False,6169.9,食品行业,婴童概念/业绩预降,35.0
600433,,0.0,0.8846,0.7333,0.0,0.0,0.7318,0.1616,0.0,0.094,0.0,0.0,0.5,0.0,0.4851,False,False,False,False,无明确战法态,3.37,3.69,3.64,False,5898.4,造纸行业,烟草,31.9
600435,,0.0,0.974,0.7595,0.0,0.0,0.4242,0.2607,0.0,0.0,0.0,0.0,0.0,0.0,0.4105,False,False,False,False,无明确战法态,11.44,3.16,12.82,False,17301.4,机械行业,国防军工/军工航天/国产航母,36.7
600436,,0.0,1.0,0.8248,0.0,0.0,0.4184,0.3263,0.9,0.0,0.0,0.0,0.5,0.0,0.3543,False,False,False,False,无明确战法态,114.2,0.35,126.0,False,68898.8,生物制药,专精特新/海峡西岸/海上丝路,47.0
600438,,0.3748,1.0,0.7353,0.0,0.0,0.4372,0.1736,0.0,0.0,0.0,0.0,0.0,0.0,0.5473,False,False,False,False,无明确战法态,11.8,-2.4,14.56,False,53123.5,农林牧渔,光伏/HIT电池/成渝特区,39.0
600439,,0.0,0.8827,0.5679,0.0,0.0,0.458,0.1487,0.3,0.0173,0.0,0.0,0.5,0.0,0.488,False,False,False,False,无明确战法态,2.24,3.7,2.37,False,25.4,服装鞋类,参股金融/网红经济,47.0
600444,,0.0,0.9938,0.7418,0.0,0.0,0.4321,0.1826,0.0,0.0,0.0,0.0,0.0,0.0,0.4978,False,False,False,False,无明确战法态,13.57,3.04,15.19,False,1986.9,塑料制品,盐湖提锂/皖江区域/光热发电,33.5
600446,,0.3047,1.0,0.7455,0.0,0.0,0.6776,0.2213,0.6,0.0,0.0,0.0,0.0,0.0,0.4961,False,False,False,False,无明确战法态,10.46,-0.19,12.31,False,9845.7,电子信息,电商概念/互联金融/互联网保险,32.2
600448,,0.0,1.0,0.719,0.0,0.0,0.6405,0.1396,0.0,0.0,0.0,0.0,0.0,0.0,0.5434,False,False,False,False,无明确战法态,2.66,1.92,2.97,False,1675.3,纺织行业,黄河三角/工业大麻,36.5
600449,,0.0,0.4104,0.3705,0.0805,0.0,0.0,0.2916,0.3,0.7253,0.0,0.0,0.0,0.0,0.3948,False,False,False,False,无明确战法态,13.2,6.54,12.93,True,6312.0,水泥行业,陕甘宁/参股金融/水泥概念,35.7
600452,,0.0,1.0,0.5339,0.0,0.0,0.6872,0.1379,0.0,0.0,0.0,0.0,0.0,1.0,0.5068,False,False,False,False,无明确战法态,9.71,2.86,11.07,False,14919.8,电力行业,成渝特区/金融参股/参股金融,26.5
600455,,0.0,1.0,0.7664,0.0,0.0,0.5534,0.1403,0.0,0.0,0.0,0.0,0.0,0.0,0.4942,False,False,False,False,无明确战法态,22.86,1.37,25.06,False,1427.8,电子信息,陕甘宁,32.2
600456,,0.2611,1.0,0.7952,0.0,0.0,0.6743,0.2949,0.0,0.0,0.0,0.0,0.0,0.0,0.4435,False,False,False,False,无明确战法态,28.07,2.63,31.55,False,13411.2,有色金属,大飞机/国防军工/军工航天,36.0
600458,,0.0,0.5539,0.5069,1.0,1.0,0.302,0.3678,0.3,1.0,0.0,0.0,1.0,1.0,0.3241,False,False,False,False,B1候B2,16.45,-5.68,14.74,True,14183.0,塑料制品,长株潭/超级电容/有机硅概念,33.5
600459,,0.7555,0.0401,0.3528,1.0,1.0,0.4326,0.41,0.3,0.9406,1.0,0.0,1.0,1.0,0.4594,False,False,False,False,无明确战法态,25.0,-8.76,24.41,True,18992.7,有色金属,专精特新/PM2.5,36.0
600460,,0.3864,0.4274,0.5129,1.0,1.0,0.4495,0.7906,0.3,1.0,0.0,0.0,1.0,0.7,0.2481,False,False,False,False,无明确战法态,47.25,-6.44,38.57,True,78627.4,电子器件,光伏概念/小米概念/触摸屏,73.7
600461,,0.0,0.9054,0.7838,0.1986,0.0,0.295,0.1078,0.0,0.0882,0.0,0.0,0.0,0.0,0.4663,False,False,False,False,无明确战法态,8.92,-3.57,9.6,False,11454.7,供水供气,垃圾分类/固废处理/污水处理,26.9
600463,,0.0,1.0,0.6688,0.0,0.0,0.5212,0.0993,0.0,0.0,0.0,0.0,0.0,0.0,0.5128,False,False,False,False,无明确战法态,8.07,2.8,9.25,False,2421.0,房地产,京津冀/基因概念,29.9
600467,,0.0,1.0,0.8693,0.0,0.0,0.5892,0.1994,0.3,0.0,0.0,0.0,0.0,0.0,0.4907,False,False,False,False,无明确战法态,2.07,1.47,2.25,False,3024.3,农林牧渔,白酒概念/水产品/金融参股,39.0
600468,,0.0,1.0,0.8155,0.0,0.0,0.4479,0.0923,0.0,0.0,0.0,0.0,0.5,0.0,0.377,False,False,False,False,无明确战法态,5.76,-0.35,6.53,False,6265.4,电器行业,超导概念/券商重仓/参股金融,33.2
600469,,0.0,1.0,0.8032,0.0,0.0,0.4871,0.2467,0.0,0.0,0.0,0.0,0.5,0.0,0.4661,False,False,False,False,无明确战法态,5.46,0.74,5.97,False,3982.8,汽车制造,金融参股/参股金融,40.0
600470,,0.0,0.6667,0.5521,0.1722,1.0,0.1429,0.3776,0.6,0.4538,0.0,0.0,0.5,0.0,0.4163,False,False,False,False,无明确战法态,6.08,-5.0,6.17,False,3171.3,农药化肥,锂电池/皖江区域/业绩预降,33.4
600475,,0.3834,1.0,0.7523,0.0,0.0,0.8053,0.3137,0.0,0.0,0.0,0.0,0.5,0.0,0.3727,False,False,False,False,无明确战法态,14.55,-1.69,16.34,False,13719.0,机械行业,低碳经济/生物燃料/节能环保,36.7
600476,,0.0,1.0,0.643,0.0,0.0,0.4935,0.1651,0.0,0.0,0.0,0.0,0.0,1.0,0.507,False,False,False,False,无明确战法态,9.39,2.62,10.74,False,1512.4,电子信息,长株潭/国产软件/金融参股,32.2
600477,,0.0502,1.0,0.8006,0.0,0.0,0.4769,0.1843,0.0,0.0,0.0,0.0,0.0,0.0,0.4597,False,False,False,False,无明确战法态,2.37,1.28,2.74,False,5590.8,钢铁行业,建筑节能,29.8
600478,,0.4917,1.0,0.8805,0.0,0.0,0.8024,0.2035,0.3,0.0,0.0,0.0,0.0,0.0,0.5046,False,False,False,False,无明确战法态,5.07,1.0,6.11,False,8444.3,电子器件,锂电池/长株潭/民营银行,73.7
600479,,0.0,1.0,0.8821,0.1438,0.0,0.6824,0.322,0.3,0.2294,0.0,0.0,0.0,0.0,0.3468,False,False,False,False,无明确战法态,9.61,0.0,10.03,False,40.2,生物制药,长株潭/参股金融/农业种植,47.0
600480,,0.0,1.0,0.6465,0.0,0.0,0.2415,0.1778,0.3,0.0,0.0,0.0,0.0,0.0,0.4471,False,False,False,False,无明确战法态,9.2,-0.43,10.1,False,11158.6,汽车制造,国防军工/军工航天/京津冀,40.0
600481,,0.0,1.0,0.7222,0.0,0.0,0.8153,0.2233,0.0,0.0,0.0,0.0,0.5,0.0,0.5628,False,False,False,False,无明确战法态,4.67,-2.71,5.64,False,9639.7,化工行业,光伏/业绩预升/光热发电,39.0
600482,,0.0,0.628,0.4758,0.1707,0.0,0.5015,0.2729,0.9,0.6094,0.0,0.0,0.0,0.0,0.4217,False,False,False,False,无明确战法态,33.59,5.23,34.16,False,76190.4,电器行业,光伏/国防军工/雄安新区,33.2
600483,,0.5383,1.0,0.7621,0.6995,0.0,0.674,0.274,0.0,0.4044,0.0,1.0,0.0,1.0,0.3646,False,False,False,False,B1候B2,10.53,1.54,10.85,False,29274.9,电力行业,光伏/海峡西岸/核电核能,26.5
600486,,0.4058,1.0,0.8223,0.0,0.0,0.6413,0.2859,0.3,0.0,0.0,0.0,0.0,0.0,0.394,False,False,False,False,无明确战法态,51.81,0.8,60.38,False,20930.7,农药化肥,业绩预升/QFII重仓/沿海发展,33.4
600487,,1.0,0.715,0.5894,1.0,1.0,0.541,0.5011,0.6,1.0,1.0,0.0,0.5,0.7,0.5144,False,False,False,False,无明确战法态,89.42,-4.71,88.01,True,2186.5,电子信息,5G概念/智能电网/海工装备,32.2
600488,,0.0,1.0,0.3917,0.0511,0.0,0.4103,0.265,0.3,0.6214,0.0,0.0,0.5,0.0,0.2366,False,False,False,False,无明确战法态,5.22,-2.79,5.16,True,5699.6,生物制药,参股金融,47.0
600489,,0.0,0.4087,0.6368,0.0,0.0,0.0,0.4063,0.3,0.0,0.0,0.0,0.0,0.0,0.4318,False,False,False,False,无明确战法态,20.34,6.55,22.92,False,98594.3,有色金属,黄金概念/保险重仓/央企50,36.0
600490,,0.0595,1.0,0.4099,0.0,0.0,0.0,0.2617,0.0,0.0,0.0,0.0,0.0,0.0,0.4196,False,False,False,False,无明确战法态,6.28,-2.48,7.37,False,12513.7,化工行业,上海本地/金属锌/金属镍,39.0
600491,,0.0,1.0,1.0,0.0,0.0,0.0,0.0,0.3,0.0,0.0,0.0,0.0,0.0,0.3729,False,False,False,False,无明确战法态,1.02,0.0,1.56,False,15.6,建筑建材,金融改革/业绩预降,28.0
600493,,0.0,0.3139,0.4039,0.0,0.0,0.0,0.087,0.0,0.0,0.0,0.0,0.0,0.0,0.5487,False,False,False,False,无明确战法态,5.87,7.12,6.36,False,16.0,纺织行业,海峡西岸/准ST股,36.5
600495,,0.0,1.0,0.8122,0.0,0.0,0.6132,0.3834,0.3,0.0,0.0,0.0,0.0,0.0,0.4416,False,False,False,False,无明确战法态,3.62,1.97,3.98,False,4373.7,交通运输,国防军工/军工航天,32.0
600496,,0.0,1.0,0.6262,0.0,0.0,0.4894,0.2424,0.0,0.0,0.0,0.0,0.0,1.0,0.4194,False,False,False,False,无明确战法态,3.28,2.18,3.73,False,6527.6,钢铁行业,皖江区域,29.8
600497,,0.666,0.5255,0.4898,1.0,1.0,0.4505,0.577,0.3,1.0,1.0,0.0,1.0,0.7,0.3267,False,False,False,False,无明确战法态,10.95,-5.85,10.26,True,55192.2,有色金属,黄金概念/稀缺资源/金属锌,36.0
600498,,1.0,1.0,0.7081,1.0,1.0,0.793,0.6661,0.6,0.8551,0.0,0.0,0.5,0.7,0.4704,True,False,False,False,B1候B2,61.91,-2.84,62.52,False,787.3,电子信息,5G概念/武汉规划/卫星导航,32.2
600499,,0.0,0.4096,0.4077,0.0,0.0,0.0,0.4225,0.3,0.5056,0.0,0.0,0.0,0.0,0.439,False,False,False,False,无明确战法态,15.47,6.54,15.78,False,296.7,机械行业,盐湖提锂/低碳经济/锂电池,36.7
600500,,0.9771,1.0,0.6272,1.0,1.0,0.6991,0.3624,0.3,1.0,1.0,0.0,0.5,0.7,0.4109,True,False,False,False,B1候B2,7.36,-2.0,6.69,True,26409.9,物资外贸,油气改革/整体上市/金融参股,29.8
600501,,0.0,0.7201,0.3803,0.0,0.0,0.2528,0.1343,0.0,0.0,0.0,0.0,0.0,0.0,0.5585,False,False,False,False,无明确战法态,16.33,4.68,19.29,False,6986.4,汽车制造,大飞机/国防军工/军工航天,40.0
600502,,0.0,1.0,0.7712,0.0,0.0,0.5129,0.2149,0.0,0.0349,0.0,0.0,0.0,0.0,0.4617,False,False,False,False,无明确战法态,4.49,2.75,4.85,False,7707.2,建筑建材,乡村振兴/雄安新区/水利建设,28.0
600503,,0.0,1.0,0.6024,0.0,0.0,0.4828,0.0752,0.3,0.0,0.0,0.0,0.0,0.0,0.5396,False,False,False,False,B2确认,2.13,-2.29,2.38,False,3412.9,房地产,参股金融,29.9
600505,,0.2059,1.0,0.8671,0.0,0.0,0.885,0.197,0.3,0.0,0.0,0.0,0.0,0.0,0.5097,False,False,False,False,无明确战法态,11.01,-0.27,12.93,False,4013.9,电力行业,光伏/成渝特区/涉矿概念,26.5
600506,,0.2232,1.0,0.7832,0.0,0.0,0.7174,0.1604,0.0,0.0,0.0,0.0,0.0,0.0,0.4398,False,False,False,False,无明确战法态,14.5,0.35,16.43,False,3619.6,农林牧渔,,39.0
600507,,0.0,1.0,0.8397,0.0,0.0,0.7503,0.2039,0.3,0.0,0.0,0.0,0.5,0.0,0.4404,False,False,False,False,无明确战法态,4.12,-0.96,4.75,False,9530.3,钢铁行业,整体上市/金融参股/参股金融,29.8
600508,,0.0,0.6807,0.6033,0.0,0.0,0.5803,0.3597,0.3,0.0,0.0,0.0,0.0,0.0,0.6088,False,False,False,False,无明确战法态,8.11,4.92,11.15,False,5861.2,煤炭行业,业绩预降/整体上市/上海本地,26.5
600509,,0.3172,0.5624,0.4413,0.3701,0.1161,0.4258,0.0664,0.0,0.3086,0.0,0.0,1.0,0.7,0.4194,False,False,False,False,无明确战法态,8.22,-5.63,8.68,False,11297.5,电力行业,光伏/低碳经济/抽水蓄能,26.5
600510,,0.0,1.0,0.6636,0.0,0.0,0.6104,0.21,0.0,0.0,0.0,0.0,0.5,0.0,0.4621,False,False,False,False,无明确战法态,7.33,-2.66,8.35,False,7564.7,房地产,业绩预降/金融参股/参股金融,29.9
600511,,0.0,1.0,0.8793,0.2611,0.1287,0.5561,0.4567,0.3,0.3707,0.0,0.0,0.0,0.0,0.3889,False,False,False,False,无明确战法态,26.94,1.62,27.52,False,14907.2,商业百货,保险重仓/芬太尼/冷链物流,30.2
600512,,0.0,1.0,0.8625,0.0,0.0,0.5701,0.2487,0.0,0.0,0.0,0.0,0.0,0.0,0.4658,False,False,False,False,无明确战法态,1.97,1.55,2.16,False,3127.2,建筑建材,,28.0
600513,,0.0,1.0,0.7247,0.0,0.0,0.3819,0.2682,0.0,0.0,0.0,0.0,0.0,0.0,0.4502,False,False,False,False,无明确战法态,15.9,2.58,17.64,False,4538.8,生物制药,超级细菌/禽流感,47.0
600515,,0.0,1.0,0.8566,0.0,0.0,0.5946,0.189,0.3,0.0,0.0,0.0,0.0,0.0,0.5601,False,False,False,False,无明确战法态,2.79,0.0,3.18,False,25601.1,商业百货,海南自贸/海上丝路/海南自贸区,30.2
600516,,0.7764,0.3978,0.5699,0.8288,1.0,0.1796,0.442,1.0,0.5152,0.0,0.0,0.5,1.0,0.4418,False,False,False,False,无明确战法态,5.79,-6.61,5.85,False,23310.4,其它行业,核电核能/陕甘宁/参股银行,37.8
600517,,0.3794,1.0,0.9018,0.0,0.0,0.7304,0.0882,0.3,0.0,0.0,0.0,0.0,0.0,0.4808,False,False,False,False,无明确战法态,4.78,0.63,5.44,False,27334.1,发电设备,碳交易/节能环保/QFII重仓,28.3
600518,,0.0,1.0,0.6899,0.0,0.0,0.4799,0.2646,0.3,0.0,0.0,0.0,0.0,0.0,0.5029,False,False,False,False,无明确战法态,1.29,0.0,1.49,False,17830.8,生物制药,民营医院/金融参股/超级细菌,47.0
600519,,0.0,1.0,0.8607,0.0124,0.0,0.6811,0.226,0.3,0.0,0.0,0.0,0.0,0.0,0.4232,False,False,False,False,无明确战法态,1194.45,-0.71,1288.84,False,14956.2,酿酒行业,白酒概念/保险重仓/QFII重仓,27.4
600520,,0.0,1.0,0.6001,1.0,1.0,0.5638,0.4385,0.3,1.0,0.0,0.0,1.0,0.7,0.297,False,False,False,False,无明确战法态,36.1,-1.58,31.45,True,5719.3,机械行业,皖江区域,36.7
600521,,0.0,0.9411,0.7362,0.113,0.1235,0.2952,0.343,0.0,0.5054,0.0,0.0,1.0,0.0,0.4522,False,False,False,False,无明确战法态,15.41,3.35,15.26,True,23072.7,生物制药,仿制药/社保重仓/基金重仓,47.0
600522,,1.0,1.0,0.6911,1.0,1.0,0.6969,0.5686,0.0,1.0,1.0,0.0,0.5,0.7,0.3736,True,False,False,False,B1候B2,50.22,-2.64,46.89,True,171398.3,电子信息,碳中和/光伏/5G概念,32.2
600523,,0.0,1.0,0.7993,0.0,0.0,0.147,0.2125,0.0,0.0,0.0,0.0,0.0,0.0,0.535,False,False,False,False,无明确战法态,11.2,2.19,12.15,False,4525.3,汽车制造,国防军工/军工航天/整体上市,40.0
600525,,0.0,1.0,0.8212,0.3212,0.3622,0.5659,0.1868,0.3,0.922,0.0,0.0,0.5,0.0,0.3825,False,False,False,False,无明确战法态,5.25,0.57,5.1,True,69.2,发电设备,光伏/信托重仓/分拆上市,28.3
600526,,0.0,1.0,0.7448,0.0,0.0,0.4692,0.1999,0.3,0.0,0.0,0.0,0.0,0.0,0.4804,False,False,False,False,无明确战法态,4.28,2.39,4.75,False,3736.5,机械行业,业绩预升/节能环保/PM2.5,36.7
600527,,0.2875,1.0,0.7859,0.0,0.0,0.759,0.2395,0.0,0.0,0.0,0.0,0.0,0.0,0.477,False,False,False,False,无明确战法态,2.2,0.92,2.42,False,3809.9,化纤行业,金融改革/婴童概念/互联网金融,37.1
600528,,0.0,1.0,0.8525,0.0,0.0,0.7032,0.278,0.3,0.0362,0.0,0.0,0.0,0.0,0.3953,False,False,False,False,无明确战法态,6.86,1.18,7.34,False,152.4,建筑建材,成渝特区/污水处理/央企50,28.0
600529,,0.0,1.0,0.8771,0.3716,0.4608,0.6788,0.4287,0.3,0.484,0.0,0.0,0.5,1.0,0.4028,False,False,False,False,无明确战法态,18.66,1.19,18.74,False,12383.0,玻璃行业,黄河三角,52.3
600530,,0.0,0.0,0.3179,0.0712,0.0,0.8582,0.0769,0.0,0.1942,0.0,0.0,0.0,0.7,0.5682,False,False,False,False,无明确战法态,5.7,10.04,5.94,False,4417.0,生物制药,高校背景/金融参股/上海本地,47.0
600531,,0.4993,1.0,0.5325,0.4777,1.0,0.18,0.3476,0.0,1.0,0.0,0.0,0.5,0.0,0.3405,False,False,False,False,无明确战法态,15.24,2.76,14.59,True,18429.2,有色金属,黄金概念/金属锌,36.0
600533,,0.0,1.0,0.7582,0.0,0.0,0.6648,0.1148,0.0,0.0,0.0,0.0,0.0,0.0,0.4847,False,False,False,False,无明确战法态,1.95,1.04,2.22,False,2047.5,房地产,金融改革/赛马概念/沿海发展,29.9
600535,,0.0,1.0,0.8643,0.3009,0.1137,0.3385,0.3682,0.0,0.4442,0.0,0.0,0.5,0.0,0.392,False,False,False,False,无明确战法态,14.0,1.74,14.12,False,20915.3,生物制药,金融改革/生物疫苗/抗癌,47.0
600536,,0.1169,1.0,0.8399,0.0,0.0,0.7504,0.1707,0.3,0.0,0.0,0.0,0.0,1.0,0.5179,False,False,False,False,无明确战法态,28.39,0.25,34.08,False,23951.4,电子信息,乡村振兴/国产软件/AI PC,32.2
600537,,0.0,1.0,0.6364,0.0,0.0,0.7157,0.0205,0.0,0.0,0.0,0.0,0.5,0.0,0.4292,False,False,False,False,无明确战法态,2.74,-0.36,2.96,False,3243.4,电子器件,光伏/ST板块/参股金融,73.7
600538,,0.0,1.0,0.7882,0.0711,0.0,0.7366,0.1856,0.0,0.2949,0.0,0.0,1.0,0.0,0.3337,False,False,False,False,无明确战法态,5.99,0.17,6.24,False,3139.9,农药化肥,消毒剂,33.4
600539,,0.0,1.0,0.7182,0.5501,1.0,0.7895,0.2637,0.0,1.0,0.0,0.0,0.5,0.0,0.2509,False,False,False,False,无明确战法态,16.83,-2.55,15.22,True,3870.9,水泥行业,宠物经济,35.7
600540,,0.0456,1.0,0.7263,0.0,0.0,0.6552,0.0199,0.0,0.0,0.0,0.0,0.0,0.0,0.6072,False,False,False,False,无明确战法态,3.44,0.88,4.36,False,20.0,农林牧渔,风能概念/准ST股/建筑节能,39.0
600543,,0.0,1.0,0.7519,0.0,0.0,0.6582,0.1966,0.0,0.0,0.0,0.0,0.5,0.0,0.4386,False,False,False,False,无明确战法态,4.05,0.5,4.42,False,1300.5,酿酒行业,陕甘宁/农业种植,27.4
600545,,0.7461,0.8109,0.5202,1.0,1.0,0.6351,0.319,0.0,1.0,1.0,0.0,1.0,0.7,0.4304,False,False,False,False,无明确战法态,6.26,-4.13,6.09,True,11192.3,建筑建材,新疆振兴,28.0
600546,,0.0,0.4653,0.5749,0.2925,0.0,0.4191,0.2941,0.3,0.7346,0.0,0.0,0.0,0.7,0.4097,False,False,False,False,无明确战法态,12.66,6.21,12.52,True,251.0,煤炭行业,光伏/HIT电池/民营银行,26.5
600547,,0.0,0.1904,0.6195,0.0,0.0,0.0,0.3877,0.3,0.0,0.0,0.0,0.0,0.0,0.4261,False,False,False,False,无明确战法态,26.08,7.86,30.56,False,94264.7,有色金属,黄金概念/社保重仓/保险重仓,36.0
600548,,0.0,1.0,0.8345,0.2038,0.0519,0.2236,0.3566,0.3,0.4846,0.0,0.0,0.5,0.0,0.3897,False,False,False,False,无明确战法态,8.68,2.6,8.69,False,14881.2,公路桥梁,含H股/深圳本地/参股券商,32.0
600549,,1.0,0.0595,0.4303,1.0,1.0,0.4437,0.487,0.6,1.0,1.0,0.0,0.5,1.0,0.497,False,False,False,False,无明确战法态,75.05,-8.64,70.08,True,116622.6,有色金属,海峡西岸/稀缺资源/锂电池,36.0
600550,,0.5878,1.0,0.7959,0.0,0.0,0.7967,0.1886,0.3,0.0,0.0,0.0,0.0,0.0,0.499,False,False,False,False,无明确战法态,11.57,1.22,13.43,False,21306.5,发电设备,光伏/低碳经济/核电核能,28.3
600551,,0.1105,1.0,0.7612,0.0,0.0,0.6255,0.3647,0.3,0.0,0.0,0.0,0.0,0.0,0.4761,False,False,False,False,无明确战法态,6.78,1.19,7.45,False,4597.2,传媒娱乐,皖江区域/参股金融/托育服务,29.0
600552,,0.9061,0.6526,0.5788,1.0,1.0,0.5391,0.3837,0.0,1.0,1.0,0.0,1.0,0.7,0.3709,False,False,False,False,无明确战法态,25.39,-5.08,21.51,True,23983.6,玻璃行业,光伏概念/华为概念/触摸屏,52.3
600556,,0.282,0.7754,0.7101,0.0,0.0,0.3774,0.2847,0.6,0.0,0.0,0.0,0.0,0.0,0.5215,False,False,False,False,无明确战法态,4.4,-4.35,5.32,False,7954.1,电子信息,快手概念,32.2
600557,,0.0,1.0,0.7991,0.0,0.2538,0.1302,0.3684,0.3,0.5106,0.0,0.0,0.5,0.0,0.317,False,False,False,False,无明确战法态,12.72,0.87,12.6,True,7201.5,生物制药,沿海发展/基金重仓/毛发医疗,47.0
600558,,0.2045,1.0,0.7765,0.0892,0.0,0.3961,0.365,0.3,0.0293,0.0,0.0,0.0,0.0,0.4176,False,False,False,False,无明确战法态,5.06,-0.2,5.46,False,4541.9,钢铁行业,成渝特区/核电核能/参股金融,29.8
600559,,0.1516,1.0,0.859,0.0,0.0,0.6902,0.3798,0.3,0.0,0.0,0.0,0.0,0.0,0.3821,False,False,False,False,无明确战法态,11.48,1.15,12.67,False,10441.2,酿酒行业,白酒概念/社保重仓,27.4
600560,,0.0,1.0,0.757,0.0,0.0,0.5561,0.1608,0.0,0.0,0.0,0.0,0.0,0.0,0.5396,False,False,False,False,无明确战法态,11.57,2.84,12.99,False,2587.6,电器行业,智能机器,33.2
600561,,0.0,1.0,0.7416,0.0,0.0,0.5612,0.126,0.0,0.0,0.0,0.0,0.0,0.0,0.4742,False,False,False,False,无明确战法态,5.29,2.52,5.9,False,1504.9,交通运输,,32.0
600562,,0.0,0.4151,0.5755,0.0,0.0,0.1168,0.3288,0.0,0.1296,0.0,0.0,0.5,0.0,0.4519,False,False,False,False,无明确战法态,22.58,6.51,23.68,False,280.4,电子信息,国防军工/军工航天/军工信息化,32.2
600563,,0.999,0.7656,0.5877,1.0,1.0,0.595,0.327,0.0,0.8768,1.0,0.0,0.5,0.7,0.4468,False,False,False,False,无明确战法态,157.06,-4.41,156.11,True,35338.5,电子器件,海峡西岸/触摸屏/超级电容,73.7
600566,,0.4837,1.0,0.7623,0.2491,0.0,0.4899,0.2239,0.3,0.0,0.0,1.0,0.0,0.0,0.4798,False,False,False,False,无明确战法态,22.47,0.13,26.22,False,20639.9,生物制药,节能环保/重组蛋白/家庭医生,47.0
600567,,0.0,1.0,0.7602,0.1582,0.6269,0.5979,0.3171,0.9,0.3815,0.0,0.0,1.0,0.0,0.3618,False,False,False,False,无明确战法态,1.41,1.44,1.42,False,8893.5,造纸行业,皖江区域/业绩预升/生物质能发电,31.9
600568,,0.0,0.8878,0.7551,0.0,0.0,0.497,0.2417,0.3,0.1461,0.0,0.0,0.5,0.0,0.3496,False,False,False,False,无明确战法态,2.36,-3.67,2.51,False,3939.0,房地产,免疫治疗/抗癌,29.9
600569,,0.0589,1.0,0.8817,0.0,0.0,0.6865,0.1708,0.6,0.0,0.0,0.0,0.0,0.0,0.5512,False,False,False,False,无明确战法态,1.69,0.0,1.92,False,4854.4,钢铁行业,低碳经济/特钢概念,29.8
600570,,0.4615,1.0,0.8434,0.0,0.0,0.6633,0.1132,0.3,0.0,0.0,0.0,0.0,0.0,0.4594,False,False,False,False,无明确战法态,21.23,-0.28,24.17,False,40202.1,电子信息,碳交易/电商概念/互联金融,32.2
600571,,0.1648,1.0,0.7994,0.0,0.0,0.6887,0.2253,0.3,0.0,0.0,0.0,0.0,0.0,0.561,False,False,False,False,无明确战法态,10.01,0.4,11.64,False,4582.1,电子信息,电子支付/节能环保/金融参股,32.2
600572,,0.0,1.0,0.8686,0.1669,0.0008,0.587,0.2923,0.0,0.3127,0.0,0.0,0.0,0.0,0.4207,False,False,False,False,无明确战法态,4.08,0.49,4.2,False,10323.4,生物制药,专精特新/免疫治疗/金融改革,47.0
600573,,0.0983,1.0,0.8333,0.0,0.0,0.8568,0.4364,0.6,0.0,0.0,0.0,0.0,0.0,0.491,False,False,False,False,无明确战法态,9.39,2.07,11.48,False,2347.5,酿酒行业,,27.4
600575,,0.8411,1.0,0.7634,0.1314,0.0,0.6216,0.2057,0.3,0.0,0.0,0.0,0.0,1.0,0.5571,False,False,False,False,B1候B2,3.1,0.0,3.67,False,12047.4,交通运输,皖江区域/涉矿概念/社保重仓,32.0
600576,,0.0,1.0,0.8083,0.3172,0.9927,0.5859,0.2666,0.9,0.8595,0.0,0.0,0.5,0.0,0.2916,False,False,False,False,无明确战法态,6.25,-0.16,5.93,True,4127.4,综合行业,涉矿概念,28.4
600577,,0.4624,0.9675,0.5669,0.0,0.0,0.511,0.1109,0.0,0.0,0.0,0.0,0.0,0.0,0.6326,False,False,False,False,无明确战法态,9.69,3.19,11.88,False,20844.1,电器行业,皖江区域/超导概念/保险重仓,33.2
600578,,0.8132,1.0,0.8277,0.8851,0.0,0.9035,0.199,0.0,0.0,0.0,0.0,0.0,0.7,0.4238,False,False,False,False,B1候B2,6.18,-0.16,7.02,False,41372.8,电力行业,低碳经济/风能概念/业绩预升,26.5
600579,,0.0,1.0,0.5596,0.3984,1.0,0.3616,0.2513,0.3,0.8373,0.0,0.0,1.0,0.0,0.3687,False,False,False,False,无明确战法态,7.91,2.46,7.54,True,3904.4,机械行业,氢能源/机器人概念/储能,36.7
600580,,0.0,0.0,0.5778,0.0,0.0,0.3032,0.291,0.0,0.5605,0.0,0.0,0.0,1.0,0.4769,False,False,False,False,无明确战法态,37.35,10.01,37.34,True,58177.6,发电设备,锂电池/业绩预升/金融参股,28.3
600581,,0.0,0.9905,0.7671,0.0,0.0,0.3881,0.1255,0.3,0.0,0.0,0.0,0.0,0.0,0.5061,False,False,False,False,无明确战法态,2.36,3.06,2.54,False,3617.6,钢铁行业,煤炭概念/特钢概念,29.8
600582,,0.0,0.6852,0.6296,0.0,0.0,0.2575,0.1477,0.6,0.0,0.0,0.0,0.0,0.0,0.5981,False,False,False,False,无明确战法态,4.72,4.89,5.21,False,19534.1,机械行业,社保重仓/F5G概念/煤炭概念,36.7
600583,,0.0102,1.0,0.869,0.0,0.0,0.6491,0.2457,0.0,0.0,0.0,0.0,0.0,0.0,0.4607,False,False,False,False,无明确战法态,5.16,1.38,5.78,False,22814.2,石油行业,油气改革/风能概念/业绩预升,26.5
600584,,0.3388,0.6144,0.5395,1.0,1.0,0.66,0.3308,0.0,1.0,0.0,0.0,1.0,0.7,0.3515,False,False,False,False,无明确战法态,90.88,-5.31,75.54,True,162622.0,电子器件,物联网/触摸屏/电子支付,73.7
600585,,0.1564,1.0,0.8457,0.0,0.0,0.5326,0.2049,0.6,0.0,0.0,0.0,0.0,0.0,0.4241,False,False,False,False,无明确战法态,17.14,1.72,19.48,False,68554.9,水泥行业,低碳经济/含H股/皖江区域,35.7
600586,,0.1393,1.0,0.9228,0.0,0.0,0.9295,0.1533,0.3,0.0,0.0,0.0,0.5,0.0,0.522,False,False,False,False,无明确战法态,4.32,0.0,5.05,False,6122.9,玻璃行业,光伏/黄河三角/低碳经济,52.3
600587,,0.0,1.0,0.869,0.0,0.0,0.4422,0.2113,0.6,0.1091,0.0,0.0,0.5,0.0,0.3773,False,False,False,False,无明确战法态,12.42,1.72,13.06,False,7534.5,医疗器械,黄河三角/信托重仓/消毒剂,37.8
600588,,0.0,1.0,0.8289,0.0,0.0,0.7657,0.2178,0.3,0.0,0.0,0.0,0.0,0.0,0.4918,False,False,False,False,无明确战法态,9.31,-0.43,10.76,False,31812.2,电子信息,国产软件/保险重仓/QFII重仓,32.2
600589,,0.0,1.0,0.8072,0.0795,0.0,0.8868,0.1706,0.3,0.0656,0.0,0.0,0.0,0.0,0.4666,False,False,False,False,无明确战法态,9.6,-0.83,10.53,False,14193.3,塑料制品,保险重仓/算力租赁/云计算,33.5
600590,,0.5813,0.7655,0.6013,0.0,0.0,0.5577,0.1418,0.3,0.0,0.0,1.0,0.0,0.0,0.6819,False,False,False,False,无明确战法态,9.95,4.41,12.54,False,8393.5,发电设备,国防军工/军工航天/低碳经济,28.3
600592,,0.0,0.0,0.3311,0.0,0.0,0.1229,0.3637,0.0,0.0,0.0,0.0,0.5,0.0,0.4866,False,False,False,False,无明确战法态,16.12,10.03,17.84,False,6440.8,机械行业,大飞机/国防军工/海峡西岸,36.7
600593,,0.0,1.0,0.8501,0.5275,0.5063,0.744,0.5357,0.9,0.4165,0.0,0.0,0.0,1.0,0.3229,False,False,False,False,B1候B2,36.78,-0.38,37.5,False,4737.3,酒店旅游,金融参股/振兴沈阳/参股金融,29.9
600594,,0.0,1.0,0.6414,0.0,0.0,0.5335,0.1909,0.0,0.0,0.0,0.0,0.0,0.0,0.5574,False,False,False,False,无明确战法态,3.2,1.27,3.53,False,2534.2,生物制药,抗癌/民营医院/QFII重仓,47.0
600595,,0.0,1.0,0.7454,0.0,0.0,0.4996,0.2398,0.3,0.0,0.0,0.0,0.0,0.0,0.5043,False,False,False,False,无明确战法态,5.91,2.6,6.91,False,23686.7,有色金属,超导概念/外资背景/参股金融,36.0
600596,,1.0,0.3345,0.4545,1.0,1.0,0.248,0.21,0.0,0.2502,0.0,0.0,0.5,0.7,0.5459,False,False,False,False,无明确战法态,13.3,-6.99,14.27,False,17949.6,农药化肥,光伏/涉矿概念/金融改革,33.4
600597,,0.0,1.0,0.8509,0.0,0.0,0.5397,0.2836,0.0,0.0,0.0,0.0,0.0,0.0,0.4958,False,False,False,False,无明确战法态,6.33,1.12,6.85,False,87.3,食品行业,国企改革/本月解禁/社保重仓,35.0
600598,,0.0,1.0,0.8578,0.0,0.0,0.4892,0.5217,0.0,0.0,0.0,0.0,0.0,0.0,0.4327,False,False,False,False,无明确战法态,11.35,0.89,13.88,False,201.8,农林牧渔,朝鲜改革/生物燃料/QFII重仓,39.0
600600,,0.0,1.0,0.8916,0.0,0.0,0.6142,0.3079,0.6,0.0,0.0,0.0,0.5,0.0,0.4731,False,False,False,False,无明确战法态,53.38,0.89,57.95,False,37853.1,酿酒行业,含H股/社保重仓/保险重仓,27.4
600601,,0.0,1.0,0.3968,0.9902,1.0,0.0931,0.51,0.9,1.0,0.0,0.0,1.0,0.7,0.393,False,False,False,False,无明确战法态,15.12,1.34,12.88,True,630.6,电子信息,高校背景/上海本地,32.2
600602,,0.5266,1.0,0.8575,0.0,0.0,0.8689,0.2457,0.0,0.0,0.0,0.0,0.0,0.0,0.4522,False,False,False,False,无明确战法态,16.01,0.63,18.94,False,17199.6,电子器件,国防军工/军工航天/含B股,73.7
600603,,0.0,1.0,0.7166,0.0,0.0,0.59,0.2083,0.3,0.0,0.0,0.0,0.5,0.0,0.5416,False,False,False,False,无明确战法态,4.59,2.68,5.16,False,5397.6,综合行业,涉矿概念/上海本地/冷链物流,28.4
600604,,0.0,1.0,0.8693,0.0,0.0,0.9896,0.1321,0.0,0.0,0.0,0.0,0.0,0.0,0.5975,False,False,False,False,无明确战法态,4.1,0.49,4.48,False,5770.6,开发区,含B股/金融参股/上海本地,33.7
600605,,0.8259,1.0,0.8,0.3909,0.0,0.7294,0.2173,0.3,0.0876,0.0,0.0,0.0,0.0,0.4759,False,False,False,False,无明确战法态,28.1,0.36,30.03,False,5796.5,物资外贸,风能概念/上海本地,29.8
600606,,0.0,1.0,0.7867,0.0,0.0,0.6159,0.2365,0.3,0.0,0.0,0.0,0.0,0.0,0.4896,False,False,False,False,无明确战法态,1.27,1.6,1.39,False,17848.9,房地产,金融改革/国企改革/金融参股,29.9
600609,,0.0,1.0,0.8119,0.0,0.0,0.4347,0.1804,0.0,0.0,0.0,0.0,0.0,0.0,0.4563,False,False,False,False,无明确战法态,3.26,2.19,3.62,False,4252.9,汽车制造,,40.0
600610,,0.172,1.0,0.7633,0.0,0.0,0.8508,0.1775,0.3,0.0,0.0,0.0,0.0,0.0,0.566,False,False,False,False,无明确战法态,6.65,-1.63,8.16,False,4713.0,纺织机械,含B股/国企改革/上海本地,45.1
600611,,0.0875,1.0,0.8421,0.0,0.0,0.9368,0.1007,0.3,0.0,0.0,0.0,0.0,1.0,0.5291,False,False,False,False,无明确战法态,3.86,1.58,4.49,False,6034.4,交通运输,百度概念/含B股/金融改革,32.0
600612,,0.0,1.0,0.8301,0.0,0.0,0.1215,0.2706,0.0,0.0,0.0,0.0,0.0,0.0,0.4668,False,False,False,False,无明确战法态,34.13,2.34,36.49,False,10823.0,服装鞋类,黄金概念/含B股/本月解禁,47.0
600613,,0.0,1.0,0.7872,0.0,0.0,0.333,0.1948,0.0,0.0,0.0,0.0,0.0,0.0,0.4019,False,False,False,False,无明确战法态,4.81,2.34,5.19,False,2305.5,生物制药,含B股/上海本地,47.0
600615,,0.0,0.74,0.5051,0.0,0.0,0.5508,0.1301,0.3,0.0886,0.0,0.0,0.0,0.0,0.5608,False,False,False,False,无明确战法态,9.86,4.56,10.46,False,2221.1,房地产,光伏概念/智能家居/机器人概念,29.9
600616,,0.0,1.0,0.8291,0.0,0.0,0.5319,0.1567,0.0,0.0,0.0,0.0,0.0,0.0,0.4838,False,False,False,False,无明确战法态,3.94,1.03,4.44,False,2635.9,酿酒行业,国企改革/上海本地,27.4
600617,,0.0,1.0,0.7611,0.0,0.0,0.8819,0.0893,0.0,0.0,0.0,0.0,0.0,0.0,0.4988,False,False,False,False,无明确战法态,2.84,1.79,3.15,False,5042.5,供水供气,含B股/上海本地/地下管网,26.9
600618,,0.0,0.9141,0.6793,0.0,0.0,0.4162,0.3632,0.6,0.0,0.0,0.0,0.5,0.0,0.4006,False,False,False,False,无明确战法态,10.43,-3.52,11.38,False,7820.8,化工行业,含B股/国企改革/业绩预降,39.0
600619,,0.009,1.0,0.8027,0.0,0.0,0.6445,0.1865,0.3,0.0,0.0,0.0,1.0,0.0,0.445,False,False,False,False,无明确战法态,14.58,-1.95,16.0,False,11506.2,机械行业,含B股/国企改革/上海本地,36.7
600620,,0.0,1.0,0.8015,0.0,0.0,0.5665,0.1605,0.0,0.0,0.0,0.0,0.0,0.0,0.5218,False,False,False,False,无明确战法态,4.1,1.74,4.89,False,2815.4,综合行业,上海本地,28.4
600621,,0.0,1.0,0.8879,0.1102,0.449,0.7454,0.3891,0.3,0.3231,0.0,0.0,0.5,0.0,0.3445,False,False,False,False,无明确战法态,13.21,0.99,13.57,False,140.1,房地产,国企改革/金融参股/上海本地,29.9
600622,,0.1823,1.0,0.801,0.0,0.0,0.7408,0.2068,0.3,0.0,0.0,0.0,0.0,0.0,0.5067,False,False,False,False,无明确战法态,2.04,1.49,2.35,False,30.6,综合行业,核电核能/金融参股/上海本地,28.4
600623,,0.0,0.4206,0.378,0.0,0.0,0.0332,0.3908,0.6,0.26,0.0,0.0,0.5,0.0,0.4316,False,False,False,False,无明确战法态,8.52,-6.48,8.93,False,15983.8,汽车制造,含B股/国企改革/金融参股,40.0
600624,,0.0,0.6643,0.6657,0.0,0.0,0.7592,0.1404,0.0,0.0,0.0,0.0,0.0,0.0,0.6042,False,False,False,False,无明确战法态,3.77,5.01,4.09,False,2561.1,综合行业,ST板块/高校背景/上海本地,28.4
600626,,0.0279,1.0,0.8171,0.0,0.0,0.7513,0.1829,0.0,0.0,0.0,0.0,0.0,0.0,0.5564,False,False,False,False,无明确战法态,3.32,1.22,3.69,False,3678.5,纺织行业,上海本地/上海自贸区,36.5
600628,,0.0,1.0,0.8606,0.0,0.0,0.2826,0.2267,0.3,0.0,0.0,0.0,0.0,0.0,0.4756,False,False,False,False,无明确战法态,5.82,1.39,6.42,False,3764.8,商业百货,国企改革/上海自贸/上海本地,30.2
600629,,0.6703,1.0,0.7694,0.0,0.0,0.6581,0.1928,0.0,0.0,0.0,0.0,0.0,0.0,0.5373,False,False,False,False,无明确战法态,12.36,1.81,16.77,False,11843.0,玻璃行业,,52.3
600630,,0.0,0.0,0.4138,1.0,1.0,0.3607,0.4762,0.3,1.0,0.0,0.0,1.0,1.0,0.4943,False,False,False,False,无明确战法态,9.62,-10.01,8.83,True,4087.2,纺织行业,国企改革/上海自贸/上海本地,36.5
600633,,0.0,1.0,0.8189,0.0,0.0,0.7926,0.2458,0.0,0.0,0.0,0.0,0.0,0.0,0.4798,False,False,False,False,无明确战法态,10.34,0.29,11.8,False,13111.9,传媒娱乐,固态电池/网络游戏/业绩预升,29.0
600635,,0.0,0.9697,0.7727,0.0,0.0,0.546,0.1785,0.3,0.0,0.0,0.0,0.0,0.0,0.5192,False,False,False,False,无明确战法态,4.54,3.18,5.04,False,10981.3,供水供气,含H股/金融参股/分拆上市,26.9
600637,,0.9447,1.0,0.869,0.0,0.0,0.7988,0.1391,0.0,0.0,0.0,0.0,0.0,1.0,0.4899,False,False,False,False,无明确战法态,8.09,-0.61,9.32,False,27197.8,传媒娱乐,国企改革/网络游戏/保险重仓,29.0
600638,,0.0,1.0,0.7504,0.0,0.0,0.5707,0.2556,0.6,0.0,0.0,0.0,0.0,0.0,0.5431,False,False,False,False,无明确战法态,4.61,1.54,5.43,False,3104.4,房地产,金融参股/上海本地/参股金融,29.9
600639,,0.0,1.0,0.8637,0.0989,0.0,0.6847,0.2651,0.0,0.1759,0.0,0.0,0.0,0.0,0.4081,False,False,False,False,无明确战法态,9.43,1.51,9.91,False,8017.7,开发区,含B股/上海自贸/金融参股,33.7
600640,,0.0,1.0,0.7405,0.0,0.0,0.8113,0.2259,0.0,0.0,0.0,0.0,0.0,0.0,0.5176,False,False,False,False,无明确战法态,10.15,1.3,11.32,False,80.8,酒店旅游,上海本地/参股金融/短剧游戏,29.9
600641,,0.0,1.0,0.4486,1.0,1.0,0.0,0.4929,0.0,1.0,0.0,0.0,1.0,0.7,0.3347,False,False,False,False,无明确战法态,47.51,-1.51,31.04,True,442.1,房地产,光伏/外资背景/上海本地,29.9
600642,,0.0,1.0,0.8588,0.436,0.0,0.8587,0.2748,0.0,0.4093,0.0,0.0,0.0,0.7,0.3442,False,False,False,False,无明确战法态,8.96,-0.11,9.28,False,43848.6,电力行业,光伏/核电核能/风能概念,26.5
600643,,0.2249,1.0,0.8264,0.0,0.0,0.7473,0.2701,0.0,0.0,0.0,0.0,0.0,0.0,0.4049,False,False,False,False,无明确战法态,3.86,0.52,4.32,False,6138.8,金融行业,上海自贸/业绩预升/信托重仓,39.0
600644,,0.0,0.9722,0.659,0.0,0.0,0.5854,0.2315,0.6,0.0,0.0,0.0,0.0,0.0,0.6074,False,False,False,False,无明确战法态,8.47,3.17,10.23,False,4898.4,电力行业,光伏/成渝特区/低碳经济,26.5
600645,,0.0,0.9812,0.7406,0.0,0.0,0.2896,0.1645,0.0,0.0,0.0,0.0,0.5,0.0,0.5263,False,False,False,False,无明确战法态,18.55,3.11,21.0,False,86.8,生物制药,免疫治疗/基因概念/信托重仓,47.0
600648,,0.0,1.0,0.8798,0.0,0.0,0.4529,0.1696,0.0,0.0,0.0,0.0,0.0,0.0,0.4803,False,False,False,False,无明确战法态,8.47,1.8,9.21,False,9636.9,开发区,含B股/上海自贸/上海本地,33.7
600649,,0.0,1.0,0.8685,0.0,0.0,0.6688,0.2331,0.3,0.0,0.0,0.0,0.0,0.0,0.5059,False,False,False,False,无明确战法态,3.58,0.85,3.9,False,8966.1,供水供气,低碳经济/节能环保/金融参股,26.9
600650,,0.0,1.0,0.8045,0.0,0.0,0.6725,0.2116,0.0,0.0,0.0,0.0,0.0,0.0,0.5569,False,False,False,False,无明确战法态,10.13,2.43,11.36,False,3956.4,交通运输,含B股/国企改革/上海自贸,32.0
600651,,0.2093,1.0,0.7372,0.0,0.0,0.5455,0.2429,0.3,0.0,0.0,0.0,0.0,0.0,0.4565,False,False,False,False,无明确战法态,5.57,-0.18,6.36,False,13964.1,仪器仪表,国企改革/绿色照明/业绩预降,34.2
600653,,0.0,1.0,0.8268,0.0,0.0,0.7601,0.288,0.0,0.0,0.0,0.0,0.0,0.0,0.4554,False,False,False,False,无明确战法态,1.55,0.65,1.68,False,3016.9,汽车制造,风能概念/上海本地/参股金融,40.0
600654,,0.0,1.0,0.8025,0.0,0.0,0.7425,0.1959,0.0,0.0,0.0,0.0,0.0,0.0,0.6,False,False,False,False,无明确战法态,2.72,0.74,3.22,False,6303.4,电子信息,国企改革/金融参股/上海本地,32.2
600655,,0.0,1.0,0.8446,0.003,0.0,0.573,0.3083,0.3,0.0293,0.0,0.0,0.0,0.0,0.3933,False,False,False,False,无明确战法态,4.28,-0.23,4.56,False,166.5,商业百货,白酒概念/黄金概念/国企改革,30.2
600657,,0.5534,1.0,0.7711,0.0,0.0,0.6228,0.2479,0.3,0.0,0.0,0.0,0.0,0.0,0.4539,False,False,False,False,无明确战法态,2.36,1.29,2.75,False,6730.4,房地产,京津冀/参股保险/化债概念(AMC概念),29.9
600658,,0.0,0.8917,0.5783,0.0,0.0,0.4857,0.1727,0.3,0.0,0.0,0.0,0.0,0.0,0.4893,False,False,False,False,无明确战法态,3.96,-3.65,4.5,False,4429.6,开发区,业绩预升,33.7
600660,,0.0,1.0,0.7604,0.0461,0.0,0.5403,0.2068,0.0,0.1632,0.0,1.0,0.5,0.0,0.285,False,False,False,False,无明确战法态,50.93,2.25,53.19,False,102012.1,汽车制造,光伏/海峡西岸/含H股,40.0
600661,,0.0,1.0,0.8205,0.0,0.0,0.2096,0.1278,0.0,0.0,0.0,0.0,0.0,0.0,0.4211,False,False,False,False,无明确战法态,7.54,1.48,8.43,False,2160.6,,高校背景/上海本地,
600662,,0.0,1.0,0.854,0.0,0.0,0.636,0.2122,0.0,0.0,0.0,0.0,0.0,0.0,0.5197,False,False,False,False,无明确战法态,4.14,0.73,4.54,False,9424.6,交通运输,国企改革/整体上市/上海本地,32.0
600663,,0.0,1.0,0.8015,0.0,0.0,0.7869,0.247,0.3,0.0,0.0,0.0,0.0,0.0,0.4718,False,False,False,False,无明确战法态,6.4,0.31,7.07,False,20196.4,房地产,含B股/国企改革/上海自贸,29.9
600664,,0.0,1.0,0.7856,0.0,0.0,0.6676,0.3168,0.3,0.133,0.0,0.0,0.5,0.0,0.4072,False,False,False,False,无明确战法态,3.14,0.96,3.3,False,7908.1,生物制药,抗癌/黑龙江自贸区,47.0
600665,,0.1358,1.0,0.6548,0.4435,0.0,0.6859,0.178,0.9,0.0,0.0,0.0,0.0,0.7,0.4843,False,False,False,False,B1候B2,3.11,0.65,3.4,False,2687.4,房地产,上海本地,29.9
600666,,1.0,1.0,0.8629,0.0,0.0,0.8625,0.2364,0.0,0.0,0.0,0.0,0.0,0.0,0.5459,False,False,False,False,无明确战法态,3.87,-0.51,4.71,False,9683.7,生物制药,成渝特区/信托重仓/短剧游戏,47.0
600667,,0.0,0.8827,0.1185,1.0,1.0,0.3266,0.6599,0.3,1.0,0.0,0.0,1.0,0.7,0.2011,False,False,False,False,无明确战法态,29.96,3.7,18.04,True,62662.6,电子器件,业绩预降/OLED,73.7
600668,,0.0,1.0,0.8031,0.0,0.0,0.5871,0.2367,0.3,0.0,0.0,0.0,0.5,0.0,0.5119,False,False,False,False,无明确战法态,7.58,1.74,8.45,False,3129.8,水泥行业,参股金融/猴痘概念/水泥概念,35.7
600671,,0.0,0.969,0.6572,0.0249,0.4309,0.0,0.3832,0.3,0.7506,0.0,0.0,1.0,0.0,0.3416,False,False,False,False,无明确战法态,18.46,3.19,18.01,True,2247.0,生物制药,,47.0
600673,,0.0,1.0,0.6306,0.5671,0.7163,0.6209,0.2349,0.9,1.0,0.0,0.0,0.5,0.0,0.3601,False,False,False,False,无明确战法态,36.25,-0.58,34.53,True,108806.5,有色金属,华为概念/超级电容/储能,36.0
600674,,0.0,1.0,0.8298,0.3507,0.0,0.6857,0.4451,0.0,0.4717,0.0,0.0,0.5,1.0,0.3764,False,False,False,False,无明确战法态,14.58,0.62,14.76,False,710.7,电力行业,成渝特区/业绩预升/QFII重仓,26.5
600675,,0.0,1.0,0.7788,0.0,0.0,0.5479,0.1611,0.3,0.0,0.0,0.0,0.0,0.0,0.4268,False,False,False,False,无明确战法态,2.12,0.47,2.38,False,12817.8,房地产,国企改革/金融参股/上海本地,29.9
600676,,0.0,0.7682,0.6317,0.0,0.3429,0.5925,0.2612,0.6,0.3373,0.0,0.0,0.5,0.0,0.4334,False,False,False,False,无明确战法态,6.75,-4.39,7.04,False,6942.3,汽车制造,上海自贸/整体上市/上海本地,40.0
600678,,0.0,1.0,0.7218,0.0,0.0709,0.5607,0.5905,0.3,0.0,0.0,0.0,1.0,0.0,0.4715,False,False,False,False,无明确战法态,7.1,2.16,7.76,False,2477.8,水泥行业,成渝特区,35.7
600679,,0.0,1.0,0.8759,0.0,0.0,0.6893,0.2821,0.6,0.0,0.0,0.0,0.5,0.0,0.4199,False,False,False,False,无明确战法态,9.2,0.77,10.09,False,3162.0,,含B股/金融改革/上海本地,
600681,,0.0,0.9461,0.7382,0.0,0.0,0.5351,0.2527,0.0,0.005,0.0,0.0,0.0,0.0,0.5391,False,False,False,False,无明确战法态,3.42,3.32,3.67,False,4582.1,建筑建材,本月解禁/参股金融,28.0
600682,,0.1769,1.0,0.715,0.0,0.0,0.6103,0.2546,0.3,0.0,0.0,0.0,0.0,0.0,0.4733,False,False,False,False,无明确战法态,5.4,0.37,6.06,False,6285.9,商业百货,基因测序/业绩预降/金融参股,30.2
600683,,0.212,1.0,0.6809,0.5261,0.0,0.8653,0.1861,0.3,0.3559,0.0,0.0,0.0,0.7,0.4147,False,False,False,False,无明确战法态,11.58,0.78,12.55,False,8578.2,房地产,三板精选/旅游概念/土地流转,29.9
600684,,0.0,1.0,0.7821,0.0,0.0,0.5592,0.1965,0.3,0.0,0.0,0.0,0.0,0.0,0.473,False,False,False,False,无明确战法态,3.14,2.61,3.7,False,2679.9,房地产,赛马概念/家庭医生,29.9
600685,,0.0,0.4808,0.5061,0.0,0.0,0.2099,0.1615,0.3,0.311,0.0,0.0,0.0,0.0,0.4812,False,False,False,False,无明确战法态,27.07,6.12,28.09,False,22236.3,船舶制造,国防军工/军工航天/含H股,34.5
600686,,0.0,1.0,0.8167,0.0,0.0,0.619,0.2985,0.3,0.0,0.0,0.0,0.0,0.0,0.5284,False,False,False,False,无明确战法态,12.28,2.33,13.78,False,8805.3,汽车制造,海峡西岸/氢燃料,40.0
600688,,0.1569,1.0,0.8198,0.5255,0.4774,0.6883,0.1582,0.0,0.3923,0.0,0.0,0.0,1.0,0.3807,False,False,False,False,无明确战法态,2.92,-1.35,2.99,False,21400.1,石油行业,碳交易/氢能源/含H股,26.5
600689,,0.0,1.0,0.7964,0.0,0.0,0.541,0.1454,0.3,0.0,0.0,0.0,0.0,0.0,0.5109,False,False,False,False,无明确战法态,10.33,1.77,11.6,False,1572.3,纺织行业,含B股/基因概念/国企改革,36.5
600690,,0.0,1.0,0.8727,0.1422,0.365,0.5245,0.2857,0.6,0.3237,0.0,0.0,0.5,0.0,0.372,False,False,False,False,无明确战法态,20.58,0.78,20.98,False,128687.3,家电行业,国企改革/日韩贸易/信托重仓,35.7
600691,,0.2842,1.0,0.7139,0.0,0.0,0.6537,0.27,0.0,0.0,0.0,0.0,0.0,0.0,0.4744,False,False,False,False,无明确战法态,2.3,-1.29,2.72,False,5463.8,农药化肥,成渝特区,33.4
600692,,0.0,1.0,0.8092,0.0,0.0,0.6832,0.1094,0.0,0.0,0.0,0.0,0.0,0.0,0.5369,False,False,False,False,无明确战法态,5.66,1.25,6.6,False,1443.4,交通运输,赛马概念/民营银行/上海本地,32.0
600693,,0.0,1.0,0.7567,0.0,0.0,0.7758,0.3446,0.3,0.0,0.0,0.0,0.0,0.0,0.5025,False,False,False,False,无明确战法态,8.17,-0.61,9.77,False,7099.3,商业百货,海峡西岸/内贸规划/免税店,30.2
600694,,0.0,0.9274,0.7368,0.0,0.0,0.3968,0.2742,0.0,0.0,0.0,0.0,0.0,0.0,0.6125,False,False,False,False,无明确战法态,14.15,3.44,15.41,False,4872.7,商业百货,内贸规划/保险重仓/振兴沈阳,30.2
600697,,0.0,1.0,0.8398,0.0,0.0,0.4568,0.14,0.0,0.0,0.0,0.0,0.0,0.0,0.4735,False,False,False,False,无明确战法态,10.19,2.0,11.16,False,1583.3,商业百货,朝鲜改革/内贸规划/社保重仓,30.2
600698,,0.0,1.0,0.8344,0.0,0.0,0.7983,0.2938,0.6,0.0,0.0,0.0,0.0,0.0,0.5713,False,False,False,False,无明确战法态,6.11,1.16,6.81,False,50.7,汽车制造,国防军工/军工航天/含B股,40.0
600699,,0.0,0.2877,0.2803,0.0,0.0,0.2689,0.0985,0.0,0.0075,0.0,0.0,0.0,0.0,0.487,False,False,False,False,无明确战法态,23.45,7.27,25.38,False,31776.0,汽车制造,业绩预升/EDR概念/高压快充,40.0
600702,,0.2498,1.0,0.8072,0.0,0.0,0.6146,0.3173,0.6,0.0,0.0,0.0,0.0,0.0,0.4798,False,False,False,False,无明确战法态,35.88,-1.16,41.21,False,11934.4,酿酒行业,白酒概念/成渝特区/业绩预降,27.4
600703,,1.0,0.791,0.5903,1.0,1.0,0.6541,0.3281,0.3,1.0,1.0,0.0,0.5,0.7,0.376,False,False,False,False,无明确战法态,18.23,-4.25,17.23,True,90949.8,电子器件,绿色照明/信托重仓/基金重仓,73.7
600704,,0.0058,1.0,0.833,0.1743,0.3255,0.581,0.346,0.0,0.3937,0.0,0.0,0.5,0.0,0.3984,False,False,False,False,无明确战法态,4.89,2.09,4.98,False,25287.1,物资外贸,金融参股/参股金融/股期概念,29.8
600706,,0.0,1.0,0.7588,0.0,0.0,0.4436,0.1754,0.6,0.0,0.0,0.0,0.0,0.0,0.52,False,False,False,False,无明确战法态,7.07,2.32,8.17,False,1796.0,酒店旅游,陕甘宁,29.9
600707,,0.0,0.0,0.5966,1.0,1.0,0.4462,0.8827,0.3,1.0,0.0,0.0,1.0,0.7,0.3293,False,False,False,False,无明确战法态,15.02,-10.01,11.42,True,53886.8,电子器件,准ST股/陕甘宁/OLED,73.7
600708,,0.0828,1.0,0.7333,0.0798,0.5047,0.794,0.3679,0.0,0.2992,0.0,0.0,0.5,1.0,0.3411,False,False,False,False,无明确战法态,3.2,-1.54,3.32,False,7120.9,交通运输,国企改革/上海自贸/业绩预升,32.0
600710,,0.0,1.0,0.7736,0.0,0.0,0.4789,0.2012,0.6,0.0,0.0,0.0,0.0,0.0,0.5351,False,False,False,False,无明确战法态,10.27,2.6,11.2,False,13420.3,机械行业,光伏/固废处理/航运概念,36.7
600711,,0.3847,0.9904,0.6583,0.0,0.0,0.3102,0.407,0.6,0.0,0.0,0.0,0.0,0.0,0.4106,False,False,False,False,无明确战法态,11.46,3.06,12.76,False,354.2,有色金属,海峡西岸/黄金概念/金属锌,36.0
600712,,0.0,0.4951,0.5981,0.0,0.0,0.1973,0.2357,0.3,0.0,0.0,0.0,0.0,0.0,0.5888,False,False,False,False,无明确战法态,5.1,6.03,5.5,False,2747.1,商业百货,海上丝路/内贸规划/业绩预降,30.2
600713,,0.0,1.0,0.9341,0.2681,0.5058,0.6436,0.4393,0.6,0.4344,0.0,0.0,0.5,0.0,0.3304,False,False,False,False,无明确战法态,5.1,0.79,5.18,False,6578.0,商业百货,准ST股/信托重仓/参股金融,30.2
600714,,0.844,0.7738,0.5182,0.6406,0.0,0.6252,0.1354,0.0,0.0,0.0,0.0,0.0,0.7,0.6266,False,False,False,False,无明确战法态,18.0,-4.36,23.61,False,5187.2,有色金属,稀缺资源/业绩预升,36.0
600715,,0.0,1.0,0.7009,0.0,0.0,0.5508,0.287,0.0,0.0,0.0,0.0,0.0,0.0,0.4976,False,False,False,False,无明确战法态,1.54,-1.28,1.8,False,4408.1,汽车制造,振兴沈阳/手机游戏,40.0
600716,,0.389,1.0,0.8445,0.0,0.0,0.808,0.2916,0.0,0.0,0.0,0.0,0.0,0.0,0.4752,False,False,False,False,无明确战法态,3.41,-0.58,3.82,False,3192.0,房地产,参股金融,29.9
600717,,0.3487,1.0,0.8667,0.1036,0.0,0.0,0.0,0.3,0.095,0.0,0.0,0.0,0.0,0.401,False,False,False,False,无明确战法态,4.06,1.5,4.32,False,117.5,交通运输,雄安新区/京津冀/海上丝路,32.0
600718,,0.2274,1.0,0.8621,0.0,0.0,0.6223,0.1307,0.0,0.0,0.0,0.0,0.0,0.0,0.5733,False,False,False,False,无明确战法态,7.34,1.24,8.28,False,8781.9,电子信息,食品安全/国产软件/整体上市,32.2
600719,,0.7551,1.0,0.6989,0.7732,0.0,0.9635,0.3633,0.3,0.1999,0.0,0.0,0.0,0.7,0.562,False,False,False,False,无明确战法态,7.74,-0.13,8.39,False,3131.6,供水供气,整体上市/振兴沈阳,26.9
600720,,0.0,1.0,0.7828,0.0,0.0,0.4153,0.1086,0.0,0.0,0.0,0.0,0.0,0.0,0.4795,False,False,False,False,无明确战法态,5.04,2.65,5.85,False,5085.6,水泥行业,低碳经济/业绩预升/陕甘宁,35.7
600721,,0.0,1.0,0.7295,0.0,0.0,0.6502,0.23,0.3,0.0,0.0,0.0,0.0,0.0,0.6037,False,False,False,False,无明确战法态,6.96,0.87,7.68,False,2676.5,煤炭行业,CXO概念/CRO概念/青蒿素,26.5
600722,,0.3127,1.0,0.7551,0.0,0.0,0.8764,0.1823,0.0,0.0,0.0,0.0,0.0,0.0,0.5797,False,False,False,False,无明确战法态,8.31,-1.54,10.26,False,5653.5,化工行业,京津冀,39.0
600724,,0.0,1.0,0.4796,0.0,0.0,0.341,0.1506,0.3,0.0,0.0,0.0,0.0,0.0,0.5447,False,False,False,False,无明确战法态,5.5,2.23,6.39,False,7947.2,房地产,信托重仓/水泥概念,29.9
600725,,0.0,0.9888,0.6115,0.0,0.0,0.4392,0.1245,0.0,0.0,0.0,0.0,0.0,0.0,0.579,False,False,False,False,无明确战法态,3.16,-3.07,3.77,False,3894.6,煤炭行业,低碳经济/金融参股/参股金融,26.5
600726,,0.8349,1.0,0.4545,1.0,0.0,0.7138,0.246,0.0,0.2275,0.0,0.0,0.0,0.7,0.4912,False,False,False,False,B1候B2,6.43,-2.58,7.16,False,48066.4,电力行业,含B股/金融参股/参股金融,26.5
600727,,0.37,1.0,0.7828,0.2448,0.0,0.7452,0.1237,0.3,0.0,0.0,0.0,0.0,0.0,0.4787,False,False,False,False,无明确战法态,6.97,-1.27,7.64,False,3684.2,农药化肥,化肥/水泥概念/钛白粉概念,33.4
600728,,0.5106,1.0,0.8582,0.0,0.0,0.6381,0.1799,0.0,0.0,0.0,0.0,0.0,0.0,0.5247,False,False,False,False,无明确战法态,4.28,1.18,4.98,False,9127.5,电子信息,5G概念/金融改革/民营银行,32.2
600729,,0.0,1.0,0.8649,0.0339,0.0271,0.7405,0.4405,0.6,0.0951,0.0,0.0,0.0,0.0,0.4184,False,False,False,False,无明确战法态,19.49,1.25,20.37,False,3751.5,商业百货,成渝特区/内贸规划/社保重仓,30.2
600730,,0.0,0.6652,0.4588,0.6916,0.0,0.7044,0.2629,0.0,1.0,0.0,0.0,0.5,0.7,0.3768,False,False,False,False,无明确战法态,12.16,5.01,11.59,True,7133.7,综合行业,准ST股/高校背景/上海本地,28.4
600731,,0.0,1.0,0.8521,0.0,0.0,0.7161,0.2735,0.3,0.0,0.0,0.0,0.0,0.0,0.5237,False,False,False,False,无明确战法态,5.43,0.37,5.92,False,2941.3,农药化肥,长株潭/农业种植,33.4
600732,,0.0,1.0,0.7589,0.1835,1.0,0.6813,0.4843,0.3,0.5486,0.0,0.0,1.0,0.0,0.3497,False,False,False,False,无明确战法态,13.36,-1.4,13.31,True,28048.8,房地产,光伏/上海自贸/上海本地,29.9
600733,,0.6932,1.0,0.8337,0.0,0.0,0.334,0.1141,0.0,0.0,0.0,1.0,0.0,0.0,0.6074,False,False,False,False,无明确战法态,4.87,1.25,6.11,False,23822.6,房地产,固态电池/成渝特区,29.9
600734,,0.0,0.6968,0.4779,0.0,0.0,0.592,0.3553,0.0,0.0,0.0,0.0,0.0,0.0,0.6781,False,False,False,False,无明确战法态,1.74,4.82,2.33,False,3789.5,电子信息,海峡西岸/ST板块/涉矿概念,32.2
600735,,0.0,1.0,0.8278,0.3491,0.3058,0.7731,0.3169,0.6,0.8221,0.0,0.0,0.5,0.0,0.3347,False,False,False,False,无明确战法态,6.6,0.3,6.34,True,2808.0,纺织行业,黄河三角/婴童概念/自贸区,36.5
600736,,0.752,1.0,0.8174,0.3784,0.0,0.9559,0.2193,0.3,0.0246,0.0,0.0,0.0,0.0,0.4753,False,False,False,False,B1候B2,6.65,1.22,7.25,False,7656.1,开发区,金融参股/沿海发展/参股金融,33.7
600737,,0.0,1.0,0.6574,0.0,0.0,0.567,0.2639,0.6,0.0,0.0,0.0,0.5,0.0,0.4138,False,False,False,False,无明确战法态,11.8,-0.59,13.44,False,25238.4,食品行业,参股金融/农业种植/新疆振兴,35.0
600738,,0.0,0.9609,0.6586,0.0,0.0,0.2126,0.2123,0.0,0.0,0.0,0.0,0.0,0.0,0.4826,False,False,False,False,无明确战法态,3.83,3.23,4.24,False,2913.4,商业百货,业绩预升/陕甘宁/参股金融,30.2
600739,,0.1193,1.0,0.8893,0.0684,0.0087,0.5397,0.2468,0.6,0.2149,0.0,0.0,0.5,0.0,0.3561,False,False,False,False,无明确战法态,10.35,1.07,10.82,False,15832.5,物资外贸,页岩气/生物疫苗/金融参股,29.8
600740,,0.0,1.0,0.8582,0.0,0.0,0.8242,0.3045,0.0,0.0,0.0,0.0,0.0,0.0,0.4413,False,False,False,False,无明确战法态,3.32,0.91,3.78,False,8506.2,煤炭行业,低碳经济,26.5
600741,,0.0482,0.9105,0.7513,0.0,0.0,0.5241,0.4706,0.0,0.0019,0.0,0.0,0.0,0.0,0.4147,False,False,False,False,无明确战法态,16.1,3.54,17.25,False,50758.9,汽车制造,国企改革/金融参股/社保重仓,40.0
600742,,0.0,1.0,0.7999,0.0,0.0,0.4764,0.225,0.0,0.0,0.0,0.0,0.0,0.0,0.4969,False,False,False,False,无明确战法态,7.51,2.46,8.32,False,55.8,汽车制造,朝鲜改革/QFII重仓/参股金融,40.0
600743,,0.6726,1.0,0.7508,0.2946,0.0,0.8696,0.3341,0.0,0.2282,0.0,0.0,0.0,0.0,0.4337,False,False,False,False,无明确战法态,2.18,1.87,2.3,False,5114.5,房地产,京津冀/物业管理,29.9
600744,,0.4617,1.0,0.8437,0.0,0.0,0.9383,0.2802,0.3,0.0,0.0,0.0,0.0,0.0,0.5281,False,False,False,False,无明确战法态,6.35,-0.78,7.46,False,12897.6,电力行业,光伏/碳交易/长株潭,26.5
600745,,0.0,0.7758,0.6341,0.0,0.0,0.252,0.4024,0.6,0.0,0.0,0.0,0.5,0.0,0.5612,False,False,False,False,无明确战法态,18.25,4.35,21.53,False,22715.2,房地产,涉矿概念/AI手机,29.9
600746,,0.0,1.0,0.7319,0.0,0.0,0.6785,0.1849,0.3,0.0,0.0,0.0,0.0,0.0,0.5098,False,False,False,False,无明确战法态,5.44,-0.55,6.61,False,6353.1,化工行业,,39.0
600748,,0.4141,1.0,0.7658,0.0,0.0,0.7295,0.136,0.3,0.0,0.0,0.0,0.0,0.0,0.5103,False,False,False,False,无明确战法态,3.74,1.08,4.46,False,6898.7,房地产,国企改革/上海本地/土地流转,29.9
600749,,0.0,1.0,0.8555,0.0,0.0,0.7787,0.3228,0.3,0.0,0.0,0.0,0.0,0.0,0.5137,False,False,False,False,无明确战法态,14.07,1.66,15.4,False,3193.4,酒店旅游,冰雪产业,29.9
600750,,0.0,1.0,0.8128,0.2392,0.0,0.7093,0.4779,0.3,0.3045,0.0,0.0,0.0,0.0,0.3511,False,False,False,False,无明确战法态,23.31,2.28,24.22,False,14654.7,生物制药,白酒概念/婴童概念/金融参股,47.0
600751,,0.0351,1.0,0.8198,0.0,0.0,0.7373,0.1599,0.3,0.0,0.0,0.0,0.0,0.0,0.5335,False,False,False,False,无明确战法态,2.96,0.0,3.33,False,7616.6,交通运输,含B股/京津冀/天津自贸,32.0
600753,,0.0,0.8281,0.7604,0.295,0.0,0.389,0.092,0.0,0.7708,0.0,0.0,0.0,0.0,0.4329,False,False,False,False,无明确战法态,11.87,4.03,11.84,True,2733.7,商业百货,ST板块/准ST股/充电桩,30.2
600754,,0.0,1.0,0.8255,0.0,0.0,0.6386,0.3024,0.6,0.0,0.0,0.0,0.0,0.0,0.3936,False,False,False,False,无明确战法态,18.44,0.55,21.31,False,167.1,酒店旅游,含B股/国企改革/上海自贸,29.9
600755,,0.0,1.0,0.9396,0.0472,0.0,0.7489,0.1989,0.0,0.153,0.0,0.0,0.0,0.0,0.3146,False,False,False,False,无明确战法态,5.57,0.91,5.87,False,11876.1,物资外贸,海峡西岸/金融参股/参股金融,29.8
600756,,0.0,1.0,0.8027,0.0,0.0,0.7181,0.2068,0.0,0.0,0.0,0.0,0.0,0.0,0.5968,False,False,False,False,无明确战法态,12.58,0.64,14.43,False,4077.2,电子信息,国产软件/数字孪生/养老概念,32.2
600757,,0.1011,1.0,0.672,0.0,0.0,0.0,0.2763,0.3,0.0,0.0,0.0,0.0,0.0,0.3812,False,False,False,False,无明确战法态,7.31,-2.79,8.04,False,8870.7,传媒娱乐,武汉规划/上海本地/参股金融,29.0
600758,,0.6045,1.0,0.8312,0.0,0.0,0.955,0.2074,0.0,0.0,0.0,0.0,0.0,1.0,0.5581,False,False,False,False,无明确战法态,3.14,-0.63,3.94,False,4147.1,供水供气,,26.9
600759,,0.0,0.6749,0.604,0.0,0.0,0.0,0.1786,0.6,0.0,0.0,0.0,0.0,0.0,0.3632,False,False,False,False,无明确战法态,2.12,4.95,3.12,False,8784.6,石油行业,海南自贸/ST板块/涉矿概念,26.5
600760,,0.0,1.0,0.8382,0.0,0.0,0.4772,0.3005,0.3,0.0,0.0,0.0,0.5,0.0,0.397,False,False,False,False,无明确战法态,41.63,2.08,44.49,False,117794.3,汽车制造,大飞机/国防军工/军工航天,40.0
600761,,0.0,0.38,0.4533,0.0053,0.0,0.0899,0.3422,0.6,0.376,0.0,0.0,0.0,0.0,0.4708,False,False,False,False,无明确战法态,17.31,6.72,17.65,False,15417.9,机械行业,皖江区域,36.7
600763,,0.0,1.0,0.8417,0.0,0.0,0.5567,0.3357,0.3,0.16,0.0,0.0,1.0,0.0,0.3846,False,False,False,False,无明确战法态,35.68,0.85,37.42,False,15959.3,医疗器械,民营医院/婴童概念/牙科医疗,37.8
600764,,0.0,0.8916,0.6792,0.0,0.0,0.271,0.16,0.0,0.0,0.0,0.0,0.0,0.0,0.5414,False,False,False,False,无明确战法态,18.74,3.65,20.91,False,13317.2,电子信息,国防军工/军工航天/电子支付,32.2
600765,,0.0,0.8236,0.6988,0.0,0.0,0.3811,0.1861,0.3,0.0,0.0,0.0,0.0,0.0,0.4868,False,False,False,False,无明确战法态,13.59,4.06,14.75,False,21098.4,机械行业,大飞机/国防军工/军工航天,36.7
600768,,0.0,1.0,0.7882,0.0885,0.0,0.6117,0.2799,0.3,0.4083,0.0,0.0,0.5,0.0,0.3994,False,False,False,False,无明确战法态,15.76,0.13,16.34,False,2107.9,有色金属,准ST股,36.0
600769,,0.0,0.0,0.0909,1.0,1.0,0.4713,0.3621,0.3,1.0,0.0,1.0,0.5,0.7,0.3783,False,False,True,False,无明确战法态,21.78,10.0,17.76,True,8167.0,电力行业,武汉规划,26.5
600770,,0.3479,0.9444,0.619,0.4476,0.7888,0.67,0.349,0.0,0.3873,0.0,0.0,1.0,0.0,0.4032,False,False,False,False,无明确战法态,6.09,-3.33,6.34,False,7917.0,综合行业,光伏/5G概念/网络游戏,28.4
600771,,0.0,1.0,0.8032,0.0,0.0,0.2157,0.3259,0.0,0.0588,0.0,0.0,0.5,0.0,0.268,False,False,False,False,无明确战法态,14.13,1.73,14.85,False,6916.5,生物制药,白酒概念/阿尔茨海默概念,47.0
600773,,0.4492,1.0,0.7795,0.0,0.0,0.8007,0.1353,0.0,0.0,0.0,0.0,0.0,0.0,0.6402,False,False,False,False,无明确战法态,12.93,-0.54,16.33,False,12304.0,房地产,盐湖提锂/锂电池/涉矿概念,29.9
600774,,0.0,1.0,0.696,0.0,0.0,0.3249,0.2458,0.0,0.0,0.0,0.0,0.0,0.0,0.4551,False,False,False,False,无明确战法态,6.76,2.74,7.55,False,1993.4,商业百货,武汉规划,30.2
600775,,0.3895,1.0,0.7539,0.0,0.0,0.7287,0.2713,0.6,0.0,0.0,0.0,0.0,0.0,0.4351,False,False,False,False,无明确战法态,9.66,1.9,11.34,False,6490.0,电子信息,含H股/卫星导航/智能机器,32.2
600776,,0.7331,1.0,0.8166,0.0,0.0,0.8405,0.2952,0.3,0.0,0.0,0.0,0.0,0.0,0.6058,False,False,False,False,无明确战法态,12.98,2.04,15.46,False,12408.9,电子信息,含B股/国企改革,32.2
600777,,0.9417,1.0,0.6855,0.1541,0.0,0.3791,0.1088,0.0,0.0,0.0,0.0,0.0,0.0,0.5396,False,False,False,False,无明确战法态,4.3,1.42,5.13,False,27374.5,综合行业,黄河三角/金融改革/页岩气,28.4
600778,,0.0,1.0,0.7765,0.0,0.0,0.5489,0.1422,0.0,0.0,0.0,0.0,0.0,0.0,0.498,False,False,False,False,无明确战法态,5.18,2.17,5.87,False,1612.1,商业百货,内贸规划/业绩预升/参股金融,30.2
600779,,0.0,1.0,0.8296,0.0,0.0,0.7933,0.4053,0.3,0.0,0.0,0.0,0.0,0.0,0.3082,False,False,False,False,无明确战法态,28.64,-1.07,31.25,False,13962.1,酿酒行业,白酒概念/成渝特区/外资背景,27.4
600780,,0.0,1.0,0.8673,0.0739,0.0,0.9768,0.4576,0.0,0.1446,0.0,0.0,0.0,0.0,0.4738,False,False,False,False,无明确战法态,6.12,1.49,6.58,False,7016.6,电力行业,,26.5
600782,,0.0,1.0,0.7933,0.0,0.0,0.4649,0.2324,0.0,0.0,0.0,0.0,0.5,0.0,0.4379,False,False,False,False,无明确战法态,2.57,-0.39,2.88,False,8084.3,钢铁行业,整体上市/信托重仓,29.8
600783,,0.0,0.774,0.388,0.1115,0.0,0.0708,0.293,0.9,0.8586,0.0,0.0,0.5,0.0,0.3694,False,False,False,False,无明确战法态,22.28,4.36,21.65,True,16584.3,其它行业,黄河三角/业绩预升/参股金融,37.8
600784,,0.0,1.0,0.6838,0.1781,0.2765,0.2722,0.3525,0.3,1.0,0.0,0.0,0.5,0.0,0.3838,False,False,False,False,无明确战法态,7.8,2.77,7.22,True,5270.1,钢铁行业,专精特新/光伏/黄河三角,29.8
600785,,0.8464,1.0,0.7715,0.0,0.0,0.646,0.3418,0.3,0.0,0.0,0.0,0.0,0.0,0.4379,False,False,False,False,无明确战法态,10.34,1.27,15.1,False,2333.0,商业百货,内贸规划/陕甘宁/金融参股,30.2
600787,,0.0,1.0,0.8471,0.0,0.0,0.611,0.3132,0.3,0.0,0.0,0.0,0.0,0.0,0.4419,False,False,False,False,无明确战法态,4.36,0.0,4.78,False,9461.5,交通运输,金融改革/京津冀/整体上市,32.0
600789,,0.0,1.0,0.7971,0.0,0.0,0.163,0.3149,0.6,0.0,0.0,0.0,0.0,0.0,0.3509,False,False,False,False,无明确战法态,6.96,0.87,7.64,False,6254.7,生物制药,黄河三角/阿尔茨海默概念/宠物经济,47.0
600790,,0.0,1.0,0.822,0.0,0.0,0.8179,0.1592,0.0,0.0,0.0,0.0,0.0,0.0,0.5148,False,False,False,False,无明确战法态,3.42,1.48,3.78,False,5013.0,商业百货,业绩预升/分拆上市/参股金融,30.2
600791,,0.888,1.0,0.4928,0.0,0.0,0.381,0.0694,0.3,0.0,0.0,0.0,0.0,0.0,0.5769,False,False,False,False,无明确战法态,8.11,-0.49,11.31,False,3668.3,房地产,,29.9
600792,,0.3446,1.0,0.7949,0.0,0.0,0.8164,0.4027,0.0,0.0,0.0,0.0,0.0,0.0,0.5322,False,False,False,False,无明确战法态,3.27,0.62,3.91,False,3629.5,煤炭行业,低碳经济/涉矿概念/节能环保,26.5
600793,,0.0,0.0,0.9954,0.0,0.0,0.5795,0.2257,0.9,0.744,0.0,0.0,0.5,0.0,0.5123,False,False,False,False,无明确战法态,16.01,10.03,14.89,True,2832.2,造纸行业,成渝特区/电子纸,31.9
600794,,0.0,1.0,0.8434,0.0,0.0,0.5048,0.176,0.3,0.0,0.0,0.0,0.0,0.0,0.5344,False,False,False,False,无明确战法态,3.03,1.68,3.26,False,3636.5,交通运输,信托重仓/参股金融,32.0
600795,,0.0,1.0,0.8582,0.3793,0.0,0.7807,0.4678,0.0,0.3361,0.0,0.0,0.0,1.0,0.3327,False,False,False,False,无明确战法态,4.72,0.43,4.87,False,84184.1,电力行业,风能概念/业绩预升/整体上市,26.5
600796,,0.0,1.0,0.8596,0.0,0.0,0.5778,0.1686,0.0,0.0,0.0,0.0,0.0,0.0,0.5312,False,False,False,False,无明确战法态,4.8,1.05,5.4,False,1495.1,农药化肥,生态农业/生物质能发电,33.4
600797,,0.0307,1.0,0.8658,0.0,0.0,0.794,0.2648,0.3,0.0,0.0,0.0,0.0,0.0,0.4495,False,False,False,False,无明确战法态,6.5,0.62,7.82,False,6678.9,电子信息,电子支付/国产软件/网络游戏,32.2
600798,,0.7908,1.0,0.9148,0.0735,0.0,0.9228,0.1998,0.9,0.0,0.0,0.0,0.0,0.0,0.3963,False,False,False,False,无明确战法态,3.16,0.96,3.51,False,3812.6,交通运输,海上丝路/自贸区/航运概念,32.0
600800,,0.6881,1.0,0.7308,0.0,0.0,0.5495,0.0895,0.0,0.0,0.0,0.0,0.0,0.0,0.4879,False,False,False,False,无明确战法态,3.15,-2.17,3.88,False,3495.7,综合行业,电子支付/参股金融/丙烯酸,28.4
600801,,0.0,0.0,0.3074,0.0,0.0,0.4004,0.2742,0.6,0.051,0.0,0.0,0.0,0.0,0.4846,False,False,False,False,无明确战法态,18.11,10.02,19.35,False,24298.1,水泥行业,含B股/业绩预升/外资背景,35.7
600802,,0.0,1.0,0.7975,0.0,0.0,0.4958,0.1164,0.0,0.0,0.0,0.0,0.0,0.0,0.5122,False,False,False,False,无明确战法态,4.35,1.64,4.98,False,1993.4,水泥行业,海峡西岸/金融参股/参股金融,35.7
600803,,0.0,1.0,0.8423,0.0,0.0,0.3567,0.1742,0.0,0.0,0.0,0.0,0.0,0.0,0.5506,False,False,False,False,无明确战法态,16.5,2.74,18.36,False,50683.5,农药化肥,生物燃料/俄乌冲突概念,33.4
600805,,0.1225,1.0,0.8241,0.0,0.0,0.6441,0.1836,0.0,0.0,0.0,0.0,0.0,0.0,0.5119,False,False,False,False,无明确战法态,4.23,1.44,4.7,False,3596.7,综合行业,垃圾分类/沿海发展/参股金融,28.4
600807,,0.0,1.0,0.7787,0.0,0.0,0.5262,0.2913,0.9,0.0,0.0,0.0,0.0,0.0,0.4945,False,False,False,False,无明确战法态,2.45,1.66,2.73,False,1928.2,房地产,涉矿概念/基因测序/猴痘概念,29.9
600808,,0.0941,1.0,0.7333,0.0,0.0,0.4614,0.1457,0.3,0.0,0.0,0.0,0.0,0.0,0.5117,False,False,False,False,无明确战法态,2.54,1.6,3.07,False,15158.1,钢铁行业,含H股/皖江区域/特钢概念,29.8
600809,,0.0,1.0,0.862,0.0,0.0,0.6403,0.2992,0.3,0.0,0.0,0.0,0.5,0.0,0.4578,False,False,False,False,无明确战法态,109.25,0.07,125.16,False,133281.1,酿酒行业,白酒概念/基金重仓/同花顺漂亮100,27.4
600810,,0.7373,1.0,0.7856,0.0,0.0,0.7282,0.4088,0.3,0.0,0.0,0.0,0.5,0.0,0.5393,False,False,False,False,无明确战法态,6.26,0.64,6.94,False,6765.5,化纤行业,股权转让(并购重组)/军工,37.1
600812,,0.0,1.0,0.8078,0.0,0.0022,0.3065,0.4382,0.0,0.2035,0.0,0.0,1.0,0.0,0.3461,False,False,False,False,无明确战法态,4.59,1.77,4.72,False,7875.2,生物制药,生物疫苗/抗癌/维生素,47.0
600814,,0.0,1.0,0.8528,0.0,0.0,0.6798,0.2513,0.3,0.0,0.0,0.0,0.0,0.0,0.5194,False,False,False,False,无明确战法态,6.41,1.1,7.04,False,4711.9,商业百货,内贸规划,30.2
600815,,0.0,1.0,0.677,0.0,0.0,0.0,0.081,0.0,0.0,0.0,0.0,0.5,0.0,0.347,False,False,False,False,无明确战法态,2.82,-2.42,3.23,False,5002.9,机械行业,海峡西岸/金融参股,36.7
600816,,0.5144,1.0,0.8381,0.1134,0.0,0.7754,0.1652,0.0,0.0,0.0,0.0,0.0,0.0,0.3995,False,False,False,False,无明确战法态,2.48,0.4,2.73,False,13563.5,金融行业,信托概念,39.0
600817,,0.0,0.8875,0.7253,0.0,0.0,0.5756,0.1396,0.0,0.0,0.0,0.0,0.0,0.0,0.6401,False,False,False,False,无明确战法态,9.31,3.67,10.09,False,4927.3,电子器件,垃圾分类/上海本地/换电概念,73.7
600818,,0.0,1.0,0.756,0.0,0.0,0.6226,0.3106,0.0,0.0,0.0,0.0,1.0,0.0,0.3566,False,False,False,False,无明确战法态,6.05,0.67,6.55,False,1439.6,,含B股/上海自贸/参股金融,
600819,,0.275,1.0,0.8736,0.0,0.0,0.7338,0.1581,0.6,0.0,0.0,0.0,0.5,0.0,0.5412,False,False,False,False,无明确战法态,5.77,-0.52,6.66,False,4312.6,玻璃行业,光伏/含B股/外资背景,52.3
600820,,0.0,1.0,0.9119,0.0135,0.0,0.7208,0.2415,0.3,0.101,0.0,0.0,0.0,0.0,0.3655,False,False,False,False,无明确战法态,5.34,0.75,5.66,False,16789.5,建筑建材,雄安新区/国企改革/上海本地,28.0
600821,,0.7162,1.0,0.6955,0.0,0.0,0.7674,0.172,0.0,0.0,0.0,0.0,0.0,0.0,0.5749,False,False,False,False,无明确战法态,6.04,-1.47,7.28,False,11882.6,商业百货,光伏/天津自贸/天津自贸区,30.2
600822,,0.0,1.0,0.8304,0.0,0.0,0.527,0.1624,0.3,0.0,0.0,0.0,0.0,0.0,0.4847,False,False,False,False,无明确战法态,8.03,2.16,8.89,False,3181.1,物资外贸,含B股/国企改革/油气改革,29.8
600824,,0.0,1.0,0.8635,0.0,0.0,0.6236,0.1788,0.3,0.0,0.0,0.0,0.0,0.0,0.4996,False,False,False,False,无明确战法态,3.47,1.46,3.74,False,3657.5,商业百货,上海本地,30.2
600825,,0.0,1.0,0.6995,0.0,0.0,0.4671,0.2149,0.6,0.0,0.0,0.0,0.0,0.0,0.4,False,False,False,False,无明确战法态,4.87,-0.2,5.24,False,5088.6,传媒娱乐,国企改革/上海本地/无人零售,29.0
600826,,0.0,1.0,0.6567,0.2026,0.5503,0.3745,0.4605,0.9,0.4188,0.0,0.0,0.5,0.0,0.3772,False,False,False,False,无明确战法态,9.52,2.15,9.6,False,7002.3,物资外贸,抗癌/国企改革/金融参股,29.8
600827,,0.3307,1.0,0.8945,0.1815,0.0,0.6103,0.4506,0.3,0.0794,0.0,0.0,0.0,0.0,0.3911,False,False,False,False,无明确战法态,7.61,0.4,8.09,False,12209.9,商业百货,含B股/国企改革/内贸规划,30.2
600828,,0.0,1.0,0.7814,0.0,0.0,0.6598,0.3744,0.6,0.0,0.0,0.0,0.0,0.0,0.4293,False,False,False,False,无明确战法态,3.7,1.09,4.46,False,6406.0,商业百货,成渝特区/参股金融/信托概念,30.2
600829,,0.0,0.9465,0.7212,0.0,0.0,0.2925,0.3118,0.0,0.096,0.0,0.0,0.0,0.0,0.3697,False,False,False,False,无明确战法态,8.4,3.32,8.87,False,4871.1,生物制药,民营医院/黑龙江自贸区,47.0
600830,,0.0,1.0,0.8261,0.0265,0.0,0.8269,0.2176,0.0,0.1107,0.0,0.0,0.0,0.0,0.4866,False,False,False,False,无明确战法态,8.18,1.61,8.64,False,3716.4,金融行业,金融改革/共同富裕示范区/互联网金融,39.0
600831,,0.0,1.0,0.7611,0.0,0.0,0.7447,0.0113,0.0,0.0,0.0,0.0,0.0,0.0,0.4348,False,False,False,False,无明确战法态,3.14,2.28,3.49,False,2232.4,传媒娱乐,陕甘宁/农村电商,29.0
600833,,0.0,0.8808,0.7381,0.0,0.0,0.1901,0.2044,0.0,0.0,0.0,0.0,0.0,0.0,0.5369,False,False,False,False,无明确战法态,9.77,3.72,10.55,False,2179.6,商业百货,国企改革/上海本地,30.2
600834,,0.0,1.0,0.8417,0.0,0.0,0.6907,0.0875,0.0,0.0,0.0,0.0,0.0,0.0,0.4923,False,False,False,False,无明确战法态,6.91,2.52,7.47,False,3298.7,交通运输,国企改革/上海本地,32.0
600835,,0.0,0.6241,0.5211,0.0,0.0,0.4054,0.2131,0.6,0.3206,0.0,0.0,0.5,0.0,0.4333,False,False,False,False,无明确战法态,21.83,5.26,22.36,False,17606.0,交通运输,含B股/国企改革/智能机器,32.0
600838,,0.0,1.0,0.845,0.0,0.0,0.6513,0.1963,0.3,0.0,0.0,0.0,0.0,0.0,0.5703,False,False,False,False,无明确战法态,7.37,0.82,8.49,False,2954.5,商业百货,金融参股/上海本地/参股金融,30.2
600839,,0.0,1.0,0.7986,0.0,0.0,0.533,0.2857,0.0,0.0,0.0,0.0,0.5,0.0,0.4649,False,False,False,False,无明确战法态,6.85,-1.44,7.64,False,31612.5,家电行业,成渝特区/业绩预升/参股金融,35.7
600841,,0.0,0.0,0.3333,0.0,0.0,0.3173,0.1504,0.0,0.0,0.0,1.0,0.0,0.0,0.6059,False,False,False,False,无明确战法态,6.71,10.0,7.39,False,6998.7,机械行业,含B股/国企改革/上海本地,36.7
600843,,0.0,1.0,0.7914,0.108,1.0,0.5065,0.3789,0.0,0.4453,0.0,0.0,1.0,0.0,0.3582,False,False,False,False,无明确战法态,8.78,1.74,8.7,True,4119.8,纺织机械,含B股/上海本地,45.1
600844,,0.0,1.0,0.7628,0.0,0.0,0.6325,0.131,0.3,0.0,0.0,0.0,0.0,0.0,0.5252,False,False,False,False,无明确战法态,2.54,0.4,2.97,False,2089.7,化工行业,含B股/券商重仓/上海本地,39.0
600845,,0.0,1.0,0.7607,0.0,0.0,0.3594,0.2035,0.0,0.0,0.0,0.0,0.5,0.0,0.3393,False,False,False,False,无明确战法态,18.25,0.77,19.74,False,389.5,电子信息,含B股/国产软件/电商概念,32.2
600846,,0.0,1.0,0.6843,0.0,0.0,0.5063,0.3852,0.3,0.3389,0.0,0.0,0.5,0.0,0.3209,False,False,False,False,无明确战法态,10.93,1.49,11.1,False,6828.6,综合行业,垃圾分类/雄安新区/氢燃料,28.4
600847,,0.4161,1.0,0.6748,0.4082,0.0,0.8214,0.1727,0.0,0.2487,0.0,0.0,0.0,0.7,0.391,False,False,False,False,无明确战法态,13.6,-2.44,14.45,False,2084.7,电器行业,成渝特区,33.2
600848,,0.0,1.0,0.807,0.0,0.0,0.7598,0.2989,0.0,0.0,0.0,0.0,0.0,0.0,0.4587,False,False,False,False,无明确战法态,7.75,1.97,8.63,False,18552.8,仪器仪表,低碳经济/含B股/核电核能,34.2
600850,,0.7222,1.0,0.8164,0.0,0.0,0.8741,0.376,0.0,0.0,0.0,0.0,0.0,1.0,0.3458,False,False,False,False,无明确战法态,14.96,0.47,19.99,False,10175.8,电子信息,国防军工/乡村振兴/智能电网,32.2
600851,,0.1547,1.0,0.6224,0.8238,1.0,0.1933,0.6453,0.9,1.0,0.0,0.0,0.5,0.0,0.2435,False,False,False,False,无明确战法态,9.15,-0.33,8.32,True,6754.6,纺织行业,免疫治疗/含B股/金融改革,36.5
600853,,0.0,1.0,0.8071,0.0,0.0,0.7329,0.2169,0.0,0.0,0.0,0.0,0.0,0.0,0.4999,False,False,False,False,无明确战法态,3.18,2.25,3.54,False,3223.6,建筑建材,朝鲜改革/冰雪产业/黑龙江自贸区,28.0
600854,,0.0,1.0,0.7613,0.0,0.0,0.7631,0.112,0.0,0.0,0.0,0.0,0.0,0.0,0.4466,False,False,False,False,无明确战法态,4.29,2.39,4.7,False,2228.5,家电行业,锂电池,35.7
600855,,0.0,0.8333,0.6333,0.0,0.0,0.4545,0.1517,0.0,0.0,0.0,0.0,0.0,0.0,0.5566,False,False,False,False,无明确战法态,14.56,4.0,16.24,False,68.1,机械行业,国防军工/军工航天/节能环保,36.7
600857,,0.0,0.5205,0.0,1.0,1.0,0.2643,0.7506,0.9,1.0,0.0,0.0,1.0,0.7,0.2805,False,False,False,False,无明确战法态,21.3,-5.88,15.78,True,4778.0,商业百货,黄金概念/高校背景/金融参股,30.2
600858,,0.0,1.0,0.8238,0.0,0.0,0.6363,0.2715,0.3,0.0,0.0,0.0,0.0,0.0,0.4949,False,False,False,False,无明确战法态,4.62,1.76,5.11,False,23.9,商业百货,内贸规划/保险重仓,30.2
600859,,0.0,1.0,0.83,0.0,0.0,0.5403,0.2974,0.3,0.0,0.0,0.0,0.0,0.0,0.4086,False,False,False,False,无明确战法态,9.48,0.74,10.87,False,10653.9,商业百货,内贸规划/信托重仓/券商重仓,30.2
600860,,0.0,1.0,0.7009,0.0,0.0,0.526,0.1884,0.0,0.0,0.0,0.0,0.5,0.0,0.5188,False,False,False,False,无明确战法态,8.71,2.83,9.72,False,3867.6,机械行业,含H股/俄乌冲突概念/天然气,36.7
600861,,0.0,1.0,0.9095,0.0,0.0,0.765,0.1785,0.3,0.0,0.0,0.0,0.0,0.0,0.5924,False,False,False,False,无明确战法态,12.6,0.64,14.31,False,4618.8,商业百货,,30.2
600862,,0.0,0.6475,0.6103,0.0,0.0337,0.2011,0.376,0.6,0.1644,0.0,0.0,0.0,0.0,0.4538,False,False,False,False,无明确战法态,18.7,5.12,19.48,False,26050.0,房地产,大飞机/国防军工/军工航天,29.9
600863,,0.7528,1.0,0.7711,0.3388,0.0,0.8706,0.2648,0.0,0.0,0.0,0.0,0.0,1.0,0.5416,False,False,False,False,B1候B2,4.6,-1.29,5.35,False,30023.7,电力行业,低碳经济/信托重仓/券商重仓,26.5
600864,,0.0,1.0,0.9001,0.0,0.0,0.7449,0.3916,0.6,0.0404,0.0,0.0,0.5,0.0,0.3032,False,False,False,False,无明确战法态,5.4,1.12,5.74,False,11235.1,电力行业,碳交易/风能概念/节能环保,26.5
600865,,0.0,1.0,0.8192,0.0,0.0,0.8141,0.284,0.3,0.0,0.0,0.0,0.0,0.0,0.5603,False,False,False,False,无明确战法态,8.58,1.18,10.04,False,3228.1,商业百货,金融参股/参股金融/信托概念,30.2
600866,,0.0,1.0,0.8846,0.0,0.0,0.6564,0.3357,0.0,0.0,0.0,0.0,0.0,0.0,0.5265,False,False,False,False,无明确战法态,4.67,1.08,5.34,False,5864.4,食品行业,金融参股/代糖概念/合成生物,35.0
600867,,0.0,1.0,0.7668,0.0,0.3465,0.4179,0.3113,0.6,0.4809,0.0,0.0,1.0,0.0,0.2935,False,False,False,False,无明确战法态,8.23,-0.72,8.3,False,16118.8,生物制药,业绩预升/分拆上市/重组蛋白,47.0
600868,,0.1276,1.0,0.7949,0.0,0.0,0.8481,0.1858,0.9,0.0,0.0,0.0,0.0,0.0,0.5951,False,False,False,False,无明确战法态,2.65,1.92,3.19,False,5030.1,电力行业,涉矿概念/时空大数据/水泥概念,26.5
600869,,1.0,0.8093,0.5395,1.0,1.0,0.5893,0.4381,0.0,1.0,1.0,0.0,0.5,0.7,0.4258,False,False,False,False,无明确战法态,28.45,-4.14,26.58,True,63140.6,电力行业,锂电池/电商概念/超导概念,26.5
600871,,0.0,1.0,0.8712,0.0,0.0,0.6589,0.2114,0.0,0.0,0.0,0.0,0.0,0.0,0.4874,False,False,False,False,无明确战法态,2.08,0.48,2.37,False,28177.8,石油行业,含H股/页岩气/油气改革,26.5
600872,,0.0,1.0,0.8132,0.1111,0.0986,0.0963,0.2641,0.0,0.686,0.0,0.0,1.0,0.0,0.3594,False,False,False,False,无明确战法态,18.8,-0.58,18.49,True,14494.6,食品行业,锂电池/金融改革/氢燃料,35.0
600873,,0.0,1.0,0.8148,0.0,0.0,0.6529,0.16,0.3,0.0,0.0,0.0,0.0,0.0,0.5671,False,False,False,False,无明确战法态,7.91,-0.13,9.06,False,22181.6,食品行业,生物疫苗/参股金融/代糖概念,35.0
600874,,0.0,1.0,0.8786,0.1438,0.0,0.6212,0.3109,0.0,0.1597,0.0,0.0,0.0,0.0,0.4427,False,False,False,False,无明确战法态,5.51,0.36,5.82,False,6779.6,环保行业,含H股/节能环保,29.2
600875,,0.671,0.9148,0.6369,0.0,0.0,0.5985,0.3249,0.0,0.0,0.0,1.0,0.0,0.0,0.4427,False,False,False,False,无明确战法态,28.89,3.51,33.04,False,65388.7,发电设备,乡村振兴/成渝特区/低碳经济,28.3
600876,,0.776,1.0,0.8338,0.0,0.0,0.7666,0.2015,0.6,0.0,0.0,0.0,0.0,0.0,0.593,False,False,False,False,无明确战法态,7.25,0.42,8.77,False,2868.6,玻璃行业,碳中和/光伏/光伏概念,52.3
600877,,0.0,1.0,0.5863,0.177,1.0,0.3107,0.4245,0.3,0.9854,0.0,0.0,1.0,0.0,0.3003,False,False,False,False,无明确战法态,16.75,-1.0,15.95,True,19833.0,摩托车,国防军工/成渝特区/军工航天,38.1
600879,,0.0,0.433,0.5477,0.0,0.351,0.3264,0.4451,0.6,0.8913,0.0,0.0,0.5,0.0,0.4418,False,False,False,False,无明确战法态,22.27,6.4,21.6,True,73475.4,飞机制造,国防军工/军工航天/武汉规划,47.0
600880,,0.0,1.0,0.8417,0.0,0.0,0.6602,0.2085,0.0,0.0,0.0,0.0,0.0,0.0,0.5757,False,False,False,False,无明确战法态,3.82,0.79,4.41,False,4175.4,印刷包装,成渝特区/网络游戏/分拆上市,27.7
600881,,0.2945,1.0,0.7849,0.4207,0.3588,0.8184,0.2413,0.6,0.2208,0.0,0.0,0.0,1.0,0.338,False,False,False,False,无明确战法态,1.55,0.0,1.6,False,5009.8,水泥行业,朝鲜改革/抗癌/金融参股,35.7
600882,,0.1997,1.0,0.6887,0.0,0.0,0.5661,0.2522,0.0,0.0,0.0,0.0,0.0,0.0,0.4683,False,False,False,False,无明确战法态,16.89,2.43,18.61,False,8614.8,钢铁行业,黄河三角/民营银行/参股金融,29.8
600883,,0.0,1.0,0.7698,0.0,0.0,0.5337,0.1498,0.0,0.0,0.0,0.0,0.0,0.0,0.4757,False,False,False,False,无明确战法态,7.34,1.38,7.98,False,1732.9,水泥行业,,35.7
600884,,1.0,1.0,0.8486,0.2362,0.0,0.7116,0.3631,0.0,0.0906,0.0,0.0,0.5,0.0,0.389,False,False,False,False,无明确战法态,13.07,-1.06,14.17,False,23984.9,服装鞋类,光伏/固态电池/低碳经济,47.0
600885,,0.0,0.6878,0.4493,0.9044,1.0,0.037,0.4598,0.3,1.0,0.0,0.0,1.0,0.7,0.3717,False,False,False,False,无明确战法态,38.09,4.87,33.06,True,58947.9,电器行业,武汉规划/福建自贸区,33.2
600886,,0.0,1.0,0.8229,0.4141,0.3166,0.7234,0.3939,0.0,0.5063,0.0,0.0,0.5,1.0,0.3573,False,False,False,False,无明确战法态,13.42,-0.96,13.52,False,100035.1,电力行业,业绩预升/陕甘宁/社保重仓,26.5
600887,,0.0,1.0,0.8746,0.2214,0.0,0.5972,0.2627,0.0,0.2743,0.0,0.0,0.0,0.0,0.3034,False,False,False,False,无明确战法态,24.6,0.61,25.51,False,154830.7,食品行业,社保重仓/保险重仓/QFII重仓,35.0
600888,,0.4271,0.6322,0.5105,1.0,1.0,0.4883,0.4121,0.0,1.0,0.0,0.0,1.0,0.7,0.3548,False,False,False,False,无明确战法态,14.2,-5.21,11.9,True,22053.8,有色金属,金融参股/参股金融/煤炭概念,36.0
600889,,0.0,0.7632,0.6762,0.467,0.7752,0.0662,0.2579,0.3,1.0,0.0,0.0,0.5,0.7,0.4495,False,False,False,False,B2确认,16.77,4.42,15.75,True,6143.6,化纤行业,光刻机,37.1
600892,,0.0,0.6935,0.5161,0.3032,0.0,0.0,0.2288,0.0,0.3417,0.0,0.0,0.5,0.0,0.4423,False,False,False,False,无明确战法态,3.54,-4.84,3.69,False,1980.0,综合行业,参股金融/短剧游戏/手机游戏,28.4
600893,,0.0,0.4881,0.5521,0.0,0.0,0.2383,0.1456,0.3,0.0126,0.0,1.0,0.0,0.0,0.4213,False,False,False,False,无明确战法态,39.31,6.07,42.68,False,104766.1,飞机制造,大飞机/国防军工/军工航天,47.0
600894,,0.0,1.0,0.8823,0.0,0.0,0.7148,0.2759,0.0,0.0,0.0,0.0,0.0,0.0,0.5013,False,False,False,False,无明确战法态,7.94,0.13,8.63,False,6694.6,交通运输,绿色照明/业绩预升/券商重仓,32.0
600895,,0.0,1.0,0.7625,0.1656,0.8428,0.6407,0.2321,0.3,0.4149,0.0,0.0,1.0,0.0,0.4009,False,False,False,False,无明确战法态,34.62,-2.89,35.3,False,53615.6,开发区,上海自贸/整体上市/分拆上市,33.7
600897,,0.0,1.0,0.8877,0.2355,0.2393,0.7374,0.4277,0.9,0.2964,0.0,0.0,0.0,0.0,0.3273,False,False,False,False,无明确战法态,14.9,0.4,15.36,False,6212.3,交通运输,海峡西岸/QFII重仓,32.0
600900,,0.0,1.0,0.8961,0.4915,0.3948,0.5982,0.4499,0.6,0.567,0.0,0.0,0.5,0.7,0.3534,False,False,False,False,B1候B2,27.05,0.37,26.99,True,661865.3,电力行业,整体上市/金融参股/保险重仓,26.5
600901,,0.0,1.0,0.8673,0.1988,0.0,0.6496,0.3364,0.0,0.3338,0.0,0.0,0.0,0.0,0.3732,False,False,False,False,无明确战法态,6.14,1.82,6.34,False,35553.4,,,
600903,,0.4227,1.0,0.7678,0.5537,0.0,0.8711,0.1127,0.0,0.0,0.0,0.0,0.0,0.7,0.4648,False,False,False,False,B1候B2,6.8,-1.31,7.72,False,7820.1,,页岩气,
600905,,0.1644,1.0,0.9113,0.2385,0.0,0.8916,0.3208,0.6,0.0543,0.0,0.0,0.0,0.0,0.4663,False,False,False,False,无明确战法态,3.77,0.27,4.05,False,107775.4,,光伏/碳交易/抽水蓄能,
600906,,0.0,0.9016,0.5479,1.0,1.0,0.1738,0.5828,0.9,1.0,0.0,0.0,0.5,1.0,0.3301,False,False,False,False,无明确战法态,7.79,3.59,7.05,True,165.5,,百度概念/雄安新区/期货概念,
600908,,0.0,1.0,0.8728,0.2312,0.0,0.5528,0.2205,0.0,0.2048,0.0,0.0,0.0,0.0,0.3927,False,False,False,False,无明确战法态,5.24,0.0,5.48,False,10476.4,,,
600909,,0.0,0.0,0.3529,1.0,1.0,0.1421,0.6044,0.3,1.0,0.0,0.0,1.0,0.7,0.2979,False,False,False,False,无明确战法态,10.82,-9.46,8.44,True,54361.9,,期货概念,
600916,,0.0,0.8914,0.6161,0.0,0.0,0.0,0.2947,0.6,0.0,0.0,0.0,0.0,0.0,0.3239,False,False,False,False,无明确战法态,7.38,3.65,8.08,False,12398.4,,黄金概念,
600917,,0.0,1.0,0.8569,0.0205,0.0,0.8502,0.2039,0.0,0.0145,0.0,0.0,0.0,0.0,0.5573,False,False,False,False,无明确战法态,4.73,1.5,5.08,False,7383.7,供水供气,,26.9
600918,,0.0,1.0,0.8775,0.0863,0.3089,0.4614,0.3436,0.3,0.2852,0.0,0.0,1.0,0.0,0.336,False,False,False,False,无明确战法态,5.46,0.37,5.61,False,21435.1,,,
600919,,0.0,1.0,0.8104,0.5955,0.3591,0.5915,0.4226,0.0,0.5753,0.0,0.0,0.0,0.7,0.3684,False,False,False,False,B1候B2,11.15,-0.89,11.16,False,204617.3,,,
600925,,0.0,1.0,0.7912,0.08,0.0,0.6594,0.2933,0.0,0.2361,0.0,0.0,0.0,0.0,0.4091,False,False,False,False,无明确战法态,4.26,2.65,4.43,False,6841.8,,煤炭概念,
600926,,0.0,1.0,0.8836,0.1994,0.0,0.4394,0.3074,0.0,0.1279,0.0,0.0,0.0,0.0,0.4086,False,False,False,False,无明确战法态,15.0,0.74,15.92,False,108735.0,,,
600927,,0.2163,1.0,0.8215,0.0262,0.0,0.6608,0.1953,0.0,0.1662,0.0,0.0,0.5,1.0,0.4035,False,False,False,False,无明确战法态,12.87,1.34,13.57,False,18733.0,,,
600928,,0.0,1.0,0.8431,0.2645,0.0213,0.5907,0.2729,0.3,0.3385,0.0,0.0,0.0,0.0,0.3798,False,False,False,False,无明确战法态,3.44,1.18,3.52,False,15216.3,,移动支付,
600929,,0.0,1.0,0.7594,0.0,0.0,0.6681,0.2153,0.0,0.0,0.0,0.0,0.0,0.0,0.5516,False,False,False,False,无明确战法态,4.78,1.49,5.48,False,7839.7,,,
600930,,0.0,1.0,0.8905,0.0,0.0,0.8555,0.1516,0.3,0.0,0.0,0.0,0.0,0.0,0.5713,False,False,False,False,无明确战法态,4.9,0.62,5.68,False,15826.1,次新股,,33.7
600933,,0.0,0.6102,0.5483,0.0,0.0,0.2169,0.1213,0.6,0.2318,0.0,0.0,0.0,0.0,0.5721,False,False,False,False,无明确战法态,15.39,5.34,15.93,False,15041.8,,共封装光学(CPO)/汽车热管理,
600935,,0.0,1.0,0.8023,0.0,0.0,0.6024,0.4251,0.3,0.0954,0.0,0.0,1.0,0.0,0.2949,False,False,False,False,无明确战法态,2.3,-2.54,2.45,False,8067.0,,水泥概念,
600936,,0.0,1.0,0.587,0.4078,0.0,0.878,0.1732,0.3,0.371,0.0,0.0,0.0,0.7,0.3367,False,False,False,False,无明确战法态,4.55,0.66,4.75,False,7603.2,,数字乡村/文化传媒概念/智慧政务,
600938,,0.3259,0.9143,0.7607,0.0,0.0,0.3234,0.0988,0.3,0.0,0.0,0.0,0.0,0.0,0.6019,False,False,False,False,无明确战法态,27.69,3.51,32.83,False,82793.1,,碳交易/页岩气/天然气,
600939,,0.0,1.0,0.8064,0.0,0.0,0.8011,0.299,0.0,0.0,0.0,0.0,0.0,0.0,0.5038,False,False,False,False,无明确战法态,2.45,1.66,2.72,False,4661.1,,地下管网,
600941,,0.0491,1.0,0.8618,0.2285,0.0,0.6281,0.2004,0.0,0.0615,0.0,0.0,0.0,0.0,0.508,False,False,False,False,无明确战法态,87.48,-0.87,93.35,False,78974.1,,超级品牌/多模态AI/数字乡村,
600955,,0.0,1.0,0.6285,0.0,0.0,0.4787,0.1755,0.3,0.2291,0.0,0.0,0.5,0.0,0.3959,False,False,False,False,无明确战法态,15.81,-2.11,16.67,False,8695.5,,环氧丙烷/消毒剂,
600956,,0.3676,1.0,0.8946,0.0,0.0,0.952,0.2109,0.6,0.0,0.0,0.0,0.0,1.0,0.5165,False,False,False,False,无明确战法态,7.02,0.86,8.04,False,16483.6,,光伏/抽水蓄能/钒电池,
600958,,0.0316,1.0,0.8953,0.4386,0.8893,0.7113,0.4203,0.9,0.5753,0.0,0.0,0.5,0.0,0.3202,False,False,False,False,无明确战法态,9.56,0.1,9.52,True,71408.3,金融行业,含H股,39.0
600959,,0.0,1.0,0.8635,0.0,0.0,0.7218,0.0734,0.0,0.0,0.0,0.0,0.0,0.0,0.4745,False,False,False,False,无明确战法态,2.98,1.71,3.41,False,14902.1,传媒娱乐,食品安全/短剧游戏/数字乡村,29.0
600960,,0.0,1.0,0.8358,0.0,0.0,0.5491,0.2484,0.3,0.0,0.0,0.0,0.5,0.0,0.4321,False,False,False,False,无明确战法态,4.02,-0.99,4.45,False,3821.1,汽车制造,黄河三角,40.0
600961,,0.8546,0.1234,0.3841,1.0,1.0,0.3558,0.3006,0.3,1.0,1.0,0.0,0.5,0.7,0.3643,False,False,False,False,无明确战法态,29.99,-8.26,27.77,True,22546.9,有色金属,黄金概念/长株潭/金属锌,36.0
600962,,0.0,0.6283,0.6116,1.0,1.0,0.2447,0.2772,0.0,1.0,0.0,0.0,1.0,0.7,0.3353,False,False,False,False,无明确战法态,27.0,-5.23,24.93,True,7079.7,食品行业,,35.0
600963,,0.0,1.0,0.5584,0.0,0.0,0.27,0.0333,0.0,0.0,0.0,0.0,0.0,0.0,0.4663,False,False,False,False,无明确战法态,3.18,0.32,3.89,False,5589.1,造纸行业,长株潭/生物质能发电,31.9
600965,,0.0,1.0,0.7091,0.0,0.0,0.9477,0.2031,0.0,0.0,0.0,0.0,0.5,0.0,0.5725,False,False,False,False,无明确战法态,2.8,1.82,3.47,False,2292.4,农林牧渔,粮食概念/生态农业/土地流转,39.0
600966,,0.0,1.0,0.7446,0.0,0.0,0.5955,0.1884,0.0,0.0,0.0,0.0,0.0,0.0,0.5249,False,False,False,False,无明确战法态,5.04,1.61,5.75,False,6737.7,造纸行业,黄河三角,31.9
600967,,0.0,0.859,0.707,0.0,0.0,0.251,0.2954,0.3,0.0,0.0,0.0,0.0,0.0,0.5036,False,False,False,False,无明确战法态,11.34,3.85,12.8,False,19298.4,交通运输,国防军工/军工航天/业绩预升,32.0
600968,,0.1361,1.0,0.7647,0.0,0.0,0.5865,0.3125,0.3,0.0,0.0,0.0,0.0,0.0,0.3786,False,False,False,False,无明确战法态,3.5,2.94,3.92,False,35577.9,,碳交易/页岩气/航运概念,
600969,,0.0,1.0,0.6173,0.0,0.0,0.6581,0.2338,0.0,0.0,0.0,0.0,0.0,0.0,0.5696,False,False,False,False,无明确战法态,8.04,2.55,9.49,False,2975.2,电力行业,长株潭,26.5
600970,,0.3745,1.0,0.7682,0.0,0.0,0.5894,0.2801,0.0,0.0,0.0,1.0,0.0,0.0,0.486,False,False,False,False,无明确战法态,7.31,1.67,8.71,False,19165.5,建筑建材,低碳经济/社保重仓/沿海发展,28.0
600971,,0.0,1.0,0.8146,0.3659,0.0,0.7431,0.3756,0.0,0.3685,0.0,0.0,0.0,0.7,0.3471,False,False,False,False,无明确战法态,7.25,0.83,7.48,False,8700.0,煤炭行业,业绩预降/信托重仓/券商重仓,26.5
600973,,0.5052,1.0,0.7382,0.2843,0.2769,0.7487,0.38,0.3,0.2532,0.0,0.0,1.0,0.0,0.3874,False,False,False,False,无明确战法态,6.62,0.0,6.99,False,9078.4,发电设备,大飞机/光伏/核电核能,28.3
600975,,0.0,1.0,0.775,0.0,0.0,0.0924,0.2165,0.3,0.2332,0.0,0.0,0.5,0.0,0.357,False,False,False,False,无明确战法态,4.81,1.48,4.94,False,6010.9,农林牧渔,长株潭/猪肉,39.0
600976,,0.0,0.844,0.6052,0.0,0.0,0.0,0.4321,0.3,0.4911,0.0,0.0,0.5,0.0,0.3898,False,False,False,False,无明确战法态,29.31,3.94,29.04,True,4493.2,生物制药,武汉规划/婴童概念/创新药,47.0
600977,,0.0,1.0,0.6064,0.2308,0.091,0.4745,0.3308,0.9,0.4063,0.0,0.0,0.0,1.0,0.398,False,False,False,False,无明确战法态,13.85,0.95,14.15,False,25858.0,,,
600979,,0.2926,1.0,0.866,0.0,0.0,0.963,0.2025,0.0,0.0,0.0,0.0,0.0,1.0,0.4712,False,False,False,False,无明确战法态,4.02,1.01,4.62,False,4953.7,电力行业,成渝特区,26.5
600980,,0.1608,1.0,0.7245,0.0,0.0,0.4402,0.2647,0.0,0.0,0.0,0.0,0.0,0.0,0.4484,False,False,False,False,无明确战法态,19.72,1.86,21.35,False,3732.3,电子器件,准ST股/整体上市,73.7
600981,,0.2518,1.0,0.8238,0.0,0.0,0.7654,0.2824,0.6,0.0,0.0,0.0,0.0,0.0,0.5055,False,False,False,False,无明确战法态,2.32,2.2,2.64,False,5202.4,物资外贸,金融参股/参股金融,29.8
600982,,0.1641,1.0,0.834,0.0,0.0,0.9415,0.1876,0.3,0.0,0.0,0.0,0.0,0.0,0.4985,False,False,False,False,无明确战法态,4.88,1.24,5.55,False,5454.0,供水供气,光伏/业绩预降/信托重仓,26.9
600983,,0.0,1.0,0.8066,0.0,0.0,0.6012,0.4182,0.3,0.0,0.0,0.0,0.5,0.0,0.5649,False,False,False,False,无明确战法态,7.39,2.07,8.65,False,56.6,家电行业,垃圾分类/皖江区域,35.7
600984,,0.8069,1.0,0.5799,0.1278,0.0,0.736,0.1633,0.3,0.0,0.0,0.0,0.0,0.0,0.5514,False,False,False,False,无明确战法态,3.71,1.64,4.21,False,4663.6,机械行业,陕甘宁,36.7
600985,,0.4697,1.0,0.6526,0.8154,0.0946,0.6779,0.6273,0.6,0.4103,0.0,0.0,0.0,0.7,0.4202,False,False,False,False,B1候B2,14.27,0.49,14.7,False,38432.8,化工行业,皖江区域/煤化工概念/煤炭概念,39.0
600986,,0.8004,1.0,0.8,0.0,0.0,0.6469,0.1368,0.0,0.0,0.0,0.0,0.0,0.0,0.6826,False,False,False,False,无明确战法态,6.84,-2.29,8.77,False,10173.6,建筑建材,黄河三角/电子竞技/短剧游戏,28.0
600987,,0.0,1.0,0.876,0.0,0.0,0.3899,0.3729,0.0,0.2752,0.0,0.0,0.0,0.0,0.3789,False,False,False,False,无明确战法态,6.47,0.31,6.69,False,6604.7,纺织行业,黄金概念/涉矿概念/染料,36.5
600988,,0.0,0.0,0.6783,0.0,0.0,0.7064,0.3009,0.3,0.1583,0.0,0.0,0.0,0.0,0.53,False,False,False,False,无明确战法态,31.23,10.0,33.19,False,51964.0,,黄金概念/业绩预升/金属铜,
600989,,0.6365,1.0,0.828,0.0,0.0,0.6468,0.2456,0.0,0.0,0.0,0.0,0.0,0.0,0.4702,False,False,False,False,无明确战法态,20.54,0.0,23.84,False,150627.2,,煤化工概念/煤炭概念/POE胶膜,
600990,,0.0,0.0,0.3214,0.0,0.0,0.0,0.2265,0.6,0.0,0.0,0.0,0.0,0.0,0.6355,False,False,False,False,无明确战法态,19.13,10.01,20.28,False,5146.2,电子信息,大飞机/国防军工/军工航天,32.2
600992,,0.0,0.3636,0.3788,0.0,0.0,0.4673,0.3475,0.3,0.0,0.0,0.0,0.0,0.0,0.5048,False,False,False,False,无明确战法态,9.4,6.82,10.92,False,2303.8,钢铁行业,国产航母,29.8
600993,,0.0,1.0,0.8761,0.0311,0.0,0.5675,0.2664,0.0,0.1727,0.0,0.0,0.0,0.0,0.4385,False,False,False,False,无明确战法态,22.87,1.19,23.86,False,9841.1,生物制药,武汉规划/基因概念/抗癌,47.0
600995,,0.1968,1.0,0.9129,0.0,0.0,0.9072,0.3251,0.3,0.0,0.0,0.0,0.0,1.0,0.3151,False,False,False,False,无明确战法态,12.25,0.08,13.65,False,39151.1,电力行业,抽水蓄能/虚拟电厂,26.5
600996,,0.8397,0.857,0.4959,0.1383,0.0,0.5886,0.185,0.3,0.0,0.0,1.0,0.0,0.0,0.6892,False,False,False,False,无明确战法态,6.73,3.86,8.63,False,8391.0,,旅游概念/数字乡村/文化传媒概念,
600997,,0.0,1.0,0.8428,0.0,0.0,0.7885,0.3677,0.3,0.1418,0.0,0.0,0.5,0.0,0.3194,False,False,False,False,无明确战法态,5.16,1.38,5.4,False,81.9,煤炭行业,业绩预降/煤炭概念,26.5
600998,,0.0,1.0,0.8351,0.2227,0.3827,0.0237,0.6624,0.3,0.5512,0.0,0.0,0.5,0.0,0.3727,False,False,False,False,无明确战法态,4.94,1.86,4.92,True,24909.8,商业百货,武汉规划/基因测序/民营医院,30.2
600999,,0.0,1.0,0.6006,1.0,1.0,0.1055,0.8437,0.3,1.0,0.0,0.0,1.0,0.7,0.2674,False,False,False,False,无明确战法态,21.82,0.55,18.37,True,161948.2,金融行业,含H股/前海概念/央企50,39.0
601000,,0.0,1.0,0.8135,0.1954,0.0,0.7083,0.2635,0.0,0.3759,0.0,0.0,0.5,0.0,0.3749,False,False,False,False,无明确战法态,4.21,-1.86,4.34,False,24948.2,交通运输,雄安新区/京津冀/自贸区,32.0
601001,,0.3391,1.0,0.8283,0.7283,0.0,0.8163,0.3521,0.0,0.4009,0.0,0.0,0.0,0.7,0.2755,False,False,False,False,B1候B2,17.76,1.66,18.4,False,29724.9,煤炭行业,稀缺资源/煤炭概念,26.5
601002,,0.0,0.7372,0.6491,0.0,0.0,0.5383,0.1628,0.0,0.0,0.0,0.0,0.0,0.0,0.583,False,False,False,False,无明确战法态,4.57,4.58,5.03,False,4361.8,机械行业,,36.7
601003,,0.0,1.0,0.7899,0.0,0.0,0.8054,0.3263,0.0,0.0,0.0,0.0,0.0,0.0,0.3712,False,False,False,False,无明确战法态,3.47,-0.57,3.94,False,8892.9,钢铁行业,,29.8
601005,,0.0,1.0,0.8291,0.0,0.0,0.5182,0.1847,0.3,0.0,0.0,0.0,0.0,0.0,0.5072,False,False,False,False,无明确战法态,1.17,0.0,1.29,False,9727.0,钢铁行业,成渝特区/低碳经济/含H股,29.8
601006,,0.1882,1.0,0.8413,0.1699,0.0,0.4741,0.1588,0.0,0.0153,0.0,0.0,0.0,0.0,0.5632,False,False,False,False,无明确战法态,4.69,1.52,5.02,False,94490.3,交通运输,社保重仓/保险重仓/券商重仓,32.0
601007,,0.0,1.0,0.8624,0.0,0.0,0.7226,0.1867,0.0,0.0,0.0,0.0,0.0,0.0,0.5147,False,False,False,False,无明确战法态,6.31,0.16,6.93,False,2460.9,酒店旅游,参股金融/参股保险/预制菜,29.9
601008,,0.0,1.0,0.743,0.0,0.0,0.5148,0.3197,0.6,0.0422,0.0,0.0,0.0,0.0,0.411,False,False,False,False,无明确战法态,4.26,2.65,4.51,False,5285.1,交通运输,海上丝路/自贸区/日韩贸易,32.0
601009,,0.0,1.0,0.8324,0.3089,0.0,0.4503,0.3686,0.3,0.203,0.0,0.0,0.0,0.0,0.3989,False,False,False,False,B1候B2,10.43,0.87,10.91,False,128952.0,金融行业,保险重仓/信托重仓/QFII重仓,39.0
601010,,0.0,0.6285,0.8257,0.0,0.0,0.6369,0.4262,0.0,0.0,0.0,0.0,0.5,0.0,0.5492,False,False,False,False,无明确战法态,1.61,5.23,1.77,False,29.8,商业百货,内贸规划/参股金融,30.2
601011,,0.2236,1.0,0.8265,0.0,0.0,0.8272,0.4395,0.0,0.0,0.0,0.0,0.0,0.0,0.3506,False,False,False,False,无明确战法态,2.69,0.0,2.96,False,5153.1,煤炭行业,业绩预降/黑龙江自贸区/石墨电极,26.5
601012,,0.1654,1.0,0.8331,0.0,0.0,0.6432,0.1248,0.0,0.0,0.0,0.0,0.5,0.0,0.6119,False,False,False,False,无明确战法态,12.55,-1.8,14.44,False,95104.6,电子器件,光伏/锂电池/业绩预升,73.7
601015,,0.0,1.0,0.8434,0.0,0.0,0.8635,0.3731,0.0,0.0,0.0,0.0,0.0,0.0,0.4291,False,False,False,False,无明确战法态,3.01,1.01,3.56,False,6147.9,煤炭行业,,26.5
601016,,0.0,1.0,0.7872,0.0869,0.0,0.8576,0.2443,0.3,0.0,0.0,0.0,0.5,0.0,0.3634,False,False,False,False,无明确战法态,3.69,-1.86,4.11,False,22281.0,电力行业,,26.5
601018,,0.0,1.0,0.8354,0.0,0.0,0.5403,0.3002,0.0,0.0943,0.0,0.0,0.0,0.0,0.3947,False,False,False,False,无明确战法态,3.28,1.23,3.49,False,638.1,交通运输,海上丝路/本月解禁/金融参股,32.0
601019,,0.0,0.7972,0.6084,0.0,0.0,0.0,0.345,0.0,0.1172,0.0,0.0,0.0,0.0,0.4367,False,False,False,False,无明确战法态,6.92,4.22,7.26,False,14441.3,,文化传媒概念,
601020,,0.5007,1.0,0.7784,0.0,0.0,0.5147,0.201,0.3,0.0,0.0,0.0,0.5,0.0,0.3686,False,False,False,False,无明确战法态,23.77,0.0,26.28,False,19490.6,,黄金概念/金属锌,
601021,,0.0,1.0,0.8689,0.2918,0.6293,0.7213,0.2599,0.3,0.4121,0.0,0.0,1.0,0.0,0.3715,False,False,False,False,无明确战法态,46.72,-0.11,47.48,False,45707.7,交通运输,免税店,32.0
601022,,0.0,1.0,0.9236,0.015,0.0,0.9181,0.2901,0.6,0.1458,0.0,0.0,0.0,0.0,0.4424,False,False,False,False,无明确战法态,7.91,0.76,8.32,False,10351.3,,共同富裕示范区/航运概念/统一大市场,
601026,,0.0,1.0,0.8005,0.0,0.0,0.7035,0.1981,0.0,0.0,0.0,0.0,0.0,0.0,0.3789,False,False,False,False,无明确战法态,14.91,1.43,16.63,False,1656.3,次新股,丙烯酸,33.7
601033,,0.0,1.0,0.8406,0.2717,0.0,0.4876,0.2207,0.3,0.3132,0.0,0.0,0.0,1.0,0.3892,False,False,False,False,无明确战法态,13.73,-0.51,14.2,False,3295.2,,垃圾分类/固废处理/生物质能发电,
601038,,0.0,0.5749,0.6182,0.0,0.0,0.0,0.2034,0.3,0.3991,0.0,0.0,0.5,0.0,0.4398,False,False,False,False,无明确战法态,11.98,5.55,12.17,False,8765.8,机械行业,含H股/参股金融/农机,36.7
601058,,0.0,0.6288,0.583,0.0,0.0,0.0374,0.3495,0.0,0.2192,0.0,0.0,0.0,0.0,0.4871,False,False,False,False,无明确战法态,12.28,5.23,12.72,False,40377.9,汽车制造,黄河三角/业绩预升/同花顺出海50,40.0
601059,,0.0,1.0,0.8706,0.2669,0.586,0.7104,0.2549,0.6,0.6098,0.0,0.0,1.0,0.0,0.3825,False,False,False,False,无明确战法态,16.55,0.36,16.44,True,53671.7,,,
601061,,0.1426,1.0,0.8393,0.0,0.0,0.6126,0.2556,0.0,0.0,0.0,0.0,0.0,0.0,0.4794,False,False,False,False,无明确战法态,11.27,0.63,12.44,False,55223.0,,超导概念/金属锌/金属镍,
601065,,0.0,1.0,0.8937,0.0,0.0,0.6616,0.2525,0.0,0.0,0.0,0.0,0.0,0.0,0.4888,False,False,False,False,无明确战法态,7.0,1.45,7.57,False,4499.4,,,
601066,,0.2637,1.0,0.7674,1.0,1.0,0.4796,0.5437,1.0,1.0,0.0,0.0,1.0,1.0,0.3496,False,False,False,False,无明确战法态,28.32,-0.18,25.58,True,183957.4,,同花顺中特估100,
601068,,0.4069,1.0,0.8314,0.0,0.0,0.6065,0.1757,0.6,0.0,0.0,0.0,0.0,0.0,0.5643,False,False,False,False,无明确战法态,4.4,1.15,5.24,False,11262.2,,,
601069,,0.0,0.0,0.5301,0.0,0.0,0.4137,0.4413,0.6,0.0758,0.0,0.0,0.0,0.0,0.5305,False,False,False,False,无明确战法态,25.91,10.02,27.84,False,22987.1,,黄金概念/金属铜/小金属概念,
601077,,0.0,1.0,0.7551,0.2222,0.0,0.2479,0.4465,0.0,0.1962,0.0,0.0,0.0,0.0,0.3801,False,False,False,False,无明确战法态,6.33,1.12,6.65,False,55946.1,,,
601083,,0.3769,1.0,0.8756,0.0,0.0,0.8221,0.2453,0.3,0.0,0.0,0.0,0.0,0.0,0.4451,False,False,False,False,无明确战法态,10.31,1.28,11.33,False,2001.4,,航运概念/上海自贸区/统一大市场,
601086,,0.0,1.0,0.8343,0.0,0.0,0.8933,0.3509,0.3,0.0,0.0,0.0,0.0,0.0,0.4577,False,False,False,False,无明确战法态,6.92,1.17,7.74,False,4608.7,,,
601088,,0.0,1.0,0.8267,0.1056,0.0,0.6273,0.233,0.0,0.0661,0.0,0.0,0.0,0.0,0.5359,False,False,False,False,无明确战法态,40.7,-0.17,43.73,False,671185.2,煤炭行业,含H股/保险重仓/央企50,26.5
601089,,0.0,1.0,0.7148,0.0,0.0,0.2395,0.2728,0.3,0.0,0.0,0.0,1.0,0.0,0.3084,False,False,False,False,无明确战法态,17.58,1.62,18.71,False,8438.4,,创新药/仿制药一致性评价,
601096,,0.2022,1.0,0.8135,0.0,0.0,0.5931,0.1316,0.0,0.0,0.0,0.0,0.0,0.0,0.468,False,False,False,False,无明确战法态,4.39,2.33,4.95,False,7212.7,,,
601098,,0.0,1.0,0.8886,0.1605,0.0,0.4256,0.1889,0.0,0.1782,0.0,0.0,0.5,0.0,0.4294,False,False,False,False,无明确战法态,10.22,0.49,10.68,False,18355.1,传媒娱乐,长株潭/社保重仓/保险重仓,29.0
601099,,0.0,1.0,0.8276,0.1074,0.6462,0.5605,0.3975,0.6,0.3738,0.0,0.0,0.5,0.0,0.3732,False,False,False,False,无明确战法态,3.47,-0.29,3.52,False,23652.6,金融行业,互联网金融,39.0
601100,,0.0,0.0,0.3321,0.5792,0.5139,0.0,0.4114,0.3,1.0,0.0,0.0,0.0,0.7,0.5841,False,False,False,False,B2确认,121.66,10.0,111.8,True,163124.3,机械行业,同花顺漂亮100,36.7
601101,,0.0,0.8939,0.6242,1.0,0.0653,0.676,0.5484,0.3,1.0,1.0,0.0,0.0,0.7,0.3129,False,False,False,False,无明确战法态,11.4,3.64,10.9,True,16416.0,煤炭行业,稀缺资源,26.5
601106,,0.5693,0.9792,0.7292,0.0,0.0,0.3815,0.1779,0.0,0.0,0.0,1.0,0.0,0.0,0.459,False,False,False,False,无明确战法态,3.3,3.12,3.81,False,22630.7,机械行业,核电核能/券商重仓/国产航母,36.7
601107,,0.0,1.0,0.8595,0.0,0.0,0.5384,0.1489,0.3,0.0,0.0,0.0,0.0,0.0,0.548,False,False,False,False,无明确战法态,5.21,-0.19,5.72,False,11267.9,公路桥梁,成渝特区/含H股/金融参股,32.0
601108,,0.0,1.0,0.776,0.548,1.0,0.2475,0.6314,0.9,1.0,0.0,0.0,1.0,0.0,0.2342,False,False,True,False,无明确战法态,9.12,2.13,8.26,True,42351.1,,蚂蚁集团概念,
601111,,0.4861,1.0,0.8482,0.0,0.0,0.7113,0.1358,0.3,0.0,0.0,0.0,0.0,0.0,0.4577,False,False,False,False,无明确战法态,6.1,-0.81,6.65,False,70992.5,交通运输,含H股/保险重仓/央企50,32.0
601113,,0.1066,1.0,0.7817,0.0,0.0,0.4774,0.0929,0.0,0.0,0.0,0.0,0.0,0.0,0.5054,False,False,False,False,无明确战法态,3.4,1.19,3.97,False,3754.1,化纤行业,,37.1
601116,,0.2084,1.0,0.8533,0.0,0.0,0.8106,0.3405,0.3,0.0,0.0,0.0,0.0,0.0,0.4845,False,False,False,False,无明确战法态,10.06,0.6,12.1,False,5509.6,商业百货,,30.2
601117,,0.5977,1.0,0.8665,0.1655,0.0823,0.6134,0.2901,0.6,0.1933,0.0,0.0,0.5,0.0,0.3943,False,False,False,False,无明确战法态,7.55,0.8,7.99,False,45725.6,建筑建材,氢能源/污水处理/基金重仓,28.0
601118,,0.4039,1.0,0.7415,0.0,0.0,0.7304,0.2622,0.0,0.0,0.0,0.0,0.0,0.0,0.5913,False,False,False,False,无明确战法态,4.91,0.2,6.04,False,21012.0,化工行业,国防军工/海南自贸/军工航天,39.0
601121,,0.2141,1.0,0.8621,0.0,0.0,0.6197,0.2259,0.3,0.0,0.0,0.0,0.0,0.0,0.5218,False,False,False,False,无明确战法态,5.85,0.86,6.66,False,4680.0,,黄金概念/金属锌/金属铜,
601126,,1.0,1.0,0.6627,1.0,0.0,0.643,0.1798,0.0,0.2283,0.0,0.0,0.0,0.7,0.4534,False,False,False,False,无明确战法态,58.0,0.85,64.63,False,47855.0,发电设备,光伏/社保重仓/抽水蓄能,28.3
601127,,0.0,1.0,0.7339,0.0,0.0,0.2821,0.1442,0.3,0.0,0.0,0.0,0.0,0.0,0.5277,False,False,False,False,无明确战法态,61.84,2.42,76.1,False,96297.5,,固态电池,
601128,,0.0,1.0,0.8878,0.0,0.0,0.7731,0.2316,0.3,0.0,0.0,0.0,0.0,0.0,0.444,False,False,False,False,无明确战法态,5.96,0.34,6.61,False,19766.5,,,
601133,,0.0,1.0,0.4941,1.0,1.0,0.5803,0.2692,0.0,1.0,0.0,0.0,1.0,0.7,0.2812,False,False,False,False,无明确战法态,37.38,-1.5,29.92,True,19601.6,,柔性屏(折叠屏)/中芯国际概念,
601136,,0.0,1.0,0.8671,0.0,0.2077,0.5346,0.3539,0.6,0.2057,0.0,0.0,0.5,0.0,0.3949,False,False,False,False,无明确战法态,14.68,0.89,15.14,False,40125.3,,,
601137,,0.2974,1.0,0.6613,1.0,0.9966,0.691,0.2187,0.3,0.6688,1.0,0.0,0.0,1.0,0.3786,False,False,False,False,B1候B2,22.68,-0.66,22.45,True,20815.9,有色金属,光伏/HIT电池/AI手机,36.0
601138,,0.9358,1.0,0.6636,1.0,0.1582,0.8122,0.4227,0.3,0.2937,0.0,0.0,0.0,0.7,0.435,False,False,False,False,无明确战法态,64.72,1.09,69.07,False,1284309.7,,同花顺出海50/同花顺漂亮100,
601139,,0.0,1.0,0.874,0.0,0.0,0.738,0.2026,0.3,0.037,0.0,0.0,0.0,0.0,0.5393,False,False,False,False,无明确战法态,5.9,1.37,6.33,False,16972.8,供水供气,光伏/信托重仓/POE胶膜,26.9
601155,,0.1759,1.0,0.8569,0.0,0.0,0.5654,0.1272,0.3,0.0,0.0,0.0,0.0,0.0,0.5914,False,False,False,False,无明确战法态,10.48,2.24,12.4,False,23638.9,,,
601156,,0.0,1.0,0.8353,0.3763,1.0,0.5131,0.4528,0.3,0.9983,0.0,0.0,1.0,0.0,0.3146,False,False,False,False,无明确战法态,17.8,-0.06,16.85,True,16813.8,,冷链物流/统一大市场/智能物流,
601158,,0.0,1.0,0.8481,0.1184,0.0,0.6787,0.2097,0.3,0.2017,0.0,0.0,0.0,0.0,0.4446,False,False,False,False,无明确战法态,4.01,1.52,4.19,False,19248.1,供水供气,成渝特区/金融参股,26.9
601162,,0.0,1.0,0.7651,0.1645,1.0,0.0828,0.3065,1.0,0.7102,0.0,0.0,1.0,0.0,0.3615,False,False,False,False,无明确战法态,3.68,-0.27,3.53,True,31640.5,,物业管理,
601163,,0.0,1.0,0.8035,0.0713,0.0,0.5801,0.1949,0.0,0.2941,0.0,0.0,0.0,1.0,0.4908,False,False,False,False,无明确战法态,13.2,2.4,13.71,False,10560.0,,大飞机,
601166,,0.0546,1.0,0.8007,0.2805,0.0,0.5866,0.1962,0.3,0.1346,0.0,0.0,0.0,0.0,0.3987,False,False,False,False,无明确战法态,17.01,-0.29,17.85,False,359980.2,金融行业,基金重仓,39.0
601168,,0.1816,0.3474,0.4975,0.2672,0.0,0.1656,0.3663,0.3,0.5338,0.0,1.0,0.0,0.7,0.3803,False,False,False,False,无明确战法态,29.22,6.92,30.0,False,69631.3,有色金属,黄金概念/稀缺资源/锂电池,36.0
601169,,0.0,1.0,0.8938,0.2957,0.1487,0.5516,0.2524,0.0,0.3081,0.0,0.0,0.0,0.0,0.3242,False,False,False,False,无明确战法态,5.03,0.2,5.15,False,106349.2,金融行业,保险重仓/信托重仓/QFII重仓,39.0
601177,,0.0,0.0,0.3543,0.0,0.0,0.6504,0.3305,0.0,0.3536,0.0,0.0,0.0,0.0,0.5419,False,False,False,False,无明确战法态,14.31,9.99,14.64,False,5724.9,机械行业,,36.7
601179,,1.0,1.0,0.744,0.1721,0.0,0.8026,0.1769,0.0,0.1618,0.0,0.0,0.5,0.0,0.4663,False,False,False,False,无明确战法态,14.29,1.64,15.8,False,73248.9,发电设备,核电核能/准ST股/陕甘宁,28.3
601186,,0.0,1.0,0.9013,0.1051,0.0,0.7009,0.3048,0.6,0.0705,0.0,0.0,0.0,0.0,0.4087,False,False,False,False,无明确战法态,6.12,0.66,6.47,False,70399.9,建筑建材,含H股/社保重仓/券商重仓,28.0
601187,,0.8193,1.0,0.8248,0.4065,0.0,0.6434,0.3266,0.3,0.0,0.0,0.0,0.0,0.0,0.4735,False,False,False,False,B1候B2,6.76,-1.31,7.36,False,17801.6,,,
601188,,0.1339,1.0,0.8805,0.0,0.0,0.7249,0.2276,0.3,0.0,0.0,0.0,0.0,0.0,0.5044,False,False,False,False,无明确战法态,2.83,1.43,3.09,False,3694.5,公路桥梁,朝鲜改革/金融参股/参股金融,32.0
601198,,0.0,1.0,0.8829,0.525,1.0,0.6592,0.4446,0.3,0.9378,0.0,0.0,1.0,1.0,0.3312,False,False,False,False,无明确战法态,13.78,0.88,13.24,True,44543.1,金融行业,互联网金融/期货概念/化债概念(AMC概念),39.0
601199,,0.0,1.0,0.8279,0.4261,0.4977,0.8757,0.2666,0.3,0.5762,0.0,0.0,0.5,1.0,0.3725,False,False,False,False,无明确战法态,5.76,-0.86,5.78,False,5386.8,供水供气,污水处理/参股银行/举牌,26.9
601200,,0.0,1.0,0.9022,0.0,0.0,0.7608,0.1493,0.0,0.0,0.0,0.0,0.0,0.0,0.5357,False,False,False,False,无明确战法态,6.87,0.73,7.44,False,9248.6,,垃圾分类/上海自贸区/生物质能发电,
601208,,1.0,1.0,0.439,1.0,1.0,0.7564,0.4627,0.0,1.0,1.0,0.0,0.5,0.7,0.4194,True,False,False,False,B1候B2,63.7,0.0,56.88,True,64348.7,化工行业,光伏/国防军工/成渝特区,39.0
601211,,0.0,1.0,0.8261,0.6984,1.0,0.5707,0.8876,0.6,1.0,0.0,0.0,1.0,1.0,0.2411,False,False,False,False,无明确战法态,19.37,1.04,17.41,True,261435.2,,期货概念/同花顺中特估100,
601212,,0.6023,1.0,0.6094,0.0,0.0,0.0993,0.3525,0.3,0.0,0.0,0.0,0.0,0.0,0.3657,False,False,False,False,无明确战法态,5.18,1.17,6.52,False,38356.7,,超导概念/金属锌/金属镍,
601216,,0.0,1.0,0.8172,0.0,0.0,0.5721,0.1649,0.0,0.0,0.0,0.0,0.0,0.0,0.5071,False,False,False,False,无明确战法态,4.71,-0.63,5.14,False,39743.1,化工行业,生物疫苗/互联金融/参股金融,39.0
601218,,0.0012,1.0,0.7209,0.0,0.0,0.6476,0.1647,0.0,0.0,0.0,0.0,0.0,0.0,0.5297,False,False,False,False,无明确战法态,4.42,2.79,5.15,False,4283.1,机械行业,风能概念,36.7
601222,,0.0796,1.0,0.9021,0.117,0.0,0.9457,0.322,0.3,0.0,0.0,0.0,0.0,1.0,0.464,False,False,False,False,无明确战法态,5.46,0.18,5.96,False,111.4,仪器仪表,光伏/TOPCON电池,34.2
601225,,0.0,1.0,0.7426,0.1267,0.0,0.5373,0.3889,0.0,0.0,0.0,0.0,0.0,0.0,0.412,False,False,False,False,无明确战法态,21.54,0.19,23.85,False,208830.3,煤炭行业,,26.5
601226,,0.5969,0.8397,0.6936,0.0,0.0,0.3518,0.1527,0.3,0.0,0.0,1.0,0.0,0.0,0.4503,False,False,False,False,无明确战法态,6.56,3.96,7.8,False,7624.2,机械行业,,36.7
601228,,0.0,1.0,0.8847,0.0499,0.0,0.6556,0.3056,0.0,0.1097,0.0,0.0,0.0,0.0,0.3819,False,False,False,False,无明确战法态,2.91,0.69,3.09,False,21954.6,,广东自贸区/航运概念/冷链物流,
601229,,0.0,1.0,0.857,0.2654,0.0953,0.4435,0.3672,0.0,0.3091,0.0,0.0,0.0,0.0,0.3476,False,False,False,False,无明确战法态,8.92,0.68,9.19,False,126744.4,,,
601231,,0.6928,0.4086,0.459,0.0108,0.0,0.5637,0.2879,0.3,0.0,0.0,0.0,0.0,0.7,0.621,False,False,False,False,无明确战法态,30.59,6.55,37.0,False,73082.7,电子器件,无线耳机/WiFi 6/元宇宙,73.7
601233,,0.0987,1.0,0.409,0.9099,1.0,0.2641,0.3292,0.3,1.0,0.0,0.0,0.5,0.7,0.3547,False,False,False,False,无明确战法态,22.84,-0.26,21.67,True,54237.5,化纤行业,,37.1
601236,,0.0,1.0,0.8945,0.1352,0.4246,0.6073,0.6617,0.9,0.3072,0.0,0.0,0.5,0.0,0.3133,False,False,False,False,无明确战法态,6.99,0.58,7.16,False,32970.3,,期货概念,
601238,,0.0,1.0,0.7929,0.0,0.0,0.0478,0.1022,0.0,0.0,0.0,0.0,0.0,0.0,0.4085,False,False,False,False,无明确战法态,5.25,1.94,6.12,False,38764.4,汽车制造,含H股,40.0
601279,,0.1518,1.0,0.7596,0.0,0.0,0.2478,0.1904,0.0,0.0,0.0,0.0,0.0,0.0,0.3924,False,False,False,False,无明确战法态,3.13,2.62,3.55,False,4963.5,,,
601288,,0.9053,1.0,0.8774,0.315,0.0,0.4572,0.1897,0.3,0.0,0.0,0.0,0.0,0.0,0.4607,False,False,False,False,无明确战法态,5.9,-1.34,6.46,False,1883540.8,金融行业,含H股/保险重仓/信托重仓,39.0
601298,,0.3782,1.0,0.8923,0.2274,0.0,0.5346,0.1548,0.0,0.0512,0.0,1.0,0.0,1.0,0.4436,False,False,False,False,无明确战法态,8.07,0.25,8.69,False,43514.0,,航运概念/区块链/同花顺中特估100,
601311,,0.0,1.0,0.9006,0.0,0.0,0.697,0.2348,0.3,0.0908,0.0,0.0,0.5,0.0,0.4142,False,False,False,False,无明确战法态,8.17,1.49,8.67,False,9584.6,电器行业,锂电池,33.2
601318,,0.0,1.0,0.7997,0.0,0.0,0.6087,0.2671,0.0,0.0,0.0,0.0,0.0,0.0,0.4668,False,False,False,False,无明确战法态,49.09,0.35,53.88,False,523302.6,金融行业,含H股/超大盘/基金重仓,39.0
601319,,0.0,1.0,0.7784,0.17,0.8544,0.5214,0.3297,0.9,0.5193,0.0,0.0,1.0,0.0,0.3438,False,False,False,False,无明确战法态,7.25,0.42,7.21,True,257358.7,,蚂蚁集团概念/同花顺中特估100,
601326,,0.0,1.0,0.8364,0.2414,0.0,0.6009,0.4325,0.0,0.2964,0.0,0.0,0.0,0.0,0.3859,False,False,False,False,无明确战法态,3.27,0.31,3.38,False,15557.2,,雄安新区/航运概念,
601328,,0.345,1.0,0.8566,0.4201,0.0877,0.5603,0.4188,0.3,0.2754,0.0,0.0,0.0,0.0,0.3506,False,False,False,False,B1候B2,6.51,0.0,6.73,False,169731.6,金融行业,含H股/央企50/基金重仓,39.0
601330,,0.3524,1.0,0.8395,0.0056,0.0,0.9238,0.1922,0.0,0.0,0.0,0.0,0.0,0.0,0.5097,False,False,False,False,无明确战法态,7.15,1.27,8.06,False,7072.0,,垃圾分类/生物质能发电,
601333,,0.0,1.0,0.8129,0.282,0.0,0.4514,0.419,0.3,0.3454,0.0,0.0,0.0,0.0,0.3656,False,False,False,False,无明确战法态,2.92,2.46,3.0,False,16504.5,交通运输,含H股/高铁,32.0
601336,,0.0,1.0,0.7406,0.2374,1.0,0.4725,0.3246,0.9,0.6335,0.0,0.0,1.0,0.0,0.3835,False,False,False,False,无明确战法态,63.52,0.06,62.78,True,132467.1,金融行业,含H股/社保重仓/券商重仓,39.0
601339,,0.0,1.0,0.6667,0.1796,0.0,0.5348,0.2566,0.3,0.5414,0.0,0.0,0.5,0.0,0.3984,False,False,False,False,无明确战法态,7.24,-2.16,7.37,False,10856.9,纺织行业,民营银行/业绩预升/本月解禁,36.5
601360,,0.28,1.0,0.8774,0.0,0.0,0.7059,0.1384,0.0,0.0,0.0,0.0,0.0,0.0,0.4969,False,False,False,False,无明确战法态,8.71,0.11,9.97,False,60966.1,,AI语料/EDR概念/国产操作系统,
601366,,0.0,1.0,0.8619,0.0,0.0,0.5869,0.2765,0.3,0.0,0.0,0.0,0.0,0.0,0.5378,False,False,False,False,无明确战法态,3.44,1.78,3.74,False,3301.5,,,
601368,,0.0,1.0,0.8262,0.0,0.0,0.6049,0.2143,0.0,0.1411,0.0,0.0,0.0,0.0,0.4397,False,False,False,False,无明确战法态,4.32,2.37,4.56,False,3814.4,,地下管网,
601369,,0.0,1.0,1.0,0.0988,0.3958,0.0,0.0,0.6,0.4112,0.0,0.0,0.5,0.0,0.2277,False,False,False,False,无明确战法态,9.05,0.0,9.26,False,154.4,机械行业,核电核能/页岩气/智能机器,36.7
601375,,0.0,1.0,0.8851,0.4355,0.8053,0.5534,0.533,0.3,0.5787,0.0,0.0,0.5,0.0,0.3056,False,False,False,False,无明确战法态,4.07,0.25,4.05,True,14031.4,,期货概念,
601377,,0.0,1.0,0.8912,0.461,1.0,0.5151,0.4772,0.9,0.6281,0.0,0.0,0.5,0.0,0.3153,False,False,False,False,无明确战法态,6.17,0.65,6.08,True,53284.0,金融行业,海峡西岸,39.0
601388,,0.3547,1.0,0.7895,0.0,0.0,0.5032,0.2868,0.3,0.0,0.0,0.0,0.0,0.0,0.4687,False,False,False,False,无明确战法态,2.92,2.46,3.39,False,6427.6,,节能环保/汽车拆解概念,
601390,,0.3451,1.0,0.8748,0.0,0.0,0.6536,0.2634,0.3,0.0,0.0,0.0,0.0,0.0,0.4556,False,False,False,False,无明确战法态,4.28,0.47,4.75,False,87649.4,建筑建材,含H股/QFII重仓/央企50,28.0
601398,,0.8064,1.0,0.9243,0.5066,0.1981,0.571,0.3677,0.3,0.3234,0.0,0.0,0.0,0.7,0.3827,True,False,False,False,B1候B2,7.04,-0.14,7.26,False,1898070.0,金融行业,含H股/保险重仓/央企50,39.0
601399,,0.3531,1.0,0.8039,0.0,0.0,0.5427,0.2963,0.6,0.0,0.0,0.0,0.0,0.0,0.4179,False,False,False,False,无明确战法态,3.47,2.06,3.92,False,25031.0,,大飞机/抽水蓄能,
601456,,0.3358,1.0,0.8739,0.4038,0.4586,0.6425,0.5611,0.6,0.3469,0.0,0.0,0.0,0.0,0.3304,False,False,False,False,无明确战法态,9.02,0.33,9.21,False,39480.4,,互联网金融,
601500,,0.0,1.0,0.7713,0.0,0.0,0.5669,0.2161,0.0,0.1372,0.0,0.0,0.0,0.0,0.5392,False,False,False,False,无明确战法态,3.88,2.37,4.08,False,6142.0,,,
601512,,0.0,1.0,0.8485,0.0,0.0,0.9723,0.2905,0.0,0.0971,0.0,0.0,0.0,0.0,0.5428,False,False,False,False,无明确战法态,8.07,1.89,8.6,False,12096.0,,物业管理,
601515,,0.2561,1.0,0.7561,0.0,0.0,0.6671,0.1113,0.0,0.0,0.0,0.0,0.0,0.0,0.5826,False,False,False,False,无明确战法态,3.26,-0.61,3.94,False,6273.8,印刷包装,金融改革/烟草,27.7
601518,,0.279,1.0,0.8818,0.4482,0.0,0.6785,0.3598,0.0,0.3966,0.0,0.0,0.0,1.0,0.3229,False,False,False,False,无明确战法态,2.85,1.06,2.93,False,5388.1,公路桥梁,朝鲜改革,32.0
601519,,0.35,1.0,0.7867,0.0,0.0,0.5386,0.3354,0.9,0.0,0.0,0.0,0.5,0.0,0.3943,False,False,False,False,无明确战法态,8.87,1.37,9.8,False,17643.8,电子信息,互联金融,32.2
601528,,0.0,1.0,0.8675,0.152,0.0,0.6821,0.4006,0.0,0.1149,0.0,0.0,0.0,0.0,0.4173,False,False,False,False,无明确战法态,4.53,0.0,4.79,False,7857.1,,,
601555,,0.0,1.0,0.8775,0.2843,0.8801,0.615,0.4178,0.9,0.5818,0.0,0.0,1.0,0.0,0.3815,False,False,False,False,无明确战法态,8.15,-0.12,8.08,True,40494.9,金融行业,信托重仓,39.0
601566,,0.0,1.0,0.8003,0.0,0.0,0.7851,0.191,0.0,0.0,0.0,0.0,0.0,0.0,0.5649,False,False,False,False,无明确战法态,8.7,0.23,10.08,False,4999.3,服装鞋类,海峡西岸,47.0
601567,,0.672,1.0,0.7762,0.0,0.0,0.6271,0.1697,0.3,0.0,0.0,1.0,0.0,0.0,0.3523,False,False,False,False,无明确战法态,14.63,2.31,17.86,False,20558.2,仪器仪表,金融改革/民营银行/参股银行,34.2
601568,,0.0,1.0,0.8485,0.0578,0.0,0.7074,0.2803,0.3,0.0,0.0,0.0,0.0,0.0,0.4358,False,False,False,False,无明确战法态,3.49,-0.85,3.78,False,13863.1,,光伏/水泥概念,
601577,,0.5996,1.0,0.8556,0.3008,0.0,0.5026,0.3039,0.0,0.079,0.0,0.0,0.0,0.0,0.3666,False,False,False,False,无明确战法态,8.73,-0.46,9.33,False,35100.6,,,
601579,,0.0,1.0,0.822,0.0,0.0,0.6514,0.283,0.6,0.0,0.0,0.0,0.5,0.0,0.4914,False,False,False,False,无明确战法态,14.8,-1.2,16.43,False,7096.1,酿酒行业,白酒概念,27.4
601588,,0.0366,1.0,0.7967,0.1566,0.0,0.9458,0.1795,0.3,0.0,0.0,0.0,0.0,0.7,0.3977,False,False,False,False,B1候B2,1.65,0.61,1.83,False,4389.0,房地产,含H股,29.9
601595,,0.2364,1.0,0.7705,0.0,0.0,0.3633,0.094,0.0,0.0,0.0,0.0,0.0,0.0,0.4874,False,False,False,False,无明确战法态,16.76,-0.53,20.43,False,7511.8,,手机游戏,
601598,,0.0,1.0,0.7941,0.0582,0.0,0.6165,0.1711,0.0,0.0469,0.0,0.0,0.0,0.0,0.443,False,False,False,False,无明确战法态,5.33,2.9,5.72,False,27489.3,,航运概念/冷链物流/同花顺中特估100,
601599,,0.1318,1.0,0.8363,0.0,0.0,0.5868,0.1654,0.0,0.0,0.0,0.0,0.0,0.0,0.5153,False,False,False,False,无明确战法态,2.88,1.05,3.29,False,3342.4,纺织行业,,36.5
601600,,0.5415,1.0,0.7878,0.0,0.0,0.4665,0.1468,0.3,0.0,0.0,0.0,0.0,0.0,0.5592,False,False,False,False,无明确战法态,8.33,1.96,10.51,False,109734.1,有色金属,含H股/央企50/超大盘,36.0
601601,,0.0,1.0,0.7413,0.0,0.0,0.5076,0.2509,0.0,0.0,0.0,0.0,0.0,0.0,0.4635,False,False,False,False,无明确战法态,29.65,0.07,33.24,False,202955.5,金融行业,含H股/央企50/基金重仓,39.0
601606,,0.0,1.0,0.7317,0.0,0.0,0.2504,0.2466,0.3,0.0,0.0,0.0,0.0,0.0,0.4131,False,False,False,False,无明确战法态,29.18,2.1,33.89,False,21133.0,,,
601607,,0.0,1.0,0.8534,0.2542,0.1495,0.2112,0.2931,0.3,0.4105,0.0,0.0,0.0,0.0,0.3883,False,False,False,False,无明确战法态,16.12,1.26,16.34,False,44962.0,商业百货,仿制药/含H股/生物疫苗,30.2
601608,,0.0,0.8711,0.6925,0.0,0.0,0.5166,0.0995,0.0,0.0,0.0,0.0,0.0,0.0,0.552,False,False,False,False,无明确战法态,4.95,3.77,5.55,False,22668.8,机械行业,节能环保/券商重仓/F5G概念,36.7
601609,,0.0,1.0,0.7117,0.4765,0.0,0.782,0.3618,0.3,0.474,0.0,0.0,0.0,0.7,0.3175,False,False,False,False,无明确战法态,11.43,0.88,11.75,False,19758.3,,铜缆高速连接,
601611,,0.0,1.0,0.8006,0.0,0.0,0.7058,0.3064,0.3,0.0,0.0,0.0,0.5,0.0,0.4277,False,False,False,False,无明确战法态,10.83,1.21,12.16,False,32639.8,,国防军工/智能电网/军工航天,
601615,,0.0,0.5442,0.4026,0.0,0.0,0.5461,0.1172,0.0,0.0,0.0,1.0,0.0,0.0,0.5584,False,False,False,False,无明确战法态,11.8,5.73,14.45,False,26685.7,,光伏/HIT电池,
601616,,0.2094,1.0,0.8256,0.0,0.0,0.6661,0.1555,0.3,0.0,0.0,0.0,0.0,0.0,0.5981,False,False,False,False,无明确战法态,3.47,0.87,4.11,False,2962.3,电器行业,,33.2
601618,,0.0,1.0,0.8394,0.0,0.0,0.4327,0.2771,0.3,0.0,0.0,0.0,0.0,0.0,0.4331,False,False,False,False,无明确战法态,2.54,2.01,2.74,False,45345.7,建筑建材,碳中和/光伏/含H股,28.0
601619,,0.0,0.9536,0.6253,0.0,0.0,0.4749,0.2573,0.3,0.0,0.0,0.0,0.0,0.0,0.5431,False,False,False,False,无明确战法态,4.41,3.28,5.02,False,10737.1,,光伏,
601628,,0.0,1.0,0.768,0.2422,1.0,0.585,0.372,0.9,0.8423,0.0,0.0,1.0,0.0,0.3308,False,False,False,False,无明确战法态,38.66,0.39,36.78,True,805037.7,金融行业,含H股/业绩预升/社保重仓,39.0
601633,,0.4389,1.0,0.8,0.0,0.0,0.5129,0.3818,0.9,0.0,0.0,0.0,0.0,0.0,0.3805,False,False,False,False,无明确战法态,15.37,2.47,17.62,False,95436.1,汽车制造,固态电池/含H股/京津冀,40.0
601636,,0.1741,0.2546,0.5092,1.0,1.0,0.3546,0.334,0.3,1.0,0.0,0.0,1.0,0.7,0.2662,False,False,False,False,无明确战法态,8.42,-7.47,7.52,True,24911.9,玻璃行业,光伏/光伏概念/长株潭,52.3
601658,,0.0,1.0,0.8925,0.4289,0.4268,0.6663,0.4696,0.3,0.4121,0.0,0.0,0.5,0.0,0.3149,False,False,False,False,无明确战法态,4.94,-0.4,5.01,False,358287.3,,,
601665,,0.0,1.0,0.8082,0.486,0.0,0.4557,0.2676,0.0,0.3498,0.0,0.0,0.0,0.0,0.3928,False,False,False,False,B1候B2,5.86,-0.85,6.05,False,36061.5,,,
601666,,0.0,1.0,0.788,0.452,0.0,0.808,0.4646,0.6,0.1393,0.0,0.0,0.0,1.0,0.383,False,False,False,False,B1候B2,7.83,-0.38,8.27,False,19335.1,煤炭行业,低碳经济/稀缺资源/社保重仓,26.5
601668,,0.0,1.0,0.8799,0.1712,0.0,0.5584,0.2769,0.0,0.1337,0.0,0.0,0.0,0.0,0.4155,False,False,False,False,无明确战法态,4.48,0.9,4.71,False,185115.3,建筑建材,社保重仓/保险重仓/超大盘,28.0
601669,,0.2376,1.0,0.9015,0.0,0.0,0.878,0.1702,0.3,0.0,0.0,0.0,0.0,0.0,0.5002,False,False,False,False,无明确战法态,4.78,0.84,5.21,False,62481.9,建筑建材,碳中和/光伏/碳交易,28.0
601677,,0.4613,1.0,0.7498,0.315,0.0,0.6635,0.1456,0.0,0.1322,0.0,0.0,0.0,0.7,0.4459,False,False,False,False,无明确战法态,15.78,0.38,17.1,False,19220.1,有色金属,中韩自贸区,36.0
601678,,0.0,0.0,0.2121,1.0,1.0,0.0,0.5465,0.3,1.0,0.0,0.0,1.0,0.7,0.3809,False,False,False,False,无明确战法态,6.93,-10.0,5.89,True,14160.3,化工行业,黄河三角/金融改革/参股保险,39.0
601686,,0.0,1.0,0.8246,0.0,0.0,0.7279,0.2125,0.3,0.1478,0.0,0.0,0.0,0.0,0.4741,False,False,False,False,无明确战法态,5.04,2.02,5.31,False,7416.6,,天津自贸区,
601688,,0.0,1.0,0.851,0.7065,1.0,0.6533,0.7029,0.9,0.9675,0.0,0.0,1.0,1.0,0.2907,False,False,False,False,无明确战法态,21.19,0.76,20.05,True,154830.2,金融行业,含GDR/含H股/信托重仓,39.0
601689,,0.0,0.0,0.2799,0.0496,0.0,0.0323,0.1795,0.0,0.588,0.0,0.0,0.0,0.0,0.5413,False,False,False,False,无明确战法态,62.43,10.01,61.89,True,1084.9,汽车制造,同花顺出海50,40.0
601696,,0.301,1.0,0.7727,0.5112,1.0,0.5658,0.4422,0.9,0.6514,0.0,0.0,0.5,0.0,0.3492,False,False,False,False,无明确战法态,12.65,0.32,12.48,True,35141.7,,,
601698,,0.0,0.6243,0.5756,0.0,0.0,0.4229,0.3811,0.6,0.3602,0.0,1.0,0.5,0.0,0.4947,False,False,False,False,无明确战法态,31.25,5.25,32.35,False,132012.0,,,
601699,,0.5038,1.0,0.8143,0.7348,0.0,0.6541,0.3867,0.0,0.1528,0.0,0.0,0.0,0.7,0.3243,False,False,False,False,B1候B2,14.68,2.23,15.72,False,43913.9,煤炭行业,社保重仓/基金重仓,26.5
601700,,0.0,1.0,0.7845,0.0,0.0,0.7201,0.316,0.3,0.0,0.0,0.0,0.0,0.0,0.4866,False,False,False,False,无明确战法态,4.53,-2.37,5.03,False,5158.6,发电设备,参股金融/化债概念(AMC概念),28.3
601702,,0.4353,1.0,0.807,0.0,0.0,0.653,0.2311,0.3,0.0,0.0,1.0,0.0,0.0,0.5,False,False,False,False,无明确战法态,14.22,2.89,17.7,False,14199.1,,专精特新,
601717,,0.0,0.9241,0.6793,0.0,0.0,0.5031,0.1561,0.0,0.0,0.0,0.0,0.0,0.0,0.6007,False,False,False,False,无明确战法态,15.27,3.46,17.78,False,23548.9,机械行业,含H股/煤炭概念/中俄贸易概念,36.7
601718,,0.0,0.6614,1.0,0.0,0.0,1.0,0.1633,0.0,0.0,0.0,0.0,0.0,0.0,0.6014,False,False,False,False,无明确战法态,1.67,5.03,2.1,False,7283.0,服装鞋类,专精特新/国防军工/军工航天,47.0
601727,,0.6355,1.0,0.874,0.0,0.0,0.8683,0.1698,0.0,0.0,0.0,0.0,0.0,1.0,0.4654,False,False,False,False,无明确战法态,6.96,1.16,7.73,False,87804.9,发电设备,大飞机/军工航天/低碳经济,28.3
601728,,0.0,1.0,0.8647,0.1846,0.0,0.7593,0.2443,0.0,0.0,0.0,0.0,0.0,0.0,0.4763,False,False,False,False,无明确战法态,5.43,0.18,5.81,False,421529.4,,,
601766,,0.0164,1.0,0.8624,0.0512,0.0,0.6279,0.3513,0.6,0.0,0.0,0.0,0.0,0.0,0.3957,False,False,False,False,无明确战法态,5.36,0.56,5.72,False,130397.0,交通运输,雄安新区/含H股/保险重仓,32.0
601777,,0.6063,0.8189,0.6339,0.0,0.0,0.592,0.0416,0.0,0.0,0.0,1.0,0.0,0.0,0.5309,False,False,False,False,无明确战法态,8.15,4.09,9.81,False,36847.0,摩托车,成渝特区/民营银行/参股金融,38.1
601778,,0.7665,1.0,0.8224,0.0,0.0,0.8975,0.0606,0.0,0.0,0.0,0.0,0.0,0.0,0.5593,False,False,False,False,无明确战法态,4.15,0.48,5.22,False,154.7,,光伏,
601788,,0.0,1.0,0.7819,0.304,0.7879,0.4571,0.4075,0.3,0.5053,0.0,0.0,0.5,0.0,0.3863,False,False,False,False,无明确战法态,14.94,1.84,14.88,True,58366.1,金融行业,含H股/保险重仓/央企50,39.0
601789,,0.2155,1.0,0.7531,0.0,0.0,0.7299,0.1048,0.0,0.0,0.0,0.0,0.0,0.0,0.57,False,False,False,False,无明确战法态,4.13,1.98,4.85,False,4488.5,建筑建材,业绩预升,28.0
601798,,0.2106,1.0,0.7429,0.0,0.0,0.4199,0.1674,0.3,0.0,0.0,0.0,0.0,0.0,0.4236,False,False,False,False,无明确战法态,7.4,1.93,8.02,False,2623.5,机械行业,专精特新/页岩气/陕甘宁,36.7
601799,,0.0,1.0,0.5939,0.0,0.0,0.3421,0.1474,0.0,0.0,0.0,0.0,0.0,1.0,0.4935,False,False,False,False,无明确战法态,100.31,1.84,118.57,False,286.6,汽车制造,,40.0
601800,,0.0,1.0,0.8864,0.0,0.0,0.7043,0.5147,0.6,0.0,0.0,0.0,0.0,0.0,0.3777,False,False,False,False,无明确战法态,5.93,1.02,6.52,False,69877.5,建筑建材,碳交易/雄安新区/含H股,28.0
601801,,0.0,1.0,0.8554,0.0,0.0,0.4369,0.1718,0.6,0.0,0.0,0.0,0.0,0.0,0.5311,False,False,False,False,无明确战法态,5.16,1.78,5.58,False,10102.9,传媒娱乐,皖江区域/ETC/文化传媒概念,29.0
601808,,0.0,1.0,0.8233,0.0,0.0,0.5451,0.2092,0.6,0.0,0.0,0.0,0.0,0.0,0.4925,False,False,False,False,无明确战法态,11.2,2.38,13.01,False,33157.2,石油行业,含H股/油气改革/本月解禁,26.5
601811,,0.0,1.0,0.8156,0.0,0.0,0.6902,0.1771,0.0,0.0,0.0,0.0,0.0,0.0,0.5277,False,False,False,False,无明确战法态,11.46,2.23,12.53,False,9075.2,,含H股/NFT概念/数据确权,
601816,,0.0,1.0,0.8544,0.2518,0.0,0.523,0.3523,0.0,0.2449,0.0,0.0,0.0,0.0,0.3478,False,False,False,False,无明确战法态,4.63,1.09,4.81,False,226525.9,,,
601818,,0.0,1.0,0.8653,0.3028,0.0,0.4023,0.3434,0.0,0.1865,0.0,0.0,0.0,0.0,0.4324,False,False,False,False,无明确战法态,2.98,0.34,3.11,False,1383.2,金融行业,含H股/保险重仓,39.0
601825,,0.4885,1.0,0.7886,0.1891,0.0,0.4129,0.2549,0.3,0.0,0.0,0.0,0.0,0.0,0.4589,False,False,False,False,无明确战法态,7.54,-0.4,8.42,False,70683.3,,,
601827,,0.0,1.0,0.9377,0.0757,0.0,0.8308,0.3093,0.0,0.2137,0.0,0.0,0.5,0.0,0.3779,False,False,False,False,无明确战法态,7.49,0.0,7.86,False,12522.8,,垃圾分类/固废处理/生物质能发电,
601828,,0.0,1.0,0.8113,0.0,0.0,0.6682,0.2562,0.3,0.0,0.0,0.0,0.0,0.0,0.4791,False,False,False,False,无明确战法态,2.13,0.47,2.35,False,7694.4,,,
601838,,0.0,1.0,0.8513,0.6118,0.1575,0.7043,0.4639,0.0,0.5939,1.0,0.0,0.0,0.7,0.3488,False,False,False,False,B1候B2,18.39,0.05,18.34,True,77944.8,,,
601857,,0.2374,1.0,0.8564,0.0,0.0,0.6142,0.1958,0.3,0.0,0.0,0.0,0.0,0.0,0.5352,False,False,False,False,无明确战法态,8.97,1.7,10.28,False,1452441.0,石油行业,含H股/页岩气/保险重仓,26.5
601858,,0.4285,0.939,0.6518,0.0,0.0,0.553,0.0963,0.0,0.0,0.0,1.0,0.0,0.0,0.5931,False,False,False,False,无明确战法态,17.81,3.37,21.51,False,14078.8,,同花顺中特估100/文化传媒概念/知识产权保护,
601860,,0.0358,1.0,0.8925,0.2793,0.0,0.5535,0.3257,0.0,0.2004,0.0,0.0,0.0,0.0,0.4187,False,False,False,False,无明确战法态,2.49,0.4,2.6,False,8843.5,,,
601865,,0.1534,1.0,0.8056,0.0,0.0,0.6041,0.2389,0.0,0.0,0.0,0.0,0.0,0.0,0.5498,False,False,False,False,无明确战法态,10.19,-0.97,11.99,False,19371.4,,光伏,
601866,,0.0,1.0,0.8246,0.0,0.0,0.552,0.189,0.0,0.0,0.0,0.0,0.0,0.0,0.4782,False,False,False,False,无明确战法态,2.29,0.44,2.49,False,22332.0,交通运输,含H股/海上丝路/准ST股,32.0
601868,,0.4817,1.0,0.9248,0.2305,0.0,0.9229,0.1967,0.3,0.2844,0.0,0.0,0.0,0.0,0.3463,False,False,False,False,无明确战法态,2.66,0.0,2.8,False,86260.4,,碳交易/氢能源/华为概念,
601869,,1.0,1.0,0.4688,1.0,1.0,0.6364,0.4534,0.6,1.0,1.0,0.0,0.5,0.7,0.448,True,False,False,False,B1候B2,475.08,2.31,429.38,True,1930.4,,太赫兹/同花顺出海50/铜缆高速连接,
601872,,1.0,1.0,0.4797,0.8972,1.0,0.4908,0.1109,0.3,0.8054,0.0,1.0,0.5,0.0,0.3575,True,False,False,False,B1候B2,17.0,2.84,17.15,False,137267.2,交通运输,社保重仓/俄乌冲突概念/高股息精选,32.0
601877,,0.3222,1.0,0.8328,0.0,0.0,0.7328,0.1505,0.0,0.0,0.0,0.0,0.0,0.0,0.4848,False,False,False,False,无明确战法态,25.18,1.86,28.61,False,54111.0,发电设备,光伏/核电核能,28.3
601878,,0.0,1.0,0.8829,0.3817,0.8994,0.4509,0.4152,0.6,0.604,0.0,0.0,1.0,0.0,0.3882,False,False,False,False,无明确战法态,9.75,0.72,9.62,True,44594.5,,,
601880,,0.4073,1.0,0.8561,0.0379,0.0,0.5875,0.0932,0.0,0.0,0.0,0.0,0.0,0.0,0.3903,False,False,False,False,无明确战法态,1.4,0.72,1.54,False,25778.3,交通运输,朝鲜改革/含H股/海上丝路,32.0
601881,,0.0,0.8694,0.5367,0.3368,1.0,0.0,0.4672,0.9,0.7632,0.0,0.0,1.0,0.0,0.4116,False,False,False,False,无明确战法态,13.44,3.78,12.85,True,97351.5,,,
601882,,0.0,1.0,0.6532,0.3222,0.1049,0.2472,0.1562,0.0,0.8817,0.0,0.0,0.5,0.0,0.3939,False,False,False,False,无明确战法态,21.3,2.6,20.52,True,11118.6,,,
601886,,0.6942,1.0,0.7652,0.2626,0.0,0.5908,0.2086,0.3,0.0453,0.0,0.0,0.0,0.0,0.4461,False,False,False,False,B1候B2,8.06,1.38,8.79,False,9132.0,建筑建材,民营银行/建筑节能,28.0
601888,,0.0392,1.0,0.8212,0.0,0.0,0.7041,0.3684,0.3,0.0,0.0,0.0,0.0,0.0,0.3473,False,False,False,False,无明确战法态,53.11,-1.08,60.69,False,1037.0,酒店旅游,海南自贸/社保重仓/保险重仓,29.9
601890,,0.0,0.6667,0.6585,0.0,0.0,0.3781,0.2138,0.3,0.0,0.0,0.0,0.0,0.0,0.5072,False,False,False,False,无明确战法态,8.61,5.0,9.34,False,8260.4,船舶制造,参股金融/国产航母,34.5
601898,,0.0301,1.0,0.8253,0.0,0.0,0.6166,0.2588,0.3,0.0,0.0,0.0,0.0,0.0,0.462,False,False,False,False,无明确战法态,12.67,0.64,14.93,False,115955.8,煤炭行业,低碳经济/含H股/央企50,26.5
601899,,0.0,0.5368,0.7744,0.0,0.0,0.1067,0.2936,0.3,0.0,0.0,0.0,0.0,0.0,0.5346,False,False,False,False,无明确战法态,27.82,5.78,30.47,False,573141.9,有色金属,黄金概念/含H股/业绩预降,36.0
601900,,0.0,1.0,0.8393,0.0,0.0,0.7077,0.2355,0.3,0.0,0.0,0.0,0.0,0.0,0.5146,False,False,False,False,无明确战法态,11.14,-0.54,12.05,False,98.3,,,
601901,,0.0,1.0,0.9001,0.4585,1.0,0.5125,0.4523,0.9,0.7891,0.0,0.0,1.0,0.0,0.3049,False,False,False,False,无明确战法态,7.32,-0.27,7.07,True,60259.0,金融行业,长株潭/高校背景,39.0
601908,,0.0568,1.0,0.8026,0.0,0.0,0.8423,0.2436,0.0,0.0,0.0,0.0,0.5,0.0,0.4812,False,False,False,False,无明确战法态,3.0,-1.32,3.57,False,7243.8,电子器件,专精特新/光伏/业绩预降,73.7
601916,,0.4371,1.0,0.8278,0.3524,0.0,0.4101,0.2654,0.3,0.0,0.0,0.0,0.0,1.0,0.4258,False,False,False,False,B1候B2,2.72,0.37,2.96,False,58600.9,,,
601918,,0.0,1.0,0.7871,0.7481,0.0,0.7196,0.3423,0.0,0.9021,0.0,0.0,0.5,0.7,0.3267,False,False,False,False,B1候B2,9.18,1.1,8.95,True,23781.2,煤炭行业,业绩预降/社保重仓/信托重仓,26.5
601919,,0.0351,0.8303,0.7271,0.2556,0.0,0.421,0.1518,0.6,0.2691,0.0,1.0,0.0,0.0,0.3984,False,False,False,False,无明确战法态,13.72,4.02,14.23,False,172271.6,交通运输,含H股/准ST股/券商重仓,32.0
601921,,0.2964,1.0,0.903,0.1473,0.0,0.8962,0.3458,0.3,0.0142,0.0,0.0,0.0,0.0,0.3972,False,False,False,False,无明确战法态,6.9,0.44,7.41,False,15333.3,,短剧游戏/NFT概念/文化传媒概念,
601928,,0.0,1.0,0.8302,0.2446,0.2225,0.4275,0.2588,0.3,0.2643,0.0,0.0,0.0,0.0,0.4264,False,False,False,False,无明确战法态,8.91,-1.33,9.2,False,22675.1,传媒娱乐,网络游戏/保险重仓/券商重仓,29.0
601929,,0.0,1.0,0.7671,0.0,0.0,0.7989,0.2119,0.0,0.0,0.0,0.0,0.0,0.0,0.5066,False,False,False,False,无明确战法态,2.27,-0.87,2.68,False,7921.8,传媒娱乐,朝鲜改革/AI视频,29.0
601933,,0.0,1.0,0.8095,0.0,0.0,0.4219,0.4039,0.0,0.0,0.0,0.0,0.0,0.0,0.4304,False,False,False,False,无明确战法态,3.09,-1.9,3.44,False,28041.9,商业百货,海峡西岸/内贸规划/业绩预升,30.2
601939,,0.624,1.0,0.8403,0.6305,0.0805,0.6365,0.31,0.3,0.3543,0.0,0.0,0.0,0.7,0.4125,False,False,False,False,B1候B2,9.49,-1.15,9.82,False,91043.8,金融行业,含H股/保险重仓/央企50,39.0
601949,,0.0,1.0,0.8753,0.0,0.0,0.7222,0.1759,0.3,0.0,0.0,0.0,0.0,0.0,0.4879,False,False,False,False,无明确战法态,4.86,1.04,5.4,False,92.5,,NFT概念/同花顺中特估100/文化传媒概念,
601952,,0.0,1.0,0.8115,0.0,0.0,0.5989,0.2406,0.0,0.0,0.0,0.0,0.0,0.0,0.46,False,False,False,False,无明确战法态,7.75,-0.39,8.62,False,10679.5,,粮食概念/农业种植/土地流转,
601956,,0.0,0.9109,0.6674,0.0,0.0,0.0806,0.2817,0.3,0.0,0.0,0.0,0.5,0.0,0.4676,False,False,False,False,无明确战法态,4.98,3.53,5.41,False,3095.7,,光伏,
601958,,0.9979,0.2888,0.4092,1.0,1.0,0.4346,0.328,0.3,1.0,1.0,0.0,0.5,1.0,0.4467,False,False,False,False,B1候B2,25.01,-7.27,24.58,True,80697.4,有色金属,低碳经济/稀缺资源/业绩预降,36.0
601963,,0.6891,1.0,0.7178,0.4596,0.0,0.3041,0.2218,0.3,0.0,0.0,0.0,0.0,0.7,0.4353,False,False,False,False,无明确战法态,9.92,-2.36,10.93,False,20177.6,,举牌,
601965,,0.0,1.0,0.6664,0.0,0.0,0.5711,0.1024,0.0,0.0,0.0,0.0,0.0,0.0,0.5466,False,False,False,False,无明确战法态,12.54,2.87,14.68,False,12520.0,汽车制造,成渝特区,40.0
601966,,0.0,1.0,0.8236,0.0,0.0,0.5418,0.2524,0.3,0.0,0.0,0.0,0.0,0.0,0.4849,False,False,False,False,无明确战法态,10.74,1.51,12.04,False,15718.0,,,
601968,,0.0,1.0,0.8337,0.0,0.0,0.6241,0.1461,0.3,0.0,0.0,0.0,0.0,0.0,0.523,False,False,False,False,无明确战法态,4.06,1.25,4.57,False,5179.7,,,
601969,,0.0,1.0,0.7091,0.0,0.0,0.3124,0.1904,0.3,0.0,0.0,0.0,0.0,0.0,0.5008,False,False,False,False,无明确战法态,8.66,-0.57,9.71,False,17081.6,钢铁行业,海南自贸/参股保险/海南自贸区,29.8
601975,,1.0,1.0,0.4746,0.2332,0.0,0.7117,0.1192,0.0,0.0,0.0,0.0,0.0,0.0,0.6272,False,False,False,False,无明确战法态,3.69,0.27,4.4,False,17270.5,,航运概念,
601985,,0.4644,1.0,0.9243,0.5332,0.4026,0.7323,0.4426,0.0,0.4715,0.0,1.0,0.0,0.7,0.2902,False,False,False,False,B1候B2,8.86,0.57,8.99,False,167305.9,,核电核能/同花顺中特估100,
601988,,0.9015,1.0,0.8566,0.6131,0.0548,0.6031,0.2315,0.3,0.2577,0.0,0.0,0.0,0.7,0.4391,True,False,False,False,B1候B2,5.56,-0.36,5.82,False,1171856.3,金融行业,含H股/保险重仓/央企50,39.0
601990,,0.0,1.0,0.8609,0.1564,0.3666,0.4437,0.3162,0.6,0.2903,0.0,0.0,0.5,0.0,0.3593,False,False,False,False,无明确战法态,6.73,0.3,6.92,False,24809.2,,,
601991,,0.0,0.7269,0.5271,1.0,0.7453,0.6608,0.3888,0.0,1.0,1.0,0.0,0.0,0.7,0.3269,False,False,False,False,无明确战法态,7.67,4.64,6.99,True,95078.0,电力行业,光伏/低碳经济/含H股,26.5
601992,,0.0,1.0,0.8551,0.0,0.0,0.765,0.1789,0.0,0.0,0.0,0.0,0.0,0.0,0.4411,False,False,False,False,无明确战法态,1.39,0.72,1.57,False,11584.5,水泥行业,含H股/京津冀/信托重仓,35.7
601995,,0.0,1.0,0.8418,0.6384,1.0,0.3522,0.4065,0.9,0.9718,0.0,0.0,1.0,1.0,0.3302,False,False,False,False,无明确战法态,36.38,0.41,34.52,True,106358.5,,期货概念,
601996,,0.3818,1.0,0.6855,0.0,0.0,0.8066,0.1354,0.3,0.0,0.0,0.0,0.0,0.0,0.5508,False,False,False,False,无明确战法态,2.15,1.42,2.5,False,2410.0,农林牧渔,土地流转,39.0
601997,,0.2293,1.0,0.8725,0.1646,0.0,0.5222,0.2658,0.0,0.0,0.0,0.0,0.0,0.0,0.4702,False,False,False,False,无明确战法态,5.22,-0.19,5.66,False,19085.4,,,
601998,,0.6349,1.0,0.8659,0.1794,0.0,0.5351,0.3955,0.3,0.0076,0.0,1.0,0.0,0.0,0.3607,False,False,False,False,无明确战法态,6.99,0.43,7.53,False,284933.4,金融行业,含H股/央企50/同花顺中特估100,39.0
601999,,0.0,1.0,0.823,0.0,0.0,0.7688,0.2118,0.3,0.0,0.0,0.0,0.5,0.0,0.5063,False,False,False,False,无明确战法态,5.77,2.12,6.28,False,3178.8,传媒娱乐,金融参股/参股金融,29.0
603000,,0.0,1.0,0.7765,0.0,0.0,0.7323,0.1579,0.3,0.0,0.0,0.0,0.0,0.0,0.5184,False,False,False,False,无明确战法态,15.32,-1.23,17.55,False,16939.2,电子信息,AI语料/蚂蚁集团概念/数据确权,32.2
603001,,0.0,0.0,1.0,1.0,1.0,1.0,0.4963,0.9,1.0,0.0,0.0,1.0,1.0,0.397,False,False,False,False,B2确认,11.46,-9.98,10.36,True,4595.2,服装鞋类,,47.0
603002,,1.0,1.0,0.5232,1.0,1.0,0.6281,0.5377,0.3,1.0,0.0,0.0,0.5,0.7,0.3576,True,False,False,False,B1候B2,22.38,-1.8,18.65,True,25380.7,化工行业,海峡两岸/PCB概念/先进封装,39.0
603004,,0.0,0.6055,0.6476,0.6522,1.0,0.2382,0.6499,0.3,1.0,0.0,0.0,1.0,0.0,0.368,False,False,False,False,无明确战法态,23.45,-5.37,21.94,True,1380.7,,染料,
603005,,0.8683,0.0897,0.4725,1.0,1.0,0.572,0.4136,0.0,1.0,1.0,0.0,1.0,0.7,0.4807,False,False,False,False,无明确战法态,43.38,-8.46,41.72,True,282.9,电子器件,传感器/第三代半导体/光刻机,73.7
603006,,0.0,1.0,0.7125,0.5866,1.0,0.2081,0.4385,0.6,1.0,0.0,0.0,1.0,0.7,0.3654,False,False,False,False,无明确战法态,14.82,1.44,13.67,True,3768.0,汽车制造,,40.0
603007,,0.2833,1.0,0.7959,0.1838,0.0,0.8779,0.1424,0.3,0.4267,0.0,0.0,0.5,0.0,0.3284,False,False,False,False,无明确战法态,6.0,2.04,6.19,False,4170.5,,,
603008,,0.0,1.0,0.8037,0.0,0.0,0.8691,0.3706,0.0,0.0,0.0,0.0,0.0,0.0,0.5324,False,False,False,False,无明确战法态,8.41,-0.94,10.39,False,3097.3,家具行业,,39.0
603009,,0.0,0.5627,0.4587,0.1158,0.7548,0.3746,0.2948,0.0,1.0,0.0,0.0,1.0,0.0,0.3838,False,False,False,False,无明确战法态,53.34,5.62,47.84,True,18050.7,汽车制造,,40.0
603010,,0.0,0.6208,0.6109,1.0,1.0,0.351,0.3875,0.9,1.0,0.0,0.0,1.0,0.7,0.3137,False,False,False,False,无明确战法态,16.88,-5.27,14.48,True,9634.7,化工行业,,39.0
603011,,0.7588,1.0,0.6091,1.0,1.0,0.7506,0.5577,0.6,1.0,1.0,0.0,0.5,1.0,0.3467,True,False,False,False,B1候B2,31.45,-2.42,29.26,True,15549.3,机械行业,氢能源/海工装备/食品安全,36.7
603012,,0.0,0.0,0.3267,0.1734,0.0244,0.2989,0.1086,0.3,1.0,0.0,0.0,1.0,0.0,0.5575,False,False,False,False,无明确战法态,8.82,9.98,8.35,True,5702.1,机械行业,煤炭概念,36.7
603013,,0.0,0.0,0.3686,0.0,0.0,0.2016,0.1132,0.0,0.1146,0.0,0.0,0.0,0.0,0.6573,False,False,False,False,无明确战法态,17.66,10.03,18.59,False,89.8,,专精特新,
603014,,0.0,1.0,0.799,0.2124,0.7135,0.0,0.2759,1.0,0.6452,0.0,0.0,1.0,0.0,0.4149,False,False,False,False,无明确战法态,35.98,2.36,35.43,True,1416.4,,股权转让(并购重组)/一带一路,
603015,,0.1032,1.0,0.7023,0.3436,0.2714,0.6888,0.3314,0.6,0.2303,0.0,0.0,0.0,1.0,0.4193,False,False,False,False,无明确战法态,12.0,1.1,12.52,False,4850.6,电器行业,,33.2
603016,,0.1309,1.0,0.7739,0.0,0.0,0.7461,0.2037,0.0,0.0,0.0,0.0,0.0,0.0,0.544,False,False,False,False,无明确战法态,34.46,1.62,39.7,False,51.1,,,
603017,,0.0,0.8441,0.6771,0.0,0.0,0.6523,0.196,0.0,0.0,0.0,0.0,0.0,0.0,0.6278,False,False,False,False,无明确战法态,10.3,3.94,11.85,False,2844.8,建筑建材,雄安新区/独角兽概念/多模态AI,28.0
603018,,0.75,0.8887,0.6396,0.0,0.0,0.0,0.1823,0.0,0.0,0.0,0.0,0.0,0.0,0.5893,False,False,False,False,无明确战法态,5.37,3.67,6.77,False,3672.0,建筑建材,,28.0
603019,,0.2965,1.0,0.718,0.6448,1.0,0.3888,0.3083,0.6,0.7798,0.0,0.0,1.0,0.0,0.346,False,False,False,False,无明确战法态,92.68,-1.99,90.8,True,135563.7,电子信息,百度概念/国防军工/雄安新区,32.2
603020,,0.981,0.9565,0.6908,1.0,1.0,0.7544,0.6259,0.3,1.0,1.0,0.0,0.5,1.0,0.3688,False,False,False,False,无明确战法态,13.35,-3.26,12.28,True,5014.8,食品行业,烟草,35.0
603021,,0.0,1.0,0.7341,0.2399,0.4767,0.2974,0.2804,0.3,1.0,0.0,0.0,1.0,0.0,0.3701,False,False,False,False,B2确认,7.47,2.75,6.8,True,23.9,玻璃行业,,52.3
603022,,0.0551,1.0,0.7461,0.0,0.0,0.3717,0.0705,0.0,0.0,0.0,0.0,0.0,0.0,0.4931,False,False,False,False,无明确战法态,8.34,2.46,9.62,False,1668.0,其它行业,,37.8
603023,,0.0,1.0,0.7171,0.0,0.0,0.779,0.129,0.0,0.0,0.0,0.0,0.0,0.0,0.4492,False,False,False,False,无明确战法态,3.82,1.33,4.26,False,2132.0,其它行业,EDR概念/黑龙江自贸区,37.8
603025,,0.0,0.8982,0.7101,0.0252,0.0,0.4069,0.1522,0.0,0.1373,0.0,0.0,0.0,0.0,0.4897,False,False,False,False,无明确战法态,14.06,3.61,14.95,False,15595.0,电子信息,国产操作系统,32.2
603026,,0.2693,0.635,0.7145,0.5924,0.5688,0.5616,0.3178,0.0,0.7467,0.0,0.0,0.5,0.0,0.4515,False,False,False,False,无明确战法态,89.88,-5.19,90.19,False,20915.2,其它行业,锂电池/宁德时代概念/锂电池概念,37.8
603027,,0.4227,1.0,0.8676,0.0,0.0,0.6013,0.248,0.0,0.0,0.0,0.0,0.0,0.0,0.4515,False,False,False,False,无明确战法态,7.09,0.57,8.09,False,8859.8,,,
603028,,0.0,0.6944,0.4562,0.0,0.0,0.4281,0.1257,0.0,0.0,0.0,0.0,0.0,1.0,0.5549,False,False,False,False,无明确战法态,6.94,4.83,7.87,False,1972.3,,专精特新/特钢概念,
603029,,0.0,1.0,0.7904,0.0,0.0,0.4408,0.1317,0.0,0.0,0.0,0.0,0.0,0.0,0.4584,False,False,False,False,无明确战法态,15.05,2.87,16.61,False,1826.2,,供销社,
603030,,0.0,1.0,0.7044,0.0,0.0,0.5998,0.1275,0.0,0.0,0.0,0.0,0.0,0.0,0.5712,False,False,False,False,无明确战法态,2.08,2.46,2.38,False,2739.2,建筑建材,建筑节能,28.0
603031,,0.0,1.0,0.5444,1.0,0.6928,0.5314,0.3885,0.0,1.0,1.0,0.0,0.0,0.7,0.3141,False,False,False,False,无明确战法态,52.82,-2.44,50.01,True,16606.1,,AI PC/超级品牌,
603032,,0.0,0.4334,0.2881,1.0,1.0,0.1726,0.2744,0.9,1.0,0.0,0.0,1.0,0.7,0.3842,False,False,True,False,无明确战法态,27.6,6.4,23.92,True,6393.9,,减速器/新疆振兴,
603033,,0.0,0.7788,0.4487,0.0,0.0,0.0,0.1925,0.0,0.392,0.0,0.0,0.5,0.0,0.3761,False,False,False,False,无明确战法态,9.95,-4.33,10.06,False,10074.7,,,
603035,,0.0,0.6252,0.5457,0.0,0.0,0.0,0.1965,0.3,0.0,0.0,0.0,0.5,0.0,0.4556,False,False,False,False,无明确战法态,11.43,5.25,12.2,False,4187.3,,,
603036,,0.6657,1.0,0.7706,0.0,0.2222,0.7793,0.3567,0.3,0.0,0.0,0.0,0.5,0.0,0.459,False,False,False,False,无明确战法态,14.27,-1.79,15.72,False,2939.7,,俄乌冲突概念,
603037,,0.0,0.7134,0.587,0.0,0.0,0.5322,0.0947,0.0,0.0,0.0,0.0,0.0,0.0,0.639,False,False,False,False,无明确战法态,10.65,4.72,12.55,False,2834.4,,,
603038,,0.0,1.0,0.7076,0.2454,0.2194,0.5385,0.3262,0.6,0.5673,0.0,0.0,0.5,0.0,0.3927,False,False,False,False,无明确战法态,15.9,1.08,15.81,True,4272.0,,鸿蒙概念,
603039,,0.0,1.0,0.7414,0.0,0.0,0.6932,0.3165,0.3,0.0,0.0,0.0,0.0,0.0,0.5217,False,False,False,False,无明确战法态,34.89,-1.94,41.64,False,8944.6,,,
603040,,0.4188,0.6602,0.4776,0.0268,0.0,0.0,0.4635,0.3,0.0,0.0,0.0,0.0,1.0,0.4723,False,False,False,False,无明确战法态,71.71,5.04,84.4,False,9734.2,,专精特新/污水处理/汽车热管理,
603041,,0.0,1.0,0.7603,0.0,0.0,0.5459,0.1779,0.0,0.0,0.0,0.0,0.0,0.0,0.4785,False,False,False,False,无明确战法态,10.82,2.37,11.98,False,1981.7,,专精特新/有机硅概念,
603042,,1.0,1.0,0.8409,0.0,0.0,0.7122,0.2299,0.0,0.0,0.0,0.0,0.0,0.0,0.5093,False,False,False,False,无明确战法态,13.27,-1.04,18.62,False,2131.0,,F5G概念/铜缆高速连接,
603043,,0.0,1.0,0.8465,0.0,0.0,0.5973,0.3907,0.0,0.0047,0.0,0.0,0.0,0.0,0.4636,False,False,False,False,无明确战法态,13.32,2.23,14.21,False,74.9,,农村电商/预制菜,
603045,,0.7853,0.2666,0.0916,1.0,1.0,0.4688,0.3649,0.3,1.0,1.0,1.0,0.0,0.7,0.3574,False,False,False,False,B1候B2,75.9,7.4,67.54,True,10280.3,,,
603048,,0.0,1.0,0.5739,0.0,0.0,0.6386,0.2572,0.6,0.1887,0.0,0.0,0.0,0.0,0.4856,False,False,False,False,无明确战法态,19.33,2.11,20.28,False,2839.2,,专精特新,
603049,,0.0,0.9653,0.7168,0.1305,0.1296,0.0841,0.3376,0.9,0.4238,0.0,0.0,0.5,0.0,0.4281,False,False,False,False,无明确战法态,46.65,3.21,47.24,False,4079.5,,两轮车,
603050,,0.0,1.0,0.747,0.1433,0.0,0.6062,0.161,0.3,0.6873,0.0,0.0,0.5,0.0,0.3656,False,False,False,False,无明确战法态,20.63,-2.13,20.64,False,8320.5,,光伏,
603051,,0.0,0.0,0.2938,0.0,0.0,0.2155,0.1996,0.0,0.6708,0.0,0.0,0.0,0.0,0.5545,False,False,False,False,无明确战法态,21.91,9.99,21.56,True,3541.4,,BC电池/POE胶膜/TOPCON电池,
603052,,0.8801,1.0,0.4254,0.7035,0.0,0.7301,0.2607,0.0,0.1315,0.0,0.0,0.0,0.7,0.4587,False,False,False,False,无明确战法态,75.29,2.67,84.27,False,14146.8,,举牌,
603053,,0.0,1.0,0.8549,0.0228,0.0,0.7531,0.1247,0.0,0.2685,0.0,0.0,0.5,0.0,0.4117,False,False,False,False,无明确战法态,8.87,1.6,9.18,False,7884.5,,,
603055,,0.0,0.3534,0.3939,0.0485,0.1278,0.0,0.466,1.0,0.6261,0.0,0.0,0.5,0.0,0.4254,False,False,False,False,无明确战法态,8.7,6.88,8.55,True,7717.3,,,
603057,,0.0,1.0,0.7582,0.0,0.0,0.7062,0.1052,0.0,0.2422,0.0,0.0,0.5,0.0,0.3294,False,False,False,False,无明确战法态,23.66,2.16,25.04,False,9747.9,,冷链物流/预制菜,
603058,,0.7166,1.0,0.7573,0.0,0.0,0.7694,0.2462,0.3,0.0,0.0,0.0,0.0,0.0,0.4228,False,False,False,False,无明确战法态,8.75,-0.46,10.2,False,3619.3,,短剧游戏/工业大麻/烟草,
603059,,0.0,0.9382,0.7138,0.0,0.0,0.4646,0.1796,0.0,0.0,0.0,0.0,0.0,0.0,0.5214,False,False,False,False,无明确战法态,25.76,3.37,28.46,False,2587.6,,,
603060,,0.5427,1.0,0.6897,0.3195,0.0,0.9118,0.4508,0.3,0.0,0.0,0.0,0.0,0.7,0.5222,False,False,False,False,B1候B2,5.69,-1.9,6.64,False,4574.5,,核污染防治,
603061,,0.0,1.0,0.3046,1.0,1.0,0.331,0.6699,0.0,1.0,0.0,0.0,1.0,0.7,0.2316,False,False,False,False,无明确战法态,472.73,0.43,329.76,True,41127.5,,,
603062,,0.0,1.0,0.7404,0.0,0.0,0.4461,0.1042,0.0,0.0,0.0,0.0,0.5,0.0,0.4947,False,False,False,False,无明确战法态,40.96,-0.94,44.47,False,1518.5,,,
603063,,1.0,1.0,0.7323,1.0,0.0,0.7361,0.2221,0.0,0.0943,0.0,0.0,0.0,0.7,0.3573,False,False,False,False,无明确战法态,43.52,-1.27,48.34,False,19999.1,,光伏/智能电网/海工装备,
603065,,0.2408,1.0,0.5144,1.0,1.0,0.3107,1.0,0.9,1.0,0.0,0.0,1.0,1.0,0.263,False,False,False,False,无明确战法态,18.8,-2.19,13.03,True,7876.6,,,
603066,,0.0,1.0,0.7453,0.2336,0.0,0.4166,0.2788,0.0,0.6472,0.0,0.0,0.0,0.0,0.4627,False,False,False,False,无明确战法态,10.75,2.67,10.6,True,3162.4,,冷链物流/统一大市场/烟草,
603067,,0.0,1.0,0.583,0.8924,1.0,0.5732,0.3102,0.6,1.0,0.0,0.0,1.0,0.0,0.2502,False,False,False,False,无明确战法态,44.3,-2.08,39.09,True,33469.8,,钒电池/钛白粉概念/小金属概念,
603068,,0.0,0.9177,0.6845,0.7174,1.0,0.2147,0.3833,0.3,1.0,0.0,0.0,1.0,0.7,0.3211,False,False,False,False,无明确战法态,38.95,-3.49,36.22,True,5912.1,,鸿蒙概念/无线耳机/阿里巴巴概念,
603069,,0.0,1.0,0.8247,0.0,0.0,0.75,0.0948,0.0,0.0,0.0,0.0,0.0,0.0,0.6335,False,False,False,False,无明确战法态,13.01,0.62,15.5,False,4111.2,,海南自贸/海南自贸区,
603070,,0.6158,0.8461,0.6264,0.0878,0.0,0.7673,0.1646,0.3,0.0,0.0,0.0,0.0,1.0,0.6052,False,False,False,False,无明确战法态,12.98,3.92,15.03,False,5205.0,,智能电网/储能/共同富裕示范区,
603071,,0.0,1.0,0.8151,0.0,0.0,0.6174,0.2148,0.3,0.0,0.0,0.0,0.0,0.0,0.4982,False,False,False,False,无明确战法态,11.67,1.13,12.78,False,6511.3,,换电概念/煤炭概念/生物质能发电,
603072,,0.0,1.0,0.7694,0.5549,1.0,0.3018,0.5185,0.6,0.749,0.0,0.0,0.5,1.0,0.3947,False,False,False,False,无明确战法态,40.05,-0.32,38.61,True,5055.5,,,
603073,,0.0,0.9812,0.706,0.0,0.0,0.5381,0.1835,0.0,0.0,0.0,0.0,0.0,0.0,0.4784,False,False,False,False,无明确战法态,15.9,3.11,17.62,False,809.2,,,
603075,,0.0,1.0,0.8274,0.2316,0.0,0.7048,0.5823,0.0,0.4426,0.0,0.0,0.5,0.7,0.3857,False,False,False,False,无明确战法态,22.71,1.38,23.32,False,936.7,,,
603076,,0.0,1.0,0.82,0.0,0.0,0.8014,0.1022,0.0,0.0,0.0,0.0,0.5,0.0,0.3829,False,False,False,False,无明确战法态,21.8,-0.23,24.17,False,2631.3,,,
603077,,0.1327,1.0,0.6879,0.0,0.0,0.5279,0.3983,0.3,0.0655,0.0,0.0,0.5,0.0,0.3666,False,False,False,False,无明确战法态,2.33,-0.85,2.53,False,20577.9,化工行业,光伏/成渝特区/锂电池,39.0
603078,,0.0,1.0,0.0287,1.0,1.0,0.1117,0.7788,0.3,1.0,0.0,0.0,1.0,0.7,0.2071,False,False,False,False,无明确战法态,56.26,-1.12,38.99,True,21696.0,,专精特新/氟化工概念/光刻胶,
603079,,0.0,1.0,0.7999,0.0,0.0,0.0,0.1706,0.0,0.0,0.0,0.0,0.0,0.0,0.4062,False,False,False,False,无明确战法态,12.0,2.92,14.03,False,2268.4,,专精特新,
603080,,0.0,1.0,0.7477,0.0,0.0,0.8036,0.278,0.6,0.1622,0.0,0.0,0.0,1.0,0.4701,False,False,False,False,无明确战法态,19.86,2.95,21.01,False,2810.2,,,
603081,,0.0,0.8394,0.7508,0.0,0.0,0.2818,0.1214,0.3,0.0,0.0,0.0,0.0,0.0,0.5358,False,False,False,False,无明确战法态,9.18,3.96,10.4,False,3878.5,,,
603082,,1.0,0.9728,0.6367,0.9244,1.0,0.6826,0.3276,0.6,0.7658,1.0,0.0,0.5,0.7,0.4583,False,False,False,False,B1候B2,39.8,-3.16,39.2,True,1614.2,,冷链物流/数字孪生/新型工业化,
603083,,1.0,0.8087,0.6264,1.0,1.0,0.679,0.4718,0.0,1.0,1.0,0.0,0.5,0.7,0.3947,False,False,False,False,无明确战法态,209.37,-4.15,195.14,True,577.0,,F5G概念/WiFi 6/液冷服务器,
603085,,0.0,1.0,0.7305,0.1091,0.0,0.8437,0.1847,0.0,0.196,0.0,0.0,0.0,0.0,0.5101,False,False,False,False,无明确战法态,11.22,0.81,11.96,False,4455.5,,三胎概念/飞行汽车(eVTOL)/碳纤维,
603086,,0.0,1.0,0.7309,0.0,0.0,0.0566,0.2015,0.0,0.0,0.0,0.0,0.0,0.0,0.4848,False,False,False,False,无明确战法态,5.6,2.75,6.32,False,2435.0,,,
603087,,0.0,0.4112,0.4376,0.2262,0.9648,0.0,0.484,0.9,0.8303,0.0,0.0,1.0,0.0,0.4308,False,False,False,False,无明确战法态,60.99,6.53,57.94,True,34023.8,,,
603088,,0.0,1.0,0.66,0.0,0.0,0.5621,0.1906,0.3,0.0824,0.0,0.0,0.0,0.0,0.4497,False,False,False,False,无明确战法态,10.24,2.4,10.98,False,4483.8,机械行业,专精特新/空气能热泵,36.7
603089,,0.0,0.8806,0.6903,0.0,0.0,0.2744,0.0919,0.0,0.0,0.0,0.0,0.0,0.0,0.6092,False,False,False,False,无明确战法态,8.93,3.72,10.36,False,2143.5,,专精特新,
603090,,0.9698,1.0,0.73,0.0,0.0,0.8768,0.1677,0.3,0.0,0.0,0.0,0.0,0.0,0.6136,False,False,False,False,无明确战法态,49.82,0.89,61.43,False,49.8,,煤化工概念/农机/牙科医疗,
603091,,0.7108,0.9934,0.5569,0.0,0.0,0.0,0.26,0.0,0.0,0.0,0.0,0.0,0.0,0.4788,False,False,False,False,无明确战法态,50.85,3.04,67.77,False,1598.8,,乡村振兴/跨境电商,
603092,,0.2243,0.9944,0.7649,0.0,0.0,0.7211,0.1801,0.0,0.0,0.0,1.0,0.0,0.0,0.4895,False,False,False,False,无明确战法态,54.34,3.03,62.25,False,1878.6,次新股,独角兽概念/新疆振兴,33.7
603093,,0.7186,1.0,0.8514,0.2967,0.0,0.7786,0.1259,0.9,0.1037,0.0,0.0,0.5,0.0,0.4305,False,False,False,False,无明确战法态,18.7,1.63,20.16,False,11408.2,,,
603095,,0.1002,0.8178,0.6048,0.0,0.0,0.718,0.0671,0.0,0.0,0.0,0.0,0.0,0.0,0.6228,False,False,False,False,无明确战法态,14.75,4.09,17.84,False,3809.5,,专精特新,
603096,,0.0,1.0,0.7585,0.0,0.0,0.4597,0.108,0.3,0.0,0.0,0.0,0.0,0.0,0.4531,False,False,False,False,无明确战法态,14.21,2.97,15.8,False,2191.7,,知识产权保护,
603097,,1.0,0.0,0.7909,0.0,0.0,0.6857,0.169,0.0,0.0,0.0,0.0,0.5,0.0,0.6865,False,False,False,False,无明确战法态,18.67,-28.6,28.26,False,2996.2,,雄安新区,
603098,,0.0,1.0,0.7409,0.0,0.0,0.6474,0.2717,0.3,0.0,0.0,0.0,0.0,0.0,0.5668,False,False,False,False,无明确战法态,10.84,2.75,12.47,False,5840.6,,专精特新/光伏/建筑节能,
603099,,0.0,1.0,0.8642,0.3248,0.0276,0.7868,0.3779,0.3,0.2387,0.0,0.0,0.0,1.0,0.3792,False,False,False,False,无明确战法态,35.76,1.16,37.11,False,9739.4,酒店旅游,朝鲜改革/冰雪产业,29.9
603100,,0.0,1.0,0.856,0.0,0.0,0.5413,0.1813,0.0,0.2278,0.0,0.0,0.5,0.0,0.3505,False,False,False,False,无明确战法态,18.31,1.38,18.97,False,9366.3,仪器仪表,核电核能/光热发电,34.2
603101,,0.0,1.0,0.7827,0.0,0.0,0.5482,0.2118,0.0,0.0,0.0,0.0,0.5,0.0,0.3758,False,False,False,False,无明确战法态,6.91,2.37,7.55,False,3250.5,,预制菜,
603102,,0.0,1.0,0.8114,0.0,0.0,0.5947,0.2169,0.0,0.0,0.0,0.0,0.0,0.0,0.6002,False,False,False,False,无明确战法态,33.6,2.19,36.43,False,2150.4,,,
603103,,0.0,1.0,0.7434,0.0,0.0,0.7905,0.2419,0.3,0.0,0.0,0.0,0.0,0.0,0.586,False,False,False,False,无明确战法态,14.97,-0.66,19.05,False,9494.0,,,
603105,,0.0,1.0,0.8177,0.0,0.0,0.6526,0.0876,0.0,0.0,0.0,0.0,0.0,0.0,0.5094,False,False,False,False,无明确战法态,7.09,2.01,8.55,False,3545.1,,光伏,
603106,,0.5527,1.0,0.8218,0.0,0.0,0.6007,0.091,0.0,0.0,0.0,0.0,0.5,0.0,0.3678,False,False,False,False,无明确战法态,7.17,0.84,8.03,False,3732.1,,国产操作系统/天津自贸区/物业管理,
603107,,0.0,1.0,0.7935,0.0,0.0,0.4512,0.1178,0.0,0.0,0.0,0.0,0.0,0.0,0.5969,False,False,False,False,无明确战法态,11.94,2.75,13.01,False,2605.0,,上海自贸区,
603108,,0.0671,1.0,0.6774,0.0,0.0,0.6724,0.1525,0.0,0.0,0.0,0.0,0.0,0.0,0.6361,False,False,False,False,无明确战法态,9.5,2.15,11.71,False,5735.2,其它行业,,37.8
603109,,0.0,0.5907,0.5763,0.0,0.0,0.2753,0.1304,0.3,0.0,0.0,0.0,0.0,0.0,0.5404,False,False,False,False,无明确战法态,17.59,5.46,19.86,False,3673.6,,专精特新,
603110,,1.0,1.0,0.6821,1.0,0.8007,0.7012,0.2679,0.0,0.5937,0.0,0.0,0.5,0.7,0.4622,True,False,False,False,B1候B2,21.12,-1.26,21.62,False,4249.9,,石墨烯,
603111,,0.0,1.0,0.7827,0.0,0.0,0.6629,0.1956,0.0,0.1155,0.0,0.0,0.0,0.0,0.5156,False,False,False,False,无明确战法态,5.95,2.06,6.28,False,5074.6,交通运输,,32.0
603112,,0.0,0.6924,0.681,0.0019,0.0,0.693,0.1878,0.3,0.0164,0.0,0.0,0.0,0.0,0.5434,False,False,False,False,无明确战法态,17.31,4.85,18.9,False,9254.0,,,
603113,,0.23,1.0,0.7484,0.0,0.0,0.5703,0.2053,0.0,0.0,0.0,0.0,0.0,0.0,0.5711,False,False,False,False,无明确战法态,4.32,1.89,5.3,False,3665.5,,,
603115,,1.0,1.0,0.4752,1.0,1.0,0.7894,0.1206,0.0,1.0,1.0,0.0,0.5,0.7,0.4583,True,False,False,False,B1候B2,107.0,-0.9,92.14,True,25882.3,,专精特新/汽车电子/储能,
603116,,0.0384,1.0,0.699,0.2769,0.0,0.778,0.0925,0.0,0.1423,0.0,0.0,0.0,0.7,0.4022,False,False,False,False,无明确战法态,6.08,1.67,6.5,False,3503.3,其它行业,跨境电商,37.8
603117,,0.0,0.8792,0.6753,0.0,0.0,0.3677,0.1042,0.3,0.0,0.0,0.0,0.0,0.0,0.6244,False,False,False,False,无明确战法态,3.62,3.72,4.16,False,2169.1,,,
603118,,0.0,0.9204,0.672,0.0897,0.0,0.6534,0.1794,0.0,0.167,0.0,0.0,0.0,0.0,0.4907,False,False,False,False,无明确战法态,12.2,3.48,12.96,False,9604.8,电子器件,基因概念/基因测序/智能家居,73.7
603119,,0.0,0.1852,0.2558,0.4849,0.4159,0.21,0.314,0.6,1.0,0.0,0.0,0.5,0.7,0.4671,False,False,False,False,B1候B2,74.81,7.89,69.64,True,15252.2,,,
603120,,0.0,0.6442,0.4545,1.0,1.0,0.2306,0.3705,0.6,1.0,0.0,0.0,1.0,0.7,0.2921,False,False,False,False,B1候B2,57.27,-5.14,49.5,True,2170.5,,环氧丙烷,
603121,,0.0,0.3441,0.4247,0.0,0.0,0.2334,0.0767,0.0,0.0,0.0,0.0,0.0,0.0,0.6744,False,False,False,False,无明确战法态,13.26,6.94,16.31,False,4489.0,,,
603122,,0.0,1.0,0.6153,0.0,0.0,0.4167,0.1853,0.0,0.0,0.0,0.0,0.0,0.0,0.4878,False,False,False,False,无明确战法态,11.48,-1.12,13.3,False,4569.6,,,
603123,,0.2054,1.0,0.836,0.0,0.0,0.6928,0.1905,0.6,0.0,0.0,0.0,0.0,0.0,0.5493,False,False,False,False,无明确战法态,8.24,1.35,10.03,False,5374.8,商业百货,阿里巴巴概念/旅游概念/数据要素,30.2
603124,,1.0,1.0,0.6918,1.0,1.0,0.5567,0.5511,0.0,1.0,1.0,0.0,0.5,0.7,0.3703,True,False,False,False,B1候B2,172.63,-0.12,157.63,True,13397.6,,,
603125,,0.806,0.1767,0.4622,1.0,1.0,0.3487,0.3999,0.3,1.0,1.0,0.0,1.0,0.7,0.4294,False,False,False,False,无明确战法态,28.87,-7.94,25.81,True,11687.6,,,
603126,,0.8743,1.0,0.7627,0.0,0.0,0.7769,0.2063,0.0,0.0,0.0,1.0,0.0,0.0,0.6084,False,False,False,False,无明确战法态,6.29,1.78,7.42,False,3840.0,环保行业,光热发电,29.2
603127,,0.0,1.0,0.6954,0.5346,1.0,0.5025,0.2398,0.0,1.0,0.0,0.0,1.0,0.0,0.2934,False,False,False,False,无明确战法态,40.56,2.37,36.47,True,25567.1,,专精特新/CXO概念/CRO概念,
603128,,0.0,1.0,0.8846,0.1561,0.0428,0.5662,0.3169,0.0,0.3537,0.0,0.0,0.5,0.0,0.3581,False,False,False,False,无明确战法态,5.28,1.54,5.38,False,6911.8,交通运输,上海自贸/上海自贸区,32.0
603129,,0.0,1.0,0.8114,0.3351,1.0,0.6076,0.4781,0.0,1.0,0.0,0.0,1.0,0.0,0.2693,False,False,False,False,无明确战法态,262.93,1.32,244.14,True,403.6,,两轮车/同花顺出海50,
603130,,0.0,1.0,0.72,0.1551,0.0,0.5541,0.1124,0.0,0.0,0.0,0.0,0.0,0.0,0.4414,False,False,False,False,无明确战法态,40.32,2.0,43.91,False,5544.6,,,
603131,,0.0,0.7441,0.6128,0.0,0.0,0.2404,0.2004,0.6,0.1588,0.0,0.0,0.5,0.0,0.4868,False,False,False,False,无明确战法态,18.9,4.54,19.65,False,6367.5,,专精特新/国防军工/工业母机,
603132,,0.0,1.0,0.7455,0.1393,0.0,0.4985,0.3268,0.3,0.3918,0.0,0.0,0.0,0.0,0.3564,False,False,False,False,无明确战法态,16.53,1.79,17.19,False,16166.3,,专精特新/黄金概念/金属锌,
603135,,0.0,0.4925,0.1163,0.8692,1.0,0.0,0.6299,1.0,1.0,0.0,0.0,0.5,0.7,0.3417,False,False,False,False,无明确战法态,14.56,6.05,12.25,True,9166.1,,,
603136,,0.0,1.0,0.8616,0.0,0.0,0.622,0.2289,0.0,0.0,0.0,0.0,0.5,0.0,0.4879,False,False,False,False,无明确战法态,8.77,1.15,9.55,False,2369.0,,,
603137,,0.0,0.0,1.0,0.1682,1.0,0.9615,0.2065,0.0,1.0,0.0,0.0,1.0,0.0,0.7332,False,False,False,False,无明确战法态,17.22,10.03,13.28,True,3150.1,,建筑节能,
603138,,0.3801,1.0,0.8198,0.0,0.0,0.7833,0.0714,0.0,0.0,0.0,0.0,0.0,0.0,0.5296,False,False,False,False,无明确战法态,13.86,-1.42,16.86,False,3996.4,,横琴新区,
603139,,0.0,0.7311,0.6618,1.0,1.0,0.6482,0.3152,0.3,1.0,0.0,0.0,1.0,0.7,0.3199,False,False,False,False,无明确战法态,41.56,-4.61,37.54,True,4151.0,,乡村振兴/三胎概念/肝炎概念,
603150,,0.8366,0.9792,0.7,1.0,0.9746,0.696,0.3561,0.0,0.8885,1.0,0.0,0.0,0.7,0.4716,False,False,False,False,B1候B2,69.75,-3.12,69.14,True,5962.4,,,
603151,,0.0,1.0,0.8195,0.0,0.0,0.4082,0.1693,0.3,0.0,0.0,0.0,0.0,0.0,0.5323,False,False,False,False,无明确战法态,11.65,1.75,13.55,False,1993.5,,,
603153,,0.0,0.976,0.637,0.0,0.0,0.234,0.2248,0.0,0.0,0.0,0.0,0.0,0.0,0.5161,False,False,False,False,无明确战法态,13.45,3.14,14.45,False,5430.8,,地下管网/建筑节能/体育产业,
603155,,0.0,0.4105,0.4854,1.0,1.0,0.1926,0.7823,0.6,1.0,0.0,0.0,1.0,0.7,0.2107,False,False,False,False,无明确战法态,26.88,-6.54,21.65,True,8488.3,,锂电池概念/股权转让(并购重组)/光刻胶,
603156,,0.9193,1.0,0.7209,1.0,1.0,0.7684,0.3479,0.0,1.0,1.0,0.0,1.0,0.7,0.3954,True,False,False,False,B1候B2,44.57,-1.28,41.68,True,56170.6,,超级品牌/创投/高股息精选,
603158,,0.1042,1.0,0.6627,0.2864,0.0,0.7936,0.2,0.0,0.0,0.0,0.0,0.0,0.7,0.438,False,False,False,False,无明确战法态,11.84,-0.17,13.14,False,5810.7,汽车制造,专精特新/空气能热泵/无线充电,40.0
603159,,0.432,0.6595,0.5565,0.0,0.0,0.561,0.171,0.3,0.0,0.0,0.0,0.0,0.0,0.6019,False,False,False,False,无明确战法态,17.7,-5.04,24.15,False,2478.0,,,
603160,,0.0703,1.0,0.821,0.0,0.3209,0.5606,0.1732,0.0,0.0759,0.0,0.0,1.0,0.0,0.4022,False,False,False,False,无明确战法态,59.03,-2.17,62.59,False,275.0,,鸿蒙概念/无线耳机/物联网,
603161,,0.0445,1.0,0.8206,0.3864,0.2201,0.7301,0.3454,0.3,0.4446,0.0,0.0,0.0,0.0,0.3228,False,False,False,False,B1候B2,14.17,0.35,14.42,False,2702.9,,燃料电池,
603162,,0.0,1.0,0.7738,0.0,0.0,0.5073,0.155,0.3,0.0,0.0,0.0,0.0,0.0,0.5306,False,False,False,False,无明确战法态,9.63,2.12,11.45,False,2691.3,,,
603163,,0.0837,0.9599,0.6553,1.0,1.0,0.5437,0.2854,0.6,1.0,0.0,0.0,1.0,1.0,0.3323,False,False,False,False,无明确战法态,125.4,-3.24,115.35,True,12540.0,,海峡两岸/中芯国际概念,
603165,,0.0,0.0,0.3962,0.0,0.0,0.4346,0.232,0.3,0.3793,0.0,0.0,0.0,0.0,0.5309,False,False,False,False,无明确战法态,14.7,10.03,15.26,False,4710.5,,污水处理/参股银行,
603166,,0.5022,1.0,0.6328,0.6011,0.9593,0.0,0.3094,0.9,0.5002,0.0,0.0,0.5,1.0,0.3533,False,False,False,False,B1候B2,14.24,1.86,14.3,False,9123.8,汽车制造,专精特新/减速器/农机,40.0
603167,,0.0,1.0,0.9331,0.3366,0.2801,0.693,0.2152,0.0,0.4657,0.0,0.0,0.0,0.0,0.3778,False,False,False,False,无明确战法态,9.0,0.33,9.08,False,4222.3,交通运输,黄河三角/自贸区/本月解禁,32.0
603168,,0.0,1.0,0.6915,0.0,0.0,0.2465,0.2149,0.0,0.0,0.0,0.0,0.0,0.0,0.4475,False,False,False,False,无明确战法态,5.08,2.21,5.73,False,1892.4,生物制药,,47.0
603169,,0.8889,1.0,0.8338,0.0,0.0,0.7535,0.2107,0.6,0.0,0.0,0.0,0.0,0.0,0.504,False,False,False,False,无明确战法态,6.78,-0.59,8.24,False,8856.7,机械行业,碳中和/氢能源/核电核能,36.7
603170,,0.0,1.0,0.8579,0.0371,0.0,0.5624,0.3152,0.6,0.1761,0.0,0.0,0.0,0.0,0.4159,False,False,False,False,无明确战法态,11.82,0.77,12.39,False,4728.1,,预制菜,
603171,,0.4669,1.0,0.8354,0.0,0.0,0.8185,0.1328,0.3,0.0,0.0,0.0,0.0,0.0,0.505,False,False,False,False,无明确战法态,39.54,-0.38,48.94,False,16048.9,,,
603172,,0.0,1.0,0.6138,0.0,0.0,0.4751,0.1533,0.0,0.0,0.0,0.0,0.0,1.0,0.4618,False,False,False,False,无明确战法态,17.6,-1.01,19.49,False,2347.5,,染料,
603173,,0.0,1.0,0.6937,0.0,0.7054,0.0,0.5306,0.9,0.7414,0.0,0.0,1.0,0.0,0.3703,False,False,False,False,无明确战法态,38.81,2.48,37.36,True,6209.6,,,
603175,,0.5511,1.0,0.6496,0.5954,0.3044,0.6919,0.2679,0.6,0.0,0.0,0.0,0.5,0.0,0.4793,False,False,False,False,无明确战法态,85.71,-1.63,89.2,False,3897.6,次新股,汽车电子/机器人概念/存储芯片,33.7
603176,,0.0,1.0,0.8008,0.0,0.0,0.561,0.1599,0.3,0.0,0.0,0.0,0.0,0.0,0.494,False,False,False,False,无明确战法态,4.44,2.07,4.96,False,2050.5,,,
603177,,0.2848,1.0,0.7056,0.0,0.0,0.7343,0.2255,0.3,0.0,0.0,0.0,0.0,0.0,0.5925,False,False,False,False,无明确战法态,8.38,0.0,10.18,False,1711.1,,碳中和/氢能源/固废处理,
603178,,0.0,0.0,0.3123,0.0,0.0,0.8649,0.1514,0.0,0.0595,0.0,0.0,0.0,0.0,0.5194,False,False,False,False,无明确战法态,15.68,10.04,16.69,False,3706.9,,,
603179,,0.0,0.5303,0.3482,0.0,0.0,0.1932,0.2495,0.0,0.0029,0.0,0.0,0.5,0.0,0.4797,False,False,False,False,无明确战法态,53.47,5.82,57.16,False,27277.3,,,
603180,,0.0,0.3973,0.366,0.0,0.0,0.0,0.1553,0.6,0.0,0.0,0.0,0.0,0.0,0.4501,False,False,False,False,无明确战法态,15.47,6.62,16.57,False,2386.4,,智能音箱,
603181,,0.6736,0.8353,0.6818,0.7251,1.0,0.3832,0.6477,0.6,0.7718,0.0,0.0,0.5,0.0,0.3947,False,False,False,False,无明确战法态,15.89,-3.99,15.53,True,9354.4,,染料/有机硅概念,
603182,,0.0,1.0,0.7087,0.0,0.0,0.5588,0.2337,0.0,0.0,0.0,0.0,0.0,0.0,0.5272,False,False,False,False,无明确战法态,12.19,2.44,13.28,False,2005.9,,粮食概念/人造肉,
603183,,0.0,1.0,0.8007,0.0,0.0,0.5751,0.146,0.0,0.0,0.0,0.0,0.0,0.0,0.5341,False,False,False,False,无明确战法态,3.75,1.9,4.06,False,1864.3,,,
603185,,0.6903,0.9313,0.727,0.0,0.0,0.6391,0.2625,0.0,0.0,0.0,0.0,0.0,0.0,0.5452,False,False,False,False,无明确战法态,15.57,-3.41,19.33,False,10572.4,,专精特新/光伏,
603186,,1.0,1.0,0.3296,1.0,1.0,0.6105,0.6633,0.0,1.0,1.0,0.0,0.5,0.7,0.4149,False,False,False,False,无明确战法态,199.99,2.04,160.59,True,31356.5,,华为概念/储能/锂电池概念,
603187,,0.0,1.0,0.7973,0.0,0.0,0.4324,0.2061,0.6,0.0217,0.0,0.0,0.0,0.0,0.5038,False,False,False,False,无明确战法态,12.17,2.79,13.06,False,4653.3,,无人零售,
603188,,0.0,1.0,0.8374,0.0,0.0,0.4479,0.163,0.3,0.0,0.0,0.0,0.0,0.0,0.4447,False,False,False,False,无明确战法态,4.11,0.24,4.52,False,2343.4,化工行业,染料,39.0
603189,,0.0,1.0,0.6147,0.0,0.0,0.6744,0.2485,0.0,0.0,0.0,0.0,0.5,0.0,0.5348,False,False,False,False,无明确战法态,11.2,-1.93,12.87,False,3018.9,,AI视频,
603190,,0.0,0.694,0.6804,0.1225,0.0,0.4213,0.1934,0.0,0.4007,0.0,0.0,0.0,0.0,0.5268,False,False,False,False,无明确战法态,24.93,4.84,25.55,False,1025.0,,汽车拆解概念,
603191,,0.6768,1.0,0.8484,0.0,0.0,0.882,0.1503,0.3,0.0,0.0,0.0,0.0,0.0,0.5327,False,False,False,False,无明确战法态,15.82,-0.06,18.64,False,52.2,,特钢概念,
603192,,0.0,1.0,0.6527,0.0,0.0,0.1167,0.2293,0.3,0.0,0.0,0.0,0.0,0.0,0.4139,False,False,False,False,无明确战法态,18.01,1.98,20.24,False,2510.7,,专精特新,
603193,,0.0,1.0,0.851,0.0,0.0,0.6003,0.2118,0.0,0.0,0.0,0.0,0.0,0.0,0.5528,False,False,False,False,无明确战法态,19.47,1.2,21.7,False,2012.0,,,
603194,,0.1058,1.0,0.7968,0.5608,0.4997,0.5199,0.4274,0.3,0.3593,0.0,1.0,0.5,0.7,0.4153,False,False,False,False,无明确战法态,35.28,0.51,36.07,False,5575.2,,共同富裕示范区/汽车拆解概念,
603195,,0.3078,1.0,0.8607,0.2137,0.0,0.7203,0.2682,0.3,0.0775,0.0,0.0,0.0,0.0,0.4219,False,False,False,False,无明确战法态,38.01,0.56,40.56,False,68443.3,,超级品牌/无线充电,
603196,,1.0,1.0,0.7606,0.0095,0.0,0.8125,0.1665,0.0,0.0,0.0,0.0,0.5,0.0,0.4519,False,False,False,False,无明确战法态,23.45,-0.93,25.87,False,5557.4,,三胎概念/虚拟数字人,
603197,,0.0,0.8588,0.6473,0.0,0.0,0.1079,0.2039,0.0,0.2832,0.0,0.0,0.5,0.0,0.4589,False,False,False,False,无明确战法态,30.23,3.85,30.98,False,6383.1,,飞行汽车(eVTOL)/小米汽车,
603198,,0.0,0.8588,0.7457,0.0,0.0,0.4913,0.2981,0.6,0.0,0.0,0.0,0.0,0.0,0.569,False,False,False,False,无明确战法态,31.58,3.85,34.01,False,25264.0,其它行业,白酒概念,37.8
603199,,0.0,1.0,0.8702,0.0,0.0,0.6708,0.3567,0.0,0.0988,0.0,0.0,0.5,0.0,0.3841,False,False,False,False,无明确战法态,32.07,0.69,33.99,False,35.5,酒店旅游,,29.9
603200,,0.0,1.0,0.8131,0.0,0.0,0.7833,0.1924,0.0,0.0,0.0,0.0,0.0,0.0,0.5352,False,False,False,False,无明确战法态,42.73,0.66,52.14,False,7498.3,,消毒剂,
603201,,1.0,0.802,0.564,0.508,0.0,0.2962,0.737,0.9,0.0,0.0,1.0,0.0,1.0,0.501,False,False,False,False,无明确战法态,14.18,4.19,16.92,False,2670.9,,专精特新/跨境电商,
603202,,0.2368,1.0,0.7879,0.0,0.0,0.3144,0.1812,0.0,0.0,0.0,0.0,0.0,0.0,0.6336,False,False,False,False,无明确战法态,51.95,2.67,67.84,False,2608.6,,,
603203,,1.0,0.5596,0.5103,1.0,1.0,0.4647,0.438,0.0,0.8702,0.0,0.0,0.5,0.7,0.5096,False,False,False,False,无明确战法态,58.7,-5.64,59.81,False,14625.3,,专精特新/无线耳机/汽车电子,
603205,,0.0,1.0,0.8482,0.0,0.0,0.5334,0.1782,0.0,0.0,0.0,0.0,0.0,0.0,0.4867,False,False,False,False,无明确战法态,21.48,1.9,23.5,False,888.0,,消毒剂,
603206,,1.0,1.0,0.7544,0.456,0.0,0.9021,0.2151,0.0,0.0,0.0,0.0,0.0,0.7,0.5971,False,False,False,False,无明确战法态,15.58,0.71,17.19,False,4755.0,,,
603207,,0.0,1.0,0.8278,0.0,0.1728,0.2999,0.329,0.0,0.2016,0.0,0.0,1.0,0.0,0.3657,False,False,False,False,无明确战法态,23.59,-0.08,24.32,False,1283.3,,毛发医疗,
603208,,0.0,1.0,0.6444,0.0,0.0,0.2675,0.2307,0.9,0.0,0.0,0.0,0.0,0.0,0.3852,False,False,False,False,无明确战法态,11.14,-0.98,12.29,False,1959.3,,,
603209,,0.0,1.0,0.8625,0.0104,0.0,0.7104,0.2522,0.3,0.2762,0.0,0.0,0.0,0.0,0.4115,False,False,False,False,无明确战法态,13.32,1.76,13.75,False,4282.3,,航运概念/统一大市场,
603210,,0.0,1.0,0.8313,0.0,0.0,0.6944,0.1583,0.3,0.0,0.0,0.0,0.5,0.0,0.3991,False,False,False,False,无明确战法态,14.01,1.3,15.03,False,3259.8,,,
603211,,0.0,0.0,0.4021,1.0,1.0,0.6992,0.3296,0.0,1.0,0.0,1.0,0.5,0.7,0.309,False,False,True,False,无明确战法态,35.94,10.01,30.38,True,9768.8,,专精特新/卫星导航/智能家居,
603212,,0.0,1.0,0.7444,0.0863,0.0,0.8041,0.3166,0.6,0.0,0.0,0.0,0.5,0.7,0.4049,False,False,False,False,无明确战法态,12.43,-2.74,14.15,False,5438.0,,光伏/HIT电池/BC电池,
603213,,0.0,1.0,0.9104,0.56,0.5035,0.8119,0.3013,0.0,0.6531,0.0,0.0,0.5,0.7,0.3246,False,False,False,False,B1候B2,14.12,-0.07,14.01,True,6240.6,,石墨烯/消毒剂,
603214,,0.0,1.0,0.795,0.0,0.0,0.5091,0.1342,0.0,0.0,0.0,0.0,0.0,0.0,0.5514,False,False,False,False,无明确战法态,13.05,2.92,14.34,False,1807.9,,托育服务,
603215,,0.0,1.0,0.7264,0.0,0.0,0.666,0.1688,0.3,0.0,0.0,0.0,0.0,0.0,0.6575,False,False,False,False,无明确战法态,15.0,2.6,16.33,False,2808.4,,共同富裕示范区/网红经济,
603216,,0.0,1.0,0.6665,0.0,0.0,0.7706,0.296,0.3,0.0,0.0,0.0,0.0,0.0,0.5002,False,False,False,False,无明确战法态,21.57,2.76,26.04,False,4803.4,,,
603217,,0.1327,1.0,0.8556,0.0,0.0,0.7462,0.1347,0.0,0.0,0.0,0.0,0.0,0.0,0.5242,False,False,False,False,无明确战法态,22.8,-1.21,25.21,False,4744.4,,,
603218,,0.0,1.0,0.8488,0.0,0.0,0.6495,0.1991,0.0,0.0,0.0,0.0,0.0,0.0,0.5265,False,False,False,False,无明确战法态,10.34,1.97,11.69,False,10629.9,,核污染防治,
603219,,0.0,0.8284,0.6983,0.0074,0.147,0.457,0.2895,0.6,0.8605,0.0,0.0,0.5,0.0,0.4287,False,False,False,False,无明确战法态,16.78,4.03,16.07,True,9420.3,,,
603220,,0.9828,1.0,0.8076,0.0,0.0,0.9188,0.2043,0.0,0.0,0.0,0.0,0.0,0.0,0.6494,False,False,False,False,无明确战法态,20.88,0.43,24.73,False,90.7,,F5G概念/共享单车/华为昇腾,
603221,,0.0,0.4583,0.332,0.0103,0.0,0.0,0.2418,0.9,0.0,0.0,0.0,0.0,0.0,0.4287,False,False,False,False,无明确战法态,10.71,6.25,11.66,False,2594.7,,,
603222,,0.0,1.0,0.5447,0.0,0.0,0.1588,0.0317,0.0,0.0857,0.0,0.0,0.5,0.0,0.3071,False,False,False,False,无明确战法态,8.16,-0.49,8.63,False,4284.7,生物制药,,47.0
603223,,0.0,0.6456,0.5196,1.0,1.0,0.0,0.7526,0.0,1.0,0.0,0.0,1.0,0.7,0.2595,False,False,True,False,无明确战法态,14.15,5.13,10.45,True,9987.4,,,
603225,,0.2798,0.0758,0.1871,0.9881,1.0,0.135,0.4944,0.6,0.7513,1.0,0.0,0.5,1.0,0.4057,False,False,False,False,无明确战法态,19.8,-8.55,19.64,True,33037.2,,,
603226,,0.0,1.0,0.6234,1.0,1.0,0.7954,0.2585,0.3,1.0,1.0,0.0,0.0,0.7,0.3129,False,False,False,False,B1候B2,52.0,-1.08,48.78,True,18485.6,,,
603227,,0.1526,1.0,0.8333,0.0,0.0,0.8371,0.149,0.0,0.0,0.0,0.0,0.0,0.0,0.4574,False,False,False,False,无明确战法态,7.19,-0.14,8.14,False,77.1,其它行业,化肥/民爆概念/新疆振兴,37.8
603228,,0.1569,0.0391,0.2152,0.7014,0.0,0.2982,0.3075,0.3,0.6487,0.0,1.0,0.0,0.7,0.4043,False,False,False,False,B2确认,71.97,8.77,72.44,False,702.3,,卫星导航/AI PC/毫米波雷达,
603229,,0.0,0.9295,0.7474,0.0,0.0,0.5321,0.1382,0.0,0.075,0.0,0.0,0.5,0.0,0.4059,False,False,False,False,无明确战法态,8.46,3.42,8.98,False,7024.3,,,
603230,,0.0,1.0,0.8739,0.0,0.0,0.6029,0.1992,0.3,0.0,0.0,0.0,0.0,0.0,0.5055,False,False,False,False,无明确战法态,9.11,1.33,9.99,False,3220.6,,,
603231,,0.0,1.0,0.7464,0.0,0.0,0.3489,0.41,0.6,0.3107,0.0,0.0,0.5,0.0,0.4042,False,False,False,False,无明确战法态,15.79,1.81,16.19,False,1677.9,,人造肉,
603232,,0.6318,1.0,0.8732,0.0,0.0,0.8956,0.2485,0.0,0.0,0.0,0.0,0.0,0.0,0.5408,False,False,False,False,无明确战法态,14.91,1.29,18.21,False,3448.7,,电子身份证,
603233,,0.0,0.7224,0.6276,0.0022,0.0263,0.1647,0.5046,0.6,0.6047,0.0,0.0,0.5,0.0,0.4471,False,False,False,False,无明确战法态,17.05,4.67,16.86,True,19417.4,,,
603235,,0.0,0.9847,0.7556,0.0,0.0,0.2176,0.2037,0.3,0.2351,0.0,0.0,0.5,0.0,0.3928,False,False,False,False,无明确战法态,23.34,3.09,24.19,False,10217.8,,,
603236,,0.0,1.0,0.7277,0.0,0.0,0.7041,0.3218,0.3,0.0,0.0,0.0,0.5,0.0,0.4566,False,False,False,False,无明确战法态,51.8,1.73,62.66,False,13553.9,,无人零售,
603237,,0.0,1.0,0.8515,0.0,0.0,0.7211,0.1727,0.3,0.0,0.0,0.0,0.0,0.0,0.5892,False,False,False,False,无明确战法态,13.2,1.38,14.93,False,2505.5,,,
603238,,0.0,1.0,0.7926,0.0,0.0,0.614,0.1464,0.3,0.0,0.0,0.0,0.0,0.0,0.5233,False,False,False,False,无明确战法态,11.88,2.68,13.5,False,2108.8,,网红经济,
603239,,0.0,0.7235,0.3968,0.0,0.0,0.1758,0.0978,0.0,0.0,0.0,0.0,0.0,0.0,0.552,False,False,False,False,无明确战法态,15.5,4.66,18.92,False,4196.2,,,
603248,,0.1833,0.8987,0.6569,0.0,0.0,0.7027,0.1036,0.0,0.0,0.0,0.0,0.0,0.0,0.517,False,False,False,False,无明确战法态,21.54,3.61,24.48,False,1492.9,次新股,,33.7
603255,,0.0,1.0,0.6173,0.7743,1.0,0.468,0.463,0.3,0.8938,0.0,0.0,0.5,0.7,0.3769,False,False,False,False,无明确战法态,33.47,-2.96,32.22,True,2030.8,,POE胶膜/TOPCON电池,
603256,,1.0,1.0,0.3368,1.0,1.0,0.5685,0.7039,0.3,1.0,1.0,0.0,0.5,0.7,0.4073,False,False,False,False,无明确战法态,238.0,2.05,194.48,True,209375.1,,海峡两岸/苹果概念,
603257,,0.0,1.0,0.5534,1.0,1.0,0.3527,0.9001,0.3,1.0,0.0,0.0,1.0,0.7,0.2739,False,False,False,False,无明确战法态,84.0,-0.24,67.57,True,2091.6,,乡村振兴/黄金概念/固废处理,
603258,,0.0,1.0,0.7781,0.0,0.0,0.4653,0.1714,0.0,0.0,0.0,0.0,0.0,0.0,0.496,False,False,False,False,无明确战法态,12.14,1.0,14.34,False,2929.9,,电子竞技,
603259,,0.0,1.0,0.6955,0.9501,1.0,0.2709,0.4388,0.9,1.0,0.0,0.0,1.0,1.0,0.2988,False,False,False,False,无明确战法态,124.12,2.32,106.46,True,306983.5,,CXO概念/CRO概念/同花顺出海50,
603260,,0.5165,0.3428,0.4187,0.7309,1.0,0.062,0.4075,0.0,0.5712,1.0,0.0,0.5,1.0,0.488,False,False,False,False,无明确战法态,45.57,-6.94,45.38,True,53873.2,,光伏/硅能源/石墨电极,
603261,,0.2848,0.9182,0.544,1.0,1.0,0.0,0.3482,0.6,1.0,0.0,1.0,0.5,0.7,0.2026,False,False,True,False,无明确战法态,51.29,3.49,40.22,True,3975.2,,大飞机/军民融合/成飞概念,
603262,,0.8869,0.5813,0.4855,0.6711,0.1513,0.335,0.3586,0.6,0.0,0.0,0.0,0.5,0.7,0.4747,False,False,False,False,无明确战法态,25.84,5.51,27.28,False,1033.8,次新股,三胎概念,33.7
603266,,0.0,0.9568,0.5769,0.0,0.0,0.305,0.2069,0.3,0.3072,0.0,0.0,0.0,0.0,0.4517,False,False,False,False,无明确战法态,18.06,3.26,18.51,False,3591.9,,,
603267,,0.9778,0.9869,0.485,1.0,1.0,0.6137,0.2413,0.3,0.9135,1.0,0.0,0.5,0.7,0.4257,False,False,False,False,无明确战法态,68.63,-3.08,67.64,True,158.6,,专精特新/卫星导航,
603268,,0.0,1.0,0.5722,0.9306,0.6723,0.2236,0.4967,0.0,1.0,0.0,0.0,0.0,0.7,0.3739,False,False,False,False,B1候B2,148.5,1.39,138.89,True,34637.6,陶瓷行业,,54.0
603269,,1.0,1.0,0.3574,1.0,0.0,0.3609,0.3003,0.3,0.0,0.0,0.0,0.0,0.7,0.465,False,False,False,False,B1候B2,15.94,-0.87,19.71,False,4921.5,,,
603270,,0.0,1.0,0.3616,0.9945,1.0,0.0,0.2769,0.3,1.0,0.0,0.0,1.0,0.7,0.3143,False,False,False,False,无明确战法态,34.3,-1.66,29.51,True,2425.6,,氢能源/低空经济/飞行汽车(eVTOL),
603271,,0.0,1.0,0.7705,0.3103,0.0753,0.7183,0.2988,0.9,0.552,0.0,0.0,0.0,0.0,0.3831,False,False,False,False,无明确战法态,46.05,0.99,46.71,False,43.6,,华为概念/宁德时代概念/储能,
603272,,0.0,0.6676,0.9142,0.2117,0.0,0.2301,0.3762,0.6,0.0,0.0,0.0,0.0,0.7,0.2827,False,False,False,False,无明确战法态,25.11,-4.99,30.37,False,2602.1,,专精特新,
603273,,0.0,1.0,0.6683,0.0,0.0,0.0,0.1539,0.0,0.0,0.0,0.0,0.5,0.0,0.3343,False,False,False,False,无明确战法态,14.17,-2.07,15.36,False,794.3,,水泥概念,
603275,,0.0,0.9331,0.6392,0.0,0.0,0.669,0.1276,0.0,0.278,0.0,0.0,0.0,0.0,0.4901,False,False,False,False,无明确战法态,41.65,3.4,42.93,False,1730.0,,,
603276,,0.0,1.0,0.6857,0.1827,0.0,0.6663,0.3746,0.6,0.3435,0.0,0.0,0.0,0.0,0.42,False,False,False,False,无明确战法态,16.22,1.95,16.65,False,1226.9,,生态农业,
603277,,0.0,0.711,0.6135,0.0,0.0,0.3609,0.1842,0.3,0.0,0.0,0.0,0.5,0.0,0.5255,False,False,False,False,无明确战法态,10.84,4.73,11.84,False,6609.6,,,
603278,,0.0,0.0,0.3884,0.1165,0.0,0.7377,0.3028,0.0,0.4668,0.0,0.0,0.0,0.0,0.4915,False,False,False,False,无明确战法态,12.11,9.99,12.29,False,4138.7,,生物质能发电,
603279,,0.0,1.0,0.8543,0.0,0.0,0.759,0.0867,0.0,0.0,0.0,0.0,0.0,0.0,0.5998,False,False,False,False,无明确战法态,12.47,0.97,14.68,False,7187.4,,,
603280,,0.0,0.6983,0.575,0.0,0.0,0.044,0.1952,0.6,0.0,0.0,0.0,0.0,0.0,0.5241,False,False,False,False,无明确战法态,26.8,4.81,29.84,False,2905.3,,,
603281,,0.7946,0.0,0.6012,0.9914,1.0,0.0,0.2534,0.3,0.0,0.0,0.0,0.5,0.7,0.4661,False,False,False,False,无明确战法态,25.51,-36.42,36.21,False,9523.7,,硅能源/有机硅概念,
603282,,0.3942,1.0,0.8095,0.0,0.0,0.6665,0.2396,0.3,0.0,0.0,0.0,0.0,0.0,0.4215,False,False,False,False,无明确战法态,14.93,1.56,16.85,False,1997.9,,,
603283,,0.5365,0.3997,0.645,1.0,1.0,0.224,0.4486,0.0,1.0,0.0,0.0,1.0,0.7,0.3244,False,False,False,False,无明确战法态,68.05,-6.6,60.47,True,18453.4,,光伏概念/无线耳机/智能穿戴,
603285,,0.4768,1.0,0.4626,1.0,0.8246,0.1249,0.3416,0.3,1.0,1.0,0.0,0.5,0.7,0.3923,False,False,False,False,无明确战法态,46.52,2.17,44.66,True,29.0,,锂电池概念,
603286,,0.0,0.0,0.5326,0.0,0.0,0.1714,0.2356,0.3,0.5547,0.0,0.0,0.0,0.0,0.528,False,False,False,False,无明确战法态,56.96,10.0,57.27,False,6586.3,,PM2.5,
603288,,0.0173,1.0,0.8669,0.1043,0.0,0.4669,0.3509,0.0,0.224,0.0,0.0,0.0,0.0,0.3686,False,False,False,False,无明确战法态,34.01,1.34,35.36,False,189116.0,食品行业,,35.0
603289,,0.0,0.7843,0.5665,0.0,0.0,0.7454,0.0776,0.0,0.0,0.0,0.0,0.0,0.0,0.675,False,False,False,False,无明确战法态,8.5,4.29,9.85,False,2493.8,,,
603290,,1.0,0.582,0.6367,1.0,1.0,0.5598,0.2837,0.0,1.0,1.0,0.0,1.0,0.7,0.3868,False,False,False,False,无明确战法态,129.35,-5.51,123.81,True,30975.9,,专精特新/低空经济/第三代半导体,
603291,,0.0,0.8668,0.4853,0.0,0.0,0.4286,0.1688,0.0,0.0,0.0,0.0,0.0,0.0,0.5669,False,False,False,False,无明确战法态,8.47,3.8,9.87,False,3584.7,,,
603296,,0.2817,1.0,0.7,0.0,0.0,0.5926,0.2189,0.3,0.0,0.0,0.0,0.0,0.0,0.6109,False,False,False,False,无明确战法态,68.88,0.31,91.87,False,39295.2,,无线耳机/小米概念/汽车电子,
603297,,0.0,0.7237,0.603,0.8541,1.0,0.5385,0.2604,0.0,0.845,1.0,0.0,1.0,0.7,0.3773,False,False,False,False,无明确战法态,127.11,-4.66,125.58,True,140.8,,共同富裕示范区/光刻机/机器视觉,
603298,,0.0,0.7022,0.5639,0.1695,0.2544,0.1313,0.3749,0.6,0.7853,0.0,0.0,1.0,0.0,0.4543,False,False,False,False,无明确战法态,26.27,4.79,25.52,True,34408.8,,同花顺出海50/智能物流,
603299,,0.0,1.0,0.8528,0.0,0.0,0.7759,0.1759,0.3,0.0,0.0,0.0,0.0,0.0,0.4986,False,False,False,False,无明确战法态,9.02,-0.44,10.04,False,7040.2,,,
603300,,0.0,1.0,0.8554,0.0,0.0,0.7186,0.1159,0.3,0.0,0.0,0.0,0.0,0.0,0.6306,False,False,False,False,无明确战法态,4.66,1.08,5.59,False,9294.7,其它行业,海南自贸区/蚂蚁集团概念/NFT概念,37.8
603301,,0.5007,1.0,0.7604,0.4933,0.5242,0.7713,0.4592,0.3,0.6922,0.0,0.0,0.5,0.0,0.3424,False,False,False,False,无明确战法态,86.01,2.34,86.82,False,22696.0,,医药电商,
603303,,0.6911,0.0,0.3307,1.0,0.4491,0.201,0.3199,0.3,0.8973,1.0,1.0,0.0,0.7,0.5408,False,False,False,False,B1候B2,24.76,10.0,24.67,True,11809.1,,,
603305,,0.0,0.3953,0.3017,0.0,0.0,0.1078,0.1694,0.3,0.0,0.0,0.0,0.0,0.0,0.4686,False,False,False,False,无明确战法态,13.03,6.63,14.39,False,15058.9,,减速器,
603306,,1.0,0.6301,0.5795,0.928,0.307,0.5431,0.2258,0.0,0.3884,0.0,0.0,0.5,0.7,0.5362,False,False,False,False,B1候B2,94.97,-5.22,102.0,False,312.9,汽车制造,福建自贸区/光刻胶,40.0
603307,,0.0,1.0,0.8296,0.0,0.0,0.6535,0.1137,0.0,0.0,0.0,0.0,0.0,0.0,0.6911,False,False,False,False,无明确战法态,24.65,1.61,32.5,False,1651.6,,体育产业,
603308,,0.6856,0.968,0.5484,0.2035,0.0,0.5834,0.2653,0.0,0.3304,0.0,1.0,0.5,0.0,0.3081,False,False,False,False,无明确战法态,60.78,3.19,64.96,False,41272.5,机械行业,核电核能/海工装备/参股银行,36.7
603309,,0.0,1.0,0.768,0.0,0.0,0.5098,0.2479,0.0,0.2935,0.0,0.0,0.5,0.0,0.3827,False,False,False,False,无明确战法态,12.12,2.89,12.48,False,3537.5,医疗器械,,37.8
603310,,0.0,0.9788,0.7548,0.1542,0.0686,0.3917,0.2755,0.6,0.4379,0.0,0.0,0.5,0.0,0.454,False,False,False,False,无明确战法态,15.8,-3.13,15.97,False,3065.4,,,
603311,,0.4535,1.0,0.6223,1.0,1.0,0.0,0.599,0.0,1.0,1.0,0.0,0.0,0.7,0.3557,False,False,False,False,B1候B2,33.0,-0.54,30.65,True,7784.2,其它行业,PM2.5,37.8
603312,,0.3956,1.0,0.8124,0.0,0.0,0.682,0.1964,0.0,0.0,0.0,0.0,0.0,0.0,0.4566,False,False,False,False,无明确战法态,34.38,0.76,38.13,False,1750.6,,,
603313,,0.0,1.0,0.7952,0.0,0.6605,0.5276,0.2725,0.9,0.0,0.0,0.0,1.0,0.0,0.3343,False,False,False,False,无明确战法态,5.86,0.0,6.26,False,3343.6,,,
603315,,0.9534,1.0,0.713,0.3126,0.0,0.788,0.3308,0.0,0.0,0.0,0.0,0.0,0.0,0.5551,False,False,False,False,无明确战法态,14.6,1.39,16.21,False,4677.3,机械行业,抽水蓄能/俄乌冲突概念/石墨电极,36.7
603316,,0.2868,1.0,0.6086,1.0,1.0,0.7725,0.253,0.0,1.0,0.0,0.0,0.5,0.7,0.2984,False,False,False,False,B1候B2,21.44,-0.88,19.78,True,5665.8,,碳中和/污水处理/地下管网,
603317,,0.0,1.0,0.6855,0.3995,0.0332,0.2741,0.2344,0.0,0.7817,0.0,0.0,0.5,0.0,0.3964,False,False,False,False,无明确战法态,14.04,1.89,13.82,True,14948.6,,,
603318,,0.513,0.6966,0.6103,0.6706,0.3875,0.7058,0.3385,0.3,0.509,0.0,0.0,0.5,0.0,0.3984,False,False,False,False,无明确战法态,9.28,-4.82,9.58,False,4260.2,机械行业,天然气,36.7
603319,,0.0,0.7266,0.539,0.2747,0.0,0.5053,0.3925,0.3,0.4288,0.0,0.0,0.0,0.7,0.4653,False,False,False,False,无明确战法态,34.5,4.64,35.18,False,11700.7,,蚂蚁集团概念/PEEK材料,
603320,,0.0,0.5381,0.5043,0.0,0.0,0.6515,0.0969,0.0,0.0,0.0,0.0,0.0,0.0,0.4983,False,False,False,False,无明确战法态,19.06,5.77,21.07,False,2842.7,,,
603321,,0.0,0.8743,0.6815,0.0,0.0,0.2328,0.1464,0.0,0.0,0.0,0.0,0.0,0.0,0.5162,False,False,False,False,无明确战法态,6.08,3.75,6.65,False,2095.0,,专精特新,
603322,,0.0,1.0,0.7532,0.0,0.0,0.7611,0.2357,0.0,0.0356,0.0,0.0,0.5,0.0,0.383,False,False,False,False,无明确战法态,29.61,-0.34,31.25,False,4666.1,,5G概念/快手概念/AI视频,
603323,,0.0,1.0,0.8667,0.0,0.0,0.6541,0.2719,0.0,0.0,0.0,0.0,0.0,0.0,0.415,False,False,False,False,无明确战法态,4.01,0.25,4.55,False,8094.4,,,
603324,,0.0,0.9776,0.5593,1.0,1.0,0.4568,0.4464,0.0,1.0,0.0,0.0,1.0,0.7,0.2986,False,False,False,False,无明确战法态,48.21,-3.13,36.5,True,7119.6,,华为概念/宁德时代概念/光刻胶,
603325,,0.0,1.0,0.7104,0.0,0.0,0.2825,0.2736,0.3,0.0,0.0,0.0,0.5,0.0,0.3131,False,False,False,False,无明确战法态,56.13,-1.7,60.37,False,1918.7,,,
603326,,0.0,1.0,0.7492,0.0,0.0,0.5558,0.1726,0.3,0.0,0.0,0.0,0.0,0.0,0.5565,False,False,False,False,无明确战法态,6.5,1.88,7.44,False,2074.7,,,
603327,,0.917,0.0,0.793,0.2666,0.0,0.8239,0.2812,0.9,0.0,0.0,1.0,0.0,0.0,0.6977,False,False,False,False,无明确战法态,8.86,10.06,10.17,False,9262.8,,AI手机,
603328,,1.0,1.0,0.7955,0.7346,0.0048,0.8636,0.5616,0.0,0.09,0.0,0.0,0.0,1.0,0.5234,False,False,False,False,B1候B2,12.02,-0.33,13.04,False,12001.3,电子器件,共封装光学(CPO)/毫米波雷达/苹果概念,73.7
603329,,0.0,1.0,0.7713,0.0,0.0,0.381,0.1617,0.0,0.0774,0.0,0.0,0.0,0.0,0.4635,False,False,False,False,无明确战法态,9.55,2.36,10.16,False,1971.0,,上海自贸区,
603330,,0.0,1.0,0.6704,0.8646,1.0,0.3406,0.3698,0.9,1.0,0.0,0.0,0.5,1.0,0.2634,False,False,False,False,B2确认,8.75,-1.69,7.76,True,3785.9,,专精特新/光伏/POE胶膜,
603331,,0.0,0.4641,0.3197,0.0,0.0,0.0,0.2256,0.3,0.0,0.0,0.0,0.0,0.0,0.4595,False,False,False,False,无明确战法态,11.45,6.22,12.79,False,2314.9,,,
603332,,0.0,1.0,0.7795,0.0,0.0,0.6757,0.1401,0.0,0.0,0.0,0.0,0.0,0.0,0.5169,False,False,False,False,无明确战法态,10.85,2.55,12.03,False,2347.4,,,
603333,,0.0,0.2956,0.4483,0.2988,0.0,0.3582,0.2738,0.3,0.2873,0.0,0.0,0.5,0.0,0.4458,False,False,False,False,B2确认,7.96,-7.23,8.28,False,4947.4,发电设备,专精特新/成渝特区,28.3
603334,,0.8598,1.0,0.8142,0.0,0.0,0.5721,0.31,0.0,0.0,0.0,0.0,0.0,0.0,0.5355,False,False,False,False,无明确战法态,35.54,1.08,43.0,False,1130.8,次新股,,33.7
603335,,0.0,1.0,0.5726,1.0,1.0,0.4928,0.1652,0.0,1.0,0.0,0.0,1.0,0.7,0.3701,False,False,False,False,无明确战法态,8.66,-2.59,7.72,True,3707.7,,,
603336,,0.0,1.0,0.7997,0.0,0.0,0.7231,0.0329,0.0,0.0,0.0,0.0,0.5,0.0,0.5359,False,False,False,False,无明确战法态,7.93,-0.75,9.13,False,4827.1,,农业种植,
603337,,0.0,0.3791,0.3628,0.2352,0.1863,0.0,0.3155,0.9,0.8769,0.0,0.0,0.0,1.0,0.5127,False,False,False,False,无明确战法态,42.21,6.73,40.33,True,19996.0,,机器视觉,
603338,,0.0,0.0,0.3968,0.0,0.0,0.0,0.1629,0.6,0.7867,0.0,0.0,0.5,0.0,0.4102,False,False,False,False,无明确战法态,51.67,10.01,49.67,True,261.6,机械行业,,36.7
603339,,0.0684,1.0,0.7759,0.6695,1.0,0.3657,0.5059,0.9,0.9372,0.0,0.0,0.5,0.0,0.3313,False,False,False,False,无明确战法态,14.31,0.21,13.65,True,4428.1,,专精特新/冷链物流/预制菜,
603341,,0.2996,1.0,0.7798,0.505,1.0,0.6927,0.4406,0.0,0.4917,0.0,0.0,1.0,0.0,0.3635,False,False,False,False,无明确战法态,39.0,-1.66,39.35,False,10382.3,,AI PC/无线充电/智能音箱,
603344,,0.0,1.0,0.6737,0.0,0.0,0.8246,0.4729,0.3,0.0,0.0,0.0,0.0,0.0,0.4223,False,False,False,False,无明确战法态,25.31,2.39,28.04,False,1367.5,,,
603345,,0.0,1.0,0.7144,0.0,0.0,0.3114,0.1836,0.3,0.0,0.0,0.0,0.0,0.0,0.4402,False,False,False,False,无明确战法态,81.2,2.9,89.07,False,238.2,,预制菜,
603348,,0.0,0.9538,0.6892,0.0,0.0,0.3686,0.1746,0.0,0.0,0.0,0.0,0.0,0.0,0.5386,False,False,False,False,无明确战法态,14.18,3.28,16.2,False,44.6,,两轮车,
603350,,0.0,0.8406,0.6183,0.0254,0.2896,0.165,0.3918,0.3,0.3805,0.0,0.0,1.0,0.0,0.4747,False,False,False,False,无明确战法态,32.32,3.96,32.72,False,1426.1,,两轮车,
603351,,0.0,0.3537,0.5389,0.3112,0.6618,0.0,0.3337,0.6,1.0,0.0,0.0,1.0,0.0,0.4207,False,False,False,False,无明确战法态,27.66,6.88,25.82,True,3746.2,,,
603353,,0.3892,0.4408,0.5677,0.1601,0.0,0.7223,0.2252,0.0,0.0,0.0,0.0,0.5,0.7,0.498,False,False,False,False,无明确战法态,36.1,-6.36,41.36,False,6152.1,,俄乌冲突概念/高压快充,
603355,,0.2514,1.0,0.7844,0.2712,0.5145,0.6986,0.3259,0.0,0.5412,0.0,0.0,0.5,0.0,0.398,False,False,False,False,无明确战法态,28.6,0.53,28.97,False,16399.1,机械行业,,36.7
603356,,0.0,0.7156,0.4267,0.3579,0.0,0.2796,0.2925,0.3,0.6865,0.0,0.0,0.0,0.0,0.4543,False,False,False,False,无明确战法态,18.02,4.71,18.0,True,2402.8,,,
603357,,0.0,1.0,0.8184,0.0,0.0,0.5459,0.2315,0.0,0.0,0.0,0.0,0.0,0.0,0.4879,False,False,False,False,无明确战法态,6.37,2.08,6.97,False,3570.7,,地下管网,
603358,,0.0,0.9042,0.6504,0.5824,1.0,0.5488,0.3715,0.3,1.0,0.0,0.0,1.0,1.0,0.3002,False,False,True,False,无明确战法态,44.04,3.57,39.73,True,20046.1,,,
603359,,0.0,1.0,0.6199,0.0,0.0,0.5608,0.2844,0.0,0.0,0.0,0.0,0.0,0.0,0.5584,False,False,False,False,无明确战法态,2.33,2.19,3.41,False,1039.4,,生态农业,
603360,,0.0,0.0,0.3509,0.0,0.0,0.266,0.0985,0.3,0.0,0.0,0.0,0.0,0.0,0.5988,False,False,False,False,无明确战法态,16.5,-9.24,20.78,False,11652.7,,光刻机/消毒剂,
603363,,0.0,1.0,0.6815,0.0,0.0,0.3711,0.22,0.3,0.0,0.0,0.0,0.5,0.0,0.4254,False,False,False,False,无明确战法态,2.88,-1.71,3.19,False,6172.2,,预制菜,
603365,,0.0,1.0,0.6588,0.0,0.0,0.6927,0.1958,0.6,0.0,0.0,0.0,0.0,0.0,0.5628,False,False,False,False,无明确战法态,16.98,2.23,18.32,False,4411.4,,网红经济,
603366,,0.0,1.0,0.454,0.0,0.0,0.0,0.3945,0.3,0.0,0.0,0.0,0.5,0.0,0.3508,False,False,False,False,无明确战法态,7.06,1.44,7.62,False,5740.1,家电行业,光伏/券商重仓/空气能热泵,35.7
603367,,0.0,1.0,0.7723,0.0,0.0875,0.0827,0.4292,0.3,0.2277,0.0,0.0,1.0,0.0,0.3027,False,False,False,False,无明确战法态,14.01,1.82,14.24,False,6343.1,,,
603368,,0.0,1.0,0.8391,0.1296,0.0,0.3773,0.4304,0.3,0.2396,0.0,0.0,0.0,0.0,0.4281,False,False,False,False,无明确战法态,15.58,1.63,16.12,False,6188.6,商业百货,,30.2
603369,,0.0,0.8871,0.6722,0.0,0.0,0.1133,0.4971,0.6,0.0653,0.0,0.0,0.5,1.0,0.3771,False,False,False,False,无明确战法态,25.09,3.68,26.4,False,31282.2,酿酒行业,白酒概念,27.4
603370,,0.0,0.9884,0.6948,0.0,0.0,0.7221,0.1548,0.6,0.0,0.0,0.0,0.0,1.0,0.4111,False,False,False,False,无明确战法态,38.28,3.07,41.98,False,1339.4,次新股,,33.7
603373,,0.6041,0.982,0.582,0.0,0.0,0.5745,0.3012,0.6,0.0,0.0,0.0,0.5,0.0,0.4682,False,False,False,False,无明确战法态,35.85,-3.11,40.24,False,1628.7,,阿里巴巴概念/安防,
603375,,0.0,0.3656,0.5369,0.9069,0.6836,0.5911,0.2706,0.0,0.6372,0.0,0.0,0.5,0.7,0.4182,False,False,False,False,无明确战法态,46.28,-6.81,46.69,False,29.5,,民爆概念,
603376,,0.0,1.0,0.8056,0.0,0.0,0.7666,0.2017,0.3,0.0,0.0,0.0,0.0,0.0,0.4495,False,False,False,False,无明确战法态,25.68,2.56,28.88,False,821.8,次新股,共同富裕示范区,33.7
603377,,0.0,0.6726,0.7163,0.0,0.0,0.8296,0.3379,0.6,0.0,0.0,0.0,0.0,0.0,0.5959,False,False,False,False,无明确战法态,2.96,4.96,3.38,False,2139.6,,,
603378,,0.0,0.6586,0.6634,0.0348,0.0,0.8757,0.2936,0.0,0.4449,0.0,0.0,0.5,1.0,0.4377,False,False,False,False,无明确战法态,5.41,5.05,5.41,False,2318.7,,,
603379,,0.0,0.0,0.3028,0.8746,1.0,0.0,0.5929,0.3,1.0,0.0,0.0,1.0,0.0,0.3323,False,False,False,False,无明确战法态,75.13,-10.0,66.28,True,45865.3,,氟化工概念,
603380,,0.4782,1.0,0.5781,0.9962,1.0,0.512,0.619,0.3,1.0,0.0,0.0,0.5,0.7,0.3639,False,False,False,False,无明确战法态,43.13,2.62,39.64,True,6919.8,,,
603381,,0.0,1.0,0.7321,0.0,0.0,0.5988,0.0568,0.0,0.0,0.0,0.0,0.0,0.0,0.5043,False,False,False,False,无明确战法态,15.77,2.2,19.22,False,2241.5,,,
603382,,0.0085,1.0,0.7286,0.0,0.0,0.2495,0.2651,0.3,0.0,0.0,0.0,0.0,0.0,0.411,False,False,False,False,无明确战法态,17.91,2.69,21.85,False,649.2,次新股,,33.7
603383,,0.1442,1.0,0.8089,0.0,0.0,0.7971,0.1895,0.9,0.0,0.0,0.0,0.0,0.0,0.4689,False,False,False,False,无明确战法态,27.54,-0.07,30.34,False,56.6,,,
603385,,0.0,1.0,0.7884,0.0,0.0,0.303,0.0959,0.0,0.0,0.0,0.0,0.0,0.0,0.4134,False,False,False,False,无明确战法态,5.16,2.38,5.73,False,1964.2,,,
603386,,0.5113,1.0,0.5286,1.0,1.0,0.6575,0.4025,0.3,1.0,1.0,0.0,0.5,0.7,0.3353,False,False,False,False,无明确战法态,18.66,-1.53,17.23,True,6089.2,,毫米波雷达,
603387,,0.0,1.0,0.7844,0.0,0.0,0.4531,0.2098,0.0,0.3266,0.0,0.0,0.5,0.0,0.3322,False,False,False,False,无明确战法态,8.27,2.86,8.54,False,4194.2,,猴痘概念,
603389,,0.0,0.5233,0.4167,0.8555,0.4701,0.0,0.1726,0.3,0.8881,1.0,0.0,0.5,0.7,0.3745,False,False,False,False,无明确战法态,57.99,-5.86,57.45,True,152.4,,钛白粉概念,
603390,,0.1924,1.0,0.6604,0.0,0.0,0.8401,0.1421,0.0,0.0,0.0,0.0,0.0,0.0,0.4947,False,False,False,False,无明确战法态,10.9,2.83,12.06,False,3820.6,,ERP概念/汽车热管理/区块链,
603391,,0.0,1.0,0.6258,0.0,0.0,0.5437,0.1301,0.3,0.337,0.0,0.0,0.5,0.0,0.4139,False,False,False,False,无明确战法态,56.79,0.87,59.23,False,12.9,,,
603392,,0.0,1.0,0.8081,0.0,0.0,0.5651,0.2436,0.0,0.0,0.0,0.0,0.5,0.0,0.525,False,False,False,False,无明确战法态,28.62,1.71,33.0,False,36186.9,,生物疫苗/猴痘概念,
603393,,0.1766,1.0,0.744,0.0,0.0,0.6806,0.1517,0.0,0.0,0.0,0.0,0.0,0.0,0.5019,False,False,False,False,无明确战法态,22.61,0.94,27.45,False,9569.0,,页岩气,
603395,,0.061,1.0,0.8471,0.0,0.0,0.6411,0.2024,0.3,0.0,0.0,0.0,0.0,0.0,0.5376,False,False,False,False,无明确战法态,20.82,-0.53,24.12,False,1353.3,,参股银行/化肥/煤化工概念,
603396,,0.0,1.0,0.8061,0.0,0.0,0.6882,0.0722,0.0,0.0,0.0,0.0,0.0,0.0,0.4817,False,False,False,False,无明确战法态,26.61,0.53,31.41,False,3686.2,,专精特新/光伏/HIT电池,
603398,,0.0,0.7657,0.7196,1.0,1.0,0.4894,0.2646,0.0,1.0,0.0,0.0,1.0,0.7,0.373,False,False,False,False,无明确战法态,14.32,-4.41,13.47,True,6209.7,,ST板块/三胎概念/硅能源,
603399,,0.4249,0.2869,0.3355,1.0,1.0,0.6734,0.5468,0.3,1.0,1.0,0.0,1.0,0.7,0.2986,False,False,False,False,无明确战法态,20.0,-7.28,18.44,True,10245.8,,稀缺资源,
603400,,0.0,1.0,0.7574,0.0,0.0,0.7383,0.0955,0.0,0.0,0.0,0.0,0.0,0.0,0.5116,False,False,False,False,无明确战法态,54.54,0.74,63.09,False,1090.8,次新股,智能家居/充电桩,33.7
603406,,0.0,1.0,0.8321,0.0,0.0,0.5713,0.1892,0.3,0.0,0.0,0.0,0.0,0.0,0.4078,False,False,False,False,无明确战法态,26.82,0.79,30.25,False,983.3,次新股,,33.7
603408,,0.0,1.0,0.8148,0.0,0.0,0.3538,0.3108,0.0,0.1171,0.0,0.0,0.0,0.0,0.4844,False,False,False,False,无明确战法态,10.18,0.99,10.75,False,45.6,,福建自贸区/跨境电商/养老概念,
603409,,0.0,0.9581,0.6085,0.0,0.0,0.3619,0.2653,0.3,0.0,0.0,0.0,0.0,0.0,0.6758,False,False,False,False,无明确战法态,19.69,3.25,31.63,False,712.1,,,
603416,,0.0,1.0,0.568,0.3775,0.5004,0.0,0.2601,0.0,1.0,0.0,0.0,0.5,0.0,0.3958,False,False,False,False,无明确战法态,60.88,1.69,55.51,True,84.8,,,
603418,,0.0731,1.0,0.8502,0.0986,0.0,0.8793,0.3681,0.9,0.0,0.0,0.0,0.0,0.0,0.4071,False,False,False,False,无明确战法态,46.75,0.02,50.76,False,1933.8,次新股,小米汽车,33.7
603421,,0.3536,1.0,0.7903,0.0,0.0,0.7393,0.1607,0.0,0.0,0.0,0.0,0.0,0.0,0.4725,False,False,False,False,无明确战法态,6.14,1.66,7.15,False,4004.4,,,
603429,,0.3054,1.0,0.4627,0.2667,0.0,0.2561,0.3328,0.6,0.0,0.0,0.0,0.0,0.0,0.4376,False,False,False,False,无明确战法态,8.65,-1.82,9.52,False,4536.8,,ST板块/新型烟草(电子烟)/烟草,
603439,,0.0236,1.0,0.7717,0.9488,0.0,0.8246,0.2952,0.0,0.5312,0.0,0.0,0.0,0.7,0.3771,False,False,False,False,无明确战法态,13.47,0.3,13.72,False,5439.7,,专精特新/阿尔茨海默概念,
603444,,0.0,1.0,0.7633,0.0861,0.8655,0.4417,0.8634,0.6,0.4693,0.0,0.0,1.0,0.0,0.3967,False,False,False,False,无明确战法态,358.02,-1.91,357.92,True,257.9,,手机游戏,
603456,,0.0,1.0,0.7381,0.0,1.0,0.0,0.6417,0.9,0.7231,0.0,0.0,1.0,0.0,0.2523,False,False,False,False,无明确战法态,14.64,0.9,13.98,True,13021.5,生物制药,CXO概念/创新药/仿制药一致性评价,47.0
603458,,1.0,0.5464,0.3738,1.0,0.2543,0.3036,0.2317,0.3,0.0,0.0,0.0,0.5,0.7,0.5581,False,False,False,False,无明确战法态,11.04,-5.72,13.17,False,3379.6,,卫星导航/充电桩/ETC,
603466,,0.0,0.0,0.3882,0.571,0.4338,0.0988,0.4403,0.6,1.0,0.0,0.0,0.0,0.7,0.5793,False,False,False,False,B2确认,11.63,10.03,10.51,True,6917.7,,NFT概念/手机游戏/AI视频,
603477,,0.0,1.0,0.6834,0.0,0.0,0.4572,0.3952,0.0,0.2955,0.0,0.0,1.0,0.0,0.3294,False,False,False,False,无明确战法态,15.21,1.74,15.53,False,7758.2,,养鸡,
603486,,0.0,0.388,0.42,0.0,0.0,0.1777,0.1686,0.3,0.0,0.0,0.0,0.0,0.0,0.5285,False,False,False,False,无明确战法态,54.68,6.67,58.52,False,31350.9,,,
603488,,0.6647,0.7209,0.4106,0.4959,0.0,0.4386,0.2571,0.6,0.0431,0.0,1.0,0.0,0.7,0.5402,False,False,False,False,B1候B2,10.3,4.67,11.27,False,3007.5,,军工/军工信息化/虚拟现实,
603489,,0.3152,0.9759,0.6773,0.0,0.0,0.5795,0.2245,0.0,0.0,0.0,0.0,0.0,0.0,0.4447,False,False,False,False,无明确战法态,29.19,3.14,32.46,False,6848.5,,专精特新/共享单车/两轮车,
603496,,0.8693,1.0,0.8051,0.0,0.0,0.7294,0.3219,0.0,0.0,0.0,0.0,0.5,0.0,0.4694,False,False,False,False,无明确战法态,22.73,0.66,25.77,False,7278.4,,专精特新/鸿蒙概念/军民融合,
603499,,0.1649,1.0,0.7658,0.0,0.0,0.6,0.1649,0.3,0.0,0.0,0.0,0.0,0.0,0.5361,False,False,False,False,无明确战法态,13.88,-0.5,18.32,False,4200.0,,上海自贸区/烟草,
603500,,0.9597,0.5967,0.5047,0.8316,0.5775,0.372,0.3374,0.6,0.0,0.0,0.0,0.0,1.0,0.6772,False,False,False,False,B2确认,10.82,-5.42,11.9,False,3598.8,,超级电容/高铁/互联网金融,
603501,,0.0,1.0,0.5787,0.0077,0.6984,0.2615,0.3838,0.3,0.841,0.0,0.0,1.0,0.0,0.3035,False,False,False,False,无明确战法态,102.3,1.02,96.75,True,123830.0,,无线耳机/机器视觉/同花顺漂亮100,
603505,,0.0,0.0,0.3987,0.6796,1.0,0.0,0.2976,0.3,1.0,0.0,0.0,1.0,0.0,0.4974,False,False,False,False,无明确战法态,22.14,-9.23,19.67,True,18634.5,,氟化工概念/民爆概念,
603506,,0.0,1.0,0.72,0.0,0.0,0.0,0.1365,0.0,0.0,0.0,0.0,0.0,0.0,0.4696,False,False,False,False,无明确战法态,10.12,1.2,11.22,False,1900.3,,,
603507,,0.642,1.0,0.6497,0.0,0.0,0.6164,0.1334,0.0,0.0,0.0,1.0,0.0,0.0,0.3922,False,False,False,False,无明确战法态,33.5,2.95,37.69,False,6089.4,,专精特新/光伏/光热发电,
603508,,0.0,1.0,0.7623,0.0,0.0,0.5053,0.2606,0.0,0.1658,0.0,0.0,0.5,0.0,0.4206,False,False,False,False,无明确战法态,22.2,2.78,23.03,False,84.6,,,
603511,,0.0,1.0,0.7776,0.0,0.0,0.2366,0.1775,0.0,0.0,0.0,0.0,0.0,0.0,0.5091,False,False,False,False,无明确战法态,12.27,2.34,13.17,False,4931.2,,,
603515,,0.0,0.9876,0.7067,0.0604,0.0,0.3025,0.198,0.0,0.0222,0.0,0.0,0.0,0.0,0.4473,False,False,False,False,无明确战法态,17.1,3.07,18.5,False,12591.2,,,
603516,,1.0,1.0,0.7752,0.1026,0.5108,0.7778,0.1252,0.3,0.0,0.0,0.0,0.5,0.0,0.4146,False,False,False,False,无明确战法态,118.61,-2.46,134.18,False,24109.7,,国防军工/军工信息化,
603517,,0.0,1.0,0.7885,0.0,0.0,0.6849,0.0944,0.0,0.0,0.0,0.0,0.5,0.0,0.3178,False,False,False,False,无明确战法态,10.59,1.83,11.63,False,6417.6,,,
603518,,0.0,0.0632,0.3192,0.0,0.0,0.0,0.2593,0.6,0.2689,0.0,0.0,0.0,0.0,0.428,False,False,False,False,无明确战法态,8.19,8.62,8.41,False,2818.0,服装鞋类,三胎概念/网红经济,47.0
603519,,0.1944,0.8795,0.6834,0.8813,1.0,0.4531,0.7825,0.3,1.0,0.0,0.0,1.0,0.0,0.3322,False,False,False,False,无明确战法态,15.0,-3.72,14.12,True,3994.9,家电行业,创投/第三代半导体/高股息精选,35.7
603520,,0.0,1.0,0.711,0.2152,0.4953,0.6951,0.1841,0.3,0.5298,0.0,0.0,1.0,0.0,0.3993,False,False,False,False,无明确战法态,10.35,-0.29,10.42,False,4537.5,,专精特新/氟化工概念,
603527,,1.0,1.0,0.6561,0.6927,0.0,0.727,0.3833,0.0,0.0,0.0,0.0,0.0,0.7,0.5424,False,False,False,False,无明确战法态,11.3,-2.84,12.91,False,3581.8,,金属铜,
603528,,0.2205,1.0,0.7072,0.0,0.0,0.4557,0.1247,0.6,0.0,0.0,0.0,0.0,0.0,0.4298,False,False,False,False,无明确战法态,6.07,2.53,7.15,False,4285.0,,,
603529,,0.0,1.0,0.8501,0.0,0.0,0.661,0.277,0.3,0.0,0.0,0.0,0.5,0.0,0.4748,False,False,False,False,无明确战法态,20.01,-0.05,22.38,False,16959.7,,共享单车/两轮车,
603530,,0.3966,0.5637,0.4185,0.1078,0.0,0.5193,0.3335,0.0,0.2888,0.0,1.0,0.0,0.0,0.4281,False,False,False,False,无明确战法态,51.7,5.62,55.04,False,22099.9,,抽水蓄能/柔性直流输电,
603533,,0.7866,0.4159,0.5922,0.0,0.0,0.3559,0.057,0.0,0.0,0.0,0.0,0.0,0.0,0.5048,False,False,False,False,无明确战法态,19.26,-6.5,23.03,False,8453.2,,AI语料/短剧游戏/电子纸,
603535,,0.0,1.0,0.8175,0.0,0.0,0.6333,0.1353,0.0,0.0,0.0,0.0,0.0,0.0,0.5613,False,False,False,False,无明确战法态,6.36,2.42,7.26,False,3249.4,,,
603536,,0.0,1.0,0.8261,0.0,0.0,0.5443,0.1801,0.0,0.0,0.0,0.0,0.0,0.0,0.4885,False,False,False,False,无明确战法态,8.17,1.49,9.1,False,1965.1,,,
603538,,0.0,1.0,0.0708,0.0,0.0,0.0,0.1303,0.0,0.5382,0.0,0.0,0.5,0.0,0.3632,False,False,False,False,无明确战法态,38.81,-1.47,39.83,False,9258.2,,宠物经济/肝炎概念,
603551,,0.0,1.0,0.7982,0.0,0.0,0.547,0.1277,0.3,0.0,0.0,0.0,0.5,0.0,0.3789,False,False,False,False,无明确战法态,9.5,2.7,10.35,False,3608.9,,,
603556,,0.0,1.0,0.7663,0.0,0.0,0.4798,0.1733,0.0,0.0,0.0,0.0,0.5,0.0,0.5142,False,False,False,False,无明确战法态,22.9,2.92,26.59,False,111.4,,光伏,
603557,,0.0,0.6667,0.8413,0.699,0.0,0.6079,0.1035,0.0,1.0,0.0,0.0,0.0,0.7,0.3873,False,False,False,False,无明确战法态,4.41,5.0,4.26,True,2749.4,,,
603558,,0.0,1.0,0.7414,0.1413,0.0,0.6645,0.3584,0.0,0.6049,0.0,0.0,0.5,0.0,0.3892,False,False,False,False,无明确战法态,11.92,2.76,11.88,True,4084.2,纺织行业,冰雪产业,36.5
603559,,0.0,0.0,0.3859,0.669,0.6073,0.0,0.4854,0.9,1.0,0.0,0.0,0.5,0.7,0.5003,False,False,False,False,无明确战法态,9.91,9.99,8.32,True,3976.7,,ST板块/时空大数据/云计算,
603565,,0.0,1.0,0.8073,0.2663,0.3897,0.7263,0.5944,0.6,0.4765,0.0,0.0,0.5,0.0,0.3623,False,False,False,False,无明确战法态,10.29,-0.87,10.46,False,21609.6,,航运概念/冷链物流/统一大市场,
603566,,0.0,1.0,0.8516,0.0,0.0,0.5532,0.4019,0.0,0.0771,0.0,0.0,0.0,0.0,0.5057,False,False,False,False,无明确战法态,10.45,1.16,10.99,False,3616.4,其它行业,三板精选/动物疫苗/禽流感,37.8
603567,,0.0,1.0,0.5658,0.0,0.0,0.2476,0.0707,0.0,0.0,0.0,0.0,0.5,1.0,0.362,False,False,False,False,无明确战法态,4.79,0.63,6.08,False,4499.7,生物制药,黑龙江自贸区,47.0
603568,,0.0,1.0,0.8162,0.0,0.0,0.6791,0.2144,0.0,0.0,0.0,0.0,0.0,0.0,0.6764,False,False,False,False,无明确战法态,15.68,0.51,18.3,False,26766.5,其它行业,碳交易/垃圾分类/固废处理,37.8
603569,,0.0,1.0,0.8427,0.0,0.0,0.7128,0.3255,0.3,0.0,0.0,0.0,0.5,0.0,0.4159,False,False,False,False,无明确战法态,5.53,0.36,6.02,False,3337.4,,,
603577,,0.0,1.0,0.7222,0.0,0.0,0.4519,0.2085,0.3,0.4282,0.0,0.0,0.5,0.0,0.3372,False,False,False,False,无明确战法态,9.86,2.71,10.06,False,33.4,,光热发电,
603578,,0.9529,1.0,0.7672,0.1095,0.0,0.6909,0.1004,0.6,0.0,0.0,0.0,0.0,0.7,0.5013,False,False,False,False,无明确战法态,11.5,-2.04,13.55,False,2074.1,,共同富裕示范区,
603579,,0.0,0.8201,0.6656,0.0,0.0,0.5162,0.2782,0.3,0.0321,0.0,0.0,0.0,0.0,0.514,False,False,False,False,无明确战法态,18.88,4.08,19.74,False,3795.9,,专精特新/鸿蒙概念/阿里巴巴概念,
603580,,0.0,0.0,0.4085,1.0,1.0,0.0,0.3019,0.3,1.0,0.0,0.0,1.0,0.7,0.5425,False,False,False,False,B2确认,30.13,10.0,23.09,True,3937.2,,ST板块/海峡两岸,
603583,,0.0,0.3166,0.3491,0.0,0.0,0.0,0.2071,0.3,0.0,0.0,0.0,0.5,0.0,0.4434,False,False,False,False,无明确战法态,25.34,7.1,26.77,False,9686.1,,,
603585,,0.0,1.0,0.8728,0.0,0.0,0.6432,0.1799,0.0,0.0,0.0,0.0,0.0,0.0,0.6202,False,False,False,False,无明确战法态,14.38,1.63,16.64,False,2753.6,,,
603586,,0.0,1.0,0.7199,0.0,0.0,0.7411,0.745,0.6,0.0,0.0,0.0,0.0,1.0,0.5332,False,False,False,False,无明确战法态,13.44,2.67,15.96,False,2634.9,,,
603587,,0.0,1.0,0.7973,0.1136,0.0,0.6145,0.2342,0.0,0.3402,0.0,0.0,0.0,0.0,0.4519,False,False,False,False,无明确战法态,11.84,2.87,12.17,False,5613.3,,,
603588,,0.0,0.66,0.1441,1.0,1.0,0.0119,0.8491,0.0,1.0,0.0,0.0,1.0,1.0,0.2431,False,False,False,False,无明确战法态,19.8,5.04,15.56,True,30160.0,环保行业,垃圾分类/黄金概念/固废处理,29.2
603589,,0.0,1.0,0.7922,0.0,0.0,0.7512,0.3334,0.3,0.0,0.0,0.0,0.0,0.0,0.3761,False,False,False,False,无明确战法态,18.9,-1.82,21.51,False,11304.5,,白酒概念,
603590,,0.0,1.0,0.756,0.0,0.0,0.5887,0.1202,0.3,0.1169,0.0,0.0,1.0,0.0,0.2916,False,False,False,False,无明确战法态,31.71,1.8,32.92,False,5017.3,,专精特新/猴痘概念/知识产权保护,
603595,,0.0,1.0,0.5663,1.0,1.0,0.5516,0.8485,1.0,1.0,0.0,0.0,1.0,0.7,0.265,False,False,True,False,无明确战法态,36.0,0.95,26.13,True,8367.9,,无线耳机/ST板块/苹果概念,
603596,,0.0,0.0,0.337,0.0,0.0,0.5589,0.2554,0.0,0.1297,0.0,0.0,0.0,1.0,0.548,False,False,False,False,无明确战法态,27.65,9.98,29.26,False,248.2,,飞行汽车(eVTOL),
603598,,0.2785,0.1059,0.5675,0.0,0.0,0.4545,0.2417,0.6,0.0,0.0,0.0,0.0,0.0,0.5824,False,False,False,False,无明确战法态,17.09,-8.36,20.43,False,4603.8,其它行业,快手概念,37.8
603599,,0.2808,1.0,0.7843,0.0,0.0,0.7263,0.2624,0.3,0.0,0.0,0.0,0.0,0.0,0.3594,False,False,False,False,无明确战法态,9.86,-0.3,11.55,False,8975.3,农药化肥,草甘膦/染料,33.4
603600,,0.0,1.0,0.7013,0.0,0.0,0.3427,0.2481,0.3,0.0,0.0,0.0,0.0,0.0,0.4694,False,False,False,False,无明确战法态,9.41,2.84,10.22,False,2823.4,家具行业,,39.0
603601,,0.4392,0.5852,0.5254,0.0,0.0,0.4442,0.3039,0.3,0.0,0.0,1.0,0.0,0.7,0.4575,False,False,False,False,无明确战法态,12.3,5.49,14.49,False,14050.8,玻璃行业,大飞机/宁德时代概念/核电,52.3
603602,,0.514,1.0,0.8032,0.0,0.0,0.7417,0.223,0.3,0.0,0.0,0.0,0.0,1.0,0.4745,False,False,False,False,无明确战法态,11.3,1.07,12.87,False,2610.9,,5G概念/短剧游戏/飞行汽车(eVTOL),
603605,,0.0,1.0,0.8302,0.2976,0.008,0.7922,0.3376,0.9,0.2084,0.0,0.0,0.5,1.0,0.3805,False,False,False,False,B1候B2,59.91,1.7,62.05,False,23722.9,,,
603606,,0.0,1.0,0.7878,0.0,0.0,0.473,0.2666,0.6,0.0,0.0,0.0,1.0,0.0,0.3831,False,False,False,False,无明确战法态,43.75,0.9,47.33,False,30087.5,电器行业,参股券商/柔性直流输电,33.2
603607,,0.0,0.5852,0.5063,0.4366,1.0,0.0,0.4217,0.6,1.0,0.0,0.0,1.0,0.0,0.3216,False,False,False,False,无明确战法态,25.14,-5.49,22.9,True,4487.9,,专精特新/烟草/知识产权保护,
603608,,0.0,0.9568,0.5363,1.0,1.0,0.2334,0.7301,0.0,1.0,0.0,0.0,0.5,0.7,0.3695,False,False,False,False,B1候B2,25.98,3.26,19.81,True,10904.7,,,
603609,,0.0,1.0,0.828,0.0,0.0,0.3982,0.2679,0.6,0.4035,0.0,0.0,0.5,0.0,0.3308,False,False,False,False,无明确战法态,6.33,2.1,6.36,False,5749.5,农林牧渔,宠物经济/生态农业/养鸡,39.0
603610,,0.15,0.9259,0.5338,0.7291,1.0,0.2884,0.3167,0.9,0.8407,0.0,0.0,0.5,0.7,0.3416,False,False,False,False,无明确战法态,18.5,-3.44,18.01,True,6530.3,,鸿蒙概念/三胎概念/养老概念,
603611,,0.0,0.7109,0.5651,0.0,0.0,0.0,0.25,0.6,0.3465,0.0,0.0,0.5,0.0,0.4462,False,False,False,False,无明确战法态,18.14,4.73,18.32,False,4672.9,交通运输,冷链物流/统一大市场,32.0
603612,,0.7761,1.0,0.8447,0.0,0.0,0.5446,0.1225,0.0,0.0,0.0,0.0,0.0,0.0,0.5514,False,False,False,False,无明确战法态,17.51,-0.51,21.77,False,8721.8,,石墨电极,
603613,,0.0,0.5492,0.573,0.0,0.0,0.1478,0.2036,0.3,0.0,0.0,0.0,0.0,0.0,0.6,False,False,False,False,无明确战法态,19.64,5.71,22.52,False,14151.4,,ERP概念/农村电商/统一大市场,
603615,,0.0,1.0,0.7866,0.0,0.0,0.4046,0.3872,0.6,0.402,0.0,0.0,0.5,0.0,0.3012,False,False,False,False,无明确战法态,18.86,2.33,18.94,False,4560.7,,三胎概念/福建自贸区,
603616,,0.6366,0.9395,0.5162,0.418,0.0,0.6331,0.1651,0.3,0.1002,0.0,1.0,0.0,1.0,0.4383,False,False,False,False,无明确战法态,5.84,3.36,6.24,False,22.4,,PEEK材料,
603617,,0.8219,1.0,0.8286,0.3482,0.0,0.701,0.2306,0.3,0.1172,0.0,0.0,0.0,0.0,0.4218,False,False,False,False,无明确战法态,6.94,-0.86,7.39,False,2683.9,,,
603618,,0.6616,1.0,0.4032,1.0,1.0,0.7119,0.6386,0.3,1.0,0.0,0.0,0.5,0.7,0.3323,True,False,False,False,B1候B2,49.0,2.96,40.65,True,338.8,发电设备,光伏概念/智能电网/抽水蓄能,28.3
603619,,0.3743,1.0,0.7642,0.0,0.0,0.5713,0.1039,0.3,0.0,0.0,0.0,0.0,0.0,0.525,False,False,False,False,无明确战法态,19.16,2.68,25.45,False,88.6,,俄乌冲突概念,
603626,,0.0,1.0,0.5811,0.0,0.0,0.4473,0.15,0.0,0.216,0.0,0.0,0.0,0.0,0.4515,False,False,False,False,无明确战法态,20.73,1.77,22.26,False,11502.7,,智能音箱,
603628,,0.0,1.0,0.8166,0.0,0.0,0.7167,0.2177,0.3,0.0,0.0,0.0,0.0,0.0,0.6194,False,False,False,False,无明确战法态,9.63,1.9,11.1,False,2621.0,,光伏,
603629,,1.0,0.7866,0.4477,1.0,1.0,0.7187,0.525,0.6,1.0,1.0,0.0,0.5,0.7,0.3424,False,False,False,False,无明确战法态,166.61,-4.28,159.5,True,42990.5,,算力租赁/云计算,
603630,,0.0,1.0,0.7461,0.0,0.0,0.0693,0.3336,0.0,0.0572,0.0,0.0,1.0,0.0,0.3073,False,False,False,False,无明确战法态,14.06,-0.85,14.61,False,3166.4,,,
603633,,0.2177,1.0,0.6839,0.0,0.0,0.7958,0.3903,0.6,0.0,0.0,0.0,0.0,0.0,0.4756,False,False,False,False,无明确战法态,7.13,2.44,7.98,False,3043.2,,,
603636,,0.4385,1.0,0.8589,0.0,0.0,0.9349,0.1373,0.0,0.0,0.0,0.0,0.0,0.0,0.5702,False,False,False,False,无明确战法态,8.0,-0.37,9.29,False,4642.9,电子信息,电子身份证/数字水印,32.2
603637,,1.0,1.0,0.4721,0.9012,0.0,0.4755,0.2704,0.6,0.0,0.0,1.0,0.0,0.7,0.556,False,False,False,False,无明确战法态,14.56,-0.61,16.91,False,3475.3,,碳中和/氢能源/天然气,
603638,,0.0,0.1922,0.2991,0.621,1.0,0.0,0.4389,0.6,1.0,0.0,0.0,1.0,0.7,0.4753,False,False,False,False,B2确认,27.9,7.85,23.49,True,23187.4,,,
603639,,0.0,1.0,0.8654,0.0,0.0,0.3871,0.2882,0.0,0.0,0.0,0.0,0.0,0.0,0.5379,False,False,False,False,无明确战法态,10.57,1.63,11.38,False,3592.5,,化肥/生态农业,
603648,,0.0,1.0,0.807,0.0751,0.1843,0.5332,0.2521,0.3,0.3861,0.0,0.0,0.5,0.0,0.3803,False,False,False,False,无明确战法态,9.15,1.89,9.27,False,33.2,,,
603650,,0.0,0.028,0.3866,1.0,1.0,0.2056,0.7491,0.3,1.0,0.0,0.0,1.0,0.7,0.2569,False,False,False,False,无明确战法态,89.08,-8.83,66.87,True,54737.3,,存储芯片/光刻胶/OLED,
603655,,0.0,0.6137,0.1661,0.0,0.0,0.0,0.1868,0.6,0.0,0.0,0.0,0.0,0.0,0.4277,False,False,False,False,无明确战法态,31.49,5.32,35.38,False,3337.9,,,
603656,,0.0776,1.0,0.7564,0.0,0.0,0.7499,0.1622,0.3,0.0,0.0,0.0,0.0,0.0,0.4945,False,False,False,False,无明确战法态,17.47,1.33,19.02,False,3196.1,,食品安全,
603657,,0.0,0.9507,0.662,0.0,0.334,0.7371,0.2706,0.3,0.5743,0.0,0.0,1.0,0.0,0.3228,False,False,False,False,无明确战法态,26.7,-3.3,26.24,True,3609.6,,专精特新,
603658,,0.0,1.0,0.7501,0.0126,0.0,0.2659,0.3494,0.3,0.2691,0.0,0.0,0.5,0.0,0.4134,False,False,False,False,无明确战法态,31.02,2.89,31.93,False,17725.6,,基因测序/猴痘概念,
603659,,0.0979,1.0,0.839,0.075,0.0,0.7192,0.2754,0.0,0.2123,0.0,0.0,0.5,0.0,0.4811,False,False,False,False,无明确战法态,28.12,-0.11,30.0,False,60075.5,,石墨电极,
603660,,1.0,1.0,0.7145,0.7978,0.3386,0.6973,0.2096,0.3,0.36,0.0,0.0,0.5,0.7,0.4468,True,False,False,False,B1候B2,11.13,-2.71,11.77,False,6360.7,,安防/车联网(车路协同)/多模态AI,
603661,,0.0,1.0,0.6304,1.0,1.0,0.2322,0.3797,0.6,1.0,0.0,0.0,1.0,1.0,0.2766,False,False,False,False,无明确战法态,39.8,0.3,34.64,True,5534.9,,,
603662,,0.0,0.1047,0.3073,0.9081,1.0,0.0,0.5352,0.3,1.0,0.0,0.0,1.0,0.7,0.4147,False,False,False,False,无明确战法态,80.0,8.37,66.13,True,22466.4,,,
603663,,1.0,0.7913,0.7068,1.0,1.0,0.7214,0.4612,0.0,1.0,1.0,0.0,0.5,0.7,0.3507,False,False,False,False,无明确战法态,85.79,-4.25,71.3,True,36273.7,,专精特新,
603665,,0.0,0.7598,0.6437,0.0131,0.0,0.6313,0.153,0.3,0.4896,0.0,0.0,0.0,0.0,0.4797,False,False,False,False,无明确战法态,27.75,4.44,28.05,False,4444.7,,,
603666,,0.0,0.9184,0.5598,0.2936,0.6457,0.0,0.2101,0.3,0.9764,0.0,0.0,1.0,0.0,0.3809,False,False,False,False,无明确战法态,30.25,3.49,28.51,True,6217.3,,专精特新,
603667,,0.0,0.0822,0.2116,0.0031,0.0491,0.1715,0.3191,0.0,1.0,0.0,0.0,0.5,0.0,0.4275,False,False,False,False,无明确战法态,76.15,8.51,70.38,True,278.9,,减速器/汽车热管理/特钢概念,
603668,,0.0,1.0,0.7928,0.1516,1.0,0.3659,0.3773,0.3,0.6397,0.0,0.0,1.0,0.0,0.282,False,False,False,False,无明确战法态,12.69,-1.4,12.38,True,6418.6,,水产品,
603669,,0.0,1.0,0.681,1.0,1.0,0.0,1.0,0.6,1.0,0.0,0.0,1.0,1.0,0.2486,False,False,False,False,无明确战法态,6.12,0.99,4.89,True,4359.5,其它行业,阿尔茨海默概念/创新药/仿制药一致性评价,37.8
603676,,0.0,1.0,0.7591,0.0,0.0,0.2283,0.3103,0.0,0.0499,0.0,0.0,0.0,0.0,0.4363,False,False,False,False,无明确战法态,8.81,2.68,9.3,False,3833.8,,,
603677,,0.0,0.6667,0.5077,0.0,0.0,0.6928,0.2674,0.0,0.0,0.0,0.0,0.0,0.0,0.5415,False,False,False,False,无明确战法态,13.65,5.0,15.05,False,2629.0,,空气能热泵,
603678,,0.0,0.6366,0.0591,1.0,1.0,0.4511,0.7228,0.3,1.0,0.0,0.0,1.0,1.0,0.2552,False,False,False,False,无明确战法态,85.48,5.18,57.91,True,40651.4,电子器件,专精特新/国防军工/军工航天,73.7
603679,,0.1178,1.0,0.7034,1.0,1.0,0.7772,0.6171,0.0,1.0,0.0,0.0,0.5,0.7,0.3126,False,False,False,False,无明确战法态,20.43,0.99,18.18,True,3630.1,,换电概念/数字孪生/虚拟电厂,
603680,,0.0,0.665,0.5658,0.0,0.0,0.1387,0.0658,0.0,0.0,0.0,0.0,0.0,0.0,0.637,False,False,False,False,无明确战法态,10.48,5.01,11.94,False,8213.4,,,
603681,,0.8421,0.9053,0.7443,1.0,0.4041,0.7999,0.3393,0.6,0.4754,0.0,0.0,0.0,0.7,0.4483,False,False,False,False,B1候B2,21.62,-3.57,22.58,False,5140.0,,,
603682,,0.0,1.0,0.6096,0.5186,0.4582,0.3958,0.344,0.0,1.0,0.0,0.0,0.5,0.7,0.3624,False,False,False,False,无明确战法态,8.97,2.99,7.96,True,4238.3,,物业管理,
603683,,0.2855,0.7075,0.4678,0.871,0.6228,0.291,0.4118,0.6,0.7246,1.0,0.0,0.0,0.7,0.3866,False,False,False,False,B2确认,30.18,4.76,29.75,True,8697.0,,AI手机/石墨烯,
603685,,0.238,0.4903,0.435,0.4219,0.0,0.617,0.1319,0.3,0.5389,0.0,1.0,0.0,0.7,0.3762,False,False,False,False,无明确战法态,29.41,6.06,30.43,False,5925.1,,虚拟电厂,
603686,,0.0,0.6155,0.4996,0.0,0.0,0.0,0.2434,0.0,0.0,0.0,0.0,0.0,0.0,0.4639,False,False,False,False,无明确战法态,13.89,5.31,16.04,False,5770.3,环保行业,金属镍/生物质能发电,29.2
603687,,0.0,0.7505,0.6598,1.0,1.0,0.6296,0.4835,0.6,1.0,0.0,0.0,1.0,0.7,0.3046,False,False,False,False,无明确战法态,18.9,-4.5,17.5,True,10395.6,,共同富裕示范区/数字孪生/数字水印,
603688,,1.0,0.8523,0.604,1.0,1.0,0.6985,0.3377,0.0,0.8504,0.0,0.0,0.5,0.7,0.4281,False,False,False,False,无明确战法态,69.25,-3.89,69.48,False,37511.2,其它行业,光伏,37.8
603689,,0.0,1.0,0.7943,0.0049,0.0,0.5227,0.184,0.3,0.0978,0.0,0.0,0.0,0.0,0.4409,False,False,False,False,无明确战法态,7.33,2.81,7.79,False,3836.9,,换电概念,
603690,,0.073,0.202,0.4056,1.0,1.0,0.3109,0.7384,0.0,1.0,0.0,0.0,1.0,0.7,0.3118,False,False,False,False,无明确战法态,32.68,-7.79,29.55,True,12515.3,,专精特新/合成生物,
603693,,0.1387,1.0,0.8425,0.0,0.0,0.9752,0.1685,0.0,0.0,0.0,0.0,0.0,0.0,0.4737,False,False,False,False,无明确战法态,12.7,0.0,14.45,False,11321.7,,光伏/生物质能发电,
603696,,0.0,1.0,0.8162,0.0,0.0,0.4539,0.2289,0.3,0.0,0.0,0.0,0.0,0.0,0.5352,False,False,False,False,无明确战法态,12.18,1.75,13.83,False,2864.7,,,
603697,,0.0,1.0,0.717,0.3404,0.0,0.7698,0.5957,0.3,0.1994,0.0,0.0,0.0,1.0,0.4436,False,False,False,False,无明确战法态,10.23,0.99,10.72,False,43.8,,预制菜,
603698,,0.0,1.0,0.5913,0.4988,1.0,0.2654,0.3704,0.0,1.0,0.0,0.0,1.0,0.0,0.2984,False,False,False,False,无明确战法态,42.25,1.98,36.47,True,22645.6,机械行业,碳中和/军民融合/煤化工概念,36.7
603699,,0.4724,0.7303,0.543,0.0937,0.0,0.403,0.1434,0.3,0.1514,0.0,1.0,0.0,0.0,0.4256,False,False,False,False,无明确战法态,50.97,4.62,55.03,False,38642.5,机械行业,核电核能/页岩气,36.7
603700,,0.0,1.0,0.7957,0.0128,0.3512,0.5126,0.1926,0.6,0.2856,0.0,0.0,0.5,0.0,0.3818,False,False,False,False,无明确战法态,11.51,0.79,11.9,False,2301.6,,地下管网/虚拟数字人,
603701,,0.0,1.0,0.7503,0.2479,0.0,0.7375,0.2518,0.0,0.3544,0.0,0.0,0.5,0.0,0.3628,False,False,False,False,无明确战法态,22.31,-1.67,23.27,False,5831.0,,乡村振兴/农机,
603703,,0.0514,1.0,0.7606,0.0,0.0,0.4501,0.2314,0.0,0.0,0.0,0.0,0.0,0.0,0.3725,False,False,False,False,无明确战法态,11.05,1.75,12.48,False,4585.6,电器行业,铜缆高速连接,33.2
603706,,0.0,0.7395,0.6162,0.0257,0.0,0.5357,0.1062,0.0,0.1881,0.0,0.0,0.0,0.0,0.4493,False,False,False,False,无明确战法态,19.25,4.56,20.28,False,3645.6,,新疆振兴,
603707,,0.0,1.0,0.723,0.0,0.0,0.2206,0.2632,0.3,0.0231,0.0,0.0,0.5,0.0,0.2852,False,False,False,False,无明确战法态,7.64,2.41,8.06,False,12343.6,,重组蛋白,
603708,,0.0,1.0,0.7926,0.0,0.0,0.8014,0.231,0.3,0.0,0.0,0.0,0.0,0.0,0.5348,False,False,False,False,无明确战法态,8.96,-0.44,9.87,False,5719.5,,预制菜,
603709,,0.0,1.0,0.7347,0.0,0.0,0.5988,0.1224,0.0,0.0,0.0,0.0,0.0,0.0,0.5131,False,False,False,False,无明确战法态,14.12,2.17,15.86,False,1766.5,,,
603711,,0.0,1.0,0.8166,0.0423,0.0,0.6654,0.2826,0.0,0.0,0.0,0.0,0.0,0.0,0.4516,False,False,False,False,无明确战法态,11.75,1.03,12.89,False,4851.3,,,
603712,,0.0,0.9422,0.7238,0.0,0.0,0.3931,0.2415,0.3,0.0,0.0,1.0,0.5,0.0,0.4183,False,False,False,False,无明确战法态,12.97,3.35,14.63,False,10012.8,,国防军工,
603713,,0.0,0.0,0.379,1.0,1.0,0.6264,0.5306,0.3,1.0,0.0,0.0,1.0,1.0,0.4135,False,False,True,False,无明确战法态,79.23,10.0,62.44,True,12528.5,,航运概念/跨境电商/上海自贸区,
603716,,0.2807,1.0,0.6667,0.0,0.0,0.3182,0.2758,0.3,0.0,0.0,0.0,0.0,0.0,0.4907,False,False,False,False,无明确战法态,14.99,1.28,17.8,False,3384.6,,生物疫苗/固废处理/细胞免疫治疗,
603717,,0.0,0.0,0.1491,0.0,0.1758,0.0,0.3117,0.9,1.0,0.0,0.0,0.5,0.0,0.4831,False,False,False,False,无明确战法态,7.33,10.06,6.67,True,2126.8,,氟化工概念/生态农业,
603718,,0.0,0.9845,0.748,0.0,0.0,0.7871,0.1121,0.0,0.0,0.0,0.0,0.0,0.0,0.4969,False,False,False,False,无明确战法态,3.0,3.09,3.5,False,1946.9,其它行业,动物疫苗/牙科医疗,37.8
603719,,0.0,1.0,0.8132,0.0,0.0,0.6513,0.2247,0.3,0.0,0.0,0.0,0.0,0.0,0.4719,False,False,False,False,无明确战法态,9.01,1.01,9.8,False,3613.0,,,
603721,,0.3137,1.0,0.7471,0.0,0.0,0.6973,0.054,0.0,0.0,0.0,0.0,0.0,0.0,0.5186,False,False,False,False,无明确战法态,17.61,-0.28,20.62,False,2289.3,,AI语料/短剧游戏/快手概念,
603722,,0.0,1.0,1.0,0.5763,1.0,0.0,0.0,0.6,0.8116,0.0,0.0,1.0,0.7,0.3047,False,False,False,False,B2确认,39.6,0.0,38.02,True,37.9,,专精特新/丙烯酸,
603725,,0.0,0.0,0.3065,0.9696,1.0,0.0,0.2809,0.6,1.0,0.0,0.0,1.0,0.7,0.5246,False,False,False,False,无明确战法态,13.9,9.54,11.19,True,3984.5,,专精特新,
603726,,0.0,0.0,0.2161,1.0,1.0,0.2026,0.4411,0.0,1.0,0.0,1.0,1.0,0.7,0.389,False,False,True,False,无明确战法态,35.45,9.99,28.05,True,6547.8,,空气能热泵,
603727,,0.6801,1.0,0.7129,0.384,1.0,0.6014,0.1926,0.3,0.7204,0.0,0.0,0.5,0.0,0.3847,False,False,False,False,无明确战法态,16.97,1.5,16.82,True,4780.8,,俄乌冲突概念,
603728,,0.0,0.277,0.4203,0.3046,0.5444,0.0,0.3517,0.3,1.0,0.0,0.0,0.5,0.7,0.4507,False,False,False,False,无明确战法态,68.02,7.34,62.36,True,284.9,,专精特新,
603729,,0.0,1.0,0.7249,0.0,0.0,0.8884,0.2027,0.0,0.0,0.0,0.0,0.0,0.0,0.6419,False,False,False,False,无明确战法态,11.49,0.88,13.23,False,1059.0,印刷包装,海南自贸,27.7
603730,,0.0,0.0,0.295,0.7919,0.3481,0.0283,0.3137,0.9,1.0,0.0,0.0,0.5,0.7,0.5154,False,False,False,False,B2确认,13.0,9.98,11.7,True,27931.6,,,
603733,,0.2198,0.0,0.516,1.0,1.0,0.118,0.4355,1.0,0.5035,0.0,0.0,0.5,1.0,0.5739,False,False,False,False,B1候B2,24.8,-9.98,25.2,False,17551.6,,碳交易/固废处理/参股券商,
603737,,0.0,1.0,0.7135,0.0,0.0,0.5592,0.21,0.0,0.0,0.0,0.0,0.0,0.0,0.4955,False,False,False,False,无明确战法态,24.61,-1.16,33.44,False,18157.7,,,
603738,,1.0,0.0,0.5032,1.0,1.0,0.4523,0.2324,0.3,1.0,1.0,0.0,0.5,0.7,0.5574,False,False,False,False,无明确战法态,53.51,-9.99,48.48,True,20648.8,,专精特新/卫星导航/汽车电子,
603739,,0.0,1.0,0.8128,0.0,0.0,0.659,0.2463,0.0,0.0476,0.0,0.0,0.0,0.0,0.4843,False,False,False,False,无明确战法态,12.35,1.98,13.16,False,3124.9,,CXO概念/CRO概念/代糖概念,
603755,,0.0,0.6835,0.5674,0.0,0.0,0.3775,0.179,0.0,0.0,0.0,0.0,0.0,0.0,0.5344,False,False,False,False,无明确战法态,24.41,4.9,26.33,False,24.1,,预制菜,
603757,,0.0,1.0,0.5482,1.0,1.0,0.5649,0.3764,0.9,1.0,0.0,0.0,1.0,0.7,0.2587,False,False,False,False,无明确战法态,71.99,-2.81,59.0,True,13429.5,,专精特新/空气能热泵,
603758,,0.0,0.9965,0.718,0.0,0.0,0.1745,0.1422,0.3,0.0,0.0,0.0,0.5,0.0,0.3623,False,False,False,False,无明确战法态,10.23,3.02,11.09,False,4488.9,,,
603759,,0.0,1.0,0.4248,0.0,0.0,0.0,0.3171,0.3,0.0045,0.0,0.0,0.5,0.0,0.3493,False,False,False,False,无明确战法态,7.7,0.65,8.23,False,3555.6,,BC电池,
603766,,0.0,1.0,0.7287,0.0,0.0,0.5869,0.3032,0.0,0.3448,0.0,0.0,0.5,0.0,0.3168,False,False,False,False,无明确战法态,12.86,2.63,13.15,False,264.1,摩托车,国防军工/成渝特区/军工航天,38.1
603767,,0.0,0.4099,0.3661,0.0,0.0,0.4526,0.2228,0.9,0.0,0.0,0.0,0.0,0.0,0.3908,False,False,False,False,无明确战法态,15.8,6.54,17.44,False,4876.4,,,
603768,,0.0,0.4572,0.4486,0.0,0.0,0.1989,0.1454,0.6,0.0763,0.0,0.0,0.0,0.0,0.4436,False,False,False,False,无明确战法态,10.02,6.26,10.62,False,2384.3,,,
603773,,1.0,1.0,0.5114,1.0,1.0,0.7187,0.4569,0.6,1.0,1.0,0.0,0.5,0.7,0.4696,True,False,False,False,B1候B2,137.1,-0.52,118.55,True,30800.7,,华为概念/小米概念/卫星导航,
603776,,0.0,1.0,0.8104,0.7049,1.0,0.6163,0.347,0.6,0.9046,0.0,0.0,1.0,0.7,0.3451,False,False,False,False,无明确战法态,21.36,-2.02,20.52,True,5997.0,,共享单车/两轮车/旅游概念,
603777,,0.0452,1.0,0.6769,0.5123,0.0,0.7607,0.1664,0.0,0.6354,0.0,0.0,0.0,0.7,0.3354,False,False,False,False,无明确战法态,16.44,0.86,16.59,False,5497.9,,白酒概念/人工智能/智能物流,
603778,,0.6579,0.0,0.1208,0.0,0.0,0.495,0.0959,0.3,0.0,0.0,0.0,0.0,0.0,0.7603,False,False,False,False,无明确战法态,11.62,-9.85,17.94,False,7470.0,,硅能源/PPP概念/TOPCON电池,
603779,,0.0,0.8493,0.471,0.4744,0.0,0.553,0.0723,0.0,0.9256,0.0,0.0,0.5,0.7,0.3887,False,False,False,False,无明确战法态,8.25,3.9,8.05,True,2739.7,,白酒概念/农业种植,
603786,,0.0,1.0,0.3642,0.0,0.0,0.0,0.1664,0.0,0.0,0.0,0.0,0.0,0.0,0.4248,False,False,False,False,无明确战法态,44.28,2.0,50.13,False,17882.8,,专精特新,
603787,,0.0,0.892,0.7639,0.0,0.0,0.6586,0.1764,0.0,0.0,0.0,0.0,0.0,0.0,0.6476,False,False,False,False,无明确战法态,9.66,3.65,10.68,False,2223.2,,共享单车,
603788,,0.0,0.9713,0.7356,0.0,0.0,0.6768,0.1351,0.0,0.0965,0.0,0.0,0.0,0.0,0.583,False,False,False,False,无明确战法态,14.31,3.17,15.23,False,3192.1,汽车制造,,40.0
603789,,0.0,0.6736,1.0,0.3966,0.8309,1.0,0.1672,0.6,1.0,0.0,0.0,1.0,0.0,0.5198,False,False,False,False,无明确战法态,6.35,4.96,5.63,True,1651.0,机械行业,生态农业,36.7
603790,,0.0,1.0,0.5206,0.4088,0.0,0.1949,0.1767,0.6,0.7443,0.0,0.0,0.0,0.7,0.4355,False,False,False,False,无明确战法态,25.1,0.84,24.81,True,4803.1,,换电概念/PEEK材料/染料,
603797,,0.0,1.0,0.7595,0.0,0.0,0.3638,0.2099,0.0,0.0,0.0,0.0,0.0,0.0,0.5297,False,False,False,False,无明确战法态,3.99,2.84,4.31,False,2300.7,,,
603798,,0.0,0.0,0.3497,0.0511,0.0,0.8043,0.2034,0.0,0.3555,0.0,0.0,0.0,0.0,0.5297,False,False,False,False,无明确战法态,15.22,9.97,15.7,False,3903.2,,,
603799,,0.8492,1.0,0.8257,0.0,0.0,0.6331,0.3269,0.0,0.0,0.0,0.0,0.0,0.0,0.4015,False,False,False,False,无明确战法态,46.76,-0.62,55.23,False,882.7,,盐湖提锂/稀缺资源/动力电池回收,
603800,,0.4956,0.9142,0.6067,1.0,1.0,0.7418,0.531,0.3,1.0,1.0,0.0,0.5,0.7,0.3626,False,False,False,False,无明确战法态,76.86,-3.51,67.84,True,15986.9,,页岩气/光刻机/天然气,
603801,,0.0,1.0,0.8102,0.0,0.0,0.2862,0.0524,0.3,0.0,0.0,0.0,0.0,0.0,0.5506,False,False,False,False,无明确战法态,5.69,1.25,7.18,False,2471.5,,,
603803,,0.4826,1.0,0.5187,0.0123,0.0,0.8085,0.1357,0.0,0.0,0.0,0.0,0.0,0.0,0.5423,False,False,False,False,无明确战法态,11.17,0.81,12.85,False,4745.9,,F5G概念,
603806,,0.6555,1.0,0.5366,0.2013,0.0,0.6232,0.2839,0.0,0.1214,0.0,0.0,0.0,0.0,0.4349,False,False,False,False,无明确战法态,15.76,0.51,17.09,False,41113.8,塑料制品,光伏/BC电池/POE胶膜,33.5
603808,,0.0,1.0,0.7537,0.0,0.0,0.6336,0.2741,0.3,0.0,0.0,0.0,0.0,0.0,0.4729,False,False,False,False,无明确战法态,8.02,2.17,9.02,False,2917.1,服装鞋类,,47.0
603809,,0.0,0.2011,0.3341,0.0,0.0,0.0,0.1993,0.6,0.0441,0.0,0.0,0.0,0.0,0.4981,False,False,False,False,无明确战法态,9.82,7.79,10.26,False,9037.2,,大飞机/专精特新/成飞概念,
603810,,0.0,1.0,0.8116,0.0,0.0,0.4696,0.1449,0.0,0.0,0.0,0.0,0.0,0.0,0.5158,False,False,False,False,无明确战法态,11.68,0.0,13.34,False,1931.2,,钒电池,
603811,,1.0,1.0,0.7524,0.0,0.0,0.2712,0.407,0.6,0.0,0.0,0.0,0.0,0.0,0.343,False,False,False,False,无明确战法态,7.6,0.8,10.48,False,2487.5,,猴痘概念,
603813,,0.9339,0.9631,0.7162,0.7333,0.2468,0.7225,0.2333,0.6,0.3978,0.0,0.0,0.0,0.7,0.4882,False,False,False,False,B1候B2,34.55,-3.22,36.25,False,3628.3,,,
603815,,0.0,1.0,0.7319,0.0,0.0,0.7596,0.3203,0.3,0.0,0.0,0.0,0.5,0.0,0.4295,False,False,False,False,无明确战法态,5.55,1.46,6.12,False,3435.0,,乡村振兴/地下管网/水利,
603816,,0.0,1.0,0.7667,0.0,0.0,0.1324,0.1361,0.0,0.0,0.0,0.0,0.0,0.0,0.5147,False,False,False,False,无明确战法态,23.23,1.62,27.21,False,18866.6,,,
603817,,0.0,1.0,0.8113,0.0,0.0,0.4879,0.1593,0.0,0.0,0.0,0.0,0.0,0.0,0.4984,False,False,False,False,无明确战法态,5.42,2.26,6.17,False,3089.9,,,
603818,,0.0,0.4706,0.1961,0.0,0.1212,0.0,0.2396,0.9,0.3615,0.0,0.0,1.0,0.0,0.4257,False,False,False,False,无明确战法态,3.19,-6.18,3.22,False,2190.1,家具行业,,39.0
603819,,0.0,0.6497,0.4955,0.0,0.0,0.382,0.2129,0.0,0.4599,0.0,0.0,0.0,0.0,0.4745,False,False,False,False,无明确战法态,12.36,5.1,12.55,False,26.9,,,
603822,,0.0,0.6667,0.8343,0.0,0.0,1.0,0.1697,0.0,0.1287,0.0,0.0,0.0,0.0,0.5624,False,False,False,False,无明确战法态,75.18,5.0,79.38,False,57.8,,,
603823,,0.0,1.0,0.3956,1.0,1.0,0.4018,1.0,0.3,1.0,0.0,0.0,1.0,0.7,0.1819,False,False,False,False,无明确战法态,59.88,-2.19,36.89,True,24932.1,,钠电池/光刻胶/PEEK材料,
603825,,0.0,1.0,0.8031,0.0,0.0,0.6012,0.3139,0.0,0.0341,0.0,0.0,0.5,0.0,0.352,False,False,False,False,无明确战法态,7.24,1.83,7.64,False,1834.2,,免税店/NFT概念/农村电商,
603826,,1.0,1.0,0.7314,0.3277,0.0,0.6762,0.1187,0.0,0.0,0.0,0.0,0.0,0.0,0.5955,False,False,False,False,无明确战法态,23.95,-2.52,29.06,False,15692.0,,专精特新/钛白粉概念,
603828,,0.0,0.6704,1.0,0.0,0.0,1.0,0.1186,0.3,0.0,0.0,0.0,0.0,0.0,0.613,False,False,False,False,无明确战法态,4.64,4.98,5.17,False,2765.2,建筑建材,,28.0
603829,,0.0,0.5445,0.5695,0.0,0.0,0.4774,0.1558,0.0,0.0,0.0,0.0,0.0,0.0,0.7365,False,False,False,False,无明确战法态,17.52,5.73,21.61,False,3263.4,,,
603833,,0.0,1.0,0.8222,0.0,0.0,0.6707,0.1628,0.0,0.0,0.0,0.0,0.0,0.0,0.5894,False,False,False,False,无明确战法态,32.32,0.22,39.16,False,19687.8,,,
603836,,0.0,1.0,0.8023,0.0,0.0,0.0,0.1841,0.6,0.0,0.0,0.0,0.5,0.0,0.3833,False,False,False,False,无明确战法态,8.35,-0.95,11.32,False,1713.7,,统一大市场/中韩自贸区,
603838,,0.0,1.0,0.7964,0.5957,0.4376,0.6515,0.3217,0.3,0.8089,0.0,0.0,0.5,0.0,0.3677,False,False,False,False,B1候B2,9.22,0.55,9.09,True,2950.5,,ST板块/小金属概念,
603839,,0.0,0.8806,0.6959,0.0,0.0,0.592,0.1826,0.0,0.0,0.0,0.0,0.0,0.0,0.5012,False,False,False,False,无明确战法态,6.14,3.72,6.8,False,2376.3,,,
603843,,0.4737,1.0,0.6209,0.7869,0.4246,0.4998,0.2312,0.0,0.78,0.0,0.0,0.5,0.0,0.3694,False,False,False,False,B1候B2,8.2,-2.84,8.2,False,5736.9,,金属锌,
603848,,0.0,0.6444,0.5421,0.0,0.0,0.0,0.3866,0.0,0.2476,0.0,0.0,0.5,0.0,0.4962,False,False,False,False,无明确战法态,14.54,5.13,14.85,False,5851.0,,,
603855,,0.0,0.5028,0.7987,0.0758,0.0,0.568,0.1855,0.0,0.0,0.0,0.0,0.5,0.0,0.5975,False,False,False,False,无明确战法态,16.5,-5.98,18.03,False,5536.3,,光伏,
603856,,0.0,1.0,0.7582,0.551,1.0,0.4279,0.4733,1.0,1.0,0.0,0.0,1.0,0.0,0.2857,False,False,True,False,无明确战法态,13.81,2.22,12.85,True,3895.2,,抽水蓄能/地下管网,
603858,,0.0,1.0,0.8639,0.2045,0.331,0.54,0.3159,0.3,0.4064,0.0,0.0,0.5,0.0,0.3725,False,False,False,False,无明确战法态,15.3,0.79,15.52,False,161.4,,生物疫苗,
603859,,0.0,1.0,0.4064,1.0,1.0,0.2865,0.4611,0.6,1.0,0.0,0.0,0.5,0.7,0.3365,False,False,False,False,B1候B2,52.3,2.79,47.16,True,12797.7,,,
603860,,0.0,1.0,0.8111,0.0,0.0,0.6046,0.2013,0.0,0.0,0.0,0.0,0.0,0.0,0.4734,False,False,False,False,无明确战法态,25.37,2.71,27.9,False,1691.7,,数字乡村,
603861,,0.8369,1.0,0.6751,0.0,0.0,0.8043,0.249,0.3,0.0,0.0,0.0,0.0,1.0,0.4777,False,False,False,False,无明确战法态,12.56,2.03,15.46,False,6639.0,,,
603863,,0.1624,0.3749,0.4087,0.0,0.0,0.0,0.1261,0.0,0.0,0.0,0.0,0.0,0.0,0.5363,False,False,False,False,无明确战法态,13.6,6.75,15.87,False,2783.2,,,
603866,,0.0,1.0,0.8611,0.0,0.0,0.4553,0.1965,0.0,0.0,0.0,0.0,0.0,0.0,0.5851,False,False,False,False,无明确战法态,3.87,0.78,4.41,False,6190.9,,,
603867,,0.0,1.0,0.7065,0.827,0.2581,0.6893,0.3749,0.0,0.774,1.0,0.0,0.0,0.7,0.3779,False,False,False,False,B1候B2,37.19,-1.35,36.92,True,8021.4,,污水处理/动力电池回收/消毒剂,
603868,,0.0,1.0,0.8593,0.069,0.0,0.9502,0.1996,0.6,0.0,0.0,0.0,0.0,0.0,0.4468,False,False,False,False,无明确战法态,30.87,0.23,33.91,False,13447.0,,短剧游戏,
603869,,0.0,1.0,0.8248,0.0,0.0,0.7089,0.1391,0.0,0.0,0.0,0.0,0.0,0.0,0.5867,False,False,False,False,无明确战法态,8.58,2.51,9.34,False,4239.5,酒店旅游,ETC,29.9
603871,,0.0,1.0,0.7524,0.0,0.0,0.7084,0.2538,0.0,0.0,0.0,0.0,0.0,0.0,0.5303,False,False,False,False,无明确战法态,11.11,0.63,12.02,False,15198.6,,,
603876,,1.0,0.746,0.6032,0.7925,0.0569,0.6918,0.2333,0.3,0.4076,0.0,0.0,0.5,0.0,0.467,False,False,False,False,无明确战法态,24.06,-4.52,25.69,False,22358.2,,,
603877,,0.0,1.0,0.8414,0.0,0.0,0.6775,0.1351,0.3,0.1476,0.0,0.0,0.0,0.0,0.4981,False,False,False,False,无明确战法态,12.75,1.11,13.36,False,5983.9,,共同富裕示范区,
603878,,0.5472,1.0,0.7941,0.0,0.0,0.6463,0.1421,0.6,0.0,0.0,0.0,0.0,0.0,0.4872,False,False,False,False,无明确战法态,5.25,1.35,6.6,False,2946.0,,光热发电,
603879,,0.0,1.0,0.7515,0.0,0.0,0.0484,0.3359,0.0,0.0,0.0,0.0,0.5,0.0,0.3877,False,False,False,False,无明确战法态,4.65,1.97,5.08,False,1671.0,,,
603880,,0.0,0.5046,0.4259,0.5843,0.0,0.1995,0.2055,0.0,0.8291,0.0,0.0,0.0,0.7,0.3848,False,False,False,False,无明确战法态,7.63,5.97,7.46,True,2205.4,,,
603881,,0.1564,1.0,0.8281,0.0,0.0,0.863,0.2627,0.0,0.0,0.0,0.0,0.0,0.0,0.4424,False,False,False,False,无明确战法态,25.21,0.0,32.97,False,18110.3,,蚂蚁集团概念,
603882,,0.0,1.0,0.8321,0.0,0.0,0.5868,0.1513,0.3,0.0656,0.0,0.0,0.0,0.0,0.4405,False,False,False,False,无明确战法态,23.86,1.88,25.43,False,10978.8,,食品安全/基因测序/肝炎概念,
603883,,0.0,1.0,0.8322,0.0,0.0,0.4963,0.3275,0.3,0.0,0.0,0.0,0.0,0.0,0.3894,False,False,False,False,无明确战法态,11.47,-0.43,12.42,False,8704.5,商业百货,,30.2
603885,,0.255,1.0,0.8229,0.0,0.0,0.7945,0.2064,0.6,0.0,0.0,0.0,0.0,0.0,0.4598,False,False,False,False,无明确战法态,10.42,-1.14,11.38,False,22757.3,其它行业,军工航天/上海自贸区,37.8
603886,,0.0,1.0,0.7909,0.5651,1.0,0.681,0.6397,0.9,0.8289,0.0,0.0,1.0,0.0,0.3648,False,False,False,False,B1候B2,13.11,0.31,12.57,True,31.5,,,
603887,,0.4436,1.0,0.7417,0.0,0.0,0.67,0.1105,0.3,0.0,0.0,0.0,0.0,0.0,0.4857,False,False,False,False,无明确战法态,9.39,-1.68,12.22,False,5653.1,,,
603888,,0.643,1.0,0.903,0.0,0.0,0.7652,0.0976,0.0,0.0,0.0,0.0,0.0,0.0,0.4576,False,False,False,False,无明确战法态,17.16,-0.12,19.15,False,115.8,,AI语料/多模态AI/数据确权,
603889,,0.3532,1.0,0.5184,0.0,0.0,0.3412,0.1745,0.3,0.0,0.0,1.0,0.0,0.0,0.5067,False,False,False,False,无明确战法态,5.39,2.47,6.58,False,3906.2,纺织行业,,36.5
603890,,1.0,1.0,0.6449,1.0,1.0,0.8007,0.3519,0.0,0.8411,0.0,0.0,0.5,0.7,0.4457,True,False,False,False,B1候B2,23.44,-2.46,23.57,False,10473.2,,AI PC/F5G概念/小米汽车,
603893,,0.4704,1.0,0.5801,0.5383,0.8914,0.5787,0.4085,0.0,0.6894,0.0,0.0,0.5,0.7,0.3975,False,False,False,False,无明确战法态,180.03,1.51,178.54,True,75770.4,,百度概念/国家大基金持股/福建自贸区,
603895,,0.0,0.7437,0.5603,0.1873,0.0,0.752,0.0759,0.0,0.7732,0.0,0.0,0.0,0.7,0.3933,False,False,False,False,无明确战法态,32.02,4.54,31.6,True,3460.7,,专精特新,
603896,,0.0,1.0,0.7776,0.0,0.0,0.5009,0.4525,0.0,0.0,0.0,0.0,0.0,0.0,0.4972,False,False,False,False,无明确战法态,14.15,2.61,15.9,False,2805.2,,工业大麻/旅游概念/农业种植,
603897,,0.0,0.1234,0.1678,0.0,0.0,0.0,0.0748,0.3,0.0,0.0,0.0,0.0,0.0,0.5085,False,False,False,False,无明确战法态,34.32,-8.26,39.77,False,7084.9,,,
603898,,0.0,1.0,0.7239,0.6271,1.0,0.3589,0.816,0.9,1.0,0.0,0.0,1.0,0.0,0.2556,False,False,False,False,无明确战法态,15.02,1.97,13.66,True,4676.4,家具行业,,39.0
603899,,0.0,1.0,0.8545,0.0,0.0,0.6682,0.3111,0.0,0.0224,0.0,0.0,0.5,0.0,0.3802,False,False,False,False,无明确战法态,21.51,2.09,22.81,False,19810.1,,,
603900,,0.0,1.0,0.7849,0.0,0.0,0.3449,0.1829,0.0,0.0,0.0,0.0,0.0,0.0,0.4752,False,False,False,False,无明确战法态,6.05,2.72,6.71,False,2073.5,,,
603901,,0.0,0.8149,0.5413,0.0,0.0149,0.1188,0.3667,0.0,0.5603,0.0,0.0,0.5,0.0,0.4386,False,False,False,False,无明确战法态,11.65,4.11,11.57,True,6294.5,其它行业,,37.8
603903,,0.0,0.1504,0.3277,0.5642,1.0,0.0,0.4384,1.0,1.0,0.0,0.0,1.0,0.0,0.3837,False,False,True,False,无明确战法态,14.15,8.1,12.26,True,3612.8,,,
603906,,0.0,1.0,0.559,0.7851,1.0,0.3413,0.4397,0.0,1.0,0.0,0.0,1.0,0.0,0.31,False,False,False,False,无明确战法态,29.3,-1.11,25.65,True,16556.8,,,
603908,,0.0,0.9762,0.7638,0.0,0.0,0.4954,0.0807,0.0,0.0,0.0,0.0,0.0,0.0,0.4737,False,False,False,False,无明确战法态,18.05,3.14,20.3,False,1680.9,,,
603909,,0.0,1.0,0.699,0.0,0.0,0.2213,0.1113,0.0,0.0,0.0,0.0,0.0,0.0,0.4395,False,False,False,False,无明确战法态,9.03,1.92,10.22,False,23.5,,,
603912,,0.6751,1.0,0.7449,0.0,0.0,0.7318,0.2039,0.0,0.0,0.0,0.0,0.0,0.0,0.4714,False,False,False,False,无明确战法态,7.7,1.58,9.01,False,4172.4,,专精特新,
603915,,0.0,0.0,0.3548,0.0909,0.0,0.4468,0.2092,0.0,0.6371,0.0,0.0,0.0,0.0,0.5466,False,False,False,False,无明确战法态,16.03,10.02,15.81,True,10525.8,,,
603916,,1.0,0.8212,0.6461,0.9396,0.5997,0.774,0.2902,0.9,0.5946,0.0,0.0,0.5,0.7,0.4563,False,False,False,False,B1候B2,13.19,-4.07,13.47,False,5544.1,,水泥概念,
603917,,0.0,1.0,0.7158,0.1657,0.756,0.5206,0.3252,0.3,0.8524,0.0,0.0,1.0,0.0,0.3904,False,False,False,False,无明确战法态,13.2,2.33,12.55,True,2690.7,,,
603918,,0.0362,1.0,0.8208,0.0,0.0,0.6086,0.1807,0.0,0.0,0.0,0.0,0.0,0.0,0.5908,False,False,False,False,无明确战法态,9.76,0.93,11.65,False,3563.4,其它行业,上海自贸区/数据确权/化债概念(AMC概念),37.8
603919,,0.4518,1.0,0.8138,0.0279,0.0,0.8543,0.2586,0.0,0.0,0.0,0.0,0.0,1.0,0.3847,False,False,False,False,无明确战法态,15.95,1.27,18.45,False,8090.8,,白酒概念,
603920,,0.6734,0.9938,0.4364,0.0,0.0,0.7589,0.1177,0.0,0.0,0.0,1.0,0.0,0.0,0.6735,False,False,False,False,无明确战法态,45.46,3.04,55.92,False,32758.1,,飞行汽车(eVTOL)/毫米波雷达/特斯拉概念,
603922,,0.6775,0.6706,0.4453,0.0,0.0,0.4901,0.3165,0.0,0.0,0.0,1.0,0.0,0.0,0.6229,False,False,False,False,无明确战法态,13.5,4.98,16.24,False,2419.2,,ST板块/动力电池回收,
603926,,0.0,1.0,0.6054,0.0,0.0,0.0,0.1986,0.3,0.4029,0.0,0.0,0.0,0.0,0.3566,False,False,False,False,无明确战法态,19.21,-0.26,19.95,False,4434.4,,,
603927,,0.1885,1.0,0.8543,0.0,0.0,0.6262,0.1834,0.0,0.0,0.0,0.0,0.0,0.0,0.5845,False,False,False,False,无明确战法态,12.86,0.39,15.06,False,10687.2,,互联网保险/数字乡村,
603928,,0.0,0.3005,0.4992,0.0,0.0,0.0,0.2253,0.6,0.5025,0.0,0.0,0.5,0.0,0.3788,False,False,False,False,无明确战法态,14.7,-7.2,14.66,True,3852.6,,大飞机/丙烯酸,
603929,,0.1048,1.0,0.2908,1.0,1.0,0.4741,0.3405,0.6,1.0,0.0,0.0,1.0,1.0,0.3191,False,False,False,False,B2确认,235.89,0.54,204.69,True,503.3,,华为概念/海峡两岸/OLED,
603931,,0.1373,0.4504,0.4663,1.0,1.0,0.5638,0.3591,0.0,1.0,1.0,0.0,1.0,0.7,0.3851,False,False,False,False,无明确战法态,54.31,-6.3,50.88,True,10838.0,,光刻胶,
603933,,0.0,0.8559,0.473,0.3278,0.0987,0.6055,0.2418,0.0,0.6846,0.0,0.0,0.5,0.0,0.4609,False,False,False,False,无明确战法态,23.65,3.86,23.63,True,49.1,,福建自贸区/工业母机,
603936,,1.0,0.8801,0.6281,1.0,1.0,0.7993,0.2055,0.0,1.0,1.0,0.0,0.5,0.7,0.5189,False,False,False,False,无明确战法态,22.78,-3.72,22.22,True,14360.5,,物联网/卫星导航/智能穿戴,
603937,,0.0,1.0,0.7322,0.395,0.3967,0.6476,0.4259,0.0,0.9811,0.0,0.0,1.0,0.0,0.4019,False,False,False,False,无明确战法态,14.69,1.73,14.06,True,3068.6,,,
603938,,0.3402,0.2773,0.5119,1.0,1.0,0.6709,0.379,0.3,1.0,0.0,0.0,1.0,0.7,0.3227,False,False,False,False,无明确战法态,64.8,-7.34,51.27,True,24794.1,,有机硅概念,
603939,,0.0,0.9032,0.6817,0.0,0.0,0.4108,0.4001,0.6,0.1475,0.0,0.0,0.0,0.0,0.4488,False,False,False,False,无明确战法态,19.96,3.58,20.89,False,24199.4,商业百货,家庭医生,30.2
603948,,0.0,1.0,0.7028,0.1695,0.5448,0.0,0.2879,0.6,0.6767,0.0,0.0,1.0,0.0,0.466,False,False,False,False,无明确战法态,26.26,-1.61,25.91,True,4267.0,,,
603949,,0.0,1.0,0.8187,0.2108,1.0,0.3499,0.4114,0.3,0.8543,0.0,0.0,1.0,0.0,0.4048,False,False,False,False,无明确战法态,18.05,2.27,17.26,True,37.9,,专精特新,
603950,,0.0,0.9743,0.3864,1.0,1.0,0.4219,0.4688,0.3,1.0,0.0,0.0,1.0,0.7,0.2451,False,False,False,False,无明确战法态,83.72,3.15,65.74,True,27092.4,,飞行汽车(eVTOL),
603955,,0.1071,1.0,0.7581,0.0,0.0,0.6591,0.2606,0.9,0.0,0.0,0.0,0.0,0.0,0.4878,False,False,False,False,无明确战法态,20.14,2.91,23.41,False,2733.4,,,
603956,,0.0,0.593,0.3197,0.187,1.0,0.0,0.211,0.6,1.0,0.0,1.0,1.0,0.0,0.3227,False,False,False,False,无明确战法态,6.2,5.44,5.59,True,3533.4,,专精特新,
603958,,0.8299,1.0,0.731,0.0,0.0,0.786,0.1244,0.3,0.0,0.0,0.0,0.0,0.0,0.5649,False,False,False,False,无明确战法态,16.88,0.18,20.09,False,3702.8,,工业母机,
603959,,0.0,0.9838,0.5723,0.0,0.4832,0.6872,0.2347,0.0,0.2586,0.0,0.0,1.0,0.0,0.354,False,False,False,False,无明确战法态,4.66,3.1,4.77,False,2284.8,,盐湖提锂/氢能源/ST板块,
603960,,0.2765,0.6719,0.5317,0.0,0.0,0.4478,0.182,0.3,0.0,0.0,0.0,0.0,1.0,0.4936,False,False,False,False,无明确战法态,18.38,4.97,20.77,False,4819.2,,氢能源/高端装备/机器视觉,
603966,,0.0,0.9239,0.6265,0.0,0.0,0.4541,0.2088,0.3,0.0,0.0,0.0,0.0,0.0,0.6797,False,False,False,False,无明确战法态,8.68,3.46,10.37,False,3466.5,,专精特新/换电概念/水利,
603967,,0.0,1.0,0.7345,0.0167,0.0,0.523,0.1381,0.0,0.178,0.0,0.0,0.0,0.0,0.4751,False,False,False,False,无明确战法态,11.29,2.17,11.9,False,3913.9,,俄乌冲突概念/航运概念/冷链物流,
603968,,0.0,1.0,0.8111,0.0,0.0,0.8532,0.1969,0.9,0.0,0.0,0.0,0.0,0.0,0.5721,False,False,False,False,无明确战法态,9.68,1.57,11.02,False,1979.4,其它行业,代糖概念/染料,37.8
603969,,0.0,1.0,0.7243,0.0,0.0,0.46,0.2546,0.0,0.2891,0.0,0.0,0.5,0.0,0.3108,False,False,False,False,无明确战法态,8.07,1.13,8.27,False,6856.3,建筑建材,水泥概念,28.0
603970,,0.0,1.0,0.7497,0.0,0.0,0.4138,0.0764,0.0,0.0,0.0,0.0,0.0,0.0,0.5052,False,False,False,False,无明确战法态,10.31,1.88,11.31,False,2771.3,,草甘膦/供销社,
603976,,0.0,0.9967,0.6684,1.0,1.0,0.3902,0.5086,0.3,1.0,0.0,0.0,1.0,0.7,0.2459,False,False,False,False,无明确战法态,29.0,3.02,24.26,True,4384.9,,,
603977,,0.0,1.0,0.7028,0.5114,1.0,0.6457,0.3364,0.6,1.0,0.0,0.0,1.0,0.0,0.2949,False,False,False,False,无明确战法态,15.49,-1.34,14.56,True,9623.0,,民爆概念,
603978,,0.0,0.0,0.2918,0.7218,1.0,0.2345,0.4854,0.3,1.0,0.0,0.0,1.0,0.0,0.424,False,False,False,False,无明确战法态,30.16,-10.0,28.19,True,6366.6,,氟化工概念,
603979,,0.2456,0.7653,0.6478,0.377,0.0,0.2629,0.2551,0.0,0.2773,0.0,1.0,0.0,0.7,0.4086,False,False,False,False,无明确战法态,64.42,4.41,68.01,False,40184.5,,黄金概念/金属铜/同花顺出海50,
603980,,0.4227,1.0,0.7452,0.5884,1.0,0.4181,0.4441,0.6,0.8429,0.0,0.0,0.5,0.0,0.3516,False,False,False,False,无明确战法态,6.41,-1.99,6.24,True,43.4,,阿尔茨海默概念/仿制药一致性评价/染料,
603982,,0.0,0.9152,0.6959,0.0,0.0,0.3701,0.1079,0.0,0.0,0.0,0.0,0.0,0.0,0.5723,False,False,False,False,无明确战法态,5.9,3.51,6.73,False,2003.4,,,
603983,,0.0,0.6658,0.3662,0.1978,1.0,0.0,0.7326,0.9,1.0,0.0,0.0,1.0,0.0,0.2579,False,False,False,False,无明确战法态,29.16,5.01,24.76,True,11693.2,,重组蛋白,
603985,,0.0,0.8325,0.6908,0.6754,0.2365,0.6173,0.2283,0.3,0.563,0.0,0.0,0.0,0.0,0.4147,False,False,False,False,无明确战法态,22.77,-4.01,23.33,False,10038.3,,海工装备/风电/核电,
603986,,0.627,1.0,0.2774,1.0,1.0,0.3797,0.4865,0.0,1.0,0.0,0.0,1.0,0.7,0.3304,False,False,False,False,无明确战法态,677.77,-2.45,528.88,True,452645.2,,光伏概念/无线耳机/小米概念,
603987,,0.0,0.9879,0.7579,0.0,0.0,0.2464,0.2903,0.0,0.2067,0.0,0.0,0.5,0.0,0.4353,False,False,False,False,无明确战法态,7.38,3.07,7.67,False,3223.5,,专精特新,
603988,,0.0,0.9825,0.629,0.0,0.0,0.2666,0.1733,0.0,0.0,0.0,0.0,0.0,0.0,0.5517,False,False,False,False,无明确战法态,17.6,3.1,21.1,False,4139.5,电器行业,光伏,33.2
603989,,0.3436,1.0,0.282,1.0,1.0,0.7076,0.5135,0.6,1.0,0.0,0.0,1.0,0.7,0.2816,False,False,False,False,无明确战法态,48.03,0.84,35.03,True,19153.4,其它行业,华为概念/机器人概念/充电桩,37.8
603990,,0.0,1.0,0.6628,1.0,1.0,0.584,0.5685,0.3,1.0,0.0,0.0,0.0,0.7,0.3716,False,False,False,False,无明确战法态,21.69,1.59,19.54,True,6643.3,,WiFi 6,
603991,,0.0,1.0,0.5641,1.0,1.0,0.0759,0.5007,0.9,1.0,0.0,0.0,1.0,0.7,0.2798,False,False,False,False,无明确战法态,151.67,0.38,120.05,True,11304.7,,核电/机器视觉,
603992,,0.0,1.0,0.7929,0.2945,0.8397,0.6099,0.3629,0.3,0.6073,0.0,0.0,0.5,0.0,0.3765,False,False,False,False,无明确战法态,32.77,1.8,32.54,True,14518.5,,,
603993,,0.4236,1.0,0.7084,0.1897,0.0764,0.4108,0.412,0.3,0.4265,0.0,0.0,0.0,1.0,0.3693,False,False,False,False,无明确战法态,18.52,1.26,19.3,False,323374.8,,黄金概念/含H股/稀缺资源,
603995,,0.0,1.0,0.6581,1.0,1.0,0.6228,0.6139,0.9,1.0,0.0,0.0,0.5,0.7,0.2983,False,False,False,False,无明确战法态,23.74,-1.82,20.98,True,8679.8,,专精特新/特钢概念/小金属概念,
603997,,0.0,1.0,0.6828,0.2525,0.0,0.6608,0.1905,0.3,0.0803,0.0,0.0,0.0,0.7,0.4211,False,False,False,False,B1候B2,12.31,-0.73,13.25,False,15661.6,汽车制造,,40.0
603998,,0.0,0.8965,0.7799,0.0,0.0,0.0248,0.2684,0.0,0.2868,0.0,0.0,0.5,0.0,0.5016,False,False,False,False,无明确战法态,9.73,3.62,10.01,False,4272.3,生物制药,抗癌/工业大麻,47.0
603999,,0.0448,1.0,0.6738,0.0,0.0,0.732,0.1263,0.0,0.0,0.0,0.0,0.0,0.0,0.5897,False,False,False,False,无明确战法态,5.23,2.35,5.97,False,3012.5,,参股保险/NFT概念/农村电商,
605001,,0.0,0.9949,0.7386,0.0,0.0,0.4381,0.1461,0.0,0.0,0.0,0.0,0.0,0.0,0.5031,False,False,False,False,无明确战法态,5.78,3.03,6.43,False,2270.9,,大飞机/高压氧舱,
605003,,0.0,1.0,0.7457,0.0,0.0,0.6606,0.1369,0.3,0.0,0.0,0.0,0.0,0.0,0.4923,False,False,False,False,无明确战法态,22.06,1.38,24.9,False,2426.6,,,
605005,,0.0453,1.0,0.8648,0.0,0.0,0.7287,0.091,0.0,0.0,0.0,0.0,0.0,0.0,0.4395,False,False,False,False,无明确战法态,15.95,1.08,17.28,False,64.0,,,
605006,,1.0,0.3561,0.2611,1.0,1.0,0.5681,0.9995,1.0,1.0,1.0,0.0,0.5,0.7,0.5331,False,True,False,False,B1候B2,18.32,-6.86,18.08,True,10992.9,,风电/PCB概念,
605007,,0.0,1.0,0.5455,0.0801,0.632,0.119,0.499,0.0,1.0,0.0,0.0,1.0,0.0,0.3308,False,False,False,False,无明确战法态,14.89,2.55,13.86,True,5979.1,,,
605008,,0.0,0.9001,0.643,0.1632,0.5003,0.2962,0.2695,0.6,0.5092,0.0,0.0,1.0,0.0,0.4656,False,False,False,False,无明确战法态,11.8,3.6,11.64,True,7622.4,,,
605009,,0.0,1.0,0.7686,0.0,0.054,0.0382,0.4515,0.0,0.4176,0.0,0.0,0.5,0.0,0.3911,False,False,False,False,无明确战法态,25.46,1.6,25.3,True,5474.9,,,
605011,,0.0,0.601,0.5556,0.0,0.0,0.5389,0.2254,0.3,0.0,0.0,0.0,0.0,0.0,0.4322,False,False,False,False,无明确战法态,17.39,5.39,18.98,False,6957.7,,光伏/煤炭概念,
605016,,0.0,1.0,0.7438,0.4535,0.67,0.59,0.2831,0.3,0.6215,0.0,0.0,1.0,0.0,0.4436,False,False,False,False,无明确战法态,25.23,-2.06,25.31,False,10596.9,,专精特新/代糖概念,
605018,,0.0,0.8861,0.5228,0.9387,0.3341,0.3671,0.3006,0.3,0.9879,0.0,0.0,0.5,0.7,0.3387,False,False,False,False,B1候B2,14.92,3.68,14.06,True,7013.4,,飞行汽车(eVTOL)/共同富裕示范区/工业互联网,
605020,,0.0,0.2325,0.0,1.0,1.0,0.0,0.487,0.0,1.0,0.0,0.0,1.0,0.7,0.2898,False,False,False,False,无明确战法态,44.71,-7.6,34.64,True,22485.7,,氟化工概念/共同富裕示范区/环氧丙烷,
605028,,0.0,0.0,0.2942,0.0,0.0,0.0,0.2418,0.6,0.6002,0.0,0.0,0.5,0.0,0.5036,False,False,False,False,无明确战法态,24.0,9.99,23.63,True,38.4,,,
605033,,0.0,0.9286,0.68,0.0,0.0,0.3429,0.1826,0.0,0.0,0.0,0.0,0.0,0.0,0.5149,False,False,False,False,无明确战法态,18.1,3.43,19.76,False,2447.1,,,
605050,,0.0,0.8403,0.6806,0.0,0.0,0.3992,0.205,0.0,0.0,0.0,0.0,0.0,0.0,0.5934,False,False,False,False,无明确战法态,9.98,3.96,11.03,False,4918.4,,,
605055,,0.0,1.0,0.4375,0.3354,0.0,0.5183,0.1286,0.3,0.5307,0.0,0.0,0.0,0.7,0.374,False,False,False,False,无明确战法态,10.98,-1.44,11.32,False,4831.2,,,
605056,,0.0,0.9274,0.5919,0.0,0.0,0.6504,0.0964,0.0,0.0,0.0,0.0,0.0,0.0,0.6587,False,False,False,False,无明确战法态,16.56,3.44,20.07,False,66.8,,,
605058,,1.0,1.0,0.7249,0.6263,0.0,0.7084,0.2254,0.0,0.0,0.0,0.0,0.0,0.7,0.5602,False,False,False,False,无明确战法态,32.51,0.12,37.1,False,4646.5,,毫米波雷达/智能物流,
605060,,0.0,1.0,0.3443,0.2673,0.6592,0.521,0.2991,0.3,0.7339,0.0,0.0,1.0,0.0,0.3657,False,False,False,False,无明确战法态,52.64,2.31,52.95,False,12577.8,,,
605066,,0.0578,1.0,0.7893,0.0,0.0,0.7147,0.127,0.6,0.2232,0.0,0.0,0.5,0.0,0.4022,False,False,False,False,无明确战法态,6.95,-0.14,7.32,False,3491.9,,虚拟数字人,
605068,,0.0,0.0,0.3514,0.0,0.0,0.793,0.0833,0.0,0.0,0.0,0.0,0.0,0.0,0.6386,False,False,False,False,无明确战法态,19.11,10.02,21.8,False,3099.6,,,
605069,,0.0,0.6399,0.5427,0.6253,1.0,0.752,0.3687,0.3,1.0,0.0,0.0,1.0,0.0,0.339,False,False,False,False,无明确战法态,15.07,-5.16,13.39,True,3190.3,,雄安新区/旅游概念/物业管理,
605077,,0.1295,1.0,0.8317,0.0,0.0,0.9065,0.1152,0.0,0.0,0.0,0.0,0.0,0.0,0.726,False,False,False,False,无明确战法态,11.15,0.54,13.86,False,3338.6,,代糖概念/合成生物,
605080,,0.0,1.0,0.8054,0.0,0.0,0.7785,0.2325,0.3,0.0,0.0,0.0,0.0,0.0,0.4858,False,False,False,False,无明确战法态,20.37,0.79,22.53,False,2859.0,,共同富裕示范区/体育产业,
605086,,0.335,0.8708,0.4416,0.0,0.0,0.6434,0.1399,0.3,0.0,0.0,0.0,0.0,0.0,0.5956,False,False,False,False,无明确战法态,26.39,3.78,30.3,False,4729.1,,,
605088,,0.0,1.0,0.6705,0.0,0.0,0.5268,0.1429,0.0,0.2216,0.0,0.0,0.5,0.0,0.3716,False,False,False,False,无明确战法态,31.45,2.95,32.61,False,6281.0,,,
605089,,1.0,1.0,0.8388,0.0,0.0,0.6696,0.3466,0.3,0.0,0.0,0.0,0.5,0.0,0.365,False,False,False,False,无明确战法态,20.67,-0.05,23.03,False,2852.5,,,
605090,,0.0,1.0,0.7916,0.0,0.0,0.6962,0.4141,0.3,0.1106,0.0,0.0,1.0,0.0,0.3791,False,False,False,False,无明确战法态,36.1,-0.14,38.74,False,25433.4,,页岩气/俄乌冲突概念/航运概念,
605098,,0.0583,1.0,0.7441,0.4188,0.1336,0.6658,0.2783,0.3,0.6283,0.0,0.0,0.5,0.0,0.3646,False,False,False,False,无明确战法态,55.38,2.2,55.82,False,6604.1,,,
605099,,0.0,1.0,0.6147,0.0,0.0,0.6178,0.3167,0.0,0.0,0.0,0.0,0.0,0.0,0.4966,False,False,False,False,无明确战法态,32.52,-2.11,37.77,False,13055.2,,,
605100,,0.2875,1.0,0.7617,0.0271,0.2576,0.6246,0.3781,0.3,0.2875,0.0,0.0,1.0,0.0,0.3963,False,False,False,False,无明确战法态,39.17,-2.07,41.11,False,6656.2,,农机,
605108,,0.0,1.0,0.7895,0.0,0.0,0.6645,0.2049,0.0,0.0,0.0,0.0,0.0,0.0,0.5882,False,False,False,False,无明确战法态,11.94,1.88,13.78,False,3104.4,,,
605111,,0.5411,0.9783,0.6466,1.0,1.0,0.6435,0.4262,0.0,1.0,0.0,0.0,1.0,0.7,0.3063,False,False,False,False,无明确战法态,80.77,-3.13,64.67,True,33546.4,,光伏概念/汽车电子/机器人概念,
605116,,0.0,0.9637,0.8218,0.0,0.1169,0.2165,0.3477,0.3,0.2873,0.0,0.0,1.0,0.0,0.2594,False,False,False,False,无明确战法态,20.85,3.22,21.38,False,8468.9,,创新药/仿制药一致性评价/肝炎概念,
605117,,0.7278,1.0,0.7049,0.0,0.0,0.687,0.1947,0.3,0.0,0.0,0.0,0.0,0.0,0.4466,False,False,False,False,无明确战法态,96.44,1.88,112.51,False,877.0,,光伏/共同富裕示范区/同花顺出海50,
605118,,0.0,0.9673,0.7051,0.0,0.0,0.3329,0.3273,0.3,0.4431,0.0,0.0,1.0,0.0,0.3652,False,False,False,False,无明确战法态,36.16,3.2,37.12,False,14784.7,,专精特新/安防/福建自贸区,
605122,,0.1186,1.0,0.7853,0.0,0.0,0.4722,0.1567,0.0,0.0,0.0,0.0,0.0,0.0,0.4643,False,False,False,False,无明确战法态,11.17,2.76,12.43,False,1925.2,,水泥概念,
605123,,0.0,0.3145,0.4317,0.1543,0.0,0.4304,0.2066,0.3,0.6991,0.0,0.0,0.5,0.0,0.4823,False,False,False,False,无明确战法态,102.4,7.11,102.04,True,12407.9,,专精特新/卫星导航/海工装备,
605128,,0.5547,0.9174,0.6022,0.0,0.0,0.5402,0.4302,0.0,0.0,0.0,1.0,0.5,0.0,0.4516,False,False,False,False,无明确战法态,24.28,3.5,28.64,False,5126.4,,高铁,
605133,,0.0,1.0,0.6761,0.774,1.0,0.3926,0.2139,0.0,1.0,0.0,0.0,1.0,0.7,0.2886,False,False,False,False,无明确战法态,38.86,0.41,35.36,True,10963.1,,传感器/工业母机/人形机器人,
605136,,0.0,1.0,0.8262,0.0,0.0,0.5717,0.1245,0.3,0.0,0.0,0.0,0.0,0.0,0.6405,False,False,False,False,无明确战法态,7.45,2.19,8.91,False,2983.4,,,
605138,,0.0,1.0,0.7603,0.0,0.0,0.6063,0.1789,0.0,0.0,0.0,0.0,0.0,0.0,0.4638,False,False,False,False,无明确战法态,5.99,2.57,6.54,False,3327.9,,农业种植,
605151,,0.1126,0.8251,0.568,0.1368,0.0,0.4177,0.1448,0.0,0.3522,0.0,0.0,0.0,0.0,0.3677,False,False,False,False,无明确战法态,19.27,4.05,19.94,False,2592.9,,,
605155,,0.0,0.9411,0.7053,0.0,0.0,0.4771,0.3497,0.9,0.011,0.0,0.0,0.0,0.0,0.5302,False,False,False,False,无明确战法态,13.56,3.35,14.64,False,2533.4,,,
605158,,0.0,1.0,0.7694,0.0,0.0,0.8241,0.3901,0.0,0.1874,0.0,0.0,0.5,0.0,0.3935,False,False,False,False,无明确战法态,6.77,1.8,7.05,False,3462.3,,,
605162,,0.0,1.0,0.6339,0.0,0.0,0.8172,0.1404,0.3,0.0,0.0,0.0,0.0,0.0,0.5978,False,False,False,False,无明确战法态,8.0,2.17,9.77,False,3304.0,,,
605166,,0.5178,1.0,0.3813,0.1021,0.0,0.3263,0.2033,0.3,0.0,0.0,0.0,0.0,0.0,0.3163,False,False,False,False,无明确战法态,9.41,-1.88,10.36,False,2961.6,,,
605167,,0.0,1.0,0.68,0.0722,1.0,0.5836,0.4823,0.3,1.0,0.0,0.0,1.0,0.0,0.2692,False,False,False,False,无明确战法态,17.6,0.57,16.17,True,7904.1,,氢能源/海工装备/固废处理,
605168,,0.6796,1.0,0.4563,1.0,0.8882,0.5582,0.2475,0.6,1.0,1.0,0.0,0.5,0.7,0.3837,True,False,False,False,B2确认,51.19,-1.77,49.4,True,10791.7,,参股券商/抖音概念(字节概念)/多模态AI,
605169,,0.0,0.9184,0.6656,0.0,0.0,0.668,0.0648,0.0,0.0,0.0,0.0,0.0,0.0,0.5711,False,False,False,False,无明确战法态,9.49,3.49,10.95,False,2684.5,,,
605177,,0.0,1.0,0.6976,0.0,0.0,0.8002,0.1596,0.6,0.0,0.0,0.0,0.5,0.0,0.3199,False,False,False,False,无明确战法态,17.86,0.0,19.77,False,2029.8,,阿尔茨海默概念,
605178,,0.0,0.3451,0.0173,1.0,1.0,0.0,1.0,0.3,1.0,0.0,0.0,1.0,0.0,0.2699,False,False,False,False,无明确战法态,120.06,6.93,75.5,True,11895.5,,智慧灯杆,
605179,,0.0,1.0,0.7967,0.0,0.0,0.4874,0.3295,0.6,0.0,0.0,0.0,0.0,0.0,0.4284,False,False,False,False,无明确战法态,13.37,1.91,15.02,False,5361.4,,,
605180,,0.4959,1.0,0.83,0.0,0.0,0.7747,0.1396,0.0,0.0,0.0,0.0,0.0,0.0,0.3977,False,False,False,False,无明确战法态,12.35,1.56,13.91,False,2087.2,,碳纤维,
605183,,0.5616,1.0,0.8332,0.0,0.0,0.5026,0.2696,0.9,0.0,0.0,0.0,0.5,0.0,0.3648,False,False,False,False,无明确战法态,14.99,-1.32,16.46,False,6182.3,,专精特新,
605186,,0.3128,0.0984,0.2351,1.0,1.0,0.6997,0.6224,0.6,1.0,0.0,0.0,0.5,0.7,0.3624,False,False,True,False,B1候B2,33.26,8.41,28.4,True,4523.4,,AI语料,
605188,,0.0,1.0,0.7868,0.0,0.0,0.7612,0.2681,0.6,0.0,0.0,0.0,0.0,0.0,0.4872,False,False,False,False,无明确战法态,12.09,1.77,14.14,False,6073.5,,,
605189,,0.0,0.0,0.0176,0.0,0.0,0.0,0.2484,0.3,1.0,0.0,0.0,0.5,0.0,0.5,False,False,False,False,无明确战法态,16.05,10.01,14.61,True,3114.9,,PEEK材料/染料,
605196,,0.5477,1.0,0.5992,0.0,0.0,0.5332,0.1058,0.6,0.0,0.0,0.0,0.0,0.0,0.5904,False,False,False,False,无明确战法态,26.5,2.79,36.23,False,13381.5,,,
605198,,0.305,1.0,0.6093,1.0,1.0,0.7051,0.2818,0.0,1.0,1.0,0.0,0.0,0.7,0.3205,False,False,False,False,B1候B2,66.2,-0.02,60.03,True,179.1,,乡村振兴,
605199,,0.0,0.655,0.6387,0.0,0.0,0.1128,0.1528,0.0,0.0663,0.0,0.0,0.0,0.0,0.5004,False,False,False,False,无明确战法态,6.01,5.07,6.28,False,2404.7,,专精特新/海南自贸区,
605208,,0.0,1.0,0.6843,0.815,1.0,0.1227,0.7546,0.0,1.0,0.0,0.0,1.0,0.7,0.4186,False,False,False,False,B1候B2,16.87,2.43,15.08,True,5566.1,,减速器/汽车热管理,
605218,,0.0592,1.0,0.7824,0.1742,0.0,0.8139,0.4122,0.3,0.0,0.0,0.0,0.0,1.0,0.4754,False,False,False,False,无明确战法态,16.08,-0.99,17.5,False,3422.4,,元宇宙,
605222,,0.0,0.6674,0.431,0.0,0.0,0.0752,0.159,0.0,0.3769,0.0,0.0,0.5,0.0,0.3986,False,False,False,False,无明确战法态,25.22,5.0,26.51,False,10413.4,,柔性直流输电,
605228,,0.0,1.0,0.7004,0.2253,0.8038,0.0008,0.5246,0.3,0.9014,0.0,0.0,1.0,0.0,0.4005,False,False,False,False,无明确战法态,14.46,1.54,13.64,True,6899.4,,,
605255,,0.0,0.0,0.3908,0.0,0.0,0.4047,0.1876,0.0,0.0,0.0,0.0,0.0,0.0,0.7109,False,False,False,False,无明确战法态,74.27,10.0,90.22,False,9958.1,,,
605258,,1.0,1.0,0.7571,0.3313,0.0,0.6961,0.3218,0.0,0.0,0.0,0.0,0.0,0.0,0.5365,False,False,False,False,无明确战法态,30.38,-2.91,35.19,False,2673.4,,毫米波雷达,
605259,,0.0,1.0,0.7143,0.0,0.0,0.4571,0.306,0.3,0.2013,0.0,0.0,0.0,0.0,0.4302,False,False,False,False,无明确战法态,18.5,2.95,19.15,False,3190.9,,鸿蒙概念/水利,
605266,,0.0,0.8627,0.7019,0.0,0.0,0.2541,0.2523,0.0,0.0,0.0,0.0,0.0,0.0,0.545,False,False,False,False,无明确战法态,16.02,3.82,17.37,False,2475.8,,家庭医生,
605268,,0.0,1.0,0.8126,0.0,0.0,0.8119,0.1581,0.0,0.0,0.0,0.0,0.0,0.0,0.5747,False,False,False,False,无明确战法态,9.44,2.05,10.52,False,41.6,,,
605277,,0.8592,1.0,0.8347,0.0,0.0,0.5863,0.1591,0.9,0.0,0.0,0.0,0.0,1.0,0.4625,False,False,False,False,无明确战法态,17.38,-2.08,21.33,False,55.3,,F5G概念/铜缆高速连接,
605286,,0.0,1.0,0.581,0.0,0.0,0.0,0.0253,0.0,0.0,0.0,0.0,0.0,0.0,0.4757,False,False,False,False,无明确战法态,27.19,-2.89,33.54,False,45.7,,,
605287,,0.0,1.0,0.7085,0.0597,0.0,0.682,0.2796,0.0,0.7301,0.0,0.0,0.5,0.0,0.4259,False,False,False,False,无明确战法态,44.19,1.7,44.62,False,6186.6,,短剧游戏/AI视频,
605288,,0.0,0.4224,0.3609,0.0,0.5285,0.2071,0.7852,0.3,1.0,0.0,0.0,1.0,1.0,0.228,False,False,False,False,无明确战法态,95.18,6.47,88.94,True,6681.5,,光伏概念/智能家居/创投,
605289,,0.4678,0.5839,0.6828,1.0,1.0,0.4258,0.5892,0.0,1.0,0.0,0.0,1.0,0.0,0.3606,False,False,False,False,无明确战法态,135.66,-5.5,126.62,True,205.8,,换电概念/元宇宙/智慧灯杆,
605296,,0.0,1.0,0.8059,0.2372,1.0,0.5286,0.3434,0.3,0.9352,0.0,0.0,1.0,0.0,0.2859,False,False,False,False,无明确战法态,29.1,-0.34,27.5,True,15073.3,,乡村振兴/预制菜,
605298,,0.7043,1.0,0.6721,0.6725,0.0,0.7597,0.1605,0.3,0.4357,0.0,0.0,0.0,0.0,0.389,False,False,False,False,无明确战法态,50.94,0.22,53.32,False,94.9,,专精特新,
605299,,0.0845,1.0,0.5977,0.0,0.0,0.6689,0.181,0.0,0.0,0.0,0.0,0.0,0.0,0.5562,False,False,False,False,无明确战法态,13.56,-0.22,16.04,False,5549.1,,冰雪产业,
605300,,0.4284,1.0,0.8054,0.0,0.0,0.1902,0.0835,0.3,0.0,0.0,0.0,1.0,0.0,0.2867,False,False,False,False,无明确战法态,9.03,-2.38,9.89,False,41.0,,代糖概念/预制菜,
605303,,1.0,1.0,0.7516,0.9499,0.0,0.8213,0.2946,0.9,0.0,0.0,0.0,0.0,0.7,0.3861,False,False,False,False,B1候B2,21.88,0.64,25.42,False,3527.9,,雄安新区/共同富裕示范区/旅游概念,
605305,,0.0,0.0,0.5263,0.2986,1.0,0.0,0.2947,0.9,1.0,0.0,0.0,1.0,0.0,0.5144,False,False,False,False,无明确战法态,45.98,10.0,41.4,True,9771.7,,专精特新,
605318,,1.0,0.9874,0.6092,1.0,1.0,0.72,0.2173,0.9,0.6695,0.0,0.0,0.0,0.7,0.4866,False,False,False,False,B1候B2,104.0,-3.08,106.77,False,130.8,,,
605319,,0.5366,1.0,0.757,0.2066,0.0,0.7397,0.2179,0.3,0.0,0.0,1.0,0.0,0.0,0.3936,False,False,False,False,无明确战法态,22.68,2.07,25.04,False,7896.1,,,
605333,,0.0,0.5946,0.5366,0.0,0.0,0.0,0.1021,0.0,0.0,0.0,0.0,0.0,0.0,0.6273,False,False,False,False,无明确战法态,18.05,5.43,20.85,False,8375.9,,,
605336,,1.0,0.6927,0.7812,0.155,0.0,0.0,0.0608,0.3,0.0,0.0,0.0,0.0,0.0,0.3994,False,False,False,False,无明确战法态,12.18,-4.84,15.4,False,2234.0,,,
605337,,0.0,1.0,0.772,0.0,0.0,0.445,0.2392,0.3,0.0,0.0,0.0,0.0,0.0,0.4707,False,False,False,False,无明确战法态,8.7,2.59,9.65,False,3393.9,,,
605338,,0.0,1.0,0.8443,0.0,0.0,0.7981,0.2957,0.3,0.0,0.0,0.0,0.5,0.0,0.4467,False,False,False,False,无明确战法态,18.12,0.78,20.68,False,43.4,,预制菜,
605339,,0.0,1.0,0.8204,0.0,0.0,0.6267,0.0423,0.0,0.0,0.0,0.0,0.0,0.0,0.5118,False,False,False,False,无明确战法态,12.3,0.41,14.26,False,5218.8,,,
605358,,0.5404,0.0,0.5426,1.0,1.0,0.4473,0.6093,0.3,1.0,1.0,0.0,1.0,0.7,0.5159,False,False,False,False,无明确战法态,64.67,-10.01,60.05,True,43418.0,,卫星导航/充电桩/第三代半导体,
605365,,0.0,1.0,0.7829,0.0,0.0,0.7684,0.0317,0.0,0.0,0.0,0.0,0.0,0.0,0.5733,False,False,False,False,无明确战法态,14.77,2.36,18.05,False,7414.7,,,
605366,,0.0,0.5763,0.5197,0.8347,1.0,0.2784,0.1903,0.6,1.0,0.0,0.0,1.0,0.0,0.3172,False,False,False,False,无明确战法态,11.93,-5.54,11.51,True,9258.6,,硅能源/有机硅概念,
605368,,0.0,1.0,0.8299,0.0,0.0,0.5931,0.3094,0.3,0.0,0.0,0.0,0.0,0.0,0.4764,False,False,False,False,无明确战法态,6.39,1.91,7.1,False,4566.5,,,
605369,,0.0,1.0,0.687,0.2376,0.7711,0.4816,0.3694,0.3,0.8173,0.0,0.0,1.0,0.0,0.3668,False,False,False,False,无明确战法态,18.6,0.38,17.91,True,4101.2,,,
605376,,0.5127,0.9576,0.2757,1.0,1.0,0.6129,0.4606,0.3,1.0,0.0,0.0,1.0,0.7,0.368,False,False,False,False,无明确战法态,238.1,-3.25,186.69,True,62287.0,,专精特新/硅能源/金属镍,
605377,,0.0,1.0,0.779,0.307,0.7832,0.4034,0.1975,0.3,0.4935,0.0,0.0,1.0,0.0,0.367,False,False,False,False,无明确战法态,8.82,-2.54,8.95,False,4909.8,,,
605378,,0.7225,1.0,0.8481,0.0,0.0,0.6902,0.3166,0.6,0.0,0.0,0.0,0.0,0.0,0.463,False,False,False,False,无明确战法态,14.29,1.78,17.19,False,37.3,,共同富裕示范区/工业互联网,
605388,,0.0177,1.0,0.7845,0.0,0.0,0.586,0.1287,0.0,0.0,0.0,0.0,0.0,0.0,0.5699,False,False,False,False,无明确战法态,5.06,2.22,5.85,False,3038.4,,白酒概念,
605389,,0.0,1.0,0.5581,0.6747,1.0,0.6223,0.4118,0.0,1.0,0.0,0.0,1.0,0.0,0.3464,False,False,False,False,无明确战法态,99.52,2.6,91.22,True,13561.3,,专精特新/减速器,
605398,,0.0,0.9583,0.4,0.0,0.0,0.51,0.1824,0.3,0.0,0.0,0.0,0.0,0.0,0.5275,False,False,False,False,无明确战法态,20.65,3.25,23.9,False,3360.1,,短剧游戏/互联网金融/蚂蚁集团概念,
605399,,0.0,0.4438,0.545,0.2509,0.5565,0.5048,0.3349,0.0,0.2557,0.0,0.0,1.0,0.0,0.4071,False,False,False,False,无明确战法态,13.45,-6.34,14.17,False,4190.0,,专精特新/硅能源/有机硅概念,
605488,,0.0,1.0,0.3201,0.0,0.0,0.0,0.5062,0.3,0.7557,0.0,0.0,0.5,1.0,0.3431,False,False,False,False,无明确战法态,34.88,1.63,33.85,True,9634.1,,,
605499,,0.0,1.0,0.5755,0.0,0.0,0.3806,0.2596,0.3,0.0,0.0,0.0,0.5,0.0,0.4006,False,False,False,False,无明确战法态,126.35,1.83,138.47,False,854.1,,,
605500,,0.0,0.9775,0.7179,0.0,0.0,0.7454,0.1091,0.0,0.0,0.0,0.0,0.0,0.0,0.6506,False,False,False,False,无明确战法态,6.58,3.13,7.75,False,2726.8,,,
605507,,0.0,1.0,0.8214,0.0,0.0,0.6804,0.3506,0.6,0.0,0.0,0.0,0.5,0.0,0.5084,False,False,False,False,无明确战法态,15.76,0.51,18.75,False,8807.1,,,
605555,,0.0,0.3698,0.3349,0.0,0.0,0.3652,0.2032,0.3,0.0,0.0,0.0,0.5,1.0,0.4127,False,False,False,False,无明确战法态,13.7,6.78,14.94,False,66.3,,,
605566,,1.0,0.092,0.3314,1.0,0.0,0.5237,0.4049,0.6,0.0,0.0,0.0,0.0,0.7,0.6399,False,False,False,False,B1候B2,31.86,-8.45,39.06,False,4248.2,,光伏概念/POE胶膜/染料,
605567,,0.0,1.0,0.7756,0.0,0.0,0.5001,0.1531,0.0,0.0,0.0,0.0,0.0,0.0,0.4708,False,False,False,False,无明确战法态,8.54,2.64,9.5,False,1708.0,,人造肉/中韩自贸区,
605577,,0.0,1.0,0.7812,0.0,0.0,0.479,0.2363,0.0,0.0,0.0,0.0,0.0,0.0,0.4117,False,False,False,False,无明确战法态,9.19,0.55,10.51,False,4084.4,,黑龙江自贸区,
605580,,0.6092,0.0,0.4585,1.0,1.0,0.4908,0.5212,0.3,0.863,1.0,0.0,0.5,1.0,0.5457,False,False,False,False,无明确战法态,26.37,-10.0,25.68,True,7383.6,,,
605588,,0.6428,0.3005,0.597,0.858,1.0,0.4308,0.3533,0.3,0.8824,1.0,0.0,1.0,0.7,0.4081,False,False,False,False,无明确战法态,61.25,-7.2,59.86,True,4477.3,,,
605589,,1.0,1.0,0.5594,1.0,1.0,0.6526,0.3733,0.0,1.0,1.0,0.0,0.5,0.7,0.4682,True,False,False,False,B1候B2,55.7,-2.88,53.53,True,46988.5,,丙烯酸/超级电容/代糖概念,
605598,,0.0,0.4424,0.2966,0.0,0.0,0.0,0.3095,0.6,0.2745,0.0,0.0,1.0,0.0,0.4466,False,False,False,False,无明确战法态,41.73,6.35,43.81,False,10141.1,,,
605599,,0.0,0.8333,0.7754,0.0,0.0,0.441,0.2883,0.0,0.0,0.0,0.0,0.0,0.0,0.6924,False,False,False,False,无明确战法态,14.82,4.0,16.78,False,11526.7,,,
688001,,1.0,1.0,0.4025,1.0,1.0,0.7606,0.2128,0.0,1.0,1.0,0.0,0.5,0.7,0.4318,True,False,False,False,B1候B2,72.58,-0.98,66.63,True,33183.0,,科创50/无线耳机/智能穿戴,
688002,,0.0,1.0,0.5249,1.0,1.0,0.3602,0.3177,0.0,1.0,0.0,0.0,1.0,0.7,0.368,False,False,False,False,无明确战法态,151.87,-0.07,134.98,True,70731.3,,科创50/卫星导航/汽车电子,
688003,,0.6239,0.7617,0.549,1.0,1.0,0.6475,0.4947,0.3,1.0,1.0,0.0,1.0,0.7,0.376,False,False,False,False,无明确战法态,110.9,-4.43,101.49,True,21550.1,,专精特新/光伏/科创50,
688004,,0.1868,1.0,0.6465,0.0,0.0,0.4746,0.2986,0.3,0.0,0.0,0.0,0.0,0.0,0.4515,False,False,False,False,无明确战法态,18.77,0.54,20.94,False,1503.3,,文化传媒概念,
688005,,0.8793,0.97,0.7488,0.3464,0.0,0.6861,0.2001,0.6,0.0,0.0,0.0,0.0,0.0,0.6247,False,False,False,False,无明确战法态,28.01,-3.18,32.23,False,20016.5,,钠电池/固态电池/科创50,
688006,,1.0,0.4577,0.5485,0.9689,0.4083,0.769,0.1903,0.3,0.0021,0.0,0.0,0.5,0.7,0.6746,False,False,False,False,无明确战法态,30.73,-6.25,34.31,False,18550.8,,科创50,
688007,,0.0,1.0,0.8129,0.0,0.0,0.7755,0.2613,0.0,0.0,0.0,0.0,0.0,0.0,0.3919,False,False,False,False,无明确战法态,12.96,1.01,13.96,False,5956.6,,科创50,
688008,,0.6371,1.0,0.38,1.0,1.0,0.5435,0.4361,0.0,1.0,1.0,0.0,1.0,0.7,0.3344,False,False,False,False,无明确战法态,266.8,-0.87,237.94,True,305866.6,,科创50/存储芯片/人工智能,
688009,,0.0,1.0,0.878,0.2168,0.3126,0.715,0.4774,0.3,0.3212,0.0,0.0,0.0,0.0,0.3203,False,False,False,False,无明确战法态,4.92,0.0,5.06,False,42415.4,,科创50,
688010,,0.3741,0.4645,0.5829,1.0,1.0,0.7012,0.3317,0.3,1.0,1.0,0.0,1.0,0.7,0.3699,False,False,False,False,无明确战法态,43.02,-6.21,40.48,True,6907.4,,专精特新/科创50/华为概念,
688011,,0.0,0.0258,0.2901,0.2913,1.0,0.0,0.4185,0.3,1.0,0.0,1.0,1.0,0.0,0.3847,False,False,False,False,无明确战法态,70.02,8.85,63.53,True,6978.4,,专精特新/科创50/黑龙江自贸区,
688012,,0.2421,1.0,0.402,0.9213,1.0,0.3798,0.6139,0.0,1.0,0.0,0.0,1.0,0.0,0.2699,False,False,False,False,无明确战法态,413.69,1.17,367.53,True,259349.6,,科创50/存储芯片/国家大基金持股,
688013,,0.0,1.0,0.7676,0.0,0.0,0.4168,0.2899,0.0,0.0,0.0,0.0,0.0,0.0,0.579,False,False,False,False,无明确战法态,26.68,2.18,30.48,False,2165.2,,,
688015,,0.0,0.8006,0.6256,0.0,0.0,0.1523,0.1907,0.0,0.0,0.0,0.0,0.0,0.0,0.5864,False,False,False,False,无明确战法态,16.14,4.2,18.51,False,30.5,,科创50,
688016,,0.0,0.9088,0.7665,0.0509,0.0,0.3916,0.2001,0.6,0.4181,0.0,0.0,0.5,0.0,0.3914,False,False,False,False,无明确战法态,93.7,3.55,95.3,False,11549.7,,科创50,
688017,,0.0,0.0,0.0,1.0,1.0,0.0677,0.4279,0.0,1.0,0.0,0.0,1.0,0.7,0.3526,False,False,False,False,无明确战法态,488.0,18.15,335.38,True,89465.1,,专精特新/减速器,
688018,,0.0,1.0,0.6721,0.0,0.0,0.365,0.1879,0.3,0.0,0.0,0.0,1.0,0.0,0.5532,False,False,False,False,无明确战法态,120.11,-2.34,142.0,False,201.1,,科创50/抖音概念(字节概念)/上海自贸区,
688019,,0.1014,0.555,0.4541,0.6287,1.0,0.2645,0.3792,0.0,1.0,0.0,0.0,1.0,0.0,0.3098,False,False,False,False,无明确战法态,284.31,-5.67,270.72,True,49752.7,,专精特新/科创50/第三代半导体,
688020,,0.1341,0.3114,0.0,1.0,1.0,0.5543,0.5924,0.0,1.0,0.0,0.0,1.0,0.7,0.2543,False,False,False,False,无明确战法态,245.61,7.13,180.48,True,20235.6,,专精特新/科创50,
688021,,0.0,0.8166,0.5626,0.0,0.0,0.167,0.2103,0.0,0.2026,0.0,0.0,0.0,0.0,0.4972,False,False,False,False,无明确战法态,21.58,4.1,22.96,False,1649.0,,专精特新,
688022,,0.0,1.0,0.799,0.0,0.0,0.7312,0.2104,0.3,0.0,0.0,0.0,0.5,0.0,0.6539,False,False,False,False,无明确战法态,8.49,2.41,10.29,False,1493.2,,专精特新/科创50,
688023,,0.0,1.0,0.8334,0.0,0.0,0.7644,0.172,0.0,0.0,0.0,0.0,0.0,0.0,0.5503,False,False,False,False,无明确战法态,36.25,-0.47,41.92,False,3689.7,,科创50/华为昇腾,
688025,,1.0,1.0,0.4003,1.0,1.0,0.547,0.2895,0.3,1.0,1.0,0.0,0.5,0.7,0.4241,True,False,False,False,B1候B2,395.0,2.1,380.28,True,37544.5,,专精特新/TOPCON电池,
688026,,0.5167,1.0,0.6966,0.3465,1.0,0.5106,0.5279,0.6,0.5041,0.0,0.0,0.5,0.0,0.335,False,False,False,False,无明确战法态,15.39,1.52,15.44,False,2159.5,,专精特新,
688027,,1.0,1.0,0.814,0.0,0.0,0.6952,0.0737,0.3,0.0,0.0,0.0,0.0,0.0,0.5123,False,False,False,False,无明确战法态,448.2,-0.28,541.12,False,36023.8,,专精特新,
688028,,0.0,1.0,0.4511,1.0,1.0,0.4867,0.4336,0.3,1.0,0.0,0.0,1.0,0.7,0.2595,False,False,False,False,无明确战法态,141.5,-2.75,119.52,True,21359.3,,科创50/工业母机/核电,
688029,,0.0,0.9194,0.7117,0.1576,0.0687,0.3185,0.3374,0.3,0.5372,0.0,0.0,1.0,0.0,0.4272,False,False,False,False,无明确战法态,75.15,3.48,75.03,True,14116.7,,科创50,
688030,,0.0,1.0,0.7832,0.338,0.0825,0.731,0.3363,0.0,0.3844,0.0,0.0,0.0,0.7,0.3585,False,False,False,False,无明确战法态,16.16,-0.86,16.52,False,2912.6,,科创50/阿里巴巴概念/工业互联网,
688031,,0.6866,0.878,0.6482,0.0,0.0,0.853,0.3077,0.0,0.0,0.0,0.0,0.0,0.0,0.5028,False,False,False,False,无明确战法态,106.53,-3.73,132.66,False,12904.6,,AI PC/华为昇腾/数字水印,
688032,,0.0,1.0,0.8314,0.0,0.0,0.8225,0.1967,0.0,0.0,0.0,0.0,0.0,0.0,0.5506,False,False,False,False,无明确战法态,82.99,0.45,95.55,False,10296.9,,专精特新,
688033,,0.0,0.1698,0.2071,0.0,0.0,0.5209,0.1785,0.3,0.2021,0.0,0.0,0.0,0.0,0.5517,False,False,False,False,无明确战法态,6.9,7.98,7.27,False,3879.2,,科创50/成飞概念,
688035,,0.5391,0.7331,0.4312,1.0,1.0,0.6044,0.2798,0.0,1.0,1.0,0.0,0.5,0.7,0.409,False,False,False,False,无明确战法态,88.11,-4.6,83.28,True,12532.8,,专精特新/光伏概念/无线耳机,
688036,,0.0,0.4379,0.3375,0.3638,0.5328,0.1469,0.4695,0.0,0.8526,0.0,1.0,1.0,0.7,0.4477,False,False,False,False,无明确战法态,60.26,6.37,57.11,True,693.7,,科创50/AI手机/国产操作系统,
688037,,0.0721,1.0,0.4304,1.0,1.0,0.4935,0.3472,0.0,1.0,0.0,0.0,1.0,0.7,0.2924,False,False,False,False,无明确战法态,355.12,-1.36,275.61,True,716.0,,光刻胶/中芯国际概念,
688038,,0.4946,0.8601,0.4761,0.0197,0.0,0.4406,0.3959,0.6,0.0,0.0,0.0,0.0,0.0,0.495,False,False,False,False,无明确战法态,17.31,3.84,19.71,False,2014.4,,安防/多模态AI/ERP概念,
688039,,0.4798,1.0,0.7612,0.0,0.0,0.7738,0.243,0.0,0.0,0.0,0.0,0.0,1.0,0.4477,False,False,False,False,无明确战法态,36.3,0.0,42.61,False,4014.8,,AI语料/AI视频,
688041,,0.6694,1.0,0.5788,1.0,1.0,0.7092,0.3363,0.0,1.0,1.0,0.0,1.0,0.7,0.3566,True,False,False,False,B1候B2,325.4,0.96,304.15,True,756339.6,,百度概念/阿里巴巴概念/东数西算(算力),
688045,,0.8912,1.0,0.6689,1.0,1.0,0.6821,0.3608,0.0,1.0,1.0,0.0,0.5,0.7,0.4356,True,False,False,False,B1候B2,73.5,-2.65,68.25,True,5187.4,,专精特新,
688046,,0.0,1.0,0.4011,1.0,1.0,0.0,0.47,0.0,1.0,0.0,0.0,1.0,0.7,0.3025,False,False,False,False,无明确战法态,23.22,-1.61,19.9,True,9520.2,,,
688047,,0.8945,0.5242,0.5847,0.3215,0.3216,0.5002,0.3123,0.0,0.0703,0.0,0.0,1.0,0.0,0.525,False,False,False,False,无明确战法态,136.03,-5.86,148.08,False,54548.0,,鸿蒙概念/百度概念/国产操作系统,
688048,,0.4095,0.7852,0.3764,1.0,1.0,0.6627,0.4951,0.0,1.0,0.0,0.0,1.0,0.7,0.2814,False,False,False,False,无明确战法态,410.6,-4.29,362.13,True,72380.5,,,
688049,,0.0,1.0,0.765,0.1533,0.3895,0.5801,0.1912,0.3,0.2285,0.0,0.0,1.0,1.0,0.4454,False,False,False,False,无明确战法态,44.33,-1.71,46.4,False,7765.2,,无线耳机/独角兽概念/语音技术,
688050,,0.0,1.0,0.6575,0.0,0.0,0.2413,0.28,0.3,0.0,0.0,0.0,0.5,0.0,0.368,False,False,False,False,无明确战法态,39.94,0.58,43.82,False,7724.5,,,
688051,,0.2554,0.8137,0.6792,0.0,0.0,0.8526,0.1094,0.0,0.0,0.0,0.0,0.0,0.0,0.6031,False,False,False,False,无明确战法态,24.02,4.12,30.6,False,1857.6,,PM2.5,
688052,,0.9523,1.0,0.4773,1.0,1.0,0.5583,0.2481,0.0,1.0,1.0,0.0,0.5,0.7,0.4037,True,False,False,False,B1候B2,257.0,-1.31,239.15,True,36629.8,,,
688053,,0.0,0.4315,0.4626,0.1354,0.602,0.3548,0.2251,0.3,0.9651,0.0,0.0,1.0,0.0,0.495,False,False,False,False,无明确战法态,40.0,6.41,38.15,True,4000.0,,ST板块,
688055,,0.4439,0.5072,0.5187,1.0,1.0,0.6233,0.3477,0.3,1.0,1.0,0.0,1.0,0.7,0.3236,False,False,False,False,无明确战法态,5.21,-5.96,4.95,True,17366.7,,融资融券/电子纸/消费电子概念,
688056,,1.0,0.9006,0.5263,1.0,1.0,0.432,0.9236,0.3,1.0,1.0,0.0,0.5,1.0,0.4769,False,False,False,False,无明确战法态,54.95,-3.6,51.81,True,3706.5,,,
688057,,0.0,1.0,0.631,0.8458,1.0,0.5036,0.4492,0.3,1.0,0.0,0.0,1.0,0.7,0.34,False,False,False,False,无明确战法态,16.36,-1.56,13.88,True,4515.4,,,
688058,,0.2573,1.0,0.785,0.0,0.0,0.5206,0.1288,0.0,0.0,0.0,0.0,0.0,0.0,0.5489,False,False,False,False,无明确战法态,21.32,1.09,25.14,False,1616.8,,科创50,
688059,,0.171,0.238,0.5035,1.0,1.0,0.3652,0.5233,0.3,1.0,0.0,0.0,0.5,0.7,0.3433,False,False,False,False,B2确认,201.28,-7.57,169.59,True,18835.5,,,
688060,,0.0,1.0,0.8014,0.0,0.0,0.5344,0.0954,0.0,0.0,0.0,0.0,0.0,0.0,0.5148,False,False,False,False,无明确战法态,34.07,2.53,39.13,False,2050.7,,,
688061,,0.1702,1.0,0.5458,1.0,1.0,0.371,0.3762,0.6,1.0,0.0,0.0,1.0,0.7,0.3697,False,False,False,False,无明确战法态,49.01,-0.63,42.12,True,5630.7,,,
688062,,0.0,0.6934,0.5422,0.0,0.3827,0.1091,0.2626,0.3,0.6475,0.0,0.0,1.0,0.0,0.45,False,False,False,False,无明确战法态,32.06,4.84,30.85,True,6545.7,,重组蛋白/创新药,
688063,,0.8434,0.9662,0.6604,0.0,0.0,0.7691,0.1028,0.0,0.0,0.0,0.0,0.0,0.0,0.6287,False,False,False,False,无明确战法态,50.17,-3.2,62.45,False,12309.7,,两轮车,
688065,,0.0,1.0,0.7933,0.4765,1.0,0.688,0.5646,0.6,0.8087,0.0,0.0,0.5,0.0,0.336,False,False,False,False,无明确战法态,49.24,-0.89,47.33,True,28725.5,,,
688066,,0.0,0.7392,0.4139,0.0,0.0,0.6263,0.4079,0.3,0.0,0.0,1.0,0.5,0.0,0.526,False,False,False,False,无明确战法态,12.37,4.56,15.01,False,3232.0,,科创50/雄安新区/ST板块,
688067,,0.0,0.9391,0.6891,0.0,0.0,0.4955,0.1526,0.3,0.0,0.0,0.0,0.0,0.0,0.4694,False,False,False,False,无明确战法态,21.5,3.37,23.78,False,1462.0,,,
688068,,0.0,0.0,0.0935,0.0,1.0,0.0,0.9201,0.9,1.0,0.0,0.0,1.0,0.0,0.3613,False,False,False,False,无明确战法态,122.97,11.62,96.15,True,11400.3,,科创50/阿尔茨海默概念/重组蛋白,
688069,,0.0,0.7561,0.4317,0.4187,0.0,0.7571,0.1889,0.3,0.1168,0.0,0.0,0.0,0.7,0.4879,False,False,False,False,无明确战法态,38.85,4.46,42.94,False,4390.1,,碳交易,
688070,,0.0,0.5935,0.5359,0.0,0.0,0.3278,0.1409,0.3,0.0,0.0,0.0,0.0,0.0,0.5168,False,False,False,False,无明确战法态,38.77,5.44,42.9,False,3428.1,,时空大数据,
688071,,0.0,1.0,0.6373,0.3936,0.9134,0.3245,0.2978,0.6,0.9368,0.0,0.0,1.0,0.0,0.4084,False,False,False,False,无明确战法态,36.21,2.61,34.36,True,3070.2,,,
688072,,0.0,1.0,1.0,1.0,1.0,0.0,0.0,0.0,1.0,0.0,0.0,1.0,0.7,0.3151,False,False,False,False,无明确战法态,832.0,0.0,636.49,True,2352.0,,融资融券/存储芯片/国家大基金持股,
688073,,0.0,0.8652,0.6648,0.0,1.0,0.0,0.4271,0.3,0.7055,0.0,0.0,1.0,0.0,0.3347,False,False,False,False,无明确战法态,54.51,3.81,52.55,True,4954.0,,,
688075,,0.0,1.0,0.8068,0.0,0.0,0.327,0.2054,0.3,0.0,0.0,0.0,0.5,0.0,0.4446,False,False,False,False,无明确战法态,31.11,2.44,33.56,False,3953.5,,宠物经济/猴痘概念,
688076,,0.0,1.0,0.7055,0.0051,0.2019,0.0,0.2325,0.3,0.4439,0.0,0.0,0.5,1.0,0.4331,False,False,False,False,无明确战法态,29.39,-0.14,29.21,True,9288.8,,CXO概念/CRO概念,
688077,,0.0,0.0743,0.1345,0.1768,0.5536,0.0,0.389,0.3,1.0,0.0,0.0,0.5,0.0,0.4562,False,False,False,False,无明确战法态,32.36,8.55,29.49,True,37.0,,,
688078,,0.0,1.0,0.7107,0.0,0.0,0.5366,0.2758,0.0,0.0,0.0,0.0,0.5,0.0,0.4329,False,False,False,False,无明确战法态,22.01,2.71,23.46,False,1604.4,,,
688079,,0.8444,0.3095,0.5088,1.0,1.0,0.7207,0.2212,0.3,1.0,1.0,0.0,0.5,0.7,0.4477,False,False,False,False,无明确战法态,24.7,-7.14,23.8,True,9987.9,,华为概念/融资融券/智能穿戴,
688080,,0.0,1.0,0.8064,0.0,0.0,0.4806,0.1539,0.3,0.0,0.0,0.0,0.5,0.0,0.4631,False,False,False,False,无明确战法态,40.68,-1.55,44.78,False,2996.3,,,
688081,,0.7405,1.0,0.5781,0.1211,0.0,0.6761,0.0931,0.0,0.0,0.0,1.0,0.0,0.0,0.4747,False,False,False,False,无明确战法态,39.87,2.57,47.08,False,4108.2,,时空大数据,
688082,,1.0,1.0,0.5315,1.0,1.0,0.5818,0.6112,0.0,1.0,1.0,0.0,1.0,0.7,0.3812,True,False,False,False,B1候B2,363.43,-1.78,288.53,True,173506.2,,融资融券/存储芯片/第三代半导体,
688083,,0.0,1.0,0.7287,0.6876,1.0,0.5731,0.461,0.6,0.7632,0.0,0.0,0.5,0.7,0.3353,False,False,False,False,B2确认,63.5,-0.22,60.99,True,10772.5,,鸿蒙概念/数字孪生,
688084,,0.0,0.9019,0.6538,0.0,0.0,0.5139,0.1685,0.3,0.0,0.0,0.0,0.5,0.0,0.4802,False,False,False,False,无明确战法态,51.67,3.59,57.33,False,3909.3,,,
688085,,0.0,1.0,0.7422,0.0,0.0,0.6191,0.1642,0.0,0.0,0.0,0.0,0.5,0.0,0.4836,False,False,False,False,无明确战法态,12.95,2.21,14.87,False,4127.7,,,
688087,,0.0,1.0,0.8051,0.1504,0.0,0.8096,0.2685,0.0,0.3225,0.0,0.0,0.0,0.0,0.4062,False,False,False,False,无明确战法态,36.04,1.29,37.69,False,6712.3,,碳中和/固废处理,
688088,,0.0,1.0,0.6459,0.0,0.0,0.5355,0.2282,0.0,0.0,0.0,0.0,0.0,1.0,0.5249,False,False,False,False,无明确战法态,36.05,2.39,39.4,False,14462.2,,科创50/安防/抖音概念(字节概念),
688089,,0.0,1.0,0.758,0.0,0.0,0.5316,0.128,0.0,0.0,0.0,0.0,0.0,0.0,0.5172,False,False,False,False,无明确战法态,11.29,2.45,13.58,False,1900.2,,,
688090,,0.9903,0.5067,0.1199,1.0,1.0,0.2236,0.4971,0.9,1.0,1.0,0.0,0.5,0.7,0.4143,False,False,False,False,B1候B2,103.3,5.96,97.51,True,12640.8,,,
688091,,0.0,1.0,0.5788,0.0,0.0,0.5498,0.2048,0.3,0.0694,0.0,0.0,1.0,0.0,0.3028,False,False,False,False,无明确战法态,44.43,0.61,46.97,False,9183.8,,,
688092,,0.0,0.8458,0.6908,0.0,0.0,0.5848,0.1426,0.3,0.0,0.0,0.0,0.0,0.0,0.6288,False,False,False,False,无明确战法态,23.3,3.93,25.53,False,1926.1,,,
688093,,0.0,1.0,0.68,0.422,1.0,0.4576,0.2652,0.9,0.8087,0.0,0.0,1.0,0.0,0.3143,False,False,False,False,无明确战法态,33.35,-2.4,32.26,True,9350.8,,苹果概念,
688095,,0.0,1.0,0.8267,0.0,0.0,0.7212,0.0952,0.3,0.0,0.0,0.0,0.0,0.0,0.4456,False,False,False,False,无明确战法态,60.28,-0.2,70.36,False,5507.2,,,
688096,,1.0,0.0,0.0,1.0,0.6762,0.069,0.1646,0.0,0.0,0.0,0.0,0.5,0.7,0.5869,False,False,False,False,无明确战法态,9.93,-19.98,12.03,False,23.4,,污水处理/超导概念/东数西算(算力),
688097,,0.0,0.9527,0.561,0.8046,0.1736,0.7748,0.2828,0.0,0.8051,1.0,0.0,0.0,0.7,0.3398,False,False,False,False,无明确战法态,61.96,3.28,61.63,True,27572.7,,充电桩/工业互联网/换电概念,
688098,,0.0,0.0,0.1208,0.4699,1.0,0.0,0.6006,0.9,1.0,0.0,0.0,1.0,0.0,0.486,False,False,False,False,无明确战法态,9.88,13.3,8.67,True,4057.2,,科创50/动物疫苗,
688099,,0.589,1.0,0.6229,0.5653,0.3271,0.681,0.1976,0.0,0.6101,0.0,0.0,0.5,0.7,0.3521,False,False,False,False,无明确战法态,96.3,-0.77,97.64,False,405.6,,科创50/上海自贸区/WiFi 6,
688100,,0.0444,1.0,0.8254,0.0,0.0,0.5926,0.055,0.0,0.0,0.0,0.0,0.0,0.0,0.3915,False,False,False,False,无明确战法态,30.24,0.27,34.16,False,14868.6,,,
688101,,0.0,1.0,0.8454,0.2841,0.0,0.8447,0.335,0.6,0.4615,0.0,0.0,0.5,0.0,0.3418,False,False,False,False,无明确战法态,17.08,-0.99,17.45,False,5670.8,,盐湖提锂/科创50/代糖概念,
688102,,0.0,0.6609,0.5218,0.8551,1.0,0.2364,0.593,0.3,1.0,0.0,0.0,1.0,0.7,0.3279,False,False,True,False,无明确战法态,48.61,5.03,41.53,True,37798.8,,充电桩/独角兽概念/共封装光学(CPO),
688103,,0.0,1.0,0.4157,0.6736,1.0,0.0428,0.4272,0.3,1.0,0.0,0.0,1.0,0.7,0.254,False,False,False,False,无明确战法态,73.01,-2.46,63.42,True,6959.0,,飞行汽车(eVTOL)/高压快充/柔性直流输电,
688105,,0.0,1.0,0.3906,0.0,0.9824,0.0,0.2852,0.9,0.9219,0.0,0.0,1.0,1.0,0.3199,False,False,False,False,无明确战法态,18.56,2.83,17.5,True,7382.0,,基因测序/阿尔茨海默概念/重组蛋白,
688106,,0.0,0.0,0.0,1.0,1.0,0.0,0.5047,0.0,1.0,0.0,0.0,1.0,0.0,0.3028,False,False,False,False,无明确战法态,40.0,-16.21,32.03,True,214.2,,碳中和/氢能源/宁德时代概念,
688107,,0.7666,1.0,0.7008,1.0,1.0,0.6636,0.2326,0.3,0.9236,1.0,0.0,0.5,0.7,0.4084,True,False,False,False,B1候B2,40.22,-2.97,39.76,True,16122.2,,汽车电子/国家大基金持股/F5G概念,
688108,,0.0,1.0,0.7607,0.1109,0.0,0.6554,0.2798,0.6,0.332,0.0,0.0,0.0,0.0,0.4361,False,False,False,False,无明确战法态,19.68,2.39,20.22,False,8225.3,,,
688109,,0.0,0.7034,0.4588,0.0,0.0,0.6834,0.2792,0.6,0.0,0.0,0.0,0.0,0.0,0.5032,False,False,False,False,无明确战法态,80.02,4.78,90.65,False,6309.0,,共同富裕示范区/华为昇腾/数字孪生,
688110,,0.0724,1.0,0.2035,1.0,1.0,0.5361,0.5429,0.0,1.0,0.0,0.0,1.0,0.7,0.3198,False,False,False,False,无明确战法态,178.8,1.53,151.1,True,79074.3,,智能穿戴/AI PC/安防,
688111,,0.0,1.0,0.7831,0.0,0.0,0.6456,0.2138,0.0,0.0,0.0,0.0,0.5,0.0,0.4398,False,False,False,False,无明确战法态,211.35,-2.45,236.44,False,97933.7,,科创50/同花顺漂亮100,
688112,,0.0,0.5432,0.0959,1.0,1.0,0.3064,0.5774,0.3,1.0,0.0,0.0,1.0,0.7,0.3049,False,False,False,False,无明确战法态,84.91,5.74,66.91,True,13551.4,,,
688113,,0.0,0.7432,0.5523,0.0203,0.0,0.1346,0.1845,0.0,0.415,0.0,0.0,0.0,0.0,0.4639,False,False,False,False,无明确战法态,38.45,4.54,39.27,False,2476.1,,,
688114,,0.0,0.0,0.0,0.2085,1.0,0.0,0.3018,0.6,1.0,0.0,0.0,1.0,1.0,0.5308,False,False,False,False,无明确战法态,58.99,13.64,51.83,True,24518.5,,基因测序/合成生物,
688115,,0.0,1.0,0.4982,1.0,1.0,0.4475,0.6087,0.3,1.0,0.0,0.0,1.0,0.7,0.2346,False,False,False,False,无明确战法态,75.8,-1.47,58.3,True,5053.6,,工业互联网/股权转让(并购重组)/机器视觉,
688116,,0.0,1.0,0.7444,0.1648,0.2664,0.6041,0.3491,0.9,0.3404,0.0,0.0,1.0,1.0,0.4067,False,False,False,False,无明确战法态,40.01,-1.67,41.07,False,14664.9,,科创50/超级电容/高压快充,
688117,,0.0,0.9977,0.6667,0.0,0.0,0.0,0.7966,0.6,0.5005,0.0,0.0,1.0,0.0,0.2573,False,False,False,False,无明确战法态,30.08,3.01,30.05,True,4734.2,,CXO概念,
688118,,0.4373,1.0,0.7809,0.0,0.0,0.6373,0.2034,0.0,0.0,0.0,0.0,0.0,0.0,0.5175,False,False,False,False,无明确战法态,20.26,0.9,24.13,False,1890.6,,,
688119,,0.3966,1.0,0.7468,0.0492,0.5869,0.4508,0.2294,0.9,0.2246,0.0,0.0,0.5,0.0,0.4141,False,False,False,False,无明确战法态,4.7,-0.84,4.96,False,5287.5,,核污染防治,
688120,,0.1895,0.6993,0.5098,1.0,1.0,0.09,0.4745,0.0,1.0,0.0,0.0,1.0,0.7,0.2973,False,False,False,False,无明确战法态,267.5,-4.8,236.8,True,94601.9,,存储芯片/第三代半导体/先进封装,
688121,,0.0,1.0,1.0,0.0,0.0,0.0,0.0,0.0,0.0,0.0,0.0,0.0,0.0,0.2429,False,False,False,False,无明确战法态,6.48,0.0,7.63,False,1313.3,,,
688122,,0.0,1.0,0.7964,0.0,0.0,0.5968,0.23,0.3,0.0,0.0,0.0,1.0,0.0,0.3424,False,False,False,False,无明确战法态,58.0,1.22,64.09,False,37680.5,,大飞机/科创50/超导概念,
688123,,0.0,0.8188,0.235,1.0,1.0,0.5094,0.5985,0.3,1.0,0.0,0.0,1.0,0.7,0.2225,False,False,False,False,无明确战法态,204.0,4.09,151.49,True,32287.3,,无线耳机/小米概念/智能穿戴,
688125,,0.0,1.0,0.6736,0.0,0.0,0.5507,0.1968,0.3,0.0656,0.0,0.0,0.5,0.0,0.4104,False,False,False,False,无明确战法态,171.47,-2.51,189.96,False,14007.3,,工业母机/光刻胶/机器视觉,
688126,,0.1078,0.2005,0.3591,1.0,1.0,0.5289,0.5891,0.0,1.0,0.0,0.0,1.0,0.7,0.2965,False,False,False,False,无明确战法态,34.53,-7.8,29.22,True,94324.2,,国家大基金持股/股权转让(并购重组)/中芯国际概念,
688127,,0.8195,1.0,0.5861,1.0,1.0,0.6324,0.2017,0.0,1.0,1.0,0.0,1.0,0.7,0.3919,True,False,False,False,B1候B2,84.3,-1.25,81.85,True,34217.2,,光刻机/苹果概念,
688128,,0.0,1.0,0.7312,0.137,0.0,0.618,0.3316,0.3,0.1066,0.0,0.0,0.0,1.0,0.4088,False,False,False,False,无明确战法态,24.45,1.62,25.99,False,9890.0,,抽水蓄能/汽车热管理,
688129,,0.0,1.0,0.7694,0.5087,0.3894,0.5775,0.2953,0.0,0.8437,0.0,0.0,0.5,0.0,0.4191,False,False,False,False,无明确战法态,27.06,-1.46,26.53,True,3260.2,,,
688130,,0.0,0.3866,0.5569,0.8409,1.0,0.3024,0.3387,0.0,1.0,0.0,0.0,1.0,0.7,0.3531,False,False,False,False,无明确战法态,27.1,-6.68,25.93,True,1633.7,,智能家居/血氧仪,
688131,,0.0,1.0,0.5732,1.0,1.0,0.4372,0.4299,0.6,1.0,0.0,0.0,1.0,0.7,0.292,False,False,False,False,无明确战法态,91.99,-0.53,80.66,True,19511.4,,CXO概念/CRO概念/重组蛋白,
688132,,0.0,0.761,0.6432,0.0,0.0,0.5478,0.1949,0.0,0.0,0.0,0.0,0.0,0.0,0.5244,False,False,False,False,无明确战法态,13.66,4.43,15.3,False,2079.4,,,
688133,,0.3859,1.0,0.7488,0.1761,0.3432,0.8107,0.1862,0.0,0.3207,0.0,0.0,0.5,0.0,0.3873,False,False,False,False,无明确战法态,21.04,-2.14,21.85,False,3459.8,,,
688135,,0.5844,0.9387,0.6438,0.8743,1.0,0.6485,0.2027,0.0,0.9601,1.0,0.0,1.0,0.7,0.3818,False,False,False,False,无明确战法态,38.16,-3.37,37.27,True,8895.2,,阿里巴巴概念,
688136,,0.0,1.0,0.5799,0.0,0.1676,0.1304,0.4378,0.6,0.0301,0.0,0.0,1.0,0.0,0.2707,False,False,False,False,无明确战法态,22.08,0.82,22.58,False,4443.8,,重组蛋白/动物疫苗,
688137,,0.0,1.0,0.6548,0.0,0.0,0.2857,0.1961,0.0,0.2189,0.0,0.0,0.5,0.0,0.2693,False,False,False,False,无明确战法态,38.63,1.02,40.35,False,2710.9,,重组蛋白/细胞免疫治疗,
688138,,0.0868,0.2929,0.3961,1.0,1.0,0.3796,0.5155,0.3,1.0,0.0,0.0,1.0,0.7,0.2785,False,False,False,False,无明确战法态,42.39,-7.24,36.37,True,13344.4,,科创50/第三代半导体/OLED,
688139,,0.0,1.0,0.759,0.0,0.0,0.6035,0.1231,0.0,0.1068,0.0,0.0,0.5,0.0,0.3345,False,False,False,False,无明确战法态,27.63,2.98,29.34,False,8744.7,,科创50/举牌,
688141,,0.0,0.1374,0.0,1.0,1.0,0.4649,0.3721,0.0,1.0,0.0,0.0,1.0,0.7,0.3329,False,False,False,False,无明确战法态,156.0,8.18,111.61,True,70250.2,,,
688143,,0.9824,0.9693,0.4449,1.0,1.0,0.7748,0.5394,0.0,1.0,1.0,1.0,0.5,0.7,0.4369,False,False,False,False,无明确战法态,163.32,3.18,148.48,True,19986.2,,汽车热管理,
688146,,0.3409,0.0,0.0756,1.0,1.0,0.7537,0.6334,0.0,1.0,0.0,0.0,0.5,0.7,0.3839,False,False,False,False,无明确战法态,330.14,-9.55,223.01,True,47860.7,,国家大基金持股/锂电池概念/氟化工概念,
688147,,0.2455,0.9455,0.6063,1.0,1.0,0.5618,0.5403,0.3,1.0,0.0,0.0,1.0,0.7,0.2687,False,False,False,False,无明确战法态,129.01,-3.33,101.47,True,59494.1,,光伏概念/BC电池/存储芯片,
688148,,0.0,0.935,0.7105,0.2981,0.5264,0.4076,0.6091,0.3,0.7507,0.0,0.0,0.5,0.0,0.3982,False,False,False,False,无明确战法态,9.12,-3.39,9.01,True,4652.8,,,
688150,,0.4086,0.3411,0.4392,1.0,1.0,0.6614,0.2302,0.0,1.0,0.0,0.0,1.0,0.7,0.3143,False,False,False,False,无明确战法态,60.62,-6.95,54.44,True,24395.8,,OLED/柔性屏(折叠屏),
688151,,0.0,1.0,0.8188,0.0,0.0,0.1771,0.1596,0.3,0.0,0.0,0.0,0.0,0.0,0.5394,False,False,False,False,无明确战法态,15.79,2.2,17.57,False,5439.7,,国产航母/核污染防治,
688152,,0.1915,1.0,0.8402,0.0,0.0,0.7617,0.1379,0.0,0.0,0.0,0.0,0.0,0.0,0.5035,False,False,False,False,无明确战法态,27.72,0.69,32.25,False,2824.6,,国产操作系统/养老概念,
688153,,0.0,0.8919,0.7135,0.1246,0.7266,0.4897,0.2932,0.3,0.3144,0.0,0.0,1.0,0.0,0.4373,False,False,False,False,无明确战法态,31.16,-3.65,32.13,False,12751.9,,WiFi 6,
688155,,0.0,0.9707,0.6457,0.1095,0.0,0.5723,0.1695,0.3,0.1884,0.0,0.0,0.0,0.0,0.4496,False,False,False,False,无明确战法态,77.44,-3.18,83.53,False,9791.2,,,
688156,,0.0,1.0,0.7425,1.0,1.0,0.5444,0.4624,0.9,1.0,0.0,0.0,1.0,0.7,0.2913,False,False,False,False,B2确认,29.91,-0.4,26.62,True,3012.4,,固废处理/合成生物,
688157,,0.6637,0.0,0.6663,0.0,0.0,0.3865,0.1216,0.3,0.0,0.0,0.0,0.0,0.0,0.7736,False,False,False,False,无明确战法态,21.55,-17.02,30.45,False,3371.1,,AI手机/飞行汽车(eVTOL)/光刻胶,
688158,,0.1086,1.0,0.7228,0.0,0.0,0.7508,0.1611,0.0,0.0,0.0,0.0,0.5,0.0,0.4117,False,False,False,False,无明确战法态,35.05,-2.18,39.29,False,14211.9,,工业互联网/华为昇腾/数据安全,
688159,,0.5218,1.0,0.7629,0.1408,0.0,0.8124,0.155,0.0,0.0,0.0,0.0,0.0,0.0,0.4522,False,False,False,False,无明确战法态,41.8,-0.24,46.89,False,3876.1,,鸿蒙概念/水利/算力租赁,
688160,,0.0,1.0,0.299,0.283,1.0,0.0,0.3761,0.9,1.0,0.0,0.0,1.0,0.0,0.3462,False,False,False,False,无明确战法态,137.0,2.24,115.66,True,12444.0,,,
688161,,0.0,1.0,0.8296,0.0,0.0,0.5103,0.197,0.3,0.0,0.0,0.0,0.5,0.0,0.3697,False,False,False,False,无明确战法态,22.29,1.73,24.77,False,8916.0,,,
688162,,0.0,0.9227,0.5904,0.0,0.0,0.5709,0.1202,0.0,0.0,0.0,0.0,0.0,0.0,0.6189,False,False,False,False,无明确战法态,25.09,3.46,28.46,False,3439.9,,,
688163,,0.0,0.5824,0.3826,1.0,1.0,0.4315,0.8281,0.6,1.0,0.0,0.0,1.0,0.7,0.255,False,False,False,False,无明确战法态,48.57,-5.51,40.19,True,5256.2,,创新药,
688165,,0.0,0.0,0.0647,0.5603,1.0,0.0,0.5242,0.3,1.0,0.0,0.0,0.5,0.7,0.5523,False,False,False,False,B1候B2,23.26,9.87,19.81,True,12136.6,,,
688166,,0.0304,1.0,0.5557,0.0,0.0,0.6655,0.09,0.6,0.0,0.0,0.0,0.0,0.0,0.5487,False,False,False,False,无明确战法态,33.31,0.91,45.2,False,14310.5,,科创50/重组蛋白,
688167,,1.0,1.0,0.6546,0.2504,0.0,0.6717,0.1798,0.0,0.0,0.0,0.0,0.0,0.0,0.5962,False,False,False,False,无明确战法态,297.75,-2.25,378.01,False,26755.7,,光刻机,
688168,,0.0,1.0,0.5425,0.0,0.9807,0.3863,0.3808,0.6,1.0,0.0,0.0,1.0,0.0,0.3233,False,False,False,False,无明确战法态,73.8,2.53,68.75,True,5696.3,,科创50/国产操作系统/换电概念,
688169,,0.0,0.7571,0.6301,0.0,0.0,0.3643,0.235,0.3,0.0,0.0,0.0,0.5,0.0,0.4462,False,False,False,False,无明确战法态,99.6,4.46,108.63,False,25807.0,,同花顺出海50,
688170,,1.0,0.6706,0.4057,1.0,1.0,0.6882,0.3713,0.0,1.0,1.0,0.0,1.0,0.7,0.4767,False,False,False,False,无明确战法态,75.04,-4.98,74.41,True,7756.1,,BC电池/宁德时代概念/柔性屏(折叠屏),
688171,,0.9946,1.0,0.7768,0.0,0.0,0.8856,0.1284,0.0,0.0,0.0,0.0,0.0,0.0,0.605,False,False,False,False,无明确战法态,41.78,1.36,49.31,False,3500.1,,智能电网/军工信息化/量子科技,
688172,,1.0,1.0,0.4889,1.0,1.0,0.6974,0.3752,0.0,1.0,1.0,0.0,0.5,0.7,0.4047,True,False,False,False,B1候B2,70.6,-1.94,63.6,True,54939.6,,国家大基金持股,
688173,,0.0,1.0,0.6208,0.8021,1.0,0.3508,0.1914,0.0,1.0,0.0,0.0,1.0,0.7,0.3338,False,False,False,False,无明确战法态,18.51,-1.59,16.96,True,7593.7,,AI手机/无线充电,
688175,,0.0,0.715,0.4954,0.0,0.0,0.2379,0.2296,0.6,0.0,0.0,0.0,0.0,1.0,0.5304,False,False,False,False,无明确战法态,26.01,4.71,30.23,False,3363.5,,,
688176,,0.0,1.0,0.6736,0.0,0.0,0.221,0.1806,0.6,0.5309,0.0,0.0,1.0,0.0,0.27,False,False,False,False,无明确战法态,11.27,2.18,11.28,False,4910.2,,,
688177,,0.0,0.6756,0.629,0.0,0.0,0.0,0.2096,0.3,0.2708,0.0,0.0,1.0,0.0,0.4551,False,False,False,False,无明确战法态,18.67,4.95,18.87,False,7730.9,,,
688178,,0.0,1.0,0.687,0.8714,0.0492,0.5604,0.3995,0.3,0.7137,1.0,0.0,0.0,0.7,0.3733,False,False,False,False,B1候B2,34.88,1.1,34.77,True,2964.7,,,
688179,,0.0772,1.0,0.6566,1.0,1.0,0.459,0.666,0.3,1.0,0.0,0.0,1.0,0.7,0.25,False,False,False,False,无明确战法态,25.67,-2.06,22.21,True,9292.7,,重组蛋白/光刻胶/合成生物,
688180,,0.0,0.5982,0.5431,0.0,0.9863,0.0172,0.3783,0.3,1.0,0.0,0.0,1.0,0.0,0.4023,False,False,False,False,无明确战法态,37.99,5.41,33.96,True,29115.3,,生物疫苗/猴痘概念,
688181,,0.0521,0.4547,0.3961,1.0,1.0,0.3864,0.4664,0.0,1.0,0.0,0.0,1.0,0.7,0.2792,False,False,False,False,无明确战法态,53.8,-6.27,44.84,True,7235.1,,创新药/氟化工概念/光刻胶,
688182,,0.7283,1.0,0.6915,1.0,1.0,0.7124,0.2464,0.3,1.0,1.0,0.0,0.5,0.7,0.4021,True,False,False,False,B1候B2,40.14,-2.74,37.59,True,16056.0,,智能电网/国家大基金持股/WiFi 6,
688183,,0.5494,0.4029,0.2975,1.0,1.0,0.7257,0.575,0.3,1.0,1.0,1.0,0.5,0.7,0.3658,False,False,False,False,无明确战法态,122.89,6.58,120.01,True,102222.5,,,
688184,,0.0,0.847,0.6139,0.3313,0.0,0.6013,0.2182,0.3,1.0,0.0,0.0,0.5,0.0,0.3863,False,False,False,False,无明确战法态,12.2,3.92,11.61,True,1225.9,,,
688185,,0.0,1.0,0.7378,0.0,0.0,0.5604,0.2159,0.0,0.0,0.0,0.0,1.0,0.0,0.3188,False,False,False,False,无明确战法态,53.05,1.28,56.58,False,6067.5,,生物疫苗/三胎概念/合成生物,
688186,,0.0,1.0,0.7231,0.0,0.0,0.5475,0.0943,0.0,0.0,0.0,0.0,0.0,0.0,0.5643,False,False,False,False,无明确战法态,15.41,1.58,18.63,False,4322.3,,大飞机/特钢概念,
688187,,1.0,0.8642,0.6821,0.9087,1.0,0.6026,0.2837,0.0,0.7183,0.0,0.0,1.0,1.0,0.4211,False,False,False,False,无明确战法态,57.49,-3.81,57.58,False,49953.5,,智能电网/海工装备/国家大基金持股,
688188,,0.6749,1.0,0.699,0.1014,0.0,0.48,0.3039,0.0,0.0,0.0,0.0,0.0,0.7,0.508,False,False,False,False,B1候B2,108.69,0.78,146.56,False,31382.1,,科创50/高端装备/新型工业化,
688189,,0.0,1.0,0.6795,0.0,0.0,0.9378,0.0976,0.0,0.0,0.0,0.0,0.5,0.0,0.5574,False,False,False,False,无明确战法态,6.4,2.56,7.29,False,1756.2,,,
688190,,0.9366,1.0,0.674,0.4351,0.0,0.8265,0.1256,0.0,0.0,0.0,1.0,0.0,1.0,0.4705,False,False,False,False,无明确战法态,87.0,0.59,100.14,False,10440.0,,无线充电,
688191,,0.672,1.0,0.5838,0.0,0.0,0.5787,0.1448,0.0,0.0,0.0,0.0,0.0,0.0,0.6536,False,False,False,False,无明确战法态,32.31,-2.56,40.69,False,7484.6,,鸿蒙概念/智能电网/多模态AI,
688192,,0.0,0.0,0.2238,0.0,0.0,0.0,0.1638,0.0,0.7639,0.0,0.0,1.0,0.0,0.5075,False,False,False,False,无明确战法态,48.48,11.12,45.82,True,22359.7,,,
688193,,0.8283,0.8363,0.6272,0.5636,0.4898,0.0,0.1867,0.0,0.4191,0.0,1.0,0.5,0.0,0.399,False,False,False,False,无明确战法态,51.7,3.98,53.11,False,2071.6,,食品安全/肝炎概念/猴痘概念,
688195,,1.0,0.9346,0.6596,0.0,0.0,0.5055,0.2129,0.0,0.0,0.0,0.0,0.0,0.0,0.654,False,False,False,False,无明确战法态,164.6,-3.39,239.88,False,21291.0,,光刻机,
688196,,0.0,0.9019,0.687,0.0,0.0,0.4765,0.2223,0.3,0.0,0.0,0.0,0.0,0.0,0.5982,False,False,False,False,无明确战法态,38.39,3.59,46.72,False,4882.9,,科创50,
688197,,0.0,0.9015,0.674,0.0,0.3062,0.4151,0.1217,0.6,0.8532,0.0,0.0,1.0,0.0,0.3271,False,False,False,False,无明确战法态,37.5,3.59,35.57,True,2400.2,,,
688198,,0.0,1.0,0.7818,0.0645,0.8306,0.0818,0.2528,0.0,0.6744,0.0,0.0,1.0,0.0,0.3158,False,False,False,False,无明确战法态,93.04,2.53,90.08,True,12816.1,,创新药,
688199,,0.7019,0.1062,0.4562,1.0,1.0,0.3064,0.6999,0.0,1.0,1.0,0.0,1.0,0.7,0.383,False,False,False,False,无明确战法态,31.23,-8.36,29.92,True,5035.1,,科创50/光刻机/光刻胶,
688200,,0.145,0.9815,0.1169,1.0,1.0,0.0321,0.5573,0.0,1.0,0.0,0.0,1.0,0.7,0.2538,False,False,False,False,无明确战法态,464.0,3.11,390.73,True,62899.6,,华为概念/融资融券/第三代半导体,
688201,,0.0,0.7466,0.6347,0.0,0.0,0.5292,0.1603,0.0,0.0,0.0,0.0,0.0,0.0,0.7023,False,False,False,False,无明确战法态,7.63,4.52,9.02,False,2308.3,,电子身份证,
688202,,0.0,1.0,0.5086,0.7707,1.0,0.0705,0.5495,0.3,1.0,0.0,0.0,1.0,0.0,0.2465,False,False,False,False,无明确战法态,78.5,1.16,64.61,True,10546.6,,CXO概念/CRO概念/创新药,
688203,,0.0,1.0,0.7856,0.0,0.0,0.7237,0.1351,0.3,0.0,0.0,0.0,0.0,0.0,0.5097,False,False,False,False,无明确战法态,10.4,1.36,11.73,False,2107.9,,,
688205,,1.0,1.0,0.6761,0.3935,0.0,0.756,0.209,0.0,0.0,0.0,0.0,0.0,0.0,0.5209,False,False,False,False,无明确战法态,178.1,-2.68,222.78,False,28190.6,,F5G概念,
688206,,0.0,0.5668,0.6298,0.9625,1.0,0.6145,0.2746,0.0,1.0,0.0,0.0,1.0,0.7,0.3105,False,False,False,False,B1候B2,40.63,-5.6,38.6,True,17681.3,,股权转让(并购重组),
688207,,0.0,1.0,0.4981,1.0,1.0,0.0203,0.419,0.6,1.0,0.0,0.0,1.0,0.7,0.2792,False,False,False,False,无明确战法态,22.84,1.15,18.34,True,5914.9,,华为概念/百度概念/机器人概念,
688208,,0.0,0.4285,0.4922,0.0,0.0,0.4267,0.0903,0.0,0.0,0.0,1.0,0.0,0.0,0.5708,False,False,False,False,无明确战法态,25.99,6.43,30.08,False,17418.1,,,
688209,,0.0,0.8985,0.6449,0.8821,1.0,0.3941,0.3152,0.3,1.0,0.0,0.0,1.0,0.7,0.3051,False,False,False,False,无明确战法态,27.51,-3.61,24.45,True,11933.4,,无线耳机,
688210,,0.0,1.0,0.5051,0.0,0.0,0.6214,0.0947,0.0,0.0,0.0,0.0,0.0,1.0,0.4266,False,False,False,False,无明确战法态,39.33,1.73,44.76,False,6365.9,,,
688211,,0.0,1.0,0.8444,0.4241,0.6986,0.64,0.4051,0.0,0.9507,0.0,0.0,1.0,0.0,0.3315,False,False,False,False,无明确战法态,35.4,-0.42,33.82,True,4640.7,,统一大市场/智能物流,
688212,,0.0,1.0,0.7881,0.0,0.0,0.6333,0.2787,0.6,0.0,0.0,0.0,0.5,0.0,0.4877,False,False,False,False,无明确战法态,29.32,0.21,32.15,False,3948.4,,,
688213,,0.0,1.0,0.4976,0.5719,1.0,0.4361,0.3078,0.0,1.0,0.0,0.0,1.0,0.7,0.3116,False,False,False,False,无明确战法态,105.46,1.12,97.38,True,34117.3,,小米概念/物联网/汽车电子,
688215,,0.0,1.0,0.656,0.0,0.0,0.2323,0.2002,0.3,0.0,0.0,0.0,0.5,0.0,0.5125,False,False,False,False,无明确战法态,41.42,1.3,56.54,False,2585.6,,,
688216,,0.0,0.0,0.1241,1.0,1.0,0.0,0.5308,0.3,1.0,0.0,0.0,1.0,0.7,0.3159,False,False,False,False,无明确战法态,41.04,-20.0,35.97,True,43.7,,,
688217,,0.0,0.9559,0.6107,0.0,0.0,0.1669,0.2739,0.0,0.0,0.0,0.0,0.0,0.0,0.5581,False,False,False,False,无明确战法态,22.46,3.26,24.72,False,1254.5,,,
688218,,0.0,1.0,0.5193,1.0,1.0,0.6884,0.5074,0.0,1.0,1.0,0.0,0.5,0.7,0.376,False,False,False,False,无明确战法态,50.92,1.98,44.0,True,5930.9,,无线充电,
688219,,0.0,0.8395,0.5442,0.7668,1.0,0.0,0.8041,0.3,1.0,0.0,0.0,1.0,0.7,0.339,False,False,False,False,无明确战法态,13.38,3.96,11.99,True,7353.6,,PEEK材料,
688220,,0.0,1.0,0.2526,0.8776,1.0,0.3821,0.328,0.0,1.0,0.0,0.0,1.0,0.7,0.2744,False,False,False,False,无明确战法态,111.84,2.61,99.68,True,41284.5,,阿里巴巴概念/车联网(车路协同)/WiFi 6,
688221,,0.0,1.0,0.617,0.4574,1.0,0.0,0.5915,0.0,1.0,0.0,0.0,1.0,0.0,0.2589,False,False,False,False,无明确战法态,27.73,1.46,20.9,True,103.9,,,
688222,,0.0,0.77,0.5384,0.7248,1.0,0.4671,0.4119,0.0,1.0,0.0,0.0,1.0,0.7,0.2824,False,False,False,False,无明确战法态,32.41,4.38,29.05,True,12986.0,,CXO概念/CRO概念/重组蛋白,
688223,,0.6569,1.0,0.8291,0.0,0.0,0.6691,0.1783,0.0,0.0,0.0,0.0,0.0,0.0,0.5261,False,False,False,False,无明确战法态,4.6,-1.71,5.69,False,47239.3,,BC电池,
688225,,0.0,1.0,0.7099,0.0,0.0,0.5784,0.1204,0.3,0.0,0.0,0.0,0.0,0.0,0.577,False,False,False,False,无明确战法态,12.5,-1.11,14.79,False,5000.1,,数字水印,
688226,,0.2496,1.0,0.7232,0.0,0.0,0.7782,0.13,0.0,0.0,0.0,0.0,0.0,0.0,0.515,False,False,False,False,无明确战法态,41.18,-1.72,47.16,False,7773.8,,光伏,
688227,,0.0777,0.4328,0.1793,0.9113,1.0,0.5391,0.6114,0.6,1.0,0.0,0.0,0.5,0.0,0.2985,False,False,False,False,无明确战法态,100.13,-6.4,93.23,True,11320.2,,智慧政务,
688228,,0.0202,1.0,0.7691,0.0,0.0,0.7496,0.0845,0.6,0.0,0.0,0.0,0.0,0.0,0.4836,False,False,False,False,无明确战法态,78.3,-1.02,98.0,False,5289.2,,AI语料/AI视频/语音技术,
688229,,0.0,1.0,0.663,0.1427,0.0,0.7164,0.1899,0.3,0.2532,0.0,0.0,0.0,0.0,0.4106,False,False,False,False,无明确战法态,80.75,-1.4,85.92,False,3585.3,,,
688230,,0.6,0.9152,0.5978,0.6879,1.0,0.3823,0.208,0.0,0.777,1.0,0.0,1.0,0.0,0.3527,False,False,False,False,无明确战法态,71.5,-3.51,70.31,True,8408.4,,AI手机,
688231,,0.0,0.1785,0.0,0.4409,0.0,0.0,0.3146,0.3,1.0,0.0,0.0,0.5,0.7,0.3143,False,False,False,False,无明确战法态,40.7,7.93,39.62,True,10047.1,,高铁/航空发动机,
688232,,0.0,1.0,0.7459,0.0,0.0,0.7203,0.1718,0.0,0.0,0.0,0.0,0.0,0.0,0.5067,False,False,False,False,无明确战法态,18.1,0.0,20.39,False,5827.9,,虚拟数字人,
688233,,0.0,0.2188,0.4071,1.0,1.0,0.2881,0.5541,0.3,1.0,0.0,0.0,1.0,0.7,0.2173,False,False,False,False,无明确战法态,188.29,-7.69,119.72,True,32066.9,,存储芯片/第三代半导体,
688234,,1.0,0.7063,0.5814,1.0,1.0,0.7057,0.2637,0.0,1.0,1.0,0.0,0.5,0.7,0.43,False,False,False,False,无明确战法态,145.6,-4.76,138.22,True,62565.9,,智能电网/第三代半导体,
688235,,0.0,0.6192,0.6558,0.3464,1.0,0.0055,0.4025,0.3,1.0,0.0,0.0,1.0,1.0,0.3408,False,False,False,False,无明确战法态,266.96,5.28,239.1,True,30715.2,,同花顺出海50,
688236,,0.0,1.0,0.6301,0.0,0.0,0.0,0.2212,0.3,0.0,0.0,0.0,0.5,0.0,0.3872,False,False,False,False,无明确战法态,15.75,2.81,16.74,False,4542.7,,牙科医疗,
688237,,0.7494,0.9812,0.7229,0.656,1.0,0.2729,0.3036,0.6,0.9017,0.0,1.0,0.5,0.0,0.2905,False,False,True,False,B1候B2,54.33,3.11,52.58,True,4872.4,,成飞概念,
688238,,0.0,0.5303,0.6,0.0,0.0,0.0,0.2286,0.3,0.2383,0.0,0.0,1.0,0.0,0.43,False,False,False,False,无明确战法态,5.82,5.82,5.99,False,3731.5,,基因测序/重组蛋白/上海自贸区,
688239,,0.0,0.5481,0.5252,0.0229,0.2944,0.2455,0.2298,0.0,0.8806,0.0,0.0,1.0,0.0,0.4401,False,False,False,False,无明确战法态,62.19,5.71,60.46,True,11855.4,,海工装备/低空经济/风电,
688244,,0.0,1.0,0.7233,0.0,0.0,0.5604,0.2737,0.3,0.0,0.0,0.0,0.0,0.0,0.4698,False,False,False,False,无明确战法态,15.16,-0.13,17.13,False,2288.6,,,
688246,,0.2398,0.9474,0.276,0.4368,0.0,0.2987,0.2365,0.6,0.0725,0.0,0.0,0.0,0.7,0.4446,False,False,False,False,无明确战法态,21.5,3.32,22.77,False,2958.1,,阿里巴巴概念/数据要素/数字经济,
688247,,0.0,1.0,0.5728,0.0,0.85,0.0,0.2968,0.6,1.0,0.0,0.0,1.0,0.0,0.3423,False,False,False,False,无明确战法态,9.41,-1.16,8.53,True,4265.9,,仿制药一致性评价,
688248,,0.0,1.0,0.7437,0.7301,1.0,0.6261,0.3003,0.0,1.0,0.0,0.0,1.0,0.0,0.2681,False,False,False,False,无明确战法态,65.61,0.47,58.89,True,37050.0,,柔性直流输电,
688249,,0.0,1.0,0.4495,1.0,1.0,0.2686,0.5517,0.6,1.0,0.0,0.0,1.0,0.7,0.2875,False,False,False,False,无明确战法态,61.1,1.11,45.21,True,122663.9,,量子科技/OLED/汽车芯片,
688251,,1.0,1.0,0.6023,0.0,0.0,0.3778,0.275,0.0,0.0,0.0,0.0,0.5,0.0,0.4534,False,False,False,False,无明确战法态,24.62,-2.73,27.47,False,2459.6,,,
688252,,0.0049,1.0,0.7473,0.5409,1.0,0.5135,0.1911,0.0,0.6853,0.0,0.0,1.0,0.0,0.3966,False,False,False,False,无明确战法态,22.78,-2.98,22.48,True,9317.5,,智能穿戴/抖音概念(字节概念)/电子纸,
688253,,0.0,1.0,0.6715,1.0,1.0,0.7759,0.3512,0.3,1.0,0.0,0.0,1.0,0.7,0.2603,False,False,False,False,无明确战法态,62.85,0.24,54.8,True,86.1,,阿尔茨海默概念,
688255,,0.0,0.0021,0.1483,0.1899,0.0,0.0,0.3046,0.0,0.7887,0.0,0.0,0.0,0.0,0.5031,False,False,False,False,无明确战法态,31.65,8.99,30.34,True,34.8,,,
688256,,0.9906,1.0,0.6501,1.0,1.0,0.705,0.3089,0.0,1.0,1.0,0.0,1.0,0.7,0.4566,True,False,False,False,B1候B2,1353.0,-1.38,1254.97,True,850080.4,,国产操作系统,
688257,,0.0,1.0,0.1643,1.0,1.0,0.2913,1.0,0.0,1.0,0.0,0.0,0.5,0.7,0.2394,False,False,False,False,无明确战法态,110.45,1.81,92.8,True,27878.5,,工业母机,
688258,,0.0,1.0,0.635,0.2301,0.0,0.7736,0.2541,0.0,0.4101,0.0,0.0,0.0,0.7,0.3325,False,False,False,False,无明确战法态,118.81,-0.24,126.15,False,14392.9,,物联网/云计算,
688259,,0.0,0.7947,0.6977,0.3592,0.7094,0.3927,0.3261,0.3,0.4858,0.0,0.0,1.0,0.0,0.4366,False,False,False,False,无明确战法态,38.02,-4.23,38.43,False,42.5,,WiFi 6,
688260,,0.9287,0.0,0.2786,1.0,1.0,0.7789,0.6891,0.0,1.0,1.0,0.0,1.0,0.7,0.4694,False,False,False,False,无明确战法态,99.49,-10.28,82.24,True,11938.8,,华为概念/融资融券/汽车电子,
688261,,1.0,0.2772,0.3033,0.9916,1.0,0.4633,0.2764,0.0,0.5929,0.0,0.0,0.5,1.0,0.5581,False,False,False,False,无明确战法态,86.01,-7.34,88.8,False,10501.5,,光伏概念/机器人概念/充电桩,
688262,,0.8954,0.9278,0.6785,0.7257,1.0,0.5447,0.1776,0.3,0.7766,1.0,0.0,1.0,0.7,0.4252,False,False,False,False,无明确战法态,38.25,-3.43,38.21,True,12852.0,,鸿蒙概念/智能电网/安防,
688265,,0.0,1.0,0.5411,0.0,0.3669,0.0,0.3798,0.6,0.4302,0.0,0.0,1.0,0.0,0.2879,False,False,False,False,无明确战法态,36.51,1.76,36.52,False,2846.4,,,
688266,,0.0,0.682,0.0057,0.8565,1.0,0.0,0.7446,0.3,1.0,0.0,0.0,1.0,0.0,0.2705,False,False,False,False,无明确战法态,143.0,4.91,100.66,True,37853.3,,,
688267,,0.4447,1.0,0.7854,0.0,0.0,0.6724,0.109,0.0,0.0,0.0,0.0,0.0,0.0,0.5289,False,False,False,False,无明确战法态,19.49,-1.96,27.24,False,3434.1,,环氧丙烷,
688268,,0.3093,0.0,0.17,1.0,1.0,0.5948,0.7741,0.3,1.0,0.0,0.0,1.0,0.7,0.3587,False,False,False,False,无明确战法态,225.91,-9.27,183.93,True,27607.5,,俄乌冲突概念/氟化工概念/光刻机,
688269,,0.0,1.0,0.7521,0.0,0.0,0.6564,0.1515,0.0,0.0,0.0,0.0,0.0,0.0,0.5209,False,False,False,False,无明确战法态,33.47,-0.42,36.61,False,4374.7,,,
688270,,0.0,0.0,0.0709,0.0,0.0,0.0706,0.4376,0.0,0.0,0.0,0.0,0.5,0.0,0.6788,False,False,False,False,无明确战法态,92.4,13.56,112.64,False,19778.4,,军民融合/ST板块/卫星导航,
688271,,0.0,1.0,0.8396,0.0157,0.0,0.5977,0.2966,0.0,0.0653,0.0,0.0,0.5,1.0,0.3694,False,False,False,False,无明确战法态,104.93,1.01,111.29,False,86478.9,,阿尔茨海默概念,
688272,,0.0,0.6616,0.3368,0.3594,1.0,0.3728,0.6362,0.6,1.0,0.0,0.0,1.0,0.0,0.3456,False,False,False,False,无明确战法态,46.77,5.03,38.12,True,3554.5,,,
688273,,0.0,1.0,0.6013,0.0699,0.0,0.6483,0.3033,0.3,0.384,0.0,0.0,0.0,0.0,0.3453,False,False,False,False,无明确战法态,41.18,2.62,42.29,False,4118.0,,,
688275,,0.9464,0.9288,0.6793,0.6783,0.0,0.7968,0.1753,0.3,0.3886,0.0,0.0,0.5,0.0,0.431,False,False,False,False,无明确战法态,120.05,-3.43,128.4,False,15140.5,,碳中和/污水处理,
688276,,0.0,1.0,0.777,0.0,0.0,0.65,0.2425,0.3,0.0,0.0,0.0,0.5,0.0,0.3437,False,False,False,False,无明确战法态,14.84,1.3,15.79,False,6138.7,,生物疫苗/阿尔茨海默概念,
688277,,0.0,0.6662,0.5438,0.0,0.0,0.4303,0.3454,0.0,0.2947,0.0,0.0,0.0,0.0,0.4322,False,False,False,False,无明确战法态,18.26,5.0,19.05,False,8326.4,,智能医疗,
688278,,0.0,1.0,0.7181,0.0093,0.4381,0.375,0.3618,0.9,0.3623,0.0,0.0,0.5,0.0,0.3599,False,False,False,False,无明确战法态,58.5,1.81,58.49,True,23879.1,,,
688279,,0.0,0.5241,0.2456,0.6759,1.0,0.0234,0.2564,0.0,1.0,0.0,0.0,1.0,0.7,0.3911,False,False,False,False,无明确战法态,241.35,5.86,209.25,True,22580.2,,,
688280,,0.0,0.8659,0.6014,0.0,0.0,0.5993,0.4507,0.6,0.0,0.0,0.0,0.0,0.0,0.6001,False,False,False,False,无明确战法态,5.73,3.8,6.94,False,2982.7,,,
688281,,0.0,0.6532,0.5865,0.0,0.0,0.2101,0.1792,0.0,0.0,0.0,0.0,0.5,1.0,0.6926,False,False,False,False,无明确战法态,51.5,5.08,62.78,False,14037.4,,航空发动机/碳纤维,
688282,,0.0,0.8453,0.2783,0.0,0.0,0.5544,0.1238,0.6,0.1789,0.0,0.0,0.5,0.0,0.4222,False,False,False,False,无明确战法态,67.2,3.93,71.79,False,5913.6,,,
688283,,0.0,0.9244,0.6324,0.0,0.0,0.6952,0.1511,0.3,0.0,0.0,0.0,0.0,1.0,0.5396,False,False,False,False,无明确战法态,34.15,3.45,38.51,False,4159.5,,,
688285,,0.0,1.0,0.745,0.0,0.0,0.4348,0.2057,0.0,0.0082,0.0,0.0,0.0,0.0,0.4932,False,False,False,False,无明确战法态,7.52,2.73,8.08,False,2829.7,,,
688286,,0.9601,1.0,0.5189,1.0,1.0,0.0,0.3233,0.9,0.9919,1.0,0.0,1.0,1.0,0.4141,True,False,False,False,B1候B2,83.7,-2.41,80.49,True,4692.2,,无线耳机/小米概念/物联网,
688288,,0.0832,0.9507,0.6834,0.0,0.0,0.481,0.1003,0.0,0.0,0.0,0.0,0.0,0.0,0.5002,False,False,False,False,无明确战法态,18.49,3.3,21.55,False,1845.6,,科创50/EDR概念/两轮车,
688289,,0.0,1.0,0.8095,0.0,0.0,0.5598,0.1974,0.6,0.0672,0.0,0.0,0.5,0.0,0.3765,False,False,False,False,无明确战法态,15.12,0.47,15.93,False,8760.3,,基因测序/宠物经济/肝炎概念,
688290,,0.0,0.5797,0.3624,0.8681,1.0,0.4263,0.3738,0.6,1.0,0.0,0.0,1.0,0.7,0.3757,False,False,True,False,B1候B2,69.18,5.52,62.72,True,7069.5,,军民融合/核电/核污染防治,
688291,,0.288,1.0,0.493,1.0,1.0,0.4913,0.1633,0.3,1.0,0.0,0.0,0.5,0.7,0.3617,False,False,False,False,无明确战法态,56.35,1.08,51.15,True,5785.3,,机器视觉,
688292,,0.0963,1.0,0.7466,0.0,0.0,0.7576,0.1957,0.0,0.0,0.0,0.0,0.0,0.0,0.5081,False,False,False,False,无明确战法态,18.82,0.75,22.04,False,2980.1,,,
688293,,0.0,1.0,0.7309,0.0,0.6961,0.4932,0.2595,0.3,0.6647,0.0,0.0,1.0,0.0,0.2959,False,False,False,False,无明确战法态,44.31,2.78,43.16,True,5043.4,,重组蛋白,
688295,,0.2854,1.0,0.6047,0.8478,1.0,0.5809,0.3604,0.6,1.0,0.0,0.0,1.0,0.0,0.3366,False,False,False,False,无明确战法态,54.45,2.83,51.71,True,49005.0,,飞行汽车(eVTOL)/碳纤维/体育产业,
688296,,0.0,1.0,0.6102,0.0,0.0,0.388,0.122,0.0,0.0,0.0,0.0,0.0,0.0,0.5537,False,False,False,False,无明确战法态,11.77,1.2,13.62,False,1264.0,,,
688297,,0.0,0.9029,0.697,0.0795,0.0,0.5934,0.3338,0.3,0.1196,0.0,0.0,0.0,0.0,0.4083,False,False,False,False,无明确战法态,43.08,3.58,45.51,False,290.8,,,
688298,,0.0,1.0,0.7633,0.0,0.0,0.7362,0.1363,0.0,0.0,0.0,0.0,0.5,0.0,0.3744,False,False,False,False,无明确战法态,19.26,0.57,20.63,False,3882.8,,生物疫苗/食品安全/基因测序,
688299,,0.1452,1.0,0.7364,0.1485,0.0,0.7154,0.2723,0.3,0.0209,0.0,0.0,0.5,0.0,0.4336,False,False,False,False,无明确战法态,16.05,-2.37,17.37,False,4612.7,,科创50/POE胶膜,
688300,,1.0,1.0,0.4667,1.0,1.0,0.6602,0.5609,0.0,1.0,1.0,0.0,0.5,0.7,0.4552,True,False,False,False,B1候B2,208.99,0.1,178.11,True,504.6,,科创50/存储芯片/先进封装,
688301,,0.0,1.0,0.5261,0.1101,0.0,0.4304,0.2281,0.0,0.0821,0.0,0.0,0.5,0.7,0.3493,False,False,False,False,无明确战法态,119.23,-0.64,131.02,False,25211.1,,传感器/高端装备/牙科医疗,
688302,,0.0,0.8723,0.6945,0.0,0.0,0.0406,0.2911,0.0,0.5028,0.0,0.0,1.0,0.0,0.3955,False,False,False,False,无明确战法态,39.4,3.77,38.82,True,3901.2,,,
688303,,0.7155,1.0,0.798,0.0,0.0,0.8147,0.2251,0.6,0.0,0.0,0.0,0.0,0.0,0.4476,False,False,False,False,无明确战法态,17.16,-1.89,20.24,False,36811.7,,光伏/有机硅概念,
688305,,0.0,1.0,0.55,0.7,1.0,0.0,0.3185,0.3,1.0,0.0,0.0,0.5,0.7,0.3966,False,False,False,False,无明确战法态,73.96,-2.12,64.8,True,9778.5,,,
688306,,0.0,0.202,0.287,0.3712,0.9705,0.0,0.2041,0.9,1.0,0.0,0.0,1.0,0.0,0.4485,False,False,False,False,无明确战法态,10.38,7.79,9.65,True,12749.6,,,
688307,,0.0,0.0533,0.3408,1.0,1.0,0.3727,0.2763,0.3,1.0,1.0,0.0,1.0,0.7,0.36,False,False,False,False,无明确战法态,72.59,-8.68,68.86,True,90.2,,华为概念/机器人概念/智能穿戴,
688308,,0.5457,1.0,0.2125,1.0,1.0,0.6841,0.745,0.0,1.0,1.0,0.0,0.5,0.7,0.316,False,False,False,False,无明确战法态,172.0,-2.78,144.07,True,27310.5,,工业母机/航空发动机/PCB概念,
688309,,0.0,0.6271,0.3569,0.4195,0.0,0.4535,0.2053,0.0,1.0,0.0,0.0,0.5,0.0,0.3821,False,False,False,False,无明确战法态,66.11,5.24,62.71,True,5249.2,,固废处理,
688310,,0.0,0.0,0.2555,0.322,0.0,0.1091,0.2428,0.6,0.8126,0.0,0.0,0.5,0.7,0.5187,False,False,False,False,无明确战法态,17.27,10.21,16.62,True,2837.9,,,
688311,,0.0,0.0,0.0,0.0,0.0,0.0,0.3136,0.6,0.4032,0.0,0.0,0.5,0.0,0.4848,False,False,False,False,无明确战法态,31.15,19.99,31.04,True,5413.6,,,
688312,,1.0,0.9735,0.5451,1.0,0.0,0.6282,0.1712,0.0,0.2183,0.0,0.0,0.5,0.7,0.543,False,False,False,False,无明确战法态,70.82,-3.16,79.03,False,10390.4,,传感器/机器视觉/PCB概念,
688313,,1.0,1.0,0.6105,1.0,1.0,0.8061,0.3,0.0,1.0,1.0,0.0,0.5,0.7,0.4675,True,False,False,False,B1候B2,158.57,-1.45,157.08,True,71671.5,,F5G概念,
688314,,0.0,1.0,0.6666,0.0,0.0,0.7742,0.2441,0.9,0.0,0.0,0.0,0.0,0.0,0.3995,False,False,False,False,无明确战法态,36.28,1.37,40.05,False,2947.4,,PEEK材料/牙科医疗,
688315,,0.0,1.0,0.7617,0.0,0.0,0.5912,0.2236,0.6,0.4526,0.0,0.0,1.0,0.0,0.3725,False,False,False,False,无明确战法态,13.4,1.9,13.56,False,5577.1,,基因测序/量子科技,
688316,,0.3095,1.0,0.7197,0.0,0.0,0.702,0.2475,0.0,0.0,0.0,0.0,0.0,0.0,0.5434,False,False,False,False,无明确战法态,53.15,-0.69,63.6,False,2545.8,,,
688317,,0.0,1.0,0.7966,0.0,0.0,0.8802,0.1037,0.0,0.0,0.0,0.0,0.0,1.0,0.4844,False,False,False,False,无明确战法态,15.97,1.53,18.19,False,3068.8,,食品安全/禽流感,
688318,,0.0,1.0,0.5272,0.0,0.0,0.3249,0.2463,0.9,0.0,0.0,0.0,0.5,1.0,0.4111,False,False,False,False,无明确战法态,78.12,-2.46,95.33,False,20008.1,,互联网金融,
688319,,0.0,0.0,0.1812,1.0,1.0,0.0374,0.4345,0.3,1.0,0.0,0.0,1.0,0.7,0.3875,False,False,True,False,无明确战法态,42.72,9.54,35.34,True,17319.1,,生物疫苗,
688320,,0.0,0.8383,0.3835,0.8689,1.0,0.0,0.462,0.0,1.0,0.0,0.0,1.0,0.7,0.4225,False,False,False,False,无明确战法态,42.95,3.97,37.38,True,6486.0,,,
688321,,0.0,1.0,0.7109,0.0,0.677,0.3784,0.1992,0.3,0.7956,0.0,0.0,1.0,0.0,0.3184,False,False,False,False,无明确战法态,28.74,1.34,27.53,True,117.2,,科创50/肝炎概念/猴痘概念,
688322,,0.0,0.0,0.0,1.0,1.0,0.1221,0.3198,0.0,1.0,0.0,0.0,0.5,0.7,0.4411,False,False,False,False,B1候B2,147.33,13.32,114.02,True,46950.6,,蚂蚁集团概念/移动支付,
688323,,1.0,0.3793,0.2087,1.0,1.0,0.5114,0.453,0.0,1.0,1.0,0.0,0.5,0.7,0.5152,False,False,False,False,无明确战法态,45.5,-6.72,42.32,True,8190.1,,光伏概念/华为概念/融资融券,
688325,,0.8031,1.0,0.6756,0.9675,0.5818,0.7181,0.2968,0.6,0.3995,0.0,0.0,0.0,1.0,0.4917,True,False,False,False,B1候B2,121.31,-1.61,126.58,False,9906.8,,,
688326,,0.0,0.6483,0.4866,0.0,0.0,0.4095,0.053,0.0,0.0,0.0,1.0,0.0,0.0,0.5446,False,False,False,False,无明确战法态,72.2,5.11,86.95,False,8059.2,,汽车热管理/小米汽车,
688327,,0.4914,1.0,0.7539,0.175,0.0,0.7679,0.3178,0.0,0.0,0.0,0.0,0.0,1.0,0.4768,False,False,False,False,无明确战法态,12.43,-0.24,13.65,False,10359.7,,数据确权/无人零售,
688328,,0.2928,0.1181,0.3597,1.0,1.0,0.4897,0.347,0.0,1.0,0.0,0.0,1.0,0.7,0.3044,False,False,False,False,无明确战法态,82.4,-8.29,68.58,True,77.8,,电子纸,
688329,,0.0,0.7136,0.603,0.0715,0.0,0.5419,0.1983,0.0,0.5019,0.0,0.0,0.0,1.0,0.3889,False,False,False,False,无明确战法态,22.86,4.72,23.15,False,1764.8,,,
688330,,0.0135,1.0,0.7992,0.0,0.0,0.8169,0.2198,0.3,0.0,0.0,0.0,0.0,0.0,0.5666,False,False,False,False,无明确战法态,35.22,1.03,39.4,False,4930.8,,,
688331,,0.0,0.5566,0.3497,0.5175,1.0,0.2929,0.3887,1.0,1.0,0.0,0.0,1.0,0.0,0.3905,False,False,False,False,无明确战法态,148.4,5.66,119.15,True,24203.0,,创新药/细胞免疫治疗,
688332,,0.0,1.0,0.4642,1.0,1.0,0.628,0.6963,0.9,1.0,0.0,0.0,1.0,1.0,0.2718,False,False,False,False,无明确战法态,147.11,-1.48,113.69,True,262.6,,无线耳机/百度概念/小米概念,
688333,,0.0,1.0,0.5646,0.5875,1.0,0.3723,0.4164,0.9,1.0,0.0,0.0,1.0,1.0,0.3023,False,False,False,False,无明确战法态,112.1,1.82,96.5,True,30751.5,,大飞机/科创50/融资融券,
688334,,0.0,1.0,0.8088,0.0,0.0,0.6611,0.2496,0.3,0.2285,0.0,0.0,0.0,0.0,0.496,False,False,False,False,无明确战法态,18.88,2.16,19.86,False,2962.4,,超导概念,
688335,,0.9633,1.0,0.7097,0.0,0.0,0.8074,0.2332,0.6,0.0,0.0,0.0,0.0,0.0,0.5362,False,False,False,False,无明确战法态,23.25,-2.64,30.09,False,3441.8,,碳交易/氢能源/污水处理,
688336,,0.0,1.0,0.3058,0.0,0.0,0.0,0.9306,0.3,0.7253,0.0,0.0,0.5,0.0,0.158,False,False,False,False,无明确战法态,60.72,2.64,58.45,True,37451.2,,阿尔茨海默概念/重组蛋白/创新药,
688337,,0.8662,1.0,0.3712,1.0,1.0,0.6384,0.3936,0.3,0.9629,1.0,0.0,0.5,0.7,0.4438,False,False,False,False,无明确战法态,66.66,-1.75,65.27,True,12393.2,,,
688338,,0.0,1.0,0.7407,0.2594,1.0,0.7104,0.2923,0.3,0.8262,0.0,0.0,1.0,0.0,0.3267,False,False,False,False,无明确战法态,28.54,-0.9,27.63,True,3029.3,,,
688339,,0.0,1.0,0.8463,0.0,0.0,0.6737,0.1628,0.0,0.0,0.0,0.0,0.0,0.0,0.5636,False,False,False,False,无明确战法态,19.25,0.89,22.43,False,3768.9,,,
688343,,0.0,1.0,0.6519,0.0751,1.0,0.4584,0.3779,0.3,1.0,0.0,0.0,1.0,0.0,0.3459,False,False,False,False,无明确战法态,82.7,0.44,77.21,True,29739.2,,鸿蒙概念/多模态AI/华为昇腾,
688345,,0.0,0.6759,0.446,0.9414,1.0,0.3155,0.3632,0.3,1.0,0.0,0.0,1.0,0.7,0.3418,False,False,False,False,无明确战法态,59.02,-4.94,52.2,True,5902.0,,两轮车,
688347,,0.7324,1.0,0.5189,1.0,1.0,0.7031,0.4602,0.0,1.0,0.0,0.0,1.0,0.7,0.434,True,False,False,False,B1候B2,285.0,0.18,230.52,True,116208.8,,存储芯片/国家大基金持股/消费电子概念,
688348,,0.0045,1.0,0.8341,0.0,0.0,0.749,0.1422,0.0,0.0,0.0,0.0,0.0,0.0,0.5547,False,False,False,False,无明确战法态,34.23,0.23,41.94,False,5349.4,,,
688349,,0.0,1.0,0.8285,0.0,0.0,0.3714,0.3472,0.6,0.0,0.0,0.0,0.5,0.0,0.4452,False,False,False,False,无明确战法态,15.1,2.23,19.19,False,17961.2,,,
688350,,0.8624,0.6484,0.4992,0.7593,0.189,0.5785,0.1709,0.3,0.3564,0.0,0.0,0.5,0.7,0.5503,False,False,False,False,无明确战法态,31.2,-5.11,33.3,False,4469.2,,,
688351,,0.0,1.0,0.777,0.2402,0.0,0.7273,0.216,0.0,0.3369,0.0,0.0,0.5,0.0,0.357,False,False,False,False,无明确战法态,22.8,0.35,23.64,False,10729.7,,,
688352,,0.0,1.0,0.414,1.0,1.0,0.5851,0.3329,0.3,1.0,0.0,0.0,1.0,0.7,0.2761,False,False,False,False,无明确战法态,21.1,-2.9,18.06,True,7720.1,,,
688353,,0.307,0.7763,0.561,0.6947,1.0,0.4597,0.6132,0.3,1.0,0.0,0.0,0.5,0.0,0.3075,False,False,False,False,无明确战法态,113.02,-4.34,107.77,True,18026.7,,宁德时代概念/储能/锂电池概念,
688355,,0.0,1.0,0.4803,0.0,0.309,0.0,0.3143,0.3,1.0,0.0,0.0,1.0,0.0,0.3389,False,False,False,False,无明确战法态,21.16,-2.4,19.87,True,2622.9,,高铁/工业母机/空气能热泵,
688356,,0.0,1.0,0.6193,0.0,0.6367,0.3298,0.1758,0.3,0.5243,0.0,0.0,1.0,0.0,0.2997,False,False,False,False,无明确战法态,81.9,0.15,81.36,True,4967.3,,,
688357,,0.0,1.0,0.7523,0.0,0.0,0.5714,0.1074,0.3,0.0,0.0,0.0,0.5,0.0,0.3704,False,False,False,False,无明确战法态,28.63,-0.59,30.9,False,2864.7,,核污染防治,
688358,,0.0,1.0,0.7804,0.4503,0.9743,0.6023,0.2169,0.6,1.0,0.0,0.0,1.0,0.7,0.322,False,False,False,False,无明确战法态,34.68,2.0,32.43,True,3883.3,,宠物经济/人工智能/智能医疗,
688359,,0.0,1.0,0.4427,1.0,1.0,0.6248,0.4577,0.0,1.0,0.0,0.0,1.0,0.7,0.3055,False,False,False,False,无明确战法态,197.46,-2.15,144.84,True,19498.4,,光伏/HIT电池/TOPCON电池,
688360,,0.0,0.5716,0.369,0.263,0.0,0.4328,0.1142,0.0,0.3163,0.0,0.0,0.0,0.7,0.4517,False,False,False,False,无明确战法态,19.52,5.57,20.19,False,4924.6,,,
688361,,0.0741,0.8446,0.4826,1.0,1.0,0.217,0.3783,0.0,1.0,0.0,0.0,1.0,0.7,0.2882,False,False,False,False,无明确战法态,342.0,-3.93,254.45,True,94687.0,,国家大基金持股/中芯国际概念,
688362,,0.0,0.9641,0.4114,1.0,1.0,0.5748,0.5971,0.0,1.0,0.0,0.0,1.0,0.7,0.2445,False,False,False,False,无明确战法态,90.0,-3.22,64.95,True,36944.1,,汽车电子/传感器/数字货币,
688363,,0.0,1.0,0.7899,0.0,0.2405,0.4943,0.2805,0.6,0.2577,0.0,0.0,1.0,0.0,0.4245,False,False,False,False,无明确战法态,37.32,2.27,38.13,False,17976.2,,科创50/重组蛋白,
688365,,0.3301,1.0,0.7189,0.0,0.0,0.7371,0.1442,0.3,0.0,0.0,0.0,0.0,0.0,0.5682,False,False,False,False,无明确战法态,15.49,-2.52,18.77,False,6596.0,,ERP概念,
688366,,0.0,1.0,0.8564,0.0,0.0,0.4817,0.1742,0.3,0.0,0.0,0.0,0.5,0.0,0.4526,False,False,False,False,无明确战法态,31.04,1.27,34.05,False,6023.4,,,
688367,,1.0,1.0,0.6679,0.3614,0.0,0.8097,0.1859,0.9,0.0,0.0,0.0,0.5,0.0,0.5445,False,False,False,False,无明确战法态,32.0,0.25,36.58,False,2804.0,,工业互联网,
688368,,1.0,1.0,0.5444,1.0,1.0,0.6877,0.3801,0.3,0.8538,0.0,0.0,0.5,0.7,0.4658,True,False,False,False,B1候B2,187.99,-1.54,190.79,False,16637.2,,科创50/无线充电,
688369,,0.1658,1.0,0.636,0.0,0.0,0.628,0.2156,0.3,0.0,0.0,0.0,0.0,0.0,0.5073,False,False,False,False,无明确战法态,19.39,-1.97,22.33,False,2234.1,,科创50/ERP概念,
688370,,0.0,1.0,0.7256,0.0,0.0,0.8189,0.2461,0.3,0.1206,0.0,0.0,0.0,0.0,0.4274,False,False,False,False,无明确战法态,21.76,1.78,23.14,False,2983.5,,固废处理,
688371,,0.0,0.3294,0.4317,1.0,1.0,0.6979,0.2835,0.3,1.0,0.0,0.0,0.5,0.7,0.3167,False,False,False,False,无明确战法态,38.39,-7.02,33.76,True,12878.8,,华为概念/小米概念/融资融券,
688372,,0.4175,0.5373,0.5688,0.9261,1.0,0.4027,0.3048,0.0,1.0,1.0,0.0,1.0,0.7,0.339,False,False,False,False,无明确战法态,162.3,-5.78,158.04,True,27228.2,,,
688373,,0.0,1.0,0.6252,0.0,0.2159,0.0336,0.4139,0.3,0.4222,0.0,0.0,1.0,0.0,0.289,False,False,False,False,无明确战法态,5.11,2.61,5.03,True,3094.8,,,
688375,,0.0,0.0,0.277,0.0,0.4886,0.1697,0.2381,0.3,0.8115,0.0,1.0,1.0,0.0,0.644,False,False,False,False,无明确战法态,107.34,9.82,105.03,True,63976.2,,军民融合/毫米波雷达/军工信息化,
688376,,0.0,0.7744,0.4196,1.0,1.0,0.2231,0.35,0.6,1.0,0.0,0.0,1.0,0.7,0.2358,False,False,False,False,无明确战法态,98.21,-4.35,81.82,True,132.8,,阿里巴巴概念/光刻机/PM2.5,
688377,,0.0,0.7195,0.5155,0.0,0.0,0.5396,0.2091,0.3,0.0,0.0,0.0,0.5,0.0,0.6839,False,False,False,False,无明确战法态,25.93,4.68,30.33,False,50.5,,页岩气,
688378,,0.755,0.5174,0.5116,1.0,1.0,0.5529,0.2755,0.6,1.0,1.0,0.0,0.5,0.7,0.3499,False,False,False,False,无明确战法态,53.95,-5.9,49.42,True,12999.8,,融资融券/光刻胶/OLED,
688379,,0.6903,1.0,0.5687,1.0,1.0,0.8303,0.3171,0.3,1.0,1.0,0.0,0.5,0.7,0.418,True,False,False,False,B1候B2,79.44,0.18,75.19,True,7156.4,,共同富裕示范区,
688380,,0.0,1.0,0.6184,1.0,1.0,0.4898,0.4578,0.6,1.0,0.0,0.0,1.0,0.7,0.2733,False,False,False,False,无明确战法态,57.91,-2.51,50.81,True,23185.1,,传感器,
688381,,0.0,0.8812,0.5118,1.0,1.0,0.7535,0.2331,0.3,1.0,0.0,0.0,1.0,0.7,0.3806,False,False,False,False,无明确战法态,47.2,-3.71,40.76,True,11682.0,,小米概念/汽车电子/机器人概念,
688382,,0.0,0.4656,0.4587,0.0,1.0,0.0,0.3698,0.6,1.0,0.0,0.0,1.0,0.0,0.3722,False,False,False,False,无明确战法态,22.76,6.21,19.32,True,131.6,,创新药,
688383,,1.0,0.7218,0.5685,1.0,1.0,0.637,0.5068,0.0,1.0,1.0,0.0,0.5,0.7,0.5372,False,False,False,False,无明确战法态,169.67,-4.67,148.02,True,17246.4,,,
688385,,0.0,0.6539,0.2059,0.0187,1.0,0.3225,0.342,0.0,0.9874,0.0,0.0,1.0,0.0,0.3421,False,False,False,False,无明确战法态,68.72,5.08,65.39,True,37066.8,,东数西算(算力)/汽车芯片/无线充电,
688386,,0.0,1.0,0.5796,0.6793,1.0,0.4707,0.3285,0.0,1.0,0.0,1.0,0.5,0.7,0.2692,False,False,False,False,无明确战法态,91.76,1.5,86.79,True,8350.2,,氢能源/物联网/智能穿戴,
688387,,0.0,0.0,0.0776,0.6716,1.0,0.291,0.4867,0.6,1.0,0.0,1.0,1.0,0.0,0.4048,False,False,False,False,无明确战法态,21.15,10.85,17.67,True,42654.8,,物联网/融资融券/卫星导航,
688388,,0.805,1.0,0.6082,0.4063,0.0,0.554,0.5478,0.0,0.0,0.0,0.0,0.0,0.7,0.5493,False,False,False,False,B1候B2,39.27,-2.63,47.05,False,17894.3,,科创50,
688389,,0.0,0.9588,0.7771,0.0,0.0,0.36,0.1882,0.3,0.0885,0.0,0.0,0.5,0.0,0.3338,False,False,False,False,无明确战法态,10.81,3.25,11.4,False,46.3,,科创50,
688390,,1.0,1.0,0.7233,0.6434,0.0,0.4506,0.0766,0.3,0.0,0.0,0.0,0.0,0.7,0.4697,False,False,False,False,无明确战法态,90.85,0.02,110.35,False,22082.2,,光伏,
688391,,0.0,0.6713,0.6056,0.734,1.0,0.3059,0.2646,0.3,1.0,0.0,0.0,1.0,0.7,0.3435,False,False,False,False,无明确战法态,34.21,-4.97,32.6,True,3940.4,,智能电网/充电桩,
688392,,0.0,0.3942,0.5039,1.0,1.0,0.4148,0.5859,0.0,1.0,0.0,0.0,1.0,0.7,0.2498,False,False,False,False,无明确战法态,207.0,-6.63,167.08,True,23956.8,,宁德时代概念/液冷服务器,
688393,,0.0,1.0,0.7115,0.0,0.0,0.2672,0.1277,0.3,0.0,0.0,0.0,0.0,0.0,0.4942,False,False,False,False,无明确战法态,18.9,0.96,21.24,False,1768.4,,,
688395,,0.0,0.9852,0.6807,0.0,0.0,0.3719,0.1424,0.0,0.0,0.0,0.0,0.0,0.0,0.4869,False,False,False,False,无明确战法态,23.03,3.09,25.36,False,1994.3,,,
688396,,0.3436,0.779,0.4507,1.0,1.0,0.5545,0.6684,0.0,1.0,0.0,0.0,1.0,0.7,0.2928,False,False,False,False,无明确战法态,83.6,-4.33,70.58,True,111038.4,,智能电网/充电桩/国家大基金持股,
688398,,0.7852,1.0,0.7439,0.3065,0.0,0.915,0.1411,0.0,0.0758,0.0,0.0,0.0,0.0,0.5519,False,False,False,False,无明确战法态,25.16,0.68,27.58,False,4222.2,,福建自贸区/冷链物流,
688399,,0.0,0.5509,0.6541,0.0,0.0,0.3858,0.1651,0.3,0.0,0.0,0.0,0.0,0.0,0.487,False,False,False,False,无明确战法态,48.07,5.69,52.94,False,4031.7,,基因测序/猴痘概念,
688400,,0.0,0.0,0.2102,1.0,1.0,0.1781,0.4239,0.6,1.0,0.0,0.0,1.0,0.7,0.4326,False,False,False,False,无明确战法态,71.41,9.02,59.55,True,32918.3,,AI视频/虚拟数字人/元宇宙,
688401,,0.0,0.5667,0.475,1.0,1.0,0.3941,0.3911,0.0,1.0,0.0,0.0,1.0,0.7,0.294,False,False,False,False,无明确战法态,85.47,-5.6,75.83,True,16525.5,,第三代半导体/OLED,
688403,,0.0,0.0,0.3431,1.0,1.0,0.4903,0.3861,0.6,1.0,0.0,0.0,1.0,0.7,0.3959,False,False,False,False,无明确战法态,35.31,-9.62,26.54,True,34990.0,,存储芯片/OLED/汽车芯片,
688408,,0.7612,1.0,0.856,0.0,0.0,0.6935,0.2125,0.6,0.0,0.0,0.0,0.5,0.0,0.4443,False,False,False,False,无明确战法态,29.97,-0.4,34.92,False,6565.4,,光伏/光热发电,
688409,,0.3178,1.0,0.4502,1.0,1.0,0.3494,0.5589,0.3,1.0,0.0,0.0,1.0,0.7,0.2421,False,False,False,False,无明确战法态,244.84,-1.3,180.17,True,74972.6,,光刻机,
688410,,0.0,1.0,0.7665,0.0277,0.1096,0.5956,0.2017,0.0,0.6947,0.0,0.0,1.0,0.0,0.3599,False,False,False,False,无明确战法态,15.55,0.84,15.35,True,4969.8,,,
688411,,1.0,1.0,0.7268,0.7866,0.6532,0.8133,0.3458,0.3,0.4629,0.0,0.0,0.5,0.7,0.4504,True,False,False,False,B1候B2,251.15,-1.78,262.25,False,33296.0,,智能电网/宁德时代概念/充电桩,
688416,,0.1602,0.4031,0.1109,1.0,1.0,0.335,0.3695,0.3,1.0,1.0,0.0,0.5,0.7,0.3008,False,False,False,False,无明确战法态,129.39,6.58,119.16,True,10740.1,,小米概念/智能家居/智能穿戴,
688418,,0.0,0.7652,0.6032,0.4155,1.0,0.2809,0.4247,0.0,1.0,0.0,0.0,1.0,0.0,0.4249,False,False,False,False,无明确战法态,52.1,4.41,46.56,True,10032.1,,F5G概念/WiFi 6,
688419,,1.0,0.7811,0.603,1.0,1.0,0.5904,0.4213,0.3,1.0,1.0,0.0,0.5,0.7,0.4142,False,False,False,False,无明确战法态,64.11,-4.31,58.82,True,7343.9,,,
688420,,0.0,0.928,0.7743,0.0,0.0,0.7082,0.1608,0.0,0.0096,0.0,0.0,0.0,0.0,0.4906,False,False,False,False,无明确战法态,22.0,3.43,23.77,False,918.3,,,
688425,,0.0,1.0,0.8207,0.0,0.0,0.3861,0.2759,0.0,0.0088,0.0,0.0,0.0,0.0,0.3873,False,False,False,False,无明确战法态,4.16,1.71,4.45,False,22187.3,,乡村振兴/海工装备/抽水蓄能,
688426,,0.0,1.0,0.6274,0.0,0.2836,0.5209,0.1572,0.3,0.1432,0.0,1.0,1.0,0.0,0.2984,False,False,False,False,无明确战法态,18.34,2.52,19.09,False,2058.3,,猴痘概念,
688428,,0.0,0.9406,0.6279,0.5585,1.0,0.2588,0.3632,0.9,1.0,0.0,0.0,1.0,0.0,0.3399,False,False,True,False,无明确战法态,30.18,3.36,25.17,True,8099.1,,,
688429,,0.0,1.0,0.7935,0.0,0.0,0.5612,0.0915,0.0,0.0,0.0,0.0,0.0,0.0,0.5085,False,False,False,False,无明确战法态,10.13,1.2,12.01,False,1213.9,,BC电池,
688432,,0.0,0.1495,0.0184,1.0,1.0,0.0375,0.7834,0.3,1.0,0.0,0.0,1.0,0.7,0.1721,False,False,False,False,无明确战法态,42.19,-8.1,24.29,True,527.5,,硅能源,
688433,,0.8422,1.0,0.6701,0.8014,0.0,0.6411,0.184,0.3,0.1339,0.0,0.0,0.0,0.7,0.4918,False,False,False,False,无明确战法态,84.9,1.0,94.24,False,35282.5,,低空经济/飞行汽车(eVTOL)/高端装备,
688435,,0.0232,1.0,0.722,0.0,0.0,0.7536,0.1113,0.3,0.0,0.0,0.0,0.0,0.0,0.5417,False,False,False,False,无明确战法态,30.5,-2.18,38.31,False,1709.5,,,
688439,,0.0,1.0,0.8125,0.0,0.0,0.6548,0.2862,0.0,0.1295,0.0,0.0,1.0,0.0,0.3948,False,False,False,False,无明确战法态,46.17,0.68,48.74,False,9234.0,,,
688443,,0.0,0.6155,0.5905,0.0,0.0,0.1458,0.1244,0.3,0.4799,0.0,0.0,1.0,0.0,0.4684,False,False,False,False,无明确战法态,25.2,5.31,25.18,True,2940.3,,,
688448,,0.5605,0.5144,0.5437,0.169,0.0,0.4885,0.3685,0.6,0.1006,0.0,0.0,1.0,0.0,0.487,False,False,False,False,无明确战法态,54.57,-5.91,60.06,False,3944.1,,,
688449,,0.0,1.0,0.4629,1.0,1.0,0.6866,0.3585,0.0,1.0,0.0,0.0,1.0,0.7,0.3314,False,False,False,False,无明确战法态,80.33,-1.65,69.93,True,23553.1,,物联网/AI PC/汽车芯片,
688450,,0.0,1.0,0.0,1.0,1.0,0.0,0.9042,0.0,1.0,0.0,0.0,1.0,0.7,0.2216,False,False,False,False,无明确战法态,63.48,-1.15,48.07,True,3106.1,,智能电网/地下管网/柔性直流输电,
688455,,0.1229,1.0,0.6398,0.0,0.0,0.694,0.3645,0.0,0.0,0.0,0.0,0.5,0.0,0.3507,False,False,False,False,无明确战法态,18.9,-1.82,20.91,False,3175.8,,跨境电商/智能物流,
688456,,1.0,0.3567,0.4962,1.0,1.0,0.5346,0.5605,0.6,1.0,1.0,0.0,0.5,0.7,0.4938,False,False,False,False,B1候B2,125.46,-6.86,109.32,True,13005.2,,军民融合/卫星导航/BC电池,
688458,,0.0,1.0,0.7712,0.6135,0.9345,0.7168,0.1748,0.0,0.6808,1.0,0.0,0.5,0.7,0.4004,False,False,False,False,无明确战法态,40.37,-2.42,39.92,True,3434.2,,AI手机/无线充电,
688459,,0.0,1.0,0.928,0.0647,0.2334,0.5529,0.307,0.3,0.2801,0.0,0.0,1.0,0.0,0.3444,False,False,False,False,无明确战法态,8.35,0.24,8.6,False,4008.0,,高铁/黑龙江自贸区/中俄贸易概念,
688466,,0.0,1.0,0.7786,0.0,0.0,0.3071,0.192,0.0,0.0,0.0,0.0,0.0,0.0,0.5029,False,False,False,False,无明确战法态,13.53,2.11,15.49,False,1652.7,,,
688468,,0.0,0.9713,0.6661,0.0,0.0,0.4068,0.1866,0.0,0.0979,0.0,0.0,0.5,0.0,0.4229,False,False,False,False,无明确战法态,6.18,3.17,6.51,False,2478.8,,阿尔茨海默概念,
688469,,0.5417,0.9819,0.6131,1.0,1.0,0.5065,0.5724,0.0,1.0,0.0,0.0,1.0,0.7,0.3509,False,False,False,False,无明确战法态,9.35,-3.11,8.31,True,54882.6,,光伏概念/智能电网/机器人概念,
688472,,0.4274,1.0,0.842,0.0,0.0,0.7079,0.2213,0.0,0.0,0.0,0.0,0.0,0.0,0.5428,False,False,False,False,无明确战法态,10.67,1.14,12.36,False,14379.5,,BC电池/TOPCON电池,
688475,,0.0,1.0,0.8038,0.1446,0.0607,0.6071,0.2893,0.0,0.3938,0.0,0.0,0.5,0.0,0.3818,False,False,False,False,无明确战法态,27.6,1.55,28.07,False,21735.0,,宠物经济/跨境电商/养老概念,
688478,,1.0,0.1708,0.3618,1.0,1.0,0.6793,0.2836,0.3,1.0,1.0,0.0,0.5,0.7,0.434,False,False,False,False,无明确战法态,72.0,-7.98,64.9,True,9962.4,,第三代半导体/股权转让(并购重组)/海峡两岸,
688479,,0.3178,1.0,0.7389,0.6668,0.7541,0.6734,0.364,0.6,1.0,0.0,0.0,1.0,0.0,0.3304,False,False,False,False,无明确战法态,36.45,-0.87,35.73,True,2271.5,,融资融券/ERP概念/人工智能,
688480,,0.8061,1.0,0.4645,0.3688,0.0,0.4463,0.2314,0.0,0.2897,0.0,1.0,0.0,1.0,0.5086,False,False,False,False,无明确战法态,86.55,2.39,93.64,False,8250.5,,污水处理/小金属概念,
688484,,0.8069,0.8533,0.6773,1.0,1.0,0.5922,0.2406,0.3,1.0,1.0,0.0,0.5,0.7,0.3971,False,False,False,False,无明确战法态,48.06,-3.88,46.31,True,20553.5,,AI手机/阿里巴巴概念/无线充电,
688485,,0.758,1.0,0.5499,1.0,1.0,0.8546,0.3346,0.3,1.0,1.0,0.0,0.5,0.7,0.3477,True,False,False,False,B1候B2,60.66,-1.56,53.91,True,5384.1,,,
688486,,0.0,0.9832,0.5824,0.0,0.0,0.281,0.3127,0.0,0.0,0.0,0.0,0.5,0.0,0.4436,False,False,False,False,无明确战法态,61.87,-3.1,66.91,False,8273.2,,,
688488,,0.0,1.0,0.5994,0.0,0.0,0.1886,0.3099,0.6,0.3533,0.0,0.0,1.0,0.0,0.2548,False,False,False,False,无明确战法态,14.2,1.57,14.5,False,5975.1,,创新药/医药电商,
688489,,0.0587,0.8532,0.4976,0.0,0.0,0.2734,0.12,0.0,0.0,0.0,0.0,0.0,0.0,0.5292,False,False,False,False,无明确战法态,23.02,3.88,29.55,False,2631.9,,量子科技/数据安全/数据确权,
688496,,0.9506,1.0,0.697,0.0,0.0,0.9198,0.1984,0.3,0.0,0.0,0.0,0.0,0.0,0.6261,False,False,False,False,无明确战法态,0.86,-2.27,2.3,False,204.6,,电子纸,
688498,,0.9199,1.0,0.3948,1.0,1.0,0.6872,0.4782,0.0,1.0,1.0,0.0,0.5,0.7,0.4448,False,False,False,False,无明确战法态,1659.23,1.23,1357.28,True,2039.1,,,
688499,,0.0,1.0,0.7378,0.0,0.0505,0.6869,0.2079,0.3,0.1815,0.0,0.0,1.0,0.0,0.4012,False,False,False,False,无明确战法态,48.06,-2.55,50.91,False,8109.1,,氢能源/物联网/宁德时代概念,
688500,,0.5484,0.6852,0.6607,0.0,0.0,0.7602,0.1637,0.0,0.0,0.0,0.0,0.0,1.0,0.7065,False,False,False,False,无明确战法态,42.8,-4.89,50.71,False,3137.9,,AI语料/烟草,
688501,,0.4274,1.0,0.6479,0.0,0.0,0.4853,0.243,0.3,0.0,0.0,0.0,0.0,0.0,0.4407,False,False,False,False,无明确战法态,20.06,2.87,22.54,False,2492.0,,碳中和,
688502,,0.0,0.4433,0.5005,1.0,1.0,0.5822,0.3892,0.0,1.0,0.0,0.0,1.0,0.7,0.3153,False,False,False,False,无明确战法态,572.28,-6.34,499.58,True,30216.4,,基因测序/智能穿戴/光刻机,
688503,,0.0,0.5248,0.4544,0.868,1.0,0.2848,0.305,0.3,1.0,0.0,0.0,1.0,0.0,0.2313,False,False,False,False,无明确战法态,115.05,-5.85,99.28,True,231.2,,BC电池/光刻胶/TOPCON电池,
688505,,0.0,1.0,0.6805,0.1755,1.0,0.1027,0.44,0.3,0.7599,0.0,0.0,1.0,0.0,0.3759,False,False,False,False,无明确战法态,7.78,0.78,7.47,True,5528.3,,创新药,
688506,,0.0,1.0,0.3045,0.4755,1.0,0.069,0.6593,0.6,1.0,0.0,0.0,1.0,0.0,0.2954,False,False,False,False,无明确战法态,340.0,1.34,261.94,True,1403.8,,,
688507,,0.6689,1.0,0.1297,1.0,1.0,0.4499,1.0,0.0,1.0,1.0,0.0,0.5,0.7,0.3364,False,False,False,False,无明确战法态,249.51,1.89,197.57,True,12284.8,,,
688508,,0.0,0.9382,0.5625,0.987,0.7663,0.7191,0.0933,0.0,0.9741,1.0,0.0,0.5,0.7,0.2978,False,False,False,False,B1候B2,86.0,-3.37,83.93,True,11388.1,,国家大基金持股,
688509,,0.7097,1.0,0.8241,0.3054,0.0,0.8049,0.2442,0.0,0.0,0.0,0.0,0.0,1.0,0.3763,False,False,False,False,无明确战法态,4.21,0.96,4.7,False,1620.0,,,
688510,,0.0,1.0,0.3818,0.0,0.0,0.4305,0.1916,0.3,0.0,0.0,0.0,0.5,0.0,0.4262,False,False,False,False,无明确战法态,25.99,1.68,28.35,False,6745.0,,大飞机/航空发动机,
688511,,0.0,1.0,0.6172,1.0,1.0,0.7692,0.5233,0.0,1.0,0.0,0.0,0.5,0.7,0.3179,False,False,False,False,无明确战法态,31.26,0.84,26.81,True,4178.8,,军民融合/锂电池概念/军工,
688512,,0.0,0.6547,0.5535,0.9647,1.0,0.6122,0.2317,0.0,1.0,1.0,0.0,1.0,0.7,0.3241,False,False,False,False,无明确战法态,14.6,-5.07,14.04,True,4738.7,,国家大基金持股,
688513,,0.0,0.0196,0.2703,0.0,0.258,0.0,0.378,0.3,1.0,0.0,0.0,1.0,0.0,0.4688,False,False,False,False,无明确战法态,57.0,8.88,51.67,True,10062.3,,,
688515,,1.0,0.6979,0.6048,1.0,1.0,0.7338,0.2458,0.3,1.0,1.0,0.0,0.5,0.7,0.4419,False,False,False,False,无明确战法态,215.98,-4.81,202.03,True,10760.0,,铜缆高速连接,
688516,,0.533,1.0,0.747,0.0,0.0,0.7478,0.1417,0.0,0.0,0.0,0.0,0.0,0.0,0.5804,False,False,False,False,无明确战法态,54.0,-0.52,65.47,False,16997.1,,光伏/HIT电池/BC电池,
688517,,0.0,0.6941,0.3773,0.0,0.0,0.2092,0.2152,0.3,0.5454,0.0,0.0,0.0,0.0,0.4051,False,False,False,False,无明确战法态,19.08,4.84,19.43,False,2606.6,,智能电网/充电桩/高压快充,
688518,,0.2879,0.7414,0.6549,0.5561,0.9426,0.5215,0.2262,0.0,0.4802,0.0,0.0,1.0,0.0,0.434,False,False,False,False,无明确战法态,27.47,-4.55,28.3,False,9376.2,,工业母机,
688519,,0.51,0.6398,0.0098,1.0,1.0,0.4489,0.7422,0.0,1.0,0.0,1.0,0.5,0.7,0.2221,False,False,False,False,无明确战法态,371.22,5.16,273.77,True,87151.7,,华为概念/存储芯片/共封装光学(CPO),
688520,,0.0,1.0,0.6721,0.0,0.1897,0.2113,0.2918,0.3,0.4429,0.0,0.0,1.0,0.0,0.341,False,False,False,False,无明确战法态,37.98,2.65,37.34,True,169.1,,生物疫苗/重组蛋白,
688521,,0.3728,1.0,0.5856,1.0,1.0,0.5988,0.5638,0.0,1.0,0.0,0.0,1.0,0.7,0.3399,False,False,False,False,无明确战法态,303.0,-2.1,270.02,True,159352.3,,AI手机/阿里巴巴概念/国家大基金持股,
688522,,0.0,1.0,0.7303,0.0,0.0,0.0,0.1915,0.6,0.0,0.0,0.0,1.0,0.0,0.5829,False,False,False,False,无明确战法态,21.94,-2.45,26.1,False,2700.7,,,
688523,,0.0,0.0,0.0,0.0,0.0,0.0587,0.4081,0.9,0.7168,0.0,1.0,0.5,0.0,0.4307,False,False,False,False,无明确战法态,58.79,16.23,58.57,True,5674.2,,航空发动机,
688525,,0.3985,1.0,0.2697,1.0,1.0,0.5518,0.8869,0.0,1.0,0.0,0.0,1.0,0.7,0.2914,False,False,False,False,无明确战法态,427.91,2.18,346.34,True,201475.7,,华为概念/小米概念/机器人概念,
688526,,0.0,1.0,0.8543,0.0,0.0,0.3495,0.2553,0.6,0.2677,0.0,0.0,0.5,0.0,0.3475,False,False,False,False,无明确战法态,13.04,1.8,13.36,False,6078.3,,生物疫苗/动物疫苗/生态农业,
688528,,0.1003,1.0,0.7095,0.0,0.0,0.5754,0.094,0.0,0.0,0.0,0.0,0.0,0.0,0.5047,False,False,False,False,无明确战法态,9.38,2.18,10.68,False,1575.8,,,
688529,,0.0,0.9303,0.5401,0.0,0.0,0.4743,0.2035,0.3,0.0814,0.0,0.0,0.0,0.0,0.5133,False,False,False,False,无明确战法态,16.64,3.42,17.73,False,2798.4,,,
688530,,0.5669,0.7127,0.432,1.0,1.0,0.5679,0.8466,0.3,1.0,0.0,0.0,1.0,0.7,0.2642,False,False,False,False,无明确战法态,81.08,-4.72,60.7,True,5657.7,,小金属概念,
688531,,0.0,0.5196,0.2231,1.0,1.0,0.4802,0.3221,0.0,1.0,0.0,0.0,0.5,0.7,0.3524,False,False,False,False,无明确战法态,180.0,5.88,149.26,True,20660.2,,食品安全,
688533,,0.0,0.6889,0.5776,0.0,0.0,0.2506,0.2086,0.0,0.0,0.0,0.0,0.0,0.0,0.5748,False,False,False,False,无明确战法态,22.84,4.87,24.64,False,3768.3,,,
688535,,0.0,0.1872,0.2372,1.0,1.0,0.382,0.5215,0.3,1.0,0.0,0.0,1.0,0.7,0.2533,False,False,False,False,无明确战法态,160.46,-7.88,128.64,True,19142.5,,光伏概念/汽车电子/存储芯片,
688536,,0.8293,1.0,0.5323,1.0,1.0,0.7371,0.42,0.3,1.0,1.0,0.0,0.5,0.7,0.4694,True,False,False,False,B1候B2,332.12,-0.56,295.13,True,450.5,,,
688538,,0.0,0.7839,0.6354,0.5482,1.0,0.3173,0.5515,0.0,0.6783,0.0,0.0,1.0,1.0,0.3486,False,False,False,False,无明确战法态,2.45,-4.3,2.41,True,14093.0,,柔性屏(折叠屏)/智能座舱,
688539,,0.0,0.7493,0.4995,0.0,0.0,0.5362,0.3348,0.3,0.2462,0.0,0.0,1.0,0.0,0.4173,False,False,False,False,无明确战法态,33.41,4.5,34.77,False,6211.6,,高铁,
688543,,0.0,0.9901,0.7127,0.0,0.0,0.2764,0.2056,0.0,0.0,0.0,0.0,0.5,0.0,0.5624,False,False,False,False,无明确战法态,40.42,3.06,48.54,False,46.9,,,
688545,,0.2443,0.0,0.3056,1.0,1.0,0.5554,0.42,0.6,1.0,1.0,0.0,1.0,0.7,0.367,False,False,False,False,无明确战法态,112.81,-10.16,92.62,True,20559.6,,国家大基金持股/独角兽概念/光刻胶,
688548,,0.0,0.5684,0.0,1.0,1.0,0.0,0.5145,0.3,1.0,0.0,0.0,1.0,0.7,0.2088,False,False,False,False,无明确战法态,46.45,-5.59,33.62,True,321.1,,氢能源/华为概念/融资融券,
688549,,0.0,0.0,0.0,1.0,1.0,0.5048,0.8029,0.3,1.0,0.0,0.0,1.0,0.7,0.3249,False,False,False,False,无明确战法态,36.26,-9.37,23.66,True,21368.7,,融资融券/存储芯片/国家大基金持股,
688550,,0.0,0.1595,0.4211,0.9493,1.0,0.2486,0.5255,0.3,1.0,0.0,0.0,1.0,0.7,0.299,False,False,False,False,无明确战法态,51.68,-8.04,47.62,True,8984.3,,乡村振兴/创新药/股权转让(并购重组),
688551,,1.0,0.6421,0.558,1.0,0.9426,0.7554,0.2131,0.0,0.4666,0.0,0.0,0.5,0.7,0.51,False,False,False,False,无明确战法态,58.23,-5.15,62.11,False,4895.4,,光伏/光伏概念/氢能源,
688552,,0.0,0.2967,0.4636,0.0,0.0,0.1723,0.1693,0.0,0.0,0.0,0.0,0.5,0.0,0.6261,False,False,False,False,无明确战法态,29.85,7.22,33.01,False,2591.8,,,
688553,,0.0,0.8856,0.3359,0.0,0.0,0.0,0.2036,0.3,0.0,0.0,0.0,0.5,0.0,0.4969,False,False,False,False,无明确战法态,13.22,3.69,15.5,False,4541.6,,重组蛋白/创新药/仿制药一致性评价,
688556,,0.1815,1.0,0.6362,0.0411,0.7305,0.6707,0.1876,0.6,0.4061,0.0,0.0,1.0,0.0,0.3942,False,False,False,False,无明确战法态,12.3,-1.28,12.72,False,10218.5,,光伏,
688557,,0.0,1.0,0.7732,0.0854,0.6359,0.2106,0.2847,0.3,0.7492,0.0,0.0,1.0,0.0,0.4078,False,False,False,False,无明确战法态,33.41,1.49,32.37,True,3430.5,,统一大市场,
688558,,0.0,1.0,0.6061,0.3003,0.2853,0.1113,0.2438,0.0,1.0,0.0,0.0,1.0,0.0,0.3584,False,False,False,False,无明确战法态,36.24,2.46,33.79,True,4783.7,,工业母机,
688559,,1.0,0.5919,0.5954,1.0,1.0,0.4372,0.2159,0.6,1.0,1.0,0.0,0.5,0.7,0.4305,False,False,False,False,无明确战法态,70.11,-5.45,68.38,True,17370.4,,BC电池/电子纸/飞行汽车(eVTOL),
688560,,0.2288,1.0,0.7753,0.0,0.0,0.5554,0.1132,0.0,0.0,0.0,0.0,0.0,0.0,0.5346,False,False,False,False,无明确战法态,12.04,1.43,14.37,False,2423.7,,光伏/BC电池/POE胶膜,
688561,,0.0,1.0,0.8442,0.0,0.0,0.6036,0.1743,0.0,0.0,0.0,0.0,0.5,0.0,0.5038,False,False,False,False,无明确战法态,23.8,-0.67,27.03,False,16237.6,,数字货币,
688562,,0.0,0.8893,0.6314,0.0,0.0,0.5023,0.1363,0.3,0.0,0.0,0.0,0.0,0.0,0.5321,False,False,False,False,无明确战法态,15.56,3.66,17.32,False,2692.2,,,
688563,,0.0,0.979,0.7335,0.0,0.0,0.5453,0.2423,0.0,0.267,0.0,0.0,0.5,0.0,0.4091,False,False,False,False,无明确战法态,52.12,3.13,54.17,False,6097.5,,飞行汽车(eVTOL)/航空发动机,
688565,,0.1117,1.0,0.7778,0.0,0.0,0.5379,0.1245,0.0,0.0,0.0,0.0,0.0,0.0,0.4556,False,False,False,False,无明确战法态,9.83,2.4,11.07,False,1471.8,,,
688566,,0.0,1.0,0.796,0.038,0.6852,0.0,0.2644,0.3,0.5237,0.0,0.0,1.0,0.0,0.2697,False,False,False,False,无明确战法态,26.58,1.68,26.26,True,5300.9,,肝炎概念,
688567,,0.0,1.0,0.8442,0.0,0.0,0.765,0.1955,0.0,0.0,0.0,0.0,0.0,0.0,0.5324,False,False,False,False,无明确战法态,10.31,0.39,12.14,False,126.0,,固态电池,
688568,,0.0,0.6805,0.5919,0.0,0.0,0.4386,0.1355,0.0,0.0,0.0,1.0,0.0,0.0,0.5698,False,False,False,False,无明确战法态,41.82,4.92,49.94,False,33793.9,,碳中和/碳交易/海工装备,
688569,,0.0,0.8711,0.7131,0.0,0.0,0.2907,0.1422,0.0,0.0932,0.0,0.0,0.0,0.0,0.5731,False,False,False,False,无明确战法态,17.6,3.77,18.6,False,3707.7,,,
688570,,0.0,0.411,0.5048,0.0,0.0,0.1914,0.1067,0.3,0.1765,0.0,0.0,0.5,0.0,0.4064,False,False,False,False,无明确战法态,15.49,6.53,16.07,False,2915.2,,煤炭概念,
688571,,0.0,0.2643,0.5359,0.7124,1.0,0.0,0.3724,0.6,1.0,0.0,0.0,1.0,0.7,0.3141,False,False,False,False,无明确战法态,10.24,-7.41,8.83,True,4343.5,,光刻胶,
688573,,0.2023,1.0,0.7249,0.0,0.0,0.6106,0.1537,0.0,0.0,0.0,0.0,0.0,0.0,0.4442,False,False,False,False,无明确战法态,17.58,0.74,20.11,False,935.5,,,
688575,,0.0,1.0,0.811,0.0,0.0,0.6004,0.1915,0.0,0.0,0.0,0.0,0.5,0.0,0.5971,False,False,False,False,无明确战法态,9.29,1.31,10.8,False,5308.2,,,
688576,,0.0,1.0,0.77,0.0,0.0,0.0847,0.181,0.3,0.0,0.0,0.0,0.0,0.0,0.516,False,False,False,False,无明确战法态,44.09,2.77,63.04,False,960.8,,,
688577,,0.0,0.706,0.505,0.0,0.0,0.0,0.2312,0.3,0.0,0.0,0.0,0.5,0.0,0.4337,False,False,False,False,无明确战法态,54.32,4.76,60.24,False,6044.7,,,
688578,,0.0,1.0,0.4315,0.6725,1.0,0.0,0.9717,0.3,1.0,0.0,0.0,1.0,0.0,0.2273,False,False,False,False,无明确战法态,130.88,0.01,95.2,True,58896.0,,,
688579,,0.2592,1.0,0.8184,0.0,0.0,0.6948,0.1337,0.0,0.0,0.0,0.0,0.0,0.0,0.5769,False,False,False,False,无明确战法态,7.85,1.82,9.17,False,3140.1,,数据确权,
688580,,0.0,1.0,0.6831,0.2639,0.972,0.2568,0.6972,0.0,1.0,0.0,0.0,1.0,0.0,0.3222,False,False,False,False,无明确战法态,58.76,1.56,55.67,True,5627.5,,三胎概念/养老概念,
688581,,0.0,1.0,0.8298,0.1057,0.0,0.8944,0.2287,0.0,0.5012,0.0,0.0,0.5,0.0,0.425,False,False,False,False,无明确战法态,56.2,1.77,55.93,True,2335.7,,,
688582,,0.4509,1.0,0.5652,0.6073,1.0,0.4843,0.5155,0.0,0.8263,0.0,0.0,1.0,0.0,0.398,False,False,False,False,无明确战法态,60.0,0.86,57.51,True,15013.1,,传感器/低空经济/股权转让(并购重组),
688583,,1.0,1.0,0.5936,0.0,0.0,0.6715,0.242,0.3,0.0,0.0,0.0,0.0,1.0,0.4838,False,False,False,False,无明确战法态,83.0,1.8,116.95,False,2556.7,,,
688584,,0.1254,0.0,0.2785,1.0,1.0,0.3761,0.4696,0.6,1.0,0.0,0.0,1.0,0.7,0.3638,False,False,False,False,无明确战法态,31.95,-9.95,28.02,True,10968.4,,,
688585,,0.0,0.3147,0.0526,0.8808,0.7981,0.0,0.2476,0.3,1.0,0.0,0.0,0.5,0.7,0.3465,False,False,False,False,无明确战法态,173.5,7.11,156.14,True,69983.3,,氢能源/风电/股权转让(并购重组),
688586,,0.0,0.886,0.6784,0.0,0.0,0.5948,0.0977,0.0,0.053,0.0,0.0,0.0,0.0,0.5284,False,False,False,False,无明确战法态,11.82,3.68,12.81,False,9353.6,,,
688588,,0.0666,1.0,0.8265,0.0,0.0,0.677,0.1861,0.0,0.0,0.0,0.0,0.0,0.0,0.5742,False,False,False,False,无明确战法态,9.41,2.06,10.74,False,3764.1,,,
688589,,0.0,0.7002,0.6487,0.0994,0.8277,0.256,0.2151,0.3,0.6825,0.0,0.0,1.0,0.0,0.3994,False,False,False,False,无明确战法态,22.22,-4.8,21.87,True,3229.2,,智慧灯杆,
688590,,0.0407,1.0,0.7097,0.0,0.0,0.7198,0.2137,0.3,0.0,0.0,0.0,0.0,0.0,0.5178,False,False,False,False,无明确战法态,12.77,-0.7,14.57,False,3595.0,,AI语料/互联网保险/数据确权,
688591,,0.0,1.0,0.5885,0.0376,0.6864,0.475,0.2012,0.0,0.4596,0.0,0.0,1.0,0.0,0.4278,False,False,False,False,无明确战法态,34.93,1.22,34.85,True,5883.5,,国家大基金持股/上海自贸区/WiFi 6,
688592,,0.7722,1.0,0.713,0.1015,0.0,0.328,0.3621,0.9,0.0,0.0,0.0,0.0,0.0,0.4388,False,False,False,False,无明确战法态,29.9,-0.23,40.87,False,1151.8,,农机,
688593,,0.0,1.0,0.4692,0.6063,1.0,0.4162,0.3199,0.3,1.0,0.0,0.0,1.0,0.7,0.2293,False,False,False,False,无明确战法态,39.07,-2.18,34.24,True,12607.2,,电子纸,
688595,,0.2721,1.0,0.6392,0.9718,1.0,0.4937,0.4129,0.0,1.0,0.0,0.0,1.0,0.7,0.3453,False,False,False,False,无明确战法态,40.04,-2.82,37.9,True,5769.5,,鸿蒙概念/AI PC,
688596,,0.0,0.9665,0.1714,1.0,1.0,0.2777,0.6069,0.0,1.0,0.0,0.0,1.0,0.7,0.1903,False,False,False,False,无明确战法态,77.41,-3.2,47.19,True,22768.7,,氢能源/第三代半导体/氟化工概念,
688597,,0.0,0.5005,0.3203,0.0,0.0,0.459,0.2162,0.6,0.0,0.0,0.0,0.0,0.0,0.5917,False,False,False,False,无明确战法态,7.07,6.0,8.06,False,2375.9,,时空大数据,
688598,,1.0,1.0,0.2784,1.0,1.0,0.4017,0.3486,0.6,1.0,0.0,0.0,0.5,0.7,0.3254,False,False,False,False,B1候B2,48.59,1.93,39.59,True,9891.7,,光伏/光伏概念/氢能源,
688599,,0.0,0.9992,0.6832,0.0,0.0,0.6379,0.1621,0.0,0.0,0.0,0.0,0.5,0.0,0.4237,False,False,False,False,无明确战法态,13.88,-3.0,15.44,False,32514.8,,光伏/HIT电池/BC电池,
688600,,0.2632,0.7198,0.5413,0.9474,1.0,0.5533,0.5223,0.6,1.0,0.0,0.0,1.0,0.7,0.3425,False,False,False,False,无明确战法态,30.34,-4.68,28.76,True,4087.1,,氢能源/液冷服务器,
688601,,0.4856,0.7408,0.7305,0.6607,0.5599,0.7778,0.1435,0.0,0.4299,0.0,0.0,0.5,0.0,0.4417,False,False,False,False,无明确战法态,54.06,-4.56,56.48,False,7227.4,,AI手机/民爆概念,
688602,,0.0,0.5196,0.498,0.3985,1.0,0.0,0.4165,0.9,0.7395,0.0,0.0,1.0,0.0,0.4356,False,False,False,False,无明确战法态,8.0,-5.88,7.74,True,2076.8,,超级电容/氟化工概念/有机硅概念,
688603,,0.7672,0.404,0.4764,1.0,1.0,0.6916,0.2826,0.0,1.0,1.0,0.0,1.0,0.7,0.4643,False,False,False,False,无明确战法态,163.8,-6.58,156.04,True,7767.7,,,
688605,,0.0,1.0,0.1673,1.0,1.0,0.0939,0.5306,0.0,1.0,0.0,0.0,1.0,0.7,0.2925,False,False,False,False,无明确战法态,100.0,2.39,80.97,True,10835.2,,光刻机/中芯国际概念,
688606,,0.0,1.0,0.8017,0.0,0.0,0.5779,0.1788,0.3,0.0,0.0,0.0,0.0,0.0,0.5214,False,False,False,False,无明确战法态,43.68,2.32,49.68,False,3463.0,,禽流感,
688607,,0.0,1.0,0.6483,0.0,0.0,0.6077,0.0983,0.3,0.0,0.0,0.0,0.5,0.0,0.4356,False,False,False,False,无明确战法态,49.47,-1.88,56.46,False,3924.4,,,
688608,,1.0,1.0,0.6661,0.0,0.0,0.5474,0.3303,0.0,0.0,0.0,0.0,0.0,1.0,0.486,False,False,False,False,无明确战法态,113.97,0.49,163.66,False,19226.0,,无线耳机/语音技术/智能音箱,
688609,,0.6443,1.0,0.7586,0.8098,0.0,0.78,0.2217,0.3,0.2155,0.0,0.0,0.0,0.7,0.5332,False,False,False,False,无明确战法态,10.08,-1.37,10.73,False,5040.0,,鸿蒙概念/碳交易/智能电网,
688610,,1.0,0.5332,0.4453,1.0,1.0,0.7582,0.4471,0.0,1.0,1.0,0.0,1.0,0.7,0.433,False,False,False,False,无明确战法态,203.8,-5.8,187.57,True,8342.1,,基因测序,
688611,,0.0,0.137,0.2663,0.8292,0.3257,0.3714,0.3286,0.9,1.0,0.0,0.0,0.0,0.7,0.4263,False,False,False,False,无明确战法态,75.0,8.18,70.96,True,11504.2,,智能电网/区块链/虚拟电厂,
688612,,0.0,1.0,0.7838,0.2636,0.0,0.7721,0.3146,0.0,0.5314,0.0,0.0,0.5,0.7,0.3429,False,False,False,False,无明确战法态,31.9,1.43,31.95,False,8056.4,,无线充电,
688613,,0.0,1.0,0.7695,0.0,0.0,0.5693,0.1157,0.3,0.0,0.0,0.0,0.0,0.0,0.6095,False,False,False,False,无明确战法态,15.32,1.86,17.32,False,2099.0,,,
688615,,0.4427,1.0,0.7872,0.0,0.0,0.621,0.2027,0.0,0.0,0.0,0.0,0.0,0.0,0.4147,False,False,False,False,无明确战法态,109.5,-2.07,128.21,False,14819.5,,互联网金融/华为昇腾/数据安全,
688616,,0.0,0.7071,0.644,0.0,0.0,0.3146,0.1364,0.0,0.0,0.0,0.0,0.0,0.0,0.5831,False,False,False,False,无明确战法态,10.79,4.76,11.94,False,19.4,,,
688617,,0.0,1.0,0.7241,0.0,0.0,0.4428,0.2627,0.3,0.0,0.0,0.0,0.5,0.0,0.4072,False,False,False,False,无明确战法态,194.66,-0.16,209.36,False,27455.2,,,
688618,,0.0,1.0,0.567,0.0,0.0,0.6613,0.1135,0.0,0.0,0.0,0.0,0.0,0.0,0.4652,False,False,False,False,无明确战法态,30.97,-1.4,34.26,False,3408.2,,WiFi 6,
688619,,0.0,1.0,0.6156,0.5537,0.0,0.7852,0.1731,0.3,0.3815,0.0,0.0,0.0,0.7,0.381,False,False,False,False,无明确战法态,15.72,0.7,16.36,False,29.2,,海工装备/安防/多模态AI,
688620,,0.0,0.9081,0.3977,1.0,1.0,0.0,0.4331,0.6,1.0,0.0,0.0,1.0,0.7,0.2674,False,False,True,False,无明确战法态,16.62,3.55,13.32,True,3861.1,,无线耳机/阿里巴巴概念/人脸识别,
688621,,0.0,1.0,0.5479,0.0,0.7083,0.3309,0.2786,0.6,0.4872,0.0,0.0,1.0,0.0,0.3485,False,False,False,False,无明确战法态,56.05,0.56,56.05,True,6277.6,,CXO概念/CRO概念/宠物经济,
688622,,0.4904,1.0,0.8177,1.0,1.0,0.9905,0.5079,0.3,1.0,1.0,0.0,0.5,1.0,0.3534,False,False,False,False,B1候B2,127.88,-0.1,116.04,True,9011.1,,碳中和/ST板块/食品安全,
688623,,0.9315,1.0,0.6492,0.335,0.0,0.0922,0.4211,0.3,0.0,0.0,1.0,0.0,0.7,0.3323,False,False,False,False,无明确战法态,73.3,-0.6,94.51,False,1403.2,,机器视觉/举牌,
688625,,1.0,1.0,0.7483,0.9298,0.0,0.724,0.5101,0.3,0.3299,0.0,0.0,0.5,0.7,0.5331,False,False,False,False,无明确战法态,76.25,-1.75,84.25,False,14359.5,,,
688626,,0.0,1.0,0.7403,0.0,0.0,0.2446,0.2914,0.3,0.1833,0.0,0.0,0.5,0.0,0.3415,False,False,False,False,无明确战法态,50.19,2.89,52.58,False,8030.4,,旅游概念,
688627,,0.6057,1.0,0.4648,1.0,1.0,0.5807,0.5385,0.0,1.0,0.0,0.0,1.0,0.7,0.3664,True,False,False,False,B1候B2,578.3,-0.65,456.79,True,419.1,,机器人概念/存储芯片/东数西算(算力),
688628,,0.9067,1.0,0.4702,1.0,1.0,0.6774,0.3265,0.0,1.0,1.0,0.0,0.5,0.7,0.4119,True,False,False,False,B1候B2,94.09,-0.96,87.53,True,10516.2,,核污染防治/PM2.5,
688629,,0.0,1.0,0.5912,1.0,1.0,0.4923,0.3001,0.6,1.0,0.0,0.0,1.0,0.7,0.2785,False,False,False,False,无明确战法态,180.0,0.33,144.47,True,32720.9,,卫星导航/阿里巴巴概念/低空经济,
688630,,0.7905,1.0,0.1816,1.0,1.0,0.6584,0.5826,0.0,1.0,0.0,0.0,0.5,0.7,0.3971,False,False,False,False,无明确战法态,480.32,2.63,383.51,True,63277.7,,BC电池/光刻机/光刻胶,
688631,,0.0,0.9044,0.673,0.0,0.0,0.5091,0.2686,0.0,0.0,0.0,1.0,0.5,0.0,0.3636,False,False,False,False,无明确战法态,46.66,3.57,51.48,False,3026.8,,军工信息化/PM2.5/数字孪生,
688633,,0.0682,1.0,0.7951,0.5716,0.0511,0.6569,0.3227,0.0,0.6378,0.0,0.0,0.5,0.0,0.3812,False,False,False,False,无明确战法态,30.21,0.94,30.34,False,4343.3,,,
688636,,0.0,0.0,0.0,0.0,0.0,0.0,0.3984,1.0,0.7489,0.0,0.0,0.5,0.0,0.5469,False,False,False,False,无明确战法态,40.2,14.2,39.14,True,6738.6,,华为昇腾/军工信息化,
688638,,0.0,1.0,0.6437,0.0,0.0,0.5036,0.1879,0.3,0.0,0.0,0.0,0.0,0.0,0.4819,False,False,False,False,无明确战法态,32.04,1.94,36.12,False,847.8,,,
688639,,0.3564,1.0,0.7325,0.0,0.0,0.5287,0.3305,0.3,0.0,0.0,0.0,0.0,0.0,0.4693,False,False,False,False,无明确战法态,16.66,-1.71,23.08,False,4166.9,,,
688646,,0.0,0.5108,0.4399,1.0,1.0,0.0,0.3849,0.6,1.0,0.0,0.0,1.0,0.7,0.3866,False,False,True,False,无明确战法态,78.18,5.93,65.27,True,4533.3,,ST板块/超级电容/动力电池回收,
688648,,0.0,0.7998,0.5212,0.0,0.0,0.3685,0.1426,0.0,0.0,0.0,0.0,0.5,0.0,0.6466,False,False,False,False,无明确战法态,36.71,4.2,42.55,False,2552.4,,,
688651,,0.1202,1.0,0.7367,0.0,0.0,0.6199,0.1153,0.0,0.0,0.0,0.0,0.0,0.0,0.4914,False,False,False,False,无明确战法态,32.49,2.65,36.68,False,1054.4,,国产操作系统/量子科技/数字货币,
688652,,0.0,1.0,0.4734,1.0,1.0,0.4116,0.4251,0.0,1.0,0.0,0.0,1.0,0.7,0.2587,False,False,False,False,无明确战法态,193.49,-1.71,148.63,True,23363.9,,高端装备/中芯国际概念,
688653,,0.0,0.9048,0.6731,0.9249,1.0,0.4734,0.3007,0.3,1.0,0.0,0.0,1.0,0.7,0.3323,False,False,False,False,无明确战法态,15.93,-3.57,15.09,True,5040.4,,上海自贸区/WiFi 6/智能音箱,
688655,,1.0,0.6858,0.6383,1.0,0.0,0.7918,0.1759,0.0,0.4999,0.0,0.0,0.5,0.7,0.5122,False,False,False,False,无明确战法态,44.0,-4.89,46.83,False,5869.2,,,
688656,,0.0,1.0,0.6515,0.0,0.0,0.2429,0.1226,0.3,0.0,0.0,0.0,0.5,0.0,0.4009,False,False,False,False,无明确战法态,103.55,-0.49,113.3,False,6573.3,,,
688657,,0.2447,1.0,0.8462,0.5962,0.504,0.7105,0.1965,0.6,0.5517,0.0,0.0,0.0,0.7,0.3506,False,False,False,False,B1候B2,35.91,-0.17,36.18,False,21.4,,,
688658,,0.0,0.2926,0.4508,0.0,0.0,0.0,0.1247,0.0,0.0,0.0,0.0,0.5,0.0,0.4941,False,False,False,False,无明确战法态,15.1,7.24,16.18,False,6795.0,,生物疫苗/创新药/仿制药一致性评价,
688659,,0.9465,1.0,0.6443,0.4558,0.3099,0.3895,0.2813,0.0,0.4297,0.0,0.0,0.5,0.0,0.4316,False,False,False,False,无明确战法态,10.24,1.19,10.55,False,1638.4,,碳中和/氢能源,
688660,,0.3052,1.0,0.5724,0.0,0.0,0.3659,0.1814,0.0,0.0,0.0,0.0,0.0,0.0,0.6058,False,False,False,False,无明确战法态,8.58,1.9,10.5,False,11440.0,,,
688661,,0.0,0.0,0.0,1.0,1.0,0.4183,0.4521,0.6,1.0,0.0,0.0,1.0,0.7,0.4594,False,False,False,False,无明确战法态,174.37,11.41,128.79,True,26484.7,,融资融券/机器人概念/传感器,
688662,,1.0,0.7182,0.4666,1.0,1.0,0.5236,0.5834,0.0,1.0,1.0,0.0,0.5,0.7,0.4391,False,False,False,False,无明确战法态,134.5,-4.69,115.82,True,11868.3,,,
688663,,0.1184,1.0,0.3934,1.0,0.8187,0.4596,0.1834,0.3,1.0,1.0,0.0,1.0,0.7,0.3736,False,False,False,False,无明确战法态,84.47,-2.09,80.96,True,11950.4,,光伏/阿里巴巴概念/风电,
688665,,0.2554,0.941,0.677,1.0,1.0,0.4849,0.2574,0.6,1.0,0.0,0.0,1.0,0.7,0.3518,False,False,False,False,无明确战法态,59.65,-3.35,55.64,True,6036.1,,PM2.5,
688667,,0.0,1.0,0.5831,0.6056,0.9609,0.6483,0.2328,0.0,1.0,0.0,0.0,1.0,0.0,0.3803,False,False,False,False,无明确战法态,127.14,-1.59,123.72,True,6699.7,,车联网(车路协同),
688668,,0.9906,1.0,0.5764,1.0,1.0,0.679,0.3635,0.0,1.0,1.0,0.0,0.0,0.7,0.4506,True,False,False,False,B1候B2,322.83,0.56,316.6,True,44960.7,,铜缆高速连接,
688669,,0.0,0.4045,0.2401,1.0,1.0,0.4139,1.0,0.3,1.0,0.0,0.0,1.0,0.7,0.2029,False,False,False,False,无明确战法态,112.2,6.57,57.57,True,13613.6,,光刻胶/石墨烯,
688670,,0.0,1.0,0.625,0.0,0.2791,0.5453,0.299,0.0,0.5983,0.0,0.0,1.0,0.0,0.3006,False,False,False,False,无明确战法态,16.73,0.12,16.48,True,2061.1,,,
688671,,0.0,0.6223,0.422,1.0,1.0,0.3053,0.5074,0.0,1.0,0.0,0.0,1.0,0.7,0.2824,False,False,False,False,无明确战法态,32.56,-5.27,27.32,True,1525.3,,碳中和/物联网/海工装备,
688676,,0.8003,1.0,0.6852,0.2111,0.0,0.7825,0.1882,0.3,0.0,0.0,0.0,0.0,0.7,0.4686,False,False,False,False,无明确战法态,79.54,0.68,89.44,False,36571.2,,光伏/海南自贸区,
688677,,0.5635,1.0,0.6849,0.9929,0.0,0.6326,0.1589,0.0,0.4002,0.0,0.0,0.0,0.7,0.3875,False,False,False,False,无明确战法态,99.0,-0.03,107.63,False,11867.8,,,
688678,,0.0,1.0,0.5154,0.7224,0.8414,0.5411,0.2614,0.0,1.0,0.0,1.0,1.0,0.0,0.2283,False,False,False,False,无明确战法态,23.37,2.95,22.07,True,9420.6,,海峡两岸/苹果概念/特斯拉概念,
688679,,0.6799,1.0,0.5642,0.0,0.0,0.712,0.0464,0.0,0.0,0.0,0.0,0.0,0.0,0.5716,False,False,False,False,无明确战法态,39.71,1.79,50.85,False,5229.4,,,
688680,,0.0,1.0,0.7565,0.0,0.0,0.621,0.2051,0.0,0.0,0.0,0.0,0.0,0.0,0.4597,False,False,False,False,无明确战法态,41.0,-0.85,45.86,False,4000.4,,光伏/BC电池/POE胶膜,
688681,,0.0,0.9912,0.7603,0.0,0.0,0.0979,0.193,0.0,0.0,0.0,0.0,0.0,0.0,0.5005,False,False,False,False,无明确战法态,15.19,3.05,16.74,False,1589.9,,,
688682,,0.0,1.0,0.6882,0.0,0.0,0.722,0.2026,0.3,0.0,0.0,0.0,0.0,0.0,0.5392,False,False,False,False,无明确战法态,39.1,1.58,43.55,False,39.8,,军工信息化,
688683,,0.0,1.0,0.0,0.3348,0.0,0.3869,0.1606,0.0,0.0044,0.0,0.0,0.0,0.0,0.5034,False,False,False,False,无明确战法态,35.2,-2.3,38.85,False,5462.3,,,
688685,,0.0,0.5364,0.2844,0.6455,1.0,0.0,0.3668,0.3,1.0,0.0,0.0,1.0,0.7,0.3759,False,False,True,False,无明确战法态,57.45,5.78,49.07,True,8436.6,,,
688686,,0.0,1.0,0.3834,1.0,1.0,0.5204,0.4134,0.3,1.0,0.0,0.0,1.0,0.7,0.3057,False,False,False,False,无明确战法态,169.19,2.54,139.73,True,206.8,,传感器/锂电池概念/机器视觉,
688687,,0.0,1.0,0.7939,0.0,0.0,0.3412,0.2343,0.3,0.1246,0.0,0.0,1.0,0.0,0.2513,False,False,False,False,无明确战法态,17.45,1.81,17.81,False,2983.0,,重组蛋白,
688689,,0.0,0.0,0.0,1.0,1.0,0.0,0.7746,0.0,1.0,0.0,0.0,1.0,0.7,0.2406,False,False,False,False,无明确战法态,68.03,-14.96,44.4,True,8769.3,,,
688690,,0.9947,0.6927,0.518,1.0,1.0,0.4521,0.6003,0.3,1.0,1.0,0.0,0.5,0.7,0.4019,False,False,False,False,无明确战法态,40.27,-4.84,38.14,True,16261.6,,食品安全,
688691,,0.6381,0.8161,0.5942,0.1582,0.4786,0.5669,0.2201,0.3,0.1527,0.0,0.0,1.0,0.0,0.4383,False,False,False,False,无明确战法态,99.56,-4.1,107.48,False,7264.4,,上海自贸区,
688692,,0.7211,0.4535,0.4669,0.3557,0.0,0.4017,0.1898,0.3,0.0,0.0,0.0,0.0,0.7,0.5592,False,False,False,False,无明确战法态,221.51,-6.28,256.92,False,16200.5,,AI语料,
688693,,0.5706,0.7526,0.5695,1.0,0.0,0.7786,0.1341,0.0,0.6834,0.0,0.0,0.0,0.7,0.4857,False,False,False,False,无明确战法态,92.01,-4.48,95.31,False,3579.6,,,
688695,,0.0,1.0,0.7912,0.0,0.0,0.5122,0.2271,0.0,0.0,0.0,0.0,0.0,0.0,0.5116,False,False,False,False,无明确战法态,19.09,1.33,21.91,False,1019.3,,,
688696,,0.0,1.0,0.7992,0.0,0.0,0.6005,0.1189,0.0,0.0,0.0,0.0,0.5,0.0,0.4837,False,False,False,False,无明确战法态,66.17,1.19,75.88,False,46.3,,手机游戏,
688697,,0.0,1.0,0.5553,0.0,0.0,0.0694,0.237,0.0,0.0,0.0,0.0,0.5,0.7,0.3306,False,False,False,False,无明确战法态,15.43,-0.06,16.84,False,7056.7,,,
688698,,0.0,0.0,0.132,0.0,0.0,0.0,0.218,0.3,0.1587,0.0,0.0,0.5,0.0,0.5676,False,False,False,False,无明确战法态,61.5,11.21,64.39,False,13162.4,,,
688699,,0.0638,0.4876,0.4264,1.0,1.0,0.4961,0.3929,0.0,1.0,0.0,0.0,1.0,0.7,0.3072,False,False,False,False,无明确战法态,74.99,-6.07,64.42,True,8253.7,,,
688700,,1.0,1.0,0.5334,1.0,0.9829,0.7269,0.4036,0.0,0.7712,0.0,0.0,0.0,0.7,0.5044,True,False,False,False,B1候B2,77.6,-1.25,79.24,False,23155.9,,,
688701,,0.0,1.0,0.7263,0.0,0.0,0.4925,0.1139,0.3,0.0,0.0,0.0,0.0,0.0,0.549,False,False,False,False,无明确战法态,7.71,2.12,8.83,False,1035.3,,,
688702,,0.1685,0.1116,0.0,1.0,1.0,0.3566,0.3616,0.3,1.0,0.0,0.0,1.0,0.7,0.295,False,False,False,False,无明确战法态,323.64,-8.33,286.77,True,65696.3,,国家大基金持股/网络安全,
688707,,0.4413,1.0,0.7897,0.0111,0.0,0.8901,0.1422,0.3,0.0,0.0,0.0,0.0,0.0,0.4548,False,False,False,False,无明确战法态,12.5,-1.42,14.33,False,6359.3,,动力电池回收,
688708,,0.0,1.0,0.7141,0.2397,0.8584,0.548,0.3684,0.3,0.5219,0.0,0.0,0.5,0.0,0.459,False,False,False,False,无明确战法态,52.6,3.0,52.22,True,7483.7,,军民融合,
688709,,0.0786,1.0,0.7061,0.0,0.562,0.5773,0.2152,0.3,0.1308,0.0,0.0,1.0,0.0,0.4102,False,False,False,False,无明确战法态,36.25,-2.55,38.42,False,80.4,,量子科技,
688710,,0.0761,0.9026,0.2031,0.4799,1.0,0.0,0.4087,0.0,0.871,0.0,0.0,1.0,0.0,0.3617,False,False,False,False,无明确战法态,62.67,-3.58,61.42,True,5683.8,,创新药/细胞免疫治疗/智能医疗,
688711,,0.8547,0.0984,0.3734,1.0,1.0,0.4357,0.3043,0.3,1.0,1.0,0.0,1.0,0.7,0.3911,False,False,False,False,无明确战法态,37.03,-8.41,36.17,True,7890.8,,,
688716,,0.0,0.0,0.0519,0.1318,0.2817,0.0,0.2968,0.6,0.9399,0.0,0.0,0.5,0.0,0.4797,False,False,False,False,无明确战法态,36.57,10.18,34.29,True,2557.2,,PEEK材料/碳纤维,
688717,,0.8765,1.0,0.815,0.0,0.0,0.6475,0.0822,0.0,0.0,0.0,0.0,0.0,0.0,0.4962,False,False,False,False,无明确战法态,73.93,-0.43,97.03,False,7322.6,,,
688718,,0.0,1.0,0.8068,0.5542,0.6235,0.6904,0.5326,0.0,0.837,0.0,0.0,0.5,0.0,0.3707,False,False,False,False,B1候B2,16.67,0.66,16.28,True,29.0,,盐湖提锂/污水处理,
688719,,0.7534,0.6646,0.5509,1.0,0.5309,0.6187,0.1835,0.3,0.5802,0.0,0.0,0.0,0.7,0.5576,False,False,False,False,无明确战法态,70.5,-5.01,72.8,False,6325.4,,智能电网/燃料电池,
688720,,0.0,0.8616,0.5623,0.8965,0.9471,0.5502,0.5327,0.0,0.8656,1.0,0.0,1.0,0.7,0.3398,False,False,False,False,无明确战法态,87.88,-3.83,86.63,True,4955.1,,融资融券/存储芯片/国家大基金持股,
688721,,0.1171,0.1589,0.386,1.0,1.0,0.1733,0.3918,0.6,1.0,0.0,0.0,1.0,0.7,0.2668,False,False,False,False,无明确战法态,56.11,-8.05,49.86,True,3001.0,,,
688722,,0.0,0.7346,0.4308,0.0382,0.0,0.3175,0.1829,0.6,0.0833,0.0,0.0,0.0,0.0,0.4918,False,False,False,False,无明确战法态,16.17,4.59,17.09,False,3623.8,,,
688726,,0.7298,1.0,0.7007,0.0,0.0,0.8607,0.1729,0.0,0.0,0.0,0.0,0.0,1.0,0.5569,False,False,False,False,无明确战法态,48.22,-0.23,58.45,False,10604.8,,BC电池/TOPCON电池,
688727,,0.0,0.6024,0.4286,1.0,1.0,0.4843,0.439,0.0,0.0,0.0,0.0,1.0,0.7,0.3407,False,False,False,False,无明确战法态,66.23,-5.39,58.36,True,3327.6,次新股,创投/存储芯片/福建自贸区,33.7
688728,,0.0,0.621,0.5285,1.0,1.0,0.0,0.5657,0.9,1.0,0.0,0.0,1.0,0.7,0.1979,False,False,False,False,无明确战法态,23.17,-5.27,15.71,True,57899.2,,AI PC/安防/国家大基金持股,
688729,,0.0,0.532,0.0,1.0,1.0,0.0,0.7118,0.3,0.0,0.0,0.0,1.0,0.7,0.2327,False,False,True,False,无明确战法态,42.63,5.81,30.21,True,9165.5,次新股,科创次新股,33.7
688733,,0.2805,0.5998,0.4599,1.0,1.0,0.5421,0.2678,0.3,1.0,1.0,0.0,0.5,0.7,0.3921,False,False,False,False,无明确战法态,38.88,-5.4,37.12,True,77.7,,宁德时代概念/燃料电池,
688737,,0.8453,0.9004,0.7531,0.0,0.0,0.7474,0.135,0.3,0.0,0.0,0.0,0.0,0.0,0.5674,False,False,False,False,无明确战法态,19.58,3.6,25.05,False,23.4,,,
688739,,0.0,1.0,0.8765,0.0,0.0,0.559,0.1551,0.0,0.0192,0.0,0.0,0.5,0.0,0.3887,False,False,False,False,无明确战法态,20.31,1.7,21.56,False,8458.1,,生物疫苗/重组蛋白,
688750,,0.3594,1.0,0.8501,0.1113,0.0,0.6275,0.3012,0.3,0.057,0.0,0.0,0.0,0.0,0.4125,False,False,False,False,无明确战法态,16.6,0.91,17.72,False,3866.4,,,
688755,,0.0,1.0,0.7031,0.0,0.0,0.5082,0.2703,0.3,0.0,0.0,0.0,1.0,0.0,0.4672,False,False,False,False,无明确战法态,28.07,0.0,32.27,False,494.0,,,
688757,,1.0,0.7629,0.6477,1.0,1.0,0.7436,0.3293,0.0,1.0,1.0,0.0,0.5,0.7,0.4097,False,False,False,False,无明确战法态,57.7,-4.42,48.53,True,10456.4,,光刻胶,
688758,,0.0,1.0,0.7306,0.6632,1.0,0.089,0.4811,0.6,1.0,0.0,0.0,1.0,0.0,0.2941,False,False,False,False,无明确战法态,21.86,0.37,19.79,True,6518.3,,,
688759,,0.0,1.0,0.7104,0.0,0.5632,0.3887,0.3086,0.0,0.0,0.0,0.0,1.0,0.0,0.2719,False,False,False,False,无明确战法态,34.5,0.58,33.94,True,1841.2,次新股,科创次新股/细胞免疫治疗,33.7
688765,,0.0,1.0,0.659,0.0,0.3919,0.404,0.1954,0.3,0.0,0.0,0.0,1.0,0.0,0.2919,False,False,False,False,无明确战法态,52.62,1.19,53.48,False,2435.3,次新股,重组蛋白/科创次新股/农业种植,33.7
688766,,0.0,0.8349,0.0,1.0,1.0,0.358,0.9146,0.0,1.0,0.0,0.0,1.0,0.7,0.1783,False,False,False,False,无明确战法态,815.88,3.99,501.33,True,120790.3,,华为概念/小米概念/融资融券,
688767,,0.0,0.0,0.4015,0.2209,0.0,0.5979,0.28,0.3,0.6027,0.0,0.0,0.0,0.7,0.5293,False,False,False,False,无明确战法态,37.0,9.27,36.6,True,5525.3,,芬太尼,
688768,,0.0,1.0,0.6725,0.7669,0.9353,0.6259,0.2259,0.0,0.6347,0.0,0.0,0.0,1.0,0.3974,False,False,False,False,无明确战法态,52.03,-1.31,52.2,False,4540.3,,,
688772,,0.5709,0.7742,0.2652,1.0,1.0,0.4634,0.324,0.9,1.0,0.0,1.0,0.5,1.0,0.242,False,False,False,False,B1候B2,19.41,4.35,18.27,True,21975.7,,,
688775,,0.0,1.0,0.7743,0.0,0.0,0.3903,0.1579,0.6,0.0,0.0,0.0,0.0,0.0,0.5818,False,False,False,False,无明确战法态,135.93,1.14,166.89,False,4458.5,次新股,语音技术,33.7
688776,,0.0,1.0,0.6852,0.0,0.0,0.4643,0.2397,0.3,0.0,0.0,0.0,0.5,0.0,0.4695,False,False,False,False,无明确战法态,59.1,0.75,70.58,False,6405.5,,,
688777,,0.9966,1.0,0.4414,1.0,1.0,0.6262,0.3254,0.3,1.0,1.0,0.0,0.5,0.7,0.4662,True,False,False,False,B1候B2,104.2,1.17,98.6,True,82026.1,,碳中和/鸿蒙概念/碳交易,
688778,,0.7026,1.0,0.8553,0.0,0.0,0.639,0.1615,0.3,0.0,0.0,0.0,0.0,0.0,0.5361,False,False,False,False,无明确战法态,52.31,-1.3,64.5,False,26400.4,,福建自贸区,
688779,,0.3957,1.0,0.7649,0.0,0.0,0.5808,0.1896,0.0,0.0,0.0,0.0,0.0,0.0,0.5015,False,False,False,False,无明确战法态,7.95,0.13,9.18,False,15337.3,,,
688783,,0.0,0.3477,0.5011,1.0,1.0,0.6855,0.4614,0.0,0.0,0.0,0.0,1.0,0.7,0.2813,False,False,False,False,无明确战法态,53.99,-6.91,41.72,True,9997.7,次新股,融资融券/存储芯片/国家大基金持股,33.7
688786,,0.4545,0.0,0.2241,1.0,1.0,0.3987,0.4207,0.3,1.0,1.0,0.0,0.5,0.7,0.371,False,False,False,False,无明确战法态,44.8,-9.48,41.19,True,6442.2,,特钢概念,
688787,,0.8303,1.0,0.7227,0.499,0.0,0.6271,0.2558,0.3,0.0,0.0,0.0,0.0,1.0,0.4987,False,False,False,False,B1候B2,127.0,-1.26,142.56,False,7661.3,,AI语料/数字水印/语音技术,
688788,,0.0,1.0,0.6704,0.0,0.0,0.4565,0.411,0.6,0.0,0.0,0.0,1.0,0.0,0.3881,False,False,False,False,无明确战法态,44.26,-0.54,48.28,False,6943.3,,融资融券/军工/华为昇腾,
688789,,0.8994,1.0,0.7502,0.0,0.0,0.7608,0.2104,0.0,0.0,0.0,1.0,0.5,0.0,0.2287,False,False,False,False,无明确战法态,52.07,0.58,57.81,False,9385.9,,染料,
688790,,0.0,1.0,0.6513,0.0482,0.0,0.5837,0.2581,0.3,0.0,0.0,0.0,1.0,0.0,0.3639,False,False,False,False,无明确战法态,125.44,-2.93,133.66,False,1512.5,次新股,科创次新股/WiFi 6,33.7
688793,,0.2069,1.0,0.7401,0.0,0.0,0.6262,0.1042,0.3,0.0,0.0,0.0,0.0,0.0,0.5613,False,False,False,False,无明确战法态,16.8,-0.77,19.13,False,1443.9,,电子竞技,
688795,,0.9865,1.0,0.673,0.7247,0.8373,0.7509,0.3497,0.3,0.0,0.0,0.0,0.5,0.7,0.4322,True,False,False,False,B1候B2,643.81,0.35,654.11,False,18916.7,次新股,科创次新股,33.7
688796,,0.0,1.0,0.2181,0.791,1.0,0.0235,0.1313,0.9,0.0,0.0,0.0,1.0,0.0,0.3439,False,False,False,False,无明确战法态,111.16,-2.49,96.74,True,3989.3,次新股,基因测序/科创次新股,33.7
688798,,0.0,1.0,0.7558,0.3602,0.6423,0.5641,0.2642,0.0,0.5073,0.0,0.0,1.0,0.7,0.3944,False,False,False,False,无明确战法态,70.32,-2.41,71.15,False,9545.5,,抖音概念(字节概念),
688799,,0.0,0.7706,0.5036,0.0284,0.1693,0.1797,0.2753,0.9,0.9141,0.0,0.0,1.0,0.0,0.3547,False,False,False,False,无明确战法态,52.71,4.38,49.84,True,69.2,,创新药/仿制药一致性评价/肝炎概念,
688800,,0.8447,1.0,0.5861,0.2198,0.0,0.6236,0.2341,0.0,0.0,0.0,0.0,0.0,0.7,0.5978,False,False,False,False,无明确战法态,83.0,-1.47,104.78,False,17071.0,,军民融合/卫星导航/充电桩,
688802,,0.7433,1.0,0.5868,1.0,1.0,0.6785,0.3558,0.6,0.0,1.0,0.0,1.0,0.7,0.3672,True,False,False,False,B1候B2,738.38,1.97,714.86,True,13393.5,次新股,科创次新股,33.7
688805,,0.0,1.0,0.7681,0.0784,0.0,0.8093,0.3072,0.0,0.0,0.0,0.0,0.5,0.0,0.327,False,False,False,False,无明确战法态,45.4,-1.92,49.12,False,1431.0,次新股,超导概念/科创次新股,33.7
688807,,0.9754,0.7258,0.5564,1.0,0.0,0.7404,0.234,0.0,0.0,0.0,0.0,0.0,0.7,0.5921,False,False,False,False,无明确战法态,357.8,-4.65,384.69,False,5379.8,次新股,科创次新股,33.7
688809,,1.0,0.8986,0.583,1.0,1.0,0.6254,0.3709,0.3,0.0,1.0,0.0,0.5,0.7,0.5097,False,False,False,False,无明确战法态,511.0,-3.61,508.66,True,12444.4,次新股,科创次新股,33.7
688819,,0.0,1.0,0.8006,0.0,0.0,0.7837,0.2748,0.3,0.0,0.0,0.0,0.0,0.0,0.5182,False,False,False,False,无明确战法态,22.8,1.79,26.23,False,22163.9,,钠电池/两轮车/石墨烯,
688981,,0.99,1.0,0.7108,1.0,1.0,0.6922,0.3142,0.0,1.0,1.0,0.0,1.0,0.7,0.385,True,False,False,False,B1候B2,140.31,-2.63,132.95,True,280558.6,,国家大基金持股/上海自贸区/同花顺漂亮100,
