login success!
[2026-05-24 15:30] Daily update start. Data dir: /Volumes/Mac-480g外接/quantan_data/day
[Errno 60] Operation timed out
接收数据异常，请稍后再试。
[Errno 32] Broken pipe
接收数据异常，请稍后再试。
[Errno 32] Broken pipe
接收数据异常，请稍后再试。
[Errno 32] Broken pipe
接收数据异常，请稍后再试。
[Errno 32] Broken pipe
接收数据异常，请稍后再试。
[Errno 32] Broken pipe
接收数据异常，请稍后再试。
[Errno 32] Broken pipe
接收数据异常，请稍后再试。
[Errno 32] Broken pipe
接收数据异常，请稍后再试。
[Errno 32] Broken pipe
接收数据异常，请稍后再试。
[Errno 32] Broken pipe
接收数据异常，请稍后再试。
[Errno 32] Broken pipe
接收数据异常，请稍后再试。
[Errno 32] Broken pipe
接收数据异常，请稍后再试。
[Errno 32] Broken pipe
接收数据异常，请稍后再试。
[Errno 32] Broken pipe
接收数据异常，请稍后再试。
[Errno 32] Broken pipe
接收数据异常，请稍后再试。
[Errno 32] Broken pipe
接收数据异常，请稍后再试。
[Errno 32] Broken pipe
接收数据异常，请稍后再试。
[Errno 32] Broken pipe
接收数据异常，请稍后再试。
[Errno 32] Broken pipe
接收数据异常，请稍后再试。
[Errno 32] Broken pipe
接收数据异常，请稍后再试。
[Errno 32] Broken pipe
接收数据异常，请稍后再试。
[Errno 32] Broken pipe
接收数据异常，请稍后再试。
[Errno 32] Broken pipe
接收数据异常，请稍后再试。
[Errno 32] Broken pipe
接收数据异常，请稍后再试。
[Errno 32] Broken pipe
接收数据异常，请稍后再试。
[Errno 32] Broken pipe
接收数据异常，请稍后再试。
[Errno 32] Broken pipe
接收数据异常，请稍后再试。
[Errno 32] Broken pipe
接收数据异常，请稍后再试。
[Errno 32] Broken pipe
接收数据异常，请稍后再试。
[Errno 32] Broken pipe
接收数据异常，请稍后再试。
[Errno 32] Broken pipe
接收数据异常，请稍后再试。
[Errno 32] Broken pipe
接收数据异常，请稍后再试。
[Errno 32] Broken pipe
接收数据异常，请稍后再试。
[Errno 32] Broken pipe
接收数据异常，请稍后再试。
[Errno 32] Broken pipe
接收数据异常，请稍后再试。
[Errno 32] Broken pipe
接收数据异常，请稍后再试。
[Errno 32] Broken pipe
接收数据异常，请稍后再试。
[Errno 32] Broken pipe
接收数据异常，请稍后再试。
[Errno 32] Broken pipe
接收数据异常，请稍后再试。
[Errno 32] Broken pipe
接收数据异常，请稍后再试。
[Errno 32] Broken pipe
接收数据异常，请稍后再试。
[Errno 32] Broken pipe
接收数据异常，请稍后再试。
[Errno 32] Broken pipe
接收数据异常，请稍后再试。
[Errno 32] Broken pipe
接收数据异常，请稍后再试。
[Errno 32] Broken pipe
接收数据异常，请稍后再试。
[Errno 32] Broken pipe
接收数据异常，请稍后再试。
[Errno 32] Broken pipe
接收数据异常，请稍后再试。
[Errno 32] Broken pipe
接收数据异常，请稍后再试。
[Errno 32] Broken pipe
接收数据异常，请稍后再试。
[Errno 32] Broken pipe
接收数据异常，请稍后再试。
[Errno 32] Broken pipe
接收数据异常，请稍后再试。
[Errno 32] Broken pipe
接收数据异常，请稍后再试。
[Errno 32] Broken pipe
接收数据异常，请稍后再试。
[Errno 32] Broken pipe
接收数据异常，请稍后再试。
[Errno 32] Broken pipe
接收数据异常，请稍后再试。
[Errno 32] Broken pipe
接收数据异常，请稍后再试。
[Errno 32] Broken pipe
接收数据异常，请稍后再试。
[Errno 32] Broken pipe
接收数据异常，请稍后再试。
[Errno 32] Broken pipe
接收数据异常，请稍后再试。
[Errno 32] Broken pipe
接收数据异常，请稍后再试。
[Errno 32] Broken pipe
接收数据异常，请稍后再试。
[Errno 32] Broken pipe
接收数据异常，请稍后再试。
[Errno 32] Broken pipe
接收数据异常，请稍后再试。
[Errno 32] Broken pipe
接收数据异常，请稍后再试。
[Errno 32] Broken pipe
接收数据异常，请稍后再试。
[Errno 32] Broken pipe
接收数据异常，请稍后再试。
[Errno 32] Broken pipe
接收数据异常，请稍后再试。
[Errno 32] Broken pipe
接收数据异常，请稍后再试。
[Errno 32] Broken pipe
接收数据异常，请稍后再试。
[Errno 32] Broken pipe
接收数据异常，请稍后再试。
[Errno 32] Broken pipe
接收数据异常，请稍后再试。
[Errno 32] Broken pipe
接收数据异常，请稍后再试。
[Errno 32] Broken pipe
接收数据异常，请稍后再试。
[Errno 32] Broken pipe
接收数据异常，请稍后再试。
[Errno 32] Broken pipe
接收数据异常，请稍后再试。
[Errno 32] Broken pipe
接收数据异常，请稍后再试。
[Errno 32] Broken pipe
接收数据异常，请稍后再试。
[Errno 32] Broken pipe
接收数据异常，请稍后再试。
[Errno 32] Broken pipe
接收数据异常，请稍后再试。
[Errno 32] Broken pipe
接收数据异常，请稍后再试。
[Errno 32] Broken pipe
接收数据异常，请稍后再试。
[Errno 32] Broken pipe
接收数据异常，请稍后再试。
[Errno 32] Broken pipe
接收数据异常，请稍后再试。
[Errno 32] Broken pipe
接收数据异常，请稍后再试。
[Errno 32] Broken pipe
接收数据异常，请稍后再试。
[Errno 32] Broken pipe
接收数据异常，请稍后再试。
[Errno 32] Broken pipe
接收数据异常，请稍后再试。
[Errno 32] Broken pipe
接收数据异常，请稍后再试。
[Errno 32] Broken pipe
接收数据异常，请稍后再试。
[Errno 32] Broken pipe
接收数据异常，请稍后再试。
[Errno 32] Broken pipe
接收数据异常，请稍后再试。
[Errno 32] Broken pipe
接收数据异常，请稍后再试。
[Errno 32] Broken pipe
接收数据异常，请稍后再试。
[Errno 32] Broken pipe
接收数据异常，请稍后再试。
[Errno 32] Broken pipe
接收数据异常，请稍后再试。
[Errno 32] Broken pipe
接收数据异常，请稍后再试。
[Errno 32] Broken pipe
接收数据异常，请稍后再试。
[Errno 32] Broken pipe
接收数据异常，请稍后再试。
[Errno 32] Broken pipe
接收数据异常，请稍后再试。
[Errno 32] Broken pipe
接收数据异常，请稍后再试。
[Errno 32] Broken pipe
接收数据异常，请稍后再试。
[Errno 32] Broken pipe
接收数据异常，请稍后再试。
[Errno 32] Broken pipe
接收数据异常，请稍后再试。
[Errno 32] Broken pipe
接收数据异常，请稍后再试。
[Errno 32] Broken pipe
接收数据异常，请稍后再试。
[Errno 32] Broken pipe
接收数据异常，请稍后再试。
[Errno 32] Broken pipe
接收数据异常，请稍后再试。
[Errno 32] Broken pipe
接收数据异常，请稍后再试。
[Errno 32] Broken pipe
接收数据异常，请稍后再试。
[Errno 32] Broken pipe
接收数据异常，请稍后再试。
[Errno 32] Broken pipe
接收数据异常，请稍后再试。
[Errno 32] Broken pipe
接收数据异常，请稍后再试。
[Errno 32] Broken pipe
接收数据异常，请稍后再试。
[Errno 32] Broken pipe
接收数据异常，请稍后再试。
[Errno 32] Broken pipe
接收数据异常，请稍后再试。
[Errno 32] Broken pipe
接收数据异常，请稍后再试。
[Errno 32] Broken pipe
接收数据异常，请稍后再试。
[Errno 32] Broken pipe
接收数据异常，请稍后再试。
[Errno 32] Broken pipe
接收数据异常，请稍后再试。
[Errno 32] Broken pipe
接收数据异常，请稍后再试。
[Errno 32] Broken pipe
接收数据异常，请稍后再试。
[Errno 32] Broken pipe
接收数据异常，请稍后再试。
[Errno 32] Broken pipe
接收数据异常，请稍后再试。
[Errno 32] Broken pipe
接收数据异常，请稍后再试。
[Errno 32] Broken pipe
接收数据异常，请稍后再试。
[Errno 32] Broken pipe
接收数据异常，请稍后再试。
[Errno 32] Broken pipe
接收数据异常，请稍后再试。
[Errno 32] Broken pipe
接收数据异常，请稍后再试。
[Errno 32] Broken pipe
接收数据异常，请稍后再试。
[Errno 32] Broken pipe
接收数据异常，请稍后再试。
[Errno 32] Broken pipe
接收数据异常，请稍后再试。
[Errno 32] Broken pipe
接收数据异常，请稍后再试。
[Errno 32] Broken pipe
接收数据异常，请稍后再试。
[Errno 32] Broken pipe
接收数据异常，请稍后再试。
[Errno 32] Broken pipe
接收数据异常，请稍后再试。
[Errno 32] Broken pipe
接收数据异常，请稍后再试。
[Errno 32] Broken pipe
接收数据异常，请稍后再试。
[Errno 32] Broken pipe
接收数据异常，请稍后再试。
[Errno 32] Broken pipe
接收数据异常，请稍后再试。
[Errno 32] Broken pipe
接收数据异常，请稍后再试。
[Errno 32] Broken pipe
接收数据异常，请稍后再试。
[Errno 32] Broken pipe
接收数据异常，请稍后再试。
[Errno 32] Broken pipe
接收数据异常，请稍后再试。
[Errno 32] Broken pipe
接收数据异常，请稍后再试。
[Errno 32] Broken pipe
接收数据异常，请稍后再试。
[Errno 32] Broken pipe
接收数据异常，请稍后再试。
[Errno 32] Broken pipe
接收数据异常，请稍后再试。
[Errno 32] Broken pipe
接收数据异常，请稍后再试。
[Errno 32] Broken pipe
接收数据异常，请稍后再试。
[Errno 32] Broken pipe
接收数据异常，请稍后再试。
[Errno 32] Broken pipe
接收数据异常，请稍后再试。
[Errno 32] Broken pipe
接收数据异常，请稍后再试。
[Errno 32] Broken pipe
接收数据异常，请稍后再试。
[Errno 32] Broken pipe
接收数据异常，请稍后再试。
[Errno 32] Broken pipe
接收数据异常，请稍后再试。
[Errno 32] Broken pipe
接收数据异常，请稍后再试。
[Errno 32] Broken pipe
接收数据异常，请稍后再试。
[Errno 32] Broken pipe
接收数据异常，请稍后再试。
[Errno 32] Broken pipe
接收数据异常，请稍后再试。
[Errno 32] Broken pipe
接收数据异常，请稍后再试。
[Errno 32] Broken pipe
接收数据异常，请稍后再试。
[Errno 32] Broken pipe
接收数据异常，请稍后再试。
[Errno 32] Broken pipe
接收数据异常，请稍后再试。
[Errno 32] Broken pipe
接收数据异常，请稍后再试。
[Errno 32] Broken pipe
接收数据异常，请稍后再试。
[Errno 32] Broken pipe
接收数据异常，请稍后再试。
[Errno 32] Broken pipe
接收数据异常，请稍后再试。
[Errno 32] Broken pipe
接收数据异常，请稍后再试。
[Errno 32] Broken pipe
接收数据异常，请稍后再试。
[Errno 32] Broken pipe
接收数据异常，请稍后再试。
[Errno 32] Broken pipe
接收数据异常，请稍后再试。
[Errno 32] Broken pipe
接收数据异常，请稍后再试。
[Errno 32] Broken pipe
接收数据异常，请稍后再试。
[Errno 32] Broken pipe
接收数据异常，请稍后再试。
[Errno 32] Broken pipe
接收数据异常，请稍后再试。
[Errno 32] Broken pipe
接收数据异常，请稍后再试。
[Errno 32] Broken pipe
接收数据异常，请稍后再试。
[Errno 32] Broken pipe
接收数据异常，请稍后再试。
[Errno 32] Broken pipe
接收数据异常，请稍后再试。
[Errno 32] Broken pipe
接收数据异常，请稍后再试。
[Errno 32] Broken pipe
接收数据异常，请稍后再试。
[Errno 32] Broken pipe
接收数据异常，请稍后再试。
[Errno 32] Broken pipe
接收数据异常，请稍后再试。
[Errno 32] Broken pipe
接收数据异常，请稍后再试。
[Errno 32] Broken pipe
接收数据异常，请稍后再试。
[Errno 32] Broken pipe
接收数据异常，请稍后再试。
[Errno 32] Broken pipe
接收数据异常，请稍后再试。
[Errno 32] Broken pipe
接收数据异常，请稍后再试。
[Errno 32] Broken pipe
接收数据异常，请稍后再试。
[Errno 32] Broken pipe
接收数据异常，请稍后再试。
[Errno 32] Broken pipe
接收数据异常，请稍后再试。
[Errno 32] Broken pipe
接收数据异常，请稍后再试。
[Errno 32] Broken pipe
接收数据异常，请稍后再试。
[Errno 32] Broken pipe
接收数据异常，请稍后再试。
[Errno 32] Broken pipe
接收数据异常，请稍后再试。
[Errno 32] Broken pipe
接收数据异常，请稍后再试。
[Errno 32] Broken pipe
接收数据异常，请稍后再试。
[Errno 32] Broken pipe
接收数据异常，请稍后再试。
[Errno 32] Broken pipe
接收数据异常，请稍后再试。
[Errno 32] Broken pipe
接收数据异常，请稍后再试。
[Errno 32] Broken pipe
接收数据异常，请稍后再试。
[Errno 32] Broken pipe
接收数据异常，请稍后再试。
[Errno 32] Broken pipe
接收数据异常，请稍后再试。
[Errno 32] Broken pipe
接收数据异常，请稍后再试。
[Errno 32] Broken pipe
接收数据异常，请稍后再试。
[Errno 32] Broken pipe
接收数据异常，请稍后再试。
[Errno 32] Broken pipe
接收数据异常，请稍后再试。
[Errno 32] Broken pipe
接收数据异常，请稍后再试。
[Errno 32] Broken pipe
接收数据异常，请稍后再试。
[Errno 32] Broken pipe
接收数据异常，请稍后再试。
[Errno 32] Broken pipe
接收数据异常，请稍后再试。
[Errno 32] Broken pipe
接收数据异常，请稍后再试。
[Errno 32] Broken pipe
接收数据异常，请稍后再试。
[Errno 32] Broken pipe
接收数据异常，请稍后再试。
[Errno 32] Broken pipe
接收数据异常，请稍后再试。
[Errno 32] Broken pipe
接收数据异常，请稍后再试。
[Errno 32] Broken pipe
接收数据异常，请稍后再试。
[Errno 32] Broken pipe
接收数据异常，请稍后再试。
[Errno 32] Broken pipe
接收数据异常，请稍后再试。
[Errno 32] Broken pipe
接收数据异常，请稍后再试。
[Errno 32] Broken pipe
接收数据异常，请稍后再试。
[Errno 32] Broken pipe
接收数据异常，请稍后再试。
[Errno 32] Broken pipe
接收数据异常，请稍后再试。
[Errno 32] Broken pipe
接收数据异常，请稍后再试。
[Errno 32] Broken pipe
接收数据异常，请稍后再试。
[Errno 32] Broken pipe
接收数据异常，请稍后再试。
[Errno 32] Broken pipe
接收数据异常，请稍后再试。
[Errno 32] Broken pipe
接收数据异常，请稍后再试。
[Errno 32] Broken pipe
接收数据异常，请稍后再试。
[Errno 32] Broken pipe
接收数据异常，请稍后再试。
[Errno 32] Broken pipe
接收数据异常，请稍后再试。
[Errno 32] Broken pipe
接收数据异常，请稍后再试。
[Errno 32] Broken pipe
接收数据异常，请稍后再试。
[Errno 32] Broken pipe
接收数据异常，请稍后再试。
[Errno 32] Broken pipe
接收数据异常，请稍后再试。
[Errno 32] Broken pipe
接收数据异常，请稍后再试。
[Errno 32] Broken pipe
接收数据异常，请稍后再试。
[Errno 32] Broken pipe
接收数据异常，请稍后再试。
[Errno 32] Broken pipe
接收数据异常，请稍后再试。
[Errno 32] Broken pipe
接收数据异常，请稍后再试。
[Errno 32] Broken pipe
接收数据异常，请稍后再试。
[Errno 32] Broken pipe
接收数据异常，请稍后再试。
[Errno 32] Broken pipe
接收数据异常，请稍后再试。
[Errno 32] Broken pipe
接收数据异常，请稍后再试。
[Errno 32] Broken pipe
接收数据异常，请稍后再试。
[Errno 32] Broken pipe
接收数据异常，请稍后再试。
[Errno 32] Broken pipe
接收数据异常，请稍后再试。
[Errno 32] Broken pipe
接收数据异常，请稍后再试。
[Errno 32] Broken pipe
接收数据异常，请稍后再试。
[Errno 32] Broken pipe
接收数据异常，请稍后再试。
[Errno 32] Broken pipe
接收数据异常，请稍后再试。
[Errno 32] Broken pipe
接收数据异常，请稍后再试。
[Errno 32] Broken pipe
接收数据异常，请稍后再试。
[Errno 32] Broken pipe
接收数据异常，请稍后再试。
[Errno 32] Broken pipe
接收数据异常，请稍后再试。
[Errno 32] Broken pipe
接收数据异常，请稍后再试。
[Errno 32] Broken pipe
接收数据异常，请稍后再试。
[Errno 32] Broken pipe
接收数据异常，请稍后再试。
[Errno 32] Broken pipe
接收数据异常，请稍后再试。
[Errno 32] Broken pipe
接收数据异常，请稍后再试。
[Errno 32] Broken pipe
接收数据异常，请稍后再试。
[Errno 32] Broken pipe
接收数据异常，请稍后再试。
[Errno 32] Broken pipe
接收数据异常，请稍后再试。
[Errno 32] Broken pipe
接收数据异常，请稍后再试。
[Errno 32] Broken pipe
接收数据异常，请稍后再试。
[Errno 32] Broken pipe
接收数据异常，请稍后再试。
[Errno 32] Broken pipe
接收数据异常，请稍后再试。
[Errno 32] Broken pipe
接收数据异常，请稍后再试。
[Errno 32] Broken pipe
接收数据异常，请稍后再试。
[Errno 32] Broken pipe
接收数据异常，请稍后再试。
[Errno 32] Broken pipe
接收数据异常，请稍后再试。
[Errno 32] Broken pipe
接收数据异常，请稍后再试。
[Errno 32] Broken pipe
接收数据异常，请稍后再试。
[Errno 32] Broken pipe
接收数据异常，请稍后再试。
[Errno 32] Broken pipe
接收数据异常，请稍后再试。
[Errno 32] Broken pipe
接收数据异常，请稍后再试。
[Errno 32] Broken pipe
接收数据异常，请稍后再试。
[Errno 32] Broken pipe
接收数据异常，请稍后再试。
[Errno 32] Broken pipe
接收数据异常，请稍后再试。
[Errno 32] Broken pipe
接收数据异常，请稍后再试。
[Errno 32] Broken pipe
接收数据异常，请稍后再试。
[Errno 32] Broken pipe
接收数据异常，请稍后再试。
[Errno 32] Broken pipe
接收数据异常，请稍后再试。
[Errno 32] Broken pipe
接收数据异常，请稍后再试。
[Errno 32] Broken pipe
接收数据异常，请稍后再试。
[Errno 32] Broken pipe
接收数据异常，请稍后再试。
[Errno 32] Broken pipe
接收数据异常，请稍后再试。
[Errno 32] Broken pipe
接收数据异常，请稍后再试。
[Errno 32] Broken pipe
接收数据异常，请稍后再试。
[Errno 32] Broken pipe
接收数据异常，请稍后再试。
[Errno 32] Broken pipe
接收数据异常，请稍后再试。
[Errno 32] Broken pipe
接收数据异常，请稍后再试。
[Errno 32] Broken pipe
接收数据异常，请稍后再试。
[Errno 32] Broken pipe
接收数据异常，请稍后再试。
[Errno 32] Broken pipe
接收数据异常，请稍后再试。
[Errno 32] Broken pipe
接收数据异常，请稍后再试。
[Errno 32] Broken pipe
接收数据异常，请稍后再试。
[Errno 32] Broken pipe
接收数据异常，请稍后再试。
[Errno 32] Broken pipe
接收数据异常，请稍后再试。
[Errno 32] Broken pipe
接收数据异常，请稍后再试。
[Errno 32] Broken pipe
接收数据异常，请稍后再试。
[Errno 32] Broken pipe
接收数据异常，请稍后再试。
[Errno 32] Broken pipe
接收数据异常，请稍后再试。
[Errno 32] Broken pipe
接收数据异常，请稍后再试。
[Errno 32] Broken pipe
接收数据异常，请稍后再试。
[Errno 32] Broken pipe
接收数据异常，请稍后再试。
[Errno 32] Broken pipe
接收数据异常，请稍后再试。
[Errno 32] Broken pipe
接收数据异常，请稍后再试。
[Errno 32] Broken pipe
接收数据异常，请稍后再试。
[Errno 32] Broken pipe
接收数据异常，请稍后再试。
[Errno 32] Broken pipe
接收数据异常，请稍后再试。
[Errno 32] Broken pipe
接收数据异常，请稍后再试。
[Errno 32] Broken pipe
接收数据异常，请稍后再试。
[Errno 32] Broken pipe
接收数据异常，请稍后再试。
[Errno 32] Broken pipe
接收数据异常，请稍后再试。
[Errno 32] Broken pipe
接收数据异常，请稍后再试。
[Errno 32] Broken pipe
接收数据异常，请稍后再试。
[Errno 32] Broken pipe
接收数据异常，请稍后再试。
[Errno 32] Broken pipe
接收数据异常，请稍后再试。
[Errno 32] Broken pipe
接收数据异常，请稍后再试。
[Errno 32] Broken pipe
接收数据异常，请稍后再试。
[Errno 32] Broken pipe
接收数据异常，请稍后再试。
[Errno 32] Broken pipe
接收数据异常，请稍后再试。
[Errno 32] Broken pipe
接收数据异常，请稍后再试。
[Errno 32] Broken pipe
接收数据异常，请稍后再试。
[Errno 32] Broken pipe
接收数据异常，请稍后再试。
[Errno 32] Broken pipe
接收数据异常，请稍后再试。
[Errno 32] Broken pipe
接收数据异常，请稍后再试。
[Errno 32] Broken pipe
接收数据异常，请稍后再试。
[Errno 32] Broken pipe
接收数据异常，请稍后再试。
[Errno 32] Broken pipe
接收数据异常，请稍后再试。
[Errno 32] Broken pipe
接收数据异常，请稍后再试。
[Errno 32] Broken pipe
接收数据异常，请稍后再试。
[Errno 32] Broken pipe
接收数据异常，请稍后再试。
[Errno 32] Broken pipe
接收数据异常，请稍后再试。
[Errno 32] Broken pipe
接收数据异常，请稍后再试。
[Errno 32] Broken pipe
接收数据异常，请稍后再试。
[Errno 32] Broken pipe
接收数据异常，请稍后再试。
[Errno 32] Broken pipe
接收数据异常，请稍后再试。
[Errno 32] Broken pipe
接收数据异常，请稍后再试。
[Errno 32] Broken pipe
接收数据异常，请稍后再试。
[Errno 32] Broken pipe
接收数据异常，请稍后再试。
[Errno 32] Broken pipe
接收数据异常，请稍后再试。
[Errno 32] Broken pipe
接收数据异常，请稍后再试。
[Errno 32] Broken pipe
接收数据异常，请稍后再试。
[Errno 32] Broken pipe
接收数据异常，请稍后再试。
[Errno 32] Broken pipe
接收数据异常，请稍后再试。
[Errno 32] Broken pipe
接收数据异常，请稍后再试。
[Errno 32] Broken pipe
接收数据异常，请稍后再试。
[Errno 32] Broken pipe
接收数据异常，请稍后再试。
[Errno 32] Broken pipe
接收数据异常，请稍后再试。
[Errno 32] Broken pipe
接收数据异常，请稍后再试。
[Errno 32] Broken pipe
接收数据异常，请稍后再试。
[Errno 32] Broken pipe
接收数据异常，请稍后再试。
[Errno 32] Broken pipe
接收数据异常，请稍后再试。
[Errno 32] Broken pipe
接收数据异常，请稍后再试。
[Errno 32] Broken pipe
接收数据异常，请稍后再试。
[Errno 32] Broken pipe
接收数据异常，请稍后再试。
[Errno 32] Broken pipe
接收数据异常，请稍后再试。
[Errno 32] Broken pipe
接收数据异常，请稍后再试。
[Errno 32] Broken pipe
接收数据异常，请稍后再试。
[Errno 32] Broken pipe
接收数据异常，请稍后再试。
[Errno 32] Broken pipe
接收数据异常，请稍后再试。
[Errno 32] Broken pipe
接收数据异常，请稍后再试。
[Errno 32] Broken pipe
接收数据异常，请稍后再试。
[Errno 32] Broken pipe
接收数据异常，请稍后再试。
[Errno 32] Broken pipe
接收数据异常，请稍后再试。
[Errno 32] Broken pipe
接收数据异常，请稍后再试。
[Errno 32] Broken pipe
接收数据异常，请稍后再试。
[Errno 32] Broken pipe
接收数据异常，请稍后再试。
[Errno 32] Broken pipe
接收数据异常，请稍后再试。
[Errno 32] Broken pipe
接收数据异常，请稍后再试。
[Errno 32] Broken pipe
接收数据异常，请稍后再试。
[Errno 32] Broken pipe
接收数据异常，请稍后再试。
[Errno 32] Broken pipe
接收数据异常，请稍后再试。
[Errno 32] Broken pipe
接收数据异常，请稍后再试。
[Errno 32] Broken pipe
接收数据异常，请稍后再试。
[Errno 32] Broken pipe
接收数据异常，请稍后再试。
[Errno 32] Broken pipe
接收数据异常，请稍后再试。
[Errno 32] Broken pipe
接收数据异常，请稍后再试。
[Errno 32] Broken pipe
接收数据异常，请稍后再试。
[Errno 32] Broken pipe
接收数据异常，请稍后再试。
[Errno 32] Broken pipe
接收数据异常，请稍后再试。
[Errno 32] Broken pipe
接收数据异常，请稍后再试。
[Errno 32] Broken pipe
接收数据异常，请稍后再试。
[Errno 32] Broken pipe
接收数据异常，请稍后再试。
[Errno 32] Broken pipe
接收数据异常，请稍后再试。
[Errno 32] Broken pipe
接收数据异常，请稍后再试。
[Errno 32] Broken pipe
接收数据异常，请稍后再试。
[Errno 32] Broken pipe
接收数据异常，请稍后再试。
[Errno 32] Broken pipe
接收数据异常，请稍后再试。
[Errno 32] Broken pipe
接收数据异常，请稍后再试。
[Errno 32] Broken pipe
接收数据异常，请稍后再试。
[Errno 32] Broken pipe
接收数据异常，请稍后再试。
[Errno 32] Broken pipe
接收数据异常，请稍后再试。
[Errno 32] Broken pipe
接收数据异常，请稍后再试。
[Errno 32] Broken pipe
接收数据异常，请稍后再试。
[Errno 32] Broken pipe
接收数据异常，请稍后再试。
[Errno 32] Broken pipe
接收数据异常，请稍后再试。
[Errno 32] Broken pipe
接收数据异常，请稍后再试。
[Errno 32] Broken pipe
接收数据异常，请稍后再试。
[Errno 32] Broken pipe
接收数据异常，请稍后再试。
[Errno 32] Broken pipe
接收数据异常，请稍后再试。
[Errno 32] Broken pipe
接收数据异常，请稍后再试。
[Errno 32] Broken pipe
接收数据异常，请稍后再试。
[Errno 32] Broken pipe
接收数据异常，请稍后再试。
[Errno 32] Broken pipe
接收数据异常，请稍后再试。
[Errno 32] Broken pipe
接收数据异常，请稍后再试。
[Errno 32] Broken pipe
接收数据异常，请稍后再试。
[Errno 32] Broken pipe
接收数据异常，请稍后再试。
[Errno 32] Broken pipe
接收数据异常，请稍后再试。
[Errno 32] Broken pipe
接收数据异常，请稍后再试。
[Errno 32] Broken pipe
接收数据异常，请稍后再试。
[Errno 32] Broken pipe
接收数据异常，请稍后再试。
[Errno 32] Broken pipe
接收数据异常，请稍后再试。
[Errno 32] Broken pipe
接收数据异常，请稍后再试。
[Errno 32] Broken pipe
接收数据异常，请稍后再试。
[Errno 32] Broken pipe
接收数据异常，请稍后再试。
[Errno 32] Broken pipe
接收数据异常，请稍后再试。
[Errno 32] Broken pipe
接收数据异常，请稍后再试。
[Errno 32] Broken pipe
接收数据异常，请稍后再试。
[Errno 32] Broken pipe
接收数据异常，请稍后再试。
[Errno 32] Broken pipe
接收数据异常，请稍后再试。
[Errno 32] Broken pipe
接收数据异常，请稍后再试。
[Errno 32] Broken pipe
接收数据异常，请稍后再试。
[Errno 32] Broken pipe
接收数据异常，请稍后再试。
[Errno 32] Broken pipe
接收数据异常，请稍后再试。
[Errno 32] Broken pipe
接收数据异常，请稍后再试。
[Errno 32] Broken pipe
接收数据异常，请稍后再试。
[Errno 32] Broken pipe
接收数据异常，请稍后再试。
[Errno 32] Broken pipe
接收数据异常，请稍后再试。
[Errno 32] Broken pipe
接收数据异常，请稍后再试。
[Errno 32] Broken pipe
接收数据异常，请稍后再试。
[Errno 32] Broken pipe
接收数据异常，请稍后再试。
[Errno 32] Broken pipe
接收数据异常，请稍后再试。
[Errno 32] Broken pipe
接收数据异常，请稍后再试。
[Errno 32] Broken pipe
接收数据异常，请稍后再试。
[Errno 32] Broken pipe
接收数据异常，请稍后再试。
[Errno 32] Broken pipe
接收数据异常，请稍后再试。
[Errno 32] Broken pipe
接收数据异常，请稍后再试。
[Errno 32] Broken pipe
接收数据异常，请稍后再试。
[Errno 32] Broken pipe
接收数据异常，请稍后再试。
[Errno 32] Broken pipe
接收数据异常，请稍后再试。
[Errno 32] Broken pipe
接收数据异常，请稍后再试。
[Errno 32] Broken pipe
接收数据异常，请稍后再试。
[Errno 32] Broken pipe
接收数据异常，请稍后再试。
[Errno 32] Broken pipe
接收数据异常，请稍后再试。
[Errno 32] Broken pipe
接收数据异常，请稍后再试。
[Errno 32] Broken pipe
接收数据异常，请稍后再试。
[Errno 32] Broken pipe
接收数据异常，请稍后再试。
[Errno 32] Broken pipe
接收数据异常，请稍后再试。
[Errno 32] Broken pipe
接收数据异常，请稍后再试。
[Errno 32] Broken pipe
接收数据异常，请稍后再试。
[Errno 32] Broken pipe
接收数据异常，请稍后再试。
[Errno 32] Broken pipe
接收数据异常，请稍后再试。
[Errno 32] Broken pipe
接收数据异常，请稍后再试。
[Errno 32] Broken pipe
接收数据异常，请稍后再试。
[Errno 32] Broken pipe
接收数据异常，请稍后再试。
[Errno 32] Broken pipe
接收数据异常，请稍后再试。
[Errno 32] Broken pipe
接收数据异常，请稍后再试。
[Errno 32] Broken pipe
接收数据异常，请稍后再试。
[Errno 32] Broken pipe
接收数据异常，请稍后再试。
[Errno 32] Broken pipe
接收数据异常，请稍后再试。
[Errno 32] Broken pipe
接收数据异常，请稍后再试。
[Errno 32] Broken pipe
接收数据异常，请稍后再试。
[Errno 32] Broken pipe
接收数据异常，请稍后再试。
[Errno 32] Broken pipe
接收数据异常，请稍后再试。
[Errno 32] Broken pipe
接收数据异常，请稍后再试。
[Errno 32] Broken pipe
接收数据异常，请稍后再试。
[Errno 32] Broken pipe
接收数据异常，请稍后再试。
[Errno 32] Broken pipe
接收数据异常，请稍后再试。
[Errno 32] Broken pipe
接收数据异常，请稍后再试。
[Errno 32] Broken pipe
接收数据异常，请稍后再试。
[Errno 32] Broken pipe
接收数据异常，请稍后再试。
[Errno 32] Broken pipe
接收数据异常，请稍后再试。
[Errno 32] Broken pipe
接收数据异常，请稍后再试。
[Errno 32] Broken pipe
接收数据异常，请稍后再试。
[Errno 32] Broken pipe
接收数据异常，请稍后再试。
[Errno 32] Broken pipe
接收数据异常，请稍后再试。
[Errno 32] Broken pipe
接收数据异常，请稍后再试。
[Errno 32] Broken pipe
接收数据异常，请稍后再试。
[Errno 32] Broken pipe
接收数据异常，请稍后再试。
[Errno 32] Broken pipe
接收数据异常，请稍后再试。
[Errno 32] Broken pipe
接收数据异常，请稍后再试。
[Errno 32] Broken pipe
接收数据异常，请稍后再试。
[Errno 32] Broken pipe
接收数据异常，请稍后再试。
[Errno 32] Broken pipe
接收数据异常，请稍后再试。
[Errno 32] Broken pipe
接收数据异常，请稍后再试。
[Errno 32] Broken pipe
接收数据异常，请稍后再试。
[Errno 32] Broken pipe
接收数据异常，请稍后再试。
[Errno 32] Broken pipe
接收数据异常，请稍后再试。
[Errno 32] Broken pipe
接收数据异常，请稍后再试。
[Errno 32] Broken pipe
接收数据异常，请稍后再试。
[Errno 32] Broken pipe
接收数据异常，请稍后再试。
[Errno 32] Broken pipe
接收数据异常，请稍后再试。
[Errno 32] Broken pipe
接收数据异常，请稍后再试。
[Errno 32] Broken pipe
接收数据异常，请稍后再试。
[Errno 32] Broken pipe
接收数据异常，请稍后再试。
[Errno 32] Broken pipe
接收数据异常，请稍后再试。
[Errno 32] Broken pipe
接收数据异常，请稍后再试。
[Errno 32] Broken pipe
接收数据异常，请稍后再试。
[Errno 32] Broken pipe
接收数据异常，请稍后再试。
[Errno 32] Broken pipe
接收数据异常，请稍后再试。
[Errno 32] Broken pipe
接收数据异常，请稍后再试。
[Errno 32] Broken pipe
接收数据异常，请稍后再试。
[Errno 32] Broken pipe
接收数据异常，请稍后再试。
[Errno 32] Broken pipe
接收数据异常，请稍后再试。
[Errno 32] Broken pipe
接收数据异常，请稍后再试。
[Errno 32] Broken pipe
接收数据异常，请稍后再试。
[Errno 32] Broken pipe
接收数据异常，请稍后再试。
[Errno 32] Broken pipe
接收数据异常，请稍后再试。
[Errno 32] Broken pipe
接收数据异常，请稍后再试。
[Errno 32] Broken pipe
接收数据异常，请稍后再试。
[Errno 32] Broken pipe
接收数据异常，请稍后再试。
[Errno 32] Broken pipe
接收数据异常，请稍后再试。
[Errno 32] Broken pipe
接收数据异常，请稍后再试。
[Errno 32] Broken pipe
接收数据异常，请稍后再试。
[Errno 32] Broken pipe
接收数据异常，请稍后再试。
[Errno 32] Broken pipe
接收数据异常，请稍后再试。
[Errno 32] Broken pipe
接收数据异常，请稍后再试。
[Errno 32] Broken pipe
接收数据异常，请稍后再试。
[Errno 32] Broken pipe
接收数据异常，请稍后再试。
[Errno 32] Broken pipe
接收数据异常，请稍后再试。
[Errno 32] Broken pipe
接收数据异常，请稍后再试。
[Errno 32] Broken pipe
接收数据异常，请稍后再试。
[Errno 32] Broken pipe
接收数据异常，请稍后再试。
[Errno 32] Broken pipe
接收数据异常，请稍后再试。
[Errno 32] Broken pipe
接收数据异常，请稍后再试。
[Errno 32] Broken pipe
接收数据异常，请稍后再试。
[Errno 32] Broken pipe
接收数据异常，请稍后再试。
[Errno 32] Broken pipe
接收数据异常，请稍后再试。
[Errno 32] Broken pipe
接收数据异常，请稍后再试。
[Errno 32] Broken pipe
接收数据异常，请稍后再试。
[Errno 32] Broken pipe
接收数据异常，请稍后再试。
[Errno 32] Broken pipe
接收数据异常，请稍后再试。
[Errno 32] Broken pipe
接收数据异常，请稍后再试。
[Errno 32] Broken pipe
接收数据异常，请稍后再试。
[Errno 32] Broken pipe
接收数据异常，请稍后再试。
[Errno 32] Broken pipe
接收数据异常，请稍后再试。
[Errno 32] Broken pipe
接收数据异常，请稍后再试。
[Errno 32] Broken pipe
接收数据异常，请稍后再试。
[Errno 32] Broken pipe
接收数据异常，请稍后再试。
[Errno 32] Broken pipe
接收数据异常，请稍后再试。
[Errno 32] Broken pipe
接收数据异常，请稍后再试。
[Errno 32] Broken pipe
接收数据异常，请稍后再试。
[Errno 32] Broken pipe
接收数据异常，请稍后再试。
[Errno 32] Broken pipe
接收数据异常，请稍后再试。
[Errno 32] Broken pipe
接收数据异常，请稍后再试。
[Errno 32] Broken pipe
接收数据异常，请稍后再试。
[Errno 32] Broken pipe
接收数据异常，请稍后再试。
[Errno 32] Broken pipe
接收数据异常，请稍后再试。
[Errno 32] Broken pipe
接收数据异常，请稍后再试。
[Errno 32] Broken pipe
接收数据异常，请稍后再试。
[Errno 32] Broken pipe
接收数据异常，请稍后再试。
[Errno 32] Broken pipe
接收数据异常，请稍后再试。
[Errno 32] Broken pipe
接收数据异常，请稍后再试。
[Errno 32] Broken pipe
接收数据异常，请稍后再试。
[Errno 32] Broken pipe
接收数据异常，请稍后再试。
[Errno 32] Broken pipe
接收数据异常，请稍后再试。
[Errno 32] Broken pipe
接收数据异常，请稍后再试。
[Errno 32] Broken pipe
接收数据异常，请稍后再试。
[Errno 32] Broken pipe
接收数据异常，请稍后再试。
[Errno 32] Broken pipe
接收数据异常，请稍后再试。
[Errno 32] Broken pipe
接收数据异常，请稍后再试。
[Errno 32] Broken pipe
接收数据异常，请稍后再试。
[Errno 32] Broken pipe
接收数据异常，请稍后再试。
[Errno 32] Broken pipe
接收数据异常，请稍后再试。
[Errno 32] Broken pipe
接收数据异常，请稍后再试。
[Errno 32] Broken pipe
接收数据异常，请稍后再试。
[Errno 32] Broken pipe
接收数据异常，请稍后再试。
[Errno 32] Broken pipe
接收数据异常，请稍后再试。
[Errno 32] Broken pipe
接收数据异常，请稍后再试。
[Errno 32] Broken pipe
接收数据异常，请稍后再试。
[Errno 32] Broken pipe
接收数据异常，请稍后再试。
[Errno 32] Broken pipe
接收数据异常，请稍后再试。
[Errno 32] Broken pipe
接收数据异常，请稍后再试。
[Errno 32] Broken pipe
接收数据异常，请稍后再试。
[Errno 32] Broken pipe
接收数据异常，请稍后再试。
[Errno 32] Broken pipe
接收数据异常，请稍后再试。
[Errno 32] Broken pipe
接收数据异常，请稍后再试。
[Errno 32] Broken pipe
接收数据异常，请稍后再试。
[Errno 32] Broken pipe
接收数据异常，请稍后再试。
[Errno 32] Broken pipe
接收数据异常，请稍后再试。
[Errno 32] Broken pipe
接收数据异常，请稍后再试。
[Errno 32] Broken pipe
接收数据异常，请稍后再试。
[Errno 32] Broken pipe
接收数据异常，请稍后再试。
[Errno 32] Broken pipe
接收数据异常，请稍后再试。
[Errno 32] Broken pipe
接收数据异常，请稍后再试。
[Errno 32] Broken pipe
接收数据异常，请稍后再试。
[Errno 32] Broken pipe
接收数据异常，请稍后再试。
[Errno 32] Broken pipe
接收数据异常，请稍后再试。
[Errno 32] Broken pipe
接收数据异常，请稍后再试。
[Errno 32] Broken pipe
接收数据异常，请稍后再试。
[Errno 32] Broken pipe
接收数据异常，请稍后再试。
[Errno 32] Broken pipe
接收数据异常，请稍后再试。
[Errno 32] Broken pipe
接收数据异常，请稍后再试。
[Errno 32] Broken pipe
接收数据异常，请稍后再试。
[Errno 32] Broken pipe
接收数据异常，请稍后再试。
[Errno 32] Broken pipe
接收数据异常，请稍后再试。
[Errno 32] Broken pipe
接收数据异常，请稍后再试。
[Errno 32] Broken pipe
接收数据异常，请稍后再试。
[Errno 32] Broken pipe
接收数据异常，请稍后再试。
[Errno 32] Broken pipe
接收数据异常，请稍后再试。
[Errno 32] Broken pipe
接收数据异常，请稍后再试。
[Errno 32] Broken pipe
接收数据异常，请稍后再试。
[Errno 32] Broken pipe
接收数据异常，请稍后再试。
[Errno 32] Broken pipe
接收数据异常，请稍后再试。
[Errno 32] Broken pipe
接收数据异常，请稍后再试。
[Errno 32] Broken pipe
接收数据异常，请稍后再试。
[Errno 32] Broken pipe
接收数据异常，请稍后再试。
[Errno 32] Broken pipe
接收数据异常，请稍后再试。
[Errno 32] Broken pipe
接收数据异常，请稍后再试。
[Errno 32] Broken pipe
接收数据异常，请稍后再试。
[Errno 32] Broken pipe
接收数据异常，请稍后再试。
[Errno 32] Broken pipe
接收数据异常，请稍后再试。
[Errno 32] Broken pipe
接收数据异常，请稍后再试。
[Errno 32] Broken pipe
接收数据异常，请稍后再试。
[Errno 32] Broken pipe
接收数据异常，请稍后再试。
[Errno 32] Broken pipe
接收数据异常，请稍后再试。
[Errno 32] Broken pipe
接收数据异常，请稍后再试。
[Errno 32] Broken pipe
接收数据异常，请稍后再试。
[Errno 32] Broken pipe
接收数据异常，请稍后再试。
[Errno 32] Broken pipe
接收数据异常，请稍后再试。
[Errno 32] Broken pipe
接收数据异常，请稍后再试。
[Errno 32] Broken pipe
接收数据异常，请稍后再试。
[Errno 32] Broken pipe
接收数据异常，请稍后再试。
[Errno 32] Broken pipe
接收数据异常，请稍后再试。
[Errno 32] Broken pipe
接收数据异常，请稍后再试。
[Errno 32] Broken pipe
接收数据异常，请稍后再试。
[Errno 32] Broken pipe
接收数据异常，请稍后再试。
[Errno 32] Broken pipe
接收数据异常，请稍后再试。
[Errno 32] Broken pipe
接收数据异常，请稍后再试。
[Errno 32] Broken pipe
接收数据异常，请稍后再试。
[Errno 32] Broken pipe
接收数据异常，请稍后再试。
[Errno 32] Broken pipe
接收数据异常，请稍后再试。
[Errno 32] Broken pipe
接收数据异常，请稍后再试。
[Errno 32] Broken pipe
接收数据异常，请稍后再试。
[Errno 32] Broken pipe
接收数据异常，请稍后再试。
[Errno 32] Broken pipe
接收数据异常，请稍后再试。
[Errno 32] Broken pipe
接收数据异常，请稍后再试。
[Errno 32] Broken pipe
接收数据异常，请稍后再试。
[Errno 32] Broken pipe
接收数据异常，请稍后再试。
[Errno 32] Broken pipe
接收数据异常，请稍后再试。
[Errno 32] Broken pipe
接收数据异常，请稍后再试。
[Errno 32] Broken pipe
接收数据异常，请稍后再试。
[Errno 32] Broken pipe
接收数据异常，请稍后再试。
[Errno 32] Broken pipe
接收数据异常，请稍后再试。
[Errno 32] Broken pipe
接收数据异常，请稍后再试。
[Errno 32] Broken pipe
接收数据异常，请稍后再试。
[Errno 32] Broken pipe
接收数据异常，请稍后再试。
[Errno 32] Broken pipe
接收数据异常，请稍后再试。
[Errno 32] Broken pipe
接收数据异常，请稍后再试。
[Errno 32] Broken pipe
接收数据异常，请稍后再试。
[Errno 32] Broken pipe
接收数据异常，请稍后再试。
[Errno 32] Broken pipe
接收数据异常，请稍后再试。
[Errno 32] Broken pipe
接收数据异常，请稍后再试。
[Errno 32] Broken pipe
接收数据异常，请稍后再试。
[Errno 32] Broken pipe
接收数据异常，请稍后再试。
[Errno 32] Broken pipe
接收数据异常，请稍后再试。
[Errno 32] Broken pipe
接收数据异常，请稍后再试。
[Errno 32] Broken pipe
接收数据异常，请稍后再试。
[Errno 32] Broken pipe
接收数据异常，请稍后再试。
[Errno 32] Broken pipe
接收数据异常，请稍后再试。
[Errno 32] Broken pipe
接收数据异常，请稍后再试。
[Errno 32] Broken pipe
接收数据异常，请稍后再试。
[Errno 32] Broken pipe
接收数据异常，请稍后再试。
[Errno 32] Broken pipe
接收数据异常，请稍后再试。
[Errno 32] Broken pipe
接收数据异常，请稍后再试。
[Errno 32] Broken pipe
接收数据异常，请稍后再试。
[Errno 32] Broken pipe
接收数据异常，请稍后再试。
[Errno 32] Broken pipe
接收数据异常，请稍后再试。
[Errno 32] Broken pipe
接收数据异常，请稍后再试。
[Errno 32] Broken pipe
接收数据异常，请稍后再试。
[Errno 32] Broken pipe
接收数据异常，请稍后再试。
[Errno 32] Broken pipe
接收数据异常，请稍后再试。
[Errno 32] Broken pipe
接收数据异常，请稍后再试。
[Errno 32] Broken pipe
接收数据异常，请稍后再试。
[Errno 32] Broken pipe
接收数据异常，请稍后再试。
[Errno 32] Broken pipe
接收数据异常，请稍后再试。
[Errno 32] Broken pipe
接收数据异常，请稍后再试。
[Errno 32] Broken pipe
接收数据异常，请稍后再试。
[Errno 32] Broken pipe
接收数据异常，请稍后再试。
[Errno 32] Broken pipe
接收数据异常，请稍后再试。
[Errno 32] Broken pipe
接收数据异常，请稍后再试。
[Errno 32] Broken pipe
接收数据异常，请稍后再试。
[Errno 32] Broken pipe
接收数据异常，请稍后再试。
[Errno 32] Broken pipe
接收数据异常，请稍后再试。
[Errno 32] Broken pipe
接收数据异常，请稍后再试。
[Errno 32] Broken pipe
接收数据异常，请稍后再试。
[Errno 32] Broken pipe
接收数据异常，请稍后再试。
[Errno 32] Broken pipe
接收数据异常，请稍后再试。
[Errno 32] Broken pipe
接收数据异常，请稍后再试。
[Errno 32] Broken pipe
接收数据异常，请稍后再试。
[Errno 32] Broken pipe
接收数据异常，请稍后再试。
[Errno 32] Broken pipe
接收数据异常，请稍后再试。
[Errno 32] Broken pipe
接收数据异常，请稍后再试。
[Errno 32] Broken pipe
接收数据异常，请稍后再试。
[Errno 32] Broken pipe
接收数据异常，请稍后再试。
[Errno 32] Broken pipe
接收数据异常，请稍后再试。
[Errno 32] Broken pipe
接收数据异常，请稍后再试。
[Errno 32] Broken pipe
接收数据异常，请稍后再试。
[Errno 32] Broken pipe
接收数据异常，请稍后再试。
[Errno 32] Broken pipe
接收数据异常，请稍后再试。
[Errno 32] Broken pipe
接收数据异常，请稍后再试。
[Errno 32] Broken pipe
接收数据异常，请稍后再试。
[Errno 32] Broken pipe
接收数据异常，请稍后再试。
[Errno 32] Broken pipe
接收数据异常，请稍后再试。
[Errno 32] Broken pipe
接收数据异常，请稍后再试。
[Errno 32] Broken pipe
接收数据异常，请稍后再试。
[Errno 32] Broken pipe
接收数据异常，请稍后再试。
[Errno 32] Broken pipe
接收数据异常，请稍后再试。
[Errno 32] Broken pipe
接收数据异常，请稍后再试。
[Errno 32] Broken pipe
接收数据异常，请稍后再试。
[Errno 32] Broken pipe
接收数据异常，请稍后再试。
[Errno 32] Broken pipe
接收数据异常，请稍后再试。
[Errno 32] Broken pipe
接收数据异常，请稍后再试。
[Errno 32] Broken pipe
接收数据异常，请稍后再试。
[Errno 32] Broken pipe
接收数据异常，请稍后再试。
[Errno 32] Broken pipe
接收数据异常，请稍后再试。
[Errno 32] Broken pipe
接收数据异常，请稍后再试。
[Errno 32] Broken pipe
接收数据异常，请稍后再试。
[Errno 32] Broken pipe
接收数据异常，请稍后再试。
[Errno 32] Broken pipe
接收数据异常，请稍后再试。
[Errno 32] Broken pipe
接收数据异常，请稍后再试。
[Errno 32] Broken pipe
接收数据异常，请稍后再试。
[Errno 32] Broken pipe
接收数据异常，请稍后再试。
[Errno 32] Broken pipe
接收数据异常，请稍后再试。
[Errno 32] Broken pipe
接收数据异常，请稍后再试。
[Errno 32] Broken pipe
接收数据异常，请稍后再试。
[Errno 32] Broken pipe
接收数据异常，请稍后再试。
[Errno 32] Broken pipe
接收数据异常，请稍后再试。
[Errno 32] Broken pipe
接收数据异常，请稍后再试。
[Errno 32] Broken pipe
接收数据异常，请稍后再试。
[Errno 32] Broken pipe
接收数据异常，请稍后再试。
[Errno 32] Broken pipe
接收数据异常，请稍后再试。
[Errno 32] Broken pipe
接收数据异常，请稍后再试。
[Errno 32] Broken pipe
接收数据异常，请稍后再试。
[Errno 32] Broken pipe
接收数据异常，请稍后再试。
[Errno 32] Broken pipe
接收数据异常，请稍后再试。
[Errno 32] Broken pipe
接收数据异常，请稍后再试。
[Errno 32] Broken pipe
接收数据异常，请稍后再试。
[Errno 32] Broken pipe
接收数据异常，请稍后再试。
[Errno 32] Broken pipe
接收数据异常，请稍后再试。
[Errno 32] Broken pipe
接收数据异常，请稍后再试。
[Errno 32] Broken pipe
接收数据异常，请稍后再试。
[Errno 32] Broken pipe
接收数据异常，请稍后再试。
[Errno 32] Broken pipe
接收数据异常，请稍后再试。
[Errno 32] Broken pipe
接收数据异常，请稍后再试。
[Errno 32] Broken pipe
接收数据异常，请稍后再试。
[Errno 32] Broken pipe
接收数据异常，请稍后再试。
[Errno 32] Broken pipe
接收数据异常，请稍后再试。
[Errno 32] Broken pipe
接收数据异常，请稍后再试。
[Errno 32] Broken pipe
接收数据异常，请稍后再试。
[Errno 32] Broken pipe
接收数据异常，请稍后再试。
[Errno 32] Broken pipe
接收数据异常，请稍后再试。
[Errno 32] Broken pipe
接收数据异常，请稍后再试。
[Errno 32] Broken pipe
接收数据异常，请稍后再试。
[Errno 32] Broken pipe
接收数据异常，请稍后再试。
[Errno 32] Broken pipe
接收数据异常，请稍后再试。
[Errno 32] Broken pipe
接收数据异常，请稍后再试。
[Errno 32] Broken pipe
接收数据异常，请稍后再试。
[Errno 32] Broken pipe
接收数据异常，请稍后再试。
[Errno 32] Broken pipe
接收数据异常，请稍后再试。
[Errno 32] Broken pipe
接收数据异常，请稍后再试。
[Errno 32] Broken pipe
接收数据异常，请稍后再试。
[Errno 32] Broken pipe
接收数据异常，请稍后再试。
[Errno 32] Broken pipe
接收数据异常，请稍后再试。
[Errno 32] Broken pipe
接收数据异常，请稍后再试。
[Errno 32] Broken pipe
接收数据异常，请稍后再试。
[Errno 32] Broken pipe
接收数据异常，请稍后再试。
[Errno 32] Broken pipe
接收数据异常，请稍后再试。
[Errno 32] Broken pipe
接收数据异常，请稍后再试。
[Errno 32] Broken pipe
接收数据异常，请稍后再试。
[Errno 32] Broken pipe
接收数据异常，请稍后再试。
[Errno 32] Broken pipe
接收数据异常，请稍后再试。
[Errno 32] Broken pipe
接收数据异常，请稍后再试。
[Errno 32] Broken pipe
接收数据异常，请稍后再试。
[Errno 32] Broken pipe
接收数据异常，请稍后再试。
[Errno 32] Broken pipe
接收数据异常，请稍后再试。
[Errno 32] Broken pipe
接收数据异常，请稍后再试。
[Errno 32] Broken pipe
接收数据异常，请稍后再试。
[Errno 32] Broken pipe
接收数据异常，请稍后再试。
[Errno 32] Broken pipe
接收数据异常，请稍后再试。
[Errno 32] Broken pipe
接收数据异常，请稍后再试。
[Errno 32] Broken pipe
接收数据异常，请稍后再试。
[Errno 32] Broken pipe
接收数据异常，请稍后再试。
[Errno 32] Broken pipe
接收数据异常，请稍后再试。
[Errno 32] Broken pipe
接收数据异常，请稍后再试。
[Errno 32] Broken pipe
接收数据异常，请稍后再试。
[Errno 32] Broken pipe
接收数据异常，请稍后再试。
[Errno 32] Broken pipe
接收数据异常，请稍后再试。
[Errno 32] Broken pipe
接收数据异常，请稍后再试。
[Errno 32] Broken pipe
接收数据异常，请稍后再试。
[Errno 32] Broken pipe
接收数据异常，请稍后再试。
[Errno 32] Broken pipe
接收数据异常，请稍后再试。
[Errno 32] Broken pipe
接收数据异常，请稍后再试。
[Errno 32] Broken pipe
接收数据异常，请稍后再试。
[Errno 32] Broken pipe
接收数据异常，请稍后再试。
[Errno 32] Broken pipe
接收数据异常，请稍后再试。
[Errno 32] Broken pipe
接收数据异常，请稍后再试。
[Errno 32] Broken pipe
接收数据异常，请稍后再试。
[Errno 32] Broken pipe
接收数据异常，请稍后再试。
[Errno 32] Broken pipe
接收数据异常，请稍后再试。
[Errno 32] Broken pipe
接收数据异常，请稍后再试。
[Errno 32] Broken pipe
接收数据异常，请稍后再试。
[Errno 32] Broken pipe
接收数据异常，请稍后再试。
[Errno 32] Broken pipe
接收数据异常，请稍后再试。
[Errno 32] Broken pipe
接收数据异常，请稍后再试。
[Errno 32] Broken pipe
接收数据异常，请稍后再试。
[Errno 32] Broken pipe
接收数据异常，请稍后再试。
[Errno 32] Broken pipe
接收数据异常，请稍后再试。
[Errno 32] Broken pipe
接收数据异常，请稍后再试。
[Errno 32] Broken pipe
接收数据异常，请稍后再试。
[Errno 32] Broken pipe
接收数据异常，请稍后再试。
[Errno 32] Broken pipe
接收数据异常，请稍后再试。
[Errno 32] Broken pipe
接收数据异常，请稍后再试。
[Errno 32] Broken pipe
接收数据异常，请稍后再试。
[Errno 32] Broken pipe
接收数据异常，请稍后再试。
[Errno 32] Broken pipe
接收数据异常，请稍后再试。
[Errno 32] Broken pipe
接收数据异常，请稍后再试。
[Errno 32] Broken pipe
接收数据异常，请稍后再试。
[Errno 32] Broken pipe
接收数据异常，请稍后再试。
[Errno 32] Broken pipe
接收数据异常，请稍后再试。
[Errno 32] Broken pipe
接收数据异常，请稍后再试。
[Errno 32] Broken pipe
接收数据异常，请稍后再试。
[Errno 32] Broken pipe
接收数据异常，请稍后再试。
[Errno 32] Broken pipe
接收数据异常，请稍后再试。
[Errno 32] Broken pipe
接收数据异常，请稍后再试。
[Errno 32] Broken pipe
接收数据异常，请稍后再试。
[Errno 32] Broken pipe
接收数据异常，请稍后再试。
[Errno 32] Broken pipe
接收数据异常，请稍后再试。
[Errno 32] Broken pipe
接收数据异常，请稍后再试。
[Errno 32] Broken pipe
接收数据异常，请稍后再试。
[Errno 32] Broken pipe
接收数据异常，请稍后再试。
[Errno 32] Broken pipe
接收数据异常，请稍后再试。
[Errno 32] Broken pipe
接收数据异常，请稍后再试。
[Errno 32] Broken pipe
接收数据异常，请稍后再试。
[Errno 32] Broken pipe
接收数据异常，请稍后再试。
[Errno 32] Broken pipe
接收数据异常，请稍后再试。
[Errno 32] Broken pipe
接收数据异常，请稍后再试。
[Errno 32] Broken pipe
接收数据异常，请稍后再试。
[Errno 32] Broken pipe
接收数据异常，请稍后再试。
[Errno 32] Broken pipe
接收数据异常，请稍后再试。
[Errno 32] Broken pipe
接收数据异常，请稍后再试。
[Errno 32] Broken pipe
接收数据异常，请稍后再试。
[Errno 32] Broken pipe
接收数据异常，请稍后再试。
[Errno 32] Broken pipe
接收数据异常，请稍后再试。
[Errno 32] Broken pipe
接收数据异常，请稍后再试。
[Errno 32] Broken pipe
接收数据异常，请稍后再试。
[Errno 32] Broken pipe
接收数据异常，请稍后再试。
[Errno 32] Broken pipe
接收数据异常，请稍后再试。
[Errno 32] Broken pipe
接收数据异常，请稍后再试。
[Errno 32] Broken pipe
接收数据异常，请稍后再试。
[Errno 32] Broken pipe
接收数据异常，请稍后再试。
[Errno 32] Broken pipe
接收数据异常，请稍后再试。
[Errno 32] Broken pipe
接收数据异常，请稍后再试。
[Errno 32] Broken pipe
接收数据异常，请稍后再试。
[Errno 32] Broken pipe
接收数据异常，请稍后再试。
[Errno 32] Broken pipe
接收数据异常，请稍后再试。
[Errno 32] Broken pipe
接收数据异常，请稍后再试。
[Errno 32] Broken pipe
接收数据异常，请稍后再试。
[Errno 32] Broken pipe
接收数据异常，请稍后再试。
[Errno 32] Broken pipe
接收数据异常，请稍后再试。
[Errno 32] Broken pipe
接收数据异常，请稍后再试。
[Errno 32] Broken pipe
接收数据异常，请稍后再试。
[Errno 32] Broken pipe
接收数据异常，请稍后再试。
[Errno 32] Broken pipe
接收数据异常，请稍后再试。
[Errno 32] Broken pipe
接收数据异常，请稍后再试。
[Errno 32] Broken pipe
接收数据异常，请稍后再试。
[Errno 32] Broken pipe
接收数据异常，请稍后再试。
[Errno 32] Broken pipe
接收数据异常，请稍后再试。
[Errno 32] Broken pipe
接收数据异常，请稍后再试。
[Errno 32] Broken pipe
接收数据异常，请稍后再试。
[Errno 32] Broken pipe
接收数据异常，请稍后再试。
[Errno 32] Broken pipe
接收数据异常，请稍后再试。
[Errno 32] Broken pipe
接收数据异常，请稍后再试。
[Errno 32] Broken pipe
接收数据异常，请稍后再试。
[Errno 32] Broken pipe
接收数据异常，请稍后再试。
[Errno 32] Broken pipe
接收数据异常，请稍后再试。
[Errno 32] Broken pipe
接收数据异常，请稍后再试。
[Errno 32] Broken pipe
接收数据异常，请稍后再试。
[Errno 32] Broken pipe
接收数据异常，请稍后再试。
[Errno 32] Broken pipe
接收数据异常，请稍后再试。
[Errno 32] Broken pipe
接收数据异常，请稍后再试。
[Errno 32] Broken pipe
接收数据异常，请稍后再试。
[Errno 32] Broken pipe
接收数据异常，请稍后再试。
[Errno 32] Broken pipe
接收数据异常，请稍后再试。
[Errno 32] Broken pipe
接收数据异常，请稍后再试。
[Errno 32] Broken pipe
接收数据异常，请稍后再试。
[Errno 32] Broken pipe
接收数据异常，请稍后再试。
[Errno 32] Broken pipe
接收数据异常，请稍后再试。
[Errno 32] Broken pipe
接收数据异常，请稍后再试。
[Errno 32] Broken pipe
接收数据异常，请稍后再试。
[Errno 32] Broken pipe
接收数据异常，请稍后再试。
[Errno 32] Broken pipe
接收数据异常，请稍后再试。
[Errno 32] Broken pipe
接收数据异常，请稍后再试。
[Errno 32] Broken pipe
接收数据异常，请稍后再试。
[Errno 32] Broken pipe
接收数据异常，请稍后再试。
[Errno 32] Broken pipe
接收数据异常，请稍后再试。
[Errno 32] Broken pipe
接收数据异常，请稍后再试。
[Errno 32] Broken pipe
接收数据异常，请稍后再试。
[Errno 32] Broken pipe
接收数据异常，请稍后再试。
[Errno 32] Broken pipe
接收数据异常，请稍后再试。
[Errno 32] Broken pipe
接收数据异常，请稍后再试。
[Errno 32] Broken pipe
接收数据异常，请稍后再试。
[Errno 32] Broken pipe
接收数据异常，请稍后再试。
[Errno 32] Broken pipe
接收数据异常，请稍后再试。
[Errno 32] Broken pipe
接收数据异常，请稍后再试。
[Errno 32] Broken pipe
接收数据异常，请稍后再试。
[Errno 32] Broken pipe
接收数据异常，请稍后再试。
[Errno 32] Broken pipe
接收数据异常，请稍后再试。
[Errno 32] Broken pipe
接收数据异常，请稍后再试。
[Errno 32] Broken pipe
接收数据异常，请稍后再试。
[Errno 32] Broken pipe
接收数据异常，请稍后再试。
[Errno 32] Broken pipe
接收数据异常，请稍后再试。
[Errno 32] Broken pipe
接收数据异常，请稍后再试。
[Errno 32] Broken pipe
接收数据异常，请稍后再试。
[Errno 32] Broken pipe
接收数据异常，请稍后再试。
[Errno 32] Broken pipe
接收数据异常，请稍后再试。
[Errno 32] Broken pipe
接收数据异常，请稍后再试。
[Errno 32] Broken pipe
接收数据异常，请稍后再试。
[Errno 32] Broken pipe
接收数据异常，请稍后再试。
[Errno 32] Broken pipe
接收数据异常，请稍后再试。
[Errno 32] Broken pipe
接收数据异常，请稍后再试。
[Errno 32] Broken pipe
接收数据异常，请稍后再试。
[Errno 32] Broken pipe
接收数据异常，请稍后再试。
[Errno 32] Broken pipe
接收数据异常，请稍后再试。
[Errno 32] Broken pipe
接收数据异常，请稍后再试。
[Errno 32] Broken pipe
接收数据异常，请稍后再试。
[Errno 32] Broken pipe
接收数据异常，请稍后再试。
[Errno 32] Broken pipe
接收数据异常，请稍后再试。
[Errno 32] Broken pipe
接收数据异常，请稍后再试。
[Errno 32] Broken pipe
接收数据异常，请稍后再试。
[Errno 32] Broken pipe
接收数据异常，请稍后再试。
[Errno 32] Broken pipe
接收数据异常，请稍后再试。
[Errno 32] Broken pipe
接收数据异常，请稍后再试。
[Errno 32] Broken pipe
接收数据异常，请稍后再试。
[Errno 32] Broken pipe
接收数据异常，请稍后再试。
[Errno 32] Broken pipe
接收数据异常，请稍后再试。
[Errno 32] Broken pipe
接收数据异常，请稍后再试。
[Errno 32] Broken pipe
接收数据异常，请稍后再试。
[Errno 32] Broken pipe
接收数据异常，请稍后再试。
[Errno 32] Broken pipe
接收数据异常，请稍后再试。
[Errno 32] Broken pipe
接收数据异常，请稍后再试。
[Errno 32] Broken pipe
接收数据异常，请稍后再试。
[Errno 32] Broken pipe
接收数据异常，请稍后再试。
[Errno 32] Broken pipe
接收数据异常，请稍后再试。
[Errno 32] Broken pipe
接收数据异常，请稍后再试。
[Errno 32] Broken pipe
接收数据异常，请稍后再试。
[Errno 32] Broken pipe
接收数据异常，请稍后再试。
[Errno 32] Broken pipe
接收数据异常，请稍后再试。
[Errno 32] Broken pipe
接收数据异常，请稍后再试。
[Errno 32] Broken pipe
接收数据异常，请稍后再试。
[Errno 32] Broken pipe
接收数据异常，请稍后再试。
[Errno 32] Broken pipe
接收数据异常，请稍后再试。
[Errno 32] Broken pipe
接收数据异常，请稍后再试。
[Errno 32] Broken pipe
接收数据异常，请稍后再试。
[Errno 32] Broken pipe
接收数据异常，请稍后再试。
[Errno 32] Broken pipe
接收数据异常，请稍后再试。
[Errno 32] Broken pipe
接收数据异常，请稍后再试。
[Errno 32] Broken pipe
接收数据异常，请稍后再试。
[Errno 32] Broken pipe
接收数据异常，请稍后再试。
[Errno 32] Broken pipe
接收数据异常，请稍后再试。
[Errno 32] Broken pipe
接收数据异常，请稍后再试。
[Errno 32] Broken pipe
接收数据异常，请稍后再试。
[Errno 32] Broken pipe
接收数据异常，请稍后再试。
[Errno 32] Broken pipe
接收数据异常，请稍后再试。
[Errno 32] Broken pipe
接收数据异常，请稍后再试。
[Errno 32] Broken pipe
接收数据异常，请稍后再试。
[Errno 32] Broken pipe
接收数据异常，请稍后再试。
[Errno 32] Broken pipe
接收数据异常，请稍后再试。
[Errno 32] Broken pipe
接收数据异常，请稍后再试。
[Errno 32] Broken pipe
接收数据异常，请稍后再试。
[Errno 32] Broken pipe
接收数据异常，请稍后再试。
[Errno 32] Broken pipe
接收数据异常，请稍后再试。
[Errno 32] Broken pipe
接收数据异常，请稍后再试。
[Errno 32] Broken pipe
接收数据异常，请稍后再试。
[Errno 32] Broken pipe
接收数据异常，请稍后再试。
[Errno 32] Broken pipe
接收数据异常，请稍后再试。
[Errno 32] Broken pipe
接收数据异常，请稍后再试。
[Errno 32] Broken pipe
接收数据异常，请稍后再试。
[Errno 32] Broken pipe
接收数据异常，请稍后再试。
[Errno 32] Broken pipe
接收数据异常，请稍后再试。
[Errno 32] Broken pipe
接收数据异常，请稍后再试。
[Errno 32] Broken pipe
接收数据异常，请稍后再试。
[Errno 32] Broken pipe
接收数据异常，请稍后再试。
[Errno 32] Broken pipe
接收数据异常，请稍后再试。
[Errno 32] Broken pipe
接收数据异常，请稍后再试。
[Errno 32] Broken pipe
接收数据异常，请稍后再试。
[Errno 32] Broken pipe
接收数据异常，请稍后再试。
[Errno 32] Broken pipe
接收数据异常，请稍后再试。
[Errno 32] Broken pipe
接收数据异常，请稍后再试。
[Errno 32] Broken pipe
接收数据异常，请稍后再试。
[Errno 32] Broken pipe
接收数据异常，请稍后再试。
[Errno 32] Broken pipe
接收数据异常，请稍后再试。
[Errno 32] Broken pipe
接收数据异常，请稍后再试。
[Errno 32] Broken pipe
接收数据异常，请稍后再试。
[Errno 32] Broken pipe
接收数据异常，请稍后再试。
[Errno 32] Broken pipe
接收数据异常，请稍后再试。
[Errno 32] Broken pipe
接收数据异常，请稍后再试。
[Errno 32] Broken pipe
接收数据异常，请稍后再试。
[Errno 32] Broken pipe
接收数据异常，请稍后再试。
[Errno 32] Broken pipe
接收数据异常，请稍后再试。
[Errno 32] Broken pipe
接收数据异常，请稍后再试。
[Errno 32] Broken pipe
接收数据异常，请稍后再试。
[Errno 32] Broken pipe
接收数据异常，请稍后再试。
[Errno 32] Broken pipe
接收数据异常，请稍后再试。
[Errno 32] Broken pipe
接收数据异常，请稍后再试。
[Errno 32] Broken pipe
接收数据异常，请稍后再试。
[Errno 32] Broken pipe
接收数据异常，请稍后再试。
[Errno 32] Broken pipe
接收数据异常，请稍后再试。
[Errno 32] Broken pipe
接收数据异常，请稍后再试。
[Errno 32] Broken pipe
接收数据异常，请稍后再试。
[Errno 32] Broken pipe
接收数据异常，请稍后再试。
[Errno 32] Broken pipe
接收数据异常，请稍后再试。
[Errno 32] Broken pipe
接收数据异常，请稍后再试。
[Errno 32] Broken pipe
接收数据异常，请稍后再试。
[Errno 32] Broken pipe
接收数据异常，请稍后再试。
[Errno 32] Broken pipe
接收数据异常，请稍后再试。
[Errno 32] Broken pipe
接收数据异常，请稍后再试。
[Errno 32] Broken pipe
接收数据异常，请稍后再试。
[Errno 32] Broken pipe
接收数据异常，请稍后再试。
[Errno 32] Broken pipe
接收数据异常，请稍后再试。
[Errno 32] Broken pipe
接收数据异常，请稍后再试。
[Errno 32] Broken pipe
接收数据异常，请稍后再试。
[Errno 32] Broken pipe
接收数据异常，请稍后再试。
[Errno 32] Broken pipe
接收数据异常，请稍后再试。
[Errno 32] Broken pipe
接收数据异常，请稍后再试。
[Errno 32] Broken pipe
接收数据异常，请稍后再试。
[Errno 32] Broken pipe
接收数据异常，请稍后再试。
[Errno 32] Broken pipe
接收数据异常，请稍后再试。
[Errno 32] Broken pipe
接收数据异常，请稍后再试。
[Errno 32] Broken pipe
接收数据异常，请稍后再试。
[Errno 32] Broken pipe
接收数据异常，请稍后再试。
[Errno 32] Broken pipe
接收数据异常，请稍后再试。
[Errno 32] Broken pipe
接收数据异常，请稍后再试。
[Errno 32] Broken pipe
接收数据异常，请稍后再试。
[Errno 32] Broken pipe
接收数据异常，请稍后再试。
[Errno 32] Broken pipe
接收数据异常，请稍后再试。
[Errno 32] Broken pipe
接收数据异常，请稍后再试。
[Errno 32] Broken pipe
接收数据异常，请稍后再试。
[Errno 32] Broken pipe
接收数据异常，请稍后再试。
[Errno 32] Broken pipe
接收数据异常，请稍后再试。
[Errno 32] Broken pipe
接收数据异常，请稍后再试。
[Errno 32] Broken pipe
接收数据异常，请稍后再试。
[Errno 32] Broken pipe
接收数据异常，请稍后再试。
[Errno 32] Broken pipe
接收数据异常，请稍后再试。
[Errno 32] Broken pipe
接收数据异常，请稍后再试。
[Errno 32] Broken pipe
接收数据异常，请稍后再试。
[Errno 32] Broken pipe
接收数据异常，请稍后再试。
[Errno 32] Broken pipe
接收数据异常，请稍后再试。
[Errno 32] Broken pipe
接收数据异常，请稍后再试。
[Errno 32] Broken pipe
接收数据异常，请稍后再试。
[Errno 32] Broken pipe
接收数据异常，请稍后再试。
[Errno 32] Broken pipe
接收数据异常，请稍后再试。
[Errno 32] Broken pipe
接收数据异常，请稍后再试。
[Errno 32] Broken pipe
接收数据异常，请稍后再试。
[Errno 32] Broken pipe
接收数据异常，请稍后再试。
[Errno 32] Broken pipe
接收数据异常，请稍后再试。
[Errno 32] Broken pipe
接收数据异常，请稍后再试。
[Errno 32] Broken pipe
接收数据异常，请稍后再试。
[Errno 32] Broken pipe
接收数据异常，请稍后再试。
[Errno 32] Broken pipe
接收数据异常，请稍后再试。
[Errno 32] Broken pipe
接收数据异常，请稍后再试。
[Errno 32] Broken pipe
接收数据异常，请稍后再试。
[Errno 32] Broken pipe
接收数据异常，请稍后再试。
[Errno 32] Broken pipe
接收数据异常，请稍后再试。
[Errno 32] Broken pipe
接收数据异常，请稍后再试。
[Errno 32] Broken pipe
接收数据异常，请稍后再试。
[Errno 32] Broken pipe
接收数据异常，请稍后再试。
[Errno 32] Broken pipe
接收数据异常，请稍后再试。
[Errno 32] Broken pipe
接收数据异常，请稍后再试。
[Errno 32] Broken pipe
接收数据异常，请稍后再试。
[Errno 32] Broken pipe
接收数据异常，请稍后再试。
[Errno 32] Broken pipe
接收数据异常，请稍后再试。
[Errno 32] Broken pipe
接收数据异常，请稍后再试。
[Errno 32] Broken pipe
接收数据异常，请稍后再试。
[Errno 32] Broken pipe
接收数据异常，请稍后再试。
[Errno 32] Broken pipe
接收数据异常，请稍后再试。
[Errno 32] Broken pipe
接收数据异常，请稍后再试。
[Errno 32] Broken pipe
接收数据异常，请稍后再试。
[Errno 32] Broken pipe
接收数据异常，请稍后再试。
[Errno 32] Broken pipe
接收数据异常，请稍后再试。
[Errno 32] Broken pipe
接收数据异常，请稍后再试。
[Errno 32] Broken pipe
接收数据异常，请稍后再试。
[Errno 32] Broken pipe
接收数据异常，请稍后再试。
[Errno 32] Broken pipe
接收数据异常，请稍后再试。
[Errno 32] Broken pipe
接收数据异常，请稍后再试。
[Errno 32] Broken pipe
接收数据异常，请稍后再试。
[Errno 32] Broken pipe
接收数据异常，请稍后再试。
[Errno 32] Broken pipe
接收数据异常，请稍后再试。
[Errno 32] Broken pipe
接收数据异常，请稍后再试。
[Errno 32] Broken pipe
接收数据异常，请稍后再试。
[Errno 32] Broken pipe
接收数据异常，请稍后再试。
[Errno 32] Broken pipe
接收数据异常，请稍后再试。
[Errno 32] Broken pipe
接收数据异常，请稍后再试。
[Errno 32] Broken pipe
接收数据异常，请稍后再试。
[Errno 32] Broken pipe
接收数据异常，请稍后再试。
[Errno 32] Broken pipe
接收数据异常，请稍后再试。
[Errno 32] Broken pipe
接收数据异常，请稍后再试。
[Errno 32] Broken pipe
接收数据异常，请稍后再试。
[Errno 32] Broken pipe
接收数据异常，请稍后再试。
[Errno 32] Broken pipe
接收数据异常，请稍后再试。
[Errno 32] Broken pipe
接收数据异常，请稍后再试。
[Errno 32] Broken pipe
接收数据异常，请稍后再试。
[Errno 32] Broken pipe
接收数据异常，请稍后再试。
[Errno 32] Broken pipe
接收数据异常，请稍后再试。
[Errno 32] Broken pipe
接收数据异常，请稍后再试。
[Errno 32] Broken pipe
接收数据异常，请稍后再试。
[Errno 32] Broken pipe
接收数据异常，请稍后再试。
[Errno 32] Broken pipe
接收数据异常，请稍后再试。
[Errno 32] Broken pipe
接收数据异常，请稍后再试。
[Errno 32] Broken pipe
接收数据异常，请稍后再试。
[Errno 32] Broken pipe
接收数据异常，请稍后再试。
[Errno 32] Broken pipe
接收数据异常，请稍后再试。
[Errno 32] Broken pipe
接收数据异常，请稍后再试。
[Errno 32] Broken pipe
接收数据异常，请稍后再试。
[Errno 32] Broken pipe
接收数据异常，请稍后再试。
[Errno 32] Broken pipe
接收数据异常，请稍后再试。
[Errno 32] Broken pipe
接收数据异常，请稍后再试。
[Errno 32] Broken pipe
接收数据异常，请稍后再试。
[Errno 32] Broken pipe
接收数据异常，请稍后再试。
[Errno 32] Broken pipe
接收数据异常，请稍后再试。
[Errno 32] Broken pipe
接收数据异常，请稍后再试。
[Errno 32] Broken pipe
接收数据异常，请稍后再试。
[Errno 32] Broken pipe
接收数据异常，请稍后再试。
[Errno 32] Broken pipe
接收数据异常，请稍后再试。
[Errno 32] Broken pipe
接收数据异常，请稍后再试。
[Errno 32] Broken pipe
接收数据异常，请稍后再试。
[Errno 32] Broken pipe
接收数据异常，请稍后再试。
[Errno 32] Broken pipe
接收数据异常，请稍后再试。
[Errno 32] Broken pipe
接收数据异常，请稍后再试。
[Errno 32] Broken pipe
接收数据异常，请稍后再试。
[Errno 32] Broken pipe
接收数据异常，请稍后再试。
[Errno 32] Broken pipe
接收数据异常，请稍后再试。
[Errno 32] Broken pipe
接收数据异常，请稍后再试。
[Errno 32] Broken pipe
接收数据异常，请稍后再试。
[Errno 32] Broken pipe
接收数据异常，请稍后再试。
[Errno 32] Broken pipe
接收数据异常，请稍后再试。
[Errno 32] Broken pipe
接收数据异常，请稍后再试。
[Errno 32] Broken pipe
接收数据异常，请稍后再试。
[Errno 32] Broken pipe
接收数据异常，请稍后再试。
[Errno 32] Broken pipe
接收数据异常，请稍后再试。
[Errno 32] Broken pipe
接收数据异常，请稍后再试。
[Errno 32] Broken pipe
接收数据异常，请稍后再试。
[Errno 32] Broken pipe
接收数据异常，请稍后再试。
[Errno 32] Broken pipe
接收数据异常，请稍后再试。
[Errno 32] Broken pipe
接收数据异常，请稍后再试。
[Errno 32] Broken pipe
接收数据异常，请稍后再试。
[Errno 32] Broken pipe
接收数据异常，请稍后再试。
[Errno 32] Broken pipe
接收数据异常，请稍后再试。
[Errno 32] Broken pipe
接收数据异常，请稍后再试。
[Errno 32] Broken pipe
接收数据异常，请稍后再试。
[Errno 32] Broken pipe
接收数据异常，请稍后再试。
[Errno 32] Broken pipe
接收数据异常，请稍后再试。
[Errno 32] Broken pipe
接收数据异常，请稍后再试。
[Errno 32] Broken pipe
接收数据异常，请稍后再试。
[Errno 32] Broken pipe
接收数据异常，请稍后再试。
[Errno 32] Broken pipe
接收数据异常，请稍后再试。
[Errno 32] Broken pipe
接收数据异常，请稍后再试。
[Errno 32] Broken pipe
接收数据异常，请稍后再试。
[Errno 32] Broken pipe
接收数据异常，请稍后再试。
[Errno 32] Broken pipe
接收数据异常，请稍后再试。
[Errno 32] Broken pipe
接收数据异常，请稍后再试。
[Errno 32] Broken pipe
接收数据异常，请稍后再试。
[Errno 32] Broken pipe
接收数据异常，请稍后再试。
[Errno 32] Broken pipe
接收数据异常，请稍后再试。
[Errno 32] Broken pipe
接收数据异常，请稍后再试。
[Errno 32] Broken pipe
接收数据异常，请稍后再试。
[Errno 32] Broken pipe
接收数据异常，请稍后再试。
[Errno 32] Broken pipe
接收数据异常，请稍后再试。
[Errno 32] Broken pipe
接收数据异常，请稍后再试。
[Errno 32] Broken pipe
接收数据异常，请稍后再试。
[Errno 32] Broken pipe
接收数据异常，请稍后再试。
[Errno 32] Broken pipe
接收数据异常，请稍后再试。
[Errno 32] Broken pipe
接收数据异常，请稍后再试。
[Errno 32] Broken pipe
接收数据异常，请稍后再试。
[Errno 32] Broken pipe
接收数据异常，请稍后再试。
[Errno 32] Broken pipe
接收数据异常，请稍后再试。
[Errno 32] Broken pipe
接收数据异常，请稍后再试。
[Errno 32] Broken pipe
接收数据异常，请稍后再试。
[Errno 32] Broken pipe
接收数据异常，请稍后再试。
[Errno 32] Broken pipe
接收数据异常，请稍后再试。
[Errno 32] Broken pipe
接收数据异常，请稍后再试。
[Errno 32] Broken pipe
接收数据异常，请稍后再试。
[Errno 32] Broken pipe
接收数据异常，请稍后再试。
[Errno 32] Broken pipe
接收数据异常，请稍后再试。
[Errno 32] Broken pipe
接收数据异常，请稍后再试。
[Errno 32] Broken pipe
接收数据异常，请稍后再试。
[Errno 32] Broken pipe
接收数据异常，请稍后再试。
[Errno 32] Broken pipe
接收数据异常，请稍后再试。
[Errno 32] Broken pipe
接收数据异常，请稍后再试。
[Errno 32] Broken pipe
接收数据异常，请稍后再试。
[Errno 32] Broken pipe
接收数据异常，请稍后再试。
[Errno 32] Broken pipe
接收数据异常，请稍后再试。
[Errno 32] Broken pipe
接收数据异常，请稍后再试。
[Errno 32] Broken pipe
接收数据异常，请稍后再试。
[Errno 32] Broken pipe
接收数据异常，请稍后再试。
[Errno 32] Broken pipe
接收数据异常，请稍后再试。
[Errno 32] Broken pipe
接收数据异常，请稍后再试。
[Errno 32] Broken pipe
接收数据异常，请稍后再试。
[Errno 32] Broken pipe
接收数据异常，请稍后再试。
[Errno 32] Broken pipe
接收数据异常，请稍后再试。
[Errno 32] Broken pipe
接收数据异常，请稍后再试。
[Errno 32] Broken pipe
接收数据异常，请稍后再试。
[Errno 32] Broken pipe
接收数据异常，请稍后再试。
[Errno 32] Broken pipe
接收数据异常，请稍后再试。
[Errno 32] Broken pipe
接收数据异常，请稍后再试。
[Errno 32] Broken pipe
接收数据异常，请稍后再试。
[Errno 32] Broken pipe
接收数据异常，请稍后再试。
[Errno 32] Broken pipe
接收数据异常，请稍后再试。
[Errno 32] Broken pipe
接收数据异常，请稍后再试。
[Errno 32] Broken pipe
接收数据异常，请稍后再试。
[Errno 32] Broken pipe
接收数据异常，请稍后再试。
[Errno 32] Broken pipe
接收数据异常，请稍后再试。
[Errno 32] Broken pipe
接收数据异常，请稍后再试。
[Errno 32] Broken pipe
接收数据异常，请稍后再试。
[Errno 32] Broken pipe
接收数据异常，请稍后再试。
[Errno 32] Broken pipe
接收数据异常，请稍后再试。
[Errno 32] Broken pipe
接收数据异常，请稍后再试。
[Errno 32] Broken pipe
接收数据异常，请稍后再试。
[Errno 32] Broken pipe
接收数据异常，请稍后再试。
[Errno 32] Broken pipe
接收数据异常，请稍后再试。
[Errno 32] Broken pipe
接收数据异常，请稍后再试。
[Errno 32] Broken pipe
接收数据异常，请稍后再试。
[Errno 32] Broken pipe
接收数据异常，请稍后再试。
[Errno 32] Broken pipe
接收数据异常，请稍后再试。
[Errno 32] Broken pipe
接收数据异常，请稍后再试。
[Errno 32] Broken pipe
接收数据异常，请稍后再试。
[Errno 32] Broken pipe
接收数据异常，请稍后再试。
[Errno 32] Broken pipe
接收数据异常，请稍后再试。
[Errno 32] Broken pipe
接收数据异常，请稍后再试。
[Errno 32] Broken pipe
接收数据异常，请稍后再试。
[Errno 32] Broken pipe
接收数据异常，请稍后再试。
[Errno 32] Broken pipe
接收数据异常，请稍后再试。
[Errno 32] Broken pipe
接收数据异常，请稍后再试。
[Errno 32] Broken pipe
接收数据异常，请稍后再试。
[Errno 32] Broken pipe
接收数据异常，请稍后再试。
[Errno 32] Broken pipe
接收数据异常，请稍后再试。
[Errno 32] Broken pipe
接收数据异常，请稍后再试。
[Errno 32] Broken pipe
接收数据异常，请稍后再试。
[Errno 32] Broken pipe
接收数据异常，请稍后再试。
[Errno 32] Broken pipe
接收数据异常，请稍后再试。
[Errno 32] Broken pipe
接收数据异常，请稍后再试。
[Errno 32] Broken pipe
接收数据异常，请稍后再试。
[Errno 32] Broken pipe
接收数据异常，请稍后再试。
[Errno 32] Broken pipe
接收数据异常，请稍后再试。
[Errno 32] Broken pipe
接收数据异常，请稍后再试。
[Errno 32] Broken pipe
接收数据异常，请稍后再试。
[Errno 32] Broken pipe
接收数据异常，请稍后再试。
[Errno 32] Broken pipe
接收数据异常，请稍后再试。
[Errno 32] Broken pipe
接收数据异常，请稍后再试。
[Errno 32] Broken pipe
接收数据异常，请稍后再试。
[Errno 32] Broken pipe
接收数据异常，请稍后再试。
[Errno 32] Broken pipe
接收数据异常，请稍后再试。
[Errno 32] Broken pipe
接收数据异常，请稍后再试。
[Errno 32] Broken pipe
接收数据异常，请稍后再试。
[Errno 32] Broken pipe
接收数据异常，请稍后再试。
[Errno 32] Broken pipe
接收数据异常，请稍后再试。
[Errno 32] Broken pipe
接收数据异常，请稍后再试。
[Errno 32] Broken pipe
接收数据异常，请稍后再试。
[Errno 32] Broken pipe
接收数据异常，请稍后再试。
[Errno 32] Broken pipe
接收数据异常，请稍后再试。
[Errno 32] Broken pipe
接收数据异常，请稍后再试。
[Errno 32] Broken pipe
接收数据异常，请稍后再试。
[Errno 32] Broken pipe
接收数据异常，请稍后再试。
[Errno 32] Broken pipe
接收数据异常，请稍后再试。
[Errno 32] Broken pipe
接收数据异常，请稍后再试。
[Errno 32] Broken pipe
接收数据异常，请稍后再试。
[Errno 32] Broken pipe
接收数据异常，请稍后再试。
[Errno 32] Broken pipe
接收数据异常，请稍后再试。
[Errno 32] Broken pipe
接收数据异常，请稍后再试。
[Errno 32] Broken pipe
接收数据异常，请稍后再试。
[Errno 32] Broken pipe
接收数据异常，请稍后再试。
[Errno 32] Broken pipe
接收数据异常，请稍后再试。
[Errno 32] Broken pipe
接收数据异常，请稍后再试。
[Errno 32] Broken pipe
接收数据异常，请稍后再试。
[Errno 32] Broken pipe
接收数据异常，请稍后再试。
[Errno 32] Broken pipe
接收数据异常，请稍后再试。
[Errno 32] Broken pipe
接收数据异常，请稍后再试。
[Errno 32] Broken pipe
接收数据异常，请稍后再试。
[Errno 32] Broken pipe
接收数据异常，请稍后再试。
[Errno 32] Broken pipe
接收数据异常，请稍后再试。
[Errno 32] Broken pipe
接收数据异常，请稍后再试。
[Errno 32] Broken pipe
接收数据异常，请稍后再试。
[Errno 32] Broken pipe
接收数据异常，请稍后再试。
[Errno 32] Broken pipe
接收数据异常，请稍后再试。
[Errno 32] Broken pipe
接收数据异常，请稍后再试。
[Errno 32] Broken pipe
接收数据异常，请稍后再试。
[Errno 32] Broken pipe
接收数据异常，请稍后再试。
[Errno 32] Broken pipe
接收数据异常，请稍后再试。
[Errno 32] Broken pipe
接收数据异常，请稍后再试。
[Errno 32] Broken pipe
接收数据异常，请稍后再试。
[Errno 32] Broken pipe
接收数据异常，请稍后再试。
[Errno 32] Broken pipe
接收数据异常，请稍后再试。
[Errno 32] Broken pipe
接收数据异常，请稍后再试。
[Errno 32] Broken pipe
接收数据异常，请稍后再试。
[Errno 32] Broken pipe
接收数据异常，请稍后再试。
[Errno 32] Broken pipe
接收数据异常，请稍后再试。
[Errno 32] Broken pipe
接收数据异常，请稍后再试。
[Errno 32] Broken pipe
接收数据异常，请稍后再试。
[Errno 32] Broken pipe
接收数据异常，请稍后再试。
[Errno 32] Broken pipe
接收数据异常，请稍后再试。
[Errno 32] Broken pipe
接收数据异常，请稍后再试。
[Errno 32] Broken pipe
接收数据异常，请稍后再试。
[Errno 32] Broken pipe
接收数据异常，请稍后再试。
[Errno 32] Broken pipe
接收数据异常，请稍后再试。
[Errno 32] Broken pipe
接收数据异常，请稍后再试。
[Errno 32] Broken pipe
接收数据异常，请稍后再试。
[Errno 32] Broken pipe
接收数据异常，请稍后再试。
[Errno 32] Broken pipe
接收数据异常，请稍后再试。
[Errno 32] Broken pipe
接收数据异常，请稍后再试。
[Errno 32] Broken pipe
接收数据异常，请稍后再试。
[Errno 32] Broken pipe
接收数据异常，请稍后再试。
[Errno 32] Broken pipe
接收数据异常，请稍后再试。
[Errno 32] Broken pipe
接收数据异常，请稍后再试。
[Errno 32] Broken pipe
接收数据异常，请稍后再试。
[Errno 32] Broken pipe
接收数据异常，请稍后再试。
[Errno 32] Broken pipe
接收数据异常，请稍后再试。
[Errno 32] Broken pipe
接收数据异常，请稍后再试。
[Errno 32] Broken pipe
接收数据异常，请稍后再试。
[Errno 32] Broken pipe
接收数据异常，请稍后再试。
[Errno 32] Broken pipe
接收数据异常，请稍后再试。
[Errno 32] Broken pipe
接收数据异常，请稍后再试。
[Errno 32] Broken pipe
接收数据异常，请稍后再试。
[Errno 32] Broken pipe
接收数据异常，请稍后再试。
[Errno 32] Broken pipe
接收数据异常，请稍后再试。
[Errno 32] Broken pipe
接收数据异常，请稍后再试。
[Errno 32] Broken pipe
接收数据异常，请稍后再试。
[Errno 32] Broken pipe
接收数据异常，请稍后再试。
[Errno 32] Broken pipe
接收数据异常，请稍后再试。
[Errno 32] Broken pipe
接收数据异常，请稍后再试。
[Errno 32] Broken pipe
接收数据异常，请稍后再试。
[Errno 32] Broken pipe
接收数据异常，请稍后再试。
[Errno 32] Broken pipe
接收数据异常，请稍后再试。
[Errno 32] Broken pipe
接收数据异常，请稍后再试。
[Errno 32] Broken pipe
接收数据异常，请稍后再试。
[Errno 32] Broken pipe
接收数据异常，请稍后再试。
[Errno 32] Broken pipe
接收数据异常，请稍后再试。
[Errno 32] Broken pipe
接收数据异常，请稍后再试。
[Errno 32] Broken pipe
接收数据异常，请稍后再试。
[Errno 32] Broken pipe
接收数据异常，请稍后再试。
[Errno 32] Broken pipe
接收数据异常，请稍后再试。
[Errno 32] Broken pipe
接收数据异常，请稍后再试。
[Errno 32] Broken pipe
接收数据异常，请稍后再试。
[Errno 32] Broken pipe
接收数据异常，请稍后再试。
[Errno 32] Broken pipe
接收数据异常，请稍后再试。
[Errno 32] Broken pipe
接收数据异常，请稍后再试。
[Errno 32] Broken pipe
接收数据异常，请稍后再试。
[Errno 32] Broken pipe
接收数据异常，请稍后再试。
[Errno 32] Broken pipe
接收数据异常，请稍后再试。
[Errno 32] Broken pipe
接收数据异常，请稍后再试。
[Errno 32] Broken pipe
接收数据异常，请稍后再试。
[Errno 32] Broken pipe
接收数据异常，请稍后再试。
[Errno 32] Broken pipe
接收数据异常，请稍后再试。
[Errno 32] Broken pipe
接收数据异常，请稍后再试。
[Errno 32] Broken pipe
接收数据异常，请稍后再试。
[Errno 32] Broken pipe
接收数据异常，请稍后再试。
[Errno 32] Broken pipe
接收数据异常，请稍后再试。
[Errno 32] Broken pipe
接收数据异常，请稍后再试。
[Errno 32] Broken pipe
接收数据异常，请稍后再试。
[Errno 32] Broken pipe
接收数据异常，请稍后再试。
[Errno 32] Broken pipe
接收数据异常，请稍后再试。
[Errno 32] Broken pipe
接收数据异常，请稍后再试。
[Errno 32] Broken pipe
接收数据异常，请稍后再试。
[Errno 32] Broken pipe
接收数据异常，请稍后再试。
[Errno 32] Broken pipe
接收数据异常，请稍后再试。
[Errno 32] Broken pipe
接收数据异常，请稍后再试。
[Errno 32] Broken pipe
接收数据异常，请稍后再试。
[Errno 32] Broken pipe
接收数据异常，请稍后再试。
[Errno 32] Broken pipe
接收数据异常，请稍后再试。
[Errno 32] Broken pipe
接收数据异常，请稍后再试。
[Errno 32] Broken pipe
接收数据异常，请稍后再试。
[Errno 32] Broken pipe
接收数据异常，请稍后再试。
[Errno 32] Broken pipe
接收数据异常，请稍后再试。
[Errno 32] Broken pipe
接收数据异常，请稍后再试。
[Errno 32] Broken pipe
接收数据异常，请稍后再试。
[Errno 32] Broken pipe
接收数据异常，请稍后再试。
[Errno 32] Broken pipe
接收数据异常，请稍后再试。
[Errno 32] Broken pipe
接收数据异常，请稍后再试。
[Errno 32] Broken pipe
接收数据异常，请稍后再试。
[Errno 32] Broken pipe
接收数据异常，请稍后再试。
[Errno 32] Broken pipe
接收数据异常，请稍后再试。
[Errno 32] Broken pipe
接收数据异常，请稍后再试。
[Errno 32] Broken pipe
接收数据异常，请稍后再试。
[Errno 32] Broken pipe
接收数据异常，请稍后再试。
[Errno 32] Broken pipe
接收数据异常，请稍后再试。
[Errno 32] Broken pipe
接收数据异常，请稍后再试。
[Errno 32] Broken pipe
接收数据异常，请稍后再试。
[Errno 32] Broken pipe
接收数据异常，请稍后再试。
[Errno 32] Broken pipe
接收数据异常，请稍后再试。
[Errno 32] Broken pipe
接收数据异常，请稍后再试。
[Errno 32] Broken pipe
接收数据异常，请稍后再试。
[Errno 32] Broken pipe
接收数据异常，请稍后再试。
[Errno 32] Broken pipe
接收数据异常，请稍后再试。
[Errno 32] Broken pipe
接收数据异常，请稍后再试。
[Errno 32] Broken pipe
接收数据异常，请稍后再试。
[Errno 32] Broken pipe
接收数据异常，请稍后再试。
[Errno 32] Broken pipe
接收数据异常，请稍后再试。
[Errno 32] Broken pipe
接收数据异常，请稍后再试。
[Errno 32] Broken pipe
接收数据异常，请稍后再试。
[Errno 32] Broken pipe
接收数据异常，请稍后再试。
[Errno 32] Broken pipe
接收数据异常，请稍后再试。
[Errno 32] Broken pipe
接收数据异常，请稍后再试。
[Errno 32] Broken pipe
接收数据异常，请稍后再试。
[Errno 32] Broken pipe
接收数据异常，请稍后再试。
[Errno 32] Broken pipe
接收数据异常，请稍后再试。
[Errno 32] Broken pipe
接收数据异常，请稍后再试。
[Errno 32] Broken pipe
接收数据异常，请稍后再试。
[Errno 32] Broken pipe
接收数据异常，请稍后再试。
[Errno 32] Broken pipe
接收数据异常，请稍后再试。
[Errno 32] Broken pipe
接收数据异常，请稍后再试。
[Errno 32] Broken pipe
接收数据异常，请稍后再试。
[Errno 32] Broken pipe
接收数据异常，请稍后再试。
[Errno 32] Broken pipe
接收数据异常，请稍后再试。
[Errno 32] Broken pipe
接收数据异常，请稍后再试。
[Errno 32] Broken pipe
接收数据异常，请稍后再试。
[Errno 32] Broken pipe
接收数据异常，请稍后再试。
[Errno 32] Broken pipe
接收数据异常，请稍后再试。
[Errno 32] Broken pipe
接收数据异常，请稍后再试。
[Errno 32] Broken pipe
接收数据异常，请稍后再试。
[Errno 32] Broken pipe
接收数据异常，请稍后再试。
[Errno 32] Broken pipe
接收数据异常，请稍后再试。
[Errno 32] Broken pipe
接收数据异常，请稍后再试。
[Errno 32] Broken pipe
接收数据异常，请稍后再试。
[Errno 32] Broken pipe
接收数据异常，请稍后再试。
[Errno 32] Broken pipe
接收数据异常，请稍后再试。
[Errno 32] Broken pipe
接收数据异常，请稍后再试。
[Errno 32] Broken pipe
接收数据异常，请稍后再试。
[Errno 32] Broken pipe
接收数据异常，请稍后再试。
[Errno 32] Broken pipe
接收数据异常，请稍后再试。
[Errno 32] Broken pipe
接收数据异常，请稍后再试。
[Errno 32] Broken pipe
接收数据异常，请稍后再试。
[Errno 32] Broken pipe
接收数据异常，请稍后再试。
[Errno 32] Broken pipe
接收数据异常，请稍后再试。
[Errno 32] Broken pipe
接收数据异常，请稍后再试。
[Errno 32] Broken pipe
接收数据异常，请稍后再试。
[Errno 32] Broken pipe
接收数据异常，请稍后再试。
[Errno 32] Broken pipe
接收数据异常，请稍后再试。
[Errno 32] Broken pipe
接收数据异常，请稍后再试。
[Errno 32] Broken pipe
接收数据异常，请稍后再试。
[Errno 32] Broken pipe
接收数据异常，请稍后再试。
[Errno 32] Broken pipe
接收数据异常，请稍后再试。
[Errno 32] Broken pipe
接收数据异常，请稍后再试。
[Errno 32] Broken pipe
接收数据异常，请稍后再试。
[Errno 32] Broken pipe
接收数据异常，请稍后再试。
[Errno 32] Broken pipe
接收数据异常，请稍后再试。
[Errno 32] Broken pipe
接收数据异常，请稍后再试。
[Errno 32] Broken pipe
接收数据异常，请稍后再试。
[Errno 32] Broken pipe
接收数据异常，请稍后再试。
[Errno 32] Broken pipe
接收数据异常，请稍后再试。
[Errno 32] Broken pipe
接收数据异常，请稍后再试。
[Errno 32] Broken pipe
接收数据异常，请稍后再试。
[Errno 32] Broken pipe
接收数据异常，请稍后再试。
[Errno 32] Broken pipe
接收数据异常，请稍后再试。
[Errno 32] Broken pipe
接收数据异常，请稍后再试。
[Errno 32] Broken pipe
接收数据异常，请稍后再试。
[Errno 32] Broken pipe
接收数据异常，请稍后再试。
[Errno 32] Broken pipe
接收数据异常，请稍后再试。
[Errno 32] Broken pipe
接收数据异常，请稍后再试。
[Errno 32] Broken pipe
接收数据异常，请稍后再试。
[Errno 32] Broken pipe
接收数据异常，请稍后再试。
[Errno 32] Broken pipe
接收数据异常，请稍后再试。
[Errno 32] Broken pipe
接收数据异常，请稍后再试。
[Errno 32] Broken pipe
接收数据异常，请稍后再试。
[Errno 32] Broken pipe
接收数据异常，请稍后再试。
[Errno 32] Broken pipe
接收数据异常，请稍后再试。
[Errno 32] Broken pipe
接收数据异常，请稍后再试。
[Errno 32] Broken pipe
接收数据异常，请稍后再试。
[Errno 32] Broken pipe
接收数据异常，请稍后再试。
[Errno 32] Broken pipe
接收数据异常，请稍后再试。
[Errno 32] Broken pipe
接收数据异常，请稍后再试。
[Errno 32] Broken pipe
接收数据异常，请稍后再试。
[Errno 32] Broken pipe
接收数据异常，请稍后再试。
[Errno 32] Broken pipe
接收数据异常，请稍后再试。
[Errno 32] Broken pipe
接收数据异常，请稍后再试。
[Errno 32] Broken pipe
接收数据异常，请稍后再试。
[Errno 32] Broken pipe
接收数据异常，请稍后再试。
[Errno 32] Broken pipe
接收数据异常，请稍后再试。
[Errno 32] Broken pipe
接收数据异常，请稍后再试。
[Errno 32] Broken pipe
接收数据异常，请稍后再试。
[Errno 32] Broken pipe
接收数据异常，请稍后再试。
[Errno 32] Broken pipe
接收数据异常，请稍后再试。
[Errno 32] Broken pipe
接收数据异常，请稍后再试。
[Errno 32] Broken pipe
接收数据异常，请稍后再试。
[Errno 32] Broken pipe
接收数据异常，请稍后再试。
[Errno 32] Broken pipe
接收数据异常，请稍后再试。
[Errno 32] Broken pipe
接收数据异常，请稍后再试。
[Errno 32] Broken pipe
接收数据异常，请稍后再试。
[Errno 32] Broken pipe
接收数据异常，请稍后再试。
[Errno 32] Broken pipe
接收数据异常，请稍后再试。
[Errno 32] Broken pipe
接收数据异常，请稍后再试。
[Errno 32] Broken pipe
接收数据异常，请稍后再试。
[Errno 32] Broken pipe
接收数据异常，请稍后再试。
[Errno 32] Broken pipe
接收数据异常，请稍后再试。
[Errno 32] Broken pipe
接收数据异常，请稍后再试。
[Errno 32] Broken pipe
接收数据异常，请稍后再试。
[Errno 32] Broken pipe
接收数据异常，请稍后再试。
[Errno 32] Broken pipe
接收数据异常，请稍后再试。
[Errno 32] Broken pipe
接收数据异常，请稍后再试。
[Errno 32] Broken pipe
接收数据异常，请稍后再试。
[Errno 32] Broken pipe
接收数据异常，请稍后再试。
[Errno 32] Broken pipe
接收数据异常，请稍后再试。
[Errno 32] Broken pipe
接收数据异常，请稍后再试。
[Errno 32] Broken pipe
接收数据异常，请稍后再试。
[Errno 32] Broken pipe
接收数据异常，请稍后再试。
[Errno 32] Broken pipe
接收数据异常，请稍后再试。
[Errno 32] Broken pipe
接收数据异常，请稍后再试。
[Errno 32] Broken pipe
接收数据异常，请稍后再试。
[Errno 32] Broken pipe
接收数据异常，请稍后再试。
[Errno 32] Broken pipe
接收数据异常，请稍后再试。
[Errno 32] Broken pipe
接收数据异常，请稍后再试。
[Errno 32] Broken pipe
接收数据异常，请稍后再试。
[Errno 32] Broken pipe
接收数据异常，请稍后再试。
[Errno 32] Broken pipe
接收数据异常，请稍后再试。
[Errno 32] Broken pipe
接收数据异常，请稍后再试。
[Errno 32] Broken pipe
接收数据异常，请稍后再试。
[Errno 32] Broken pipe
接收数据异常，请稍后再试。
[Errno 32] Broken pipe
接收数据异常，请稍后再试。
[Errno 32] Broken pipe
接收数据异常，请稍后再试。
[Errno 32] Broken pipe
接收数据异常，请稍后再试。
[Errno 32] Broken pipe
接收数据异常，请稍后再试。
[Errno 32] Broken pipe
接收数据异常，请稍后再试。
[Errno 32] Broken pipe
接收数据异常，请稍后再试。
[Errno 32] Broken pipe
接收数据异常，请稍后再试。
[Errno 32] Broken pipe
接收数据异常，请稍后再试。
[Errno 32] Broken pipe
接收数据异常，请稍后再试。
[Errno 32] Broken pipe
接收数据异常，请稍后再试。
[Errno 32] Broken pipe
接收数据异常，请稍后再试。
[Errno 32] Broken pipe
接收数据异常，请稍后再试。
[Errno 32] Broken pipe
接收数据异常，请稍后再试。
[Errno 32] Broken pipe
接收数据异常，请稍后再试。
[Errno 32] Broken pipe
接收数据异常，请稍后再试。
[Errno 32] Broken pipe
接收数据异常，请稍后再试。
[Errno 32] Broken pipe
接收数据异常，请稍后再试。
[Errno 32] Broken pipe
接收数据异常，请稍后再试。
[Errno 32] Broken pipe
接收数据异常，请稍后再试。
[Errno 32] Broken pipe
接收数据异常，请稍后再试。
[Errno 32] Broken pipe
接收数据异常，请稍后再试。
[Errno 32] Broken pipe
接收数据异常，请稍后再试。
[Errno 32] Broken pipe
接收数据异常，请稍后再试。
[Errno 32] Broken pipe
接收数据异常，请稍后再试。
[Errno 32] Broken pipe
接收数据异常，请稍后再试。
[Errno 32] Broken pipe
接收数据异常，请稍后再试。
[Errno 32] Broken pipe
接收数据异常，请稍后再试。
[Errno 32] Broken pipe
接收数据异常，请稍后再试。
[Errno 32] Broken pipe
接收数据异常，请稍后再试。
[Errno 32] Broken pipe
接收数据异常，请稍后再试。
[Errno 32] Broken pipe
接收数据异常，请稍后再试。
[Errno 32] Broken pipe
接收数据异常，请稍后再试。
[Errno 32] Broken pipe
接收数据异常，请稍后再试。
[Errno 32] Broken pipe
接收数据异常，请稍后再试。
[Errno 32] Broken pipe
接收数据异常，请稍后再试。
[Errno 32] Broken pipe
接收数据异常，请稍后再试。
[Errno 32] Broken pipe
接收数据异常，请稍后再试。
[Errno 32] Broken pipe
接收数据异常，请稍后再试。
[Errno 32] Broken pipe
接收数据异常，请稍后再试。
[Errno 32] Broken pipe
接收数据异常，请稍后再试。
[Errno 32] Broken pipe
接收数据异常，请稍后再试。
[Errno 32] Broken pipe
接收数据异常，请稍后再试。
[Errno 32] Broken pipe
接收数据异常，请稍后再试。
[Errno 32] Broken pipe
接收数据异常，请稍后再试。
[Errno 32] Broken pipe
接收数据异常，请稍后再试。
[Errno 32] Broken pipe
接收数据异常，请稍后再试。
[Errno 32] Broken pipe
接收数据异常，请稍后再试。
[Errno 32] Broken pipe
接收数据异常，请稍后再试。
[Errno 32] Broken pipe
接收数据异常，请稍后再试。
[Errno 32] Broken pipe
接收数据异常，请稍后再试。
[Errno 32] Broken pipe
接收数据异常，请稍后再试。
[Errno 32] Broken pipe
接收数据异常，请稍后再试。
[Errno 32] Broken pipe
接收数据异常，请稍后再试。
[Errno 32] Broken pipe
接收数据异常，请稍后再试。
[Errno 32] Broken pipe
接收数据异常，请稍后再试。
[Errno 32] Broken pipe
接收数据异常，请稍后再试。
[Errno 32] Broken pipe
接收数据异常，请稍后再试。
[Errno 32] Broken pipe
接收数据异常，请稍后再试。
[Errno 32] Broken pipe
接收数据异常，请稍后再试。
[Errno 32] Broken pipe
接收数据异常，请稍后再试。
[Errno 32] Broken pipe
接收数据异常，请稍后再试。
[Errno 32] Broken pipe
接收数据异常，请稍后再试。
[Errno 32] Broken pipe
接收数据异常，请稍后再试。
[Errno 32] Broken pipe
接收数据异常，请稍后再试。
[Errno 32] Broken pipe
接收数据异常，请稍后再试。
[Errno 32] Broken pipe
接收数据异常，请稍后再试。
[Errno 32] Broken pipe
接收数据异常，请稍后再试。
[Errno 32] Broken pipe
接收数据异常，请稍后再试。
[Errno 32] Broken pipe
接收数据异常，请稍后再试。
[Errno 32] Broken pipe
接收数据异常，请稍后再试。
[Errno 32] Broken pipe
接收数据异常，请稍后再试。
[Errno 32] Broken pipe
接收数据异常，请稍后再试。
[Errno 32] Broken pipe
接收数据异常，请稍后再试。
[Errno 32] Broken pipe
接收数据异常，请稍后再试。
[Errno 32] Broken pipe
接收数据异常，请稍后再试。
[Errno 32] Broken pipe
接收数据异常，请稍后再试。
[Errno 32] Broken pipe
接收数据异常，请稍后再试。
[Errno 32] Broken pipe
接收数据异常，请稍后再试。
[Errno 32] Broken pipe
接收数据异常，请稍后再试。
[Errno 32] Broken pipe
接收数据异常，请稍后再试。
[Errno 32] Broken pipe
接收数据异常，请稍后再试。
[Errno 32] Broken pipe
接收数据异常，请稍后再试。
[Errno 32] Broken pipe
接收数据异常，请稍后再试。
[Errno 32] Broken pipe
接收数据异常，请稍后再试。
[Errno 32] Broken pipe
接收数据异常，请稍后再试。
[Errno 32] Broken pipe
接收数据异常，请稍后再试。
[Errno 32] Broken pipe
接收数据异常，请稍后再试。
[Errno 32] Broken pipe
接收数据异常，请稍后再试。
[Errno 32] Broken pipe
接收数据异常，请稍后再试。
[Errno 32] Broken pipe
接收数据异常，请稍后再试。
[Errno 32] Broken pipe
接收数据异常，请稍后再试。
[Errno 32] Broken pipe
接收数据异常，请稍后再试。
[Errno 32] Broken pipe
接收数据异常，请稍后再试。
[Errno 32] Broken pipe
接收数据异常，请稍后再试。
[Errno 32] Broken pipe
接收数据异常，请稍后再试。
[Errno 32] Broken pipe
接收数据异常，请稍后再试。
[Errno 32] Broken pipe
接收数据异常，请稍后再试。
[Errno 32] Broken pipe
接收数据异常，请稍后再试。
[Errno 32] Broken pipe
接收数据异常，请稍后再试。
[Errno 32] Broken pipe
接收数据异常，请稍后再试。
[Errno 32] Broken pipe
接收数据异常，请稍后再试。
[Errno 32] Broken pipe
接收数据异常，请稍后再试。
[Errno 32] Broken pipe
接收数据异常，请稍后再试。
[Errno 32] Broken pipe
接收数据异常，请稍后再试。
[Errno 32] Broken pipe
接收数据异常，请稍后再试。
[Errno 32] Broken pipe
接收数据异常，请稍后再试。
[Errno 32] Broken pipe
接收数据异常，请稍后再试。
[Errno 32] Broken pipe
接收数据异常，请稍后再试。
[Errno 32] Broken pipe
接收数据异常，请稍后再试。
[Errno 32] Broken pipe
接收数据异常，请稍后再试。
[Errno 32] Broken pipe
接收数据异常，请稍后再试。
[Errno 32] Broken pipe
接收数据异常，请稍后再试。
[Errno 32] Broken pipe
接收数据异常，请稍后再试。
[Errno 32] Broken pipe
接收数据异常，请稍后再试。
[Errno 32] Broken pipe
接收数据异常，请稍后再试。
[Errno 32] Broken pipe
接收数据异常，请稍后再试。
[Errno 32] Broken pipe
接收数据异常，请稍后再试。
[Errno 32] Broken pipe
接收数据异常，请稍后再试。
[Errno 32] Broken pipe
接收数据异常，请稍后再试。
[Errno 32] Broken pipe
接收数据异常，请稍后再试。
[Errno 32] Broken pipe
接收数据异常，请稍后再试。
[Errno 32] Broken pipe
接收数据异常，请稍后再试。
[Errno 32] Broken pipe
接收数据异常，请稍后再试。
[Errno 32] Broken pipe
接收数据异常，请稍后再试。
[Errno 32] Broken pipe
接收数据异常，请稍后再试。
[Errno 32] Broken pipe
接收数据异常，请稍后再试。
[Errno 32] Broken pipe
接收数据异常，请稍后再试。
[Errno 32] Broken pipe
接收数据异常，请稍后再试。
[Errno 32] Broken pipe
接收数据异常，请稍后再试。
[Errno 32] Broken pipe
接收数据异常，请稍后再试。
[Errno 32] Broken pipe
接收数据异常，请稍后再试。
[Errno 32] Broken pipe
接收数据异常，请稍后再试。
[Errno 32] Broken pipe
接收数据异常，请稍后再试。
[Errno 32] Broken pipe
接收数据异常，请稍后再试。
[Errno 32] Broken pipe
接收数据异常，请稍后再试。
[Errno 32] Broken pipe
接收数据异常，请稍后再试。
[Errno 32] Broken pipe
接收数据异常，请稍后再试。
[Errno 32] Broken pipe
接收数据异常，请稍后再试。
[Errno 32] Broken pipe
接收数据异常，请稍后再试。
[Errno 32] Broken pipe
接收数据异常，请稍后再试。
[Errno 32] Broken pipe
接收数据异常，请稍后再试。
[Errno 32] Broken pipe
接收数据异常，请稍后再试。
[Errno 32] Broken pipe
接收数据异常，请稍后再试。
[Errno 32] Broken pipe
接收数据异常，请稍后再试。
[Errno 32] Broken pipe
接收数据异常，请稍后再试。
[Errno 32] Broken pipe
接收数据异常，请稍后再试。
[Errno 32] Broken pipe
接收数据异常，请稍后再试。
[Errno 32] Broken pipe
接收数据异常，请稍后再试。
[Errno 32] Broken pipe
接收数据异常，请稍后再试。
[Errno 32] Broken pipe
接收数据异常，请稍后再试。
[Errno 32] Broken pipe
接收数据异常，请稍后再试。
[Errno 32] Broken pipe
接收数据异常，请稍后再试。
[Errno 32] Broken pipe
接收数据异常，请稍后再试。
[Errno 32] Broken pipe
接收数据异常，请稍后再试。
[Errno 32] Broken pipe
接收数据异常，请稍后再试。
[Errno 32] Broken pipe
接收数据异常，请稍后再试。
[Errno 32] Broken pipe
接收数据异常，请稍后再试。
[Errno 32] Broken pipe
接收数据异常，请稍后再试。
[Errno 32] Broken pipe
接收数据异常，请稍后再试。
[Errno 32] Broken pipe
接收数据异常，请稍后再试。
[Errno 32] Broken pipe
接收数据异常，请稍后再试。
[Errno 32] Broken pipe
接收数据异常，请稍后再试。
[Errno 32] Broken pipe
接收数据异常，请稍后再试。
[Errno 32] Broken pipe
接收数据异常，请稍后再试。
[Errno 32] Broken pipe
接收数据异常，请稍后再试。
[Errno 32] Broken pipe
接收数据异常，请稍后再试。
[Errno 32] Broken pipe
接收数据异常，请稍后再试。
[Errno 32] Broken pipe
接收数据异常，请稍后再试。
[Errno 32] Broken pipe
接收数据异常，请稍后再试。
[Errno 32] Broken pipe
接收数据异常，请稍后再试。
[Errno 32] Broken pipe
接收数据异常，请稍后再试。
[Errno 32] Broken pipe
接收数据异常，请稍后再试。
[Errno 32] Broken pipe
接收数据异常，请稍后再试。
[Errno 32] Broken pipe
接收数据异常，请稍后再试。
[Errno 32] Broken pipe
接收数据异常，请稍后再试。
[Errno 32] Broken pipe
接收数据异常，请稍后再试。
[Errno 32] Broken pipe
接收数据异常，请稍后再试。
[Errno 32] Broken pipe
接收数据异常，请稍后再试。
[Errno 32] Broken pipe
接收数据异常，请稍后再试。
[Errno 32] Broken pipe
接收数据异常，请稍后再试。
[Errno 32] Broken pipe
接收数据异常，请稍后再试。
[Errno 32] Broken pipe
接收数据异常，请稍后再试。
[Errno 32] Broken pipe
接收数据异常，请稍后再试。
[Errno 32] Broken pipe
接收数据异常，请稍后再试。
[Errno 32] Broken pipe
接收数据异常，请稍后再试。
[Errno 32] Broken pipe
接收数据异常，请稍后再试。
[Errno 32] Broken pipe
接收数据异常，请稍后再试。
[Errno 32] Broken pipe
接收数据异常，请稍后再试。
[Errno 32] Broken pipe
接收数据异常，请稍后再试。
[Errno 32] Broken pipe
接收数据异常，请稍后再试。
[Errno 32] Broken pipe
接收数据异常，请稍后再试。
[Errno 32] Broken pipe
接收数据异常，请稍后再试。
[Errno 32] Broken pipe
接收数据异常，请稍后再试。
[Errno 32] Broken pipe
接收数据异常，请稍后再试。
[Errno 32] Broken pipe
接收数据异常，请稍后再试。
[Errno 32] Broken pipe
接收数据异常，请稍后再试。
[Errno 32] Broken pipe
接收数据异常，请稍后再试。
[Errno 32] Broken pipe
接收数据异常，请稍后再试。
[Errno 32] Broken pipe
接收数据异常，请稍后再试。
[Errno 32] Broken pipe
接收数据异常，请稍后再试。
[Errno 32] Broken pipe
接收数据异常，请稍后再试。
[Errno 32] Broken pipe
接收数据异常，请稍后再试。
[Errno 32] Broken pipe
接收数据异常，请稍后再试。
[Errno 32] Broken pipe
接收数据异常，请稍后再试。
[Errno 32] Broken pipe
接收数据异常，请稍后再试。
[Errno 32] Broken pipe
接收数据异常，请稍后再试。
[Errno 32] Broken pipe
接收数据异常，请稍后再试。
[Errno 32] Broken pipe
接收数据异常，请稍后再试。
[Errno 32] Broken pipe
接收数据异常，请稍后再试。
[Errno 32] Broken pipe
接收数据异常，请稍后再试。
[Errno 32] Broken pipe
接收数据异常，请稍后再试。
[Errno 32] Broken pipe
接收数据异常，请稍后再试。
[Errno 32] Broken pipe
接收数据异常，请稍后再试。
[Errno 32] Broken pipe
接收数据异常，请稍后再试。
[Errno 32] Broken pipe
接收数据异常，请稍后再试。
[Errno 32] Broken pipe
接收数据异常，请稍后再试。
[Errno 32] Broken pipe
接收数据异常，请稍后再试。
[Errno 32] Broken pipe
接收数据异常，请稍后再试。
[Errno 32] Broken pipe
接收数据异常，请稍后再试。
[Errno 32] Broken pipe
接收数据异常，请稍后再试。
[Errno 32] Broken pipe
接收数据异常，请稍后再试。
[Errno 32] Broken pipe
接收数据异常，请稍后再试。
[Errno 32] Broken pipe
接收数据异常，请稍后再试。
[Errno 32] Broken pipe
接收数据异常，请稍后再试。
[Errno 32] Broken pipe
接收数据异常，请稍后再试。
[Errno 32] Broken pipe
接收数据异常，请稍后再试。
[Errno 32] Broken pipe
接收数据异常，请稍后再试。
[Errno 32] Broken pipe
接收数据异常，请稍后再试。
[Errno 32] Broken pipe
接收数据异常，请稍后再试。
[Errno 32] Broken pipe
接收数据异常，请稍后再试。
[Errno 32] Broken pipe
接收数据异常，请稍后再试。
[Errno 32] Broken pipe
接收数据异常，请稍后再试。
[Errno 32] Broken pipe
接收数据异常，请稍后再试。
[Errno 32] Broken pipe
接收数据异常，请稍后再试。
[Errno 32] Broken pipe
接收数据异常，请稍后再试。
[Errno 32] Broken pipe
接收数据异常，请稍后再试。
[Errno 32] Broken pipe
接收数据异常，请稍后再试。
[Errno 32] Broken pipe
接收数据异常，请稍后再试。
[Errno 32] Broken pipe
接收数据异常，请稍后再试。
[Errno 32] Broken pipe
接收数据异常，请稍后再试。
[Errno 32] Broken pipe
接收数据异常，请稍后再试。
[Errno 32] Broken pipe
接收数据异常，请稍后再试。
[Errno 32] Broken pipe
接收数据异常，请稍后再试。
[Errno 32] Broken pipe
接收数据异常，请稍后再试。
[Errno 32] Broken pipe
接收数据异常，请稍后再试。
[Errno 32] Broken pipe
接收数据异常，请稍后再试。
[Errno 32] Broken pipe
接收数据异常，请稍后再试。
[Errno 32] Broken pipe
接收数据异常，请稍后再试。
[Errno 32] Broken pipe
接收数据异常，请稍后再试。
[Errno 32] Broken pipe
接收数据异常，请稍后再试。
[Errno 32] Broken pipe
接收数据异常，请稍后再试。
[Errno 32] Broken pipe
接收数据异常，请稍后再试。
[Errno 32] Broken pipe
接收数据异常，请稍后再试。
[Errno 32] Broken pipe
接收数据异常，请稍后再试。
[Errno 32] Broken pipe
接收数据异常，请稍后再试。
[Errno 32] Broken pipe
接收数据异常，请稍后再试。
[Errno 32] Broken pipe
接收数据异常，请稍后再试。
[Errno 32] Broken pipe
接收数据异常，请稍后再试。
[Errno 32] Broken pipe
接收数据异常，请稍后再试。
[Errno 32] Broken pipe
接收数据异常，请稍后再试。
[Errno 32] Broken pipe
接收数据异常，请稍后再试。
[Errno 32] Broken pipe
接收数据异常，请稍后再试。
[Errno 32] Broken pipe
接收数据异常，请稍后再试。
[Errno 32] Broken pipe
接收数据异常，请稍后再试。
[Errno 32] Broken pipe
接收数据异常，请稍后再试。
[Errno 32] Broken pipe
接收数据异常，请稍后再试。
[Errno 32] Broken pipe
接收数据异常，请稍后再试。
[Errno 32] Broken pipe
接收数据异常，请稍后再试。
[Errno 32] Broken pipe
接收数据异常，请稍后再试。
[Errno 32] Broken pipe
接收数据异常，请稍后再试。
[Errno 32] Broken pipe
接收数据异常，请稍后再试。
[Errno 32] Broken pipe
接收数据异常，请稍后再试。
[Errno 32] Broken pipe
接收数据异常，请稍后再试。
[Errno 32] Broken pipe
接收数据异常，请稍后再试。
[Errno 32] Broken pipe
接收数据异常，请稍后再试。
[Errno 32] Broken pipe
接收数据异常，请稍后再试。
[Errno 32] Broken pipe
接收数据异常，请稍后再试。
[Errno 32] Broken pipe
接收数据异常，请稍后再试。
[Errno 32] Broken pipe
接收数据异常，请稍后再试。
[Errno 32] Broken pipe
接收数据异常，请稍后再试。
[Errno 32] Broken pipe
接收数据异常，请稍后再试。
[Errno 32] Broken pipe
接收数据异常，请稍后再试。
[Errno 32] Broken pipe
接收数据异常，请稍后再试。
[Errno 32] Broken pipe
接收数据异常，请稍后再试。
[Errno 32] Broken pipe
接收数据异常，请稍后再试。
[Errno 32] Broken pipe
接收数据异常，请稍后再试。
[Errno 32] Broken pipe
接收数据异常，请稍后再试。
[Errno 32] Broken pipe
接收数据异常，请稍后再试。
[Errno 32] Broken pipe
接收数据异常，请稍后再试。
[Errno 32] Broken pipe
接收数据异常，请稍后再试。
[Errno 32] Broken pipe
接收数据异常，请稍后再试。
[Errno 32] Broken pipe
接收数据异常，请稍后再试。
[Errno 32] Broken pipe
接收数据异常，请稍后再试。
[Errno 32] Broken pipe
接收数据异常，请稍后再试。
[Errno 32] Broken pipe
接收数据异常，请稍后再试。
[Errno 32] Broken pipe
接收数据异常，请稍后再试。
[Errno 32] Broken pipe
接收数据异常，请稍后再试。
[Errno 32] Broken pipe
接收数据异常，请稍后再试。
[Errno 32] Broken pipe
接收数据异常，请稍后再试。
[Errno 32] Broken pipe
接收数据异常，请稍后再试。
[Errno 32] Broken pipe
接收数据异常，请稍后再试。
[Errno 32] Broken pipe
接收数据异常，请稍后再试。
[Errno 32] Broken pipe
接收数据异常，请稍后再试。
[Errno 32] Broken pipe
接收数据异常，请稍后再试。
[Errno 32] Broken pipe
接收数据异常，请稍后再试。
[Errno 32] Broken pipe
接收数据异常，请稍后再试。
[Errno 32] Broken pipe
接收数据异常，请稍后再试。
[Errno 32] Broken pipe
接收数据异常，请稍后再试。
[Errno 32] Broken pipe
接收数据异常，请稍后再试。
[Errno 32] Broken pipe
接收数据异常，请稍后再试。
[Errno 32] Broken pipe
接收数据异常，请稍后再试。
[Errno 32] Broken pipe
接收数据异常，请稍后再试。
[Errno 32] Broken pipe
接收数据异常，请稍后再试。
[Errno 32] Broken pipe
接收数据异常，请稍后再试。
[Errno 32] Broken pipe
接收数据异常，请稍后再试。
[Errno 32] Broken pipe
接收数据异常，请稍后再试。
[Errno 32] Broken pipe
接收数据异常，请稍后再试。
[Errno 32] Broken pipe
接收数据异常，请稍后再试。
[Errno 32] Broken pipe
接收数据异常，请稍后再试。
[Errno 32] Broken pipe
接收数据异常，请稍后再试。
[Errno 32] Broken pipe
接收数据异常，请稍后再试。
[Errno 32] Broken pipe
接收数据异常，请稍后再试。
[Errno 32] Broken pipe
接收数据异常，请稍后再试。
[Errno 32] Broken pipe
接收数据异常，请稍后再试。
[Errno 32] Broken pipe
接收数据异常，请稍后再试。
[Errno 32] Broken pipe
接收数据异常，请稍后再试。
[Errno 32] Broken pipe
接收数据异常，请稍后再试。
[Errno 32] Broken pipe
接收数据异常，请稍后再试。
[Errno 32] Broken pipe
接收数据异常，请稍后再试。
[Errno 32] Broken pipe
接收数据异常，请稍后再试。
[Errno 32] Broken pipe
接收数据异常，请稍后再试。
[Errno 32] Broken pipe
接收数据异常，请稍后再试。
[Errno 32] Broken pipe
接收数据异常，请稍后再试。
[Errno 32] Broken pipe
接收数据异常，请稍后再试。
[Errno 32] Broken pipe
接收数据异常，请稍后再试。
[Errno 32] Broken pipe
接收数据异常，请稍后再试。
[Errno 32] Broken pipe
接收数据异常，请稍后再试。
[Errno 32] Broken pipe
接收数据异常，请稍后再试。
[Errno 32] Broken pipe
接收数据异常，请稍后再试。
[Errno 32] Broken pipe
接收数据异常，请稍后再试。
[Errno 32] Broken pipe
接收数据异常，请稍后再试。
[Errno 32] Broken pipe
接收数据异常，请稍后再试。
[Errno 32] Broken pipe
接收数据异常，请稍后再试。
[Errno 32] Broken pipe
接收数据异常，请稍后再试。
[Errno 32] Broken pipe
接收数据异常，请稍后再试。
[Errno 32] Broken pipe
接收数据异常，请稍后再试。
[Errno 32] Broken pipe
接收数据异常，请稍后再试。
[Errno 32] Broken pipe
接收数据异常，请稍后再试。
[Errno 32] Broken pipe
接收数据异常，请稍后再试。
[Errno 32] Broken pipe
接收数据异常，请稍后再试。
[Errno 32] Broken pipe
接收数据异常，请稍后再试。
[Errno 32] Broken pipe
接收数据异常，请稍后再试。
[Errno 32] Broken pipe
接收数据异常，请稍后再试。
[Errno 32] Broken pipe
接收数据异常，请稍后再试。
[Errno 32] Broken pipe
接收数据异常，请稍后再试。
[Errno 32] Broken pipe
接收数据异常，请稍后再试。
[Errno 32] Broken pipe
接收数据异常，请稍后再试。
[Errno 32] Broken pipe
接收数据异常，请稍后再试。
[Errno 32] Broken pipe
接收数据异常，请稍后再试。
[Errno 32] Broken pipe
接收数据异常，请稍后再试。
[Errno 32] Broken pipe
接收数据异常，请稍后再试。
[Errno 32] Broken pipe
接收数据异常，请稍后再试。
[Errno 32] Broken pipe
接收数据异常，请稍后再试。
[Errno 32] Broken pipe
接收数据异常，请稍后再试。
[Errno 32] Broken pipe
接收数据异常，请稍后再试。
[Errno 32] Broken pipe
接收数据异常，请稍后再试。
[Errno 32] Broken pipe
接收数据异常，请稍后再试。
[Errno 32] Broken pipe
接收数据异常，请稍后再试。
[Errno 32] Broken pipe
接收数据异常，请稍后再试。
[Errno 32] Broken pipe
接收数据异常，请稍后再试。
[Errno 32] Broken pipe
接收数据异常，请稍后再试。
[Errno 32] Broken pipe
接收数据异常，请稍后再试。
[Errno 32] Broken pipe
接收数据异常，请稍后再试。
[Errno 32] Broken pipe
接收数据异常，请稍后再试。
[Errno 32] Broken pipe
接收数据异常，请稍后再试。
[Errno 32] Broken pipe
接收数据异常，请稍后再试。
[Errno 32] Broken pipe
接收数据异常，请稍后再试。
[Errno 32] Broken pipe
接收数据异常，请稍后再试。
[Errno 32] Broken pipe
接收数据异常，请稍后再试。
[Errno 32] Broken pipe
接收数据异常，请稍后再试。
[Errno 32] Broken pipe
接收数据异常，请稍后再试。
[Errno 32] Broken pipe
接收数据异常，请稍后再试。
[Errno 32] Broken pipe
接收数据异常，请稍后再试。
[Errno 32] Broken pipe
接收数据异常，请稍后再试。
[Errno 32] Broken pipe
接收数据异常，请稍后再试。
[Errno 32] Broken pipe
接收数据异常，请稍后再试。
[Errno 32] Broken pipe
接收数据异常，请稍后再试。
[Errno 32] Broken pipe
接收数据异常，请稍后再试。
[Errno 32] Broken pipe
接收数据异常，请稍后再试。
[Errno 32] Broken pipe
接收数据异常，请稍后再试。
[Errno 32] Broken pipe
接收数据异常，请稍后再试。
[Errno 32] Broken pipe
接收数据异常，请稍后再试。
[Errno 32] Broken pipe
接收数据异常，请稍后再试。
[Errno 32] Broken pipe
接收数据异常，请稍后再试。
[Errno 32] Broken pipe
接收数据异常，请稍后再试。
[Errno 32] Broken pipe
接收数据异常，请稍后再试。
[Errno 32] Broken pipe
接收数据异常，请稍后再试。
[Errno 32] Broken pipe
接收数据异常，请稍后再试。
[Errno 32] Broken pipe
接收数据异常，请稍后再试。
[Errno 32] Broken pipe
接收数据异常，请稍后再试。
[Errno 32] Broken pipe
接收数据异常，请稍后再试。
[Errno 32] Broken pipe
接收数据异常，请稍后再试。
[Errno 32] Broken pipe
接收数据异常，请稍后再试。
[Errno 32] Broken pipe
接收数据异常，请稍后再试。
[Errno 32] Broken pipe
接收数据异常，请稍后再试。
[Errno 32] Broken pipe
接收数据异常，请稍后再试。
[Errno 32] Broken pipe
接收数据异常，请稍后再试。
[Errno 32] Broken pipe
接收数据异常，请稍后再试。
[Errno 32] Broken pipe
接收数据异常，请稍后再试。
[Errno 32] Broken pipe
接收数据异常，请稍后再试。
[Errno 32] Broken pipe
接收数据异常，请稍后再试。
[Errno 32] Broken pipe
接收数据异常，请稍后再试。
[Errno 32] Broken pipe
接收数据异常，请稍后再试。
[Errno 32] Broken pipe
接收数据异常，请稍后再试。
[Errno 32] Broken pipe
接收数据异常，请稍后再试。
[Errno 32] Broken pipe
接收数据异常，请稍后再试。
[Errno 32] Broken pipe
接收数据异常，请稍后再试。
[Errno 32] Broken pipe
接收数据异常，请稍后再试。
[Errno 32] Broken pipe
接收数据异常，请稍后再试。
[Errno 32] Broken pipe
接收数据异常，请稍后再试。
[Errno 32] Broken pipe
接收数据异常，请稍后再试。
[Errno 32] Broken pipe
接收数据异常，请稍后再试。
[Errno 32] Broken pipe
接收数据异常，请稍后再试。
[Errno 32] Broken pipe
接收数据异常，请稍后再试。
[Errno 32] Broken pipe
接收数据异常，请稍后再试。
[Errno 32] Broken pipe
接收数据异常，请稍后再试。
[Errno 32] Broken pipe
接收数据异常，请稍后再试。
[Errno 32] Broken pipe
接收数据异常，请稍后再试。
[Errno 32] Broken pipe
接收数据异常，请稍后再试。
[Errno 32] Broken pipe
接收数据异常，请稍后再试。
[Errno 32] Broken pipe
接收数据异常，请稍后再试。
[Errno 32] Broken pipe
接收数据异常，请稍后再试。
[Errno 32] Broken pipe
接收数据异常，请稍后再试。
[Errno 32] Broken pipe
接收数据异常，请稍后再试。
[Errno 32] Broken pipe
接收数据异常，请稍后再试。
[Errno 32] Broken pipe
接收数据异常，请稍后再试。
[Errno 32] Broken pipe
接收数据异常，请稍后再试。
[Errno 32] Broken pipe
接收数据异常，请稍后再试。
[Errno 32] Broken pipe
接收数据异常，请稍后再试。
[Errno 32] Broken pipe
接收数据异常，请稍后再试。
[Errno 32] Broken pipe
接收数据异常，请稍后再试。
[Errno 32] Broken pipe
接收数据异常，请稍后再试。
[Errno 32] Broken pipe
接收数据异常，请稍后再试。
[Errno 32] Broken pipe
接收数据异常，请稍后再试。
[Errno 32] Broken pipe
接收数据异常，请稍后再试。
[Errno 32] Broken pipe
接收数据异常，请稍后再试。
[Errno 32] Broken pipe
接收数据异常，请稍后再试。
[Errno 32] Broken pipe
接收数据异常，请稍后再试。
[Errno 32] Broken pipe
接收数据异常，请稍后再试。
[Errno 32] Broken pipe
接收数据异常，请稍后再试。
[Errno 32] Broken pipe
接收数据异常，请稍后再试。
[Errno 32] Broken pipe
接收数据异常，请稍后再试。
[Errno 32] Broken pipe
接收数据异常，请稍后再试。
[Errno 32] Broken pipe
接收数据异常，请稍后再试。
[Errno 32] Broken pipe
接收数据异常，请稍后再试。
[Errno 32] Broken pipe
接收数据异常，请稍后再试。
[Errno 32] Broken pipe
接收数据异常，请稍后再试。
[Errno 32] Broken pipe
接收数据异常，请稍后再试。
[Errno 32] Broken pipe
接收数据异常，请稍后再试。
[Errno 32] Broken pipe
接收数据异常，请稍后再试。
[Errno 32] Broken pipe
接收数据异常，请稍后再试。
[Errno 32] Broken pipe
接收数据异常，请稍后再试。
[Errno 32] Broken pipe
接收数据异常，请稍后再试。
[Errno 32] Broken pipe
接收数据异常，请稍后再试。
[Errno 32] Broken pipe
接收数据异常，请稍后再试。
[Errno 32] Broken pipe
接收数据异常，请稍后再试。
[Errno 32] Broken pipe
接收数据异常，请稍后再试。
[Errno 32] Broken pipe
接收数据异常，请稍后再试。
[Errno 32] Broken pipe
接收数据异常，请稍后再试。
[Errno 32] Broken pipe
接收数据异常，请稍后再试。
[Errno 32] Broken pipe
接收数据异常，请稍后再试。
[Errno 32] Broken pipe
接收数据异常，请稍后再试。
[Errno 32] Broken pipe
接收数据异常，请稍后再试。
[Errno 32] Broken pipe
接收数据异常，请稍后再试。
[Errno 32] Broken pipe
接收数据异常，请稍后再试。
[Errno 32] Broken pipe
接收数据异常，请稍后再试。
[Errno 32] Broken pipe
接收数据异常，请稍后再试。
[Errno 32] Broken pipe
接收数据异常，请稍后再试。
[Errno 32] Broken pipe
接收数据异常，请稍后再试。
[Errno 32] Broken pipe
接收数据异常，请稍后再试。
[Errno 32] Broken pipe
接收数据异常，请稍后再试。
[Errno 32] Broken pipe
接收数据异常，请稍后再试。
[Errno 32] Broken pipe
接收数据异常，请稍后再试。
[Errno 32] Broken pipe
接收数据异常，请稍后再试。
[Errno 32] Broken pipe
接收数据异常，请稍后再试。
[Errno 32] Broken pipe
接收数据异常，请稍后再试。
[Errno 32] Broken pipe
接收数据异常，请稍后再试。
[Errno 32] Broken pipe
接收数据异常，请稍后再试。
[Errno 32] Broken pipe
接收数据异常，请稍后再试。
[Errno 32] Broken pipe
接收数据异常，请稍后再试。
[Errno 32] Broken pipe
接收数据异常，请稍后再试。
[Errno 32] Broken pipe
接收数据异常，请稍后再试。
[Errno 32] Broken pipe
接收数据异常，请稍后再试。
[Errno 32] Broken pipe
接收数据异常，请稍后再试。
[Errno 32] Broken pipe
接收数据异常，请稍后再试。
[Errno 32] Broken pipe
接收数据异常，请稍后再试。
[Errno 32] Broken pipe
接收数据异常，请稍后再试。
[Errno 32] Broken pipe
接收数据异常，请稍后再试。
[Errno 32] Broken pipe
接收数据异常，请稍后再试。
[Errno 32] Broken pipe
接收数据异常，请稍后再试。
[Errno 32] Broken pipe
接收数据异常，请稍后再试。
[Errno 32] Broken pipe
接收数据异常，请稍后再试。
[Errno 32] Broken pipe
接收数据异常，请稍后再试。
[Errno 32] Broken pipe
接收数据异常，请稍后再试。
[Errno 32] Broken pipe
接收数据异常，请稍后再试。
[Errno 32] Broken pipe
接收数据异常，请稍后再试。
[Errno 32] Broken pipe
接收数据异常，请稍后再试。
[Errno 32] Broken pipe
接收数据异常，请稍后再试。
[Errno 32] Broken pipe
接收数据异常，请稍后再试。
[Errno 32] Broken pipe
接收数据异常，请稍后再试。
[Errno 32] Broken pipe
接收数据异常，请稍后再试。
[Errno 32] Broken pipe
接收数据异常，请稍后再试。
[Errno 32] Broken pipe
接收数据异常，请稍后再试。
[Errno 32] Broken pipe
接收数据异常，请稍后再试。
[Errno 32] Broken pipe
接收数据异常，请稍后再试。
[Errno 32] Broken pipe
接收数据异常，请稍后再试。
[Errno 32] Broken pipe
接收数据异常，请稍后再试。
[Errno 32] Broken pipe
接收数据异常，请稍后再试。
[Errno 32] Broken pipe
接收数据异常，请稍后再试。
[Errno 32] Broken pipe
接收数据异常，请稍后再试。
[Errno 32] Broken pipe
接收数据异常，请稍后再试。
[Errno 32] Broken pipe
接收数据异常，请稍后再试。
[Errno 32] Broken pipe
接收数据异常，请稍后再试。
[Errno 32] Broken pipe
接收数据异常，请稍后再试。
[Errno 32] Broken pipe
接收数据异常，请稍后再试。
[Errno 32] Broken pipe
接收数据异常，请稍后再试。
[Errno 32] Broken pipe
接收数据异常，请稍后再试。
[Errno 32] Broken pipe
接收数据异常，请稍后再试。
[Errno 32] Broken pipe
接收数据异常，请稍后再试。
[Errno 32] Broken pipe
接收数据异常，请稍后再试。
[Errno 32] Broken pipe
接收数据异常，请稍后再试。
[Errno 32] Broken pipe
接收数据异常，请稍后再试。
[Errno 32] Broken pipe
接收数据异常，请稍后再试。
[Errno 32] Broken pipe
接收数据异常，请稍后再试。
[Errno 32] Broken pipe
接收数据异常，请稍后再试。
[Errno 32] Broken pipe
接收数据异常，请稍后再试。
[Errno 32] Broken pipe
接收数据异常，请稍后再试。
[Errno 32] Broken pipe
接收数据异常，请稍后再试。
[Errno 32] Broken pipe
接收数据异常，请稍后再试。
[Errno 32] Broken pipe
接收数据异常，请稍后再试。
[Errno 32] Broken pipe
接收数据异常，请稍后再试。
[Errno 32] Broken pipe
接收数据异常，请稍后再试。
[Errno 32] Broken pipe
接收数据异常，请稍后再试。
[Errno 32] Broken pipe
接收数据异常，请稍后再试。
[Errno 32] Broken pipe
接收数据异常，请稍后再试。
[Errno 32] Broken pipe
接收数据异常，请稍后再试。
[Errno 32] Broken pipe
接收数据异常，请稍后再试。
[Errno 32] Broken pipe
接收数据异常，请稍后再试。
[Errno 32] Broken pipe
接收数据异常，请稍后再试。
[Errno 32] Broken pipe
接收数据异常，请稍后再试。
[Errno 32] Broken pipe
接收数据异常，请稍后再试。
[Errno 32] Broken pipe
接收数据异常，请稍后再试。
[Errno 32] Broken pipe
接收数据异常，请稍后再试。
[Errno 32] Broken pipe
接收数据异常，请稍后再试。
[Errno 32] Broken pipe
接收数据异常，请稍后再试。
[Errno 32] Broken pipe
接收数据异常，请稍后再试。
[Errno 32] Broken pipe
接收数据异常，请稍后再试。
[Errno 32] Broken pipe
接收数据异常，请稍后再试。
[Errno 32] Broken pipe
接收数据异常，请稍后再试。
[Errno 32] Broken pipe
接收数据异常，请稍后再试。
[Errno 32] Broken pipe
接收数据异常，请稍后再试。
[Errno 32] Broken pipe
接收数据异常，请稍后再试。
[Errno 32] Broken pipe
接收数据异常，请稍后再试。
[Errno 32] Broken pipe
接收数据异常，请稍后再试。
[Errno 32] Broken pipe
接收数据异常，请稍后再试。
[Errno 32] Broken pipe
接收数据异常，请稍后再试。
[Errno 32] Broken pipe
接收数据异常，请稍后再试。
[Errno 32] Broken pipe
接收数据异常，请稍后再试。
[Errno 32] Broken pipe
接收数据异常，请稍后再试。
[Errno 32] Broken pipe
接收数据异常，请稍后再试。
[Errno 32] Broken pipe
接收数据异常，请稍后再试。
[Errno 32] Broken pipe
接收数据异常，请稍后再试。
[Errno 32] Broken pipe
接收数据异常，请稍后再试。
[Errno 32] Broken pipe
接收数据异常，请稍后再试。
[Errno 32] Broken pipe
接收数据异常，请稍后再试。
[Errno 32] Broken pipe
接收数据异常，请稍后再试。
[Errno 32] Broken pipe
接收数据异常，请稍后再试。
[Errno 32] Broken pipe
接收数据异常，请稍后再试。
[Errno 32] Broken pipe
接收数据异常，请稍后再试。
[Errno 32] Broken pipe
接收数据异常，请稍后再试。
[Errno 32] Broken pipe
接收数据异常，请稍后再试。
[Errno 32] Broken pipe
接收数据异常，请稍后再试。
[Errno 32] Broken pipe
接收数据异常，请稍后再试。
[Errno 32] Broken pipe
接收数据异常，请稍后再试。
[Errno 32] Broken pipe
接收数据异常，请稍后再试。
[Errno 32] Broken pipe
接收数据异常，请稍后再试。
[Errno 32] Broken pipe
接收数据异常，请稍后再试。
[Errno 32] Broken pipe
接收数据异常，请稍后再试。
[Errno 32] Broken pipe
接收数据异常，请稍后再试。
[Errno 32] Broken pipe
接收数据异常，请稍后再试。
[Errno 32] Broken pipe
接收数据异常，请稍后再试。
[Errno 32] Broken pipe
接收数据异常，请稍后再试。
[Errno 32] Broken pipe
接收数据异常，请稍后再试。
[Errno 32] Broken pipe
接收数据异常，请稍后再试。
[Errno 32] Broken pipe
接收数据异常，请稍后再试。
[Errno 32] Broken pipe
接收数据异常，请稍后再试。
[Errno 32] Broken pipe
接收数据异常，请稍后再试。
[Errno 32] Broken pipe
接收数据异常，请稍后再试。
[Errno 32] Broken pipe
接收数据异常，请稍后再试。
[Errno 32] Broken pipe
接收数据异常，请稍后再试。
[Errno 32] Broken pipe
接收数据异常，请稍后再试。
[Errno 32] Broken pipe
接收数据异常，请稍后再试。
[Errno 32] Broken pipe
接收数据异常，请稍后再试。
[Errno 32] Broken pipe
接收数据异常，请稍后再试。
[Errno 32] Broken pipe
接收数据异常，请稍后再试。
[Errno 32] Broken pipe
接收数据异常，请稍后再试。
[Errno 32] Broken pipe
接收数据异常，请稍后再试。
[Errno 32] Broken pipe
接收数据异常，请稍后再试。
[Errno 32] Broken pipe
接收数据异常，请稍后再试。
[Errno 32] Broken pipe
接收数据异常，请稍后再试。
[Errno 32] Broken pipe
接收数据异常，请稍后再试。
[Errno 32] Broken pipe
接收数据异常，请稍后再试。
[Errno 32] Broken pipe
接收数据异常，请稍后再试。
[Errno 32] Broken pipe
接收数据异常，请稍后再试。
[Errno 32] Broken pipe
接收数据异常，请稍后再试。
[Errno 32] Broken pipe
接收数据异常，请稍后再试。
[Errno 32] Broken pipe
接收数据异常，请稍后再试。
[Errno 32] Broken pipe
接收数据异常，请稍后再试。
[Errno 32] Broken pipe
接收数据异常，请稍后再试。
[Errno 32] Broken pipe
接收数据异常，请稍后再试。
[Errno 32] Broken pipe
接收数据异常，请稍后再试。
[Errno 32] Broken pipe
接收数据异常，请稍后再试。
[Errno 32] Broken pipe
接收数据异常，请稍后再试。
[Errno 32] Broken pipe
接收数据异常，请稍后再试。
[Errno 32] Broken pipe
接收数据异常，请稍后再试。
[Errno 32] Broken pipe
接收数据异常，请稍后再试。
[Errno 32] Broken pipe
接收数据异常，请稍后再试。
[Errno 32] Broken pipe
接收数据异常，请稍后再试。
[Errno 32] Broken pipe
接收数据异常，请稍后再试。
[Errno 32] Broken pipe
接收数据异常，请稍后再试。
[Errno 32] Broken pipe
接收数据异常，请稍后再试。
[Errno 32] Broken pipe
接收数据异常，请稍后再试。
[Errno 32] Broken pipe
接收数据异常，请稍后再试。
[Errno 32] Broken pipe
接收数据异常，请稍后再试。
[Errno 32] Broken pipe
接收数据异常，请稍后再试。
[Errno 32] Broken pipe
接收数据异常，请稍后再试。
[Errno 32] Broken pipe
接收数据异常，请稍后再试。
[Errno 32] Broken pipe
接收数据异常，请稍后再试。
[Errno 32] Broken pipe
接收数据异常，请稍后再试。
[Errno 32] Broken pipe
接收数据异常，请稍后再试。
[Errno 32] Broken pipe
接收数据异常，请稍后再试。
[Errno 32] Broken pipe
接收数据异常，请稍后再试。
[Errno 32] Broken pipe
接收数据异常，请稍后再试。
[Errno 32] Broken pipe
接收数据异常，请稍后再试。
[Errno 32] Broken pipe
接收数据异常，请稍后再试。
[Errno 32] Broken pipe
接收数据异常，请稍后再试。
[Errno 32] Broken pipe
接收数据异常，请稍后再试。
[Errno 32] Broken pipe
接收数据异常，请稍后再试。
[Errno 32] Broken pipe
接收数据异常，请稍后再试。
[Errno 32] Broken pipe
接收数据异常，请稍后再试。
[Errno 32] Broken pipe
接收数据异常，请稍后再试。
[Errno 32] Broken pipe
接收数据异常，请稍后再试。
[Errno 32] Broken pipe
接收数据异常，请稍后再试。
[Errno 32] Broken pipe
接收数据异常，请稍后再试。
[Errno 32] Broken pipe
接收数据异常，请稍后再试。
[Errno 32] Broken pipe
接收数据异常，请稍后再试。
[Errno 32] Broken pipe
接收数据异常，请稍后再试。
[Errno 32] Broken pipe
接收数据异常，请稍后再试。
[Errno 32] Broken pipe
接收数据异常，请稍后再试。
[Errno 32] Broken pipe
接收数据异常，请稍后再试。
[Errno 32] Broken pipe
接收数据异常，请稍后再试。
[Errno 32] Broken pipe
接收数据异常，请稍后再试。
[Errno 32] Broken pipe
接收数据异常，请稍后再试。
[Errno 32] Broken pipe
接收数据异常，请稍后再试。
[Errno 32] Broken pipe
接收数据异常，请稍后再试。
[Errno 32] Broken pipe
接收数据异常，请稍后再试。
[Errno 32] Broken pipe
接收数据异常，请稍后再试。
[Errno 32] Broken pipe
接收数据异常，请稍后再试。
[Errno 32] Broken pipe
接收数据异常，请稍后再试。
[Errno 32] Broken pipe
接收数据异常，请稍后再试。
[Errno 32] Broken pipe
接收数据异常，请稍后再试。
[Errno 32] Broken pipe
接收数据异常，请稍后再试。
[Errno 32] Broken pipe
接收数据异常，请稍后再试。
[Errno 32] Broken pipe
接收数据异常，请稍后再试。
[Errno 32] Broken pipe
接收数据异常，请稍后再试。
[Errno 32] Broken pipe
接收数据异常，请稍后再试。
[Errno 32] Broken pipe
接收数据异常，请稍后再试。
[Errno 32] Broken pipe
接收数据异常，请稍后再试。
[Errno 32] Broken pipe
接收数据异常，请稍后再试。
[Errno 32] Broken pipe
接收数据异常，请稍后再试。
[Errno 32] Broken pipe
接收数据异常，请稍后再试。
[Errno 32] Broken pipe
接收数据异常，请稍后再试。
[Errno 32] Broken pipe
接收数据异常，请稍后再试。
[Errno 32] Broken pipe
接收数据异常，请稍后再试。
[Errno 32] Broken pipe
接收数据异常，请稍后再试。
[Errno 32] Broken pipe
接收数据异常，请稍后再试。
[Errno 32] Broken pipe
接收数据异常，请稍后再试。
[Errno 32] Broken pipe
接收数据异常，请稍后再试。
[Errno 32] Broken pipe
接收数据异常，请稍后再试。
[Errno 32] Broken pipe
接收数据异常，请稍后再试。
[Errno 32] Broken pipe
接收数据异常，请稍后再试。
[Errno 32] Broken pipe
接收数据异常，请稍后再试。
[Errno 32] Broken pipe
接收数据异常，请稍后再试。
[Errno 32] Broken pipe
接收数据异常，请稍后再试。
[Errno 32] Broken pipe
接收数据异常，请稍后再试。
[Errno 32] Broken pipe
接收数据异常，请稍后再试。
[Errno 32] Broken pipe
接收数据异常，请稍后再试。
[Errno 32] Broken pipe
接收数据异常，请稍后再试。
[Errno 32] Broken pipe
接收数据异常，请稍后再试。
[Errno 32] Broken pipe
接收数据异常，请稍后再试。
[Errno 32] Broken pipe
接收数据异常，请稍后再试。
[Errno 32] Broken pipe
接收数据异常，请稍后再试。
[Errno 32] Broken pipe
接收数据异常，请稍后再试。
[Errno 32] Broken pipe
接收数据异常，请稍后再试。
[Errno 32] Broken pipe
接收数据异常，请稍后再试。
[Errno 32] Broken pipe
接收数据异常，请稍后再试。
[Errno 32] Broken pipe
接收数据异常，请稍后再试。
[Errno 32] Broken pipe
接收数据异常，请稍后再试。
[Errno 32] Broken pipe
接收数据异常，请稍后再试。
[Errno 32] Broken pipe
接收数据异常，请稍后再试。
[Errno 32] Broken pipe
接收数据异常，请稍后再试。
[Errno 32] Broken pipe
接收数据异常，请稍后再试。
[Errno 32] Broken pipe
接收数据异常，请稍后再试。
[Errno 32] Broken pipe
接收数据异常，请稍后再试。
[Errno 32] Broken pipe
接收数据异常，请稍后再试。
[Errno 32] Broken pipe
接收数据异常，请稍后再试。
[Errno 32] Broken pipe
接收数据异常，请稍后再试。
[Errno 32] Broken pipe
接收数据异常，请稍后再试。
[Errno 32] Broken pipe
接收数据异常，请稍后再试。
[Errno 32] Broken pipe
接收数据异常，请稍后再试。
[Errno 32] Broken pipe
接收数据异常，请稍后再试。
[Errno 32] Broken pipe
接收数据异常，请稍后再试。
[Errno 32] Broken pipe
接收数据异常，请稍后再试。
[Errno 32] Broken pipe
接收数据异常，请稍后再试。
[Errno 32] Broken pipe
接收数据异常，请稍后再试。
[Errno 32] Broken pipe
接收数据异常，请稍后再试。
[Errno 32] Broken pipe
接收数据异常，请稍后再试。
[Errno 32] Broken pipe
接收数据异常，请稍后再试。
[Errno 32] Broken pipe
接收数据异常，请稍后再试。
[Errno 32] Broken pipe
接收数据异常，请稍后再试。
[Errno 32] Broken pipe
接收数据异常，请稍后再试。
[Errno 32] Broken pipe
接收数据异常，请稍后再试。
[Errno 32] Broken pipe
接收数据异常，请稍后再试。
[Errno 32] Broken pipe
接收数据异常，请稍后再试。
[Errno 32] Broken pipe
接收数据异常，请稍后再试。
[Errno 32] Broken pipe
接收数据异常，请稍后再试。
[Errno 32] Broken pipe
接收数据异常，请稍后再试。
[Errno 32] Broken pipe
接收数据异常，请稍后再试。
[Errno 32] Broken pipe
接收数据异常，请稍后再试。
[Errno 32] Broken pipe
接收数据异常，请稍后再试。
[Errno 32] Broken pipe
接收数据异常，请稍后再试。
[Errno 32] Broken pipe
接收数据异常，请稍后再试。
[Errno 32] Broken pipe
接收数据异常，请稍后再试。
[Errno 32] Broken pipe
接收数据异常，请稍后再试。
[Errno 32] Broken pipe
接收数据异常，请稍后再试。
[Errno 32] Broken pipe
接收数据异常，请稍后再试。
[Errno 32] Broken pipe
接收数据异常，请稍后再试。
[Errno 32] Broken pipe
接收数据异常，请稍后再试。
[Errno 32] Broken pipe
接收数据异常，请稍后再试。
[Errno 32] Broken pipe
接收数据异常，请稍后再试。
[Errno 32] Broken pipe
接收数据异常，请稍后再试。
[Errno 32] Broken pipe
接收数据异常，请稍后再试。
[Errno 32] Broken pipe
接收数据异常，请稍后再试。
[Errno 32] Broken pipe
接收数据异常，请稍后再试。
[Errno 32] Broken pipe
接收数据异常，请稍后再试。
[Errno 32] Broken pipe
接收数据异常，请稍后再试。
[Errno 32] Broken pipe
接收数据异常，请稍后再试。
[Errno 32] Broken pipe
接收数据异常，请稍后再试。
[Errno 32] Broken pipe
接收数据异常，请稍后再试。
[Errno 32] Broken pipe
接收数据异常，请稍后再试。
[Errno 32] Broken pipe
接收数据异常，请稍后再试。
[Errno 32] Broken pipe
接收数据异常，请稍后再试。
[Errno 32] Broken pipe
接收数据异常，请稍后再试。
[Errno 32] Broken pipe
接收数据异常，请稍后再试。
[Errno 32] Broken pipe
接收数据异常，请稍后再试。
[Errno 32] Broken pipe
接收数据异常，请稍后再试。
[Errno 32] Broken pipe
接收数据异常，请稍后再试。
[Errno 32] Broken pipe
接收数据异常，请稍后再试。
[Errno 32] Broken pipe
接收数据异常，请稍后再试。
[Errno 32] Broken pipe
接收数据异常，请稍后再试。
[Errno 32] Broken pipe
接收数据异常，请稍后再试。
[Errno 32] Broken pipe
接收数据异常，请稍后再试。
[Errno 32] Broken pipe
接收数据异常，请稍后再试。
[Errno 32] Broken pipe
接收数据异常，请稍后再试。
[Errno 32] Broken pipe
接收数据异常，请稍后再试。
[Errno 32] Broken pipe
接收数据异常，请稍后再试。
[Errno 32] Broken pipe
接收数据异常，请稍后再试。
[Errno 32] Broken pipe
接收数据异常，请稍后再试。
[Errno 32] Broken pipe
接收数据异常，请稍后再试。
[Errno 32] Broken pipe
接收数据异常，请稍后再试。
[Errno 32] Broken pipe
接收数据异常，请稍后再试。
[Errno 32] Broken pipe
接收数据异常，请稍后再试。
[Errno 32] Broken pipe
接收数据异常，请稍后再试。
[Errno 32] Broken pipe
接收数据异常，请稍后再试。
[Errno 32] Broken pipe
接收数据异常，请稍后再试。
[Errno 32] Broken pipe
接收数据异常，请稍后再试。
[Errno 32] Broken pipe
接收数据异常，请稍后再试。
[Errno 32] Broken pipe
接收数据异常，请稍后再试。
[Errno 32] Broken pipe
接收数据异常，请稍后再试。
[Errno 32] Broken pipe
接收数据异常，请稍后再试。
[Errno 32] Broken pipe
接收数据异常，请稍后再试。
[Errno 32] Broken pipe
接收数据异常，请稍后再试。
[Errno 32] Broken pipe
接收数据异常，请稍后再试。
[Errno 32] Broken pipe
接收数据异常，请稍后再试。
[Errno 32] Broken pipe
接收数据异常，请稍后再试。
[Errno 32] Broken pipe
接收数据异常，请稍后再试。
[Errno 32] Broken pipe
接收数据异常，请稍后再试。
[Errno 32] Broken pipe
接收数据异常，请稍后再试。
[Errno 32] Broken pipe
接收数据异常，请稍后再试。
[Errno 32] Broken pipe
接收数据异常，请稍后再试。
[Errno 32] Broken pipe
接收数据异常，请稍后再试。
[Errno 32] Broken pipe
接收数据异常，请稍后再试。
[Errno 32] Broken pipe
接收数据异常，请稍后再试。
[Errno 32] Broken pipe
接收数据异常，请稍后再试。
[Errno 32] Broken pipe
接收数据异常，请稍后再试。
[Errno 32] Broken pipe
接收数据异常，请稍后再试。
[Errno 32] Broken pipe
接收数据异常，请稍后再试。
[Errno 32] Broken pipe
接收数据异常，请稍后再试。
[Errno 32] Broken pipe
接收数据异常，请稍后再试。
[Errno 32] Broken pipe
接收数据异常，请稍后再试。
[Errno 32] Broken pipe
接收数据异常，请稍后再试。
[Errno 32] Broken pipe
接收数据异常，请稍后再试。
[Errno 32] Broken pipe
接收数据异常，请稍后再试。
[Errno 32] Broken pipe
接收数据异常，请稍后再试。
[Errno 32] Broken pipe
接收数据异常，请稍后再试。
[Errno 32] Broken pipe
接收数据异常，请稍后再试。
[Errno 32] Broken pipe
接收数据异常，请稍后再试。
[Errno 32] Broken pipe
接收数据异常，请稍后再试。
[Errno 32] Broken pipe
接收数据异常，请稍后再试。
[Errno 32] Broken pipe
接收数据异常，请稍后再试。
[Errno 32] Broken pipe
接收数据异常，请稍后再试。
[Errno 32] Broken pipe
接收数据异常，请稍后再试。
[Errno 32] Broken pipe
接收数据异常，请稍后再试。
[Errno 32] Broken pipe
接收数据异常，请稍后再试。
[Errno 32] Broken pipe
接收数据异常，请稍后再试。
[Errno 32] Broken pipe
接收数据异常，请稍后再试。
[Errno 32] Broken pipe
接收数据异常，请稍后再试。
[Errno 32] Broken pipe
接收数据异常，请稍后再试。
[Errno 32] Broken pipe
接收数据异常，请稍后再试。
[Errno 32] Broken pipe
接收数据异常，请稍后再试。
[Errno 32] Broken pipe
接收数据异常，请稍后再试。
[Errno 32] Broken pipe
接收数据异常，请稍后再试。
[Errno 32] Broken pipe
接收数据异常，请稍后再试。
[Errno 32] Broken pipe
接收数据异常，请稍后再试。
[Errno 32] Broken pipe
接收数据异常，请稍后再试。
[Errno 32] Broken pipe
接收数据异常，请稍后再试。
[Errno 32] Broken pipe
接收数据异常，请稍后再试。
[Errno 32] Broken pipe
接收数据异常，请稍后再试。
[Errno 32] Broken pipe
接收数据异常，请稍后再试。
[Errno 32] Broken pipe
接收数据异常，请稍后再试。
[Errno 32] Broken pipe
接收数据异常，请稍后再试。
[Errno 32] Broken pipe
接收数据异常，请稍后再试。
[Errno 32] Broken pipe
接收数据异常，请稍后再试。
[Errno 32] Broken pipe
接收数据异常，请稍后再试。
[Errno 32] Broken pipe
接收数据异常，请稍后再试。
[Errno 32] Broken pipe
接收数据异常，请稍后再试。
[Errno 32] Broken pipe
接收数据异常，请稍后再试。
[Errno 32] Broken pipe
接收数据异常，请稍后再试。
[Errno 32] Broken pipe
接收数据异常，请稍后再试。
[Errno 32] Broken pipe
接收数据异常，请稍后再试。
[Errno 32] Broken pipe
接收数据异常，请稍后再试。
[Errno 32] Broken pipe
接收数据异常，请稍后再试。
[Errno 32] Broken pipe
接收数据异常，请稍后再试。
[Errno 32] Broken pipe
接收数据异常，请稍后再试。
[Errno 32] Broken pipe
接收数据异常，请稍后再试。
[Errno 32] Broken pipe
接收数据异常，请稍后再试。
[Errno 32] Broken pipe
接收数据异常，请稍后再试。
[Errno 32] Broken pipe
接收数据异常，请稍后再试。
[Errno 32] Broken pipe
接收数据异常，请稍后再试。
[Errno 32] Broken pipe
接收数据异常，请稍后再试。
[Errno 32] Broken pipe
接收数据异常，请稍后再试。
[Errno 32] Broken pipe
接收数据异常，请稍后再试。
[Errno 32] Broken pipe
接收数据异常，请稍后再试。
[Errno 32] Broken pipe
接收数据异常，请稍后再试。
[Errno 32] Broken pipe
接收数据异常，请稍后再试。
[Errno 32] Broken pipe
接收数据异常，请稍后再试。
[Errno 32] Broken pipe
接收数据异常，请稍后再试。
[Errno 32] Broken pipe
接收数据异常，请稍后再试。
[Errno 32] Broken pipe
接收数据异常，请稍后再试。
[Errno 32] Broken pipe
接收数据异常，请稍后再试。
[Errno 32] Broken pipe
接收数据异常，请稍后再试。
[Errno 32] Broken pipe
接收数据异常，请稍后再试。
[Errno 32] Broken pipe
接收数据异常，请稍后再试。
[Errno 32] Broken pipe
接收数据异常，请稍后再试。
[Errno 32] Broken pipe
接收数据异常，请稍后再试。
[Errno 32] Broken pipe
接收数据异常，请稍后再试。
[Errno 32] Broken pipe
接收数据异常，请稍后再试。
[Errno 32] Broken pipe
接收数据异常，请稍后再试。
[Errno 32] Broken pipe
接收数据异常，请稍后再试。
[Errno 32] Broken pipe
接收数据异常，请稍后再试。
[Errno 32] Broken pipe
接收数据异常，请稍后再试。
[Errno 32] Broken pipe
接收数据异常，请稍后再试。
[Errno 32] Broken pipe
接收数据异常，请稍后再试。
[Errno 32] Broken pipe
接收数据异常，请稍后再试。
[Errno 32] Broken pipe
接收数据异常，请稍后再试。
[Errno 32] Broken pipe
接收数据异常，请稍后再试。
[Errno 32] Broken pipe
接收数据异常，请稍后再试。
[Errno 32] Broken pipe
接收数据异常，请稍后再试。
[Errno 32] Broken pipe
接收数据异常，请稍后再试。
[Errno 32] Broken pipe
接收数据异常，请稍后再试。
[Errno 32] Broken pipe
接收数据异常，请稍后再试。
[Errno 32] Broken pipe
接收数据异常，请稍后再试。
[Errno 32] Broken pipe
接收数据异常，请稍后再试。
[Errno 32] Broken pipe
接收数据异常，请稍后再试。
[Errno 32] Broken pipe
接收数据异常，请稍后再试。
[Errno 32] Broken pipe
接收数据异常，请稍后再试。
[Errno 32] Broken pipe
接收数据异常，请稍后再试。
[Errno 32] Broken pipe
接收数据异常，请稍后再试。
[Errno 32] Broken pipe
接收数据异常，请稍后再试。
[Errno 32] Broken pipe
接收数据异常，请稍后再试。
[Errno 32] Broken pipe
接收数据异常，请稍后再试。
[Errno 32] Broken pipe
接收数据异常，请稍后再试。
[Errno 32] Broken pipe
接收数据异常，请稍后再试。
[Errno 32] Broken pipe
接收数据异常，请稍后再试。
[Errno 32] Broken pipe
接收数据异常，请稍后再试。
[Errno 32] Broken pipe
接收数据异常，请稍后再试。
[Errno 32] Broken pipe
接收数据异常，请稍后再试。
[Errno 32] Broken pipe
接收数据异常，请稍后再试。
[Errno 32] Broken pipe
接收数据异常，请稍后再试。
[Errno 32] Broken pipe
接收数据异常，请稍后再试。
[Errno 32] Broken pipe
接收数据异常，请稍后再试。
[Errno 32] Broken pipe
接收数据异常，请稍后再试。
[Errno 32] Broken pipe
接收数据异常，请稍后再试。
[Errno 32] Broken pipe
接收数据异常，请稍后再试。
[Errno 32] Broken pipe
接收数据异常，请稍后再试。
[Errno 32] Broken pipe
接收数据异常，请稍后再试。
[Errno 32] Broken pipe
接收数据异常，请稍后再试。
[Errno 32] Broken pipe
接收数据异常，请稍后再试。
[Errno 32] Broken pipe
接收数据异常，请稍后再试。
[Errno 32] Broken pipe
接收数据异常，请稍后再试。
[Errno 32] Broken pipe
接收数据异常，请稍后再试。
[Errno 32] Broken pipe
接收数据异常，请稍后再试。
[Errno 32] Broken pipe
接收数据异常，请稍后再试。
[Errno 32] Broken pipe
接收数据异常，请稍后再试。
[Errno 32] Broken pipe
接收数据异常，请稍后再试。
[Errno 32] Broken pipe
接收数据异常，请稍后再试。
[Errno 32] Broken pipe
接收数据异常，请稍后再试。
[Errno 32] Broken pipe
接收数据异常，请稍后再试。
[Errno 32] Broken pipe
接收数据异常，请稍后再试。
[Errno 32] Broken pipe
接收数据异常，请稍后再试。
[Errno 32] Broken pipe
接收数据异常，请稍后再试。
[Errno 32] Broken pipe
接收数据异常，请稍后再试。
[Errno 32] Broken pipe
接收数据异常，请稍后再试。
[Errno 32] Broken pipe
接收数据异常，请稍后再试。
[Errno 32] Broken pipe
接收数据异常，请稍后再试。
[Errno 32] Broken pipe
接收数据异常，请稍后再试。
[Errno 32] Broken pipe
接收数据异常，请稍后再试。
[Errno 32] Broken pipe
接收数据异常，请稍后再试。
[Errno 32] Broken pipe
接收数据异常，请稍后再试。
[Errno 32] Broken pipe
接收数据异常，请稍后再试。
[Errno 32] Broken pipe
接收数据异常，请稍后再试。
[Errno 32] Broken pipe
接收数据异常，请稍后再试。
[Errno 32] Broken pipe
接收数据异常，请稍后再试。
[Errno 32] Broken pipe
接收数据异常，请稍后再试。
[Errno 32] Broken pipe
接收数据异常，请稍后再试。
[Errno 32] Broken pipe
接收数据异常，请稍后再试。
[Errno 32] Broken pipe
接收数据异常，请稍后再试。
[Errno 32] Broken pipe
接收数据异常，请稍后再试。
[Errno 32] Broken pipe
接收数据异常，请稍后再试。
[Errno 32] Broken pipe
接收数据异常，请稍后再试。
[Errno 32] Broken pipe
接收数据异常，请稍后再试。
[Errno 32] Broken pipe
接收数据异常，请稍后再试。
[Errno 32] Broken pipe
接收数据异常，请稍后再试。
[Errno 32] Broken pipe
接收数据异常，请稍后再试。
[Errno 32] Broken pipe
接收数据异常，请稍后再试。
[Errno 32] Broken pipe
接收数据异常，请稍后再试。
[Errno 32] Broken pipe
接收数据异常，请稍后再试。
[Errno 32] Broken pipe
接收数据异常，请稍后再试。
[Errno 32] Broken pipe
接收数据异常，请稍后再试。
[Errno 32] Broken pipe
接收数据异常，请稍后再试。
[Errno 32] Broken pipe
接收数据异常，请稍后再试。
[Errno 32] Broken pipe
接收数据异常，请稍后再试。
[Errno 32] Broken pipe
接收数据异常，请稍后再试。
[Errno 32] Broken pipe
接收数据异常，请稍后再试。
[Errno 32] Broken pipe
接收数据异常，请稍后再试。
[Errno 32] Broken pipe
接收数据异常，请稍后再试。
[Errno 32] Broken pipe
接收数据异常，请稍后再试。
[Errno 32] Broken pipe
接收数据异常，请稍后再试。
[Errno 32] Broken pipe
接收数据异常，请稍后再试。
[Errno 32] Broken pipe
接收数据异常，请稍后再试。
[Errno 32] Broken pipe
接收数据异常，请稍后再试。
[Errno 32] Broken pipe
接收数据异常，请稍后再试。
[Errno 32] Broken pipe
接收数据异常，请稍后再试。
[Errno 32] Broken pipe
接收数据异常，请稍后再试。
[Errno 32] Broken pipe
接收数据异常，请稍后再试。
[Errno 32] Broken pipe
接收数据异常，请稍后再试。
[Errno 32] Broken pipe
接收数据异常，请稍后再试。
[Errno 32] Broken pipe
接收数据异常，请稍后再试。
[Errno 32] Broken pipe
接收数据异常，请稍后再试。
[Errno 32] Broken pipe
接收数据异常，请稍后再试。
[Errno 32] Broken pipe
接收数据异常，请稍后再试。
[Errno 32] Broken pipe
接收数据异常，请稍后再试。
[Errno 32] Broken pipe
接收数据异常，请稍后再试。
[Errno 32] Broken pipe
接收数据异常，请稍后再试。
[Errno 32] Broken pipe
接收数据异常，请稍后再试。
[Errno 32] Broken pipe
接收数据异常，请稍后再试。
[Errno 32] Broken pipe
接收数据异常，请稍后再试。
[Errno 32] Broken pipe
接收数据异常，请稍后再试。
[Errno 32] Broken pipe
接收数据异常，请稍后再试。
[Errno 32] Broken pipe
接收数据异常，请稍后再试。
[Errno 32] Broken pipe
接收数据异常，请稍后再试。
[Errno 32] Broken pipe
接收数据异常，请稍后再试。
[Errno 32] Broken pipe
接收数据异常，请稍后再试。
[Errno 32] Broken pipe
接收数据异常，请稍后再试。
[Errno 32] Broken pipe
接收数据异常，请稍后再试。
[Errno 32] Broken pipe
接收数据异常，请稍后再试。
[Errno 32] Broken pipe
接收数据异常，请稍后再试。
[Errno 32] Broken pipe
接收数据异常，请稍后再试。
[Errno 32] Broken pipe
接收数据异常，请稍后再试。
[Errno 32] Broken pipe
接收数据异常，请稍后再试。
[Errno 32] Broken pipe
接收数据异常，请稍后再试。
[Errno 32] Broken pipe
接收数据异常，请稍后再试。
[Errno 32] Broken pipe
接收数据异常，请稍后再试。
[Errno 32] Broken pipe
接收数据异常，请稍后再试。
[Errno 32] Broken pipe
接收数据异常，请稍后再试。
[Errno 32] Broken pipe
接收数据异常，请稍后再试。
[Errno 32] Broken pipe
接收数据异常，请稍后再试。
[Errno 32] Broken pipe
接收数据异常，请稍后再试。
[Errno 32] Broken pipe
接收数据异常，请稍后再试。
[Errno 32] Broken pipe
接收数据异常，请稍后再试。
[Errno 32] Broken pipe
接收数据异常，请稍后再试。
[Errno 32] Broken pipe
接收数据异常，请稍后再试。
[Errno 32] Broken pipe
接收数据异常，请稍后再试。
[Errno 32] Broken pipe
接收数据异常，请稍后再试。
[Errno 32] Broken pipe
接收数据异常，请稍后再试。
[Errno 32] Broken pipe
接收数据异常，请稍后再试。
[Errno 32] Broken pipe
接收数据异常，请稍后再试。
[Errno 32] Broken pipe
接收数据异常，请稍后再试。
[Errno 32] Broken pipe
接收数据异常，请稍后再试。
[Errno 32] Broken pipe
接收数据异常，请稍后再试。
[Errno 32] Broken pipe
接收数据异常，请稍后再试。
[Errno 32] Broken pipe
接收数据异常，请稍后再试。
[Errno 32] Broken pipe
接收数据异常，请稍后再试。
[Errno 32] Broken pipe
接收数据异常，请稍后再试。
[Errno 32] Broken pipe
接收数据异常，请稍后再试。
[Errno 32] Broken pipe
接收数据异常，请稍后再试。
[Errno 32] Broken pipe
接收数据异常，请稍后再试。
[Errno 32] Broken pipe
接收数据异常，请稍后再试。
[Errno 32] Broken pipe
接收数据异常，请稍后再试。
[Errno 32] Broken pipe
接收数据异常，请稍后再试。
[Errno 32] Broken pipe
接收数据异常，请稍后再试。
[Errno 32] Broken pipe
接收数据异常，请稍后再试。
[Errno 32] Broken pipe
接收数据异常，请稍后再试。
[Errno 32] Broken pipe
接收数据异常，请稍后再试。
[Errno 32] Broken pipe
接收数据异常，请稍后再试。
[Errno 32] Broken pipe
接收数据异常，请稍后再试。
[Errno 32] Broken pipe
接收数据异常，请稍后再试。
[Errno 32] Broken pipe
接收数据异常，请稍后再试。
[Errno 32] Broken pipe
接收数据异常，请稍后再试。
[Errno 32] Broken pipe
接收数据异常，请稍后再试。
[Errno 32] Broken pipe
接收数据异常，请稍后再试。
[Errno 32] Broken pipe
接收数据异常，请稍后再试。
[Errno 32] Broken pipe
接收数据异常，请稍后再试。
[Errno 32] Broken pipe
接收数据异常，请稍后再试。
[Errno 32] Broken pipe
接收数据异常，请稍后再试。
[Errno 32] Broken pipe
接收数据异常，请稍后再试。
[Errno 32] Broken pipe
接收数据异常，请稍后再试。
[Errno 32] Broken pipe
接收数据异常，请稍后再试。
[Errno 32] Broken pipe
接收数据异常，请稍后再试。
[Errno 32] Broken pipe
接收数据异常，请稍后再试。
[Errno 32] Broken pipe
接收数据异常，请稍后再试。
[Errno 32] Broken pipe
接收数据异常，请稍后再试。
[Errno 32] Broken pipe
接收数据异常，请稍后再试。
[Errno 32] Broken pipe
接收数据异常，请稍后再试。
[Errno 32] Broken pipe
接收数据异常，请稍后再试。
[Errno 32] Broken pipe
接收数据异常，请稍后再试。
[Errno 32] Broken pipe
接收数据异常，请稍后再试。
[Errno 32] Broken pipe
接收数据异常，请稍后再试。
[Errno 32] Broken pipe
接收数据异常，请稍后再试。
[Errno 32] Broken pipe
接收数据异常，请稍后再试。
[Errno 32] Broken pipe
接收数据异常，请稍后再试。
[Errno 32] Broken pipe
接收数据异常，请稍后再试。
[Errno 32] Broken pipe
接收数据异常，请稍后再试。
[Errno 32] Broken pipe
接收数据异常，请稍后再试。
[Errno 32] Broken pipe
接收数据异常，请稍后再试。
[Errno 32] Broken pipe
接收数据异常，请稍后再试。
[Errno 32] Broken pipe
接收数据异常，请稍后再试。
[Errno 32] Broken pipe
接收数据异常，请稍后再试。
[Errno 32] Broken pipe
接收数据异常，请稍后再试。
[Errno 32] Broken pipe
接收数据异常，请稍后再试。
[Errno 32] Broken pipe
接收数据异常，请稍后再试。
[Errno 32] Broken pipe
接收数据异常，请稍后再试。
[Errno 32] Broken pipe
接收数据异常，请稍后再试。
[Errno 32] Broken pipe
接收数据异常，请稍后再试。
[Errno 32] Broken pipe
接收数据异常，请稍后再试。
[Errno 32] Broken pipe
接收数据异常，请稍后再试。
[Errno 32] Broken pipe
接收数据异常，请稍后再试。
[Errno 32] Broken pipe
接收数据异常，请稍后再试。
[Errno 32] Broken pipe
接收数据异常，请稍后再试。
[Errno 32] Broken pipe
接收数据异常，请稍后再试。
[Errno 32] Broken pipe
接收数据异常，请稍后再试。
[Errno 32] Broken pipe
接收数据异常，请稍后再试。
[Errno 32] Broken pipe
接收数据异常，请稍后再试。
[Errno 32] Broken pipe
接收数据异常，请稍后再试。
[Errno 32] Broken pipe
接收数据异常，请稍后再试。
[Errno 32] Broken pipe
接收数据异常，请稍后再试。
[Errno 32] Broken pipe
接收数据异常，请稍后再试。
[Errno 32] Broken pipe
接收数据异常，请稍后再试。
[Errno 32] Broken pipe
接收数据异常，请稍后再试。
[Errno 32] Broken pipe
接收数据异常，请稍后再试。
[Errno 32] Broken pipe
接收数据异常，请稍后再试。
[Errno 32] Broken pipe
接收数据异常，请稍后再试。
[Errno 32] Broken pipe
接收数据异常，请稍后再试。
[Errno 32] Broken pipe
接收数据异常，请稍后再试。
[Errno 32] Broken pipe
接收数据异常，请稍后再试。
[Errno 32] Broken pipe
接收数据异常，请稍后再试。
[Errno 32] Broken pipe
接收数据异常，请稍后再试。
[Errno 32] Broken pipe
接收数据异常，请稍后再试。
[Errno 32] Broken pipe
接收数据异常，请稍后再试。
[Errno 32] Broken pipe
接收数据异常，请稍后再试。
[Errno 32] Broken pipe
接收数据异常，请稍后再试。
[Errno 32] Broken pipe
接收数据异常，请稍后再试。
[Errno 32] Broken pipe
接收数据异常，请稍后再试。
[Errno 32] Broken pipe
接收数据异常，请稍后再试。
[Errno 32] Broken pipe
接收数据异常，请稍后再试。
[Errno 32] Broken pipe
接收数据异常，请稍后再试。
[Errno 32] Broken pipe
接收数据异常，请稍后再试。
[Errno 32] Broken pipe
接收数据异常，请稍后再试。
[Errno 32] Broken pipe
接收数据异常，请稍后再试。
[Errno 32] Broken pipe
接收数据异常，请稍后再试。
[Errno 32] Broken pipe
接收数据异常，请稍后再试。
[Errno 32] Broken pipe
接收数据异常，请稍后再试。
[Errno 32] Broken pipe
接收数据异常，请稍后再试。
[Errno 32] Broken pipe
接收数据异常，请稍后再试。
[Errno 32] Broken pipe
接收数据异常，请稍后再试。
[Errno 32] Broken pipe
接收数据异常，请稍后再试。
[Errno 32] Broken pipe
接收数据异常，请稍后再试。
[Errno 32] Broken pipe
接收数据异常，请稍后再试。
[Errno 32] Broken pipe
接收数据异常，请稍后再试。
[Errno 32] Broken pipe
接收数据异常，请稍后再试。
[Errno 32] Broken pipe
接收数据异常，请稍后再试。
[Errno 32] Broken pipe
接收数据异常，请稍后再试。
[Errno 32] Broken pipe
接收数据异常，请稍后再试。
[Errno 32] Broken pipe
接收数据异常，请稍后再试。
[Errno 32] Broken pipe
接收数据异常，请稍后再试。
[Errno 32] Broken pipe
接收数据异常，请稍后再试。
[Errno 32] Broken pipe
接收数据异常，请稍后再试。
[Errno 32] Broken pipe
接收数据异常，请稍后再试。
[Errno 32] Broken pipe
接收数据异常，请稍后再试。
[Errno 32] Broken pipe
接收数据异常，请稍后再试。
[Errno 32] Broken pipe
接收数据异常，请稍后再试。
[Errno 32] Broken pipe
接收数据异常，请稍后再试。
[Errno 32] Broken pipe
接收数据异常，请稍后再试。
[Errno 32] Broken pipe
接收数据异常，请稍后再试。
[Errno 32] Broken pipe
接收数据异常，请稍后再试。
[Errno 32] Broken pipe
接收数据异常，请稍后再试。
[Errno 32] Broken pipe
接收数据异常，请稍后再试。
[Errno 32] Broken pipe
接收数据异常，请稍后再试。
[Errno 32] Broken pipe
接收数据异常，请稍后再试。
[Errno 32] Broken pipe
接收数据异常，请稍后再试。
[Errno 32] Broken pipe
接收数据异常，请稍后再试。
[Errno 32] Broken pipe
接收数据异常，请稍后再试。
[Errno 32] Broken pipe
接收数据异常，请稍后再试。
[Errno 32] Broken pipe
接收数据异常，请稍后再试。
[Errno 32] Broken pipe
接收数据异常，请稍后再试。
[Errno 32] Broken pipe
接收数据异常，请稍后再试。
[Errno 32] Broken pipe
接收数据异常，请稍后再试。
[Errno 32] Broken pipe
接收数据异常，请稍后再试。
[Errno 32] Broken pipe
接收数据异常，请稍后再试。
[Errno 32] Broken pipe
接收数据异常，请稍后再试。
[Errno 32] Broken pipe
接收数据异常，请稍后再试。
[Errno 32] Broken pipe
接收数据异常，请稍后再试。
[Errno 32] Broken pipe
接收数据异常，请稍后再试。
[Errno 32] Broken pipe
接收数据异常，请稍后再试。
[Errno 32] Broken pipe
接收数据异常，请稍后再试。
[Errno 32] Broken pipe
接收数据异常，请稍后再试。
[Errno 32] Broken pipe
接收数据异常，请稍后再试。
[Errno 32] Broken pipe
接收数据异常，请稍后再试。
[Errno 32] Broken pipe
接收数据异常，请稍后再试。
[Errno 32] Broken pipe
接收数据异常，请稍后再试。
[Errno 32] Broken pipe
接收数据异常，请稍后再试。
[Errno 32] Broken pipe
接收数据异常，请稍后再试。
[Errno 32] Broken pipe
接收数据异常，请稍后再试。
[Errno 32] Broken pipe
接收数据异常，请稍后再试。
[Errno 32] Broken pipe
接收数据异常，请稍后再试。
[Errno 32] Broken pipe
接收数据异常，请稍后再试。
[Errno 32] Broken pipe
接收数据异常，请稍后再试。
[Errno 32] Broken pipe
接收数据异常，请稍后再试。
[Errno 32] Broken pipe
接收数据异常，请稍后再试。
[Errno 32] Broken pipe
接收数据异常，请稍后再试。
[Errno 32] Broken pipe
接收数据异常，请稍后再试。
[Errno 32] Broken pipe
接收数据异常，请稍后再试。
[Errno 32] Broken pipe
接收数据异常，请稍后再试。
[Errno 32] Broken pipe
接收数据异常，请稍后再试。
[Errno 32] Broken pipe
接收数据异常，请稍后再试。
[Errno 32] Broken pipe
接收数据异常，请稍后再试。
[Errno 32] Broken pipe
接收数据异常，请稍后再试。
[Errno 32] Broken pipe
接收数据异常，请稍后再试。
[Errno 32] Broken pipe
接收数据异常，请稍后再试。
[Errno 32] Broken pipe
接收数据异常，请稍后再试。
[Errno 32] Broken pipe
接收数据异常，请稍后再试。
[Errno 32] Broken pipe
接收数据异常，请稍后再试。
[Errno 32] Broken pipe
接收数据异常，请稍后再试。
[Errno 32] Broken pipe
接收数据异常，请稍后再试。
[Errno 32] Broken pipe
接收数据异常，请稍后再试。
[Errno 32] Broken pipe
接收数据异常，请稍后再试。
[Errno 32] Broken pipe
接收数据异常，请稍后再试。
[Errno 32] Broken pipe
接收数据异常，请稍后再试。
[Errno 32] Broken pipe
接收数据异常，请稍后再试。
[Errno 32] Broken pipe
接收数据异常，请稍后再试。
[Errno 32] Broken pipe
接收数据异常，请稍后再试。
[Errno 32] Broken pipe
接收数据异常，请稍后再试。
[Errno 32] Broken pipe
接收数据异常，请稍后再试。
[Errno 32] Broken pipe
接收数据异常，请稍后再试。
[Errno 32] Broken pipe
接收数据异常，请稍后再试。
[Errno 32] Broken pipe
接收数据异常，请稍后再试。
[Errno 32] Broken pipe
接收数据异常，请稍后再试。
[Errno 32] Broken pipe
接收数据异常，请稍后再试。
[Errno 32] Broken pipe
接收数据异常，请稍后再试。
[Errno 32] Broken pipe
接收数据异常，请稍后再试。
[Errno 32] Broken pipe
接收数据异常，请稍后再试。
[Errno 32] Broken pipe
接收数据异常，请稍后再试。
[Errno 32] Broken pipe
接收数据异常，请稍后再试。
[Errno 32] Broken pipe
接收数据异常，请稍后再试。
[Errno 32] Broken pipe
接收数据异常，请稍后再试。
[Errno 32] Broken pipe
接收数据异常，请稍后再试。
[Errno 32] Broken pipe
接收数据异常，请稍后再试。
[Errno 32] Broken pipe
接收数据异常，请稍后再试。
[Errno 32] Broken pipe
接收数据异常，请稍后再试。
[Errno 32] Broken pipe
接收数据异常，请稍后再试。
[Errno 32] Broken pipe
接收数据异常，请稍后再试。
[Errno 32] Broken pipe
接收数据异常，请稍后再试。
[Errno 32] Broken pipe
接收数据异常，请稍后再试。
[Errno 32] Broken pipe
接收数据异常，请稍后再试。
[Errno 32] Broken pipe
接收数据异常，请稍后再试。
[Errno 32] Broken pipe
接收数据异常，请稍后再试。
[Errno 32] Broken pipe
接收数据异常，请稍后再试。
[Errno 32] Broken pipe
接收数据异常，请稍后再试。
[Errno 32] Broken pipe
接收数据异常，请稍后再试。
[Errno 32] Broken pipe
接收数据异常，请稍后再试。
[Errno 32] Broken pipe
接收数据异常，请稍后再试。
[Errno 32] Broken pipe
接收数据异常，请稍后再试。
[Errno 32] Broken pipe
接收数据异常，请稍后再试。
[Errno 32] Broken pipe
接收数据异常，请稍后再试。
[Errno 32] Broken pipe
接收数据异常，请稍后再试。
[Errno 32] Broken pipe
接收数据异常，请稍后再试。
[Errno 32] Broken pipe
接收数据异常，请稍后再试。
[Errno 32] Broken pipe
接收数据异常，请稍后再试。
[Errno 32] Broken pipe
接收数据异常，请稍后再试。
[Errno 32] Broken pipe
接收数据异常，请稍后再试。
[Errno 32] Broken pipe
接收数据异常，请稍后再试。
[Errno 32] Broken pipe
接收数据异常，请稍后再试。
[Errno 32] Broken pipe
接收数据异常，请稍后再试。
[Errno 32] Broken pipe
接收数据异常，请稍后再试。
[Errno 32] Broken pipe
接收数据异常，请稍后再试。
[Errno 32] Broken pipe
接收数据异常，请稍后再试。
[Errno 32] Broken pipe
接收数据异常，请稍后再试。
[Errno 32] Broken pipe
接收数据异常，请稍后再试。
[Errno 32] Broken pipe
接收数据异常，请稍后再试。
[Errno 32] Broken pipe
接收数据异常，请稍后再试。
[Errno 32] Broken pipe
接收数据异常，请稍后再试。
[Errno 32] Broken pipe
接收数据异常，请稍后再试。
[Errno 32] Broken pipe
接收数据异常，请稍后再试。
[Errno 32] Broken pipe
接收数据异常，请稍后再试。
[Errno 32] Broken pipe
接收数据异常，请稍后再试。
[Errno 32] Broken pipe
接收数据异常，请稍后再试。
[Errno 32] Broken pipe
接收数据异常，请稍后再试。
[Errno 32] Broken pipe
接收数据异常，请稍后再试。
[Errno 32] Broken pipe
接收数据异常，请稍后再试。
[Errno 32] Broken pipe
接收数据异常，请稍后再试。
[Errno 32] Broken pipe
接收数据异常，请稍后再试。
[Errno 32] Broken pipe
接收数据异常，请稍后再试。
[Errno 32] Broken pipe
接收数据异常，请稍后再试。
[Errno 32] Broken pipe
接收数据异常，请稍后再试。
[Errno 32] Broken pipe
接收数据异常，请稍后再试。
[Errno 32] Broken pipe
接收数据异常，请稍后再试。
[Errno 32] Broken pipe
接收数据异常，请稍后再试。
[Errno 32] Broken pipe
接收数据异常，请稍后再试。
[Errno 32] Broken pipe
接收数据异常，请稍后再试。
[Errno 32] Broken pipe
接收数据异常，请稍后再试。
[Errno 32] Broken pipe
接收数据异常，请稍后再试。
[Errno 32] Broken pipe
接收数据异常，请稍后再试。
[Errno 32] Broken pipe
接收数据异常，请稍后再试。
[Errno 32] Broken pipe
接收数据异常，请稍后再试。
[Errno 32] Broken pipe
接收数据异常，请稍后再试。
[Errno 32] Broken pipe
接收数据异常，请稍后再试。
[Errno 32] Broken pipe
接收数据异常，请稍后再试。
[Errno 32] Broken pipe
接收数据异常，请稍后再试。
[Errno 32] Broken pipe
接收数据异常，请稍后再试。
[Errno 32] Broken pipe
接收数据异常，请稍后再试。
[Errno 32] Broken pipe
接收数据异常，请稍后再试。
[Errno 32] Broken pipe
接收数据异常，请稍后再试。
[Errno 32] Broken pipe
接收数据异常，请稍后再试。
[Errno 32] Broken pipe
接收数据异常，请稍后再试。
[Errno 32] Broken pipe
接收数据异常，请稍后再试。
[Errno 32] Broken pipe
接收数据异常，请稍后再试。
[Errno 32] Broken pipe
接收数据异常，请稍后再试。
[Errno 32] Broken pipe
接收数据异常，请稍后再试。
[Errno 32] Broken pipe
接收数据异常，请稍后再试。
[Errno 32] Broken pipe
接收数据异常，请稍后再试。
[Errno 32] Broken pipe
接收数据异常，请稍后再试。
[Errno 32] Broken pipe
接收数据异常，请稍后再试。
[Errno 32] Broken pipe
接收数据异常，请稍后再试。
[Errno 32] Broken pipe
接收数据异常，请稍后再试。
[Errno 32] Broken pipe
接收数据异常，请稍后再试。
[Errno 32] Broken pipe
接收数据异常，请稍后再试。
[Errno 32] Broken pipe
接收数据异常，请稍后再试。
[Errno 32] Broken pipe
接收数据异常，请稍后再试。
[Errno 32] Broken pipe
接收数据异常，请稍后再试。
[Errno 32] Broken pipe
接收数据异常，请稍后再试。
[Errno 32] Broken pipe
接收数据异常，请稍后再试。
[Errno 32] Broken pipe
接收数据异常，请稍后再试。
[Errno 32] Broken pipe
接收数据异常，请稍后再试。
[Errno 32] Broken pipe
接收数据异常，请稍后再试。
[Errno 32] Broken pipe
接收数据异常，请稍后再试。
[Errno 32] Broken pipe
接收数据异常，请稍后再试。
[Errno 32] Broken pipe
接收数据异常，请稍后再试。
[Errno 32] Broken pipe
接收数据异常，请稍后再试。
[Errno 32] Broken pipe
接收数据异常，请稍后再试。
[Errno 32] Broken pipe
接收数据异常，请稍后再试。
[Errno 32] Broken pipe
接收数据异常，请稍后再试。
[Errno 32] Broken pipe
接收数据异常，请稍后再试。
[Errno 32] Broken pipe
接收数据异常，请稍后再试。
[Errno 32] Broken pipe
接收数据异常，请稍后再试。
[Errno 32] Broken pipe
接收数据异常，请稍后再试。
[Errno 32] Broken pipe
接收数据异常，请稍后再试。
[Errno 32] Broken pipe
接收数据异常，请稍后再试。
[Errno 32] Broken pipe
接收数据异常，请稍后再试。
[Errno 32] Broken pipe
接收数据异常，请稍后再试。
[Errno 32] Broken pipe
接收数据异常，请稍后再试。
[Errno 32] Broken pipe
接收数据异常，请稍后再试。
[Errno 32] Broken pipe
接收数据异常，请稍后再试。
[Errno 32] Broken pipe
接收数据异常，请稍后再试。
[Errno 32] Broken pipe
接收数据异常，请稍后再试。
[Errno 32] Broken pipe
接收数据异常，请稍后再试。
[Errno 32] Broken pipe
接收数据异常，请稍后再试。
[Errno 32] Broken pipe
接收数据异常，请稍后再试。
[Errno 32] Broken pipe
接收数据异常，请稍后再试。
[Errno 32] Broken pipe
接收数据异常，请稍后再试。
[Errno 32] Broken pipe
接收数据异常，请稍后再试。
[Errno 32] Broken pipe
接收数据异常，请稍后再试。
[Errno 32] Broken pipe
接收数据异常，请稍后再试。
[Errno 32] Broken pipe
接收数据异常，请稍后再试。
[Errno 32] Broken pipe
接收数据异常，请稍后再试。
[Errno 32] Broken pipe
接收数据异常，请稍后再试。
[Errno 32] Broken pipe
接收数据异常，请稍后再试。
[Errno 32] Broken pipe
接收数据异常，请稍后再试。
[Errno 32] Broken pipe
接收数据异常，请稍后再试。
[Errno 32] Broken pipe
接收数据异常，请稍后再试。
[Errno 32] Broken pipe
接收数据异常，请稍后再试。
[Errno 32] Broken pipe
接收数据异常，请稍后再试。
[Errno 32] Broken pipe
接收数据异常，请稍后再试。
[Errno 32] Broken pipe
接收数据异常，请稍后再试。
[Errno 32] Broken pipe
接收数据异常，请稍后再试。
[Errno 32] Broken pipe
接收数据异常，请稍后再试。
[Errno 32] Broken pipe
接收数据异常，请稍后再试。
[Errno 32] Broken pipe
接收数据异常，请稍后再试。
[Errno 32] Broken pipe
接收数据异常，请稍后再试。
[Errno 32] Broken pipe
接收数据异常，请稍后再试。
[Errno 32] Broken pipe
接收数据异常，请稍后再试。
[Errno 32] Broken pipe
接收数据异常，请稍后再试。
[Errno 32] Broken pipe
接收数据异常，请稍后再试。
[Errno 32] Broken pipe
接收数据异常，请稍后再试。
[Errno 32] Broken pipe
接收数据异常，请稍后再试。
[Errno 32] Broken pipe
接收数据异常，请稍后再试。
[Errno 32] Broken pipe
接收数据异常，请稍后再试。
[Errno 32] Broken pipe
接收数据异常，请稍后再试。
[Errno 32] Broken pipe
接收数据异常，请稍后再试。
[Errno 32] Broken pipe
接收数据异常，请稍后再试。
[Errno 32] Broken pipe
接收数据异常，请稍后再试。
[Errno 32] Broken pipe
接收数据异常，请稍后再试。
[Errno 32] Broken pipe
接收数据异常，请稍后再试。
[Errno 32] Broken pipe
接收数据异常，请稍后再试。
[Errno 32] Broken pipe
接收数据异常，请稍后再试。
[Errno 32] Broken pipe
接收数据异常，请稍后再试。
[Errno 32] Broken pipe
接收数据异常，请稍后再试。
[Errno 32] Broken pipe
接收数据异常，请稍后再试。
[Errno 32] Broken pipe
接收数据异常，请稍后再试。
[Errno 32] Broken pipe
接收数据异常，请稍后再试。
[Errno 32] Broken pipe
接收数据异常，请稍后再试。
[Errno 32] Broken pipe
接收数据异常，请稍后再试。
[Errno 32] Broken pipe
接收数据异常，请稍后再试。
[Errno 32] Broken pipe
接收数据异常，请稍后再试。
[Errno 32] Broken pipe
接收数据异常，请稍后再试。
[Errno 32] Broken pipe
接收数据异常，请稍后再试。
[Errno 32] Broken pipe
接收数据异常，请稍后再试。
[Errno 32] Broken pipe
接收数据异常，请稍后再试。
[Errno 32] Broken pipe
接收数据异常，请稍后再试。
[Errno 32] Broken pipe
接收数据异常，请稍后再试。
[Errno 32] Broken pipe
接收数据异常，请稍后再试。
[Errno 32] Broken pipe
接收数据异常，请稍后再试。
[Errno 32] Broken pipe
接收数据异常，请稍后再试。
[Errno 32] Broken pipe
接收数据异常，请稍后再试。
[Errno 32] Broken pipe
接收数据异常，请稍后再试。
[Errno 32] Broken pipe
接收数据异常，请稍后再试。
[Errno 32] Broken pipe
接收数据异常，请稍后再试。
[Errno 32] Broken pipe
接收数据异常，请稍后再试。
[Errno 32] Broken pipe
接收数据异常，请稍后再试。
[Errno 32] Broken pipe
接收数据异常，请稍后再试。
[Errno 32] Broken pipe
接收数据异常，请稍后再试。
[Errno 32] Broken pipe
接收数据异常，请稍后再试。
[Errno 32] Broken pipe
接收数据异常，请稍后再试。
[Errno 32] Broken pipe
接收数据异常，请稍后再试。
[Errno 32] Broken pipe
接收数据异常，请稍后再试。
[Errno 32] Broken pipe
接收数据异常，请稍后再试。
[Errno 32] Broken pipe
接收数据异常，请稍后再试。
[Errno 32] Broken pipe
接收数据异常，请稍后再试。
[Errno 32] Broken pipe
接收数据异常，请稍后再试。
[Errno 32] Broken pipe
接收数据异常，请稍后再试。
[Errno 32] Broken pipe
接收数据异常，请稍后再试。
[Errno 32] Broken pipe
接收数据异常，请稍后再试。
[Errno 32] Broken pipe
接收数据异常，请稍后再试。
[Errno 32] Broken pipe
接收数据异常，请稍后再试。
[Errno 32] Broken pipe
接收数据异常，请稍后再试。
[Errno 32] Broken pipe
接收数据异常，请稍后再试。
[Errno 32] Broken pipe
接收数据异常，请稍后再试。
[Errno 32] Broken pipe
接收数据异常，请稍后再试。
[Errno 32] Broken pipe
接收数据异常，请稍后再试。
[Errno 32] Broken pipe
接收数据异常，请稍后再试。
[Errno 32] Broken pipe
接收数据异常，请稍后再试。
[Errno 32] Broken pipe
接收数据异常，请稍后再试。
[Errno 32] Broken pipe
接收数据异常，请稍后再试。
[Errno 32] Broken pipe
接收数据异常，请稍后再试。
[Errno 32] Broken pipe
接收数据异常，请稍后再试。
[Errno 32] Broken pipe
接收数据异常，请稍后再试。
[Errno 32] Broken pipe
接收数据异常，请稍后再试。
[Errno 32] Broken pipe
接收数据异常，请稍后再试。
[Errno 32] Broken pipe
接收数据异常，请稍后再试。
[Errno 32] Broken pipe
接收数据异常，请稍后再试。
[Errno 32] Broken pipe
接收数据异常，请稍后再试。
[Errno 32] Broken pipe
接收数据异常，请稍后再试。
[Errno 32] Broken pipe
接收数据异常，请稍后再试。
[Errno 32] Broken pipe
接收数据异常，请稍后再试。
[Errno 32] Broken pipe
接收数据异常，请稍后再试。
[Errno 32] Broken pipe
接收数据异常，请稍后再试。
[Errno 32] Broken pipe
接收数据异常，请稍后再试。
[Errno 32] Broken pipe
接收数据异常，请稍后再试。
[Errno 32] Broken pipe
接收数据异常，请稍后再试。
[Errno 32] Broken pipe
接收数据异常，请稍后再试。
[Errno 32] Broken pipe
接收数据异常，请稍后再试。
[Errno 32] Broken pipe
接收数据异常，请稍后再试。
[Errno 32] Broken pipe
接收数据异常，请稍后再试。
[Errno 32] Broken pipe
接收数据异常，请稍后再试。
[Errno 32] Broken pipe
接收数据异常，请稍后再试。
[Errno 32] Broken pipe
接收数据异常，请稍后再试。
[Errno 32] Broken pipe
接收数据异常，请稍后再试。
[Errno 32] Broken pipe
接收数据异常，请稍后再试。
[Errno 32] Broken pipe
接收数据异常，请稍后再试。
[Errno 32] Broken pipe
接收数据异常，请稍后再试。
[Errno 32] Broken pipe
接收数据异常，请稍后再试。
[Errno 32] Broken pipe
接收数据异常，请稍后再试。
[Errno 32] Broken pipe
接收数据异常，请稍后再试。
[Errno 32] Broken pipe
接收数据异常，请稍后再试。
[Errno 32] Broken pipe
接收数据异常，请稍后再试。
[Errno 32] Broken pipe
接收数据异常，请稍后再试。
[Errno 32] Broken pipe
接收数据异常，请稍后再试。
[Errno 32] Broken pipe
接收数据异常，请稍后再试。
[Errno 32] Broken pipe
接收数据异常，请稍后再试。
[Errno 32] Broken pipe
接收数据异常，请稍后再试。
[Errno 32] Broken pipe
接收数据异常，请稍后再试。
[Errno 32] Broken pipe
接收数据异常，请稍后再试。
[Errno 32] Broken pipe
接收数据异常，请稍后再试。
[Errno 32] Broken pipe
接收数据异常，请稍后再试。
[Errno 32] Broken pipe
接收数据异常，请稍后再试。
[Errno 32] Broken pipe
接收数据异常，请稍后再试。
[Errno 32] Broken pipe
接收数据异常，请稍后再试。
[Errno 32] Broken pipe
接收数据异常，请稍后再试。
[Errno 32] Broken pipe
接收数据异常，请稍后再试。
[Errno 32] Broken pipe
接收数据异常，请稍后再试。
[Errno 32] Broken pipe
接收数据异常，请稍后再试。
[Errno 32] Broken pipe
接收数据异常，请稍后再试。
[Errno 32] Broken pipe
接收数据异常，请稍后再试。
[Errno 32] Broken pipe
接收数据异常，请稍后再试。
[Errno 32] Broken pipe
接收数据异常，请稍后再试。
[Errno 32] Broken pipe
接收数据异常，请稍后再试。
[Errno 32] Broken pipe
接收数据异常，请稍后再试。
[Errno 32] Broken pipe
接收数据异常，请稍后再试。
[Errno 32] Broken pipe
接收数据异常，请稍后再试。
[Errno 32] Broken pipe
接收数据异常，请稍后再试。
[Errno 32] Broken pipe
接收数据异常，请稍后再试。
[Errno 32] Broken pipe
接收数据异常，请稍后再试。
[Errno 32] Broken pipe
接收数据异常，请稍后再试。
[Errno 32] Broken pipe
接收数据异常，请稍后再试。
[Errno 32] Broken pipe
接收数据异常，请稍后再试。
[Errno 32] Broken pipe
接收数据异常，请稍后再试。
[Errno 32] Broken pipe
接收数据异常，请稍后再试。
[Errno 32] Broken pipe
接收数据异常，请稍后再试。
[Errno 32] Broken pipe
接收数据异常，请稍后再试。
[Errno 32] Broken pipe
接收数据异常，请稍后再试。
[Errno 32] Broken pipe
接收数据异常，请稍后再试。
[Errno 32] Broken pipe
接收数据异常，请稍后再试。
[Errno 32] Broken pipe
接收数据异常，请稍后再试。
[Errno 32] Broken pipe
接收数据异常，请稍后再试。
[Errno 32] Broken pipe
接收数据异常，请稍后再试。
[Errno 32] Broken pipe
接收数据异常，请稍后再试。
[Errno 32] Broken pipe
接收数据异常，请稍后再试。
[Errno 32] Broken pipe
接收数据异常，请稍后再试。
[Errno 32] Broken pipe
接收数据异常，请稍后再试。
[Errno 32] Broken pipe
接收数据异常，请稍后再试。
[Errno 32] Broken pipe
接收数据异常，请稍后再试。
[Errno 32] Broken pipe
接收数据异常，请稍后再试。
[Errno 32] Broken pipe
接收数据异常，请稍后再试。
[Errno 32] Broken pipe
接收数据异常，请稍后再试。
[Errno 32] Broken pipe
接收数据异常，请稍后再试。
[Errno 32] Broken pipe
接收数据异常，请稍后再试。
[Errno 32] Broken pipe
接收数据异常，请稍后再试。
[Errno 32] Broken pipe
接收数据异常，请稍后再试。
[Errno 32] Broken pipe
接收数据异常，请稍后再试。
[Errno 32] Broken pipe
接收数据异常，请稍后再试。
[Errno 32] Broken pipe
接收数据异常，请稍后再试。
[Errno 32] Broken pipe
接收数据异常，请稍后再试。
[Errno 32] Broken pipe
接收数据异常，请稍后再试。
[Errno 32] Broken pipe
接收数据异常，请稍后再试。
[Errno 32] Broken pipe
接收数据异常，请稍后再试。
[Errno 32] Broken pipe
接收数据异常，请稍后再试。
[Errno 32] Broken pipe
接收数据异常，请稍后再试。
[Errno 32] Broken pipe
接收数据异常，请稍后再试。
[Errno 32] Broken pipe
接收数据异常，请稍后再试。
[Errno 32] Broken pipe
接收数据异常，请稍后再试。
[Errno 32] Broken pipe
接收数据异常，请稍后再试。
[Errno 32] Broken pipe
接收数据异常，请稍后再试。
[Errno 32] Broken pipe
接收数据异常，请稍后再试。
[Errno 32] Broken pipe
接收数据异常，请稍后再试。
[Errno 32] Broken pipe
接收数据异常，请稍后再试。
[Errno 32] Broken pipe
接收数据异常，请稍后再试。
[Errno 32] Broken pipe
接收数据异常，请稍后再试。
[Errno 32] Broken pipe
接收数据异常，请稍后再试。
[Errno 32] Broken pipe
接收数据异常，请稍后再试。
[Errno 32] Broken pipe
接收数据异常，请稍后再试。
[Errno 32] Broken pipe
接收数据异常，请稍后再试。
[Errno 32] Broken pipe
接收数据异常，请稍后再试。
[Errno 32] Broken pipe
接收数据异常，请稍后再试。
[Errno 32] Broken pipe
接收数据异常，请稍后再试。
[Errno 32] Broken pipe
接收数据异常，请稍后再试。
[Errno 32] Broken pipe
接收数据异常，请稍后再试。
[Errno 32] Broken pipe
接收数据异常，请稍后再试。
[Errno 32] Broken pipe
接收数据异常，请稍后再试。
[Errno 32] Broken pipe
接收数据异常，请稍后再试。
[Errno 32] Broken pipe
接收数据异常，请稍后再试。
[Errno 32] Broken pipe
接收数据异常，请稍后再试。
[Errno 32] Broken pipe
接收数据异常，请稍后再试。
[Errno 32] Broken pipe
接收数据异常，请稍后再试。
[Errno 32] Broken pipe
接收数据异常，请稍后再试。
[Errno 32] Broken pipe
接收数据异常，请稍后再试。
[Errno 32] Broken pipe
接收数据异常，请稍后再试。
[Errno 32] Broken pipe
接收数据异常，请稍后再试。
[Errno 32] Broken pipe
接收数据异常，请稍后再试。
[Errno 32] Broken pipe
接收数据异常，请稍后再试。
[Errno 32] Broken pipe
接收数据异常，请稍后再试。
[Errno 32] Broken pipe
接收数据异常，请稍后再试。
[Errno 32] Broken pipe
接收数据异常，请稍后再试。
[Errno 32] Broken pipe
接收数据异常，请稍后再试。
[Errno 32] Broken pipe
接收数据异常，请稍后再试。
[Errno 32] Broken pipe
接收数据异常，请稍后再试。
[Errno 32] Broken pipe
接收数据异常，请稍后再试。
[Errno 32] Broken pipe
接收数据异常，请稍后再试。
[Errno 32] Broken pipe
接收数据异常，请稍后再试。
[Errno 32] Broken pipe
接收数据异常，请稍后再试。
[Errno 32] Broken pipe
接收数据异常，请稍后再试。
[Errno 32] Broken pipe
接收数据异常，请稍后再试。
[Errno 32] Broken pipe
接收数据异常，请稍后再试。
[Errno 32] Broken pipe
接收数据异常，请稍后再试。
[Errno 32] Broken pipe
接收数据异常，请稍后再试。
[Errno 32] Broken pipe
接收数据异常，请稍后再试。
[Errno 32] Broken pipe
接收数据异常，请稍后再试。
[Errno 32] Broken pipe
接收数据异常，请稍后再试。
[Errno 32] Broken pipe
接收数据异常，请稍后再试。
[Errno 32] Broken pipe
接收数据异常，请稍后再试。
[Errno 32] Broken pipe
接收数据异常，请稍后再试。
[Errno 32] Broken pipe
接收数据异常，请稍后再试。
[Errno 32] Broken pipe
接收数据异常，请稍后再试。
[Errno 32] Broken pipe
接收数据异常，请稍后再试。
[Errno 32] Broken pipe
接收数据异常，请稍后再试。
[Errno 32] Broken pipe
接收数据异常，请稍后再试。
[Errno 32] Broken pipe
接收数据异常，请稍后再试。
[Errno 32] Broken pipe
接收数据异常，请稍后再试。
[Errno 32] Broken pipe
接收数据异常，请稍后再试。
[Errno 32] Broken pipe
接收数据异常，请稍后再试。
[Errno 32] Broken pipe
接收数据异常，请稍后再试。
[Errno 32] Broken pipe
接收数据异常，请稍后再试。
[Errno 32] Broken pipe
接收数据异常，请稍后再试。
[Errno 32] Broken pipe
接收数据异常，请稍后再试。
[Errno 32] Broken pipe
接收数据异常，请稍后再试。
[Errno 32] Broken pipe
接收数据异常，请稍后再试。
[Errno 32] Broken pipe
接收数据异常，请稍后再试。
[Errno 32] Broken pipe
接收数据异常，请稍后再试。
[Errno 32] Broken pipe
接收数据异常，请稍后再试。
[Errno 32] Broken pipe
接收数据异常，请稍后再试。
[Errno 32] Broken pipe
接收数据异常，请稍后再试。
[Errno 32] Broken pipe
接收数据异常，请稍后再试。
[Errno 32] Broken pipe
接收数据异常，请稍后再试。
[Errno 32] Broken pipe
接收数据异常，请稍后再试。
[Errno 32] Broken pipe
接收数据异常，请稍后再试。
[Errno 32] Broken pipe
接收数据异常，请稍后再试。
[Errno 32] Broken pipe
接收数据异常，请稍后再试。
[Errno 32] Broken pipe
接收数据异常，请稍后再试。
[Errno 32] Broken pipe
接收数据异常，请稍后再试。
[Errno 32] Broken pipe
接收数据异常，请稍后再试。
[Errno 32] Broken pipe
接收数据异常，请稍后再试。
[Errno 32] Broken pipe
接收数据异常，请稍后再试。
[Errno 32] Broken pipe
接收数据异常，请稍后再试。
[Errno 32] Broken pipe
接收数据异常，请稍后再试。
[Errno 32] Broken pipe
接收数据异常，请稍后再试。
[Errno 32] Broken pipe
接收数据异常，请稍后再试。
[Errno 32] Broken pipe
接收数据异常，请稍后再试。
[Errno 32] Broken pipe
接收数据异常，请稍后再试。
[Errno 32] Broken pipe
接收数据异常，请稍后再试。
[Errno 32] Broken pipe
接收数据异常，请稍后再试。
[Errno 32] Broken pipe
接收数据异常，请稍后再试。
[Errno 32] Broken pipe
接收数据异常，请稍后再试。
[Errno 32] Broken pipe
接收数据异常，请稍后再试。
[Errno 32] Broken pipe
接收数据异常，请稍后再试。
[Errno 32] Broken pipe
接收数据异常，请稍后再试。
[Errno 32] Broken pipe
接收数据异常，请稍后再试。
[Errno 32] Broken pipe
接收数据异常，请稍后再试。
[Errno 32] Broken pipe
接收数据异常，请稍后再试。
[Errno 32] Broken pipe
接收数据异常，请稍后再试。
[Errno 32] Broken pipe
接收数据异常，请稍后再试。
[Errno 32] Broken pipe
接收数据异常，请稍后再试。
[Errno 32] Broken pipe
接收数据异常，请稍后再试。
[Errno 32] Broken pipe
接收数据异常，请稍后再试。
[Errno 32] Broken pipe
接收数据异常，请稍后再试。
[Errno 32] Broken pipe
接收数据异常，请稍后再试。
[Errno 32] Broken pipe
接收数据异常，请稍后再试。
[Errno 32] Broken pipe
接收数据异常，请稍后再试。
[Errno 32] Broken pipe
接收数据异常，请稍后再试。
[Errno 32] Broken pipe
接收数据异常，请稍后再试。
[Errno 32] Broken pipe
接收数据异常，请稍后再试。
[Errno 32] Broken pipe
接收数据异常，请稍后再试。
[Errno 32] Broken pipe
接收数据异常，请稍后再试。
[Errno 32] Broken pipe
接收数据异常，请稍后再试。
[Errno 32] Broken pipe
接收数据异常，请稍后再试。
[Errno 32] Broken pipe
接收数据异常，请稍后再试。
[Errno 32] Broken pipe
接收数据异常，请稍后再试。
[Errno 32] Broken pipe
接收数据异常，请稍后再试。
[Errno 32] Broken pipe
接收数据异常，请稍后再试。
[Errno 32] Broken pipe
接收数据异常，请稍后再试。
[Errno 32] Broken pipe
接收数据异常，请稍后再试。
[Errno 32] Broken pipe
接收数据异常，请稍后再试。
[Errno 32] Broken pipe
接收数据异常，请稍后再试。
[Errno 32] Broken pipe
接收数据异常，请稍后再试。
[Errno 32] Broken pipe
接收数据异常，请稍后再试。
[Errno 32] Broken pipe
接收数据异常，请稍后再试。
[Errno 32] Broken pipe
接收数据异常，请稍后再试。
[Errno 32] Broken pipe
接收数据异常，请稍后再试。
[Errno 32] Broken pipe
接收数据异常，请稍后再试。
[Errno 32] Broken pipe
接收数据异常，请稍后再试。
[Errno 32] Broken pipe
接收数据异常，请稍后再试。
[Errno 32] Broken pipe
接收数据异常，请稍后再试。
[Errno 32] Broken pipe
接收数据异常，请稍后再试。
[Errno 32] Broken pipe
接收数据异常，请稍后再试。
[Errno 32] Broken pipe
接收数据异常，请稍后再试。
[Errno 32] Broken pipe
接收数据异常，请稍后再试。
[Errno 32] Broken pipe
接收数据异常，请稍后再试。
[Errno 32] Broken pipe
接收数据异常，请稍后再试。
[Errno 32] Broken pipe
接收数据异常，请稍后再试。
[Errno 32] Broken pipe
接收数据异常，请稍后再试。
[Errno 32] Broken pipe
接收数据异常，请稍后再试。
[Errno 32] Broken pipe
接收数据异常，请稍后再试。
[Errno 32] Broken pipe
接收数据异常，请稍后再试。
[Errno 32] Broken pipe
接收数据异常，请稍后再试。
[Errno 32] Broken pipe
接收数据异常，请稍后再试。
[Errno 32] Broken pipe
接收数据异常，请稍后再试。
[Errno 32] Broken pipe
接收数据异常，请稍后再试。
[Errno 32] Broken pipe
接收数据异常，请稍后再试。
[Errno 32] Broken pipe
接收数据异常，请稍后再试。
[Errno 32] Broken pipe
接收数据异常，请稍后再试。
[Errno 32] Broken pipe
接收数据异常，请稍后再试。
[Errno 32] Broken pipe
接收数据异常，请稍后再试。
[Errno 32] Broken pipe
接收数据异常，请稍后再试。
[Errno 32] Broken pipe
接收数据异常，请稍后再试。
[Errno 32] Broken pipe
接收数据异常，请稍后再试。
[Errno 32] Broken pipe
接收数据异常，请稍后再试。
[Errno 32] Broken pipe
接收数据异常，请稍后再试。
[Errno 32] Broken pipe
接收数据异常，请稍后再试。
[Errno 32] Broken pipe
接收数据异常，请稍后再试。
[Errno 32] Broken pipe
接收数据异常，请稍后再试。
[Errno 32] Broken pipe
接收数据异常，请稍后再试。
[Errno 32] Broken pipe
接收数据异常，请稍后再试。
[Errno 32] Broken pipe
接收数据异常，请稍后再试。
[Errno 32] Broken pipe
接收数据异常，请稍后再试。
[Errno 32] Broken pipe
接收数据异常，请稍后再试。
[Errno 32] Broken pipe
接收数据异常，请稍后再试。
[Errno 32] Broken pipe
接收数据异常，请稍后再试。
[Errno 32] Broken pipe
接收数据异常，请稍后再试。
[Errno 32] Broken pipe
接收数据异常，请稍后再试。
[Errno 32] Broken pipe
接收数据异常，请稍后再试。
[Errno 32] Broken pipe
接收数据异常，请稍后再试。
[Errno 32] Broken pipe
接收数据异常，请稍后再试。
[Errno 32] Broken pipe
接收数据异常，请稍后再试。
[Errno 32] Broken pipe
接收数据异常，请稍后再试。
[Errno 32] Broken pipe
接收数据异常，请稍后再试。
[Errno 32] Broken pipe
接收数据异常，请稍后再试。
[Errno 32] Broken pipe
接收数据异常，请稍后再试。
[Errno 32] Broken pipe
接收数据异常，请稍后再试。
[Errno 32] Broken pipe
接收数据异常，请稍后再试。
[Errno 32] Broken pipe
接收数据异常，请稍后再试。
[Errno 32] Broken pipe
接收数据异常，请稍后再试。
[Errno 32] Broken pipe
接收数据异常，请稍后再试。
[Errno 32] Broken pipe
接收数据异常，请稍后再试。
[Errno 32] Broken pipe
接收数据异常，请稍后再试。
[Errno 32] Broken pipe
接收数据异常，请稍后再试。
[Errno 32] Broken pipe
接收数据异常，请稍后再试。
[Errno 32] Broken pipe
接收数据异常，请稍后再试。
[Errno 32] Broken pipe
接收数据异常，请稍后再试。
[Errno 32] Broken pipe
接收数据异常，请稍后再试。
[Errno 32] Broken pipe
接收数据异常，请稍后再试。
[Errno 32] Broken pipe
接收数据异常，请稍后再试。
[Errno 32] Broken pipe
接收数据异常，请稍后再试。
[Errno 32] Broken pipe
接收数据异常，请稍后再试。
[Errno 32] Broken pipe
接收数据异常，请稍后再试。
[Errno 32] Broken pipe
接收数据异常，请稍后再试。
[Errno 32] Broken pipe
接收数据异常，请稍后再试。
[Errno 32] Broken pipe
接收数据异常，请稍后再试。
[Errno 32] Broken pipe
接收数据异常，请稍后再试。
[Errno 32] Broken pipe
接收数据异常，请稍后再试。
[Errno 32] Broken pipe
接收数据异常，请稍后再试。
[Errno 32] Broken pipe
接收数据异常，请稍后再试。
[Errno 32] Broken pipe
接收数据异常，请稍后再试。
[Errno 32] Broken pipe
接收数据异常，请稍后再试。
[Errno 32] Broken pipe
接收数据异常，请稍后再试。
[Errno 32] Broken pipe
接收数据异常，请稍后再试。
[Errno 32] Broken pipe
接收数据异常，请稍后再试。
[Errno 32] Broken pipe
接收数据异常，请稍后再试。
[Errno 32] Broken pipe
接收数据异常，请稍后再试。
[Errno 32] Broken pipe
接收数据异常，请稍后再试。
[Errno 32] Broken pipe
接收数据异常，请稍后再试。
[Errno 32] Broken pipe
接收数据异常，请稍后再试。
[Errno 32] Broken pipe
接收数据异常，请稍后再试。
[Errno 32] Broken pipe
接收数据异常，请稍后再试。
[Errno 32] Broken pipe
接收数据异常，请稍后再试。
[Errno 32] Broken pipe
接收数据异常，请稍后再试。
[Errno 32] Broken pipe
接收数据异常，请稍后再试。
[Errno 32] Broken pipe
接收数据异常，请稍后再试。
[Errno 32] Broken pipe
接收数据异常，请稍后再试。
[Errno 32] Broken pipe
接收数据异常，请稍后再试。
[Errno 32] Broken pipe
接收数据异常，请稍后再试。
[Errno 32] Broken pipe
接收数据异常，请稍后再试。
[Errno 32] Broken pipe
接收数据异常，请稍后再试。
[Errno 32] Broken pipe
接收数据异常，请稍后再试。
[Errno 32] Broken pipe
接收数据异常，请稍后再试。
[Errno 32] Broken pipe
接收数据异常，请稍后再试。
[Errno 32] Broken pipe
接收数据异常，请稍后再试。
[Errno 32] Broken pipe
接收数据异常，请稍后再试。
[Errno 32] Broken pipe
接收数据异常，请稍后再试。
[Errno 32] Broken pipe
接收数据异常，请稍后再试。
[Errno 32] Broken pipe
接收数据异常，请稍后再试。
[Errno 32] Broken pipe
接收数据异常，请稍后再试。
[Errno 32] Broken pipe
接收数据异常，请稍后再试。
[Errno 32] Broken pipe
接收数据异常，请稍后再试。
[Errno 32] Broken pipe
接收数据异常，请稍后再试。
[Errno 32] Broken pipe
接收数据异常，请稍后再试。
[Errno 32] Broken pipe
接收数据异常，请稍后再试。
[Errno 32] Broken pipe
接收数据异常，请稍后再试。
[Errno 32] Broken pipe
接收数据异常，请稍后再试。
[Errno 32] Broken pipe
接收数据异常，请稍后再试。
[Errno 32] Broken pipe
接收数据异常，请稍后再试。
[Errno 32] Broken pipe
接收数据异常，请稍后再试。
[Errno 32] Broken pipe
接收数据异常，请稍后再试。
[Errno 32] Broken pipe
接收数据异常，请稍后再试。
[Errno 32] Broken pipe
接收数据异常，请稍后再试。
[Errno 32] Broken pipe
接收数据异常，请稍后再试。
[Errno 32] Broken pipe
接收数据异常，请稍后再试。
[Errno 32] Broken pipe
接收数据异常，请稍后再试。
[Errno 32] Broken pipe
接收数据异常，请稍后再试。
[Errno 32] Broken pipe
接收数据异常，请稍后再试。
[Errno 32] Broken pipe
接收数据异常，请稍后再试。
[Errno 32] Broken pipe
接收数据异常，请稍后再试。
[Errno 32] Broken pipe
接收数据异常，请稍后再试。
[Errno 32] Broken pipe
接收数据异常，请稍后再试。
[Errno 32] Broken pipe
接收数据异常，请稍后再试。
[Errno 32] Broken pipe
接收数据异常，请稍后再试。
[Errno 32] Broken pipe
接收数据异常，请稍后再试。
[Errno 32] Broken pipe
接收数据异常，请稍后再试。
[Errno 32] Broken pipe
接收数据异常，请稍后再试。
[Errno 32] Broken pipe
接收数据异常，请稍后再试。
[Errno 32] Broken pipe
接收数据异常，请稍后再试。
[Errno 32] Broken pipe
接收数据异常，请稍后再试。
[Errno 32] Broken pipe
接收数据异常，请稍后再试。
[Errno 32] Broken pipe
接收数据异常，请稍后再试。
[Errno 32] Broken pipe
接收数据异常，请稍后再试。
[Errno 32] Broken pipe
接收数据异常，请稍后再试。
[Errno 32] Broken pipe
接收数据异常，请稍后再试。
[Errno 32] Broken pipe
接收数据异常，请稍后再试。
[Errno 32] Broken pipe
接收数据异常，请稍后再试。
[Errno 32] Broken pipe
接收数据异常，请稍后再试。
[Errno 32] Broken pipe
接收数据异常，请稍后再试。
[Errno 32] Broken pipe
接收数据异常，请稍后再试。
[Errno 32] Broken pipe
接收数据异常，请稍后再试。
[Errno 32] Broken pipe
接收数据异常，请稍后再试。
[Errno 32] Broken pipe
接收数据异常，请稍后再试。
[Errno 32] Broken pipe
接收数据异常，请稍后再试。
[Errno 32] Broken pipe
接收数据异常，请稍后再试。
[Errno 32] Broken pipe
接收数据异常，请稍后再试。
[Errno 32] Broken pipe
接收数据异常，请稍后再试。
[Errno 32] Broken pipe
接收数据异常，请稍后再试。
[Errno 32] Broken pipe
接收数据异常，请稍后再试。
[Errno 32] Broken pipe
接收数据异常，请稍后再试。
[Errno 32] Broken pipe
接收数据异常，请稍后再试。
[Errno 32] Broken pipe
接收数据异常，请稍后再试。
[Errno 32] Broken pipe
接收数据异常，请稍后再试。
[Errno 32] Broken pipe
接收数据异常，请稍后再试。
[Errno 32] Broken pipe
接收数据异常，请稍后再试。
[Errno 32] Broken pipe
接收数据异常，请稍后再试。
[Errno 32] Broken pipe
接收数据异常，请稍后再试。
[Errno 32] Broken pipe
接收数据异常，请稍后再试。
[Errno 32] Broken pipe
接收数据异常，请稍后再试。
[Errno 32] Broken pipe
接收数据异常，请稍后再试。
[Errno 32] Broken pipe
接收数据异常，请稍后再试。
[Errno 32] Broken pipe
接收数据异常，请稍后再试。
[Errno 32] Broken pipe
接收数据异常，请稍后再试。
[Errno 32] Broken pipe
接收数据异常，请稍后再试。
[Errno 32] Broken pipe
接收数据异常，请稍后再试。
[Errno 32] Broken pipe
接收数据异常，请稍后再试。
[Errno 32] Broken pipe
接收数据异常，请稍后再试。
[Errno 32] Broken pipe
接收数据异常，请稍后再试。
[Errno 32] Broken pipe
接收数据异常，请稍后再试。
[Errno 32] Broken pipe
接收数据异常，请稍后再试。
[Errno 32] Broken pipe
接收数据异常，请稍后再试。
[Errno 32] Broken pipe
接收数据异常，请稍后再试。
[Errno 32] Broken pipe
接收数据异常，请稍后再试。
[Errno 32] Broken pipe
接收数据异常，请稍后再试。
[Errno 32] Broken pipe
接收数据异常，请稍后再试。
[Errno 32] Broken pipe
接收数据异常，请稍后再试。
[Errno 32] Broken pipe
接收数据异常，请稍后再试。
[Errno 32] Broken pipe
接收数据异常，请稍后再试。
[Errno 32] Broken pipe
接收数据异常，请稍后再试。
[Errno 32] Broken pipe
接收数据异常，请稍后再试。
[Errno 32] Broken pipe
接收数据异常，请稍后再试。
[Errno 32] Broken pipe
接收数据异常，请稍后再试。
[Errno 32] Broken pipe
接收数据异常，请稍后再试。
[Errno 32] Broken pipe
接收数据异常，请稍后再试。
[Errno 32] Broken pipe
接收数据异常，请稍后再试。
[Errno 32] Broken pipe
接收数据异常，请稍后再试。
[Errno 32] Broken pipe
接收数据异常，请稍后再试。
[Errno 32] Broken pipe
接收数据异常，请稍后再试。
[Errno 32] Broken pipe
接收数据异常，请稍后再试。
[Errno 32] Broken pipe
接收数据异常，请稍后再试。
[Errno 32] Broken pipe
接收数据异常，请稍后再试。
[Errno 32] Broken pipe
接收数据异常，请稍后再试。
[Errno 32] Broken pipe
接收数据异常，请稍后再试。
[Errno 32] Broken pipe
接收数据异常，请稍后再试。
[Errno 32] Broken pipe
接收数据异常，请稍后再试。
[Errno 32] Broken pipe
接收数据异常，请稍后再试。
[Errno 32] Broken pipe
接收数据异常，请稍后再试。
[Errno 32] Broken pipe
接收数据异常，请稍后再试。
[Errno 32] Broken pipe
接收数据异常，请稍后再试。
[Errno 32] Broken pipe
接收数据异常，请稍后再试。
[Errno 32] Broken pipe
接收数据异常，请稍后再试。
[Errno 32] Broken pipe
接收数据异常，请稍后再试。
[Errno 32] Broken pipe
接收数据异常，请稍后再试。
[Errno 32] Broken pipe
接收数据异常，请稍后再试。
[Errno 32] Broken pipe
接收数据异常，请稍后再试。
[Errno 32] Broken pipe
接收数据异常，请稍后再试。
[Errno 32] Broken pipe
接收数据异常，请稍后再试。
[Errno 32] Broken pipe
接收数据异常，请稍后再试。
[Errno 32] Broken pipe
接收数据异常，请稍后再试。
[Errno 32] Broken pipe
接收数据异常，请稍后再试。
[Errno 32] Broken pipe
接收数据异常，请稍后再试。
[Errno 32] Broken pipe
接收数据异常，请稍后再试。
[Errno 32] Broken pipe
接收数据异常，请稍后再试。
[Errno 32] Broken pipe
接收数据异常，请稍后再试。
[Errno 32] Broken pipe
接收数据异常，请稍后再试。
[Errno 32] Broken pipe
接收数据异常，请稍后再试。
[Errno 32] Broken pipe
接收数据异常，请稍后再试。
[Errno 32] Broken pipe
接收数据异常，请稍后再试。
[Errno 32] Broken pipe
接收数据异常，请稍后再试。
[Errno 32] Broken pipe
接收数据异常，请稍后再试。
[Errno 32] Broken pipe
接收数据异常，请稍后再试。
[Errno 32] Broken pipe
接收数据异常，请稍后再试。
[Errno 32] Broken pipe
接收数据异常，请稍后再试。
[Errno 32] Broken pipe
接收数据异常，请稍后再试。
[Errno 32] Broken pipe
接收数据异常，请稍后再试。
[Errno 32] Broken pipe
接收数据异常，请稍后再试。
[Errno 32] Broken pipe
接收数据异常，请稍后再试。
[Errno 32] Broken pipe
接收数据异常，请稍后再试。
[Errno 32] Broken pipe
接收数据异常，请稍后再试。
[Errno 32] Broken pipe
接收数据异常，请稍后再试。
[Errno 32] Broken pipe
接收数据异常，请稍后再试。
[Errno 32] Broken pipe
接收数据异常，请稍后再试。
[Errno 32] Broken pipe
接收数据异常，请稍后再试。
[Errno 32] Broken pipe
接收数据异常，请稍后再试。
[Errno 32] Broken pipe
接收数据异常，请稍后再试。
[Errno 32] Broken pipe
接收数据异常，请稍后再试。
[Errno 32] Broken pipe
接收数据异常，请稍后再试。
[Errno 32] Broken pipe
接收数据异常，请稍后再试。
[Errno 32] Broken pipe
接收数据异常，请稍后再试。
[Errno 32] Broken pipe
接收数据异常，请稍后再试。
[Errno 32] Broken pipe
接收数据异常，请稍后再试。
[Errno 32] Broken pipe
接收数据异常，请稍后再试。
[Errno 32] Broken pipe
接收数据异常，请稍后再试。
[Errno 32] Broken pipe
接收数据异常，请稍后再试。
[Errno 32] Broken pipe
接收数据异常，请稍后再试。
[Errno 32] Broken pipe
接收数据异常，请稍后再试。
[Errno 32] Broken pipe
接收数据异常，请稍后再试。
[Errno 32] Broken pipe
接收数据异常，请稍后再试。
[Errno 32] Broken pipe
接收数据异常，请稍后再试。
[Errno 32] Broken pipe
接收数据异常，请稍后再试。
[Errno 32] Broken pipe
接收数据异常，请稍后再试。
[Errno 32] Broken pipe
接收数据异常，请稍后再试。
[Errno 32] Broken pipe
接收数据异常，请稍后再试。
[Errno 32] Broken pipe
接收数据异常，请稍后再试。
[Errno 32] Broken pipe
接收数据异常，请稍后再试。
[Errno 32] Broken pipe
接收数据异常，请稍后再试。
[Errno 32] Broken pipe
接收数据异常，请稍后再试。
[Errno 32] Broken pipe
接收数据异常，请稍后再试。
[Errno 32] Broken pipe
接收数据异常，请稍后再试。
[Errno 32] Broken pipe
接收数据异常，请稍后再试。
[Errno 32] Broken pipe
接收数据异常，请稍后再试。
[Errno 32] Broken pipe
接收数据异常，请稍后再试。
[Errno 32] Broken pipe
接收数据异常，请稍后再试。
[Errno 32] Broken pipe
接收数据异常，请稍后再试。
[Errno 32] Broken pipe
接收数据异常，请稍后再试。
[Errno 32] Broken pipe
接收数据异常，请稍后再试。
[Errno 32] Broken pipe
接收数据异常，请稍后再试。
[Errno 32] Broken pipe
接收数据异常，请稍后再试。
[Errno 32] Broken pipe
接收数据异常，请稍后再试。
[Errno 32] Broken pipe
接收数据异常，请稍后再试。
[Errno 32] Broken pipe
接收数据异常，请稍后再试。
[Errno 32] Broken pipe
接收数据异常，请稍后再试。
[Errno 32] Broken pipe
接收数据异常，请稍后再试。
[Errno 32] Broken pipe
接收数据异常，请稍后再试。
[Errno 32] Broken pipe
接收数据异常，请稍后再试。
[Errno 32] Broken pipe
接收数据异常，请稍后再试。
[Errno 32] Broken pipe
接收数据异常，请稍后再试。
[Errno 32] Broken pipe
接收数据异常，请稍后再试。
[Errno 32] Broken pipe
接收数据异常，请稍后再试。
[Errno 32] Broken pipe
接收数据异常，请稍后再试。
[Errno 32] Broken pipe
接收数据异常，请稍后再试。
[Errno 32] Broken pipe
接收数据异常，请稍后再试。
[Errno 32] Broken pipe
接收数据异常，请稍后再试。
[Errno 32] Broken pipe
接收数据异常，请稍后再试。
[Errno 32] Broken pipe
接收数据异常，请稍后再试。
[Errno 32] Broken pipe
接收数据异常，请稍后再试。
[Errno 32] Broken pipe
接收数据异常，请稍后再试。
[Errno 32] Broken pipe
接收数据异常，请稍后再试。
[Errno 32] Broken pipe
接收数据异常，请稍后再试。
[Errno 32] Broken pipe
接收数据异常，请稍后再试。
[Errno 32] Broken pipe
接收数据异常，请稍后再试。
[Errno 32] Broken pipe
接收数据异常，请稍后再试。
[Errno 32] Broken pipe
接收数据异常，请稍后再试。
[Errno 32] Broken pipe
接收数据异常，请稍后再试。
[Errno 32] Broken pipe
接收数据异常，请稍后再试。
[Errno 32] Broken pipe
接收数据异常，请稍后再试。
[Errno 32] Broken pipe
接收数据异常，请稍后再试。
[Errno 32] Broken pipe
接收数据异常，请稍后再试。
[Errno 32] Broken pipe
接收数据异常，请稍后再试。
[Errno 32] Broken pipe
接收数据异常，请稍后再试。
[Errno 32] Broken pipe
接收数据异常，请稍后再试。
[Errno 32] Broken pipe
接收数据异常，请稍后再试。
[Errno 32] Broken pipe
接收数据异常，请稍后再试。
[Errno 32] Broken pipe
接收数据异常，请稍后再试。
[Errno 32] Broken pipe
接收数据异常，请稍后再试。
[Errno 32] Broken pipe
接收数据异常，请稍后再试。
[Errno 32] Broken pipe
接收数据异常，请稍后再试。
[Errno 32] Broken pipe
接收数据异常，请稍后再试。
[Errno 32] Broken pipe
接收数据异常，请稍后再试。
[Errno 32] Broken pipe
接收数据异常，请稍后再试。
[Errno 32] Broken pipe
接收数据异常，请稍后再试。
[Errno 32] Broken pipe
接收数据异常，请稍后再试。
[Errno 32] Broken pipe
接收数据异常，请稍后再试。
[Errno 32] Broken pipe
接收数据异常，请稍后再试。
[Errno 32] Broken pipe
接收数据异常，请稍后再试。
[Errno 32] Broken pipe
接收数据异常，请稍后再试。
[Errno 32] Broken pipe
接收数据异常，请稍后再试。
[Errno 32] Broken pipe
接收数据异常，请稍后再试。
[Errno 32] Broken pipe
接收数据异常，请稍后再试。
[Errno 32] Broken pipe
接收数据异常，请稍后再试。
[Errno 32] Broken pipe
接收数据异常，请稍后再试。
[Errno 32] Broken pipe
接收数据异常，请稍后再试。
[Errno 32] Broken pipe
接收数据异常，请稍后再试。
[Errno 32] Broken pipe
接收数据异常，请稍后再试。
[Errno 32] Broken pipe
接收数据异常，请稍后再试。
[Errno 32] Broken pipe
接收数据异常，请稍后再试。
[Errno 32] Broken pipe
接收数据异常，请稍后再试。
[Errno 32] Broken pipe
接收数据异常，请稍后再试。
[Errno 32] Broken pipe
接收数据异常，请稍后再试。
[Errno 32] Broken pipe
接收数据异常，请稍后再试。
[Errno 32] Broken pipe
接收数据异常，请稍后再试。
[Errno 32] Broken pipe
接收数据异常，请稍后再试。
[Errno 32] Broken pipe
接收数据异常，请稍后再试。
[Errno 32] Broken pipe
接收数据异常，请稍后再试。
[Errno 32] Broken pipe
接收数据异常，请稍后再试。
[Errno 32] Broken pipe
接收数据异常，请稍后再试。
[Errno 32] Broken pipe
接收数据异常，请稍后再试。
[Errno 32] Broken pipe
接收数据异常，请稍后再试。
[Errno 32] Broken pipe
接收数据异常，请稍后再试。
[Errno 32] Broken pipe
接收数据异常，请稍后再试。
[Errno 32] Broken pipe
接收数据异常，请稍后再试。
[Errno 32] Broken pipe
接收数据异常，请稍后再试。
[Errno 32] Broken pipe
接收数据异常，请稍后再试。
[Errno 32] Broken pipe
接收数据异常，请稍后再试。
[Errno 32] Broken pipe
接收数据异常，请稍后再试。
[Errno 32] Broken pipe
接收数据异常，请稍后再试。
[Errno 32] Broken pipe
接收数据异常，请稍后再试。
[Errno 32] Broken pipe
接收数据异常，请稍后再试。
[Errno 32] Broken pipe
接收数据异常，请稍后再试。
[Errno 32] Broken pipe
接收数据异常，请稍后再试。
[Errno 32] Broken pipe
接收数据异常，请稍后再试。
[Errno 32] Broken pipe
接收数据异常，请稍后再试。
[Errno 32] Broken pipe
接收数据异常，请稍后再试。
[Errno 32] Broken pipe
接收数据异常，请稍后再试。
[Errno 32] Broken pipe
接收数据异常，请稍后再试。
[Errno 32] Broken pipe
接收数据异常，请稍后再试。
[Errno 32] Broken pipe
接收数据异常，请稍后再试。
[Errno 32] Broken pipe
接收数据异常，请稍后再试。
[Errno 32] Broken pipe
接收数据异常，请稍后再试。
[Errno 32] Broken pipe
接收数据异常，请稍后再试。
[Errno 32] Broken pipe
接收数据异常，请稍后再试。
[Errno 32] Broken pipe
接收数据异常，请稍后再试。
[Errno 32] Broken pipe
接收数据异常，请稍后再试。
[Errno 32] Broken pipe
接收数据异常，请稍后再试。
[Errno 32] Broken pipe
接收数据异常，请稍后再试。
[Errno 32] Broken pipe
接收数据异常，请稍后再试。
[Errno 32] Broken pipe
接收数据异常，请稍后再试。
[Errno 32] Broken pipe
接收数据异常，请稍后再试。
[Errno 32] Broken pipe
接收数据异常，请稍后再试。
[Errno 32] Broken pipe
接收数据异常，请稍后再试。
[Errno 32] Broken pipe
接收数据异常，请稍后再试。
[Errno 32] Broken pipe
接收数据异常，请稍后再试。
[Errno 32] Broken pipe
接收数据异常，请稍后再试。
[Errno 32] Broken pipe
接收数据异常，请稍后再试。
[Errno 32] Broken pipe
接收数据异常，请稍后再试。
[Errno 32] Broken pipe
接收数据异常，请稍后再试。
[Errno 32] Broken pipe
接收数据异常，请稍后再试。
[Errno 32] Broken pipe
接收数据异常，请稍后再试。
[Errno 32] Broken pipe
接收数据异常，请稍后再试。
[Errno 32] Broken pipe
接收数据异常，请稍后再试。
[Errno 32] Broken pipe
接收数据异常，请稍后再试。
[Errno 32] Broken pipe
接收数据异常，请稍后再试。
[Errno 32] Broken pipe
接收数据异常，请稍后再试。
[Errno 32] Broken pipe
接收数据异常，请稍后再试。
[Errno 32] Broken pipe
接收数据异常，请稍后再试。
[Errno 32] Broken pipe
接收数据异常，请稍后再试。
[Errno 32] Broken pipe
接收数据异常，请稍后再试。
[Errno 32] Broken pipe
接收数据异常，请稍后再试。
[Errno 32] Broken pipe
接收数据异常，请稍后再试。
[Errno 32] Broken pipe
接收数据异常，请稍后再试。
[Errno 32] Broken pipe
接收数据异常，请稍后再试。
[Errno 32] Broken pipe
接收数据异常，请稍后再试。
[Errno 32] Broken pipe
接收数据异常，请稍后再试。
[Errno 32] Broken pipe
接收数据异常，请稍后再试。
[Errno 32] Broken pipe
接收数据异常，请稍后再试。
[Errno 32] Broken pipe
接收数据异常，请稍后再试。
[Errno 32] Broken pipe
接收数据异常，请稍后再试。
[Errno 32] Broken pipe
接收数据异常，请稍后再试。
[Errno 32] Broken pipe
接收数据异常，请稍后再试。
[Errno 32] Broken pipe
接收数据异常，请稍后再试。
[Errno 32] Broken pipe
接收数据异常，请稍后再试。
[Errno 32] Broken pipe
接收数据异常，请稍后再试。
[Errno 32] Broken pipe
接收数据异常，请稍后再试。
[Errno 32] Broken pipe
接收数据异常，请稍后再试。
[Errno 32] Broken pipe
接收数据异常，请稍后再试。
[Errno 32] Broken pipe
接收数据异常，请稍后再试。
[Errno 32] Broken pipe
接收数据异常，请稍后再试。
[Errno 32] Broken pipe
接收数据异常，请稍后再试。
[Errno 32] Broken pipe
接收数据异常，请稍后再试。
[Errno 32] Broken pipe
接收数据异常，请稍后再试。
[Errno 32] Broken pipe
接收数据异常，请稍后再试。
[Errno 32] Broken pipe
接收数据异常，请稍后再试。
[Errno 32] Broken pipe
接收数据异常，请稍后再试。
[Errno 32] Broken pipe
接收数据异常，请稍后再试。
[Errno 32] Broken pipe
接收数据异常，请稍后再试。
[Errno 32] Broken pipe
接收数据异常，请稍后再试。
[Errno 32] Broken pipe
接收数据异常，请稍后再试。
[Errno 32] Broken pipe
接收数据异常，请稍后再试。
[Errno 32] Broken pipe
接收数据异常，请稍后再试。
[Errno 32] Broken pipe
接收数据异常，请稍后再试。
[Errno 32] Broken pipe
接收数据异常，请稍后再试。
[Errno 32] Broken pipe
接收数据异常，请稍后再试。
[Errno 32] Broken pipe
接收数据异常，请稍后再试。
[Errno 32] Broken pipe
接收数据异常，请稍后再试。
[Errno 32] Broken pipe
接收数据异常，请稍后再试。
[Errno 32] Broken pipe
接收数据异常，请稍后再试。
[Errno 32] Broken pipe
接收数据异常，请稍后再试。
[Errno 32] Broken pipe
接收数据异常，请稍后再试。
[Errno 32] Broken pipe
接收数据异常，请稍后再试。
[Errno 32] Broken pipe
接收数据异常，请稍后再试。
[Errno 32] Broken pipe
接收数据异常，请稍后再试。
[Errno 32] Broken pipe
接收数据异常，请稍后再试。
[Errno 32] Broken pipe
接收数据异常，请稍后再试。
[Errno 32] Broken pipe
接收数据异常，请稍后再试。
[Errno 32] Broken pipe
接收数据异常，请稍后再试。
[Errno 32] Broken pipe
接收数据异常，请稍后再试。
[Errno 32] Broken pipe
接收数据异常，请稍后再试。
[Errno 32] Broken pipe
接收数据异常，请稍后再试。
[Errno 32] Broken pipe
接收数据异常，请稍后再试。
[Errno 32] Broken pipe
接收数据异常，请稍后再试。
[Errno 32] Broken pipe
接收数据异常，请稍后再试。
[Errno 32] Broken pipe
接收数据异常，请稍后再试。
[Errno 32] Broken pipe
接收数据异常，请稍后再试。
[Errno 32] Broken pipe
接收数据异常，请稍后再试。
[Errno 32] Broken pipe
接收数据异常，请稍后再试。
[Errno 32] Broken pipe
接收数据异常，请稍后再试。
[Errno 32] Broken pipe
接收数据异常，请稍后再试。
[Errno 32] Broken pipe
接收数据异常，请稍后再试。
[Errno 32] Broken pipe
接收数据异常，请稍后再试。
[Errno 32] Broken pipe
接收数据异常，请稍后再试。
[Errno 32] Broken pipe
接收数据异常，请稍后再试。
[Errno 32] Broken pipe
接收数据异常，请稍后再试。
[Errno 32] Broken pipe
接收数据异常，请稍后再试。
[Errno 32] Broken pipe
接收数据异常，请稍后再试。
[Errno 32] Broken pipe
接收数据异常，请稍后再试。
[Errno 32] Broken pipe
接收数据异常，请稍后再试。
[Errno 32] Broken pipe
接收数据异常，请稍后再试。
[Errno 32] Broken pipe
接收数据异常，请稍后再试。
[Errno 32] Broken pipe
接收数据异常，请稍后再试。
[Errno 32] Broken pipe
接收数据异常，请稍后再试。
[Errno 32] Broken pipe
接收数据异常，请稍后再试。
[Errno 32] Broken pipe
接收数据异常，请稍后再试。
[Errno 32] Broken pipe
接收数据异常，请稍后再试。
[Errno 32] Broken pipe
接收数据异常，请稍后再试。
[Errno 32] Broken pipe
接收数据异常，请稍后再试。
[Errno 32] Broken pipe
接收数据异常，请稍后再试。
[Errno 32] Broken pipe
接收数据异常，请稍后再试。
[Errno 32] Broken pipe
接收数据异常，请稍后再试。
[Errno 32] Broken pipe
接收数据异常，请稍后再试。
[Errno 32] Broken pipe
接收数据异常，请稍后再试。
[Errno 32] Broken pipe
接收数据异常，请稍后再试。
[Errno 32] Broken pipe
接收数据异常，请稍后再试。
[Errno 32] Broken pipe
接收数据异常，请稍后再试。
[Errno 32] Broken pipe
接收数据异常，请稍后再试。
[Errno 32] Broken pipe
接收数据异常，请稍后再试。
[Errno 32] Broken pipe
接收数据异常，请稍后再试。
[Errno 32] Broken pipe
接收数据异常，请稍后再试。
[Errno 32] Broken pipe
接收数据异常，请稍后再试。
[Errno 32] Broken pipe
接收数据异常，请稍后再试。
[Errno 32] Broken pipe
接收数据异常，请稍后再试。
[Errno 32] Broken pipe
接收数据异常，请稍后再试。
[Errno 32] Broken pipe
接收数据异常，请稍后再试。
[Errno 32] Broken pipe
接收数据异常，请稍后再试。
[Errno 32] Broken pipe
接收数据异常，请稍后再试。
[Errno 32] Broken pipe
接收数据异常，请稍后再试。
[Errno 32] Broken pipe
接收数据异常，请稍后再试。
[Errno 32] Broken pipe
接收数据异常，请稍后再试。
[Errno 32] Broken pipe
接收数据异常，请稍后再试。
[Errno 32] Broken pipe
接收数据异常，请稍后再试。
[Errno 32] Broken pipe
接收数据异常，请稍后再试。
[Errno 32] Broken pipe
接收数据异常，请稍后再试。
[Errno 32] Broken pipe
接收数据异常，请稍后再试。
[Errno 32] Broken pipe
接收数据异常，请稍后再试。
[Errno 32] Broken pipe
接收数据异常，请稍后再试。
[Errno 32] Broken pipe
接收数据异常，请稍后再试。
[Errno 32] Broken pipe
接收数据异常，请稍后再试。
[Errno 32] Broken pipe
接收数据异常，请稍后再试。
[Errno 32] Broken pipe
接收数据异常，请稍后再试。
[Errno 32] Broken pipe
接收数据异常，请稍后再试。
[Errno 32] Broken pipe
接收数据异常，请稍后再试。
[Errno 32] Broken pipe
接收数据异常，请稍后再试。
[Errno 32] Broken pipe
接收数据异常，请稍后再试。
[Errno 32] Broken pipe
接收数据异常，请稍后再试。
[Errno 32] Broken pipe
接收数据异常，请稍后再试。
[Errno 32] Broken pipe
接收数据异常，请稍后再试。
[Errno 32] Broken pipe
接收数据异常，请稍后再试。
[Errno 32] Broken pipe
接收数据异常，请稍后再试。
[Errno 32] Broken pipe
接收数据异常，请稍后再试。
[Errno 32] Broken pipe
接收数据异常，请稍后再试。
[Errno 32] Broken pipe
接收数据异常，请稍后再试。
[Errno 32] Broken pipe
接收数据异常，请稍后再试。
[Errno 32] Broken pipe
接收数据异常，请稍后再试。
[Errno 32] Broken pipe
接收数据异常，请稍后再试。
[Errno 32] Broken pipe
接收数据异常，请稍后再试。
[Errno 32] Broken pipe
接收数据异常，请稍后再试。
[Errno 32] Broken pipe
接收数据异常，请稍后再试。
[Errno 32] Broken pipe
接收数据异常，请稍后再试。
[Errno 32] Broken pipe
接收数据异常，请稍后再试。
[Errno 32] Broken pipe
接收数据异常，请稍后再试。
[Errno 32] Broken pipe
接收数据异常，请稍后再试。
[Errno 32] Broken pipe
接收数据异常，请稍后再试。
[Errno 32] Broken pipe
接收数据异常，请稍后再试。
[Errno 32] Broken pipe
接收数据异常，请稍后再试。
[Errno 32] Broken pipe
接收数据异常，请稍后再试。
[Errno 32] Broken pipe
接收数据异常，请稍后再试。
[Errno 32] Broken pipe
接收数据异常，请稍后再试。
[Errno 32] Broken pipe
接收数据异常，请稍后再试。
[Errno 32] Broken pipe
接收数据异常，请稍后再试。
[Errno 32] Broken pipe
接收数据异常，请稍后再试。
[Errno 32] Broken pipe
接收数据异常，请稍后再试。
[Errno 32] Broken pipe
接收数据异常，请稍后再试。
[Errno 32] Broken pipe
接收数据异常，请稍后再试。
[Errno 32] Broken pipe
接收数据异常，请稍后再试。
[Errno 32] Broken pipe
接收数据异常，请稍后再试。
[Errno 32] Broken pipe
接收数据异常，请稍后再试。
[Errno 32] Broken pipe
接收数据异常，请稍后再试。
[Errno 32] Broken pipe
接收数据异常，请稍后再试。
[Errno 32] Broken pipe
接收数据异常，请稍后再试。
[Errno 32] Broken pipe
接收数据异常，请稍后再试。
[Errno 32] Broken pipe
接收数据异常，请稍后再试。
[Errno 32] Broken pipe
接收数据异常，请稍后再试。
[Errno 32] Broken pipe
接收数据异常，请稍后再试。
[Errno 32] Broken pipe
接收数据异常，请稍后再试。
[Errno 32] Broken pipe
接收数据异常，请稍后再试。
[Errno 32] Broken pipe
接收数据异常，请稍后再试。
[Errno 32] Broken pipe
接收数据异常，请稍后再试。
[Errno 32] Broken pipe
接收数据异常，请稍后再试。
[Errno 32] Broken pipe
接收数据异常，请稍后再试。
[Errno 32] Broken pipe
接收数据异常，请稍后再试。
[Errno 32] Broken pipe
接收数据异常，请稍后再试。
[Errno 32] Broken pipe
接收数据异常，请稍后再试。
[Errno 32] Broken pipe
接收数据异常，请稍后再试。
[Errno 32] Broken pipe
接收数据异常，请稍后再试。
[Errno 32] Broken pipe
接收数据异常，请稍后再试。
[Errno 32] Broken pipe
接收数据异常，请稍后再试。
[Errno 32] Broken pipe
接收数据异常，请稍后再试。
[Errno 32] Broken pipe
接收数据异常，请稍后再试。
[Errno 32] Broken pipe
接收数据异常，请稍后再试。
[Errno 32] Broken pipe
接收数据异常，请稍后再试。
[Errno 32] Broken pipe
接收数据异常，请稍后再试。
[Errno 32] Broken pipe
接收数据异常，请稍后再试。
[Errno 32] Broken pipe
接收数据异常，请稍后再试。
[Errno 32] Broken pipe
接收数据异常，请稍后再试。
[Errno 32] Broken pipe
接收数据异常，请稍后再试。
[Errno 32] Broken pipe
接收数据异常，请稍后再试。
[Errno 32] Broken pipe
接收数据异常，请稍后再试。
[Errno 32] Broken pipe
接收数据异常，请稍后再试。
[Errno 32] Broken pipe
接收数据异常，请稍后再试。
[Errno 32] Broken pipe
接收数据异常，请稍后再试。
[Errno 32] Broken pipe
接收数据异常，请稍后再试。
[Errno 32] Broken pipe
接收数据异常，请稍后再试。
[Errno 32] Broken pipe
接收数据异常，请稍后再试。
[Errno 32] Broken pipe
接收数据异常，请稍后再试。
[Errno 32] Broken pipe
接收数据异常，请稍后再试。
[Errno 32] Broken pipe
接收数据异常，请稍后再试。
[Errno 32] Broken pipe
接收数据异常，请稍后再试。
[Errno 32] Broken pipe
接收数据异常，请稍后再试。
[Errno 32] Broken pipe
接收数据异常，请稍后再试。
[Errno 32] Broken pipe
接收数据异常，请稍后再试。
[Errno 32] Broken pipe
接收数据异常，请稍后再试。
[Errno 32] Broken pipe
接收数据异常，请稍后再试。
[Errno 32] Broken pipe
接收数据异常，请稍后再试。
[Errno 32] Broken pipe
接收数据异常，请稍后再试。
[Errno 32] Broken pipe
接收数据异常，请稍后再试。
[Errno 32] Broken pipe
接收数据异常，请稍后再试。
[Errno 32] Broken pipe
接收数据异常，请稍后再试。
[Errno 32] Broken pipe
接收数据异常，请稍后再试。
[Errno 32] Broken pipe
接收数据异常，请稍后再试。
[Errno 32] Broken pipe
接收数据异常，请稍后再试。
[Errno 32] Broken pipe
接收数据异常，请稍后再试。
[Errno 32] Broken pipe
接收数据异常，请稍后再试。
[Errno 32] Broken pipe
接收数据异常，请稍后再试。
[Errno 32] Broken pipe
接收数据异常，请稍后再试。
[Errno 32] Broken pipe
接收数据异常，请稍后再试。
[Errno 32] Broken pipe
接收数据异常，请稍后再试。
[Errno 32] Broken pipe
接收数据异常，请稍后再试。
[Errno 32] Broken pipe
接收数据异常，请稍后再试。
[Errno 32] Broken pipe
接收数据异常，请稍后再试。
[Errno 32] Broken pipe
接收数据异常，请稍后再试。
[Errno 32] Broken pipe
接收数据异常，请稍后再试。
[Errno 32] Broken pipe
接收数据异常，请稍后再试。
[Errno 32] Broken pipe
接收数据异常，请稍后再试。
[Errno 32] Broken pipe
接收数据异常，请稍后再试。
[Errno 32] Broken pipe
接收数据异常，请稍后再试。
[Errno 32] Broken pipe
接收数据异常，请稍后再试。
[Errno 32] Broken pipe
接收数据异常，请稍后再试。
[Errno 32] Broken pipe
接收数据异常，请稍后再试。
[Errno 32] Broken pipe
接收数据异常，请稍后再试。
[Errno 32] Broken pipe
接收数据异常，请稍后再试。
[Errno 32] Broken pipe
接收数据异常，请稍后再试。
[Errno 32] Broken pipe
接收数据异常，请稍后再试。
[Errno 32] Broken pipe
接收数据异常，请稍后再试。
[Errno 32] Broken pipe
接收数据异常，请稍后再试。
[Errno 32] Broken pipe
接收数据异常，请稍后再试。
[Errno 32] Broken pipe
接收数据异常，请稍后再试。
[Errno 32] Broken pipe
接收数据异常，请稍后再试。
[Errno 32] Broken pipe
接收数据异常，请稍后再试。
[Errno 32] Broken pipe
接收数据异常，请稍后再试。
[Errno 32] Broken pipe
接收数据异常，请稍后再试。
[Errno 32] Broken pipe
接收数据异常，请稍后再试。
[Errno 32] Broken pipe
接收数据异常，请稍后再试。
[Errno 32] Broken pipe
接收数据异常，请稍后再试。
[Errno 32] Broken pipe
接收数据异常，请稍后再试。
[Errno 32] Broken pipe
接收数据异常，请稍后再试。
[Errno 32] Broken pipe
接收数据异常，请稍后再试。
[Errno 32] Broken pipe
接收数据异常，请稍后再试。
[Errno 32] Broken pipe
接收数据异常，请稍后再试。
[Errno 32] Broken pipe
接收数据异常，请稍后再试。
[Errno 32] Broken pipe
接收数据异常，请稍后再试。
[Errno 32] Broken pipe
接收数据异常，请稍后再试。
[Errno 32] Broken pipe
接收数据异常，请稍后再试。
[Errno 32] Broken pipe
接收数据异常，请稍后再试。
[Errno 32] Broken pipe
接收数据异常，请稍后再试。
[Errno 32] Broken pipe
接收数据异常，请稍后再试。
[Errno 32] Broken pipe
接收数据异常，请稍后再试。
[Errno 32] Broken pipe
接收数据异常，请稍后再试。
[Errno 32] Broken pipe
接收数据异常，请稍后再试。
[Errno 32] Broken pipe
接收数据异常，请稍后再试。
[Errno 32] Broken pipe
接收数据异常，请稍后再试。
[Errno 32] Broken pipe
接收数据异常，请稍后再试。
[Errno 32] Broken pipe
接收数据异常，请稍后再试。
[Errno 32] Broken pipe
接收数据异常，请稍后再试。
[Errno 32] Broken pipe
接收数据异常，请稍后再试。
[Errno 32] Broken pipe
接收数据异常，请稍后再试。
[Errno 32] Broken pipe
接收数据异常，请稍后再试。
[Errno 32] Broken pipe
接收数据异常，请稍后再试。
[Errno 32] Broken pipe
接收数据异常，请稍后再试。
[Errno 32] Broken pipe
接收数据异常，请稍后再试。
[Errno 32] Broken pipe
接收数据异常，请稍后再试。
[Errno 32] Broken pipe
接收数据异常，请稍后再试。
[Errno 32] Broken pipe
接收数据异常，请稍后再试。
[Errno 32] Broken pipe
接收数据异常，请稍后再试。
[Errno 32] Broken pipe
接收数据异常，请稍后再试。
[Errno 32] Broken pipe
接收数据异常，请稍后再试。
[Errno 32] Broken pipe
接收数据异常，请稍后再试。
[Errno 32] Broken pipe
接收数据异常，请稍后再试。
[Errno 32] Broken pipe
接收数据异常，请稍后再试。
[Errno 32] Broken pipe
接收数据异常，请稍后再试。
[Errno 32] Broken pipe
接收数据异常，请稍后再试。
[Errno 32] Broken pipe
接收数据异常，请稍后再试。
[Errno 32] Broken pipe
接收数据异常，请稍后再试。
[Errno 32] Broken pipe
接收数据异常，请稍后再试。
[Errno 32] Broken pipe
接收数据异常，请稍后再试。
[Errno 32] Broken pipe
接收数据异常，请稍后再试。
[Errno 32] Broken pipe
接收数据异常，请稍后再试。
[Errno 32] Broken pipe
接收数据异常，请稍后再试。
[Errno 32] Broken pipe
接收数据异常，请稍后再试。
[Errno 32] Broken pipe
接收数据异常，请稍后再试。
[Errno 32] Broken pipe
接收数据异常，请稍后再试。
[Errno 32] Broken pipe
接收数据异常，请稍后再试。
[Errno 32] Broken pipe
接收数据异常，请稍后再试。
[Errno 32] Broken pipe
接收数据异常，请稍后再试。
[Errno 32] Broken pipe
接收数据异常，请稍后再试。
[Errno 32] Broken pipe
接收数据异常，请稍后再试。
[Errno 32] Broken pipe
接收数据异常，请稍后再试。
[Errno 32] Broken pipe
接收数据异常，请稍后再试。
[Errno 32] Broken pipe
接收数据异常，请稍后再试。
[Errno 32] Broken pipe
接收数据异常，请稍后再试。
[Errno 32] Broken pipe
接收数据异常，请稍后再试。
[Errno 32] Broken pipe
接收数据异常，请稍后再试。
[Errno 32] Broken pipe
接收数据异常，请稍后再试。
[Errno 32] Broken pipe
接收数据异常，请稍后再试。
[Errno 32] Broken pipe
接收数据异常，请稍后再试。
[Errno 32] Broken pipe
接收数据异常，请稍后再试。
[Errno 32] Broken pipe
接收数据异常，请稍后再试。
[Errno 32] Broken pipe
接收数据异常，请稍后再试。
[Errno 32] Broken pipe
接收数据异常，请稍后再试。
[Errno 32] Broken pipe
接收数据异常，请稍后再试。
[Errno 32] Broken pipe
接收数据异常，请稍后再试。
[Errno 32] Broken pipe
接收数据异常，请稍后再试。
[Errno 32] Broken pipe
接收数据异常，请稍后再试。
[Errno 32] Broken pipe
接收数据异常，请稍后再试。
[Errno 32] Broken pipe
接收数据异常，请稍后再试。
[Errno 32] Broken pipe
接收数据异常，请稍后再试。
[Errno 32] Broken pipe
接收数据异常，请稍后再试。
[Errno 32] Broken pipe
接收数据异常，请稍后再试。
[Errno 32] Broken pipe
接收数据异常，请稍后再试。
[Errno 32] Broken pipe
接收数据异常，请稍后再试。
[Errno 32] Broken pipe
接收数据异常，请稍后再试。
[Errno 32] Broken pipe
接收数据异常，请稍后再试。
[Errno 32] Broken pipe
接收数据异常，请稍后再试。
[Errno 32] Broken pipe
接收数据异常，请稍后再试。
[Errno 32] Broken pipe
接收数据异常，请稍后再试。
[Errno 32] Broken pipe
接收数据异常，请稍后再试。
[Errno 32] Broken pipe
接收数据异常，请稍后再试。
[Errno 32] Broken pipe
接收数据异常，请稍后再试。
[Errno 32] Broken pipe
接收数据异常，请稍后再试。
[Errno 32] Broken pipe
接收数据异常，请稍后再试。
[Errno 32] Broken pipe
接收数据异常，请稍后再试。
[Errno 32] Broken pipe
接收数据异常，请稍后再试。
[Errno 32] Broken pipe
接收数据异常，请稍后再试。
[Errno 32] Broken pipe
接收数据异常，请稍后再试。
[Errno 32] Broken pipe
接收数据异常，请稍后再试。
[Errno 32] Broken pipe
接收数据异常，请稍后再试。
[Errno 32] Broken pipe
接收数据异常，请稍后再试。
[Errno 32] Broken pipe
接收数据异常，请稍后再试。
[Errno 32] Broken pipe
接收数据异常，请稍后再试。
[Errno 32] Broken pipe
接收数据异常，请稍后再试。
[Errno 32] Broken pipe
接收数据异常，请稍后再试。
[Errno 32] Broken pipe
接收数据异常，请稍后再试。
[Errno 32] Broken pipe
接收数据异常，请稍后再试。
[Errno 32] Broken pipe
接收数据异常，请稍后再试。
[Errno 32] Broken pipe
接收数据异常，请稍后再试。
[Errno 32] Broken pipe
接收数据异常，请稍后再试。
[Errno 32] Broken pipe
接收数据异常，请稍后再试。
[Errno 32] Broken pipe
接收数据异常，请稍后再试。
[Errno 32] Broken pipe
接收数据异常，请稍后再试。
[Errno 32] Broken pipe
接收数据异常，请稍后再试。
[Errno 32] Broken pipe
接收数据异常，请稍后再试。
[Errno 32] Broken pipe
接收数据异常，请稍后再试。
[Errno 32] Broken pipe
接收数据异常，请稍后再试。
[Errno 32] Broken pipe
接收数据异常，请稍后再试。
[Errno 32] Broken pipe
接收数据异常，请稍后再试。
[Errno 32] Broken pipe
接收数据异常，请稍后再试。
[Errno 32] Broken pipe
接收数据异常，请稍后再试。
[Errno 32] Broken pipe
接收数据异常，请稍后再试。
[Errno 32] Broken pipe
接收数据异常，请稍后再试。
[Errno 32] Broken pipe
接收数据异常，请稍后再试。
[Errno 32] Broken pipe
接收数据异常，请稍后再试。
[Errno 32] Broken pipe
接收数据异常，请稍后再试。
[Errno 32] Broken pipe
接收数据异常，请稍后再试。
[Errno 32] Broken pipe
接收数据异常，请稍后再试。
[Errno 32] Broken pipe
接收数据异常，请稍后再试。
[Errno 32] Broken pipe
接收数据异常，请稍后再试。
[Errno 32] Broken pipe
接收数据异常，请稍后再试。
[Errno 32] Broken pipe
接收数据异常，请稍后再试。
[Errno 32] Broken pipe
接收数据异常，请稍后再试。
[Errno 32] Broken pipe
接收数据异常，请稍后再试。
[Errno 32] Broken pipe
接收数据异常，请稍后再试。
[Errno 32] Broken pipe
接收数据异常，请稍后再试。
[Errno 32] Broken pipe
接收数据异常，请稍后再试。
[Errno 32] Broken pipe
接收数据异常，请稍后再试。
[Errno 32] Broken pipe
接收数据异常，请稍后再试。
[Errno 32] Broken pipe
接收数据异常，请稍后再试。
[Errno 32] Broken pipe
接收数据异常，请稍后再试。
[Errno 32] Broken pipe
接收数据异常，请稍后再试。
[Errno 32] Broken pipe
接收数据异常，请稍后再试。
[Errno 32] Broken pipe
接收数据异常，请稍后再试。
[Errno 32] Broken pipe
接收数据异常，请稍后再试。
[Errno 32] Broken pipe
接收数据异常，请稍后再试。
[Errno 32] Broken pipe
接收数据异常，请稍后再试。
[Errno 32] Broken pipe
接收数据异常，请稍后再试。
[Errno 32] Broken pipe
接收数据异常，请稍后再试。
[Errno 32] Broken pipe
接收数据异常，请稍后再试。
[Errno 32] Broken pipe
接收数据异常，请稍后再试。
[Errno 32] Broken pipe
接收数据异常，请稍后再试。
[Errno 32] Broken pipe
接收数据异常，请稍后再试。
[Errno 32] Broken pipe
接收数据异常，请稍后再试。
[Errno 32] Broken pipe
接收数据异常，请稍后再试。
[Errno 32] Broken pipe
接收数据异常，请稍后再试。
[Errno 32] Broken pipe
接收数据异常，请稍后再试。
[Errno 32] Broken pipe
接收数据异常，请稍后再试。
[Errno 32] Broken pipe
接收数据异常，请稍后再试。
[Errno 32] Broken pipe
接收数据异常，请稍后再试。
[Errno 32] Broken pipe
接收数据异常，请稍后再试。
[Errno 32] Broken pipe
接收数据异常，请稍后再试。
[Errno 32] Broken pipe
接收数据异常，请稍后再试。
[Errno 32] Broken pipe
接收数据异常，请稍后再试。
[Errno 32] Broken pipe
接收数据异常，请稍后再试。
[Errno 32] Broken pipe
接收数据异常，请稍后再试。
[Errno 32] Broken pipe
接收数据异常，请稍后再试。
[Errno 32] Broken pipe
接收数据异常，请稍后再试。
[Errno 32] Broken pipe
接收数据异常，请稍后再试。
[Errno 32] Broken pipe
接收数据异常，请稍后再试。
[Errno 32] Broken pipe
接收数据异常，请稍后再试。
[Errno 32] Broken pipe
接收数据异常，请稍后再试。
[Errno 32] Broken pipe
接收数据异常，请稍后再试。
[Errno 32] Broken pipe
接收数据异常，请稍后再试。
[Errno 32] Broken pipe
接收数据异常，请稍后再试。
[Errno 32] Broken pipe
接收数据异常，请稍后再试。
[Errno 32] Broken pipe
接收数据异常，请稍后再试。
[Errno 32] Broken pipe
接收数据异常，请稍后再试。
[Errno 32] Broken pipe
接收数据异常，请稍后再试。
[Errno 32] Broken pipe
接收数据异常，请稍后再试。
[Errno 32] Broken pipe
接收数据异常，请稍后再试。
[Errno 32] Broken pipe
接收数据异常，请稍后再试。
[Errno 32] Broken pipe
接收数据异常，请稍后再试。
[Errno 32] Broken pipe
接收数据异常，请稍后再试。
[Errno 32] Broken pipe
接收数据异常，请稍后再试。
[Errno 32] Broken pipe
接收数据异常，请稍后再试。
[Errno 32] Broken pipe
接收数据异常，请稍后再试。
[Errno 32] Broken pipe
接收数据异常，请稍后再试。
[Errno 32] Broken pipe
接收数据异常，请稍后再试。
[Errno 32] Broken pipe
接收数据异常，请稍后再试。
[Errno 32] Broken pipe
接收数据异常，请稍后再试。
[Errno 32] Broken pipe
接收数据异常，请稍后再试。
[Errno 32] Broken pipe
接收数据异常，请稍后再试。
[Errno 32] Broken pipe
接收数据异常，请稍后再试。
[Errno 32] Broken pipe
接收数据异常，请稍后再试。
[Errno 32] Broken pipe
接收数据异常，请稍后再试。
[Errno 32] Broken pipe
接收数据异常，请稍后再试。
[Errno 32] Broken pipe
接收数据异常，请稍后再试。
[Errno 32] Broken pipe
接收数据异常，请稍后再试。
[Errno 32] Broken pipe
接收数据异常，请稍后再试。
[Errno 32] Broken pipe
接收数据异常，请稍后再试。
[Errno 32] Broken pipe
接收数据异常，请稍后再试。
[Errno 32] Broken pipe
接收数据异常，请稍后再试。
[Errno 32] Broken pipe
接收数据异常，请稍后再试。
[Errno 32] Broken pipe
接收数据异常，请稍后再试。
[Errno 32] Broken pipe
接收数据异常，请稍后再试。
[Errno 32] Broken pipe
接收数据异常，请稍后再试。
[Errno 32] Broken pipe
接收数据异常，请稍后再试。
[Errno 32] Broken pipe
接收数据异常，请稍后再试。
[Errno 32] Broken pipe
接收数据异常，请稍后再试。
[Errno 32] Broken pipe
接收数据异常，请稍后再试。
[Errno 32] Broken pipe
接收数据异常，请稍后再试。
[Errno 32] Broken pipe
接收数据异常，请稍后再试。
[Errno 32] Broken pipe
接收数据异常，请稍后再试。
[Errno 32] Broken pipe
接收数据异常，请稍后再试。
[Errno 32] Broken pipe
接收数据异常，请稍后再试。
[Errno 32] Broken pipe
接收数据异常，请稍后再试。
[Errno 32] Broken pipe
接收数据异常，请稍后再试。
[Errno 32] Broken pipe
接收数据异常，请稍后再试。
[Errno 32] Broken pipe
接收数据异常，请稍后再试。
[Errno 32] Broken pipe
接收数据异常，请稍后再试。
[Errno 32] Broken pipe
接收数据异常，请稍后再试。
[Errno 32] Broken pipe
接收数据异常，请稍后再试。
[Errno 32] Broken pipe
接收数据异常，请稍后再试。
[Errno 32] Broken pipe
接收数据异常，请稍后再试。
[Errno 32] Broken pipe
接收数据异常，请稍后再试。
[Errno 32] Broken pipe
接收数据异常，请稍后再试。
[Errno 32] Broken pipe
接收数据异常，请稍后再试。
[Errno 32] Broken pipe
接收数据异常，请稍后再试。
[Errno 32] Broken pipe
接收数据异常，请稍后再试。
[Errno 32] Broken pipe
接收数据异常，请稍后再试。
[Errno 32] Broken pipe
接收数据异常，请稍后再试。
[Errno 32] Broken pipe
接收数据异常，请稍后再试。
[Errno 32] Broken pipe
接收数据异常，请稍后再试。
[Errno 32] Broken pipe
接收数据异常，请稍后再试。
[Errno 32] Broken pipe
接收数据异常，请稍后再试。
[Errno 32] Broken pipe
接收数据异常，请稍后再试。
[Errno 32] Broken pipe
接收数据异常，请稍后再试。
[Errno 32] Broken pipe
接收数据异常，请稍后再试。
[Errno 32] Broken pipe
接收数据异常，请稍后再试。
[Errno 32] Broken pipe
接收数据异常，请稍后再试。
[Errno 32] Broken pipe
接收数据异常，请稍后再试。
[Errno 32] Broken pipe
接收数据异常，请稍后再试。
[Errno 32] Broken pipe
接收数据异常，请稍后再试。
[Errno 32] Broken pipe
接收数据异常，请稍后再试。
[Errno 32] Broken pipe
接收数据异常，请稍后再试。
[Errno 32] Broken pipe
接收数据异常，请稍后再试。
[Errno 32] Broken pipe
接收数据异常，请稍后再试。
[Errno 32] Broken pipe
接收数据异常，请稍后再试。
[Errno 32] Broken pipe
接收数据异常，请稍后再试。
[Errno 32] Broken pipe
接收数据异常，请稍后再试。
[Errno 32] Broken pipe
接收数据异常，请稍后再试。
[Errno 32] Broken pipe
接收数据异常，请稍后再试。
[Errno 32] Broken pipe
接收数据异常，请稍后再试。
[Errno 32] Broken pipe
接收数据异常，请稍后再试。
[Errno 32] Broken pipe
接收数据异常，请稍后再试。
[Errno 32] Broken pipe
接收数据异常，请稍后再试。
[Errno 32] Broken pipe
接收数据异常，请稍后再试。
[Errno 32] Broken pipe
接收数据异常，请稍后再试。
[Errno 32] Broken pipe
接收数据异常，请稍后再试。
[Errno 32] Broken pipe
接收数据异常，请稍后再试。
[Errno 32] Broken pipe
接收数据异常，请稍后再试。
[Errno 32] Broken pipe
接收数据异常，请稍后再试。
[Errno 32] Broken pipe
接收数据异常，请稍后再试。
[Errno 32] Broken pipe
接收数据异常，请稍后再试。
[Errno 32] Broken pipe
接收数据异常，请稍后再试。
[Errno 32] Broken pipe
接收数据异常，请稍后再试。
[Errno 32] Broken pipe
接收数据异常，请稍后再试。
[Errno 32] Broken pipe
接收数据异常，请稍后再试。
[Errno 32] Broken pipe
接收数据异常，请稍后再试。
[Errno 32] Broken pipe
接收数据异常，请稍后再试。
[Errno 32] Broken pipe
接收数据异常，请稍后再试。
[Errno 32] Broken pipe
接收数据异常，请稍后再试。
[Errno 32] Broken pipe
接收数据异常，请稍后再试。
[Errno 32] Broken pipe
接收数据异常，请稍后再试。
[Errno 32] Broken pipe
接收数据异常，请稍后再试。
[Errno 32] Broken pipe
接收数据异常，请稍后再试。
[Errno 32] Broken pipe
接收数据异常，请稍后再试。
[Errno 32] Broken pipe
接收数据异常，请稍后再试。
[Errno 32] Broken pipe
接收数据异常，请稍后再试。
[Errno 32] Broken pipe
接收数据异常，请稍后再试。
[Errno 32] Broken pipe
接收数据异常，请稍后再试。
[Errno 32] Broken pipe
接收数据异常，请稍后再试。
[Errno 32] Broken pipe
接收数据异常，请稍后再试。
[Errno 32] Broken pipe
接收数据异常，请稍后再试。
[Errno 32] Broken pipe
接收数据异常，请稍后再试。
[Errno 32] Broken pipe
接收数据异常，请稍后再试。
[Errno 32] Broken pipe
接收数据异常，请稍后再试。
[Errno 32] Broken pipe
接收数据异常，请稍后再试。
[Errno 32] Broken pipe
接收数据异常，请稍后再试。
[Errno 32] Broken pipe
接收数据异常，请稍后再试。
[Errno 32] Broken pipe
接收数据异常，请稍后再试。
[Errno 32] Broken pipe
接收数据异常，请稍后再试。
[Errno 32] Broken pipe
接收数据异常，请稍后再试。
[Errno 32] Broken pipe
接收数据异常，请稍后再试。
[Errno 32] Broken pipe
接收数据异常，请稍后再试。
[Errno 32] Broken pipe
接收数据异常，请稍后再试。
[Errno 32] Broken pipe
接收数据异常，请稍后再试。
[Errno 32] Broken pipe
接收数据异常，请稍后再试。
[Errno 32] Broken pipe
接收数据异常，请稍后再试。
[Errno 32] Broken pipe
接收数据异常，请稍后再试。
[Errno 32] Broken pipe
接收数据异常，请稍后再试。
[Errno 32] Broken pipe
接收数据异常，请稍后再试。
[Errno 32] Broken pipe
接收数据异常，请稍后再试。
[Errno 32] Broken pipe
接收数据异常，请稍后再试。
[Errno 32] Broken pipe
接收数据异常，请稍后再试。
[Errno 32] Broken pipe
接收数据异常，请稍后再试。
[Errno 32] Broken pipe
接收数据异常，请稍后再试。
[Errno 32] Broken pipe
接收数据异常，请稍后再试。
[Errno 32] Broken pipe
接收数据异常，请稍后再试。
[Errno 32] Broken pipe
接收数据异常，请稍后再试。
[Errno 32] Broken pipe
接收数据异常，请稍后再试。
[Errno 32] Broken pipe
接收数据异常，请稍后再试。
[Errno 32] Broken pipe
接收数据异常，请稍后再试。
[Errno 32] Broken pipe
接收数据异常，请稍后再试。
[Errno 32] Broken pipe
接收数据异常，请稍后再试。
[Errno 32] Broken pipe
接收数据异常，请稍后再试。
[Errno 32] Broken pipe
接收数据异常，请稍后再试。
[Errno 32] Broken pipe
接收数据异常，请稍后再试。
[Errno 32] Broken pipe
接收数据异常，请稍后再试。
[Errno 32] Broken pipe
接收数据异常，请稍后再试。
[Errno 32] Broken pipe
接收数据异常，请稍后再试。
[Errno 32] Broken pipe
接收数据异常，请稍后再试。
[Errno 32] Broken pipe
接收数据异常，请稍后再试。
[Errno 32] Broken pipe
接收数据异常，请稍后再试。
[Errno 32] Broken pipe
接收数据异常，请稍后再试。
[Errno 32] Broken pipe
接收数据异常，请稍后再试。
[Errno 32] Broken pipe
接收数据异常，请稍后再试。
[Errno 32] Broken pipe
接收数据异常，请稍后再试。
[Errno 32] Broken pipe
接收数据异常，请稍后再试。
[Errno 32] Broken pipe
接收数据异常，请稍后再试。
[Errno 32] Broken pipe
接收数据异常，请稍后再试。
[Errno 32] Broken pipe
接收数据异常，请稍后再试。
[Errno 32] Broken pipe
接收数据异常，请稍后再试。
[Errno 32] Broken pipe
接收数据异常，请稍后再试。
[Errno 32] Broken pipe
接收数据异常，请稍后再试。
[Errno 32] Broken pipe
接收数据异常，请稍后再试。
[Errno 32] Broken pipe
接收数据异常，请稍后再试。
[Errno 32] Broken pipe
接收数据异常，请稍后再试。
[Errno 32] Broken pipe
接收数据异常，请稍后再试。
[Errno 32] Broken pipe
接收数据异常，请稍后再试。
[Errno 32] Broken pipe
接收数据异常，请稍后再试。
[Errno 32] Broken pipe
接收数据异常，请稍后再试。
[Errno 32] Broken pipe
接收数据异常，请稍后再试。
[Errno 32] Broken pipe
接收数据异常，请稍后再试。
[Errno 32] Broken pipe
接收数据异常，请稍后再试。
[Errno 32] Broken pipe
接收数据异常，请稍后再试。
[Errno 32] Broken pipe
接收数据异常，请稍后再试。
[Errno 32] Broken pipe
接收数据异常，请稍后再试。
[Errno 32] Broken pipe
接收数据异常，请稍后再试。
[Errno 32] Broken pipe
接收数据异常，请稍后再试。
[Errno 32] Broken pipe
接收数据异常，请稍后再试。
[Errno 32] Broken pipe
接收数据异常，请稍后再试。
[Errno 32] Broken pipe
接收数据异常，请稍后再试。
[Errno 32] Broken pipe
接收数据异常，请稍后再试。
[Errno 32] Broken pipe
接收数据异常，请稍后再试。
[Errno 32] Broken pipe
接收数据异常，请稍后再试。
[Errno 32] Broken pipe
接收数据异常，请稍后再试。
[Errno 32] Broken pipe
接收数据异常，请稍后再试。
[Errno 32] Broken pipe
接收数据异常，请稍后再试。
[Errno 32] Broken pipe
接收数据异常，请稍后再试。
[Errno 32] Broken pipe
接收数据异常，请稍后再试。
[Errno 32] Broken pipe
接收数据异常，请稍后再试。
[Errno 32] Broken pipe
接收数据异常，请稍后再试。
[Errno 32] Broken pipe
接收数据异常，请稍后再试。
[Errno 32] Broken pipe
接收数据异常，请稍后再试。
[Errno 32] Broken pipe
接收数据异常，请稍后再试。
[Errno 32] Broken pipe
接收数据异常，请稍后再试。
[Errno 32] Broken pipe
接收数据异常，请稍后再试。
[Errno 32] Broken pipe
接收数据异常，请稍后再试。
[Errno 32] Broken pipe
接收数据异常，请稍后再试。
[Errno 32] Broken pipe
接收数据异常，请稍后再试。
[Errno 32] Broken pipe
接收数据异常，请稍后再试。
[Errno 32] Broken pipe
接收数据异常，请稍后再试。
[Errno 32] Broken pipe
接收数据异常，请稍后再试。
[Errno 32] Broken pipe
接收数据异常，请稍后再试。
[Errno 32] Broken pipe
接收数据异常，请稍后再试。
[Errno 32] Broken pipe
接收数据异常，请稍后再试。
[Errno 32] Broken pipe
接收数据异常，请稍后再试。
[Errno 32] Broken pipe
接收数据异常，请稍后再试。
[Errno 32] Broken pipe
接收数据异常，请稍后再试。
[Errno 32] Broken pipe
接收数据异常，请稍后再试。
[Errno 32] Broken pipe
接收数据异常，请稍后再试。
[Errno 32] Broken pipe
接收数据异常，请稍后再试。
[Errno 32] Broken pipe
接收数据异常，请稍后再试。
[Errno 32] Broken pipe
接收数据异常，请稍后再试。
[Errno 32] Broken pipe
接收数据异常，请稍后再试。
[Errno 32] Broken pipe
接收数据异常，请稍后再试。
[Errno 32] Broken pipe
接收数据异常，请稍后再试。
[Errno 32] Broken pipe
接收数据异常，请稍后再试。
[Errno 32] Broken pipe
接收数据异常，请稍后再试。
[Errno 32] Broken pipe
接收数据异常，请稍后再试。
[Errno 32] Broken pipe
接收数据异常，请稍后再试。
[Errno 32] Broken pipe
接收数据异常，请稍后再试。
[Errno 32] Broken pipe
接收数据异常，请稍后再试。
[Errno 32] Broken pipe
接收数据异常，请稍后再试。
[Errno 32] Broken pipe
接收数据异常，请稍后再试。
[Errno 32] Broken pipe
接收数据异常，请稍后再试。
[Errno 32] Broken pipe
接收数据异常，请稍后再试。
[Errno 32] Broken pipe
接收数据异常，请稍后再试。
[Errno 32] Broken pipe
接收数据异常，请稍后再试。
[Errno 32] Broken pipe
接收数据异常，请稍后再试。
[Errno 32] Broken pipe
接收数据异常，请稍后再试。
[Errno 32] Broken pipe
接收数据异常，请稍后再试。
[Errno 32] Broken pipe
接收数据异常，请稍后再试。
[Errno 32] Broken pipe
接收数据异常，请稍后再试。
[Errno 32] Broken pipe
接收数据异常，请稍后再试。
[Errno 32] Broken pipe
接收数据异常，请稍后再试。
[Errno 32] Broken pipe
接收数据异常，请稍后再试。
[Errno 32] Broken pipe
接收数据异常，请稍后再试。
[Errno 32] Broken pipe
接收数据异常，请稍后再试。
[Errno 32] Broken pipe
接收数据异常，请稍后再试。
[Errno 32] Broken pipe
接收数据异常，请稍后再试。
[Errno 32] Broken pipe
接收数据异常，请稍后再试。
[Errno 32] Broken pipe
接收数据异常，请稍后再试。
[Errno 32] Broken pipe
接收数据异常，请稍后再试。
[Errno 32] Broken pipe
接收数据异常，请稍后再试。
[Errno 32] Broken pipe
接收数据异常，请稍后再试。
[Errno 32] Broken pipe
接收数据异常，请稍后再试。
[Errno 32] Broken pipe
接收数据异常，请稍后再试。
[Errno 32] Broken pipe
接收数据异常，请稍后再试。
[Errno 32] Broken pipe
接收数据异常，请稍后再试。
[Errno 32] Broken pipe
接收数据异常，请稍后再试。
[Errno 32] Broken pipe
接收数据异常，请稍后再试。
[Errno 32] Broken pipe
接收数据异常，请稍后再试。
[Errno 32] Broken pipe
接收数据异常，请稍后再试。
[Errno 32] Broken pipe
接收数据异常，请稍后再试。
[Errno 32] Broken pipe
接收数据异常，请稍后再试。
[Errno 32] Broken pipe
接收数据异常，请稍后再试。
[Errno 32] Broken pipe
接收数据异常，请稍后再试。
[Errno 32] Broken pipe
接收数据异常，请稍后再试。
[Errno 32] Broken pipe
接收数据异常，请稍后再试。
[Errno 32] Broken pipe
接收数据异常，请稍后再试。
[Errno 32] Broken pipe
接收数据异常，请稍后再试。
[Errno 32] Broken pipe
接收数据异常，请稍后再试。
[Errno 32] Broken pipe
接收数据异常，请稍后再试。
[Errno 32] Broken pipe
接收数据异常，请稍后再试。
[Errno 32] Broken pipe
接收数据异常，请稍后再试。
[Errno 32] Broken pipe
接收数据异常，请稍后再试。
[Errno 32] Broken pipe
接收数据异常，请稍后再试。
[Errno 32] Broken pipe
接收数据异常，请稍后再试。
[Errno 32] Broken pipe
接收数据异常，请稍后再试。
[Errno 32] Broken pipe
接收数据异常，请稍后再试。
[Errno 32] Broken pipe
接收数据异常，请稍后再试。
[Errno 32] Broken pipe
接收数据异常，请稍后再试。
[Errno 32] Broken pipe
接收数据异常，请稍后再试。
[Errno 32] Broken pipe
接收数据异常，请稍后再试。
[Errno 32] Broken pipe
接收数据异常，请稍后再试。
[Errno 32] Broken pipe
接收数据异常，请稍后再试。
[Errno 32] Broken pipe
接收数据异常，请稍后再试。
[Errno 32] Broken pipe
接收数据异常，请稍后再试。
[Errno 32] Broken pipe
接收数据异常，请稍后再试。
[Errno 32] Broken pipe
接收数据异常，请稍后再试。
[Errno 32] Broken pipe
接收数据异常，请稍后再试。
[Errno 32] Broken pipe
接收数据异常，请稍后再试。
[Errno 32] Broken pipe
接收数据异常，请稍后再试。
[Errno 32] Broken pipe
接收数据异常，请稍后再试。
[Errno 32] Broken pipe
接收数据异常，请稍后再试。
[Errno 32] Broken pipe
接收数据异常，请稍后再试。
[Errno 32] Broken pipe
接收数据异常，请稍后再试。
[Errno 32] Broken pipe
接收数据异常，请稍后再试。
[Errno 32] Broken pipe
接收数据异常，请稍后再试。
[Errno 32] Broken pipe
接收数据异常，请稍后再试。
[Errno 32] Broken pipe
接收数据异常，请稍后再试。
[Errno 32] Broken pipe
接收数据异常，请稍后再试。
[Errno 32] Broken pipe
接收数据异常，请稍后再试。
[Errno 32] Broken pipe
接收数据异常，请稍后再试。
[Errno 32] Broken pipe
接收数据异常，请稍后再试。
[Errno 32] Broken pipe
接收数据异常，请稍后再试。
[Errno 32] Broken pipe
接收数据异常，请稍后再试。
[Errno 32] Broken pipe
接收数据异常，请稍后再试。
[Errno 32] Broken pipe
接收数据异常，请稍后再试。
[Errno 32] Broken pipe
接收数据异常，请稍后再试。
[Errno 32] Broken pipe
接收数据异常，请稍后再试。
[Errno 32] Broken pipe
接收数据异常，请稍后再试。
[Errno 32] Broken pipe
接收数据异常，请稍后再试。
[Errno 32] Broken pipe
接收数据异常，请稍后再试。
[Errno 32] Broken pipe
接收数据异常，请稍后再试。
[Errno 32] Broken pipe
接收数据异常，请稍后再试。
[Errno 32] Broken pipe
接收数据异常，请稍后再试。
[Errno 32] Broken pipe
接收数据异常，请稍后再试。
[Errno 32] Broken pipe
接收数据异常，请稍后再试。
[Errno 32] Broken pipe
接收数据异常，请稍后再试。
[Errno 32] Broken pipe
接收数据异常，请稍后再试。
[Errno 32] Broken pipe
接收数据异常，请稍后再试。
[Errno 32] Broken pipe
接收数据异常，请稍后再试。
[Errno 32] Broken pipe
接收数据异常，请稍后再试。
[Errno 32] Broken pipe
接收数据异常，请稍后再试。
[Errno 32] Broken pipe
接收数据异常，请稍后再试。
[Errno 32] Broken pipe
接收数据异常，请稍后再试。
[Errno 32] Broken pipe
接收数据异常，请稍后再试。
[Errno 32] Broken pipe
接收数据异常，请稍后再试。
[Errno 32] Broken pipe
接收数据异常，请稍后再试。
[Errno 32] Broken pipe
接收数据异常，请稍后再试。
[Errno 32] Broken pipe
接收数据异常，请稍后再试。
[Errno 32] Broken pipe
接收数据异常，请稍后再试。
[Errno 32] Broken pipe
接收数据异常，请稍后再试。
[Errno 32] Broken pipe
接收数据异常，请稍后再试。
[Errno 32] Broken pipe
接收数据异常，请稍后再试。
[Errno 32] Broken pipe
接收数据异常，请稍后再试。
[Errno 32] Broken pipe
接收数据异常，请稍后再试。
[Errno 32] Broken pipe
接收数据异常，请稍后再试。
[Errno 32] Broken pipe
接收数据异常，请稍后再试。
[Errno 32] Broken pipe
接收数据异常，请稍后再试。
[Errno 32] Broken pipe
接收数据异常，请稍后再试。
[Errno 32] Broken pipe
接收数据异常，请稍后再试。
[Errno 32] Broken pipe
接收数据异常，请稍后再试。
[Errno 32] Broken pipe
接收数据异常，请稍后再试。
[Errno 32] Broken pipe
接收数据异常，请稍后再试。
[Errno 32] Broken pipe
接收数据异常，请稍后再试。
[Errno 32] Broken pipe
接收数据异常，请稍后再试。
[Errno 32] Broken pipe
接收数据异常，请稍后再试。
[Errno 32] Broken pipe
接收数据异常，请稍后再试。
[Errno 32] Broken pipe
接收数据异常，请稍后再试。
[Errno 32] Broken pipe
接收数据异常，请稍后再试。
[Errno 32] Broken pipe
接收数据异常，请稍后再试。
[Errno 32] Broken pipe
接收数据异常，请稍后再试。
[Errno 32] Broken pipe
接收数据异常，请稍后再试。
[Errno 32] Broken pipe
接收数据异常，请稍后再试。
[Errno 32] Broken pipe
接收数据异常，请稍后再试。
[Errno 32] Broken pipe
接收数据异常，请稍后再试。
[Errno 32] Broken pipe
接收数据异常，请稍后再试。
[Errno 32] Broken pipe
接收数据异常，请稍后再试。
[Errno 32] Broken pipe
接收数据异常，请稍后再试。
[Errno 32] Broken pipe
接收数据异常，请稍后再试。
[Errno 32] Broken pipe
接收数据异常，请稍后再试。
[Errno 32] Broken pipe
接收数据异常，请稍后再试。
[Errno 32] Broken pipe
接收数据异常，请稍后再试。
[Errno 32] Broken pipe
接收数据异常，请稍后再试。
[Errno 32] Broken pipe
接收数据异常，请稍后再试。
[Errno 32] Broken pipe
接收数据异常，请稍后再试。
[Errno 32] Broken pipe
接收数据异常，请稍后再试。
[Errno 32] Broken pipe
接收数据异常，请稍后再试。
[Errno 32] Broken pipe
接收数据异常，请稍后再试。
[Errno 32] Broken pipe
接收数据异常，请稍后再试。
[Errno 32] Broken pipe
接收数据异常，请稍后再试。
[Errno 32] Broken pipe
接收数据异常，请稍后再试。
[Errno 32] Broken pipe
接收数据异常，请稍后再试。
[Errno 32] Broken pipe
接收数据异常，请稍后再试。
[Errno 32] Broken pipe
接收数据异常，请稍后再试。
[Errno 32] Broken pipe
接收数据异常，请稍后再试。
[Errno 32] Broken pipe
接收数据异常，请稍后再试。
[Errno 32] Broken pipe
接收数据异常，请稍后再试。
[Errno 32] Broken pipe
接收数据异常，请稍后再试。
[Errno 32] Broken pipe
接收数据异常，请稍后再试。
[Errno 32] Broken pipe
接收数据异常，请稍后再试。
[Errno 32] Broken pipe
接收数据异常，请稍后再试。
[Errno 32] Broken pipe
接收数据异常，请稍后再试。
[Errno 32] Broken pipe
接收数据异常，请稍后再试。
[Errno 32] Broken pipe
接收数据异常，请稍后再试。
[Errno 32] Broken pipe
接收数据异常，请稍后再试。
[Errno 32] Broken pipe
接收数据异常，请稍后再试。
[Errno 32] Broken pipe
接收数据异常，请稍后再试。
[Errno 32] Broken pipe
接收数据异常，请稍后再试。
[Errno 32] Broken pipe
接收数据异常，请稍后再试。
[Errno 32] Broken pipe
接收数据异常，请稍后再试。
[Errno 32] Broken pipe
接收数据异常，请稍后再试。
[Errno 32] Broken pipe
接收数据异常，请稍后再试。
[Errno 32] Broken pipe
接收数据异常，请稍后再试。
[Errno 32] Broken pipe
接收数据异常，请稍后再试。
[Errno 32] Broken pipe
接收数据异常，请稍后再试。
[Errno 32] Broken pipe
接收数据异常，请稍后再试。
[Errno 32] Broken pipe
接收数据异常，请稍后再试。
[Errno 32] Broken pipe
接收数据异常，请稍后再试。
[Errno 32] Broken pipe
接收数据异常，请稍后再试。
[Errno 32] Broken pipe
接收数据异常，请稍后再试。
[Errno 32] Broken pipe
接收数据异常，请稍后再试。
[Errno 32] Broken pipe
接收数据异常，请稍后再试。
[Errno 32] Broken pipe
接收数据异常，请稍后再试。
[Errno 32] Broken pipe
接收数据异常，请稍后再试。
[Errno 32] Broken pipe
接收数据异常，请稍后再试。
[Errno 32] Broken pipe
接收数据异常，请稍后再试。
[Errno 32] Broken pipe
接收数据异常，请稍后再试。
[Errno 32] Broken pipe
接收数据异常，请稍后再试。
[Errno 32] Broken pipe
接收数据异常，请稍后再试。
[Errno 32] Broken pipe
接收数据异常，请稍后再试。
[Errno 32] Broken pipe
接收数据异常，请稍后再试。
[Errno 32] Broken pipe
接收数据异常，请稍后再试。
[Errno 32] Broken pipe
接收数据异常，请稍后再试。
[Errno 32] Broken pipe
接收数据异常，请稍后再试。
[Errno 32] Broken pipe
接收数据异常，请稍后再试。
[Errno 32] Broken pipe
接收数据异常，请稍后再试。
[Errno 32] Broken pipe
接收数据异常，请稍后再试。
[Errno 32] Broken pipe
接收数据异常，请稍后再试。
[Errno 32] Broken pipe
接收数据异常，请稍后再试。
[Errno 32] Broken pipe
接收数据异常，请稍后再试。
[Errno 32] Broken pipe
接收数据异常，请稍后再试。
[Errno 32] Broken pipe
接收数据异常，请稍后再试。
[Errno 32] Broken pipe
接收数据异常，请稍后再试。
[Errno 32] Broken pipe
接收数据异常，请稍后再试。
[Errno 32] Broken pipe
接收数据异常，请稍后再试。
[Errno 32] Broken pipe
接收数据异常，请稍后再试。
[Errno 32] Broken pipe
接收数据异常，请稍后再试。
[Errno 32] Broken pipe
接收数据异常，请稍后再试。
[Errno 32] Broken pipe
接收数据异常，请稍后再试。
[Errno 32] Broken pipe
接收数据异常，请稍后再试。
[Errno 32] Broken pipe
接收数据异常，请稍后再试。
[Errno 32] Broken pipe
接收数据异常，请稍后再试。
[Errno 32] Broken pipe
接收数据异常，请稍后再试。
[Errno 32] Broken pipe
接收数据异常，请稍后再试。
[Errno 32] Broken pipe
接收数据异常，请稍后再试。
[Errno 32] Broken pipe
接收数据异常，请稍后再试。
[Errno 32] Broken pipe
接收数据异常，请稍后再试。
[Errno 32] Broken pipe
接收数据异常，请稍后再试。
[Errno 32] Broken pipe
接收数据异常，请稍后再试。
[Errno 32] Broken pipe
接收数据异常，请稍后再试。
[Errno 32] Broken pipe
接收数据异常，请稍后再试。
[Errno 32] Broken pipe
接收数据异常，请稍后再试。
[Errno 32] Broken pipe
接收数据异常，请稍后再试。
[Errno 32] Broken pipe
接收数据异常，请稍后再试。
[Errno 32] Broken pipe
接收数据异常，请稍后再试。
[Errno 32] Broken pipe
接收数据异常，请稍后再试。
[Errno 32] Broken pipe
接收数据异常，请稍后再试。
[Errno 32] Broken pipe
接收数据异常，请稍后再试。
[Errno 32] Broken pipe
接收数据异常，请稍后再试。
[Errno 32] Broken pipe
接收数据异常，请稍后再试。
[Errno 32] Broken pipe
接收数据异常，请稍后再试。
[Errno 32] Broken pipe
接收数据异常，请稍后再试。
[Errno 32] Broken pipe
接收数据异常，请稍后再试。
[Errno 32] Broken pipe
接收数据异常，请稍后再试。
[Errno 32] Broken pipe
接收数据异常，请稍后再试。
[Errno 32] Broken pipe
接收数据异常，请稍后再试。
[Errno 32] Broken pipe
接收数据异常，请稍后再试。
[Errno 32] Broken pipe
接收数据异常，请稍后再试。
[Errno 32] Broken pipe
接收数据异常，请稍后再试。
[Errno 32] Broken pipe
接收数据异常，请稍后再试。
[Errno 32] Broken pipe
接收数据异常，请稍后再试。
[Errno 32] Broken pipe
接收数据异常，请稍后再试。
[Errno 32] Broken pipe
接收数据异常，请稍后再试。
[Errno 32] Broken pipe
接收数据异常，请稍后再试。
[Errno 32] Broken pipe
接收数据异常，请稍后再试。
[Errno 32] Broken pipe
接收数据异常，请稍后再试。
[Errno 32] Broken pipe
接收数据异常，请稍后再试。
[Errno 32] Broken pipe
接收数据异常，请稍后再试。
[Errno 32] Broken pipe
接收数据异常，请稍后再试。
[Errno 32] Broken pipe
接收数据异常，请稍后再试。
[Errno 32] Broken pipe
接收数据异常，请稍后再试。
[Errno 32] Broken pipe
接收数据异常，请稍后再试。
[Errno 32] Broken pipe
接收数据异常，请稍后再试。
[Errno 32] Broken pipe
接收数据异常，请稍后再试。
[Errno 32] Broken pipe
接收数据异常，请稍后再试。
[Errno 32] Broken pipe
接收数据异常，请稍后再试。
[Errno 32] Broken pipe
接收数据异常，请稍后再试。
[Errno 32] Broken pipe
接收数据异常，请稍后再试。
[Errno 32] Broken pipe
接收数据异常，请稍后再试。
[Errno 32] Broken pipe
接收数据异常，请稍后再试。
[Errno 32] Broken pipe
接收数据异常，请稍后再试。
[Errno 32] Broken pipe
接收数据异常，请稍后再试。
[Errno 32] Broken pipe
接收数据异常，请稍后再试。
[Errno 32] Broken pipe
接收数据异常，请稍后再试。
[Errno 32] Broken pipe
接收数据异常，请稍后再试。
[Errno 32] Broken pipe
接收数据异常，请稍后再试。
[Errno 32] Broken pipe
接收数据异常，请稍后再试。
[Errno 32] Broken pipe
接收数据异常，请稍后再试。
[Errno 32] Broken pipe
接收数据异常，请稍后再试。
[Errno 32] Broken pipe
接收数据异常，请稍后再试。
[Errno 32] Broken pipe
接收数据异常，请稍后再试。
[Errno 32] Broken pipe
接收数据异常，请稍后再试。
[Errno 32] Broken pipe
接收数据异常，请稍后再试。
[Errno 32] Broken pipe
接收数据异常，请稍后再试。
[Errno 32] Broken pipe
接收数据异常，请稍后再试。
[Errno 32] Broken pipe
接收数据异常，请稍后再试。
[Errno 32] Broken pipe
接收数据异常，请稍后再试。
[Errno 32] Broken pipe
接收数据异常，请稍后再试。
[Errno 32] Broken pipe
接收数据异常，请稍后再试。
[Errno 32] Broken pipe
接收数据异常，请稍后再试。
[Errno 32] Broken pipe
接收数据异常，请稍后再试。
[Errno 32] Broken pipe
接收数据异常，请稍后再试。
[Errno 32] Broken pipe
接收数据异常，请稍后再试。
[Errno 32] Broken pipe
接收数据异常，请稍后再试。
[Errno 32] Broken pipe
接收数据异常，请稍后再试。
[Errno 32] Broken pipe
接收数据异常，请稍后再试。
[Errno 32] Broken pipe
接收数据异常，请稍后再试。
[Errno 32] Broken pipe
接收数据异常，请稍后再试。
[Errno 32] Broken pipe
接收数据异常，请稍后再试。
[Errno 32] Broken pipe
接收数据异常，请稍后再试。
[Errno 32] Broken pipe
接收数据异常，请稍后再试。
[Errno 32] Broken pipe
接收数据异常，请稍后再试。
[Errno 32] Broken pipe
接收数据异常，请稍后再试。
[Errno 32] Broken pipe
接收数据异常，请稍后再试。
[Errno 32] Broken pipe
接收数据异常，请稍后再试。
[Errno 32] Broken pipe
接收数据异常，请稍后再试。
[Errno 32] Broken pipe
接收数据异常，请稍后再试。
[Errno 32] Broken pipe
接收数据异常，请稍后再试。
[Errno 32] Broken pipe
接收数据异常，请稍后再试。
[Errno 32] Broken pipe
接收数据异常，请稍后再试。
[Errno 32] Broken pipe
接收数据异常，请稍后再试。
[Errno 32] Broken pipe
接收数据异常，请稍后再试。
[Errno 32] Broken pipe
接收数据异常，请稍后再试。
[Errno 32] Broken pipe
接收数据异常，请稍后再试。
[Errno 32] Broken pipe
接收数据异常，请稍后再试。
[Errno 32] Broken pipe
接收数据异常，请稍后再试。
[Errno 32] Broken pipe
接收数据异常，请稍后再试。
[Errno 32] Broken pipe
接收数据异常，请稍后再试。
[Errno 32] Broken pipe
接收数据异常，请稍后再试。
[Errno 32] Broken pipe
接收数据异常，请稍后再试。
[Errno 32] Broken pipe
接收数据异常，请稍后再试。
[Errno 32] Broken pipe
接收数据异常，请稍后再试。
[Errno 32] Broken pipe
接收数据异常，请稍后再试。
[Errno 32] Broken pipe
接收数据异常，请稍后再试。
[Errno 32] Broken pipe
接收数据异常，请稍后再试。
[Errno 32] Broken pipe
接收数据异常，请稍后再试。
[Errno 32] Broken pipe
接收数据异常，请稍后再试。
[Errno 32] Broken pipe
接收数据异常，请稍后再试。
[Errno 32] Broken pipe
接收数据异常，请稍后再试。
[Errno 32] Broken pipe
接收数据异常，请稍后再试。
[Errno 32] Broken pipe
接收数据异常，请稍后再试。
[Errno 32] Broken pipe
接收数据异常，请稍后再试。
[Errno 32] Broken pipe
接收数据异常，请稍后再试。
[Errno 32] Broken pipe
接收数据异常，请稍后再试。
[Errno 32] Broken pipe
接收数据异常，请稍后再试。
[Errno 32] Broken pipe
接收数据异常，请稍后再试。
[Errno 32] Broken pipe
接收数据异常，请稍后再试。
[Errno 32] Broken pipe
接收数据异常，请稍后再试。
[Errno 32] Broken pipe
接收数据异常，请稍后再试。
[Errno 32] Broken pipe
接收数据异常，请稍后再试。
[Errno 32] Broken pipe
接收数据异常，请稍后再试。
[Errno 32] Broken pipe
接收数据异常，请稍后再试。
[Errno 32] Broken pipe
接收数据异常，请稍后再试。
[Errno 32] Broken pipe
接收数据异常，请稍后再试。
[Errno 32] Broken pipe
接收数据异常，请稍后再试。
[Errno 32] Broken pipe
接收数据异常，请稍后再试。
[Errno 32] Broken pipe
接收数据异常，请稍后再试。
[Errno 32] Broken pipe
接收数据异常，请稍后再试。
[Errno 32] Broken pipe
接收数据异常，请稍后再试。
[Errno 32] Broken pipe
接收数据异常，请稍后再试。
[Errno 32] Broken pipe
接收数据异常，请稍后再试。
[Errno 32] Broken pipe
接收数据异常，请稍后再试。
[Errno 32] Broken pipe
接收数据异常，请稍后再试。
[Errno 32] Broken pipe
接收数据异常，请稍后再试。
[Errno 32] Broken pipe
接收数据异常，请稍后再试。
[Errno 32] Broken pipe
接收数据异常，请稍后再试。
[Errno 32] Broken pipe
接收数据异常，请稍后再试。
[Errno 32] Broken pipe
接收数据异常，请稍后再试。
[Errno 32] Broken pipe
接收数据异常，请稍后再试。
[Errno 32] Broken pipe
接收数据异常，请稍后再试。
[Errno 32] Broken pipe
接收数据异常，请稍后再试。
[Errno 32] Broken pipe
接收数据异常，请稍后再试。
[Errno 32] Broken pipe
接收数据异常，请稍后再试。
[Errno 32] Broken pipe
接收数据异常，请稍后再试。
[Errno 32] Broken pipe
接收数据异常，请稍后再试。
[Errno 32] Broken pipe
接收数据异常，请稍后再试。
[Errno 32] Broken pipe
接收数据异常，请稍后再试。
[Errno 32] Broken pipe
接收数据异常，请稍后再试。
[Errno 32] Broken pipe
接收数据异常，请稍后再试。
[Errno 32] Broken pipe
接收数据异常，请稍后再试。
[Errno 32] Broken pipe
接收数据异常，请稍后再试。
[Errno 32] Broken pipe
接收数据异常，请稍后再试。
[Errno 32] Broken pipe
接收数据异常，请稍后再试。
[Errno 32] Broken pipe
接收数据异常，请稍后再试。
[Errno 32] Broken pipe
接收数据异常，请稍后再试。
[Errno 32] Broken pipe
接收数据异常，请稍后再试。
[Errno 32] Broken pipe
接收数据异常，请稍后再试。
[Errno 32] Broken pipe
接收数据异常，请稍后再试。
[Errno 32] Broken pipe
接收数据异常，请稍后再试。
[Errno 32] Broken pipe
接收数据异常，请稍后再试。
[Errno 32] Broken pipe
接收数据异常，请稍后再试。
[Errno 32] Broken pipe
接收数据异常，请稍后再试。
[Errno 32] Broken pipe
接收数据异常，请稍后再试。
[Errno 32] Broken pipe
接收数据异常，请稍后再试。
[Errno 32] Broken pipe
接收数据异常，请稍后再试。
[Errno 32] Broken pipe
接收数据异常，请稍后再试。
[Errno 32] Broken pipe
接收数据异常，请稍后再试。
[Errno 32] Broken pipe
接收数据异常，请稍后再试。
[Errno 32] Broken pipe
接收数据异常，请稍后再试。
[Errno 32] Broken pipe
接收数据异常，请稍后再试。
[Errno 32] Broken pipe
接收数据异常，请稍后再试。
[Errno 32] Broken pipe
接收数据异常，请稍后再试。
[Errno 32] Broken pipe
接收数据异常，请稍后再试。
[Errno 32] Broken pipe
接收数据异常，请稍后再试。
[Errno 32] Broken pipe
接收数据异常，请稍后再试。
[Errno 32] Broken pipe
接收数据异常，请稍后再试。
[Errno 32] Broken pipe
接收数据异常，请稍后再试。
[Errno 32] Broken pipe
接收数据异常，请稍后再试。
[Errno 32] Broken pipe
接收数据异常，请稍后再试。
[Errno 32] Broken pipe
接收数据异常，请稍后再试。
[Errno 32] Broken pipe
接收数据异常，请稍后再试。
[Errno 32] Broken pipe
接收数据异常，请稍后再试。
[Errno 32] Broken pipe
接收数据异常，请稍后再试。
[Errno 32] Broken pipe
接收数据异常，请稍后再试。
[Errno 32] Broken pipe
接收数据异常，请稍后再试。
[Errno 32] Broken pipe
接收数据异常，请稍后再试。
[Errno 32] Broken pipe
接收数据异常，请稍后再试。
[Errno 32] Broken pipe
接收数据异常，请稍后再试。
[Errno 32] Broken pipe
接收数据异常，请稍后再试。
[Errno 32] Broken pipe
接收数据异常，请稍后再试。
[Errno 32] Broken pipe
接收数据异常，请稍后再试。
[Errno 32] Broken pipe
接收数据异常，请稍后再试。
[Errno 32] Broken pipe
接收数据异常，请稍后再试。
[Errno 32] Broken pipe
接收数据异常，请稍后再试。
[Errno 32] Broken pipe
接收数据异常，请稍后再试。
[Errno 32] Broken pipe
接收数据异常，请稍后再试。
[Errno 32] Broken pipe
接收数据异常，请稍后再试。
[Errno 32] Broken pipe
接收数据异常，请稍后再试。
[Errno 32] Broken pipe
接收数据异常，请稍后再试。
[Errno 32] Broken pipe
接收数据异常，请稍后再试。
[Errno 32] Broken pipe
接收数据异常，请稍后再试。
[Errno 32] Broken pipe
接收数据异常，请稍后再试。
[Errno 32] Broken pipe
接收数据异常，请稍后再试。
[Errno 32] Broken pipe
接收数据异常，请稍后再试。
[Errno 32] Broken pipe
接收数据异常，请稍后再试。
[Errno 32] Broken pipe
接收数据异常，请稍后再试。
[Errno 32] Broken pipe
接收数据异常，请稍后再试。
[Errno 32] Broken pipe
接收数据异常，请稍后再试。
[Errno 32] Broken pipe
接收数据异常，请稍后再试。
[Errno 32] Broken pipe
接收数据异常，请稍后再试。
[Errno 32] Broken pipe
接收数据异常，请稍后再试。
[Errno 32] Broken pipe
接收数据异常，请稍后再试。
[Errno 32] Broken pipe
接收数据异常，请稍后再试。
[Errno 32] Broken pipe
接收数据异常，请稍后再试。
[Errno 32] Broken pipe
接收数据异常，请稍后再试。
[Errno 32] Broken pipe
接收数据异常，请稍后再试。
[Errno 32] Broken pipe
接收数据异常，请稍后再试。
[Errno 32] Broken pipe
接收数据异常，请稍后再试。
[Errno 32] Broken pipe
接收数据异常，请稍后再试。
[Errno 32] Broken pipe
接收数据异常，请稍后再试。
[Errno 32] Broken pipe
接收数据异常，请稍后再试。
[Errno 32] Broken pipe
接收数据异常，请稍后再试。
[Errno 32] Broken pipe
接收数据异常，请稍后再试。
[Errno 32] Broken pipe
接收数据异常，请稍后再试。
[Errno 32] Broken pipe
接收数据异常，请稍后再试。
[Errno 32] Broken pipe
接收数据异常，请稍后再试。
[Errno 32] Broken pipe
接收数据异常，请稍后再试。
[Errno 32] Broken pipe
接收数据异常，请稍后再试。
[Errno 32] Broken pipe
接收数据异常，请稍后再试。
[Errno 32] Broken pipe
接收数据异常，请稍后再试。
[Errno 32] Broken pipe
接收数据异常，请稍后再试。
[Errno 32] Broken pipe
接收数据异常，请稍后再试。
[Errno 32] Broken pipe
接收数据异常，请稍后再试。
[Errno 32] Broken pipe
接收数据异常，请稍后再试。
[Errno 32] Broken pipe
接收数据异常，请稍后再试。
[Errno 32] Broken pipe
接收数据异常，请稍后再试。
[Errno 32] Broken pipe
接收数据异常，请稍后再试。
[Errno 32] Broken pipe
接收数据异常，请稍后再试。
[Errno 32] Broken pipe
接收数据异常，请稍后再试。
[Errno 32] Broken pipe
接收数据异常，请稍后再试。
[Errno 32] Broken pipe
接收数据异常，请稍后再试。
[Errno 32] Broken pipe
接收数据异常，请稍后再试。
[Errno 32] Broken pipe
接收数据异常，请稍后再试。
[Errno 32] Broken pipe
接收数据异常，请稍后再试。
[Errno 32] Broken pipe
接收数据异常，请稍后再试。
[Errno 32] Broken pipe
接收数据异常，请稍后再试。
[Errno 32] Broken pipe
接收数据异常，请稍后再试。
[Errno 32] Broken pipe
接收数据异常，请稍后再试。
[Errno 32] Broken pipe
接收数据异常，请稍后再试。
[Errno 32] Broken pipe
接收数据异常，请稍后再试。
[Errno 32] Broken pipe
接收数据异常，请稍后再试。
[Errno 32] Broken pipe
接收数据异常，请稍后再试。
[Errno 32] Broken pipe
接收数据异常，请稍后再试。
[Errno 32] Broken pipe
接收数据异常，请稍后再试。
[Errno 32] Broken pipe
接收数据异常，请稍后再试。
[Errno 32] Broken pipe
接收数据异常，请稍后再试。
[Errno 32] Broken pipe
接收数据异常，请稍后再试。
[Errno 32] Broken pipe
接收数据异常，请稍后再试。
[Errno 32] Broken pipe
接收数据异常，请稍后再试。
[Errno 32] Broken pipe
接收数据异常，请稍后再试。
[Errno 32] Broken pipe
接收数据异常，请稍后再试。
[Errno 32] Broken pipe
接收数据异常，请稍后再试。
[Errno 32] Broken pipe
接收数据异常，请稍后再试。
[Errno 32] Broken pipe
接收数据异常，请稍后再试。
[Errno 32] Broken pipe
接收数据异常，请稍后再试。
[Errno 32] Broken pipe
接收数据异常，请稍后再试。
[Errno 32] Broken pipe
接收数据异常，请稍后再试。
[Errno 32] Broken pipe
接收数据异常，请稍后再试。
[Errno 32] Broken pipe
接收数据异常，请稍后再试。
[Errno 32] Broken pipe
接收数据异常，请稍后再试。
[Errno 32] Broken pipe
接收数据异常，请稍后再试。
[Errno 32] Broken pipe
接收数据异常，请稍后再试。
[Errno 32] Broken pipe
接收数据异常，请稍后再试。
[Errno 32] Broken pipe
接收数据异常，请稍后再试。
[Errno 32] Broken pipe
接收数据异常，请稍后再试。
[Errno 32] Broken pipe
接收数据异常，请稍后再试。
[Errno 32] Broken pipe
接收数据异常，请稍后再试。
[Errno 32] Broken pipe
接收数据异常，请稍后再试。
[Errno 32] Broken pipe
接收数据异常，请稍后再试。
[Errno 32] Broken pipe
接收数据异常，请稍后再试。
[Errno 32] Broken pipe
接收数据异常，请稍后再试。
[Errno 32] Broken pipe
接收数据异常，请稍后再试。
[Errno 32] Broken pipe
接收数据异常，请稍后再试。
[Errno 32] Broken pipe
接收数据异常，请稍后再试。
[Errno 32] Broken pipe
接收数据异常，请稍后再试。
[Errno 32] Broken pipe
接收数据异常，请稍后再试。
[Errno 32] Broken pipe
接收数据异常，请稍后再试。
[Errno 32] Broken pipe
接收数据异常，请稍后再试。
[Errno 32] Broken pipe
接收数据异常，请稍后再试。
[Errno 32] Broken pipe
接收数据异常，请稍后再试。
[Errno 32] Broken pipe
接收数据异常，请稍后再试。
[Errno 32] Broken pipe
接收数据异常，请稍后再试。
[Errno 32] Broken pipe
接收数据异常，请稍后再试。
[Errno 32] Broken pipe
接收数据异常，请稍后再试。
[Errno 32] Broken pipe
接收数据异常，请稍后再试。
[Errno 32] Broken pipe
接收数据异常，请稍后再试。
[Errno 32] Broken pipe
接收数据异常，请稍后再试。
[Errno 32] Broken pipe
接收数据异常，请稍后再试。
[Errno 32] Broken pipe
接收数据异常，请稍后再试。
[Errno 32] Broken pipe
接收数据异常，请稍后再试。
[Errno 32] Broken pipe
接收数据异常，请稍后再试。
[Errno 32] Broken pipe
接收数据异常，请稍后再试。
[Errno 32] Broken pipe
接收数据异常，请稍后再试。
[Errno 32] Broken pipe
接收数据异常，请稍后再试。
[Errno 32] Broken pipe
接收数据异常，请稍后再试。
[Errno 32] Broken pipe
接收数据异常，请稍后再试。
[Errno 32] Broken pipe
接收数据异常，请稍后再试。
[Errno 32] Broken pipe
接收数据异常，请稍后再试。
[Errno 32] Broken pipe
接收数据异常，请稍后再试。
[Errno 32] Broken pipe
接收数据异常，请稍后再试。
[Errno 32] Broken pipe
接收数据异常，请稍后再试。
[Errno 32] Broken pipe
接收数据异常，请稍后再试。
[Errno 32] Broken pipe
接收数据异常，请稍后再试。
[Errno 32] Broken pipe
接收数据异常，请稍后再试。
[Errno 32] Broken pipe
接收数据异常，请稍后再试。
[Errno 32] Broken pipe
接收数据异常，请稍后再试。
[Errno 32] Broken pipe
接收数据异常，请稍后再试。
[Errno 32] Broken pipe
接收数据异常，请稍后再试。
[Errno 32] Broken pipe
接收数据异常，请稍后再试。
[Errno 32] Broken pipe
接收数据异常，请稍后再试。
[Errno 32] Broken pipe
接收数据异常，请稍后再试。
[Errno 32] Broken pipe
接收数据异常，请稍后再试。
[Errno 32] Broken pipe
接收数据异常，请稍后再试。
[Errno 32] Broken pipe
接收数据异常，请稍后再试。
[Errno 32] Broken pipe
接收数据异常，请稍后再试。
[Errno 32] Broken pipe
接收数据异常，请稍后再试。
[Errno 32] Broken pipe
接收数据异常，请稍后再试。
[Errno 32] Broken pipe
接收数据异常，请稍后再试。
[Errno 32] Broken pipe
接收数据异常，请稍后再试。
[Errno 32] Broken pipe
接收数据异常，请稍后再试。
[Errno 32] Broken pipe
接收数据异常，请稍后再试。
[Errno 32] Broken pipe
接收数据异常，请稍后再试。
[Errno 32] Broken pipe
接收数据异常，请稍后再试。
[Errno 32] Broken pipe
接收数据异常，请稍后再试。
[Errno 32] Broken pipe
接收数据异常，请稍后再试。
[Errno 32] Broken pipe
接收数据异常，请稍后再试。
[Errno 32] Broken pipe
接收数据异常，请稍后再试。
[Errno 32] Broken pipe
接收数据异常，请稍后再试。
[Errno 32] Broken pipe
接收数据异常，请稍后再试。
[Errno 32] Broken pipe
接收数据异常，请稍后再试。
[Errno 32] Broken pipe
接收数据异常，请稍后再试。
[Errno 32] Broken pipe
接收数据异常，请稍后再试。
[Errno 32] Broken pipe
接收数据异常，请稍后再试。
[Errno 32] Broken pipe
接收数据异常，请稍后再试。
[Errno 32] Broken pipe
接收数据异常，请稍后再试。
[Errno 32] Broken pipe
接收数据异常，请稍后再试。
[Errno 32] Broken pipe
接收数据异常，请稍后再试。
[Errno 32] Broken pipe
接收数据异常，请稍后再试。
[Errno 32] Broken pipe
接收数据异常，请稍后再试。
[Errno 32] Broken pipe
接收数据异常，请稍后再试。
[Errno 32] Broken pipe
接收数据异常，请稍后再试。
[Errno 32] Broken pipe
接收数据异常，请稍后再试。
[Errno 32] Broken pipe
接收数据异常，请稍后再试。
[Errno 32] Broken pipe
接收数据异常，请稍后再试。
[Errno 32] Broken pipe
接收数据异常，请稍后再试。
[Errno 32] Broken pipe
接收数据异常，请稍后再试。
[Errno 32] Broken pipe
接收数据异常，请稍后再试。
[Errno 32] Broken pipe
接收数据异常，请稍后再试。
[Errno 32] Broken pipe
接收数据异常，请稍后再试。
[Errno 32] Broken pipe
接收数据异常，请稍后再试。
[Errno 32] Broken pipe
接收数据异常，请稍后再试。
[Errno 32] Broken pipe
接收数据异常，请稍后再试。
[Errno 32] Broken pipe
接收数据异常，请稍后再试。
[Errno 32] Broken pipe
接收数据异常，请稍后再试。
[Errno 32] Broken pipe
接收数据异常，请稍后再试。
[Errno 32] Broken pipe
接收数据异常，请稍后再试。
[Errno 32] Broken pipe
接收数据异常，请稍后再试。
[Errno 32] Broken pipe
接收数据异常，请稍后再试。
[Errno 32] Broken pipe
接收数据异常，请稍后再试。
[Errno 32] Broken pipe
接收数据异常，请稍后再试。
[Errno 32] Broken pipe
接收数据异常，请稍后再试。
[Errno 32] Broken pipe
接收数据异常，请稍后再试。
[Errno 32] Broken pipe
接收数据异常，请稍后再试。
[Errno 32] Broken pipe
接收数据异常，请稍后再试。
[Errno 32] Broken pipe
接收数据异常，请稍后再试。
[Errno 32] Broken pipe
接收数据异常，请稍后再试。
[Errno 32] Broken pipe
接收数据异常，请稍后再试。
[Errno 32] Broken pipe
接收数据异常，请稍后再试。
[Errno 32] Broken pipe
接收数据异常，请稍后再试。
[Errno 32] Broken pipe
接收数据异常，请稍后再试。
[Errno 32] Broken pipe
接收数据异常，请稍后再试。
[Errno 32] Broken pipe
接收数据异常，请稍后再试。
[Errno 32] Broken pipe
接收数据异常，请稍后再试。
[Errno 32] Broken pipe
接收数据异常，请稍后再试。
[Errno 32] Broken pipe
接收数据异常，请稍后再试。
[Errno 32] Broken pipe
接收数据异常，请稍后再试。
[Errno 32] Broken pipe
接收数据异常，请稍后再试。
[Errno 32] Broken pipe
接收数据异常，请稍后再试。
[Errno 32] Broken pipe
接收数据异常，请稍后再试。
[Errno 32] Broken pipe
接收数据异常，请稍后再试。
[Errno 32] Broken pipe
接收数据异常，请稍后再试。
[Errno 32] Broken pipe
接收数据异常，请稍后再试。
[Errno 32] Broken pipe
接收数据异常，请稍后再试。
[Errno 32] Broken pipe
接收数据异常，请稍后再试。
[Errno 32] Broken pipe
接收数据异常，请稍后再试。
[Errno 32] Broken pipe
接收数据异常，请稍后再试。
[Errno 32] Broken pipe
接收数据异常，请稍后再试。
[Errno 32] Broken pipe
接收数据异常，请稍后再试。
[Errno 32] Broken pipe
接收数据异常，请稍后再试。
[Errno 32] Broken pipe
接收数据异常，请稍后再试。
[Errno 32] Broken pipe
接收数据异常，请稍后再试。
[Errno 32] Broken pipe
接收数据异常，请稍后再试。
[Errno 32] Broken pipe
接收数据异常，请稍后再试。
[Errno 32] Broken pipe
接收数据异常，请稍后再试。
[Errno 32] Broken pipe
接收数据异常，请稍后再试。
[Errno 32] Broken pipe
接收数据异常，请稍后再试。
[Errno 32] Broken pipe
接收数据异常，请稍后再试。
[Errno 32] Broken pipe
接收数据异常，请稍后再试。
[Errno 32] Broken pipe
接收数据异常，请稍后再试。
[Errno 32] Broken pipe
接收数据异常，请稍后再试。
[Errno 32] Broken pipe
接收数据异常，请稍后再试。
[Errno 32] Broken pipe
接收数据异常，请稍后再试。
[Errno 32] Broken pipe
接收数据异常，请稍后再试。
[Errno 32] Broken pipe
接收数据异常，请稍后再试。
[Errno 32] Broken pipe
接收数据异常，请稍后再试。
[Errno 32] Broken pipe
接收数据异常，请稍后再试。
[Errno 32] Broken pipe
接收数据异常，请稍后再试。
[Errno 32] Broken pipe
接收数据异常，请稍后再试。
[Errno 32] Broken pipe
接收数据异常，请稍后再试。
[Errno 32] Broken pipe
接收数据异常，请稍后再试。
[Errno 32] Broken pipe
接收数据异常，请稍后再试。
[Errno 32] Broken pipe
接收数据异常，请稍后再试。
[Errno 32] Broken pipe
接收数据异常，请稍后再试。
[Errno 32] Broken pipe
接收数据异常，请稍后再试。
[Errno 32] Broken pipe
接收数据异常，请稍后再试。
[Errno 32] Broken pipe
接收数据异常，请稍后再试。
[Errno 32] Broken pipe
接收数据异常，请稍后再试。
[Errno 32] Broken pipe
接收数据异常，请稍后再试。
[Errno 32] Broken pipe
接收数据异常，请稍后再试。
[Errno 32] Broken pipe
接收数据异常，请稍后再试。
[Errno 32] Broken pipe
接收数据异常，请稍后再试。
[Errno 32] Broken pipe
接收数据异常，请稍后再试。
[Errno 32] Broken pipe
接收数据异常，请稍后再试。
[Errno 32] Broken pipe
接收数据异常，请稍后再试。
[Errno 32] Broken pipe
接收数据异常，请稍后再试。
[Errno 32] Broken pipe
接收数据异常，请稍后再试。
[Errno 32] Broken pipe
接收数据异常，请稍后再试。
[Errno 32] Broken pipe
接收数据异常，请稍后再试。
[Errno 32] Broken pipe
接收数据异常，请稍后再试。
[Errno 32] Broken pipe
接收数据异常，请稍后再试。
[Errno 32] Broken pipe
接收数据异常，请稍后再试。
[Errno 32] Broken pipe
接收数据异常，请稍后再试。
[Errno 32] Broken pipe
接收数据异常，请稍后再试。
[Errno 32] Broken pipe
接收数据异常，请稍后再试。
[Errno 32] Broken pipe
接收数据异常，请稍后再试。
[Errno 32] Broken pipe
接收数据异常，请稍后再试。
[Errno 32] Broken pipe
接收数据异常，请稍后再试。
[Errno 32] Broken pipe
接收数据异常，请稍后再试。
[Errno 32] Broken pipe
接收数据异常，请稍后再试。
[Errno 32] Broken pipe
接收数据异常，请稍后再试。
[Errno 32] Broken pipe
接收数据异常，请稍后再试。
[Errno 32] Broken pipe
接收数据异常，请稍后再试。
[Errno 32] Broken pipe
接收数据异常，请稍后再试。
[Errno 32] Broken pipe
接收数据异常，请稍后再试。
[Errno 32] Broken pipe
接收数据异常，请稍后再试。
[Errno 32] Broken pipe
接收数据异常，请稍后再试。
[Errno 32] Broken pipe
接收数据异常，请稍后再试。
[Errno 32] Broken pipe
接收数据异常，请稍后再试。
[Errno 32] Broken pipe
接收数据异常，请稍后再试。
[Errno 32] Broken pipe
接收数据异常，请稍后再试。
[Errno 32] Broken pipe
接收数据异常，请稍后再试。
[Errno 32] Broken pipe
接收数据异常，请稍后再试。
[Errno 32] Broken pipe
接收数据异常，请稍后再试。
[Errno 32] Broken pipe
接收数据异常，请稍后再试。
[Errno 32] Broken pipe
接收数据异常，请稍后再试。
[Errno 32] Broken pipe
接收数据异常，请稍后再试。
[Errno 32] Broken pipe
接收数据异常，请稍后再试。
[Errno 32] Broken pipe
接收数据异常，请稍后再试。
[Errno 32] Broken pipe
接收数据异常，请稍后再试。
[Errno 32] Broken pipe
接收数据异常，请稍后再试。
[Errno 32] Broken pipe
接收数据异常，请稍后再试。
[Errno 32] Broken pipe
接收数据异常，请稍后再试。
[Errno 32] Broken pipe
接收数据异常，请稍后再试。
[Errno 32] Broken pipe
接收数据异常，请稍后再试。
[Errno 32] Broken pipe
接收数据异常，请稍后再试。
[Errno 32] Broken pipe
接收数据异常，请稍后再试。
[Errno 32] Broken pipe
接收数据异常，请稍后再试。
[Errno 32] Broken pipe
接收数据异常，请稍后再试。
[Errno 32] Broken pipe
接收数据异常，请稍后再试。
[Errno 32] Broken pipe
接收数据异常，请稍后再试。
[Errno 32] Broken pipe
接收数据异常，请稍后再试。
[Errno 32] Broken pipe
接收数据异常，请稍后再试。
[Errno 32] Broken pipe
接收数据异常，请稍后再试。
[Errno 32] Broken pipe
接收数据异常，请稍后再试。
[Errno 32] Broken pipe
接收数据异常，请稍后再试。
[Errno 32] Broken pipe
接收数据异常，请稍后再试。
[Errno 32] Broken pipe
接收数据异常，请稍后再试。
[Errno 32] Broken pipe
接收数据异常，请稍后再试。
[Errno 32] Broken pipe
接收数据异常，请稍后再试。
[Errno 32] Broken pipe
接收数据异常，请稍后再试。
[Errno 32] Broken pipe
接收数据异常，请稍后再试。
[Errno 32] Broken pipe
接收数据异常，请稍后再试。
[Errno 32] Broken pipe
接收数据异常，请稍后再试。
[Errno 32] Broken pipe
接收数据异常，请稍后再试。
[Errno 32] Broken pipe
接收数据异常，请稍后再试。
[Errno 32] Broken pipe
接收数据异常，请稍后再试。
[Errno 32] Broken pipe
接收数据异常，请稍后再试。
[Errno 32] Broken pipe
接收数据异常，请稍后再试。
[Errno 32] Broken pipe
接收数据异常，请稍后再试。
[Errno 32] Broken pipe
接收数据异常，请稍后再试。
[Errno 32] Broken pipe
接收数据异常，请稍后再试。
[Errno 32] Broken pipe
接收数据异常，请稍后再试。
[Errno 32] Broken pipe
接收数据异常，请稍后再试。
[Errno 32] Broken pipe
接收数据异常，请稍后再试。
[Errno 32] Broken pipe
接收数据异常，请稍后再试。
[Errno 32] Broken pipe
接收数据异常，请稍后再试。
[Errno 32] Broken pipe
接收数据异常，请稍后再试。
[Errno 32] Broken pipe
接收数据异常，请稍后再试。
[Errno 32] Broken pipe
接收数据异常，请稍后再试。
[Errno 32] Broken pipe
接收数据异常，请稍后再试。
[Errno 32] Broken pipe
接收数据异常，请稍后再试。
[Errno 32] Broken pipe
接收数据异常，请稍后再试。
[Errno 32] Broken pipe
接收数据异常，请稍后再试。
[Errno 32] Broken pipe
接收数据异常，请稍后再试。
[Errno 32] Broken pipe
接收数据异常，请稍后再试。
[Errno 32] Broken pipe
接收数据异常，请稍后再试。
[Errno 32] Broken pipe
接收数据异常，请稍后再试。
[Errno 32] Broken pipe
接收数据异常，请稍后再试。
[Errno 32] Broken pipe
接收数据异常，请稍后再试。
[Errno 32] Broken pipe
接收数据异常，请稍后再试。
[Errno 32] Broken pipe
接收数据异常，请稍后再试。
[Errno 32] Broken pipe
接收数据异常，请稍后再试。
[Errno 32] Broken pipe
接收数据异常，请稍后再试。
[Errno 32] Broken pipe
接收数据异常，请稍后再试。
[Errno 32] Broken pipe
接收数据异常，请稍后再试。
[Errno 32] Broken pipe
接收数据异常，请稍后再试。
[Errno 32] Broken pipe
接收数据异常，请稍后再试。
[Errno 32] Broken pipe
接收数据异常，请稍后再试。
[Errno 32] Broken pipe
接收数据异常，请稍后再试。
[Errno 32] Broken pipe
接收数据异常，请稍后再试。
[Errno 32] Broken pipe
接收数据异常，请稍后再试。
[Errno 32] Broken pipe
接收数据异常，请稍后再试。
[Errno 32] Broken pipe
接收数据异常，请稍后再试。
[Errno 32] Broken pipe
接收数据异常，请稍后再试。
[Errno 32] Broken pipe
接收数据异常，请稍后再试。
[Errno 32] Broken pipe
接收数据异常，请稍后再试。
[Errno 32] Broken pipe
接收数据异常，请稍后再试。
[Errno 32] Broken pipe
接收数据异常，请稍后再试。
[Errno 32] Broken pipe
接收数据异常，请稍后再试。
[Errno 32] Broken pipe
接收数据异常，请稍后再试。
[Errno 32] Broken pipe
接收数据异常，请稍后再试。
[Errno 32] Broken pipe
接收数据异常，请稍后再试。
[Errno 32] Broken pipe
接收数据异常，请稍后再试。
[Errno 32] Broken pipe
接收数据异常，请稍后再试。
[Errno 32] Broken pipe
接收数据异常，请稍后再试。
[Errno 32] Broken pipe
接收数据异常，请稍后再试。
[Errno 32] Broken pipe
接收数据异常，请稍后再试。
[Errno 32] Broken pipe
接收数据异常，请稍后再试。
[Errno 32] Broken pipe
接收数据异常，请稍后再试。
[Errno 32] Broken pipe
接收数据异常，请稍后再试。
[Errno 32] Broken pipe
接收数据异常，请稍后再试。
[Errno 32] Broken pipe
接收数据异常，请稍后再试。
[Errno 32] Broken pipe
接收数据异常，请稍后再试。
[Errno 32] Broken pipe
接收数据异常，请稍后再试。
[Errno 32] Broken pipe
接收数据异常，请稍后再试。
[Errno 32] Broken pipe
接收数据异常，请稍后再试。
[Errno 32] Broken pipe
接收数据异常，请稍后再试。
[Errno 32] Broken pipe
接收数据异常，请稍后再试。
[Errno 32] Broken pipe
接收数据异常，请稍后再试。
[Errno 32] Broken pipe
接收数据异常，请稍后再试。
[Errno 32] Broken pipe
接收数据异常，请稍后再试。
[Errno 32] Broken pipe
接收数据异常，请稍后再试。
[Errno 32] Broken pipe
接收数据异常，请稍后再试。
[Errno 32] Broken pipe
接收数据异常，请稍后再试。
[Errno 32] Broken pipe
接收数据异常，请稍后再试。
[Errno 32] Broken pipe
接收数据异常，请稍后再试。
[Errno 32] Broken pipe
接收数据异常，请稍后再试。
[Errno 32] Broken pipe
接收数据异常，请稍后再试。
[Errno 32] Broken pipe
接收数据异常，请稍后再试。
[Errno 32] Broken pipe
接收数据异常，请稍后再试。
[Errno 32] Broken pipe
接收数据异常，请稍后再试。
[Errno 32] Broken pipe
接收数据异常，请稍后再试。
[Errno 32] Broken pipe
接收数据异常，请稍后再试。
[Errno 32] Broken pipe
接收数据异常，请稍后再试。
[Errno 32] Broken pipe
接收数据异常，请稍后再试。
[Errno 32] Broken pipe
接收数据异常，请稍后再试。
[Errno 32] Broken pipe
接收数据异常，请稍后再试。
[Errno 32] Broken pipe
接收数据异常，请稍后再试。
[Errno 32] Broken pipe
接收数据异常，请稍后再试。
[Errno 32] Broken pipe
接收数据异常，请稍后再试。
[Errno 32] Broken pipe
接收数据异常，请稍后再试。
[Errno 32] Broken pipe
接收数据异常，请稍后再试。
[Errno 32] Broken pipe
接收数据异常，请稍后再试。
[Errno 32] Broken pipe
接收数据异常，请稍后再试。
[Errno 32] Broken pipe
接收数据异常，请稍后再试。
[Errno 32] Broken pipe
接收数据异常，请稍后再试。
[Errno 32] Broken pipe
接收数据异常，请稍后再试。
[Errno 32] Broken pipe
接收数据异常，请稍后再试。
[Errno 32] Broken pipe
接收数据异常，请稍后再试。
[Errno 32] Broken pipe
接收数据异常，请稍后再试。
[Errno 32] Broken pipe
接收数据异常，请稍后再试。
[Errno 32] Broken pipe
接收数据异常，请稍后再试。
[Errno 32] Broken pipe
接收数据异常，请稍后再试。
[Errno 32] Broken pipe
接收数据异常，请稍后再试。
[Errno 32] Broken pipe
接收数据异常，请稍后再试。
[Errno 32] Broken pipe
接收数据异常，请稍后再试。
[Errno 32] Broken pipe
接收数据异常，请稍后再试。
[Errno 32] Broken pipe
接收数据异常，请稍后再试。
[Errno 32] Broken pipe
接收数据异常，请稍后再试。
[Errno 32] Broken pipe
接收数据异常，请稍后再试。
[Errno 32] Broken pipe
接收数据异常，请稍后再试。
[Errno 32] Broken pipe
接收数据异常，请稍后再试。
[Errno 32] Broken pipe
接收数据异常，请稍后再试。
[Errno 32] Broken pipe
接收数据异常，请稍后再试。
[Errno 32] Broken pipe
接收数据异常，请稍后再试。
[Errno 32] Broken pipe
接收数据异常，请稍后再试。
[Errno 32] Broken pipe
接收数据异常，请稍后再试。
[Errno 32] Broken pipe
接收数据异常，请稍后再试。
[Errno 32] Broken pipe
接收数据异常，请稍后再试。
[Errno 32] Broken pipe
接收数据异常，请稍后再试。
[Errno 32] Broken pipe
接收数据异常，请稍后再试。
[Errno 32] Broken pipe
接收数据异常，请稍后再试。
[Errno 32] Broken pipe
接收数据异常，请稍后再试。
[Errno 32] Broken pipe
接收数据异常，请稍后再试。
[Errno 32] Broken pipe
接收数据异常，请稍后再试。
[Errno 32] Broken pipe
接收数据异常，请稍后再试。
[Errno 32] Broken pipe
接收数据异常，请稍后再试。
[Errno 32] Broken pipe
接收数据异常，请稍后再试。
[Errno 32] Broken pipe
接收数据异常，请稍后再试。
[Errno 32] Broken pipe
接收数据异常，请稍后再试。
[Errno 32] Broken pipe
接收数据异常，请稍后再试。
[Errno 32] Broken pipe
接收数据异常，请稍后再试。
[Errno 32] Broken pipe
接收数据异常，请稍后再试。
[Errno 32] Broken pipe
接收数据异常，请稍后再试。
[Errno 32] Broken pipe
接收数据异常，请稍后再试。
[Errno 32] Broken pipe
接收数据异常，请稍后再试。
[Errno 32] Broken pipe
接收数据异常，请稍后再试。
[Errno 32] Broken pipe
接收数据异常，请稍后再试。
[Errno 32] Broken pipe
接收数据异常，请稍后再试。
[Errno 32] Broken pipe
接收数据异常，请稍后再试。
[Errno 32] Broken pipe
接收数据异常，请稍后再试。
[Errno 32] Broken pipe
接收数据异常，请稍后再试。
[Errno 32] Broken pipe
接收数据异常，请稍后再试。
[Errno 32] Broken pipe
接收数据异常，请稍后再试。
[Errno 32] Broken pipe
接收数据异常，请稍后再试。
[Errno 32] Broken pipe
接收数据异常，请稍后再试。
[Errno 32] Broken pipe
接收数据异常，请稍后再试。
[Errno 32] Broken pipe
接收数据异常，请稍后再试。
[Errno 32] Broken pipe
接收数据异常，请稍后再试。
[Errno 32] Broken pipe
接收数据异常，请稍后再试。
[Errno 32] Broken pipe
接收数据异常，请稍后再试。
[Errno 32] Broken pipe
接收数据异常，请稍后再试。
[Errno 32] Broken pipe
接收数据异常，请稍后再试。
[Errno 32] Broken pipe
接收数据异常，请稍后再试。
[Errno 32] Broken pipe
接收数据异常，请稍后再试。
[Errno 32] Broken pipe
接收数据异常，请稍后再试。
[Errno 32] Broken pipe
接收数据异常，请稍后再试。
[Errno 32] Broken pipe
接收数据异常，请稍后再试。
[Errno 32] Broken pipe
接收数据异常，请稍后再试。
[Errno 32] Broken pipe
接收数据异常，请稍后再试。
[Errno 32] Broken pipe
接收数据异常，请稍后再试。
[Errno 32] Broken pipe
接收数据异常，请稍后再试。
[Errno 32] Broken pipe
接收数据异常，请稍后再试。
[Errno 32] Broken pipe
接收数据异常，请稍后再试。
[Errno 32] Broken pipe
接收数据异常，请稍后再试。
[Errno 32] Broken pipe
接收数据异常，请稍后再试。
[Errno 32] Broken pipe
接收数据异常，请稍后再试。
[Errno 32] Broken pipe
接收数据异常，请稍后再试。
[Errno 32] Broken pipe
接收数据异常，请稍后再试。
[Errno 32] Broken pipe
接收数据异常，请稍后再试。
[Errno 32] Broken pipe
接收数据异常，请稍后再试。
[Errno 32] Broken pipe
接收数据异常，请稍后再试。
[Errno 32] Broken pipe
接收数据异常，请稍后再试。
[Errno 32] Broken pipe
接收数据异常，请稍后再试。
[Errno 32] Broken pipe
接收数据异常，请稍后再试。
[Errno 32] Broken pipe
接收数据异常，请稍后再试。
[Errno 32] Broken pipe
接收数据异常，请稍后再试。
[Errno 32] Broken pipe
接收数据异常，请稍后再试。
[Errno 32] Broken pipe
接收数据异常，请稍后再试。
[Errno 32] Broken pipe
接收数据异常，请稍后再试。
[Errno 32] Broken pipe
接收数据异常，请稍后再试。
[Errno 32] Broken pipe
接收数据异常，请稍后再试。
[Errno 32] Broken pipe
接收数据异常，请稍后再试。
[Errno 32] Broken pipe
接收数据异常，请稍后再试。
[Errno 32] Broken pipe
接收数据异常，请稍后再试。
[Errno 32] Broken pipe
接收数据异常，请稍后再试。
[Errno 32] Broken pipe
接收数据异常，请稍后再试。
[Errno 32] Broken pipe
接收数据异常，请稍后再试。
[Errno 32] Broken pipe
接收数据异常，请稍后再试。
[Errno 32] Broken pipe
接收数据异常，请稍后再试。
[Errno 32] Broken pipe
接收数据异常，请稍后再试。
[Errno 32] Broken pipe
接收数据异常，请稍后再试。
[Errno 32] Broken pipe
接收数据异常，请稍后再试。
[Errno 32] Broken pipe
接收数据异常，请稍后再试。
[Errno 32] Broken pipe
接收数据异常，请稍后再试。
[Errno 32] Broken pipe
接收数据异常，请稍后再试。
[Errno 32] Broken pipe
接收数据异常，请稍后再试。
[Errno 32] Broken pipe
接收数据异常，请稍后再试。
[Errno 32] Broken pipe
接收数据异常，请稍后再试。
[Errno 32] Broken pipe
接收数据异常，请稍后再试。
[Errno 32] Broken pipe
接收数据异常，请稍后再试。
[Errno 32] Broken pipe
接收数据异常，请稍后再试。
[Errno 32] Broken pipe
接收数据异常，请稍后再试。
[Errno 32] Broken pipe
接收数据异常，请稍后再试。
[Errno 32] Broken pipe
接收数据异常，请稍后再试。
[Errno 32] Broken pipe
接收数据异常，请稍后再试。
[Errno 32] Broken pipe
接收数据异常，请稍后再试。
[Errno 32] Broken pipe
接收数据异常，请稍后再试。
[Errno 32] Broken pipe
接收数据异常，请稍后再试。
[Errno 32] Broken pipe
接收数据异常，请稍后再试。
[Errno 32] Broken pipe
接收数据异常，请稍后再试。
[Errno 32] Broken pipe
接收数据异常，请稍后再试。
[Errno 32] Broken pipe
接收数据异常，请稍后再试。
[Errno 32] Broken pipe
接收数据异常，请稍后再试。
[Errno 32] Broken pipe
接收数据异常，请稍后再试。
[Errno 32] Broken pipe
接收数据异常，请稍后再试。
[Errno 32] Broken pipe
接收数据异常，请稍后再试。
[Errno 32] Broken pipe
接收数据异常，请稍后再试。
[Errno 32] Broken pipe
接收数据异常，请稍后再试。
[Errno 32] Broken pipe
接收数据异常，请稍后再试。
[Errno 32] Broken pipe
接收数据异常，请稍后再试。
[Errno 32] Broken pipe
接收数据异常，请稍后再试。
[Errno 32] Broken pipe
接收数据异常，请稍后再试。
[Errno 32] Broken pipe
接收数据异常，请稍后再试。
[Errno 32] Broken pipe
接收数据异常，请稍后再试。
[Errno 32] Broken pipe
接收数据异常，请稍后再试。
[Errno 32] Broken pipe
接收数据异常，请稍后再试。
[Errno 32] Broken pipe
接收数据异常，请稍后再试。
[Errno 32] Broken pipe
接收数据异常，请稍后再试。
[Errno 32] Broken pipe
接收数据异常，请稍后再试。
[Errno 32] Broken pipe
接收数据异常，请稍后再试。
[Errno 32] Broken pipe
接收数据异常，请稍后再试。
[Errno 32] Broken pipe
接收数据异常，请稍后再试。
[Errno 32] Broken pipe
接收数据异常，请稍后再试。
[Errno 32] Broken pipe
接收数据异常，请稍后再试。
[Errno 32] Broken pipe
接收数据异常，请稍后再试。
[Errno 32] Broken pipe
接收数据异常，请稍后再试。
[Errno 32] Broken pipe
接收数据异常，请稍后再试。
[Errno 32] Broken pipe
接收数据异常，请稍后再试。
[Errno 32] Broken pipe
接收数据异常，请稍后再试。
[Errno 32] Broken pipe
接收数据异常，请稍后再试。
[Errno 32] Broken pipe
接收数据异常，请稍后再试。
[Errno 32] Broken pipe
接收数据异常，请稍后再试。
[Errno 32] Broken pipe
接收数据异常，请稍后再试。
[Errno 32] Broken pipe
接收数据异常，请稍后再试。
[Errno 32] Broken pipe
接收数据异常，请稍后再试。
[Errno 32] Broken pipe
接收数据异常，请稍后再试。
[Errno 32] Broken pipe
接收数据异常，请稍后再试。
[Errno 32] Broken pipe
接收数据异常，请稍后再试。
[Errno 32] Broken pipe
接收数据异常，请稍后再试。
[Errno 32] Broken pipe
接收数据异常，请稍后再试。
[Errno 32] Broken pipe
接收数据异常，请稍后再试。
[Errno 32] Broken pipe
接收数据异常，请稍后再试。
[Errno 32] Broken pipe
接收数据异常，请稍后再试。
[Errno 32] Broken pipe
接收数据异常，请稍后再试。
[Errno 32] Broken pipe
接收数据异常，请稍后再试。
[Errno 32] Broken pipe
接收数据异常，请稍后再试。
[Errno 32] Broken pipe
接收数据异常，请稍后再试。
[Errno 32] Broken pipe
接收数据异常，请稍后再试。
[Errno 32] Broken pipe
接收数据异常，请稍后再试。
[Errno 32] Broken pipe
接收数据异常，请稍后再试。
[Errno 32] Broken pipe
接收数据异常，请稍后再试。
[Errno 32] Broken pipe
接收数据异常，请稍后再试。
[Errno 32] Broken pipe
接收数据异常，请稍后再试。
[Errno 32] Broken pipe
接收数据异常，请稍后再试。
[Errno 32] Broken pipe
接收数据异常，请稍后再试。
[Errno 32] Broken pipe
接收数据异常，请稍后再试。
[Errno 32] Broken pipe
接收数据异常，请稍后再试。
[Errno 32] Broken pipe
接收数据异常，请稍后再试。
[Errno 32] Broken pipe
接收数据异常，请稍后再试。
[Errno 32] Broken pipe
接收数据异常，请稍后再试。
[Errno 32] Broken pipe
接收数据异常，请稍后再试。
[Errno 32] Broken pipe
接收数据异常，请稍后再试。
[Errno 32] Broken pipe
接收数据异常，请稍后再试。
[Errno 32] Broken pipe
接收数据异常，请稍后再试。
[Errno 32] Broken pipe
接收数据异常，请稍后再试。
[Errno 32] Broken pipe
接收数据异常，请稍后再试。
[Errno 32] Broken pipe
接收数据异常，请稍后再试。
[Errno 32] Broken pipe
接收数据异常，请稍后再试。
[Errno 32] Broken pipe
接收数据异常，请稍后再试。
[Errno 32] Broken pipe
接收数据异常，请稍后再试。
[Errno 32] Broken pipe
接收数据异常，请稍后再试。
[Errno 32] Broken pipe
接收数据异常，请稍后再试。
[Errno 32] Broken pipe
接收数据异常，请稍后再试。
[Errno 32] Broken pipe
接收数据异常，请稍后再试。
[Errno 32] Broken pipe
接收数据异常，请稍后再试。
[Errno 32] Broken pipe
接收数据异常，请稍后再试。
[Errno 32] Broken pipe
接收数据异常，请稍后再试。
[Errno 32] Broken pipe
接收数据异常，请稍后再试。
[Errno 32] Broken pipe
接收数据异常，请稍后再试。
[Errno 32] Broken pipe
接收数据异常，请稍后再试。
[Errno 32] Broken pipe
接收数据异常，请稍后再试。
[Errno 32] Broken pipe
接收数据异常，请稍后再试。
[Errno 32] Broken pipe
接收数据异常，请稍后再试。
[Errno 32] Broken pipe
接收数据异常，请稍后再试。
[Errno 32] Broken pipe
接收数据异常，请稍后再试。
[Errno 32] Broken pipe
接收数据异常，请稍后再试。
[Errno 32] Broken pipe
接收数据异常，请稍后再试。
[Errno 32] Broken pipe
接收数据异常，请稍后再试。
[Errno 32] Broken pipe
接收数据异常，请稍后再试。
[Errno 32] Broken pipe
接收数据异常，请稍后再试。
[Errno 32] Broken pipe
接收数据异常，请稍后再试。
[Errno 32] Broken pipe
接收数据异常，请稍后再试。
[Errno 32] Broken pipe
接收数据异常，请稍后再试。
[Errno 32] Broken pipe
接收数据异常，请稍后再试。
[Errno 32] Broken pipe
接收数据异常，请稍后再试。
[Errno 32] Broken pipe
接收数据异常，请稍后再试。
[Errno 32] Broken pipe
接收数据异常，请稍后再试。
[Errno 32] Broken pipe
接收数据异常，请稍后再试。
[Errno 32] Broken pipe
接收数据异常，请稍后再试。
[Errno 32] Broken pipe
接收数据异常，请稍后再试。
[Errno 32] Broken pipe
接收数据异常，请稍后再试。
[Errno 32] Broken pipe
接收数据异常，请稍后再试。
[Errno 32] Broken pipe
接收数据异常，请稍后再试。
[Errno 32] Broken pipe
接收数据异常，请稍后再试。
[Errno 32] Broken pipe
接收数据异常，请稍后再试。
[Errno 32] Broken pipe
接收数据异常，请稍后再试。
[Errno 32] Broken pipe
接收数据异常，请稍后再试。
[Errno 32] Broken pipe
接收数据异常，请稍后再试。
[Errno 32] Broken pipe
接收数据异常，请稍后再试。
[Errno 32] Broken pipe
接收数据异常，请稍后再试。
[Errno 32] Broken pipe
接收数据异常，请稍后再试。
[Errno 32] Broken pipe
接收数据异常，请稍后再试。
[Errno 32] Broken pipe
接收数据异常，请稍后再试。
[Errno 32] Broken pipe
接收数据异常，请稍后再试。
[Errno 32] Broken pipe
接收数据异常，请稍后再试。
[Errno 32] Broken pipe
接收数据异常，请稍后再试。
[Errno 32] Broken pipe
接收数据异常，请稍后再试。
[Errno 32] Broken pipe
接收数据异常，请稍后再试。
[Errno 32] Broken pipe
接收数据异常，请稍后再试。
[Errno 32] Broken pipe
接收数据异常，请稍后再试。
[Errno 32] Broken pipe
接收数据异常，请稍后再试。
[Errno 32] Broken pipe
接收数据异常，请稍后再试。
[Errno 32] Broken pipe
接收数据异常，请稍后再试。
[Errno 32] Broken pipe
接收数据异常，请稍后再试。
[Errno 32] Broken pipe
接收数据异常，请稍后再试。
[Errno 32] Broken pipe
接收数据异常，请稍后再试。
[Errno 32] Broken pipe
接收数据异常，请稍后再试。
[Errno 32] Broken pipe
接收数据异常，请稍后再试。
[Errno 32] Broken pipe
接收数据异常，请稍后再试。
[Errno 32] Broken pipe
接收数据异常，请稍后再试。
[Errno 32] Broken pipe
接收数据异常，请稍后再试。
[Errno 32] Broken pipe
接收数据异常，请稍后再试。
[Errno 32] Broken pipe
接收数据异常，请稍后再试。
[Errno 32] Broken pipe
接收数据异常，请稍后再试。
[Errno 32] Broken pipe
接收数据异常，请稍后再试。
[Errno 32] Broken pipe
接收数据异常，请稍后再试。
[Errno 32] Broken pipe
接收数据异常，请稍后再试。
[Errno 32] Broken pipe
接收数据异常，请稍后再试。
[Errno 32] Broken pipe
接收数据异常，请稍后再试。
[Errno 32] Broken pipe
接收数据异常，请稍后再试。
[Errno 32] Broken pipe
接收数据异常，请稍后再试。
[Errno 32] Broken pipe
接收数据异常，请稍后再试。
[Errno 32] Broken pipe
接收数据异常，请稍后再试。
[Errno 32] Broken pipe
接收数据异常，请稍后再试。
[Errno 32] Broken pipe
接收数据异常，请稍后再试。
[Errno 32] Broken pipe
接收数据异常，请稍后再试。
[Errno 32] Broken pipe
接收数据异常，请稍后再试。
[Errno 32] Broken pipe
接收数据异常，请稍后再试。
[Errno 32] Broken pipe
接收数据异常，请稍后再试。
[Errno 32] Broken pipe
接收数据异常，请稍后再试。
[Errno 32] Broken pipe
接收数据异常，请稍后再试。
[Errno 32] Broken pipe
接收数据异常，请稍后再试。
[Errno 32] Broken pipe
接收数据异常，请稍后再试。
[Errno 32] Broken pipe
接收数据异常，请稍后再试。
[Errno 32] Broken pipe
接收数据异常，请稍后再试。
[Errno 32] Broken pipe
接收数据异常，请稍后再试。
[Errno 32] Broken pipe
接收数据异常，请稍后再试。
[Errno 32] Broken pipe
接收数据异常，请稍后再试。
[Errno 32] Broken pipe
接收数据异常，请稍后再试。
[Errno 32] Broken pipe
接收数据异常，请稍后再试。
[Errno 32] Broken pipe
接收数据异常，请稍后再试。
[Errno 32] Broken pipe
接收数据异常，请稍后再试。
[Errno 32] Broken pipe
接收数据异常，请稍后再试。
[Errno 32] Broken pipe
接收数据异常，请稍后再试。
[Errno 32] Broken pipe
接收数据异常，请稍后再试。
[Errno 32] Broken pipe
接收数据异常，请稍后再试。
[Errno 32] Broken pipe
接收数据异常，请稍后再试。
[Errno 32] Broken pipe
接收数据异常，请稍后再试。
[Errno 32] Broken pipe
接收数据异常，请稍后再试。
[Errno 32] Broken pipe
接收数据异常，请稍后再试。
[Errno 32] Broken pipe
接收数据异常，请稍后再试。
[Errno 32] Broken pipe
接收数据异常，请稍后再试。
[Errno 32] Broken pipe
接收数据异常，请稍后再试。
[Errno 32] Broken pipe
接收数据异常，请稍后再试。
[Errno 32] Broken pipe
接收数据异常，请稍后再试。
[Errno 32] Broken pipe
接收数据异常，请稍后再试。
[Errno 32] Broken pipe
接收数据异常，请稍后再试。
[Errno 32] Broken pipe
接收数据异常，请稍后再试。
[Errno 32] Broken pipe
接收数据异常，请稍后再试。
[Errno 32] Broken pipe
接收数据异常，请稍后再试。
[Errno 32] Broken pipe
接收数据异常，请稍后再试。
[Errno 32] Broken pipe
接收数据异常，请稍后再试。
[Errno 32] Broken pipe
接收数据异常，请稍后再试。
[Errno 32] Broken pipe
接收数据异常，请稍后再试。
[Errno 32] Broken pipe
接收数据异常，请稍后再试。
[Errno 32] Broken pipe
接收数据异常，请稍后再试。
[Errno 32] Broken pipe
接收数据异常，请稍后再试。
[Errno 32] Broken pipe
接收数据异常，请稍后再试。
[Errno 32] Broken pipe
接收数据异常，请稍后再试。
[Errno 32] Broken pipe
接收数据异常，请稍后再试。
[Errno 32] Broken pipe
接收数据异常，请稍后再试。
[Errno 32] Broken pipe
接收数据异常，请稍后再试。
[Errno 32] Broken pipe
接收数据异常，请稍后再试。
[Errno 32] Broken pipe
接收数据异常，请稍后再试。
[Errno 32] Broken pipe
接收数据异常，请稍后再试。
[Errno 32] Broken pipe
接收数据异常，请稍后再试。
[Errno 32] Broken pipe
接收数据异常，请稍后再试。
[Errno 32] Broken pipe
接收数据异常，请稍后再试。
[Errno 32] Broken pipe
接收数据异常，请稍后再试。
[Errno 32] Broken pipe
接收数据异常，请稍后再试。
[Errno 32] Broken pipe
接收数据异常，请稍后再试。
[Errno 32] Broken pipe
接收数据异常，请稍后再试。
[Errno 32] Broken pipe
接收数据异常，请稍后再试。
[Errno 32] Broken pipe
接收数据异常，请稍后再试。
[Errno 32] Broken pipe
接收数据异常，请稍后再试。
[Errno 32] Broken pipe
接收数据异常，请稍后再试。
[Errno 32] Broken pipe
接收数据异常，请稍后再试。
[Errno 32] Broken pipe
接收数据异常，请稍后再试。
[Errno 32] Broken pipe
接收数据异常，请稍后再试。
[Errno 32] Broken pipe
接收数据异常，请稍后再试。
[Errno 32] Broken pipe
接收数据异常，请稍后再试。
[Errno 32] Broken pipe
接收数据异常，请稍后再试。
[Errno 32] Broken pipe
接收数据异常，请稍后再试。
[Errno 32] Broken pipe
接收数据异常，请稍后再试。
[Errno 32] Broken pipe
接收数据异常，请稍后再试。
[Errno 32] Broken pipe
接收数据异常，请稍后再试。
[Errno 32] Broken pipe
接收数据异常，请稍后再试。
[Errno 32] Broken pipe
接收数据异常，请稍后再试。
[Errno 32] Broken pipe
接收数据异常，请稍后再试。
[Errno 32] Broken pipe
接收数据异常，请稍后再试。
[Errno 32] Broken pipe
接收数据异常，请稍后再试。
[Errno 32] Broken pipe
接收数据异常，请稍后再试。
[Errno 32] Broken pipe
接收数据异常，请稍后再试。
[Errno 32] Broken pipe
接收数据异常，请稍后再试。
[Errno 32] Broken pipe
接收数据异常，请稍后再试。
[Errno 32] Broken pipe
接收数据异常，请稍后再试。
[Errno 32] Broken pipe
接收数据异常，请稍后再试。
[Errno 32] Broken pipe
接收数据异常，请稍后再试。
[Errno 32] Broken pipe
接收数据异常，请稍后再试。
[Errno 32] Broken pipe
接收数据异常，请稍后再试。
[Errno 32] Broken pipe
接收数据异常，请稍后再试。
[Errno 32] Broken pipe
接收数据异常，请稍后再试。
[Errno 32] Broken pipe
接收数据异常，请稍后再试。
[Errno 32] Broken pipe
接收数据异常，请稍后再试。
[Errno 32] Broken pipe
接收数据异常，请稍后再试。
[Errno 32] Broken pipe
接收数据异常，请稍后再试。
[Errno 32] Broken pipe
接收数据异常，请稍后再试。
[Errno 32] Broken pipe
接收数据异常，请稍后再试。
[Errno 32] Broken pipe
接收数据异常，请稍后再试。
[Errno 32] Broken pipe
接收数据异常，请稍后再试。
[Errno 32] Broken pipe
接收数据异常，请稍后再试。
[Errno 32] Broken pipe
接收数据异常，请稍后再试。
[Errno 32] Broken pipe
接收数据异常，请稍后再试。
[Errno 32] Broken pipe
接收数据异常，请稍后再试。
[Errno 32] Broken pipe
接收数据异常，请稍后再试。
[Errno 32] Broken pipe
接收数据异常，请稍后再试。
[Errno 32] Broken pipe
接收数据异常，请稍后再试。
[Errno 32] Broken pipe
接收数据异常，请稍后再试。
[Errno 32] Broken pipe
接收数据异常，请稍后再试。
[Errno 32] Broken pipe
接收数据异常，请稍后再试。
[Errno 32] Broken pipe
接收数据异常，请稍后再试。
[Errno 32] Broken pipe
接收数据异常，请稍后再试。
[Errno 32] Broken pipe
接收数据异常，请稍后再试。
[Errno 32] Broken pipe
接收数据异常，请稍后再试。
[Errno 32] Broken pipe
接收数据异常，请稍后再试。
[Errno 32] Broken pipe
接收数据异常，请稍后再试。
[Errno 32] Broken pipe
接收数据异常，请稍后再试。
[Errno 32] Broken pipe
接收数据异常，请稍后再试。
[Errno 32] Broken pipe
接收数据异常，请稍后再试。
[Errno 32] Broken pipe
接收数据异常，请稍后再试。
[Errno 32] Broken pipe
接收数据异常，请稍后再试。
[Errno 32] Broken pipe
接收数据异常，请稍后再试。
[Errno 32] Broken pipe
接收数据异常，请稍后再试。
[Errno 32] Broken pipe
接收数据异常，请稍后再试。
[Errno 32] Broken pipe
接收数据异常，请稍后再试。
[Errno 32] Broken pipe
接收数据异常，请稍后再试。
[Errno 32] Broken pipe
接收数据异常，请稍后再试。
[Errno 32] Broken pipe
接收数据异常，请稍后再试。
[Errno 32] Broken pipe
接收数据异常，请稍后再试。
[Errno 32] Broken pipe
接收数据异常，请稍后再试。
[Errno 32] Broken pipe
接收数据异常，请稍后再试。
[Errno 32] Broken pipe
接收数据异常，请稍后再试。
[Errno 32] Broken pipe
接收数据异常，请稍后再试。

[2026-05-24 16:09] Daily update complete.
  Updated: 0 existing
  New:     0 new stocks
  Skipped: 5229
======================================================================
  AlphaPulse-A 周五选股 (2026-05-22)
======================================================================

[1] Loading stocks...
    Total: 5176 stocks
    With data >= 5/19: 4850 stocks

[2] Applying filters...
    ST excluded: 224
    Delisted excluded: 3
    Limit-up excluded: 89
    Passed filter: 4534 stocks

[3] Running strategies...
    B1_FORMULA: 4534 stocks with signals
    BRICK_ULTRA: 4534 stocks with signals
    NEEDLE_ENHANCED: 332 stocks with signals
    B1_ENHANCED: 4534 stocks with signals

======================================================================
  FRIDAY (5/21-5/22) SIGNALS
======================================================================

--- B1_FORMULA: 264 stocks ---
  000027  last=2026-05-22  total_signals=114
  000036  last=2026-05-22  total_signals=97
  000063  last=2026-05-22  total_signals=72
  000151  last=2026-05-22  total_signals=89
  000301  last=2026-05-22  total_signals=113
  000402  last=2026-05-22  total_signals=87
  000531  last=2026-05-22  total_signals=107
  000537  last=2026-05-22  total_signals=98
  000539  last=2026-05-22  total_signals=135
  000553  last=2026-05-22  total_signals=95
  000565  last=2026-05-22  total_signals=82
  000567  last=2026-05-22  total_signals=121
  000570  last=2026-05-22  total_signals=116
  000589  last=2026-05-22  total_signals=136
  000601  last=2026-05-22  total_signals=98
  000620  last=2026-05-22  total_signals=90
  000628  last=2026-05-22  total_signals=89
  000637  last=2026-05-22  total_signals=102
  000692  last=2026-05-22  total_signals=125
  000722  last=2026-05-22  total_signals=102
  000782  last=2026-05-22  total_signals=133
  000783  last=2026-05-22  total_signals=118
  000791  last=2026-05-22  total_signals=111
  000815  last=2026-05-22  total_signals=93
  000848  last=2026-05-22  total_signals=112

--- BRICK_ULTRA: 279 stocks ---
  000007  last=2026-05-22  total_signals=163
  000030  last=2026-05-22  total_signals=163
  000049  last=2026-05-22  total_signals=164
  000338  last=2026-05-22  total_signals=161
  000408  last=2026-05-22  total_signals=154
  000426  last=2026-05-22  total_signals=164
  000519  last=2026-05-22  total_signals=155
  000525  last=2026-05-22  total_signals=155
  000528  last=2026-05-22  total_signals=140
  000529  last=2026-05-22  total_signals=162
  000541  last=2026-05-22  total_signals=152
  000555  last=2026-05-22  total_signals=168
  000558  last=2026-05-22  total_signals=162
  000564  last=2026-05-22  total_signals=171
  000576  last=2026-05-22  total_signals=155
  000589  last=2026-05-22  total_signals=159
  000590  last=2026-05-22  total_signals=161
  000603  last=2026-05-22  total_signals=180
  000612  last=2026-05-22  total_signals=157
  000629  last=2026-05-22  total_signals=178
  000633  last=2026-05-22  total_signals=158
  000708  last=2026-05-22  total_signals=155
  000715  last=2026-05-22  total_signals=146
  000737  last=2026-05-22  total_signals=144
  000792  last=2026-05-22  total_signals=122

--- NEEDLE_ENHANCED: 0 stocks ---

--- B1_ENHANCED: 359 stocks ---
  000027  last=2026-05-22  total_signals=149
  000036  last=2026-05-22  total_signals=132
  000063  last=2026-05-22  total_signals=103
  000151  last=2026-05-22  total_signals=116
  000301  last=2026-05-22  total_signals=140
  000338  last=2026-05-22  total_signals=166
  000402  last=2026-05-22  total_signals=110
  000531  last=2026-05-22  total_signals=151
  000537  last=2026-05-22  total_signals=118
  000539  last=2026-05-22  total_signals=174
  000553  last=2026-05-22  total_signals=120
  000565  last=2026-05-22  total_signals=124
  000567  last=2026-05-22  total_signals=162
  000570  last=2026-05-22  total_signals=152
  000589  last=2026-05-22  total_signals=170
  000601  last=2026-05-22  total_signals=121
  000620  last=2026-05-22  total_signals=115
  000628  last=2026-05-22  total_signals=132
  000637  last=2026-05-22  total_signals=145
  000692  last=2026-05-22  total_signals=176
  000722  last=2026-05-22  total_signals=163
  000782  last=2026-05-22  total_signals=185
  000783  last=2026-05-22  total_signals=152
  000791  last=2026-05-22  total_signals=152
  000815  last=2026-05-22  total_signals=134

======================================================================
  CONSENSUS (2+ strategies, latest signal Thu-Fri)
======================================================================
  000589: B1_FORMULA, BRICK_ULTRA, B1_ENHANCED (last=2026-05-22, total=465)
  000338: B1_FORMULA, BRICK_ULTRA, B1_ENHANCED (last=2026-05-21, total=450)
  300453: B1_FORMULA, BRICK_ULTRA, B1_ENHANCED (last=2026-05-21, total=429)
  603110: B1_FORMULA, BRICK_ULTRA, B1_ENHANCED (last=2026-05-21, total=424)
  603600: B1_FORMULA, BRICK_ULTRA, B1_ENHANCED (last=2026-05-22, total=394)
  600111: B1_FORMULA, BRICK_ULTRA, B1_ENHANCED (last=2026-05-22, total=383)
  603819: B1_FORMULA, BRICK_ULTRA, B1_ENHANCED (last=2026-05-21, total=363)
  600177: B1_FORMULA, B1_ENHANCED (last=2026-05-21, total=354)
  300777: B1_FORMULA, BRICK_ULTRA, B1_ENHANCED (last=2026-05-21, total=350)
  300558: B1_FORMULA, BRICK_ULTRA, B1_ENHANCED (last=2026-05-22, total=335)
  000404: BRICK_ULTRA, B1_ENHANCED (last=2026-05-21, total=328)
  002158: BRICK_ULTRA, B1_ENHANCED (last=2026-05-22, total=327)
  300626: BRICK_ULTRA, B1_ENHANCED (last=2026-05-22, total=322)
  000782: B1_FORMULA, B1_ENHANCED (last=2026-05-22, total=318)
  603979: BRICK_ULTRA, B1_ENHANCED (last=2026-05-22, total=318)
  002149: BRICK_ULTRA, B1_ENHANCED (last=2026-05-22, total=314)
  603009: BRICK_ULTRA, B1_ENHANCED (last=2026-05-21, total=310)
  000539: B1_FORMULA, B1_ENHANCED (last=2026-05-22, total=309)
  002266: BRICK_ULTRA, B1_ENHANCED (last=2026-05-22, total=309)
  600226: BRICK_ULTRA, B1_ENHANCED (last=2026-05-22, total=309)
  300407: BRICK_ULTRA, B1_ENHANCED (last=2026-05-22, total=308)
  300861: B1_FORMULA, BRICK_ULTRA, B1_ENHANCED (last=2026-05-21, total=307)
  603986: BRICK_ULTRA, B1_ENHANCED (last=2026-05-22, total=306)
  002203: BRICK_ULTRA, B1_ENHANCED (last=2026-05-22, total=305)
  002484: BRICK_ULTRA, B1_ENHANCED (last=2026-05-22, total=305)
  300684: BRICK_ULTRA, B1_ENHANCED (last=2026-05-22, total=305)
  002645: BRICK_ULTRA, B1_ENHANCED (last=2026-05-22, total=303)
  688677: B1_FORMULA, BRICK_ULTRA, B1_ENHANCED (last=2026-05-21, total=302)
  600584: BRICK_ULTRA, B1_ENHANCED (last=2026-05-22, total=302)
  000692: B1_FORMULA, B1_ENHANCED (last=2026-05-22, total=301)
  600558: B1_FORMULA, B1_ENHANCED (last=2026-05-22, total=301)
  600267: B1_FORMULA, B1_ENHANCED (last=2026-05-21, total=301)
  603995: B1_FORMULA, B1_ENHANCED (last=2026-05-22, total=300)
  600900: B1_FORMULA, B1_ENHANCED (last=2026-05-21, total=300)
  603893: BRICK_ULTRA, B1_ENHANCED (last=2026-05-22, total=300)
  002821: BRICK_ULTRA, B1_ENHANCED (last=2026-05-21, total=300)
  002888: BRICK_ULTRA, B1_ENHANCED (last=2026-05-21, total=300)
  002906: BRICK_ULTRA, B1_ENHANCED (last=2026-05-21, total=299)
  300395: BRICK_ULTRA, B1_ENHANCED (last=2026-05-22, total=298)
  002436: BRICK_ULTRA, B1_ENHANCED (last=2026-05-22, total=297)
  002040: B1_FORMULA, B1_ENHANCED (last=2026-05-21, total=296)
  002576: BRICK_ULTRA, B1_ENHANCED (last=2026-05-22, total=294)
  300502: BRICK_ULTRA, B1_ENHANCED (last=2026-05-22, total=294)
  600580: BRICK_ULTRA, B1_ENHANCED (last=2026-05-22, total=293)
  300700: BRICK_ULTRA, B1_ENHANCED (last=2026-05-22, total=291)
  600336: BRICK_ULTRA, B1_ENHANCED (last=2026-05-22, total=290)
  603085: BRICK_ULTRA, B1_ENHANCED (last=2026-05-22, total=290)
  600143: BRICK_ULTRA, B1_ENHANCED (last=2026-05-22, total=289)
  002135: BRICK_ULTRA, B1_ENHANCED (last=2026-05-22, total=288)
  300496: BRICK_ULTRA, B1_ENHANCED (last=2026-05-22, total=286)
  300790: BRICK_ULTRA, B1_ENHANCED (last=2026-05-22, total=286)
  688008: BRICK_ULTRA, B1_ENHANCED (last=2026-05-22, total=286)
  688139: BRICK_ULTRA, B1_ENHANCED (last=2026-05-22, total=286)
  300254: B1_FORMULA, B1_ENHANCED (last=2026-05-22, total=285)
  601339: B1_FORMULA, B1_ENHANCED (last=2026-05-22, total=285)
  300221: BRICK_ULTRA, B1_ENHANCED (last=2026-05-22, total=284)
  000567: B1_FORMULA, B1_ENHANCED (last=2026-05-22, total=283)
  300285: BRICK_ULTRA, B1_ENHANCED (last=2026-05-22, total=283)
  000509: B1_FORMULA, B1_ENHANCED (last=2026-05-21, total=282)
  600118: B1_FORMULA, B1_ENHANCED (last=2026-05-21, total=282)
  603626: BRICK_ULTRA, B1_ENHANCED (last=2026-05-21, total=280)
  600236: B1_FORMULA, B1_ENHANCED (last=2026-05-22, total=278)
  300730: BRICK_ULTRA, B1_ENHANCED (last=2026-05-22, total=278)
  300881: BRICK_ULTRA, B1_ENHANCED (last=2026-05-22, total=278)
  300228: B1_FORMULA, B1_ENHANCED (last=2026-05-22, total=276)
  600329: B1_FORMULA, B1_ENHANCED (last=2026-05-22, total=276)
  002327: B1_FORMULA, B1_ENHANCED (last=2026-05-22, total=275)
  603776: BRICK_ULTRA, B1_ENHANCED (last=2026-05-21, total=275)
  002940: BRICK_ULTRA, B1_ENHANCED (last=2026-05-21, total=273)
  002962: BRICK_ULTRA, B1_ENHANCED (last=2026-05-21, total=272)
  300566: BRICK_ULTRA, B1_ENHANCED (last=2026-05-22, total=271)
  000783: B1_FORMULA, B1_ENHANCED (last=2026-05-22, total=270)
  600540: B1_FORMULA, B1_ENHANCED (last=2026-05-22, total=270)
  000993: B1_FORMULA, B1_ENHANCED (last=2026-05-22, total=269)
  000570: B1_FORMULA, B1_ENHANCED (last=2026-05-22, total=268)
  000950: B1_FORMULA, B1_ENHANCED (last=2026-05-22, total=267)
  605058: BRICK_ULTRA, B1_ENHANCED (last=2026-05-22, total=267)
  600463: B1_FORMULA, B1_ENHANCED (last=2026-05-22, total=266)
  601108: B1_FORMULA, B1_ENHANCED (last=2026-05-21, total=266)
  000722: B1_FORMULA, B1_ENHANCED (last=2026-05-22, total=265)
  601985: B1_FORMULA, B1_ENHANCED (last=2026-05-21, total=264)
  000027: B1_FORMULA, B1_ENHANCED (last=2026-05-22, total=263)
  000791: B1_FORMULA, B1_ENHANCED (last=2026-05-22, total=263)
  600573: B1_FORMULA, B1_ENHANCED (last=2026-05-22, total=263)
  300209: BRICK_ULTRA, B1_ENHANCED (last=2026-05-22, total=262)
  002563: B1_FORMULA, B1_ENHANCED (last=2026-05-22, total=261)
  601699: B1_FORMULA, B1_ENHANCED (last=2026-05-22, total=260)
  600744: B1_FORMULA, B1_ENHANCED (last=2026-05-21, total=260)
  002108: B1_FORMULA, B1_ENHANCED (last=2026-05-22, total=259)
  300893: B1_FORMULA, B1_ENHANCED (last=2026-05-22, total=259)
  002939: B1_FORMULA, B1_ENHANCED (last=2026-05-21, total=259)
  300397: BRICK_ULTRA, B1_ENHANCED (last=2026-05-22, total=259)
  000531: B1_FORMULA, B1_ENHANCED (last=2026-05-22, total=258)
  600098: B1_FORMULA, B1_ENHANCED (last=2026-05-22, total=258)
  002154: B1_FORMULA, B1_ENHANCED (last=2026-05-22, total=257)
  000848: B1_FORMULA, B1_ENHANCED (last=2026-05-22, total=255)
  688129: BRICK_ULTRA, B1_ENHANCED (last=2026-05-22, total=255)
  300762: B1_FORMULA, B1_ENHANCED (last=2026-05-22, total=254)
  600506: B1_FORMULA, B1_ENHANCED (last=2026-05-22, total=254)
  600651: B1_FORMULA, B1_ENHANCED (last=2026-05-22, total=254)
  603053: B1_FORMULA, B1_ENHANCED (last=2026-05-22, total=254)
  300938: BRICK_ULTRA, B1_ENHANCED (last=2026-05-22, total=254)
  000301: B1_FORMULA, B1_ENHANCED (last=2026-05-22, total=253)
  300596: B1_FORMULA, B1_ENHANCED (last=2026-05-22, total=253)
  603165: B1_FORMULA, B1_ENHANCED (last=2026-05-22, total=253)
  600674: B1_FORMULA, B1_ENHANCED (last=2026-05-21, total=253)
  300467: B1_FORMULA, B1_ENHANCED (last=2026-05-22, total=250)
  688055: BRICK_ULTRA, B1_ENHANCED (last=2026-05-21, total=250)
  605488: BRICK_ULTRA, B1_ENHANCED (last=2026-05-21, total=248)
  000637: B1_FORMULA, B1_ENHANCED (last=2026-05-22, total=247)
  688096: BRICK_ULTRA, B1_ENHANCED (last=2026-05-22, total=247)
  605299: B1_FORMULA, B1_ENHANCED (last=2026-05-21, total=246)
  000552: B1_FORMULA, B1_ENHANCED (last=2026-05-21, total=245)
  002189: B1_FORMULA, B1_ENHANCED (last=2026-05-21, total=245)
  300819: BRICK_ULTRA, B1_ENHANCED (last=2026-05-22, total=244)
  002293: B1_FORMULA, B1_ENHANCED (last=2026-05-22, total=243)
  002348: B1_FORMULA, B1_ENHANCED (last=2026-05-22, total=243)
  300127: B1_FORMULA, B1_ENHANCED (last=2026-05-22, total=243)
  603131: B1_FORMULA, B1_ENHANCED (last=2026-05-22, total=242)
  300488: B1_FORMULA, B1_ENHANCED (last=2026-05-22, total=241)
  603318: B1_FORMULA, B1_ENHANCED (last=2026-05-22, total=241)
  002404: B1_FORMULA, B1_ENHANCED (last=2026-05-21, total=241)
  603016: B1_FORMULA, B1_ENHANCED (last=2026-05-21, total=241)
  300434: B1_FORMULA, B1_ENHANCED (last=2026-05-22, total=240)
  603848: B1_FORMULA, B1_ENHANCED (last=2026-05-21, total=240)
  002763: B1_FORMULA, B1_ENHANCED (last=2026-05-22, total=239)
  600778: B1_FORMULA, B1_ENHANCED (last=2026-05-22, total=239)
  300257: B1_FORMULA, B1_ENHANCED (last=2026-05-22, total=238)
  603698: B1_FORMULA, B1_ENHANCED (last=2026-05-22, total=238)
  688630: BRICK_ULTRA, B1_ENHANCED (last=2026-05-22, total=238)
  002216: B1_FORMULA, B1_ENHANCED (last=2026-05-22, total=237)
  301276: B1_FORMULA, BRICK_ULTRA, B1_ENHANCED (last=2026-05-22, total=237)
  600027: B1_FORMULA, B1_ENHANCED (last=2026-05-22, total=237)
  688059: BRICK_ULTRA, B1_ENHANCED (last=2026-05-22, total=237)
  601588: B1_FORMULA, B1_ENHANCED (last=2026-05-22, total=236)
  688571: BRICK_ULTRA, B1_ENHANCED (last=2026-05-22, total=236)
  600345: B1_FORMULA, B1_ENHANCED (last=2026-05-22, total=235)
  000966: B1_FORMULA, B1_ENHANCED (last=2026-05-22, total=234)
  002329: B1_FORMULA, B1_ENHANCED (last=2026-05-22, total=233)
  300177: B1_FORMULA, B1_ENHANCED (last=2026-05-22, total=233)
  600023: B1_FORMULA, B1_ENHANCED (last=2026-05-22, total=232)
  603335: B1_FORMULA, B1_ENHANCED (last=2026-05-22, total=232)
  002820: B1_FORMULA, B1_ENHANCED (last=2026-05-22, total=230)
  000036: B1_FORMULA, B1_ENHANCED (last=2026-05-22, total=229)
  300334: B1_FORMULA, B1_ENHANCED (last=2026-05-22, total=229)
  600101: B1_FORMULA, B1_ENHANCED (last=2026-05-22, total=229)
  000815: B1_FORMULA, B1_ENHANCED (last=2026-05-22, total=227)
  300713: B1_FORMULA, B1_ENHANCED (last=2026-05-22, total=227)
  600770: B1_FORMULA, B1_ENHANCED (last=2026-05-22, total=227)
  300928: BRICK_ULTRA, B1_ENHANCED (last=2026-05-22, total=227)
  603033: B1_FORMULA, B1_ENHANCED (last=2026-05-22, total=226)
  603308: B1_FORMULA, B1_ENHANCED (last=2026-05-22, total=226)
  002857: B1_FORMULA, B1_ENHANCED (last=2026-05-22, total=225)
  601858: B1_FORMULA, B1_ENHANCED (last=2026-05-22, total=225)
  002712: B1_FORMULA, B1_ENHANCED (last=2026-05-22, total=224)
  600184: B1_FORMULA, B1_ENHANCED (last=2026-05-22, total=224)
  601918: B1_FORMULA, B1_ENHANCED (last=2026-05-22, total=224)
  603048: B1_FORMULA, B1_ENHANCED (last=2026-05-22, total=224)
  688051: BRICK_ULTRA, B1_ENHANCED (last=2026-05-22, total=224)
  002998: B1_FORMULA, B1_ENHANCED (last=2026-05-22, total=222)
  300959: BRICK_ULTRA, B1_ENHANCED (last=2026-05-22, total=222)
  000628: B1_FORMULA, B1_ENHANCED (last=2026-05-22, total=221)
  603758: B1_FORMULA, B1_ENHANCED (last=2026-05-21, total=221)
  002842: B1_FORMULA, B1_ENHANCED (last=2026-05-21, total=220)
  688308: BRICK_ULTRA, B1_ENHANCED (last=2026-05-22, total=220)
  000601: B1_FORMULA, B1_ENHANCED (last=2026-05-22, total=219)
  002970: B1_FORMULA, B1_ENHANCED (last=2026-05-22, total=219)
  600206: B1_FORMULA, B1_ENHANCED (last=2026-05-22, total=219)
  603217: B1_FORMULA, B1_ENHANCED (last=2026-05-22, total=219)
  603579: B1_FORMULA, B1_ENHANCED (last=2026-05-22, total=219)
  301093: BRICK_ULTRA, B1_ENHANCED (last=2026-05-22, total=218)
  600536: B1_FORMULA, B1_ENHANCED (last=2026-05-22, total=217)
  300946: BRICK_ULTRA, B1_ENHANCED (last=2026-05-22, total=217)
  000537: B1_FORMULA, B1_ENHANCED (last=2026-05-22, total=216)
  000553: B1_FORMULA, B1_ENHANCED (last=2026-05-22, total=215)
  002331: B1_FORMULA, B1_ENHANCED (last=2026-05-22, total=215)
  600100: B1_FORMULA, B1_ENHANCED (last=2026-05-22, total=215)
  605080: BRICK_ULTRA, B1_ENHANCED (last=2026-05-22, total=215)
  688310: B1_FORMULA, B1_ENHANCED (last=2026-05-22, total=214)
  301071: BRICK_ULTRA, B1_ENHANCED (last=2026-05-22, total=214)
  605020: BRICK_ULTRA, B1_ENHANCED (last=2026-05-22, total=214)
  603095: B1_FORMULA, B1_ENHANCED (last=2026-05-22, total=213)
  605088: B1_FORMULA, B1_ENHANCED (last=2026-05-22, total=213)
  000938: B1_FORMULA, B1_ENHANCED (last=2026-05-22, total=212)
  603901: B1_FORMULA, B1_ENHANCED (last=2026-05-22, total=212)
  605566: BRICK_ULTRA, B1_ENHANCED (last=2026-05-21, total=212)
  605303: BRICK_ULTRA, B1_ENHANCED (last=2026-05-21, total=211)
  300393: B1_FORMULA, B1_ENHANCED (last=2026-05-22, total=210)
  300643: B1_FORMULA, B1_ENHANCED (last=2026-05-22, total=210)
  603518: B1_FORMULA, B1_ENHANCED (last=2026-05-22, total=210)
  000977: B1_FORMULA, B1_ENHANCED (last=2026-05-22, total=209)
  002760: B1_FORMULA, B1_ENHANCED (last=2026-05-22, total=209)
  002805: B1_FORMULA, B1_ENHANCED (last=2026-05-22, total=209)
  300045: B1_FORMULA, B1_ENHANCED (last=2026-05-22, total=209)
  600941: B1_FORMULA, B1_ENHANCED (last=2026-05-22, total=209)
  300640: B1_FORMULA, B1_ENHANCED (last=2026-05-22, total=208)
  300736: B1_FORMULA, B1_ENHANCED (last=2026-05-22, total=208)
  688005: B1_FORMULA, B1_ENHANCED (last=2026-05-21, total=208)
  000881: B1_FORMULA, B1_ENHANCED (last=2026-05-22, total=207)
  002841: B1_FORMULA, B1_ENHANCED (last=2026-05-22, total=207)
  300474: B1_FORMULA, B1_ENHANCED (last=2026-05-22, total=207)
  600743: B1_FORMULA, B1_ENHANCED (last=2026-05-22, total=207)
  601868: B1_FORMULA, B1_ENHANCED (last=2026-05-22, total=207)
  603030: B1_FORMULA, B1_ENHANCED (last=2026-05-22, total=207)
  002967: B1_FORMULA, B1_ENHANCED (last=2026-05-21, total=207)
  000565: B1_FORMULA, B1_ENHANCED (last=2026-05-22, total=206)
  000151: B1_FORMULA, B1_ENHANCED (last=2026-05-22, total=205)
  000620: B1_FORMULA, B1_ENHANCED (last=2026-05-22, total=205)
  300969: BRICK_ULTRA, B1_ENHANCED (last=2026-05-22, total=205)
  603868: B1_FORMULA, B1_ENHANCED (last=2026-05-21, total=204)
  300006: B1_FORMULA, B1_ENHANCED (last=2026-05-22, total=203)
  300696: B1_FORMULA, B1_ENHANCED (last=2026-05-22, total=203)
  000953: B1_FORMULA, B1_ENHANCED (last=2026-05-21, total=203)
  002498: B1_FORMULA, B1_ENHANCED (last=2026-05-22, total=202)
  603178: B1_FORMULA, B1_ENHANCED (last=2026-05-22, total=202)
  688155: B1_FORMULA, B1_ENHANCED (last=2026-05-22, total=202)
  001979: B1_FORMULA, B1_ENHANCED (last=2026-05-22, total=200)
  300095: B1_FORMULA, B1_ENHANCED (last=2026-05-22, total=200)
  600078: B1_FORMULA, B1_ENHANCED (last=2026-05-22, total=200)
  300075: B1_FORMULA, B1_ENHANCED (last=2026-05-22, total=199)
  688257: BRICK_ULTRA, B1_ENHANCED (last=2026-05-22, total=199)
  300303: B1_FORMULA, B1_ENHANCED (last=2026-05-22, total=198)
  300778: B1_FORMULA, B1_ENHANCED (last=2026-05-22, total=198)
  603126: B1_FORMULA, B1_ENHANCED (last=2026-05-22, total=198)
  000402: B1_FORMULA, B1_ENHANCED (last=2026-05-22, total=197)
  300949: B1_FORMULA, B1_ENHANCED (last=2026-05-22, total=197)
  300849: B1_FORMULA, B1_ENHANCED (last=2026-05-22, total=196)
  603598: B1_FORMULA, B1_ENHANCED (last=2026-05-22, total=196)
  688166: B1_FORMULA, B1_ENHANCED (last=2026-05-22, total=196)
  603329: B1_FORMULA, B1_ENHANCED (last=2026-05-21, total=196)
  603355: B1_FORMULA, B1_ENHANCED (last=2026-05-22, total=195)
  300454: B1_FORMULA, B1_ENHANCED (last=2026-05-22, total=194)
  003027: B1_FORMULA, B1_ENHANCED (last=2026-05-21, total=194)
  603881: B1_FORMULA, B1_ENHANCED (last=2026-05-22, total=193)
  002951: B1_FORMULA, B1_ENHANCED (last=2026-05-22, total=192)
  603278: B1_FORMULA, B1_ENHANCED (last=2026-05-22, total=192)
  002188: B1_FORMULA, B1_ENHANCED (last=2026-05-22, total=191)
  002855: B1_FORMULA, B1_ENHANCED (last=2026-05-21, total=190)
  301018: BRICK_ULTRA, B1_ENHANCED (last=2026-05-22, total=190)
  002799: B1_FORMULA, B1_ENHANCED (last=2026-05-22, total=189)
  300773: B1_FORMULA, B1_ENHANCED (last=2026-05-22, total=188)
  603322: B1_FORMULA, B1_ENHANCED (last=2026-05-22, total=188)
  688162: BRICK_ULTRA, B1_ENHANCED (last=2026-05-22, total=187)
  002194: B1_FORMULA, B1_ENHANCED (last=2026-05-22, total=186)
  300529: B1_FORMULA, B1_ENHANCED (last=2026-05-22, total=185)
  600498: B1_FORMULA, B1_ENHANCED (last=2026-05-22, total=185)
  300449: B1_FORMULA, B1_ENHANCED (last=2026-05-22, total=184)
  300883: B1_FORMULA, B1_ENHANCED (last=2026-05-22, total=184)
  603836: B1_FORMULA, B1_ENHANCED (last=2026-05-21, total=183)
  688234: BRICK_ULTRA, B1_ENHANCED (last=2026-05-22, total=183)
  003026: B1_FORMULA, B1_ENHANCED (last=2026-05-22, total=182)
  688215: B1_FORMULA, B1_ENHANCED (last=2026-05-22, total=181)
  002761: B1_FORMULA, B1_ENHANCED (last=2026-05-21, total=181)
  603132: B1_FORMULA, B1_ENHANCED (last=2026-05-22, total=179)
  603281: BRICK_ULTRA, B1_ENHANCED (last=2026-05-22, total=178)
  300933: B1_FORMULA, B1_ENHANCED (last=2026-05-22, total=177)
  300972: B1_FORMULA, B1_ENHANCED (last=2026-05-22, total=177)
  688110: B1_FORMULA, B1_ENHANCED (last=2026-05-22, total=177)
  002210: B1_FORMULA, B1_ENHANCED (last=2026-05-22, total=176)
  002730: B1_FORMULA, B1_ENHANCED (last=2026-05-22, total=176)
  301066: B1_FORMULA, B1_ENHANCED (last=2026-05-22, total=176)
  001266: BRICK_ULTRA, B1_ENHANCED (last=2026-05-22, total=176)
  000063: B1_FORMULA, B1_ENHANCED (last=2026-05-22, total=175)
  002397: B1_FORMULA, B1_ENHANCED (last=2026-05-22, total=175)
  600198: B1_FORMULA, B1_ENHANCED (last=2026-05-22, total=175)
  688178: B1_FORMULA, B1_ENHANCED (last=2026-05-22, total=175)
  300915: B1_FORMULA, B1_ENHANCED (last=2026-05-21, total=174)
  300961: B1_FORMULA, B1_ENHANCED (last=2026-05-22, total=173)
  300034: B1_FORMULA, B1_ENHANCED (last=2026-05-21, total=173)
  300469: B1_FORMULA, B1_ENHANCED (last=2026-05-22, total=172)
  301326: BRICK_ULTRA, B1_ENHANCED (last=2026-05-22, total=172)
  688102: B1_FORMULA, B1_ENHANCED (last=2026-05-22, total=171)
  001218: B1_FORMULA, B1_ENHANCED (last=2026-05-22, total=170)
  301149: B1_FORMULA, B1_ENHANCED (last=2026-05-22, total=170)
  688618: B1_FORMULA, B1_ENHANCED (last=2026-05-22, total=170)
  300981: B1_FORMULA, B1_ENHANCED (last=2026-05-22, total=169)
  603506: B1_FORMULA, B1_ENHANCED (last=2026-05-22, total=167)
  603803: B1_FORMULA, B1_ENHANCED (last=2026-05-22, total=167)
  603818: B1_FORMULA, B1_ENHANCED (last=2026-05-22, total=167)
  300213: B1_FORMULA, B1_ENHANCED (last=2026-05-22, total=166)
  300253: B1_FORMULA, B1_ENHANCED (last=2026-05-22, total=166)
  688291: BRICK_ULTRA, B1_ENHANCED (last=2026-05-21, total=166)
  301156: B1_FORMULA, B1_ENHANCED (last=2026-05-22, total=164)
  300592: B1_FORMULA, B1_ENHANCED (last=2026-05-22, total=162)
  605117: B1_FORMULA, B1_ENHANCED (last=2026-05-21, total=162)
  688418: B1_FORMULA, B1_ENHANCED (last=2026-05-22, total=161)
  688231: BRICK_ULTRA, B1_ENHANCED (last=2026-05-22, total=159)
  688227: B1_FORMULA, B1_ENHANCED (last=2026-05-22, total=157)
  002596: B1_FORMULA, B1_ENHANCED (last=2026-05-22, total=156)
  300856: B1_FORMULA, B1_ENHANCED (last=2026-05-22, total=155)
  301001: B1_FORMULA, B1_ENHANCED (last=2026-05-22, total=155)
  688722: B1_FORMULA, B1_ENHANCED (last=2026-05-21, total=155)
  688221: B1_FORMULA, B1_ENHANCED (last=2026-05-22, total=151)
  603007: B1_FORMULA, B1_ENHANCED (last=2026-05-22, total=150)
  688558: B1_FORMULA, B1_ENHANCED (last=2026-05-22, total=150)
  688450: B1_FORMULA, BRICK_ULTRA, B1_ENHANCED (last=2026-05-21, total=150)
  301512: B1_FORMULA, BRICK_ULTRA, B1_ENHANCED (last=2026-05-21, total=149)
  001368: B1_FORMULA, B1_ENHANCED (last=2026-05-22, total=148)
  301148: B1_FORMULA, B1_ENHANCED (last=2026-05-22, total=147)
  301251: BRICK_ULTRA, B1_ENHANCED (last=2026-05-22, total=147)
  301115: BRICK_ULTRA, B1_ENHANCED (last=2026-05-22, total=145)
  301259: B1_FORMULA, B1_ENHANCED (last=2026-05-22, total=143)
  605189: B1_FORMULA, B1_ENHANCED (last=2026-05-22, total=143)
  300834: B1_FORMULA, B1_ENHANCED (last=2026-05-22, total=142)
  300142: B1_FORMULA, B1_ENHANCED (last=2026-05-22, total=141)
  688167: B1_FORMULA, B1_ENHANCED (last=2026-05-22, total=137)
  301206: B1_FORMULA, B1_ENHANCED (last=2026-05-21, total=137)
  688433: BRICK_ULTRA, B1_ENHANCED (last=2026-05-22, total=137)
  301101: B1_FORMULA, B1_ENHANCED (last=2026-05-22, total=135)
  002240: B1_FORMULA, B1_ENHANCED (last=2026-05-22, total=133)
  688361: BRICK_ULTRA, B1_ENHANCED (last=2026-05-22, total=133)
  301203: B1_FORMULA, B1_ENHANCED (last=2026-05-22, total=132)
  001359: B1_FORMULA, BRICK_ULTRA, B1_ENHANCED (last=2026-05-21, total=132)
  301248: B1_FORMULA, B1_ENHANCED (last=2026-05-22, total=131)
  301286: B1_FORMULA, B1_ENHANCED (last=2026-05-22, total=131)
  603137: B1_FORMULA, B1_ENHANCED (last=2026-05-21, total=130)
  688531: BRICK_ULTRA, B1_ENHANCED (last=2026-05-22, total=130)
  001373: BRICK_ULTRA, B1_ENHANCED (last=2026-05-22, total=128)
  688507: BRICK_ULTRA, B1_ENHANCED (last=2026-05-22, total=127)
  688576: BRICK_ULTRA, B1_ENHANCED (last=2026-05-22, total=125)
  001300: B1_FORMULA, B1_ENHANCED (last=2026-05-22, total=122)
  301113: B1_FORMULA, B1_ENHANCED (last=2026-05-22, total=122)
  688523: B1_FORMULA, B1_ENHANCED (last=2026-05-22, total=122)
  301528: B1_FORMULA, B1_ENHANCED (last=2026-05-22, total=114)
  603373: BRICK_ULTRA, B1_ENHANCED (last=2026-05-21, total=109)
  688261: B1_FORMULA, B1_ENHANCED (last=2026-05-22, total=108)
  301197: B1_FORMULA, B1_ENHANCED (last=2026-05-22, total=106)
  603275: B1_FORMULA, B1_ENHANCED (last=2026-05-22, total=106)
  688148: B1_FORMULA, B1_ENHANCED (last=2026-05-22, total=106)
  301363: B1_FORMULA, B1_ENHANCED (last=2026-05-22, total=105)
  001389: BRICK_ULTRA, B1_ENHANCED (last=2026-05-22, total=104)
  301591: BRICK_ULTRA, B1_ENHANCED (last=2026-05-22, total=104)
  301499: B1_FORMULA, B1_ENHANCED (last=2026-05-21, total=100)
  688426: B1_FORMULA, B1_ENHANCED (last=2026-05-22, total=99)
  301517: B1_FORMULA, B1_ENHANCED (last=2026-05-22, total=97)
  688503: B1_FORMULA, B1_ENHANCED (last=2026-05-22, total=97)
  603375: BRICK_ULTRA, B1_ENHANCED (last=2026-05-22, total=97)
  688691: BRICK_ULTRA, B1_ENHANCED (last=2026-05-22, total=97)
  601033: B1_FORMULA, B1_ENHANCED (last=2026-05-22, total=95)
  301152: B1_FORMULA, B1_ENHANCED (last=2026-05-22, total=80)
  301500: B1_FORMULA, B1_ENHANCED (last=2026-05-22, total=80)
  603072: B1_FORMULA, BRICK_ULTRA, B1_ENHANCED (last=2026-05-21, total=79)
  301626: BRICK_ULTRA, B1_ENHANCED (last=2026-05-22, total=78)
  688472: B1_FORMULA, B1_ENHANCED (last=2026-05-22, total=74)
  603409: B1_FORMULA, BRICK_ULTRA, B1_ENHANCED (last=2026-05-21, total=74)
  688141: B1_FORMULA, B1_ENHANCED (last=2026-05-22, total=72)
  301607: BRICK_ULTRA, B1_ENHANCED (last=2026-05-22, total=72)
  301516: B1_FORMULA, B1_ENHANCED (last=2026-05-22, total=66)
  688583: BRICK_ULTRA, B1_ENHANCED (last=2026-05-22, total=66)
  688152: B1_FORMULA, B1_ENHANCED (last=2026-05-22, total=61)
  688726: BRICK_ULTRA, B1_ENHANCED (last=2026-05-22, total=60)
  301458: BRICK_ULTRA, B1_ENHANCED (last=2026-05-22, total=52)
  301536: B1_FORMULA, B1_ENHANCED (last=2026-05-22, total=51)
  603257: B1_FORMULA, B1_ENHANCED (last=2026-05-22, total=48)
  301560: B1_FORMULA, B1_ENHANCED (last=2026-05-22, total=27)
  688775: B1_FORMULA, B1_ENHANCED (last=2026-05-22, total=24)
  001356: B1_FORMULA, B1_ENHANCED (last=2026-05-21, total=14)

Saved: /Users/qiushixuan/cc/quantan trade/reports/friday_screen_2026-05-22.json
Saved: /Users/qiushixuan/cc/quantan trade/reports/friday_picks_2026-05-22.csv

============================================================
  AlphaPulse-A 收盘后任务 — 2026-05-24
============================================================

==================================================
[15:30:06] Step 1/2: 数据增量更新
==================================================

==================================================
[16:09:02] Step 2/2: 全量选股
==================================================

[16:23:17] 收盘任务全部完成
